STRUCTURE[;],STRUCTURE_ID,ACTION,COUNTRY,INDICATOR,PRICE_TYPE,S_ADJUSTMENT,TYPE_OF_TRANSFORMATION,FREQUENCY,TIME_PERIOD,OBS_VALUE,SCALE,PRECISION,DECIMALS_DISPLAYED,NA_STO,ACTIVITY,SECTOR,ACCOUNTS,INDEX_TYPE,PRICES,VINDEX_TYPE,TRANSFORMATION,UNIT,DERIVATION_TYPE,OVERLAP,IFS_FLAG,REFERENCE_PERIOD_REPORTED,COMPUTATIONAL_NOTE,CONFIDENTIALITY_STATUS
dataflow,IMF.STA:QNEA(7.0.0),R,ALB,B1GQ,Q,SA,XDC,Q,1996-Q1,159530227249.32,0,,,,,,,,,L,,,O,OL,true,2010,,F
dataflow,IMF.STA:QNEA(7.0.0),R,ALB,B1GQ,Q,SA,XDC,Q,1996-Q2,160215629445.24,0,,,,,,,,,L,,,O,OL,true,2010,,F
dataflow,IMF.STA:QNEA(7.0.0),R,ALB,B1GQ,Q,SA,XDC,Q,1996-Q3,161127851446.53,0,,,,,,,,,L,,,O,OL,true,2010,,F
dataflow,IMF.STA:QNEA(7.0.0),R,ALB,B1GQ,Q,SA,XDC,Q,1996-Q4,160901824772.45,0,,,,,,,,,L,,,O,OL,true,2010,,F
dataflow,IMF.STA:QNEA(7.0.0),R,ALB,B1GQ,Q,SA,XDC,Q,1997-Q1,137776370060.22,0,,,,,,,,,L,,,O,OL,true,2010,,F
dataflow,IMF.STA:QNEA(7.0.0),R,ALB,B1GQ,Q,SA,XDC,Q,1997-Q2,139760067910.36,0,,,,,,,,,L,,,O,OL,true,2010,,F
dataflow,IMF.STA:QNEA(7.0.0),R,ALB,B1GQ,Q,SA,XDC,Q,1997-Q3,141613702339.99,0,,,,,,,,,L,,,O,OL,true,2010,,F
dataflow,IMF.STA:QNEA(7.0.0),R,ALB,B1GQ,Q,SA,XDC,Q,1997-Q4,146182904182.17,0,,,,,,,,,L,,,O,OL,true,2010,,F
dataflow,IMF.STA:QNEA(7.0.0),R,ALB,B1GQ,Q,SA,XDC,Q,1998-Q1,145857955379.93,0,,,,,,,,,L,,,O,OL,true,2010,,F
dataflow,IMF.STA:QNEA(7.0.0),R,ALB,B1GQ,Q,SA,XDC,Q,1998-Q2,152547668104.71,0,,,,,,,,,L,,,O,OL,true,2010,,F
dataflow,IMF.STA:QNEA(7.0.0),R,ALB,B1GQ,Q,SA,XDC,Q,1998-Q3,157873307214.75,0,,,,,,,,,L,,,O,OL,true,2010,,F
dataflow,IMF.STA:QNEA(7.0.0),R,ALB,B1GQ,Q,SA,XDC,Q,1998-Q4,163542267266.68,0,,,,,,,,,L,,,O,OL,true,2010,,F
dataflow,IMF.STA:QNEA(7.0.0),R,ALB,B1GQ,Q,SA,XDC,Q,1999-Q1,168802514773.17,0,,,,,,,,,L,,,O,OL,true,2010,,F
dataflow,IMF.STA:QNEA(7.0.0),R,ALB,B1GQ,Q,SA,XDC,Q,1999-Q2,172029940182.8,0,,,,,,,,,L,,,O,OL,true,2010,,F
dataflow,IMF.STA:QNEA(7.0.0),R,ALB,B1GQ,Q,SA,XDC,Q,1999-Q3,175600514953.21,0,,,,,,,,,L,,,O,OL,true,2010,,F
dataflow,IMF.STA:QNEA(7.0.0),R,ALB,B1GQ,Q,SA,XDC,Q,1999-Q4,177078976684.21,0,,,,,,,,,L,,,O,OL,true,2010,,F
dataflow,IMF.STA:QNEA(7.0.0),R,ALB,B1GQ,Q,SA,XDC,Q,2000-Q1,181980008700.84,0,,,,,,,,,L,,,O,OL,true,2010,,F
dataflow,IMF.STA:QNEA(7.0.0),R,ALB,B1GQ,Q,SA,XDC,Q,2000-Q2,184079086321.28,0,,,,,,,,,L,,,O,OL,true,2010,,F
dataflow,IMF.STA:QNEA(7.0.0),R,ALB,B1GQ,Q,SA,XDC,Q,2000-Q3,188192297922.19,0,,,,,,,,,L,,,O,OL,true,2010,,F
dataflow,IMF.STA:QNEA(7.0.0),R,ALB,B1GQ,Q,SA,XDC,Q,2000-Q4,193494534987.23,0,,,,,,,,,L,,,O,OL,true,2010,,F
dataflow,IMF.STA:QNEA(7.0.0),R,ALB,B1GQ,Q,SA,XDC,Q,2001-Q1,198398378593.77,0,,,,,,,,,L,,,O,OL,true,2010,,F
dataflow,IMF.STA:QNEA(7.0.0),R,ALB,B1GQ,Q,SA,XDC,Q,2001-Q2,203202373988.18,0,,,,,,,,,L,,,O,OL,true,2010,,F
dataflow,IMF.STA:QNEA(7.0.0),R,ALB,B1GQ,Q,SA,XDC,Q,2001-Q3,206527247864.91,0,,,,,,,,,L,,,O,OL,true,2010,,F
dataflow,IMF.STA:QNEA(7.0.0),R,ALB,B1GQ,Q,SA,XDC,Q,2001-Q4,207094284757.68,0,,,,,,,,,L,,,O,OL,true,2010,,F
dataflow,IMF.STA:QNEA(7.0.0),R,ALB,B1GQ,Q,SA,XDC,Q,2002-Q1,209209064425.26,0,,,,,,,,,L,,,O,OL,true,2010,,F
dataflow,IMF.STA:QNEA(7.0.0),R,ALB,B1GQ,Q,SA,XDC,Q,2002-Q2,210250438539.49,0,,,,,,,,,L,,,O,OL,true,2010,,F
dataflow,IMF.STA:QNEA(7.0.0),R,ALB,B1GQ,Q,SA,XDC,Q,2002-Q3,211819222674.21,0,,,,,,,,,L,,,O,OL,true,2010,,F
dataflow,IMF.STA:QNEA(7.0.0),R,ALB,B1GQ,Q,SA,XDC,Q,2002-Q4,217824557399.23,0,,,,,,,,,L,,,O,OL,true,2010,,F
dataflow,IMF.STA:QNEA(7.0.0),R,ALB,B1GQ,Q,SA,XDC,Q,2003-Q1,219571683635.72,0,,,,,,,,,L,,,O,OL,true,2010,,F
dataflow,IMF.STA:QNEA(7.0.0),R,ALB,B1GQ,Q,SA,XDC,Q,2003-Q2,222055521663.09,0,,,,,,,,,L,,,O,OL,true,2010,,F
dataflow,IMF.STA:QNEA(7.0.0),R,ALB,B1GQ,Q,SA,XDC,Q,2003-Q3,226228416279.94,0,,,,,,,,,L,,,O,OL,true,2010,,F
dataflow,IMF.STA:QNEA(7.0.0),R,ALB,B1GQ,Q,SA,XDC,Q,2003-Q4,225437302268.21,0,,,,,,,,,L,,,O,OL,true,2010,,F
dataflow,IMF.STA:QNEA(7.0.0),R,ALB,B1GQ,Q,SA,XDC,Q,2004-Q1,230112857203.73,0,,,,,,,,,L,,,O,OL,true,2010,,F
dataflow,IMF.STA:QNEA(7.0.0),R,ALB,B1GQ,Q,SA,XDC,Q,2004-Q2,232709223504.16,0,,,,,,,,,L,,,O,OL,true,2010,,F
dataflow,IMF.STA:QNEA(7.0.0),R,ALB,B1GQ,Q,SA,XDC,Q,2004-Q3,235490128082.19,0,,,,,,,,,L,,,O,OL,true,2010,,F
dataflow,IMF.STA:QNEA(7.0.0),R,ALB,B1GQ,Q,SA,XDC,Q,2004-Q4,241955294727.64,0,,,,,,,,,L,,,O,OL,true,2010,,F
dataflow,IMF.STA:QNEA(7.0.0),R,ALB,B1GQ,Q,SA,XDC,Q,2005-Q1,240708395193.16,0,,,,,,,,,L,,,O,OL,true,2010,,F
dataflow,IMF.STA:QNEA(7.0.0),R,ALB,B1GQ,Q,SA,XDC,Q,2005-Q2,248108209547.36,0,,,,,,,,,L,,,O,OL,true,2010,,F
dataflow,IMF.STA:QNEA(7.0.0),R,ALB,B1GQ,Q,SA,XDC,Q,2005-Q3,249943308136.69,0,,,,,,,,,L,,,O,OL,true,2010,,F
dataflow,IMF.STA:QNEA(7.0.0),R,ALB,B1GQ,Q,SA,XDC,Q,2005-Q4,249317090277,0,,,,,,,,,L,,,O,OL,true,2010,,F
dataflow,IMF.STA:QNEA(7.0.0),R,ALB,B1GQ,Q,SA,XDC,Q,2006-Q1,257388691623.17,0,,,,,,,,,L,,,O,OL,true,2010,,F
dataflow,IMF.STA:QNEA(7.0.0),R,ALB,B1GQ,Q,SA,XDC,Q,2006-Q2,258893508228.87,0,,,,,,,,,L,,,O,OL,true,2010,,F
dataflow,IMF.STA:QNEA(7.0.0),R,ALB,B1GQ,Q,SA,XDC,Q,2006-Q3,263596282067.69,0,,,,,,,,,L,,,O,OL,true,2010,,F
dataflow,IMF.STA:QNEA(7.0.0),R,ALB,B1GQ,Q,SA,XDC,Q,2006-Q4,268075863395.46,0,,,,,,,,,L,,,O,OL,true,2010,,F
dataflow,IMF.STA:QNEA(7.0.0),R,ALB,B1GQ,Q,SA,XDC,Q,2007-Q1,271849758025.67,0,,,,,,,,,L,,,O,OL,true,2010,,F
dataflow,IMF.STA:QNEA(7.0.0),R,ALB,B1GQ,Q,SA,XDC,Q,2007-Q2,275475039489.99,0,,,,,,,,,L,,,O,OL,true,2010,,F
dataflow,IMF.STA:QNEA(7.0.0),R,ALB,B1GQ,Q,SA,XDC,Q,2007-Q3,280241576850.52,0,,,,,,,,,L,,,O,OL,true,2010,,F
dataflow,IMF.STA:QNEA(7.0.0),R,ALB,B1GQ,Q,SA,XDC,Q,2007-Q4,293412396119.23,0,,,,,,,,,L,,,O,OL,true,2010,,F
dataflow,IMF.STA:QNEA(7.0.0),R,ALB,B1GQ,Q,SA,XDC,Q,2008-Q1,294591361847.15,0,,,,,,,,,L,,,O,OL,true,2010,,F
dataflow,IMF.STA:QNEA(7.0.0),R,ALB,B1GQ,Q,SA,XDC,Q,2008-Q2,297464972203.96,0,,,,,,,,,L,,,O,OL,true,2010,,F
dataflow,IMF.STA:QNEA(7.0.0),R,ALB,B1GQ,Q,SA,XDC,Q,2008-Q3,307463940869.74,0,,,,,,,,,L,,,O,OL,true,2010,,F
dataflow,IMF.STA:QNEA(7.0.0),R,ALB,B1GQ,Q,SA,XDC,Q,2008-Q4,305911388194.22,0,,,,,,,,,L,,,O,OL,true,2010,,F
dataflow,IMF.STA:QNEA(7.0.0),R,ALB,B1GQ,Q,SA,XDC,Q,2009-Q1,309389114202.53,0,,,,,,,,,L,,,O,OL,true,2010,,F
dataflow,IMF.STA:QNEA(7.0.0),R,ALB,B1GQ,Q,SA,XDC,Q,2009-Q2,311844186946.49,0,,,,,,,,,L,,,O,OL,true,2010,,F
dataflow,IMF.STA:QNEA(7.0.0),R,ALB,B1GQ,Q,SA,XDC,Q,2009-Q3,307457560272.25,0,,,,,,,,,L,,,O,OL,true,2010,,F
dataflow,IMF.STA:QNEA(7.0.0),R,ALB,B1GQ,Q,SA,XDC,Q,2009-Q4,307499887726.49,0,,,,,,,,,L,,,O,OL,true,2010,,F
dataflow,IMF.STA:QNEA(7.0.0),R,ALB,B1GQ,Q,SA,XDC,Q,2010-Q1,312577647094.93,0,,,,,,,,,L,,,O,OL,true,2010,,F
dataflow,IMF.STA:QNEA(7.0.0),R,ALB,B1GQ,Q,SA,XDC,Q,2010-Q2,317684037858.39,0,,,,,,,,,L,,,O,OL,true,2010,,F
dataflow,IMF.STA:QNEA(7.0.0),R,ALB,B1GQ,Q,SA,XDC,Q,2010-Q3,317690018027.3,0,,,,,,,,,L,,,O,OL,true,2010,,F
dataflow,IMF.STA:QNEA(7.0.0),R,ALB,B1GQ,Q,SA,XDC,Q,2010-Q4,316361772214.38,0,,,,,,,,,L,,,O,OL,true,2010,,F
dataflow,IMF.STA:QNEA(7.0.0),R,ALB,B1GQ,Q,SA,XDC,Q,2011-Q1,333581533114.38,0,,,,,,,,,L,,,O,OL,true,2010,,F
dataflow,IMF.STA:QNEA(7.0.0),R,ALB,B1GQ,Q,SA,XDC,Q,2011-Q2,317353360705.33,0,,,,,,,,,L,,,O,OL,true,2010,,F
dataflow,IMF.STA:QNEA(7.0.0),R,ALB,B1GQ,Q,SA,XDC,Q,2011-Q3,322659437503.56,0,,,,,,,,,L,,,O,OL,true,2010,,F
dataflow,IMF.STA:QNEA(7.0.0),R,ALB,B1GQ,Q,SA,XDC,Q,2011-Q4,328636348803.64,0,,,,,,,,,L,,,O,OL,true,2010,,F
dataflow,IMF.STA:QNEA(7.0.0),R,ALB,B1GQ,Q,SA,XDC,Q,2012-Q1,328023833881.65,0,,,,,,,,,L,,,O,OL,true,2010,,F
dataflow,IMF.STA:QNEA(7.0.0),R,ALB,B1GQ,Q,SA,XDC,Q,2012-Q2,327011477557.12,0,,,,,,,,,L,,,O,OL,true,2010,,F
dataflow,IMF.STA:QNEA(7.0.0),R,ALB,B1GQ,Q,SA,XDC,Q,2012-Q3,328640531039.34,0,,,,,,,,,L,,,O,OL,true,2010,,F
dataflow,IMF.STA:QNEA(7.0.0),R,ALB,B1GQ,Q,SA,XDC,Q,2012-Q4,329680339809.8,0,,,,,,,,,L,,,O,OL,true,2010,,F
dataflow,IMF.STA:QNEA(7.0.0),R,ALB,B1GQ,Q,SA,XDC,Q,2013-Q1,333974313684.11,0,,,,,,,,,L,,,O,OL,true,2010,,F
dataflow,IMF.STA:QNEA(7.0.0),R,ALB,B1GQ,Q,SA,XDC,Q,2013-Q2,338108191787.07,0,,,,,,,,,L,,,O,OL,true,2010,,F
dataflow,IMF.STA:QNEA(7.0.0),R,ALB,B1GQ,Q,SA,XDC,Q,2013-Q3,319356017536.4,0,,,,,,,,,L,,,O,OL,true,2010,,F
dataflow,IMF.STA:QNEA(7.0.0),R,ALB,B1GQ,Q,SA,XDC,Q,2013-Q4,337768597892.2,0,,,,,,,,,L,,,O,OL,true,2010,,F
dataflow,IMF.STA:QNEA(7.0.0),R,ALB,B1GQ,Q,SA,XDC,Q,2014-Q1,337630696096.4,0,,,,,,,,,L,,,O,OL,true,2010,,F
dataflow,IMF.STA:QNEA(7.0.0),R,ALB,B1GQ,Q,SA,XDC,Q,2014-Q2,339125294632.96,0,,,,,,,,,L,,,O,OL,true,2010,,F
dataflow,IMF.STA:QNEA(7.0.0),R,ALB,B1GQ,Q,SA,XDC,Q,2014-Q3,337933735378.99,0,,,,,,,,,L,,,O,OL,true,2010,,F
dataflow,IMF.STA:QNEA(7.0.0),R,ALB,B1GQ,Q,SA,XDC,Q,2014-Q4,340146505963.18,0,,,,,,,,,L,,,O,OL,true,2010,,F
dataflow,IMF.STA:QNEA(7.0.0),R,ALB,B1GQ,Q,SA,XDC,Q,2015-Q1,342392594219.99,0,,,,,,,,,L,,,O,OL,true,2010,,F
dataflow,IMF.STA:QNEA(7.0.0),R,ALB,B1GQ,Q,SA,XDC,Q,2015-Q2,343765265318.8,0,,,,,,,,,L,,,O,OL,true,2010,,F
dataflow,IMF.STA:QNEA(7.0.0),R,ALB,B1GQ,Q,SA,XDC,Q,2015-Q3,349443802229.5,0,,,,,,,,,L,,,O,OL,true,2010,,F
dataflow,IMF.STA:QNEA(7.0.0),R,ALB,B1GQ,Q,SA,XDC,Q,2015-Q4,353919221056.26,0,,,,,,,,,L,,,O,OL,true,2010,,F
dataflow,IMF.STA:QNEA(7.0.0),R,ALB,B1GQ,Q,SA,XDC,Q,2016-Q1,357470367276.28,0,,,,,,,,,L,,,O,OL,true,2010,,F
dataflow,IMF.STA:QNEA(7.0.0),R,ALB,B1GQ,Q,SA,XDC,Q,2016-Q2,360714013573.44,0,,,,,,,,,L,,,O,OL,true,2010,,F
dataflow,IMF.STA:QNEA(7.0.0),R,ALB,B1GQ,Q,SA,XDC,Q,2016-Q3,365835671791.24,0,,,,,,,,,L,,,O,OL,true,2010,,F
dataflow,IMF.STA:QNEA(7.0.0),R,ALB,B1GQ,Q,SA,XDC,Q,2016-Q4,368629226225.05,0,,,,,,,,,L,,,O,OL,true,2010,,F
dataflow,IMF.STA:QNEA(7.0.0),R,ALB,B1GQ,Q,SA,XDC,Q,2017-Q1,368778295835.54,0,,,,,,,,,L,,,O,OL,true,2010,,F
dataflow,IMF.STA:QNEA(7.0.0),R,ALB,B1GQ,Q,SA,XDC,Q,2017-Q2,371268802929.66,0,,,,,,,,,L,,,O,OL,true,2010,,F
dataflow,IMF.STA:QNEA(7.0.0),R,ALB,B1GQ,Q,SA,XDC,Q,2017-Q3,370671425405.73,0,,,,,,,,,L,,,O,OL,true,2010,,F
dataflow,IMF.STA:QNEA(7.0.0),R,ALB,B1GQ,Q,SA,XDC,Q,2017-Q4,377632375950.41,0,,,,,,,,,L,,,O,OL,true,2010,,F
dataflow,IMF.STA:QNEA(7.0.0),R,ALB,B1GQ,Q,SA,XDC,Q,2018-Q1,382800417624.78,0,,,,,,,,,L,,,O,OL,true,2010,,F
dataflow,IMF.STA:QNEA(7.0.0),R,ALB,B1GQ,Q,SA,XDC,Q,2018-Q2,386512309337.2,0,,,,,,,,,L,,,O,OL,true,2010,,F
dataflow,IMF.STA:QNEA(7.0.0),R,ALB,B1GQ,Q,SA,XDC,Q,2018-Q3,388975694026.41,0,,,,,,,,,L,,,O,OL,true,2010,,F
dataflow,IMF.STA:QNEA(7.0.0),R,ALB,B1GQ,Q,SA,XDC,Q,2018-Q4,384532818433.22,0,,,,,,,,,L,,,O,OL,true,2010,,F
dataflow,IMF.STA:QNEA(7.0.0),R,ALB,B1GQ,Q,SA,XDC,Q,2019-Q1,393091098756.65,0,,,,,,,,,L,,,O,OL,true,2010,,F
dataflow,IMF.STA:QNEA(7.0.0),R,ALB,B1GQ,Q,SA,XDC,Q,2019-Q2,393322927461.16,0,,,,,,,,,L,,,O,OL,true,2010,,F
dataflow,IMF.STA:QNEA(7.0.0),R,ALB,B1GQ,Q,SA,XDC,Q,2019-Q3,398728050850.69,0,,,,,,,,,L,,,O,OL,true,2010,,F
dataflow,IMF.STA:QNEA(7.0.0),R,ALB,B1GQ,Q,SA,XDC,Q,2019-Q4,385168478676.29,0,,,,,,,,,L,,,O,OL,true,2010,,F
dataflow,IMF.STA:QNEA(7.0.0),R,ALB,B1GQ,Q,SA,XDC,Q,2020-Q1,382419758233.93,0,,,,,,,,,L,,,O,OL,true,2010,,F
dataflow,IMF.STA:QNEA(7.0.0),R,ALB,B1GQ,Q,SA,XDC,Q,2020-Q2,358176010175.52,0,,,,,,,,,L,,,O,OL,true,2010,,F
dataflow,IMF.STA:QNEA(7.0.0),R,ALB,B1GQ,Q,SA,XDC,Q,2020-Q3,391317941740.94,0,,,,,,,,,L,,,O,OL,true,2010,,F
dataflow,IMF.STA:QNEA(7.0.0),R,ALB,B1GQ,Q,SA,XDC,Q,2020-Q4,399317201074.44,0,,,,,,,,,L,,,O,OL,true,2010,,F
dataflow,IMF.STA:QNEA(7.0.0),R,ALB,B1GQ,Q,SA,XDC,Q,2021-Q1,406925691298.73,0,,,,,,,,,L,,,O,OL,true,2010,,F
dataflow,IMF.STA:QNEA(7.0.0),R,ALB,B1GQ,Q,SA,XDC,Q,2021-Q2,417276612465.43,0,,,,,,,,,L,,,O,OL,true,2010,,F
dataflow,IMF.STA:QNEA(7.0.0),R,ALB,B1GQ,Q,SA,XDC,Q,2021-Q3,416362041286.42,0,,,,,,,,,L,,,O,OL,true,2010,,F
dataflow,IMF.STA:QNEA(7.0.0),R,ALB,B1GQ,Q,SA,XDC,Q,2021-Q4,424129348986.95,0,,,,,,,,,L,,,O,OL,true,2010,,F
dataflow,IMF.STA:QNEA(7.0.0),R,ALB,B1GQ,Q,SA,XDC,Q,2022-Q1,430447352629.77,0,,,,,,,,,L,,,O,OL,true,2010,,F
dataflow,IMF.STA:QNEA(7.0.0),R,ALB,B1GQ,Q,SA,XDC,Q,2022-Q2,429897284713.56,0,,,,,,,,,L,,,O,OL,true,2010,,F
dataflow,IMF.STA:QNEA(7.0.0),R,ALB,B1GQ,Q,SA,XDC,Q,2022-Q3,437630017368.86,0,,,,,,,,,L,,,O,OL,true,2010,,F
dataflow,IMF.STA:QNEA(7.0.0),R,ALB,B1GQ,Q,SA,XDC,Q,2022-Q4,442012321621.1,0,,,,,,,,,L,,,O,OL,true,2010,,F
dataflow,IMF.STA:QNEA(7.0.0),R,ALB,B1GQ,Q,SA,XDC,Q,2023-Q1,445019983227.79,0,,,,,,,,,L,,,O,OL,true,2010,,F
dataflow,IMF.STA:QNEA(7.0.0),R,ALB,B1GQ,Q,SA,XDC,Q,2023-Q2,450345094574.56,0,,,,,,,,,L,,,O,OL,true,2010,,F
dataflow,IMF.STA:QNEA(7.0.0),R,ALB,B1GQ,Q,SA,XDC,Q,2023-Q3,455592806058.78,0,,,,,,,,,L,,,O,OL,true,2010,,F
dataflow,IMF.STA:QNEA(7.0.0),R,ALB,B1GQ,Q,SA,XDC,Q,2023-Q4,458443319627.53,0,,,,,,,,,L,,,O,OL,true,2010,,F
dataflow,IMF.STA:QNEA(7.0.0),R,ALB,B1GQ,Q,SA,XDC,Q,2024-Q1,463377900603.38,0,,,,,,,,,L,,,O,OL,true,2010,,F
dataflow,IMF.STA:QNEA(7.0.0),R,ALB,B1GQ,Q,SA,XDC,Q,2024-Q2,468148074035.76,0,,,,,,,,,L,,,O,OL,true,2010,,F
dataflow,IMF.STA:QNEA(7.0.0),R,ALB,B1GQ,Q,SA,XDC,Q,2024-Q3,474699952566.32,0,,,,,,,,,L,,,O,OL,true,2010,,F
dataflow,IMF.STA:QNEA(7.0.0),R,ALB,B1GQ,Q,SA,XDC,Q,2024-Q4,476058930085.5,0,,,,,,,,,L,,,O,OL,true,2010,,F
dataflow,IMF.STA:QNEA(7.0.0),R,ALB,B1GQ,Q,SA,XDC,Q,2025-Q1,481140519267.81,0,,,,,,,,,L,,,O,OL,true,2010,,F
dataflow,IMF.STA:QNEA(7.0.0),R,ALB,B1GQ,Q,SA,XDC,Q,2025-Q2,485221926852.82,0,,,,,,,,,L,,,O,OL,true,2010,,F
dataflow,IMF.STA:QNEA(7.0.0),R,ALB,B1GQ,Q,SA,XDC,Q,2025-Q3,490174696037.97,0,,,,,,,,,L,,,O,OL,true,2010,,F
dataflow,IMF.STA:QNEA(7.0.0),R,ALB,B1GQ,Q,SA,XDC,Q,2025-Q4,495062706704.74,0,,,,,,,,,L,,,O,OL,true,2010,,F
dataflow,IMF.STA:QNEA(7.0.0),R,ALB,B1GQ,Q,SA,XDC,Q,2026-Q1,498850272377.34,0,,,,,,,,,L,,,O,OL,true,2010,,F
dataflow,IMF.STA:QNEA(7.0.0),R,ARG,B1GQ,Q,SA,XDC,Q,2004-Q1,118884900000,0,,,,,,,,,FB,,,O,OL,true,2004,,F
dataflow,IMF.STA:QNEA(7.0.0),R,ARG,B1GQ,Q,SA,XDC,Q,2004-Q2,117588500000,0,,,,,,,,,FB,,,O,OL,true,2004,,F
dataflow,IMF.STA:QNEA(7.0.0),R,ARG,B1GQ,Q,SA,XDC,Q,2004-Q3,123449300000,0,,,,,,,,,FB,,,O,OL,true,2004,,F
dataflow,IMF.STA:QNEA(7.0.0),R,ARG,B1GQ,Q,SA,XDC,Q,2004-Q4,125192500000,0,,,,,,,,,FB,,,O,OL,true,2004,,F
dataflow,IMF.STA:QNEA(7.0.0),R,ARG,B1GQ,Q,SA,XDC,Q,2005-Q1,128821500000,0,,,,,,,,,FB,,,O,OL,true,2004,,F
dataflow,IMF.STA:QNEA(7.0.0),R,ARG,B1GQ,Q,SA,XDC,Q,2005-Q2,131648000000,0,,,,,,,,,FB,,,O,OL,true,2004,,F
dataflow,IMF.STA:QNEA(7.0.0),R,ARG,B1GQ,Q,SA,XDC,Q,2005-Q3,132506200000,0,,,,,,,,,FB,,,O,OL,true,2004,,F
dataflow,IMF.STA:QNEA(7.0.0),R,ARG,B1GQ,Q,SA,XDC,Q,2005-Q4,135080300000,0,,,,,,,,,FB,,,O,OL,true,2004,,F
dataflow,IMF.STA:QNEA(7.0.0),R,ARG,B1GQ,Q,SA,XDC,Q,2006-Q1,138617000000,0,,,,,,,,,FB,,,O,OL,true,2004,,F
dataflow,IMF.STA:QNEA(7.0.0),R,ARG,B1GQ,Q,SA,XDC,Q,2006-Q2,140358700000,0,,,,,,,,,FB,,,O,OL,true,2004,,F
dataflow,IMF.STA:QNEA(7.0.0),R,ARG,B1GQ,Q,SA,XDC,Q,2006-Q3,144203900000,0,,,,,,,,,FB,,,O,OL,true,2004,,F
dataflow,IMF.STA:QNEA(7.0.0),R,ARG,B1GQ,Q,SA,XDC,Q,2006-Q4,147369800000,0,,,,,,,,,FB,,,O,OL,true,2004,,F
dataflow,IMF.STA:QNEA(7.0.0),R,ARG,B1GQ,Q,SA,XDC,Q,2007-Q1,150854100000,0,,,,,,,,,FB,,,O,OL,true,2004,,F
dataflow,IMF.STA:QNEA(7.0.0),R,ARG,B1GQ,Q,SA,XDC,Q,2007-Q2,154074800000,0,,,,,,,,,FB,,,O,OL,true,2004,,F
dataflow,IMF.STA:QNEA(7.0.0),R,ARG,B1GQ,Q,SA,XDC,Q,2007-Q3,156088100000,0,,,,,,,,,FB,,,O,OL,true,2004,,F
dataflow,IMF.STA:QNEA(7.0.0),R,ARG,B1GQ,Q,SA,XDC,Q,2007-Q4,160925400000,0,,,,,,,,,FB,,,O,OL,true,2004,,F
dataflow,IMF.STA:QNEA(7.0.0),R,ARG,B1GQ,Q,SA,XDC,Q,2008-Q1,162515700000,0,,,,,,,,,FB,,,O,OL,true,2004,,F
dataflow,IMF.STA:QNEA(7.0.0),R,ARG,B1GQ,Q,SA,XDC,Q,2008-Q2,163317400000,0,,,,,,,,,FB,,,O,OL,true,2004,,F
dataflow,IMF.STA:QNEA(7.0.0),R,ARG,B1GQ,Q,SA,XDC,Q,2008-Q3,164484200000,0,,,,,,,,,FB,,,O,OL,true,2004,,F
dataflow,IMF.STA:QNEA(7.0.0),R,ARG,B1GQ,Q,SA,XDC,Q,2008-Q4,156858800000,0,,,,,,,,,FB,,,O,OL,true,2004,,F
dataflow,IMF.STA:QNEA(7.0.0),R,ARG,B1GQ,Q,SA,XDC,Q,2009-Q1,151184900000,0,,,,,,,,,FB,,,O,OL,true,2004,,F
dataflow,IMF.STA:QNEA(7.0.0),R,ARG,B1GQ,Q,SA,XDC,Q,2009-Q2,147725600000,0,,,,,,,,,FB,,,O,OL,true,2004,,F
dataflow,IMF.STA:QNEA(7.0.0),R,ARG,B1GQ,Q,SA,XDC,Q,2009-Q3,153508900000,0,,,,,,,,,FB,,,O,OL,true,2004,,F
dataflow,IMF.STA:QNEA(7.0.0),R,ARG,B1GQ,Q,SA,XDC,Q,2009-Q4,156453500000,0,,,,,,,,,FB,,,O,OL,true,2004,,F
dataflow,IMF.STA:QNEA(7.0.0),R,ARG,B1GQ,Q,SA,XDC,Q,2010-Q1,161225500000,0,,,,,,,,,FB,,,O,OL,true,2004,,F
dataflow,IMF.STA:QNEA(7.0.0),R,ARG,B1GQ,Q,SA,XDC,Q,2010-Q2,168426100000,0,,,,,,,,,FB,,,O,OL,true,2004,,F
dataflow,IMF.STA:QNEA(7.0.0),R,ARG,B1GQ,Q,SA,XDC,Q,2010-Q3,169299000000,0,,,,,,,,,FB,,,O,OL,true,2004,,F
dataflow,IMF.STA:QNEA(7.0.0),R,ARG,B1GQ,Q,SA,XDC,Q,2010-Q4,171573100000,0,,,,,,,,,FB,,,O,OL,true,2004,,F
dataflow,IMF.STA:QNEA(7.0.0),R,ARG,B1GQ,Q,SA,XDC,Q,2011-Q1,175678800000,0,,,,,,,,,FB,,,O,OL,true,2004,,F
dataflow,IMF.STA:QNEA(7.0.0),R,ARG,B1GQ,Q,SA,XDC,Q,2011-Q2,177438000000,0,,,,,,,,,FB,,,O,OL,true,2004,,F
dataflow,IMF.STA:QNEA(7.0.0),R,ARG,B1GQ,Q,SA,XDC,Q,2011-Q3,178838100000,0,,,,,,,,,FB,,,O,OL,true,2004,,F
dataflow,IMF.STA:QNEA(7.0.0),R,ARG,B1GQ,Q,SA,XDC,Q,2011-Q4,178826600000,0,,,,,,,,,FB,,,O,OL,true,2004,,F
dataflow,IMF.STA:QNEA(7.0.0),R,ARG,B1GQ,Q,SA,XDC,Q,2012-Q1,176997100000,0,,,,,,,,,FB,,,O,OL,true,2004,,F
dataflow,IMF.STA:QNEA(7.0.0),R,ARG,B1GQ,Q,SA,XDC,Q,2012-Q2,170996400000,0,,,,,,,,,FB,,,O,OL,true,2004,,F
dataflow,IMF.STA:QNEA(7.0.0),R,ARG,B1GQ,Q,SA,XDC,Q,2012-Q3,176277500000,0,,,,,,,,,FB,,,O,OL,true,2004,,F
dataflow,IMF.STA:QNEA(7.0.0),R,ARG,B1GQ,Q,SA,XDC,Q,2012-Q4,179215100000,0,,,,,,,,,FB,,,O,OL,true,2004,,F
dataflow,IMF.STA:QNEA(7.0.0),R,ARG,B1GQ,Q,SA,XDC,Q,2013-Q1,179239700000,0,,,,,,,,,FB,,,O,OL,true,2004,,F
dataflow,IMF.STA:QNEA(7.0.0),R,ARG,B1GQ,Q,SA,XDC,Q,2013-Q2,180322600000,0,,,,,,,,,FB,,,O,OL,true,2004,,F
dataflow,IMF.STA:QNEA(7.0.0),R,ARG,B1GQ,Q,SA,XDC,Q,2013-Q3,181307200000,0,,,,,,,,,FB,,,O,OL,true,2004,,F
dataflow,IMF.STA:QNEA(7.0.0),R,ARG,B1GQ,Q,SA,XDC,Q,2013-Q4,179537600000,0,,,,,,,,,FB,,,O,OL,true,2004,,F
dataflow,IMF.STA:QNEA(7.0.0),R,ARG,B1GQ,Q,SA,XDC,Q,2014-Q1,176901200000,0,,,,,,,,,FB,,,O,OL,true,2004,,F
dataflow,IMF.STA:QNEA(7.0.0),R,ARG,B1GQ,Q,SA,XDC,Q,2014-Q2,175822100000,0,,,,,,,,,FB,,,O,OL,true,2004,,F
dataflow,IMF.STA:QNEA(7.0.0),R,ARG,B1GQ,Q,SA,XDC,Q,2014-Q3,174306600000,0,,,,,,,,,FB,,,O,OL,true,2004,,F
dataflow,IMF.STA:QNEA(7.0.0),R,ARG,B1GQ,Q,SA,XDC,Q,2014-Q4,175276200000,0,,,,,,,,,FB,,,O,OL,true,2004,,F
dataflow,IMF.STA:QNEA(7.0.0),R,ARG,B1GQ,Q,SA,XDC,Q,2015-Q1,177850400000,0,,,,,,,,,FB,,,O,OL,true,2004,,F
dataflow,IMF.STA:QNEA(7.0.0),R,ARG,B1GQ,Q,SA,XDC,Q,2015-Q2,181941900000,0,,,,,,,,,FB,,,O,OL,true,2004,,F
dataflow,IMF.STA:QNEA(7.0.0),R,ARG,B1GQ,Q,SA,XDC,Q,2015-Q3,181873600000,0,,,,,,,,,FB,,,O,OL,true,2004,,F
dataflow,IMF.STA:QNEA(7.0.0),R,ARG,B1GQ,Q,SA,XDC,Q,2015-Q4,179821300000,0,,,,,,,,,FB,,,O,OL,true,2004,,F
dataflow,IMF.STA:QNEA(7.0.0),R,ARG,B1GQ,Q,SA,XDC,Q,2016-Q1,178177700000,0,,,,,,,,,FB,,,O,OL,true,2004,,F
dataflow,IMF.STA:QNEA(7.0.0),R,ARG,B1GQ,Q,SA,XDC,Q,2016-Q2,175317000000,0,,,,,,,,,FB,,,O,OL,true,2004,,F
dataflow,IMF.STA:QNEA(7.0.0),R,ARG,B1GQ,Q,SA,XDC,Q,2016-Q3,175956300000,0,,,,,,,,,FB,,,O,OL,true,2004,,F
dataflow,IMF.STA:QNEA(7.0.0),R,ARG,B1GQ,Q,SA,XDC,Q,2016-Q4,177026900000,0,,,,,,,,,FB,,,O,OL,true,2004,,F
dataflow,IMF.STA:QNEA(7.0.0),R,ARG,B1GQ,Q,SA,XDC,Q,2017-Q1,178500200000,0,,,,,,,,,FB,,,O,OL,true,2004,,F
dataflow,IMF.STA:QNEA(7.0.0),R,ARG,B1GQ,Q,SA,XDC,Q,2017-Q2,180551700000,0,,,,,,,,,FB,,,O,OL,true,2004,,F
dataflow,IMF.STA:QNEA(7.0.0),R,ARG,B1GQ,Q,SA,XDC,Q,2017-Q3,182755700000,0,,,,,,,,,FB,,,O,OL,true,2004,,F
dataflow,IMF.STA:QNEA(7.0.0),R,ARG,B1GQ,Q,SA,XDC,Q,2017-Q4,184582400000,0,,,,,,,,,FB,,,O,OL,true,2004,,F
dataflow,IMF.STA:QNEA(7.0.0),R,ARG,B1GQ,Q,SA,XDC,Q,2018-Q1,183817300000,0,,,,,,,,,FB,,,O,OL,true,2004,,F
dataflow,IMF.STA:QNEA(7.0.0),R,ARG,B1GQ,Q,SA,XDC,Q,2018-Q2,175698500000,0,,,,,,,,,FB,,,O,OL,true,2004,,F
dataflow,IMF.STA:QNEA(7.0.0),R,ARG,B1GQ,Q,SA,XDC,Q,2018-Q3,175146300000,0,,,,,,,,,FB,,,O,OL,true,2004,,F
dataflow,IMF.STA:QNEA(7.0.0),R,ARG,B1GQ,Q,SA,XDC,Q,2018-Q4,172715300000,0,,,,,,,,,FB,,,O,OL,true,2004,,F
dataflow,IMF.STA:QNEA(7.0.0),R,ARG,B1GQ,Q,SA,XDC,Q,2019-Q1,172748100000,0,,,,,,,,,FB,,,O,OL,true,2004,,F
dataflow,IMF.STA:QNEA(7.0.0),R,ARG,B1GQ,Q,SA,XDC,Q,2019-Q2,174430400000,0,,,,,,,,,FB,,,O,OL,true,2004,,F
dataflow,IMF.STA:QNEA(7.0.0),R,ARG,B1GQ,Q,SA,XDC,Q,2019-Q3,174311400000,0,,,,,,,,,FB,,,O,OL,true,2004,,F
dataflow,IMF.STA:QNEA(7.0.0),R,ARG,B1GQ,Q,SA,XDC,Q,2019-Q4,171733900000,0,,,,,,,,,FB,,,O,OL,true,2004,,F
dataflow,IMF.STA:QNEA(7.0.0),R,ARG,B1GQ,Q,SA,XDC,Q,2020-Q1,164308600000,0,,,,,,,,,FB,,,O,OL,true,2004,,F
dataflow,IMF.STA:QNEA(7.0.0),R,ARG,B1GQ,Q,SA,XDC,Q,2020-Q2,140500200000,0,,,,,,,,,FB,,,O,OL,true,2004,,F
dataflow,IMF.STA:QNEA(7.0.0),R,ARG,B1GQ,Q,SA,XDC,Q,2020-Q3,155964100000,0,,,,,,,,,FB,,,O,OL,true,2004,,F
dataflow,IMF.STA:QNEA(7.0.0),R,ARG,B1GQ,Q,SA,XDC,Q,2020-Q4,163818400000,0,,,,,,,,,FB,,,O,OL,true,2004,,F
dataflow,IMF.STA:QNEA(7.0.0),R,ARG,B1GQ,Q,SA,XDC,Q,2021-Q1,169379500000,0,,,,,,,,,FB,,,O,OL,true,2004,,F
dataflow,IMF.STA:QNEA(7.0.0),R,ARG,B1GQ,Q,SA,XDC,Q,2021-Q2,169667000000,0,,,,,,,,,FB,,,O,OL,true,2004,,F
dataflow,IMF.STA:QNEA(7.0.0),R,ARG,B1GQ,Q,SA,XDC,Q,2021-Q3,173377100000,0,,,,,,,,,FB,,,O,OL,true,2004,,F
dataflow,IMF.STA:QNEA(7.0.0),R,ARG,B1GQ,Q,SA,XDC,Q,2021-Q4,177386300000,0,,,,,,,,,FB,,,O,OL,true,2004,,F
dataflow,IMF.STA:QNEA(7.0.0),R,ARG,B1GQ,Q,SA,XDC,Q,2022-Q1,181748600000,0,,,,,,,,,FB,,,O,OL,true,2004,,F
dataflow,IMF.STA:QNEA(7.0.0),R,ARG,B1GQ,Q,SA,XDC,Q,2022-Q2,185365500000,0,,,,,,,,,FB,,,O,OL,true,2004,,F
dataflow,IMF.STA:QNEA(7.0.0),R,ARG,B1GQ,Q,SA,XDC,Q,2022-Q3,183967400000,0,,,,,,,,,FB,,,O,OL,true,2004,,F
dataflow,IMF.STA:QNEA(7.0.0),R,ARG,B1GQ,Q,SA,XDC,Q,2022-Q4,180260100000,0,,,,,,,,,FB,,,O,OL,true,2004,,F
dataflow,IMF.STA:QNEA(7.0.0),R,ARG,B1GQ,Q,SA,XDC,Q,2023-Q1,182270000000,0,,,,,,,,,FB,,,O,OL,true,2004,,F
dataflow,IMF.STA:QNEA(7.0.0),R,ARG,B1GQ,Q,SA,XDC,Q,2023-Q2,177460600000,0,,,,,,,,,FB,,,O,OL,true,2004,,F
dataflow,IMF.STA:QNEA(7.0.0),R,ARG,B1GQ,Q,SA,XDC,Q,2023-Q3,181303700000,0,,,,,,,,,FB,,,O,OL,true,2004,,F
dataflow,IMF.STA:QNEA(7.0.0),R,ARG,B1GQ,Q,SA,XDC,Q,2023-Q4,176771500000,0,,,,,,,,,FB,,,O,OL,true,2004,,F
dataflow,IMF.STA:QNEA(7.0.0),R,ARG,B1GQ,Q,SA,XDC,Q,2024-Q1,173621500000,0,,,,,,,,,FB,,,O,OL,true,2004,,F
dataflow,IMF.STA:QNEA(7.0.0),R,ARG,B1GQ,Q,SA,XDC,Q,2024-Q2,172867200000,0,,,,,,,,,FB,,,O,OL,true,2004,,F
dataflow,IMF.STA:QNEA(7.0.0),R,ARG,B1GQ,Q,SA,XDC,Q,2024-Q3,179041500000,0,,,,,,,,,FB,,,O,OL,true,2004,,F
dataflow,IMF.STA:QNEA(7.0.0),R,ARG,B1GQ,Q,SA,XDC,Q,2024-Q4,182457600000,0,,,,,,,,,FB,,,O,OL,true,2004,,F
dataflow,IMF.STA:QNEA(7.0.0),R,ARG,B1GQ,Q,SA,XDC,Q,2025-Q1,183867100000,0,,,,,,,,,FB,,,O,OL,true,2004,,F
dataflow,IMF.STA:QNEA(7.0.0),R,ARG,B1GQ,Q,SA,XDC,Q,2025-Q2,184425800000,0,,,,,,,,,FB,,,O,OL,true,2004,,F
dataflow,IMF.STA:QNEA(7.0.0),R,ARG,B1GQ,Q,SA,XDC,Q,2025-Q3,184645700000,0,,,,,,,,,FB,,,O,OL,true,2004,,F
dataflow,IMF.STA:QNEA(7.0.0),R,ARG,B1GQ,Q,SA,XDC,Q,2025-Q4,186790100000,0,,,,,,,,,FB,,,O,OL,true,2004,,F
dataflow,IMF.STA:QNEA(7.0.0),R,ARG,B1GQ,Q,SA,XDC,Q,2026-Q1,188182000000,0,,,,,,,,,FB,,,O,OL,true,2004,,F
dataflow,IMF.STA:QNEA(7.0.0),R,AUS,B1GQ,Q,SA,XDC,Q,1959-Q3,80842000000,0,,,,,,,,,L,,,O,OL,true,2023-2024,,F
dataflow,IMF.STA:QNEA(7.0.0),R,AUS,B1GQ,Q,SA,XDC,Q,1959-Q4,81602000000,0,,,,,,,,,L,,,O,OL,true,2023-2024,,F
dataflow,IMF.STA:QNEA(7.0.0),R,AUS,B1GQ,Q,SA,XDC,Q,1960-Q1,82015000000,0,,,,,,,,,L,,,O,OL,true,2023-2024,,F
dataflow,IMF.STA:QNEA(7.0.0),R,AUS,B1GQ,Q,SA,XDC,Q,1960-Q2,84257000000,0,,,,,,,,,L,,,O,OL,true,2023-2024,,F
dataflow,IMF.STA:QNEA(7.0.0),R,AUS,B1GQ,Q,SA,XDC,Q,1960-Q3,84446000000,0,,,,,,,,,L,,,O,OL,true,2023-2024,,F
dataflow,IMF.STA:QNEA(7.0.0),R,AUS,B1GQ,Q,SA,XDC,Q,1960-Q4,84280000000,0,,,,,,,,,L,,,O,OL,true,2023-2024,,F
dataflow,IMF.STA:QNEA(7.0.0),R,AUS,B1GQ,Q,SA,XDC,Q,1961-Q1,84538000000,0,,,,,,,,,L,,,O,OL,true,2023-2024,,F
dataflow,IMF.STA:QNEA(7.0.0),R,AUS,B1GQ,Q,SA,XDC,Q,1961-Q2,83608000000,0,,,,,,,,,L,,,O,OL,true,2023-2024,,F
dataflow,IMF.STA:QNEA(7.0.0),R,AUS,B1GQ,Q,SA,XDC,Q,1961-Q3,83004000000,0,,,,,,,,,L,,,O,OL,true,2023-2024,,F
dataflow,IMF.STA:QNEA(7.0.0),R,AUS,B1GQ,Q,SA,XDC,Q,1961-Q4,83956000000,0,,,,,,,,,L,,,O,OL,true,2023-2024,,F
dataflow,IMF.STA:QNEA(7.0.0),R,AUS,B1GQ,Q,SA,XDC,Q,1962-Q1,86313000000,0,,,,,,,,,L,,,O,OL,true,2023-2024,,F
dataflow,IMF.STA:QNEA(7.0.0),R,AUS,B1GQ,Q,SA,XDC,Q,1962-Q2,87969000000,0,,,,,,,,,L,,,O,OL,true,2023-2024,,F
dataflow,IMF.STA:QNEA(7.0.0),R,AUS,B1GQ,Q,SA,XDC,Q,1962-Q3,88674000000,0,,,,,,,,,L,,,O,OL,true,2023-2024,,F
dataflow,IMF.STA:QNEA(7.0.0),R,AUS,B1GQ,Q,SA,XDC,Q,1962-Q4,90258000000,0,,,,,,,,,L,,,O,OL,true,2023-2024,,F
dataflow,IMF.STA:QNEA(7.0.0),R,AUS,B1GQ,Q,SA,XDC,Q,1963-Q1,92357000000,0,,,,,,,,,L,,,O,OL,true,2023-2024,,F
dataflow,IMF.STA:QNEA(7.0.0),R,AUS,B1GQ,Q,SA,XDC,Q,1963-Q2,91157000000,0,,,,,,,,,L,,,O,OL,true,2023-2024,,F
dataflow,IMF.STA:QNEA(7.0.0),R,AUS,B1GQ,Q,SA,XDC,Q,1963-Q3,94898000000,0,,,,,,,,,L,,,O,OL,true,2023-2024,,F
dataflow,IMF.STA:QNEA(7.0.0),R,AUS,B1GQ,Q,SA,XDC,Q,1963-Q4,96922000000,0,,,,,,,,,L,,,O,OL,true,2023-2024,,F
dataflow,IMF.STA:QNEA(7.0.0),R,AUS,B1GQ,Q,SA,XDC,Q,1964-Q1,96763000000,0,,,,,,,,,L,,,O,OL,true,2023-2024,,F
dataflow,IMF.STA:QNEA(7.0.0),R,AUS,B1GQ,Q,SA,XDC,Q,1964-Q2,99154000000,0,,,,,,,,,L,,,O,OL,true,2023-2024,,F
dataflow,IMF.STA:QNEA(7.0.0),R,AUS,B1GQ,Q,SA,XDC,Q,1964-Q3,99762000000,0,,,,,,,,,L,,,O,OL,true,2023-2024,,F
dataflow,IMF.STA:QNEA(7.0.0),R,AUS,B1GQ,Q,SA,XDC,Q,1964-Q4,102588000000,0,,,,,,,,,L,,,O,OL,true,2023-2024,,F
dataflow,IMF.STA:QNEA(7.0.0),R,AUS,B1GQ,Q,SA,XDC,Q,1965-Q1,103476000000,0,,,,,,,,,L,,,O,OL,true,2023-2024,,F
dataflow,IMF.STA:QNEA(7.0.0),R,AUS,B1GQ,Q,SA,XDC,Q,1965-Q2,105087000000,0,,,,,,,,,L,,,O,OL,true,2023-2024,,F
dataflow,IMF.STA:QNEA(7.0.0),R,AUS,B1GQ,Q,SA,XDC,Q,1965-Q3,104770000000,0,,,,,,,,,L,,,O,OL,true,2023-2024,,F
dataflow,IMF.STA:QNEA(7.0.0),R,AUS,B1GQ,Q,SA,XDC,Q,1965-Q4,105029000000,0,,,,,,,,,L,,,O,OL,true,2023-2024,,F
dataflow,IMF.STA:QNEA(7.0.0),R,AUS,B1GQ,Q,SA,XDC,Q,1966-Q1,104737000000,0,,,,,,,,,L,,,O,OL,true,2023-2024,,F
dataflow,IMF.STA:QNEA(7.0.0),R,AUS,B1GQ,Q,SA,XDC,Q,1966-Q2,106161000000,0,,,,,,,,,L,,,O,OL,true,2023-2024,,F
dataflow,IMF.STA:QNEA(7.0.0),R,AUS,B1GQ,Q,SA,XDC,Q,1966-Q3,109162000000,0,,,,,,,,,L,,,O,OL,true,2023-2024,,F
dataflow,IMF.STA:QNEA(7.0.0),R,AUS,B1GQ,Q,SA,XDC,Q,1966-Q4,109882000000,0,,,,,,,,,L,,,O,OL,true,2023-2024,,F
dataflow,IMF.STA:QNEA(7.0.0),R,AUS,B1GQ,Q,SA,XDC,Q,1967-Q1,114174000000,0,,,,,,,,,L,,,O,OL,true,2023-2024,,F
dataflow,IMF.STA:QNEA(7.0.0),R,AUS,B1GQ,Q,SA,XDC,Q,1967-Q2,114013000000,0,,,,,,,,,L,,,O,OL,true,2023-2024,,F
dataflow,IMF.STA:QNEA(7.0.0),R,AUS,B1GQ,Q,SA,XDC,Q,1967-Q3,116150000000,0,,,,,,,,,L,,,O,OL,true,2023-2024,,F
dataflow,IMF.STA:QNEA(7.0.0),R,AUS,B1GQ,Q,SA,XDC,Q,1967-Q4,117160000000,0,,,,,,,,,L,,,O,OL,true,2023-2024,,F
dataflow,IMF.STA:QNEA(7.0.0),R,AUS,B1GQ,Q,SA,XDC,Q,1968-Q1,116125000000,0,,,,,,,,,L,,,O,OL,true,2023-2024,,F
dataflow,IMF.STA:QNEA(7.0.0),R,AUS,B1GQ,Q,SA,XDC,Q,1968-Q2,120583000000,0,,,,,,,,,L,,,O,OL,true,2023-2024,,F
dataflow,IMF.STA:QNEA(7.0.0),R,AUS,B1GQ,Q,SA,XDC,Q,1968-Q3,122172000000,0,,,,,,,,,L,,,O,OL,true,2023-2024,,F
dataflow,IMF.STA:QNEA(7.0.0),R,AUS,B1GQ,Q,SA,XDC,Q,1968-Q4,126735000000,0,,,,,,,,,L,,,O,OL,true,2023-2024,,F
dataflow,IMF.STA:QNEA(7.0.0),R,AUS,B1GQ,Q,SA,XDC,Q,1969-Q1,125875000000,0,,,,,,,,,L,,,O,OL,true,2023-2024,,F
dataflow,IMF.STA:QNEA(7.0.0),R,AUS,B1GQ,Q,SA,XDC,Q,1969-Q2,128362000000,0,,,,,,,,,L,,,O,OL,true,2023-2024,,F
dataflow,IMF.STA:QNEA(7.0.0),R,AUS,B1GQ,Q,SA,XDC,Q,1969-Q3,130476000000,0,,,,,,,,,L,,,O,OL,true,2023-2024,,F
dataflow,IMF.STA:QNEA(7.0.0),R,AUS,B1GQ,Q,SA,XDC,Q,1969-Q4,133485000000,0,,,,,,,,,L,,,O,OL,true,2023-2024,,F
dataflow,IMF.STA:QNEA(7.0.0),R,AUS,B1GQ,Q,SA,XDC,Q,1970-Q1,136260000000,0,,,,,,,,,L,,,O,OL,true,2023-2024,,F
dataflow,IMF.STA:QNEA(7.0.0),R,AUS,B1GQ,Q,SA,XDC,Q,1970-Q2,139021000000,0,,,,,,,,,L,,,O,OL,true,2023-2024,,F
dataflow,IMF.STA:QNEA(7.0.0),R,AUS,B1GQ,Q,SA,XDC,Q,1970-Q3,138729000000,0,,,,,,,,,L,,,O,OL,true,2023-2024,,F
dataflow,IMF.STA:QNEA(7.0.0),R,AUS,B1GQ,Q,SA,XDC,Q,1970-Q4,139332000000,0,,,,,,,,,L,,,O,OL,true,2023-2024,,F
dataflow,IMF.STA:QNEA(7.0.0),R,AUS,B1GQ,Q,SA,XDC,Q,1971-Q1,141071000000,0,,,,,,,,,L,,,O,OL,true,2023-2024,,F
dataflow,IMF.STA:QNEA(7.0.0),R,AUS,B1GQ,Q,SA,XDC,Q,1971-Q2,141684000000,0,,,,,,,,,L,,,O,OL,true,2023-2024,,F
dataflow,IMF.STA:QNEA(7.0.0),R,AUS,B1GQ,Q,SA,XDC,Q,1971-Q3,146097000000,0,,,,,,,,,L,,,O,OL,true,2023-2024,,F
dataflow,IMF.STA:QNEA(7.0.0),R,AUS,B1GQ,Q,SA,XDC,Q,1971-Q4,145625000000,0,,,,,,,,,L,,,O,OL,true,2023-2024,,F
dataflow,IMF.STA:QNEA(7.0.0),R,AUS,B1GQ,Q,SA,XDC,Q,1972-Q1,143900000000,0,,,,,,,,,L,,,O,OL,true,2023-2024,,F
dataflow,IMF.STA:QNEA(7.0.0),R,AUS,B1GQ,Q,SA,XDC,Q,1972-Q2,147105000000,0,,,,,,,,,L,,,O,OL,true,2023-2024,,F
dataflow,IMF.STA:QNEA(7.0.0),R,AUS,B1GQ,Q,SA,XDC,Q,1972-Q3,146356000000,0,,,,,,,,,L,,,O,OL,true,2023-2024,,F
dataflow,IMF.STA:QNEA(7.0.0),R,AUS,B1GQ,Q,SA,XDC,Q,1972-Q4,147885000000,0,,,,,,,,,L,,,O,OL,true,2023-2024,,F
dataflow,IMF.STA:QNEA(7.0.0),R,AUS,B1GQ,Q,SA,XDC,Q,1973-Q1,151729000000,0,,,,,,,,,L,,,O,OL,true,2023-2024,,F
dataflow,IMF.STA:QNEA(7.0.0),R,AUS,B1GQ,Q,SA,XDC,Q,1973-Q2,152017000000,0,,,,,,,,,L,,,O,OL,true,2023-2024,,F
dataflow,IMF.STA:QNEA(7.0.0),R,AUS,B1GQ,Q,SA,XDC,Q,1973-Q3,153533000000,0,,,,,,,,,L,,,O,OL,true,2023-2024,,F
dataflow,IMF.STA:QNEA(7.0.0),R,AUS,B1GQ,Q,SA,XDC,Q,1973-Q4,157363000000,0,,,,,,,,,L,,,O,OL,true,2023-2024,,F
dataflow,IMF.STA:QNEA(7.0.0),R,AUS,B1GQ,Q,SA,XDC,Q,1974-Q1,157420000000,0,,,,,,,,,L,,,O,OL,true,2023-2024,,F
dataflow,IMF.STA:QNEA(7.0.0),R,AUS,B1GQ,Q,SA,XDC,Q,1974-Q2,154228000000,0,,,,,,,,,L,,,O,OL,true,2023-2024,,F
dataflow,IMF.STA:QNEA(7.0.0),R,AUS,B1GQ,Q,SA,XDC,Q,1974-Q3,156047000000,0,,,,,,,,,L,,,O,OL,true,2023-2024,,F
dataflow,IMF.STA:QNEA(7.0.0),R,AUS,B1GQ,Q,SA,XDC,Q,1974-Q4,156217000000,0,,,,,,,,,L,,,O,OL,true,2023-2024,,F
dataflow,IMF.STA:QNEA(7.0.0),R,AUS,B1GQ,Q,SA,XDC,Q,1975-Q1,156828000000,0,,,,,,,,,L,,,O,OL,true,2023-2024,,F
dataflow,IMF.STA:QNEA(7.0.0),R,AUS,B1GQ,Q,SA,XDC,Q,1975-Q2,161785000000,0,,,,,,,,,L,,,O,OL,true,2023-2024,,F
dataflow,IMF.STA:QNEA(7.0.0),R,AUS,B1GQ,Q,SA,XDC,Q,1975-Q3,159987000000,0,,,,,,,,,L,,,O,OL,true,2023-2024,,F
dataflow,IMF.STA:QNEA(7.0.0),R,AUS,B1GQ,Q,SA,XDC,Q,1975-Q4,157576000000,0,,,,,,,,,L,,,O,OL,true,2023-2024,,F
dataflow,IMF.STA:QNEA(7.0.0),R,AUS,B1GQ,Q,SA,XDC,Q,1976-Q1,164583000000,0,,,,,,,,,L,,,O,OL,true,2023-2024,,F
dataflow,IMF.STA:QNEA(7.0.0),R,AUS,B1GQ,Q,SA,XDC,Q,1976-Q2,165057000000,0,,,,,,,,,L,,,O,OL,true,2023-2024,,F
dataflow,IMF.STA:QNEA(7.0.0),R,AUS,B1GQ,Q,SA,XDC,Q,1976-Q3,166395000000,0,,,,,,,,,L,,,O,OL,true,2023-2024,,F
dataflow,IMF.STA:QNEA(7.0.0),R,AUS,B1GQ,Q,SA,XDC,Q,1976-Q4,167827000000,0,,,,,,,,,L,,,O,OL,true,2023-2024,,F
dataflow,IMF.STA:QNEA(7.0.0),R,AUS,B1GQ,Q,SA,XDC,Q,1977-Q1,166942000000,0,,,,,,,,,L,,,O,OL,true,2023-2024,,F
dataflow,IMF.STA:QNEA(7.0.0),R,AUS,B1GQ,Q,SA,XDC,Q,1977-Q2,169289000000,0,,,,,,,,,L,,,O,OL,true,2023-2024,,F
dataflow,IMF.STA:QNEA(7.0.0),R,AUS,B1GQ,Q,SA,XDC,Q,1977-Q3,168561000000,0,,,,,,,,,L,,,O,OL,true,2023-2024,,F
dataflow,IMF.STA:QNEA(7.0.0),R,AUS,B1GQ,Q,SA,XDC,Q,1977-Q4,168036000000,0,,,,,,,,,L,,,O,OL,true,2023-2024,,F
dataflow,IMF.STA:QNEA(7.0.0),R,AUS,B1GQ,Q,SA,XDC,Q,1978-Q1,169227000000,0,,,,,,,,,L,,,O,OL,true,2023-2024,,F
dataflow,IMF.STA:QNEA(7.0.0),R,AUS,B1GQ,Q,SA,XDC,Q,1978-Q2,170633000000,0,,,,,,,,,L,,,O,OL,true,2023-2024,,F
dataflow,IMF.STA:QNEA(7.0.0),R,AUS,B1GQ,Q,SA,XDC,Q,1978-Q3,173227000000,0,,,,,,,,,L,,,O,OL,true,2023-2024,,F
dataflow,IMF.STA:QNEA(7.0.0),R,AUS,B1GQ,Q,SA,XDC,Q,1978-Q4,174628000000,0,,,,,,,,,L,,,O,OL,true,2023-2024,,F
dataflow,IMF.STA:QNEA(7.0.0),R,AUS,B1GQ,Q,SA,XDC,Q,1979-Q1,179454000000,0,,,,,,,,,L,,,O,OL,true,2023-2024,,F
dataflow,IMF.STA:QNEA(7.0.0),R,AUS,B1GQ,Q,SA,XDC,Q,1979-Q2,176554000000,0,,,,,,,,,L,,,O,OL,true,2023-2024,,F
dataflow,IMF.STA:QNEA(7.0.0),R,AUS,B1GQ,Q,SA,XDC,Q,1979-Q3,178192000000,0,,,,,,,,,L,,,O,OL,true,2023-2024,,F
dataflow,IMF.STA:QNEA(7.0.0),R,AUS,B1GQ,Q,SA,XDC,Q,1979-Q4,181615000000,0,,,,,,,,,L,,,O,OL,true,2023-2024,,F
dataflow,IMF.STA:QNEA(7.0.0),R,AUS,B1GQ,Q,SA,XDC,Q,1980-Q1,182487000000,0,,,,,,,,,L,,,O,OL,true,2023-2024,,F
dataflow,IMF.STA:QNEA(7.0.0),R,AUS,B1GQ,Q,SA,XDC,Q,1980-Q2,182931000000,0,,,,,,,,,L,,,O,OL,true,2023-2024,,F
dataflow,IMF.STA:QNEA(7.0.0),R,AUS,B1GQ,Q,SA,XDC,Q,1980-Q3,183921000000,0,,,,,,,,,L,,,O,OL,true,2023-2024,,F
dataflow,IMF.STA:QNEA(7.0.0),R,AUS,B1GQ,Q,SA,XDC,Q,1980-Q4,187060000000,0,,,,,,,,,L,,,O,OL,true,2023-2024,,F
dataflow,IMF.STA:QNEA(7.0.0),R,AUS,B1GQ,Q,SA,XDC,Q,1981-Q1,187785000000,0,,,,,,,,,L,,,O,OL,true,2023-2024,,F
dataflow,IMF.STA:QNEA(7.0.0),R,AUS,B1GQ,Q,SA,XDC,Q,1981-Q2,190697000000,0,,,,,,,,,L,,,O,OL,true,2023-2024,,F
dataflow,IMF.STA:QNEA(7.0.0),R,AUS,B1GQ,Q,SA,XDC,Q,1981-Q3,194547000000,0,,,,,,,,,L,,,O,OL,true,2023-2024,,F
dataflow,IMF.STA:QNEA(7.0.0),R,AUS,B1GQ,Q,SA,XDC,Q,1981-Q4,193739000000,0,,,,,,,,,L,,,O,OL,true,2023-2024,,F
dataflow,IMF.STA:QNEA(7.0.0),R,AUS,B1GQ,Q,SA,XDC,Q,1982-Q1,192212000000,0,,,,,,,,,L,,,O,OL,true,2023-2024,,F
dataflow,IMF.STA:QNEA(7.0.0),R,AUS,B1GQ,Q,SA,XDC,Q,1982-Q2,193911000000,0,,,,,,,,,L,,,O,OL,true,2023-2024,,F
dataflow,IMF.STA:QNEA(7.0.0),R,AUS,B1GQ,Q,SA,XDC,Q,1982-Q3,192628000000,0,,,,,,,,,L,,,O,OL,true,2023-2024,,F
dataflow,IMF.STA:QNEA(7.0.0),R,AUS,B1GQ,Q,SA,XDC,Q,1982-Q4,189523000000,0,,,,,,,,,L,,,O,OL,true,2023-2024,,F
dataflow,IMF.STA:QNEA(7.0.0),R,AUS,B1GQ,Q,SA,XDC,Q,1983-Q1,187708000000,0,,,,,,,,,L,,,O,OL,true,2023-2024,,F
dataflow,IMF.STA:QNEA(7.0.0),R,AUS,B1GQ,Q,SA,XDC,Q,1983-Q2,187314000000,0,,,,,,,,,L,,,O,OL,true,2023-2024,,F
dataflow,IMF.STA:QNEA(7.0.0),R,AUS,B1GQ,Q,SA,XDC,Q,1983-Q3,192527000000,0,,,,,,,,,L,,,O,OL,true,2023-2024,,F
dataflow,IMF.STA:QNEA(7.0.0),R,AUS,B1GQ,Q,SA,XDC,Q,1983-Q4,195759000000,0,,,,,,,,,L,,,O,OL,true,2023-2024,,F
dataflow,IMF.STA:QNEA(7.0.0),R,AUS,B1GQ,Q,SA,XDC,Q,1984-Q1,200558000000,0,,,,,,,,,L,,,O,OL,true,2023-2024,,F
dataflow,IMF.STA:QNEA(7.0.0),R,AUS,B1GQ,Q,SA,XDC,Q,1984-Q2,202890000000,0,,,,,,,,,L,,,O,OL,true,2023-2024,,F
dataflow,IMF.STA:QNEA(7.0.0),R,AUS,B1GQ,Q,SA,XDC,Q,1984-Q3,204763000000,0,,,,,,,,,L,,,O,OL,true,2023-2024,,F
dataflow,IMF.STA:QNEA(7.0.0),R,AUS,B1GQ,Q,SA,XDC,Q,1984-Q4,205998000000,0,,,,,,,,,L,,,O,OL,true,2023-2024,,F
dataflow,IMF.STA:QNEA(7.0.0),R,AUS,B1GQ,Q,SA,XDC,Q,1985-Q1,209056000000,0,,,,,,,,,L,,,O,OL,true,2023-2024,,F
dataflow,IMF.STA:QNEA(7.0.0),R,AUS,B1GQ,Q,SA,XDC,Q,1985-Q2,213736000000,0,,,,,,,,,L,,,O,OL,true,2023-2024,,F
dataflow,IMF.STA:QNEA(7.0.0),R,AUS,B1GQ,Q,SA,XDC,Q,1985-Q3,216480000000,0,,,,,,,,,L,,,O,OL,true,2023-2024,,F
dataflow,IMF.STA:QNEA(7.0.0),R,AUS,B1GQ,Q,SA,XDC,Q,1985-Q4,215854000000,0,,,,,,,,,L,,,O,OL,true,2023-2024,,F
dataflow,IMF.STA:QNEA(7.0.0),R,AUS,B1GQ,Q,SA,XDC,Q,1986-Q1,217350000000,0,,,,,,,,,L,,,O,OL,true,2023-2024,,F
dataflow,IMF.STA:QNEA(7.0.0),R,AUS,B1GQ,Q,SA,XDC,Q,1986-Q2,216958000000,0,,,,,,,,,L,,,O,OL,true,2023-2024,,F
dataflow,IMF.STA:QNEA(7.0.0),R,AUS,B1GQ,Q,SA,XDC,Q,1986-Q3,217527000000,0,,,,,,,,,L,,,O,OL,true,2023-2024,,F
dataflow,IMF.STA:QNEA(7.0.0),R,AUS,B1GQ,Q,SA,XDC,Q,1986-Q4,221092000000,0,,,,,,,,,L,,,O,OL,true,2023-2024,,F
dataflow,IMF.STA:QNEA(7.0.0),R,AUS,B1GQ,Q,SA,XDC,Q,1987-Q1,223314000000,0,,,,,,,,,L,,,O,OL,true,2023-2024,,F
dataflow,IMF.STA:QNEA(7.0.0),R,AUS,B1GQ,Q,SA,XDC,Q,1987-Q2,226866000000,0,,,,,,,,,L,,,O,OL,true,2023-2024,,F
dataflow,IMF.STA:QNEA(7.0.0),R,AUS,B1GQ,Q,SA,XDC,Q,1987-Q3,230956000000,0,,,,,,,,,L,,,O,OL,true,2023-2024,,F
dataflow,IMF.STA:QNEA(7.0.0),R,AUS,B1GQ,Q,SA,XDC,Q,1987-Q4,235600000000,0,,,,,,,,,L,,,O,OL,true,2023-2024,,F
dataflow,IMF.STA:QNEA(7.0.0),R,AUS,B1GQ,Q,SA,XDC,Q,1988-Q1,236610000000,0,,,,,,,,,L,,,O,OL,true,2023-2024,,F
dataflow,IMF.STA:QNEA(7.0.0),R,AUS,B1GQ,Q,SA,XDC,Q,1988-Q2,236840000000,0,,,,,,,,,L,,,O,OL,true,2023-2024,,F
dataflow,IMF.STA:QNEA(7.0.0),R,AUS,B1GQ,Q,SA,XDC,Q,1988-Q3,238744000000,0,,,,,,,,,L,,,O,OL,true,2023-2024,,F
dataflow,IMF.STA:QNEA(7.0.0),R,AUS,B1GQ,Q,SA,XDC,Q,1988-Q4,242638000000,0,,,,,,,,,L,,,O,OL,true,2023-2024,,F
dataflow,IMF.STA:QNEA(7.0.0),R,AUS,B1GQ,Q,SA,XDC,Q,1989-Q1,244905000000,0,,,,,,,,,L,,,O,OL,true,2023-2024,,F
dataflow,IMF.STA:QNEA(7.0.0),R,AUS,B1GQ,Q,SA,XDC,Q,1989-Q2,250181000000,0,,,,,,,,,L,,,O,OL,true,2023-2024,,F
dataflow,IMF.STA:QNEA(7.0.0),R,AUS,B1GQ,Q,SA,XDC,Q,1989-Q3,252319000000,0,,,,,,,,,L,,,O,OL,true,2023-2024,,F
dataflow,IMF.STA:QNEA(7.0.0),R,AUS,B1GQ,Q,SA,XDC,Q,1989-Q4,251640000000,0,,,,,,,,,L,,,O,OL,true,2023-2024,,F
dataflow,IMF.STA:QNEA(7.0.0),R,AUS,B1GQ,Q,SA,XDC,Q,1990-Q1,253536000000,0,,,,,,,,,L,,,O,OL,true,2023-2024,,F
dataflow,IMF.STA:QNEA(7.0.0),R,AUS,B1GQ,Q,SA,XDC,Q,1990-Q2,253863000000,0,,,,,,,,,L,,,O,OL,true,2023-2024,,F
dataflow,IMF.STA:QNEA(7.0.0),R,AUS,B1GQ,Q,SA,XDC,Q,1990-Q3,252550000000,0,,,,,,,,,L,,,O,OL,true,2023-2024,,F
dataflow,IMF.STA:QNEA(7.0.0),R,AUS,B1GQ,Q,SA,XDC,Q,1990-Q4,253941000000,0,,,,,,,,,L,,,O,OL,true,2023-2024,,F
dataflow,IMF.STA:QNEA(7.0.0),R,AUS,B1GQ,Q,SA,XDC,Q,1991-Q1,250758000000,0,,,,,,,,,L,,,O,OL,true,2023-2024,,F
dataflow,IMF.STA:QNEA(7.0.0),R,AUS,B1GQ,Q,SA,XDC,Q,1991-Q2,250219000000,0,,,,,,,,,L,,,O,OL,true,2023-2024,,F
dataflow,IMF.STA:QNEA(7.0.0),R,AUS,B1GQ,Q,SA,XDC,Q,1991-Q3,251377000000,0,,,,,,,,,L,,,O,OL,true,2023-2024,,F
dataflow,IMF.STA:QNEA(7.0.0),R,AUS,B1GQ,Q,SA,XDC,Q,1991-Q4,251541000000,0,,,,,,,,,L,,,O,OL,true,2023-2024,,F
dataflow,IMF.STA:QNEA(7.0.0),R,AUS,B1GQ,Q,SA,XDC,Q,1992-Q1,253547000000,0,,,,,,,,,L,,,O,OL,true,2023-2024,,F
dataflow,IMF.STA:QNEA(7.0.0),R,AUS,B1GQ,Q,SA,XDC,Q,1992-Q2,255366000000,0,,,,,,,,,L,,,O,OL,true,2023-2024,,F
dataflow,IMF.STA:QNEA(7.0.0),R,AUS,B1GQ,Q,SA,XDC,Q,1992-Q3,257852000000,0,,,,,,,,,L,,,O,OL,true,2023-2024,,F
dataflow,IMF.STA:QNEA(7.0.0),R,AUS,B1GQ,Q,SA,XDC,Q,1992-Q4,263251000000,0,,,,,,,,,L,,,O,OL,true,2023-2024,,F
dataflow,IMF.STA:QNEA(7.0.0),R,AUS,B1GQ,Q,SA,XDC,Q,1993-Q1,265081000000,0,,,,,,,,,L,,,O,OL,true,2023-2024,,F
dataflow,IMF.STA:QNEA(7.0.0),R,AUS,B1GQ,Q,SA,XDC,Q,1993-Q2,266583000000,0,,,,,,,,,L,,,O,OL,true,2023-2024,,F
dataflow,IMF.STA:QNEA(7.0.0),R,AUS,B1GQ,Q,SA,XDC,Q,1993-Q3,266905000000,0,,,,,,,,,L,,,O,OL,true,2023-2024,,F
dataflow,IMF.STA:QNEA(7.0.0),R,AUS,B1GQ,Q,SA,XDC,Q,1993-Q4,271805000000,0,,,,,,,,,L,,,O,OL,true,2023-2024,,F
dataflow,IMF.STA:QNEA(7.0.0),R,AUS,B1GQ,Q,SA,XDC,Q,1994-Q1,276336000000,0,,,,,,,,,L,,,O,OL,true,2023-2024,,F
dataflow,IMF.STA:QNEA(7.0.0),R,AUS,B1GQ,Q,SA,XDC,Q,1994-Q2,279611000000,0,,,,,,,,,L,,,O,OL,true,2023-2024,,F
dataflow,IMF.STA:QNEA(7.0.0),R,AUS,B1GQ,Q,SA,XDC,Q,1994-Q3,281720000000,0,,,,,,,,,L,,,O,OL,true,2023-2024,,F
dataflow,IMF.STA:QNEA(7.0.0),R,AUS,B1GQ,Q,SA,XDC,Q,1994-Q4,284892000000,0,,,,,,,,,L,,,O,OL,true,2023-2024,,F
dataflow,IMF.STA:QNEA(7.0.0),R,AUS,B1GQ,Q,SA,XDC,Q,1995-Q1,284634000000,0,,,,,,,,,L,,,O,OL,true,2023-2024,,F
dataflow,IMF.STA:QNEA(7.0.0),R,AUS,B1GQ,Q,SA,XDC,Q,1995-Q2,285994000000,0,,,,,,,,,L,,,O,OL,true,2023-2024,,F
dataflow,IMF.STA:QNEA(7.0.0),R,AUS,B1GQ,Q,SA,XDC,Q,1995-Q3,292541000000,0,,,,,,,,,L,,,O,OL,true,2023-2024,,F
dataflow,IMF.STA:QNEA(7.0.0),R,AUS,B1GQ,Q,SA,XDC,Q,1995-Q4,292613000000,0,,,,,,,,,L,,,O,OL,true,2023-2024,,F
dataflow,IMF.STA:QNEA(7.0.0),R,AUS,B1GQ,Q,SA,XDC,Q,1996-Q1,297071000000,0,,,,,,,,,L,,,O,OL,true,2023-2024,,F
dataflow,IMF.STA:QNEA(7.0.0),R,AUS,B1GQ,Q,SA,XDC,Q,1996-Q2,298977000000,0,,,,,,,,,L,,,O,OL,true,2023-2024,,F
dataflow,IMF.STA:QNEA(7.0.0),R,AUS,B1GQ,Q,SA,XDC,Q,1996-Q3,301413000000,0,,,,,,,,,L,,,O,OL,true,2023-2024,,F
dataflow,IMF.STA:QNEA(7.0.0),R,AUS,B1GQ,Q,SA,XDC,Q,1996-Q4,304194000000,0,,,,,,,,,L,,,O,OL,true,2023-2024,,F
dataflow,IMF.STA:QNEA(7.0.0),R,AUS,B1GQ,Q,SA,XDC,Q,1997-Q1,306359000000,0,,,,,,,,,L,,,O,OL,true,2023-2024,,F
dataflow,IMF.STA:QNEA(7.0.0),R,AUS,B1GQ,Q,SA,XDC,Q,1997-Q2,315516000000,0,,,,,,,,,L,,,O,OL,true,2023-2024,,F
dataflow,IMF.STA:QNEA(7.0.0),R,AUS,B1GQ,Q,SA,XDC,Q,1997-Q3,316000000000,0,,,,,,,,,L,,,O,OL,true,2023-2024,,F
dataflow,IMF.STA:QNEA(7.0.0),R,AUS,B1GQ,Q,SA,XDC,Q,1997-Q4,320517000000,0,,,,,,,,,L,,,O,OL,true,2023-2024,,F
dataflow,IMF.STA:QNEA(7.0.0),R,AUS,B1GQ,Q,SA,XDC,Q,1998-Q1,322488000000,0,,,,,,,,,L,,,O,OL,true,2023-2024,,F
dataflow,IMF.STA:QNEA(7.0.0),R,AUS,B1GQ,Q,SA,XDC,Q,1998-Q2,325884000000,0,,,,,,,,,L,,,O,OL,true,2023-2024,,F
dataflow,IMF.STA:QNEA(7.0.0),R,AUS,B1GQ,Q,SA,XDC,Q,1998-Q3,331945000000,0,,,,,,,,,L,,,O,OL,true,2023-2024,,F
dataflow,IMF.STA:QNEA(7.0.0),R,AUS,B1GQ,Q,SA,XDC,Q,1998-Q4,337067000000,0,,,,,,,,,L,,,O,OL,true,2023-2024,,F
dataflow,IMF.STA:QNEA(7.0.0),R,AUS,B1GQ,Q,SA,XDC,Q,1999-Q1,339582000000,0,,,,,,,,,L,,,O,OL,true,2023-2024,,F
dataflow,IMF.STA:QNEA(7.0.0),R,AUS,B1GQ,Q,SA,XDC,Q,1999-Q2,340901000000,0,,,,,,,,,L,,,O,OL,true,2023-2024,,F
dataflow,IMF.STA:QNEA(7.0.0),R,AUS,B1GQ,Q,SA,XDC,Q,1999-Q3,344645000000,0,,,,,,,,,L,,,O,OL,true,2023-2024,,F
dataflow,IMF.STA:QNEA(7.0.0),R,AUS,B1GQ,Q,SA,XDC,Q,1999-Q4,350488000000,0,,,,,,,,,L,,,O,OL,true,2023-2024,,F
dataflow,IMF.STA:QNEA(7.0.0),R,AUS,B1GQ,Q,SA,XDC,Q,2000-Q1,351872000000,0,,,,,,,,,L,,,O,OL,true,2023-2024,,F
dataflow,IMF.STA:QNEA(7.0.0),R,AUS,B1GQ,Q,SA,XDC,Q,2000-Q2,355338000000,0,,,,,,,,,L,,,O,OL,true,2023-2024,,F
dataflow,IMF.STA:QNEA(7.0.0),R,AUS,B1GQ,Q,SA,XDC,Q,2000-Q3,356306000000,0,,,,,,,,,L,,,O,OL,true,2023-2024,,F
dataflow,IMF.STA:QNEA(7.0.0),R,AUS,B1GQ,Q,SA,XDC,Q,2000-Q4,354859000000,0,,,,,,,,,L,,,O,OL,true,2023-2024,,F
dataflow,IMF.STA:QNEA(7.0.0),R,AUS,B1GQ,Q,SA,XDC,Q,2001-Q1,358221000000,0,,,,,,,,,L,,,O,OL,true,2023-2024,,F
dataflow,IMF.STA:QNEA(7.0.0),R,AUS,B1GQ,Q,SA,XDC,Q,2001-Q2,361444000000,0,,,,,,,,,L,,,O,OL,true,2023-2024,,F
dataflow,IMF.STA:QNEA(7.0.0),R,AUS,B1GQ,Q,SA,XDC,Q,2001-Q3,365512000000,0,,,,,,,,,L,,,O,OL,true,2023-2024,,F
dataflow,IMF.STA:QNEA(7.0.0),R,AUS,B1GQ,Q,SA,XDC,Q,2001-Q4,369855000000,0,,,,,,,,,L,,,O,OL,true,2023-2024,,F
dataflow,IMF.STA:QNEA(7.0.0),R,AUS,B1GQ,Q,SA,XDC,Q,2002-Q1,372745000000,0,,,,,,,,,L,,,O,OL,true,2023-2024,,F
dataflow,IMF.STA:QNEA(7.0.0),R,AUS,B1GQ,Q,SA,XDC,Q,2002-Q2,379233000000,0,,,,,,,,,L,,,O,OL,true,2023-2024,,F
dataflow,IMF.STA:QNEA(7.0.0),R,AUS,B1GQ,Q,SA,XDC,Q,2002-Q3,380108000000,0,,,,,,,,,L,,,O,OL,true,2023-2024,,F
dataflow,IMF.STA:QNEA(7.0.0),R,AUS,B1GQ,Q,SA,XDC,Q,2002-Q4,383279000000,0,,,,,,,,,L,,,O,OL,true,2023-2024,,F
dataflow,IMF.STA:QNEA(7.0.0),R,AUS,B1GQ,Q,SA,XDC,Q,2003-Q1,384182000000,0,,,,,,,,,L,,,O,OL,true,2023-2024,,F
dataflow,IMF.STA:QNEA(7.0.0),R,AUS,B1GQ,Q,SA,XDC,Q,2003-Q2,385753000000,0,,,,,,,,,L,,,O,OL,true,2023-2024,,F
dataflow,IMF.STA:QNEA(7.0.0),R,AUS,B1GQ,Q,SA,XDC,Q,2003-Q3,392261000000,0,,,,,,,,,L,,,O,OL,true,2023-2024,,F
dataflow,IMF.STA:QNEA(7.0.0),R,AUS,B1GQ,Q,SA,XDC,Q,2003-Q4,398899000000,0,,,,,,,,,L,,,O,OL,true,2023-2024,,F
dataflow,IMF.STA:QNEA(7.0.0),R,AUS,B1GQ,Q,SA,XDC,Q,2004-Q1,401910000000,0,,,,,,,,,L,,,O,OL,true,2023-2024,,F
dataflow,IMF.STA:QNEA(7.0.0),R,AUS,B1GQ,Q,SA,XDC,Q,2004-Q2,404944000000,0,,,,,,,,,L,,,O,OL,true,2023-2024,,F
dataflow,IMF.STA:QNEA(7.0.0),R,AUS,B1GQ,Q,SA,XDC,Q,2004-Q3,407624000000,0,,,,,,,,,L,,,O,OL,true,2023-2024,,F
dataflow,IMF.STA:QNEA(7.0.0),R,AUS,B1GQ,Q,SA,XDC,Q,2004-Q4,410710000000,0,,,,,,,,,L,,,O,OL,true,2023-2024,,F
dataflow,IMF.STA:QNEA(7.0.0),R,AUS,B1GQ,Q,SA,XDC,Q,2005-Q1,414089000000,0,,,,,,,,,L,,,O,OL,true,2023-2024,,F
dataflow,IMF.STA:QNEA(7.0.0),R,AUS,B1GQ,Q,SA,XDC,Q,2005-Q2,416015000000,0,,,,,,,,,L,,,O,OL,true,2023-2024,,F
dataflow,IMF.STA:QNEA(7.0.0),R,AUS,B1GQ,Q,SA,XDC,Q,2005-Q3,420512000000,0,,,,,,,,,L,,,O,OL,true,2023-2024,,F
dataflow,IMF.STA:QNEA(7.0.0),R,AUS,B1GQ,Q,SA,XDC,Q,2005-Q4,423912000000,0,,,,,,,,,L,,,O,OL,true,2023-2024,,F
dataflow,IMF.STA:QNEA(7.0.0),R,AUS,B1GQ,Q,SA,XDC,Q,2006-Q1,424243000000,0,,,,,,,,,L,,,O,OL,true,2023-2024,,F
dataflow,IMF.STA:QNEA(7.0.0),R,AUS,B1GQ,Q,SA,XDC,Q,2006-Q2,425448000000,0,,,,,,,,,L,,,O,OL,true,2023-2024,,F
dataflow,IMF.STA:QNEA(7.0.0),R,AUS,B1GQ,Q,SA,XDC,Q,2006-Q3,431836000000,0,,,,,,,,,L,,,O,OL,true,2023-2024,,F
dataflow,IMF.STA:QNEA(7.0.0),R,AUS,B1GQ,Q,SA,XDC,Q,2006-Q4,437165000000,0,,,,,,,,,L,,,O,OL,true,2023-2024,,F
dataflow,IMF.STA:QNEA(7.0.0),R,AUS,B1GQ,Q,SA,XDC,Q,2007-Q1,443184000000,0,,,,,,,,,L,,,O,OL,true,2023-2024,,F
dataflow,IMF.STA:QNEA(7.0.0),R,AUS,B1GQ,Q,SA,XDC,Q,2007-Q2,446128000000,0,,,,,,,,,L,,,O,OL,true,2023-2024,,F
dataflow,IMF.STA:QNEA(7.0.0),R,AUS,B1GQ,Q,SA,XDC,Q,2007-Q3,451354000000,0,,,,,,,,,L,,,O,OL,true,2023-2024,,F
dataflow,IMF.STA:QNEA(7.0.0),R,AUS,B1GQ,Q,SA,XDC,Q,2007-Q4,452939000000,0,,,,,,,,,L,,,O,OL,true,2023-2024,,F
dataflow,IMF.STA:QNEA(7.0.0),R,AUS,B1GQ,Q,SA,XDC,Q,2008-Q1,458030000000,0,,,,,,,,,L,,,O,OL,true,2023-2024,,F
dataflow,IMF.STA:QNEA(7.0.0),R,AUS,B1GQ,Q,SA,XDC,Q,2008-Q2,459711000000,0,,,,,,,,,L,,,O,OL,true,2023-2024,,F
dataflow,IMF.STA:QNEA(7.0.0),R,AUS,B1GQ,Q,SA,XDC,Q,2008-Q3,462813000000,0,,,,,,,,,L,,,O,OL,true,2023-2024,,F
dataflow,IMF.STA:QNEA(7.0.0),R,AUS,B1GQ,Q,SA,XDC,Q,2008-Q4,460801000000,0,,,,,,,,,L,,,O,OL,true,2023-2024,,F
dataflow,IMF.STA:QNEA(7.0.0),R,AUS,B1GQ,Q,SA,XDC,Q,2009-Q1,465513000000,0,,,,,,,,,L,,,O,OL,true,2023-2024,,F
dataflow,IMF.STA:QNEA(7.0.0),R,AUS,B1GQ,Q,SA,XDC,Q,2009-Q2,468525000000,0,,,,,,,,,L,,,O,OL,true,2023-2024,,F
dataflow,IMF.STA:QNEA(7.0.0),R,AUS,B1GQ,Q,SA,XDC,Q,2009-Q3,469982000000,0,,,,,,,,,L,,,O,OL,true,2023-2024,,F
dataflow,IMF.STA:QNEA(7.0.0),R,AUS,B1GQ,Q,SA,XDC,Q,2009-Q4,473770000000,0,,,,,,,,,L,,,O,OL,true,2023-2024,,F
dataflow,IMF.STA:QNEA(7.0.0),R,AUS,B1GQ,Q,SA,XDC,Q,2010-Q1,475949000000,0,,,,,,,,,L,,,O,OL,true,2023-2024,,F
dataflow,IMF.STA:QNEA(7.0.0),R,AUS,B1GQ,Q,SA,XDC,Q,2010-Q2,479006000000,0,,,,,,,,,L,,,O,OL,true,2023-2024,,F
dataflow,IMF.STA:QNEA(7.0.0),R,AUS,B1GQ,Q,SA,XDC,Q,2010-Q3,482198000000,0,,,,,,,,,L,,,O,OL,true,2023-2024,,F
dataflow,IMF.STA:QNEA(7.0.0),R,AUS,B1GQ,Q,SA,XDC,Q,2010-Q4,486229000000,0,,,,,,,,,L,,,O,OL,true,2023-2024,,F
dataflow,IMF.STA:QNEA(7.0.0),R,AUS,B1GQ,Q,SA,XDC,Q,2011-Q1,484903000000,0,,,,,,,,,L,,,O,OL,true,2023-2024,,F
dataflow,IMF.STA:QNEA(7.0.0),R,AUS,B1GQ,Q,SA,XDC,Q,2011-Q2,490846000000,0,,,,,,,,,L,,,O,OL,true,2023-2024,,F
dataflow,IMF.STA:QNEA(7.0.0),R,AUS,B1GQ,Q,SA,XDC,Q,2011-Q3,497511000000,0,,,,,,,,,L,,,O,OL,true,2023-2024,,F
dataflow,IMF.STA:QNEA(7.0.0),R,AUS,B1GQ,Q,SA,XDC,Q,2011-Q4,503039000000,0,,,,,,,,,L,,,O,OL,true,2023-2024,,F
dataflow,IMF.STA:QNEA(7.0.0),R,AUS,B1GQ,Q,SA,XDC,Q,2012-Q1,508399000000,0,,,,,,,,,L,,,O,OL,true,2023-2024,,F
dataflow,IMF.STA:QNEA(7.0.0),R,AUS,B1GQ,Q,SA,XDC,Q,2012-Q2,512069000000,0,,,,,,,,,L,,,O,OL,true,2023-2024,,F
dataflow,IMF.STA:QNEA(7.0.0),R,AUS,B1GQ,Q,SA,XDC,Q,2012-Q3,515083000000,0,,,,,,,,,L,,,O,OL,true,2023-2024,,F
dataflow,IMF.STA:QNEA(7.0.0),R,AUS,B1GQ,Q,SA,XDC,Q,2012-Q4,517341000000,0,,,,,,,,,L,,,O,OL,true,2023-2024,,F
dataflow,IMF.STA:QNEA(7.0.0),R,AUS,B1GQ,Q,SA,XDC,Q,2013-Q1,520159000000,0,,,,,,,,,L,,,O,OL,true,2023-2024,,F
dataflow,IMF.STA:QNEA(7.0.0),R,AUS,B1GQ,Q,SA,XDC,Q,2013-Q2,522083000000,0,,,,,,,,,L,,,O,OL,true,2023-2024,,F
dataflow,IMF.STA:QNEA(7.0.0),R,AUS,B1GQ,Q,SA,XDC,Q,2013-Q3,526314000000,0,,,,,,,,,L,,,O,OL,true,2023-2024,,F
dataflow,IMF.STA:QNEA(7.0.0),R,AUS,B1GQ,Q,SA,XDC,Q,2013-Q4,530419000000,0,,,,,,,,,L,,,O,OL,true,2023-2024,,F
dataflow,IMF.STA:QNEA(7.0.0),R,AUS,B1GQ,Q,SA,XDC,Q,2014-Q1,534667000000,0,,,,,,,,,L,,,O,OL,true,2023-2024,,F
dataflow,IMF.STA:QNEA(7.0.0),R,AUS,B1GQ,Q,SA,XDC,Q,2014-Q2,537231000000,0,,,,,,,,,L,,,O,OL,true,2023-2024,,F
dataflow,IMF.STA:QNEA(7.0.0),R,AUS,B1GQ,Q,SA,XDC,Q,2014-Q3,539397000000,0,,,,,,,,,L,,,O,OL,true,2023-2024,,F
dataflow,IMF.STA:QNEA(7.0.0),R,AUS,B1GQ,Q,SA,XDC,Q,2014-Q4,541390000000,0,,,,,,,,,L,,,O,OL,true,2023-2024,,F
dataflow,IMF.STA:QNEA(7.0.0),R,AUS,B1GQ,Q,SA,XDC,Q,2015-Q1,546692000000,0,,,,,,,,,L,,,O,OL,true,2023-2024,,F
dataflow,IMF.STA:QNEA(7.0.0),R,AUS,B1GQ,Q,SA,XDC,Q,2015-Q2,547224000000,0,,,,,,,,,L,,,O,OL,true,2023-2024,,F
dataflow,IMF.STA:QNEA(7.0.0),R,AUS,B1GQ,Q,SA,XDC,Q,2015-Q3,552637000000,0,,,,,,,,,L,,,O,OL,true,2023-2024,,F
dataflow,IMF.STA:QNEA(7.0.0),R,AUS,B1GQ,Q,SA,XDC,Q,2015-Q4,556034000000,0,,,,,,,,,L,,,O,OL,true,2023-2024,,F
dataflow,IMF.STA:QNEA(7.0.0),R,AUS,B1GQ,Q,SA,XDC,Q,2016-Q1,561181000000,0,,,,,,,,,L,,,O,OL,true,2023-2024,,F
dataflow,IMF.STA:QNEA(7.0.0),R,AUS,B1GQ,Q,SA,XDC,Q,2016-Q2,564778000000,0,,,,,,,,,L,,,O,OL,true,2023-2024,,F
dataflow,IMF.STA:QNEA(7.0.0),R,AUS,B1GQ,Q,SA,XDC,Q,2016-Q3,564810000000,0,,,,,,,,,L,,,O,OL,true,2023-2024,,F
dataflow,IMF.STA:QNEA(7.0.0),R,AUS,B1GQ,Q,SA,XDC,Q,2016-Q4,571330000000,0,,,,,,,,,L,,,O,OL,true,2023-2024,,F
dataflow,IMF.STA:QNEA(7.0.0),R,AUS,B1GQ,Q,SA,XDC,Q,2017-Q1,573227000000,0,,,,,,,,,L,,,O,OL,true,2023-2024,,F
dataflow,IMF.STA:QNEA(7.0.0),R,AUS,B1GQ,Q,SA,XDC,Q,2017-Q2,576511000000,0,,,,,,,,,L,,,O,OL,true,2023-2024,,F
dataflow,IMF.STA:QNEA(7.0.0),R,AUS,B1GQ,Q,SA,XDC,Q,2017-Q3,582038000000,0,,,,,,,,,L,,,O,OL,true,2023-2024,,F
dataflow,IMF.STA:QNEA(7.0.0),R,AUS,B1GQ,Q,SA,XDC,Q,2017-Q4,584318000000,0,,,,,,,,,L,,,O,OL,true,2023-2024,,F
dataflow,IMF.STA:QNEA(7.0.0),R,AUS,B1GQ,Q,SA,XDC,Q,2018-Q1,590527000000,0,,,,,,,,,L,,,O,OL,true,2023-2024,,F
dataflow,IMF.STA:QNEA(7.0.0),R,AUS,B1GQ,Q,SA,XDC,Q,2018-Q2,594694000000,0,,,,,,,,,L,,,O,OL,true,2023-2024,,F
dataflow,IMF.STA:QNEA(7.0.0),R,AUS,B1GQ,Q,SA,XDC,Q,2018-Q3,596975000000,0,,,,,,,,,L,,,O,OL,true,2023-2024,,F
dataflow,IMF.STA:QNEA(7.0.0),R,AUS,B1GQ,Q,SA,XDC,Q,2018-Q4,598406000000,0,,,,,,,,,L,,,O,OL,true,2023-2024,,F
dataflow,IMF.STA:QNEA(7.0.0),R,AUS,B1GQ,Q,SA,XDC,Q,2019-Q1,603121000000,0,,,,,,,,,L,,,O,OL,true,2023-2024,,F
dataflow,IMF.STA:QNEA(7.0.0),R,AUS,B1GQ,Q,SA,XDC,Q,2019-Q2,604669000000,0,,,,,,,,,L,,,O,OL,true,2023-2024,,F
dataflow,IMF.STA:QNEA(7.0.0),R,AUS,B1GQ,Q,SA,XDC,Q,2019-Q3,608155000000,0,,,,,,,,,L,,,O,OL,true,2023-2024,,F
dataflow,IMF.STA:QNEA(7.0.0),R,AUS,B1GQ,Q,SA,XDC,Q,2019-Q4,611732000000,0,,,,,,,,,L,,,O,OL,true,2023-2024,,F
dataflow,IMF.STA:QNEA(7.0.0),R,AUS,B1GQ,Q,SA,XDC,Q,2020-Q1,610772000000,0,,,,,,,,,L,,,O,OL,true,2023-2024,,F
dataflow,IMF.STA:QNEA(7.0.0),R,AUS,B1GQ,Q,SA,XDC,Q,2020-Q2,569303000000,0,,,,,,,,,L,,,O,OL,true,2023-2024,,F
dataflow,IMF.STA:QNEA(7.0.0),R,AUS,B1GQ,Q,SA,XDC,Q,2020-Q3,588877000000,0,,,,,,,,,L,,,O,OL,true,2023-2024,,F
dataflow,IMF.STA:QNEA(7.0.0),R,AUS,B1GQ,Q,SA,XDC,Q,2020-Q4,609061000000,0,,,,,,,,,L,,,O,OL,true,2023-2024,,F
dataflow,IMF.STA:QNEA(7.0.0),R,AUS,B1GQ,Q,SA,XDC,Q,2021-Q1,622761000000,0,,,,,,,,,L,,,O,OL,true,2023-2024,,F
dataflow,IMF.STA:QNEA(7.0.0),R,AUS,B1GQ,Q,SA,XDC,Q,2021-Q2,627429000000,0,,,,,,,,,L,,,O,OL,true,2023-2024,,F
dataflow,IMF.STA:QNEA(7.0.0),R,AUS,B1GQ,Q,SA,XDC,Q,2021-Q3,616398000000,0,,,,,,,,,L,,,O,OL,true,2023-2024,,F
dataflow,IMF.STA:QNEA(7.0.0),R,AUS,B1GQ,Q,SA,XDC,Q,2021-Q4,639065000000,0,,,,,,,,,L,,,O,OL,true,2023-2024,,F
dataflow,IMF.STA:QNEA(7.0.0),R,AUS,B1GQ,Q,SA,XDC,Q,2022-Q1,645474000000,0,,,,,,,,,L,,,O,OL,true,2023-2024,,F
dataflow,IMF.STA:QNEA(7.0.0),R,AUS,B1GQ,Q,SA,XDC,Q,2022-Q2,651311000000,0,,,,,,,,,L,,,O,OL,true,2023-2024,,F
dataflow,IMF.STA:QNEA(7.0.0),R,AUS,B1GQ,Q,SA,XDC,Q,2022-Q3,654278000000,0,,,,,,,,,L,,,O,OL,true,2023-2024,,F
dataflow,IMF.STA:QNEA(7.0.0),R,AUS,B1GQ,Q,SA,XDC,Q,2022-Q4,659867000000,0,,,,,,,,,L,,,O,OL,true,2023-2024,,F
dataflow,IMF.STA:QNEA(7.0.0),R,AUS,B1GQ,Q,SA,XDC,Q,2023-Q1,663632000000,0,,,,,,,,,L,,,O,OL,true,2023-2024,,F
dataflow,IMF.STA:QNEA(7.0.0),R,AUS,B1GQ,Q,SA,XDC,Q,2023-Q2,665940000000,0,,,,,,,,,L,,,O,OL,true,2023-2024,,F
dataflow,IMF.STA:QNEA(7.0.0),R,AUS,B1GQ,Q,SA,XDC,Q,2023-Q3,668408000000,0,,,,,,,,,L,,,O,OL,true,2023-2024,,F
dataflow,IMF.STA:QNEA(7.0.0),R,AUS,B1GQ,Q,SA,XDC,Q,2023-Q4,668625000000,0,,,,,,,,,L,,,O,OL,true,2023-2024,,F
dataflow,IMF.STA:QNEA(7.0.0),R,AUS,B1GQ,Q,SA,XDC,Q,2024-Q1,670929000000,0,,,,,,,,,L,,,O,OL,true,2023-2024,,F
dataflow,IMF.STA:QNEA(7.0.0),R,AUS,B1GQ,Q,SA,XDC,Q,2024-Q2,672062000000,0,,,,,,,,,L,,,O,OL,true,2023-2024,,F
dataflow,IMF.STA:QNEA(7.0.0),R,AUS,B1GQ,Q,SA,XDC,Q,2024-Q3,673895000000,0,,,,,,,,,L,,,O,OL,true,2023-2024,,F
dataflow,IMF.STA:QNEA(7.0.0),R,AUS,B1GQ,Q,SA,XDC,Q,2024-Q4,676864000000,0,,,,,,,,,L,,,O,OL,true,2023-2024,,F
dataflow,IMF.STA:QNEA(7.0.0),R,AUS,B1GQ,Q,SA,XDC,Q,2025-Q1,679519000000,0,,,,,,,,,L,,,O,OL,true,2023-2024,,F
dataflow,IMF.STA:QNEA(7.0.0),R,AUS,B1GQ,Q,SA,XDC,Q,2025-Q2,684822000000,0,,,,,,,,,L,,,O,OL,true,2023-2024,,F
dataflow,IMF.STA:QNEA(7.0.0),R,AUS,B1GQ,Q,SA,XDC,Q,2025-Q3,688271000000,0,,,,,,,,,L,,,O,OL,true,2023-2024,,F
dataflow,IMF.STA:QNEA(7.0.0),R,AUS,B1GQ,Q,SA,XDC,Q,2025-Q4,694551000000,0,,,,,,,,,L,,,O,OL,true,2023-2024,,F
dataflow,IMF.STA:QNEA(7.0.0),R,AUS,B1GQ,Q,SA,XDC,Q,2026-Q1,696539000000,0,,,,,,,,,L,,,O,OL,true,2023-2024,,F
dataflow,IMF.STA:QNEA(7.0.0),R,AUS,B1GQ,Q,SA,XDC,Q,2026-Q2,699461000000,0,,,,,,,,,L,,,O,OL,true,2023-2024,,F
dataflow,IMF.STA:QNEA(7.0.0),R,AUT,B1GQ,Q,SA,XDC,Q,1995-Q1,53754856732.907,0,,,,,,,,,L,,,O,OL,true,2010,,F
dataflow,IMF.STA:QNEA(7.0.0),R,AUT,B1GQ,Q,SA,XDC,Q,1995-Q2,54454589056.3,0,,,,,,,,,L,,,O,OL,true,2010,,F
dataflow,IMF.STA:QNEA(7.0.0),R,AUT,B1GQ,Q,SA,XDC,Q,1995-Q3,54764272518.308,0,,,,,,,,,L,,,O,OL,true,2010,,F
dataflow,IMF.STA:QNEA(7.0.0),R,AUT,B1GQ,Q,SA,XDC,Q,1995-Q4,55216942041.354,0,,,,,,,,,L,,,O,OL,true,2010,,F
dataflow,IMF.STA:QNEA(7.0.0),R,AUT,B1GQ,Q,SA,XDC,Q,1996-Q1,55207981602.538,0,,,,,,,,,L,,,O,OL,true,2010,,F
dataflow,IMF.STA:QNEA(7.0.0),R,AUT,B1GQ,Q,SA,XDC,Q,1996-Q2,55603025170.586,0,,,,,,,,,L,,,O,OL,true,2010,,F
dataflow,IMF.STA:QNEA(7.0.0),R,AUT,B1GQ,Q,SA,XDC,Q,1996-Q3,55955793212.628,0,,,,,,,,,L,,,O,OL,true,2010,,F
dataflow,IMF.STA:QNEA(7.0.0),R,AUT,B1GQ,Q,SA,XDC,Q,1996-Q4,55932860747.754,0,,,,,,,,,L,,,O,OL,true,2010,,F
dataflow,IMF.STA:QNEA(7.0.0),R,AUT,B1GQ,Q,SA,XDC,Q,1997-Q1,56668215978.952,0,,,,,,,,,L,,,O,OL,true,2010,,F
dataflow,IMF.STA:QNEA(7.0.0),R,AUT,B1GQ,Q,SA,XDC,Q,1997-Q2,56555583304.692,0,,,,,,,,,L,,,O,OL,true,2010,,F
dataflow,IMF.STA:QNEA(7.0.0),R,AUT,B1GQ,Q,SA,XDC,Q,1997-Q3,56982305321.823,0,,,,,,,,,L,,,O,OL,true,2010,,F
dataflow,IMF.STA:QNEA(7.0.0),R,AUT,B1GQ,Q,SA,XDC,Q,1997-Q4,57525074822.117,0,,,,,,,,,L,,,O,OL,true,2010,,F
dataflow,IMF.STA:QNEA(7.0.0),R,AUT,B1GQ,Q,SA,XDC,Q,1998-Q1,58313665268.678,0,,,,,,,,,L,,,O,OL,true,2010,,F
dataflow,IMF.STA:QNEA(7.0.0),R,AUT,B1GQ,Q,SA,XDC,Q,1998-Q2,58820557778.281,0,,,,,,,,,L,,,O,OL,true,2010,,F
dataflow,IMF.STA:QNEA(7.0.0),R,AUT,B1GQ,Q,SA,XDC,Q,1998-Q3,58923850360.94,0,,,,,,,,,L,,,O,OL,true,2010,,F
dataflow,IMF.STA:QNEA(7.0.0),R,AUT,B1GQ,Q,SA,XDC,Q,1998-Q4,59480047065.379,0,,,,,,,,,L,,,O,OL,true,2010,,F
dataflow,IMF.STA:QNEA(7.0.0),R,AUT,B1GQ,Q,SA,XDC,Q,1999-Q1,59992085699.387,0,,,,,,,,,L,,,O,OL,true,2010,,F
dataflow,IMF.STA:QNEA(7.0.0),R,AUT,B1GQ,Q,SA,XDC,Q,1999-Q2,60557256333.488,0,,,,,,,,,L,,,O,OL,true,2010,,F
dataflow,IMF.STA:QNEA(7.0.0),R,AUT,B1GQ,Q,SA,XDC,Q,1999-Q3,61494838087.525,0,,,,,,,,,L,,,O,OL,true,2010,,F
dataflow,IMF.STA:QNEA(7.0.0),R,AUT,B1GQ,Q,SA,XDC,Q,1999-Q4,62055254346.465,0,,,,,,,,,L,,,O,OL,true,2010,,F
dataflow,IMF.STA:QNEA(7.0.0),R,AUT,B1GQ,Q,SA,XDC,Q,2000-Q1,62065269715.666,0,,,,,,,,,L,,,O,OL,true,2010,,F
dataflow,IMF.STA:QNEA(7.0.0),R,AUT,B1GQ,Q,SA,XDC,Q,2000-Q2,62777017048.248,0,,,,,,,,,L,,,O,OL,true,2010,,F
dataflow,IMF.STA:QNEA(7.0.0),R,AUT,B1GQ,Q,SA,XDC,Q,2000-Q3,63651255175.277,0,,,,,,,,,L,,,O,OL,true,2010,,F
dataflow,IMF.STA:QNEA(7.0.0),R,AUT,B1GQ,Q,SA,XDC,Q,2000-Q4,64086816276.252,0,,,,,,,,,L,,,O,OL,true,2010,,F
dataflow,IMF.STA:QNEA(7.0.0),R,AUT,B1GQ,Q,SA,XDC,Q,2001-Q1,63895488096.233,0,,,,,,,,,L,,,O,OL,true,2010,,F
dataflow,IMF.STA:QNEA(7.0.0),R,AUT,B1GQ,Q,SA,XDC,Q,2001-Q2,63713764777.348,0,,,,,,,,,L,,,O,OL,true,2010,,F
dataflow,IMF.STA:QNEA(7.0.0),R,AUT,B1GQ,Q,SA,XDC,Q,2001-Q3,63968345855.011,0,,,,,,,,,L,,,O,OL,true,2010,,F
dataflow,IMF.STA:QNEA(7.0.0),R,AUT,B1GQ,Q,SA,XDC,Q,2001-Q4,64117728105.605,0,,,,,,,,,L,,,O,OL,true,2010,,F
dataflow,IMF.STA:QNEA(7.0.0),R,AUT,B1GQ,Q,SA,XDC,Q,2002-Q1,64830935039.471,0,,,,,,,,,L,,,O,OL,true,2010,,F
dataflow,IMF.STA:QNEA(7.0.0),R,AUT,B1GQ,Q,SA,XDC,Q,2002-Q2,64997242510.429,0,,,,,,,,,L,,,O,OL,true,2010,,F
dataflow,IMF.STA:QNEA(7.0.0),R,AUT,B1GQ,Q,SA,XDC,Q,2002-Q3,64992218149.506,0,,,,,,,,,L,,,O,OL,true,2010,,F
dataflow,IMF.STA:QNEA(7.0.0),R,AUT,B1GQ,Q,SA,XDC,Q,2002-Q4,64665038131.048,0,,,,,,,,,L,,,O,OL,true,2010,,F
dataflow,IMF.STA:QNEA(7.0.0),R,AUT,B1GQ,Q,SA,XDC,Q,2003-Q1,64982147077.574,0,,,,,,,,,L,,,O,OL,true,2010,,F
dataflow,IMF.STA:QNEA(7.0.0),R,AUT,B1GQ,Q,SA,XDC,Q,2003-Q2,65422557501.628,0,,,,,,,,,L,,,O,OL,true,2010,,F
dataflow,IMF.STA:QNEA(7.0.0),R,AUT,B1GQ,Q,SA,XDC,Q,2003-Q3,65916100511.307,0,,,,,,,,,L,,,O,OL,true,2010,,F
dataflow,IMF.STA:QNEA(7.0.0),R,AUT,B1GQ,Q,SA,XDC,Q,2003-Q4,66109489263.892,0,,,,,,,,,L,,,O,OL,true,2010,,F
dataflow,IMF.STA:QNEA(7.0.0),R,AUT,B1GQ,Q,SA,XDC,Q,2004-Q1,66245861634.186,0,,,,,,,,,L,,,O,OL,true,2010,,F
dataflow,IMF.STA:QNEA(7.0.0),R,AUT,B1GQ,Q,SA,XDC,Q,2004-Q2,66922885274.978,0,,,,,,,,,L,,,O,OL,true,2010,,F
dataflow,IMF.STA:QNEA(7.0.0),R,AUT,B1GQ,Q,SA,XDC,Q,2004-Q3,67693879310.5,0,,,,,,,,,L,,,O,OL,true,2010,,F
dataflow,IMF.STA:QNEA(7.0.0),R,AUT,B1GQ,Q,SA,XDC,Q,2004-Q4,67925390817.045,0,,,,,,,,,L,,,O,OL,true,2010,,F
dataflow,IMF.STA:QNEA(7.0.0),R,AUT,B1GQ,Q,SA,XDC,Q,2005-Q1,68085561373.963,0,,,,,,,,,L,,,O,OL,true,2010,,F
dataflow,IMF.STA:QNEA(7.0.0),R,AUT,B1GQ,Q,SA,XDC,Q,2005-Q2,68633789334.298,0,,,,,,,,,L,,,O,OL,true,2010,,F
dataflow,IMF.STA:QNEA(7.0.0),R,AUT,B1GQ,Q,SA,XDC,Q,2005-Q3,68762807603.268,0,,,,,,,,,L,,,O,OL,true,2010,,F
dataflow,IMF.STA:QNEA(7.0.0),R,AUT,B1GQ,Q,SA,XDC,Q,2005-Q4,69831352706.454,0,,,,,,,,,L,,,O,OL,true,2010,,F
dataflow,IMF.STA:QNEA(7.0.0),R,AUT,B1GQ,Q,SA,XDC,Q,2006-Q1,70476933995.678,0,,,,,,,,,L,,,O,OL,true,2010,,F
dataflow,IMF.STA:QNEA(7.0.0),R,AUT,B1GQ,Q,SA,XDC,Q,2006-Q2,70803026657.064,0,,,,,,,,,L,,,O,OL,true,2010,,F
dataflow,IMF.STA:QNEA(7.0.0),R,AUT,B1GQ,Q,SA,XDC,Q,2006-Q3,71236024161.488,0,,,,,,,,,L,,,O,OL,true,2010,,F
dataflow,IMF.STA:QNEA(7.0.0),R,AUT,B1GQ,Q,SA,XDC,Q,2006-Q4,72308287183.221,0,,,,,,,,,L,,,O,OL,true,2010,,F
dataflow,IMF.STA:QNEA(7.0.0),R,AUT,B1GQ,Q,SA,XDC,Q,2007-Q1,73111249657.913,0,,,,,,,,,L,,,O,OL,true,2010,,F
dataflow,IMF.STA:QNEA(7.0.0),R,AUT,B1GQ,Q,SA,XDC,Q,2007-Q2,73814703527.43,0,,,,,,,,,L,,,O,OL,true,2010,,F
dataflow,IMF.STA:QNEA(7.0.0),R,AUT,B1GQ,Q,SA,XDC,Q,2007-Q3,74247836537.643,0,,,,,,,,,L,,,O,OL,true,2010,,F
dataflow,IMF.STA:QNEA(7.0.0),R,AUT,B1GQ,Q,SA,XDC,Q,2007-Q4,74175734654.758,0,,,,,,,,,L,,,O,OL,true,2010,,F
dataflow,IMF.STA:QNEA(7.0.0),R,AUT,B1GQ,Q,SA,XDC,Q,2008-Q1,75725897025.329,0,,,,,,,,,L,,,O,OL,true,2010,,F
dataflow,IMF.STA:QNEA(7.0.0),R,AUT,B1GQ,Q,SA,XDC,Q,2008-Q2,75533905990.981,0,,,,,,,,,L,,,O,OL,true,2010,,F
dataflow,IMF.STA:QNEA(7.0.0),R,AUT,B1GQ,Q,SA,XDC,Q,2008-Q3,75014488164.002,0,,,,,,,,,L,,,O,OL,true,2010,,F
dataflow,IMF.STA:QNEA(7.0.0),R,AUT,B1GQ,Q,SA,XDC,Q,2008-Q4,73103726807.091,0,,,,,,,,,L,,,O,OL,true,2010,,F
dataflow,IMF.STA:QNEA(7.0.0),R,AUT,B1GQ,Q,SA,XDC,Q,2009-Q1,72306443933.007,0,,,,,,,,,L,,,O,OL,true,2010,,F
dataflow,IMF.STA:QNEA(7.0.0),R,AUT,B1GQ,Q,SA,XDC,Q,2009-Q2,71914352882.954,0,,,,,,,,,L,,,O,OL,true,2010,,F
dataflow,IMF.STA:QNEA(7.0.0),R,AUT,B1GQ,Q,SA,XDC,Q,2009-Q3,72160043953.619,0,,,,,,,,,L,,,O,OL,true,2010,,F
dataflow,IMF.STA:QNEA(7.0.0),R,AUT,B1GQ,Q,SA,XDC,Q,2009-Q4,72341391949.027,0,,,,,,,,,L,,,O,OL,true,2010,,F
dataflow,IMF.STA:QNEA(7.0.0),R,AUT,B1GQ,Q,SA,XDC,Q,2010-Q1,72086059405.573,0,,,,,,,,,L,,,O,OL,true,2010,,F
dataflow,IMF.STA:QNEA(7.0.0),R,AUT,B1GQ,Q,SA,XDC,Q,2010-Q2,73044831366.335,0,,,,,,,,,L,,,O,OL,true,2010,,F
dataflow,IMF.STA:QNEA(7.0.0),R,AUT,B1GQ,Q,SA,XDC,Q,2010-Q3,73907898376.012,0,,,,,,,,,L,,,O,OL,true,2010,,F
dataflow,IMF.STA:QNEA(7.0.0),R,AUT,B1GQ,Q,SA,XDC,Q,2010-Q4,74626175128.079,0,,,,,,,,,L,,,O,OL,true,2010,,F
dataflow,IMF.STA:QNEA(7.0.0),R,AUT,B1GQ,Q,SA,XDC,Q,2011-Q1,75371325627.341,0,,,,,,,,,L,,,O,OL,true,2010,,F
dataflow,IMF.STA:QNEA(7.0.0),R,AUT,B1GQ,Q,SA,XDC,Q,2011-Q2,75343210620.677,0,,,,,,,,,L,,,O,OL,true,2010,,F
dataflow,IMF.STA:QNEA(7.0.0),R,AUT,B1GQ,Q,SA,XDC,Q,2011-Q3,75756799904.662,0,,,,,,,,,L,,,O,OL,true,2010,,F
dataflow,IMF.STA:QNEA(7.0.0),R,AUT,B1GQ,Q,SA,XDC,Q,2011-Q4,76077216658.377,0,,,,,,,,,L,,,O,OL,true,2010,,F
dataflow,IMF.STA:QNEA(7.0.0),R,AUT,B1GQ,Q,SA,XDC,Q,2012-Q1,76397023655.102,0,,,,,,,,,L,,,O,OL,true,2010,,F
dataflow,IMF.STA:QNEA(7.0.0),R,AUT,B1GQ,Q,SA,XDC,Q,2012-Q2,76142105469.703,0,,,,,,,,,L,,,O,OL,true,2010,,F
dataflow,IMF.STA:QNEA(7.0.0),R,AUT,B1GQ,Q,SA,XDC,Q,2012-Q3,76389284386.097,0,,,,,,,,,L,,,O,OL,true,2010,,F
dataflow,IMF.STA:QNEA(7.0.0),R,AUT,B1GQ,Q,SA,XDC,Q,2012-Q4,75859980750.511,0,,,,,,,,,L,,,O,OL,true,2010,,F
dataflow,IMF.STA:QNEA(7.0.0),R,AUT,B1GQ,Q,SA,XDC,Q,2013-Q1,75562656146.766,0,,,,,,,,,L,,,O,OL,true,2010,,F
dataflow,IMF.STA:QNEA(7.0.0),R,AUT,B1GQ,Q,SA,XDC,Q,2013-Q2,75910151134.617,0,,,,,,,,,L,,,O,OL,true,2010,,F
dataflow,IMF.STA:QNEA(7.0.0),R,AUT,B1GQ,Q,SA,XDC,Q,2013-Q3,76126626815.495,0,,,,,,,,,L,,,O,OL,true,2010,,F
dataflow,IMF.STA:QNEA(7.0.0),R,AUT,B1GQ,Q,SA,XDC,Q,2013-Q4,76190347740.449,0,,,,,,,,,L,,,O,OL,true,2010,,F
dataflow,IMF.STA:QNEA(7.0.0),R,AUT,B1GQ,Q,SA,XDC,Q,2014-Q1,76189482961.904,0,,,,,,,,,L,,,O,OL,true,2010,,F
dataflow,IMF.STA:QNEA(7.0.0),R,AUT,B1GQ,Q,SA,XDC,Q,2014-Q2,76571520124.718,0,,,,,,,,,L,,,O,OL,true,2010,,F
dataflow,IMF.STA:QNEA(7.0.0),R,AUT,B1GQ,Q,SA,XDC,Q,2014-Q3,76698733912.975,0,,,,,,,,,L,,,O,OL,true,2010,,F
dataflow,IMF.STA:QNEA(7.0.0),R,AUT,B1GQ,Q,SA,XDC,Q,2014-Q4,77013771403.296,0,,,,,,,,,L,,,O,OL,true,2010,,F
dataflow,IMF.STA:QNEA(7.0.0),R,AUT,B1GQ,Q,SA,XDC,Q,2015-Q1,77032325450.132,0,,,,,,,,,L,,,O,OL,true,2010,,F
dataflow,IMF.STA:QNEA(7.0.0),R,AUT,B1GQ,Q,SA,XDC,Q,2015-Q2,77472034457.336,0,,,,,,,,,L,,,O,OL,true,2010,,F
dataflow,IMF.STA:QNEA(7.0.0),R,AUT,B1GQ,Q,SA,XDC,Q,2015-Q3,77765227191.175,0,,,,,,,,,L,,,O,OL,true,2010,,F
dataflow,IMF.STA:QNEA(7.0.0),R,AUT,B1GQ,Q,SA,XDC,Q,2015-Q4,78075450294.269,0,,,,,,,,,L,,,O,OL,true,2010,,F
dataflow,IMF.STA:QNEA(7.0.0),R,AUT,B1GQ,Q,SA,XDC,Q,2016-Q1,78966772393.538,0,,,,,,,,,L,,,O,OL,true,2010,,F
dataflow,IMF.STA:QNEA(7.0.0),R,AUT,B1GQ,Q,SA,XDC,Q,2016-Q2,78924876361.45,0,,,,,,,,,L,,,O,OL,true,2010,,F
dataflow,IMF.STA:QNEA(7.0.0),R,AUT,B1GQ,Q,SA,XDC,Q,2016-Q3,79357918957.307,0,,,,,,,,,L,,,O,OL,true,2010,,F
dataflow,IMF.STA:QNEA(7.0.0),R,AUT,B1GQ,Q,SA,XDC,Q,2016-Q4,79838589701.299,0,,,,,,,,,L,,,O,OL,true,2010,,F
dataflow,IMF.STA:QNEA(7.0.0),R,AUT,B1GQ,Q,SA,XDC,Q,2017-Q1,80620413062.179,0,,,,,,,,,L,,,O,OL,true,2010,,F
dataflow,IMF.STA:QNEA(7.0.0),R,AUT,B1GQ,Q,SA,XDC,Q,2017-Q2,80884143299.802,0,,,,,,,,,L,,,O,OL,true,2010,,F
dataflow,IMF.STA:QNEA(7.0.0),R,AUT,B1GQ,Q,SA,XDC,Q,2017-Q3,81396564203.788,0,,,,,,,,,L,,,O,OL,true,2010,,F
dataflow,IMF.STA:QNEA(7.0.0),R,AUT,B1GQ,Q,SA,XDC,Q,2017-Q4,81785375144.6,0,,,,,,,,,L,,,O,OL,true,2010,,F
dataflow,IMF.STA:QNEA(7.0.0),R,AUT,B1GQ,Q,SA,XDC,Q,2018-Q1,82247374691.723,0,,,,,,,,,L,,,O,OL,true,2010,,F
dataflow,IMF.STA:QNEA(7.0.0),R,AUT,B1GQ,Q,SA,XDC,Q,2018-Q2,82912918202.991,0,,,,,,,,,L,,,O,OL,true,2010,,F
dataflow,IMF.STA:QNEA(7.0.0),R,AUT,B1GQ,Q,SA,XDC,Q,2018-Q3,83250641866.963,0,,,,,,,,,L,,,O,OL,true,2010,,F
dataflow,IMF.STA:QNEA(7.0.0),R,AUT,B1GQ,Q,SA,XDC,Q,2018-Q4,84036774965.211,0,,,,,,,,,L,,,O,OL,true,2010,,F
dataflow,IMF.STA:QNEA(7.0.0),R,AUT,B1GQ,Q,SA,XDC,Q,2019-Q1,84991413821.457,0,,,,,,,,,L,,,O,OL,true,2010,,F
dataflow,IMF.STA:QNEA(7.0.0),R,AUT,B1GQ,Q,SA,XDC,Q,2019-Q2,84464760369.486,0,,,,,,,,,L,,,O,OL,true,2010,,F
dataflow,IMF.STA:QNEA(7.0.0),R,AUT,B1GQ,Q,SA,XDC,Q,2019-Q3,84592258219.884,0,,,,,,,,,L,,,O,OL,true,2010,,F
dataflow,IMF.STA:QNEA(7.0.0),R,AUT,B1GQ,Q,SA,XDC,Q,2019-Q4,84050821410.154,0,,,,,,,,,L,,,O,OL,true,2010,,F
dataflow,IMF.STA:QNEA(7.0.0),R,AUT,B1GQ,Q,SA,XDC,Q,2020-Q1,83125132065.737,0,,,,,,,,,L,,,O,OL,true,2010,,F
dataflow,IMF.STA:QNEA(7.0.0),R,AUT,B1GQ,Q,SA,XDC,Q,2020-Q2,72641721100.531,0,,,,,,,,,L,,,O,OL,true,2010,,F
dataflow,IMF.STA:QNEA(7.0.0),R,AUT,B1GQ,Q,SA,XDC,Q,2020-Q3,80981706380.883,0,,,,,,,,,L,,,O,OL,true,2010,,F
dataflow,IMF.STA:QNEA(7.0.0),R,AUT,B1GQ,Q,SA,XDC,Q,2020-Q4,79788333279.351,0,,,,,,,,,L,,,O,OL,true,2010,,F
dataflow,IMF.STA:QNEA(7.0.0),R,AUT,B1GQ,Q,SA,XDC,Q,2021-Q1,79021876339.302,0,,,,,,,,,L,,,O,OL,true,2010,,F
dataflow,IMF.STA:QNEA(7.0.0),R,AUT,B1GQ,Q,SA,XDC,Q,2021-Q2,82655029355.359,0,,,,,,,,,L,,,O,OL,true,2010,,F
dataflow,IMF.STA:QNEA(7.0.0),R,AUT,B1GQ,Q,SA,XDC,Q,2021-Q3,85235372280.278,0,,,,,,,,,L,,,O,OL,true,2010,,F
dataflow,IMF.STA:QNEA(7.0.0),R,AUT,B1GQ,Q,SA,XDC,Q,2021-Q4,85470786630.084,0,,,,,,,,,L,,,O,OL,true,2010,,F
dataflow,IMF.STA:QNEA(7.0.0),R,AUT,B1GQ,Q,SA,XDC,Q,2022-Q1,85748360686.702,0,,,,,,,,,L,,,O,OL,true,2010,,F
dataflow,IMF.STA:QNEA(7.0.0),R,AUT,B1GQ,Q,SA,XDC,Q,2022-Q2,88244843381.501,0,,,,,,,,,L,,,O,OL,true,2010,,F
dataflow,IMF.STA:QNEA(7.0.0),R,AUT,B1GQ,Q,SA,XDC,Q,2022-Q3,88232199676.756,0,,,,,,,,,L,,,O,OL,true,2010,,F
dataflow,IMF.STA:QNEA(7.0.0),R,AUT,B1GQ,Q,SA,XDC,Q,2022-Q4,88213776700.19,0,,,,,,,,,L,,,O,OL,true,2010,,F
dataflow,IMF.STA:QNEA(7.0.0),R,AUT,B1GQ,Q,SA,XDC,Q,2023-Q1,88142706340.014,0,,,,,,,,,L,,,O,OL,true,2010,,F
dataflow,IMF.STA:QNEA(7.0.0),R,AUT,B1GQ,Q,SA,XDC,Q,2023-Q2,87078466810.109,0,,,,,,,,,L,,,O,OL,true,2010,,F
dataflow,IMF.STA:QNEA(7.0.0),R,AUT,B1GQ,Q,SA,XDC,Q,2023-Q3,86631557461.454,0,,,,,,,,,L,,,O,OL,true,2010,,F
dataflow,IMF.STA:QNEA(7.0.0),R,AUT,B1GQ,Q,SA,XDC,Q,2023-Q4,86222548098.502,0,,,,,,,,,L,,,O,OL,true,2010,,F
dataflow,IMF.STA:QNEA(7.0.0),R,AUT,B1GQ,Q,SA,XDC,Q,2024-Q1,86331421161.592,0,,,,,,,,,L,,,O,OL,true,2010,,F
dataflow,IMF.STA:QNEA(7.0.0),R,AUT,B1GQ,Q,SA,XDC,Q,2024-Q2,86218122092.575,0,,,,,,,,,L,,,O,OL,true,2010,,F
dataflow,IMF.STA:QNEA(7.0.0),R,AUT,B1GQ,Q,SA,XDC,Q,2024-Q3,86130610694.59,0,,,,,,,,,L,,,O,OL,true,2010,,F
dataflow,IMF.STA:QNEA(7.0.0),R,AUT,B1GQ,Q,SA,XDC,Q,2024-Q4,86505723946.203,0,,,,,,,,,L,,,O,OL,true,2010,,F
dataflow,IMF.STA:QNEA(7.0.0),R,AUT,B1GQ,Q,SA,XDC,Q,2025-Q1,86838787536.579,0,,,,,,,,,L,,,O,OL,true,2010,,F
dataflow,IMF.STA:QNEA(7.0.0),R,AUT,B1GQ,Q,SA,XDC,Q,2025-Q2,86997407867.247,0,,,,,,,,,L,,,O,OL,true,2010,,F
dataflow,IMF.STA:QNEA(7.0.0),R,AUT,B1GQ,Q,SA,XDC,Q,2025-Q3,87237656942.676,0,,,,,,,,,L,,,O,OL,true,2010,,F
dataflow,IMF.STA:QNEA(7.0.0),R,AUT,B1GQ,Q,SA,XDC,Q,2025-Q4,87415224574.562,0,,,,,,,,,L,,,O,OL,true,2010,,F
dataflow,IMF.STA:QNEA(7.0.0),R,AUT,B1GQ,Q,SA,XDC,Q,2026-Q1,87509729601.127,0,,,,,,,,,L,,,O,OL,true,2010,,F
dataflow,IMF.STA:QNEA(7.0.0),R,AUT,B1GQ,Q,SA,XDC,Q,2026-Q2,87383834348.985,0,,,,,,,,,L,,,O,OL,true,2010,,F
dataflow,IMF.STA:QNEA(7.0.0),R,BEL,B1GQ,Q,SA,XDC,Q,1995-Q1,66008925596.359,0,,,,,,,,,L,,,O,OL,true,2010,,F
dataflow,IMF.STA:QNEA(7.0.0),R,BEL,B1GQ,Q,SA,XDC,Q,1995-Q2,66345314081.597,0,,,,,,,,,L,,,O,OL,true,2010,,F
dataflow,IMF.STA:QNEA(7.0.0),R,BEL,B1GQ,Q,SA,XDC,Q,1995-Q3,66857000035.385,0,,,,,,,,,L,,,O,OL,true,2010,,F
dataflow,IMF.STA:QNEA(7.0.0),R,BEL,B1GQ,Q,SA,XDC,Q,1995-Q4,67050224693.195,0,,,,,,,,,L,,,O,OL,true,2010,,F
dataflow,IMF.STA:QNEA(7.0.0),R,BEL,B1GQ,Q,SA,XDC,Q,1996-Q1,66750620770.823,0,,,,,,,,,L,,,O,OL,true,2010,,F
dataflow,IMF.STA:QNEA(7.0.0),R,BEL,B1GQ,Q,SA,XDC,Q,1996-Q2,67256641056.308,0,,,,,,,,,L,,,O,OL,true,2010,,F
dataflow,IMF.STA:QNEA(7.0.0),R,BEL,B1GQ,Q,SA,XDC,Q,1996-Q3,67617637145.669,0,,,,,,,,,L,,,O,OL,true,2010,,F
dataflow,IMF.STA:QNEA(7.0.0),R,BEL,B1GQ,Q,SA,XDC,Q,1996-Q4,68155114574.57,0,,,,,,,,,L,,,O,OL,true,2010,,F
dataflow,IMF.STA:QNEA(7.0.0),R,BEL,B1GQ,Q,SA,XDC,Q,1997-Q1,68807089240.528,0,,,,,,,,,L,,,O,OL,true,2010,,F
dataflow,IMF.STA:QNEA(7.0.0),R,BEL,B1GQ,Q,SA,XDC,Q,1997-Q2,69849233959.499,0,,,,,,,,,L,,,O,OL,true,2010,,F
dataflow,IMF.STA:QNEA(7.0.0),R,BEL,B1GQ,Q,SA,XDC,Q,1997-Q3,70484042496.119,0,,,,,,,,,L,,,O,OL,true,2010,,F
dataflow,IMF.STA:QNEA(7.0.0),R,BEL,B1GQ,Q,SA,XDC,Q,1997-Q4,70874127986.919,0,,,,,,,,,L,,,O,OL,true,2010,,F
dataflow,IMF.STA:QNEA(7.0.0),R,BEL,B1GQ,Q,SA,XDC,Q,1998-Q1,71047565086.773,0,,,,,,,,,L,,,O,OL,true,2010,,F
dataflow,IMF.STA:QNEA(7.0.0),R,BEL,B1GQ,Q,SA,XDC,Q,1998-Q2,71276221312.033,0,,,,,,,,,L,,,O,OL,true,2010,,F
dataflow,IMF.STA:QNEA(7.0.0),R,BEL,B1GQ,Q,SA,XDC,Q,1998-Q3,71512572698.719,0,,,,,,,,,L,,,O,OL,true,2010,,F
dataflow,IMF.STA:QNEA(7.0.0),R,BEL,B1GQ,Q,SA,XDC,Q,1998-Q4,71671465097.854,0,,,,,,,,,L,,,O,OL,true,2010,,F
dataflow,IMF.STA:QNEA(7.0.0),R,BEL,B1GQ,Q,SA,XDC,Q,1999-Q1,72405211424.251,0,,,,,,,,,L,,,O,OL,true,2010,,F
dataflow,IMF.STA:QNEA(7.0.0),R,BEL,B1GQ,Q,SA,XDC,Q,1999-Q2,73384103607.536,0,,,,,,,,,L,,,O,OL,true,2010,,F
dataflow,IMF.STA:QNEA(7.0.0),R,BEL,B1GQ,Q,SA,XDC,Q,1999-Q3,74477323903.45,0,,,,,,,,,L,,,O,OL,true,2010,,F
dataflow,IMF.STA:QNEA(7.0.0),R,BEL,B1GQ,Q,SA,XDC,Q,1999-Q4,75356009863.757,0,,,,,,,,,L,,,O,OL,true,2010,,F
dataflow,IMF.STA:QNEA(7.0.0),R,BEL,B1GQ,Q,SA,XDC,Q,2000-Q1,75873276923.636,0,,,,,,,,,L,,,O,OL,true,2010,,F
dataflow,IMF.STA:QNEA(7.0.0),R,BEL,B1GQ,Q,SA,XDC,Q,2000-Q2,76406610804.076,0,,,,,,,,,L,,,O,OL,true,2010,,F
dataflow,IMF.STA:QNEA(7.0.0),R,BEL,B1GQ,Q,SA,XDC,Q,2000-Q3,76789677631.156,0,,,,,,,,,L,,,O,OL,true,2010,,F
dataflow,IMF.STA:QNEA(7.0.0),R,BEL,B1GQ,Q,SA,XDC,Q,2000-Q4,77540420962.463,0,,,,,,,,,L,,,O,OL,true,2010,,F
dataflow,IMF.STA:QNEA(7.0.0),R,BEL,B1GQ,Q,SA,XDC,Q,2001-Q1,77570778797.103,0,,,,,,,,,L,,,O,OL,true,2010,,F
dataflow,IMF.STA:QNEA(7.0.0),R,BEL,B1GQ,Q,SA,XDC,Q,2001-Q2,77575260594.418,0,,,,,,,,,L,,,O,OL,true,2010,,F
dataflow,IMF.STA:QNEA(7.0.0),R,BEL,B1GQ,Q,SA,XDC,Q,2001-Q3,77456873495.541,0,,,,,,,,,L,,,O,OL,true,2010,,F
dataflow,IMF.STA:QNEA(7.0.0),R,BEL,B1GQ,Q,SA,XDC,Q,2001-Q4,77378653448.069,0,,,,,,,,,L,,,O,OL,true,2010,,F
dataflow,IMF.STA:QNEA(7.0.0),R,BEL,B1GQ,Q,SA,XDC,Q,2002-Q1,78027245625.487,0,,,,,,,,,L,,,O,OL,true,2010,,F
dataflow,IMF.STA:QNEA(7.0.0),R,BEL,B1GQ,Q,SA,XDC,Q,2002-Q2,78683363839.906,0,,,,,,,,,L,,,O,OL,true,2010,,F
dataflow,IMF.STA:QNEA(7.0.0),R,BEL,B1GQ,Q,SA,XDC,Q,2002-Q3,79133742188.919,0,,,,,,,,,L,,,O,OL,true,2010,,F
dataflow,IMF.STA:QNEA(7.0.0),R,BEL,B1GQ,Q,SA,XDC,Q,2002-Q4,79428272378.482,0,,,,,,,,,L,,,O,OL,true,2010,,F
dataflow,IMF.STA:QNEA(7.0.0),R,BEL,B1GQ,Q,SA,XDC,Q,2003-Q1,79202491268.481,0,,,,,,,,,L,,,O,OL,true,2010,,F
dataflow,IMF.STA:QNEA(7.0.0),R,BEL,B1GQ,Q,SA,XDC,Q,2003-Q2,79359692423.347,0,,,,,,,,,L,,,O,OL,true,2010,,F
dataflow,IMF.STA:QNEA(7.0.0),R,BEL,B1GQ,Q,SA,XDC,Q,2003-Q3,79714600033.337,0,,,,,,,,,L,,,O,OL,true,2010,,F
dataflow,IMF.STA:QNEA(7.0.0),R,BEL,B1GQ,Q,SA,XDC,Q,2003-Q4,80268313407.227,0,,,,,,,,,L,,,O,OL,true,2010,,F
dataflow,IMF.STA:QNEA(7.0.0),R,BEL,B1GQ,Q,SA,XDC,Q,2004-Q1,81454890386.827,0,,,,,,,,,L,,,O,OL,true,2010,,F
dataflow,IMF.STA:QNEA(7.0.0),R,BEL,B1GQ,Q,SA,XDC,Q,2004-Q2,82225759524.943,0,,,,,,,,,L,,,O,OL,true,2010,,F
dataflow,IMF.STA:QNEA(7.0.0),R,BEL,B1GQ,Q,SA,XDC,Q,2004-Q3,82973712303.204,0,,,,,,,,,L,,,O,OL,true,2010,,F
dataflow,IMF.STA:QNEA(7.0.0),R,BEL,B1GQ,Q,SA,XDC,Q,2004-Q4,83266551248.497,0,,,,,,,,,L,,,O,OL,true,2010,,F
dataflow,IMF.STA:QNEA(7.0.0),R,BEL,B1GQ,Q,SA,XDC,Q,2005-Q1,83685979827.375,0,,,,,,,,,L,,,O,OL,true,2010,,F
dataflow,IMF.STA:QNEA(7.0.0),R,BEL,B1GQ,Q,SA,XDC,Q,2005-Q2,84174072923.602,0,,,,,,,,,L,,,O,OL,true,2010,,F
dataflow,IMF.STA:QNEA(7.0.0),R,BEL,B1GQ,Q,SA,XDC,Q,2005-Q3,84537352192.727,0,,,,,,,,,L,,,O,OL,true,2010,,F
dataflow,IMF.STA:QNEA(7.0.0),R,BEL,B1GQ,Q,SA,XDC,Q,2005-Q4,85183407503.741,0,,,,,,,,,L,,,O,OL,true,2010,,F
dataflow,IMF.STA:QNEA(7.0.0),R,BEL,B1GQ,Q,SA,XDC,Q,2006-Q1,85688835853.732,0,,,,,,,,,L,,,O,OL,true,2010,,F
dataflow,IMF.STA:QNEA(7.0.0),R,BEL,B1GQ,Q,SA,XDC,Q,2006-Q2,85981421112.385,0,,,,,,,,,L,,,O,OL,true,2010,,F
dataflow,IMF.STA:QNEA(7.0.0),R,BEL,B1GQ,Q,SA,XDC,Q,2006-Q3,86771485872.961,0,,,,,,,,,L,,,O,OL,true,2010,,F
dataflow,IMF.STA:QNEA(7.0.0),R,BEL,B1GQ,Q,SA,XDC,Q,2006-Q4,87755282664.628,0,,,,,,,,,L,,,O,OL,true,2010,,F
dataflow,IMF.STA:QNEA(7.0.0),R,BEL,B1GQ,Q,SA,XDC,Q,2007-Q1,88982787755.554,0,,,,,,,,,L,,,O,OL,true,2010,,F
dataflow,IMF.STA:QNEA(7.0.0),R,BEL,B1GQ,Q,SA,XDC,Q,2007-Q2,89376763108.174,0,,,,,,,,,L,,,O,OL,true,2010,,F
dataflow,IMF.STA:QNEA(7.0.0),R,BEL,B1GQ,Q,SA,XDC,Q,2007-Q3,90101292153.301,0,,,,,,,,,L,,,O,OL,true,2010,,F
dataflow,IMF.STA:QNEA(7.0.0),R,BEL,B1GQ,Q,SA,XDC,Q,2007-Q4,90465586168.987,0,,,,,,,,,L,,,O,OL,true,2010,,F
dataflow,IMF.STA:QNEA(7.0.0),R,BEL,B1GQ,Q,SA,XDC,Q,2008-Q1,90838759217.09,0,,,,,,,,,L,,,O,OL,true,2010,,F
dataflow,IMF.STA:QNEA(7.0.0),R,BEL,B1GQ,Q,SA,XDC,Q,2008-Q2,90882816130.315,0,,,,,,,,,L,,,O,OL,true,2010,,F
dataflow,IMF.STA:QNEA(7.0.0),R,BEL,B1GQ,Q,SA,XDC,Q,2008-Q3,90385505752.819,0,,,,,,,,,L,,,O,OL,true,2010,,F
dataflow,IMF.STA:QNEA(7.0.0),R,BEL,B1GQ,Q,SA,XDC,Q,2008-Q4,88423493275.575,0,,,,,,,,,L,,,O,OL,true,2010,,F
dataflow,IMF.STA:QNEA(7.0.0),R,BEL,B1GQ,Q,SA,XDC,Q,2009-Q1,87541424826.728,0,,,,,,,,,L,,,O,OL,true,2010,,F
dataflow,IMF.STA:QNEA(7.0.0),R,BEL,B1GQ,Q,SA,XDC,Q,2009-Q2,87678753861.425,0,,,,,,,,,L,,,O,OL,true,2010,,F
dataflow,IMF.STA:QNEA(7.0.0),R,BEL,B1GQ,Q,SA,XDC,Q,2009-Q3,88900255035.194,0,,,,,,,,,L,,,O,OL,true,2010,,F
dataflow,IMF.STA:QNEA(7.0.0),R,BEL,B1GQ,Q,SA,XDC,Q,2009-Q4,89536670253.871,0,,,,,,,,,L,,,O,OL,true,2010,,F
dataflow,IMF.STA:QNEA(7.0.0),R,BEL,B1GQ,Q,SA,XDC,Q,2010-Q1,89884136389.075,0,,,,,,,,,L,,,O,OL,true,2010,,F
dataflow,IMF.STA:QNEA(7.0.0),R,BEL,B1GQ,Q,SA,XDC,Q,2010-Q2,90704474422.078,0,,,,,,,,,L,,,O,OL,true,2010,,F
dataflow,IMF.STA:QNEA(7.0.0),R,BEL,B1GQ,Q,SA,XDC,Q,2010-Q3,91064032953.81,0,,,,,,,,,L,,,O,OL,true,2010,,F
dataflow,IMF.STA:QNEA(7.0.0),R,BEL,B1GQ,Q,SA,XDC,Q,2010-Q4,91589756235.037,0,,,,,,,,,L,,,O,OL,true,2010,,F
dataflow,IMF.STA:QNEA(7.0.0),R,BEL,B1GQ,Q,SA,XDC,Q,2011-Q1,92218729978.927,0,,,,,,,,,L,,,O,OL,true,2010,,F
dataflow,IMF.STA:QNEA(7.0.0),R,BEL,B1GQ,Q,SA,XDC,Q,2011-Q2,92451614314.861,0,,,,,,,,,L,,,O,OL,true,2010,,F
dataflow,IMF.STA:QNEA(7.0.0),R,BEL,B1GQ,Q,SA,XDC,Q,2011-Q3,92715871231.997,0,,,,,,,,,L,,,O,OL,true,2010,,F
dataflow,IMF.STA:QNEA(7.0.0),R,BEL,B1GQ,Q,SA,XDC,Q,2011-Q4,92871042893.739,0,,,,,,,,,L,,,O,OL,true,2010,,F
dataflow,IMF.STA:QNEA(7.0.0),R,BEL,B1GQ,Q,SA,XDC,Q,2012-Q1,92861656488.042,0,,,,,,,,,L,,,O,OL,true,2010,,F
dataflow,IMF.STA:QNEA(7.0.0),R,BEL,B1GQ,Q,SA,XDC,Q,2012-Q2,92662850724.142,0,,,,,,,,,L,,,O,OL,true,2010,,F
dataflow,IMF.STA:QNEA(7.0.0),R,BEL,B1GQ,Q,SA,XDC,Q,2012-Q3,92821743123.278,0,,,,,,,,,L,,,O,OL,true,2010,,F
dataflow,IMF.STA:QNEA(7.0.0),R,BEL,B1GQ,Q,SA,XDC,Q,2012-Q4,92709951877.053,0,,,,,,,,,L,,,O,OL,true,2010,,F
dataflow,IMF.STA:QNEA(7.0.0),R,BEL,B1GQ,Q,SA,XDC,Q,2013-Q1,92343459243.815,0,,,,,,,,,L,,,O,OL,true,2010,,F
dataflow,IMF.STA:QNEA(7.0.0),R,BEL,B1GQ,Q,SA,XDC,Q,2013-Q2,92949009254.571,0,,,,,,,,,L,,,O,OL,true,2010,,F
dataflow,IMF.STA:QNEA(7.0.0),R,BEL,B1GQ,Q,SA,XDC,Q,2013-Q3,93322266864.887,0,,,,,,,,,L,,,O,OL,true,2010,,F
dataflow,IMF.STA:QNEA(7.0.0),R,BEL,B1GQ,Q,SA,XDC,Q,2013-Q4,93575107883.202,0,,,,,,,,,L,,,O,OL,true,2010,,F
dataflow,IMF.STA:QNEA(7.0.0),R,BEL,B1GQ,Q,SA,XDC,Q,2014-Q1,94115291302.935,0,,,,,,,,,L,,,O,OL,true,2010,,F
dataflow,IMF.STA:QNEA(7.0.0),R,BEL,B1GQ,Q,SA,XDC,Q,2014-Q2,94332954440.441,0,,,,,,,,,L,,,O,OL,true,2010,,F
dataflow,IMF.STA:QNEA(7.0.0),R,BEL,B1GQ,Q,SA,XDC,Q,2014-Q3,94965141548.444,0,,,,,,,,,L,,,O,OL,true,2010,,F
dataflow,IMF.STA:QNEA(7.0.0),R,BEL,B1GQ,Q,SA,XDC,Q,2014-Q4,95347531877.816,0,,,,,,,,,L,,,O,OL,true,2010,,F
dataflow,IMF.STA:QNEA(7.0.0),R,BEL,B1GQ,Q,SA,XDC,Q,2015-Q1,95602571513.683,0,,,,,,,,,L,,,O,OL,true,2010,,F
dataflow,IMF.STA:QNEA(7.0.0),R,BEL,B1GQ,Q,SA,XDC,Q,2015-Q2,96047115069.965,0,,,,,,,,,L,,,O,OL,true,2010,,F
dataflow,IMF.STA:QNEA(7.0.0),R,BEL,B1GQ,Q,SA,XDC,Q,2015-Q3,96178355625.292,0,,,,,,,,,L,,,O,OL,true,2010,,F
dataflow,IMF.STA:QNEA(7.0.0),R,BEL,B1GQ,Q,SA,XDC,Q,2015-Q4,96516519917.012,0,,,,,,,,,L,,,O,OL,true,2010,,F
dataflow,IMF.STA:QNEA(7.0.0),R,BEL,B1GQ,Q,SA,XDC,Q,2016-Q1,96626366232.327,0,,,,,,,,,L,,,O,OL,true,2010,,F
dataflow,IMF.STA:QNEA(7.0.0),R,BEL,B1GQ,Q,SA,XDC,Q,2016-Q2,97197668546.622,0,,,,,,,,,L,,,O,OL,true,2010,,F
dataflow,IMF.STA:QNEA(7.0.0),R,BEL,B1GQ,Q,SA,XDC,Q,2016-Q3,97374572697.229,0,,,,,,,,,L,,,O,OL,true,2010,,F
dataflow,IMF.STA:QNEA(7.0.0),R,BEL,B1GQ,Q,SA,XDC,Q,2016-Q4,97732947357.972,0,,,,,,,,,L,,,O,OL,true,2010,,F
dataflow,IMF.STA:QNEA(7.0.0),R,BEL,B1GQ,Q,SA,XDC,Q,2017-Q1,98333761884.772,0,,,,,,,,,L,,,O,OL,true,2010,,F
dataflow,IMF.STA:QNEA(7.0.0),R,BEL,B1GQ,Q,SA,XDC,Q,2017-Q2,98554807510.818,0,,,,,,,,,L,,,O,OL,true,2010,,F
dataflow,IMF.STA:QNEA(7.0.0),R,BEL,B1GQ,Q,SA,XDC,Q,2017-Q3,98495529399.166,0,,,,,,,,,L,,,O,OL,true,2010,,F
dataflow,IMF.STA:QNEA(7.0.0),R,BEL,B1GQ,Q,SA,XDC,Q,2017-Q4,99282211671.203,0,,,,,,,,,L,,,O,OL,true,2010,,F
dataflow,IMF.STA:QNEA(7.0.0),R,BEL,B1GQ,Q,SA,XDC,Q,2018-Q1,99691746471.104,0,,,,,,,,,L,,,O,OL,true,2010,,F
dataflow,IMF.STA:QNEA(7.0.0),R,BEL,B1GQ,Q,SA,XDC,Q,2018-Q2,100196582885.6,0,,,,,,,,,L,,,O,OL,true,2010,,F
dataflow,IMF.STA:QNEA(7.0.0),R,BEL,B1GQ,Q,SA,XDC,Q,2018-Q3,100632501096.11,0,,,,,,,,,L,,,O,OL,true,2010,,F
dataflow,IMF.STA:QNEA(7.0.0),R,BEL,B1GQ,Q,SA,XDC,Q,2018-Q4,101557188900.55,0,,,,,,,,,L,,,O,OL,true,2010,,F
dataflow,IMF.STA:QNEA(7.0.0),R,BEL,B1GQ,Q,SA,XDC,Q,2019-Q1,101974418861.88,0,,,,,,,,,L,,,O,OL,true,2010,,F
dataflow,IMF.STA:QNEA(7.0.0),R,BEL,B1GQ,Q,SA,XDC,Q,2019-Q2,102579292374.92,0,,,,,,,,,L,,,O,OL,true,2010,,F
dataflow,IMF.STA:QNEA(7.0.0),R,BEL,B1GQ,Q,SA,XDC,Q,2019-Q3,103388721882.39,0,,,,,,,,,L,,,O,OL,true,2010,,F
dataflow,IMF.STA:QNEA(7.0.0),R,BEL,B1GQ,Q,SA,XDC,Q,2019-Q4,103957910141.35,0,,,,,,,,,L,,,O,OL,true,2010,,F
dataflow,IMF.STA:QNEA(7.0.0),R,BEL,B1GQ,Q,SA,XDC,Q,2020-Q1,101255217236.2,0,,,,,,,,,L,,,O,OL,true,2010,,F
dataflow,IMF.STA:QNEA(7.0.0),R,BEL,B1GQ,Q,SA,XDC,Q,2020-Q2,90213844459.447,0,,,,,,,,,L,,,O,OL,true,2010,,F
dataflow,IMF.STA:QNEA(7.0.0),R,BEL,B1GQ,Q,SA,XDC,Q,2020-Q3,100573814919.95,0,,,,,,,,,L,,,O,OL,true,2010,,F
dataflow,IMF.STA:QNEA(7.0.0),R,BEL,B1GQ,Q,SA,XDC,Q,2020-Q4,100115064911.8,0,,,,,,,,,L,,,O,OL,true,2010,,F
dataflow,IMF.STA:QNEA(7.0.0),R,BEL,B1GQ,Q,SA,XDC,Q,2021-Q1,101745170701.12,0,,,,,,,,,L,,,O,OL,true,2010,,F
dataflow,IMF.STA:QNEA(7.0.0),R,BEL,B1GQ,Q,SA,XDC,Q,2021-Q2,103303905982.26,0,,,,,,,,,L,,,O,OL,true,2010,,F
dataflow,IMF.STA:QNEA(7.0.0),R,BEL,B1GQ,Q,SA,XDC,Q,2021-Q3,105331876986.03,0,,,,,,,,,L,,,O,OL,true,2010,,F
dataflow,IMF.STA:QNEA(7.0.0),R,BEL,B1GQ,Q,SA,XDC,Q,2021-Q4,106304511565.51,0,,,,,,,,,L,,,O,OL,true,2010,,F
dataflow,IMF.STA:QNEA(7.0.0),R,BEL,B1GQ,Q,SA,XDC,Q,2022-Q1,106977203973.77,0,,,,,,,,,L,,,O,OL,true,2010,,F
dataflow,IMF.STA:QNEA(7.0.0),R,BEL,B1GQ,Q,SA,XDC,Q,2022-Q2,108183653073.54,0,,,,,,,,,L,,,O,OL,true,2010,,F
dataflow,IMF.STA:QNEA(7.0.0),R,BEL,B1GQ,Q,SA,XDC,Q,2022-Q3,108971688341,0,,,,,,,,,L,,,O,OL,true,2010,,F
dataflow,IMF.STA:QNEA(7.0.0),R,BEL,B1GQ,Q,SA,XDC,Q,2022-Q4,109322790651.38,0,,,,,,,,,L,,,O,OL,true,2010,,F
dataflow,IMF.STA:QNEA(7.0.0),R,BEL,B1GQ,Q,SA,XDC,Q,2023-Q1,109617067154.3,0,,,,,,,,,L,,,O,OL,true,2010,,F
dataflow,IMF.STA:QNEA(7.0.0),R,BEL,B1GQ,Q,SA,XDC,Q,2023-Q2,109947282597.96,0,,,,,,,,,L,,,O,OL,true,2010,,F
dataflow,IMF.STA:QNEA(7.0.0),R,BEL,B1GQ,Q,SA,XDC,Q,2023-Q3,110141183753.47,0,,,,,,,,,L,,,O,OL,true,2010,,F
dataflow,IMF.STA:QNEA(7.0.0),R,BEL,B1GQ,Q,SA,XDC,Q,2023-Q4,110517062792.41,0,,,,,,,,,L,,,O,OL,true,2010,,F
dataflow,IMF.STA:QNEA(7.0.0),R,BEL,B1GQ,Q,SA,XDC,Q,2024-Q1,110940550357.53,0,,,,,,,,,L,,,O,OL,true,2010,,F
dataflow,IMF.STA:QNEA(7.0.0),R,BEL,B1GQ,Q,SA,XDC,Q,2024-Q2,111156437688.56,0,,,,,,,,,L,,,O,OL,true,2010,,F
dataflow,IMF.STA:QNEA(7.0.0),R,BEL,B1GQ,Q,SA,XDC,Q,2024-Q3,111397524559.2,0,,,,,,,,,L,,,O,OL,true,2010,,F
dataflow,IMF.STA:QNEA(7.0.0),R,BEL,B1GQ,Q,SA,XDC,Q,2024-Q4,111560729631.22,0,,,,,,,,,L,,,O,OL,true,2010,,F
dataflow,IMF.STA:QNEA(7.0.0),R,BEL,B1GQ,Q,SA,XDC,Q,2025-Q1,112003666505.45,0,,,,,,,,,L,,,O,OL,true,2010,,F
dataflow,IMF.STA:QNEA(7.0.0),R,BEL,B1GQ,Q,SA,XDC,Q,2025-Q2,112282468123.3,0,,,,,,,,,L,,,O,OL,true,2010,,F
dataflow,IMF.STA:QNEA(7.0.0),R,BEL,B1GQ,Q,SA,XDC,Q,2025-Q3,112543088865.26,0,,,,,,,,,L,,,O,OL,true,2010,,F
dataflow,IMF.STA:QNEA(7.0.0),R,BEL,B1GQ,Q,SA,XDC,Q,2025-Q4,112601436792.56,0,,,,,,,,,L,,,O,OL,true,2010,,F
dataflow,IMF.STA:QNEA(7.0.0),R,BEL,B1GQ,Q,SA,XDC,Q,2026-Q1,112852840253.25,0,,,,,,,,,L,,,O,OL,true,2010,,F
dataflow,IMF.STA:QNEA(7.0.0),R,BEL,B1GQ,Q,SA,XDC,Q,2026-Q2,112887764447.42,0,,,,,,,,,L,,,O,OL,true,2010,,F
dataflow,IMF.STA:QNEA(7.0.0),R,BGR,B1GQ,Q,SA,XDC,Q,1996-Q1,7461202836.4553,0,,,,,,,,,L,,,O,OL,true,2010,,F
dataflow,IMF.STA:QNEA(7.0.0),R,BGR,B1GQ,Q,SA,XDC,Q,1996-Q2,7374219473.4817,0,,,,,,,,,L,,,O,OL,true,2010,,F
dataflow,IMF.STA:QNEA(7.0.0),R,BGR,B1GQ,Q,SA,XDC,Q,1996-Q3,7019869974.8531,0,,,,,,,,,L,,,O,OL,true,2010,,F
dataflow,IMF.STA:QNEA(7.0.0),R,BGR,B1GQ,Q,SA,XDC,Q,1996-Q4,6868472764.624,0,,,,,,,,,L,,,O,OL,true,2010,,F
dataflow,IMF.STA:QNEA(7.0.0),R,BGR,B1GQ,Q,SA,XDC,Q,1997-Q1,6183534509.1617,0,,,,,,,,,L,,,O,OL,true,2010,,F
dataflow,IMF.STA:QNEA(7.0.0),R,BGR,B1GQ,Q,SA,XDC,Q,1997-Q2,6117630249.3946,0,,,,,,,,,L,,,O,OL,true,2010,,F
dataflow,IMF.STA:QNEA(7.0.0),R,BGR,B1GQ,Q,SA,XDC,Q,1997-Q3,6251336644.823,0,,,,,,,,,L,,,O,OL,true,2010,,F
dataflow,IMF.STA:QNEA(7.0.0),R,BGR,B1GQ,Q,SA,XDC,Q,1997-Q4,6039233117.9372,0,,,,,,,,,L,,,O,OL,true,2010,,F
dataflow,IMF.STA:QNEA(7.0.0),R,BGR,B1GQ,Q,SA,XDC,Q,1998-Q1,6718785722.2207,0,,,,,,,,,L,,,O,OL,true,2010,,F
dataflow,IMF.STA:QNEA(7.0.0),R,BGR,B1GQ,Q,SA,XDC,Q,1998-Q2,6280580895.5808,0,,,,,,,,,L,,,O,OL,true,2010,,F
dataflow,IMF.STA:QNEA(7.0.0),R,BGR,B1GQ,Q,SA,XDC,Q,1998-Q3,6324369005.8268,0,,,,,,,,,L,,,O,OL,true,2010,,F
dataflow,IMF.STA:QNEA(7.0.0),R,BGR,B1GQ,Q,SA,XDC,Q,1998-Q4,6231621846.2471,0,,,,,,,,,L,,,O,OL,true,2010,,F
dataflow,IMF.STA:QNEA(7.0.0),R,BGR,B1GQ,Q,SA,XDC,Q,1999-Q1,6082698160.8157,0,,,,,,,,,L,,,O,OL,true,2010,,F
dataflow,IMF.STA:QNEA(7.0.0),R,BGR,B1GQ,Q,SA,XDC,Q,1999-Q2,5922963318.0555,0,,,,,,,,,L,,,O,OL,true,2010,,F
dataflow,IMF.STA:QNEA(7.0.0),R,BGR,B1GQ,Q,SA,XDC,Q,1999-Q3,5868071615.4107,0,,,,,,,,,L,,,O,OL,true,2010,,F
dataflow,IMF.STA:QNEA(7.0.0),R,BGR,B1GQ,Q,SA,XDC,Q,1999-Q4,5548121151.4985,0,,,,,,,,,L,,,O,OL,true,2010,,F
dataflow,IMF.STA:QNEA(7.0.0),R,BGR,B1GQ,Q,SA,XDC,Q,2000-Q1,6026228016.3392,0,,,,,,,,,L,,,O,OL,true,2010,,F
dataflow,IMF.STA:QNEA(7.0.0),R,BGR,B1GQ,Q,SA,XDC,Q,2000-Q2,6080850458.4505,0,,,,,,,,,L,,,O,OL,true,2010,,F
dataflow,IMF.STA:QNEA(7.0.0),R,BGR,B1GQ,Q,SA,XDC,Q,2000-Q3,6130693120.2564,0,,,,,,,,,L,,,O,OL,true,2010,,F
dataflow,IMF.STA:QNEA(7.0.0),R,BGR,B1GQ,Q,SA,XDC,Q,2000-Q4,6185950705.2052,0,,,,,,,,,L,,,O,OL,true,2010,,F
dataflow,IMF.STA:QNEA(7.0.0),R,BGR,B1GQ,Q,SA,XDC,Q,2001-Q1,6235155250.5549,0,,,,,,,,,L,,,O,OL,true,2010,,F
dataflow,IMF.STA:QNEA(7.0.0),R,BGR,B1GQ,Q,SA,XDC,Q,2001-Q2,6295694794.4829,0,,,,,,,,,L,,,O,OL,true,2010,,F
dataflow,IMF.STA:QNEA(7.0.0),R,BGR,B1GQ,Q,SA,XDC,Q,2001-Q3,6378667131.622,0,,,,,,,,,L,,,O,OL,true,2010,,F
dataflow,IMF.STA:QNEA(7.0.0),R,BGR,B1GQ,Q,SA,XDC,Q,2001-Q4,6463222900.6383,0,,,,,,,,,L,,,O,OL,true,2010,,F
dataflow,IMF.STA:QNEA(7.0.0),R,BGR,B1GQ,Q,SA,XDC,Q,2002-Q1,6565024541.1161,0,,,,,,,,,L,,,O,OL,true,2010,,F
dataflow,IMF.STA:QNEA(7.0.0),R,BGR,B1GQ,Q,SA,XDC,Q,2002-Q2,6666997332.1102,0,,,,,,,,,L,,,O,OL,true,2010,,F
dataflow,IMF.STA:QNEA(7.0.0),R,BGR,B1GQ,Q,SA,XDC,Q,2002-Q3,6766412991.3283,0,,,,,,,,,L,,,O,OL,true,2010,,F
dataflow,IMF.STA:QNEA(7.0.0),R,BGR,B1GQ,Q,SA,XDC,Q,2002-Q4,6834689036.8826,0,,,,,,,,,L,,,O,OL,true,2010,,F
dataflow,IMF.STA:QNEA(7.0.0),R,BGR,B1GQ,Q,SA,XDC,Q,2003-Q1,6931942201.1915,0,,,,,,,,,L,,,O,OL,true,2010,,F
dataflow,IMF.STA:QNEA(7.0.0),R,BGR,B1GQ,Q,SA,XDC,Q,2003-Q2,6999884022.9182,0,,,,,,,,,L,,,O,OL,true,2010,,F
dataflow,IMF.STA:QNEA(7.0.0),R,BGR,B1GQ,Q,SA,XDC,Q,2003-Q3,7082306648.7555,0,,,,,,,,,L,,,O,OL,true,2010,,F
dataflow,IMF.STA:QNEA(7.0.0),R,BGR,B1GQ,Q,SA,XDC,Q,2003-Q4,7226473914.5386,0,,,,,,,,,L,,,O,OL,true,2010,,F
dataflow,IMF.STA:QNEA(7.0.0),R,BGR,B1GQ,Q,SA,XDC,Q,2004-Q1,7314304370.8128,0,,,,,,,,,L,,,O,OL,true,2010,,F
dataflow,IMF.STA:QNEA(7.0.0),R,BGR,B1GQ,Q,SA,XDC,Q,2004-Q2,7458379802.9409,0,,,,,,,,,L,,,O,OL,true,2010,,F
dataflow,IMF.STA:QNEA(7.0.0),R,BGR,B1GQ,Q,SA,XDC,Q,2004-Q3,7614714229.9897,0,,,,,,,,,L,,,O,OL,true,2010,,F
dataflow,IMF.STA:QNEA(7.0.0),R,BGR,B1GQ,Q,SA,XDC,Q,2004-Q4,7719423699.5454,0,,,,,,,,,L,,,O,OL,true,2010,,F
dataflow,IMF.STA:QNEA(7.0.0),R,BGR,B1GQ,Q,SA,XDC,Q,2005-Q1,7882648254.2511,0,,,,,,,,,L,,,O,OL,true,2010,,F
dataflow,IMF.STA:QNEA(7.0.0),R,BGR,B1GQ,Q,SA,XDC,Q,2005-Q2,7992337250.3783,0,,,,,,,,,L,,,O,OL,true,2010,,F
dataflow,IMF.STA:QNEA(7.0.0),R,BGR,B1GQ,Q,SA,XDC,Q,2005-Q3,8096242879.9235,0,,,,,,,,,L,,,O,OL,true,2010,,F
dataflow,IMF.STA:QNEA(7.0.0),R,BGR,B1GQ,Q,SA,XDC,Q,2005-Q4,8230661926.3029,0,,,,,,,,,L,,,O,OL,true,2010,,F
dataflow,IMF.STA:QNEA(7.0.0),R,BGR,B1GQ,Q,SA,XDC,Q,2006-Q1,8358799639.2147,0,,,,,,,,,L,,,O,OL,true,2010,,F
dataflow,IMF.STA:QNEA(7.0.0),R,BGR,B1GQ,Q,SA,XDC,Q,2006-Q2,8503898625.7065,0,,,,,,,,,L,,,O,OL,true,2010,,F
dataflow,IMF.STA:QNEA(7.0.0),R,BGR,B1GQ,Q,SA,XDC,Q,2006-Q3,8684477446.6736,0,,,,,,,,,L,,,O,OL,true,2010,,F
dataflow,IMF.STA:QNEA(7.0.0),R,BGR,B1GQ,Q,SA,XDC,Q,2006-Q4,8826416965.3713,0,,,,,,,,,L,,,O,OL,true,2010,,F
dataflow,IMF.STA:QNEA(7.0.0),R,BGR,B1GQ,Q,SA,XDC,Q,2007-Q1,8951971897.0688,0,,,,,,,,,L,,,O,OL,true,2010,,F
dataflow,IMF.STA:QNEA(7.0.0),R,BGR,B1GQ,Q,SA,XDC,Q,2007-Q2,9127118209.7251,0,,,,,,,,,L,,,O,OL,true,2010,,F
dataflow,IMF.STA:QNEA(7.0.0),R,BGR,B1GQ,Q,SA,XDC,Q,2007-Q3,9241567488.7618,0,,,,,,,,,L,,,O,OL,true,2010,,F
dataflow,IMF.STA:QNEA(7.0.0),R,BGR,B1GQ,Q,SA,XDC,Q,2007-Q4,9441402557.3181,0,,,,,,,,,L,,,O,OL,true,2010,,F
dataflow,IMF.STA:QNEA(7.0.0),R,BGR,B1GQ,Q,SA,XDC,Q,2008-Q1,9597954762.0592,0,,,,,,,,,L,,,O,OL,true,2010,,F
dataflow,IMF.STA:QNEA(7.0.0),R,BGR,B1GQ,Q,SA,XDC,Q,2008-Q2,9709546465.3129,0,,,,,,,,,L,,,O,OL,true,2010,,F
dataflow,IMF.STA:QNEA(7.0.0),R,BGR,B1GQ,Q,SA,XDC,Q,2008-Q3,9818242838.3168,0,,,,,,,,,L,,,O,OL,true,2010,,F
dataflow,IMF.STA:QNEA(7.0.0),R,BGR,B1GQ,Q,SA,XDC,Q,2008-Q4,9863615719.934,0,,,,,,,,,L,,,O,OL,true,2010,,F
dataflow,IMF.STA:QNEA(7.0.0),R,BGR,B1GQ,Q,SA,XDC,Q,2009-Q1,9442666934.5604,0,,,,,,,,,L,,,O,OL,true,2010,,F
dataflow,IMF.STA:QNEA(7.0.0),R,BGR,B1GQ,Q,SA,XDC,Q,2009-Q2,9440551390.9215,0,,,,,,,,,L,,,O,OL,true,2010,,F
dataflow,IMF.STA:QNEA(7.0.0),R,BGR,B1GQ,Q,SA,XDC,Q,2009-Q3,9518970997.7054,0,,,,,,,,,L,,,O,OL,true,2010,,F
dataflow,IMF.STA:QNEA(7.0.0),R,BGR,B1GQ,Q,SA,XDC,Q,2009-Q4,9236542562.4046,0,,,,,,,,,L,,,O,OL,true,2010,,F
dataflow,IMF.STA:QNEA(7.0.0),R,BGR,B1GQ,Q,SA,XDC,Q,2010-Q1,9364426085.5255,0,,,,,,,,,L,,,O,OL,true,2010,,F
dataflow,IMF.STA:QNEA(7.0.0),R,BGR,B1GQ,Q,SA,XDC,Q,2010-Q2,9518436927.7247,0,,,,,,,,,L,,,O,OL,true,2010,,F
dataflow,IMF.STA:QNEA(7.0.0),R,BGR,B1GQ,Q,SA,XDC,Q,2010-Q3,9588817800.9673,0,,,,,,,,,L,,,O,OL,true,2010,,F
dataflow,IMF.STA:QNEA(7.0.0),R,BGR,B1GQ,Q,SA,XDC,Q,2010-Q4,9688931294.7826,0,,,,,,,,,L,,,O,OL,true,2010,,F
dataflow,IMF.STA:QNEA(7.0.0),R,BGR,B1GQ,Q,SA,XDC,Q,2011-Q1,9690011083.4536,0,,,,,,,,,L,,,O,OL,true,2010,,F
dataflow,IMF.STA:QNEA(7.0.0),R,BGR,B1GQ,Q,SA,XDC,Q,2011-Q2,9787420928.2964,0,,,,,,,,,L,,,O,OL,true,2010,,F
dataflow,IMF.STA:QNEA(7.0.0),R,BGR,B1GQ,Q,SA,XDC,Q,2011-Q3,9795294767.5622,0,,,,,,,,,L,,,O,OL,true,2010,,F
dataflow,IMF.STA:QNEA(7.0.0),R,BGR,B1GQ,Q,SA,XDC,Q,2011-Q4,9783694663.4682,0,,,,,,,,,L,,,O,OL,true,2010,,F
dataflow,IMF.STA:QNEA(7.0.0),R,BGR,B1GQ,Q,SA,XDC,Q,2012-Q1,9852141940.7421,0,,,,,,,,,L,,,O,OL,true,2010,,F
dataflow,IMF.STA:QNEA(7.0.0),R,BGR,B1GQ,Q,SA,XDC,Q,2012-Q2,9825620736.4657,0,,,,,,,,,L,,,O,OL,true,2010,,F
dataflow,IMF.STA:QNEA(7.0.0),R,BGR,B1GQ,Q,SA,XDC,Q,2012-Q3,9802379975.5337,0,,,,,,,,,L,,,O,OL,true,2010,,F
dataflow,IMF.STA:QNEA(7.0.0),R,BGR,B1GQ,Q,SA,XDC,Q,2012-Q4,9771016741.1388,0,,,,,,,,,L,,,O,OL,true,2010,,F
dataflow,IMF.STA:QNEA(7.0.0),R,BGR,B1GQ,Q,SA,XDC,Q,2013-Q1,9744689291.3369,0,,,,,,,,,L,,,O,OL,true,2010,,F
dataflow,IMF.STA:QNEA(7.0.0),R,BGR,B1GQ,Q,SA,XDC,Q,2013-Q2,9725750120.761,0,,,,,,,,,L,,,O,OL,true,2010,,F
dataflow,IMF.STA:QNEA(7.0.0),R,BGR,B1GQ,Q,SA,XDC,Q,2013-Q3,9767250775.1225,0,,,,,,,,,L,,,O,OL,true,2010,,F
dataflow,IMF.STA:QNEA(7.0.0),R,BGR,B1GQ,Q,SA,XDC,Q,2013-Q4,9783691507.3219,0,,,,,,,,,L,,,O,OL,true,2010,,F
dataflow,IMF.STA:QNEA(7.0.0),R,BGR,B1GQ,Q,SA,XDC,Q,2014-Q1,9776331259.7347,0,,,,,,,,,L,,,O,OL,true,2010,,F
dataflow,IMF.STA:QNEA(7.0.0),R,BGR,B1GQ,Q,SA,XDC,Q,2014-Q2,9839844200.388,0,,,,,,,,,L,,,O,OL,true,2010,,F
dataflow,IMF.STA:QNEA(7.0.0),R,BGR,B1GQ,Q,SA,XDC,Q,2014-Q3,9877327004.2514,0,,,,,,,,,L,,,O,OL,true,2010,,F
dataflow,IMF.STA:QNEA(7.0.0),R,BGR,B1GQ,Q,SA,XDC,Q,2014-Q4,9966965111.0197,0,,,,,,,,,L,,,O,OL,true,2010,,F
dataflow,IMF.STA:QNEA(7.0.0),R,BGR,B1GQ,Q,SA,XDC,Q,2015-Q1,10067508458.029,0,,,,,,,,,L,,,O,OL,true,2010,,F
dataflow,IMF.STA:QNEA(7.0.0),R,BGR,B1GQ,Q,SA,XDC,Q,2015-Q2,10138183968.889,0,,,,,,,,,L,,,O,OL,true,2010,,F
dataflow,IMF.STA:QNEA(7.0.0),R,BGR,B1GQ,Q,SA,XDC,Q,2015-Q3,10249684686.451,0,,,,,,,,,L,,,O,OL,true,2010,,F
dataflow,IMF.STA:QNEA(7.0.0),R,BGR,B1GQ,Q,SA,XDC,Q,2015-Q4,10313091133.034,0,,,,,,,,,L,,,O,OL,true,2010,,F
dataflow,IMF.STA:QNEA(7.0.0),R,BGR,B1GQ,Q,SA,XDC,Q,2016-Q1,10394409589.113,0,,,,,,,,,L,,,O,OL,true,2010,,F
dataflow,IMF.STA:QNEA(7.0.0),R,BGR,B1GQ,Q,SA,XDC,Q,2016-Q2,10473190064.441,0,,,,,,,,,L,,,O,OL,true,2010,,F
dataflow,IMF.STA:QNEA(7.0.0),R,BGR,B1GQ,Q,SA,XDC,Q,2016-Q3,10522607605.835,0,,,,,,,,,L,,,O,OL,true,2010,,F
dataflow,IMF.STA:QNEA(7.0.0),R,BGR,B1GQ,Q,SA,XDC,Q,2016-Q4,10623368657.239,0,,,,,,,,,L,,,O,OL,true,2010,,F
dataflow,IMF.STA:QNEA(7.0.0),R,BGR,B1GQ,Q,SA,XDC,Q,2017-Q1,10690172893.723,0,,,,,,,,,L,,,O,OL,true,2010,,F
dataflow,IMF.STA:QNEA(7.0.0),R,BGR,B1GQ,Q,SA,XDC,Q,2017-Q2,10752968858.097,0,,,,,,,,,L,,,O,OL,true,2010,,F
dataflow,IMF.STA:QNEA(7.0.0),R,BGR,B1GQ,Q,SA,XDC,Q,2017-Q3,10833660065.297,0,,,,,,,,,L,,,O,OL,true,2010,,F
dataflow,IMF.STA:QNEA(7.0.0),R,BGR,B1GQ,Q,SA,XDC,Q,2017-Q4,10893857518.746,0,,,,,,,,,L,,,O,OL,true,2010,,F
dataflow,IMF.STA:QNEA(7.0.0),R,BGR,B1GQ,Q,SA,XDC,Q,2018-Q1,10959508459.681,0,,,,,,,,,L,,,O,OL,true,2010,,F
dataflow,IMF.STA:QNEA(7.0.0),R,BGR,B1GQ,Q,SA,XDC,Q,2018-Q2,11034134007.728,0,,,,,,,,,L,,,O,OL,true,2010,,F
dataflow,IMF.STA:QNEA(7.0.0),R,BGR,B1GQ,Q,SA,XDC,Q,2018-Q3,11064519138.566,0,,,,,,,,,L,,,O,OL,true,2010,,F
dataflow,IMF.STA:QNEA(7.0.0),R,BGR,B1GQ,Q,SA,XDC,Q,2018-Q4,11099720384.198,0,,,,,,,,,L,,,O,OL,true,2010,,F
dataflow,IMF.STA:QNEA(7.0.0),R,BGR,B1GQ,Q,SA,XDC,Q,2019-Q1,11521160271.552,0,,,,,,,,,L,,,O,OL,true,2010,,F
dataflow,IMF.STA:QNEA(7.0.0),R,BGR,B1GQ,Q,SA,XDC,Q,2019-Q2,11480876730.566,0,,,,,,,,,L,,,O,OL,true,2010,,F
dataflow,IMF.STA:QNEA(7.0.0),R,BGR,B1GQ,Q,SA,XDC,Q,2019-Q3,11418289321.93,0,,,,,,,,,L,,,O,OL,true,2010,,F
dataflow,IMF.STA:QNEA(7.0.0),R,BGR,B1GQ,Q,SA,XDC,Q,2019-Q4,11433040381.134,0,,,,,,,,,L,,,O,OL,true,2010,,F
dataflow,IMF.STA:QNEA(7.0.0),R,BGR,B1GQ,Q,SA,XDC,Q,2020-Q1,11453314996.86,0,,,,,,,,,L,,,O,OL,true,2010,,F
dataflow,IMF.STA:QNEA(7.0.0),R,BGR,B1GQ,Q,SA,XDC,Q,2020-Q2,10818839275.524,0,,,,,,,,,L,,,O,OL,true,2010,,F
dataflow,IMF.STA:QNEA(7.0.0),R,BGR,B1GQ,Q,SA,XDC,Q,2020-Q3,11132946335.649,0,,,,,,,,,L,,,O,OL,true,2010,,F
dataflow,IMF.STA:QNEA(7.0.0),R,BGR,B1GQ,Q,SA,XDC,Q,2020-Q4,11079574937.643,0,,,,,,,,,L,,,O,OL,true,2010,,F
dataflow,IMF.STA:QNEA(7.0.0),R,BGR,B1GQ,Q,SA,XDC,Q,2021-Q1,11688099699.639,0,,,,,,,,,L,,,O,OL,true,2010,,F
dataflow,IMF.STA:QNEA(7.0.0),R,BGR,B1GQ,Q,SA,XDC,Q,2021-Q2,11825444322.671,0,,,,,,,,,L,,,O,OL,true,2010,,F
dataflow,IMF.STA:QNEA(7.0.0),R,BGR,B1GQ,Q,SA,XDC,Q,2021-Q3,12056877885.721,0,,,,,,,,,L,,,O,OL,true,2010,,F
dataflow,IMF.STA:QNEA(7.0.0),R,BGR,B1GQ,Q,SA,XDC,Q,2021-Q4,12197224289.237,0,,,,,,,,,L,,,O,OL,true,2010,,F
dataflow,IMF.STA:QNEA(7.0.0),R,BGR,B1GQ,Q,SA,XDC,Q,2022-Q1,12314884104.988,0,,,,,,,,,L,,,O,OL,true,2010,,F
dataflow,IMF.STA:QNEA(7.0.0),R,BGR,B1GQ,Q,SA,XDC,Q,2022-Q2,12417064082.044,0,,,,,,,,,L,,,O,OL,true,2010,,F
dataflow,IMF.STA:QNEA(7.0.0),R,BGR,B1GQ,Q,SA,XDC,Q,2022-Q3,12488814211.876,0,,,,,,,,,L,,,O,OL,true,2010,,F
dataflow,IMF.STA:QNEA(7.0.0),R,BGR,B1GQ,Q,SA,XDC,Q,2022-Q4,12537827893.011,0,,,,,,,,,L,,,O,OL,true,2010,,F
dataflow,IMF.STA:QNEA(7.0.0),R,BGR,B1GQ,Q,SA,XDC,Q,2023-Q1,12582530776.208,0,,,,,,,,,L,,,O,OL,true,2010,,F
dataflow,IMF.STA:QNEA(7.0.0),R,BGR,B1GQ,Q,SA,XDC,Q,2023-Q2,12604841697.04,0,,,,,,,,,L,,,O,OL,true,2010,,F
dataflow,IMF.STA:QNEA(7.0.0),R,BGR,B1GQ,Q,SA,XDC,Q,2023-Q3,12667956514.118,0,,,,,,,,,L,,,O,OL,true,2010,,F
dataflow,IMF.STA:QNEA(7.0.0),R,BGR,B1GQ,Q,SA,XDC,Q,2023-Q4,12749165893.434,0,,,,,,,,,L,,,O,OL,true,2010,,F
dataflow,IMF.STA:QNEA(7.0.0),R,BGR,B1GQ,Q,SA,XDC,Q,2024-Q1,12865420306.384,0,,,,,,,,,L,,,O,OL,true,2010,,F
dataflow,IMF.STA:QNEA(7.0.0),R,BGR,B1GQ,Q,SA,XDC,Q,2024-Q2,12994696057.982,0,,,,,,,,,L,,,O,OL,true,2010,,F
dataflow,IMF.STA:QNEA(7.0.0),R,BGR,B1GQ,Q,SA,XDC,Q,2024-Q3,13113456879.44,0,,,,,,,,,L,,,O,OL,true,2010,,F
dataflow,IMF.STA:QNEA(7.0.0),R,BGR,B1GQ,Q,SA,XDC,Q,2024-Q4,13238754610.36,0,,,,,,,,,L,,,O,OL,true,2010,,F
dataflow,IMF.STA:QNEA(7.0.0),R,BGR,B1GQ,Q,SA,XDC,Q,2025-Q1,13317186989.764,0,,,,,,,,,L,,,O,OL,true,2010,,F
dataflow,IMF.STA:QNEA(7.0.0),R,BGR,B1GQ,Q,SA,XDC,Q,2025-Q2,13433869336.493,0,,,,,,,,,L,,,O,OL,true,2010,,F
dataflow,IMF.STA:QNEA(7.0.0),R,BGR,B1GQ,Q,SA,XDC,Q,2025-Q3,13521743182.594,0,,,,,,,,,L,,,O,OL,true,2010,,F
dataflow,IMF.STA:QNEA(7.0.0),R,BGR,B1GQ,Q,SA,XDC,Q,2025-Q4,13619946865.079,0,,,,,,,,,L,,,O,OL,true,2010,,F
dataflow,IMF.STA:QNEA(7.0.0),R,BGR,B1GQ,Q,SA,XDC,Q,2026-Q1,13712195962.197,0,,,,,,,,,L,,,O,OL,true,2010,,F
dataflow,IMF.STA:QNEA(7.0.0),R,BGR,B1GQ,Q,SA,XDC,Q,2026-Q2,13803534262.449,0,,,,,,,,,L,,,O,OL,true,2010,,F
dataflow,IMF.STA:QNEA(7.0.0),R,BIH,B1GQ,Q,SA,XDC,Q,2000-Q1,4446397585.7364,0,,,,,,,,,L,,,O,OL,true,2010,,F
dataflow,IMF.STA:QNEA(7.0.0),R,BIH,B1GQ,Q,SA,XDC,Q,2000-Q2,4448069693.5812,0,,,,,,,,,L,,,O,OL,true,2010,,F
dataflow,IMF.STA:QNEA(7.0.0),R,BIH,B1GQ,Q,SA,XDC,Q,2000-Q3,4455306178.2793,0,,,,,,,,,L,,,O,OL,true,2010,,F
dataflow,IMF.STA:QNEA(7.0.0),R,BIH,B1GQ,Q,SA,XDC,Q,2000-Q4,4495236843.4857,0,,,,,,,,,L,,,O,OL,true,2010,,F
dataflow,IMF.STA:QNEA(7.0.0),R,BIH,B1GQ,Q,SA,XDC,Q,2001-Q1,4543211876.8521,0,,,,,,,,,L,,,O,OL,true,2010,,F
dataflow,IMF.STA:QNEA(7.0.0),R,BIH,B1GQ,Q,SA,XDC,Q,2001-Q2,4552703215.068,0,,,,,,,,,L,,,O,OL,true,2010,,F
dataflow,IMF.STA:QNEA(7.0.0),R,BIH,B1GQ,Q,SA,XDC,Q,2001-Q3,4568788637.7047,0,,,,,,,,,L,,,O,OL,true,2010,,F
dataflow,IMF.STA:QNEA(7.0.0),R,BIH,B1GQ,Q,SA,XDC,Q,2001-Q4,4610125599.3732,0,,,,,,,,,L,,,O,OL,true,2010,,F
dataflow,IMF.STA:QNEA(7.0.0),R,BIH,B1GQ,Q,SA,XDC,Q,2002-Q1,4708089746.8973,0,,,,,,,,,L,,,O,OL,true,2010,,F
dataflow,IMF.STA:QNEA(7.0.0),R,BIH,B1GQ,Q,SA,XDC,Q,2002-Q2,4778149020.2437,0,,,,,,,,,L,,,O,OL,true,2010,,F
dataflow,IMF.STA:QNEA(7.0.0),R,BIH,B1GQ,Q,SA,XDC,Q,2002-Q3,4822490775.1116,0,,,,,,,,,L,,,O,OL,true,2010,,F
dataflow,IMF.STA:QNEA(7.0.0),R,BIH,B1GQ,Q,SA,XDC,Q,2002-Q4,4882098274.435,0,,,,,,,,,L,,,O,OL,true,2010,,F
dataflow,IMF.STA:QNEA(7.0.0),R,BIH,B1GQ,Q,SA,XDC,Q,2003-Q1,4901289526.8832,0,,,,,,,,,L,,,O,OL,true,2010,,F
dataflow,IMF.STA:QNEA(7.0.0),R,BIH,B1GQ,Q,SA,XDC,Q,2003-Q2,4928472680.0087,0,,,,,,,,,L,,,O,OL,true,2010,,F
dataflow,IMF.STA:QNEA(7.0.0),R,BIH,B1GQ,Q,SA,XDC,Q,2003-Q3,4998582144.4453,0,,,,,,,,,L,,,O,OL,true,2010,,F
dataflow,IMF.STA:QNEA(7.0.0),R,BIH,B1GQ,Q,SA,XDC,Q,2003-Q4,5107438993.4949,0,,,,,,,,,L,,,O,OL,true,2010,,F
dataflow,IMF.STA:QNEA(7.0.0),R,BIH,B1GQ,Q,SA,XDC,Q,2004-Q1,5118004420.2109,0,,,,,,,,,L,,,O,OL,true,2010,,F
dataflow,IMF.STA:QNEA(7.0.0),R,BIH,B1GQ,Q,SA,XDC,Q,2004-Q2,5238839680.4316,0,,,,,,,,,L,,,O,OL,true,2010,,F
dataflow,IMF.STA:QNEA(7.0.0),R,BIH,B1GQ,Q,SA,XDC,Q,2004-Q3,5368285417.9681,0,,,,,,,,,L,,,O,OL,true,2010,,F
dataflow,IMF.STA:QNEA(7.0.0),R,BIH,B1GQ,Q,SA,XDC,Q,2004-Q4,5478149581.8927,0,,,,,,,,,L,,,O,OL,true,2010,,F
dataflow,IMF.STA:QNEA(7.0.0),R,BIH,B1GQ,Q,SA,XDC,Q,2005-Q1,5325688325.6601,0,,,,,,,,,L,,,O,OL,true,2010,,F
dataflow,IMF.STA:QNEA(7.0.0),R,BIH,B1GQ,Q,SA,XDC,Q,2005-Q2,5459242605.2684,0,,,,,,,,,L,,,O,OL,true,2010,,F
dataflow,IMF.STA:QNEA(7.0.0),R,BIH,B1GQ,Q,SA,XDC,Q,2005-Q3,5571887043.3239,0,,,,,,,,,L,,,O,OL,true,2010,,F
dataflow,IMF.STA:QNEA(7.0.0),R,BIH,B1GQ,Q,SA,XDC,Q,2005-Q4,5687647614.3375,0,,,,,,,,,L,,,O,OL,true,2010,,F
dataflow,IMF.STA:QNEA(7.0.0),R,BIH,B1GQ,Q,SA,XDC,Q,2006-Q1,5605761542.873,0,,,,,,,,,L,,,O,OL,true,2010,,F
dataflow,IMF.STA:QNEA(7.0.0),R,BIH,B1GQ,Q,SA,XDC,Q,2006-Q2,5758485355.7701,0,,,,,,,,,L,,,O,OL,true,2010,,F
dataflow,IMF.STA:QNEA(7.0.0),R,BIH,B1GQ,Q,SA,XDC,Q,2006-Q3,5901659851.7901,0,,,,,,,,,L,,,O,OL,true,2010,,F
dataflow,IMF.STA:QNEA(7.0.0),R,BIH,B1GQ,Q,SA,XDC,Q,2006-Q4,5982415014.6367,0,,,,,,,,,L,,,O,OL,true,2010,,F
dataflow,IMF.STA:QNEA(7.0.0),R,BIH,B1GQ,Q,SA,XDC,Q,2007-Q1,6143745079.2806,0,,,,,,,,,L,,,O,OL,true,2010,,F
dataflow,IMF.STA:QNEA(7.0.0),R,BIH,B1GQ,Q,SA,XDC,Q,2007-Q2,6131866887.5125,0,,,,,,,,,L,,,O,OL,true,2010,,F
dataflow,IMF.STA:QNEA(7.0.0),R,BIH,B1GQ,Q,SA,XDC,Q,2007-Q3,6179425630.0718,0,,,,,,,,,L,,,O,OL,true,2010,,F
dataflow,IMF.STA:QNEA(7.0.0),R,BIH,B1GQ,Q,SA,XDC,Q,2007-Q4,6149421142.2099,0,,,,,,,,,L,,,O,OL,true,2010,,F
dataflow,IMF.STA:QNEA(7.0.0),R,BIH,B1GQ,Q,SA,XDC,Q,2008-Q1,6490174490.5544,0,,,,,,,,,L,,,O,OL,true,2010,,F
dataflow,IMF.STA:QNEA(7.0.0),R,BIH,B1GQ,Q,SA,XDC,Q,2008-Q2,6463231236.4725,0,,,,,,,,,L,,,O,OL,true,2010,,F
dataflow,IMF.STA:QNEA(7.0.0),R,BIH,B1GQ,Q,SA,XDC,Q,2008-Q3,6507779732.7887,0,,,,,,,,,L,,,O,OL,true,2010,,F
dataflow,IMF.STA:QNEA(7.0.0),R,BIH,B1GQ,Q,SA,XDC,Q,2008-Q4,6466912563.3788,0,,,,,,,,,L,,,O,OL,true,2010,,F
dataflow,IMF.STA:QNEA(7.0.0),R,BIH,B1GQ,Q,SA,XDC,Q,2009-Q1,6285059316.6844,0,,,,,,,,,L,,,O,OL,true,2010,,F
dataflow,IMF.STA:QNEA(7.0.0),R,BIH,B1GQ,Q,SA,XDC,Q,2009-Q2,6311679607.067,0,,,,,,,,,L,,,O,OL,true,2010,,F
dataflow,IMF.STA:QNEA(7.0.0),R,BIH,B1GQ,Q,SA,XDC,Q,2009-Q3,6312285047.7335,0,,,,,,,,,L,,,O,OL,true,2010,,F
dataflow,IMF.STA:QNEA(7.0.0),R,BIH,B1GQ,Q,SA,XDC,Q,2009-Q4,6243946928.8971,0,,,,,,,,,L,,,O,OL,true,2010,,F
dataflow,IMF.STA:QNEA(7.0.0),R,BIH,B1GQ,Q,SA,XDC,Q,2010-Q1,6311830619.6706,0,,,,,,,,,L,,,O,OL,true,2010,,F
dataflow,IMF.STA:QNEA(7.0.0),R,BIH,B1GQ,Q,SA,XDC,Q,2010-Q2,6344702620.3973,0,,,,,,,,,L,,,O,OL,true,2010,,F
dataflow,IMF.STA:QNEA(7.0.0),R,BIH,B1GQ,Q,SA,XDC,Q,2010-Q3,6308984727.1359,0,,,,,,,,,L,,,O,OL,true,2010,,F
dataflow,IMF.STA:QNEA(7.0.0),R,BIH,B1GQ,Q,SA,XDC,Q,2010-Q4,6404849996.7962,0,,,,,,,,,L,,,O,OL,true,2010,,F
dataflow,IMF.STA:QNEA(7.0.0),R,BIH,B1GQ,Q,SA,XDC,Q,2011-Q1,6418069434.6827,0,,,,,,,,,L,,,O,OL,true,2010,,F
dataflow,IMF.STA:QNEA(7.0.0),R,BIH,B1GQ,Q,SA,XDC,Q,2011-Q2,6419227565.3334,0,,,,,,,,,L,,,O,OL,true,2010,,F
dataflow,IMF.STA:QNEA(7.0.0),R,BIH,B1GQ,Q,SA,XDC,Q,2011-Q3,6391864894.4535,0,,,,,,,,,L,,,O,OL,true,2010,,F
dataflow,IMF.STA:QNEA(7.0.0),R,BIH,B1GQ,Q,SA,XDC,Q,2011-Q4,6383153691.9619,0,,,,,,,,,L,,,O,OL,true,2010,,F
dataflow,IMF.STA:QNEA(7.0.0),R,BIH,B1GQ,Q,SA,XDC,Q,2012-Q1,6300300208.5151,0,,,,,,,,,L,,,O,OL,true,2010,,F
dataflow,IMF.STA:QNEA(7.0.0),R,BIH,B1GQ,Q,SA,XDC,Q,2012-Q2,6395285041.6593,0,,,,,,,,,L,,,O,OL,true,2010,,F
dataflow,IMF.STA:QNEA(7.0.0),R,BIH,B1GQ,Q,SA,XDC,Q,2012-Q3,6397797220.5407,0,,,,,,,,,L,,,O,OL,true,2010,,F
dataflow,IMF.STA:QNEA(7.0.0),R,BIH,B1GQ,Q,SA,XDC,Q,2012-Q4,6308905251.0582,0,,,,,,,,,L,,,O,OL,true,2010,,F
dataflow,IMF.STA:QNEA(7.0.0),R,BIH,B1GQ,Q,SA,XDC,Q,2013-Q1,6424908405.2819,0,,,,,,,,,L,,,O,OL,true,2010,,F
dataflow,IMF.STA:QNEA(7.0.0),R,BIH,B1GQ,Q,SA,XDC,Q,2013-Q2,6514481050.9907,0,,,,,,,,,L,,,O,OL,true,2010,,F
dataflow,IMF.STA:QNEA(7.0.0),R,BIH,B1GQ,Q,SA,XDC,Q,2013-Q3,6504677038.9341,0,,,,,,,,,L,,,O,OL,true,2010,,F
dataflow,IMF.STA:QNEA(7.0.0),R,BIH,B1GQ,Q,SA,XDC,Q,2013-Q4,6552116791.1958,0,,,,,,,,,L,,,O,OL,true,2010,,F
dataflow,IMF.STA:QNEA(7.0.0),R,BIH,B1GQ,Q,SA,XDC,Q,2014-Q1,6602160331.1482,0,,,,,,,,,L,,,O,OL,true,2010,,F
dataflow,IMF.STA:QNEA(7.0.0),R,BIH,B1GQ,Q,SA,XDC,Q,2014-Q2,6510797316.4734,0,,,,,,,,,L,,,O,OL,true,2010,,F
dataflow,IMF.STA:QNEA(7.0.0),R,BIH,B1GQ,Q,SA,XDC,Q,2014-Q3,6536575912.1976,0,,,,,,,,,L,,,O,OL,true,2010,,F
dataflow,IMF.STA:QNEA(7.0.0),R,BIH,B1GQ,Q,SA,XDC,Q,2014-Q4,6644686522.2606,0,,,,,,,,,L,,,O,OL,true,2010,,F
dataflow,IMF.STA:QNEA(7.0.0),R,BIH,B1GQ,Q,SA,XDC,Q,2015-Q1,6822393010.7303,0,,,,,,,,,L,,,O,OL,true,2010,,F
dataflow,IMF.STA:QNEA(7.0.0),R,BIH,B1GQ,Q,SA,XDC,Q,2015-Q2,6864490858.8622,0,,,,,,,,,L,,,O,OL,true,2010,,F
dataflow,IMF.STA:QNEA(7.0.0),R,BIH,B1GQ,Q,SA,XDC,Q,2015-Q3,6834872380.2234,0,,,,,,,,,L,,,O,OL,true,2010,,F
dataflow,IMF.STA:QNEA(7.0.0),R,BIH,B1GQ,Q,SA,XDC,Q,2015-Q4,6888733592.2769,0,,,,,,,,,L,,,O,OL,true,2010,,F
dataflow,IMF.STA:QNEA(7.0.0),R,BIH,B1GQ,Q,SA,XDC,Q,2016-Q1,6964011972.4568,0,,,,,,,,,L,,,O,OL,true,2010,,F
dataflow,IMF.STA:QNEA(7.0.0),R,BIH,B1GQ,Q,SA,XDC,Q,2016-Q2,7042027827.1012,0,,,,,,,,,L,,,O,OL,true,2010,,F
dataflow,IMF.STA:QNEA(7.0.0),R,BIH,B1GQ,Q,SA,XDC,Q,2016-Q3,7098930622.5437,0,,,,,,,,,L,,,O,OL,true,2010,,F
dataflow,IMF.STA:QNEA(7.0.0),R,BIH,B1GQ,Q,SA,XDC,Q,2016-Q4,7191285800.5049,0,,,,,,,,,L,,,O,OL,true,2010,,F
dataflow,IMF.STA:QNEA(7.0.0),R,BIH,B1GQ,Q,SA,XDC,Q,2017-Q1,7200647635.1608,0,,,,,,,,,L,,,O,OL,true,2010,,F
dataflow,IMF.STA:QNEA(7.0.0),R,BIH,B1GQ,Q,SA,XDC,Q,2017-Q2,7289395429.5222,0,,,,,,,,,L,,,O,OL,true,2010,,F
dataflow,IMF.STA:QNEA(7.0.0),R,BIH,B1GQ,Q,SA,XDC,Q,2017-Q3,7366152667.5233,0,,,,,,,,,L,,,O,OL,true,2010,,F
dataflow,IMF.STA:QNEA(7.0.0),R,BIH,B1GQ,Q,SA,XDC,Q,2017-Q4,7359546007.716,0,,,,,,,,,L,,,O,OL,true,2010,,F
dataflow,IMF.STA:QNEA(7.0.0),R,BIH,B1GQ,Q,SA,XDC,Q,2018-Q1,7435603719.6991,0,,,,,,,,,L,,,O,OL,true,2010,,F
dataflow,IMF.STA:QNEA(7.0.0),R,BIH,B1GQ,Q,SA,XDC,Q,2018-Q2,7595157208.2722,0,,,,,,,,,L,,,O,OL,true,2010,,F
dataflow,IMF.STA:QNEA(7.0.0),R,BIH,B1GQ,Q,SA,XDC,Q,2018-Q3,7642392909.0656,0,,,,,,,,,L,,,O,OL,true,2010,,F
dataflow,IMF.STA:QNEA(7.0.0),R,BIH,B1GQ,Q,SA,XDC,Q,2018-Q4,7661867591.0611,0,,,,,,,,,L,,,O,OL,true,2010,,F
dataflow,IMF.STA:QNEA(7.0.0),R,BIH,B1GQ,Q,SA,XDC,Q,2019-Q1,7603326480.6995,0,,,,,,,,,L,,,O,OL,true,2010,,F
dataflow,IMF.STA:QNEA(7.0.0),R,BIH,B1GQ,Q,SA,XDC,Q,2019-Q2,7846496315.7659,0,,,,,,,,,L,,,O,OL,true,2010,,F
dataflow,IMF.STA:QNEA(7.0.0),R,BIH,B1GQ,Q,SA,XDC,Q,2019-Q3,7927704441.6786,0,,,,,,,,,L,,,O,OL,true,2010,,F
dataflow,IMF.STA:QNEA(7.0.0),R,BIH,B1GQ,Q,SA,XDC,Q,2019-Q4,7839769208.1386,0,,,,,,,,,L,,,O,OL,true,2010,,F
dataflow,IMF.STA:QNEA(7.0.0),R,BIH,B1GQ,Q,SA,XDC,Q,2020-Q1,7769607602.6047,0,,,,,,,,,L,,,O,OL,true,2010,,F
dataflow,IMF.STA:QNEA(7.0.0),R,BIH,B1GQ,Q,SA,XDC,Q,2020-Q2,7250515043.2954,0,,,,,,,,,L,,,O,OL,true,2010,,F
dataflow,IMF.STA:QNEA(7.0.0),R,BIH,B1GQ,Q,SA,XDC,Q,2020-Q3,7567941675.7271,0,,,,,,,,,L,,,O,OL,true,2010,,F
dataflow,IMF.STA:QNEA(7.0.0),R,BIH,B1GQ,Q,SA,XDC,Q,2020-Q4,7702006416.2048,0,,,,,,,,,L,,,O,OL,true,2010,,F
dataflow,IMF.STA:QNEA(7.0.0),R,BIH,B1GQ,Q,SA,XDC,Q,2021-Q1,7976046575.5108,0,,,,,,,,,L,,,O,OL,true,2010,,F
dataflow,IMF.STA:QNEA(7.0.0),R,BIH,B1GQ,Q,SA,XDC,Q,2021-Q2,8066512876.7574,0,,,,,,,,,L,,,O,OL,true,2010,,F
dataflow,IMF.STA:QNEA(7.0.0),R,BIH,B1GQ,Q,SA,XDC,Q,2021-Q3,8150929050.0605,0,,,,,,,,,L,,,O,OL,true,2010,,F
dataflow,IMF.STA:QNEA(7.0.0),R,BIH,B1GQ,Q,SA,XDC,Q,2021-Q4,8324876407.3368,0,,,,,,,,,L,,,O,OL,true,2010,,F
dataflow,IMF.STA:QNEA(7.0.0),R,BIH,B1GQ,Q,SA,XDC,Q,2022-Q1,8398554795.0541,0,,,,,,,,,L,,,O,OL,true,2010,,F
dataflow,IMF.STA:QNEA(7.0.0),R,BIH,B1GQ,Q,SA,XDC,Q,2022-Q2,8517164901.993,0,,,,,,,,,L,,,O,OL,true,2010,,F
dataflow,IMF.STA:QNEA(7.0.0),R,BIH,B1GQ,Q,SA,XDC,Q,2022-Q3,8428647321.4185,0,,,,,,,,,L,,,O,OL,true,2010,,F
dataflow,IMF.STA:QNEA(7.0.0),R,BIH,B1GQ,Q,SA,XDC,Q,2022-Q4,8544472998.4192,0,,,,,,,,,L,,,O,OL,true,2010,,F
dataflow,IMF.STA:QNEA(7.0.0),R,BIH,B1GQ,Q,SA,XDC,Q,2023-Q1,8571233627.0266,0,,,,,,,,,L,,,O,OL,true,2010,,F
dataflow,IMF.STA:QNEA(7.0.0),R,BIH,B1GQ,Q,SA,XDC,Q,2023-Q2,8636591502.1569,0,,,,,,,,,L,,,O,OL,true,2010,,F
dataflow,IMF.STA:QNEA(7.0.0),R,BIH,B1GQ,Q,SA,XDC,Q,2023-Q3,8631753888.3034,0,,,,,,,,,L,,,O,OL,true,2010,,F
dataflow,IMF.STA:QNEA(7.0.0),R,BIH,B1GQ,Q,SA,XDC,Q,2023-Q4,8722858924.0134,0,,,,,,,,,L,,,O,OL,true,2010,,F
dataflow,IMF.STA:QNEA(7.0.0),R,BIH,B1GQ,Q,SA,XDC,Q,2024-Q1,8829414273.847,0,,,,,,,,,L,,,O,OL,true,2010,,F
dataflow,IMF.STA:QNEA(7.0.0),R,BIH,B1GQ,Q,SA,XDC,Q,2024-Q2,8914272470.0782,0,,,,,,,,,L,,,O,OL,true,2010,,F
dataflow,IMF.STA:QNEA(7.0.0),R,BIH,B1GQ,Q,SA,XDC,Q,2024-Q3,8949810125.5442,0,,,,,,,,,L,,,O,OL,true,2010,,F
dataflow,IMF.STA:QNEA(7.0.0),R,BIH,B1GQ,Q,SA,XDC,Q,2024-Q4,8980608571.9237,0,,,,,,,,,L,,,O,OL,true,2010,,F
dataflow,IMF.STA:QNEA(7.0.0),R,BIH,B1GQ,Q,SA,XDC,Q,2025-Q1,8997839908.5992,0,,,,,,,,,L,,,O,OL,true,2010,,F
dataflow,IMF.STA:QNEA(7.0.0),R,BIH,B1GQ,Q,SA,XDC,Q,2025-Q2,9107928789.2505,0,,,,,,,,,L,,,O,OL,true,2010,,F
dataflow,IMF.STA:QNEA(7.0.0),R,BIH,B1GQ,Q,SA,XDC,Q,2025-Q3,9157161249.9884,0,,,,,,,,,L,,,O,OL,true,2010,,F
dataflow,IMF.STA:QNEA(7.0.0),R,BIH,B1GQ,Q,SA,XDC,Q,2025-Q4,9170939554.2658,0,,,,,,,,,L,,,O,OL,true,2010,,F
dataflow,IMF.STA:QNEA(7.0.0),R,BIH,B1GQ,Q,SA,XDC,Q,2026-Q1,9188536084.5859,0,,,,,,,,,L,,,O,OL,true,2010,,F
dataflow,IMF.STA:QNEA(7.0.0),R,BRA,B1GQ,Q,SA,XDC,Q,1996-Q1,175462500000,0,,,,,,,,,L,,,O,OL,true,1995,,F
dataflow,IMF.STA:QNEA(7.0.0),R,BRA,B1GQ,Q,SA,XDC,Q,1996-Q2,177549000000,0,,,,,,,,,L,,,O,OL,true,1995,,F
dataflow,IMF.STA:QNEA(7.0.0),R,BRA,B1GQ,Q,SA,XDC,Q,1996-Q3,184105600000,0,,,,,,,,,L,,,O,OL,true,1995,,F
dataflow,IMF.STA:QNEA(7.0.0),R,BRA,B1GQ,Q,SA,XDC,Q,1996-Q4,182353400000,0,,,,,,,,,L,,,O,OL,true,1995,,F
dataflow,IMF.STA:QNEA(7.0.0),R,BRA,B1GQ,Q,SA,XDC,Q,1997-Q1,184316800000,0,,,,,,,,,L,,,O,OL,true,1995,,F
dataflow,IMF.STA:QNEA(7.0.0),R,BRA,B1GQ,Q,SA,XDC,Q,1997-Q2,185208400000,0,,,,,,,,,L,,,O,OL,true,1995,,F
dataflow,IMF.STA:QNEA(7.0.0),R,BRA,B1GQ,Q,SA,XDC,Q,1997-Q3,187563600000,0,,,,,,,,,L,,,O,OL,true,1995,,F
dataflow,IMF.STA:QNEA(7.0.0),R,BRA,B1GQ,Q,SA,XDC,Q,1997-Q4,189140600000,0,,,,,,,,,L,,,O,OL,true,1995,,F
dataflow,IMF.STA:QNEA(7.0.0),R,BRA,B1GQ,Q,SA,XDC,Q,1998-Q1,185401000000,0,,,,,,,,,L,,,O,OL,true,1995,,F
dataflow,IMF.STA:QNEA(7.0.0),R,BRA,B1GQ,Q,SA,XDC,Q,1998-Q2,188575800000,0,,,,,,,,,L,,,O,OL,true,1995,,F
dataflow,IMF.STA:QNEA(7.0.0),R,BRA,B1GQ,Q,SA,XDC,Q,1998-Q3,188521600000,0,,,,,,,,,L,,,O,OL,true,1995,,F
dataflow,IMF.STA:QNEA(7.0.0),R,BRA,B1GQ,Q,SA,XDC,Q,1998-Q4,186359600000,0,,,,,,,,,L,,,O,OL,true,1995,,F
dataflow,IMF.STA:QNEA(7.0.0),R,BRA,B1GQ,Q,SA,XDC,Q,1999-Q1,186703500000,0,,,,,,,,,L,,,O,OL,true,1995,,F
dataflow,IMF.STA:QNEA(7.0.0),R,BRA,B1GQ,Q,SA,XDC,Q,1999-Q2,187693600000,0,,,,,,,,,L,,,O,OL,true,1995,,F
dataflow,IMF.STA:QNEA(7.0.0),R,BRA,B1GQ,Q,SA,XDC,Q,1999-Q3,187678600000,0,,,,,,,,,L,,,O,OL,true,1995,,F
dataflow,IMF.STA:QNEA(7.0.0),R,BRA,B1GQ,Q,SA,XDC,Q,1999-Q4,190342000000,0,,,,,,,,,L,,,O,OL,true,1995,,F
dataflow,IMF.STA:QNEA(7.0.0),R,BRA,B1GQ,Q,SA,XDC,Q,2000-Q1,192355900000,0,,,,,,,,,L,,,O,OL,true,1995,,F
dataflow,IMF.STA:QNEA(7.0.0),R,BRA,B1GQ,Q,SA,XDC,Q,2000-Q2,195079900000,0,,,,,,,,,L,,,O,OL,true,1995,,F
dataflow,IMF.STA:QNEA(7.0.0),R,BRA,B1GQ,Q,SA,XDC,Q,2000-Q3,197382500000,0,,,,,,,,,L,,,O,OL,true,1995,,F
dataflow,IMF.STA:QNEA(7.0.0),R,BRA,B1GQ,Q,SA,XDC,Q,2000-Q4,199808300000,0,,,,,,,,,L,,,O,OL,true,1995,,F
dataflow,IMF.STA:QNEA(7.0.0),R,BRA,B1GQ,Q,SA,XDC,Q,2001-Q1,200506800000,0,,,,,,,,,L,,,O,OL,true,1995,,F
dataflow,IMF.STA:QNEA(7.0.0),R,BRA,B1GQ,Q,SA,XDC,Q,2001-Q2,199560300000,0,,,,,,,,,L,,,O,OL,true,1995,,F
dataflow,IMF.STA:QNEA(7.0.0),R,BRA,B1GQ,Q,SA,XDC,Q,2001-Q3,198520000000,0,,,,,,,,,L,,,O,OL,true,1995,,F
dataflow,IMF.STA:QNEA(7.0.0),R,BRA,B1GQ,Q,SA,XDC,Q,2001-Q4,197945800000,0,,,,,,,,,L,,,O,OL,true,1995,,F
dataflow,IMF.STA:QNEA(7.0.0),R,BRA,B1GQ,Q,SA,XDC,Q,2002-Q1,202862700000,0,,,,,,,,,L,,,O,OL,true,1995,,F
dataflow,IMF.STA:QNEA(7.0.0),R,BRA,B1GQ,Q,SA,XDC,Q,2002-Q2,203316900000,0,,,,,,,,,L,,,O,OL,true,1995,,F
dataflow,IMF.STA:QNEA(7.0.0),R,BRA,B1GQ,Q,SA,XDC,Q,2002-Q3,206155300000,0,,,,,,,,,L,,,O,OL,true,1995,,F
dataflow,IMF.STA:QNEA(7.0.0),R,BRA,B1GQ,Q,SA,XDC,Q,2002-Q4,208258000000,0,,,,,,,,,L,,,O,OL,true,1995,,F
dataflow,IMF.STA:QNEA(7.0.0),R,BRA,B1GQ,Q,SA,XDC,Q,2003-Q1,207337300000,0,,,,,,,,,L,,,O,OL,true,1995,,F
dataflow,IMF.STA:QNEA(7.0.0),R,BRA,B1GQ,Q,SA,XDC,Q,2003-Q2,205590700000,0,,,,,,,,,L,,,O,OL,true,1995,,F
dataflow,IMF.STA:QNEA(7.0.0),R,BRA,B1GQ,Q,SA,XDC,Q,2003-Q3,207523200000,0,,,,,,,,,L,,,O,OL,true,1995,,F
dataflow,IMF.STA:QNEA(7.0.0),R,BRA,B1GQ,Q,SA,XDC,Q,2003-Q4,209681300000,0,,,,,,,,,L,,,O,OL,true,1995,,F
dataflow,IMF.STA:QNEA(7.0.0),R,BRA,B1GQ,Q,SA,XDC,Q,2004-Q1,212575000000,0,,,,,,,,,L,,,O,OL,true,1995,,F
dataflow,IMF.STA:QNEA(7.0.0),R,BRA,B1GQ,Q,SA,XDC,Q,2004-Q2,218442600000,0,,,,,,,,,L,,,O,OL,true,1995,,F
dataflow,IMF.STA:QNEA(7.0.0),R,BRA,B1GQ,Q,SA,XDC,Q,2004-Q3,221223300000,0,,,,,,,,,L,,,O,OL,true,1995,,F
dataflow,IMF.STA:QNEA(7.0.0),R,BRA,B1GQ,Q,SA,XDC,Q,2004-Q4,222904500000,0,,,,,,,,,L,,,O,OL,true,1995,,F
dataflow,IMF.STA:QNEA(7.0.0),R,BRA,B1GQ,Q,SA,XDC,Q,2005-Q1,224878400000,0,,,,,,,,,L,,,O,OL,true,1995,,F
dataflow,IMF.STA:QNEA(7.0.0),R,BRA,B1GQ,Q,SA,XDC,Q,2005-Q2,227241700000,0,,,,,,,,,L,,,O,OL,true,1995,,F
dataflow,IMF.STA:QNEA(7.0.0),R,BRA,B1GQ,Q,SA,XDC,Q,2005-Q3,225952900000,0,,,,,,,,,L,,,O,OL,true,1995,,F
dataflow,IMF.STA:QNEA(7.0.0),R,BRA,B1GQ,Q,SA,XDC,Q,2005-Q4,228812700000,0,,,,,,,,,L,,,O,OL,true,1995,,F
dataflow,IMF.STA:QNEA(7.0.0),R,BRA,B1GQ,Q,SA,XDC,Q,2006-Q1,232523300000,0,,,,,,,,,L,,,O,OL,true,1995,,F
dataflow,IMF.STA:QNEA(7.0.0),R,BRA,B1GQ,Q,SA,XDC,Q,2006-Q2,233231600000,0,,,,,,,,,L,,,O,OL,true,1995,,F
dataflow,IMF.STA:QNEA(7.0.0),R,BRA,B1GQ,Q,SA,XDC,Q,2006-Q3,237136400000,0,,,,,,,,,L,,,O,OL,true,1995,,F
dataflow,IMF.STA:QNEA(7.0.0),R,BRA,B1GQ,Q,SA,XDC,Q,2006-Q4,239908300000,0,,,,,,,,,L,,,O,OL,true,1995,,F
dataflow,IMF.STA:QNEA(7.0.0),R,BRA,B1GQ,Q,SA,XDC,Q,2007-Q1,244412700000,0,,,,,,,,,L,,,O,OL,true,1995,,F
dataflow,IMF.STA:QNEA(7.0.0),R,BRA,B1GQ,Q,SA,XDC,Q,2007-Q2,248517000000,0,,,,,,,,,L,,,O,OL,true,1995,,F
dataflow,IMF.STA:QNEA(7.0.0),R,BRA,B1GQ,Q,SA,XDC,Q,2007-Q3,251095700000,0,,,,,,,,,L,,,O,OL,true,1995,,F
dataflow,IMF.STA:QNEA(7.0.0),R,BRA,B1GQ,Q,SA,XDC,Q,2007-Q4,254892200000,0,,,,,,,,,L,,,O,OL,true,1995,,F
dataflow,IMF.STA:QNEA(7.0.0),R,BRA,B1GQ,Q,SA,XDC,Q,2008-Q1,258122500000,0,,,,,,,,,L,,,O,OL,true,1995,,F
dataflow,IMF.STA:QNEA(7.0.0),R,BRA,B1GQ,Q,SA,XDC,Q,2008-Q2,263319800000,0,,,,,,,,,L,,,O,OL,true,1995,,F
dataflow,IMF.STA:QNEA(7.0.0),R,BRA,B1GQ,Q,SA,XDC,Q,2008-Q3,267642600000,0,,,,,,,,,L,,,O,OL,true,1995,,F
dataflow,IMF.STA:QNEA(7.0.0),R,BRA,B1GQ,Q,SA,XDC,Q,2008-Q4,257544700000,0,,,,,,,,,L,,,O,OL,true,1995,,F
dataflow,IMF.STA:QNEA(7.0.0),R,BRA,B1GQ,Q,SA,XDC,Q,2009-Q1,253840100000,0,,,,,,,,,L,,,O,OL,true,1995,,F
dataflow,IMF.STA:QNEA(7.0.0),R,BRA,B1GQ,Q,SA,XDC,Q,2009-Q2,258523900000,0,,,,,,,,,L,,,O,OL,true,1995,,F
dataflow,IMF.STA:QNEA(7.0.0),R,BRA,B1GQ,Q,SA,XDC,Q,2009-Q3,264570500000,0,,,,,,,,,L,,,O,OL,true,1995,,F
dataflow,IMF.STA:QNEA(7.0.0),R,BRA,B1GQ,Q,SA,XDC,Q,2009-Q4,271391500000,0,,,,,,,,,L,,,O,OL,true,1995,,F
dataflow,IMF.STA:QNEA(7.0.0),R,BRA,B1GQ,Q,SA,XDC,Q,2010-Q1,276979800000,0,,,,,,,,,L,,,O,OL,true,1995,,F
dataflow,IMF.STA:QNEA(7.0.0),R,BRA,B1GQ,Q,SA,XDC,Q,2010-Q2,280527000000,0,,,,,,,,,L,,,O,OL,true,1995,,F
dataflow,IMF.STA:QNEA(7.0.0),R,BRA,B1GQ,Q,SA,XDC,Q,2010-Q3,282990700000,0,,,,,,,,,L,,,O,OL,true,1995,,F
dataflow,IMF.STA:QNEA(7.0.0),R,BRA,B1GQ,Q,SA,XDC,Q,2010-Q4,287038600000,0,,,,,,,,,L,,,O,OL,true,1995,,F
dataflow,IMF.STA:QNEA(7.0.0),R,BRA,B1GQ,Q,SA,XDC,Q,2011-Q1,290881900000,0,,,,,,,,,L,,,O,OL,true,1995,,F
dataflow,IMF.STA:QNEA(7.0.0),R,BRA,B1GQ,Q,SA,XDC,Q,2011-Q2,293837600000,0,,,,,,,,,L,,,O,OL,true,1995,,F
dataflow,IMF.STA:QNEA(7.0.0),R,BRA,B1GQ,Q,SA,XDC,Q,2011-Q3,293173500000,0,,,,,,,,,L,,,O,OL,true,1995,,F
dataflow,IMF.STA:QNEA(7.0.0),R,BRA,B1GQ,Q,SA,XDC,Q,2011-Q4,295847800000,0,,,,,,,,,L,,,O,OL,true,1995,,F
dataflow,IMF.STA:QNEA(7.0.0),R,BRA,B1GQ,Q,SA,XDC,Q,2012-Q1,291621700000,0,,,,,,,,,L,,,O,OL,true,1995,,F
dataflow,IMF.STA:QNEA(7.0.0),R,BRA,B1GQ,Q,SA,XDC,Q,2012-Q2,296894100000,0,,,,,,,,,L,,,O,OL,true,1995,,F
dataflow,IMF.STA:QNEA(7.0.0),R,BRA,B1GQ,Q,SA,XDC,Q,2012-Q3,302004500000,0,,,,,,,,,L,,,O,OL,true,1995,,F
dataflow,IMF.STA:QNEA(7.0.0),R,BRA,B1GQ,Q,SA,XDC,Q,2012-Q4,302088700000,0,,,,,,,,,L,,,O,OL,true,1995,,F
dataflow,IMF.STA:QNEA(7.0.0),R,BRA,B1GQ,Q,SA,XDC,Q,2013-Q1,303716900000,0,,,,,,,,,L,,,O,OL,true,1995,,F
dataflow,IMF.STA:QNEA(7.0.0),R,BRA,B1GQ,Q,SA,XDC,Q,2013-Q2,307903500000,0,,,,,,,,,L,,,O,OL,true,1995,,F
dataflow,IMF.STA:QNEA(7.0.0),R,BRA,B1GQ,Q,SA,XDC,Q,2013-Q3,309366700000,0,,,,,,,,,L,,,O,OL,true,1995,,F
dataflow,IMF.STA:QNEA(7.0.0),R,BRA,B1GQ,Q,SA,XDC,Q,2013-Q4,309860200000,0,,,,,,,,,L,,,O,OL,true,1995,,F
dataflow,IMF.STA:QNEA(7.0.0),R,BRA,B1GQ,Q,SA,XDC,Q,2014-Q1,312466500000,0,,,,,,,,,L,,,O,OL,true,1995,,F
dataflow,IMF.STA:QNEA(7.0.0),R,BRA,B1GQ,Q,SA,XDC,Q,2014-Q2,307862600000,0,,,,,,,,,L,,,O,OL,true,1995,,F
dataflow,IMF.STA:QNEA(7.0.0),R,BRA,B1GQ,Q,SA,XDC,Q,2014-Q3,307679100000,0,,,,,,,,,L,,,O,OL,true,1995,,F
dataflow,IMF.STA:QNEA(7.0.0),R,BRA,B1GQ,Q,SA,XDC,Q,2014-Q4,309290700000,0,,,,,,,,,L,,,O,OL,true,1995,,F
dataflow,IMF.STA:QNEA(7.0.0),R,BRA,B1GQ,Q,SA,XDC,Q,2015-Q1,306843800000,0,,,,,,,,,L,,,O,OL,true,1995,,F
dataflow,IMF.STA:QNEA(7.0.0),R,BRA,B1GQ,Q,SA,XDC,Q,2015-Q2,299611600000,0,,,,,,,,,L,,,O,OL,true,1995,,F
dataflow,IMF.STA:QNEA(7.0.0),R,BRA,B1GQ,Q,SA,XDC,Q,2015-Q3,294679500000,0,,,,,,,,,L,,,O,OL,true,1995,,F
dataflow,IMF.STA:QNEA(7.0.0),R,BRA,B1GQ,Q,SA,XDC,Q,2015-Q4,292417300000,0,,,,,,,,,L,,,O,OL,true,1995,,F
dataflow,IMF.STA:QNEA(7.0.0),R,BRA,B1GQ,Q,SA,XDC,Q,2016-Q1,288221100000,0,,,,,,,,,L,,,O,OL,true,1995,,F
dataflow,IMF.STA:QNEA(7.0.0),R,BRA,B1GQ,Q,SA,XDC,Q,2016-Q2,289010000000,0,,,,,,,,,L,,,O,OL,true,1995,,F
dataflow,IMF.STA:QNEA(7.0.0),R,BRA,B1GQ,Q,SA,XDC,Q,2016-Q3,287452100000,0,,,,,,,,,L,,,O,OL,true,1995,,F
dataflow,IMF.STA:QNEA(7.0.0),R,BRA,B1GQ,Q,SA,XDC,Q,2016-Q4,287134400000,0,,,,,,,,,L,,,O,OL,true,1995,,F
dataflow,IMF.STA:QNEA(7.0.0),R,BRA,B1GQ,Q,SA,XDC,Q,2017-Q1,290094800000,0,,,,,,,,,L,,,O,OL,true,1995,,F
dataflow,IMF.STA:QNEA(7.0.0),R,BRA,B1GQ,Q,SA,XDC,Q,2017-Q2,292516200000,0,,,,,,,,,L,,,O,OL,true,1995,,F
dataflow,IMF.STA:QNEA(7.0.0),R,BRA,B1GQ,Q,SA,XDC,Q,2017-Q3,293173700000,0,,,,,,,,,L,,,O,OL,true,1995,,F
dataflow,IMF.STA:QNEA(7.0.0),R,BRA,B1GQ,Q,SA,XDC,Q,2017-Q4,294762300000,0,,,,,,,,,L,,,O,OL,true,1995,,F
dataflow,IMF.STA:QNEA(7.0.0),R,BRA,B1GQ,Q,SA,XDC,Q,2018-Q1,296570000000,0,,,,,,,,,L,,,O,OL,true,1995,,F
dataflow,IMF.STA:QNEA(7.0.0),R,BRA,B1GQ,Q,SA,XDC,Q,2018-Q2,296233000000,0,,,,,,,,,L,,,O,OL,true,1995,,F
dataflow,IMF.STA:QNEA(7.0.0),R,BRA,B1GQ,Q,SA,XDC,Q,2018-Q3,299063700000,0,,,,,,,,,L,,,O,OL,true,1995,,F
dataflow,IMF.STA:QNEA(7.0.0),R,BRA,B1GQ,Q,SA,XDC,Q,2018-Q4,298313600000,0,,,,,,,,,L,,,O,OL,true,1995,,F
dataflow,IMF.STA:QNEA(7.0.0),R,BRA,B1GQ,Q,SA,XDC,Q,2019-Q1,299201000000,0,,,,,,,,,L,,,O,OL,true,1995,,F
dataflow,IMF.STA:QNEA(7.0.0),R,BRA,B1GQ,Q,SA,XDC,Q,2019-Q2,300927400000,0,,,,,,,,,L,,,O,OL,true,1995,,F
dataflow,IMF.STA:QNEA(7.0.0),R,BRA,B1GQ,Q,SA,XDC,Q,2019-Q3,300987400000,0,,,,,,,,,L,,,O,OL,true,1995,,F
dataflow,IMF.STA:QNEA(7.0.0),R,BRA,B1GQ,Q,SA,XDC,Q,2019-Q4,303634200000,0,,,,,,,,,L,,,O,OL,true,1995,,F
dataflow,IMF.STA:QNEA(7.0.0),R,BRA,B1GQ,Q,SA,XDC,Q,2020-Q1,296682200000,0,,,,,,,,,L,,,O,OL,true,1995,,F
dataflow,IMF.STA:QNEA(7.0.0),R,BRA,B1GQ,Q,SA,XDC,Q,2020-Q2,270334500000,0,,,,,,,,,L,,,O,OL,true,1995,,F
dataflow,IMF.STA:QNEA(7.0.0),R,BRA,B1GQ,Q,SA,XDC,Q,2020-Q3,291756500000,0,,,,,,,,,L,,,O,OL,true,1995,,F
dataflow,IMF.STA:QNEA(7.0.0),R,BRA,B1GQ,Q,SA,XDC,Q,2020-Q4,302955600000,0,,,,,,,,,L,,,O,OL,true,1995,,F
dataflow,IMF.STA:QNEA(7.0.0),R,BRA,B1GQ,Q,SA,XDC,Q,2021-Q1,305606400000,0,,,,,,,,,L,,,O,OL,true,1995,,F
dataflow,IMF.STA:QNEA(7.0.0),R,BRA,B1GQ,Q,SA,XDC,Q,2021-Q2,303478400000,0,,,,,,,,,L,,,O,OL,true,1995,,F
dataflow,IMF.STA:QNEA(7.0.0),R,BRA,B1GQ,Q,SA,XDC,Q,2021-Q3,303921700000,0,,,,,,,,,L,,,O,OL,true,1995,,F
dataflow,IMF.STA:QNEA(7.0.0),R,BRA,B1GQ,Q,SA,XDC,Q,2021-Q4,307977100000,0,,,,,,,,,L,,,O,OL,true,1995,,F
dataflow,IMF.STA:QNEA(7.0.0),R,BRA,B1GQ,Q,SA,XDC,Q,2022-Q1,310105600000,0,,,,,,,,,L,,,O,OL,true,1995,,F
dataflow,IMF.STA:QNEA(7.0.0),R,BRA,B1GQ,Q,SA,XDC,Q,2022-Q2,313649000000,0,,,,,,,,,L,,,O,OL,true,1995,,F
dataflow,IMF.STA:QNEA(7.0.0),R,BRA,B1GQ,Q,SA,XDC,Q,2022-Q3,316956500000,0,,,,,,,,,L,,,O,OL,true,1995,,F
dataflow,IMF.STA:QNEA(7.0.0),R,BRA,B1GQ,Q,SA,XDC,Q,2022-Q4,318317000000,0,,,,,,,,,L,,,O,OL,true,1995,,F
dataflow,IMF.STA:QNEA(7.0.0),R,BRA,B1GQ,Q,SA,XDC,Q,2023-Q1,322549700000,0,,,,,,,,,L,,,O,OL,true,1995,,F
dataflow,IMF.STA:QNEA(7.0.0),R,BRA,B1GQ,Q,SA,XDC,Q,2023-Q2,325107200000,0,,,,,,,,,L,,,O,OL,true,1995,,F
dataflow,IMF.STA:QNEA(7.0.0),R,BRA,B1GQ,Q,SA,XDC,Q,2023-Q3,325549600000,0,,,,,,,,,L,,,O,OL,true,1995,,F
dataflow,IMF.STA:QNEA(7.0.0),R,BRA,B1GQ,Q,SA,XDC,Q,2023-Q4,326771900000,0,,,,,,,,,L,,,O,OL,true,1995,,F
dataflow,IMF.STA:QNEA(7.0.0),R,BRA,B1GQ,Q,SA,XDC,Q,2024-Q1,328927500000,0,,,,,,,,,L,,,O,OL,true,1995,,F
dataflow,IMF.STA:QNEA(7.0.0),R,BRA,B1GQ,Q,SA,XDC,Q,2024-Q2,334544200000,0,,,,,,,,,L,,,O,OL,true,1995,,F
dataflow,IMF.STA:QNEA(7.0.0),R,BRA,B1GQ,Q,SA,XDC,Q,2024-Q3,337549100000,0,,,,,,,,,L,,,O,OL,true,1995,,F
dataflow,IMF.STA:QNEA(7.0.0),R,BRA,B1GQ,Q,SA,XDC,Q,2024-Q4,337823500000,0,,,,,,,,,L,,,O,OL,true,1995,,F
dataflow,IMF.STA:QNEA(7.0.0),R,BRA,B1GQ,Q,SA,XDC,Q,2025-Q1,342065200000,0,,,,,,,,,L,,,O,OL,true,1995,,F
dataflow,IMF.STA:QNEA(7.0.0),R,BRA,B1GQ,Q,SA,XDC,Q,2025-Q2,343294100000,0,,,,,,,,,L,,,O,OL,true,1995,,F
dataflow,IMF.STA:QNEA(7.0.0),R,BRA,B1GQ,Q,SA,XDC,Q,2025-Q3,343667500000,0,,,,,,,,,L,,,O,OL,true,1995,,F
dataflow,IMF.STA:QNEA(7.0.0),R,BRA,B1GQ,Q,SA,XDC,Q,2025-Q4,344521600000,0,,,,,,,,,L,,,O,OL,true,1995,,F
dataflow,IMF.STA:QNEA(7.0.0),R,BRA,B1GQ,Q,SA,XDC,Q,2026-Q1,348218400000,0,,,,,,,,,L,,,O,OL,true,1995,,F
dataflow,IMF.STA:QNEA(7.0.0),R,BRA,B1GQ,Q,SA,XDC,Q,2026-Q2,349885800000,0,,,,,,,,,L,,,O,OL,true,1995,,F
dataflow,IMF.STA:QNEA(7.0.0),R,CAN,B1GQ,Q,SA,XDC,Q,1961-Q1,90980800000,0,,,,,,,,,L,,,O,OL,true,2017,,F
dataflow,IMF.STA:QNEA(7.0.0),R,CAN,B1GQ,Q,SA,XDC,Q,1961-Q2,93284500000,0,,,,,,,,,L,,,O,OL,true,2017,,F
dataflow,IMF.STA:QNEA(7.0.0),R,CAN,B1GQ,Q,SA,XDC,Q,1961-Q3,95554500000,0,,,,,,,,,L,,,O,OL,true,2017,,F
dataflow,IMF.STA:QNEA(7.0.0),R,CAN,B1GQ,Q,SA,XDC,Q,1961-Q4,96854500000,0,,,,,,,,,L,,,O,OL,true,2017,,F
dataflow,IMF.STA:QNEA(7.0.0),R,CAN,B1GQ,Q,SA,XDC,Q,1962-Q1,99431800000,0,,,,,,,,,L,,,O,OL,true,2017,,F
dataflow,IMF.STA:QNEA(7.0.0),R,CAN,B1GQ,Q,SA,XDC,Q,1962-Q2,100222000000,0,,,,,,,,,L,,,O,OL,true,2017,,F
dataflow,IMF.STA:QNEA(7.0.0),R,CAN,B1GQ,Q,SA,XDC,Q,1962-Q3,101503800000,0,,,,,,,,,L,,,O,OL,true,2017,,F
dataflow,IMF.STA:QNEA(7.0.0),R,CAN,B1GQ,Q,SA,XDC,Q,1962-Q4,103495500000,0,,,,,,,,,L,,,O,OL,true,2017,,F
dataflow,IMF.STA:QNEA(7.0.0),R,CAN,B1GQ,Q,SA,XDC,Q,1963-Q1,104151800000,0,,,,,,,,,L,,,O,OL,true,2017,,F
dataflow,IMF.STA:QNEA(7.0.0),R,CAN,B1GQ,Q,SA,XDC,Q,1963-Q2,105666500000,0,,,,,,,,,L,,,O,OL,true,2017,,F
dataflow,IMF.STA:QNEA(7.0.0),R,CAN,B1GQ,Q,SA,XDC,Q,1963-Q3,106469500000,0,,,,,,,,,L,,,O,OL,true,2017,,F
dataflow,IMF.STA:QNEA(7.0.0),R,CAN,B1GQ,Q,SA,XDC,Q,1963-Q4,109801500000,0,,,,,,,,,L,,,O,OL,true,2017,,F
dataflow,IMF.STA:QNEA(7.0.0),R,CAN,B1GQ,Q,SA,XDC,Q,1964-Q1,112550300000,0,,,,,,,,,L,,,O,OL,true,2017,,F
dataflow,IMF.STA:QNEA(7.0.0),R,CAN,B1GQ,Q,SA,XDC,Q,1964-Q2,112971800000,0,,,,,,,,,L,,,O,OL,true,2017,,F
dataflow,IMF.STA:QNEA(7.0.0),R,CAN,B1GQ,Q,SA,XDC,Q,1964-Q3,114177500000,0,,,,,,,,,L,,,O,OL,true,2017,,F
dataflow,IMF.STA:QNEA(7.0.0),R,CAN,B1GQ,Q,SA,XDC,Q,1964-Q4,114750300000,0,,,,,,,,,L,,,O,OL,true,2017,,F
dataflow,IMF.STA:QNEA(7.0.0),R,CAN,B1GQ,Q,SA,XDC,Q,1965-Q1,118400500000,0,,,,,,,,,L,,,O,OL,true,2017,,F
dataflow,IMF.STA:QNEA(7.0.0),R,CAN,B1GQ,Q,SA,XDC,Q,1965-Q2,119484500000,0,,,,,,,,,L,,,O,OL,true,2017,,F
dataflow,IMF.STA:QNEA(7.0.0),R,CAN,B1GQ,Q,SA,XDC,Q,1965-Q3,121152000000,0,,,,,,,,,L,,,O,OL,true,2017,,F
dataflow,IMF.STA:QNEA(7.0.0),R,CAN,B1GQ,Q,SA,XDC,Q,1965-Q4,124121300000,0,,,,,,,,,L,,,O,OL,true,2017,,F
dataflow,IMF.STA:QNEA(7.0.0),R,CAN,B1GQ,Q,SA,XDC,Q,1966-Q1,126536500000,0,,,,,,,,,L,,,O,OL,true,2017,,F
dataflow,IMF.STA:QNEA(7.0.0),R,CAN,B1GQ,Q,SA,XDC,Q,1966-Q2,129268000000,0,,,,,,,,,L,,,O,OL,true,2017,,F
dataflow,IMF.STA:QNEA(7.0.0),R,CAN,B1GQ,Q,SA,XDC,Q,1966-Q3,129206300000,0,,,,,,,,,L,,,O,OL,true,2017,,F
dataflow,IMF.STA:QNEA(7.0.0),R,CAN,B1GQ,Q,SA,XDC,Q,1966-Q4,130807500000,0,,,,,,,,,L,,,O,OL,true,2017,,F
dataflow,IMF.STA:QNEA(7.0.0),R,CAN,B1GQ,Q,SA,XDC,Q,1967-Q1,130512800000,0,,,,,,,,,L,,,O,OL,true,2017,,F
dataflow,IMF.STA:QNEA(7.0.0),R,CAN,B1GQ,Q,SA,XDC,Q,1967-Q2,133231800000,0,,,,,,,,,L,,,O,OL,true,2017,,F
dataflow,IMF.STA:QNEA(7.0.0),R,CAN,B1GQ,Q,SA,XDC,Q,1967-Q3,133651800000,0,,,,,,,,,L,,,O,OL,true,2017,,F
dataflow,IMF.STA:QNEA(7.0.0),R,CAN,B1GQ,Q,SA,XDC,Q,1967-Q4,134234000000,0,,,,,,,,,L,,,O,OL,true,2017,,F
dataflow,IMF.STA:QNEA(7.0.0),R,CAN,B1GQ,Q,SA,XDC,Q,1968-Q1,135378300000,0,,,,,,,,,L,,,O,OL,true,2017,,F
dataflow,IMF.STA:QNEA(7.0.0),R,CAN,B1GQ,Q,SA,XDC,Q,1968-Q2,139017800000,0,,,,,,,,,L,,,O,OL,true,2017,,F
dataflow,IMF.STA:QNEA(7.0.0),R,CAN,B1GQ,Q,SA,XDC,Q,1968-Q3,140954000000,0,,,,,,,,,L,,,O,OL,true,2017,,F
dataflow,IMF.STA:QNEA(7.0.0),R,CAN,B1GQ,Q,SA,XDC,Q,1968-Q4,142905800000,0,,,,,,,,,L,,,O,OL,true,2017,,F
dataflow,IMF.STA:QNEA(7.0.0),R,CAN,B1GQ,Q,SA,XDC,Q,1969-Q1,144862300000,0,,,,,,,,,L,,,O,OL,true,2017,,F
dataflow,IMF.STA:QNEA(7.0.0),R,CAN,B1GQ,Q,SA,XDC,Q,1969-Q2,145458300000,0,,,,,,,,,L,,,O,OL,true,2017,,F
dataflow,IMF.STA:QNEA(7.0.0),R,CAN,B1GQ,Q,SA,XDC,Q,1969-Q3,147072000000,0,,,,,,,,,L,,,O,OL,true,2017,,F
dataflow,IMF.STA:QNEA(7.0.0),R,CAN,B1GQ,Q,SA,XDC,Q,1969-Q4,149150300000,0,,,,,,,,,L,,,O,OL,true,2017,,F
dataflow,IMF.STA:QNEA(7.0.0),R,CAN,B1GQ,Q,SA,XDC,Q,1970-Q1,150072000000,0,,,,,,,,,L,,,O,OL,true,2017,,F
dataflow,IMF.STA:QNEA(7.0.0),R,CAN,B1GQ,Q,SA,XDC,Q,1970-Q2,150084500000,0,,,,,,,,,L,,,O,OL,true,2017,,F
dataflow,IMF.STA:QNEA(7.0.0),R,CAN,B1GQ,Q,SA,XDC,Q,1970-Q3,151637800000,0,,,,,,,,,L,,,O,OL,true,2017,,F
dataflow,IMF.STA:QNEA(7.0.0),R,CAN,B1GQ,Q,SA,XDC,Q,1970-Q4,151868000000,0,,,,,,,,,L,,,O,OL,true,2017,,F
dataflow,IMF.STA:QNEA(7.0.0),R,CAN,B1GQ,Q,SA,XDC,Q,1971-Q1,151086800000,0,,,,,,,,,L,,,O,OL,true,2017,,F
dataflow,IMF.STA:QNEA(7.0.0),R,CAN,B1GQ,Q,SA,XDC,Q,1971-Q2,155498300000,0,,,,,,,,,L,,,O,OL,true,2017,,F
dataflow,IMF.STA:QNEA(7.0.0),R,CAN,B1GQ,Q,SA,XDC,Q,1971-Q3,159795500000,0,,,,,,,,,L,,,O,OL,true,2017,,F
dataflow,IMF.STA:QNEA(7.0.0),R,CAN,B1GQ,Q,SA,XDC,Q,1971-Q4,161542000000,0,,,,,,,,,L,,,O,OL,true,2017,,F
dataflow,IMF.STA:QNEA(7.0.0),R,CAN,B1GQ,Q,SA,XDC,Q,1972-Q1,161001500000,0,,,,,,,,,L,,,O,OL,true,2017,,F
dataflow,IMF.STA:QNEA(7.0.0),R,CAN,B1GQ,Q,SA,XDC,Q,1972-Q2,165565800000,0,,,,,,,,,L,,,O,OL,true,2017,,F
dataflow,IMF.STA:QNEA(7.0.0),R,CAN,B1GQ,Q,SA,XDC,Q,1972-Q3,166057000000,0,,,,,,,,,L,,,O,OL,true,2017,,F
dataflow,IMF.STA:QNEA(7.0.0),R,CAN,B1GQ,Q,SA,XDC,Q,1972-Q4,169957500000,0,,,,,,,,,L,,,O,OL,true,2017,,F
dataflow,IMF.STA:QNEA(7.0.0),R,CAN,B1GQ,Q,SA,XDC,Q,1973-Q1,174319500000,0,,,,,,,,,L,,,O,OL,true,2017,,F
dataflow,IMF.STA:QNEA(7.0.0),R,CAN,B1GQ,Q,SA,XDC,Q,1973-Q2,175982500000,0,,,,,,,,,L,,,O,OL,true,2017,,F
dataflow,IMF.STA:QNEA(7.0.0),R,CAN,B1GQ,Q,SA,XDC,Q,1973-Q3,176800800000,0,,,,,,,,,L,,,O,OL,true,2017,,F
dataflow,IMF.STA:QNEA(7.0.0),R,CAN,B1GQ,Q,SA,XDC,Q,1973-Q4,180061800000,0,,,,,,,,,L,,,O,OL,true,2017,,F
dataflow,IMF.STA:QNEA(7.0.0),R,CAN,B1GQ,Q,SA,XDC,Q,1974-Q1,181552000000,0,,,,,,,,,L,,,O,OL,true,2017,,F
dataflow,IMF.STA:QNEA(7.0.0),R,CAN,B1GQ,Q,SA,XDC,Q,1974-Q2,183414300000,0,,,,,,,,,L,,,O,OL,true,2017,,F
dataflow,IMF.STA:QNEA(7.0.0),R,CAN,B1GQ,Q,SA,XDC,Q,1974-Q3,183449500000,0,,,,,,,,,L,,,O,OL,true,2017,,F
dataflow,IMF.STA:QNEA(7.0.0),R,CAN,B1GQ,Q,SA,XDC,Q,1974-Q4,182493800000,0,,,,,,,,,L,,,O,OL,true,2017,,F
dataflow,IMF.STA:QNEA(7.0.0),R,CAN,B1GQ,Q,SA,XDC,Q,1975-Q1,181499500000,0,,,,,,,,,L,,,O,OL,true,2017,,F
dataflow,IMF.STA:QNEA(7.0.0),R,CAN,B1GQ,Q,SA,XDC,Q,1975-Q2,183828000000,0,,,,,,,,,L,,,O,OL,true,2017,,F
dataflow,IMF.STA:QNEA(7.0.0),R,CAN,B1GQ,Q,SA,XDC,Q,1975-Q3,187354800000,0,,,,,,,,,L,,,O,OL,true,2017,,F
dataflow,IMF.STA:QNEA(7.0.0),R,CAN,B1GQ,Q,SA,XDC,Q,1975-Q4,189522800000,0,,,,,,,,,L,,,O,OL,true,2017,,F
dataflow,IMF.STA:QNEA(7.0.0),R,CAN,B1GQ,Q,SA,XDC,Q,1976-Q1,192825500000,0,,,,,,,,,L,,,O,OL,true,2017,,F
dataflow,IMF.STA:QNEA(7.0.0),R,CAN,B1GQ,Q,SA,XDC,Q,1976-Q2,196983800000,0,,,,,,,,,L,,,O,OL,true,2017,,F
dataflow,IMF.STA:QNEA(7.0.0),R,CAN,B1GQ,Q,SA,XDC,Q,1976-Q3,197893300000,0,,,,,,,,,L,,,O,OL,true,2017,,F
dataflow,IMF.STA:QNEA(7.0.0),R,CAN,B1GQ,Q,SA,XDC,Q,1976-Q4,198213000000,0,,,,,,,,,L,,,O,OL,true,2017,,F
dataflow,IMF.STA:QNEA(7.0.0),R,CAN,B1GQ,Q,SA,XDC,Q,1977-Q1,201253300000,0,,,,,,,,,L,,,O,OL,true,2017,,F
dataflow,IMF.STA:QNEA(7.0.0),R,CAN,B1GQ,Q,SA,XDC,Q,1977-Q2,202280300000,0,,,,,,,,,L,,,O,OL,true,2017,,F
dataflow,IMF.STA:QNEA(7.0.0),R,CAN,B1GQ,Q,SA,XDC,Q,1977-Q3,203469300000,0,,,,,,,,,L,,,O,OL,true,2017,,F
dataflow,IMF.STA:QNEA(7.0.0),R,CAN,B1GQ,Q,SA,XDC,Q,1977-Q4,206693500000,0,,,,,,,,,L,,,O,OL,true,2017,,F
dataflow,IMF.STA:QNEA(7.0.0),R,CAN,B1GQ,Q,SA,XDC,Q,1978-Q1,208478500000,0,,,,,,,,,L,,,O,OL,true,2017,,F
dataflow,IMF.STA:QNEA(7.0.0),R,CAN,B1GQ,Q,SA,XDC,Q,1978-Q2,209897500000,0,,,,,,,,,L,,,O,OL,true,2017,,F
dataflow,IMF.STA:QNEA(7.0.0),R,CAN,B1GQ,Q,SA,XDC,Q,1978-Q3,211855500000,0,,,,,,,,,L,,,O,OL,true,2017,,F
dataflow,IMF.STA:QNEA(7.0.0),R,CAN,B1GQ,Q,SA,XDC,Q,1978-Q4,213864300000,0,,,,,,,,,L,,,O,OL,true,2017,,F
dataflow,IMF.STA:QNEA(7.0.0),R,CAN,B1GQ,Q,SA,XDC,Q,1979-Q1,215570500000,0,,,,,,,,,L,,,O,OL,true,2017,,F
dataflow,IMF.STA:QNEA(7.0.0),R,CAN,B1GQ,Q,SA,XDC,Q,1979-Q2,218430300000,0,,,,,,,,,L,,,O,OL,true,2017,,F
dataflow,IMF.STA:QNEA(7.0.0),R,CAN,B1GQ,Q,SA,XDC,Q,1979-Q3,220031500000,0,,,,,,,,,L,,,O,OL,true,2017,,F
dataflow,IMF.STA:QNEA(7.0.0),R,CAN,B1GQ,Q,SA,XDC,Q,1979-Q4,221507800000,0,,,,,,,,,L,,,O,OL,true,2017,,F
dataflow,IMF.STA:QNEA(7.0.0),R,CAN,B1GQ,Q,SA,XDC,Q,1980-Q1,223045800000,0,,,,,,,,,L,,,O,OL,true,2017,,F
dataflow,IMF.STA:QNEA(7.0.0),R,CAN,B1GQ,Q,SA,XDC,Q,1980-Q2,222948300000,0,,,,,,,,,L,,,O,OL,true,2017,,F
dataflow,IMF.STA:QNEA(7.0.0),R,CAN,B1GQ,Q,SA,XDC,Q,1980-Q3,222763000000,0,,,,,,,,,L,,,O,OL,true,2017,,F
dataflow,IMF.STA:QNEA(7.0.0),R,CAN,B1GQ,Q,SA,XDC,Q,1980-Q4,225845300000,0,,,,,,,,,L,,,O,OL,true,2017,,F
dataflow,IMF.STA:QNEA(7.0.0),R,CAN,B1GQ,Q,SA,XDC,Q,1981-Q1,230710800000,0,,,,,,,,,L,,,O,OL,true,2017,,F
dataflow,IMF.STA:QNEA(7.0.0),R,CAN,B1GQ,Q,SA,XDC,Q,1981-Q2,233233300000,0,,,,,,,,,L,,,O,OL,true,2017,,F
dataflow,IMF.STA:QNEA(7.0.0),R,CAN,B1GQ,Q,SA,XDC,Q,1981-Q3,231136300000,0,,,,,,,,,L,,,O,OL,true,2017,,F
dataflow,IMF.STA:QNEA(7.0.0),R,CAN,B1GQ,Q,SA,XDC,Q,1981-Q4,230073300000,0,,,,,,,,,L,,,O,OL,true,2017,,F
dataflow,IMF.STA:QNEA(7.0.0),R,CAN,B1GQ,Q,SA,XDC,Q,1982-Q1,227440300000,0,,,,,,,,,L,,,O,OL,true,2017,,F
dataflow,IMF.STA:QNEA(7.0.0),R,CAN,B1GQ,Q,SA,XDC,Q,1982-Q2,224821800000,0,,,,,,,,,L,,,O,OL,true,2017,,F
dataflow,IMF.STA:QNEA(7.0.0),R,CAN,B1GQ,Q,SA,XDC,Q,1982-Q3,222828000000,0,,,,,,,,,L,,,O,OL,true,2017,,F
dataflow,IMF.STA:QNEA(7.0.0),R,CAN,B1GQ,Q,SA,XDC,Q,1982-Q4,220771800000,0,,,,,,,,,L,,,O,OL,true,2017,,F
dataflow,IMF.STA:QNEA(7.0.0),R,CAN,B1GQ,Q,SA,XDC,Q,1983-Q1,224379800000,0,,,,,,,,,L,,,O,OL,true,2017,,F
dataflow,IMF.STA:QNEA(7.0.0),R,CAN,B1GQ,Q,SA,XDC,Q,1983-Q2,228806300000,0,,,,,,,,,L,,,O,OL,true,2017,,F
dataflow,IMF.STA:QNEA(7.0.0),R,CAN,B1GQ,Q,SA,XDC,Q,1983-Q3,231376800000,0,,,,,,,,,L,,,O,OL,true,2017,,F
dataflow,IMF.STA:QNEA(7.0.0),R,CAN,B1GQ,Q,SA,XDC,Q,1983-Q4,234253300000,0,,,,,,,,,L,,,O,OL,true,2017,,F
dataflow,IMF.STA:QNEA(7.0.0),R,CAN,B1GQ,Q,SA,XDC,Q,1984-Q1,238310500000,0,,,,,,,,,L,,,O,OL,true,2017,,F
dataflow,IMF.STA:QNEA(7.0.0),R,CAN,B1GQ,Q,SA,XDC,Q,1984-Q2,242935300000,0,,,,,,,,,L,,,O,OL,true,2017,,F
dataflow,IMF.STA:QNEA(7.0.0),R,CAN,B1GQ,Q,SA,XDC,Q,1984-Q3,243979800000,0,,,,,,,,,L,,,O,OL,true,2017,,F
dataflow,IMF.STA:QNEA(7.0.0),R,CAN,B1GQ,Q,SA,XDC,Q,1984-Q4,247787500000,0,,,,,,,,,L,,,O,OL,true,2017,,F
dataflow,IMF.STA:QNEA(7.0.0),R,CAN,B1GQ,Q,SA,XDC,Q,1985-Q1,251594500000,0,,,,,,,,,L,,,O,OL,true,2017,,F
dataflow,IMF.STA:QNEA(7.0.0),R,CAN,B1GQ,Q,SA,XDC,Q,1985-Q2,252403800000,0,,,,,,,,,L,,,O,OL,true,2017,,F
dataflow,IMF.STA:QNEA(7.0.0),R,CAN,B1GQ,Q,SA,XDC,Q,1985-Q3,255608000000,0,,,,,,,,,L,,,O,OL,true,2017,,F
dataflow,IMF.STA:QNEA(7.0.0),R,CAN,B1GQ,Q,SA,XDC,Q,1985-Q4,259505000000,0,,,,,,,,,L,,,O,OL,true,2017,,F
dataflow,IMF.STA:QNEA(7.0.0),R,CAN,B1GQ,Q,SA,XDC,Q,1986-Q1,259373500000,0,,,,,,,,,L,,,O,OL,true,2017,,F
dataflow,IMF.STA:QNEA(7.0.0),R,CAN,B1GQ,Q,SA,XDC,Q,1986-Q2,260864300000,0,,,,,,,,,L,,,O,OL,true,2017,,F
dataflow,IMF.STA:QNEA(7.0.0),R,CAN,B1GQ,Q,SA,XDC,Q,1986-Q3,261192300000,0,,,,,,,,,L,,,O,OL,true,2017,,F
dataflow,IMF.STA:QNEA(7.0.0),R,CAN,B1GQ,Q,SA,XDC,Q,1986-Q4,259301500000,0,,,,,,,,,L,,,O,OL,true,2017,,F
dataflow,IMF.STA:QNEA(7.0.0),R,CAN,B1GQ,Q,SA,XDC,Q,1987-Q1,265295000000,0,,,,,,,,,L,,,O,OL,true,2017,,F
dataflow,IMF.STA:QNEA(7.0.0),R,CAN,B1GQ,Q,SA,XDC,Q,1987-Q2,268693500000,0,,,,,,,,,L,,,O,OL,true,2017,,F
dataflow,IMF.STA:QNEA(7.0.0),R,CAN,B1GQ,Q,SA,XDC,Q,1987-Q3,272798800000,0,,,,,,,,,L,,,O,OL,true,2017,,F
dataflow,IMF.STA:QNEA(7.0.0),R,CAN,B1GQ,Q,SA,XDC,Q,1987-Q4,276323000000,0,,,,,,,,,L,,,O,OL,true,2017,,F
dataflow,IMF.STA:QNEA(7.0.0),R,CAN,B1GQ,Q,SA,XDC,Q,1988-Q1,280349000000,0,,,,,,,,,L,,,O,OL,true,2017,,F
dataflow,IMF.STA:QNEA(7.0.0),R,CAN,B1GQ,Q,SA,XDC,Q,1988-Q2,282836800000,0,,,,,,,,,L,,,O,OL,true,2017,,F
dataflow,IMF.STA:QNEA(7.0.0),R,CAN,B1GQ,Q,SA,XDC,Q,1988-Q3,282878800000,0,,,,,,,,,L,,,O,OL,true,2017,,F
dataflow,IMF.STA:QNEA(7.0.0),R,CAN,B1GQ,Q,SA,XDC,Q,1988-Q4,284820000000,0,,,,,,,,,L,,,O,OL,true,2017,,F
dataflow,IMF.STA:QNEA(7.0.0),R,CAN,B1GQ,Q,SA,XDC,Q,1989-Q1,288111000000,0,,,,,,,,,L,,,O,OL,true,2017,,F
dataflow,IMF.STA:QNEA(7.0.0),R,CAN,B1GQ,Q,SA,XDC,Q,1989-Q2,289231800000,0,,,,,,,,,L,,,O,OL,true,2017,,F
dataflow,IMF.STA:QNEA(7.0.0),R,CAN,B1GQ,Q,SA,XDC,Q,1989-Q3,290276000000,0,,,,,,,,,L,,,O,OL,true,2017,,F
dataflow,IMF.STA:QNEA(7.0.0),R,CAN,B1GQ,Q,SA,XDC,Q,1989-Q4,289698300000,0,,,,,,,,,L,,,O,OL,true,2017,,F
dataflow,IMF.STA:QNEA(7.0.0),R,CAN,B1GQ,Q,SA,XDC,Q,1990-Q1,292484300000,0,,,,,,,,,L,,,O,OL,true,2017,,F
dataflow,IMF.STA:QNEA(7.0.0),R,CAN,B1GQ,Q,SA,XDC,Q,1990-Q2,291310800000,0,,,,,,,,,L,,,O,OL,true,2017,,F
dataflow,IMF.STA:QNEA(7.0.0),R,CAN,B1GQ,Q,SA,XDC,Q,1990-Q3,289223000000,0,,,,,,,,,L,,,O,OL,true,2017,,F
dataflow,IMF.STA:QNEA(7.0.0),R,CAN,B1GQ,Q,SA,XDC,Q,1990-Q4,286647800000,0,,,,,,,,,L,,,O,OL,true,2017,,F
dataflow,IMF.STA:QNEA(7.0.0),R,CAN,B1GQ,Q,SA,XDC,Q,1991-Q1,282524000000,0,,,,,,,,,L,,,O,OL,true,2017,,F
dataflow,IMF.STA:QNEA(7.0.0),R,CAN,B1GQ,Q,SA,XDC,Q,1991-Q2,283880000000,0,,,,,,,,,L,,,O,OL,true,2017,,F
dataflow,IMF.STA:QNEA(7.0.0),R,CAN,B1GQ,Q,SA,XDC,Q,1991-Q3,284256500000,0,,,,,,,,,L,,,O,OL,true,2017,,F
dataflow,IMF.STA:QNEA(7.0.0),R,CAN,B1GQ,Q,SA,XDC,Q,1991-Q4,284756000000,0,,,,,,,,,L,,,O,OL,true,2017,,F
dataflow,IMF.STA:QNEA(7.0.0),R,CAN,B1GQ,Q,SA,XDC,Q,1992-Q1,284957000000,0,,,,,,,,,L,,,O,OL,true,2017,,F
dataflow,IMF.STA:QNEA(7.0.0),R,CAN,B1GQ,Q,SA,XDC,Q,1992-Q2,285281800000,0,,,,,,,,,L,,,O,OL,true,2017,,F
dataflow,IMF.STA:QNEA(7.0.0),R,CAN,B1GQ,Q,SA,XDC,Q,1992-Q3,286827000000,0,,,,,,,,,L,,,O,OL,true,2017,,F
dataflow,IMF.STA:QNEA(7.0.0),R,CAN,B1GQ,Q,SA,XDC,Q,1992-Q4,288461300000,0,,,,,,,,,L,,,O,OL,true,2017,,F
dataflow,IMF.STA:QNEA(7.0.0),R,CAN,B1GQ,Q,SA,XDC,Q,1993-Q1,290292800000,0,,,,,,,,,L,,,O,OL,true,2017,,F
dataflow,IMF.STA:QNEA(7.0.0),R,CAN,B1GQ,Q,SA,XDC,Q,1993-Q2,292937000000,0,,,,,,,,,L,,,O,OL,true,2017,,F
dataflow,IMF.STA:QNEA(7.0.0),R,CAN,B1GQ,Q,SA,XDC,Q,1993-Q3,295738500000,0,,,,,,,,,L,,,O,OL,true,2017,,F
dataflow,IMF.STA:QNEA(7.0.0),R,CAN,B1GQ,Q,SA,XDC,Q,1993-Q4,297003500000,0,,,,,,,,,L,,,O,OL,true,2017,,F
dataflow,IMF.STA:QNEA(7.0.0),R,CAN,B1GQ,Q,SA,XDC,Q,1994-Q1,301382800000,0,,,,,,,,,L,,,O,OL,true,2017,,F
dataflow,IMF.STA:QNEA(7.0.0),R,CAN,B1GQ,Q,SA,XDC,Q,1994-Q2,305782500000,0,,,,,,,,,L,,,O,OL,true,2017,,F
dataflow,IMF.STA:QNEA(7.0.0),R,CAN,B1GQ,Q,SA,XDC,Q,1994-Q3,309702800000,0,,,,,,,,,L,,,O,OL,true,2017,,F
dataflow,IMF.STA:QNEA(7.0.0),R,CAN,B1GQ,Q,SA,XDC,Q,1994-Q4,311952500000,0,,,,,,,,,L,,,O,OL,true,2017,,F
dataflow,IMF.STA:QNEA(7.0.0),R,CAN,B1GQ,Q,SA,XDC,Q,1995-Q1,314818800000,0,,,,,,,,,L,,,O,OL,true,2017,,F
dataflow,IMF.STA:QNEA(7.0.0),R,CAN,B1GQ,Q,SA,XDC,Q,1995-Q2,314952500000,0,,,,,,,,,L,,,O,OL,true,2017,,F
dataflow,IMF.STA:QNEA(7.0.0),R,CAN,B1GQ,Q,SA,XDC,Q,1995-Q3,315368800000,0,,,,,,,,,L,,,O,OL,true,2017,,F
dataflow,IMF.STA:QNEA(7.0.0),R,CAN,B1GQ,Q,SA,XDC,Q,1995-Q4,316641500000,0,,,,,,,,,L,,,O,OL,true,2017,,F
dataflow,IMF.STA:QNEA(7.0.0),R,CAN,B1GQ,Q,SA,XDC,Q,1996-Q1,317101000000,0,,,,,,,,,L,,,O,OL,true,2017,,F
dataflow,IMF.STA:QNEA(7.0.0),R,CAN,B1GQ,Q,SA,XDC,Q,1996-Q2,319358500000,0,,,,,,,,,L,,,O,OL,true,2017,,F
dataflow,IMF.STA:QNEA(7.0.0),R,CAN,B1GQ,Q,SA,XDC,Q,1996-Q3,322040800000,0,,,,,,,,,L,,,O,OL,true,2017,,F
dataflow,IMF.STA:QNEA(7.0.0),R,CAN,B1GQ,Q,SA,XDC,Q,1996-Q4,324592300000,0,,,,,,,,,L,,,O,OL,true,2017,,F
dataflow,IMF.STA:QNEA(7.0.0),R,CAN,B1GQ,Q,SA,XDC,Q,1997-Q1,328941500000,0,,,,,,,,,L,,,O,OL,true,2017,,F
dataflow,IMF.STA:QNEA(7.0.0),R,CAN,B1GQ,Q,SA,XDC,Q,1997-Q2,332643300000,0,,,,,,,,,L,,,O,OL,true,2017,,F
dataflow,IMF.STA:QNEA(7.0.0),R,CAN,B1GQ,Q,SA,XDC,Q,1997-Q3,336586800000,0,,,,,,,,,L,,,O,OL,true,2017,,F
dataflow,IMF.STA:QNEA(7.0.0),R,CAN,B1GQ,Q,SA,XDC,Q,1997-Q4,339839500000,0,,,,,,,,,L,,,O,OL,true,2017,,F
dataflow,IMF.STA:QNEA(7.0.0),R,CAN,B1GQ,Q,SA,XDC,Q,1998-Q1,344638000000,0,,,,,,,,,L,,,O,OL,true,2017,,F
dataflow,IMF.STA:QNEA(7.0.0),R,CAN,B1GQ,Q,SA,XDC,Q,1998-Q2,344820500000,0,,,,,,,,,L,,,O,OL,true,2017,,F
dataflow,IMF.STA:QNEA(7.0.0),R,CAN,B1GQ,Q,SA,XDC,Q,1998-Q3,347962500000,0,,,,,,,,,L,,,O,OL,true,2017,,F
dataflow,IMF.STA:QNEA(7.0.0),R,CAN,B1GQ,Q,SA,XDC,Q,1998-Q4,352677300000,0,,,,,,,,,L,,,O,OL,true,2017,,F
dataflow,IMF.STA:QNEA(7.0.0),R,CAN,B1GQ,Q,SA,XDC,Q,1999-Q1,359045000000,0,,,,,,,,,L,,,O,OL,true,2017,,F
dataflow,IMF.STA:QNEA(7.0.0),R,CAN,B1GQ,Q,SA,XDC,Q,1999-Q2,362006300000,0,,,,,,,,,L,,,O,OL,true,2017,,F
dataflow,IMF.STA:QNEA(7.0.0),R,CAN,B1GQ,Q,SA,XDC,Q,1999-Q3,367680500000,0,,,,,,,,,L,,,O,OL,true,2017,,F
dataflow,IMF.STA:QNEA(7.0.0),R,CAN,B1GQ,Q,SA,XDC,Q,1999-Q4,372831500000,0,,,,,,,,,L,,,O,OL,true,2017,,F
dataflow,IMF.STA:QNEA(7.0.0),R,CAN,B1GQ,Q,SA,XDC,Q,2000-Q1,378669000000,0,,,,,,,,,L,,,O,OL,true,2017,,F
dataflow,IMF.STA:QNEA(7.0.0),R,CAN,B1GQ,Q,SA,XDC,Q,2000-Q2,383125800000,0,,,,,,,,,L,,,O,OL,true,2017,,F
dataflow,IMF.STA:QNEA(7.0.0),R,CAN,B1GQ,Q,SA,XDC,Q,2000-Q3,387053000000,0,,,,,,,,,L,,,O,OL,true,2017,,F
dataflow,IMF.STA:QNEA(7.0.0),R,CAN,B1GQ,Q,SA,XDC,Q,2000-Q4,387818500000,0,,,,,,,,,L,,,O,OL,true,2017,,F
dataflow,IMF.STA:QNEA(7.0.0),R,CAN,B1GQ,Q,SA,XDC,Q,2001-Q1,390001500000,0,,,,,,,,,L,,,O,OL,true,2017,,F
dataflow,IMF.STA:QNEA(7.0.0),R,CAN,B1GQ,Q,SA,XDC,Q,2001-Q2,391228000000,0,,,,,,,,,L,,,O,OL,true,2017,,F
dataflow,IMF.STA:QNEA(7.0.0),R,CAN,B1GQ,Q,SA,XDC,Q,2001-Q3,390953000000,0,,,,,,,,,L,,,O,OL,true,2017,,F
dataflow,IMF.STA:QNEA(7.0.0),R,CAN,B1GQ,Q,SA,XDC,Q,2001-Q4,393297800000,0,,,,,,,,,L,,,O,OL,true,2017,,F
dataflow,IMF.STA:QNEA(7.0.0),R,CAN,B1GQ,Q,SA,XDC,Q,2002-Q1,399048500000,0,,,,,,,,,L,,,O,OL,true,2017,,F
dataflow,IMF.STA:QNEA(7.0.0),R,CAN,B1GQ,Q,SA,XDC,Q,2002-Q2,401406300000,0,,,,,,,,,L,,,O,OL,true,2017,,F
dataflow,IMF.STA:QNEA(7.0.0),R,CAN,B1GQ,Q,SA,XDC,Q,2002-Q3,404877300000,0,,,,,,,,,L,,,O,OL,true,2017,,F
dataflow,IMF.STA:QNEA(7.0.0),R,CAN,B1GQ,Q,SA,XDC,Q,2002-Q4,407101000000,0,,,,,,,,,L,,,O,OL,true,2017,,F
dataflow,IMF.STA:QNEA(7.0.0),R,CAN,B1GQ,Q,SA,XDC,Q,2003-Q1,409366000000,0,,,,,,,,,L,,,O,OL,true,2017,,F
dataflow,IMF.STA:QNEA(7.0.0),R,CAN,B1GQ,Q,SA,XDC,Q,2003-Q2,408772300000,0,,,,,,,,,L,,,O,OL,true,2017,,F
dataflow,IMF.STA:QNEA(7.0.0),R,CAN,B1GQ,Q,SA,XDC,Q,2003-Q3,410300500000,0,,,,,,,,,L,,,O,OL,true,2017,,F
dataflow,IMF.STA:QNEA(7.0.0),R,CAN,B1GQ,Q,SA,XDC,Q,2003-Q4,413121000000,0,,,,,,,,,L,,,O,OL,true,2017,,F
dataflow,IMF.STA:QNEA(7.0.0),R,CAN,B1GQ,Q,SA,XDC,Q,2004-Q1,416125000000,0,,,,,,,,,L,,,O,OL,true,2017,,F
dataflow,IMF.STA:QNEA(7.0.0),R,CAN,B1GQ,Q,SA,XDC,Q,2004-Q2,421055500000,0,,,,,,,,,L,,,O,OL,true,2017,,F
dataflow,IMF.STA:QNEA(7.0.0),R,CAN,B1GQ,Q,SA,XDC,Q,2004-Q3,426033800000,0,,,,,,,,,L,,,O,OL,true,2017,,F
dataflow,IMF.STA:QNEA(7.0.0),R,CAN,B1GQ,Q,SA,XDC,Q,2004-Q4,429108500000,0,,,,,,,,,L,,,O,OL,true,2017,,F
dataflow,IMF.STA:QNEA(7.0.0),R,CAN,B1GQ,Q,SA,XDC,Q,2005-Q1,430611300000,0,,,,,,,,,L,,,O,OL,true,2017,,F
dataflow,IMF.STA:QNEA(7.0.0),R,CAN,B1GQ,Q,SA,XDC,Q,2005-Q2,433723500000,0,,,,,,,,,L,,,O,OL,true,2017,,F
dataflow,IMF.STA:QNEA(7.0.0),R,CAN,B1GQ,Q,SA,XDC,Q,2005-Q3,438979800000,0,,,,,,,,,L,,,O,OL,true,2017,,F
dataflow,IMF.STA:QNEA(7.0.0),R,CAN,B1GQ,Q,SA,XDC,Q,2005-Q4,443339500000,0,,,,,,,,,L,,,O,OL,true,2017,,F
dataflow,IMF.STA:QNEA(7.0.0),R,CAN,B1GQ,Q,SA,XDC,Q,2006-Q1,446939000000,0,,,,,,,,,L,,,O,OL,true,2017,,F
dataflow,IMF.STA:QNEA(7.0.0),R,CAN,B1GQ,Q,SA,XDC,Q,2006-Q2,447162500000,0,,,,,,,,,L,,,O,OL,true,2017,,F
dataflow,IMF.STA:QNEA(7.0.0),R,CAN,B1GQ,Q,SA,XDC,Q,2006-Q3,448421300000,0,,,,,,,,,L,,,O,OL,true,2017,,F
dataflow,IMF.STA:QNEA(7.0.0),R,CAN,B1GQ,Q,SA,XDC,Q,2006-Q4,450207000000,0,,,,,,,,,L,,,O,OL,true,2017,,F
dataflow,IMF.STA:QNEA(7.0.0),R,CAN,B1GQ,Q,SA,XDC,Q,2007-Q1,453080300000,0,,,,,,,,,L,,,O,OL,true,2017,,F
dataflow,IMF.STA:QNEA(7.0.0),R,CAN,B1GQ,Q,SA,XDC,Q,2007-Q2,457455800000,0,,,,,,,,,L,,,O,OL,true,2017,,F
dataflow,IMF.STA:QNEA(7.0.0),R,CAN,B1GQ,Q,SA,XDC,Q,2007-Q3,459169800000,0,,,,,,,,,L,,,O,OL,true,2017,,F
dataflow,IMF.STA:QNEA(7.0.0),R,CAN,B1GQ,Q,SA,XDC,Q,2007-Q4,459773300000,0,,,,,,,,,L,,,O,OL,true,2017,,F
dataflow,IMF.STA:QNEA(7.0.0),R,CAN,B1GQ,Q,SA,XDC,Q,2008-Q1,460118300000,0,,,,,,,,,L,,,O,OL,true,2017,,F
dataflow,IMF.STA:QNEA(7.0.0),R,CAN,B1GQ,Q,SA,XDC,Q,2008-Q2,461794800000,0,,,,,,,,,L,,,O,OL,true,2017,,F
dataflow,IMF.STA:QNEA(7.0.0),R,CAN,B1GQ,Q,SA,XDC,Q,2008-Q3,465589500000,0,,,,,,,,,L,,,O,OL,true,2017,,F
dataflow,IMF.STA:QNEA(7.0.0),R,CAN,B1GQ,Q,SA,XDC,Q,2008-Q4,460187300000,0,,,,,,,,,L,,,O,OL,true,2017,,F
dataflow,IMF.STA:QNEA(7.0.0),R,CAN,B1GQ,Q,SA,XDC,Q,2009-Q1,449802800000,0,,,,,,,,,L,,,O,OL,true,2017,,F
dataflow,IMF.STA:QNEA(7.0.0),R,CAN,B1GQ,Q,SA,XDC,Q,2009-Q2,444950800000,0,,,,,,,,,L,,,O,OL,true,2017,,F
dataflow,IMF.STA:QNEA(7.0.0),R,CAN,B1GQ,Q,SA,XDC,Q,2009-Q3,446940800000,0,,,,,,,,,L,,,O,OL,true,2017,,F
dataflow,IMF.STA:QNEA(7.0.0),R,CAN,B1GQ,Q,SA,XDC,Q,2009-Q4,452133800000,0,,,,,,,,,L,,,O,OL,true,2017,,F
dataflow,IMF.STA:QNEA(7.0.0),R,CAN,B1GQ,Q,SA,XDC,Q,2010-Q1,457611500000,0,,,,,,,,,L,,,O,OL,true,2017,,F
dataflow,IMF.STA:QNEA(7.0.0),R,CAN,B1GQ,Q,SA,XDC,Q,2010-Q2,460007800000,0,,,,,,,,,L,,,O,OL,true,2017,,F
dataflow,IMF.STA:QNEA(7.0.0),R,CAN,B1GQ,Q,SA,XDC,Q,2010-Q3,463228000000,0,,,,,,,,,L,,,O,OL,true,2017,,F
dataflow,IMF.STA:QNEA(7.0.0),R,CAN,B1GQ,Q,SA,XDC,Q,2010-Q4,468424500000,0,,,,,,,,,L,,,O,OL,true,2017,,F
dataflow,IMF.STA:QNEA(7.0.0),R,CAN,B1GQ,Q,SA,XDC,Q,2011-Q1,471992000000,0,,,,,,,,,L,,,O,OL,true,2017,,F
dataflow,IMF.STA:QNEA(7.0.0),R,CAN,B1GQ,Q,SA,XDC,Q,2011-Q2,472848800000,0,,,,,,,,,L,,,O,OL,true,2017,,F
dataflow,IMF.STA:QNEA(7.0.0),R,CAN,B1GQ,Q,SA,XDC,Q,2011-Q3,479318500000,0,,,,,,,,,L,,,O,OL,true,2017,,F
dataflow,IMF.STA:QNEA(7.0.0),R,CAN,B1GQ,Q,SA,XDC,Q,2011-Q4,483127800000,0,,,,,,,,,L,,,O,OL,true,2017,,F
dataflow,IMF.STA:QNEA(7.0.0),R,CAN,B1GQ,Q,SA,XDC,Q,2012-Q1,483432800000,0,,,,,,,,,L,,,O,OL,true,2017,,F
dataflow,IMF.STA:QNEA(7.0.0),R,CAN,B1GQ,Q,SA,XDC,Q,2012-Q2,485004300000,0,,,,,,,,,L,,,O,OL,true,2017,,F
dataflow,IMF.STA:QNEA(7.0.0),R,CAN,B1GQ,Q,SA,XDC,Q,2012-Q3,485668000000,0,,,,,,,,,L,,,O,OL,true,2017,,F
dataflow,IMF.STA:QNEA(7.0.0),R,CAN,B1GQ,Q,SA,XDC,Q,2012-Q4,486667500000,0,,,,,,,,,L,,,O,OL,true,2017,,F
dataflow,IMF.STA:QNEA(7.0.0),R,CAN,B1GQ,Q,SA,XDC,Q,2013-Q1,491023800000,0,,,,,,,,,L,,,O,OL,true,2017,,F
dataflow,IMF.STA:QNEA(7.0.0),R,CAN,B1GQ,Q,SA,XDC,Q,2013-Q2,493851500000,0,,,,,,,,,L,,,O,OL,true,2017,,F
dataflow,IMF.STA:QNEA(7.0.0),R,CAN,B1GQ,Q,SA,XDC,Q,2013-Q3,497912500000,0,,,,,,,,,L,,,O,OL,true,2017,,F
dataflow,IMF.STA:QNEA(7.0.0),R,CAN,B1GQ,Q,SA,XDC,Q,2013-Q4,503123500000,0,,,,,,,,,L,,,O,OL,true,2017,,F
dataflow,IMF.STA:QNEA(7.0.0),R,CAN,B1GQ,Q,SA,XDC,Q,2014-Q1,503973800000,0,,,,,,,,,L,,,O,OL,true,2017,,F
dataflow,IMF.STA:QNEA(7.0.0),R,CAN,B1GQ,Q,SA,XDC,Q,2014-Q2,508567800000,0,,,,,,,,,L,,,O,OL,true,2017,,F
dataflow,IMF.STA:QNEA(7.0.0),R,CAN,B1GQ,Q,SA,XDC,Q,2014-Q3,513442800000,0,,,,,,,,,L,,,O,OL,true,2017,,F
dataflow,IMF.STA:QNEA(7.0.0),R,CAN,B1GQ,Q,SA,XDC,Q,2014-Q4,516991500000,0,,,,,,,,,L,,,O,OL,true,2017,,F
dataflow,IMF.STA:QNEA(7.0.0),R,CAN,B1GQ,Q,SA,XDC,Q,2015-Q1,514113000000,0,,,,,,,,,L,,,O,OL,true,2017,,F
dataflow,IMF.STA:QNEA(7.0.0),R,CAN,B1GQ,Q,SA,XDC,Q,2015-Q2,512709500000,0,,,,,,,,,L,,,O,OL,true,2017,,F
dataflow,IMF.STA:QNEA(7.0.0),R,CAN,B1GQ,Q,SA,XDC,Q,2015-Q3,514545500000,0,,,,,,,,,L,,,O,OL,true,2017,,F
dataflow,IMF.STA:QNEA(7.0.0),R,CAN,B1GQ,Q,SA,XDC,Q,2015-Q4,514886500000,0,,,,,,,,,L,,,O,OL,true,2017,,F
dataflow,IMF.STA:QNEA(7.0.0),R,CAN,B1GQ,Q,SA,XDC,Q,2016-Q1,517933000000,0,,,,,,,,,L,,,O,OL,true,2017,,F
dataflow,IMF.STA:QNEA(7.0.0),R,CAN,B1GQ,Q,SA,XDC,Q,2016-Q2,515353000000,0,,,,,,,,,L,,,O,OL,true,2017,,F
dataflow,IMF.STA:QNEA(7.0.0),R,CAN,B1GQ,Q,SA,XDC,Q,2016-Q3,520701300000,0,,,,,,,,,L,,,O,OL,true,2017,,F
dataflow,IMF.STA:QNEA(7.0.0),R,CAN,B1GQ,Q,SA,XDC,Q,2016-Q4,523622500000,0,,,,,,,,,L,,,O,OL,true,2017,,F
dataflow,IMF.STA:QNEA(7.0.0),R,CAN,B1GQ,Q,SA,XDC,Q,2017-Q1,530210800000,0,,,,,,,,,L,,,O,OL,true,2017,,F
dataflow,IMF.STA:QNEA(7.0.0),R,CAN,B1GQ,Q,SA,XDC,Q,2017-Q2,535791500000,0,,,,,,,,,L,,,O,OL,true,2017,,F
dataflow,IMF.STA:QNEA(7.0.0),R,CAN,B1GQ,Q,SA,XDC,Q,2017-Q3,535959800000,0,,,,,,,,,L,,,O,OL,true,2017,,F
dataflow,IMF.STA:QNEA(7.0.0),R,CAN,B1GQ,Q,SA,XDC,Q,2017-Q4,538679000000,0,,,,,,,,,L,,,O,OL,true,2017,,F
dataflow,IMF.STA:QNEA(7.0.0),R,CAN,B1GQ,Q,SA,XDC,Q,2018-Q1,544941300000,0,,,,,,,,,L,,,O,OL,true,2017,,F
dataflow,IMF.STA:QNEA(7.0.0),R,CAN,B1GQ,Q,SA,XDC,Q,2018-Q2,549192000000,0,,,,,,,,,L,,,O,OL,true,2017,,F
dataflow,IMF.STA:QNEA(7.0.0),R,CAN,B1GQ,Q,SA,XDC,Q,2018-Q3,551962300000,0,,,,,,,,,L,,,O,OL,true,2017,,F
dataflow,IMF.STA:QNEA(7.0.0),R,CAN,B1GQ,Q,SA,XDC,Q,2018-Q4,553262500000,0,,,,,,,,,L,,,O,OL,true,2017,,F
dataflow,IMF.STA:QNEA(7.0.0),R,CAN,B1GQ,Q,SA,XDC,Q,2019-Q1,554594000000,0,,,,,,,,,L,,,O,OL,true,2017,,F
dataflow,IMF.STA:QNEA(7.0.0),R,CAN,B1GQ,Q,SA,XDC,Q,2019-Q2,560665500000,0,,,,,,,,,L,,,O,OL,true,2017,,F
dataflow,IMF.STA:QNEA(7.0.0),R,CAN,B1GQ,Q,SA,XDC,Q,2019-Q3,562233300000,0,,,,,,,,,L,,,O,OL,true,2017,,F
dataflow,IMF.STA:QNEA(7.0.0),R,CAN,B1GQ,Q,SA,XDC,Q,2019-Q4,563838500000,0,,,,,,,,,L,,,O,OL,true,2017,,F
dataflow,IMF.STA:QNEA(7.0.0),R,CAN,B1GQ,Q,SA,XDC,Q,2020-Q1,552844000000,0,,,,,,,,,L,,,O,OL,true,2017,,F
dataflow,IMF.STA:QNEA(7.0.0),R,CAN,B1GQ,Q,SA,XDC,Q,2020-Q2,492031500000,0,,,,,,,,,L,,,O,OL,true,2017,,F
dataflow,IMF.STA:QNEA(7.0.0),R,CAN,B1GQ,Q,SA,XDC,Q,2020-Q3,536725300000,0,,,,,,,,,L,,,O,OL,true,2017,,F
dataflow,IMF.STA:QNEA(7.0.0),R,CAN,B1GQ,Q,SA,XDC,Q,2020-Q4,546807000000,0,,,,,,,,,L,,,O,OL,true,2017,,F
dataflow,IMF.STA:QNEA(7.0.0),R,CAN,B1GQ,Q,SA,XDC,Q,2021-Q1,556122300000,0,,,,,,,,,L,,,O,OL,true,2017,,F
dataflow,IMF.STA:QNEA(7.0.0),R,CAN,B1GQ,Q,SA,XDC,Q,2021-Q2,555470500000,0,,,,,,,,,L,,,O,OL,true,2017,,F
dataflow,IMF.STA:QNEA(7.0.0),R,CAN,B1GQ,Q,SA,XDC,Q,2021-Q3,566660500000,0,,,,,,,,,L,,,O,OL,true,2017,,F
dataflow,IMF.STA:QNEA(7.0.0),R,CAN,B1GQ,Q,SA,XDC,Q,2021-Q4,576806000000,0,,,,,,,,,L,,,O,OL,true,2017,,F
dataflow,IMF.STA:QNEA(7.0.0),R,CAN,B1GQ,Q,SA,XDC,Q,2022-Q1,582786500000,0,,,,,,,,,L,,,O,OL,true,2017,,F
dataflow,IMF.STA:QNEA(7.0.0),R,CAN,B1GQ,Q,SA,XDC,Q,2022-Q2,589416500000,0,,,,,,,,,L,,,O,OL,true,2017,,F
dataflow,IMF.STA:QNEA(7.0.0),R,CAN,B1GQ,Q,SA,XDC,Q,2022-Q3,594183500000,0,,,,,,,,,L,,,O,OL,true,2017,,F
dataflow,IMF.STA:QNEA(7.0.0),R,CAN,B1GQ,Q,SA,XDC,Q,2022-Q4,594557300000,0,,,,,,,,,L,,,O,OL,true,2017,,F
dataflow,IMF.STA:QNEA(7.0.0),R,CAN,B1GQ,Q,SA,XDC,Q,2023-Q1,600816000000,0,,,,,,,,,L,,,O,OL,true,2017,,F
dataflow,IMF.STA:QNEA(7.0.0),R,CAN,B1GQ,Q,SA,XDC,Q,2023-Q2,601774800000,0,,,,,,,,,L,,,O,OL,true,2017,,F
dataflow,IMF.STA:QNEA(7.0.0),R,CAN,B1GQ,Q,SA,XDC,Q,2023-Q3,602076500000,0,,,,,,,,,L,,,O,OL,true,2017,,F
dataflow,IMF.STA:QNEA(7.0.0),R,CAN,B1GQ,Q,SA,XDC,Q,2023-Q4,602387800000,0,,,,,,,,,L,,,O,OL,true,2017,,F
dataflow,IMF.STA:QNEA(7.0.0),R,CAN,B1GQ,Q,SA,XDC,Q,2024-Q1,606777000000,0,,,,,,,,,L,,,O,OL,true,2017,,F
dataflow,IMF.STA:QNEA(7.0.0),R,CAN,B1GQ,Q,SA,XDC,Q,2024-Q2,611728300000,0,,,,,,,,,L,,,O,OL,true,2017,,F
dataflow,IMF.STA:QNEA(7.0.0),R,CAN,B1GQ,Q,SA,XDC,Q,2024-Q3,616739300000,0,,,,,,,,,L,,,O,OL,true,2017,,F
dataflow,IMF.STA:QNEA(7.0.0),R,CAN,B1GQ,Q,SA,XDC,Q,2024-Q4,621065300000,0,,,,,,,,,L,,,O,OL,true,2017,,F
dataflow,IMF.STA:QNEA(7.0.0),R,CAN,B1GQ,Q,SA,XDC,Q,2025-Q1,625509500000,0,,,,,,,,,L,,,O,OL,true,2017,,F
dataflow,IMF.STA:QNEA(7.0.0),R,CAN,B1GQ,Q,SA,XDC,Q,2025-Q2,623993800000,0,,,,,,,,,L,,,O,OL,true,2017,,F
dataflow,IMF.STA:QNEA(7.0.0),R,CAN,B1GQ,Q,SA,XDC,Q,2025-Q3,626938500000,0,,,,,,,,,L,,,O,OL,true,2017,,F
dataflow,IMF.STA:QNEA(7.0.0),R,CAN,B1GQ,Q,SA,XDC,Q,2025-Q4,625393300000,0,,,,,,,,,L,,,O,OL,true,2017,,F
dataflow,IMF.STA:QNEA(7.0.0),R,CAN,B1GQ,Q,SA,XDC,Q,2026-Q1,625901000000,0,,,,,,,,,L,,,O,OL,true,2017,,F
dataflow,IMF.STA:QNEA(7.0.0),R,CAN,B1GQ,Q,SA,XDC,Q,2026-Q2,631031800000,0,,,,,,,,,L,,,O,OL,true,2017,,F
dataflow,IMF.STA:QNEA(7.0.0),R,CHE,B1GQ,Q,SA,XDC,Q,1995-Q1,117984285620.11,0,,,,,,,,,L,,,O,OL,true,2010,,F
dataflow,IMF.STA:QNEA(7.0.0),R,CHE,B1GQ,Q,SA,XDC,Q,1995-Q2,118340183533.8,0,,,,,,,,,L,,,O,OL,true,2010,,F
dataflow,IMF.STA:QNEA(7.0.0),R,CHE,B1GQ,Q,SA,XDC,Q,1995-Q3,118916787314.03,0,,,,,,,,,L,,,O,OL,true,2010,,F
dataflow,IMF.STA:QNEA(7.0.0),R,CHE,B1GQ,Q,SA,XDC,Q,1995-Q4,118692724912.39,0,,,,,,,,,L,,,O,OL,true,2010,,F
dataflow,IMF.STA:QNEA(7.0.0),R,CHE,B1GQ,Q,SA,XDC,Q,1996-Q1,119630974834.9,0,,,,,,,,,L,,,O,OL,true,2010,,F
dataflow,IMF.STA:QNEA(7.0.0),R,CHE,B1GQ,Q,SA,XDC,Q,1996-Q2,118981187507.01,0,,,,,,,,,L,,,O,OL,true,2010,,F
dataflow,IMF.STA:QNEA(7.0.0),R,CHE,B1GQ,Q,SA,XDC,Q,1996-Q3,118820108491.38,0,,,,,,,,,L,,,O,OL,true,2010,,F
dataflow,IMF.STA:QNEA(7.0.0),R,CHE,B1GQ,Q,SA,XDC,Q,1996-Q4,119187481394.22,0,,,,,,,,,L,,,O,OL,true,2010,,F
dataflow,IMF.STA:QNEA(7.0.0),R,CHE,B1GQ,Q,SA,XDC,Q,1997-Q1,119800075917.86,0,,,,,,,,,L,,,O,OL,true,2010,,F
dataflow,IMF.STA:QNEA(7.0.0),R,CHE,B1GQ,Q,SA,XDC,Q,1997-Q2,120903569732.61,0,,,,,,,,,L,,,O,OL,true,2010,,F
dataflow,IMF.STA:QNEA(7.0.0),R,CHE,B1GQ,Q,SA,XDC,Q,1997-Q3,122675092251.66,0,,,,,,,,,L,,,O,OL,true,2010,,F
dataflow,IMF.STA:QNEA(7.0.0),R,CHE,B1GQ,Q,SA,XDC,Q,1997-Q4,123231065466.54,0,,,,,,,,,L,,,O,OL,true,2010,,F
dataflow,IMF.STA:QNEA(7.0.0),R,CHE,B1GQ,Q,SA,XDC,Q,1998-Q1,124188955171.12,0,,,,,,,,,L,,,O,OL,true,2010,,F
dataflow,IMF.STA:QNEA(7.0.0),R,CHE,B1GQ,Q,SA,XDC,Q,1998-Q2,125624325955.27,0,,,,,,,,,L,,,O,OL,true,2010,,F
dataflow,IMF.STA:QNEA(7.0.0),R,CHE,B1GQ,Q,SA,XDC,Q,1998-Q3,125444177310.69,0,,,,,,,,,L,,,O,OL,true,2010,,F
dataflow,IMF.STA:QNEA(7.0.0),R,CHE,B1GQ,Q,SA,XDC,Q,1998-Q4,124621482153.69,0,,,,,,,,,L,,,O,OL,true,2010,,F
dataflow,IMF.STA:QNEA(7.0.0),R,CHE,B1GQ,Q,SA,XDC,Q,1999-Q1,125329912247.88,0,,,,,,,,,L,,,O,OL,true,2010,,F
dataflow,IMF.STA:QNEA(7.0.0),R,CHE,B1GQ,Q,SA,XDC,Q,1999-Q2,125982674076.69,0,,,,,,,,,L,,,O,OL,true,2010,,F
dataflow,IMF.STA:QNEA(7.0.0),R,CHE,B1GQ,Q,SA,XDC,Q,1999-Q3,126875399676.14,0,,,,,,,,,L,,,O,OL,true,2010,,F
dataflow,IMF.STA:QNEA(7.0.0),R,CHE,B1GQ,Q,SA,XDC,Q,1999-Q4,129855218703.76,0,,,,,,,,,L,,,O,OL,true,2010,,F
dataflow,IMF.STA:QNEA(7.0.0),R,CHE,B1GQ,Q,SA,XDC,Q,2000-Q1,130526729321.87,0,,,,,,,,,L,,,O,OL,true,2010,,F
dataflow,IMF.STA:QNEA(7.0.0),R,CHE,B1GQ,Q,SA,XDC,Q,2000-Q2,130915169201.93,0,,,,,,,,,L,,,O,OL,true,2010,,F
dataflow,IMF.STA:QNEA(7.0.0),R,CHE,B1GQ,Q,SA,XDC,Q,2000-Q3,131936451279.67,0,,,,,,,,,L,,,O,OL,true,2010,,F
dataflow,IMF.STA:QNEA(7.0.0),R,CHE,B1GQ,Q,SA,XDC,Q,2000-Q4,133578219989.14,0,,,,,,,,,L,,,O,OL,true,2010,,F
dataflow,IMF.STA:QNEA(7.0.0),R,CHE,B1GQ,Q,SA,XDC,Q,2001-Q1,133462088973.05,0,,,,,,,,,L,,,O,OL,true,2010,,F
dataflow,IMF.STA:QNEA(7.0.0),R,CHE,B1GQ,Q,SA,XDC,Q,2001-Q2,134073961604.9,0,,,,,,,,,L,,,O,OL,true,2010,,F
dataflow,IMF.STA:QNEA(7.0.0),R,CHE,B1GQ,Q,SA,XDC,Q,2001-Q3,133985320916.94,0,,,,,,,,,L,,,O,OL,true,2010,,F
dataflow,IMF.STA:QNEA(7.0.0),R,CHE,B1GQ,Q,SA,XDC,Q,2001-Q4,133934546665.37,0,,,,,,,,,L,,,O,OL,true,2010,,F
dataflow,IMF.STA:QNEA(7.0.0),R,CHE,B1GQ,Q,SA,XDC,Q,2002-Q1,134047392858.57,0,,,,,,,,,L,,,O,OL,true,2010,,F
dataflow,IMF.STA:QNEA(7.0.0),R,CHE,B1GQ,Q,SA,XDC,Q,2002-Q2,134690247703.29,0,,,,,,,,,L,,,O,OL,true,2010,,F
dataflow,IMF.STA:QNEA(7.0.0),R,CHE,B1GQ,Q,SA,XDC,Q,2002-Q3,134878401774.36,0,,,,,,,,,L,,,O,OL,true,2010,,F
dataflow,IMF.STA:QNEA(7.0.0),R,CHE,B1GQ,Q,SA,XDC,Q,2002-Q4,133920997687.82,0,,,,,,,,,L,,,O,OL,true,2010,,F
dataflow,IMF.STA:QNEA(7.0.0),R,CHE,B1GQ,Q,SA,XDC,Q,2003-Q1,133099798702.4,0,,,,,,,,,L,,,O,OL,true,2010,,F
dataflow,IMF.STA:QNEA(7.0.0),R,CHE,B1GQ,Q,SA,XDC,Q,2003-Q2,132989494325.8,0,,,,,,,,,L,,,O,OL,true,2010,,F
dataflow,IMF.STA:QNEA(7.0.0),R,CHE,B1GQ,Q,SA,XDC,Q,2003-Q3,134182964870.07,0,,,,,,,,,L,,,O,OL,true,2010,,F
dataflow,IMF.STA:QNEA(7.0.0),R,CHE,B1GQ,Q,SA,XDC,Q,2003-Q4,135644403531.15,0,,,,,,,,,L,,,O,OL,true,2010,,F
dataflow,IMF.STA:QNEA(7.0.0),R,CHE,B1GQ,Q,SA,XDC,Q,2004-Q1,136438730520.01,0,,,,,,,,,L,,,O,OL,true,2010,,F
dataflow,IMF.STA:QNEA(7.0.0),R,CHE,B1GQ,Q,SA,XDC,Q,2004-Q2,137421432982.59,0,,,,,,,,,L,,,O,OL,true,2010,,F
dataflow,IMF.STA:QNEA(7.0.0),R,CHE,B1GQ,Q,SA,XDC,Q,2004-Q3,137443933436.37,0,,,,,,,,,L,,,O,OL,true,2010,,F
dataflow,IMF.STA:QNEA(7.0.0),R,CHE,B1GQ,Q,SA,XDC,Q,2004-Q4,137914768751.1,0,,,,,,,,,L,,,O,OL,true,2010,,F
dataflow,IMF.STA:QNEA(7.0.0),R,CHE,B1GQ,Q,SA,XDC,Q,2005-Q1,139121265550.1,0,,,,,,,,,L,,,O,OL,true,2010,,F
dataflow,IMF.STA:QNEA(7.0.0),R,CHE,B1GQ,Q,SA,XDC,Q,2005-Q2,140785039306.28,0,,,,,,,,,L,,,O,OL,true,2010,,F
dataflow,IMF.STA:QNEA(7.0.0),R,CHE,B1GQ,Q,SA,XDC,Q,2005-Q3,142177218770.87,0,,,,,,,,,L,,,O,OL,true,2010,,F
dataflow,IMF.STA:QNEA(7.0.0),R,CHE,B1GQ,Q,SA,XDC,Q,2005-Q4,143582564368.98,0,,,,,,,,,L,,,O,OL,true,2010,,F
dataflow,IMF.STA:QNEA(7.0.0),R,CHE,B1GQ,Q,SA,XDC,Q,2006-Q1,145334642664.56,0,,,,,,,,,L,,,O,OL,true,2010,,F
dataflow,IMF.STA:QNEA(7.0.0),R,CHE,B1GQ,Q,SA,XDC,Q,2006-Q2,146591677652.06,0,,,,,,,,,L,,,O,OL,true,2010,,F
dataflow,IMF.STA:QNEA(7.0.0),R,CHE,B1GQ,Q,SA,XDC,Q,2006-Q3,147725363639.81,0,,,,,,,,,L,,,O,OL,true,2010,,F
dataflow,IMF.STA:QNEA(7.0.0),R,CHE,B1GQ,Q,SA,XDC,Q,2006-Q4,149758489078.26,0,,,,,,,,,L,,,O,OL,true,2010,,F
dataflow,IMF.STA:QNEA(7.0.0),R,CHE,B1GQ,Q,SA,XDC,Q,2007-Q1,150781461967.39,0,,,,,,,,,L,,,O,OL,true,2010,,F
dataflow,IMF.STA:QNEA(7.0.0),R,CHE,B1GQ,Q,SA,XDC,Q,2007-Q2,152928180443.86,0,,,,,,,,,L,,,O,OL,true,2010,,F
dataflow,IMF.STA:QNEA(7.0.0),R,CHE,B1GQ,Q,SA,XDC,Q,2007-Q3,154192269991.18,0,,,,,,,,,L,,,O,OL,true,2010,,F
dataflow,IMF.STA:QNEA(7.0.0),R,CHE,B1GQ,Q,SA,XDC,Q,2007-Q4,155060543019.55,0,,,,,,,,,L,,,O,OL,true,2010,,F
dataflow,IMF.STA:QNEA(7.0.0),R,CHE,B1GQ,Q,SA,XDC,Q,2008-Q1,156156144077.73,0,,,,,,,,,L,,,O,OL,true,2010,,F
dataflow,IMF.STA:QNEA(7.0.0),R,CHE,B1GQ,Q,SA,XDC,Q,2008-Q2,157857115683.24,0,,,,,,,,,L,,,O,OL,true,2010,,F
dataflow,IMF.STA:QNEA(7.0.0),R,CHE,B1GQ,Q,SA,XDC,Q,2008-Q3,158850044300.55,0,,,,,,,,,L,,,O,OL,true,2010,,F
dataflow,IMF.STA:QNEA(7.0.0),R,CHE,B1GQ,Q,SA,XDC,Q,2008-Q4,155335829637.16,0,,,,,,,,,L,,,O,OL,true,2010,,F
dataflow,IMF.STA:QNEA(7.0.0),R,CHE,B1GQ,Q,SA,XDC,Q,2009-Q1,152664925242.29,0,,,,,,,,,L,,,O,OL,true,2010,,F
dataflow,IMF.STA:QNEA(7.0.0),R,CHE,B1GQ,Q,SA,XDC,Q,2009-Q2,153207624032.85,0,,,,,,,,,L,,,O,OL,true,2010,,F
dataflow,IMF.STA:QNEA(7.0.0),R,CHE,B1GQ,Q,SA,XDC,Q,2009-Q3,154611915211.26,0,,,,,,,,,L,,,O,OL,true,2010,,F
dataflow,IMF.STA:QNEA(7.0.0),R,CHE,B1GQ,Q,SA,XDC,Q,2009-Q4,155423834157.47,0,,,,,,,,,L,,,O,OL,true,2010,,F
dataflow,IMF.STA:QNEA(7.0.0),R,CHE,B1GQ,Q,SA,XDC,Q,2010-Q1,157359150360.91,0,,,,,,,,,L,,,O,OL,true,2010,,F
dataflow,IMF.STA:QNEA(7.0.0),R,CHE,B1GQ,Q,SA,XDC,Q,2010-Q2,158550657176.72,0,,,,,,,,,L,,,O,OL,true,2010,,F
dataflow,IMF.STA:QNEA(7.0.0),R,CHE,B1GQ,Q,SA,XDC,Q,2010-Q3,159280576137.27,0,,,,,,,,,L,,,O,OL,true,2010,,F
dataflow,IMF.STA:QNEA(7.0.0),R,CHE,B1GQ,Q,SA,XDC,Q,2010-Q4,160474801933.11,0,,,,,,,,,L,,,O,OL,true,2010,,F
dataflow,IMF.STA:QNEA(7.0.0),R,CHE,B1GQ,Q,SA,XDC,Q,2011-Q1,160618785385.06,0,,,,,,,,,L,,,O,OL,true,2010,,F
dataflow,IMF.STA:QNEA(7.0.0),R,CHE,B1GQ,Q,SA,XDC,Q,2011-Q2,161831661912.39,0,,,,,,,,,L,,,O,OL,true,2010,,F
dataflow,IMF.STA:QNEA(7.0.0),R,CHE,B1GQ,Q,SA,XDC,Q,2011-Q3,161001958905.43,0,,,,,,,,,L,,,O,OL,true,2010,,F
dataflow,IMF.STA:QNEA(7.0.0),R,CHE,B1GQ,Q,SA,XDC,Q,2011-Q4,161478354519.96,0,,,,,,,,,L,,,O,OL,true,2010,,F
dataflow,IMF.STA:QNEA(7.0.0),R,CHE,B1GQ,Q,SA,XDC,Q,2012-Q1,162115192725.54,0,,,,,,,,,L,,,O,OL,true,2010,,F
dataflow,IMF.STA:QNEA(7.0.0),R,CHE,B1GQ,Q,SA,XDC,Q,2012-Q2,162556480330.67,0,,,,,,,,,L,,,O,OL,true,2010,,F
dataflow,IMF.STA:QNEA(7.0.0),R,CHE,B1GQ,Q,SA,XDC,Q,2012-Q3,163844989339.03,0,,,,,,,,,L,,,O,OL,true,2010,,F
dataflow,IMF.STA:QNEA(7.0.0),R,CHE,B1GQ,Q,SA,XDC,Q,2012-Q4,164014112739.94,0,,,,,,,,,L,,,O,OL,true,2010,,F
dataflow,IMF.STA:QNEA(7.0.0),R,CHE,B1GQ,Q,SA,XDC,Q,2013-Q1,164648316934.26,0,,,,,,,,,L,,,O,OL,true,2010,,F
dataflow,IMF.STA:QNEA(7.0.0),R,CHE,B1GQ,Q,SA,XDC,Q,2013-Q2,165721832926.45,0,,,,,,,,,L,,,O,OL,true,2010,,F
dataflow,IMF.STA:QNEA(7.0.0),R,CHE,B1GQ,Q,SA,XDC,Q,2013-Q3,166995109981.22,0,,,,,,,,,L,,,O,OL,true,2010,,F
dataflow,IMF.STA:QNEA(7.0.0),R,CHE,B1GQ,Q,SA,XDC,Q,2013-Q4,167291810085.04,0,,,,,,,,,L,,,O,OL,true,2010,,F
dataflow,IMF.STA:QNEA(7.0.0),R,CHE,B1GQ,Q,SA,XDC,Q,2014-Q1,168437673528.8,0,,,,,,,,,L,,,O,OL,true,2010,,F
dataflow,IMF.STA:QNEA(7.0.0),R,CHE,B1GQ,Q,SA,XDC,Q,2014-Q2,169978379203.11,0,,,,,,,,,L,,,O,OL,true,2010,,F
dataflow,IMF.STA:QNEA(7.0.0),R,CHE,B1GQ,Q,SA,XDC,Q,2014-Q3,170985255383.56,0,,,,,,,,,L,,,O,OL,true,2010,,F
dataflow,IMF.STA:QNEA(7.0.0),R,CHE,B1GQ,Q,SA,XDC,Q,2014-Q4,172075644744.41,0,,,,,,,,,L,,,O,OL,true,2010,,F
dataflow,IMF.STA:QNEA(7.0.0),R,CHE,B1GQ,Q,SA,XDC,Q,2015-Q1,171568208867.31,0,,,,,,,,,L,,,O,OL,true,2010,,F
dataflow,IMF.STA:QNEA(7.0.0),R,CHE,B1GQ,Q,SA,XDC,Q,2015-Q2,171916154241.98,0,,,,,,,,,L,,,O,OL,true,2010,,F
dataflow,IMF.STA:QNEA(7.0.0),R,CHE,B1GQ,Q,SA,XDC,Q,2015-Q3,173165873800.54,0,,,,,,,,,L,,,O,OL,true,2010,,F
dataflow,IMF.STA:QNEA(7.0.0),R,CHE,B1GQ,Q,SA,XDC,Q,2015-Q4,174342610946.42,0,,,,,,,,,L,,,O,OL,true,2010,,F
dataflow,IMF.STA:QNEA(7.0.0),R,CHE,B1GQ,Q,SA,XDC,Q,2016-Q1,175287612800.29,0,,,,,,,,,L,,,O,OL,true,2010,,F
dataflow,IMF.STA:QNEA(7.0.0),R,CHE,B1GQ,Q,SA,XDC,Q,2016-Q2,176007731453.01,0,,,,,,,,,L,,,O,OL,true,2010,,F
dataflow,IMF.STA:QNEA(7.0.0),R,CHE,B1GQ,Q,SA,XDC,Q,2016-Q3,176685440559.06,0,,,,,,,,,L,,,O,OL,true,2010,,F
dataflow,IMF.STA:QNEA(7.0.0),R,CHE,B1GQ,Q,SA,XDC,Q,2016-Q4,176258101760.62,0,,,,,,,,,L,,,O,OL,true,2010,,F
dataflow,IMF.STA:QNEA(7.0.0),R,CHE,B1GQ,Q,SA,XDC,Q,2017-Q1,176395772783.42,0,,,,,,,,,L,,,O,OL,true,2010,,F
dataflow,IMF.STA:QNEA(7.0.0),R,CHE,B1GQ,Q,SA,XDC,Q,2017-Q2,177849020423.17,0,,,,,,,,,L,,,O,OL,true,2010,,F
dataflow,IMF.STA:QNEA(7.0.0),R,CHE,B1GQ,Q,SA,XDC,Q,2017-Q3,179259223983.71,0,,,,,,,,,L,,,O,OL,true,2010,,F
dataflow,IMF.STA:QNEA(7.0.0),R,CHE,B1GQ,Q,SA,XDC,Q,2017-Q4,181061594584.87,0,,,,,,,,,L,,,O,OL,true,2010,,F
dataflow,IMF.STA:QNEA(7.0.0),R,CHE,B1GQ,Q,SA,XDC,Q,2018-Q1,183357036632.27,0,,,,,,,,,L,,,O,OL,true,2010,,F
dataflow,IMF.STA:QNEA(7.0.0),R,CHE,B1GQ,Q,SA,XDC,Q,2018-Q2,185281481836.3,0,,,,,,,,,L,,,O,OL,true,2010,,F
dataflow,IMF.STA:QNEA(7.0.0),R,CHE,B1GQ,Q,SA,XDC,Q,2018-Q3,184559651441.67,0,,,,,,,,,L,,,O,OL,true,2010,,F
dataflow,IMF.STA:QNEA(7.0.0),R,CHE,B1GQ,Q,SA,XDC,Q,2018-Q4,185200675770.92,0,,,,,,,,,L,,,O,OL,true,2010,,F
dataflow,IMF.STA:QNEA(7.0.0),R,CHE,B1GQ,Q,SA,XDC,Q,2019-Q1,185342429351.01,0,,,,,,,,,L,,,O,OL,true,2010,,F
dataflow,IMF.STA:QNEA(7.0.0),R,CHE,B1GQ,Q,SA,XDC,Q,2019-Q2,186551213297.71,0,,,,,,,,,L,,,O,OL,true,2010,,F
dataflow,IMF.STA:QNEA(7.0.0),R,CHE,B1GQ,Q,SA,XDC,Q,2019-Q3,187217948793.75,0,,,,,,,,,L,,,O,OL,true,2010,,F
dataflow,IMF.STA:QNEA(7.0.0),R,CHE,B1GQ,Q,SA,XDC,Q,2019-Q4,187562474260.03,0,,,,,,,,,L,,,O,OL,true,2010,,F
dataflow,IMF.STA:QNEA(7.0.0),R,CHE,B1GQ,Q,SA,XDC,Q,2020-Q1,185373009156.18,0,,,,,,,,,L,,,O,OL,true,2010,,F
dataflow,IMF.STA:QNEA(7.0.0),R,CHE,B1GQ,Q,SA,XDC,Q,2020-Q2,173609342728.05,0,,,,,,,,,L,,,O,OL,true,2010,,F
dataflow,IMF.STA:QNEA(7.0.0),R,CHE,B1GQ,Q,SA,XDC,Q,2020-Q3,184274155722.28,0,,,,,,,,,L,,,O,OL,true,2010,,F
dataflow,IMF.STA:QNEA(7.0.0),R,CHE,B1GQ,Q,SA,XDC,Q,2020-Q4,185988236620.2,0,,,,,,,,,L,,,O,OL,true,2010,,F
dataflow,IMF.STA:QNEA(7.0.0),R,CHE,B1GQ,Q,SA,XDC,Q,2021-Q1,187275843413.1,0,,,,,,,,,L,,,O,OL,true,2010,,F
dataflow,IMF.STA:QNEA(7.0.0),R,CHE,B1GQ,Q,SA,XDC,Q,2021-Q2,192324234227.21,0,,,,,,,,,L,,,O,OL,true,2010,,F
dataflow,IMF.STA:QNEA(7.0.0),R,CHE,B1GQ,Q,SA,XDC,Q,2021-Q3,196489566227.35,0,,,,,,,,,L,,,O,OL,true,2010,,F
dataflow,IMF.STA:QNEA(7.0.0),R,CHE,B1GQ,Q,SA,XDC,Q,2021-Q4,198050489342.27,0,,,,,,,,,L,,,O,OL,true,2010,,F
dataflow,IMF.STA:QNEA(7.0.0),R,CHE,B1GQ,Q,SA,XDC,Q,2022-Q1,198538890464.02,0,,,,,,,,,L,,,O,OL,true,2010,,F
dataflow,IMF.STA:QNEA(7.0.0),R,CHE,B1GQ,Q,SA,XDC,Q,2022-Q2,200197442125.44,0,,,,,,,,,L,,,O,OL,true,2010,,F
dataflow,IMF.STA:QNEA(7.0.0),R,CHE,B1GQ,Q,SA,XDC,Q,2022-Q3,201370768610.34,0,,,,,,,,,L,,,O,OL,true,2010,,F
dataflow,IMF.STA:QNEA(7.0.0),R,CHE,B1GQ,Q,SA,XDC,Q,2022-Q4,201741232583.19,0,,,,,,,,,L,,,O,OL,true,2010,,F
dataflow,IMF.STA:QNEA(7.0.0),R,CHE,B1GQ,Q,SA,XDC,Q,2023-Q1,202458968846.35,0,,,,,,,,,L,,,O,OL,true,2010,,F
dataflow,IMF.STA:QNEA(7.0.0),R,CHE,B1GQ,Q,SA,XDC,Q,2023-Q2,201778851556.02,0,,,,,,,,,L,,,O,OL,true,2010,,F
dataflow,IMF.STA:QNEA(7.0.0),R,CHE,B1GQ,Q,SA,XDC,Q,2023-Q3,202455912519.44,0,,,,,,,,,L,,,O,OL,true,2010,,F
dataflow,IMF.STA:QNEA(7.0.0),R,CHE,B1GQ,Q,SA,XDC,Q,2023-Q4,203596690389.66,0,,,,,,,,,L,,,O,OL,true,2010,,F
dataflow,IMF.STA:QNEA(7.0.0),R,CHE,B1GQ,Q,SA,XDC,Q,2024-Q1,203549715490.81,0,,,,,,,,,L,,,O,OL,true,2010,,F
dataflow,IMF.STA:QNEA(7.0.0),R,CHE,B1GQ,Q,SA,XDC,Q,2024-Q2,205376211853.38,0,,,,,,,,,L,,,O,OL,true,2010,,F
dataflow,IMF.STA:QNEA(7.0.0),R,CHE,B1GQ,Q,SA,XDC,Q,2024-Q3,206396625600.61,0,,,,,,,,,L,,,O,OL,true,2010,,F
dataflow,IMF.STA:QNEA(7.0.0),R,CHE,B1GQ,Q,SA,XDC,Q,2024-Q4,207199748384.7,0,,,,,,,,,L,,,O,OL,true,2010,,F
dataflow,IMF.STA:QNEA(7.0.0),R,CHE,B1GQ,Q,SA,XDC,Q,2025-Q1,209143426491.48,0,,,,,,,,,L,,,O,OL,true,2010,,F
dataflow,IMF.STA:QNEA(7.0.0),R,CHE,B1GQ,Q,SA,XDC,Q,2025-Q2,209107656727.31,0,,,,,,,,,L,,,O,OL,true,2010,,F
dataflow,IMF.STA:QNEA(7.0.0),R,CHE,B1GQ,Q,SA,XDC,Q,2025-Q3,208241263254.1,0,,,,,,,,,L,,,O,OL,true,2010,,F
dataflow,IMF.STA:QNEA(7.0.0),R,CHE,B1GQ,Q,SA,XDC,Q,2025-Q4,209319169680.6,0,,,,,,,,,L,,,O,OL,true,2010,,F
dataflow,IMF.STA:QNEA(7.0.0),R,CHE,B1GQ,Q,SA,XDC,Q,2026-Q1,210642178144.51,0,,,,,,,,,L,,,O,OL,true,2010,,F
dataflow,IMF.STA:QNEA(7.0.0),R,CHE,B1GQ,Q,SA,XDC,Q,2026-Q2,214612250921.19,0,,,,,,,,,L,,,O,OL,true,2010,,F
dataflow,IMF.STA:QNEA(7.0.0),R,CHL,B1GQ,Q,SA,XDC,Q,1996-Q1,20073653600000,0,,,,,,,,,L,,,O,OL,true,2018,,F
dataflow,IMF.STA:QNEA(7.0.0),R,CHL,B1GQ,Q,SA,XDC,Q,1996-Q2,20273373700000,0,,,,,,,,,L,,,O,OL,true,2018,,F
dataflow,IMF.STA:QNEA(7.0.0),R,CHL,B1GQ,Q,SA,XDC,Q,1996-Q3,20475481900000,0,,,,,,,,,L,,,O,OL,true,2018,,F
dataflow,IMF.STA:QNEA(7.0.0),R,CHL,B1GQ,Q,SA,XDC,Q,1996-Q4,20768946800000,0,,,,,,,,,L,,,O,OL,true,2018,,F
dataflow,IMF.STA:QNEA(7.0.0),R,CHL,B1GQ,Q,SA,XDC,Q,1997-Q1,21239925800000,0,,,,,,,,,L,,,O,OL,true,2018,,F
dataflow,IMF.STA:QNEA(7.0.0),R,CHL,B1GQ,Q,SA,XDC,Q,1997-Q2,21681978400000,0,,,,,,,,,L,,,O,OL,true,2018,,F
dataflow,IMF.STA:QNEA(7.0.0),R,CHL,B1GQ,Q,SA,XDC,Q,1997-Q3,22171770700000,0,,,,,,,,,L,,,O,OL,true,2018,,F
dataflow,IMF.STA:QNEA(7.0.0),R,CHL,B1GQ,Q,SA,XDC,Q,1997-Q4,22643725800000,0,,,,,,,,,L,,,O,OL,true,2018,,F
dataflow,IMF.STA:QNEA(7.0.0),R,CHL,B1GQ,Q,SA,XDC,Q,1998-Q1,22825628900000,0,,,,,,,,,L,,,O,OL,true,2018,,F
dataflow,IMF.STA:QNEA(7.0.0),R,CHL,B1GQ,Q,SA,XDC,Q,1998-Q2,23212833200000,0,,,,,,,,,L,,,O,OL,true,2018,,F
dataflow,IMF.STA:QNEA(7.0.0),R,CHL,B1GQ,Q,SA,XDC,Q,1998-Q3,23056914000000,0,,,,,,,,,L,,,O,OL,true,2018,,F
dataflow,IMF.STA:QNEA(7.0.0),R,CHL,B1GQ,Q,SA,XDC,Q,1998-Q4,22310621500000,0,,,,,,,,,L,,,O,OL,true,2018,,F
dataflow,IMF.STA:QNEA(7.0.0),R,CHL,B1GQ,Q,SA,XDC,Q,1999-Q1,22314903800000,0,,,,,,,,,L,,,O,OL,true,2018,,F
dataflow,IMF.STA:QNEA(7.0.0),R,CHL,B1GQ,Q,SA,XDC,Q,1999-Q2,22375787100000,0,,,,,,,,,L,,,O,OL,true,2018,,F
dataflow,IMF.STA:QNEA(7.0.0),R,CHL,B1GQ,Q,SA,XDC,Q,1999-Q3,22847809500000,0,,,,,,,,,L,,,O,OL,true,2018,,F
dataflow,IMF.STA:QNEA(7.0.0),R,CHL,B1GQ,Q,SA,XDC,Q,1999-Q4,23449635200000,0,,,,,,,,,L,,,O,OL,true,2018,,F
dataflow,IMF.STA:QNEA(7.0.0),R,CHL,B1GQ,Q,SA,XDC,Q,2000-Q1,23671182800000,0,,,,,,,,,L,,,O,OL,true,2018,,F
dataflow,IMF.STA:QNEA(7.0.0),R,CHL,B1GQ,Q,SA,XDC,Q,2000-Q2,23723660400000,0,,,,,,,,,L,,,O,OL,true,2018,,F
dataflow,IMF.STA:QNEA(7.0.0),R,CHL,B1GQ,Q,SA,XDC,Q,2000-Q3,24092776800000,0,,,,,,,,,L,,,O,OL,true,2018,,F
dataflow,IMF.STA:QNEA(7.0.0),R,CHL,B1GQ,Q,SA,XDC,Q,2000-Q4,24375535900000,0,,,,,,,,,L,,,O,OL,true,2018,,F
dataflow,IMF.STA:QNEA(7.0.0),R,CHL,B1GQ,Q,SA,XDC,Q,2001-Q1,24545366800000,0,,,,,,,,,L,,,O,OL,true,2018,,F
dataflow,IMF.STA:QNEA(7.0.0),R,CHL,B1GQ,Q,SA,XDC,Q,2001-Q2,24783147200000,0,,,,,,,,,L,,,O,OL,true,2018,,F
dataflow,IMF.STA:QNEA(7.0.0),R,CHL,B1GQ,Q,SA,XDC,Q,2001-Q3,24724883200000,0,,,,,,,,,L,,,O,OL,true,2018,,F
dataflow,IMF.STA:QNEA(7.0.0),R,CHL,B1GQ,Q,SA,XDC,Q,2001-Q4,24879314900000,0,,,,,,,,,L,,,O,OL,true,2018,,F
dataflow,IMF.STA:QNEA(7.0.0),R,CHL,B1GQ,Q,SA,XDC,Q,2002-Q1,25087662900000,0,,,,,,,,,L,,,O,OL,true,2018,,F
dataflow,IMF.STA:QNEA(7.0.0),R,CHL,B1GQ,Q,SA,XDC,Q,2002-Q2,25291740600000,0,,,,,,,,,L,,,O,OL,true,2018,,F
dataflow,IMF.STA:QNEA(7.0.0),R,CHL,B1GQ,Q,SA,XDC,Q,2002-Q3,25567252900000,0,,,,,,,,,L,,,O,OL,true,2018,,F
dataflow,IMF.STA:QNEA(7.0.0),R,CHL,B1GQ,Q,SA,XDC,Q,2002-Q4,25938818000000,0,,,,,,,,,L,,,O,OL,true,2018,,F
dataflow,IMF.STA:QNEA(7.0.0),R,CHL,B1GQ,Q,SA,XDC,Q,2003-Q1,26307422300000,0,,,,,,,,,L,,,O,OL,true,2018,,F
dataflow,IMF.STA:QNEA(7.0.0),R,CHL,B1GQ,Q,SA,XDC,Q,2003-Q2,26585932800000,0,,,,,,,,,L,,,O,OL,true,2018,,F
dataflow,IMF.STA:QNEA(7.0.0),R,CHL,B1GQ,Q,SA,XDC,Q,2003-Q3,26761193900000,0,,,,,,,,,L,,,O,OL,true,2018,,F
dataflow,IMF.STA:QNEA(7.0.0),R,CHL,B1GQ,Q,SA,XDC,Q,2003-Q4,26906406200000,0,,,,,,,,,L,,,O,OL,true,2018,,F
dataflow,IMF.STA:QNEA(7.0.0),R,CHL,B1GQ,Q,SA,XDC,Q,2004-Q1,27473126500000,0,,,,,,,,,L,,,O,OL,true,2018,,F
dataflow,IMF.STA:QNEA(7.0.0),R,CHL,B1GQ,Q,SA,XDC,Q,2004-Q2,28001274000000,0,,,,,,,,,L,,,O,OL,true,2018,,F
dataflow,IMF.STA:QNEA(7.0.0),R,CHL,B1GQ,Q,SA,XDC,Q,2004-Q3,28734395400000,0,,,,,,,,,L,,,O,OL,true,2018,,F
dataflow,IMF.STA:QNEA(7.0.0),R,CHL,B1GQ,Q,SA,XDC,Q,2004-Q4,29200542300000,0,,,,,,,,,L,,,O,OL,true,2018,,F
dataflow,IMF.STA:QNEA(7.0.0),R,CHL,B1GQ,Q,SA,XDC,Q,2005-Q1,29233578000000,0,,,,,,,,,L,,,O,OL,true,2018,,F
dataflow,IMF.STA:QNEA(7.0.0),R,CHL,B1GQ,Q,SA,XDC,Q,2005-Q2,29719078100000,0,,,,,,,,,L,,,O,OL,true,2018,,F
dataflow,IMF.STA:QNEA(7.0.0),R,CHL,B1GQ,Q,SA,XDC,Q,2005-Q3,30441643500000,0,,,,,,,,,L,,,O,OL,true,2018,,F
dataflow,IMF.STA:QNEA(7.0.0),R,CHL,B1GQ,Q,SA,XDC,Q,2005-Q4,30807653000000,0,,,,,,,,,L,,,O,OL,true,2018,,F
dataflow,IMF.STA:QNEA(7.0.0),R,CHL,B1GQ,Q,SA,XDC,Q,2006-Q1,31086268500000,0,,,,,,,,,L,,,O,OL,true,2018,,F
dataflow,IMF.STA:QNEA(7.0.0),R,CHL,B1GQ,Q,SA,XDC,Q,2006-Q2,31731555100000,0,,,,,,,,,L,,,O,OL,true,2018,,F
dataflow,IMF.STA:QNEA(7.0.0),R,CHL,B1GQ,Q,SA,XDC,Q,2006-Q3,32163532900000,0,,,,,,,,,L,,,O,OL,true,2018,,F
dataflow,IMF.STA:QNEA(7.0.0),R,CHL,B1GQ,Q,SA,XDC,Q,2006-Q4,32850170100000,0,,,,,,,,,L,,,O,OL,true,2018,,F
dataflow,IMF.STA:QNEA(7.0.0),R,CHL,B1GQ,Q,SA,XDC,Q,2007-Q1,33187233000000,0,,,,,,,,,L,,,O,OL,true,2018,,F
dataflow,IMF.STA:QNEA(7.0.0),R,CHL,B1GQ,Q,SA,XDC,Q,2007-Q2,33524647900000,0,,,,,,,,,L,,,O,OL,true,2018,,F
dataflow,IMF.STA:QNEA(7.0.0),R,CHL,B1GQ,Q,SA,XDC,Q,2007-Q3,33616815600000,0,,,,,,,,,L,,,O,OL,true,2018,,F
dataflow,IMF.STA:QNEA(7.0.0),R,CHL,B1GQ,Q,SA,XDC,Q,2007-Q4,34248724400000,0,,,,,,,,,L,,,O,OL,true,2018,,F
dataflow,IMF.STA:QNEA(7.0.0),R,CHL,B1GQ,Q,SA,XDC,Q,2008-Q1,34970442900000,0,,,,,,,,,L,,,O,OL,true,2018,,F
dataflow,IMF.STA:QNEA(7.0.0),R,CHL,B1GQ,Q,SA,XDC,Q,2008-Q2,35004965900000,0,,,,,,,,,L,,,O,OL,true,2018,,F
dataflow,IMF.STA:QNEA(7.0.0),R,CHL,B1GQ,Q,SA,XDC,Q,2008-Q3,34719712800000,0,,,,,,,,,L,,,O,OL,true,2018,,F
dataflow,IMF.STA:QNEA(7.0.0),R,CHL,B1GQ,Q,SA,XDC,Q,2008-Q4,34440898100000,0,,,,,,,,,L,,,O,OL,true,2018,,F
dataflow,IMF.STA:QNEA(7.0.0),R,CHL,B1GQ,Q,SA,XDC,Q,2009-Q1,34273389800000,0,,,,,,,,,L,,,O,OL,true,2018,,F
dataflow,IMF.STA:QNEA(7.0.0),R,CHL,B1GQ,Q,SA,XDC,Q,2009-Q2,34073795700000,0,,,,,,,,,L,,,O,OL,true,2018,,F
dataflow,IMF.STA:QNEA(7.0.0),R,CHL,B1GQ,Q,SA,XDC,Q,2009-Q3,34481452100000,0,,,,,,,,,L,,,O,OL,true,2018,,F
dataflow,IMF.STA:QNEA(7.0.0),R,CHL,B1GQ,Q,SA,XDC,Q,2009-Q4,34905582400000,0,,,,,,,,,L,,,O,OL,true,2018,,F
dataflow,IMF.STA:QNEA(7.0.0),R,CHL,B1GQ,Q,SA,XDC,Q,2010-Q1,35018501500000,0,,,,,,,,,L,,,O,OL,true,2018,,F
dataflow,IMF.STA:QNEA(7.0.0),R,CHL,B1GQ,Q,SA,XDC,Q,2010-Q2,36206825500000,0,,,,,,,,,L,,,O,OL,true,2018,,F
dataflow,IMF.STA:QNEA(7.0.0),R,CHL,B1GQ,Q,SA,XDC,Q,2010-Q3,37056738000000,0,,,,,,,,,L,,,O,OL,true,2018,,F
dataflow,IMF.STA:QNEA(7.0.0),R,CHL,B1GQ,Q,SA,XDC,Q,2010-Q4,37497663300000,0,,,,,,,,,L,,,O,OL,true,2018,,F
dataflow,IMF.STA:QNEA(7.0.0),R,CHL,B1GQ,Q,SA,XDC,Q,2011-Q1,37934756900000,0,,,,,,,,,L,,,O,OL,true,2018,,F
dataflow,IMF.STA:QNEA(7.0.0),R,CHL,B1GQ,Q,SA,XDC,Q,2011-Q2,38479805100000,0,,,,,,,,,L,,,O,OL,true,2018,,F
dataflow,IMF.STA:QNEA(7.0.0),R,CHL,B1GQ,Q,SA,XDC,Q,2011-Q3,38726610300000,0,,,,,,,,,L,,,O,OL,true,2018,,F
dataflow,IMF.STA:QNEA(7.0.0),R,CHL,B1GQ,Q,SA,XDC,Q,2011-Q4,39568859200000,0,,,,,,,,,L,,,O,OL,true,2018,,F
dataflow,IMF.STA:QNEA(7.0.0),R,CHL,B1GQ,Q,SA,XDC,Q,2012-Q1,40382123500000,0,,,,,,,,,L,,,O,OL,true,2018,,F
dataflow,IMF.STA:QNEA(7.0.0),R,CHL,B1GQ,Q,SA,XDC,Q,2012-Q2,41130619500000,0,,,,,,,,,L,,,O,OL,true,2018,,F
dataflow,IMF.STA:QNEA(7.0.0),R,CHL,B1GQ,Q,SA,XDC,Q,2012-Q3,41450259700000,0,,,,,,,,,L,,,O,OL,true,2018,,F
dataflow,IMF.STA:QNEA(7.0.0),R,CHL,B1GQ,Q,SA,XDC,Q,2012-Q4,41696323500000,0,,,,,,,,,L,,,O,OL,true,2018,,F
dataflow,IMF.STA:QNEA(7.0.0),R,CHL,B1GQ,Q,SA,XDC,Q,2013-Q1,42051628200000,0,,,,,,,,,L,,,O,OL,true,2018,,F
dataflow,IMF.STA:QNEA(7.0.0),R,CHL,B1GQ,Q,SA,XDC,Q,2013-Q2,42404439000000,0,,,,,,,,,L,,,O,OL,true,2018,,F
dataflow,IMF.STA:QNEA(7.0.0),R,CHL,B1GQ,Q,SA,XDC,Q,2013-Q3,42663704900000,0,,,,,,,,,L,,,O,OL,true,2018,,F
dataflow,IMF.STA:QNEA(7.0.0),R,CHL,B1GQ,Q,SA,XDC,Q,2013-Q4,42811284400000,0,,,,,,,,,L,,,O,OL,true,2018,,F
dataflow,IMF.STA:QNEA(7.0.0),R,CHL,B1GQ,Q,SA,XDC,Q,2014-Q1,42938465300000,0,,,,,,,,,L,,,O,OL,true,2018,,F
dataflow,IMF.STA:QNEA(7.0.0),R,CHL,B1GQ,Q,SA,XDC,Q,2014-Q2,43283210800000,0,,,,,,,,,L,,,O,OL,true,2018,,F
dataflow,IMF.STA:QNEA(7.0.0),R,CHL,B1GQ,Q,SA,XDC,Q,2014-Q3,43099383800000,0,,,,,,,,,L,,,O,OL,true,2018,,F
dataflow,IMF.STA:QNEA(7.0.0),R,CHL,B1GQ,Q,SA,XDC,Q,2014-Q4,43560049900000,0,,,,,,,,,L,,,O,OL,true,2018,,F
dataflow,IMF.STA:QNEA(7.0.0),R,CHL,B1GQ,Q,SA,XDC,Q,2015-Q1,43844964900000,0,,,,,,,,,L,,,O,OL,true,2018,,F
dataflow,IMF.STA:QNEA(7.0.0),R,CHL,B1GQ,Q,SA,XDC,Q,2015-Q2,44260616800000,0,,,,,,,,,L,,,O,OL,true,2018,,F
dataflow,IMF.STA:QNEA(7.0.0),R,CHL,B1GQ,Q,SA,XDC,Q,2015-Q3,44064577500000,0,,,,,,,,,L,,,O,OL,true,2018,,F
dataflow,IMF.STA:QNEA(7.0.0),R,CHL,B1GQ,Q,SA,XDC,Q,2015-Q4,44406778700000,0,,,,,,,,,L,,,O,OL,true,2018,,F
dataflow,IMF.STA:QNEA(7.0.0),R,CHL,B1GQ,Q,SA,XDC,Q,2016-Q1,44839746700000,0,,,,,,,,,L,,,O,OL,true,2018,,F
dataflow,IMF.STA:QNEA(7.0.0),R,CHL,B1GQ,Q,SA,XDC,Q,2016-Q2,44683617300000,0,,,,,,,,,L,,,O,OL,true,2018,,F
dataflow,IMF.STA:QNEA(7.0.0),R,CHL,B1GQ,Q,SA,XDC,Q,2016-Q3,44962439200000,0,,,,,,,,,L,,,O,OL,true,2018,,F
dataflow,IMF.STA:QNEA(7.0.0),R,CHL,B1GQ,Q,SA,XDC,Q,2016-Q4,44931453900000,0,,,,,,,,,L,,,O,OL,true,2018,,F
dataflow,IMF.STA:QNEA(7.0.0),R,CHL,B1GQ,Q,SA,XDC,Q,2017-Q1,44641978000000,0,,,,,,,,,L,,,O,OL,true,2018,,F
dataflow,IMF.STA:QNEA(7.0.0),R,CHL,B1GQ,Q,SA,XDC,Q,2017-Q2,45239788600000,0,,,,,,,,,L,,,O,OL,true,2018,,F
dataflow,IMF.STA:QNEA(7.0.0),R,CHL,B1GQ,Q,SA,XDC,Q,2017-Q3,46089722400000,0,,,,,,,,,L,,,O,OL,true,2018,,F
dataflow,IMF.STA:QNEA(7.0.0),R,CHL,B1GQ,Q,SA,XDC,Q,2017-Q4,46408076500000,0,,,,,,,,,L,,,O,OL,true,2018,,F
dataflow,IMF.STA:QNEA(7.0.0),R,CHL,B1GQ,Q,SA,XDC,Q,2018-Q1,46969398900000,0,,,,,,,,,L,,,O,OL,true,2018,,F
dataflow,IMF.STA:QNEA(7.0.0),R,CHL,B1GQ,Q,SA,XDC,Q,2018-Q2,47481550000000,0,,,,,,,,,L,,,O,OL,true,2018,,F
dataflow,IMF.STA:QNEA(7.0.0),R,CHL,B1GQ,Q,SA,XDC,Q,2018-Q3,47334540800000,0,,,,,,,,,L,,,O,OL,true,2018,,F
dataflow,IMF.STA:QNEA(7.0.0),R,CHL,B1GQ,Q,SA,XDC,Q,2018-Q4,47915618900000,0,,,,,,,,,L,,,O,OL,true,2018,,F
dataflow,IMF.STA:QNEA(7.0.0),R,CHL,B1GQ,Q,SA,XDC,Q,2019-Q1,47723653500000,0,,,,,,,,,L,,,O,OL,true,2018,,F
dataflow,IMF.STA:QNEA(7.0.0),R,CHL,B1GQ,Q,SA,XDC,Q,2019-Q2,48372771200000,0,,,,,,,,,L,,,O,OL,true,2018,,F
dataflow,IMF.STA:QNEA(7.0.0),R,CHL,B1GQ,Q,SA,XDC,Q,2019-Q3,48281416600000,0,,,,,,,,,L,,,O,OL,true,2018,,F
dataflow,IMF.STA:QNEA(7.0.0),R,CHL,B1GQ,Q,SA,XDC,Q,2019-Q4,46366336200000,0,,,,,,,,,L,,,O,OL,true,2018,,F
dataflow,IMF.STA:QNEA(7.0.0),R,CHL,B1GQ,Q,SA,XDC,Q,2020-Q1,47332981600000,0,,,,,,,,,L,,,O,OL,true,2018,,F
dataflow,IMF.STA:QNEA(7.0.0),R,CHL,B1GQ,Q,SA,XDC,Q,2020-Q2,41401403700000,0,,,,,,,,,L,,,O,OL,true,2018,,F
dataflow,IMF.STA:QNEA(7.0.0),R,CHL,B1GQ,Q,SA,XDC,Q,2020-Q3,43457419200000,0,,,,,,,,,L,,,O,OL,true,2018,,F
dataflow,IMF.STA:QNEA(7.0.0),R,CHL,B1GQ,Q,SA,XDC,Q,2020-Q4,46321112200000,0,,,,,,,,,L,,,O,OL,true,2018,,F
dataflow,IMF.STA:QNEA(7.0.0),R,CHL,B1GQ,Q,SA,XDC,Q,2021-Q1,48135016500000,0,,,,,,,,,L,,,O,OL,true,2018,,F
dataflow,IMF.STA:QNEA(7.0.0),R,CHL,B1GQ,Q,SA,XDC,Q,2021-Q2,48720182200000,0,,,,,,,,,L,,,O,OL,true,2018,,F
dataflow,IMF.STA:QNEA(7.0.0),R,CHL,B1GQ,Q,SA,XDC,Q,2021-Q3,50733358800000,0,,,,,,,,,L,,,O,OL,true,2018,,F
dataflow,IMF.STA:QNEA(7.0.0),R,CHL,B1GQ,Q,SA,XDC,Q,2021-Q4,51627818500000,0,,,,,,,,,L,,,O,OL,true,2018,,F
dataflow,IMF.STA:QNEA(7.0.0),R,CHL,B1GQ,Q,SA,XDC,Q,2022-Q1,50944921200000,0,,,,,,,,,L,,,O,OL,true,2018,,F
dataflow,IMF.STA:QNEA(7.0.0),R,CHL,B1GQ,Q,SA,XDC,Q,2022-Q2,51155622600000,0,,,,,,,,,L,,,O,OL,true,2018,,F
dataflow,IMF.STA:QNEA(7.0.0),R,CHL,B1GQ,Q,SA,XDC,Q,2022-Q3,50683523900000,0,,,,,,,,,L,,,O,OL,true,2018,,F
dataflow,IMF.STA:QNEA(7.0.0),R,CHL,B1GQ,Q,SA,XDC,Q,2022-Q4,50574411500000,0,,,,,,,,,L,,,O,OL,true,2018,,F
dataflow,IMF.STA:QNEA(7.0.0),R,CHL,B1GQ,Q,SA,XDC,Q,2023-Q1,50790973900000,0,,,,,,,,,L,,,O,OL,true,2018,,F
dataflow,IMF.STA:QNEA(7.0.0),R,CHL,B1GQ,Q,SA,XDC,Q,2023-Q2,51073084400000,0,,,,,,,,,L,,,O,OL,true,2018,,F
dataflow,IMF.STA:QNEA(7.0.0),R,CHL,B1GQ,Q,SA,XDC,Q,2023-Q3,51486700300000,0,,,,,,,,,L,,,O,OL,true,2018,,F
dataflow,IMF.STA:QNEA(7.0.0),R,CHL,B1GQ,Q,SA,XDC,Q,2023-Q4,51594316200000,0,,,,,,,,,L,,,O,OL,true,2018,,F
dataflow,IMF.STA:QNEA(7.0.0),R,CHL,B1GQ,Q,SA,XDC,Q,2024-Q1,52219052900000,0,,,,,,,,,L,,,O,OL,true,2018,,F
dataflow,IMF.STA:QNEA(7.0.0),R,CHL,B1GQ,Q,SA,XDC,Q,2024-Q2,51978159300000,0,,,,,,,,,L,,,O,OL,true,2018,,F
dataflow,IMF.STA:QNEA(7.0.0),R,CHL,B1GQ,Q,SA,XDC,Q,2024-Q3,52804142300000,0,,,,,,,,,L,,,O,OL,true,2018,,F
dataflow,IMF.STA:QNEA(7.0.0),R,CHL,B1GQ,Q,SA,XDC,Q,2024-Q4,53251620200000,0,,,,,,,,,L,,,O,OL,true,2018,,F
dataflow,IMF.STA:QNEA(7.0.0),R,CHL,B1GQ,Q,SA,XDC,Q,2025-Q1,53722173700000,0,,,,,,,,,L,,,O,OL,true,2018,,F
dataflow,IMF.STA:QNEA(7.0.0),R,CHL,B1GQ,Q,SA,XDC,Q,2025-Q2,54089562100000,0,,,,,,,,,L,,,O,OL,true,2018,,F
dataflow,IMF.STA:QNEA(7.0.0),R,CHL,B1GQ,Q,SA,XDC,Q,2025-Q3,53851257200000,0,,,,,,,,,L,,,O,OL,true,2018,,F
dataflow,IMF.STA:QNEA(7.0.0),R,CHL,B1GQ,Q,SA,XDC,Q,2025-Q4,54056840100000,0,,,,,,,,,L,,,O,OL,true,2018,,F
dataflow,IMF.STA:QNEA(7.0.0),R,CHL,B1GQ,Q,SA,XDC,Q,2026-Q1,53920396100000,0,,,,,,,,,L,,,O,OL,true,2018,,F
dataflow,IMF.STA:QNEA(7.0.0),R,CHL,B1GQ,Q,SA,XDC,Q,2026-Q2,53912220000000,0,,,,,,,,,L,,,O,OL,true,2018,,F
dataflow,IMF.STA:QNEA(7.0.0),R,COL,B1GQ,Q,SA,XDC,Q,2005-Q1,126405658500000,0,,,,,,,,,L,,,O,OL,true,2015,,F
dataflow,IMF.STA:QNEA(7.0.0),R,COL,B1GQ,Q,SA,XDC,Q,2005-Q2,128470147000000,0,,,,,,,,,L,,,O,OL,true,2015,,F
dataflow,IMF.STA:QNEA(7.0.0),R,COL,B1GQ,Q,SA,XDC,Q,2005-Q3,128717054400000,0,,,,,,,,,L,,,O,OL,true,2015,,F
dataflow,IMF.STA:QNEA(7.0.0),R,COL,B1GQ,Q,SA,XDC,Q,2005-Q4,131260140000000,0,,,,,,,,,L,,,O,OL,true,2015,,F
dataflow,IMF.STA:QNEA(7.0.0),R,COL,B1GQ,Q,SA,XDC,Q,2006-Q1,134044350100000,0,,,,,,,,,L,,,O,OL,true,2015,,F
dataflow,IMF.STA:QNEA(7.0.0),R,COL,B1GQ,Q,SA,XDC,Q,2006-Q2,135763597100000,0,,,,,,,,,L,,,O,OL,true,2015,,F
dataflow,IMF.STA:QNEA(7.0.0),R,COL,B1GQ,Q,SA,XDC,Q,2006-Q3,138593091400000,0,,,,,,,,,L,,,O,OL,true,2015,,F
dataflow,IMF.STA:QNEA(7.0.0),R,COL,B1GQ,Q,SA,XDC,Q,2006-Q4,141033961400000,0,,,,,,,,,L,,,O,OL,true,2015,,F
dataflow,IMF.STA:QNEA(7.0.0),R,COL,B1GQ,Q,SA,XDC,Q,2007-Q1,143194681300000,0,,,,,,,,,L,,,O,OL,true,2015,,F
dataflow,IMF.STA:QNEA(7.0.0),R,COL,B1GQ,Q,SA,XDC,Q,2007-Q2,144899095200000,0,,,,,,,,,L,,,O,OL,true,2015,,F
dataflow,IMF.STA:QNEA(7.0.0),R,COL,B1GQ,Q,SA,XDC,Q,2007-Q3,148107675200000,0,,,,,,,,,L,,,O,OL,true,2015,,F
dataflow,IMF.STA:QNEA(7.0.0),R,COL,B1GQ,Q,SA,XDC,Q,2007-Q4,150255548400000,0,,,,,,,,,L,,,O,OL,true,2015,,F
dataflow,IMF.STA:QNEA(7.0.0),R,COL,B1GQ,Q,SA,XDC,Q,2008-Q1,151031621300000,0,,,,,,,,,L,,,O,OL,true,2015,,F
dataflow,IMF.STA:QNEA(7.0.0),R,COL,B1GQ,Q,SA,XDC,Q,2008-Q2,151016396300000,0,,,,,,,,,L,,,O,OL,true,2015,,F
dataflow,IMF.STA:QNEA(7.0.0),R,COL,B1GQ,Q,SA,XDC,Q,2008-Q3,152961327200000,0,,,,,,,,,L,,,O,OL,true,2015,,F
dataflow,IMF.STA:QNEA(7.0.0),R,COL,B1GQ,Q,SA,XDC,Q,2008-Q4,150703655200000,0,,,,,,,,,L,,,O,OL,true,2015,,F
dataflow,IMF.STA:QNEA(7.0.0),R,COL,B1GQ,Q,SA,XDC,Q,2009-Q1,150697919400000,0,,,,,,,,,L,,,O,OL,true,2015,,F
dataflow,IMF.STA:QNEA(7.0.0),R,COL,B1GQ,Q,SA,XDC,Q,2009-Q2,152431560500000,0,,,,,,,,,L,,,O,OL,true,2015,,F
dataflow,IMF.STA:QNEA(7.0.0),R,COL,B1GQ,Q,SA,XDC,Q,2009-Q3,153990648200000,0,,,,,,,,,L,,,O,OL,true,2015,,F
dataflow,IMF.STA:QNEA(7.0.0),R,COL,B1GQ,Q,SA,XDC,Q,2009-Q4,155495871900000,0,,,,,,,,,L,,,O,OL,true,2015,,F
dataflow,IMF.STA:QNEA(7.0.0),R,COL,B1GQ,Q,SA,XDC,Q,2010-Q1,156890926700000,0,,,,,,,,,L,,,O,OL,true,2015,,F
dataflow,IMF.STA:QNEA(7.0.0),R,COL,B1GQ,Q,SA,XDC,Q,2010-Q2,158881301700000,0,,,,,,,,,L,,,O,OL,true,2015,,F
dataflow,IMF.STA:QNEA(7.0.0),R,COL,B1GQ,Q,SA,XDC,Q,2010-Q3,160404156000000,0,,,,,,,,,L,,,O,OL,true,2015,,F
dataflow,IMF.STA:QNEA(7.0.0),R,COL,B1GQ,Q,SA,XDC,Q,2010-Q4,163974615700000,0,,,,,,,,,L,,,O,OL,true,2015,,F
dataflow,IMF.STA:QNEA(7.0.0),R,COL,B1GQ,Q,SA,XDC,Q,2011-Q1,167062539600000,0,,,,,,,,,L,,,O,OL,true,2015,,F
dataflow,IMF.STA:QNEA(7.0.0),R,COL,B1GQ,Q,SA,XDC,Q,2011-Q2,169900666800000,0,,,,,,,,,L,,,O,OL,true,2015,,F
dataflow,IMF.STA:QNEA(7.0.0),R,COL,B1GQ,Q,SA,XDC,Q,2011-Q3,173258727200000,0,,,,,,,,,L,,,O,OL,true,2015,,F
dataflow,IMF.STA:QNEA(7.0.0),R,COL,B1GQ,Q,SA,XDC,Q,2011-Q4,174406066400000,0,,,,,,,,,L,,,O,OL,true,2015,,F
dataflow,IMF.STA:QNEA(7.0.0),R,COL,B1GQ,Q,SA,XDC,Q,2012-Q1,177356758000000,0,,,,,,,,,L,,,O,OL,true,2015,,F
dataflow,IMF.STA:QNEA(7.0.0),R,COL,B1GQ,Q,SA,XDC,Q,2012-Q2,177877009300000,0,,,,,,,,,L,,,O,OL,true,2015,,F
dataflow,IMF.STA:QNEA(7.0.0),R,COL,B1GQ,Q,SA,XDC,Q,2012-Q3,177001440900000,0,,,,,,,,,L,,,O,OL,true,2015,,F
dataflow,IMF.STA:QNEA(7.0.0),R,COL,B1GQ,Q,SA,XDC,Q,2012-Q4,179179791700000,0,,,,,,,,,L,,,O,OL,true,2015,,F
dataflow,IMF.STA:QNEA(7.0.0),R,COL,B1GQ,Q,SA,XDC,Q,2013-Q1,181939162300000,0,,,,,,,,,L,,,O,OL,true,2015,,F
dataflow,IMF.STA:QNEA(7.0.0),R,COL,B1GQ,Q,SA,XDC,Q,2013-Q2,187121703300000,0,,,,,,,,,L,,,O,OL,true,2015,,F
dataflow,IMF.STA:QNEA(7.0.0),R,COL,B1GQ,Q,SA,XDC,Q,2013-Q3,188127686800000,0,,,,,,,,,L,,,O,OL,true,2015,,F
dataflow,IMF.STA:QNEA(7.0.0),R,COL,B1GQ,Q,SA,XDC,Q,2013-Q4,190750447600000,0,,,,,,,,,L,,,O,OL,true,2015,,F
dataflow,IMF.STA:QNEA(7.0.0),R,COL,B1GQ,Q,SA,XDC,Q,2014-Q1,193379216100000,0,,,,,,,,,L,,,O,OL,true,2015,,F
dataflow,IMF.STA:QNEA(7.0.0),R,COL,B1GQ,Q,SA,XDC,Q,2014-Q2,194318210500000,0,,,,,,,,,L,,,O,OL,true,2015,,F
dataflow,IMF.STA:QNEA(7.0.0),R,COL,B1GQ,Q,SA,XDC,Q,2014-Q3,196013622600000,0,,,,,,,,,L,,,O,OL,true,2015,,F
dataflow,IMF.STA:QNEA(7.0.0),R,COL,B1GQ,Q,SA,XDC,Q,2014-Q4,197877950800000,0,,,,,,,,,L,,,O,OL,true,2015,,F
dataflow,IMF.STA:QNEA(7.0.0),R,COL,B1GQ,Q,SA,XDC,Q,2015-Q1,199390885300000,0,,,,,,,,,L,,,O,OL,true,2015,,F
dataflow,IMF.STA:QNEA(7.0.0),R,COL,B1GQ,Q,SA,XDC,Q,2015-Q2,200682626200000,0,,,,,,,,,L,,,O,OL,true,2015,,F
dataflow,IMF.STA:QNEA(7.0.0),R,COL,B1GQ,Q,SA,XDC,Q,2015-Q3,202683732700000,0,,,,,,,,,L,,,O,OL,true,2015,,F
dataflow,IMF.STA:QNEA(7.0.0),R,COL,B1GQ,Q,SA,XDC,Q,2015-Q4,201934755800000,0,,,,,,,,,L,,,O,OL,true,2015,,F
dataflow,IMF.STA:QNEA(7.0.0),R,COL,B1GQ,Q,SA,XDC,Q,2016-Q1,204818580200000,0,,,,,,,,,L,,,O,OL,true,2015,,F
dataflow,IMF.STA:QNEA(7.0.0),R,COL,B1GQ,Q,SA,XDC,Q,2016-Q2,204611680500000,0,,,,,,,,,L,,,O,OL,true,2015,,F
dataflow,IMF.STA:QNEA(7.0.0),R,COL,B1GQ,Q,SA,XDC,Q,2016-Q3,205466980500000,0,,,,,,,,,L,,,O,OL,true,2015,,F
dataflow,IMF.STA:QNEA(7.0.0),R,COL,B1GQ,Q,SA,XDC,Q,2016-Q4,206591758800000,0,,,,,,,,,L,,,O,OL,true,2015,,F
dataflow,IMF.STA:QNEA(7.0.0),R,COL,B1GQ,Q,SA,XDC,Q,2017-Q1,206577168700000,0,,,,,,,,,L,,,O,OL,true,2015,,F
dataflow,IMF.STA:QNEA(7.0.0),R,COL,B1GQ,Q,SA,XDC,Q,2017-Q2,207945742100000,0,,,,,,,,,L,,,O,OL,true,2015,,F
dataflow,IMF.STA:QNEA(7.0.0),R,COL,B1GQ,Q,SA,XDC,Q,2017-Q3,208678564400000,0,,,,,,,,,L,,,O,OL,true,2015,,F
dataflow,IMF.STA:QNEA(7.0.0),R,COL,B1GQ,Q,SA,XDC,Q,2017-Q4,209454524800000,0,,,,,,,,,L,,,O,OL,true,2015,,F
dataflow,IMF.STA:QNEA(7.0.0),R,COL,B1GQ,Q,SA,XDC,Q,2018-Q1,211093521300000,0,,,,,,,,,L,,,O,OL,true,2015,,F
dataflow,IMF.STA:QNEA(7.0.0),R,COL,B1GQ,Q,SA,XDC,Q,2018-Q2,212800829600000,0,,,,,,,,,L,,,O,OL,true,2015,,F
dataflow,IMF.STA:QNEA(7.0.0),R,COL,B1GQ,Q,SA,XDC,Q,2018-Q3,214594533100000,0,,,,,,,,,L,,,O,OL,true,2015,,F
dataflow,IMF.STA:QNEA(7.0.0),R,COL,B1GQ,Q,SA,XDC,Q,2018-Q4,215519115900000,0,,,,,,,,,L,,,O,OL,true,2015,,F
dataflow,IMF.STA:QNEA(7.0.0),R,COL,B1GQ,Q,SA,XDC,Q,2019-Q1,217814454600000,0,,,,,,,,,L,,,O,OL,true,2015,,F
dataflow,IMF.STA:QNEA(7.0.0),R,COL,B1GQ,Q,SA,XDC,Q,2019-Q2,220020069000000,0,,,,,,,,,L,,,O,OL,true,2015,,F
dataflow,IMF.STA:QNEA(7.0.0),R,COL,B1GQ,Q,SA,XDC,Q,2019-Q3,221235382800000,0,,,,,,,,,L,,,O,OL,true,2015,,F
dataflow,IMF.STA:QNEA(7.0.0),R,COL,B1GQ,Q,SA,XDC,Q,2019-Q4,222154093600000,0,,,,,,,,,L,,,O,OL,true,2015,,F
dataflow,IMF.STA:QNEA(7.0.0),R,COL,B1GQ,Q,SA,XDC,Q,2020-Q1,218510324200000,0,,,,,,,,,L,,,O,OL,true,2015,,F
dataflow,IMF.STA:QNEA(7.0.0),R,COL,B1GQ,Q,SA,XDC,Q,2020-Q2,183188378200000,0,,,,,,,,,L,,,O,OL,true,2015,,F
dataflow,IMF.STA:QNEA(7.0.0),R,COL,B1GQ,Q,SA,XDC,Q,2020-Q3,201282264000000,0,,,,,,,,,L,,,O,OL,true,2015,,F
dataflow,IMF.STA:QNEA(7.0.0),R,COL,B1GQ,Q,SA,XDC,Q,2020-Q4,214919033600000,0,,,,,,,,,L,,,O,OL,true,2015,,F
dataflow,IMF.STA:QNEA(7.0.0),R,COL,B1GQ,Q,SA,XDC,Q,2021-Q1,222394654500000,0,,,,,,,,,L,,,O,OL,true,2015,,F
dataflow,IMF.STA:QNEA(7.0.0),R,COL,B1GQ,Q,SA,XDC,Q,2021-Q2,216655552700000,0,,,,,,,,,L,,,O,OL,true,2015,,F
dataflow,IMF.STA:QNEA(7.0.0),R,COL,B1GQ,Q,SA,XDC,Q,2021-Q3,228500055400000,0,,,,,,,,,L,,,O,OL,true,2015,,F
dataflow,IMF.STA:QNEA(7.0.0),R,COL,B1GQ,Q,SA,XDC,Q,2021-Q4,238692737400000,0,,,,,,,,,L,,,O,OL,true,2015,,F
dataflow,IMF.STA:QNEA(7.0.0),R,COL,B1GQ,Q,SA,XDC,Q,2022-Q1,239472436500000,0,,,,,,,,,L,,,O,OL,true,2015,,F
dataflow,IMF.STA:QNEA(7.0.0),R,COL,B1GQ,Q,SA,XDC,Q,2022-Q2,243843787600000,0,,,,,,,,,L,,,O,OL,true,2015,,F
dataflow,IMF.STA:QNEA(7.0.0),R,COL,B1GQ,Q,SA,XDC,Q,2022-Q3,245340316500000,0,,,,,,,,,L,,,O,OL,true,2015,,F
dataflow,IMF.STA:QNEA(7.0.0),R,COL,B1GQ,Q,SA,XDC,Q,2022-Q4,243998459500000,0,,,,,,,,,L,,,O,OL,true,2015,,F
dataflow,IMF.STA:QNEA(7.0.0),R,COL,B1GQ,Q,SA,XDC,Q,2023-Q1,245878190100000,0,,,,,,,,,L,,,O,OL,true,2015,,F
dataflow,IMF.STA:QNEA(7.0.0),R,COL,B1GQ,Q,SA,XDC,Q,2023-Q2,244914398200000,0,,,,,,,,,L,,,O,OL,true,2015,,F
dataflow,IMF.STA:QNEA(7.0.0),R,COL,B1GQ,Q,SA,XDC,Q,2023-Q3,244395726700000,0,,,,,,,,,L,,,O,OL,true,2015,,F
dataflow,IMF.STA:QNEA(7.0.0),R,COL,B1GQ,Q,SA,XDC,Q,2023-Q4,245654685000000,0,,,,,,,,,L,,,O,OL,true,2015,,F
dataflow,IMF.STA:QNEA(7.0.0),R,COL,B1GQ,Q,SA,XDC,Q,2024-Q1,247253018200000,0,,,,,,,,,L,,,O,OL,true,2015,,F
dataflow,IMF.STA:QNEA(7.0.0),R,COL,B1GQ,Q,SA,XDC,Q,2024-Q2,247867996000000,0,,,,,,,,,L,,,O,OL,true,2015,,F
dataflow,IMF.STA:QNEA(7.0.0),R,COL,B1GQ,Q,SA,XDC,Q,2024-Q3,248392685300000,0,,,,,,,,,L,,,O,OL,true,2015,,F
dataflow,IMF.STA:QNEA(7.0.0),R,COL,B1GQ,Q,SA,XDC,Q,2024-Q4,251976300400000,0,,,,,,,,,L,,,O,OL,true,2015,,F
dataflow,IMF.STA:QNEA(7.0.0),R,COL,B1GQ,Q,SA,XDC,Q,2025-Q1,252684917800000,0,,,,,,,,,L,,,O,OL,true,2015,,F
dataflow,IMF.STA:QNEA(7.0.0),R,COL,B1GQ,Q,SA,XDC,Q,2025-Q2,253525591200000,0,,,,,,,,,L,,,O,OL,true,2015,,F
dataflow,IMF.STA:QNEA(7.0.0),R,COL,B1GQ,Q,SA,XDC,Q,2025-Q3,257783146700000,0,,,,,,,,,L,,,O,OL,true,2015,,F
dataflow,IMF.STA:QNEA(7.0.0),R,COL,B1GQ,Q,SA,XDC,Q,2025-Q4,257079267900000,0,,,,,,,,,L,,,O,OL,true,2015,,F
dataflow,IMF.STA:QNEA(7.0.0),R,COL,B1GQ,Q,SA,XDC,Q,2026-Q1,258731701800000,0,,,,,,,,,L,,,O,OL,true,2015,,F
dataflow,IMF.STA:QNEA(7.0.0),R,COL,B1GQ,Q,SA,XDC,Q,2026-Q2,262061541600000,0,,,,,,,,,L,,,O,OL,true,2015,,F
dataflow,IMF.STA:QNEA(7.0.0),R,CRI,B1GQ,Q,SA,XDC,Q,1991-Q1,3068263700000,0,,,,,,,,,L,,,O,OL,true,2022,,F
dataflow,IMF.STA:QNEA(7.0.0),R,CRI,B1GQ,Q,SA,XDC,Q,1991-Q2,3100683300000,0,,,,,,,,,L,,,O,OL,true,2022,,F
dataflow,IMF.STA:QNEA(7.0.0),R,CRI,B1GQ,Q,SA,XDC,Q,1991-Q3,3115685900000,0,,,,,,,,,L,,,O,OL,true,2022,,F
dataflow,IMF.STA:QNEA(7.0.0),R,CRI,B1GQ,Q,SA,XDC,Q,1991-Q4,3243961900000,0,,,,,,,,,L,,,O,OL,true,2022,,F
dataflow,IMF.STA:QNEA(7.0.0),R,CRI,B1GQ,Q,SA,XDC,Q,1992-Q1,3300361500000,0,,,,,,,,,L,,,O,OL,true,2022,,F
dataflow,IMF.STA:QNEA(7.0.0),R,CRI,B1GQ,Q,SA,XDC,Q,1992-Q2,3375255100000,0,,,,,,,,,L,,,O,OL,true,2022,,F
dataflow,IMF.STA:QNEA(7.0.0),R,CRI,B1GQ,Q,SA,XDC,Q,1992-Q3,3518870500000,0,,,,,,,,,L,,,O,OL,true,2022,,F
dataflow,IMF.STA:QNEA(7.0.0),R,CRI,B1GQ,Q,SA,XDC,Q,1992-Q4,3489429000000,0,,,,,,,,,L,,,O,OL,true,2022,,F
dataflow,IMF.STA:QNEA(7.0.0),R,CRI,B1GQ,Q,SA,XDC,Q,1993-Q1,3589081100000,0,,,,,,,,,L,,,O,OL,true,2022,,F
dataflow,IMF.STA:QNEA(7.0.0),R,CRI,B1GQ,Q,SA,XDC,Q,1993-Q2,3622823800000,0,,,,,,,,,L,,,O,OL,true,2022,,F
dataflow,IMF.STA:QNEA(7.0.0),R,CRI,B1GQ,Q,SA,XDC,Q,1993-Q3,3696556000000,0,,,,,,,,,L,,,O,OL,true,2022,,F
dataflow,IMF.STA:QNEA(7.0.0),R,CRI,B1GQ,Q,SA,XDC,Q,1993-Q4,3743375100000,0,,,,,,,,,L,,,O,OL,true,2022,,F
dataflow,IMF.STA:QNEA(7.0.0),R,CRI,B1GQ,Q,SA,XDC,Q,1994-Q1,3737250200000,0,,,,,,,,,L,,,O,OL,true,2022,,F
dataflow,IMF.STA:QNEA(7.0.0),R,CRI,B1GQ,Q,SA,XDC,Q,1994-Q2,3846922100000,0,,,,,,,,,L,,,O,OL,true,2022,,F
dataflow,IMF.STA:QNEA(7.0.0),R,CRI,B1GQ,Q,SA,XDC,Q,1994-Q3,3875269300000,0,,,,,,,,,L,,,O,OL,true,2022,,F
dataflow,IMF.STA:QNEA(7.0.0),R,CRI,B1GQ,Q,SA,XDC,Q,1994-Q4,3862389600000,0,,,,,,,,,L,,,O,OL,true,2022,,F
dataflow,IMF.STA:QNEA(7.0.0),R,CRI,B1GQ,Q,SA,XDC,Q,1995-Q1,3997836900000,0,,,,,,,,,L,,,O,OL,true,2022,,F
dataflow,IMF.STA:QNEA(7.0.0),R,CRI,B1GQ,Q,SA,XDC,Q,1995-Q2,3975952100000,0,,,,,,,,,L,,,O,OL,true,2022,,F
dataflow,IMF.STA:QNEA(7.0.0),R,CRI,B1GQ,Q,SA,XDC,Q,1995-Q3,3975187400000,0,,,,,,,,,L,,,O,OL,true,2022,,F
dataflow,IMF.STA:QNEA(7.0.0),R,CRI,B1GQ,Q,SA,XDC,Q,1995-Q4,3992216200000,0,,,,,,,,,L,,,O,OL,true,2022,,F
dataflow,IMF.STA:QNEA(7.0.0),R,CRI,B1GQ,Q,SA,XDC,Q,1996-Q1,3991087300000,0,,,,,,,,,L,,,O,OL,true,2022,,F
dataflow,IMF.STA:QNEA(7.0.0),R,CRI,B1GQ,Q,SA,XDC,Q,1996-Q2,3991998700000,0,,,,,,,,,L,,,O,OL,true,2022,,F
dataflow,IMF.STA:QNEA(7.0.0),R,CRI,B1GQ,Q,SA,XDC,Q,1996-Q3,4057358100000,0,,,,,,,,,L,,,O,OL,true,2022,,F
dataflow,IMF.STA:QNEA(7.0.0),R,CRI,B1GQ,Q,SA,XDC,Q,1996-Q4,4115563800000,0,,,,,,,,,L,,,O,OL,true,2022,,F
dataflow,IMF.STA:QNEA(7.0.0),R,CRI,B1GQ,Q,SA,XDC,Q,1997-Q1,4118038400000,0,,,,,,,,,L,,,O,OL,true,2022,,F
dataflow,IMF.STA:QNEA(7.0.0),R,CRI,B1GQ,Q,SA,XDC,Q,1997-Q2,4237464200000,0,,,,,,,,,L,,,O,OL,true,2022,,F
dataflow,IMF.STA:QNEA(7.0.0),R,CRI,B1GQ,Q,SA,XDC,Q,1997-Q3,4282739600000,0,,,,,,,,,L,,,O,OL,true,2022,,F
dataflow,IMF.STA:QNEA(7.0.0),R,CRI,B1GQ,Q,SA,XDC,Q,1997-Q4,4411488700000,0,,,,,,,,,L,,,O,OL,true,2022,,F
dataflow,IMF.STA:QNEA(7.0.0),R,CRI,B1GQ,Q,SA,XDC,Q,1998-Q1,4517457700000,0,,,,,,,,,L,,,O,OL,true,2022,,F
dataflow,IMF.STA:QNEA(7.0.0),R,CRI,B1GQ,Q,SA,XDC,Q,1998-Q2,4518914000000,0,,,,,,,,,L,,,O,OL,true,2022,,F
dataflow,IMF.STA:QNEA(7.0.0),R,CRI,B1GQ,Q,SA,XDC,Q,1998-Q3,4552525800000,0,,,,,,,,,L,,,O,OL,true,2022,,F
dataflow,IMF.STA:QNEA(7.0.0),R,CRI,B1GQ,Q,SA,XDC,Q,1998-Q4,4663411600000,0,,,,,,,,,L,,,O,OL,true,2022,,F
dataflow,IMF.STA:QNEA(7.0.0),R,CRI,B1GQ,Q,SA,XDC,Q,1999-Q1,4646508400000,0,,,,,,,,,L,,,O,OL,true,2022,,F
dataflow,IMF.STA:QNEA(7.0.0),R,CRI,B1GQ,Q,SA,XDC,Q,1999-Q2,4739060800000,0,,,,,,,,,L,,,O,OL,true,2022,,F
dataflow,IMF.STA:QNEA(7.0.0),R,CRI,B1GQ,Q,SA,XDC,Q,1999-Q3,4782517200000,0,,,,,,,,,L,,,O,OL,true,2022,,F
dataflow,IMF.STA:QNEA(7.0.0),R,CRI,B1GQ,Q,SA,XDC,Q,1999-Q4,4852043400000,0,,,,,,,,,L,,,O,OL,true,2022,,F
dataflow,IMF.STA:QNEA(7.0.0),R,CRI,B1GQ,Q,SA,XDC,Q,2000-Q1,4898950400000,0,,,,,,,,,L,,,O,OL,true,2022,,F
dataflow,IMF.STA:QNEA(7.0.0),R,CRI,B1GQ,Q,SA,XDC,Q,2000-Q2,4906522100000,0,,,,,,,,,L,,,O,OL,true,2022,,F
dataflow,IMF.STA:QNEA(7.0.0),R,CRI,B1GQ,Q,SA,XDC,Q,2000-Q3,4948392900000,0,,,,,,,,,L,,,O,OL,true,2022,,F
dataflow,IMF.STA:QNEA(7.0.0),R,CRI,B1GQ,Q,SA,XDC,Q,2000-Q4,4989881000000,0,,,,,,,,,L,,,O,OL,true,2022,,F
dataflow,IMF.STA:QNEA(7.0.0),R,CRI,B1GQ,Q,SA,XDC,Q,2001-Q1,5061532900000,0,,,,,,,,,L,,,O,OL,true,2022,,F
dataflow,IMF.STA:QNEA(7.0.0),R,CRI,B1GQ,Q,SA,XDC,Q,2001-Q2,5072108000000,0,,,,,,,,,L,,,O,OL,true,2022,,F
dataflow,IMF.STA:QNEA(7.0.0),R,CRI,B1GQ,Q,SA,XDC,Q,2001-Q3,5136221200000,0,,,,,,,,,L,,,O,OL,true,2022,,F
dataflow,IMF.STA:QNEA(7.0.0),R,CRI,B1GQ,Q,SA,XDC,Q,2001-Q4,5161589300000,0,,,,,,,,,L,,,O,OL,true,2022,,F
dataflow,IMF.STA:QNEA(7.0.0),R,CRI,B1GQ,Q,SA,XDC,Q,2002-Q1,5189307100000,0,,,,,,,,,L,,,O,OL,true,2022,,F
dataflow,IMF.STA:QNEA(7.0.0),R,CRI,B1GQ,Q,SA,XDC,Q,2002-Q2,5280099500000,0,,,,,,,,,L,,,O,OL,true,2022,,F
dataflow,IMF.STA:QNEA(7.0.0),R,CRI,B1GQ,Q,SA,XDC,Q,2002-Q3,5320547600000,0,,,,,,,,,L,,,O,OL,true,2022,,F
dataflow,IMF.STA:QNEA(7.0.0),R,CRI,B1GQ,Q,SA,XDC,Q,2002-Q4,5344518000000,0,,,,,,,,,L,,,O,OL,true,2022,,F
dataflow,IMF.STA:QNEA(7.0.0),R,CRI,B1GQ,Q,SA,XDC,Q,2003-Q1,5411682300000,0,,,,,,,,,L,,,O,OL,true,2022,,F
dataflow,IMF.STA:QNEA(7.0.0),R,CRI,B1GQ,Q,SA,XDC,Q,2003-Q2,5476500200000,0,,,,,,,,,L,,,O,OL,true,2022,,F
dataflow,IMF.STA:QNEA(7.0.0),R,CRI,B1GQ,Q,SA,XDC,Q,2003-Q3,5549659700000,0,,,,,,,,,L,,,O,OL,true,2022,,F
dataflow,IMF.STA:QNEA(7.0.0),R,CRI,B1GQ,Q,SA,XDC,Q,2003-Q4,5607032400000,0,,,,,,,,,L,,,O,OL,true,2022,,F
dataflow,IMF.STA:QNEA(7.0.0),R,CRI,B1GQ,Q,SA,XDC,Q,2004-Q1,5668339800000,0,,,,,,,,,L,,,O,OL,true,2022,,F
dataflow,IMF.STA:QNEA(7.0.0),R,CRI,B1GQ,Q,SA,XDC,Q,2004-Q2,5741240000000,0,,,,,,,,,L,,,O,OL,true,2022,,F
dataflow,IMF.STA:QNEA(7.0.0),R,CRI,B1GQ,Q,SA,XDC,Q,2004-Q3,5767770100000,0,,,,,,,,,L,,,O,OL,true,2022,,F
dataflow,IMF.STA:QNEA(7.0.0),R,CRI,B1GQ,Q,SA,XDC,Q,2004-Q4,5843439400000,0,,,,,,,,,L,,,O,OL,true,2022,,F
dataflow,IMF.STA:QNEA(7.0.0),R,CRI,B1GQ,Q,SA,XDC,Q,2005-Q1,5870858200000,0,,,,,,,,,L,,,O,OL,true,2022,,F
dataflow,IMF.STA:QNEA(7.0.0),R,CRI,B1GQ,Q,SA,XDC,Q,2005-Q2,5925817300000,0,,,,,,,,,L,,,O,OL,true,2022,,F
dataflow,IMF.STA:QNEA(7.0.0),R,CRI,B1GQ,Q,SA,XDC,Q,2005-Q3,6028644600000,0,,,,,,,,,L,,,O,OL,true,2022,,F
dataflow,IMF.STA:QNEA(7.0.0),R,CRI,B1GQ,Q,SA,XDC,Q,2005-Q4,6116177300000,0,,,,,,,,,L,,,O,OL,true,2022,,F
dataflow,IMF.STA:QNEA(7.0.0),R,CRI,B1GQ,Q,SA,XDC,Q,2006-Q1,6195298500000,0,,,,,,,,,L,,,O,OL,true,2022,,F
dataflow,IMF.STA:QNEA(7.0.0),R,CRI,B1GQ,Q,SA,XDC,Q,2006-Q2,6347795000000,0,,,,,,,,,L,,,O,OL,true,2022,,F
dataflow,IMF.STA:QNEA(7.0.0),R,CRI,B1GQ,Q,SA,XDC,Q,2006-Q3,6484347300000,0,,,,,,,,,L,,,O,OL,true,2022,,F
dataflow,IMF.STA:QNEA(7.0.0),R,CRI,B1GQ,Q,SA,XDC,Q,2006-Q4,6673545800000,0,,,,,,,,,L,,,O,OL,true,2022,,F
dataflow,IMF.STA:QNEA(7.0.0),R,CRI,B1GQ,Q,SA,XDC,Q,2007-Q1,6752685800000,0,,,,,,,,,L,,,O,OL,true,2022,,F
dataflow,IMF.STA:QNEA(7.0.0),R,CRI,B1GQ,Q,SA,XDC,Q,2007-Q2,6926944000000,0,,,,,,,,,L,,,O,OL,true,2022,,F
dataflow,IMF.STA:QNEA(7.0.0),R,CRI,B1GQ,Q,SA,XDC,Q,2007-Q3,7006632000000,0,,,,,,,,,L,,,O,OL,true,2022,,F
dataflow,IMF.STA:QNEA(7.0.0),R,CRI,B1GQ,Q,SA,XDC,Q,2007-Q4,7136293300000,0,,,,,,,,,L,,,O,OL,true,2022,,F
dataflow,IMF.STA:QNEA(7.0.0),R,CRI,B1GQ,Q,SA,XDC,Q,2008-Q1,7285070800000,0,,,,,,,,,L,,,O,OL,true,2022,,F
dataflow,IMF.STA:QNEA(7.0.0),R,CRI,B1GQ,Q,SA,XDC,Q,2008-Q2,7279921200000,0,,,,,,,,,L,,,O,OL,true,2022,,F
dataflow,IMF.STA:QNEA(7.0.0),R,CRI,B1GQ,Q,SA,XDC,Q,2008-Q3,7320547200000,0,,,,,,,,,L,,,O,OL,true,2022,,F
dataflow,IMF.STA:QNEA(7.0.0),R,CRI,B1GQ,Q,SA,XDC,Q,2008-Q4,7247138900000,0,,,,,,,,,L,,,O,OL,true,2022,,F
dataflow,IMF.STA:QNEA(7.0.0),R,CRI,B1GQ,Q,SA,XDC,Q,2009-Q1,7061854700000,0,,,,,,,,,L,,,O,OL,true,2022,,F
dataflow,IMF.STA:QNEA(7.0.0),R,CRI,B1GQ,Q,SA,XDC,Q,2009-Q2,7167779500000,0,,,,,,,,,L,,,O,OL,true,2022,,F
dataflow,IMF.STA:QNEA(7.0.0),R,CRI,B1GQ,Q,SA,XDC,Q,2009-Q3,7258143300000,0,,,,,,,,,L,,,O,OL,true,2022,,F
dataflow,IMF.STA:QNEA(7.0.0),R,CRI,B1GQ,Q,SA,XDC,Q,2009-Q4,7378682000000,0,,,,,,,,,L,,,O,OL,true,2022,,F
dataflow,IMF.STA:QNEA(7.0.0),R,CRI,B1GQ,Q,SA,XDC,Q,2010-Q1,7459905200000,0,,,,,,,,,L,,,O,OL,true,2022,,F
dataflow,IMF.STA:QNEA(7.0.0),R,CRI,B1GQ,Q,SA,XDC,Q,2010-Q2,7551715400000,0,,,,,,,,,L,,,O,OL,true,2022,,F
dataflow,IMF.STA:QNEA(7.0.0),R,CRI,B1GQ,Q,SA,XDC,Q,2010-Q3,7676535000000,0,,,,,,,,,L,,,O,OL,true,2022,,F
dataflow,IMF.STA:QNEA(7.0.0),R,CRI,B1GQ,Q,SA,XDC,Q,2010-Q4,7729735400000,0,,,,,,,,,L,,,O,OL,true,2022,,F
dataflow,IMF.STA:QNEA(7.0.0),R,CRI,B1GQ,Q,SA,XDC,Q,2011-Q1,7784172500000,0,,,,,,,,,L,,,O,OL,true,2022,,F
dataflow,IMF.STA:QNEA(7.0.0),R,CRI,B1GQ,Q,SA,XDC,Q,2011-Q2,7943305800000,0,,,,,,,,,L,,,O,OL,true,2022,,F
dataflow,IMF.STA:QNEA(7.0.0),R,CRI,B1GQ,Q,SA,XDC,Q,2011-Q3,7961734300000,0,,,,,,,,,L,,,O,OL,true,2022,,F
dataflow,IMF.STA:QNEA(7.0.0),R,CRI,B1GQ,Q,SA,XDC,Q,2011-Q4,8069350700000,0,,,,,,,,,L,,,O,OL,true,2022,,F
dataflow,IMF.STA:QNEA(7.0.0),R,CRI,B1GQ,Q,SA,XDC,Q,2012-Q1,8232114600000,0,,,,,,,,,L,,,O,OL,true,2022,,F
dataflow,IMF.STA:QNEA(7.0.0),R,CRI,B1GQ,Q,SA,XDC,Q,2012-Q2,8282783300000,0,,,,,,,,,L,,,O,OL,true,2022,,F
dataflow,IMF.STA:QNEA(7.0.0),R,CRI,B1GQ,Q,SA,XDC,Q,2012-Q3,8337779000000,0,,,,,,,,,L,,,O,OL,true,2022,,F
dataflow,IMF.STA:QNEA(7.0.0),R,CRI,B1GQ,Q,SA,XDC,Q,2012-Q4,8447169600000,0,,,,,,,,,L,,,O,OL,true,2022,,F
dataflow,IMF.STA:QNEA(7.0.0),R,CRI,B1GQ,Q,SA,XDC,Q,2013-Q1,8461756200000,0,,,,,,,,,L,,,O,OL,true,2022,,F
dataflow,IMF.STA:QNEA(7.0.0),R,CRI,B1GQ,Q,SA,XDC,Q,2013-Q2,8440061800000,0,,,,,,,,,L,,,O,OL,true,2022,,F
dataflow,IMF.STA:QNEA(7.0.0),R,CRI,B1GQ,Q,SA,XDC,Q,2013-Q3,8595182600000,0,,,,,,,,,L,,,O,OL,true,2022,,F
dataflow,IMF.STA:QNEA(7.0.0),R,CRI,B1GQ,Q,SA,XDC,Q,2013-Q4,8641350800000,0,,,,,,,,,L,,,O,OL,true,2022,,F
dataflow,IMF.STA:QNEA(7.0.0),R,CRI,B1GQ,Q,SA,XDC,Q,2014-Q1,8748469200000,0,,,,,,,,,L,,,O,OL,true,2022,,F
dataflow,IMF.STA:QNEA(7.0.0),R,CRI,B1GQ,Q,SA,XDC,Q,2014-Q2,8782738600000,0,,,,,,,,,L,,,O,OL,true,2022,,F
dataflow,IMF.STA:QNEA(7.0.0),R,CRI,B1GQ,Q,SA,XDC,Q,2014-Q3,8858334900000,0,,,,,,,,,L,,,O,OL,true,2022,,F
dataflow,IMF.STA:QNEA(7.0.0),R,CRI,B1GQ,Q,SA,XDC,Q,2014-Q4,8954903100000,0,,,,,,,,,L,,,O,OL,true,2022,,F
dataflow,IMF.STA:QNEA(7.0.0),R,CRI,B1GQ,Q,SA,XDC,Q,2015-Q1,8967681900000,0,,,,,,,,,L,,,O,OL,true,2022,,F
dataflow,IMF.STA:QNEA(7.0.0),R,CRI,B1GQ,Q,SA,XDC,Q,2015-Q2,9162652700000,0,,,,,,,,,L,,,O,OL,true,2022,,F
dataflow,IMF.STA:QNEA(7.0.0),R,CRI,B1GQ,Q,SA,XDC,Q,2015-Q3,9274557700000,0,,,,,,,,,L,,,O,OL,true,2022,,F
dataflow,IMF.STA:QNEA(7.0.0),R,CRI,B1GQ,Q,SA,XDC,Q,2015-Q4,9237735800000,0,,,,,,,,,L,,,O,OL,true,2022,,F
dataflow,IMF.STA:QNEA(7.0.0),R,CRI,B1GQ,Q,SA,XDC,Q,2016-Q1,9461819700000,0,,,,,,,,,L,,,O,OL,true,2022,,F
dataflow,IMF.STA:QNEA(7.0.0),R,CRI,B1GQ,Q,SA,XDC,Q,2016-Q2,9426904300000,0,,,,,,,,,L,,,O,OL,true,2022,,F
dataflow,IMF.STA:QNEA(7.0.0),R,CRI,B1GQ,Q,SA,XDC,Q,2016-Q3,9592859800000,0,,,,,,,,,L,,,O,OL,true,2022,,F
dataflow,IMF.STA:QNEA(7.0.0),R,CRI,B1GQ,Q,SA,XDC,Q,2016-Q4,9691765900000,0,,,,,,,,,L,,,O,OL,true,2022,,F
dataflow,IMF.STA:QNEA(7.0.0),R,CRI,B1GQ,Q,SA,XDC,Q,2017-Q1,9741496300000,0,,,,,,,,,L,,,O,OL,true,2022,,F
dataflow,IMF.STA:QNEA(7.0.0),R,CRI,B1GQ,Q,SA,XDC,Q,2017-Q2,9958908600000,0,,,,,,,,,L,,,O,OL,true,2022,,F
dataflow,IMF.STA:QNEA(7.0.0),R,CRI,B1GQ,Q,SA,XDC,Q,2017-Q3,9953043300000,0,,,,,,,,,L,,,O,OL,true,2022,,F
dataflow,IMF.STA:QNEA(7.0.0),R,CRI,B1GQ,Q,SA,XDC,Q,2017-Q4,10107696700000,0,,,,,,,,,L,,,O,OL,true,2022,,F
dataflow,IMF.STA:QNEA(7.0.0),R,CRI,B1GQ,Q,SA,XDC,Q,2018-Q1,10178087800000,0,,,,,,,,,L,,,O,OL,true,2022,,F
dataflow,IMF.STA:QNEA(7.0.0),R,CRI,B1GQ,Q,SA,XDC,Q,2018-Q2,10280832700000,0,,,,,,,,,L,,,O,OL,true,2022,,F
dataflow,IMF.STA:QNEA(7.0.0),R,CRI,B1GQ,Q,SA,XDC,Q,2018-Q3,10247790500000,0,,,,,,,,,L,,,O,OL,true,2022,,F
dataflow,IMF.STA:QNEA(7.0.0),R,CRI,B1GQ,Q,SA,XDC,Q,2018-Q4,10183752400000,0,,,,,,,,,L,,,O,OL,true,2022,,F
dataflow,IMF.STA:QNEA(7.0.0),R,CRI,B1GQ,Q,SA,XDC,Q,2019-Q1,10357556300000,0,,,,,,,,,L,,,O,OL,true,2022,,F
dataflow,IMF.STA:QNEA(7.0.0),R,CRI,B1GQ,Q,SA,XDC,Q,2019-Q2,10503129100000,0,,,,,,,,,L,,,O,OL,true,2022,,F
dataflow,IMF.STA:QNEA(7.0.0),R,CRI,B1GQ,Q,SA,XDC,Q,2019-Q3,10531438300000,0,,,,,,,,,L,,,O,OL,true,2022,,F
dataflow,IMF.STA:QNEA(7.0.0),R,CRI,B1GQ,Q,SA,XDC,Q,2019-Q4,10583551600000,0,,,,,,,,,L,,,O,OL,true,2022,,F
dataflow,IMF.STA:QNEA(7.0.0),R,CRI,B1GQ,Q,SA,XDC,Q,2020-Q1,10593559800000,0,,,,,,,,,L,,,O,OL,true,2022,,F
dataflow,IMF.STA:QNEA(7.0.0),R,CRI,B1GQ,Q,SA,XDC,Q,2020-Q2,9711610900000,0,,,,,,,,,L,,,O,OL,true,2022,,F
dataflow,IMF.STA:QNEA(7.0.0),R,CRI,B1GQ,Q,SA,XDC,Q,2020-Q3,9821678900000,0,,,,,,,,,L,,,O,OL,true,2022,,F
dataflow,IMF.STA:QNEA(7.0.0),R,CRI,B1GQ,Q,SA,XDC,Q,2020-Q4,10090999200000,0,,,,,,,,,L,,,O,OL,true,2022,,F
dataflow,IMF.STA:QNEA(7.0.0),R,CRI,B1GQ,Q,SA,XDC,Q,2021-Q1,10516819100000,0,,,,,,,,,L,,,O,OL,true,2022,,F
dataflow,IMF.STA:QNEA(7.0.0),R,CRI,B1GQ,Q,SA,XDC,Q,2021-Q2,10751264900000,0,,,,,,,,,L,,,O,OL,true,2022,,F
dataflow,IMF.STA:QNEA(7.0.0),R,CRI,B1GQ,Q,SA,XDC,Q,2021-Q3,11096709500000,0,,,,,,,,,L,,,O,OL,true,2022,,F
dataflow,IMF.STA:QNEA(7.0.0),R,CRI,B1GQ,Q,SA,XDC,Q,2021-Q4,11183746700000,0,,,,,,,,,L,,,O,OL,true,2022,,F
dataflow,IMF.STA:QNEA(7.0.0),R,CRI,B1GQ,Q,SA,XDC,Q,2022-Q1,11287448100000,0,,,,,,,,,L,,,O,OL,true,2022,,F
dataflow,IMF.STA:QNEA(7.0.0),R,CRI,B1GQ,Q,SA,XDC,Q,2022-Q2,11362136700000,0,,,,,,,,,L,,,O,OL,true,2022,,F
dataflow,IMF.STA:QNEA(7.0.0),R,CRI,B1GQ,Q,SA,XDC,Q,2022-Q3,11526080100000,0,,,,,,,,,L,,,O,OL,true,2022,,F
dataflow,IMF.STA:QNEA(7.0.0),R,CRI,B1GQ,Q,SA,XDC,Q,2022-Q4,11760231000000,0,,,,,,,,,L,,,O,OL,true,2022,,F
dataflow,IMF.STA:QNEA(7.0.0),R,CRI,B1GQ,Q,SA,XDC,Q,2023-Q1,11810363300000,0,,,,,,,,,L,,,O,OL,true,2022,,F
dataflow,IMF.STA:QNEA(7.0.0),R,CRI,B1GQ,Q,SA,XDC,Q,2023-Q2,12003346100000,0,,,,,,,,,L,,,O,OL,true,2022,,F
dataflow,IMF.STA:QNEA(7.0.0),R,CRI,B1GQ,Q,SA,XDC,Q,2023-Q3,12118595100000,0,,,,,,,,,L,,,O,OL,true,2022,,F
dataflow,IMF.STA:QNEA(7.0.0),R,CRI,B1GQ,Q,SA,XDC,Q,2023-Q4,12219270600000,0,,,,,,,,,L,,,O,OL,true,2022,,F
dataflow,IMF.STA:QNEA(7.0.0),R,CRI,B1GQ,Q,SA,XDC,Q,2024-Q1,12348828900000,0,,,,,,,,,L,,,O,OL,true,2022,,F
dataflow,IMF.STA:QNEA(7.0.0),R,CRI,B1GQ,Q,SA,XDC,Q,2024-Q2,12489859300000,0,,,,,,,,,L,,,O,OL,true,2022,,F
dataflow,IMF.STA:QNEA(7.0.0),R,CRI,B1GQ,Q,SA,XDC,Q,2024-Q3,12557381000000,0,,,,,,,,,L,,,O,OL,true,2022,,F
dataflow,IMF.STA:QNEA(7.0.0),R,CRI,B1GQ,Q,SA,XDC,Q,2024-Q4,12721121400000,0,,,,,,,,,L,,,O,OL,true,2022,,F
dataflow,IMF.STA:QNEA(7.0.0),R,CRI,B1GQ,Q,SA,XDC,Q,2025-Q1,12786456900000,0,,,,,,,,,L,,,O,OL,true,2022,,F
dataflow,IMF.STA:QNEA(7.0.0),R,CRI,B1GQ,Q,SA,XDC,Q,2025-Q2,13114127000000,0,,,,,,,,,L,,,O,OL,true,2022,,F
dataflow,IMF.STA:QNEA(7.0.0),R,CRI,B1GQ,Q,SA,XDC,Q,2025-Q3,13215512200000,0,,,,,,,,,L,,,O,OL,true,2022,,F
dataflow,IMF.STA:QNEA(7.0.0),R,CRI,B1GQ,Q,SA,XDC,Q,2025-Q4,13273973800000,0,,,,,,,,,L,,,O,OL,true,2022,,F
dataflow,IMF.STA:QNEA(7.0.0),R,CRI,B1GQ,Q,SA,XDC,Q,2026-Q1,13290783900000,0,,,,,,,,,L,,,O,OL,true,2022,,F
dataflow,IMF.STA:QNEA(7.0.0),R,CRI,B1GQ,Q,SA,XDC,Q,2026-Q2,13445862100000,0,,,,,,,,,L,,,O,OL,true,2022,,F
dataflow,IMF.STA:QNEA(7.0.0),R,CYP,B1GQ,Q,SA,XDC,Q,1996-Q1,2892745150.3383,0,,,,,,,,,L,,,O,OL,true,2010,,F
dataflow,IMF.STA:QNEA(7.0.0),R,CYP,B1GQ,Q,SA,XDC,Q,1996-Q2,2866839969.8875,0,,,,,,,,,L,,,O,OL,true,2010,,F
dataflow,IMF.STA:QNEA(7.0.0),R,CYP,B1GQ,Q,SA,XDC,Q,1996-Q3,2867228062.4785,0,,,,,,,,,L,,,O,OL,true,2010,,F
dataflow,IMF.STA:QNEA(7.0.0),R,CYP,B1GQ,Q,SA,XDC,Q,1996-Q4,2902156395.6706,0,,,,,,,,,L,,,O,OL,true,2010,,F
dataflow,IMF.STA:QNEA(7.0.0),R,CYP,B1GQ,Q,SA,XDC,Q,1997-Q1,2910500386.3776,0,,,,,,,,,L,,,O,OL,true,2010,,F
dataflow,IMF.STA:QNEA(7.0.0),R,CYP,B1GQ,Q,SA,XDC,Q,1997-Q2,2921755071.5172,0,,,,,,,,,L,,,O,OL,true,2010,,F
dataflow,IMF.STA:QNEA(7.0.0),R,CYP,B1GQ,Q,SA,XDC,Q,1997-Q3,2979580867.5797,0,,,,,,,,,L,,,O,OL,true,2010,,F
dataflow,IMF.STA:QNEA(7.0.0),R,CYP,B1GQ,Q,SA,XDC,Q,1997-Q4,3021591890.5579,0,,,,,,,,,L,,,O,OL,true,2010,,F
dataflow,IMF.STA:QNEA(7.0.0),R,CYP,B1GQ,Q,SA,XDC,Q,1998-Q1,3078835547.7338,0,,,,,,,,,L,,,O,OL,true,2010,,F
dataflow,IMF.STA:QNEA(7.0.0),R,CYP,B1GQ,Q,SA,XDC,Q,1998-Q2,3115025181.8467,0,,,,,,,,,L,,,O,OL,true,2010,,F
dataflow,IMF.STA:QNEA(7.0.0),R,CYP,B1GQ,Q,SA,XDC,Q,1998-Q3,3174403348.2733,0,,,,,,,,,L,,,O,OL,true,2010,,F
dataflow,IMF.STA:QNEA(7.0.0),R,CYP,B1GQ,Q,SA,XDC,Q,1998-Q4,3188083612.1068,0,,,,,,,,,L,,,O,OL,true,2010,,F
dataflow,IMF.STA:QNEA(7.0.0),R,CYP,B1GQ,Q,SA,XDC,Q,1999-Q1,3231258912.8582,0,,,,,,,,,L,,,O,OL,true,2010,,F
dataflow,IMF.STA:QNEA(7.0.0),R,CYP,B1GQ,Q,SA,XDC,Q,1999-Q2,3253574236.842,0,,,,,,,,,L,,,O,OL,true,2010,,F
dataflow,IMF.STA:QNEA(7.0.0),R,CYP,B1GQ,Q,SA,XDC,Q,1999-Q3,3313243472.7118,0,,,,,,,,,L,,,O,OL,true,2010,,F
dataflow,IMF.STA:QNEA(7.0.0),R,CYP,B1GQ,Q,SA,XDC,Q,1999-Q4,3386107856.6764,0,,,,,,,,,L,,,O,OL,true,2010,,F
dataflow,IMF.STA:QNEA(7.0.0),R,CYP,B1GQ,Q,SA,XDC,Q,2000-Q1,3435686685.1796,0,,,,,,,,,L,,,O,OL,true,2010,,F
dataflow,IMF.STA:QNEA(7.0.0),R,CYP,B1GQ,Q,SA,XDC,Q,2000-Q2,3552211485.6342,0,,,,,,,,,L,,,O,OL,true,2010,,F
dataflow,IMF.STA:QNEA(7.0.0),R,CYP,B1GQ,Q,SA,XDC,Q,2000-Q3,3474495944.2819,0,,,,,,,,,L,,,O,OL,true,2010,,F
dataflow,IMF.STA:QNEA(7.0.0),R,CYP,B1GQ,Q,SA,XDC,Q,2000-Q4,3508065953.4054,0,,,,,,,,,L,,,O,OL,true,2010,,F
dataflow,IMF.STA:QNEA(7.0.0),R,CYP,B1GQ,Q,SA,XDC,Q,2001-Q1,3549203768.0538,0,,,,,,,,,L,,,O,OL,true,2010,,F
dataflow,IMF.STA:QNEA(7.0.0),R,CYP,B1GQ,Q,SA,XDC,Q,2001-Q2,3602469476.1717,0,,,,,,,,,L,,,O,OL,true,2010,,F
dataflow,IMF.STA:QNEA(7.0.0),R,CYP,B1GQ,Q,SA,XDC,Q,2001-Q3,3679602878.6376,0,,,,,,,,,L,,,O,OL,true,2010,,F
dataflow,IMF.STA:QNEA(7.0.0),R,CYP,B1GQ,Q,SA,XDC,Q,2001-Q4,3691536725.8115,0,,,,,,,,,L,,,O,OL,true,2010,,F
dataflow,IMF.STA:QNEA(7.0.0),R,CYP,B1GQ,Q,SA,XDC,Q,2002-Q1,3693380165.6189,0,,,,,,,,,L,,,O,OL,true,2010,,F
dataflow,IMF.STA:QNEA(7.0.0),R,CYP,B1GQ,Q,SA,XDC,Q,2002-Q2,3775170679.177,0,,,,,,,,,L,,,O,OL,true,2010,,F
dataflow,IMF.STA:QNEA(7.0.0),R,CYP,B1GQ,Q,SA,XDC,Q,2002-Q3,3751205961.6813,0,,,,,,,,,L,,,O,OL,true,2010,,F
dataflow,IMF.STA:QNEA(7.0.0),R,CYP,B1GQ,Q,SA,XDC,Q,2002-Q4,3843571998.3448,0,,,,,,,,,L,,,O,OL,true,2010,,F
dataflow,IMF.STA:QNEA(7.0.0),R,CYP,B1GQ,Q,SA,XDC,Q,2003-Q1,3831056012.2843,0,,,,,,,,,L,,,O,OL,true,2010,,F
dataflow,IMF.STA:QNEA(7.0.0),R,CYP,B1GQ,Q,SA,XDC,Q,2003-Q2,3808740688.3005,0,,,,,,,,,L,,,O,OL,true,2010,,F
dataflow,IMF.STA:QNEA(7.0.0),R,CYP,B1GQ,Q,SA,XDC,Q,2003-Q3,3885388975.0276,0,,,,,,,,,L,,,O,OL,true,2010,,F
dataflow,IMF.STA:QNEA(7.0.0),R,CYP,B1GQ,Q,SA,XDC,Q,2003-Q4,3933415433.1667,0,,,,,,,,,L,,,O,OL,true,2010,,F
dataflow,IMF.STA:QNEA(7.0.0),R,CYP,B1GQ,Q,SA,XDC,Q,2004-Q1,3995316201.4348,0,,,,,,,,,L,,,O,OL,true,2010,,F
dataflow,IMF.STA:QNEA(7.0.0),R,CYP,B1GQ,Q,SA,XDC,Q,2004-Q2,4023064821.693,0,,,,,,,,,L,,,O,OL,true,2010,,F
dataflow,IMF.STA:QNEA(7.0.0),R,CYP,B1GQ,Q,SA,XDC,Q,2004-Q3,4082054895.5285,0,,,,,,,,,L,,,O,OL,true,2010,,F
dataflow,IMF.STA:QNEA(7.0.0),R,CYP,B1GQ,Q,SA,XDC,Q,2004-Q4,4135126557.3509,0,,,,,,,,,L,,,O,OL,true,2010,,F
dataflow,IMF.STA:QNEA(7.0.0),R,CYP,B1GQ,Q,SA,XDC,Q,2005-Q1,4195474955.255,0,,,,,,,,,L,,,O,OL,true,2010,,F
dataflow,IMF.STA:QNEA(7.0.0),R,CYP,B1GQ,Q,SA,XDC,Q,2005-Q2,4221477158.8535,0,,,,,,,,,L,,,O,OL,true,2010,,F
dataflow,IMF.STA:QNEA(7.0.0),R,CYP,B1GQ,Q,SA,XDC,Q,2005-Q3,4284057089.156,0,,,,,,,,,L,,,O,OL,true,2010,,F
dataflow,IMF.STA:QNEA(7.0.0),R,CYP,B1GQ,Q,SA,XDC,Q,2005-Q4,4322672301.9628,0,,,,,,,,,L,,,O,OL,true,2010,,F
dataflow,IMF.STA:QNEA(7.0.0),R,CYP,B1GQ,Q,SA,XDC,Q,2006-Q1,4374385639.7166,0,,,,,,,,,L,,,O,OL,true,2010,,F
dataflow,IMF.STA:QNEA(7.0.0),R,CYP,B1GQ,Q,SA,XDC,Q,2006-Q2,4448996440.3408,0,,,,,,,,,L,,,O,OL,true,2010,,F
dataflow,IMF.STA:QNEA(7.0.0),R,CYP,B1GQ,Q,SA,XDC,Q,2006-Q3,4472573065.2455,0,,,,,,,,,L,,,O,OL,true,2010,,F
dataflow,IMF.STA:QNEA(7.0.0),R,CYP,B1GQ,Q,SA,XDC,Q,2006-Q4,4530010768.7169,0,,,,,,,,,L,,,O,OL,true,2010,,F
dataflow,IMF.STA:QNEA(7.0.0),R,CYP,B1GQ,Q,SA,XDC,Q,2007-Q1,4614129837.8211,0,,,,,,,,,L,,,O,OL,true,2010,,F
dataflow,IMF.STA:QNEA(7.0.0),R,CYP,B1GQ,Q,SA,XDC,Q,2007-Q2,4641296319.1928,0,,,,,,,,,L,,,O,OL,true,2010,,F
dataflow,IMF.STA:QNEA(7.0.0),R,CYP,B1GQ,Q,SA,XDC,Q,2007-Q3,4693979888.4241,0,,,,,,,,,L,,,O,OL,true,2010,,F
dataflow,IMF.STA:QNEA(7.0.0),R,CYP,B1GQ,Q,SA,XDC,Q,2007-Q4,4785375693.6101,0,,,,,,,,,L,,,O,OL,true,2010,,F
dataflow,IMF.STA:QNEA(7.0.0),R,CYP,B1GQ,Q,SA,XDC,Q,2008-Q1,4837380100.8072,0,,,,,,,,,L,,,O,OL,true,2010,,F
dataflow,IMF.STA:QNEA(7.0.0),R,CYP,B1GQ,Q,SA,XDC,Q,2008-Q2,4867554299.7592,0,,,,,,,,,L,,,O,OL,true,2010,,F
dataflow,IMF.STA:QNEA(7.0.0),R,CYP,B1GQ,Q,SA,XDC,Q,2008-Q3,4867166207.1682,0,,,,,,,,,L,,,O,OL,true,2010,,F
dataflow,IMF.STA:QNEA(7.0.0),R,CYP,B1GQ,Q,SA,XDC,Q,2008-Q4,4846015160.9574,0,,,,,,,,,L,,,O,OL,true,2010,,F
dataflow,IMF.STA:QNEA(7.0.0),R,CYP,B1GQ,Q,SA,XDC,Q,2009-Q1,4765388925.1724,0,,,,,,,,,L,,,O,OL,true,2010,,F
dataflow,IMF.STA:QNEA(7.0.0),R,CYP,B1GQ,Q,SA,XDC,Q,2009-Q2,4751223545.6,0,,,,,,,,,L,,,O,OL,true,2010,,F
dataflow,IMF.STA:QNEA(7.0.0),R,CYP,B1GQ,Q,SA,XDC,Q,2009-Q3,4742879554.893,0,,,,,,,,,L,,,O,OL,true,2010,,F
dataflow,IMF.STA:QNEA(7.0.0),R,CYP,B1GQ,Q,SA,XDC,Q,2009-Q4,4767329388.1275,0,,,,,,,,,L,,,O,OL,true,2010,,F
dataflow,IMF.STA:QNEA(7.0.0),R,CYP,B1GQ,Q,SA,XDC,Q,2010-Q1,4828648017.5091,0,,,,,,,,,L,,,O,OL,true,2010,,F
dataflow,IMF.STA:QNEA(7.0.0),R,CYP,B1GQ,Q,SA,XDC,Q,2010-Q2,4845821114.6619,0,,,,,,,,,L,,,O,OL,true,2010,,F
dataflow,IMF.STA:QNEA(7.0.0),R,CYP,B1GQ,Q,SA,XDC,Q,2010-Q3,4883563119.1389,0,,,,,,,,,L,,,O,OL,true,2010,,F
dataflow,IMF.STA:QNEA(7.0.0),R,CYP,B1GQ,Q,SA,XDC,Q,2010-Q4,4902967748.6901,0,,,,,,,,,L,,,O,OL,true,2010,,F
dataflow,IMF.STA:QNEA(7.0.0),R,CYP,B1GQ,Q,SA,XDC,Q,2011-Q1,4898989799.6321,0,,,,,,,,,L,,,O,OL,true,2010,,F
dataflow,IMF.STA:QNEA(7.0.0),R,CYP,B1GQ,Q,SA,XDC,Q,2011-Q2,4929940183.7662,0,,,,,,,,,L,,,O,OL,true,2010,,F
dataflow,IMF.STA:QNEA(7.0.0),R,CYP,B1GQ,Q,SA,XDC,Q,2011-Q3,4844850883.1844,0,,,,,,,,,L,,,O,OL,true,2010,,F
dataflow,IMF.STA:QNEA(7.0.0),R,CYP,B1GQ,Q,SA,XDC,Q,2011-Q4,4868621554.3845,0,,,,,,,,,L,,,O,OL,true,2010,,F
dataflow,IMF.STA:QNEA(7.0.0),R,CYP,B1GQ,Q,SA,XDC,Q,2012-Q1,4828065878.6226,0,,,,,,,,,L,,,O,OL,true,2010,,F
dataflow,IMF.STA:QNEA(7.0.0),R,CYP,B1GQ,Q,SA,XDC,Q,2012-Q2,4748603920.6106,0,,,,,,,,,L,,,O,OL,true,2010,,F
dataflow,IMF.STA:QNEA(7.0.0),R,CYP,B1GQ,Q,SA,XDC,Q,2012-Q3,4695338212.4927,0,,,,,,,,,L,,,O,OL,true,2010,,F
dataflow,IMF.STA:QNEA(7.0.0),R,CYP,B1GQ,Q,SA,XDC,Q,2012-Q4,4596277578.6341,0,,,,,,,,,L,,,O,OL,true,2010,,F
dataflow,IMF.STA:QNEA(7.0.0),R,CYP,B1GQ,Q,SA,XDC,Q,2013-Q1,4488775930.9207,0,,,,,,,,,L,,,O,OL,true,2010,,F
dataflow,IMF.STA:QNEA(7.0.0),R,CYP,B1GQ,Q,SA,XDC,Q,2013-Q2,4383214746.1624,0,,,,,,,,,L,,,O,OL,true,2010,,F
dataflow,IMF.STA:QNEA(7.0.0),R,CYP,B1GQ,Q,SA,XDC,Q,2013-Q3,4385155209.1175,0,,,,,,,,,L,,,O,OL,true,2010,,F
dataflow,IMF.STA:QNEA(7.0.0),R,CYP,B1GQ,Q,SA,XDC,Q,2013-Q4,4368467227.7035,0,,,,,,,,,L,,,O,OL,true,2010,,F
dataflow,IMF.STA:QNEA(7.0.0),R,CYP,B1GQ,Q,SA,XDC,Q,2014-Q1,4331695454.7041,0,,,,,,,,,L,,,O,OL,true,2010,,F
dataflow,IMF.STA:QNEA(7.0.0),R,CYP,B1GQ,Q,SA,XDC,Q,2014-Q2,4322381232.5195,0,,,,,,,,,L,,,O,OL,true,2010,,F
dataflow,IMF.STA:QNEA(7.0.0),R,CYP,B1GQ,Q,SA,XDC,Q,2014-Q3,4325291926.9522,0,,,,,,,,,L,,,O,OL,true,2010,,F
dataflow,IMF.STA:QNEA(7.0.0),R,CYP,B1GQ,Q,SA,XDC,Q,2014-Q4,4333247825.0682,0,,,,,,,,,L,,,O,OL,true,2010,,F
dataflow,IMF.STA:QNEA(7.0.0),R,CYP,B1GQ,Q,SA,XDC,Q,2015-Q1,4385058185.9698,0,,,,,,,,,L,,,O,OL,true,2010,,F
dataflow,IMF.STA:QNEA(7.0.0),R,CYP,B1GQ,Q,SA,XDC,Q,2015-Q2,4435122130.2117,0,,,,,,,,,L,,,O,OL,true,2010,,F
dataflow,IMF.STA:QNEA(7.0.0),R,CYP,B1GQ,Q,SA,XDC,Q,2015-Q3,4501291916.9812,0,,,,,,,,,L,,,O,OL,true,2010,,F
dataflow,IMF.STA:QNEA(7.0.0),R,CYP,B1GQ,Q,SA,XDC,Q,2015-Q4,4582694337.9483,0,,,,,,,,,L,,,O,OL,true,2010,,F
dataflow,IMF.STA:QNEA(7.0.0),R,CYP,B1GQ,Q,SA,XDC,Q,2016-Q1,4673313957.9522,0,,,,,,,,,L,,,O,OL,true,2010,,F
dataflow,IMF.STA:QNEA(7.0.0),R,CYP,B1GQ,Q,SA,XDC,Q,2016-Q2,4720564230.9092,0,,,,,,,,,L,,,O,OL,true,2010,,F
dataflow,IMF.STA:QNEA(7.0.0),R,CYP,B1GQ,Q,SA,XDC,Q,2016-Q3,4793331591.726,0,,,,,,,,,L,,,O,OL,true,2010,,F
dataflow,IMF.STA:QNEA(7.0.0),R,CYP,B1GQ,Q,SA,XDC,Q,2016-Q4,4894138642.2443,0,,,,,,,,,L,,,O,OL,true,2010,,F
dataflow,IMF.STA:QNEA(7.0.0),R,CYP,B1GQ,Q,SA,XDC,Q,2017-Q1,5004259914.9471,0,,,,,,,,,L,,,O,OL,true,2010,,F
dataflow,IMF.STA:QNEA(7.0.0),R,CYP,B1GQ,Q,SA,XDC,Q,2017-Q2,4988542165.0106,0,,,,,,,,,L,,,O,OL,true,2010,,F
dataflow,IMF.STA:QNEA(7.0.0),R,CYP,B1GQ,Q,SA,XDC,Q,2017-Q3,5056167298.9964,0,,,,,,,,,L,,,O,OL,true,2010,,F
dataflow,IMF.STA:QNEA(7.0.0),R,CYP,B1GQ,Q,SA,XDC,Q,2017-Q4,5129710844.9953,0,,,,,,,,,L,,,O,OL,true,2010,,F
dataflow,IMF.STA:QNEA(7.0.0),R,CYP,B1GQ,Q,SA,XDC,Q,2018-Q1,5274275335.1514,0,,,,,,,,,L,,,O,OL,true,2010,,F
dataflow,IMF.STA:QNEA(7.0.0),R,CYP,B1GQ,Q,SA,XDC,Q,2018-Q2,5316868497.0162,0,,,,,,,,,L,,,O,OL,true,2010,,F
dataflow,IMF.STA:QNEA(7.0.0),R,CYP,B1GQ,Q,SA,XDC,Q,2018-Q3,5356842033.8916,0,,,,,,,,,L,,,O,OL,true,2010,,F
dataflow,IMF.STA:QNEA(7.0.0),R,CYP,B1GQ,Q,SA,XDC,Q,2018-Q4,5496458343.5121,0,,,,,,,,,L,,,O,OL,true,2010,,F
dataflow,IMF.STA:QNEA(7.0.0),R,CYP,B1GQ,Q,SA,XDC,Q,2019-Q1,5589309495.9144,0,,,,,,,,,L,,,O,OL,true,2010,,F
dataflow,IMF.STA:QNEA(7.0.0),R,CYP,B1GQ,Q,SA,XDC,Q,2019-Q2,5643351389.2143,0,,,,,,,,,L,,,O,OL,true,2010,,F
dataflow,IMF.STA:QNEA(7.0.0),R,CYP,B1GQ,Q,SA,XDC,Q,2019-Q3,5701080162.129,0,,,,,,,,,L,,,O,OL,true,2010,,F
dataflow,IMF.STA:QNEA(7.0.0),R,CYP,B1GQ,Q,SA,XDC,Q,2019-Q4,5770645759.0699,0,,,,,,,,,L,,,O,OL,true,2010,,F
dataflow,IMF.STA:QNEA(7.0.0),R,CYP,B1GQ,Q,SA,XDC,Q,2020-Q1,5774817754.4234,0,,,,,,,,,L,,,O,OL,true,2010,,F
dataflow,IMF.STA:QNEA(7.0.0),R,CYP,B1GQ,Q,SA,XDC,Q,2020-Q2,5055682183.2576,0,,,,,,,,,L,,,O,OL,true,2010,,F
dataflow,IMF.STA:QNEA(7.0.0),R,CYP,B1GQ,Q,SA,XDC,Q,2020-Q3,5424079075.2863,0,,,,,,,,,L,,,O,OL,true,2010,,F
dataflow,IMF.STA:QNEA(7.0.0),R,CYP,B1GQ,Q,SA,XDC,Q,2020-Q4,5718738375.0206,0,,,,,,,,,L,,,O,OL,true,2010,,F
dataflow,IMF.STA:QNEA(7.0.0),R,CYP,B1GQ,Q,SA,XDC,Q,2021-Q1,5940339244.4947,0,,,,,,,,,L,,,O,OL,true,2010,,F
dataflow,IMF.STA:QNEA(7.0.0),R,CYP,B1GQ,Q,SA,XDC,Q,2021-Q2,6001560850.7286,0,,,,,,,,,L,,,O,OL,true,2010,,F
dataflow,IMF.STA:QNEA(7.0.0),R,CYP,B1GQ,Q,SA,XDC,Q,2021-Q3,6174456100.0294,0,,,,,,,,,L,,,O,OL,true,2010,,F
dataflow,IMF.STA:QNEA(7.0.0),R,CYP,B1GQ,Q,SA,XDC,Q,2021-Q4,6360837566.8683,0,,,,,,,,,L,,,O,OL,true,2010,,F
dataflow,IMF.STA:QNEA(7.0.0),R,CYP,B1GQ,Q,SA,XDC,Q,2022-Q1,6578169417.8412,0,,,,,,,,,L,,,O,OL,true,2010,,F
dataflow,IMF.STA:QNEA(7.0.0),R,CYP,B1GQ,Q,SA,XDC,Q,2022-Q2,6606694223.2814,0,,,,,,,,,L,,,O,OL,true,2010,,F
dataflow,IMF.STA:QNEA(7.0.0),R,CYP,B1GQ,Q,SA,XDC,Q,2022-Q3,6707986389.5384,0,,,,,,,,,L,,,O,OL,true,2010,,F
dataflow,IMF.STA:QNEA(7.0.0),R,CYP,B1GQ,Q,SA,XDC,Q,2022-Q4,6723704139.4748,0,,,,,,,,,L,,,O,OL,true,2010,,F
dataflow,IMF.STA:QNEA(7.0.0),R,CYP,B1GQ,Q,SA,XDC,Q,2023-Q1,6806755953.9538,0,,,,,,,,,L,,,O,OL,true,2010,,F
dataflow,IMF.STA:QNEA(7.0.0),R,CYP,B1GQ,Q,SA,XDC,Q,2023-Q2,6871567416.6546,0,,,,,,,,,L,,,O,OL,true,2010,,F
dataflow,IMF.STA:QNEA(7.0.0),R,CYP,B1GQ,Q,SA,XDC,Q,2023-Q3,6907174911.881,0,,,,,,,,,L,,,O,OL,true,2010,,F
dataflow,IMF.STA:QNEA(7.0.0),R,CYP,B1GQ,Q,SA,XDC,Q,2023-Q4,6994495744.8612,0,,,,,,,,,L,,,O,OL,true,2010,,F
dataflow,IMF.STA:QNEA(7.0.0),R,CYP,B1GQ,Q,SA,XDC,Q,2024-Q1,7099183721.2897,0,,,,,,,,,L,,,O,OL,true,2010,,F
dataflow,IMF.STA:QNEA(7.0.0),R,CYP,B1GQ,Q,SA,XDC,Q,2024-Q2,7128969827.6507,0,,,,,,,,,L,,,O,OL,true,2010,,F
dataflow,IMF.STA:QNEA(7.0.0),R,CYP,B1GQ,Q,SA,XDC,Q,2024-Q3,7201834211.6153,0,,,,,,,,,L,,,O,OL,true,2010,,F
dataflow,IMF.STA:QNEA(7.0.0),R,CYP,B1GQ,Q,SA,XDC,Q,2024-Q4,7236956591.1029,0,,,,,,,,,L,,,O,OL,true,2010,,F
dataflow,IMF.STA:QNEA(7.0.0),R,CYP,B1GQ,Q,SA,XDC,Q,2025-Q1,7354742692.4784,0,,,,,,,,,L,,,O,OL,true,2010,,F
dataflow,IMF.STA:QNEA(7.0.0),R,CYP,B1GQ,Q,SA,XDC,Q,2025-Q2,7395492414.5358,0,,,,,,,,,L,,,O,OL,true,2010,,F
dataflow,IMF.STA:QNEA(7.0.0),R,CYP,B1GQ,Q,SA,XDC,Q,2025-Q3,7455161650.4056,0,,,,,,,,,L,,,O,OL,true,2010,,F
dataflow,IMF.STA:QNEA(7.0.0),R,CYP,B1GQ,Q,SA,XDC,Q,2025-Q4,7543161645.4201,0,,,,,,,,,L,,,O,OL,true,2010,,F
dataflow,IMF.STA:QNEA(7.0.0),R,CYP,B1GQ,Q,SA,XDC,Q,2026-Q1,7578866163.7942,0,,,,,,,,,L,,,O,OL,true,2010,,F
dataflow,IMF.STA:QNEA(7.0.0),R,CYP,B1GQ,Q,SA,XDC,Q,2026-Q2,7637759214.4819,0,,,,,,,,,L,,,O,OL,true,2010,,F
dataflow,IMF.STA:QNEA(7.0.0),R,CZE,B1GQ,Q,SA,XDC,Q,1995-Q1,667533918612.33,0,,,,,,,,,L,,,O,OL,true,2010,,F
dataflow,IMF.STA:QNEA(7.0.0),R,CZE,B1GQ,Q,SA,XDC,Q,1995-Q2,680307240549.3,0,,,,,,,,,L,,,O,OL,true,2010,,F
dataflow,IMF.STA:QNEA(7.0.0),R,CZE,B1GQ,Q,SA,XDC,Q,1995-Q3,688883415772.3,0,,,,,,,,,L,,,O,OL,true,2010,,F
dataflow,IMF.STA:QNEA(7.0.0),R,CZE,B1GQ,Q,SA,XDC,Q,1995-Q4,693714294121.88,0,,,,,,,,,L,,,O,OL,true,2010,,F
dataflow,IMF.STA:QNEA(7.0.0),R,CZE,B1GQ,Q,SA,XDC,Q,1996-Q1,705601859873.2,0,,,,,,,,,L,,,O,OL,true,2010,,F
dataflow,IMF.STA:QNEA(7.0.0),R,CZE,B1GQ,Q,SA,XDC,Q,1996-Q2,710754905527.87,0,,,,,,,,,L,,,O,OL,true,2010,,F
dataflow,IMF.STA:QNEA(7.0.0),R,CZE,B1GQ,Q,SA,XDC,Q,1996-Q3,713380365161.04,0,,,,,,,,,L,,,O,OL,true,2010,,F
dataflow,IMF.STA:QNEA(7.0.0),R,CZE,B1GQ,Q,SA,XDC,Q,1996-Q4,714532826938.51,0,,,,,,,,,L,,,O,OL,true,2010,,F
dataflow,IMF.STA:QNEA(7.0.0),R,CZE,B1GQ,Q,SA,XDC,Q,1997-Q1,711361721920.25,0,,,,,,,,,L,,,O,OL,true,2010,,F
dataflow,IMF.STA:QNEA(7.0.0),R,CZE,B1GQ,Q,SA,XDC,Q,1997-Q2,708496471938.48,0,,,,,,,,,L,,,O,OL,true,2010,,F
dataflow,IMF.STA:QNEA(7.0.0),R,CZE,B1GQ,Q,SA,XDC,Q,1997-Q3,703612578715.91,0,,,,,,,,,L,,,O,OL,true,2010,,F
dataflow,IMF.STA:QNEA(7.0.0),R,CZE,B1GQ,Q,SA,XDC,Q,1997-Q4,703031861953.31,0,,,,,,,,,L,,,O,OL,true,2010,,F
dataflow,IMF.STA:QNEA(7.0.0),R,CZE,B1GQ,Q,SA,XDC,Q,1998-Q1,702466641845.88,0,,,,,,,,,L,,,O,OL,true,2010,,F
dataflow,IMF.STA:QNEA(7.0.0),R,CZE,B1GQ,Q,SA,XDC,Q,1998-Q2,704840076929,0,,,,,,,,,L,,,O,OL,true,2010,,F
dataflow,IMF.STA:QNEA(7.0.0),R,CZE,B1GQ,Q,SA,XDC,Q,1998-Q3,704035882086.4,0,,,,,,,,,L,,,O,OL,true,2010,,F
dataflow,IMF.STA:QNEA(7.0.0),R,CZE,B1GQ,Q,SA,XDC,Q,1998-Q4,704376808500.4,0,,,,,,,,,L,,,O,OL,true,2010,,F
dataflow,IMF.STA:QNEA(7.0.0),R,CZE,B1GQ,Q,SA,XDC,Q,1999-Q1,705390615994.67,0,,,,,,,,,L,,,O,OL,true,2010,,F
dataflow,IMF.STA:QNEA(7.0.0),R,CZE,B1GQ,Q,SA,XDC,Q,1999-Q2,707343194547.58,0,,,,,,,,,L,,,O,OL,true,2010,,F
dataflow,IMF.STA:QNEA(7.0.0),R,CZE,B1GQ,Q,SA,XDC,Q,1999-Q3,714511620989.32,0,,,,,,,,,L,,,O,OL,true,2010,,F
dataflow,IMF.STA:QNEA(7.0.0),R,CZE,B1GQ,Q,SA,XDC,Q,1999-Q4,722280338916,0,,,,,,,,,L,,,O,OL,true,2010,,F
dataflow,IMF.STA:QNEA(7.0.0),R,CZE,B1GQ,Q,SA,XDC,Q,2000-Q1,732079118671.49,0,,,,,,,,,L,,,O,OL,true,2010,,F
dataflow,IMF.STA:QNEA(7.0.0),R,CZE,B1GQ,Q,SA,XDC,Q,2000-Q2,740458731057.71,0,,,,,,,,,L,,,O,OL,true,2010,,F
dataflow,IMF.STA:QNEA(7.0.0),R,CZE,B1GQ,Q,SA,XDC,Q,2000-Q3,750047898161.53,0,,,,,,,,,L,,,O,OL,true,2010,,F
dataflow,IMF.STA:QNEA(7.0.0),R,CZE,B1GQ,Q,SA,XDC,Q,2000-Q4,751885475220.73,0,,,,,,,,,L,,,O,OL,true,2010,,F
dataflow,IMF.STA:QNEA(7.0.0),R,CZE,B1GQ,Q,SA,XDC,Q,2001-Q1,761105985053.91,0,,,,,,,,,L,,,O,OL,true,2010,,F
dataflow,IMF.STA:QNEA(7.0.0),R,CZE,B1GQ,Q,SA,XDC,Q,2001-Q2,762795120468.73,0,,,,,,,,,L,,,O,OL,true,2010,,F
dataflow,IMF.STA:QNEA(7.0.0),R,CZE,B1GQ,Q,SA,XDC,Q,2001-Q3,766572226265.95,0,,,,,,,,,L,,,O,OL,true,2010,,F
dataflow,IMF.STA:QNEA(7.0.0),R,CZE,B1GQ,Q,SA,XDC,Q,2001-Q4,770364828718.34,0,,,,,,,,,L,,,O,OL,true,2010,,F
dataflow,IMF.STA:QNEA(7.0.0),R,CZE,B1GQ,Q,SA,XDC,Q,2002-Q1,770702492678.62,0,,,,,,,,,L,,,O,OL,true,2010,,F
dataflow,IMF.STA:QNEA(7.0.0),R,CZE,B1GQ,Q,SA,XDC,Q,2002-Q2,774256120395.84,0,,,,,,,,,L,,,O,OL,true,2010,,F
dataflow,IMF.STA:QNEA(7.0.0),R,CZE,B1GQ,Q,SA,XDC,Q,2002-Q3,777582191965.92,0,,,,,,,,,L,,,O,OL,true,2010,,F
dataflow,IMF.STA:QNEA(7.0.0),R,CZE,B1GQ,Q,SA,XDC,Q,2002-Q4,781868240543.84,0,,,,,,,,,L,,,O,OL,true,2010,,F
dataflow,IMF.STA:QNEA(7.0.0),R,CZE,B1GQ,Q,SA,XDC,Q,2003-Q1,791057757066.66,0,,,,,,,,,L,,,O,OL,true,2010,,F
dataflow,IMF.STA:QNEA(7.0.0),R,CZE,B1GQ,Q,SA,XDC,Q,2003-Q2,798411327757.15,0,,,,,,,,,L,,,O,OL,true,2010,,F
dataflow,IMF.STA:QNEA(7.0.0),R,CZE,B1GQ,Q,SA,XDC,Q,2003-Q3,804770665675.71,0,,,,,,,,,L,,,O,OL,true,2010,,F
dataflow,IMF.STA:QNEA(7.0.0),R,CZE,B1GQ,Q,SA,XDC,Q,2003-Q4,812572008139.62,0,,,,,,,,,L,,,O,OL,true,2010,,F
dataflow,IMF.STA:QNEA(7.0.0),R,CZE,B1GQ,Q,SA,XDC,Q,2004-Q1,820955698592.99,0,,,,,,,,,L,,,O,OL,true,2010,,F
dataflow,IMF.STA:QNEA(7.0.0),R,CZE,B1GQ,Q,SA,XDC,Q,2004-Q2,830743875373.89,0,,,,,,,,,L,,,O,OL,true,2010,,F
dataflow,IMF.STA:QNEA(7.0.0),R,CZE,B1GQ,Q,SA,XDC,Q,2004-Q3,843978834512.6,0,,,,,,,,,L,,,O,OL,true,2010,,F
dataflow,IMF.STA:QNEA(7.0.0),R,CZE,B1GQ,Q,SA,XDC,Q,2004-Q4,857421775076.11,0,,,,,,,,,L,,,O,OL,true,2010,,F
dataflow,IMF.STA:QNEA(7.0.0),R,CZE,B1GQ,Q,SA,XDC,Q,2005-Q1,873593758178.5,0,,,,,,,,,L,,,O,OL,true,2010,,F
dataflow,IMF.STA:QNEA(7.0.0),R,CZE,B1GQ,Q,SA,XDC,Q,2005-Q2,883652718618.36,0,,,,,,,,,L,,,O,OL,true,2010,,F
dataflow,IMF.STA:QNEA(7.0.0),R,CZE,B1GQ,Q,SA,XDC,Q,2005-Q3,898650218380.65,0,,,,,,,,,L,,,O,OL,true,2010,,F
dataflow,IMF.STA:QNEA(7.0.0),R,CZE,B1GQ,Q,SA,XDC,Q,2005-Q4,913653427436.95,0,,,,,,,,,L,,,O,OL,true,2010,,F
dataflow,IMF.STA:QNEA(7.0.0),R,CZE,B1GQ,Q,SA,XDC,Q,2006-Q1,930256054430.69,0,,,,,,,,,L,,,O,OL,true,2010,,F
dataflow,IMF.STA:QNEA(7.0.0),R,CZE,B1GQ,Q,SA,XDC,Q,2006-Q2,949307968556.6,0,,,,,,,,,L,,,O,OL,true,2010,,F
dataflow,IMF.STA:QNEA(7.0.0),R,CZE,B1GQ,Q,SA,XDC,Q,2006-Q3,961363550674.63,0,,,,,,,,,L,,,O,OL,true,2010,,F
dataflow,IMF.STA:QNEA(7.0.0),R,CZE,B1GQ,Q,SA,XDC,Q,2006-Q4,972300111165.85,0,,,,,,,,,L,,,O,OL,true,2010,,F
dataflow,IMF.STA:QNEA(7.0.0),R,CZE,B1GQ,Q,SA,XDC,Q,2007-Q1,989852927806.27,0,,,,,,,,,L,,,O,OL,true,2010,,F
dataflow,IMF.STA:QNEA(7.0.0),R,CZE,B1GQ,Q,SA,XDC,Q,2007-Q2,997696682168.57,0,,,,,,,,,L,,,O,OL,true,2010,,F
dataflow,IMF.STA:QNEA(7.0.0),R,CZE,B1GQ,Q,SA,XDC,Q,2007-Q3,1011661615327.7,0,,,,,,,,,L,,,O,OL,true,2010,,F
dataflow,IMF.STA:QNEA(7.0.0),R,CZE,B1GQ,Q,SA,XDC,Q,2007-Q4,1022706652405.2,0,,,,,,,,,L,,,O,OL,true,2010,,F
dataflow,IMF.STA:QNEA(7.0.0),R,CZE,B1GQ,Q,SA,XDC,Q,2008-Q1,1029873447620.1,0,,,,,,,,,L,,,O,OL,true,2010,,F
dataflow,IMF.STA:QNEA(7.0.0),R,CZE,B1GQ,Q,SA,XDC,Q,2008-Q2,1035678168405.8,0,,,,,,,,,L,,,O,OL,true,2010,,F
dataflow,IMF.STA:QNEA(7.0.0),R,CZE,B1GQ,Q,SA,XDC,Q,2008-Q3,1036856729813,0,,,,,,,,,L,,,O,OL,true,2010,,F
dataflow,IMF.STA:QNEA(7.0.0),R,CZE,B1GQ,Q,SA,XDC,Q,2008-Q4,1017004698911.7,0,,,,,,,,,L,,,O,OL,true,2010,,F
dataflow,IMF.STA:QNEA(7.0.0),R,CZE,B1GQ,Q,SA,XDC,Q,2009-Q1,983789657563.03,0,,,,,,,,,L,,,O,OL,true,2010,,F
dataflow,IMF.STA:QNEA(7.0.0),R,CZE,B1GQ,Q,SA,XDC,Q,2009-Q2,979125164353.3,0,,,,,,,,,L,,,O,OL,true,2010,,F
dataflow,IMF.STA:QNEA(7.0.0),R,CZE,B1GQ,Q,SA,XDC,Q,2009-Q3,982543400241.04,0,,,,,,,,,L,,,O,OL,true,2010,,F
dataflow,IMF.STA:QNEA(7.0.0),R,CZE,B1GQ,Q,SA,XDC,Q,2009-Q4,982837021076.06,0,,,,,,,,,L,,,O,OL,true,2010,,F
dataflow,IMF.STA:QNEA(7.0.0),R,CZE,B1GQ,Q,SA,XDC,Q,2010-Q1,990759889941.13,0,,,,,,,,,L,,,O,OL,true,2010,,F
dataflow,IMF.STA:QNEA(7.0.0),R,CZE,B1GQ,Q,SA,XDC,Q,2010-Q2,1003357039377.1,0,,,,,,,,,L,,,O,OL,true,2010,,F
dataflow,IMF.STA:QNEA(7.0.0),R,CZE,B1GQ,Q,SA,XDC,Q,2010-Q3,1015177724827.1,0,,,,,,,,,L,,,O,OL,true,2010,,F
dataflow,IMF.STA:QNEA(7.0.0),R,CZE,B1GQ,Q,SA,XDC,Q,2010-Q4,1018762345854.7,0,,,,,,,,,L,,,O,OL,true,2010,,F
dataflow,IMF.STA:QNEA(7.0.0),R,CZE,B1GQ,Q,SA,XDC,Q,2011-Q1,1020310380146,0,,,,,,,,,L,,,O,OL,true,2010,,F
dataflow,IMF.STA:QNEA(7.0.0),R,CZE,B1GQ,Q,SA,XDC,Q,2011-Q2,1025438957397.8,0,,,,,,,,,L,,,O,OL,true,2010,,F
dataflow,IMF.STA:QNEA(7.0.0),R,CZE,B1GQ,Q,SA,XDC,Q,2011-Q3,1026621596872.2,0,,,,,,,,,L,,,O,OL,true,2010,,F
dataflow,IMF.STA:QNEA(7.0.0),R,CZE,B1GQ,Q,SA,XDC,Q,2011-Q4,1027158270509.5,0,,,,,,,,,L,,,O,OL,true,2010,,F
dataflow,IMF.STA:QNEA(7.0.0),R,CZE,B1GQ,Q,SA,XDC,Q,2012-Q1,1024580932068.8,0,,,,,,,,,L,,,O,OL,true,2010,,F
dataflow,IMF.STA:QNEA(7.0.0),R,CZE,B1GQ,Q,SA,XDC,Q,2012-Q2,1018635110159.5,0,,,,,,,,,L,,,O,OL,true,2010,,F
dataflow,IMF.STA:QNEA(7.0.0),R,CZE,B1GQ,Q,SA,XDC,Q,2012-Q3,1015649965003.4,0,,,,,,,,,L,,,O,OL,true,2010,,F
dataflow,IMF.STA:QNEA(7.0.0),R,CZE,B1GQ,Q,SA,XDC,Q,2012-Q4,1012550633967.1,0,,,,,,,,,L,,,O,OL,true,2010,,F
dataflow,IMF.STA:QNEA(7.0.0),R,CZE,B1GQ,Q,SA,XDC,Q,2013-Q1,1009426834527.8,0,,,,,,,,,L,,,O,OL,true,2010,,F
dataflow,IMF.STA:QNEA(7.0.0),R,CZE,B1GQ,Q,SA,XDC,Q,2013-Q2,1013335254087.3,0,,,,,,,,,L,,,O,OL,true,2010,,F
dataflow,IMF.STA:QNEA(7.0.0),R,CZE,B1GQ,Q,SA,XDC,Q,2013-Q3,1017165374757.5,0,,,,,,,,,L,,,O,OL,true,2010,,F
dataflow,IMF.STA:QNEA(7.0.0),R,CZE,B1GQ,Q,SA,XDC,Q,2013-Q4,1029804120478.5,0,,,,,,,,,L,,,O,OL,true,2010,,F
dataflow,IMF.STA:QNEA(7.0.0),R,CZE,B1GQ,Q,SA,XDC,Q,2014-Q1,1025629810940.5,0,,,,,,,,,L,,,O,OL,true,2010,,F
dataflow,IMF.STA:QNEA(7.0.0),R,CZE,B1GQ,Q,SA,XDC,Q,2014-Q2,1035156991423.6,0,,,,,,,,,L,,,O,OL,true,2010,,F
dataflow,IMF.STA:QNEA(7.0.0),R,CZE,B1GQ,Q,SA,XDC,Q,2014-Q3,1044521864834,0,,,,,,,,,L,,,O,OL,true,2010,,F
dataflow,IMF.STA:QNEA(7.0.0),R,CZE,B1GQ,Q,SA,XDC,Q,2014-Q4,1055794458058.7,0,,,,,,,,,L,,,O,OL,true,2010,,F
dataflow,IMF.STA:QNEA(7.0.0),R,CZE,B1GQ,Q,SA,XDC,Q,2015-Q1,1074620447264.3,0,,,,,,,,,L,,,O,OL,true,2010,,F
dataflow,IMF.STA:QNEA(7.0.0),R,CZE,B1GQ,Q,SA,XDC,Q,2015-Q2,1089643231042.9,0,,,,,,,,,L,,,O,OL,true,2010,,F
dataflow,IMF.STA:QNEA(7.0.0),R,CZE,B1GQ,Q,SA,XDC,Q,2015-Q3,1100779616824.6,0,,,,,,,,,L,,,O,OL,true,2010,,F
dataflow,IMF.STA:QNEA(7.0.0),R,CZE,B1GQ,Q,SA,XDC,Q,2015-Q4,1105946527907.6,0,,,,,,,,,L,,,O,OL,true,2010,,F
dataflow,IMF.STA:QNEA(7.0.0),R,CZE,B1GQ,Q,SA,XDC,Q,2016-Q1,1109638809908.1,0,,,,,,,,,L,,,O,OL,true,2010,,F
dataflow,IMF.STA:QNEA(7.0.0),R,CZE,B1GQ,Q,SA,XDC,Q,2016-Q2,1113001584082.5,0,,,,,,,,,L,,,O,OL,true,2010,,F
dataflow,IMF.STA:QNEA(7.0.0),R,CZE,B1GQ,Q,SA,XDC,Q,2016-Q3,1123952010002.1,0,,,,,,,,,L,,,O,OL,true,2010,,F
dataflow,IMF.STA:QNEA(7.0.0),R,CZE,B1GQ,Q,SA,XDC,Q,2016-Q4,1132697017205.2,0,,,,,,,,,L,,,O,OL,true,2010,,F
dataflow,IMF.STA:QNEA(7.0.0),R,CZE,B1GQ,Q,SA,XDC,Q,2017-Q1,1148996236002.8,0,,,,,,,,,L,,,O,OL,true,2010,,F
dataflow,IMF.STA:QNEA(7.0.0),R,CZE,B1GQ,Q,SA,XDC,Q,2017-Q2,1183727502718.9,0,,,,,,,,,L,,,O,OL,true,2010,,F
dataflow,IMF.STA:QNEA(7.0.0),R,CZE,B1GQ,Q,SA,XDC,Q,2017-Q3,1190948128420.2,0,,,,,,,,,L,,,O,OL,true,2010,,F
dataflow,IMF.STA:QNEA(7.0.0),R,CZE,B1GQ,Q,SA,XDC,Q,2017-Q4,1197091328779.7,0,,,,,,,,,L,,,O,OL,true,2010,,F
dataflow,IMF.STA:QNEA(7.0.0),R,CZE,B1GQ,Q,SA,XDC,Q,2018-Q1,1201816177383.3,0,,,,,,,,,L,,,O,OL,true,2010,,F
dataflow,IMF.STA:QNEA(7.0.0),R,CZE,B1GQ,Q,SA,XDC,Q,2018-Q2,1208891623893.9,0,,,,,,,,,L,,,O,OL,true,2010,,F
dataflow,IMF.STA:QNEA(7.0.0),R,CZE,B1GQ,Q,SA,XDC,Q,2018-Q3,1216294947003.7,0,,,,,,,,,L,,,O,OL,true,2010,,F
dataflow,IMF.STA:QNEA(7.0.0),R,CZE,B1GQ,Q,SA,XDC,Q,2018-Q4,1226341673242.1,0,,,,,,,,,L,,,O,OL,true,2010,,F
dataflow,IMF.STA:QNEA(7.0.0),R,CZE,B1GQ,Q,SA,XDC,Q,2019-Q1,1244039669073.2,0,,,,,,,,,L,,,O,OL,true,2010,,F
dataflow,IMF.STA:QNEA(7.0.0),R,CZE,B1GQ,Q,SA,XDC,Q,2019-Q2,1252807513452.4,0,,,,,,,,,L,,,O,OL,true,2010,,F
dataflow,IMF.STA:QNEA(7.0.0),R,CZE,B1GQ,Q,SA,XDC,Q,2019-Q3,1258620390372.4,0,,,,,,,,,L,,,O,OL,true,2010,,F
dataflow,IMF.STA:QNEA(7.0.0),R,CZE,B1GQ,Q,SA,XDC,Q,2019-Q4,1267185147007.4,0,,,,,,,,,L,,,O,OL,true,2010,,F
dataflow,IMF.STA:QNEA(7.0.0),R,CZE,B1GQ,Q,SA,XDC,Q,2020-Q1,1224886618881.9,0,,,,,,,,,L,,,O,OL,true,2010,,F
dataflow,IMF.STA:QNEA(7.0.0),R,CZE,B1GQ,Q,SA,XDC,Q,2020-Q2,1120161038776.5,0,,,,,,,,,L,,,O,OL,true,2010,,F
dataflow,IMF.STA:QNEA(7.0.0),R,CZE,B1GQ,Q,SA,XDC,Q,2020-Q3,1200525061322.6,0,,,,,,,,,L,,,O,OL,true,2010,,F
dataflow,IMF.STA:QNEA(7.0.0),R,CZE,B1GQ,Q,SA,XDC,Q,2020-Q4,1209895644027,0,,,,,,,,,L,,,O,OL,true,2010,,F
dataflow,IMF.STA:QNEA(7.0.0),R,CZE,B1GQ,Q,SA,XDC,Q,2021-Q1,1210249620255.9,0,,,,,,,,,L,,,O,OL,true,2010,,F
dataflow,IMF.STA:QNEA(7.0.0),R,CZE,B1GQ,Q,SA,XDC,Q,2021-Q2,1227636051756.5,0,,,,,,,,,L,,,O,OL,true,2010,,F
dataflow,IMF.STA:QNEA(7.0.0),R,CZE,B1GQ,Q,SA,XDC,Q,2021-Q3,1248935796497.2,0,,,,,,,,,L,,,O,OL,true,2010,,F
dataflow,IMF.STA:QNEA(7.0.0),R,CZE,B1GQ,Q,SA,XDC,Q,2021-Q4,1256662102525.5,0,,,,,,,,,L,,,O,OL,true,2010,,F
dataflow,IMF.STA:QNEA(7.0.0),R,CZE,B1GQ,Q,SA,XDC,Q,2022-Q1,1268584739654.3,0,,,,,,,,,L,,,O,OL,true,2010,,F
dataflow,IMF.STA:QNEA(7.0.0),R,CZE,B1GQ,Q,SA,XDC,Q,2022-Q2,1272472768878.1,0,,,,,,,,,L,,,O,OL,true,2010,,F
dataflow,IMF.STA:QNEA(7.0.0),R,CZE,B1GQ,Q,SA,XDC,Q,2022-Q3,1274205131804.8,0,,,,,,,,,L,,,O,OL,true,2010,,F
dataflow,IMF.STA:QNEA(7.0.0),R,CZE,B1GQ,Q,SA,XDC,Q,2022-Q4,1269288614045,0,,,,,,,,,L,,,O,OL,true,2010,,F
dataflow,IMF.STA:QNEA(7.0.0),R,CZE,B1GQ,Q,SA,XDC,Q,2023-Q1,1271644105632.6,0,,,,,,,,,L,,,O,OL,true,2010,,F
dataflow,IMF.STA:QNEA(7.0.0),R,CZE,B1GQ,Q,SA,XDC,Q,2023-Q2,1276718852397.9,0,,,,,,,,,L,,,O,OL,true,2010,,F
dataflow,IMF.STA:QNEA(7.0.0),R,CZE,B1GQ,Q,SA,XDC,Q,2023-Q3,1271441833501.8,0,,,,,,,,,L,,,O,OL,true,2010,,F
dataflow,IMF.STA:QNEA(7.0.0),R,CZE,B1GQ,Q,SA,XDC,Q,2023-Q4,1275081916242.7,0,,,,,,,,,L,,,O,OL,true,2010,,F
dataflow,IMF.STA:QNEA(7.0.0),R,CZE,B1GQ,Q,SA,XDC,Q,2024-Q1,1279130621312.3,0,,,,,,,,,L,,,O,OL,true,2010,,F
dataflow,IMF.STA:QNEA(7.0.0),R,CZE,B1GQ,Q,SA,XDC,Q,2024-Q2,1282770704053.1,0,,,,,,,,,L,,,O,OL,true,2010,,F
dataflow,IMF.STA:QNEA(7.0.0),R,CZE,B1GQ,Q,SA,XDC,Q,2024-Q3,1291172338002,0,,,,,,,,,L,,,O,OL,true,2010,,F
dataflow,IMF.STA:QNEA(7.0.0),R,CZE,B1GQ,Q,SA,XDC,Q,2024-Q4,1300397741515.8,0,,,,,,,,,L,,,O,OL,true,2010,,F
dataflow,IMF.STA:QNEA(7.0.0),R,CZE,B1GQ,Q,SA,XDC,Q,2025-Q1,1310686704943.1,0,,,,,,,,,L,,,O,OL,true,2010,,F
dataflow,IMF.STA:QNEA(7.0.0),R,CZE,B1GQ,Q,SA,XDC,Q,2025-Q2,1318249072671.8,0,,,,,,,,,L,,,O,OL,true,2010,,F
dataflow,IMF.STA:QNEA(7.0.0),R,CZE,B1GQ,Q,SA,XDC,Q,2025-Q3,1327411673951.4,0,,,,,,,,,L,,,O,OL,true,2010,,F
dataflow,IMF.STA:QNEA(7.0.0),R,CZE,B1GQ,Q,SA,XDC,Q,2025-Q4,1336757788252.9,0,,,,,,,,,L,,,O,OL,true,2010,,F
dataflow,IMF.STA:QNEA(7.0.0),R,CZE,B1GQ,Q,SA,XDC,Q,2026-Q1,1339108386160,0,,,,,,,,,L,,,O,OL,true,2010,,F
dataflow,IMF.STA:QNEA(7.0.0),R,CZE,B1GQ,Q,SA,XDC,Q,2026-Q2,1343901746291.7,0,,,,,,,,,L,,,O,OL,true,2010,,F
dataflow,IMF.STA:QNEA(7.0.0),R,DEU,B1GQ,Q,SA,XDC,Q,1991-Q1,517695014067.25,0,,,,,,,,,L,,,O,OL,true,2010,,F
dataflow,IMF.STA:QNEA(7.0.0),R,DEU,B1GQ,Q,SA,XDC,Q,1991-Q2,515263498279.38,0,,,,,,,,,L,,,O,OL,true,2010,,F
dataflow,IMF.STA:QNEA(7.0.0),R,DEU,B1GQ,Q,SA,XDC,Q,1991-Q3,514379306097.45,0,,,,,,,,,L,,,O,OL,true,2010,,F
dataflow,IMF.STA:QNEA(7.0.0),R,DEU,B1GQ,Q,SA,XDC,Q,1991-Q4,521968629388.14,0,,,,,,,,,L,,,O,OL,true,2010,,F
dataflow,IMF.STA:QNEA(7.0.0),R,DEU,B1GQ,Q,SA,XDC,Q,1992-Q1,528968477099.29,0,,,,,,,,,L,,,O,OL,true,2010,,F
dataflow,IMF.STA:QNEA(7.0.0),R,DEU,B1GQ,Q,SA,XDC,Q,1992-Q2,525800114718.24,0,,,,,,,,,L,,,O,OL,true,2010,,F
dataflow,IMF.STA:QNEA(7.0.0),R,DEU,B1GQ,Q,SA,XDC,Q,1992-Q3,524473826445.35,0,,,,,,,,,L,,,O,OL,true,2010,,F
dataflow,IMF.STA:QNEA(7.0.0),R,DEU,B1GQ,Q,SA,XDC,Q,1992-Q4,522926519789.32,0,,,,,,,,,L,,,O,OL,true,2010,,F
dataflow,IMF.STA:QNEA(7.0.0),R,DEU,B1GQ,Q,SA,XDC,Q,1993-Q1,518781901776.98,0,,,,,,,,,L,,,O,OL,true,2010,,F
dataflow,IMF.STA:QNEA(7.0.0),R,DEU,B1GQ,Q,SA,XDC,Q,1993-Q2,519002920160.11,0,,,,,,,,,L,,,O,OL,true,2010,,F
dataflow,IMF.STA:QNEA(7.0.0),R,DEU,B1GQ,Q,SA,XDC,Q,1993-Q3,521876464239.3,0,,,,,,,,,L,,,O,OL,true,2010,,F
dataflow,IMF.STA:QNEA(7.0.0),R,DEU,B1GQ,Q,SA,XDC,Q,1993-Q4,521287005609.67,0,,,,,,,,,L,,,O,OL,true,2010,,F
dataflow,IMF.STA:QNEA(7.0.0),R,DEU,B1GQ,Q,SA,XDC,Q,1994-Q1,528821114560.62,0,,,,,,,,,L,,,O,OL,true,2010,,F
dataflow,IMF.STA:QNEA(7.0.0),R,DEU,B1GQ,Q,SA,XDC,Q,1994-Q2,531989502366.53,0,,,,,,,,,L,,,O,OL,true,2010,,F
dataflow,IMF.STA:QNEA(7.0.0),R,DEU,B1GQ,Q,SA,XDC,Q,1994-Q3,534936761614.88,0,,,,,,,,,L,,,O,OL,true,2010,,F
dataflow,IMF.STA:QNEA(7.0.0),R,DEU,B1GQ,Q,SA,XDC,Q,1994-Q4,540757709016.67,0,,,,,,,,,L,,,O,OL,true,2010,,F
dataflow,IMF.STA:QNEA(7.0.0),R,DEU,B1GQ,Q,SA,XDC,Q,1995-Q1,538620926781.09,0,,,,,,,,,L,,,O,OL,true,2010,,F
dataflow,IMF.STA:QNEA(7.0.0),R,DEU,B1GQ,Q,SA,XDC,Q,1995-Q2,543262939973.7,0,,,,,,,,,L,,,O,OL,true,2010,,F
dataflow,IMF.STA:QNEA(7.0.0),R,DEU,B1GQ,Q,SA,XDC,Q,1995-Q3,544147123680.67,0,,,,,,,,,L,,,O,OL,true,2010,,F
dataflow,IMF.STA:QNEA(7.0.0),R,DEU,B1GQ,Q,SA,XDC,Q,1995-Q4,544441840283.06,0,,,,,,,,,L,,,O,OL,true,2010,,F
dataflow,IMF.STA:QNEA(7.0.0),R,DEU,B1GQ,Q,SA,XDC,Q,1996-Q1,540462950039.5,0,,,,,,,,,L,,,O,OL,true,2010,,F
dataflow,IMF.STA:QNEA(7.0.0),R,DEU,B1GQ,Q,SA,XDC,Q,1996-Q2,548125988499.36,0,,,,,,,,,L,,,O,OL,true,2010,,F
dataflow,IMF.STA:QNEA(7.0.0),R,DEU,B1GQ,Q,SA,XDC,Q,1996-Q3,550041726926.93,0,,,,,,,,,L,,,O,OL,true,2010,,F
dataflow,IMF.STA:QNEA(7.0.0),R,DEU,B1GQ,Q,SA,XDC,Q,1996-Q4,555199534429.75,0,,,,,,,,,L,,,O,OL,true,2010,,F
dataflow,IMF.STA:QNEA(7.0.0),R,DEU,B1GQ,Q,SA,XDC,Q,1997-Q1,552307709870.01,0,,,,,,,,,L,,,O,OL,true,2010,,F
dataflow,IMF.STA:QNEA(7.0.0),R,DEU,B1GQ,Q,SA,XDC,Q,1997-Q2,558717895552.57,0,,,,,,,,,L,,,O,OL,true,2010,,F
dataflow,IMF.STA:QNEA(7.0.0),R,DEU,B1GQ,Q,SA,XDC,Q,1997-Q3,560559893386.11,0,,,,,,,,,L,,,O,OL,true,2010,,F
dataflow,IMF.STA:QNEA(7.0.0),R,DEU,B1GQ,Q,SA,XDC,Q,1997-Q4,564686019043.99,0,,,,,,,,,L,,,O,OL,true,2010,,F
dataflow,IMF.STA:QNEA(7.0.0),R,DEU,B1GQ,Q,SA,XDC,Q,1998-Q1,570028241594.05,0,,,,,,,,,L,,,O,OL,true,2010,,F
dataflow,IMF.STA:QNEA(7.0.0),R,DEU,B1GQ,Q,SA,XDC,Q,1998-Q2,567891332234.13,0,,,,,,,,,L,,,O,OL,true,2010,,F
dataflow,IMF.STA:QNEA(7.0.0),R,DEU,B1GQ,Q,SA,XDC,Q,1998-Q3,570249276927.1,0,,,,,,,,,L,,,O,OL,true,2010,,F
dataflow,IMF.STA:QNEA(7.0.0),R,DEU,B1GQ,Q,SA,XDC,Q,1998-Q4,569954509474.98,0,,,,,,,,,L,,,O,OL,true,2010,,F
dataflow,IMF.STA:QNEA(7.0.0),R,DEU,B1GQ,Q,SA,XDC,Q,1999-Q1,576567543234.55,0,,,,,,,,,L,,,O,OL,true,2010,,F
dataflow,IMF.STA:QNEA(7.0.0),R,DEU,B1GQ,Q,SA,XDC,Q,1999-Q2,576272792732.35,0,,,,,,,,,L,,,O,OL,true,2010,,F
dataflow,IMF.STA:QNEA(7.0.0),R,DEU,B1GQ,Q,SA,XDC,Q,1999-Q3,583788451703.62,0,,,,,,,,,L,,,O,OL,true,2010,,F
dataflow,IMF.STA:QNEA(7.0.0),R,DEU,B1GQ,Q,SA,XDC,Q,1999-Q4,586588416212.94,0,,,,,,,,,L,,,O,OL,true,2010,,F
dataflow,IMF.STA:QNEA(7.0.0),R,DEU,B1GQ,Q,SA,XDC,Q,2000-Q1,595706731779.29,0,,,,,,,,,L,,,O,OL,true,2010,,F
dataflow,IMF.STA:QNEA(7.0.0),R,DEU,B1GQ,Q,SA,XDC,Q,2000-Q2,600717032669.18,0,,,,,,,,,L,,,O,OL,true,2010,,F
dataflow,IMF.STA:QNEA(7.0.0),R,DEU,B1GQ,Q,SA,XDC,Q,2000-Q3,600864344358.11,0,,,,,,,,,L,,,O,OL,true,2010,,F
dataflow,IMF.STA:QNEA(7.0.0),R,DEU,B1GQ,Q,SA,XDC,Q,2000-Q4,598359232050.47,0,,,,,,,,,L,,,O,OL,true,2010,,F
dataflow,IMF.STA:QNEA(7.0.0),R,DEU,B1GQ,Q,SA,XDC,Q,2001-Q1,610958940980.62,0,,,,,,,,,L,,,O,OL,true,2010,,F
dataflow,IMF.STA:QNEA(7.0.0),R,DEU,B1GQ,Q,SA,XDC,Q,2001-Q2,609706333977.06,0,,,,,,,,,L,,,O,OL,true,2010,,F
dataflow,IMF.STA:QNEA(7.0.0),R,DEU,B1GQ,Q,SA,XDC,Q,2001-Q3,609485281694.1,0,,,,,,,,,L,,,O,OL,true,2010,,F
dataflow,IMF.STA:QNEA(7.0.0),R,DEU,B1GQ,Q,SA,XDC,Q,2001-Q4,607716982079.8,0,,,,,,,,,L,,,O,OL,true,2010,,F
dataflow,IMF.STA:QNEA(7.0.0),R,DEU,B1GQ,Q,SA,XDC,Q,2002-Q1,604861726956.13,0,,,,,,,,,L,,,O,OL,true,2010,,F
dataflow,IMF.STA:QNEA(7.0.0),R,DEU,B1GQ,Q,SA,XDC,Q,2002-Q2,607366957913.16,0,,,,,,,,,L,,,O,OL,true,2010,,F
dataflow,IMF.STA:QNEA(7.0.0),R,DEU,B1GQ,Q,SA,XDC,Q,2002-Q3,611272090612.77,0,,,,,,,,,L,,,O,OL,true,2010,,F
dataflow,IMF.STA:QNEA(7.0.0),R,DEU,B1GQ,Q,SA,XDC,Q,2002-Q4,609798431326.25,0,,,,,,,,,L,,,O,OL,true,2010,,F
dataflow,IMF.STA:QNEA(7.0.0),R,DEU,B1GQ,Q,SA,XDC,Q,2003-Q1,601380299692.49,0,,,,,,,,,L,,,O,OL,true,2010,,F
dataflow,IMF.STA:QNEA(7.0.0),R,DEU,B1GQ,Q,SA,XDC,Q,2003-Q2,602338130768.98,0,,,,,,,,,L,,,O,OL,true,2010,,F
dataflow,IMF.STA:QNEA(7.0.0),R,DEU,B1GQ,Q,SA,XDC,Q,2003-Q3,607643148261.25,0,,,,,,,,,L,,,O,OL,true,2010,,F
dataflow,IMF.STA:QNEA(7.0.0),R,DEU,B1GQ,Q,SA,XDC,Q,2003-Q4,608453625274.02,0,,,,,,,,,L,,,O,OL,true,2010,,F
dataflow,IMF.STA:QNEA(7.0.0),R,DEU,B1GQ,Q,SA,XDC,Q,2004-Q1,607495946746.75,0,,,,,,,,,L,,,O,OL,true,2010,,F
dataflow,IMF.STA:QNEA(7.0.0),R,DEU,B1GQ,Q,SA,XDC,Q,2004-Q2,611106252669.55,0,,,,,,,,,L,,,O,OL,true,2010,,F
dataflow,IMF.STA:QNEA(7.0.0),R,DEU,B1GQ,Q,SA,XDC,Q,2004-Q3,609116900772.29,0,,,,,,,,,L,,,O,OL,true,2010,,F
dataflow,IMF.STA:QNEA(7.0.0),R,DEU,B1GQ,Q,SA,XDC,Q,2004-Q4,608748511375.53,0,,,,,,,,,L,,,O,OL,true,2010,,F
dataflow,IMF.STA:QNEA(7.0.0),R,DEU,B1GQ,Q,SA,XDC,Q,2005-Q1,609945836239.7,0,,,,,,,,,L,,,O,OL,true,2010,,F
dataflow,IMF.STA:QNEA(7.0.0),R,DEU,B1GQ,Q,SA,XDC,Q,2005-Q2,613408915223.13,0,,,,,,,,,L,,,O,OL,true,2010,,F
dataflow,IMF.STA:QNEA(7.0.0),R,DEU,B1GQ,Q,SA,XDC,Q,2005-Q3,618345687392.9,0,,,,,,,,,L,,,O,OL,true,2010,,F
dataflow,IMF.STA:QNEA(7.0.0),R,DEU,B1GQ,Q,SA,XDC,Q,2005-Q4,620556108523.03,0,,,,,,,,,L,,,O,OL,true,2010,,F
dataflow,IMF.STA:QNEA(7.0.0),R,DEU,B1GQ,Q,SA,XDC,Q,2006-Q1,627629679878.29,0,,,,,,,,,L,,,O,OL,true,2010,,F
dataflow,IMF.STA:QNEA(7.0.0),R,DEU,B1GQ,Q,SA,XDC,Q,2006-Q2,638387390974.9,0,,,,,,,,,L,,,O,OL,true,2010,,F
dataflow,IMF.STA:QNEA(7.0.0),R,DEU,B1GQ,Q,SA,XDC,Q,2006-Q3,643250414075.69,0,,,,,,,,,L,,,O,OL,true,2010,,F
dataflow,IMF.STA:QNEA(7.0.0),R,DEU,B1GQ,Q,SA,XDC,Q,2006-Q4,652681802999.57,0,,,,,,,,,L,,,O,OL,true,2010,,F
dataflow,IMF.STA:QNEA(7.0.0),R,DEU,B1GQ,Q,SA,XDC,Q,2007-Q1,653474084281.35,0,,,,,,,,,L,,,O,OL,true,2010,,F
dataflow,IMF.STA:QNEA(7.0.0),R,DEU,B1GQ,Q,SA,XDC,Q,2007-Q2,657747580952.85,0,,,,,,,,,L,,,O,OL,true,2010,,F
dataflow,IMF.STA:QNEA(7.0.0),R,DEU,B1GQ,Q,SA,XDC,Q,2007-Q3,661284239506.14,0,,,,,,,,,L,,,O,OL,true,2010,,F
dataflow,IMF.STA:QNEA(7.0.0),R,DEU,B1GQ,Q,SA,XDC,Q,2007-Q4,666368204715.46,0,,,,,,,,,L,,,O,OL,true,2010,,F
dataflow,IMF.STA:QNEA(7.0.0),R,DEU,B1GQ,Q,SA,XDC,Q,2008-Q1,670015859770.3,0,,,,,,,,,L,,,O,OL,true,2010,,F
dataflow,IMF.STA:QNEA(7.0.0),R,DEU,B1GQ,Q,SA,XDC,Q,2008-Q2,667436896694.19,0,,,,,,,,,L,,,O,OL,true,2010,,F
dataflow,IMF.STA:QNEA(7.0.0),R,DEU,B1GQ,Q,SA,XDC,Q,2008-Q3,663826353472.62,0,,,,,,,,,L,,,O,OL,true,2010,,F
dataflow,IMF.STA:QNEA(7.0.0),R,DEU,B1GQ,Q,SA,XDC,Q,2008-Q4,653657838282.01,0,,,,,,,,,L,,,O,OL,true,2010,,F
dataflow,IMF.STA:QNEA(7.0.0),R,DEU,B1GQ,Q,SA,XDC,Q,2009-Q1,622913993891.3,0,,,,,,,,,L,,,O,OL,true,2010,,F
dataflow,IMF.STA:QNEA(7.0.0),R,DEU,B1GQ,Q,SA,XDC,Q,2009-Q2,624461334447.16,0,,,,,,,,,L,,,O,OL,true,2010,,F
dataflow,IMF.STA:QNEA(7.0.0),R,DEU,B1GQ,Q,SA,XDC,Q,2009-Q3,628440199265.84,0,,,,,,,,,L,,,O,OL,true,2010,,F
dataflow,IMF.STA:QNEA(7.0.0),R,DEU,B1GQ,Q,SA,XDC,Q,2009-Q4,633229583472.08,0,,,,,,,,,L,,,O,OL,true,2010,,F
dataflow,IMF.STA:QNEA(7.0.0),R,DEU,B1GQ,Q,SA,XDC,Q,2010-Q1,637797906920.4,0,,,,,,,,,L,,,O,OL,true,2010,,F
dataflow,IMF.STA:QNEA(7.0.0),R,DEU,B1GQ,Q,SA,XDC,Q,2010-Q2,651576583959.55,0,,,,,,,,,L,,,O,OL,true,2010,,F
dataflow,IMF.STA:QNEA(7.0.0),R,DEU,B1GQ,Q,SA,XDC,Q,2010-Q3,657913283296.77,0,,,,,,,,,L,,,O,OL,true,2010,,F
dataflow,IMF.STA:QNEA(7.0.0),R,DEU,B1GQ,Q,SA,XDC,Q,2010-Q4,662113225823.28,0,,,,,,,,,L,,,O,OL,true,2010,,F
dataflow,IMF.STA:QNEA(7.0.0),R,DEU,B1GQ,Q,SA,XDC,Q,2011-Q1,674123510023.62,0,,,,,,,,,L,,,O,OL,true,2010,,F
dataflow,IMF.STA:QNEA(7.0.0),R,DEU,B1GQ,Q,SA,XDC,Q,2011-Q2,676186594039.95,0,,,,,,,,,L,,,O,OL,true,2010,,F
dataflow,IMF.STA:QNEA(7.0.0),R,DEU,B1GQ,Q,SA,XDC,Q,2011-Q3,679797052511.96,0,,,,,,,,,L,,,O,OL,true,2010,,F
dataflow,IMF.STA:QNEA(7.0.0),R,DEU,B1GQ,Q,SA,XDC,Q,2011-Q4,679576017178.92,0,,,,,,,,,L,,,O,OL,true,2010,,F
dataflow,IMF.STA:QNEA(7.0.0),R,DEU,B1GQ,Q,SA,XDC,Q,2012-Q1,681491781031.36,0,,,,,,,,,L,,,O,OL,true,2010,,F
dataflow,IMF.STA:QNEA(7.0.0),R,DEU,B1GQ,Q,SA,XDC,Q,2012-Q2,682449646007.67,0,,,,,,,,,L,,,O,OL,true,2010,,F
dataflow,IMF.STA:QNEA(7.0.0),R,DEU,B1GQ,Q,SA,XDC,Q,2012-Q3,683407485559.1,0,,,,,,,,,L,,,O,OL,true,2010,,F
dataflow,IMF.STA:QNEA(7.0.0),R,DEU,B1GQ,Q,SA,XDC,Q,2012-Q4,681491738656.58,0,,,,,,,,,L,,,O,OL,true,2010,,F
dataflow,IMF.STA:QNEA(7.0.0),R,DEU,B1GQ,Q,SA,XDC,Q,2013-Q1,677899526765.3,0,,,,,,,,,L,,,O,OL,true,2010,,F
dataflow,IMF.STA:QNEA(7.0.0),R,DEU,B1GQ,Q,SA,XDC,Q,2013-Q2,686594331819.65,0,,,,,,,,,L,,,O,OL,true,2010,,F
dataflow,IMF.STA:QNEA(7.0.0),R,DEU,B1GQ,Q,SA,XDC,Q,2013-Q3,689394364128.63,0,,,,,,,,,L,,,O,OL,true,2010,,F
dataflow,IMF.STA:QNEA(7.0.0),R,DEU,B1GQ,Q,SA,XDC,Q,2013-Q4,690573264437.99,0,,,,,,,,,L,,,O,OL,true,2010,,F
dataflow,IMF.STA:QNEA(7.0.0),R,DEU,B1GQ,Q,SA,XDC,Q,2014-Q1,697996707410.68,0,,,,,,,,,L,,,O,OL,true,2010,,F
dataflow,IMF.STA:QNEA(7.0.0),R,DEU,B1GQ,Q,SA,XDC,Q,2014-Q2,698438769601.82,0,,,,,,,,,L,,,O,OL,true,2010,,F
dataflow,IMF.STA:QNEA(7.0.0),R,DEU,B1GQ,Q,SA,XDC,Q,2014-Q3,701680855626.98,0,,,,,,,,,L,,,O,OL,true,2010,,F
dataflow,IMF.STA:QNEA(7.0.0),R,DEU,B1GQ,Q,SA,XDC,Q,2014-Q4,707575475823.15,0,,,,,,,,,L,,,O,OL,true,2010,,F
dataflow,IMF.STA:QNEA(7.0.0),R,DEU,B1GQ,Q,SA,XDC,Q,2015-Q1,706083527581.12,0,,,,,,,,,L,,,O,OL,true,2010,,F
dataflow,IMF.STA:QNEA(7.0.0),R,DEU,B1GQ,Q,SA,XDC,Q,2015-Q2,710504412216.16,0,,,,,,,,,L,,,O,OL,true,2010,,F
dataflow,IMF.STA:QNEA(7.0.0),R,DEU,B1GQ,Q,SA,XDC,Q,2015-Q3,714041087719.36,0,,,,,,,,,L,,,O,OL,true,2010,,F
dataflow,IMF.STA:QNEA(7.0.0),R,DEU,B1GQ,Q,SA,XDC,Q,2015-Q4,717798781605.69,0,,,,,,,,,L,,,O,OL,true,2010,,F
dataflow,IMF.STA:QNEA(7.0.0),R,DEU,B1GQ,Q,SA,XDC,Q,2016-Q1,723988398077.8,0,,,,,,,,,L,,,O,OL,true,2010,,F
dataflow,IMF.STA:QNEA(7.0.0),R,DEU,B1GQ,Q,SA,XDC,Q,2016-Q2,726051414294.48,0,,,,,,,,,L,,,O,OL,true,2010,,F
dataflow,IMF.STA:QNEA(7.0.0),R,DEU,B1GQ,Q,SA,XDC,Q,2016-Q3,728998656592.92,0,,,,,,,,,L,,,O,OL,true,2010,,F
dataflow,IMF.STA:QNEA(7.0.0),R,DEU,B1GQ,Q,SA,XDC,Q,2016-Q4,732314339137.85,0,,,,,,,,,L,,,O,OL,true,2010,,F
dataflow,IMF.STA:QNEA(7.0.0),R,DEU,B1GQ,Q,SA,XDC,Q,2017-Q1,741708785727.59,0,,,,,,,,,L,,,O,OL,true,2010,,F
dataflow,IMF.STA:QNEA(7.0.0),R,DEU,B1GQ,Q,SA,XDC,Q,2017-Q2,747308791020.85,0,,,,,,,,,L,,,O,OL,true,2010,,F
dataflow,IMF.STA:QNEA(7.0.0),R,DEU,B1GQ,Q,SA,XDC,Q,2017-Q3,753645685282.07,0,,,,,,,,,L,,,O,OL,true,2010,,F
dataflow,IMF.STA:QNEA(7.0.0),R,DEU,B1GQ,Q,SA,XDC,Q,2017-Q4,761529937049.05,0,,,,,,,,,L,,,O,OL,true,2010,,F
dataflow,IMF.STA:QNEA(7.0.0),R,DEU,B1GQ,Q,SA,XDC,Q,2018-Q1,757679764440.49,0,,,,,,,,,L,,,O,OL,true,2010,,F
dataflow,IMF.STA:QNEA(7.0.0),R,DEU,B1GQ,Q,SA,XDC,Q,2018-Q2,762837563468.36,0,,,,,,,,,L,,,O,OL,true,2010,,F
dataflow,IMF.STA:QNEA(7.0.0),R,DEU,B1GQ,Q,SA,XDC,Q,2018-Q3,759521779223.95,0,,,,,,,,,L,,,O,OL,true,2010,,F
dataflow,IMF.STA:QNEA(7.0.0),R,DEU,B1GQ,Q,SA,XDC,Q,2018-Q4,762469131696.81,0,,,,,,,,,L,,,O,OL,true,2010,,F
dataflow,IMF.STA:QNEA(7.0.0),R,DEU,B1GQ,Q,SA,XDC,Q,2019-Q1,767921630377.15,0,,,,,,,,,L,,,O,OL,true,2010,,F
dataflow,IMF.STA:QNEA(7.0.0),R,DEU,B1GQ,Q,SA,XDC,Q,2019-Q2,767921638852.1,0,,,,,,,,,L,,,O,OL,true,2010,,F
dataflow,IMF.STA:QNEA(7.0.0),R,DEU,B1GQ,Q,SA,XDC,Q,2019-Q3,772121505104.01,0,,,,,,,,,L,,,O,OL,true,2010,,F
dataflow,IMF.STA:QNEA(7.0.0),R,DEU,B1GQ,Q,SA,XDC,Q,2019-Q4,768511080531.83,0,,,,,,,,,L,,,O,OL,true,2010,,F
dataflow,IMF.STA:QNEA(7.0.0),R,DEU,B1GQ,Q,SA,XDC,Q,2020-Q1,754088179695.97,0,,,,,,,,,L,,,O,OL,true,2010,,F
dataflow,IMF.STA:QNEA(7.0.0),R,DEU,B1GQ,Q,SA,XDC,Q,2020-Q2,686666750320.51,0,,,,,,,,,L,,,O,OL,true,2010,,F
dataflow,IMF.STA:QNEA(7.0.0),R,DEU,B1GQ,Q,SA,XDC,Q,2020-Q3,747014481216.37,0,,,,,,,,,L,,,O,OL,true,2010,,F
dataflow,IMF.STA:QNEA(7.0.0),R,DEU,B1GQ,Q,SA,XDC,Q,2020-Q4,753277651833.47,0,,,,,,,,,L,,,O,OL,true,2010,,F
dataflow,IMF.STA:QNEA(7.0.0),R,DEU,B1GQ,Q,SA,XDC,Q,2021-Q1,749703949246.56,0,,,,,,,,,L,,,O,OL,true,2010,,F
dataflow,IMF.STA:QNEA(7.0.0),R,DEU,B1GQ,Q,SA,XDC,Q,2021-Q2,766650573393.91,0,,,,,,,,,L,,,O,OL,true,2010,,F
dataflow,IMF.STA:QNEA(7.0.0),R,DEU,B1GQ,Q,SA,XDC,Q,2021-Q3,767976861666.8,0,,,,,,,,,L,,,O,OL,true,2010,,F
dataflow,IMF.STA:QNEA(7.0.0),R,DEU,B1GQ,Q,SA,XDC,Q,2021-Q4,771587184539.51,0,,,,,,,,,L,,,O,OL,true,2010,,F
dataflow,IMF.STA:QNEA(7.0.0),R,DEU,B1GQ,Q,SA,XDC,Q,2022-Q1,777555723303.79,0,,,,,,,,,L,,,O,OL,true,2010,,F
dataflow,IMF.STA:QNEA(7.0.0),R,DEU,B1GQ,Q,SA,XDC,Q,2022-Q2,778513512005.49,0,,,,,,,,,L,,,O,OL,true,2010,,F
dataflow,IMF.STA:QNEA(7.0.0),R,DEU,B1GQ,Q,SA,XDC,Q,2022-Q3,781018709062.7,0,,,,,,,,,L,,,O,OL,true,2010,,F
dataflow,IMF.STA:QNEA(7.0.0),R,DEU,B1GQ,Q,SA,XDC,Q,2022-Q4,778439873110.94,0,,,,,,,,,L,,,O,OL,true,2010,,F
dataflow,IMF.STA:QNEA(7.0.0),R,DEU,B1GQ,Q,SA,XDC,Q,2023-Q1,773153161524.08,0,,,,,,,,,L,,,O,OL,true,2010,,F
dataflow,IMF.STA:QNEA(7.0.0),R,DEU,B1GQ,Q,SA,XDC,Q,2023-Q2,772342591286.8,0,,,,,,,,,L,,,O,OL,true,2010,,F
dataflow,IMF.STA:QNEA(7.0.0),R,DEU,B1GQ,Q,SA,XDC,Q,2023-Q3,773521542445.89,0,,,,,,,,,L,,,O,OL,true,2010,,F
dataflow,IMF.STA:QNEA(7.0.0),R,DEU,B1GQ,Q,SA,XDC,Q,2023-Q4,771163657077.62,0,,,,,,,,,L,,,O,OL,true,2010,,F
dataflow,IMF.STA:QNEA(7.0.0),R,DEU,B1GQ,Q,SA,XDC,Q,2024-Q1,772803120407.53,0,,,,,,,,,L,,,O,OL,true,2010,,F
dataflow,IMF.STA:QNEA(7.0.0),R,DEU,B1GQ,Q,SA,XDC,Q,2024-Q2,771771514837.19,0,,,,,,,,,L,,,O,OL,true,2010,,F
dataflow,IMF.STA:QNEA(7.0.0),R,DEU,B1GQ,Q,SA,XDC,Q,2024-Q3,772582102024.39,0,,,,,,,,,L,,,O,OL,true,2010,,F
dataflow,IMF.STA:QNEA(7.0.0),R,DEU,B1GQ,Q,SA,XDC,Q,2024-Q4,774276830543.79,0,,,,,,,,,L,,,O,OL,true,2010,,F
dataflow,IMF.STA:QNEA(7.0.0),R,DEU,B1GQ,Q,SA,XDC,Q,2025-Q1,775197829460.56,0,,,,,,,,,L,,,O,OL,true,2010,,F
dataflow,IMF.STA:QNEA(7.0.0),R,DEU,B1GQ,Q,SA,XDC,Q,2025-Q2,775050483871.8,0,,,,,,,,,L,,,O,OL,true,2010,,F
dataflow,IMF.STA:QNEA(7.0.0),R,DEU,B1GQ,Q,SA,XDC,Q,2025-Q3,774829440063.8,0,,,,,,,,,L,,,O,OL,true,2010,,F
dataflow,IMF.STA:QNEA(7.0.0),R,DEU,B1GQ,Q,SA,XDC,Q,2025-Q4,776892498655.26,0,,,,,,,,,L,,,O,OL,true,2010,,F
dataflow,IMF.STA:QNEA(7.0.0),R,DEU,B1GQ,Q,SA,XDC,Q,2026-Q1,780355467464.26,0,,,,,,,,,L,,,O,OL,true,2010,,F
dataflow,IMF.STA:QNEA(7.0.0),R,DEU,B1GQ,Q,SA,XDC,Q,2026-Q2,782934337315.84,0,,,,,,,,,L,,,O,OL,true,2010,,F
dataflow,IMF.STA:QNEA(7.0.0),R,DNK,B1GQ,Q,SA,XDC,Q,1995-Q1,361577934083.95,0,,,,,,,,,L,,,O,OL,true,2010,,F
dataflow,IMF.STA:QNEA(7.0.0),R,DNK,B1GQ,Q,SA,XDC,Q,1995-Q2,360123867028.69,0,,,,,,,,,L,,,O,OL,true,2010,,F
dataflow,IMF.STA:QNEA(7.0.0),R,DNK,B1GQ,Q,SA,XDC,Q,1995-Q3,361463591152.74,0,,,,,,,,,L,,,O,OL,true,2010,,F
dataflow,IMF.STA:QNEA(7.0.0),R,DNK,B1GQ,Q,SA,XDC,Q,1995-Q4,363828629888.7,0,,,,,,,,,L,,,O,OL,true,2010,,F
dataflow,IMF.STA:QNEA(7.0.0),R,DNK,B1GQ,Q,SA,XDC,Q,1996-Q1,364856282174.34,0,,,,,,,,,L,,,O,OL,true,2010,,F
dataflow,IMF.STA:QNEA(7.0.0),R,DNK,B1GQ,Q,SA,XDC,Q,1996-Q2,374204696671.81,0,,,,,,,,,L,,,O,OL,true,2010,,F
dataflow,IMF.STA:QNEA(7.0.0),R,DNK,B1GQ,Q,SA,XDC,Q,1996-Q3,374872228217.16,0,,,,,,,,,L,,,O,OL,true,2010,,F
dataflow,IMF.STA:QNEA(7.0.0),R,DNK,B1GQ,Q,SA,XDC,Q,1996-Q4,374962149480.77,0,,,,,,,,,L,,,O,OL,true,2010,,F
dataflow,IMF.STA:QNEA(7.0.0),R,DNK,B1GQ,Q,SA,XDC,Q,1997-Q1,380078592620.85,0,,,,,,,,,L,,,O,OL,true,2010,,F
dataflow,IMF.STA:QNEA(7.0.0),R,DNK,B1GQ,Q,SA,XDC,Q,1997-Q2,386079737464.06,0,,,,,,,,,L,,,O,OL,true,2010,,F
dataflow,IMF.STA:QNEA(7.0.0),R,DNK,B1GQ,Q,SA,XDC,Q,1997-Q3,384390174606.67,0,,,,,,,,,L,,,O,OL,true,2010,,F
dataflow,IMF.STA:QNEA(7.0.0),R,DNK,B1GQ,Q,SA,XDC,Q,1997-Q4,385522216146.57,0,,,,,,,,,L,,,O,OL,true,2010,,F
dataflow,IMF.STA:QNEA(7.0.0),R,DNK,B1GQ,Q,SA,XDC,Q,1998-Q1,391411879986.71,0,,,,,,,,,L,,,O,OL,true,2010,,F
dataflow,IMF.STA:QNEA(7.0.0),R,DNK,B1GQ,Q,SA,XDC,Q,1998-Q2,388291697487.29,0,,,,,,,,,L,,,O,OL,true,2010,,F
dataflow,IMF.STA:QNEA(7.0.0),R,DNK,B1GQ,Q,SA,XDC,Q,1998-Q3,394752620615.76,0,,,,,,,,,L,,,O,OL,true,2010,,F
dataflow,IMF.STA:QNEA(7.0.0),R,DNK,B1GQ,Q,SA,XDC,Q,1998-Q4,397348174736.84,0,,,,,,,,,L,,,O,OL,true,2010,,F
dataflow,IMF.STA:QNEA(7.0.0),R,DNK,B1GQ,Q,SA,XDC,Q,1999-Q1,400624305928.83,0,,,,,,,,,L,,,O,OL,true,2010,,F
dataflow,IMF.STA:QNEA(7.0.0),R,DNK,B1GQ,Q,SA,XDC,Q,1999-Q2,402409976430.94,0,,,,,,,,,L,,,O,OL,true,2010,,F
dataflow,IMF.STA:QNEA(7.0.0),R,DNK,B1GQ,Q,SA,XDC,Q,1999-Q3,404115205191.37,0,,,,,,,,,L,,,O,OL,true,2010,,F
dataflow,IMF.STA:QNEA(7.0.0),R,DNK,B1GQ,Q,SA,XDC,Q,1999-Q4,411295106579.87,0,,,,,,,,,L,,,O,OL,true,2010,,F
dataflow,IMF.STA:QNEA(7.0.0),R,DNK,B1GQ,Q,SA,XDC,Q,2000-Q1,414134549046.98,0,,,,,,,,,L,,,O,OL,true,2010,,F
dataflow,IMF.STA:QNEA(7.0.0),R,DNK,B1GQ,Q,SA,XDC,Q,2000-Q2,418776604559.28,0,,,,,,,,,L,,,O,OL,true,2010,,F
dataflow,IMF.STA:QNEA(7.0.0),R,DNK,B1GQ,Q,SA,XDC,Q,2000-Q3,419484291667.33,0,,,,,,,,,L,,,O,OL,true,2010,,F
dataflow,IMF.STA:QNEA(7.0.0),R,DNK,B1GQ,Q,SA,XDC,Q,2000-Q4,426320158695.68,0,,,,,,,,,L,,,O,OL,true,2010,,F
dataflow,IMF.STA:QNEA(7.0.0),R,DNK,B1GQ,Q,SA,XDC,Q,2001-Q1,419672350495.94,0,,,,,,,,,L,,,O,OL,true,2010,,F
dataflow,IMF.STA:QNEA(7.0.0),R,DNK,B1GQ,Q,SA,XDC,Q,2001-Q2,422401253112.98,0,,,,,,,,,L,,,O,OL,true,2010,,F
dataflow,IMF.STA:QNEA(7.0.0),R,DNK,B1GQ,Q,SA,XDC,Q,2001-Q3,425218781566.32,0,,,,,,,,,L,,,O,OL,true,2010,,F
dataflow,IMF.STA:QNEA(7.0.0),R,DNK,B1GQ,Q,SA,XDC,Q,2001-Q4,427371564358.73,0,,,,,,,,,L,,,O,OL,true,2010,,F
dataflow,IMF.STA:QNEA(7.0.0),R,DNK,B1GQ,Q,SA,XDC,Q,2002-Q1,424355590397.87,0,,,,,,,,,L,,,O,OL,true,2010,,F
dataflow,IMF.STA:QNEA(7.0.0),R,DNK,B1GQ,Q,SA,XDC,Q,2002-Q2,425095418059.44,0,,,,,,,,,L,,,O,OL,true,2010,,F
dataflow,IMF.STA:QNEA(7.0.0),R,DNK,B1GQ,Q,SA,XDC,Q,2002-Q3,426946611417.99,0,,,,,,,,,L,,,O,OL,true,2010,,F
dataflow,IMF.STA:QNEA(7.0.0),R,DNK,B1GQ,Q,SA,XDC,Q,2002-Q4,426002975823.97,0,,,,,,,,,L,,,O,OL,true,2010,,F
dataflow,IMF.STA:QNEA(7.0.0),R,DNK,B1GQ,Q,SA,XDC,Q,2003-Q1,427257055025.94,0,,,,,,,,,L,,,O,OL,true,2010,,F
dataflow,IMF.STA:QNEA(7.0.0),R,DNK,B1GQ,Q,SA,XDC,Q,2003-Q2,423979179301.31,0,,,,,,,,,L,,,O,OL,true,2010,,F
dataflow,IMF.STA:QNEA(7.0.0),R,DNK,B1GQ,Q,SA,XDC,Q,2003-Q3,425238909894.38,0,,,,,,,,,L,,,O,OL,true,2010,,F
dataflow,IMF.STA:QNEA(7.0.0),R,DNK,B1GQ,Q,SA,XDC,Q,2003-Q4,433434590011.03,0,,,,,,,,,L,,,O,OL,true,2010,,F
dataflow,IMF.STA:QNEA(7.0.0),R,DNK,B1GQ,Q,SA,XDC,Q,2004-Q1,435295251261.3,0,,,,,,,,,L,,,O,OL,true,2010,,F
dataflow,IMF.STA:QNEA(7.0.0),R,DNK,B1GQ,Q,SA,XDC,Q,2004-Q2,438505021326.56,0,,,,,,,,,L,,,O,OL,true,2010,,F
dataflow,IMF.STA:QNEA(7.0.0),R,DNK,B1GQ,Q,SA,XDC,Q,2004-Q3,439372289333.58,0,,,,,,,,,L,,,O,OL,true,2010,,F
dataflow,IMF.STA:QNEA(7.0.0),R,DNK,B1GQ,Q,SA,XDC,Q,2004-Q4,444210265701.56,0,,,,,,,,,L,,,O,OL,true,2010,,F
dataflow,IMF.STA:QNEA(7.0.0),R,DNK,B1GQ,Q,SA,XDC,Q,2005-Q1,442341729004.73,0,,,,,,,,,L,,,O,OL,true,2010,,F
dataflow,IMF.STA:QNEA(7.0.0),R,DNK,B1GQ,Q,SA,XDC,Q,2005-Q2,451762842202.88,0,,,,,,,,,L,,,O,OL,true,2010,,F
dataflow,IMF.STA:QNEA(7.0.0),R,DNK,B1GQ,Q,SA,XDC,Q,2005-Q3,451138375563.87,0,,,,,,,,,L,,,O,OL,true,2010,,F
dataflow,IMF.STA:QNEA(7.0.0),R,DNK,B1GQ,Q,SA,XDC,Q,2005-Q4,453607251566.06,0,,,,,,,,,L,,,O,OL,true,2010,,F
dataflow,IMF.STA:QNEA(7.0.0),R,DNK,B1GQ,Q,SA,XDC,Q,2006-Q1,458356661143.46,0,,,,,,,,,L,,,O,OL,true,2010,,F
dataflow,IMF.STA:QNEA(7.0.0),R,DNK,B1GQ,Q,SA,XDC,Q,2006-Q2,472117204436.05,0,,,,,,,,,L,,,O,OL,true,2010,,F
dataflow,IMF.STA:QNEA(7.0.0),R,DNK,B1GQ,Q,SA,XDC,Q,2006-Q3,468816824240.45,0,,,,,,,,,L,,,O,OL,true,2010,,F
dataflow,IMF.STA:QNEA(7.0.0),R,DNK,B1GQ,Q,SA,XDC,Q,2006-Q4,468212421515.99,0,,,,,,,,,L,,,O,OL,true,2010,,F
dataflow,IMF.STA:QNEA(7.0.0),R,DNK,B1GQ,Q,SA,XDC,Q,2007-Q1,469997283270.66,0,,,,,,,,,L,,,O,OL,true,2010,,F
dataflow,IMF.STA:QNEA(7.0.0),R,DNK,B1GQ,Q,SA,XDC,Q,2007-Q2,464930676507.44,0,,,,,,,,,L,,,O,OL,true,2010,,F
dataflow,IMF.STA:QNEA(7.0.0),R,DNK,B1GQ,Q,SA,XDC,Q,2007-Q3,472887484480.35,0,,,,,,,,,L,,,O,OL,true,2010,,F
dataflow,IMF.STA:QNEA(7.0.0),R,DNK,B1GQ,Q,SA,XDC,Q,2007-Q4,478123183871.24,0,,,,,,,,,L,,,O,OL,true,2010,,F
dataflow,IMF.STA:QNEA(7.0.0),R,DNK,B1GQ,Q,SA,XDC,Q,2008-Q1,476328531262.65,0,,,,,,,,,L,,,O,OL,true,2010,,F
dataflow,IMF.STA:QNEA(7.0.0),R,DNK,B1GQ,Q,SA,XDC,Q,2008-Q2,471850044024.68,0,,,,,,,,,L,,,O,OL,true,2010,,F
dataflow,IMF.STA:QNEA(7.0.0),R,DNK,B1GQ,Q,SA,XDC,Q,2008-Q3,469354660072.78,0,,,,,,,,,L,,,O,OL,true,2010,,F
dataflow,IMF.STA:QNEA(7.0.0),R,DNK,B1GQ,Q,SA,XDC,Q,2008-Q4,460537673157.78,0,,,,,,,,,L,,,O,OL,true,2010,,F
dataflow,IMF.STA:QNEA(7.0.0),R,DNK,B1GQ,Q,SA,XDC,Q,2009-Q1,451510204354.71,0,,,,,,,,,L,,,O,OL,true,2010,,F
dataflow,IMF.STA:QNEA(7.0.0),R,DNK,B1GQ,Q,SA,XDC,Q,2009-Q2,443277328118.42,0,,,,,,,,,L,,,O,OL,true,2010,,F
dataflow,IMF.STA:QNEA(7.0.0),R,DNK,B1GQ,Q,SA,XDC,Q,2009-Q3,444512335552.86,0,,,,,,,,,L,,,O,OL,true,2010,,F
dataflow,IMF.STA:QNEA(7.0.0),R,DNK,B1GQ,Q,SA,XDC,Q,2009-Q4,445346817081.96,0,,,,,,,,,L,,,O,OL,true,2010,,F
dataflow,IMF.STA:QNEA(7.0.0),R,DNK,B1GQ,Q,SA,XDC,Q,2010-Q1,449272003876.78,0,,,,,,,,,L,,,O,OL,true,2010,,F
dataflow,IMF.STA:QNEA(7.0.0),R,DNK,B1GQ,Q,SA,XDC,Q,2010-Q2,451259986486.42,0,,,,,,,,,L,,,O,OL,true,2010,,F
dataflow,IMF.STA:QNEA(7.0.0),R,DNK,B1GQ,Q,SA,XDC,Q,2010-Q3,457466169381.25,0,,,,,,,,,L,,,O,OL,true,2010,,F
dataflow,IMF.STA:QNEA(7.0.0),R,DNK,B1GQ,Q,SA,XDC,Q,2010-Q4,454897632255.55,0,,,,,,,,,L,,,O,OL,true,2010,,F
dataflow,IMF.STA:QNEA(7.0.0),R,DNK,B1GQ,Q,SA,XDC,Q,2011-Q1,458009271018.24,0,,,,,,,,,L,,,O,OL,true,2010,,F
dataflow,IMF.STA:QNEA(7.0.0),R,DNK,B1GQ,Q,SA,XDC,Q,2011-Q2,462355804491.71,0,,,,,,,,,L,,,O,OL,true,2010,,F
dataflow,IMF.STA:QNEA(7.0.0),R,DNK,B1GQ,Q,SA,XDC,Q,2011-Q3,456393761334.55,0,,,,,,,,,L,,,O,OL,true,2010,,F
dataflow,IMF.STA:QNEA(7.0.0),R,DNK,B1GQ,Q,SA,XDC,Q,2011-Q4,459900454432.53,0,,,,,,,,,L,,,O,OL,true,2010,,F
dataflow,IMF.STA:QNEA(7.0.0),R,DNK,B1GQ,Q,SA,XDC,Q,2012-Q1,458795671438.7,0,,,,,,,,,L,,,O,OL,true,2010,,F
dataflow,IMF.STA:QNEA(7.0.0),R,DNK,B1GQ,Q,SA,XDC,Q,2012-Q2,458687550673.87,0,,,,,,,,,L,,,O,OL,true,2010,,F
dataflow,IMF.STA:QNEA(7.0.0),R,DNK,B1GQ,Q,SA,XDC,Q,2012-Q3,459514742740.46,0,,,,,,,,,L,,,O,OL,true,2010,,F
dataflow,IMF.STA:QNEA(7.0.0),R,DNK,B1GQ,Q,SA,XDC,Q,2012-Q4,459561556155.39,0,,,,,,,,,L,,,O,OL,true,2010,,F
dataflow,IMF.STA:QNEA(7.0.0),R,DNK,B1GQ,Q,SA,XDC,Q,2013-Q1,462913291813.18,0,,,,,,,,,L,,,O,OL,true,2010,,F
dataflow,IMF.STA:QNEA(7.0.0),R,DNK,B1GQ,Q,SA,XDC,Q,2013-Q2,463763040239.41,0,,,,,,,,,L,,,O,OL,true,2010,,F
dataflow,IMF.STA:QNEA(7.0.0),R,DNK,B1GQ,Q,SA,XDC,Q,2013-Q3,467677070077.06,0,,,,,,,,,L,,,O,OL,true,2010,,F
dataflow,IMF.STA:QNEA(7.0.0),R,DNK,B1GQ,Q,SA,XDC,Q,2013-Q4,467783408734.7,0,,,,,,,,,L,,,O,OL,true,2010,,F
dataflow,IMF.STA:QNEA(7.0.0),R,DNK,B1GQ,Q,SA,XDC,Q,2014-Q1,467835029902.63,0,,,,,,,,,L,,,O,OL,true,2010,,F
dataflow,IMF.STA:QNEA(7.0.0),R,DNK,B1GQ,Q,SA,XDC,Q,2014-Q2,468240705310.45,0,,,,,,,,,L,,,O,OL,true,2010,,F
dataflow,IMF.STA:QNEA(7.0.0),R,DNK,B1GQ,Q,SA,XDC,Q,2014-Q3,475092725816.36,0,,,,,,,,,L,,,O,OL,true,2010,,F
dataflow,IMF.STA:QNEA(7.0.0),R,DNK,B1GQ,Q,SA,XDC,Q,2014-Q4,474766440062.84,0,,,,,,,,,L,,,O,OL,true,2010,,F
dataflow,IMF.STA:QNEA(7.0.0),R,DNK,B1GQ,Q,SA,XDC,Q,2015-Q1,478344539118.08,0,,,,,,,,,L,,,O,OL,true,2010,,F
dataflow,IMF.STA:QNEA(7.0.0),R,DNK,B1GQ,Q,SA,XDC,Q,2015-Q2,481478646566.45,0,,,,,,,,,L,,,O,OL,true,2010,,F
dataflow,IMF.STA:QNEA(7.0.0),R,DNK,B1GQ,Q,SA,XDC,Q,2015-Q3,482249481282.66,0,,,,,,,,,L,,,O,OL,true,2010,,F
dataflow,IMF.STA:QNEA(7.0.0),R,DNK,B1GQ,Q,SA,XDC,Q,2015-Q4,483550112666.97,0,,,,,,,,,L,,,O,OL,true,2010,,F
dataflow,IMF.STA:QNEA(7.0.0),R,DNK,B1GQ,Q,SA,XDC,Q,2016-Q1,489515865863.53,0,,,,,,,,,L,,,O,OL,true,2010,,F
dataflow,IMF.STA:QNEA(7.0.0),R,DNK,B1GQ,Q,SA,XDC,Q,2016-Q2,494856582540.42,0,,,,,,,,,L,,,O,OL,true,2010,,F
dataflow,IMF.STA:QNEA(7.0.0),R,DNK,B1GQ,Q,SA,XDC,Q,2016-Q3,498893102724,0,,,,,,,,,L,,,O,OL,true,2010,,F
dataflow,IMF.STA:QNEA(7.0.0),R,DNK,B1GQ,Q,SA,XDC,Q,2016-Q4,501532620856.7,0,,,,,,,,,L,,,O,OL,true,2010,,F
dataflow,IMF.STA:QNEA(7.0.0),R,DNK,B1GQ,Q,SA,XDC,Q,2017-Q1,506384187581.21,0,,,,,,,,,L,,,O,OL,true,2010,,F
dataflow,IMF.STA:QNEA(7.0.0),R,DNK,B1GQ,Q,SA,XDC,Q,2017-Q2,512493076549.12,0,,,,,,,,,L,,,O,OL,true,2010,,F
dataflow,IMF.STA:QNEA(7.0.0),R,DNK,B1GQ,Q,SA,XDC,Q,2017-Q3,511348005587.03,0,,,,,,,,,L,,,O,OL,true,2010,,F
dataflow,IMF.STA:QNEA(7.0.0),R,DNK,B1GQ,Q,SA,XDC,Q,2017-Q4,515237856202.38,0,,,,,,,,,L,,,O,OL,true,2010,,F
dataflow,IMF.STA:QNEA(7.0.0),R,DNK,B1GQ,Q,SA,XDC,Q,2018-Q1,519424977862.35,0,,,,,,,,,L,,,O,OL,true,2010,,F
dataflow,IMF.STA:QNEA(7.0.0),R,DNK,B1GQ,Q,SA,XDC,Q,2018-Q2,519243407800.51,0,,,,,,,,,L,,,O,OL,true,2010,,F
dataflow,IMF.STA:QNEA(7.0.0),R,DNK,B1GQ,Q,SA,XDC,Q,2018-Q3,522032750868.92,0,,,,,,,,,L,,,O,OL,true,2010,,F
dataflow,IMF.STA:QNEA(7.0.0),R,DNK,B1GQ,Q,SA,XDC,Q,2018-Q4,522807997910.74,0,,,,,,,,,L,,,O,OL,true,2010,,F
dataflow,IMF.STA:QNEA(7.0.0),R,DNK,B1GQ,Q,SA,XDC,Q,2019-Q1,524885528722.41,0,,,,,,,,,L,,,O,OL,true,2010,,F
dataflow,IMF.STA:QNEA(7.0.0),R,DNK,B1GQ,Q,SA,XDC,Q,2019-Q2,529656365633.7,0,,,,,,,,,L,,,O,OL,true,2010,,F
dataflow,IMF.STA:QNEA(7.0.0),R,DNK,B1GQ,Q,SA,XDC,Q,2019-Q3,531375054134.38,0,,,,,,,,,L,,,O,OL,true,2010,,F
dataflow,IMF.STA:QNEA(7.0.0),R,DNK,B1GQ,Q,SA,XDC,Q,2019-Q4,533249308425.08,0,,,,,,,,,L,,,O,OL,true,2010,,F
dataflow,IMF.STA:QNEA(7.0.0),R,DNK,B1GQ,Q,SA,XDC,Q,2020-Q1,528818395039.34,0,,,,,,,,,L,,,O,OL,true,2010,,F
dataflow,IMF.STA:QNEA(7.0.0),R,DNK,B1GQ,Q,SA,XDC,Q,2020-Q2,497466396202.85,0,,,,,,,,,L,,,O,OL,true,2010,,F
dataflow,IMF.STA:QNEA(7.0.0),R,DNK,B1GQ,Q,SA,XDC,Q,2020-Q3,527479096760.18,0,,,,,,,,,L,,,O,OL,true,2010,,F
dataflow,IMF.STA:QNEA(7.0.0),R,DNK,B1GQ,Q,SA,XDC,Q,2020-Q4,527678970100.56,0,,,,,,,,,L,,,O,OL,true,2010,,F
dataflow,IMF.STA:QNEA(7.0.0),R,DNK,B1GQ,Q,SA,XDC,Q,2021-Q1,530453783448.72,0,,,,,,,,,L,,,O,OL,true,2010,,F
dataflow,IMF.STA:QNEA(7.0.0),R,DNK,B1GQ,Q,SA,XDC,Q,2021-Q2,548768006914.3,0,,,,,,,,,L,,,O,OL,true,2010,,F
dataflow,IMF.STA:QNEA(7.0.0),R,DNK,B1GQ,Q,SA,XDC,Q,2021-Q3,559600786078.39,0,,,,,,,,,L,,,O,OL,true,2010,,F
dataflow,IMF.STA:QNEA(7.0.0),R,DNK,B1GQ,Q,SA,XDC,Q,2021-Q4,577920773658.72,0,,,,,,,,,L,,,O,OL,true,2010,,F
dataflow,IMF.STA:QNEA(7.0.0),R,DNK,B1GQ,Q,SA,XDC,Q,2022-Q1,547358274248.36,0,,,,,,,,,L,,,O,OL,true,2010,,F
dataflow,IMF.STA:QNEA(7.0.0),R,DNK,B1GQ,Q,SA,XDC,Q,2022-Q2,557260852508.97,0,,,,,,,,,L,,,O,OL,true,2010,,F
dataflow,IMF.STA:QNEA(7.0.0),R,DNK,B1GQ,Q,SA,XDC,Q,2022-Q3,564761460725.1,0,,,,,,,,,L,,,O,OL,true,2010,,F
dataflow,IMF.STA:QNEA(7.0.0),R,DNK,B1GQ,Q,SA,XDC,Q,2022-Q4,557201468618.14,0,,,,,,,,,L,,,O,OL,true,2010,,F
dataflow,IMF.STA:QNEA(7.0.0),R,DNK,B1GQ,Q,SA,XDC,Q,2023-Q1,566745991844.03,0,,,,,,,,,L,,,O,OL,true,2010,,F
dataflow,IMF.STA:QNEA(7.0.0),R,DNK,B1GQ,Q,SA,XDC,Q,2023-Q2,558401297328.37,0,,,,,,,,,L,,,O,OL,true,2010,,F
dataflow,IMF.STA:QNEA(7.0.0),R,DNK,B1GQ,Q,SA,XDC,Q,2023-Q3,557735059421.06,0,,,,,,,,,L,,,O,OL,true,2010,,F
dataflow,IMF.STA:QNEA(7.0.0),R,DNK,B1GQ,Q,SA,XDC,Q,2023-Q4,568789611625.2,0,,,,,,,,,L,,,O,OL,true,2010,,F
dataflow,IMF.STA:QNEA(7.0.0),R,DNK,B1GQ,Q,SA,XDC,Q,2024-Q1,571829071468.46,0,,,,,,,,,L,,,O,OL,true,2010,,F
dataflow,IMF.STA:QNEA(7.0.0),R,DNK,B1GQ,Q,SA,XDC,Q,2024-Q2,582623661471.27,0,,,,,,,,,L,,,O,OL,true,2010,,F
dataflow,IMF.STA:QNEA(7.0.0),R,DNK,B1GQ,Q,SA,XDC,Q,2024-Q3,587077570481.01,0,,,,,,,,,L,,,O,OL,true,2010,,F
dataflow,IMF.STA:QNEA(7.0.0),R,DNK,B1GQ,Q,SA,XDC,Q,2024-Q4,597080406584.75,0,,,,,,,,,L,,,O,OL,true,2010,,F
dataflow,IMF.STA:QNEA(7.0.0),R,DNK,B1GQ,Q,SA,XDC,Q,2025-Q1,589583923517.33,0,,,,,,,,,L,,,O,OL,true,2010,,F
dataflow,IMF.STA:QNEA(7.0.0),R,DNK,B1GQ,Q,SA,XDC,Q,2025-Q2,599857452040.04,0,,,,,,,,,L,,,O,OL,true,2010,,F
dataflow,IMF.STA:QNEA(7.0.0),R,DNK,B1GQ,Q,SA,XDC,Q,2025-Q3,613878290337.11,0,,,,,,,,,L,,,O,OL,true,2010,,F
dataflow,IMF.STA:QNEA(7.0.0),R,DNK,B1GQ,Q,SA,XDC,Q,2025-Q4,616076511494.88,0,,,,,,,,,L,,,O,OL,true,2010,,F
dataflow,IMF.STA:QNEA(7.0.0),R,DNK,B1GQ,Q,SA,XDC,Q,2026-Q1,625553829061.31,0,,,,,,,,,L,,,O,OL,true,2010,,F
dataflow,IMF.STA:QNEA(7.0.0),R,DNK,B1GQ,Q,SA,XDC,Q,2026-Q2,627276484360.8,0,,,,,,,,,L,,,O,OL,true,2010,,F
dataflow,IMF.STA:QNEA(7.0.0),R,DOM,B1GQ,Q,SA,XDC,Q,1991-Q1,262083625922.004,0,,,,,,,,,FB,,,O,OL,true,2018,,F
dataflow,IMF.STA:QNEA(7.0.0),R,DOM,B1GQ,Q,SA,XDC,Q,1991-Q2,250576212482.828,0,,,,,,,,,FB,,,O,OL,true,2018,,F
dataflow,IMF.STA:QNEA(7.0.0),R,DOM,B1GQ,Q,SA,XDC,Q,1991-Q3,232663072236.627,0,,,,,,,,,FB,,,O,OL,true,2018,,F
dataflow,IMF.STA:QNEA(7.0.0),R,DOM,B1GQ,Q,SA,XDC,Q,1991-Q4,253803522165.851,0,,,,,,,,,FB,,,O,OL,true,2018,,F
dataflow,IMF.STA:QNEA(7.0.0),R,DOM,B1GQ,Q,SA,XDC,Q,1992-Q1,281007671585.541,0,,,,,,,,,FB,,,O,OL,true,2018,,F
dataflow,IMF.STA:QNEA(7.0.0),R,DOM,B1GQ,Q,SA,XDC,Q,1992-Q2,285662450831.944,0,,,,,,,,,FB,,,O,OL,true,2018,,F
dataflow,IMF.STA:QNEA(7.0.0),R,DOM,B1GQ,Q,SA,XDC,Q,1992-Q3,260179762352.534,0,,,,,,,,,FB,,,O,OL,true,2018,,F
dataflow,IMF.STA:QNEA(7.0.0),R,DOM,B1GQ,Q,SA,XDC,Q,1992-Q4,284553022538.883,0,,,,,,,,,FB,,,O,OL,true,2018,,F
dataflow,IMF.STA:QNEA(7.0.0),R,DOM,B1GQ,Q,SA,XDC,Q,1993-Q1,298237036946.47,0,,,,,,,,,FB,,,O,OL,true,2018,,F
dataflow,IMF.STA:QNEA(7.0.0),R,DOM,B1GQ,Q,SA,XDC,Q,1993-Q2,309473027815.351,0,,,,,,,,,FB,,,O,OL,true,2018,,F
dataflow,IMF.STA:QNEA(7.0.0),R,DOM,B1GQ,Q,SA,XDC,Q,1993-Q3,287430368852.565,0,,,,,,,,,FB,,,O,OL,true,2018,,F
dataflow,IMF.STA:QNEA(7.0.0),R,DOM,B1GQ,Q,SA,XDC,Q,1993-Q4,298136139042.716,0,,,,,,,,,FB,,,O,OL,true,2018,,F
dataflow,IMF.STA:QNEA(7.0.0),R,DOM,B1GQ,Q,SA,XDC,Q,1994-Q1,312167190277.812,0,,,,,,,,,FB,,,O,OL,true,2018,,F
dataflow,IMF.STA:QNEA(7.0.0),R,DOM,B1GQ,Q,SA,XDC,Q,1994-Q2,311767576190.585,0,,,,,,,,,FB,,,O,OL,true,2018,,F
dataflow,IMF.STA:QNEA(7.0.0),R,DOM,B1GQ,Q,SA,XDC,Q,1994-Q3,290720681665.478,0,,,,,,,,,FB,,,O,OL,true,2018,,F
dataflow,IMF.STA:QNEA(7.0.0),R,DOM,B1GQ,Q,SA,XDC,Q,1994-Q4,309572130209.198,0,,,,,,,,,FB,,,O,OL,true,2018,,F
dataflow,IMF.STA:QNEA(7.0.0),R,DOM,B1GQ,Q,SA,XDC,Q,1995-Q1,319764081491.989,0,,,,,,,,,FB,,,O,OL,true,2018,,F
dataflow,IMF.STA:QNEA(7.0.0),R,DOM,B1GQ,Q,SA,XDC,Q,1995-Q2,326915910022.317,0,,,,,,,,,FB,,,O,OL,true,2018,,F
dataflow,IMF.STA:QNEA(7.0.0),R,DOM,B1GQ,Q,SA,XDC,Q,1995-Q3,313264256725.689,0,,,,,,,,,FB,,,O,OL,true,2018,,F
dataflow,IMF.STA:QNEA(7.0.0),R,DOM,B1GQ,Q,SA,XDC,Q,1995-Q4,334064162386.243,0,,,,,,,,,FB,,,O,OL,true,2018,,F
dataflow,IMF.STA:QNEA(7.0.0),R,DOM,B1GQ,Q,SA,XDC,Q,1996-Q1,352345798339.779,0,,,,,,,,,FB,,,O,OL,true,2018,,F
dataflow,IMF.STA:QNEA(7.0.0),R,DOM,B1GQ,Q,SA,XDC,Q,1996-Q2,340775932871.685,0,,,,,,,,,FB,,,O,OL,true,2018,,F
dataflow,IMF.STA:QNEA(7.0.0),R,DOM,B1GQ,Q,SA,XDC,Q,1996-Q3,327653520598.637,0,,,,,,,,,FB,,,O,OL,true,2018,,F
dataflow,IMF.STA:QNEA(7.0.0),R,DOM,B1GQ,Q,SA,XDC,Q,1996-Q4,350371500099.904,0,,,,,,,,,FB,,,O,OL,true,2018,,F
dataflow,IMF.STA:QNEA(7.0.0),R,DOM,B1GQ,Q,SA,XDC,Q,1997-Q1,370917077251.76,0,,,,,,,,,FB,,,O,OL,true,2018,,F
dataflow,IMF.STA:QNEA(7.0.0),R,DOM,B1GQ,Q,SA,XDC,Q,1997-Q2,382774756010.888,0,,,,,,,,,FB,,,O,OL,true,2018,,F
dataflow,IMF.STA:QNEA(7.0.0),R,DOM,B1GQ,Q,SA,XDC,Q,1997-Q3,356431226508.857,0,,,,,,,,,FB,,,O,OL,true,2018,,F
dataflow,IMF.STA:QNEA(7.0.0),R,DOM,B1GQ,Q,SA,XDC,Q,1997-Q4,383049614379.976,0,,,,,,,,,FB,,,O,OL,true,2018,,F
dataflow,IMF.STA:QNEA(7.0.0),R,DOM,B1GQ,Q,SA,XDC,Q,1998-Q1,403660530535.1,0,,,,,,,,,FB,,,O,OL,true,2018,,F
dataflow,IMF.STA:QNEA(7.0.0),R,DOM,B1GQ,Q,SA,XDC,Q,1998-Q2,407091656629.284,0,,,,,,,,,FB,,,O,OL,true,2018,,F
dataflow,IMF.STA:QNEA(7.0.0),R,DOM,B1GQ,Q,SA,XDC,Q,1998-Q3,376800366653.324,0,,,,,,,,,FB,,,O,OL,true,2018,,F
dataflow,IMF.STA:QNEA(7.0.0),R,DOM,B1GQ,Q,SA,XDC,Q,1998-Q4,405750125359.509,0,,,,,,,,,FB,,,O,OL,true,2018,,F
dataflow,IMF.STA:QNEA(7.0.0),R,DOM,B1GQ,Q,SA,XDC,Q,1999-Q1,412992409065.161,0,,,,,,,,,FB,,,O,OL,true,2018,,F
dataflow,IMF.STA:QNEA(7.0.0),R,DOM,B1GQ,Q,SA,XDC,Q,1999-Q2,420180977841.822,0,,,,,,,,,FB,,,O,OL,true,2018,,F
dataflow,IMF.STA:QNEA(7.0.0),R,DOM,B1GQ,Q,SA,XDC,Q,1999-Q3,414028589717.941,0,,,,,,,,,FB,,,O,OL,true,2018,,F
dataflow,IMF.STA:QNEA(7.0.0),R,DOM,B1GQ,Q,SA,XDC,Q,1999-Q4,441005939947.103,0,,,,,,,,,FB,,,O,OL,true,2018,,F
dataflow,IMF.STA:QNEA(7.0.0),R,DOM,B1GQ,Q,SA,XDC,Q,2000-Q1,440375341265.455,0,,,,,,,,,FB,,,O,OL,true,2018,,F
dataflow,IMF.STA:QNEA(7.0.0),R,DOM,B1GQ,Q,SA,XDC,Q,2000-Q2,445023613509.909,0,,,,,,,,,FB,,,O,OL,true,2018,,F
dataflow,IMF.STA:QNEA(7.0.0),R,DOM,B1GQ,Q,SA,XDC,Q,2000-Q3,432380139260.255,0,,,,,,,,,FB,,,O,OL,true,2018,,F
dataflow,IMF.STA:QNEA(7.0.0),R,DOM,B1GQ,Q,SA,XDC,Q,2000-Q4,448959620742.711,0,,,,,,,,,FB,,,O,OL,true,2018,,F
dataflow,IMF.STA:QNEA(7.0.0),R,DOM,B1GQ,Q,SA,XDC,Q,2001-Q1,441362578282.924,0,,,,,,,,,FB,,,O,OL,true,2018,,F
dataflow,IMF.STA:QNEA(7.0.0),R,DOM,B1GQ,Q,SA,XDC,Q,2001-Q2,451971062774.287,0,,,,,,,,,FB,,,O,OL,true,2018,,F
dataflow,IMF.STA:QNEA(7.0.0),R,DOM,B1GQ,Q,SA,XDC,Q,2001-Q3,450042328285.427,0,,,,,,,,,FB,,,O,OL,true,2018,,F
dataflow,IMF.STA:QNEA(7.0.0),R,DOM,B1GQ,Q,SA,XDC,Q,2001-Q4,466990065489.188,0,,,,,,,,,FB,,,O,OL,true,2018,,F
dataflow,IMF.STA:QNEA(7.0.0),R,DOM,B1GQ,Q,SA,XDC,Q,2002-Q1,467950419240.924,0,,,,,,,,,FB,,,O,OL,true,2018,,F
dataflow,IMF.STA:QNEA(7.0.0),R,DOM,B1GQ,Q,SA,XDC,Q,2002-Q2,482882999660.73,0,,,,,,,,,FB,,,O,OL,true,2018,,F
dataflow,IMF.STA:QNEA(7.0.0),R,DOM,B1GQ,Q,SA,XDC,Q,2002-Q3,467127650591.711,0,,,,,,,,,FB,,,O,OL,true,2018,,F
dataflow,IMF.STA:QNEA(7.0.0),R,DOM,B1GQ,Q,SA,XDC,Q,2002-Q4,473627103953.676,0,,,,,,,,,FB,,,O,OL,true,2018,,F
dataflow,IMF.STA:QNEA(7.0.0),R,DOM,B1GQ,Q,SA,XDC,Q,2003-Q1,467812582341.17,0,,,,,,,,,FB,,,O,OL,true,2018,,F
dataflow,IMF.STA:QNEA(7.0.0),R,DOM,B1GQ,Q,SA,XDC,Q,2003-Q2,466648525697.777,0,,,,,,,,,FB,,,O,OL,true,2018,,F
dataflow,IMF.STA:QNEA(7.0.0),R,DOM,B1GQ,Q,SA,XDC,Q,2003-Q3,458313626458.279,0,,,,,,,,,FB,,,O,OL,true,2018,,F
dataflow,IMF.STA:QNEA(7.0.0),R,DOM,B1GQ,Q,SA,XDC,Q,2003-Q4,473289152997.287,0,,,,,,,,,FB,,,O,OL,true,2018,,F
dataflow,IMF.STA:QNEA(7.0.0),R,DOM,B1GQ,Q,SA,XDC,Q,2004-Q1,463644729444.836,0,,,,,,,,,FB,,,O,OL,true,2018,,F
dataflow,IMF.STA:QNEA(7.0.0),R,DOM,B1GQ,Q,SA,XDC,Q,2004-Q2,479112786406.353,0,,,,,,,,,FB,,,O,OL,true,2018,,F
dataflow,IMF.STA:QNEA(7.0.0),R,DOM,B1GQ,Q,SA,XDC,Q,2004-Q3,474009887131.021,0,,,,,,,,,FB,,,O,OL,true,2018,,F
dataflow,IMF.STA:QNEA(7.0.0),R,DOM,B1GQ,Q,SA,XDC,Q,2004-Q4,497544810539.366,0,,,,,,,,,FB,,,O,OL,true,2018,,F
dataflow,IMF.STA:QNEA(7.0.0),R,DOM,B1GQ,Q,SA,XDC,Q,2005-Q1,502725749732.977,0,,,,,,,,,FB,,,O,OL,true,2018,,F
dataflow,IMF.STA:QNEA(7.0.0),R,DOM,B1GQ,Q,SA,XDC,Q,2005-Q2,520758194522.455,0,,,,,,,,,FB,,,O,OL,true,2018,,F
dataflow,IMF.STA:QNEA(7.0.0),R,DOM,B1GQ,Q,SA,XDC,Q,2005-Q3,527409059817.954,0,,,,,,,,,FB,,,O,OL,true,2018,,F
dataflow,IMF.STA:QNEA(7.0.0),R,DOM,B1GQ,Q,SA,XDC,Q,2005-Q4,543973104366.403,0,,,,,,,,,FB,,,O,OL,true,2018,,F
dataflow,IMF.STA:QNEA(7.0.0),R,DOM,B1GQ,Q,SA,XDC,Q,2006-Q1,552970593707.03,0,,,,,,,,,FB,,,O,OL,true,2018,,F
dataflow,IMF.STA:QNEA(7.0.0),R,DOM,B1GQ,Q,SA,XDC,Q,2006-Q2,574184301008.026,0,,,,,,,,,FB,,,O,OL,true,2018,,F
dataflow,IMF.STA:QNEA(7.0.0),R,DOM,B1GQ,Q,SA,XDC,Q,2006-Q3,566929594043.363,0,,,,,,,,,FB,,,O,OL,true,2018,,F
dataflow,IMF.STA:QNEA(7.0.0),R,DOM,B1GQ,Q,SA,XDC,Q,2006-Q4,592906116569.925,0,,,,,,,,,FB,,,O,OL,true,2018,,F
dataflow,IMF.STA:QNEA(7.0.0),R,DOM,B1GQ,Q,SA,XDC,Q,2007-Q1,591026204864.681,0,,,,,,,,,FB,,,O,OL,true,2018,,F
dataflow,IMF.STA:QNEA(7.0.0),R,DOM,B1GQ,Q,SA,XDC,Q,2007-Q2,609909201239.414,0,,,,,,,,,FB,,,O,OL,true,2018,,F
dataflow,IMF.STA:QNEA(7.0.0),R,DOM,B1GQ,Q,SA,XDC,Q,2007-Q3,615822338099.965,0,,,,,,,,,FB,,,O,OL,true,2018,,F
dataflow,IMF.STA:QNEA(7.0.0),R,DOM,B1GQ,Q,SA,XDC,Q,2007-Q4,639891104268.325,0,,,,,,,,,FB,,,O,OL,true,2018,,F
dataflow,IMF.STA:QNEA(7.0.0),R,DOM,B1GQ,Q,SA,XDC,Q,2008-Q1,641690953539.907,0,,,,,,,,,FB,,,O,OL,true,2018,,F
dataflow,IMF.STA:QNEA(7.0.0),R,DOM,B1GQ,Q,SA,XDC,Q,2008-Q2,659106173801.089,0,,,,,,,,,FB,,,O,OL,true,2018,,F
dataflow,IMF.STA:QNEA(7.0.0),R,DOM,B1GQ,Q,SA,XDC,Q,2008-Q3,610948044040.683,0,,,,,,,,,FB,,,O,OL,true,2018,,F
dataflow,IMF.STA:QNEA(7.0.0),R,DOM,B1GQ,Q,SA,XDC,Q,2008-Q4,625189091740.969,0,,,,,,,,,FB,,,O,OL,true,2018,,F
dataflow,IMF.STA:QNEA(7.0.0),R,DOM,B1GQ,Q,SA,XDC,Q,2009-Q1,623313879879.796,0,,,,,,,,,FB,,,O,OL,true,2018,,F
dataflow,IMF.STA:QNEA(7.0.0),R,DOM,B1GQ,Q,SA,XDC,Q,2009-Q2,644848729921.611,0,,,,,,,,,FB,,,O,OL,true,2018,,F
dataflow,IMF.STA:QNEA(7.0.0),R,DOM,B1GQ,Q,SA,XDC,Q,2009-Q3,627536700293.914,0,,,,,,,,,FB,,,O,OL,true,2018,,F
dataflow,IMF.STA:QNEA(7.0.0),R,DOM,B1GQ,Q,SA,XDC,Q,2009-Q4,666691894174.094,0,,,,,,,,,FB,,,O,OL,true,2018,,F
dataflow,IMF.STA:QNEA(7.0.0),R,DOM,B1GQ,Q,SA,XDC,Q,2010-Q1,677570688793.648,0,,,,,,,,,FB,,,O,OL,true,2018,,F
dataflow,IMF.STA:QNEA(7.0.0),R,DOM,B1GQ,Q,SA,XDC,Q,2010-Q2,700544226408.449,0,,,,,,,,,FB,,,O,OL,true,2018,,F
dataflow,IMF.STA:QNEA(7.0.0),R,DOM,B1GQ,Q,SA,XDC,Q,2010-Q3,679183820790.021,0,,,,,,,,,FB,,,O,OL,true,2018,,F
dataflow,IMF.STA:QNEA(7.0.0),R,DOM,B1GQ,Q,SA,XDC,Q,2010-Q4,720362679451.521,0,,,,,,,,,FB,,,O,OL,true,2018,,F
dataflow,IMF.STA:QNEA(7.0.0),R,DOM,B1GQ,Q,SA,XDC,Q,2011-Q1,711690412272.506,0,,,,,,,,,FB,,,O,OL,true,2018,,F
dataflow,IMF.STA:QNEA(7.0.0),R,DOM,B1GQ,Q,SA,XDC,Q,2011-Q2,725074718647.715,0,,,,,,,,,FB,,,O,OL,true,2018,,F
dataflow,IMF.STA:QNEA(7.0.0),R,DOM,B1GQ,Q,SA,XDC,Q,2011-Q3,697628120262.776,0,,,,,,,,,FB,,,O,OL,true,2018,,F
dataflow,IMF.STA:QNEA(7.0.0),R,DOM,B1GQ,Q,SA,XDC,Q,2011-Q4,731930068684.778,0,,,,,,,,,FB,,,O,OL,true,2018,,F
dataflow,IMF.STA:QNEA(7.0.0),R,DOM,B1GQ,Q,SA,XDC,Q,2012-Q1,732912322494.961,0,,,,,,,,,FB,,,O,OL,true,2018,,F
dataflow,IMF.STA:QNEA(7.0.0),R,DOM,B1GQ,Q,SA,XDC,Q,2012-Q2,742028113575.16,0,,,,,,,,,FB,,,O,OL,true,2018,,F
dataflow,IMF.STA:QNEA(7.0.0),R,DOM,B1GQ,Q,SA,XDC,Q,2012-Q3,718926944602.214,0,,,,,,,,,FB,,,O,OL,true,2018,,F
dataflow,IMF.STA:QNEA(7.0.0),R,DOM,B1GQ,Q,SA,XDC,Q,2012-Q4,752015644666.61,0,,,,,,,,,FB,,,O,OL,true,2018,,F
dataflow,IMF.STA:QNEA(7.0.0),R,DOM,B1GQ,Q,SA,XDC,Q,2013-Q1,746518128528.328,0,,,,,,,,,FB,,,O,OL,true,2018,,F
dataflow,IMF.STA:QNEA(7.0.0),R,DOM,B1GQ,Q,SA,XDC,Q,2013-Q2,772898441021.811,0,,,,,,,,,FB,,,O,OL,true,2018,,F
dataflow,IMF.STA:QNEA(7.0.0),R,DOM,B1GQ,Q,SA,XDC,Q,2013-Q3,765108595716.408,0,,,,,,,,,FB,,,O,OL,true,2018,,F
dataflow,IMF.STA:QNEA(7.0.0),R,DOM,B1GQ,Q,SA,XDC,Q,2013-Q4,806729321997.736,0,,,,,,,,,FB,,,O,OL,true,2018,,F
dataflow,IMF.STA:QNEA(7.0.0),R,DOM,B1GQ,Q,SA,XDC,Q,2014-Q1,799498565896.101,0,,,,,,,,,FB,,,O,OL,true,2018,,F
dataflow,IMF.STA:QNEA(7.0.0),R,DOM,B1GQ,Q,SA,XDC,Q,2014-Q2,828472286034.309,0,,,,,,,,,FB,,,O,OL,true,2018,,F
dataflow,IMF.STA:QNEA(7.0.0),R,DOM,B1GQ,Q,SA,XDC,Q,2014-Q3,815941275550.686,0,,,,,,,,,FB,,,O,OL,true,2018,,F
dataflow,IMF.STA:QNEA(7.0.0),R,DOM,B1GQ,Q,SA,XDC,Q,2014-Q4,867168461803.444,0,,,,,,,,,FB,,,O,OL,true,2018,,F
dataflow,IMF.STA:QNEA(7.0.0),R,DOM,B1GQ,Q,SA,XDC,Q,2015-Q1,856216912134.63,0,,,,,,,,,FB,,,O,OL,true,2018,,F
dataflow,IMF.STA:QNEA(7.0.0),R,DOM,B1GQ,Q,SA,XDC,Q,2015-Q2,888958972318.666,0,,,,,,,,,FB,,,O,OL,true,2018,,F
dataflow,IMF.STA:QNEA(7.0.0),R,DOM,B1GQ,Q,SA,XDC,Q,2015-Q3,879699829664.407,0,,,,,,,,,FB,,,O,OL,true,2018,,F
dataflow,IMF.STA:QNEA(7.0.0),R,DOM,B1GQ,Q,SA,XDC,Q,2015-Q4,917573628110.59,0,,,,,,,,,FB,,,O,OL,true,2018,,F
dataflow,IMF.STA:QNEA(7.0.0),R,DOM,B1GQ,Q,SA,XDC,Q,2016-Q1,905904974544.351,0,,,,,,,,,FB,,,O,OL,true,2018,,F
dataflow,IMF.STA:QNEA(7.0.0),R,DOM,B1GQ,Q,SA,XDC,Q,2016-Q2,963486072928.344,0,,,,,,,,,FB,,,O,OL,true,2018,,F
dataflow,IMF.STA:QNEA(7.0.0),R,DOM,B1GQ,Q,SA,XDC,Q,2016-Q3,941682396572.339,0,,,,,,,,,FB,,,O,OL,true,2018,,F
dataflow,IMF.STA:QNEA(7.0.0),R,DOM,B1GQ,Q,SA,XDC,Q,2016-Q4,969419311426.097,0,,,,,,,,,FB,,,O,OL,true,2018,,F
dataflow,IMF.STA:QNEA(7.0.0),R,DOM,B1GQ,Q,SA,XDC,Q,2017-Q1,955971426306.621,0,,,,,,,,,FB,,,O,OL,true,2018,,F
dataflow,IMF.STA:QNEA(7.0.0),R,DOM,B1GQ,Q,SA,XDC,Q,2017-Q2,984097765881.884,0,,,,,,,,,FB,,,O,OL,true,2018,,F
dataflow,IMF.STA:QNEA(7.0.0),R,DOM,B1GQ,Q,SA,XDC,Q,2017-Q3,966416095994.166,0,,,,,,,,,FB,,,O,OL,true,2018,,F
dataflow,IMF.STA:QNEA(7.0.0),R,DOM,B1GQ,Q,SA,XDC,Q,2017-Q4,1022726826308.04,0,,,,,,,,,FB,,,O,OL,true,2018,,F
dataflow,IMF.STA:QNEA(7.0.0),R,DOM,B1GQ,Q,SA,XDC,Q,2018-Q1,1020022723746.97,0,,,,,,,,,FB,,,O,OL,true,2018,,F
dataflow,IMF.STA:QNEA(7.0.0),R,DOM,B1GQ,Q,SA,XDC,Q,2018-Q2,1047754957658.77,0,,,,,,,,,FB,,,O,OL,true,2018,,F
dataflow,IMF.STA:QNEA(7.0.0),R,DOM,B1GQ,Q,SA,XDC,Q,2018-Q3,1046484301045.05,0,,,,,,,,,FB,,,O,OL,true,2018,,F
dataflow,IMF.STA:QNEA(7.0.0),R,DOM,B1GQ,Q,SA,XDC,Q,2018-Q4,1093826606312.53,0,,,,,,,,,FB,,,O,OL,true,2018,,F
dataflow,IMF.STA:QNEA(7.0.0),R,DOM,B1GQ,Q,SA,XDC,Q,2019-Q1,1083037626622.35,0,,,,,,,,,FB,,,O,OL,true,2018,,F
dataflow,IMF.STA:QNEA(7.0.0),R,DOM,B1GQ,Q,SA,XDC,Q,2019-Q2,1091543013800.34,0,,,,,,,,,FB,,,O,OL,true,2018,,F
dataflow,IMF.STA:QNEA(7.0.0),R,DOM,B1GQ,Q,SA,XDC,Q,2019-Q3,1095783457710.37,0,,,,,,,,,FB,,,O,OL,true,2018,,F
dataflow,IMF.STA:QNEA(7.0.0),R,DOM,B1GQ,Q,SA,XDC,Q,2019-Q4,1143669613502.91,0,,,,,,,,,FB,,,O,OL,true,2018,,F
dataflow,IMF.STA:QNEA(7.0.0),R,DOM,B1GQ,Q,SA,XDC,Q,2020-Q1,1072090120064.01,0,,,,,,,,,FB,,,O,OL,true,2018,,F
dataflow,IMF.STA:QNEA(7.0.0),R,DOM,B1GQ,Q,SA,XDC,Q,2020-Q2,901411297824.612,0,,,,,,,,,FB,,,O,OL,true,2018,,F
dataflow,IMF.STA:QNEA(7.0.0),R,DOM,B1GQ,Q,SA,XDC,Q,2020-Q3,1008862161450.39,0,,,,,,,,,FB,,,O,OL,true,2018,,F
dataflow,IMF.STA:QNEA(7.0.0),R,DOM,B1GQ,Q,SA,XDC,Q,2020-Q4,1081679088826.46,0,,,,,,,,,FB,,,O,OL,true,2018,,F
dataflow,IMF.STA:QNEA(7.0.0),R,DOM,B1GQ,Q,SA,XDC,Q,2021-Q1,1126715606138.68,0,,,,,,,,,FB,,,O,OL,true,2018,,F
dataflow,IMF.STA:QNEA(7.0.0),R,DOM,B1GQ,Q,SA,XDC,Q,2021-Q2,1142882118400.8,0,,,,,,,,,FB,,,O,OL,true,2018,,F
dataflow,IMF.STA:QNEA(7.0.0),R,DOM,B1GQ,Q,SA,XDC,Q,2021-Q3,1140042656502.25,0,,,,,,,,,FB,,,O,OL,true,2018,,F
dataflow,IMF.STA:QNEA(7.0.0),R,DOM,B1GQ,Q,SA,XDC,Q,2021-Q4,1223873376714.3,0,,,,,,,,,FB,,,O,OL,true,2018,,F
dataflow,IMF.STA:QNEA(7.0.0),R,DOM,B1GQ,Q,SA,XDC,Q,2022-Q1,1223150483996.47,0,,,,,,,,,FB,,,O,OL,true,2018,,F
dataflow,IMF.STA:QNEA(7.0.0),R,DOM,B1GQ,Q,SA,XDC,Q,2022-Q2,1214792457103.45,0,,,,,,,,,FB,,,O,OL,true,2018,,F
dataflow,IMF.STA:QNEA(7.0.0),R,DOM,B1GQ,Q,SA,XDC,Q,2022-Q3,1191001076905.41,0,,,,,,,,,FB,,,O,OL,true,2018,,F
dataflow,IMF.STA:QNEA(7.0.0),R,DOM,B1GQ,Q,SA,XDC,Q,2022-Q4,1247271176161.01,0,,,,,,,,,FB,,,O,OL,true,2018,,F
dataflow,IMF.STA:QNEA(7.0.0),R,DOM,B1GQ,Q,SA,XDC,Q,2023-Q1,1247982952083.99,0,,,,,,,,,FB,,,O,OL,true,2018,,F
dataflow,IMF.STA:QNEA(7.0.0),R,DOM,B1GQ,Q,SA,XDC,Q,2023-Q2,1233554549128.33,0,,,,,,,,,FB,,,O,OL,true,2018,,F
dataflow,IMF.STA:QNEA(7.0.0),R,DOM,B1GQ,Q,SA,XDC,Q,2023-Q3,1226389214062.06,0,,,,,,,,,FB,,,O,OL,true,2018,,F
dataflow,IMF.STA:QNEA(7.0.0),R,DOM,B1GQ,Q,SA,XDC,Q,2023-Q4,1275189670617.77,0,,,,,,,,,FB,,,O,OL,true,2018,,F
dataflow,IMF.STA:QNEA(7.0.0),R,DOM,B1GQ,Q,SA,XDC,Q,2024-Q1,1304128939690.86,0,,,,,,,,,FB,,,O,OL,true,2018,,F
dataflow,IMF.STA:QNEA(7.0.0),R,DOM,B1GQ,Q,SA,XDC,Q,2024-Q2,1308588456140.15,0,,,,,,,,,FB,,,O,OL,true,2018,,F
dataflow,IMF.STA:QNEA(7.0.0),R,DOM,B1GQ,Q,SA,XDC,Q,2024-Q3,1289547610141.01,0,,,,,,,,,FB,,,O,OL,true,2018,,F
dataflow,IMF.STA:QNEA(7.0.0),R,DOM,B1GQ,Q,SA,XDC,Q,2024-Q4,1327703834839.03,0,,,,,,,,,FB,,,O,OL,true,2018,,F
dataflow,IMF.STA:QNEA(7.0.0),R,DOM,B1GQ,Q,SA,XDC,Q,2025-Q1,1339815593296.67,0,,,,,,,,,FB,,,O,OL,true,2018,,F
dataflow,IMF.STA:QNEA(7.0.0),R,DOM,B1GQ,Q,SA,XDC,Q,2025-Q2,1334528579762.23,0,,,,,,,,,FB,,,O,OL,true,2018,,F
dataflow,IMF.STA:QNEA(7.0.0),R,DOM,B1GQ,Q,SA,XDC,Q,2025-Q3,1313407357067.51,0,,,,,,,,,FB,,,O,OL,true,2018,,F
dataflow,IMF.STA:QNEA(7.0.0),R,DOM,B1GQ,Q,SA,XDC,Q,2025-Q4,1352943252469.19,0,,,,,,,,,FB,,,O,OL,true,2018,,F
dataflow,IMF.STA:QNEA(7.0.0),R,DOM,B1GQ,Q,SA,XDC,Q,2026-Q1,1395265730664.48,0,,,,,,,,,FB,,,O,OL,true,2018,,F
dataflow,IMF.STA:QNEA(7.0.0),R,ECU,B1GQ,Q,SA,XDC,Q,2000-Q1,12520778687.4893,0,,,,,,,,,L,,,O,OL,true,2018,,F
dataflow,IMF.STA:QNEA(7.0.0),R,ECU,B1GQ,Q,SA,XDC,Q,2000-Q2,12842902525.8864,0,,,,,,,,,L,,,O,OL,true,2018,,F
dataflow,IMF.STA:QNEA(7.0.0),R,ECU,B1GQ,Q,SA,XDC,Q,2000-Q3,13330523829.8777,0,,,,,,,,,L,,,O,OL,true,2018,,F
dataflow,IMF.STA:QNEA(7.0.0),R,ECU,B1GQ,Q,SA,XDC,Q,2000-Q4,13463834910.8176,0,,,,,,,,,L,,,O,OL,true,2018,,F
dataflow,IMF.STA:QNEA(7.0.0),R,ECU,B1GQ,Q,SA,XDC,Q,2001-Q1,13395318603.4413,0,,,,,,,,,L,,,O,OL,true,2018,,F
dataflow,IMF.STA:QNEA(7.0.0),R,ECU,B1GQ,Q,SA,XDC,Q,2001-Q2,13593945922.1362,0,,,,,,,,,L,,,O,OL,true,2018,,F
dataflow,IMF.STA:QNEA(7.0.0),R,ECU,B1GQ,Q,SA,XDC,Q,2001-Q3,13642427079.5712,0,,,,,,,,,L,,,O,OL,true,2018,,F
dataflow,IMF.STA:QNEA(7.0.0),R,ECU,B1GQ,Q,SA,XDC,Q,2001-Q4,13720257630.6622,0,,,,,,,,,L,,,O,OL,true,2018,,F
dataflow,IMF.STA:QNEA(7.0.0),R,ECU,B1GQ,Q,SA,XDC,Q,2002-Q1,14014020770.764,0,,,,,,,,,L,,,O,OL,true,2018,,F
dataflow,IMF.STA:QNEA(7.0.0),R,ECU,B1GQ,Q,SA,XDC,Q,2002-Q2,14275847607.4118,0,,,,,,,,,L,,,O,OL,true,2018,,F
dataflow,IMF.STA:QNEA(7.0.0),R,ECU,B1GQ,Q,SA,XDC,Q,2002-Q3,14390149374.6264,0,,,,,,,,,L,,,O,OL,true,2018,,F
dataflow,IMF.STA:QNEA(7.0.0),R,ECU,B1GQ,Q,SA,XDC,Q,2002-Q4,14350447913.7343,0,,,,,,,,,L,,,O,OL,true,2018,,F
dataflow,IMF.STA:QNEA(7.0.0),R,ECU,B1GQ,Q,SA,XDC,Q,2003-Q1,14599440579.9626,0,,,,,,,,,L,,,O,OL,true,2018,,F
dataflow,IMF.STA:QNEA(7.0.0),R,ECU,B1GQ,Q,SA,XDC,Q,2003-Q2,14458730215.7463,0,,,,,,,,,L,,,O,OL,true,2018,,F
dataflow,IMF.STA:QNEA(7.0.0),R,ECU,B1GQ,Q,SA,XDC,Q,2003-Q3,14662288145.4265,0,,,,,,,,,L,,,O,OL,true,2018,,F
dataflow,IMF.STA:QNEA(7.0.0),R,ECU,B1GQ,Q,SA,XDC,Q,2003-Q4,14955051102.7786,0,,,,,,,,,L,,,O,OL,true,2018,,F
dataflow,IMF.STA:QNEA(7.0.0),R,ECU,B1GQ,Q,SA,XDC,Q,2004-Q1,15264719254.4433,0,,,,,,,,,L,,,O,OL,true,2018,,F
dataflow,IMF.STA:QNEA(7.0.0),R,ECU,B1GQ,Q,SA,XDC,Q,2004-Q2,15553202997.167,0,,,,,,,,,L,,,O,OL,true,2018,,F
dataflow,IMF.STA:QNEA(7.0.0),R,ECU,B1GQ,Q,SA,XDC,Q,2004-Q3,15805215993.1434,0,,,,,,,,,L,,,O,OL,true,2018,,F
dataflow,IMF.STA:QNEA(7.0.0),R,ECU,B1GQ,Q,SA,XDC,Q,2004-Q4,16061315582.0388,0,,,,,,,,,L,,,O,OL,true,2018,,F
dataflow,IMF.STA:QNEA(7.0.0),R,ECU,B1GQ,Q,SA,XDC,Q,2005-Q1,16290604884.2536,0,,,,,,,,,L,,,O,OL,true,2018,,F
dataflow,IMF.STA:QNEA(7.0.0),R,ECU,B1GQ,Q,SA,XDC,Q,2005-Q2,16512398673.537,0,,,,,,,,,L,,,O,OL,true,2018,,F
dataflow,IMF.STA:QNEA(7.0.0),R,ECU,B1GQ,Q,SA,XDC,Q,2005-Q3,16542746680.159,0,,,,,,,,,L,,,O,OL,true,2018,,F
dataflow,IMF.STA:QNEA(7.0.0),R,ECU,B1GQ,Q,SA,XDC,Q,2005-Q4,16722799796.4586,0,,,,,,,,,L,,,O,OL,true,2018,,F
dataflow,IMF.STA:QNEA(7.0.0),R,ECU,B1GQ,Q,SA,XDC,Q,2006-Q1,16972764587.1308,0,,,,,,,,,L,,,O,OL,true,2018,,F
dataflow,IMF.STA:QNEA(7.0.0),R,ECU,B1GQ,Q,SA,XDC,Q,2006-Q2,17207706959.8793,0,,,,,,,,,L,,,O,OL,true,2018,,F
dataflow,IMF.STA:QNEA(7.0.0),R,ECU,B1GQ,Q,SA,XDC,Q,2006-Q3,17425878183.6554,0,,,,,,,,,L,,,O,OL,true,2018,,F
dataflow,IMF.STA:QNEA(7.0.0),R,ECU,B1GQ,Q,SA,XDC,Q,2006-Q4,17330324137.1749,0,,,,,,,,,L,,,O,OL,true,2018,,F
dataflow,IMF.STA:QNEA(7.0.0),R,ECU,B1GQ,Q,SA,XDC,Q,2007-Q1,17292655876.3108,0,,,,,,,,,L,,,O,OL,true,2018,,F
dataflow,IMF.STA:QNEA(7.0.0),R,ECU,B1GQ,Q,SA,XDC,Q,2007-Q2,17407116813.9997,0,,,,,,,,,L,,,O,OL,true,2018,,F
dataflow,IMF.STA:QNEA(7.0.0),R,ECU,B1GQ,Q,SA,XDC,Q,2007-Q3,17692523935.325,0,,,,,,,,,L,,,O,OL,true,2018,,F
dataflow,IMF.STA:QNEA(7.0.0),R,ECU,B1GQ,Q,SA,XDC,Q,2007-Q4,17855848469.466,0,,,,,,,,,L,,,O,OL,true,2018,,F
dataflow,IMF.STA:QNEA(7.0.0),R,ECU,B1GQ,Q,SA,XDC,Q,2008-Q1,18323365302.2434,0,,,,,,,,,L,,,O,OL,true,2018,,F
dataflow,IMF.STA:QNEA(7.0.0),R,ECU,B1GQ,Q,SA,XDC,Q,2008-Q2,18572269102.0883,0,,,,,,,,,L,,,O,OL,true,2018,,F
dataflow,IMF.STA:QNEA(7.0.0),R,ECU,B1GQ,Q,SA,XDC,Q,2008-Q3,18882346434.9251,0,,,,,,,,,L,,,O,OL,true,2018,,F
dataflow,IMF.STA:QNEA(7.0.0),R,ECU,B1GQ,Q,SA,XDC,Q,2008-Q4,19081900244.2351,0,,,,,,,,,L,,,O,OL,true,2018,,F
dataflow,IMF.STA:QNEA(7.0.0),R,ECU,B1GQ,Q,SA,XDC,Q,2009-Q1,19048194130.3976,0,,,,,,,,,L,,,O,OL,true,2018,,F
dataflow,IMF.STA:QNEA(7.0.0),R,ECU,B1GQ,Q,SA,XDC,Q,2009-Q2,18961052706.9253,0,,,,,,,,,L,,,O,OL,true,2018,,F
dataflow,IMF.STA:QNEA(7.0.0),R,ECU,B1GQ,Q,SA,XDC,Q,2009-Q3,18867992407.8267,0,,,,,,,,,L,,,O,OL,true,2018,,F
dataflow,IMF.STA:QNEA(7.0.0),R,ECU,B1GQ,Q,SA,XDC,Q,2009-Q4,18799372209.5861,0,,,,,,,,,L,,,O,OL,true,2018,,F
dataflow,IMF.STA:QNEA(7.0.0),R,ECU,B1GQ,Q,SA,XDC,Q,2010-Q1,19164426619.2993,0,,,,,,,,,L,,,O,OL,true,2018,,F
dataflow,IMF.STA:QNEA(7.0.0),R,ECU,B1GQ,Q,SA,XDC,Q,2010-Q2,19406796337.2216,0,,,,,,,,,L,,,O,OL,true,2018,,F
dataflow,IMF.STA:QNEA(7.0.0),R,ECU,B1GQ,Q,SA,XDC,Q,2010-Q3,19785292117.0116,0,,,,,,,,,L,,,O,OL,true,2018,,F
dataflow,IMF.STA:QNEA(7.0.0),R,ECU,B1GQ,Q,SA,XDC,Q,2010-Q4,20369211069.9816,0,,,,,,,,,L,,,O,OL,true,2018,,F
dataflow,IMF.STA:QNEA(7.0.0),R,ECU,B1GQ,Q,SA,XDC,Q,2011-Q1,20737236795.1491,0,,,,,,,,,L,,,O,OL,true,2018,,F
dataflow,IMF.STA:QNEA(7.0.0),R,ECU,B1GQ,Q,SA,XDC,Q,2011-Q2,21251886243.8759,0,,,,,,,,,L,,,O,OL,true,2018,,F
dataflow,IMF.STA:QNEA(7.0.0),R,ECU,B1GQ,Q,SA,XDC,Q,2011-Q3,21604093235.6743,0,,,,,,,,,L,,,O,OL,true,2018,,F
dataflow,IMF.STA:QNEA(7.0.0),R,ECU,B1GQ,Q,SA,XDC,Q,2011-Q4,21809614285.2731,0,,,,,,,,,L,,,O,OL,true,2018,,F
dataflow,IMF.STA:QNEA(7.0.0),R,ECU,B1GQ,Q,SA,XDC,Q,2012-Q1,22186857440.0146,0,,,,,,,,,L,,,O,OL,true,2018,,F
dataflow,IMF.STA:QNEA(7.0.0),R,ECU,B1GQ,Q,SA,XDC,Q,2012-Q2,22414576313.0901,0,,,,,,,,,L,,,O,OL,true,2018,,F
dataflow,IMF.STA:QNEA(7.0.0),R,ECU,B1GQ,Q,SA,XDC,Q,2012-Q3,22779924614.0874,0,,,,,,,,,L,,,O,OL,true,2018,,F
dataflow,IMF.STA:QNEA(7.0.0),R,ECU,B1GQ,Q,SA,XDC,Q,2012-Q4,22960498892.7572,0,,,,,,,,,L,,,O,OL,true,2018,,F
dataflow,IMF.STA:QNEA(7.0.0),R,ECU,B1GQ,Q,SA,XDC,Q,2013-Q1,23530150979.4855,0,,,,,,,,,L,,,O,OL,true,2018,,F
dataflow,IMF.STA:QNEA(7.0.0),R,ECU,B1GQ,Q,SA,XDC,Q,2013-Q2,23991557978.591,0,,,,,,,,,L,,,O,OL,true,2018,,F
dataflow,IMF.STA:QNEA(7.0.0),R,ECU,B1GQ,Q,SA,XDC,Q,2013-Q3,24619807875.3952,0,,,,,,,,,L,,,O,OL,true,2018,,F
dataflow,IMF.STA:QNEA(7.0.0),R,ECU,B1GQ,Q,SA,XDC,Q,2013-Q4,24715105001.0791,0,,,,,,,,,L,,,O,OL,true,2018,,F
dataflow,IMF.STA:QNEA(7.0.0),R,ECU,B1GQ,Q,SA,XDC,Q,2014-Q1,24775970485.8153,0,,,,,,,,,L,,,O,OL,true,2018,,F
dataflow,IMF.STA:QNEA(7.0.0),R,ECU,B1GQ,Q,SA,XDC,Q,2014-Q2,25109867711.9129,0,,,,,,,,,L,,,O,OL,true,2018,,F
dataflow,IMF.STA:QNEA(7.0.0),R,ECU,B1GQ,Q,SA,XDC,Q,2014-Q3,25547157296.5779,0,,,,,,,,,L,,,O,OL,true,2018,,F
dataflow,IMF.STA:QNEA(7.0.0),R,ECU,B1GQ,Q,SA,XDC,Q,2014-Q4,25516850617.4948,0,,,,,,,,,L,,,O,OL,true,2018,,F
dataflow,IMF.STA:QNEA(7.0.0),R,ECU,B1GQ,Q,SA,XDC,Q,2015-Q1,25662989610.4276,0,,,,,,,,,L,,,O,OL,true,2018,,F
dataflow,IMF.STA:QNEA(7.0.0),R,ECU,B1GQ,Q,SA,XDC,Q,2015-Q2,24904872929.5907,0,,,,,,,,,L,,,O,OL,true,2018,,F
dataflow,IMF.STA:QNEA(7.0.0),R,ECU,B1GQ,Q,SA,XDC,Q,2015-Q3,25369058976.6848,0,,,,,,,,,L,,,O,OL,true,2018,,F
dataflow,IMF.STA:QNEA(7.0.0),R,ECU,B1GQ,Q,SA,XDC,Q,2015-Q4,25133753149.9257,0,,,,,,,,,L,,,O,OL,true,2018,,F
dataflow,IMF.STA:QNEA(7.0.0),R,ECU,B1GQ,Q,SA,XDC,Q,2016-Q1,24779695261.1081,0,,,,,,,,,L,,,O,OL,true,2018,,F
dataflow,IMF.STA:QNEA(7.0.0),R,ECU,B1GQ,Q,SA,XDC,Q,2016-Q2,24858919545.3707,0,,,,,,,,,L,,,O,OL,true,2018,,F
dataflow,IMF.STA:QNEA(7.0.0),R,ECU,B1GQ,Q,SA,XDC,Q,2016-Q3,24960917539.905,0,,,,,,,,,L,,,O,OL,true,2018,,F
dataflow,IMF.STA:QNEA(7.0.0),R,ECU,B1GQ,Q,SA,XDC,Q,2016-Q4,25775821657.7519,0,,,,,,,,,L,,,O,OL,true,2018,,F
dataflow,IMF.STA:QNEA(7.0.0),R,ECU,B1GQ,Q,SA,XDC,Q,2017-Q1,26681922738.546,0,,,,,,,,,L,,,O,OL,true,2018,,F
dataflow,IMF.STA:QNEA(7.0.0),R,ECU,B1GQ,Q,SA,XDC,Q,2017-Q2,26830156278.6698,0,,,,,,,,,L,,,O,OL,true,2018,,F
dataflow,IMF.STA:QNEA(7.0.0),R,ECU,B1GQ,Q,SA,XDC,Q,2017-Q3,26304819336.7691,0,,,,,,,,,L,,,O,OL,true,2018,,F
dataflow,IMF.STA:QNEA(7.0.0),R,ECU,B1GQ,Q,SA,XDC,Q,2017-Q4,26551265761.4932,0,,,,,,,,,L,,,O,OL,true,2018,,F
dataflow,IMF.STA:QNEA(7.0.0),R,ECU,B1GQ,Q,SA,XDC,Q,2018-Q1,26911897138.4244,0,,,,,,,,,L,,,O,OL,true,2018,,F
dataflow,IMF.STA:QNEA(7.0.0),R,ECU,B1GQ,Q,SA,XDC,Q,2018-Q2,26951553203.2849,0,,,,,,,,,L,,,O,OL,true,2018,,F
dataflow,IMF.STA:QNEA(7.0.0),R,ECU,B1GQ,Q,SA,XDC,Q,2018-Q3,26856702184.8704,0,,,,,,,,,L,,,O,OL,true,2018,,F
dataflow,IMF.STA:QNEA(7.0.0),R,ECU,B1GQ,Q,SA,XDC,Q,2018-Q4,26758808473.5008,0,,,,,,,,,L,,,O,OL,true,2018,,F
dataflow,IMF.STA:QNEA(7.0.0),R,ECU,B1GQ,Q,SA,XDC,Q,2019-Q1,26954442155.4576,0,,,,,,,,,L,,,O,OL,true,2018,,F
dataflow,IMF.STA:QNEA(7.0.0),R,ECU,B1GQ,Q,SA,XDC,Q,2019-Q2,27169535521.6849,0,,,,,,,,,L,,,O,OL,true,2018,,F
dataflow,IMF.STA:QNEA(7.0.0),R,ECU,B1GQ,Q,SA,XDC,Q,2019-Q3,26934340385.4433,0,,,,,,,,,L,,,O,OL,true,2018,,F
dataflow,IMF.STA:QNEA(7.0.0),R,ECU,B1GQ,Q,SA,XDC,Q,2019-Q4,26598417937.4176,0,,,,,,,,,L,,,O,OL,true,2018,,F
dataflow,IMF.STA:QNEA(7.0.0),R,ECU,B1GQ,Q,SA,XDC,Q,2020-Q1,26441897090.2697,0,,,,,,,,,L,,,O,OL,true,2018,,F
dataflow,IMF.STA:QNEA(7.0.0),R,ECU,B1GQ,Q,SA,XDC,Q,2020-Q2,22283487621.8176,0,,,,,,,,,L,,,O,OL,true,2018,,F
dataflow,IMF.STA:QNEA(7.0.0),R,ECU,B1GQ,Q,SA,XDC,Q,2020-Q3,24143337688.8523,0,,,,,,,,,L,,,O,OL,true,2018,,F
dataflow,IMF.STA:QNEA(7.0.0),R,ECU,B1GQ,Q,SA,XDC,Q,2020-Q4,24835044780.7378,0,,,,,,,,,L,,,O,OL,true,2018,,F
dataflow,IMF.STA:QNEA(7.0.0),R,ECU,B1GQ,Q,SA,XDC,Q,2021-Q1,25770308710.2102,0,,,,,,,,,L,,,O,OL,true,2018,,F
dataflow,IMF.STA:QNEA(7.0.0),R,ECU,B1GQ,Q,SA,XDC,Q,2021-Q2,26594661801.6914,0,,,,,,,,,L,,,O,OL,true,2018,,F
dataflow,IMF.STA:QNEA(7.0.0),R,ECU,B1GQ,Q,SA,XDC,Q,2021-Q3,27136142145.074,0,,,,,,,,,L,,,O,OL,true,2018,,F
dataflow,IMF.STA:QNEA(7.0.0),R,ECU,B1GQ,Q,SA,XDC,Q,2021-Q4,27408198629.7538,0,,,,,,,,,L,,,O,OL,true,2018,,F
dataflow,IMF.STA:QNEA(7.0.0),R,ECU,B1GQ,Q,SA,XDC,Q,2022-Q1,28085444056.6418,0,,,,,,,,,L,,,O,OL,true,2018,,F
dataflow,IMF.STA:QNEA(7.0.0),R,ECU,B1GQ,Q,SA,XDC,Q,2022-Q2,27989948367.6485,0,,,,,,,,,L,,,O,OL,true,2018,,F
dataflow,IMF.STA:QNEA(7.0.0),R,ECU,B1GQ,Q,SA,XDC,Q,2022-Q3,28606966619.0474,0,,,,,,,,,L,,,O,OL,true,2018,,F
dataflow,IMF.STA:QNEA(7.0.0),R,ECU,B1GQ,Q,SA,XDC,Q,2022-Q4,28500843425.2679,0,,,,,,,,,L,,,O,OL,true,2018,,F
dataflow,IMF.STA:QNEA(7.0.0),R,ECU,B1GQ,Q,SA,XDC,Q,2023-Q1,28795566409.2935,0,,,,,,,,,L,,,O,OL,true,2018,,F
dataflow,IMF.STA:QNEA(7.0.0),R,ECU,B1GQ,Q,SA,XDC,Q,2023-Q2,29361821201.5615,0,,,,,,,,,L,,,O,OL,true,2018,,F
dataflow,IMF.STA:QNEA(7.0.0),R,ECU,B1GQ,Q,SA,XDC,Q,2023-Q3,28582389988.323,0,,,,,,,,,L,,,O,OL,true,2018,,F
dataflow,IMF.STA:QNEA(7.0.0),R,ECU,B1GQ,Q,SA,XDC,Q,2023-Q4,28693776463.9805,0,,,,,,,,,L,,,O,OL,true,2018,,F
dataflow,IMF.STA:QNEA(7.0.0),R,ECU,B1GQ,Q,SA,XDC,Q,2024-Q1,28456773544.5783,0,,,,,,,,,L,,,O,OL,true,2018,,F
dataflow,IMF.STA:QNEA(7.0.0),R,ECU,B1GQ,Q,SA,XDC,Q,2024-Q2,28165583555.4247,0,,,,,,,,,L,,,O,OL,true,2018,,F
dataflow,IMF.STA:QNEA(7.0.0),R,ECU,B1GQ,Q,SA,XDC,Q,2024-Q3,28073335426.5668,0,,,,,,,,,L,,,O,OL,true,2018,,F
dataflow,IMF.STA:QNEA(7.0.0),R,ECU,B1GQ,Q,SA,XDC,Q,2024-Q4,28427742077.8952,0,,,,,,,,,L,,,O,OL,true,2018,,F
dataflow,IMF.STA:QNEA(7.0.0),R,ECU,B1GQ,Q,SA,XDC,Q,2025-Q1,29411766329.4093,0,,,,,,,,,L,,,O,OL,true,2018,,F
dataflow,IMF.STA:QNEA(7.0.0),R,ECU,B1GQ,Q,SA,XDC,Q,2025-Q2,29374263403.6014,0,,,,,,,,,L,,,O,OL,true,2018,,F
dataflow,IMF.STA:QNEA(7.0.0),R,ECU,B1GQ,Q,SA,XDC,Q,2025-Q3,28736082519.5659,0,,,,,,,,,L,,,O,OL,true,2018,,F
dataflow,IMF.STA:QNEA(7.0.0),R,ESP,B1GQ,Q,SA,XDC,Q,1995-Q1,178588849155.05,0,,,,,,,,,L,,,O,OL,true,2010,,F
dataflow,IMF.STA:QNEA(7.0.0),R,ESP,B1GQ,Q,SA,XDC,Q,1995-Q2,179765980462.35,0,,,,,,,,,L,,,O,OL,true,2010,,F
dataflow,IMF.STA:QNEA(7.0.0),R,ESP,B1GQ,Q,SA,XDC,Q,1995-Q3,180561747657.26,0,,,,,,,,,L,,,O,OL,true,2010,,F
dataflow,IMF.STA:QNEA(7.0.0),R,ESP,B1GQ,Q,SA,XDC,Q,1995-Q4,181928617050.18,0,,,,,,,,,L,,,O,OL,true,2010,,F
dataflow,IMF.STA:QNEA(7.0.0),R,ESP,B1GQ,Q,SA,XDC,Q,1996-Q1,182974536447.52,0,,,,,,,,,L,,,O,OL,true,2010,,F
dataflow,IMF.STA:QNEA(7.0.0),R,ESP,B1GQ,Q,SA,XDC,Q,1996-Q2,184239457018.31,0,,,,,,,,,L,,,O,OL,true,2010,,F
dataflow,IMF.STA:QNEA(7.0.0),R,ESP,B1GQ,Q,SA,XDC,Q,1996-Q3,185750753909.24,0,,,,,,,,,L,,,O,OL,true,2010,,F
dataflow,IMF.STA:QNEA(7.0.0),R,ESP,B1GQ,Q,SA,XDC,Q,1996-Q4,186674901102.38,0,,,,,,,,,L,,,O,OL,true,2010,,F
dataflow,IMF.STA:QNEA(7.0.0),R,ESP,B1GQ,Q,SA,XDC,Q,1997-Q1,188536411076.71,0,,,,,,,,,L,,,O,OL,true,2010,,F
dataflow,IMF.STA:QNEA(7.0.0),R,ESP,B1GQ,Q,SA,XDC,Q,1997-Q2,190237446053.25,0,,,,,,,,,L,,,O,OL,true,2010,,F
dataflow,IMF.STA:QNEA(7.0.0),R,ESP,B1GQ,Q,SA,XDC,Q,1997-Q3,192349108230.02,0,,,,,,,,,L,,,O,OL,true,2010,,F
dataflow,IMF.STA:QNEA(7.0.0),R,ESP,B1GQ,Q,SA,XDC,Q,1997-Q4,195050752016.29,0,,,,,,,,,L,,,O,OL,true,2010,,F
dataflow,IMF.STA:QNEA(7.0.0),R,ESP,B1GQ,Q,SA,XDC,Q,1998-Q1,196693260817.17,0,,,,,,,,,L,,,O,OL,true,2010,,F
dataflow,IMF.STA:QNEA(7.0.0),R,ESP,B1GQ,Q,SA,XDC,Q,1998-Q2,198853065493.27,0,,,,,,,,,L,,,O,OL,true,2010,,F
dataflow,IMF.STA:QNEA(7.0.0),R,ESP,B1GQ,Q,SA,XDC,Q,1998-Q3,200747614437.74,0,,,,,,,,,L,,,O,OL,true,2010,,F
dataflow,IMF.STA:QNEA(7.0.0),R,ESP,B1GQ,Q,SA,XDC,Q,1998-Q4,202840397203,0,,,,,,,,,L,,,O,OL,true,2010,,F
dataflow,IMF.STA:QNEA(7.0.0),R,ESP,B1GQ,Q,SA,XDC,Q,1999-Q1,204838782910.74,0,,,,,,,,,L,,,O,OL,true,2010,,F
dataflow,IMF.STA:QNEA(7.0.0),R,ESP,B1GQ,Q,SA,XDC,Q,1999-Q2,207186437731.31,0,,,,,,,,,L,,,O,OL,true,2010,,F
dataflow,IMF.STA:QNEA(7.0.0),R,ESP,B1GQ,Q,SA,XDC,Q,1999-Q3,210005133868.91,0,,,,,,,,,L,,,O,OL,true,2010,,F
dataflow,IMF.STA:QNEA(7.0.0),R,ESP,B1GQ,Q,SA,XDC,Q,1999-Q4,212336741189.7,0,,,,,,,,,L,,,O,OL,true,2010,,F
dataflow,IMF.STA:QNEA(7.0.0),R,ESP,B1GQ,Q,SA,XDC,Q,2000-Q1,215690668643.45,0,,,,,,,,,L,,,O,OL,true,2010,,F
dataflow,IMF.STA:QNEA(7.0.0),R,ESP,B1GQ,Q,SA,XDC,Q,2000-Q2,218416855664.68,0,,,,,,,,,L,,,O,OL,true,2010,,F
dataflow,IMF.STA:QNEA(7.0.0),R,ESP,B1GQ,Q,SA,XDC,Q,2000-Q3,220644626222.2,0,,,,,,,,,L,,,O,OL,true,2010,,F
dataflow,IMF.STA:QNEA(7.0.0),R,ESP,B1GQ,Q,SA,XDC,Q,2000-Q4,223006440601.4,0,,,,,,,,,L,,,O,OL,true,2010,,F
dataflow,IMF.STA:QNEA(7.0.0),R,ESP,B1GQ,Q,SA,XDC,Q,2001-Q1,225271026011.35,0,,,,,,,,,L,,,O,OL,true,2010,,F
dataflow,IMF.STA:QNEA(7.0.0),R,ESP,B1GQ,Q,SA,XDC,Q,2001-Q2,227022091428.38,0,,,,,,,,,L,,,O,OL,true,2010,,F
dataflow,IMF.STA:QNEA(7.0.0),R,ESP,B1GQ,Q,SA,XDC,Q,2001-Q3,229204551398.28,0,,,,,,,,,L,,,O,OL,true,2010,,F
dataflow,IMF.STA:QNEA(7.0.0),R,ESP,B1GQ,Q,SA,XDC,Q,2001-Q4,230662985937,0,,,,,,,,,L,,,O,OL,true,2010,,F
dataflow,IMF.STA:QNEA(7.0.0),R,ESP,B1GQ,Q,SA,XDC,Q,2002-Q1,231753271951.37,0,,,,,,,,,L,,,O,OL,true,2010,,F
dataflow,IMF.STA:QNEA(7.0.0),R,ESP,B1GQ,Q,SA,XDC,Q,2002-Q2,233695963395.17,0,,,,,,,,,L,,,O,OL,true,2010,,F
dataflow,IMF.STA:QNEA(7.0.0),R,ESP,B1GQ,Q,SA,XDC,Q,2002-Q3,235005250583,0,,,,,,,,,L,,,O,OL,true,2010,,F
dataflow,IMF.STA:QNEA(7.0.0),R,ESP,B1GQ,Q,SA,XDC,Q,2002-Q4,236840329381.23,0,,,,,,,,,L,,,O,OL,true,2010,,F
dataflow,IMF.STA:QNEA(7.0.0),R,ESP,B1GQ,Q,SA,XDC,Q,2003-Q1,239122850232.11,0,,,,,,,,,L,,,O,OL,true,2010,,F
dataflow,IMF.STA:QNEA(7.0.0),R,ESP,B1GQ,Q,SA,XDC,Q,2003-Q2,240039445660.64,0,,,,,,,,,L,,,O,OL,true,2010,,F
dataflow,IMF.STA:QNEA(7.0.0),R,ESP,B1GQ,Q,SA,XDC,Q,2003-Q3,241827325930.11,0,,,,,,,,,L,,,O,OL,true,2010,,F
dataflow,IMF.STA:QNEA(7.0.0),R,ESP,B1GQ,Q,SA,XDC,Q,2003-Q4,243854974725.68,0,,,,,,,,,L,,,O,OL,true,2010,,F
dataflow,IMF.STA:QNEA(7.0.0),R,ESP,B1GQ,Q,SA,XDC,Q,2004-Q1,245281314264.83,0,,,,,,,,,L,,,O,OL,true,2010,,F
dataflow,IMF.STA:QNEA(7.0.0),R,ESP,B1GQ,Q,SA,XDC,Q,2004-Q2,247885729081.86,0,,,,,,,,,L,,,O,OL,true,2010,,F
dataflow,IMF.STA:QNEA(7.0.0),R,ESP,B1GQ,Q,SA,XDC,Q,2004-Q3,249976623905.97,0,,,,,,,,,L,,,O,OL,true,2010,,F
dataflow,IMF.STA:QNEA(7.0.0),R,ESP,B1GQ,Q,SA,XDC,Q,2004-Q4,251750344616.81,0,,,,,,,,,L,,,O,OL,true,2010,,F
dataflow,IMF.STA:QNEA(7.0.0),R,ESP,B1GQ,Q,SA,XDC,Q,2005-Q1,253999826497.55,0,,,,,,,,,L,,,O,OL,true,2010,,F
dataflow,IMF.STA:QNEA(7.0.0),R,ESP,B1GQ,Q,SA,XDC,Q,2005-Q2,256254028231.17,0,,,,,,,,,L,,,O,OL,true,2010,,F
dataflow,IMF.STA:QNEA(7.0.0),R,ESP,B1GQ,Q,SA,XDC,Q,2005-Q3,258708351726.74,0,,,,,,,,,L,,,O,OL,true,2010,,F
dataflow,IMF.STA:QNEA(7.0.0),R,ESP,B1GQ,Q,SA,XDC,Q,2005-Q4,261261792132.71,0,,,,,,,,,L,,,O,OL,true,2010,,F
dataflow,IMF.STA:QNEA(7.0.0),R,ESP,B1GQ,Q,SA,XDC,Q,2006-Q1,264301377384.91,0,,,,,,,,,L,,,O,OL,true,2010,,F
dataflow,IMF.STA:QNEA(7.0.0),R,ESP,B1GQ,Q,SA,XDC,Q,2006-Q2,266680183234.47,0,,,,,,,,,L,,,O,OL,true,2010,,F
dataflow,IMF.STA:QNEA(7.0.0),R,ESP,B1GQ,Q,SA,XDC,Q,2006-Q3,269197752758.57,0,,,,,,,,,L,,,O,OL,true,2010,,F
dataflow,IMF.STA:QNEA(7.0.0),R,ESP,B1GQ,Q,SA,XDC,Q,2006-Q4,271703050665.2,0,,,,,,,,,L,,,O,OL,true,2010,,F
dataflow,IMF.STA:QNEA(7.0.0),R,ESP,B1GQ,Q,SA,XDC,Q,2007-Q1,274172477689.98,0,,,,,,,,,L,,,O,OL,true,2010,,F
dataflow,IMF.STA:QNEA(7.0.0),R,ESP,B1GQ,Q,SA,XDC,Q,2007-Q2,276578658686.21,0,,,,,,,,,L,,,O,OL,true,2010,,F
dataflow,IMF.STA:QNEA(7.0.0),R,ESP,B1GQ,Q,SA,XDC,Q,2007-Q3,278651618069.39,0,,,,,,,,,L,,,O,OL,true,2010,,F
dataflow,IMF.STA:QNEA(7.0.0),R,ESP,B1GQ,Q,SA,XDC,Q,2007-Q4,280353597016.51,0,,,,,,,,,L,,,O,OL,true,2010,,F
dataflow,IMF.STA:QNEA(7.0.0),R,ESP,B1GQ,Q,SA,XDC,Q,2008-Q1,280877500685.75,0,,,,,,,,,L,,,O,OL,true,2010,,F
dataflow,IMF.STA:QNEA(7.0.0),R,ESP,B1GQ,Q,SA,XDC,Q,2008-Q2,280976617596.15,0,,,,,,,,,L,,,O,OL,true,2010,,F
dataflow,IMF.STA:QNEA(7.0.0),R,ESP,B1GQ,Q,SA,XDC,Q,2008-Q3,280381916133.77,0,,,,,,,,,L,,,O,OL,true,2010,,F
dataflow,IMF.STA:QNEA(7.0.0),R,ESP,B1GQ,Q,SA,XDC,Q,2008-Q4,276033987664.31,0,,,,,,,,,L,,,O,OL,true,2010,,F
dataflow,IMF.STA:QNEA(7.0.0),R,ESP,B1GQ,Q,SA,XDC,Q,2009-Q1,268652137766.1,0,,,,,,,,,L,,,O,OL,true,2010,,F
dataflow,IMF.STA:QNEA(7.0.0),R,ESP,B1GQ,Q,SA,XDC,Q,2009-Q2,268828660263.66,0,,,,,,,,,L,,,O,OL,true,2010,,F
dataflow,IMF.STA:QNEA(7.0.0),R,ESP,B1GQ,Q,SA,XDC,Q,2009-Q3,269358227756.36,0,,,,,,,,,L,,,O,OL,true,2010,,F
dataflow,IMF.STA:QNEA(7.0.0),R,ESP,B1GQ,Q,SA,XDC,Q,2009-Q4,269293093786.67,0,,,,,,,,,L,,,O,OL,true,2010,,F
dataflow,IMF.STA:QNEA(7.0.0),R,ESP,B1GQ,Q,SA,XDC,Q,2010-Q1,269052381289.99,0,,,,,,,,,L,,,O,OL,true,2010,,F
dataflow,IMF.STA:QNEA(7.0.0),R,ESP,B1GQ,Q,SA,XDC,Q,2010-Q2,269384658932.47,0,,,,,,,,,L,,,O,OL,true,2010,,F
dataflow,IMF.STA:QNEA(7.0.0),R,ESP,B1GQ,Q,SA,XDC,Q,2010-Q3,269214744228.93,0,,,,,,,,,L,,,O,OL,true,2010,,F
dataflow,IMF.STA:QNEA(7.0.0),R,ESP,B1GQ,Q,SA,XDC,Q,2010-Q4,269493215548.62,0,,,,,,,,,L,,,O,OL,true,2010,,F
dataflow,IMF.STA:QNEA(7.0.0),R,ESP,B1GQ,Q,SA,XDC,Q,2011-Q1,269280822169.19,0,,,,,,,,,L,,,O,OL,true,2010,,F
dataflow,IMF.STA:QNEA(7.0.0),R,ESP,B1GQ,Q,SA,XDC,Q,2011-Q2,268584171884.68,0,,,,,,,,,L,,,O,OL,true,2010,,F
dataflow,IMF.STA:QNEA(7.0.0),R,ESP,B1GQ,Q,SA,XDC,Q,2011-Q3,266945438966.1,0,,,,,,,,,L,,,O,OL,true,2010,,F
dataflow,IMF.STA:QNEA(7.0.0),R,ESP,B1GQ,Q,SA,XDC,Q,2011-Q4,265441693839.78,0,,,,,,,,,L,,,O,OL,true,2010,,F
dataflow,IMF.STA:QNEA(7.0.0),R,ESP,B1GQ,Q,SA,XDC,Q,2012-Q1,262943947697.75,0,,,,,,,,,L,,,O,OL,true,2010,,F
dataflow,IMF.STA:QNEA(7.0.0),R,ESP,B1GQ,Q,SA,XDC,Q,2012-Q2,260395227144.66,0,,,,,,,,,L,,,O,OL,true,2010,,F
dataflow,IMF.STA:QNEA(7.0.0),R,ESP,B1GQ,Q,SA,XDC,Q,2012-Q3,259199216425.86,0,,,,,,,,,L,,,O,OL,true,2010,,F
dataflow,IMF.STA:QNEA(7.0.0),R,ESP,B1GQ,Q,SA,XDC,Q,2012-Q4,257049795426.08,0,,,,,,,,,L,,,O,OL,true,2010,,F
dataflow,IMF.STA:QNEA(7.0.0),R,ESP,B1GQ,Q,SA,XDC,Q,2013-Q1,256343705435.82,0,,,,,,,,,L,,,O,OL,true,2010,,F
dataflow,IMF.STA:QNEA(7.0.0),R,ESP,B1GQ,Q,SA,XDC,Q,2013-Q2,256081281615.91,0,,,,,,,,,L,,,O,OL,true,2010,,F
dataflow,IMF.STA:QNEA(7.0.0),R,ESP,B1GQ,Q,SA,XDC,Q,2013-Q3,255918918676.97,0,,,,,,,,,L,,,O,OL,true,2010,,F
dataflow,IMF.STA:QNEA(7.0.0),R,ESP,B1GQ,Q,SA,XDC,Q,2013-Q4,256406007493.78,0,,,,,,,,,L,,,O,OL,true,2010,,F
dataflow,IMF.STA:QNEA(7.0.0),R,ESP,B1GQ,Q,SA,XDC,Q,2014-Q1,257375465274.53,0,,,,,,,,,L,,,O,OL,true,2010,,F
dataflow,IMF.STA:QNEA(7.0.0),R,ESP,B1GQ,Q,SA,XDC,Q,2014-Q2,258764989961.26,0,,,,,,,,,L,,,O,OL,true,2010,,F
dataflow,IMF.STA:QNEA(7.0.0),R,ESP,B1GQ,Q,SA,XDC,Q,2014-Q3,260834173462.14,0,,,,,,,,,L,,,O,OL,true,2010,,F
dataflow,IMF.STA:QNEA(7.0.0),R,ESP,B1GQ,Q,SA,XDC,Q,2014-Q4,263356462839.12,0,,,,,,,,,L,,,O,OL,true,2010,,F
dataflow,IMF.STA:QNEA(7.0.0),R,ESP,B1GQ,Q,SA,XDC,Q,2015-Q1,266562186912.56,0,,,,,,,,,L,,,O,OL,true,2010,,F
dataflow,IMF.STA:QNEA(7.0.0),R,ESP,B1GQ,Q,SA,XDC,Q,2015-Q2,269547021871.4,0,,,,,,,,,L,,,O,OL,true,2010,,F
dataflow,IMF.STA:QNEA(7.0.0),R,ESP,B1GQ,Q,SA,XDC,Q,2015-Q3,272019280807.9,0,,,,,,,,,L,,,O,OL,true,2010,,F
dataflow,IMF.STA:QNEA(7.0.0),R,ESP,B1GQ,Q,SA,XDC,Q,2015-Q4,274449061068.52,0,,,,,,,,,L,,,O,OL,true,2010,,F
dataflow,IMF.STA:QNEA(7.0.0),R,ESP,B1GQ,Q,SA,XDC,Q,2016-Q1,276354937659.88,0,,,,,,,,,L,,,O,OL,true,2010,,F
dataflow,IMF.STA:QNEA(7.0.0),R,ESP,B1GQ,Q,SA,XDC,Q,2016-Q2,277269645147.27,0,,,,,,,,,L,,,O,OL,true,2010,,F
dataflow,IMF.STA:QNEA(7.0.0),R,ESP,B1GQ,Q,SA,XDC,Q,2016-Q3,279461544822.93,0,,,,,,,,,L,,,O,OL,true,2010,,F
dataflow,IMF.STA:QNEA(7.0.0),R,ESP,B1GQ,Q,SA,XDC,Q,2016-Q4,281049303330.44,0,,,,,,,,,L,,,O,OL,true,2010,,F
dataflow,IMF.STA:QNEA(7.0.0),R,ESP,B1GQ,Q,SA,XDC,Q,2017-Q1,283039193303.01,0,,,,,,,,,L,,,O,OL,true,2010,,F
dataflow,IMF.STA:QNEA(7.0.0),R,ESP,B1GQ,Q,SA,XDC,Q,2017-Q2,285999485026.89,0,,,,,,,,,L,,,O,OL,true,2010,,F
dataflow,IMF.STA:QNEA(7.0.0),R,ESP,B1GQ,Q,SA,XDC,Q,2017-Q3,287805300737.29,0,,,,,,,,,L,,,O,OL,true,2010,,F
dataflow,IMF.STA:QNEA(7.0.0),R,ESP,B1GQ,Q,SA,XDC,Q,2017-Q4,289558254095.47,0,,,,,,,,,L,,,O,OL,true,2010,,F
dataflow,IMF.STA:QNEA(7.0.0),R,ESP,B1GQ,Q,SA,XDC,Q,2018-Q1,290795799519.58,0,,,,,,,,,L,,,O,OL,true,2010,,F
dataflow,IMF.STA:QNEA(7.0.0),R,ESP,B1GQ,Q,SA,XDC,Q,2018-Q2,292692236405.19,0,,,,,,,,,L,,,O,OL,true,2010,,F
dataflow,IMF.STA:QNEA(7.0.0),R,ESP,B1GQ,Q,SA,XDC,Q,2018-Q3,294326249470.9,0,,,,,,,,,L,,,O,OL,true,2010,,F
dataflow,IMF.STA:QNEA(7.0.0),R,ESP,B1GQ,Q,SA,XDC,Q,2018-Q4,296048995770.67,0,,,,,,,,,L,,,O,OL,true,2010,,F
dataflow,IMF.STA:QNEA(7.0.0),R,ESP,B1GQ,Q,SA,XDC,Q,2019-Q1,297864251186.82,0,,,,,,,,,L,,,O,OL,true,2010,,F
dataflow,IMF.STA:QNEA(7.0.0),R,ESP,B1GQ,Q,SA,XDC,Q,2019-Q2,298723264410.26,0,,,,,,,,,L,,,O,OL,true,2010,,F
dataflow,IMF.STA:QNEA(7.0.0),R,ESP,B1GQ,Q,SA,XDC,Q,2019-Q3,299295310578.85,0,,,,,,,,,L,,,O,OL,true,2010,,F
dataflow,IMF.STA:QNEA(7.0.0),R,ESP,B1GQ,Q,SA,XDC,Q,2019-Q4,301002953349.42,0,,,,,,,,,L,,,O,OL,true,2010,,F
dataflow,IMF.STA:QNEA(7.0.0),R,ESP,B1GQ,Q,SA,XDC,Q,2020-Q1,285418943123.13,0,,,,,,,,,L,,,O,OL,true,2010,,F
dataflow,IMF.STA:QNEA(7.0.0),R,ESP,B1GQ,Q,SA,XDC,Q,2020-Q2,234641821911.54,0,,,,,,,,,L,,,O,OL,true,2010,,F
dataflow,IMF.STA:QNEA(7.0.0),R,ESP,B1GQ,Q,SA,XDC,Q,2020-Q3,271955090808.79,0,,,,,,,,,L,,,O,OL,true,2010,,F
dataflow,IMF.STA:QNEA(7.0.0),R,ESP,B1GQ,Q,SA,XDC,Q,2020-Q4,273928933281.57,0,,,,,,,,,L,,,O,OL,true,2010,,F
dataflow,IMF.STA:QNEA(7.0.0),R,ESP,B1GQ,Q,SA,XDC,Q,2021-Q1,277220558677.36,0,,,,,,,,,L,,,O,OL,true,2010,,F
dataflow,IMF.STA:QNEA(7.0.0),R,ESP,B1GQ,Q,SA,XDC,Q,2021-Q2,281020984213.19,0,,,,,,,,,L,,,O,OL,true,2010,,F
dataflow,IMF.STA:QNEA(7.0.0),R,ESP,B1GQ,Q,SA,XDC,Q,2021-Q3,286560203548.57,0,,,,,,,,,L,,,O,OL,true,2010,,F
dataflow,IMF.STA:QNEA(7.0.0),R,ESP,B1GQ,Q,SA,XDC,Q,2021-Q4,292381670085.95,0,,,,,,,,,L,,,O,OL,true,2010,,F
dataflow,IMF.STA:QNEA(7.0.0),R,ESP,B1GQ,Q,SA,XDC,Q,2022-Q1,296976918846.11,0,,,,,,,,,L,,,O,OL,true,2010,,F
dataflow,IMF.STA:QNEA(7.0.0),R,ESP,B1GQ,Q,SA,XDC,Q,2022-Q2,302029993335.26,0,,,,,,,,,L,,,O,OL,true,2010,,F
dataflow,IMF.STA:QNEA(7.0.0),R,ESP,B1GQ,Q,SA,XDC,Q,2022-Q3,304493756536.58,0,,,,,,,,,L,,,O,OL,true,2010,,F
dataflow,IMF.STA:QNEA(7.0.0),R,ESP,B1GQ,Q,SA,XDC,Q,2022-Q4,306125881661.13,0,,,,,,,,,L,,,O,OL,true,2010,,F
dataflow,IMF.STA:QNEA(7.0.0),R,ESP,B1GQ,Q,SA,XDC,Q,2023-Q1,307687208992.54,0,,,,,,,,,L,,,O,OL,true,2010,,F
dataflow,IMF.STA:QNEA(7.0.0),R,ESP,B1GQ,Q,SA,XDC,Q,2023-Q2,308129931192.32,0,,,,,,,,,L,,,O,OL,true,2010,,F
dataflow,IMF.STA:QNEA(7.0.0),R,ESP,B1GQ,Q,SA,XDC,Q,2023-Q3,310563487335.23,0,,,,,,,,,L,,,O,OL,true,2010,,F
dataflow,IMF.STA:QNEA(7.0.0),R,ESP,B1GQ,Q,SA,XDC,Q,2023-Q4,313012147007.35,0,,,,,,,,,L,,,O,OL,true,2010,,F
dataflow,IMF.STA:QNEA(7.0.0),R,ESP,B1GQ,Q,SA,XDC,Q,2024-Q1,316496342400.48,0,,,,,,,,,L,,,O,OL,true,2010,,F
dataflow,IMF.STA:QNEA(7.0.0),R,ESP,B1GQ,Q,SA,XDC,Q,2024-Q2,319404715742.73,0,,,,,,,,,L,,,O,OL,true,2010,,F
dataflow,IMF.STA:QNEA(7.0.0),R,ESP,B1GQ,Q,SA,XDC,Q,2024-Q3,321848655561.97,0,,,,,,,,,L,,,O,OL,true,2010,,F
dataflow,IMF.STA:QNEA(7.0.0),R,ESP,B1GQ,Q,SA,XDC,Q,2024-Q4,324467229937.63,0,,,,,,,,,L,,,O,OL,true,2010,,F
dataflow,IMF.STA:QNEA(7.0.0),R,ESP,B1GQ,Q,SA,XDC,Q,2025-Q1,326246614471.92,0,,,,,,,,,L,,,O,OL,true,2010,,F
dataflow,IMF.STA:QNEA(7.0.0),R,ESP,B1GQ,Q,SA,XDC,Q,2025-Q2,328577277822.13,0,,,,,,,,,L,,,O,OL,true,2010,,F
dataflow,IMF.STA:QNEA(7.0.0),R,ESP,B1GQ,Q,SA,XDC,Q,2025-Q3,330538848677.44,0,,,,,,,,,L,,,O,OL,true,2010,,F
dataflow,IMF.STA:QNEA(7.0.0),R,ESP,B1GQ,Q,SA,XDC,Q,2025-Q4,333076241583.62,0,,,,,,,,,L,,,O,OL,true,2010,,F
dataflow,IMF.STA:QNEA(7.0.0),R,ESP,B1GQ,Q,SA,XDC,Q,2026-Q1,335153920819.68,0,,,,,,,,,L,,,O,OL,true,2010,,F
dataflow,IMF.STA:QNEA(7.0.0),R,ESP,B1GQ,Q,SA,XDC,Q,2026-Q2,337477032405.29,0,,,,,,,,,L,,,O,OL,true,2010,,F
dataflow,IMF.STA:QNEA(7.0.0),R,EST,B1GQ,Q,SA,XDC,Q,1995-Q1,1953534311.6848,0,,,,,,,,,L,,,O,OL,true,2010,,F
dataflow,IMF.STA:QNEA(7.0.0),R,EST,B1GQ,Q,SA,XDC,Q,1995-Q2,1934075932.2277,0,,,,,,,,,L,,,O,OL,true,2010,,F
dataflow,IMF.STA:QNEA(7.0.0),R,EST,B1GQ,Q,SA,XDC,Q,1995-Q3,1926855937.6274,0,,,,,,,,,L,,,O,OL,true,2010,,F
dataflow,IMF.STA:QNEA(7.0.0),R,EST,B1GQ,Q,SA,XDC,Q,1995-Q4,1947539015.9641,0,,,,,,,,,L,,,O,OL,true,2010,,F
dataflow,IMF.STA:QNEA(7.0.0),R,EST,B1GQ,Q,SA,XDC,Q,1996-Q1,1966559956.8717,0,,,,,,,,,L,,,O,OL,true,2010,,F
dataflow,IMF.STA:QNEA(7.0.0),R,EST,B1GQ,Q,SA,XDC,Q,1996-Q2,2000215981.2748,0,,,,,,,,,L,,,O,OL,true,2010,,F
dataflow,IMF.STA:QNEA(7.0.0),R,EST,B1GQ,Q,SA,XDC,Q,1996-Q3,2062904847.378,0,,,,,,,,,L,,,O,OL,true,2010,,F
dataflow,IMF.STA:QNEA(7.0.0),R,EST,B1GQ,Q,SA,XDC,Q,1996-Q4,2106040188.8093,0,,,,,,,,,L,,,O,OL,true,2010,,F
dataflow,IMF.STA:QNEA(7.0.0),R,EST,B1GQ,Q,SA,XDC,Q,1997-Q1,2182060785.1949,0,,,,,,,,,L,,,O,OL,true,2010,,F
dataflow,IMF.STA:QNEA(7.0.0),R,EST,B1GQ,Q,SA,XDC,Q,1997-Q2,2272784436.1864,0,,,,,,,,,L,,,O,OL,true,2010,,F
dataflow,IMF.STA:QNEA(7.0.0),R,EST,B1GQ,Q,SA,XDC,Q,1997-Q3,2334770360.5523,0,,,,,,,,,L,,,O,OL,true,2010,,F
dataflow,IMF.STA:QNEA(7.0.0),R,EST,B1GQ,Q,SA,XDC,Q,1997-Q4,2409801432.3647,0,,,,,,,,,L,,,O,OL,true,2010,,F
dataflow,IMF.STA:QNEA(7.0.0),R,EST,B1GQ,Q,SA,XDC,Q,1998-Q1,2427409750.0463,0,,,,,,,,,L,,,O,OL,true,2010,,F
dataflow,IMF.STA:QNEA(7.0.0),R,EST,B1GQ,Q,SA,XDC,Q,1998-Q2,2414160402.4706,0,,,,,,,,,L,,,O,OL,true,2010,,F
dataflow,IMF.STA:QNEA(7.0.0),R,EST,B1GQ,Q,SA,XDC,Q,1998-Q3,2413505499.3873,0,,,,,,,,,L,,,O,OL,true,2010,,F
dataflow,IMF.STA:QNEA(7.0.0),R,EST,B1GQ,Q,SA,XDC,Q,1998-Q4,2367472208.2276,0,,,,,,,,,L,,,O,OL,true,2010,,F
dataflow,IMF.STA:QNEA(7.0.0),R,EST,B1GQ,Q,SA,XDC,Q,1999-Q1,2350281898.5354,0,,,,,,,,,L,,,O,OL,true,2010,,F
dataflow,IMF.STA:QNEA(7.0.0),R,EST,B1GQ,Q,SA,XDC,Q,1999-Q2,2371373305.4312,0,,,,,,,,,L,,,O,OL,true,2010,,F
dataflow,IMF.STA:QNEA(7.0.0),R,EST,B1GQ,Q,SA,XDC,Q,1999-Q3,2394385398.0938,0,,,,,,,,,L,,,O,OL,true,2010,,F
dataflow,IMF.STA:QNEA(7.0.0),R,EST,B1GQ,Q,SA,XDC,Q,1999-Q4,2457379632.2977,0,,,,,,,,,L,,,O,OL,true,2010,,F
dataflow,IMF.STA:QNEA(7.0.0),R,EST,B1GQ,Q,SA,XDC,Q,2000-Q1,2551358726.6429,0,,,,,,,,,L,,,O,OL,true,2010,,F
dataflow,IMF.STA:QNEA(7.0.0),R,EST,B1GQ,Q,SA,XDC,Q,2000-Q2,2614328869.8203,0,,,,,,,,,L,,,O,OL,true,2010,,F
dataflow,IMF.STA:QNEA(7.0.0),R,EST,B1GQ,Q,SA,XDC,Q,2000-Q3,2646654295.2066,0,,,,,,,,,L,,,O,OL,true,2010,,F
dataflow,IMF.STA:QNEA(7.0.0),R,EST,B1GQ,Q,SA,XDC,Q,2000-Q4,2705357458.7156,0,,,,,,,,,L,,,O,OL,true,2010,,F
dataflow,IMF.STA:QNEA(7.0.0),R,EST,B1GQ,Q,SA,XDC,Q,2001-Q1,2742363641.4902,0,,,,,,,,,L,,,O,OL,true,2010,,F
dataflow,IMF.STA:QNEA(7.0.0),R,EST,B1GQ,Q,SA,XDC,Q,2001-Q2,2745405492.0822,0,,,,,,,,,L,,,O,OL,true,2010,,F
dataflow,IMF.STA:QNEA(7.0.0),R,EST,B1GQ,Q,SA,XDC,Q,2001-Q3,2801760712.6015,0,,,,,,,,,L,,,O,OL,true,2010,,F
dataflow,IMF.STA:QNEA(7.0.0),R,EST,B1GQ,Q,SA,XDC,Q,2001-Q4,2843684547.8583,0,,,,,,,,,L,,,O,OL,true,2010,,F
dataflow,IMF.STA:QNEA(7.0.0),R,EST,B1GQ,Q,SA,XDC,Q,2002-Q1,2866073930.5058,0,,,,,,,,,L,,,O,OL,true,2010,,F
dataflow,IMF.STA:QNEA(7.0.0),R,EST,B1GQ,Q,SA,XDC,Q,2002-Q2,2967199885.978,0,,,,,,,,,L,,,O,OL,true,2010,,F
dataflow,IMF.STA:QNEA(7.0.0),R,EST,B1GQ,Q,SA,XDC,Q,2002-Q3,3027614229.3627,0,,,,,,,,,L,,,O,OL,true,2010,,F
dataflow,IMF.STA:QNEA(7.0.0),R,EST,B1GQ,Q,SA,XDC,Q,2002-Q4,3050209102.7303,0,,,,,,,,,L,,,O,OL,true,2010,,F
dataflow,IMF.STA:QNEA(7.0.0),R,EST,B1GQ,Q,SA,XDC,Q,2003-Q1,3118740544.6542,0,,,,,,,,,L,,,O,OL,true,2010,,F
dataflow,IMF.STA:QNEA(7.0.0),R,EST,B1GQ,Q,SA,XDC,Q,2003-Q2,3191397072.9684,0,,,,,,,,,L,,,O,OL,true,2010,,F
dataflow,IMF.STA:QNEA(7.0.0),R,EST,B1GQ,Q,SA,XDC,Q,2003-Q3,3223427526.6792,0,,,,,,,,,L,,,O,OL,true,2010,,F
dataflow,IMF.STA:QNEA(7.0.0),R,EST,B1GQ,Q,SA,XDC,Q,2003-Q4,3307300650.5095,0,,,,,,,,,L,,,O,OL,true,2010,,F
dataflow,IMF.STA:QNEA(7.0.0),R,EST,B1GQ,Q,SA,XDC,Q,2004-Q1,3384111303.5049,0,,,,,,,,,L,,,O,OL,true,2010,,F
dataflow,IMF.STA:QNEA(7.0.0),R,EST,B1GQ,Q,SA,XDC,Q,2004-Q2,3360682565.143,0,,,,,,,,,L,,,O,OL,true,2010,,F
dataflow,IMF.STA:QNEA(7.0.0),R,EST,B1GQ,Q,SA,XDC,Q,2004-Q3,3436499965.1921,0,,,,,,,,,L,,,O,OL,true,2010,,F
dataflow,IMF.STA:QNEA(7.0.0),R,EST,B1GQ,Q,SA,XDC,Q,2004-Q4,3508469110.557,0,,,,,,,,,L,,,O,OL,true,2010,,F
dataflow,IMF.STA:QNEA(7.0.0),R,EST,B1GQ,Q,SA,XDC,Q,2005-Q1,3570190822.3258,0,,,,,,,,,L,,,O,OL,true,2010,,F
dataflow,IMF.STA:QNEA(7.0.0),R,EST,B1GQ,Q,SA,XDC,Q,2005-Q2,3711376211.3826,0,,,,,,,,,L,,,O,OL,true,2010,,F
dataflow,IMF.STA:QNEA(7.0.0),R,EST,B1GQ,Q,SA,XDC,Q,2005-Q3,3799950885.4514,0,,,,,,,,,L,,,O,OL,true,2010,,F
dataflow,IMF.STA:QNEA(7.0.0),R,EST,B1GQ,Q,SA,XDC,Q,2005-Q4,3887191590.6277,0,,,,,,,,,L,,,O,OL,true,2010,,F
dataflow,IMF.STA:QNEA(7.0.0),R,EST,B1GQ,Q,SA,XDC,Q,2006-Q1,3977006307.2655,0,,,,,,,,,L,,,O,OL,true,2010,,F
dataflow,IMF.STA:QNEA(7.0.0),R,EST,B1GQ,Q,SA,XDC,Q,2006-Q2,4060277227.133,0,,,,,,,,,L,,,O,OL,true,2010,,F
dataflow,IMF.STA:QNEA(7.0.0),R,EST,B1GQ,Q,SA,XDC,Q,2006-Q3,4152737798.1149,0,,,,,,,,,L,,,O,OL,true,2010,,F
dataflow,IMF.STA:QNEA(7.0.0),R,EST,B1GQ,Q,SA,XDC,Q,2006-Q4,4256123793.0098,0,,,,,,,,,L,,,O,OL,true,2010,,F
dataflow,IMF.STA:QNEA(7.0.0),R,EST,B1GQ,Q,SA,XDC,Q,2007-Q1,4396741393.8559,0,,,,,,,,,L,,,O,OL,true,2010,,F
dataflow,IMF.STA:QNEA(7.0.0),R,EST,B1GQ,Q,SA,XDC,Q,2007-Q2,4413623897.6649,0,,,,,,,,,L,,,O,OL,true,2010,,F
dataflow,IMF.STA:QNEA(7.0.0),R,EST,B1GQ,Q,SA,XDC,Q,2007-Q3,4423070304.6302,0,,,,,,,,,L,,,O,OL,true,2010,,F
dataflow,IMF.STA:QNEA(7.0.0),R,EST,B1GQ,Q,SA,XDC,Q,2007-Q4,4396645029.7499,0,,,,,,,,,L,,,O,OL,true,2010,,F
dataflow,IMF.STA:QNEA(7.0.0),R,EST,B1GQ,Q,SA,XDC,Q,2008-Q1,4298700595.4638,0,,,,,,,,,L,,,O,OL,true,2010,,F
dataflow,IMF.STA:QNEA(7.0.0),R,EST,B1GQ,Q,SA,XDC,Q,2008-Q2,4343443582.7165,0,,,,,,,,,L,,,O,OL,true,2010,,F
dataflow,IMF.STA:QNEA(7.0.0),R,EST,B1GQ,Q,SA,XDC,Q,2008-Q3,4344944539.7064,0,,,,,,,,,L,,,O,OL,true,2010,,F
dataflow,IMF.STA:QNEA(7.0.0),R,EST,B1GQ,Q,SA,XDC,Q,2008-Q4,3829360794.7358,0,,,,,,,,,L,,,O,OL,true,2010,,F
dataflow,IMF.STA:QNEA(7.0.0),R,EST,B1GQ,Q,SA,XDC,Q,2009-Q1,3728325395.7114,0,,,,,,,,,L,,,O,OL,true,2010,,F
dataflow,IMF.STA:QNEA(7.0.0),R,EST,B1GQ,Q,SA,XDC,Q,2009-Q2,3601805490.7312,0,,,,,,,,,L,,,O,OL,true,2010,,F
dataflow,IMF.STA:QNEA(7.0.0),R,EST,B1GQ,Q,SA,XDC,Q,2009-Q3,3536787753.7009,0,,,,,,,,,L,,,O,OL,true,2010,,F
dataflow,IMF.STA:QNEA(7.0.0),R,EST,B1GQ,Q,SA,XDC,Q,2009-Q4,3554558327.314,0,,,,,,,,,L,,,O,OL,true,2010,,F
dataflow,IMF.STA:QNEA(7.0.0),R,EST,B1GQ,Q,SA,XDC,Q,2010-Q1,3591501701.341,0,,,,,,,,,L,,,O,OL,true,2010,,F
dataflow,IMF.STA:QNEA(7.0.0),R,EST,B1GQ,Q,SA,XDC,Q,2010-Q2,3648797905.8831,0,,,,,,,,,L,,,O,OL,true,2010,,F
dataflow,IMF.STA:QNEA(7.0.0),R,EST,B1GQ,Q,SA,XDC,Q,2010-Q3,3706141145.2865,0,,,,,,,,,L,,,O,OL,true,2010,,F
dataflow,IMF.STA:QNEA(7.0.0),R,EST,B1GQ,Q,SA,XDC,Q,2010-Q4,3789573747.4895,0,,,,,,,,,L,,,O,OL,true,2010,,F
dataflow,IMF.STA:QNEA(7.0.0),R,EST,B1GQ,Q,SA,XDC,Q,2011-Q1,3887138604.7093,0,,,,,,,,,L,,,O,OL,true,2010,,F
dataflow,IMF.STA:QNEA(7.0.0),R,EST,B1GQ,Q,SA,XDC,Q,2011-Q2,3942173766.0359,0,,,,,,,,,L,,,O,OL,true,2010,,F
dataflow,IMF.STA:QNEA(7.0.0),R,EST,B1GQ,Q,SA,XDC,Q,2011-Q3,3993803273.5907,0,,,,,,,,,L,,,O,OL,true,2010,,F
dataflow,IMF.STA:QNEA(7.0.0),R,EST,B1GQ,Q,SA,XDC,Q,2011-Q4,3993163785.8964,0,,,,,,,,,L,,,O,OL,true,2010,,F
dataflow,IMF.STA:QNEA(7.0.0),R,EST,B1GQ,Q,SA,XDC,Q,2012-Q1,4020592208.2518,0,,,,,,,,,L,,,O,OL,true,2010,,F
dataflow,IMF.STA:QNEA(7.0.0),R,EST,B1GQ,Q,SA,XDC,Q,2012-Q2,4087410749.5123,0,,,,,,,,,L,,,O,OL,true,2010,,F
dataflow,IMF.STA:QNEA(7.0.0),R,EST,B1GQ,Q,SA,XDC,Q,2012-Q3,4121667400.4896,0,,,,,,,,,L,,,O,OL,true,2010,,F
dataflow,IMF.STA:QNEA(7.0.0),R,EST,B1GQ,Q,SA,XDC,Q,2012-Q4,4165090973.845,0,,,,,,,,,L,,,O,OL,true,2010,,F
dataflow,IMF.STA:QNEA(7.0.0),R,EST,B1GQ,Q,SA,XDC,Q,2013-Q1,4180726767.0331,0,,,,,,,,,L,,,O,OL,true,2010,,F
dataflow,IMF.STA:QNEA(7.0.0),R,EST,B1GQ,Q,SA,XDC,Q,2013-Q2,4172248876.6925,0,,,,,,,,,L,,,O,OL,true,2010,,F
dataflow,IMF.STA:QNEA(7.0.0),R,EST,B1GQ,Q,SA,XDC,Q,2013-Q3,4165169914.9765,0,,,,,,,,,L,,,O,OL,true,2010,,F
dataflow,IMF.STA:QNEA(7.0.0),R,EST,B1GQ,Q,SA,XDC,Q,2013-Q4,4159900074.6308,0,,,,,,,,,L,,,O,OL,true,2010,,F
dataflow,IMF.STA:QNEA(7.0.0),R,EST,B1GQ,Q,SA,XDC,Q,2014-Q1,4238166370.5425,0,,,,,,,,,L,,,O,OL,true,2010,,F
dataflow,IMF.STA:QNEA(7.0.0),R,EST,B1GQ,Q,SA,XDC,Q,2014-Q2,4258630120.1588,0,,,,,,,,,L,,,O,OL,true,2010,,F
dataflow,IMF.STA:QNEA(7.0.0),R,EST,B1GQ,Q,SA,XDC,Q,2014-Q3,4313000627.2723,0,,,,,,,,,L,,,O,OL,true,2010,,F
dataflow,IMF.STA:QNEA(7.0.0),R,EST,B1GQ,Q,SA,XDC,Q,2014-Q4,4382467675.7578,0,,,,,,,,,L,,,O,OL,true,2010,,F
dataflow,IMF.STA:QNEA(7.0.0),R,EST,B1GQ,Q,SA,XDC,Q,2015-Q1,4318928883.9759,0,,,,,,,,,L,,,O,OL,true,2010,,F
dataflow,IMF.STA:QNEA(7.0.0),R,EST,B1GQ,Q,SA,XDC,Q,2015-Q2,4400599973.2657,0,,,,,,,,,L,,,O,OL,true,2010,,F
dataflow,IMF.STA:QNEA(7.0.0),R,EST,B1GQ,Q,SA,XDC,Q,2015-Q3,4436175249.4459,0,,,,,,,,,L,,,O,OL,true,2010,,F
dataflow,IMF.STA:QNEA(7.0.0),R,EST,B1GQ,Q,SA,XDC,Q,2015-Q4,4429433060.2044,0,,,,,,,,,L,,,O,OL,true,2010,,F
dataflow,IMF.STA:QNEA(7.0.0),R,EST,B1GQ,Q,SA,XDC,Q,2016-Q1,4499299689.9121,0,,,,,,,,,L,,,O,OL,true,2010,,F
dataflow,IMF.STA:QNEA(7.0.0),R,EST,B1GQ,Q,SA,XDC,Q,2016-Q2,4489332959.7943,0,,,,,,,,,L,,,O,OL,true,2010,,F
dataflow,IMF.STA:QNEA(7.0.0),R,EST,B1GQ,Q,SA,XDC,Q,2016-Q3,4537337843.3542,0,,,,,,,,,L,,,O,OL,true,2010,,F
dataflow,IMF.STA:QNEA(7.0.0),R,EST,B1GQ,Q,SA,XDC,Q,2016-Q4,4592154177.8569,0,,,,,,,,,L,,,O,OL,true,2010,,F
dataflow,IMF.STA:QNEA(7.0.0),R,EST,B1GQ,Q,SA,XDC,Q,2017-Q1,4683395068.9231,0,,,,,,,,,L,,,O,OL,true,2010,,F
dataflow,IMF.STA:QNEA(7.0.0),R,EST,B1GQ,Q,SA,XDC,Q,2017-Q2,4763428542.0072,0,,,,,,,,,L,,,O,OL,true,2010,,F
dataflow,IMF.STA:QNEA(7.0.0),R,EST,B1GQ,Q,SA,XDC,Q,2017-Q3,4782477804.2109,0,,,,,,,,,L,,,O,OL,true,2010,,F
dataflow,IMF.STA:QNEA(7.0.0),R,EST,B1GQ,Q,SA,XDC,Q,2017-Q4,4851397929.0355,0,,,,,,,,,L,,,O,OL,true,2010,,F
dataflow,IMF.STA:QNEA(7.0.0),R,EST,B1GQ,Q,SA,XDC,Q,2018-Q1,4882234442.9452,0,,,,,,,,,L,,,O,OL,true,2010,,F
dataflow,IMF.STA:QNEA(7.0.0),R,EST,B1GQ,Q,SA,XDC,Q,2018-Q2,4930466470.4692,0,,,,,,,,,L,,,O,OL,true,2010,,F
dataflow,IMF.STA:QNEA(7.0.0),R,EST,B1GQ,Q,SA,XDC,Q,2018-Q3,4966384255.0827,0,,,,,,,,,L,,,O,OL,true,2010,,F
dataflow,IMF.STA:QNEA(7.0.0),R,EST,B1GQ,Q,SA,XDC,Q,2018-Q4,5014929107.4537,0,,,,,,,,,L,,,O,OL,true,2010,,F
dataflow,IMF.STA:QNEA(7.0.0),R,EST,B1GQ,Q,SA,XDC,Q,2019-Q1,5111165875.1387,0,,,,,,,,,L,,,O,OL,true,2010,,F
dataflow,IMF.STA:QNEA(7.0.0),R,EST,B1GQ,Q,SA,XDC,Q,2019-Q2,5119968564.1401,0,,,,,,,,,L,,,O,OL,true,2010,,F
dataflow,IMF.STA:QNEA(7.0.0),R,EST,B1GQ,Q,SA,XDC,Q,2019-Q3,5130159426.8436,0,,,,,,,,,L,,,O,OL,true,2010,,F
dataflow,IMF.STA:QNEA(7.0.0),R,EST,B1GQ,Q,SA,XDC,Q,2019-Q4,5157571501.7168,0,,,,,,,,,L,,,O,OL,true,2010,,F
dataflow,IMF.STA:QNEA(7.0.0),R,EST,B1GQ,Q,SA,XDC,Q,2020-Q1,5064806996.6239,0,,,,,,,,,L,,,O,OL,true,2010,,F
dataflow,IMF.STA:QNEA(7.0.0),R,EST,B1GQ,Q,SA,XDC,Q,2020-Q2,4809952042.5364,0,,,,,,,,,L,,,O,OL,true,2010,,F
dataflow,IMF.STA:QNEA(7.0.0),R,EST,B1GQ,Q,SA,XDC,Q,2020-Q3,5021784079.9829,0,,,,,,,,,L,,,O,OL,true,2010,,F
dataflow,IMF.STA:QNEA(7.0.0),R,EST,B1GQ,Q,SA,XDC,Q,2020-Q4,5112434669.2006,0,,,,,,,,,L,,,O,OL,true,2010,,F
dataflow,IMF.STA:QNEA(7.0.0),R,EST,B1GQ,Q,SA,XDC,Q,2021-Q1,5296656311.0023,0,,,,,,,,,L,,,O,OL,true,2010,,F
dataflow,IMF.STA:QNEA(7.0.0),R,EST,B1GQ,Q,SA,XDC,Q,2021-Q2,5435890685.4106,0,,,,,,,,,L,,,O,OL,true,2010,,F
dataflow,IMF.STA:QNEA(7.0.0),R,EST,B1GQ,Q,SA,XDC,Q,2021-Q3,5413922824.0272,0,,,,,,,,,L,,,O,OL,true,2010,,F
dataflow,IMF.STA:QNEA(7.0.0),R,EST,B1GQ,Q,SA,XDC,Q,2021-Q4,5507519903.5237,0,,,,,,,,,L,,,O,OL,true,2010,,F
dataflow,IMF.STA:QNEA(7.0.0),R,EST,B1GQ,Q,SA,XDC,Q,2022-Q1,5541915221.3023,0,,,,,,,,,L,,,O,OL,true,2010,,F
dataflow,IMF.STA:QNEA(7.0.0),R,EST,B1GQ,Q,SA,XDC,Q,2022-Q2,5454719256.6038,0,,,,,,,,,L,,,O,OL,true,2010,,F
dataflow,IMF.STA:QNEA(7.0.0),R,EST,B1GQ,Q,SA,XDC,Q,2022-Q3,5429742598.0903,0,,,,,,,,,L,,,O,OL,true,2010,,F
dataflow,IMF.STA:QNEA(7.0.0),R,EST,B1GQ,Q,SA,XDC,Q,2022-Q4,5345225111.0008,0,,,,,,,,,L,,,O,OL,true,2010,,F
dataflow,IMF.STA:QNEA(7.0.0),R,EST,B1GQ,Q,SA,XDC,Q,2023-Q1,5277821788.752,0,,,,,,,,,L,,,O,OL,true,2010,,F
dataflow,IMF.STA:QNEA(7.0.0),R,EST,B1GQ,Q,SA,XDC,Q,2023-Q2,5282156094.2355,0,,,,,,,,,L,,,O,OL,true,2010,,F
dataflow,IMF.STA:QNEA(7.0.0),R,EST,B1GQ,Q,SA,XDC,Q,2023-Q3,5270965884.1295,0,,,,,,,,,L,,,O,OL,true,2010,,F
dataflow,IMF.STA:QNEA(7.0.0),R,EST,B1GQ,Q,SA,XDC,Q,2023-Q4,5291774006.3656,0,,,,,,,,,L,,,O,OL,true,2010,,F
dataflow,IMF.STA:QNEA(7.0.0),R,EST,B1GQ,Q,SA,XDC,Q,2024-Q1,5295957527.8351,0,,,,,,,,,L,,,O,OL,true,2010,,F
dataflow,IMF.STA:QNEA(7.0.0),R,EST,B1GQ,Q,SA,XDC,Q,2024-Q2,5269008775.025,0,,,,,,,,,L,,,O,OL,true,2010,,F
dataflow,IMF.STA:QNEA(7.0.0),R,EST,B1GQ,Q,SA,XDC,Q,2024-Q3,5296939954.1595,0,,,,,,,,,L,,,O,OL,true,2010,,F
dataflow,IMF.STA:QNEA(7.0.0),R,EST,B1GQ,Q,SA,XDC,Q,2024-Q4,5304995104.3448,0,,,,,,,,,L,,,O,OL,true,2010,,F
dataflow,IMF.STA:QNEA(7.0.0),R,EST,B1GQ,Q,SA,XDC,Q,2025-Q1,5303142963.2842,0,,,,,,,,,L,,,O,OL,true,2010,,F
dataflow,IMF.STA:QNEA(7.0.0),R,EST,B1GQ,Q,SA,XDC,Q,2025-Q2,5368610542.8746,0,,,,,,,,,L,,,O,OL,true,2010,,F
dataflow,IMF.STA:QNEA(7.0.0),R,EST,B1GQ,Q,SA,XDC,Q,2025-Q3,5376834975.5407,0,,,,,,,,,L,,,O,OL,true,2010,,F
dataflow,IMF.STA:QNEA(7.0.0),R,EST,B1GQ,Q,SA,XDC,Q,2025-Q4,5392149339.9439,0,,,,,,,,,L,,,O,OL,true,2010,,F
dataflow,IMF.STA:QNEA(7.0.0),R,EST,B1GQ,Q,SA,XDC,Q,2026-Q1,5444985764.9062,0,,,,,,,,,L,,,O,OL,true,2010,,F
dataflow,IMF.STA:QNEA(7.0.0),R,EST,B1GQ,Q,SA,XDC,Q,2026-Q2,5463850472.639,0,,,,,,,,,L,,,O,OL,true,2010,,F
dataflow,IMF.STA:QNEA(7.0.0),R,FIN,B1GQ,Q,SA,XDC,Q,1990-Q1,32131245833.511,0,,,,,,,,,L,,,O,OL,true,2010,,F
dataflow,IMF.STA:QNEA(7.0.0),R,FIN,B1GQ,Q,SA,XDC,Q,1990-Q2,31703210492.569,0,,,,,,,,,L,,,O,OL,true,2010,,F
dataflow,IMF.STA:QNEA(7.0.0),R,FIN,B1GQ,Q,SA,XDC,Q,1990-Q3,31007988164.275,0,,,,,,,,,L,,,O,OL,true,2010,,F
dataflow,IMF.STA:QNEA(7.0.0),R,FIN,B1GQ,Q,SA,XDC,Q,1990-Q4,30834629383.184,0,,,,,,,,,L,,,O,OL,true,2010,,F
dataflow,IMF.STA:QNEA(7.0.0),R,FIN,B1GQ,Q,SA,XDC,Q,1991-Q1,30239490474.901,0,,,,,,,,,L,,,O,OL,true,2010,,F
dataflow,IMF.STA:QNEA(7.0.0),R,FIN,B1GQ,Q,SA,XDC,Q,1991-Q2,29872220067.538,0,,,,,,,,,L,,,O,OL,true,2010,,F
dataflow,IMF.STA:QNEA(7.0.0),R,FIN,B1GQ,Q,SA,XDC,Q,1991-Q3,29257421916.039,0,,,,,,,,,L,,,O,OL,true,2010,,F
dataflow,IMF.STA:QNEA(7.0.0),R,FIN,B1GQ,Q,SA,XDC,Q,1991-Q4,28917853169.571,0,,,,,,,,,L,,,O,OL,true,2010,,F
dataflow,IMF.STA:QNEA(7.0.0),R,FIN,B1GQ,Q,SA,XDC,Q,1992-Q1,29007213366.01,0,,,,,,,,,L,,,O,OL,true,2010,,F
dataflow,IMF.STA:QNEA(7.0.0),R,FIN,B1GQ,Q,SA,XDC,Q,1992-Q2,28685516658.83,0,,,,,,,,,L,,,O,OL,true,2010,,F
dataflow,IMF.STA:QNEA(7.0.0),R,FIN,B1GQ,Q,SA,XDC,Q,1992-Q3,28441563322.552,0,,,,,,,,,L,,,O,OL,true,2010,,F
dataflow,IMF.STA:QNEA(7.0.0),R,FIN,B1GQ,Q,SA,XDC,Q,1992-Q4,28234247666.814,0,,,,,,,,,L,,,O,OL,true,2010,,F
dataflow,IMF.STA:QNEA(7.0.0),R,FIN,B1GQ,Q,SA,XDC,Q,1993-Q1,28274459755.211,0,,,,,,,,,L,,,O,OL,true,2010,,F
dataflow,IMF.STA:QNEA(7.0.0),R,FIN,B1GQ,Q,SA,XDC,Q,1993-Q2,28215482025.562,0,,,,,,,,,L,,,O,OL,true,2010,,F
dataflow,IMF.STA:QNEA(7.0.0),R,FIN,B1GQ,Q,SA,XDC,Q,1993-Q3,28386160000.76,0,,,,,,,,,L,,,O,OL,true,2010,,F
dataflow,IMF.STA:QNEA(7.0.0),R,FIN,B1GQ,Q,SA,XDC,Q,1993-Q4,28597943666.32,0,,,,,,,,,L,,,O,OL,true,2010,,F
dataflow,IMF.STA:QNEA(7.0.0),R,FIN,B1GQ,Q,SA,XDC,Q,1994-Q1,28775770457.233,0,,,,,,,,,L,,,O,OL,true,2010,,F
dataflow,IMF.STA:QNEA(7.0.0),R,FIN,B1GQ,Q,SA,XDC,Q,1994-Q2,29037595832.799,0,,,,,,,,,L,,,O,OL,true,2010,,F
dataflow,IMF.STA:QNEA(7.0.0),R,FIN,B1GQ,Q,SA,XDC,Q,1994-Q3,29702435694.304,0,,,,,,,,,L,,,O,OL,true,2010,,F
dataflow,IMF.STA:QNEA(7.0.0),R,FIN,B1GQ,Q,SA,XDC,Q,1994-Q4,30458422956.177,0,,,,,,,,,L,,,O,OL,true,2010,,F
dataflow,IMF.STA:QNEA(7.0.0),R,FIN,B1GQ,Q,SA,XDC,Q,1995-Q1,30188555162.931,0,,,,,,,,,L,,,O,OL,true,2010,,F
dataflow,IMF.STA:QNEA(7.0.0),R,FIN,B1GQ,Q,SA,XDC,Q,1995-Q2,31011562572.133,0,,,,,,,,,L,,,O,OL,true,2010,,F
dataflow,IMF.STA:QNEA(7.0.0),R,FIN,B1GQ,Q,SA,XDC,Q,1995-Q3,30872160665.688,0,,,,,,,,,L,,,O,OL,true,2010,,F
dataflow,IMF.STA:QNEA(7.0.0),R,FIN,B1GQ,Q,SA,XDC,Q,1995-Q4,30895394316.762,0,,,,,,,,,L,,,O,OL,true,2010,,F
dataflow,IMF.STA:QNEA(7.0.0),R,FIN,B1GQ,Q,SA,XDC,Q,1996-Q1,31436023505.217,0,,,,,,,,,L,,,O,OL,true,2010,,F
dataflow,IMF.STA:QNEA(7.0.0),R,FIN,B1GQ,Q,SA,XDC,Q,1996-Q2,31689806463.104,0,,,,,,,,,L,,,O,OL,true,2010,,F
dataflow,IMF.STA:QNEA(7.0.0),R,FIN,B1GQ,Q,SA,XDC,Q,1996-Q3,31855122826.515,0,,,,,,,,,L,,,O,OL,true,2010,,F
dataflow,IMF.STA:QNEA(7.0.0),R,FIN,B1GQ,Q,SA,XDC,Q,1996-Q4,32486899415.338,0,,,,,,,,,L,,,O,OL,true,2010,,F
dataflow,IMF.STA:QNEA(7.0.0),R,FIN,B1GQ,Q,SA,XDC,Q,1997-Q1,32864893046.274,0,,,,,,,,,L,,,O,OL,true,2010,,F
dataflow,IMF.STA:QNEA(7.0.0),R,FIN,B1GQ,Q,SA,XDC,Q,1997-Q2,33387650195.441,0,,,,,,,,,L,,,O,OL,true,2010,,F
dataflow,IMF.STA:QNEA(7.0.0),R,FIN,B1GQ,Q,SA,XDC,Q,1997-Q3,34176700729.996,0,,,,,,,,,L,,,O,OL,true,2010,,F
dataflow,IMF.STA:QNEA(7.0.0),R,FIN,B1GQ,Q,SA,XDC,Q,1997-Q4,35192726163.506,0,,,,,,,,,L,,,O,OL,true,2010,,F
dataflow,IMF.STA:QNEA(7.0.0),R,FIN,B1GQ,Q,SA,XDC,Q,1998-Q1,34911241544.724,0,,,,,,,,,L,,,O,OL,true,2010,,F
dataflow,IMF.STA:QNEA(7.0.0),R,FIN,B1GQ,Q,SA,XDC,Q,1998-Q2,35605570271.053,0,,,,,,,,,L,,,O,OL,true,2010,,F
dataflow,IMF.STA:QNEA(7.0.0),R,FIN,B1GQ,Q,SA,XDC,Q,1998-Q3,36088115331.823,0,,,,,,,,,L,,,O,OL,true,2010,,F
dataflow,IMF.STA:QNEA(7.0.0),R,FIN,B1GQ,Q,SA,XDC,Q,1998-Q4,36414280048.825,0,,,,,,,,,L,,,O,OL,true,2010,,F
dataflow,IMF.STA:QNEA(7.0.0),R,FIN,B1GQ,Q,SA,XDC,Q,1999-Q1,37006738151.214,0,,,,,,,,,L,,,O,OL,true,2010,,F
dataflow,IMF.STA:QNEA(7.0.0),R,FIN,B1GQ,Q,SA,XDC,Q,1999-Q2,37197968971.593,0,,,,,,,,,L,,,O,OL,true,2010,,F
dataflow,IMF.STA:QNEA(7.0.0),R,FIN,B1GQ,Q,SA,XDC,Q,1999-Q3,37392774199.83,0,,,,,,,,,L,,,O,OL,true,2010,,F
dataflow,IMF.STA:QNEA(7.0.0),R,FIN,B1GQ,Q,SA,XDC,Q,1999-Q4,37700173275.58,0,,,,,,,,,L,,,O,OL,true,2010,,F
dataflow,IMF.STA:QNEA(7.0.0),R,FIN,B1GQ,Q,SA,XDC,Q,2000-Q1,38828792556.602,0,,,,,,,,,L,,,O,OL,true,2010,,F
dataflow,IMF.STA:QNEA(7.0.0),R,FIN,B1GQ,Q,SA,XDC,Q,2000-Q2,39129042816.637,0,,,,,,,,,L,,,O,OL,true,2010,,F
dataflow,IMF.STA:QNEA(7.0.0),R,FIN,B1GQ,Q,SA,XDC,Q,2000-Q3,39737585754.385,0,,,,,,,,,L,,,O,OL,true,2010,,F
dataflow,IMF.STA:QNEA(7.0.0),R,FIN,B1GQ,Q,SA,XDC,Q,2000-Q4,40190641950.33,0,,,,,,,,,L,,,O,OL,true,2010,,F
dataflow,IMF.STA:QNEA(7.0.0),R,FIN,B1GQ,Q,SA,XDC,Q,2001-Q1,40387234382.495,0,,,,,,,,,L,,,O,OL,true,2010,,F
dataflow,IMF.STA:QNEA(7.0.0),R,FIN,B1GQ,Q,SA,XDC,Q,2001-Q2,40416723247.32,0,,,,,,,,,L,,,O,OL,true,2010,,F
dataflow,IMF.STA:QNEA(7.0.0),R,FIN,B1GQ,Q,SA,XDC,Q,2001-Q3,40692846254.316,0,,,,,,,,,L,,,O,OL,true,2010,,F
dataflow,IMF.STA:QNEA(7.0.0),R,FIN,B1GQ,Q,SA,XDC,Q,2001-Q4,40559699561.622,0,,,,,,,,,L,,,O,OL,true,2010,,F
dataflow,IMF.STA:QNEA(7.0.0),R,FIN,B1GQ,Q,SA,XDC,Q,2002-Q1,40842971384.333,0,,,,,,,,,L,,,O,OL,true,2010,,F
dataflow,IMF.STA:QNEA(7.0.0),R,FIN,B1GQ,Q,SA,XDC,Q,2002-Q2,41213816199.555,0,,,,,,,,,L,,,O,OL,true,2010,,F
dataflow,IMF.STA:QNEA(7.0.0),R,FIN,B1GQ,Q,SA,XDC,Q,2002-Q3,41125349605.08,0,,,,,,,,,L,,,O,OL,true,2010,,F
dataflow,IMF.STA:QNEA(7.0.0),R,FIN,B1GQ,Q,SA,XDC,Q,2002-Q4,41608788267.814,0,,,,,,,,,L,,,O,OL,true,2010,,F
dataflow,IMF.STA:QNEA(7.0.0),R,FIN,B1GQ,Q,SA,XDC,Q,2003-Q1,41299601988.136,0,,,,,,,,,L,,,O,OL,true,2010,,F
dataflow,IMF.STA:QNEA(7.0.0),R,FIN,B1GQ,Q,SA,XDC,Q,2003-Q2,41904570518.027,0,,,,,,,,,L,,,O,OL,true,2010,,F
dataflow,IMF.STA:QNEA(7.0.0),R,FIN,B1GQ,Q,SA,XDC,Q,2003-Q3,42404987618.084,0,,,,,,,,,L,,,O,OL,true,2010,,F
dataflow,IMF.STA:QNEA(7.0.0),R,FIN,B1GQ,Q,SA,XDC,Q,2003-Q4,42496135018.452,0,,,,,,,,,L,,,O,OL,true,2010,,F
dataflow,IMF.STA:QNEA(7.0.0),R,FIN,B1GQ,Q,SA,XDC,Q,2004-Q1,43032296197.085,0,,,,,,,,,L,,,O,OL,true,2010,,F
dataflow,IMF.STA:QNEA(7.0.0),R,FIN,B1GQ,Q,SA,XDC,Q,2004-Q2,43383481769.089,0,,,,,,,,,L,,,O,OL,true,2010,,F
dataflow,IMF.STA:QNEA(7.0.0),R,FIN,B1GQ,Q,SA,XDC,Q,2004-Q3,43875856451.467,0,,,,,,,,,L,,,O,OL,true,2010,,F
dataflow,IMF.STA:QNEA(7.0.0),R,FIN,B1GQ,Q,SA,XDC,Q,2004-Q4,44547845128.687,0,,,,,,,,,L,,,O,OL,true,2010,,F
dataflow,IMF.STA:QNEA(7.0.0),R,FIN,B1GQ,Q,SA,XDC,Q,2005-Q1,44986603693.202,0,,,,,,,,,L,,,O,OL,true,2010,,F
dataflow,IMF.STA:QNEA(7.0.0),R,FIN,B1GQ,Q,SA,XDC,Q,2005-Q2,44428102465.459,0,,,,,,,,,L,,,O,OL,true,2010,,F
dataflow,IMF.STA:QNEA(7.0.0),R,FIN,B1GQ,Q,SA,XDC,Q,2005-Q3,45072389481.783,0,,,,,,,,,L,,,O,OL,true,2010,,F
dataflow,IMF.STA:QNEA(7.0.0),R,FIN,B1GQ,Q,SA,XDC,Q,2005-Q4,45207323378.406,0,,,,,,,,,L,,,O,OL,true,2010,,F
dataflow,IMF.STA:QNEA(7.0.0),R,FIN,B1GQ,Q,SA,XDC,Q,2006-Q1,46356495504.609,0,,,,,,,,,L,,,O,OL,true,2010,,F
dataflow,IMF.STA:QNEA(7.0.0),R,FIN,B1GQ,Q,SA,XDC,Q,2006-Q2,46427090059.796,0,,,,,,,,,L,,,O,OL,true,2010,,F
dataflow,IMF.STA:QNEA(7.0.0),R,FIN,B1GQ,Q,SA,XDC,Q,2006-Q3,46871210236.097,0,,,,,,,,,L,,,O,OL,true,2010,,F
dataflow,IMF.STA:QNEA(7.0.0),R,FIN,B1GQ,Q,SA,XDC,Q,2006-Q4,47263501498.464,0,,,,,,,,,L,,,O,OL,true,2010,,F
dataflow,IMF.STA:QNEA(7.0.0),R,FIN,B1GQ,Q,SA,XDC,Q,2007-Q1,48199996357.143,0,,,,,,,,,L,,,O,OL,true,2010,,F
dataflow,IMF.STA:QNEA(7.0.0),R,FIN,B1GQ,Q,SA,XDC,Q,2007-Q2,49027471776.166,0,,,,,,,,,L,,,O,OL,true,2010,,F
dataflow,IMF.STA:QNEA(7.0.0),R,FIN,B1GQ,Q,SA,XDC,Q,2007-Q3,49490357593.719,0,,,,,,,,,L,,,O,OL,true,2010,,F
dataflow,IMF.STA:QNEA(7.0.0),R,FIN,B1GQ,Q,SA,XDC,Q,2007-Q4,50129282998.257,0,,,,,,,,,L,,,O,OL,true,2010,,F
dataflow,IMF.STA:QNEA(7.0.0),R,FIN,B1GQ,Q,SA,XDC,Q,2008-Q1,50074773278.429,0,,,,,,,,,L,,,O,OL,true,2010,,F
dataflow,IMF.STA:QNEA(7.0.0),R,FIN,B1GQ,Q,SA,XDC,Q,2008-Q2,49689630831.778,0,,,,,,,,,L,,,O,OL,true,2010,,F
dataflow,IMF.STA:QNEA(7.0.0),R,FIN,B1GQ,Q,SA,XDC,Q,2008-Q3,49856734399.119,0,,,,,,,,,L,,,O,OL,true,2010,,F
dataflow,IMF.STA:QNEA(7.0.0),R,FIN,B1GQ,Q,SA,XDC,Q,2008-Q4,48771901614.351,0,,,,,,,,,L,,,O,OL,true,2010,,F
dataflow,IMF.STA:QNEA(7.0.0),R,FIN,B1GQ,Q,SA,XDC,Q,2009-Q1,45602295446.666,0,,,,,,,,,L,,,O,OL,true,2010,,F
dataflow,IMF.STA:QNEA(7.0.0),R,FIN,B1GQ,Q,SA,XDC,Q,2009-Q2,45408383820.393,0,,,,,,,,,L,,,O,OL,true,2010,,F
dataflow,IMF.STA:QNEA(7.0.0),R,FIN,B1GQ,Q,SA,XDC,Q,2009-Q3,45842674375.086,0,,,,,,,,,L,,,O,OL,true,2010,,F
dataflow,IMF.STA:QNEA(7.0.0),R,FIN,B1GQ,Q,SA,XDC,Q,2009-Q4,45518296862.013,0,,,,,,,,,L,,,O,OL,true,2010,,F
dataflow,IMF.STA:QNEA(7.0.0),R,FIN,B1GQ,Q,SA,XDC,Q,2010-Q1,45914162532.237,0,,,,,,,,,L,,,O,OL,true,2010,,F
dataflow,IMF.STA:QNEA(7.0.0),R,FIN,B1GQ,Q,SA,XDC,Q,2010-Q2,47228651021.852,0,,,,,,,,,L,,,O,OL,true,2010,,F
dataflow,IMF.STA:QNEA(7.0.0),R,FIN,B1GQ,Q,SA,XDC,Q,2010-Q3,46996314511.111,0,,,,,,,,,L,,,O,OL,true,2010,,F
dataflow,IMF.STA:QNEA(7.0.0),R,FIN,B1GQ,Q,SA,XDC,Q,2010-Q4,48007871934.799,0,,,,,,,,,L,,,O,OL,true,2010,,F
dataflow,IMF.STA:QNEA(7.0.0),R,FIN,B1GQ,Q,SA,XDC,Q,2011-Q1,48209825978.751,0,,,,,,,,,L,,,O,OL,true,2010,,F
dataflow,IMF.STA:QNEA(7.0.0),R,FIN,B1GQ,Q,SA,XDC,Q,2011-Q2,48090083315.523,0,,,,,,,,,L,,,O,OL,true,2010,,F
dataflow,IMF.STA:QNEA(7.0.0),R,FIN,B1GQ,Q,SA,XDC,Q,2011-Q3,48149061045.172,0,,,,,,,,,L,,,O,OL,true,2010,,F
dataflow,IMF.STA:QNEA(7.0.0),R,FIN,B1GQ,Q,SA,XDC,Q,2011-Q4,48196421949.285,0,,,,,,,,,L,,,O,OL,true,2010,,F
dataflow,IMF.STA:QNEA(7.0.0),R,FIN,B1GQ,Q,SA,XDC,Q,2012-Q1,47902426903.001,0,,,,,,,,,L,,,O,OL,true,2010,,F
dataflow,IMF.STA:QNEA(7.0.0),R,FIN,B1GQ,Q,SA,XDC,Q,2012-Q2,47400222599.015,0,,,,,,,,,L,,,O,OL,true,2010,,F
dataflow,IMF.STA:QNEA(7.0.0),R,FIN,B1GQ,Q,SA,XDC,Q,2012-Q3,47233119031.674,0,,,,,,,,,L,,,O,OL,true,2010,,F
dataflow,IMF.STA:QNEA(7.0.0),R,FIN,B1GQ,Q,SA,XDC,Q,2012-Q4,47175034903.989,0,,,,,,,,,L,,,O,OL,true,2010,,F
dataflow,IMF.STA:QNEA(7.0.0),R,FIN,B1GQ,Q,SA,XDC,Q,2013-Q1,46765765204.299,0,,,,,,,,,L,,,O,OL,true,2010,,F
dataflow,IMF.STA:QNEA(7.0.0),R,FIN,B1GQ,Q,SA,XDC,Q,2013-Q2,46973974462.002,0,,,,,,,,,L,,,O,OL,true,2010,,F
dataflow,IMF.STA:QNEA(7.0.0),R,FIN,B1GQ,Q,SA,XDC,Q,2013-Q3,47099078737.016,0,,,,,,,,,L,,,O,OL,true,2010,,F
dataflow,IMF.STA:QNEA(7.0.0),R,FIN,B1GQ,Q,SA,XDC,Q,2013-Q4,47015973754.328,0,,,,,,,,,L,,,O,OL,true,2010,,F
dataflow,IMF.STA:QNEA(7.0.0),R,FIN,B1GQ,Q,SA,XDC,Q,2014-Q1,46613852870.353,0,,,,,,,,,L,,,O,OL,true,2010,,F
dataflow,IMF.STA:QNEA(7.0.0),R,FIN,B1GQ,Q,SA,XDC,Q,2014-Q2,46705000270.721,0,,,,,,,,,L,,,O,OL,true,2010,,F
dataflow,IMF.STA:QNEA(7.0.0),R,FIN,B1GQ,Q,SA,XDC,Q,2014-Q3,46842614973.237,0,,,,,,,,,L,,,O,OL,true,2010,,F
dataflow,IMF.STA:QNEA(7.0.0),R,FIN,B1GQ,Q,SA,XDC,Q,2014-Q4,46794360467.16,0,,,,,,,,,L,,,O,OL,true,2010,,F
dataflow,IMF.STA:QNEA(7.0.0),R,FIN,B1GQ,Q,SA,XDC,Q,2015-Q1,46408324418.544,0,,,,,,,,,L,,,O,OL,true,2010,,F
dataflow,IMF.STA:QNEA(7.0.0),R,FIN,B1GQ,Q,SA,XDC,Q,2015-Q2,47078525891.835,0,,,,,,,,,L,,,O,OL,true,2010,,F
dataflow,IMF.STA:QNEA(7.0.0),R,FIN,B1GQ,Q,SA,XDC,Q,2015-Q3,47035632997.545,0,,,,,,,,,L,,,O,OL,true,2010,,F
dataflow,IMF.STA:QNEA(7.0.0),R,FIN,B1GQ,Q,SA,XDC,Q,2015-Q4,47305500790.79,0,,,,,,,,,L,,,O,OL,true,2010,,F
dataflow,IMF.STA:QNEA(7.0.0),R,FIN,B1GQ,Q,SA,XDC,Q,2016-Q1,47856853202.817,0,,,,,,,,,L,,,O,OL,true,2010,,F
dataflow,IMF.STA:QNEA(7.0.0),R,FIN,B1GQ,Q,SA,XDC,Q,2016-Q2,47847023581.209,0,,,,,,,,,L,,,O,OL,true,2010,,F
dataflow,IMF.STA:QNEA(7.0.0),R,FIN,B1GQ,Q,SA,XDC,Q,2016-Q3,48368887128.412,0,,,,,,,,,L,,,O,OL,true,2010,,F
dataflow,IMF.STA:QNEA(7.0.0),R,FIN,B1GQ,Q,SA,XDC,Q,2016-Q4,48586032405.758,0,,,,,,,,,L,,,O,OL,true,2010,,F
dataflow,IMF.STA:QNEA(7.0.0),R,FIN,B1GQ,Q,SA,XDC,Q,2017-Q1,49057854242.955,0,,,,,,,,,L,,,O,OL,true,2010,,F
dataflow,IMF.STA:QNEA(7.0.0),R,FIN,B1GQ,Q,SA,XDC,Q,2017-Q2,49703034861.244,0,,,,,,,,,L,,,O,OL,true,2010,,F
dataflow,IMF.STA:QNEA(7.0.0),R,FIN,B1GQ,Q,SA,XDC,Q,2017-Q3,49935371371.985,0,,,,,,,,,L,,,O,OL,true,2010,,F
dataflow,IMF.STA:QNEA(7.0.0),R,FIN,B1GQ,Q,SA,XDC,Q,2017-Q4,50328556236.316,0,,,,,,,,,L,,,O,OL,true,2010,,F
dataflow,IMF.STA:QNEA(7.0.0),R,FIN,B1GQ,Q,SA,XDC,Q,2018-Q1,50437575675.971,0,,,,,,,,,L,,,O,OL,true,2010,,F
dataflow,IMF.STA:QNEA(7.0.0),R,FIN,B1GQ,Q,SA,XDC,Q,2018-Q2,50338385857.924,0,,,,,,,,,L,,,O,OL,true,2010,,F
dataflow,IMF.STA:QNEA(7.0.0),R,FIN,B1GQ,Q,SA,XDC,Q,2018-Q3,50289237749.882,0,,,,,,,,,L,,,O,OL,true,2010,,F
dataflow,IMF.STA:QNEA(7.0.0),R,FIN,B1GQ,Q,SA,XDC,Q,2018-Q4,50333917848.102,0,,,,,,,,,L,,,O,OL,true,2010,,F
dataflow,IMF.STA:QNEA(7.0.0),R,FIN,B1GQ,Q,SA,XDC,Q,2019-Q1,50770889208.688,0,,,,,,,,,L,,,O,OL,true,2010,,F
dataflow,IMF.STA:QNEA(7.0.0),R,FIN,B1GQ,Q,SA,XDC,Q,2019-Q2,51129223596.408,0,,,,,,,,,L,,,O,OL,true,2010,,F
dataflow,IMF.STA:QNEA(7.0.0),R,FIN,B1GQ,Q,SA,XDC,Q,2019-Q3,51158712461.232,0,,,,,,,,,L,,,O,OL,true,2010,,F
dataflow,IMF.STA:QNEA(7.0.0),R,FIN,B1GQ,Q,SA,XDC,Q,2019-Q4,51058629041.221,0,,,,,,,,,L,,,O,OL,true,2010,,F
dataflow,IMF.STA:QNEA(7.0.0),R,FIN,B1GQ,Q,SA,XDC,Q,2020-Q1,50950503203.53,0,,,,,,,,,L,,,O,OL,true,2010,,F
dataflow,IMF.STA:QNEA(7.0.0),R,FIN,B1GQ,Q,SA,XDC,Q,2020-Q2,47628091099.934,0,,,,,,,,,L,,,O,OL,true,2010,,F
dataflow,IMF.STA:QNEA(7.0.0),R,FIN,B1GQ,Q,SA,XDC,Q,2020-Q3,49981838674.133,0,,,,,,,,,L,,,O,OL,true,2010,,F
dataflow,IMF.STA:QNEA(7.0.0),R,FIN,B1GQ,Q,SA,XDC,Q,2020-Q4,50474213356.511,0,,,,,,,,,L,,,O,OL,true,2010,,F
dataflow,IMF.STA:QNEA(7.0.0),R,FIN,B1GQ,Q,SA,XDC,Q,2021-Q1,50135538212.008,0,,,,,,,,,L,,,O,OL,true,2010,,F
dataflow,IMF.STA:QNEA(7.0.0),R,FIN,B1GQ,Q,SA,XDC,Q,2021-Q2,50908503911.204,0,,,,,,,,,L,,,O,OL,true,2010,,F
dataflow,IMF.STA:QNEA(7.0.0),R,FIN,B1GQ,Q,SA,XDC,Q,2021-Q3,51469685944.839,0,,,,,,,,,L,,,O,OL,true,2010,,F
dataflow,IMF.STA:QNEA(7.0.0),R,FIN,B1GQ,Q,SA,XDC,Q,2021-Q4,51848573177.74,0,,,,,,,,,L,,,O,OL,true,2010,,F
dataflow,IMF.STA:QNEA(7.0.0),R,FIN,B1GQ,Q,SA,XDC,Q,2022-Q1,51520621256.81,0,,,,,,,,,L,,,O,OL,true,2010,,F
dataflow,IMF.STA:QNEA(7.0.0),R,FIN,B1GQ,Q,SA,XDC,Q,2022-Q2,51671639988.791,0,,,,,,,,,L,,,O,OL,true,2010,,F
dataflow,IMF.STA:QNEA(7.0.0),R,FIN,B1GQ,Q,SA,XDC,Q,2022-Q3,51616236666.999,0,,,,,,,,,L,,,O,OL,true,2010,,F
dataflow,IMF.STA:QNEA(7.0.0),R,FIN,B1GQ,Q,SA,XDC,Q,2022-Q4,51113138761.049,0,,,,,,,,,L,,,O,OL,true,2010,,F
dataflow,IMF.STA:QNEA(7.0.0),R,FIN,B1GQ,Q,SA,XDC,Q,2023-Q1,51164074073.019,0,,,,,,,,,L,,,O,OL,true,2010,,F
dataflow,IMF.STA:QNEA(7.0.0),R,FIN,B1GQ,Q,SA,XDC,Q,2023-Q2,51205179763.381,0,,,,,,,,,L,,,O,OL,true,2010,,F
dataflow,IMF.STA:QNEA(7.0.0),R,FIN,B1GQ,Q,SA,XDC,Q,2023-Q3,50473319754.546,0,,,,,,,,,L,,,O,OL,true,2010,,F
dataflow,IMF.STA:QNEA(7.0.0),R,FIN,B1GQ,Q,SA,XDC,Q,2023-Q4,50423278044.541,0,,,,,,,,,L,,,O,OL,true,2010,,F
dataflow,IMF.STA:QNEA(7.0.0),R,FIN,B1GQ,Q,SA,XDC,Q,2024-Q1,50978204864.426,0,,,,,,,,,L,,,O,OL,true,2010,,F
dataflow,IMF.STA:QNEA(7.0.0),R,FIN,B1GQ,Q,SA,XDC,Q,2024-Q2,51113138761.049,0,,,,,,,,,L,,,O,OL,true,2010,,F
dataflow,IMF.STA:QNEA(7.0.0),R,FIN,B1GQ,Q,SA,XDC,Q,2024-Q3,51499174809.664,0,,,,,,,,,L,,,O,OL,true,2010,,F
dataflow,IMF.STA:QNEA(7.0.0),R,FIN,B1GQ,Q,SA,XDC,Q,2024-Q4,51475047556.626,0,,,,,,,,,L,,,O,OL,true,2010,,F
dataflow,IMF.STA:QNEA(7.0.0),R,FIN,B1GQ,Q,SA,XDC,Q,2025-Q1,51614449463.07,0,,,,,,,,,L,,,O,OL,true,2010,,F
dataflow,IMF.STA:QNEA(7.0.0),R,FIN,B1GQ,Q,SA,XDC,Q,2025-Q2,51645725531.824,0,,,,,,,,,L,,,O,OL,true,2010,,F
dataflow,IMF.STA:QNEA(7.0.0),R,FIN,B1GQ,Q,SA,XDC,Q,2025-Q3,51630534298.429,0,,,,,,,,,L,,,O,OL,true,2010,,F
dataflow,IMF.STA:QNEA(7.0.0),R,FIN,B1GQ,Q,SA,XDC,Q,2025-Q4,51821765118.808,0,,,,,,,,,L,,,O,OL,true,2010,,F
dataflow,IMF.STA:QNEA(7.0.0),R,FIN,B1GQ,Q,SA,XDC,Q,2026-Q1,52255162071.537,0,,,,,,,,,L,,,O,OL,true,2010,,F
dataflow,IMF.STA:QNEA(7.0.0),R,FIN,B1GQ,Q,SA,XDC,Q,2026-Q2,52451754503.702,0,,,,,,,,,L,,,O,OL,true,2010,,F
dataflow,IMF.STA:QNEA(7.0.0),R,FRA,B1GQ,Q,SA,XDC,Q,1980-Q1,276322543662.13,0,,,,,,,,,L,,,O,OL,true,2010,,F
dataflow,IMF.STA:QNEA(7.0.0),R,FRA,B1GQ,Q,SA,XDC,Q,1980-Q2,274096771101.2,0,,,,,,,,,L,,,O,OL,true,2010,,F
dataflow,IMF.STA:QNEA(7.0.0),R,FRA,B1GQ,Q,SA,XDC,Q,1980-Q3,274511200518.9,0,,,,,,,,,L,,,O,OL,true,2010,,F
dataflow,IMF.STA:QNEA(7.0.0),R,FRA,B1GQ,Q,SA,XDC,Q,1980-Q4,274082576466.9,0,,,,,,,,,L,,,O,OL,true,2010,,F
dataflow,IMF.STA:QNEA(7.0.0),R,FRA,B1GQ,Q,SA,XDC,Q,1981-Q1,275101445755.04,0,,,,,,,,,L,,,O,OL,true,2010,,F
dataflow,IMF.STA:QNEA(7.0.0),R,FRA,B1GQ,Q,SA,XDC,Q,1981-Q2,277181498715.81,0,,,,,,,,,L,,,O,OL,true,2010,,F
dataflow,IMF.STA:QNEA(7.0.0),R,FRA,B1GQ,Q,SA,XDC,Q,1981-Q3,279042972276.35,0,,,,,,,,,L,,,O,OL,true,2010,,F
dataflow,IMF.STA:QNEA(7.0.0),R,FRA,B1GQ,Q,SA,XDC,Q,1981-Q4,280725395797.99,0,,,,,,,,,L,,,O,OL,true,2010,,F
dataflow,IMF.STA:QNEA(7.0.0),R,FRA,B1GQ,Q,SA,XDC,Q,1982-Q1,282848751377.3,0,,,,,,,,,L,,,O,OL,true,2010,,F
dataflow,IMF.STA:QNEA(7.0.0),R,FRA,B1GQ,Q,SA,XDC,Q,1982-Q2,284853069675.35,0,,,,,,,,,L,,,O,OL,true,2010,,F
dataflow,IMF.STA:QNEA(7.0.0),R,FRA,B1GQ,Q,SA,XDC,Q,1982-Q3,284687405715.62,0,,,,,,,,,L,,,O,OL,true,2010,,F
dataflow,IMF.STA:QNEA(7.0.0),R,FRA,B1GQ,Q,SA,XDC,Q,1982-Q4,286392019583.27,0,,,,,,,,,L,,,O,OL,true,2010,,F
dataflow,IMF.STA:QNEA(7.0.0),R,FRA,B1GQ,Q,SA,XDC,Q,1983-Q1,287492912296.15,0,,,,,,,,,L,,,O,OL,true,2010,,F
dataflow,IMF.STA:QNEA(7.0.0),R,FRA,B1GQ,Q,SA,XDC,Q,1983-Q2,287650131346.87,0,,,,,,,,,L,,,O,OL,true,2010,,F
dataflow,IMF.STA:QNEA(7.0.0),R,FRA,B1GQ,Q,SA,XDC,Q,1983-Q3,288111906158.71,0,,,,,,,,,L,,,O,OL,true,2010,,F
dataflow,IMF.STA:QNEA(7.0.0),R,FRA,B1GQ,Q,SA,XDC,Q,1983-Q4,289904922052.59,0,,,,,,,,,L,,,O,OL,true,2010,,F
dataflow,IMF.STA:QNEA(7.0.0),R,FRA,B1GQ,Q,SA,XDC,Q,1984-Q1,291195735378.74,0,,,,,,,,,L,,,O,OL,true,2010,,F
dataflow,IMF.STA:QNEA(7.0.0),R,FRA,B1GQ,Q,SA,XDC,Q,1984-Q2,292581868369.36,0,,,,,,,,,L,,,O,OL,true,2010,,F
dataflow,IMF.STA:QNEA(7.0.0),R,FRA,B1GQ,Q,SA,XDC,Q,1984-Q3,294473258469.27,0,,,,,,,,,L,,,O,OL,true,2010,,F
dataflow,IMF.STA:QNEA(7.0.0),R,FRA,B1GQ,Q,SA,XDC,Q,1984-Q4,294201943307.45,0,,,,,,,,,L,,,O,OL,true,2010,,F
dataflow,IMF.STA:QNEA(7.0.0),R,FRA,B1GQ,Q,SA,XDC,Q,1985-Q1,294939435414.52,0,,,,,,,,,L,,,O,OL,true,2010,,F
dataflow,IMF.STA:QNEA(7.0.0),R,FRA,B1GQ,Q,SA,XDC,Q,1985-Q2,297392591642.52,0,,,,,,,,,L,,,O,OL,true,2010,,F
dataflow,IMF.STA:QNEA(7.0.0),R,FRA,B1GQ,Q,SA,XDC,Q,1985-Q3,299094150968.61,0,,,,,,,,,L,,,O,OL,true,2010,,F
dataflow,IMF.STA:QNEA(7.0.0),R,FRA,B1GQ,Q,SA,XDC,Q,1985-Q4,300604711607.95,0,,,,,,,,,L,,,O,OL,true,2010,,F
dataflow,IMF.STA:QNEA(7.0.0),R,FRA,B1GQ,Q,SA,XDC,Q,1986-Q1,301533202401.78,0,,,,,,,,,L,,,O,OL,true,2010,,F
dataflow,IMF.STA:QNEA(7.0.0),R,FRA,B1GQ,Q,SA,XDC,Q,1986-Q2,304841809944.62,0,,,,,,,,,L,,,O,OL,true,2010,,F
dataflow,IMF.STA:QNEA(7.0.0),R,FRA,B1GQ,Q,SA,XDC,Q,1986-Q3,306496383234.41,0,,,,,,,,,L,,,O,OL,true,2010,,F
dataflow,IMF.STA:QNEA(7.0.0),R,FRA,B1GQ,Q,SA,XDC,Q,1986-Q4,306879189163.05,0,,,,,,,,,L,,,O,OL,true,2010,,F
dataflow,IMF.STA:QNEA(7.0.0),R,FRA,B1GQ,Q,SA,XDC,Q,1987-Q1,307131907557.15,0,,,,,,,,,L,,,O,OL,true,2010,,F
dataflow,IMF.STA:QNEA(7.0.0),R,FRA,B1GQ,Q,SA,XDC,Q,1987-Q2,311704107070.5,0,,,,,,,,,L,,,O,OL,true,2010,,F
dataflow,IMF.STA:QNEA(7.0.0),R,FRA,B1GQ,Q,SA,XDC,Q,1987-Q3,313800690491.47,0,,,,,,,,,L,,,O,OL,true,2010,,F
dataflow,IMF.STA:QNEA(7.0.0),R,FRA,B1GQ,Q,SA,XDC,Q,1987-Q4,318428590468.5,0,,,,,,,,,L,,,O,OL,true,2010,,F
dataflow,IMF.STA:QNEA(7.0.0),R,FRA,B1GQ,Q,SA,XDC,Q,1988-Q1,322517363860.75,0,,,,,,,,,L,,,O,OL,true,2010,,F
dataflow,IMF.STA:QNEA(7.0.0),R,FRA,B1GQ,Q,SA,XDC,Q,1988-Q2,325339850098.76,0,,,,,,,,,L,,,O,OL,true,2010,,F
dataflow,IMF.STA:QNEA(7.0.0),R,FRA,B1GQ,Q,SA,XDC,Q,1988-Q3,329457012759.59,0,,,,,,,,,L,,,O,OL,true,2010,,F
dataflow,IMF.STA:QNEA(7.0.0),R,FRA,B1GQ,Q,SA,XDC,Q,1988-Q4,332174746190.09,0,,,,,,,,,L,,,O,OL,true,2010,,F
dataflow,IMF.STA:QNEA(7.0.0),R,FRA,B1GQ,Q,SA,XDC,Q,1989-Q1,336495844419.58,0,,,,,,,,,L,,,O,OL,true,2010,,F
dataflow,IMF.STA:QNEA(7.0.0),R,FRA,B1GQ,Q,SA,XDC,Q,1989-Q2,340249965832.43,0,,,,,,,,,L,,,O,OL,true,2010,,F
dataflow,IMF.STA:QNEA(7.0.0),R,FRA,B1GQ,Q,SA,XDC,Q,1989-Q3,344083685004.68,0,,,,,,,,,L,,,O,OL,true,2010,,F
dataflow,IMF.STA:QNEA(7.0.0),R,FRA,B1GQ,Q,SA,XDC,Q,1989-Q4,348698109063.08,0,,,,,,,,,L,,,O,OL,true,2010,,F
dataflow,IMF.STA:QNEA(7.0.0),R,FRA,B1GQ,Q,SA,XDC,Q,1990-Q1,349436230046.36,0,,,,,,,,,L,,,O,OL,true,2010,,F
dataflow,IMF.STA:QNEA(7.0.0),R,FRA,B1GQ,Q,SA,XDC,Q,1990-Q2,351313605190.88,0,,,,,,,,,L,,,O,OL,true,2010,,F
dataflow,IMF.STA:QNEA(7.0.0),R,FRA,B1GQ,Q,SA,XDC,Q,1990-Q3,353596425807.36,0,,,,,,,,,L,,,O,OL,true,2010,,F
dataflow,IMF.STA:QNEA(7.0.0),R,FRA,B1GQ,Q,SA,XDC,Q,1990-Q4,353426629232.58,0,,,,,,,,,L,,,O,OL,true,2010,,F
dataflow,IMF.STA:QNEA(7.0.0),R,FRA,B1GQ,Q,SA,XDC,Q,1991-Q1,354356557457.73,0,,,,,,,,,L,,,O,OL,true,2010,,F
dataflow,IMF.STA:QNEA(7.0.0),R,FRA,B1GQ,Q,SA,XDC,Q,1991-Q2,355665158996.48,0,,,,,,,,,L,,,O,OL,true,2010,,F
dataflow,IMF.STA:QNEA(7.0.0),R,FRA,B1GQ,Q,SA,XDC,Q,1991-Q3,357106992450.78,0,,,,,,,,,L,,,O,OL,true,2010,,F
dataflow,IMF.STA:QNEA(7.0.0),R,FRA,B1GQ,Q,SA,XDC,Q,1991-Q4,358830292925.6,0,,,,,,,,,L,,,O,OL,true,2010,,F
dataflow,IMF.STA:QNEA(7.0.0),R,FRA,B1GQ,Q,SA,XDC,Q,1992-Q1,361396736709.58,0,,,,,,,,,L,,,O,OL,true,2010,,F
dataflow,IMF.STA:QNEA(7.0.0),R,FRA,B1GQ,Q,SA,XDC,Q,1992-Q2,361802541539.36,0,,,,,,,,,L,,,O,OL,true,2010,,F
dataflow,IMF.STA:QNEA(7.0.0),R,FRA,B1GQ,Q,SA,XDC,Q,1992-Q3,361386495011.42,0,,,,,,,,,L,,,O,OL,true,2010,,F
dataflow,IMF.STA:QNEA(7.0.0),R,FRA,B1GQ,Q,SA,XDC,Q,1992-Q4,361455042517.53,0,,,,,,,,,L,,,O,OL,true,2010,,F
dataflow,IMF.STA:QNEA(7.0.0),R,FRA,B1GQ,Q,SA,XDC,Q,1993-Q1,359502202228.66,0,,,,,,,,,L,,,O,OL,true,2010,,F
dataflow,IMF.STA:QNEA(7.0.0),R,FRA,B1GQ,Q,SA,XDC,Q,1993-Q2,359519271725.59,0,,,,,,,,,L,,,O,OL,true,2010,,F
dataflow,IMF.STA:QNEA(7.0.0),R,FRA,B1GQ,Q,SA,XDC,Q,1993-Q3,359959664746.53,0,,,,,,,,,L,,,O,OL,true,2010,,F
dataflow,IMF.STA:QNEA(7.0.0),R,FRA,B1GQ,Q,SA,XDC,Q,1993-Q4,360906752308.07,0,,,,,,,,,L,,,O,OL,true,2010,,F
dataflow,IMF.STA:QNEA(7.0.0),R,FRA,B1GQ,Q,SA,XDC,Q,1994-Q1,363356314957.77,0,,,,,,,,,L,,,O,OL,true,2010,,F
dataflow,IMF.STA:QNEA(7.0.0),R,FRA,B1GQ,Q,SA,XDC,Q,1994-Q2,367002359503.19,0,,,,,,,,,L,,,O,OL,true,2010,,F
dataflow,IMF.STA:QNEA(7.0.0),R,FRA,B1GQ,Q,SA,XDC,Q,1994-Q3,370317255808.06,0,,,,,,,,,L,,,O,OL,true,2010,,F
dataflow,IMF.STA:QNEA(7.0.0),R,FRA,B1GQ,Q,SA,XDC,Q,1994-Q4,373808057770.82,0,,,,,,,,,L,,,O,OL,true,2010,,F
dataflow,IMF.STA:QNEA(7.0.0),R,FRA,B1GQ,Q,SA,XDC,Q,1995-Q1,375574481185.26,0,,,,,,,,,L,,,O,OL,true,2010,,F
dataflow,IMF.STA:QNEA(7.0.0),R,FRA,B1GQ,Q,SA,XDC,Q,1995-Q2,378037070556.31,0,,,,,,,,,L,,,O,OL,true,2010,,F
dataflow,IMF.STA:QNEA(7.0.0),R,FRA,B1GQ,Q,SA,XDC,Q,1995-Q3,378627854829.19,0,,,,,,,,,L,,,O,OL,true,2010,,F
dataflow,IMF.STA:QNEA(7.0.0),R,FRA,B1GQ,Q,SA,XDC,Q,1995-Q4,378478272132.36,0,,,,,,,,,L,,,O,OL,true,2010,,F
dataflow,IMF.STA:QNEA(7.0.0),R,FRA,B1GQ,Q,SA,XDC,Q,1996-Q1,381109220646.86,0,,,,,,,,,L,,,O,OL,true,2010,,F
dataflow,IMF.STA:QNEA(7.0.0),R,FRA,B1GQ,Q,SA,XDC,Q,1996-Q2,381844107409.66,0,,,,,,,,,L,,,O,OL,true,2010,,F
dataflow,IMF.STA:QNEA(7.0.0),R,FRA,B1GQ,Q,SA,XDC,Q,1996-Q3,383318103389.77,0,,,,,,,,,L,,,O,OL,true,2010,,F
dataflow,IMF.STA:QNEA(7.0.0),R,FRA,B1GQ,Q,SA,XDC,Q,1996-Q4,384792548567.16,0,,,,,,,,,L,,,O,OL,true,2010,,F
dataflow,IMF.STA:QNEA(7.0.0),R,FRA,B1GQ,Q,SA,XDC,Q,1997-Q1,386435173209.1,0,,,,,,,,,L,,,O,OL,true,2010,,F
dataflow,IMF.STA:QNEA(7.0.0),R,FRA,B1GQ,Q,SA,XDC,Q,1997-Q2,390491245038.8,0,,,,,,,,,L,,,O,OL,true,2010,,F
dataflow,IMF.STA:QNEA(7.0.0),R,FRA,B1GQ,Q,SA,XDC,Q,1997-Q3,394374106394.33,0,,,,,,,,,L,,,O,OL,true,2010,,F
dataflow,IMF.STA:QNEA(7.0.0),R,FRA,B1GQ,Q,SA,XDC,Q,1997-Q4,398271342063.07,0,,,,,,,,,L,,,O,OL,true,2010,,F
dataflow,IMF.STA:QNEA(7.0.0),R,FRA,B1GQ,Q,SA,XDC,Q,1998-Q1,402088710454.04,0,,,,,,,,,L,,,O,OL,true,2010,,F
dataflow,IMF.STA:QNEA(7.0.0),R,FRA,B1GQ,Q,SA,XDC,Q,1998-Q2,404967975229.22,0,,,,,,,,,L,,,O,OL,true,2010,,F
dataflow,IMF.STA:QNEA(7.0.0),R,FRA,B1GQ,Q,SA,XDC,Q,1998-Q3,407062582182.12,0,,,,,,,,,L,,,O,OL,true,2010,,F
dataflow,IMF.STA:QNEA(7.0.0),R,FRA,B1GQ,Q,SA,XDC,Q,1998-Q4,409853175412.7,0,,,,,,,,,L,,,O,OL,true,2010,,F
dataflow,IMF.STA:QNEA(7.0.0),R,FRA,B1GQ,Q,SA,XDC,Q,1999-Q1,412673146145.89,0,,,,,,,,,L,,,O,OL,true,2010,,F
dataflow,IMF.STA:QNEA(7.0.0),R,FRA,B1GQ,Q,SA,XDC,Q,1999-Q2,415349104228.63,0,,,,,,,,,L,,,O,OL,true,2010,,F
dataflow,IMF.STA:QNEA(7.0.0),R,FRA,B1GQ,Q,SA,XDC,Q,1999-Q3,421467350967.05,0,,,,,,,,,L,,,O,OL,true,2010,,F
dataflow,IMF.STA:QNEA(7.0.0),R,FRA,B1GQ,Q,SA,XDC,Q,1999-Q4,427436464205.92,0,,,,,,,,,L,,,O,OL,true,2010,,F
dataflow,IMF.STA:QNEA(7.0.0),R,FRA,B1GQ,Q,SA,XDC,Q,2000-Q1,431470076171.23,0,,,,,,,,,L,,,O,OL,true,2010,,F
dataflow,IMF.STA:QNEA(7.0.0),R,FRA,B1GQ,Q,SA,XDC,Q,2000-Q2,436404059180.16,0,,,,,,,,,L,,,O,OL,true,2010,,F
dataflow,IMF.STA:QNEA(7.0.0),R,FRA,B1GQ,Q,SA,XDC,Q,2000-Q3,439862518938.2,0,,,,,,,,,L,,,O,OL,true,2010,,F
dataflow,IMF.STA:QNEA(7.0.0),R,FRA,B1GQ,Q,SA,XDC,Q,2000-Q4,442486370135.55,0,,,,,,,,,L,,,O,OL,true,2010,,F
dataflow,IMF.STA:QNEA(7.0.0),R,FRA,B1GQ,Q,SA,XDC,Q,2001-Q1,444663449710.48,0,,,,,,,,,L,,,O,OL,true,2010,,F
dataflow,IMF.STA:QNEA(7.0.0),R,FRA,B1GQ,Q,SA,XDC,Q,2001-Q2,444828125436.18,0,,,,,,,,,L,,,O,OL,true,2010,,F
dataflow,IMF.STA:QNEA(7.0.0),R,FRA,B1GQ,Q,SA,XDC,Q,2001-Q3,447438141357.07,0,,,,,,,,,L,,,O,OL,true,2010,,F
dataflow,IMF.STA:QNEA(7.0.0),R,FRA,B1GQ,Q,SA,XDC,Q,2001-Q4,445447298977.65,0,,,,,,,,,L,,,O,OL,true,2010,,F
dataflow,IMF.STA:QNEA(7.0.0),R,FRA,B1GQ,Q,SA,XDC,Q,2002-Q1,448022097831.18,0,,,,,,,,,L,,,O,OL,true,2010,,F
dataflow,IMF.STA:QNEA(7.0.0),R,FRA,B1GQ,Q,SA,XDC,Q,2002-Q2,450118142215.4,0,,,,,,,,,L,,,O,OL,true,2010,,F
dataflow,IMF.STA:QNEA(7.0.0),R,FRA,B1GQ,Q,SA,XDC,Q,2002-Q3,451972518458.79,0,,,,,,,,,L,,,O,OL,true,2010,,F
dataflow,IMF.STA:QNEA(7.0.0),R,FRA,B1GQ,Q,SA,XDC,Q,2002-Q4,452344903010.36,0,,,,,,,,,L,,,O,OL,true,2010,,F
dataflow,IMF.STA:QNEA(7.0.0),R,FRA,B1GQ,Q,SA,XDC,Q,2003-Q1,453609842572.73,0,,,,,,,,,L,,,O,OL,true,2010,,F
dataflow,IMF.STA:QNEA(7.0.0),R,FRA,B1GQ,Q,SA,XDC,Q,2003-Q2,451639214071.26,0,,,,,,,,,L,,,O,OL,true,2010,,F
dataflow,IMF.STA:QNEA(7.0.0),R,FRA,B1GQ,Q,SA,XDC,Q,2003-Q3,456661149909.14,0,,,,,,,,,L,,,O,OL,true,2010,,F
dataflow,IMF.STA:QNEA(7.0.0),R,FRA,B1GQ,Q,SA,XDC,Q,2003-Q4,458364865382.21,0,,,,,,,,,L,,,O,OL,true,2010,,F
dataflow,IMF.STA:QNEA(7.0.0),R,FRA,B1GQ,Q,SA,XDC,Q,2004-Q1,463102998373.67,0,,,,,,,,,L,,,O,OL,true,2010,,F
dataflow,IMF.STA:QNEA(7.0.0),R,FRA,B1GQ,Q,SA,XDC,Q,2004-Q2,465177301609.16,0,,,,,,,,,L,,,O,OL,true,2010,,F
dataflow,IMF.STA:QNEA(7.0.0),R,FRA,B1GQ,Q,SA,XDC,Q,2004-Q3,466843284510.06,0,,,,,,,,,L,,,O,OL,true,2010,,F
dataflow,IMF.STA:QNEA(7.0.0),R,FRA,B1GQ,Q,SA,XDC,Q,2004-Q4,471002492037.03,0,,,,,,,,,L,,,O,OL,true,2010,,F
dataflow,IMF.STA:QNEA(7.0.0),R,FRA,B1GQ,Q,SA,XDC,Q,2005-Q1,472380629315.92,0,,,,,,,,,L,,,O,OL,true,2010,,F
dataflow,IMF.STA:QNEA(7.0.0),R,FRA,B1GQ,Q,SA,XDC,Q,2005-Q2,473368234472.83,0,,,,,,,,,L,,,O,OL,true,2010,,F
dataflow,IMF.STA:QNEA(7.0.0),R,FRA,B1GQ,Q,SA,XDC,Q,2005-Q3,477091720630.65,0,,,,,,,,,L,,,O,OL,true,2010,,F
dataflow,IMF.STA:QNEA(7.0.0),R,FRA,B1GQ,Q,SA,XDC,Q,2005-Q4,480367716450.4,0,,,,,,,,,L,,,O,OL,true,2010,,F
dataflow,IMF.STA:QNEA(7.0.0),R,FRA,B1GQ,Q,SA,XDC,Q,2006-Q1,484504374273.52,0,,,,,,,,,L,,,O,OL,true,2010,,F
dataflow,IMF.STA:QNEA(7.0.0),R,FRA,B1GQ,Q,SA,XDC,Q,2006-Q2,490412306841.81,0,,,,,,,,,L,,,O,OL,true,2010,,F
dataflow,IMF.STA:QNEA(7.0.0),R,FRA,B1GQ,Q,SA,XDC,Q,2006-Q3,490791698871.06,0,,,,,,,,,L,,,O,OL,true,2010,,F
dataflow,IMF.STA:QNEA(7.0.0),R,FRA,B1GQ,Q,SA,XDC,Q,2006-Q4,493379704124.85,0,,,,,,,,,L,,,O,OL,true,2010,,F
dataflow,IMF.STA:QNEA(7.0.0),R,FRA,B1GQ,Q,SA,XDC,Q,2007-Q1,498554187361.65,0,,,,,,,,,L,,,O,OL,true,2010,,F
dataflow,IMF.STA:QNEA(7.0.0),R,FRA,B1GQ,Q,SA,XDC,Q,2007-Q2,501814820634.16,0,,,,,,,,,L,,,O,OL,true,2010,,F
dataflow,IMF.STA:QNEA(7.0.0),R,FRA,B1GQ,Q,SA,XDC,Q,2007-Q3,503516110441.88,0,,,,,,,,,L,,,O,OL,true,2010,,F
dataflow,IMF.STA:QNEA(7.0.0),R,FRA,B1GQ,Q,SA,XDC,Q,2007-Q4,503764786060.39,0,,,,,,,,,L,,,O,OL,true,2010,,F
dataflow,IMF.STA:QNEA(7.0.0),R,FRA,B1GQ,Q,SA,XDC,Q,2008-Q1,508265742883.9,0,,,,,,,,,L,,,O,OL,true,2010,,F
dataflow,IMF.STA:QNEA(7.0.0),R,FRA,B1GQ,Q,SA,XDC,Q,2008-Q2,504433640821.89,0,,,,,,,,,L,,,O,OL,true,2010,,F
dataflow,IMF.STA:QNEA(7.0.0),R,FRA,B1GQ,Q,SA,XDC,Q,2008-Q3,503333107466.84,0,,,,,,,,,L,,,O,OL,true,2010,,F
dataflow,IMF.STA:QNEA(7.0.0),R,FRA,B1GQ,Q,SA,XDC,Q,2008-Q4,496852717875.01,0,,,,,,,,,L,,,O,OL,true,2010,,F
dataflow,IMF.STA:QNEA(7.0.0),R,FRA,B1GQ,Q,SA,XDC,Q,2009-Q1,487398821917.03,0,,,,,,,,,L,,,O,OL,true,2010,,F
dataflow,IMF.STA:QNEA(7.0.0),R,FRA,B1GQ,Q,SA,XDC,Q,2009-Q2,488280775871.85,0,,,,,,,,,L,,,O,OL,true,2010,,F
dataflow,IMF.STA:QNEA(7.0.0),R,FRA,B1GQ,Q,SA,XDC,Q,2009-Q3,489408081385.25,0,,,,,,,,,L,,,O,OL,true,2010,,F
dataflow,IMF.STA:QNEA(7.0.0),R,FRA,B1GQ,Q,SA,XDC,Q,2009-Q4,492947396655.09,0,,,,,,,,,L,,,O,OL,true,2010,,F
dataflow,IMF.STA:QNEA(7.0.0),R,FRA,B1GQ,Q,SA,XDC,Q,2010-Q1,494305140377.12,0,,,,,,,,,L,,,O,OL,true,2010,,F
dataflow,IMF.STA:QNEA(7.0.0),R,FRA,B1GQ,Q,SA,XDC,Q,2010-Q2,496698733044.77,0,,,,,,,,,L,,,O,OL,true,2010,,F
dataflow,IMF.STA:QNEA(7.0.0),R,FRA,B1GQ,Q,SA,XDC,Q,2010-Q3,500083075250.32,0,,,,,,,,,L,,,O,OL,true,2010,,F
dataflow,IMF.STA:QNEA(7.0.0),R,FRA,B1GQ,Q,SA,XDC,Q,2010-Q4,502905651327.79,0,,,,,,,,,L,,,O,OL,true,2010,,F
dataflow,IMF.STA:QNEA(7.0.0),R,FRA,B1GQ,Q,SA,XDC,Q,2011-Q1,509565180797.98,0,,,,,,,,,L,,,O,OL,true,2010,,F
dataflow,IMF.STA:QNEA(7.0.0),R,FRA,B1GQ,Q,SA,XDC,Q,2011-Q2,509601925136.12,0,,,,,,,,,L,,,O,OL,true,2010,,F
dataflow,IMF.STA:QNEA(7.0.0),R,FRA,B1GQ,Q,SA,XDC,Q,2011-Q3,511303304783.29,0,,,,,,,,,L,,,O,OL,true,2010,,F
dataflow,IMF.STA:QNEA(7.0.0),R,FRA,B1GQ,Q,SA,XDC,Q,2011-Q4,513020586014.46,0,,,,,,,,,L,,,O,OL,true,2010,,F
dataflow,IMF.STA:QNEA(7.0.0),R,FRA,B1GQ,Q,SA,XDC,Q,2012-Q1,512873069625.15,0,,,,,,,,,L,,,O,OL,true,2010,,F
dataflow,IMF.STA:QNEA(7.0.0),R,FRA,B1GQ,Q,SA,XDC,Q,2012-Q2,510732554709.45,0,,,,,,,,,L,,,O,OL,true,2010,,F
dataflow,IMF.STA:QNEA(7.0.0),R,FRA,B1GQ,Q,SA,XDC,Q,2012-Q3,512415427428.37,0,,,,,,,,,L,,,O,OL,true,2010,,F
dataflow,IMF.STA:QNEA(7.0.0),R,FRA,B1GQ,Q,SA,XDC,Q,2012-Q4,512112848135.32,0,,,,,,,,,L,,,O,OL,true,2010,,F
dataflow,IMF.STA:QNEA(7.0.0),R,FRA,B1GQ,Q,SA,XDC,Q,2013-Q1,513151931301.4,0,,,,,,,,,L,,,O,OL,true,2010,,F
dataflow,IMF.STA:QNEA(7.0.0),R,FRA,B1GQ,Q,SA,XDC,Q,2013-Q2,517699514803.39,0,,,,,,,,,L,,,O,OL,true,2010,,F
dataflow,IMF.STA:QNEA(7.0.0),R,FRA,B1GQ,Q,SA,XDC,Q,2013-Q3,516599879842.91,0,,,,,,,,,L,,,O,OL,true,2010,,F
dataflow,IMF.STA:QNEA(7.0.0),R,FRA,B1GQ,Q,SA,XDC,Q,2013-Q4,519743631981.14,0,,,,,,,,,L,,,O,OL,true,2010,,F
dataflow,IMF.STA:QNEA(7.0.0),R,FRA,B1GQ,Q,SA,XDC,Q,2014-Q1,519703204225.24,0,,,,,,,,,L,,,O,OL,true,2010,,F
dataflow,IMF.STA:QNEA(7.0.0),R,FRA,B1GQ,Q,SA,XDC,Q,2014-Q2,520893307519.47,0,,,,,,,,,L,,,O,OL,true,2010,,F
dataflow,IMF.STA:QNEA(7.0.0),R,FRA,B1GQ,Q,SA,XDC,Q,2014-Q3,524379617509.35,0,,,,,,,,,L,,,O,OL,true,2010,,F
dataflow,IMF.STA:QNEA(7.0.0),R,FRA,B1GQ,Q,SA,XDC,Q,2014-Q4,522844530698.11,0,,,,,,,,,L,,,O,OL,true,2010,,F
dataflow,IMF.STA:QNEA(7.0.0),R,FRA,B1GQ,Q,SA,XDC,Q,2015-Q1,525846066975.02,0,,,,,,,,,L,,,O,OL,true,2010,,F
dataflow,IMF.STA:QNEA(7.0.0),R,FRA,B1GQ,Q,SA,XDC,Q,2015-Q2,526066443164.41,0,,,,,,,,,L,,,O,OL,true,2010,,F
dataflow,IMF.STA:QNEA(7.0.0),R,FRA,B1GQ,Q,SA,XDC,Q,2015-Q3,527646090346.6,0,,,,,,,,,L,,,O,OL,true,2010,,F
dataflow,IMF.STA:QNEA(7.0.0),R,FRA,B1GQ,Q,SA,XDC,Q,2015-Q4,529108407197.22,0,,,,,,,,,L,,,O,OL,true,2010,,F
dataflow,IMF.STA:QNEA(7.0.0),R,FRA,B1GQ,Q,SA,XDC,Q,2016-Q1,530751031839.16,0,,,,,,,,,L,,,O,OL,true,2010,,F
dataflow,IMF.STA:QNEA(7.0.0),R,FRA,B1GQ,Q,SA,XDC,Q,2016-Q2,529386639997.27,0,,,,,,,,,L,,,O,OL,true,2010,,F
dataflow,IMF.STA:QNEA(7.0.0),R,FRA,B1GQ,Q,SA,XDC,Q,2016-Q3,530330044141.06,0,,,,,,,,,L,,,O,OL,true,2010,,F
dataflow,IMF.STA:QNEA(7.0.0),R,FRA,B1GQ,Q,SA,XDC,Q,2016-Q4,533738193802.87,0,,,,,,,,,L,,,O,OL,true,2010,,F
dataflow,IMF.STA:QNEA(7.0.0),R,FRA,B1GQ,Q,SA,XDC,Q,2017-Q1,537273286618.2,0,,,,,,,,,L,,,O,OL,true,2010,,F
dataflow,IMF.STA:QNEA(7.0.0),R,FRA,B1GQ,Q,SA,XDC,Q,2017-Q2,541232241994.28,0,,,,,,,,,L,,,O,OL,true,2010,,F
dataflow,IMF.STA:QNEA(7.0.0),R,FRA,B1GQ,Q,SA,XDC,Q,2017-Q3,545319847473.58,0,,,,,,,,,L,,,O,OL,true,2010,,F
dataflow,IMF.STA:QNEA(7.0.0),R,FRA,B1GQ,Q,SA,XDC,Q,2017-Q4,548589644370.76,0,,,,,,,,,L,,,O,OL,true,2010,,F
dataflow,IMF.STA:QNEA(7.0.0),R,FRA,B1GQ,Q,SA,XDC,Q,2018-Q1,548272241567.21,0,,,,,,,,,L,,,O,OL,true,2010,,F
dataflow,IMF.STA:QNEA(7.0.0),R,FRA,B1GQ,Q,SA,XDC,Q,2018-Q2,549511576884.19,0,,,,,,,,,L,,,O,OL,true,2010,,F
dataflow,IMF.STA:QNEA(7.0.0),R,FRA,B1GQ,Q,SA,XDC,Q,2018-Q3,552535752704.41,0,,,,,,,,,L,,,O,OL,true,2010,,F
dataflow,IMF.STA:QNEA(7.0.0),R,FRA,B1GQ,Q,SA,XDC,Q,2018-Q4,556515820353.01,0,,,,,,,,,L,,,O,OL,true,2010,,F
dataflow,IMF.STA:QNEA(7.0.0),R,FRA,B1GQ,Q,SA,XDC,Q,2019-Q1,561800895962.06,0,,,,,,,,,L,,,O,OL,true,2010,,F
dataflow,IMF.STA:QNEA(7.0.0),R,FRA,B1GQ,Q,SA,XDC,Q,2019-Q2,564589512724.57,0,,,,,,,,,L,,,O,OL,true,2010,,F
dataflow,IMF.STA:QNEA(7.0.0),R,FRA,B1GQ,Q,SA,XDC,Q,2019-Q3,564830102791.9,0,,,,,,,,,L,,,O,OL,true,2010,,F
dataflow,IMF.STA:QNEA(7.0.0),R,FRA,B1GQ,Q,SA,XDC,Q,2019-Q4,561989199465.1,0,,,,,,,,,L,,,O,OL,true,2010,,F
dataflow,IMF.STA:QNEA(7.0.0),R,FRA,B1GQ,Q,SA,XDC,Q,2020-Q1,533873851383.77,0,,,,,,,,,L,,,O,OL,true,2010,,F
dataflow,IMF.STA:QNEA(7.0.0),R,FRA,B1GQ,Q,SA,XDC,Q,2020-Q2,468676009444.18,0,,,,,,,,,L,,,O,OL,true,2010,,F
dataflow,IMF.STA:QNEA(7.0.0),R,FRA,B1GQ,Q,SA,XDC,Q,2020-Q3,539657086784.97,0,,,,,,,,,L,,,O,OL,true,2010,,F
dataflow,IMF.STA:QNEA(7.0.0),R,FRA,B1GQ,Q,SA,XDC,Q,2020-Q4,539598601298.1,0,,,,,,,,,L,,,O,OL,true,2010,,F
dataflow,IMF.STA:QNEA(7.0.0),R,FRA,B1GQ,Q,SA,XDC,Q,2021-Q1,542022649541.85,0,,,,,,,,,L,,,O,OL,true,2010,,F
dataflow,IMF.STA:QNEA(7.0.0),R,FRA,B1GQ,Q,SA,XDC,Q,2021-Q2,548590093568.04,0,,,,,,,,,L,,,O,OL,true,2010,,F
dataflow,IMF.STA:QNEA(7.0.0),R,FRA,B1GQ,Q,SA,XDC,Q,2021-Q3,564836391553.93,0,,,,,,,,,L,,,O,OL,true,2010,,F
dataflow,IMF.STA:QNEA(7.0.0),R,FRA,B1GQ,Q,SA,XDC,Q,2021-Q4,567728413532.09,0,,,,,,,,,L,,,O,OL,true,2010,,F
dataflow,IMF.STA:QNEA(7.0.0),R,FRA,B1GQ,Q,SA,XDC,Q,2022-Q1,567649175130.53,0,,,,,,,,,L,,,O,OL,true,2010,,F
dataflow,IMF.STA:QNEA(7.0.0),R,FRA,B1GQ,Q,SA,XDC,Q,2022-Q2,569896778679.64,0,,,,,,,,,L,,,O,OL,true,2010,,F
dataflow,IMF.STA:QNEA(7.0.0),R,FRA,B1GQ,Q,SA,XDC,Q,2022-Q3,572785925795.15,0,,,,,,,,,L,,,O,OL,true,2010,,F
dataflow,IMF.STA:QNEA(7.0.0),R,FRA,B1GQ,Q,SA,XDC,Q,2022-Q4,575098123914.25,0,,,,,,,,,L,,,O,OL,true,2010,,F
dataflow,IMF.STA:QNEA(7.0.0),R,FRA,B1GQ,Q,SA,XDC,Q,2023-Q1,575925185960.5,0,,,,,,,,,L,,,O,OL,true,2010,,F
dataflow,IMF.STA:QNEA(7.0.0),R,FRA,B1GQ,Q,SA,XDC,Q,2023-Q2,581285636874.44,0,,,,,,,,,L,,,O,OL,true,2010,,F
dataflow,IMF.STA:QNEA(7.0.0),R,FRA,B1GQ,Q,SA,XDC,Q,2023-Q3,583420042707.03,0,,,,,,,,,L,,,O,OL,true,2010,,F
dataflow,IMF.STA:QNEA(7.0.0),R,FRA,B1GQ,Q,SA,XDC,Q,2023-Q4,586361656065.76,0,,,,,,,,,L,,,O,OL,true,2010,,F
dataflow,IMF.STA:QNEA(7.0.0),R,FRA,B1GQ,Q,SA,XDC,Q,2024-Q1,587796482042.37,0,,,,,,,,,L,,,O,OL,true,2010,,F
dataflow,IMF.STA:QNEA(7.0.0),R,FRA,B1GQ,Q,SA,XDC,Q,2024-Q2,589096908190.48,0,,,,,,,,,L,,,O,OL,true,2010,,F
dataflow,IMF.STA:QNEA(7.0.0),R,FRA,B1GQ,Q,SA,XDC,Q,2024-Q3,591659399038.33,0,,,,,,,,,L,,,O,OL,true,2010,,F
dataflow,IMF.STA:QNEA(7.0.0),R,FRA,B1GQ,Q,SA,XDC,Q,2024-Q4,591588515706.32,0,,,,,,,,,L,,,O,OL,true,2010,,F
dataflow,IMF.STA:QNEA(7.0.0),R,FRA,B1GQ,Q,SA,XDC,Q,2025-Q1,592584925130.06,0,,,,,,,,,L,,,O,OL,true,2010,,F
dataflow,IMF.STA:QNEA(7.0.0),R,FRA,B1GQ,Q,SA,XDC,Q,2025-Q2,593982916929.07,0,,,,,,,,,L,,,O,OL,true,2010,,F
dataflow,IMF.STA:QNEA(7.0.0),R,FRA,B1GQ,Q,SA,XDC,Q,2025-Q3,596499859171.94,0,,,,,,,,,L,,,O,OL,true,2010,,F
dataflow,IMF.STA:QNEA(7.0.0),R,FRA,B1GQ,Q,SA,XDC,Q,2025-Q4,598068276421.93,0,,,,,,,,,L,,,O,OL,true,2010,,F
dataflow,IMF.STA:QNEA(7.0.0),R,FRA,B1GQ,Q,SA,XDC,Q,2026-Q1,596992448917.71,0,,,,,,,,,L,,,O,OL,true,2010,,F
dataflow,IMF.STA:QNEA(7.0.0),R,FRA,B1GQ,Q,SA,XDC,Q,2026-Q2,597203931000.8,0,,,,,,,,,L,,,O,OL,true,2010,,F
dataflow,IMF.STA:QNEA(7.0.0),R,G163,B1GQ,Q,SA,XDC,Q,1995-Q1,1840554118264.6,0,,,,,,,,,,,,O,OL,true,2010,,F
dataflow,IMF.STA:QNEA(7.0.0),R,G163,B1GQ,Q,SA,XDC,Q,1995-Q2,1855823075075.8,0,,,,,,,,,,,,O,OL,true,2010,,F
dataflow,IMF.STA:QNEA(7.0.0),R,G163,B1GQ,Q,SA,XDC,Q,1995-Q3,1860234804785,0,,,,,,,,,,,,O,OL,true,2010,,F
dataflow,IMF.STA:QNEA(7.0.0),R,G163,B1GQ,Q,SA,XDC,Q,1995-Q4,1864402590800.3,0,,,,,,,,,,,,O,OL,true,2010,,F
dataflow,IMF.STA:QNEA(7.0.0),R,G163,B1GQ,Q,SA,XDC,Q,1996-Q1,1866965533838.8,0,,,,,,,,,,,,O,OL,true,2010,,F
dataflow,IMF.STA:QNEA(7.0.0),R,G163,B1GQ,Q,SA,XDC,Q,1996-Q2,1882080457974.7,0,,,,,,,,,,,,O,OL,true,2010,,F
dataflow,IMF.STA:QNEA(7.0.0),R,G163,B1GQ,Q,SA,XDC,Q,1996-Q3,1890709978104.3,0,,,,,,,,,,,,O,OL,true,2010,,F
dataflow,IMF.STA:QNEA(7.0.0),R,G163,B1GQ,Q,SA,XDC,Q,1996-Q4,1901355167798.1,0,,,,,,,,,,,,O,OL,true,2010,,F
dataflow,IMF.STA:QNEA(7.0.0),R,G163,B1GQ,Q,SA,XDC,Q,1997-Q1,1906907830745.1,0,,,,,,,,,,,,O,OL,true,2010,,F
dataflow,IMF.STA:QNEA(7.0.0),R,G163,B1GQ,Q,SA,XDC,Q,1997-Q2,1929995801495.2,0,,,,,,,,,,,,O,OL,true,2010,,F
dataflow,IMF.STA:QNEA(7.0.0),R,G163,B1GQ,Q,SA,XDC,Q,1997-Q3,1944357734184.7,0,,,,,,,,,,,,O,OL,true,2010,,F
dataflow,IMF.STA:QNEA(7.0.0),R,G163,B1GQ,Q,SA,XDC,Q,1997-Q4,1965088855889,0,,,,,,,,,,,,O,OL,true,2010,,F
dataflow,IMF.STA:QNEA(7.0.0),R,G163,B1GQ,Q,SA,XDC,Q,1998-Q1,1979303557412,0,,,,,,,,,,,,O,OL,true,2010,,F
dataflow,IMF.STA:QNEA(7.0.0),R,G163,B1GQ,Q,SA,XDC,Q,1998-Q2,1987531714367.8,0,,,,,,,,,,,,O,OL,true,2010,,F
dataflow,IMF.STA:QNEA(7.0.0),R,G163,B1GQ,Q,SA,XDC,Q,1998-Q3,1997162039482.4,0,,,,,,,,,,,,O,OL,true,2010,,F
dataflow,IMF.STA:QNEA(7.0.0),R,G163,B1GQ,Q,SA,XDC,Q,1998-Q4,2003208595996.2,0,,,,,,,,,,,,O,OL,true,2010,,F
dataflow,IMF.STA:QNEA(7.0.0),R,G163,B1GQ,Q,SA,XDC,Q,1999-Q1,2023697545331.3,0,,,,,,,,,,,,O,OL,true,2010,,F
dataflow,IMF.STA:QNEA(7.0.0),R,G163,B1GQ,Q,SA,XDC,Q,1999-Q2,2033920578838.7,0,,,,,,,,,,,,O,OL,true,2010,,F
dataflow,IMF.STA:QNEA(7.0.0),R,G163,B1GQ,Q,SA,XDC,Q,1999-Q3,2060016693752.8,0,,,,,,,,,,,,O,OL,true,2010,,F
dataflow,IMF.STA:QNEA(7.0.0),R,G163,B1GQ,Q,SA,XDC,Q,1999-Q4,2082214749699,0,,,,,,,,,,,,O,OL,true,2010,,F
dataflow,IMF.STA:QNEA(7.0.0),R,G163,B1GQ,Q,SA,XDC,Q,2000-Q1,2108479756616.7,0,,,,,,,,,,,,O,OL,true,2010,,F
dataflow,IMF.STA:QNEA(7.0.0),R,G163,B1GQ,Q,SA,XDC,Q,2000-Q2,2128420415864.2,0,,,,,,,,,,,,O,OL,true,2010,,F
dataflow,IMF.STA:QNEA(7.0.0),R,G163,B1GQ,Q,SA,XDC,Q,2000-Q3,2142055014724,0,,,,,,,,,,,,O,OL,true,2010,,F
dataflow,IMF.STA:QNEA(7.0.0),R,G163,B1GQ,Q,SA,XDC,Q,2000-Q4,2152687075429.2,0,,,,,,,,,,,,O,OL,true,2010,,F
dataflow,IMF.STA:QNEA(7.0.0),R,G163,B1GQ,Q,SA,XDC,Q,2001-Q1,2175982334583.6,0,,,,,,,,,,,,O,OL,true,2010,,F
dataflow,IMF.STA:QNEA(7.0.0),R,G163,B1GQ,Q,SA,XDC,Q,2001-Q2,2177584480345.8,0,,,,,,,,,,,,O,OL,true,2010,,F
dataflow,IMF.STA:QNEA(7.0.0),R,G163,B1GQ,Q,SA,XDC,Q,2001-Q3,2181248331985.9,0,,,,,,,,,,,,O,OL,true,2010,,F
dataflow,IMF.STA:QNEA(7.0.0),R,G163,B1GQ,Q,SA,XDC,Q,2001-Q4,2180626103449.6,0,,,,,,,,,,,,O,OL,true,2010,,F
dataflow,IMF.STA:QNEA(7.0.0),R,G163,B1GQ,Q,SA,XDC,Q,2002-Q1,2185299491574.5,0,,,,,,,,,,,,O,OL,true,2010,,F
dataflow,IMF.STA:QNEA(7.0.0),R,G163,B1GQ,Q,SA,XDC,Q,2002-Q2,2195941516486.4,0,,,,,,,,,,,,O,OL,true,2010,,F
dataflow,IMF.STA:QNEA(7.0.0),R,G163,B1GQ,Q,SA,XDC,Q,2002-Q3,2204431649469.2,0,,,,,,,,,,,,O,OL,true,2010,,F
dataflow,IMF.STA:QNEA(7.0.0),R,G163,B1GQ,Q,SA,XDC,Q,2002-Q4,2209276373396.1,0,,,,,,,,,,,,O,OL,true,2010,,F
dataflow,IMF.STA:QNEA(7.0.0),R,G163,B1GQ,Q,SA,XDC,Q,2003-Q1,2203068434424.2,0,,,,,,,,,,,,O,OL,true,2010,,F
dataflow,IMF.STA:QNEA(7.0.0),R,G163,B1GQ,Q,SA,XDC,Q,2003-Q2,2204471884650.4,0,,,,,,,,,,,,O,OL,true,2010,,F
dataflow,IMF.STA:QNEA(7.0.0),R,G163,B1GQ,Q,SA,XDC,Q,2003-Q3,2217719903562.8,0,,,,,,,,,,,,O,OL,true,2010,,F
dataflow,IMF.STA:QNEA(7.0.0),R,G163,B1GQ,Q,SA,XDC,Q,2003-Q4,2232495959787.1,0,,,,,,,,,,,,O,OL,true,2010,,F
dataflow,IMF.STA:QNEA(7.0.0),R,G163,B1GQ,Q,SA,XDC,Q,2004-Q1,2244199789007.8,0,,,,,,,,,,,,O,OL,true,2010,,F
dataflow,IMF.STA:QNEA(7.0.0),R,G163,B1GQ,Q,SA,XDC,Q,2004-Q2,2258538582331.8,0,,,,,,,,,,,,O,OL,true,2010,,F
dataflow,IMF.STA:QNEA(7.0.0),R,G163,B1GQ,Q,SA,XDC,Q,2004-Q3,2262666408703.5,0,,,,,,,,,,,,O,OL,true,2010,,F
dataflow,IMF.STA:QNEA(7.0.0),R,G163,B1GQ,Q,SA,XDC,Q,2004-Q4,2272700141814,0,,,,,,,,,,,,O,OL,true,2010,,F
dataflow,IMF.STA:QNEA(7.0.0),R,G163,B1GQ,Q,SA,XDC,Q,2005-Q1,2279225640550.1,0,,,,,,,,,,,,O,OL,true,2010,,F
dataflow,IMF.STA:QNEA(7.0.0),R,G163,B1GQ,Q,SA,XDC,Q,2005-Q2,2293186011746.7,0,,,,,,,,,,,,O,OL,true,2010,,F
dataflow,IMF.STA:QNEA(7.0.0),R,G163,B1GQ,Q,SA,XDC,Q,2005-Q3,2309622121129.3,0,,,,,,,,,,,,O,OL,true,2010,,F
dataflow,IMF.STA:QNEA(7.0.0),R,G163,B1GQ,Q,SA,XDC,Q,2005-Q4,2326080257536.9,0,,,,,,,,,,,,O,OL,true,2010,,F
dataflow,IMF.STA:QNEA(7.0.0),R,G163,B1GQ,Q,SA,XDC,Q,2006-Q1,2348136321743.8,0,,,,,,,,,,,,O,OL,true,2010,,F
dataflow,IMF.STA:QNEA(7.0.0),R,G163,B1GQ,Q,SA,XDC,Q,2006-Q2,2374297651714.9,0,,,,,,,,,,,,O,OL,true,2010,,F
dataflow,IMF.STA:QNEA(7.0.0),R,G163,B1GQ,Q,SA,XDC,Q,2006-Q3,2386536142749.2,0,,,,,,,,,,,,O,OL,true,2010,,F
dataflow,IMF.STA:QNEA(7.0.0),R,G163,B1GQ,Q,SA,XDC,Q,2006-Q4,2414523329582.1,0,,,,,,,,,,,,O,OL,true,2010,,F
dataflow,IMF.STA:QNEA(7.0.0),R,G163,B1GQ,Q,SA,XDC,Q,2007-Q1,2431687170875.9,0,,,,,,,,,,,,O,OL,true,2010,,F
dataflow,IMF.STA:QNEA(7.0.0),R,G163,B1GQ,Q,SA,XDC,Q,2007-Q2,2448026869359.2,0,,,,,,,,,,,,O,OL,true,2010,,F
dataflow,IMF.STA:QNEA(7.0.0),R,G163,B1GQ,Q,SA,XDC,Q,2007-Q3,2456939410913.8,0,,,,,,,,,,,,O,OL,true,2010,,F
dataflow,IMF.STA:QNEA(7.0.0),R,G163,B1GQ,Q,SA,XDC,Q,2007-Q4,2469731409699,0,,,,,,,,,,,,O,OL,true,2010,,F
dataflow,IMF.STA:QNEA(7.0.0),R,G163,B1GQ,Q,SA,XDC,Q,2008-Q1,2485733696419,0,,,,,,,,,,,,O,OL,true,2010,,F
dataflow,IMF.STA:QNEA(7.0.0),R,G163,B1GQ,Q,SA,XDC,Q,2008-Q2,2473121759051,0,,,,,,,,,,,,O,OL,true,2010,,F
dataflow,IMF.STA:QNEA(7.0.0),R,G163,B1GQ,Q,SA,XDC,Q,2008-Q3,2459252779211.1,0,,,,,,,,,,,,O,OL,true,2010,,F
dataflow,IMF.STA:QNEA(7.0.0),R,G163,B1GQ,Q,SA,XDC,Q,2008-Q4,2417115802030.9,0,,,,,,,,,,,,O,OL,true,2010,,F
dataflow,IMF.STA:QNEA(7.0.0),R,G163,B1GQ,Q,SA,XDC,Q,2009-Q1,2343484756328.5,0,,,,,,,,,,,,O,OL,true,2010,,F
dataflow,IMF.STA:QNEA(7.0.0),R,G163,B1GQ,Q,SA,XDC,Q,2009-Q2,2343505936407.8,0,,,,,,,,,,,,O,OL,true,2010,,F
dataflow,IMF.STA:QNEA(7.0.0),R,G163,B1GQ,Q,SA,XDC,Q,2009-Q3,2352008293927.1,0,,,,,,,,,,,,O,OL,true,2010,,F
dataflow,IMF.STA:QNEA(7.0.0),R,G163,B1GQ,Q,SA,XDC,Q,2009-Q4,2362312042813,0,,,,,,,,,,,,O,OL,true,2010,,F
dataflow,IMF.STA:QNEA(7.0.0),R,G163,B1GQ,Q,SA,XDC,Q,2010-Q1,2372036849552.4,0,,,,,,,,,,,,O,OL,true,2010,,F
dataflow,IMF.STA:QNEA(7.0.0),R,G163,B1GQ,Q,SA,XDC,Q,2010-Q2,2394407807441.7,0,,,,,,,,,,,,O,OL,true,2010,,F
dataflow,IMF.STA:QNEA(7.0.0),R,G163,B1GQ,Q,SA,XDC,Q,2010-Q3,2404736075567.1,0,,,,,,,,,,,,O,OL,true,2010,,F
dataflow,IMF.STA:QNEA(7.0.0),R,G163,B1GQ,Q,SA,XDC,Q,2010-Q4,2418745486670.3,0,,,,,,,,,,,,O,OL,true,2010,,F
dataflow,IMF.STA:QNEA(7.0.0),R,G163,B1GQ,Q,SA,XDC,Q,2011-Q1,2442216472869.8,0,,,,,,,,,,,,O,OL,true,2010,,F
dataflow,IMF.STA:QNEA(7.0.0),R,G163,B1GQ,Q,SA,XDC,Q,2011-Q2,2442140557605.5,0,,,,,,,,,,,,O,OL,true,2010,,F
dataflow,IMF.STA:QNEA(7.0.0),R,G163,B1GQ,Q,SA,XDC,Q,2011-Q3,2442482572852,0,,,,,,,,,,,,O,OL,true,2010,,F
dataflow,IMF.STA:QNEA(7.0.0),R,G163,B1GQ,Q,SA,XDC,Q,2011-Q4,2435059791145.2,0,,,,,,,,,,,,O,OL,true,2010,,F
dataflow,IMF.STA:QNEA(7.0.0),R,G163,B1GQ,Q,SA,XDC,Q,2012-Q1,2429993723078,0,,,,,,,,,,,,O,OL,true,2010,,F
dataflow,IMF.STA:QNEA(7.0.0),R,G163,B1GQ,Q,SA,XDC,Q,2012-Q2,2421373281974.5,0,,,,,,,,,,,,O,OL,true,2010,,F
dataflow,IMF.STA:QNEA(7.0.0),R,G163,B1GQ,Q,SA,XDC,Q,2012-Q3,2417561387124.3,0,,,,,,,,,,,,O,OL,true,2010,,F
dataflow,IMF.STA:QNEA(7.0.0),R,G163,B1GQ,Q,SA,XDC,Q,2012-Q4,2407145227911.3,0,,,,,,,,,,,,O,OL,true,2010,,F
dataflow,IMF.STA:QNEA(7.0.0),R,G163,B1GQ,Q,SA,XDC,Q,2013-Q1,2399810978084.5,0,,,,,,,,,,,,O,OL,true,2010,,F
dataflow,IMF.STA:QNEA(7.0.0),R,G163,B1GQ,Q,SA,XDC,Q,2013-Q2,2416150093444.8,0,,,,,,,,,,,,O,OL,true,2010,,F
dataflow,IMF.STA:QNEA(7.0.0),R,G163,B1GQ,Q,SA,XDC,Q,2013-Q3,2422340136414.8,0,,,,,,,,,,,,O,OL,true,2010,,F
dataflow,IMF.STA:QNEA(7.0.0),R,G163,B1GQ,Q,SA,XDC,Q,2013-Q4,2427562426234.5,0,,,,,,,,,,,,O,OL,true,2010,,F
dataflow,IMF.STA:QNEA(7.0.0),R,G163,B1GQ,Q,SA,XDC,Q,2014-Q1,2439793389466.4,0,,,,,,,,,,,,O,OL,true,2010,,F
dataflow,IMF.STA:QNEA(7.0.0),R,G163,B1GQ,Q,SA,XDC,Q,2014-Q2,2445660652387.9,0,,,,,,,,,,,,O,OL,true,2010,,F
dataflow,IMF.STA:QNEA(7.0.0),R,G163,B1GQ,Q,SA,XDC,Q,2014-Q3,2456821458857.5,0,,,,,,,,,,,,O,OL,true,2010,,F
dataflow,IMF.STA:QNEA(7.0.0),R,G163,B1GQ,Q,SA,XDC,Q,2014-Q4,2466525409065.6,0,,,,,,,,,,,,O,OL,true,2010,,F
dataflow,IMF.STA:QNEA(7.0.0),R,G163,B1GQ,Q,SA,XDC,Q,2015-Q1,2486087912162.9,0,,,,,,,,,,,,O,OL,true,2010,,F
dataflow,IMF.STA:QNEA(7.0.0),R,G163,B1GQ,Q,SA,XDC,Q,2015-Q2,2496907950351.8,0,,,,,,,,,,,,O,OL,true,2010,,F
dataflow,IMF.STA:QNEA(7.0.0),R,G163,B1GQ,Q,SA,XDC,Q,2015-Q3,2506938337925.3,0,,,,,,,,,,,,O,OL,true,2010,,F
dataflow,IMF.STA:QNEA(7.0.0),R,G163,B1GQ,Q,SA,XDC,Q,2015-Q4,2519126523290.3,0,,,,,,,,,,,,O,OL,true,2010,,F
dataflow,IMF.STA:QNEA(7.0.0),R,G163,B1GQ,Q,SA,XDC,Q,2016-Q1,2531535443113.6,0,,,,,,,,,,,,O,OL,true,2010,,F
dataflow,IMF.STA:QNEA(7.0.0),R,G163,B1GQ,Q,SA,XDC,Q,2016-Q2,2536290226370.8,0,,,,,,,,,,,,O,OL,true,2010,,F
dataflow,IMF.STA:QNEA(7.0.0),R,G163,B1GQ,Q,SA,XDC,Q,2016-Q3,2548934059574.6,0,,,,,,,,,,,,O,OL,true,2010,,F
dataflow,IMF.STA:QNEA(7.0.0),R,G163,B1GQ,Q,SA,XDC,Q,2016-Q4,2569327288351.3,0,,,,,,,,,,,,O,OL,true,2010,,F
dataflow,IMF.STA:QNEA(7.0.0),R,G163,B1GQ,Q,SA,XDC,Q,2017-Q1,2589016392201.7,0,,,,,,,,,,,,O,OL,true,2010,,F
dataflow,IMF.STA:QNEA(7.0.0),R,G163,B1GQ,Q,SA,XDC,Q,2017-Q2,2606907119111.7,0,,,,,,,,,,,,O,OL,true,2010,,F
dataflow,IMF.STA:QNEA(7.0.0),R,G163,B1GQ,Q,SA,XDC,Q,2017-Q3,2626965472822.6,0,,,,,,,,,,,,O,OL,true,2010,,F
dataflow,IMF.STA:QNEA(7.0.0),R,G163,B1GQ,Q,SA,XDC,Q,2017-Q4,2648426018325.9,0,,,,,,,,,,,,O,OL,true,2010,,F
dataflow,IMF.STA:QNEA(7.0.0),R,G163,B1GQ,Q,SA,XDC,Q,2018-Q1,2649240150951.8,0,,,,,,,,,,,,O,OL,true,2010,,F
dataflow,IMF.STA:QNEA(7.0.0),R,G163,B1GQ,Q,SA,XDC,Q,2018-Q2,2662119479345.6,0,,,,,,,,,,,,O,OL,true,2010,,F
dataflow,IMF.STA:QNEA(7.0.0),R,G163,B1GQ,Q,SA,XDC,Q,2018-Q3,2666214557160.8,0,,,,,,,,,,,,O,OL,true,2010,,F
dataflow,IMF.STA:QNEA(7.0.0),R,G163,B1GQ,Q,SA,XDC,Q,2018-Q4,2679741266772.1,0,,,,,,,,,,,,O,OL,true,2010,,F
dataflow,IMF.STA:QNEA(7.0.0),R,G163,B1GQ,Q,SA,XDC,Q,2019-Q1,2699506944575.8,0,,,,,,,,,,,,O,OL,true,2010,,F
dataflow,IMF.STA:QNEA(7.0.0),R,G163,B1GQ,Q,SA,XDC,Q,2019-Q2,2708208284696,0,,,,,,,,,,,,O,OL,true,2010,,F
dataflow,IMF.STA:QNEA(7.0.0),R,G163,B1GQ,Q,SA,XDC,Q,2019-Q3,2715444173214.4,0,,,,,,,,,,,,O,OL,true,2010,,F
dataflow,IMF.STA:QNEA(7.0.0),R,G163,B1GQ,Q,SA,XDC,Q,2019-Q4,2711119290747.7,0,,,,,,,,,,,,O,OL,true,2010,,F
dataflow,IMF.STA:QNEA(7.0.0),R,G163,B1GQ,Q,SA,XDC,Q,2020-Q1,2625205861617.4,0,,,,,,,,,,,,O,OL,true,2010,,F
dataflow,IMF.STA:QNEA(7.0.0),R,G163,B1GQ,Q,SA,XDC,Q,2020-Q2,2332670712063.9,0,,,,,,,,,,,,O,OL,true,2010,,F
dataflow,IMF.STA:QNEA(7.0.0),R,G163,B1GQ,Q,SA,XDC,Q,2020-Q3,2603201696134.8,0,,,,,,,,,,,,O,OL,true,2010,,F
dataflow,IMF.STA:QNEA(7.0.0),R,G163,B1GQ,Q,SA,XDC,Q,2020-Q4,2609505607163.4,0,,,,,,,,,,,,O,OL,true,2010,,F
dataflow,IMF.STA:QNEA(7.0.0),R,G163,B1GQ,Q,SA,XDC,Q,2021-Q1,2631792029503.2,0,,,,,,,,,,,,O,OL,true,2010,,F
dataflow,IMF.STA:QNEA(7.0.0),R,G163,B1GQ,Q,SA,XDC,Q,2021-Q2,2688446119980.9,0,,,,,,,,,,,,O,OL,true,2010,,F
dataflow,IMF.STA:QNEA(7.0.0),R,G163,B1GQ,Q,SA,XDC,Q,2021-Q3,2737709151439.1,0,,,,,,,,,,,,O,OL,true,2010,,F
dataflow,IMF.STA:QNEA(7.0.0),R,G163,B1GQ,Q,SA,XDC,Q,2021-Q4,2757026187608.8,0,,,,,,,,,,,,O,OL,true,2010,,F
dataflow,IMF.STA:QNEA(7.0.0),R,G163,B1GQ,Q,SA,XDC,Q,2022-Q1,2777643088353.4,0,,,,,,,,,,,,O,OL,true,2010,,F
dataflow,IMF.STA:QNEA(7.0.0),R,G163,B1GQ,Q,SA,XDC,Q,2022-Q2,2803884517579.1,0,,,,,,,,,,,,O,OL,true,2010,,F
dataflow,IMF.STA:QNEA(7.0.0),R,G163,B1GQ,Q,SA,XDC,Q,2022-Q3,2819054694899,0,,,,,,,,,,,,O,OL,true,2010,,F
dataflow,IMF.STA:QNEA(7.0.0),R,G163,B1GQ,Q,SA,XDC,Q,2022-Q4,2817568118832.5,0,,,,,,,,,,,,O,OL,true,2010,,F
dataflow,IMF.STA:QNEA(7.0.0),R,G163,B1GQ,Q,SA,XDC,Q,2023-Q1,2811751716597.1,0,,,,,,,,,,,,O,OL,true,2010,,F
dataflow,IMF.STA:QNEA(7.0.0),R,G163,B1GQ,Q,SA,XDC,Q,2023-Q2,2817233508349.5,0,,,,,,,,,,,,O,OL,true,2010,,F
dataflow,IMF.STA:QNEA(7.0.0),R,G163,B1GQ,Q,SA,XDC,Q,2023-Q3,2822398257607.5,0,,,,,,,,,,,,O,OL,true,2010,,F
dataflow,IMF.STA:QNEA(7.0.0),R,G163,B1GQ,Q,SA,XDC,Q,2023-Q4,2822371409074.2,0,,,,,,,,,,,,O,OL,true,2010,,F
dataflow,IMF.STA:QNEA(7.0.0),R,G163,B1GQ,Q,SA,XDC,Q,2024-Q1,2834519522081.9,0,,,,,,,,,,,,O,OL,true,2010,,F
dataflow,IMF.STA:QNEA(7.0.0),R,G163,B1GQ,Q,SA,XDC,Q,2024-Q2,2840795646021.8,0,,,,,,,,,,,,O,OL,true,2010,,F
dataflow,IMF.STA:QNEA(7.0.0),R,G163,B1GQ,Q,SA,XDC,Q,2024-Q3,2855957474686.2,0,,,,,,,,,,,,O,OL,true,2010,,F
dataflow,IMF.STA:QNEA(7.0.0),R,G163,B1GQ,Q,SA,XDC,Q,2024-Q4,2865164253771.5,0,,,,,,,,,,,,O,OL,true,2010,,F
dataflow,IMF.STA:QNEA(7.0.0),R,G163,B1GQ,Q,SA,XDC,Q,2025-Q1,2879129172611.4,0,,,,,,,,,,,,O,OL,true,2010,,F
dataflow,IMF.STA:QNEA(7.0.0),R,G163,B1GQ,Q,SA,XDC,Q,2025-Q2,2879781264452.3,0,,,,,,,,,,,,O,OL,true,2010,,F
dataflow,IMF.STA:QNEA(7.0.0),R,G163,B1GQ,Q,SA,XDC,Q,2025-Q3,2888691636366.3,0,,,,,,,,,,,,O,OL,true,2010,,F
dataflow,IMF.STA:QNEA(7.0.0),R,G163,B1GQ,Q,SA,XDC,Q,2025-Q4,2895172689765.4,0,,,,,,,,,,,,O,OL,true,2010,,F
dataflow,IMF.STA:QNEA(7.0.0),R,G163,B1GQ,Q,SA,XDC,Q,2026-Q1,2894748099691.5,0,,,,,,,,,,,,O,OL,true,2010,,F
dataflow,IMF.STA:QNEA(7.0.0),R,G163,B1GQ,Q,SA,XDC,Q,2026-Q2,2913099721070.7,0,,,,,,,,,,,,O,OL,true,2010,,F
dataflow,IMF.STA:QNEA(7.0.0),R,GBR,B1GQ,Q,SA,XDC,Q,1955-Q1,145457000000,0,,,,,,,,,L,,,O,OL,true,2023,,F
dataflow,IMF.STA:QNEA(7.0.0),R,GBR,B1GQ,Q,SA,XDC,Q,1955-Q2,145551000000,0,,,,,,,,,L,,,O,OL,true,2023,,F
dataflow,IMF.STA:QNEA(7.0.0),R,GBR,B1GQ,Q,SA,XDC,Q,1955-Q3,147995000000,0,,,,,,,,,L,,,O,OL,true,2023,,F
dataflow,IMF.STA:QNEA(7.0.0),R,GBR,B1GQ,Q,SA,XDC,Q,1955-Q4,147119000000,0,,,,,,,,,L,,,O,OL,true,2023,,F
dataflow,IMF.STA:QNEA(7.0.0),R,GBR,B1GQ,Q,SA,XDC,Q,1956-Q1,148955000000,0,,,,,,,,,L,,,O,OL,true,2023,,F
dataflow,IMF.STA:QNEA(7.0.0),R,GBR,B1GQ,Q,SA,XDC,Q,1956-Q2,148835000000,0,,,,,,,,,L,,,O,OL,true,2023,,F
dataflow,IMF.STA:QNEA(7.0.0),R,GBR,B1GQ,Q,SA,XDC,Q,1956-Q3,148665000000,0,,,,,,,,,L,,,O,OL,true,2023,,F
dataflow,IMF.STA:QNEA(7.0.0),R,GBR,B1GQ,Q,SA,XDC,Q,1956-Q4,149607000000,0,,,,,,,,,L,,,O,OL,true,2023,,F
dataflow,IMF.STA:QNEA(7.0.0),R,GBR,B1GQ,Q,SA,XDC,Q,1957-Q1,152331000000,0,,,,,,,,,L,,,O,OL,true,2023,,F
dataflow,IMF.STA:QNEA(7.0.0),R,GBR,B1GQ,Q,SA,XDC,Q,1957-Q2,152285000000,0,,,,,,,,,L,,,O,OL,true,2023,,F
dataflow,IMF.STA:QNEA(7.0.0),R,GBR,B1GQ,Q,SA,XDC,Q,1957-Q3,151340000000,0,,,,,,,,,L,,,O,OL,true,2023,,F
dataflow,IMF.STA:QNEA(7.0.0),R,GBR,B1GQ,Q,SA,XDC,Q,1957-Q4,151857000000,0,,,,,,,,,L,,,O,OL,true,2023,,F
dataflow,IMF.STA:QNEA(7.0.0),R,GBR,B1GQ,Q,SA,XDC,Q,1958-Q1,155117000000,0,,,,,,,,,L,,,O,OL,true,2023,,F
dataflow,IMF.STA:QNEA(7.0.0),R,GBR,B1GQ,Q,SA,XDC,Q,1958-Q2,151257000000,0,,,,,,,,,L,,,O,OL,true,2023,,F
dataflow,IMF.STA:QNEA(7.0.0),R,GBR,B1GQ,Q,SA,XDC,Q,1958-Q3,154551000000,0,,,,,,,,,L,,,O,OL,true,2023,,F
dataflow,IMF.STA:QNEA(7.0.0),R,GBR,B1GQ,Q,SA,XDC,Q,1958-Q4,155042000000,0,,,,,,,,,L,,,O,OL,true,2023,,F
dataflow,IMF.STA:QNEA(7.0.0),R,GBR,B1GQ,Q,SA,XDC,Q,1959-Q1,156009000000,0,,,,,,,,,L,,,O,OL,true,2023,,F
dataflow,IMF.STA:QNEA(7.0.0),R,GBR,B1GQ,Q,SA,XDC,Q,1959-Q2,158487000000,0,,,,,,,,,L,,,O,OL,true,2023,,F
dataflow,IMF.STA:QNEA(7.0.0),R,GBR,B1GQ,Q,SA,XDC,Q,1959-Q3,161850000000,0,,,,,,,,,L,,,O,OL,true,2023,,F
dataflow,IMF.STA:QNEA(7.0.0),R,GBR,B1GQ,Q,SA,XDC,Q,1959-Q4,165941000000,0,,,,,,,,,L,,,O,OL,true,2023,,F
dataflow,IMF.STA:QNEA(7.0.0),R,GBR,B1GQ,Q,SA,XDC,Q,1960-Q1,170121000000,0,,,,,,,,,L,,,O,OL,true,2023,,F
dataflow,IMF.STA:QNEA(7.0.0),R,GBR,B1GQ,Q,SA,XDC,Q,1960-Q2,168948000000,0,,,,,,,,,L,,,O,OL,true,2023,,F
dataflow,IMF.STA:QNEA(7.0.0),R,GBR,B1GQ,Q,SA,XDC,Q,1960-Q3,171442000000,0,,,,,,,,,L,,,O,OL,true,2023,,F
dataflow,IMF.STA:QNEA(7.0.0),R,GBR,B1GQ,Q,SA,XDC,Q,1960-Q4,172382000000,0,,,,,,,,,L,,,O,OL,true,2023,,F
dataflow,IMF.STA:QNEA(7.0.0),R,GBR,B1GQ,Q,SA,XDC,Q,1961-Q1,175276000000,0,,,,,,,,,L,,,O,OL,true,2023,,F
dataflow,IMF.STA:QNEA(7.0.0),R,GBR,B1GQ,Q,SA,XDC,Q,1961-Q2,175974000000,0,,,,,,,,,L,,,O,OL,true,2023,,F
dataflow,IMF.STA:QNEA(7.0.0),R,GBR,B1GQ,Q,SA,XDC,Q,1961-Q3,175126000000,0,,,,,,,,,L,,,O,OL,true,2023,,F
dataflow,IMF.STA:QNEA(7.0.0),R,GBR,B1GQ,Q,SA,XDC,Q,1961-Q4,174768000000,0,,,,,,,,,L,,,O,OL,true,2023,,F
dataflow,IMF.STA:QNEA(7.0.0),R,GBR,B1GQ,Q,SA,XDC,Q,1962-Q1,175568000000,0,,,,,,,,,L,,,O,OL,true,2023,,F
dataflow,IMF.STA:QNEA(7.0.0),R,GBR,B1GQ,Q,SA,XDC,Q,1962-Q2,177216000000,0,,,,,,,,,L,,,O,OL,true,2023,,F
dataflow,IMF.STA:QNEA(7.0.0),R,GBR,B1GQ,Q,SA,XDC,Q,1962-Q3,178265000000,0,,,,,,,,,L,,,O,OL,true,2023,,F
dataflow,IMF.STA:QNEA(7.0.0),R,GBR,B1GQ,Q,SA,XDC,Q,1962-Q4,177632000000,0,,,,,,,,,L,,,O,OL,true,2023,,F
dataflow,IMF.STA:QNEA(7.0.0),R,GBR,B1GQ,Q,SA,XDC,Q,1963-Q1,178493000000,0,,,,,,,,,L,,,O,OL,true,2023,,F
dataflow,IMF.STA:QNEA(7.0.0),R,GBR,B1GQ,Q,SA,XDC,Q,1963-Q2,186171000000,0,,,,,,,,,L,,,O,OL,true,2023,,F
dataflow,IMF.STA:QNEA(7.0.0),R,GBR,B1GQ,Q,SA,XDC,Q,1963-Q3,187001000000,0,,,,,,,,,L,,,O,OL,true,2023,,F
dataflow,IMF.STA:QNEA(7.0.0),R,GBR,B1GQ,Q,SA,XDC,Q,1963-Q4,191230000000,0,,,,,,,,,L,,,O,OL,true,2023,,F
dataflow,IMF.STA:QNEA(7.0.0),R,GBR,B1GQ,Q,SA,XDC,Q,1964-Q1,192542000000,0,,,,,,,,,L,,,O,OL,true,2023,,F
dataflow,IMF.STA:QNEA(7.0.0),R,GBR,B1GQ,Q,SA,XDC,Q,1964-Q2,196109000000,0,,,,,,,,,L,,,O,OL,true,2023,,F
dataflow,IMF.STA:QNEA(7.0.0),R,GBR,B1GQ,Q,SA,XDC,Q,1964-Q3,196783000000,0,,,,,,,,,L,,,O,OL,true,2023,,F
dataflow,IMF.STA:QNEA(7.0.0),R,GBR,B1GQ,Q,SA,XDC,Q,1964-Q4,199854000000,0,,,,,,,,,L,,,O,OL,true,2023,,F
dataflow,IMF.STA:QNEA(7.0.0),R,GBR,B1GQ,Q,SA,XDC,Q,1965-Q1,199276000000,0,,,,,,,,,L,,,O,OL,true,2023,,F
dataflow,IMF.STA:QNEA(7.0.0),R,GBR,B1GQ,Q,SA,XDC,Q,1965-Q2,199419000000,0,,,,,,,,,L,,,O,OL,true,2023,,F
dataflow,IMF.STA:QNEA(7.0.0),R,GBR,B1GQ,Q,SA,XDC,Q,1965-Q3,200957000000,0,,,,,,,,,L,,,O,OL,true,2023,,F
dataflow,IMF.STA:QNEA(7.0.0),R,GBR,B1GQ,Q,SA,XDC,Q,1965-Q4,202259000000,0,,,,,,,,,L,,,O,OL,true,2023,,F
dataflow,IMF.STA:QNEA(7.0.0),R,GBR,B1GQ,Q,SA,XDC,Q,1966-Q1,202588000000,0,,,,,,,,,L,,,O,OL,true,2023,,F
dataflow,IMF.STA:QNEA(7.0.0),R,GBR,B1GQ,Q,SA,XDC,Q,1966-Q2,203766000000,0,,,,,,,,,L,,,O,OL,true,2023,,F
dataflow,IMF.STA:QNEA(7.0.0),R,GBR,B1GQ,Q,SA,XDC,Q,1966-Q3,204428000000,0,,,,,,,,,L,,,O,OL,true,2023,,F
dataflow,IMF.STA:QNEA(7.0.0),R,GBR,B1GQ,Q,SA,XDC,Q,1966-Q4,203611000000,0,,,,,,,,,L,,,O,OL,true,2023,,F
dataflow,IMF.STA:QNEA(7.0.0),R,GBR,B1GQ,Q,SA,XDC,Q,1967-Q1,206330000000,0,,,,,,,,,L,,,O,OL,true,2023,,F
dataflow,IMF.STA:QNEA(7.0.0),R,GBR,B1GQ,Q,SA,XDC,Q,1967-Q2,209227000000,0,,,,,,,,,L,,,O,OL,true,2023,,F
dataflow,IMF.STA:QNEA(7.0.0),R,GBR,B1GQ,Q,SA,XDC,Q,1967-Q3,210092000000,0,,,,,,,,,L,,,O,OL,true,2023,,F
dataflow,IMF.STA:QNEA(7.0.0),R,GBR,B1GQ,Q,SA,XDC,Q,1967-Q4,211166000000,0,,,,,,,,,L,,,O,OL,true,2023,,F
dataflow,IMF.STA:QNEA(7.0.0),R,GBR,B1GQ,Q,SA,XDC,Q,1968-Q1,218997000000,0,,,,,,,,,L,,,O,OL,true,2023,,F
dataflow,IMF.STA:QNEA(7.0.0),R,GBR,B1GQ,Q,SA,XDC,Q,1968-Q2,218081000000,0,,,,,,,,,L,,,O,OL,true,2023,,F
dataflow,IMF.STA:QNEA(7.0.0),R,GBR,B1GQ,Q,SA,XDC,Q,1968-Q3,222325000000,0,,,,,,,,,L,,,O,OL,true,2023,,F
dataflow,IMF.STA:QNEA(7.0.0),R,GBR,B1GQ,Q,SA,XDC,Q,1968-Q4,223067000000,0,,,,,,,,,L,,,O,OL,true,2023,,F
dataflow,IMF.STA:QNEA(7.0.0),R,GBR,B1GQ,Q,SA,XDC,Q,1969-Q1,222725000000,0,,,,,,,,,L,,,O,OL,true,2023,,F
dataflow,IMF.STA:QNEA(7.0.0),R,GBR,B1GQ,Q,SA,XDC,Q,1969-Q2,224353000000,0,,,,,,,,,L,,,O,OL,true,2023,,F
dataflow,IMF.STA:QNEA(7.0.0),R,GBR,B1GQ,Q,SA,XDC,Q,1969-Q3,225601000000,0,,,,,,,,,L,,,O,OL,true,2023,,F
dataflow,IMF.STA:QNEA(7.0.0),R,GBR,B1GQ,Q,SA,XDC,Q,1969-Q4,226619000000,0,,,,,,,,,L,,,O,OL,true,2023,,F
dataflow,IMF.STA:QNEA(7.0.0),R,GBR,B1GQ,Q,SA,XDC,Q,1970-Q1,225223000000,0,,,,,,,,,L,,,O,OL,true,2023,,F
dataflow,IMF.STA:QNEA(7.0.0),R,GBR,B1GQ,Q,SA,XDC,Q,1970-Q2,230605000000,0,,,,,,,,,L,,,O,OL,true,2023,,F
dataflow,IMF.STA:QNEA(7.0.0),R,GBR,B1GQ,Q,SA,XDC,Q,1970-Q3,232800000000,0,,,,,,,,,L,,,O,OL,true,2023,,F
dataflow,IMF.STA:QNEA(7.0.0),R,GBR,B1GQ,Q,SA,XDC,Q,1970-Q4,234954000000,0,,,,,,,,,L,,,O,OL,true,2023,,F
dataflow,IMF.STA:QNEA(7.0.0),R,GBR,B1GQ,Q,SA,XDC,Q,1971-Q1,233843000000,0,,,,,,,,,L,,,O,OL,true,2023,,F
dataflow,IMF.STA:QNEA(7.0.0),R,GBR,B1GQ,Q,SA,XDC,Q,1971-Q2,238030000000,0,,,,,,,,,L,,,O,OL,true,2023,,F
dataflow,IMF.STA:QNEA(7.0.0),R,GBR,B1GQ,Q,SA,XDC,Q,1971-Q3,242078000000,0,,,,,,,,,L,,,O,OL,true,2023,,F
dataflow,IMF.STA:QNEA(7.0.0),R,GBR,B1GQ,Q,SA,XDC,Q,1971-Q4,243009000000,0,,,,,,,,,L,,,O,OL,true,2023,,F
dataflow,IMF.STA:QNEA(7.0.0),R,GBR,B1GQ,Q,SA,XDC,Q,1972-Q1,243540000000,0,,,,,,,,,L,,,O,OL,true,2023,,F
dataflow,IMF.STA:QNEA(7.0.0),R,GBR,B1GQ,Q,SA,XDC,Q,1972-Q2,249966000000,0,,,,,,,,,L,,,O,OL,true,2023,,F
dataflow,IMF.STA:QNEA(7.0.0),R,GBR,B1GQ,Q,SA,XDC,Q,1972-Q3,250633000000,0,,,,,,,,,L,,,O,OL,true,2023,,F
dataflow,IMF.STA:QNEA(7.0.0),R,GBR,B1GQ,Q,SA,XDC,Q,1972-Q4,254524000000,0,,,,,,,,,L,,,O,OL,true,2023,,F
dataflow,IMF.STA:QNEA(7.0.0),R,GBR,B1GQ,Q,SA,XDC,Q,1973-Q1,267015000000,0,,,,,,,,,L,,,O,OL,true,2023,,F
dataflow,IMF.STA:QNEA(7.0.0),R,GBR,B1GQ,Q,SA,XDC,Q,1973-Q2,267521000000,0,,,,,,,,,L,,,O,OL,true,2023,,F
dataflow,IMF.STA:QNEA(7.0.0),R,GBR,B1GQ,Q,SA,XDC,Q,1973-Q3,265025000000,0,,,,,,,,,L,,,O,OL,true,2023,,F
dataflow,IMF.STA:QNEA(7.0.0),R,GBR,B1GQ,Q,SA,XDC,Q,1973-Q4,263989000000,0,,,,,,,,,L,,,O,OL,true,2023,,F
dataflow,IMF.STA:QNEA(7.0.0),R,GBR,B1GQ,Q,SA,XDC,Q,1974-Q1,256670000000,0,,,,,,,,,L,,,O,OL,true,2023,,F
dataflow,IMF.STA:QNEA(7.0.0),R,GBR,B1GQ,Q,SA,XDC,Q,1974-Q2,260347000000,0,,,,,,,,,L,,,O,OL,true,2023,,F
dataflow,IMF.STA:QNEA(7.0.0),R,GBR,B1GQ,Q,SA,XDC,Q,1974-Q3,261890000000,0,,,,,,,,,L,,,O,OL,true,2023,,F
dataflow,IMF.STA:QNEA(7.0.0),R,GBR,B1GQ,Q,SA,XDC,Q,1974-Q4,258066000000,0,,,,,,,,,L,,,O,OL,true,2023,,F
dataflow,IMF.STA:QNEA(7.0.0),R,GBR,B1GQ,Q,SA,XDC,Q,1975-Q1,258116000000,0,,,,,,,,,L,,,O,OL,true,2023,,F
dataflow,IMF.STA:QNEA(7.0.0),R,GBR,B1GQ,Q,SA,XDC,Q,1975-Q2,253935000000,0,,,,,,,,,L,,,O,OL,true,2023,,F
dataflow,IMF.STA:QNEA(7.0.0),R,GBR,B1GQ,Q,SA,XDC,Q,1975-Q3,253168000000,0,,,,,,,,,L,,,O,OL,true,2023,,F
dataflow,IMF.STA:QNEA(7.0.0),R,GBR,B1GQ,Q,SA,XDC,Q,1975-Q4,255985000000,0,,,,,,,,,L,,,O,OL,true,2023,,F
dataflow,IMF.STA:QNEA(7.0.0),R,GBR,B1GQ,Q,SA,XDC,Q,1976-Q1,260268000000,0,,,,,,,,,L,,,O,OL,true,2023,,F
dataflow,IMF.STA:QNEA(7.0.0),R,GBR,B1GQ,Q,SA,XDC,Q,1976-Q2,259911000000,0,,,,,,,,,L,,,O,OL,true,2023,,F
dataflow,IMF.STA:QNEA(7.0.0),R,GBR,B1GQ,Q,SA,XDC,Q,1976-Q3,263132000000,0,,,,,,,,,L,,,O,OL,true,2023,,F
dataflow,IMF.STA:QNEA(7.0.0),R,GBR,B1GQ,Q,SA,XDC,Q,1976-Q4,268662000000,0,,,,,,,,,L,,,O,OL,true,2023,,F
dataflow,IMF.STA:QNEA(7.0.0),R,GBR,B1GQ,Q,SA,XDC,Q,1977-Q1,268833000000,0,,,,,,,,,L,,,O,OL,true,2023,,F
dataflow,IMF.STA:QNEA(7.0.0),R,GBR,B1GQ,Q,SA,XDC,Q,1977-Q2,266987000000,0,,,,,,,,,L,,,O,OL,true,2023,,F
dataflow,IMF.STA:QNEA(7.0.0),R,GBR,B1GQ,Q,SA,XDC,Q,1977-Q3,268717000000,0,,,,,,,,,L,,,O,OL,true,2023,,F
dataflow,IMF.STA:QNEA(7.0.0),R,GBR,B1GQ,Q,SA,XDC,Q,1977-Q4,273279000000,0,,,,,,,,,L,,,O,OL,true,2023,,F
dataflow,IMF.STA:QNEA(7.0.0),R,GBR,B1GQ,Q,SA,XDC,Q,1978-Q1,275841000000,0,,,,,,,,,L,,,O,OL,true,2023,,F
dataflow,IMF.STA:QNEA(7.0.0),R,GBR,B1GQ,Q,SA,XDC,Q,1978-Q2,279001000000,0,,,,,,,,,L,,,O,OL,true,2023,,F
dataflow,IMF.STA:QNEA(7.0.0),R,GBR,B1GQ,Q,SA,XDC,Q,1978-Q3,282797000000,0,,,,,,,,,L,,,O,OL,true,2023,,F
dataflow,IMF.STA:QNEA(7.0.0),R,GBR,B1GQ,Q,SA,XDC,Q,1978-Q4,285314000000,0,,,,,,,,,L,,,O,OL,true,2023,,F
dataflow,IMF.STA:QNEA(7.0.0),R,GBR,B1GQ,Q,SA,XDC,Q,1979-Q1,284457000000,0,,,,,,,,,L,,,O,OL,true,2023,,F
dataflow,IMF.STA:QNEA(7.0.0),R,GBR,B1GQ,Q,SA,XDC,Q,1979-Q2,296841000000,0,,,,,,,,,L,,,O,OL,true,2023,,F
dataflow,IMF.STA:QNEA(7.0.0),R,GBR,B1GQ,Q,SA,XDC,Q,1979-Q3,290297000000,0,,,,,,,,,L,,,O,OL,true,2023,,F
dataflow,IMF.STA:QNEA(7.0.0),R,GBR,B1GQ,Q,SA,XDC,Q,1979-Q4,293265000000,0,,,,,,,,,L,,,O,OL,true,2023,,F
dataflow,IMF.STA:QNEA(7.0.0),R,GBR,B1GQ,Q,SA,XDC,Q,1980-Q1,290378000000,0,,,,,,,,,L,,,O,OL,true,2023,,F
dataflow,IMF.STA:QNEA(7.0.0),R,GBR,B1GQ,Q,SA,XDC,Q,1980-Q2,284713000000,0,,,,,,,,,L,,,O,OL,true,2023,,F
dataflow,IMF.STA:QNEA(7.0.0),R,GBR,B1GQ,Q,SA,XDC,Q,1980-Q3,284402000000,0,,,,,,,,,L,,,O,OL,true,2023,,F
dataflow,IMF.STA:QNEA(7.0.0),R,GBR,B1GQ,Q,SA,XDC,Q,1980-Q4,281496000000,0,,,,,,,,,L,,,O,OL,true,2023,,F
dataflow,IMF.STA:QNEA(7.0.0),R,GBR,B1GQ,Q,SA,XDC,Q,1981-Q1,281257000000,0,,,,,,,,,L,,,O,OL,true,2023,,F
dataflow,IMF.STA:QNEA(7.0.0),R,GBR,B1GQ,Q,SA,XDC,Q,1981-Q2,282155000000,0,,,,,,,,,L,,,O,OL,true,2023,,F
dataflow,IMF.STA:QNEA(7.0.0),R,GBR,B1GQ,Q,SA,XDC,Q,1981-Q3,285437000000,0,,,,,,,,,L,,,O,OL,true,2023,,F
dataflow,IMF.STA:QNEA(7.0.0),R,GBR,B1GQ,Q,SA,XDC,Q,1981-Q4,285814000000,0,,,,,,,,,L,,,O,OL,true,2023,,F
dataflow,IMF.STA:QNEA(7.0.0),R,GBR,B1GQ,Q,SA,XDC,Q,1982-Q1,286275000000,0,,,,,,,,,L,,,O,OL,true,2023,,F
dataflow,IMF.STA:QNEA(7.0.0),R,GBR,B1GQ,Q,SA,XDC,Q,1982-Q2,289232000000,0,,,,,,,,,L,,,O,OL,true,2023,,F
dataflow,IMF.STA:QNEA(7.0.0),R,GBR,B1GQ,Q,SA,XDC,Q,1982-Q3,289852000000,0,,,,,,,,,L,,,O,OL,true,2023,,F
dataflow,IMF.STA:QNEA(7.0.0),R,GBR,B1GQ,Q,SA,XDC,Q,1982-Q4,291832000000,0,,,,,,,,,L,,,O,OL,true,2023,,F
dataflow,IMF.STA:QNEA(7.0.0),R,GBR,B1GQ,Q,SA,XDC,Q,1983-Q1,297563000000,0,,,,,,,,,L,,,O,OL,true,2023,,F
dataflow,IMF.STA:QNEA(7.0.0),R,GBR,B1GQ,Q,SA,XDC,Q,1983-Q2,299623000000,0,,,,,,,,,L,,,O,OL,true,2023,,F
dataflow,IMF.STA:QNEA(7.0.0),R,GBR,B1GQ,Q,SA,XDC,Q,1983-Q3,303085000000,0,,,,,,,,,L,,,O,OL,true,2023,,F
dataflow,IMF.STA:QNEA(7.0.0),R,GBR,B1GQ,Q,SA,XDC,Q,1983-Q4,305361000000,0,,,,,,,,,L,,,O,OL,true,2023,,F
dataflow,IMF.STA:QNEA(7.0.0),R,GBR,B1GQ,Q,SA,XDC,Q,1984-Q1,307964000000,0,,,,,,,,,L,,,O,OL,true,2023,,F
dataflow,IMF.STA:QNEA(7.0.0),R,GBR,B1GQ,Q,SA,XDC,Q,1984-Q2,304892000000,0,,,,,,,,,L,,,O,OL,true,2023,,F
dataflow,IMF.STA:QNEA(7.0.0),R,GBR,B1GQ,Q,SA,XDC,Q,1984-Q3,307122000000,0,,,,,,,,,L,,,O,OL,true,2023,,F
dataflow,IMF.STA:QNEA(7.0.0),R,GBR,B1GQ,Q,SA,XDC,Q,1984-Q4,312697000000,0,,,,,,,,,L,,,O,OL,true,2023,,F
dataflow,IMF.STA:QNEA(7.0.0),R,GBR,B1GQ,Q,SA,XDC,Q,1985-Q1,315753000000,0,,,,,,,,,L,,,O,OL,true,2023,,F
dataflow,IMF.STA:QNEA(7.0.0),R,GBR,B1GQ,Q,SA,XDC,Q,1985-Q2,322451000000,0,,,,,,,,,L,,,O,OL,true,2023,,F
dataflow,IMF.STA:QNEA(7.0.0),R,GBR,B1GQ,Q,SA,XDC,Q,1985-Q3,322392000000,0,,,,,,,,,L,,,O,OL,true,2023,,F
dataflow,IMF.STA:QNEA(7.0.0),R,GBR,B1GQ,Q,SA,XDC,Q,1985-Q4,322604000000,0,,,,,,,,,L,,,O,OL,true,2023,,F
dataflow,IMF.STA:QNEA(7.0.0),R,GBR,B1GQ,Q,SA,XDC,Q,1986-Q1,325968000000,0,,,,,,,,,L,,,O,OL,true,2023,,F
dataflow,IMF.STA:QNEA(7.0.0),R,GBR,B1GQ,Q,SA,XDC,Q,1986-Q2,328872000000,0,,,,,,,,,L,,,O,OL,true,2023,,F
dataflow,IMF.STA:QNEA(7.0.0),R,GBR,B1GQ,Q,SA,XDC,Q,1986-Q3,330966000000,0,,,,,,,,,L,,,O,OL,true,2023,,F
dataflow,IMF.STA:QNEA(7.0.0),R,GBR,B1GQ,Q,SA,XDC,Q,1986-Q4,337367000000,0,,,,,,,,,L,,,O,OL,true,2023,,F
dataflow,IMF.STA:QNEA(7.0.0),R,GBR,B1GQ,Q,SA,XDC,Q,1987-Q1,339754000000,0,,,,,,,,,L,,,O,OL,true,2023,,F
dataflow,IMF.STA:QNEA(7.0.0),R,GBR,B1GQ,Q,SA,XDC,Q,1987-Q2,344795000000,0,,,,,,,,,L,,,O,OL,true,2023,,F
dataflow,IMF.STA:QNEA(7.0.0),R,GBR,B1GQ,Q,SA,XDC,Q,1987-Q3,353365000000,0,,,,,,,,,L,,,O,OL,true,2023,,F
dataflow,IMF.STA:QNEA(7.0.0),R,GBR,B1GQ,Q,SA,XDC,Q,1987-Q4,357439000000,0,,,,,,,,,L,,,O,OL,true,2023,,F
dataflow,IMF.STA:QNEA(7.0.0),R,GBR,B1GQ,Q,SA,XDC,Q,1988-Q1,363267000000,0,,,,,,,,,L,,,O,OL,true,2023,,F
dataflow,IMF.STA:QNEA(7.0.0),R,GBR,B1GQ,Q,SA,XDC,Q,1988-Q2,365209000000,0,,,,,,,,,L,,,O,OL,true,2023,,F
dataflow,IMF.STA:QNEA(7.0.0),R,GBR,B1GQ,Q,SA,XDC,Q,1988-Q3,369774000000,0,,,,,,,,,L,,,O,OL,true,2023,,F
dataflow,IMF.STA:QNEA(7.0.0),R,GBR,B1GQ,Q,SA,XDC,Q,1988-Q4,372752000000,0,,,,,,,,,L,,,O,OL,true,2023,,F
dataflow,IMF.STA:QNEA(7.0.0),R,GBR,B1GQ,Q,SA,XDC,Q,1989-Q1,374612000000,0,,,,,,,,,L,,,O,OL,true,2023,,F
dataflow,IMF.STA:QNEA(7.0.0),R,GBR,B1GQ,Q,SA,XDC,Q,1989-Q2,376951000000,0,,,,,,,,,L,,,O,OL,true,2023,,F
dataflow,IMF.STA:QNEA(7.0.0),R,GBR,B1GQ,Q,SA,XDC,Q,1989-Q3,377573000000,0,,,,,,,,,L,,,O,OL,true,2023,,F
dataflow,IMF.STA:QNEA(7.0.0),R,GBR,B1GQ,Q,SA,XDC,Q,1989-Q4,377508000000,0,,,,,,,,,L,,,O,OL,true,2023,,F
dataflow,IMF.STA:QNEA(7.0.0),R,GBR,B1GQ,Q,SA,XDC,Q,1990-Q1,379458000000,0,,,,,,,,,L,,,O,OL,true,2023,,F
dataflow,IMF.STA:QNEA(7.0.0),R,GBR,B1GQ,Q,SA,XDC,Q,1990-Q2,381997000000,0,,,,,,,,,L,,,O,OL,true,2023,,F
dataflow,IMF.STA:QNEA(7.0.0),R,GBR,B1GQ,Q,SA,XDC,Q,1990-Q3,377831000000,0,,,,,,,,,L,,,O,OL,true,2023,,F
dataflow,IMF.STA:QNEA(7.0.0),R,GBR,B1GQ,Q,SA,XDC,Q,1990-Q4,375916000000,0,,,,,,,,,L,,,O,OL,true,2023,,F
dataflow,IMF.STA:QNEA(7.0.0),R,GBR,B1GQ,Q,SA,XDC,Q,1991-Q1,374060000000,0,,,,,,,,,L,,,O,OL,true,2023,,F
dataflow,IMF.STA:QNEA(7.0.0),R,GBR,B1GQ,Q,SA,XDC,Q,1991-Q2,373608000000,0,,,,,,,,,L,,,O,OL,true,2023,,F
dataflow,IMF.STA:QNEA(7.0.0),R,GBR,B1GQ,Q,SA,XDC,Q,1991-Q3,372878000000,0,,,,,,,,,L,,,O,OL,true,2023,,F
dataflow,IMF.STA:QNEA(7.0.0),R,GBR,B1GQ,Q,SA,XDC,Q,1991-Q4,373357000000,0,,,,,,,,,L,,,O,OL,true,2023,,F
dataflow,IMF.STA:QNEA(7.0.0),R,GBR,B1GQ,Q,SA,XDC,Q,1992-Q1,373317000000,0,,,,,,,,,L,,,O,OL,true,2023,,F
dataflow,IMF.STA:QNEA(7.0.0),R,GBR,B1GQ,Q,SA,XDC,Q,1992-Q2,372751000000,0,,,,,,,,,L,,,O,OL,true,2023,,F
dataflow,IMF.STA:QNEA(7.0.0),R,GBR,B1GQ,Q,SA,XDC,Q,1992-Q3,374537000000,0,,,,,,,,,L,,,O,OL,true,2023,,F
dataflow,IMF.STA:QNEA(7.0.0),R,GBR,B1GQ,Q,SA,XDC,Q,1992-Q4,377418000000,0,,,,,,,,,L,,,O,OL,true,2023,,F
dataflow,IMF.STA:QNEA(7.0.0),R,GBR,B1GQ,Q,SA,XDC,Q,1993-Q1,379370000000,0,,,,,,,,,L,,,O,OL,true,2023,,F
dataflow,IMF.STA:QNEA(7.0.0),R,GBR,B1GQ,Q,SA,XDC,Q,1993-Q2,381045000000,0,,,,,,,,,L,,,O,OL,true,2023,,F
dataflow,IMF.STA:QNEA(7.0.0),R,GBR,B1GQ,Q,SA,XDC,Q,1993-Q3,384524000000,0,,,,,,,,,L,,,O,OL,true,2023,,F
dataflow,IMF.STA:QNEA(7.0.0),R,GBR,B1GQ,Q,SA,XDC,Q,1993-Q4,387143000000,0,,,,,,,,,L,,,O,OL,true,2023,,F
dataflow,IMF.STA:QNEA(7.0.0),R,GBR,B1GQ,Q,SA,XDC,Q,1994-Q1,391026000000,0,,,,,,,,,L,,,O,OL,true,2023,,F
dataflow,IMF.STA:QNEA(7.0.0),R,GBR,B1GQ,Q,SA,XDC,Q,1994-Q2,394588000000,0,,,,,,,,,L,,,O,OL,true,2023,,F
dataflow,IMF.STA:QNEA(7.0.0),R,GBR,B1GQ,Q,SA,XDC,Q,1994-Q3,398566000000,0,,,,,,,,,L,,,O,OL,true,2023,,F
dataflow,IMF.STA:QNEA(7.0.0),R,GBR,B1GQ,Q,SA,XDC,Q,1994-Q4,400279000000,0,,,,,,,,,L,,,O,OL,true,2023,,F
dataflow,IMF.STA:QNEA(7.0.0),R,GBR,B1GQ,Q,SA,XDC,Q,1995-Q1,402390000000,0,,,,,,,,,L,,,O,OL,true,2023,,F
dataflow,IMF.STA:QNEA(7.0.0),R,GBR,B1GQ,Q,SA,XDC,Q,1995-Q2,403259000000,0,,,,,,,,,L,,,O,OL,true,2023,,F
dataflow,IMF.STA:QNEA(7.0.0),R,GBR,B1GQ,Q,SA,XDC,Q,1995-Q3,407795000000,0,,,,,,,,,L,,,O,OL,true,2023,,F
dataflow,IMF.STA:QNEA(7.0.0),R,GBR,B1GQ,Q,SA,XDC,Q,1995-Q4,409132000000,0,,,,,,,,,L,,,O,OL,true,2023,,F
dataflow,IMF.STA:QNEA(7.0.0),R,GBR,B1GQ,Q,SA,XDC,Q,1996-Q1,412022000000,0,,,,,,,,,L,,,O,OL,true,2023,,F
dataflow,IMF.STA:QNEA(7.0.0),R,GBR,B1GQ,Q,SA,XDC,Q,1996-Q2,413325000000,0,,,,,,,,,L,,,O,OL,true,2023,,F
dataflow,IMF.STA:QNEA(7.0.0),R,GBR,B1GQ,Q,SA,XDC,Q,1996-Q3,417019000000,0,,,,,,,,,L,,,O,OL,true,2023,,F
dataflow,IMF.STA:QNEA(7.0.0),R,GBR,B1GQ,Q,SA,XDC,Q,1996-Q4,422639000000,0,,,,,,,,,L,,,O,OL,true,2023,,F
dataflow,IMF.STA:QNEA(7.0.0),R,GBR,B1GQ,Q,SA,XDC,Q,1997-Q1,429418000000,0,,,,,,,,,L,,,O,OL,true,2023,,F
dataflow,IMF.STA:QNEA(7.0.0),R,GBR,B1GQ,Q,SA,XDC,Q,1997-Q2,434199000000,0,,,,,,,,,L,,,O,OL,true,2023,,F
dataflow,IMF.STA:QNEA(7.0.0),R,GBR,B1GQ,Q,SA,XDC,Q,1997-Q3,438100000000,0,,,,,,,,,L,,,O,OL,true,2023,,F
dataflow,IMF.STA:QNEA(7.0.0),R,GBR,B1GQ,Q,SA,XDC,Q,1997-Q4,444540000000,0,,,,,,,,,L,,,O,OL,true,2023,,F
dataflow,IMF.STA:QNEA(7.0.0),R,GBR,B1GQ,Q,SA,XDC,Q,1998-Q1,447712000000,0,,,,,,,,,L,,,O,OL,true,2023,,F
dataflow,IMF.STA:QNEA(7.0.0),R,GBR,B1GQ,Q,SA,XDC,Q,1998-Q2,450292000000,0,,,,,,,,,L,,,O,OL,true,2023,,F
dataflow,IMF.STA:QNEA(7.0.0),R,GBR,B1GQ,Q,SA,XDC,Q,1998-Q3,451005000000,0,,,,,,,,,L,,,O,OL,true,2023,,F
dataflow,IMF.STA:QNEA(7.0.0),R,GBR,B1GQ,Q,SA,XDC,Q,1998-Q4,453937000000,0,,,,,,,,,L,,,O,OL,true,2023,,F
dataflow,IMF.STA:QNEA(7.0.0),R,GBR,B1GQ,Q,SA,XDC,Q,1999-Q1,457044000000,0,,,,,,,,,L,,,O,OL,true,2023,,F
dataflow,IMF.STA:QNEA(7.0.0),R,GBR,B1GQ,Q,SA,XDC,Q,1999-Q2,458710000000,0,,,,,,,,,L,,,O,OL,true,2023,,F
dataflow,IMF.STA:QNEA(7.0.0),R,GBR,B1GQ,Q,SA,XDC,Q,1999-Q3,466387000000,0,,,,,,,,,L,,,O,OL,true,2023,,F
dataflow,IMF.STA:QNEA(7.0.0),R,GBR,B1GQ,Q,SA,XDC,Q,1999-Q4,473892000000,0,,,,,,,,,L,,,O,OL,true,2023,,F
dataflow,IMF.STA:QNEA(7.0.0),R,GBR,B1GQ,Q,SA,XDC,Q,2000-Q1,480212000000,0,,,,,,,,,L,,,O,OL,true,2023,,F
dataflow,IMF.STA:QNEA(7.0.0),R,GBR,B1GQ,Q,SA,XDC,Q,2000-Q2,483672000000,0,,,,,,,,,L,,,O,OL,true,2023,,F
dataflow,IMF.STA:QNEA(7.0.0),R,GBR,B1GQ,Q,SA,XDC,Q,2000-Q3,486617000000,0,,,,,,,,,L,,,O,OL,true,2023,,F
dataflow,IMF.STA:QNEA(7.0.0),R,GBR,B1GQ,Q,SA,XDC,Q,2000-Q4,489506000000,0,,,,,,,,,L,,,O,OL,true,2023,,F
dataflow,IMF.STA:QNEA(7.0.0),R,GBR,B1GQ,Q,SA,XDC,Q,2001-Q1,493575000000,0,,,,,,,,,L,,,O,OL,true,2023,,F
dataflow,IMF.STA:QNEA(7.0.0),R,GBR,B1GQ,Q,SA,XDC,Q,2001-Q2,495602000000,0,,,,,,,,,L,,,O,OL,true,2023,,F
dataflow,IMF.STA:QNEA(7.0.0),R,GBR,B1GQ,Q,SA,XDC,Q,2001-Q3,497938000000,0,,,,,,,,,L,,,O,OL,true,2023,,F
dataflow,IMF.STA:QNEA(7.0.0),R,GBR,B1GQ,Q,SA,XDC,Q,2001-Q4,499278000000,0,,,,,,,,,L,,,O,OL,true,2023,,F
dataflow,IMF.STA:QNEA(7.0.0),R,GBR,B1GQ,Q,SA,XDC,Q,2002-Q1,500794000000,0,,,,,,,,,L,,,O,OL,true,2023,,F
dataflow,IMF.STA:QNEA(7.0.0),R,GBR,B1GQ,Q,SA,XDC,Q,2002-Q2,503433000000,0,,,,,,,,,L,,,O,OL,true,2023,,F
dataflow,IMF.STA:QNEA(7.0.0),R,GBR,B1GQ,Q,SA,XDC,Q,2002-Q3,506386000000,0,,,,,,,,,L,,,O,OL,true,2023,,F
dataflow,IMF.STA:QNEA(7.0.0),R,GBR,B1GQ,Q,SA,XDC,Q,2002-Q4,509728000000,0,,,,,,,,,L,,,O,OL,true,2023,,F
dataflow,IMF.STA:QNEA(7.0.0),R,GBR,B1GQ,Q,SA,XDC,Q,2003-Q1,514031000000,0,,,,,,,,,L,,,O,OL,true,2023,,F
dataflow,IMF.STA:QNEA(7.0.0),R,GBR,B1GQ,Q,SA,XDC,Q,2003-Q2,518802000000,0,,,,,,,,,L,,,O,OL,true,2023,,F
dataflow,IMF.STA:QNEA(7.0.0),R,GBR,B1GQ,Q,SA,XDC,Q,2003-Q3,524213000000,0,,,,,,,,,L,,,O,OL,true,2023,,F
dataflow,IMF.STA:QNEA(7.0.0),R,GBR,B1GQ,Q,SA,XDC,Q,2003-Q4,528320000000,0,,,,,,,,,L,,,O,OL,true,2023,,F
dataflow,IMF.STA:QNEA(7.0.0),R,GBR,B1GQ,Q,SA,XDC,Q,2004-Q1,529996000000,0,,,,,,,,,L,,,O,OL,true,2023,,F
dataflow,IMF.STA:QNEA(7.0.0),R,GBR,B1GQ,Q,SA,XDC,Q,2004-Q2,532543000000,0,,,,,,,,,L,,,O,OL,true,2023,,F
dataflow,IMF.STA:QNEA(7.0.0),R,GBR,B1GQ,Q,SA,XDC,Q,2004-Q3,534447000000,0,,,,,,,,,L,,,O,OL,true,2023,,F
dataflow,IMF.STA:QNEA(7.0.0),R,GBR,B1GQ,Q,SA,XDC,Q,2004-Q4,536886000000,0,,,,,,,,,L,,,O,OL,true,2023,,F
dataflow,IMF.STA:QNEA(7.0.0),R,GBR,B1GQ,Q,SA,XDC,Q,2005-Q1,541028000000,0,,,,,,,,,L,,,O,OL,true,2023,,F
dataflow,IMF.STA:QNEA(7.0.0),R,GBR,B1GQ,Q,SA,XDC,Q,2005-Q2,545530000000,0,,,,,,,,,L,,,O,OL,true,2023,,F
dataflow,IMF.STA:QNEA(7.0.0),R,GBR,B1GQ,Q,SA,XDC,Q,2005-Q3,550552000000,0,,,,,,,,,L,,,O,OL,true,2023,,F
dataflow,IMF.STA:QNEA(7.0.0),R,GBR,B1GQ,Q,SA,XDC,Q,2005-Q4,556311000000,0,,,,,,,,,L,,,O,OL,true,2023,,F
dataflow,IMF.STA:QNEA(7.0.0),R,GBR,B1GQ,Q,SA,XDC,Q,2006-Q1,558314000000,0,,,,,,,,,L,,,O,OL,true,2023,,F
dataflow,IMF.STA:QNEA(7.0.0),R,GBR,B1GQ,Q,SA,XDC,Q,2006-Q2,559795000000,0,,,,,,,,,L,,,O,OL,true,2023,,F
dataflow,IMF.STA:QNEA(7.0.0),R,GBR,B1GQ,Q,SA,XDC,Q,2006-Q3,560675000000,0,,,,,,,,,L,,,O,OL,true,2023,,F
dataflow,IMF.STA:QNEA(7.0.0),R,GBR,B1GQ,Q,SA,XDC,Q,2006-Q4,562669000000,0,,,,,,,,,L,,,O,OL,true,2023,,F
dataflow,IMF.STA:QNEA(7.0.0),R,GBR,B1GQ,Q,SA,XDC,Q,2007-Q1,568845000000,0,,,,,,,,,L,,,O,OL,true,2023,,F
dataflow,IMF.STA:QNEA(7.0.0),R,GBR,B1GQ,Q,SA,XDC,Q,2007-Q2,574194000000,0,,,,,,,,,L,,,O,OL,true,2023,,F
dataflow,IMF.STA:QNEA(7.0.0),R,GBR,B1GQ,Q,SA,XDC,Q,2007-Q3,579605000000,0,,,,,,,,,L,,,O,OL,true,2023,,F
dataflow,IMF.STA:QNEA(7.0.0),R,GBR,B1GQ,Q,SA,XDC,Q,2007-Q4,584504000000,0,,,,,,,,,L,,,O,OL,true,2023,,F
dataflow,IMF.STA:QNEA(7.0.0),R,GBR,B1GQ,Q,SA,XDC,Q,2008-Q1,586690000000,0,,,,,,,,,L,,,O,OL,true,2023,,F
dataflow,IMF.STA:QNEA(7.0.0),R,GBR,B1GQ,Q,SA,XDC,Q,2008-Q2,583541000000,0,,,,,,,,,L,,,O,OL,true,2023,,F
dataflow,IMF.STA:QNEA(7.0.0),R,GBR,B1GQ,Q,SA,XDC,Q,2008-Q3,573961000000,0,,,,,,,,,L,,,O,OL,true,2023,,F
dataflow,IMF.STA:QNEA(7.0.0),R,GBR,B1GQ,Q,SA,XDC,Q,2008-Q4,561816000000,0,,,,,,,,,L,,,O,OL,true,2023,,F
dataflow,IMF.STA:QNEA(7.0.0),R,GBR,B1GQ,Q,SA,XDC,Q,2009-Q1,550451000000,0,,,,,,,,,L,,,O,OL,true,2023,,F
dataflow,IMF.STA:QNEA(7.0.0),R,GBR,B1GQ,Q,SA,XDC,Q,2009-Q2,548859000000,0,,,,,,,,,L,,,O,OL,true,2023,,F
dataflow,IMF.STA:QNEA(7.0.0),R,GBR,B1GQ,Q,SA,XDC,Q,2009-Q3,549540000000,0,,,,,,,,,L,,,O,OL,true,2023,,F
dataflow,IMF.STA:QNEA(7.0.0),R,GBR,B1GQ,Q,SA,XDC,Q,2009-Q4,551372000000,0,,,,,,,,,L,,,O,OL,true,2023,,F
dataflow,IMF.STA:QNEA(7.0.0),R,GBR,B1GQ,Q,SA,XDC,Q,2010-Q1,556002000000,0,,,,,,,,,L,,,O,OL,true,2023,,F
dataflow,IMF.STA:QNEA(7.0.0),R,GBR,B1GQ,Q,SA,XDC,Q,2010-Q2,562353000000,0,,,,,,,,,L,,,O,OL,true,2023,,F
dataflow,IMF.STA:QNEA(7.0.0),R,GBR,B1GQ,Q,SA,XDC,Q,2010-Q3,565659000000,0,,,,,,,,,L,,,O,OL,true,2023,,F
dataflow,IMF.STA:QNEA(7.0.0),R,GBR,B1GQ,Q,SA,XDC,Q,2010-Q4,565945000000,0,,,,,,,,,L,,,O,OL,true,2023,,F
dataflow,IMF.STA:QNEA(7.0.0),R,GBR,B1GQ,Q,SA,XDC,Q,2011-Q1,566873000000,0,,,,,,,,,L,,,O,OL,true,2023,,F
dataflow,IMF.STA:QNEA(7.0.0),R,GBR,B1GQ,Q,SA,XDC,Q,2011-Q2,566601000000,0,,,,,,,,,L,,,O,OL,true,2023,,F
dataflow,IMF.STA:QNEA(7.0.0),R,GBR,B1GQ,Q,SA,XDC,Q,2011-Q3,567586000000,0,,,,,,,,,L,,,O,OL,true,2023,,F
dataflow,IMF.STA:QNEA(7.0.0),R,GBR,B1GQ,Q,SA,XDC,Q,2011-Q4,568056000000,0,,,,,,,,,L,,,O,OL,true,2023,,F
dataflow,IMF.STA:QNEA(7.0.0),R,GBR,B1GQ,Q,SA,XDC,Q,2012-Q1,573416000000,0,,,,,,,,,L,,,O,OL,true,2023,,F
dataflow,IMF.STA:QNEA(7.0.0),R,GBR,B1GQ,Q,SA,XDC,Q,2012-Q2,573112000000,0,,,,,,,,,L,,,O,OL,true,2023,,F
dataflow,IMF.STA:QNEA(7.0.0),R,GBR,B1GQ,Q,SA,XDC,Q,2012-Q3,579051000000,0,,,,,,,,,L,,,O,OL,true,2023,,F
dataflow,IMF.STA:QNEA(7.0.0),R,GBR,B1GQ,Q,SA,XDC,Q,2012-Q4,578215000000,0,,,,,,,,,L,,,O,OL,true,2023,,F
dataflow,IMF.STA:QNEA(7.0.0),R,GBR,B1GQ,Q,SA,XDC,Q,2013-Q1,579749000000,0,,,,,,,,,L,,,O,OL,true,2023,,F
dataflow,IMF.STA:QNEA(7.0.0),R,GBR,B1GQ,Q,SA,XDC,Q,2013-Q2,583605000000,0,,,,,,,,,L,,,O,OL,true,2023,,F
dataflow,IMF.STA:QNEA(7.0.0),R,GBR,B1GQ,Q,SA,XDC,Q,2013-Q3,588076000000,0,,,,,,,,,L,,,O,OL,true,2023,,F
dataflow,IMF.STA:QNEA(7.0.0),R,GBR,B1GQ,Q,SA,XDC,Q,2013-Q4,591954000000,0,,,,,,,,,L,,,O,OL,true,2023,,F
dataflow,IMF.STA:QNEA(7.0.0),R,GBR,B1GQ,Q,SA,XDC,Q,2014-Q1,596696000000,0,,,,,,,,,L,,,O,OL,true,2023,,F
dataflow,IMF.STA:QNEA(7.0.0),R,GBR,B1GQ,Q,SA,XDC,Q,2014-Q2,602310000000,0,,,,,,,,,L,,,O,OL,true,2023,,F
dataflow,IMF.STA:QNEA(7.0.0),R,GBR,B1GQ,Q,SA,XDC,Q,2014-Q3,607213000000,0,,,,,,,,,L,,,O,OL,true,2023,,F
dataflow,IMF.STA:QNEA(7.0.0),R,GBR,B1GQ,Q,SA,XDC,Q,2014-Q4,611220000000,0,,,,,,,,,L,,,O,OL,true,2023,,F
dataflow,IMF.STA:QNEA(7.0.0),R,GBR,B1GQ,Q,SA,XDC,Q,2015-Q1,613076000000,0,,,,,,,,,L,,,O,OL,true,2023,,F
dataflow,IMF.STA:QNEA(7.0.0),R,GBR,B1GQ,Q,SA,XDC,Q,2015-Q2,615875000000,0,,,,,,,,,L,,,O,OL,true,2023,,F
dataflow,IMF.STA:QNEA(7.0.0),R,GBR,B1GQ,Q,SA,XDC,Q,2015-Q3,618263000000,0,,,,,,,,,L,,,O,OL,true,2023,,F
dataflow,IMF.STA:QNEA(7.0.0),R,GBR,B1GQ,Q,SA,XDC,Q,2015-Q4,621968000000,0,,,,,,,,,L,,,O,OL,true,2023,,F
dataflow,IMF.STA:QNEA(7.0.0),R,GBR,B1GQ,Q,SA,XDC,Q,2016-Q1,625099000000,0,,,,,,,,,L,,,O,OL,true,2023,,F
dataflow,IMF.STA:QNEA(7.0.0),R,GBR,B1GQ,Q,SA,XDC,Q,2016-Q2,629697000000,0,,,,,,,,,L,,,O,OL,true,2023,,F
dataflow,IMF.STA:QNEA(7.0.0),R,GBR,B1GQ,Q,SA,XDC,Q,2016-Q3,632477000000,0,,,,,,,,,L,,,O,OL,true,2023,,F
dataflow,IMF.STA:QNEA(7.0.0),R,GBR,B1GQ,Q,SA,XDC,Q,2016-Q4,636392000000,0,,,,,,,,,L,,,O,OL,true,2023,,F
dataflow,IMF.STA:QNEA(7.0.0),R,GBR,B1GQ,Q,SA,XDC,Q,2017-Q1,642463000000,0,,,,,,,,,L,,,O,OL,true,2023,,F
dataflow,IMF.STA:QNEA(7.0.0),R,GBR,B1GQ,Q,SA,XDC,Q,2017-Q2,647944000000,0,,,,,,,,,L,,,O,OL,true,2023,,F
dataflow,IMF.STA:QNEA(7.0.0),R,GBR,B1GQ,Q,SA,XDC,Q,2017-Q3,652329000000,0,,,,,,,,,L,,,O,OL,true,2023,,F
dataflow,IMF.STA:QNEA(7.0.0),R,GBR,B1GQ,Q,SA,XDC,Q,2017-Q4,657225000000,0,,,,,,,,,L,,,O,OL,true,2023,,F
dataflow,IMF.STA:QNEA(7.0.0),R,GBR,B1GQ,Q,SA,XDC,Q,2018-Q1,657741000000,0,,,,,,,,,L,,,O,OL,true,2023,,F
dataflow,IMF.STA:QNEA(7.0.0),R,GBR,B1GQ,Q,SA,XDC,Q,2018-Q2,659172000000,0,,,,,,,,,L,,,O,OL,true,2023,,F
dataflow,IMF.STA:QNEA(7.0.0),R,GBR,B1GQ,Q,SA,XDC,Q,2018-Q3,661262000000,0,,,,,,,,,L,,,O,OL,true,2023,,F
dataflow,IMF.STA:QNEA(7.0.0),R,GBR,B1GQ,Q,SA,XDC,Q,2018-Q4,662120000000,0,,,,,,,,,L,,,O,OL,true,2023,,F
dataflow,IMF.STA:QNEA(7.0.0),R,GBR,B1GQ,Q,SA,XDC,Q,2019-Q1,665456000000,0,,,,,,,,,L,,,O,OL,true,2023,,F
dataflow,IMF.STA:QNEA(7.0.0),R,GBR,B1GQ,Q,SA,XDC,Q,2019-Q2,666875000000,0,,,,,,,,,L,,,O,OL,true,2023,,F
dataflow,IMF.STA:QNEA(7.0.0),R,GBR,B1GQ,Q,SA,XDC,Q,2019-Q3,670547000000,0,,,,,,,,,L,,,O,OL,true,2023,,F
dataflow,IMF.STA:QNEA(7.0.0),R,GBR,B1GQ,Q,SA,XDC,Q,2019-Q4,670587000000,0,,,,,,,,,L,,,O,OL,true,2023,,F
dataflow,IMF.STA:QNEA(7.0.0),R,GBR,B1GQ,Q,SA,XDC,Q,2020-Q1,652180000000,0,,,,,,,,,L,,,O,OL,true,2023,,F
dataflow,IMF.STA:QNEA(7.0.0),R,GBR,B1GQ,Q,SA,XDC,Q,2020-Q2,522356000000,0,,,,,,,,,L,,,O,OL,true,2023,,F
dataflow,IMF.STA:QNEA(7.0.0),R,GBR,B1GQ,Q,SA,XDC,Q,2020-Q3,610972000000,0,,,,,,,,,L,,,O,OL,true,2023,,F
dataflow,IMF.STA:QNEA(7.0.0),R,GBR,B1GQ,Q,SA,XDC,Q,2020-Q4,619330000000,0,,,,,,,,,L,,,O,OL,true,2023,,F
dataflow,IMF.STA:QNEA(7.0.0),R,GBR,B1GQ,Q,SA,XDC,Q,2021-Q1,612665000000,0,,,,,,,,,L,,,O,OL,true,2023,,F
dataflow,IMF.STA:QNEA(7.0.0),R,GBR,B1GQ,Q,SA,XDC,Q,2021-Q2,655443000000,0,,,,,,,,,L,,,O,OL,true,2023,,F
dataflow,IMF.STA:QNEA(7.0.0),R,GBR,B1GQ,Q,SA,XDC,Q,2021-Q3,666498000000,0,,,,,,,,,L,,,O,OL,true,2023,,F
dataflow,IMF.STA:QNEA(7.0.0),R,GBR,B1GQ,Q,SA,XDC,Q,2021-Q4,675680000000,0,,,,,,,,,L,,,O,OL,true,2023,,F
dataflow,IMF.STA:QNEA(7.0.0),R,GBR,B1GQ,Q,SA,XDC,Q,2022-Q1,682527000000,0,,,,,,,,,L,,,O,OL,true,2023,,F
dataflow,IMF.STA:QNEA(7.0.0),R,GBR,B1GQ,Q,SA,XDC,Q,2022-Q2,686335000000,0,,,,,,,,,L,,,O,OL,true,2023,,F
dataflow,IMF.STA:QNEA(7.0.0),R,GBR,B1GQ,Q,SA,XDC,Q,2022-Q3,687029000000,0,,,,,,,,,L,,,O,OL,true,2023,,F
dataflow,IMF.STA:QNEA(7.0.0),R,GBR,B1GQ,Q,SA,XDC,Q,2022-Q4,688817000000,0,,,,,,,,,L,,,O,OL,true,2023,,F
dataflow,IMF.STA:QNEA(7.0.0),R,GBR,B1GQ,Q,SA,XDC,Q,2023-Q1,689206000000,0,,,,,,,,,L,,,O,OL,true,2023,,F
dataflow,IMF.STA:QNEA(7.0.0),R,GBR,B1GQ,Q,SA,XDC,Q,2023-Q2,689491000000,0,,,,,,,,,L,,,O,OL,true,2023,,F
dataflow,IMF.STA:QNEA(7.0.0),R,GBR,B1GQ,Q,SA,XDC,Q,2023-Q3,687839000000,0,,,,,,,,,L,,,O,OL,true,2023,,F
dataflow,IMF.STA:QNEA(7.0.0),R,GBR,B1GQ,Q,SA,XDC,Q,2023-Q4,685628000000,0,,,,,,,,,L,,,O,OL,true,2023,,F
dataflow,IMF.STA:QNEA(7.0.0),R,GBR,B1GQ,Q,SA,XDC,Q,2024-Q1,690620000000,0,,,,,,,,,L,,,O,OL,true,2023,,F
dataflow,IMF.STA:QNEA(7.0.0),R,GBR,B1GQ,Q,SA,XDC,Q,2024-Q2,694910000000,0,,,,,,,,,L,,,O,OL,true,2023,,F
dataflow,IMF.STA:QNEA(7.0.0),R,GBR,B1GQ,Q,SA,XDC,Q,2024-Q3,696154000000,0,,,,,,,,,L,,,O,OL,true,2023,,F
dataflow,IMF.STA:QNEA(7.0.0),R,GBR,B1GQ,Q,SA,XDC,Q,2024-Q4,699169000000,0,,,,,,,,,L,,,O,OL,true,2023,,F
dataflow,IMF.STA:QNEA(7.0.0),R,GBR,B1GQ,Q,SA,XDC,Q,2025-Q1,703178000000,0,,,,,,,,,L,,,O,OL,true,2023,,F
dataflow,IMF.STA:QNEA(7.0.0),R,GBR,B1GQ,Q,SA,XDC,Q,2025-Q2,704274000000,0,,,,,,,,,L,,,O,OL,true,2023,,F
dataflow,IMF.STA:QNEA(7.0.0),R,GBR,B1GQ,Q,SA,XDC,Q,2025-Q3,704802000000,0,,,,,,,,,L,,,O,OL,true,2023,,F
dataflow,IMF.STA:QNEA(7.0.0),R,GBR,B1GQ,Q,SA,XDC,Q,2025-Q4,705160000000,0,,,,,,,,,L,,,O,OL,true,2023,,F
dataflow,IMF.STA:QNEA(7.0.0),R,GBR,B1GQ,Q,SA,XDC,Q,2026-Q1,709598000000,0,,,,,,,,,L,,,O,OL,true,2023,,F
dataflow,IMF.STA:QNEA(7.0.0),R,GBR,B1GQ,Q,SA,XDC,Q,2026-Q2,712545000000,0,,,,,,,,,L,,,O,OL,true,2023,,F
dataflow,IMF.STA:QNEA(7.0.0),R,GRC,B1GQ,Q,SA,XDC,Q,1995-Q1,38624120554.715,0,,,,,,,,,L,,,O,OL,true,2010,,F
dataflow,IMF.STA:QNEA(7.0.0),R,GRC,B1GQ,Q,SA,XDC,Q,1995-Q2,39044991504.294,0,,,,,,,,,L,,,O,OL,true,2010,,F
dataflow,IMF.STA:QNEA(7.0.0),R,GRC,B1GQ,Q,SA,XDC,Q,1995-Q3,39264777015.762,0,,,,,,,,,L,,,O,OL,true,2010,,F
dataflow,IMF.STA:QNEA(7.0.0),R,GRC,B1GQ,Q,SA,XDC,Q,1995-Q4,39571796937.139,0,,,,,,,,,L,,,O,OL,true,2010,,F
dataflow,IMF.STA:QNEA(7.0.0),R,GRC,B1GQ,Q,SA,XDC,Q,1996-Q1,39513758403.128,0,,,,,,,,,L,,,O,OL,true,2010,,F
dataflow,IMF.STA:QNEA(7.0.0),R,GRC,B1GQ,Q,SA,XDC,Q,1996-Q2,39483659674.418,0,,,,,,,,,L,,,O,OL,true,2010,,F
dataflow,IMF.STA:QNEA(7.0.0),R,GRC,B1GQ,Q,SA,XDC,Q,1996-Q3,39791608883.407,0,,,,,,,,,L,,,O,OL,true,2010,,F
dataflow,IMF.STA:QNEA(7.0.0),R,GRC,B1GQ,Q,SA,XDC,Q,1996-Q4,40035361051.869,0,,,,,,,,,L,,,O,OL,true,2010,,F
dataflow,IMF.STA:QNEA(7.0.0),R,GRC,B1GQ,Q,SA,XDC,Q,1997-Q1,40312738347.146,0,,,,,,,,,L,,,O,OL,true,2010,,F
dataflow,IMF.STA:QNEA(7.0.0),R,GRC,B1GQ,Q,SA,XDC,Q,1997-Q2,40916757862.961,0,,,,,,,,,L,,,O,OL,true,2010,,F
dataflow,IMF.STA:QNEA(7.0.0),R,GRC,B1GQ,Q,SA,XDC,Q,1997-Q3,41518932170.247,0,,,,,,,,,L,,,O,OL,true,2010,,F
dataflow,IMF.STA:QNEA(7.0.0),R,GRC,B1GQ,Q,SA,XDC,Q,1997-Q4,41861517053.527,0,,,,,,,,,L,,,O,OL,true,2010,,F
dataflow,IMF.STA:QNEA(7.0.0),R,GRC,B1GQ,Q,SA,XDC,Q,1998-Q1,42397306365.578,0,,,,,,,,,L,,,O,OL,true,2010,,F
dataflow,IMF.STA:QNEA(7.0.0),R,GRC,B1GQ,Q,SA,XDC,Q,1998-Q2,42509854364.872,0,,,,,,,,,L,,,O,OL,true,2010,,F
dataflow,IMF.STA:QNEA(7.0.0),R,GRC,B1GQ,Q,SA,XDC,Q,1998-Q3,42570661630.944,0,,,,,,,,,L,,,O,OL,true,2010,,F
dataflow,IMF.STA:QNEA(7.0.0),R,GRC,B1GQ,Q,SA,XDC,Q,1998-Q4,42750785899.49,0,,,,,,,,,L,,,O,OL,true,2010,,F
dataflow,IMF.STA:QNEA(7.0.0),R,GRC,B1GQ,Q,SA,XDC,Q,1999-Q1,43099213114.674,0,,,,,,,,,L,,,O,OL,true,2010,,F
dataflow,IMF.STA:QNEA(7.0.0),R,GRC,B1GQ,Q,SA,XDC,Q,1999-Q2,43393035196.074,0,,,,,,,,,L,,,O,OL,true,2010,,F
dataflow,IMF.STA:QNEA(7.0.0),R,GRC,B1GQ,Q,SA,XDC,Q,1999-Q3,43681764318.897,0,,,,,,,,,L,,,O,OL,true,2010,,F
dataflow,IMF.STA:QNEA(7.0.0),R,GRC,B1GQ,Q,SA,XDC,Q,1999-Q4,44394114461.35,0,,,,,,,,,L,,,O,OL,true,2010,,F
dataflow,IMF.STA:QNEA(7.0.0),R,GRC,B1GQ,Q,SA,XDC,Q,2000-Q1,44502577183.685,0,,,,,,,,,L,,,O,OL,true,2010,,F
dataflow,IMF.STA:QNEA(7.0.0),R,GRC,B1GQ,Q,SA,XDC,Q,2000-Q2,45130788928.231,0,,,,,,,,,L,,,O,OL,true,2010,,F
dataflow,IMF.STA:QNEA(7.0.0),R,GRC,B1GQ,Q,SA,XDC,Q,2000-Q3,45870043863.791,0,,,,,,,,,L,,,O,OL,true,2010,,F
dataflow,IMF.STA:QNEA(7.0.0),R,GRC,B1GQ,Q,SA,XDC,Q,2000-Q4,46473727245.258,0,,,,,,,,,L,,,O,OL,true,2010,,F
dataflow,IMF.STA:QNEA(7.0.0),R,GRC,B1GQ,Q,SA,XDC,Q,2001-Q1,47209796283.188,0,,,,,,,,,L,,,O,OL,true,2010,,F
dataflow,IMF.STA:QNEA(7.0.0),R,GRC,B1GQ,Q,SA,XDC,Q,2001-Q2,47100017462.798,0,,,,,,,,,L,,,O,OL,true,2010,,F
dataflow,IMF.STA:QNEA(7.0.0),R,GRC,B1GQ,Q,SA,XDC,Q,2001-Q3,47947982155.566,0,,,,,,,,,L,,,O,OL,true,2010,,F
dataflow,IMF.STA:QNEA(7.0.0),R,GRC,B1GQ,Q,SA,XDC,Q,2001-Q4,48274101972.47,0,,,,,,,,,L,,,O,OL,true,2010,,F
dataflow,IMF.STA:QNEA(7.0.0),R,GRC,B1GQ,Q,SA,XDC,Q,2002-Q1,48718011407.497,0,,,,,,,,,L,,,O,OL,true,2010,,F
dataflow,IMF.STA:QNEA(7.0.0),R,GRC,B1GQ,Q,SA,XDC,Q,2002-Q2,49883992091.283,0,,,,,,,,,L,,,O,OL,true,2010,,F
dataflow,IMF.STA:QNEA(7.0.0),R,GRC,B1GQ,Q,SA,XDC,Q,2002-Q3,50242736595.808,0,,,,,,,,,L,,,O,OL,true,2010,,F
dataflow,IMF.STA:QNEA(7.0.0),R,GRC,B1GQ,Q,SA,XDC,Q,2002-Q4,50674957716.06,0,,,,,,,,,L,,,O,OL,true,2010,,F
dataflow,IMF.STA:QNEA(7.0.0),R,GRC,B1GQ,Q,SA,XDC,Q,2003-Q1,51638209100.352,0,,,,,,,,,L,,,O,OL,true,2010,,F
dataflow,IMF.STA:QNEA(7.0.0),R,GRC,B1GQ,Q,SA,XDC,Q,2003-Q2,52568277093.564,0,,,,,,,,,L,,,O,OL,true,2010,,F
dataflow,IMF.STA:QNEA(7.0.0),R,GRC,B1GQ,Q,SA,XDC,Q,2003-Q3,52943182759.275,0,,,,,,,,,L,,,O,OL,true,2010,,F
dataflow,IMF.STA:QNEA(7.0.0),R,GRC,B1GQ,Q,SA,XDC,Q,2003-Q4,53943741692.269,0,,,,,,,,,L,,,O,OL,true,2010,,F
dataflow,IMF.STA:QNEA(7.0.0),R,GRC,B1GQ,Q,SA,XDC,Q,2004-Q1,55039155872.628,0,,,,,,,,,L,,,O,OL,true,2010,,F
dataflow,IMF.STA:QNEA(7.0.0),R,GRC,B1GQ,Q,SA,XDC,Q,2004-Q2,55118307291.282,0,,,,,,,,,L,,,O,OL,true,2010,,F
dataflow,IMF.STA:QNEA(7.0.0),R,GRC,B1GQ,Q,SA,XDC,Q,2004-Q3,55891663791.851,0,,,,,,,,,L,,,O,OL,true,2010,,F
dataflow,IMF.STA:QNEA(7.0.0),R,GRC,B1GQ,Q,SA,XDC,Q,2004-Q4,55962074515.796,0,,,,,,,,,L,,,O,OL,true,2010,,F
dataflow,IMF.STA:QNEA(7.0.0),R,GRC,B1GQ,Q,SA,XDC,Q,2005-Q1,55499133954.351,0,,,,,,,,,L,,,O,OL,true,2010,,F
dataflow,IMF.STA:QNEA(7.0.0),R,GRC,B1GQ,Q,SA,XDC,Q,2005-Q2,55826885653.455,0,,,,,,,,,L,,,O,OL,true,2010,,F
dataflow,IMF.STA:QNEA(7.0.0),R,GRC,B1GQ,Q,SA,XDC,Q,2005-Q3,56681481060.531,0,,,,,,,,,L,,,O,OL,true,2010,,F
dataflow,IMF.STA:QNEA(7.0.0),R,GRC,B1GQ,Q,SA,XDC,Q,2005-Q4,57024631474.172,0,,,,,,,,,L,,,O,OL,true,2010,,F
dataflow,IMF.STA:QNEA(7.0.0),R,GRC,B1GQ,Q,SA,XDC,Q,2006-Q1,58940894455.822,0,,,,,,,,,L,,,O,OL,true,2010,,F
dataflow,IMF.STA:QNEA(7.0.0),R,GRC,B1GQ,Q,SA,XDC,Q,2006-Q2,59343459396.396,0,,,,,,,,,L,,,O,OL,true,2010,,F
dataflow,IMF.STA:QNEA(7.0.0),R,GRC,B1GQ,Q,SA,XDC,Q,2006-Q3,59731139137.21,0,,,,,,,,,L,,,O,OL,true,2010,,F
dataflow,IMF.STA:QNEA(7.0.0),R,GRC,B1GQ,Q,SA,XDC,Q,2006-Q4,61365339757.515,0,,,,,,,,,L,,,O,OL,true,2010,,F
dataflow,IMF.STA:QNEA(7.0.0),R,GRC,B1GQ,Q,SA,XDC,Q,2007-Q1,61027794936.068,0,,,,,,,,,L,,,O,OL,true,2010,,F
dataflow,IMF.STA:QNEA(7.0.0),R,GRC,B1GQ,Q,SA,XDC,Q,2007-Q2,62614578379.76,0,,,,,,,,,L,,,O,OL,true,2010,,F
dataflow,IMF.STA:QNEA(7.0.0),R,GRC,B1GQ,Q,SA,XDC,Q,2007-Q3,62315571376.538,0,,,,,,,,,L,,,O,OL,true,2010,,F
dataflow,IMF.STA:QNEA(7.0.0),R,GRC,B1GQ,Q,SA,XDC,Q,2007-Q4,61604502609.843,0,,,,,,,,,L,,,O,OL,true,2010,,F
dataflow,IMF.STA:QNEA(7.0.0),R,GRC,B1GQ,Q,SA,XDC,Q,2008-Q1,62466838543.882,0,,,,,,,,,L,,,O,OL,true,2010,,F
dataflow,IMF.STA:QNEA(7.0.0),R,GRC,B1GQ,Q,SA,XDC,Q,2008-Q2,61907857796.218,0,,,,,,,,,L,,,O,OL,true,2010,,F
dataflow,IMF.STA:QNEA(7.0.0),R,GRC,B1GQ,Q,SA,XDC,Q,2008-Q3,61925263707.601,0,,,,,,,,,L,,,O,OL,true,2010,,F
dataflow,IMF.STA:QNEA(7.0.0),R,GRC,B1GQ,Q,SA,XDC,Q,2008-Q4,61496938809.554,0,,,,,,,,,L,,,O,OL,true,2010,,F
dataflow,IMF.STA:QNEA(7.0.0),R,GRC,B1GQ,Q,SA,XDC,Q,2009-Q1,58400249092.99,0,,,,,,,,,L,,,O,OL,true,2010,,F
dataflow,IMF.STA:QNEA(7.0.0),R,GRC,B1GQ,Q,SA,XDC,Q,2009-Q2,59898601207.695,0,,,,,,,,,L,,,O,OL,true,2010,,F
dataflow,IMF.STA:QNEA(7.0.0),R,GRC,B1GQ,Q,SA,XDC,Q,2009-Q3,59694338769.165,0,,,,,,,,,L,,,O,OL,true,2010,,F
dataflow,IMF.STA:QNEA(7.0.0),R,GRC,B1GQ,Q,SA,XDC,Q,2009-Q4,59601016627.427,0,,,,,,,,,L,,,O,OL,true,2010,,F
dataflow,IMF.STA:QNEA(7.0.0),R,GRC,B1GQ,Q,SA,XDC,Q,2010-Q1,58921737409.135,0,,,,,,,,,L,,,O,OL,true,2010,,F
dataflow,IMF.STA:QNEA(7.0.0),R,GRC,B1GQ,Q,SA,XDC,Q,2010-Q2,56386923690.792,0,,,,,,,,,L,,,O,OL,true,2010,,F
dataflow,IMF.STA:QNEA(7.0.0),R,GRC,B1GQ,Q,SA,XDC,Q,2010-Q3,54562005960.091,0,,,,,,,,,L,,,O,OL,true,2010,,F
dataflow,IMF.STA:QNEA(7.0.0),R,GRC,B1GQ,Q,SA,XDC,Q,2010-Q4,54321614989.982,0,,,,,,,,,L,,,O,OL,true,2010,,F
dataflow,IMF.STA:QNEA(7.0.0),R,GRC,B1GQ,Q,SA,XDC,Q,2011-Q1,52377934210.98,0,,,,,,,,,L,,,O,OL,true,2010,,F
dataflow,IMF.STA:QNEA(7.0.0),R,GRC,B1GQ,Q,SA,XDC,Q,2011-Q2,51406914269.65,0,,,,,,,,,L,,,O,OL,true,2010,,F
dataflow,IMF.STA:QNEA(7.0.0),R,GRC,B1GQ,Q,SA,XDC,Q,2011-Q3,50281238655.014,0,,,,,,,,,L,,,O,OL,true,2010,,F
dataflow,IMF.STA:QNEA(7.0.0),R,GRC,B1GQ,Q,SA,XDC,Q,2011-Q4,48023497995.8,0,,,,,,,,,L,,,O,OL,true,2010,,F
dataflow,IMF.STA:QNEA(7.0.0),R,GRC,B1GQ,Q,SA,XDC,Q,2012-Q1,47581852808.902,0,,,,,,,,,L,,,O,OL,true,2010,,F
dataflow,IMF.STA:QNEA(7.0.0),R,GRC,B1GQ,Q,SA,XDC,Q,2012-Q2,46453149404.302,0,,,,,,,,,L,,,O,OL,true,2010,,F
dataflow,IMF.STA:QNEA(7.0.0),R,GRC,B1GQ,Q,SA,XDC,Q,2012-Q3,45781065179.933,0,,,,,,,,,L,,,O,OL,true,2010,,F
dataflow,IMF.STA:QNEA(7.0.0),R,GRC,B1GQ,Q,SA,XDC,Q,2012-Q4,45305028024.211,0,,,,,,,,,L,,,O,OL,true,2010,,F
dataflow,IMF.STA:QNEA(7.0.0),R,GRC,B1GQ,Q,SA,XDC,Q,2013-Q1,44980062516.454,0,,,,,,,,,L,,,O,OL,true,2010,,F
dataflow,IMF.STA:QNEA(7.0.0),R,GRC,B1GQ,Q,SA,XDC,Q,2013-Q2,45034368129.967,0,,,,,,,,,L,,,O,OL,true,2010,,F
dataflow,IMF.STA:QNEA(7.0.0),R,GRC,B1GQ,Q,SA,XDC,Q,2013-Q3,45311858878.768,0,,,,,,,,,L,,,O,OL,true,2010,,F
dataflow,IMF.STA:QNEA(7.0.0),R,GRC,B1GQ,Q,SA,XDC,Q,2013-Q4,45535418381.769,0,,,,,,,,,L,,,O,OL,true,2010,,F
dataflow,IMF.STA:QNEA(7.0.0),R,GRC,B1GQ,Q,SA,XDC,Q,2014-Q1,45441070649.148,0,,,,,,,,,L,,,O,OL,true,2010,,F
dataflow,IMF.STA:QNEA(7.0.0),R,GRC,B1GQ,Q,SA,XDC,Q,2014-Q2,45486338100.242,0,,,,,,,,,L,,,O,OL,true,2010,,F
dataflow,IMF.STA:QNEA(7.0.0),R,GRC,B1GQ,Q,SA,XDC,Q,2014-Q3,45935195506.487,0,,,,,,,,,L,,,O,OL,true,2010,,F
dataflow,IMF.STA:QNEA(7.0.0),R,GRC,B1GQ,Q,SA,XDC,Q,2014-Q4,45585975178.407,0,,,,,,,,,L,,,O,OL,true,2010,,F
dataflow,IMF.STA:QNEA(7.0.0),R,GRC,B1GQ,Q,SA,XDC,Q,2015-Q1,45778040664.041,0,,,,,,,,,L,,,O,OL,true,2010,,F
dataflow,IMF.STA:QNEA(7.0.0),R,GRC,B1GQ,Q,SA,XDC,Q,2015-Q2,45676415035.377,0,,,,,,,,,L,,,O,OL,true,2010,,F
dataflow,IMF.STA:QNEA(7.0.0),R,GRC,B1GQ,Q,SA,XDC,Q,2015-Q3,44735260920.897,0,,,,,,,,,L,,,O,OL,true,2010,,F
dataflow,IMF.STA:QNEA(7.0.0),R,GRC,B1GQ,Q,SA,XDC,Q,2015-Q4,45811833321.921,0,,,,,,,,,L,,,O,OL,true,2010,,F
dataflow,IMF.STA:QNEA(7.0.0),R,GRC,B1GQ,Q,SA,XDC,Q,2016-Q1,45365480655.751,0,,,,,,,,,L,,,O,OL,true,2010,,F
dataflow,IMF.STA:QNEA(7.0.0),R,GRC,B1GQ,Q,SA,XDC,Q,2016-Q2,45341311415.482,0,,,,,,,,,L,,,O,OL,true,2010,,F
dataflow,IMF.STA:QNEA(7.0.0),R,GRC,B1GQ,Q,SA,XDC,Q,2016-Q3,45465617311.958,0,,,,,,,,,L,,,O,OL,true,2010,,F
dataflow,IMF.STA:QNEA(7.0.0),R,GRC,B1GQ,Q,SA,XDC,Q,2016-Q4,45736225794.066,0,,,,,,,,,L,,,O,OL,true,2010,,F
dataflow,IMF.STA:QNEA(7.0.0),R,GRC,B1GQ,Q,SA,XDC,Q,2017-Q1,45817799965.245,0,,,,,,,,,L,,,O,OL,true,2010,,F
dataflow,IMF.STA:QNEA(7.0.0),R,GRC,B1GQ,Q,SA,XDC,Q,2017-Q2,46065843112.455,0,,,,,,,,,L,,,O,OL,true,2010,,F
dataflow,IMF.STA:QNEA(7.0.0),R,GRC,B1GQ,Q,SA,XDC,Q,2017-Q3,46481219776.842,0,,,,,,,,,L,,,O,OL,true,2010,,F
dataflow,IMF.STA:QNEA(7.0.0),R,GRC,B1GQ,Q,SA,XDC,Q,2017-Q4,46131199650.95,0,,,,,,,,,L,,,O,OL,true,2010,,F
dataflow,IMF.STA:QNEA(7.0.0),R,GRC,B1GQ,Q,SA,XDC,Q,2018-Q1,46826839951.431,0,,,,,,,,,L,,,O,OL,true,2010,,F
dataflow,IMF.STA:QNEA(7.0.0),R,GRC,B1GQ,Q,SA,XDC,Q,2018-Q2,46915752488.78,0,,,,,,,,,L,,,O,OL,true,2010,,F
dataflow,IMF.STA:QNEA(7.0.0),R,GRC,B1GQ,Q,SA,XDC,Q,2018-Q3,47044482360.696,0,,,,,,,,,L,,,O,OL,true,2010,,F
dataflow,IMF.STA:QNEA(7.0.0),R,GRC,B1GQ,Q,SA,XDC,Q,2018-Q4,47332789066.486,0,,,,,,,,,L,,,O,OL,true,2010,,F
dataflow,IMF.STA:QNEA(7.0.0),R,GRC,B1GQ,Q,SA,XDC,Q,2019-Q1,47876309280.602,0,,,,,,,,,L,,,O,OL,true,2010,,F
dataflow,IMF.STA:QNEA(7.0.0),R,GRC,B1GQ,Q,SA,XDC,Q,2019-Q2,48320972645.096,0,,,,,,,,,L,,,O,OL,true,2010,,F
dataflow,IMF.STA:QNEA(7.0.0),R,GRC,B1GQ,Q,SA,XDC,Q,2019-Q3,48076932706.903,0,,,,,,,,,L,,,O,OL,true,2010,,F
dataflow,IMF.STA:QNEA(7.0.0),R,GRC,B1GQ,Q,SA,XDC,Q,2019-Q4,48024949239.159,0,,,,,,,,,L,,,O,OL,true,2010,,F
dataflow,IMF.STA:QNEA(7.0.0),R,GRC,B1GQ,Q,SA,XDC,Q,2020-Q1,47084055166.058,0,,,,,,,,,L,,,O,OL,true,2010,,F
dataflow,IMF.STA:QNEA(7.0.0),R,GRC,B1GQ,Q,SA,XDC,Q,2020-Q2,40605615441.879,0,,,,,,,,,L,,,O,OL,true,2010,,F
dataflow,IMF.STA:QNEA(7.0.0),R,GRC,B1GQ,Q,SA,XDC,Q,2020-Q3,43101068683.096,0,,,,,,,,,L,,,O,OL,true,2010,,F
dataflow,IMF.STA:QNEA(7.0.0),R,GRC,B1GQ,Q,SA,XDC,Q,2020-Q4,44199744565.901,0,,,,,,,,,L,,,O,OL,true,2010,,F
dataflow,IMF.STA:QNEA(7.0.0),R,GRC,B1GQ,Q,SA,XDC,Q,2021-Q1,46054295947.191,0,,,,,,,,,L,,,O,OL,true,2010,,F
dataflow,IMF.STA:QNEA(7.0.0),R,GRC,B1GQ,Q,SA,XDC,Q,2021-Q2,46703276705.782,0,,,,,,,,,L,,,O,OL,true,2010,,F
dataflow,IMF.STA:QNEA(7.0.0),R,GRC,B1GQ,Q,SA,XDC,Q,2021-Q3,48073683618.409,0,,,,,,,,,L,,,O,OL,true,2010,,F
dataflow,IMF.STA:QNEA(7.0.0),R,GRC,B1GQ,Q,SA,XDC,Q,2021-Q4,48702054307.931,0,,,,,,,,,L,,,O,OL,true,2010,,F
dataflow,IMF.STA:QNEA(7.0.0),R,GRC,B1GQ,Q,SA,XDC,Q,2022-Q1,49621303662.045,0,,,,,,,,,L,,,O,OL,true,2010,,F
dataflow,IMF.STA:QNEA(7.0.0),R,GRC,B1GQ,Q,SA,XDC,Q,2022-Q2,49716257762.198,0,,,,,,,,,L,,,O,OL,true,2010,,F
dataflow,IMF.STA:QNEA(7.0.0),R,GRC,B1GQ,Q,SA,XDC,Q,2022-Q3,50227934328.446,0,,,,,,,,,L,,,O,OL,true,2010,,F
dataflow,IMF.STA:QNEA(7.0.0),R,GRC,B1GQ,Q,SA,XDC,Q,2022-Q4,50688086572.902,0,,,,,,,,,L,,,O,OL,true,2010,,F
dataflow,IMF.STA:QNEA(7.0.0),R,GRC,B1GQ,Q,SA,XDC,Q,2023-Q1,50703624402.138,0,,,,,,,,,L,,,O,OL,true,2010,,F
dataflow,IMF.STA:QNEA(7.0.0),R,GRC,B1GQ,Q,SA,XDC,Q,2023-Q2,51265404413.429,0,,,,,,,,,L,,,O,OL,true,2010,,F
dataflow,IMF.STA:QNEA(7.0.0),R,GRC,B1GQ,Q,SA,XDC,Q,2023-Q3,51119200677.451,0,,,,,,,,,L,,,O,OL,true,2010,,F
dataflow,IMF.STA:QNEA(7.0.0),R,GRC,B1GQ,Q,SA,XDC,Q,2023-Q4,51464612060.972,0,,,,,,,,,L,,,O,OL,true,2010,,F
dataflow,IMF.STA:QNEA(7.0.0),R,GRC,B1GQ,Q,SA,XDC,Q,2024-Q1,51616617866.941,0,,,,,,,,,L,,,O,OL,true,2010,,F
dataflow,IMF.STA:QNEA(7.0.0),R,GRC,B1GQ,Q,SA,XDC,Q,2024-Q2,52203065219.243,0,,,,,,,,,L,,,O,OL,true,2010,,F
dataflow,IMF.STA:QNEA(7.0.0),R,GRC,B1GQ,Q,SA,XDC,Q,2024-Q3,52356996633.326,0,,,,,,,,,L,,,O,OL,true,2010,,F
dataflow,IMF.STA:QNEA(7.0.0),R,GRC,B1GQ,Q,SA,XDC,Q,2024-Q4,52601874316.63,0,,,,,,,,,L,,,O,OL,true,2010,,F
dataflow,IMF.STA:QNEA(7.0.0),R,GRC,B1GQ,Q,SA,XDC,Q,2025-Q1,52885791591.792,0,,,,,,,,,L,,,O,OL,true,2010,,F
dataflow,IMF.STA:QNEA(7.0.0),R,GRC,B1GQ,Q,SA,XDC,Q,2025-Q2,53110533705.462,0,,,,,,,,,L,,,O,OL,true,2010,,F
dataflow,IMF.STA:QNEA(7.0.0),R,GRC,B1GQ,Q,SA,XDC,Q,2025-Q3,53442498232.567,0,,,,,,,,,L,,,O,OL,true,2010,,F
dataflow,IMF.STA:QNEA(7.0.0),R,GRC,B1GQ,Q,SA,XDC,Q,2025-Q4,53829170680.141,0,,,,,,,,,L,,,O,OL,true,2010,,F
dataflow,IMF.STA:QNEA(7.0.0),R,GRC,B1GQ,Q,SA,XDC,Q,2026-Q1,53959953500.318,0,,,,,,,,,L,,,O,OL,true,2010,,F
dataflow,IMF.STA:QNEA(7.0.0),R,HKG,B1GQ,Q,SA,XDC,Q,,,0,,,,,,,,,L,,,,OL,true,2024,,
dataflow,IMF.STA:QNEA(7.0.0),R,HND,B1GQ,Q,SA,XDC,Q,2000-Q1,26411900000,0,,,,,,,,,FB,,,O,OL,true,2000,,F
dataflow,IMF.STA:QNEA(7.0.0),R,HND,B1GQ,Q,SA,XDC,Q,2000-Q2,26364000000,0,,,,,,,,,FB,,,O,OL,true,2000,,F
dataflow,IMF.STA:QNEA(7.0.0),R,HND,B1GQ,Q,SA,XDC,Q,2000-Q3,26914900000,0,,,,,,,,,FB,,,O,OL,true,2000,,F
dataflow,IMF.STA:QNEA(7.0.0),R,HND,B1GQ,Q,SA,XDC,Q,2000-Q4,26963400000,0,,,,,,,,,FB,,,O,OL,true,2000,,F
dataflow,IMF.STA:QNEA(7.0.0),R,HND,B1GQ,Q,SA,XDC,Q,2001-Q1,27224300000,0,,,,,,,,,FB,,,O,OL,true,2000,,F
dataflow,IMF.STA:QNEA(7.0.0),R,HND,B1GQ,Q,SA,XDC,Q,2001-Q2,27295000000,0,,,,,,,,,FB,,,O,OL,true,2000,,F
dataflow,IMF.STA:QNEA(7.0.0),R,HND,B1GQ,Q,SA,XDC,Q,2001-Q3,27219600000,0,,,,,,,,,FB,,,O,OL,true,2000,,F
dataflow,IMF.STA:QNEA(7.0.0),R,HND,B1GQ,Q,SA,XDC,Q,2001-Q4,27820100000,0,,,,,,,,,FB,,,O,OL,true,2000,,F
dataflow,IMF.STA:QNEA(7.0.0),R,HND,B1GQ,Q,SA,XDC,Q,2002-Q1,27519900000,0,,,,,,,,,FB,,,O,OL,true,2000,,F
dataflow,IMF.STA:QNEA(7.0.0),R,HND,B1GQ,Q,SA,XDC,Q,2002-Q2,28485900000,0,,,,,,,,,FB,,,O,OL,true,2000,,F
dataflow,IMF.STA:QNEA(7.0.0),R,HND,B1GQ,Q,SA,XDC,Q,2002-Q3,29002800000,0,,,,,,,,,FB,,,O,OL,true,2000,,F
dataflow,IMF.STA:QNEA(7.0.0),R,HND,B1GQ,Q,SA,XDC,Q,2002-Q4,28663300000,0,,,,,,,,,FB,,,O,OL,true,2000,,F
dataflow,IMF.STA:QNEA(7.0.0),R,HND,B1GQ,Q,SA,XDC,Q,2003-Q1,29064200000,0,,,,,,,,,FB,,,O,OL,true,2000,,F
dataflow,IMF.STA:QNEA(7.0.0),R,HND,B1GQ,Q,SA,XDC,Q,2003-Q2,29530200000,0,,,,,,,,,FB,,,O,OL,true,2000,,F
dataflow,IMF.STA:QNEA(7.0.0),R,HND,B1GQ,Q,SA,XDC,Q,2003-Q3,29766900000,0,,,,,,,,,FB,,,O,OL,true,2000,,F
dataflow,IMF.STA:QNEA(7.0.0),R,HND,B1GQ,Q,SA,XDC,Q,2003-Q4,30479200000,0,,,,,,,,,FB,,,O,OL,true,2000,,F
dataflow,IMF.STA:QNEA(7.0.0),R,HND,B1GQ,Q,SA,XDC,Q,2004-Q1,31100500000,0,,,,,,,,,FB,,,O,OL,true,2000,,F
dataflow,IMF.STA:QNEA(7.0.0),R,HND,B1GQ,Q,SA,XDC,Q,2004-Q2,31609900000,0,,,,,,,,,FB,,,O,OL,true,2000,,F
dataflow,IMF.STA:QNEA(7.0.0),R,HND,B1GQ,Q,SA,XDC,Q,2004-Q3,31399700000,0,,,,,,,,,FB,,,O,OL,true,2000,,F
dataflow,IMF.STA:QNEA(7.0.0),R,HND,B1GQ,Q,SA,XDC,Q,2004-Q4,32136900000,0,,,,,,,,,FB,,,O,OL,true,2000,,F
dataflow,IMF.STA:QNEA(7.0.0),R,HND,B1GQ,Q,SA,XDC,Q,2005-Q1,32457800000,0,,,,,,,,,FB,,,O,OL,true,2000,,F
dataflow,IMF.STA:QNEA(7.0.0),R,HND,B1GQ,Q,SA,XDC,Q,2005-Q2,33460000000,0,,,,,,,,,FB,,,O,OL,true,2000,,F
dataflow,IMF.STA:QNEA(7.0.0),R,HND,B1GQ,Q,SA,XDC,Q,2005-Q3,33751400000,0,,,,,,,,,FB,,,O,OL,true,2000,,F
dataflow,IMF.STA:QNEA(7.0.0),R,HND,B1GQ,Q,SA,XDC,Q,2005-Q4,34216900000,0,,,,,,,,,FB,,,O,OL,true,2000,,F
dataflow,IMF.STA:QNEA(7.0.0),R,HND,B1GQ,Q,SA,XDC,Q,2006-Q1,34866800000,0,,,,,,,,,FB,,,O,OL,true,2000,,F
dataflow,IMF.STA:QNEA(7.0.0),R,HND,B1GQ,Q,SA,XDC,Q,2006-Q2,35188100000,0,,,,,,,,,FB,,,O,OL,true,2000,,F
dataflow,IMF.STA:QNEA(7.0.0),R,HND,B1GQ,Q,SA,XDC,Q,2006-Q3,35843000000,0,,,,,,,,,FB,,,O,OL,true,2000,,F
dataflow,IMF.STA:QNEA(7.0.0),R,HND,B1GQ,Q,SA,XDC,Q,2006-Q4,36780400000,0,,,,,,,,,FB,,,O,OL,true,2000,,F
dataflow,IMF.STA:QNEA(7.0.0),R,HND,B1GQ,Q,SA,XDC,Q,2007-Q1,36756000000,0,,,,,,,,,FB,,,O,OL,true,2000,,F
dataflow,IMF.STA:QNEA(7.0.0),R,HND,B1GQ,Q,SA,XDC,Q,2007-Q2,38111300000,0,,,,,,,,,FB,,,O,OL,true,2000,,F
dataflow,IMF.STA:QNEA(7.0.0),R,HND,B1GQ,Q,SA,XDC,Q,2007-Q3,38143000000,0,,,,,,,,,FB,,,O,OL,true,2000,,F
dataflow,IMF.STA:QNEA(7.0.0),R,HND,B1GQ,Q,SA,XDC,Q,2007-Q4,38497400000,0,,,,,,,,,FB,,,O,OL,true,2000,,F
dataflow,IMF.STA:QNEA(7.0.0),R,HND,B1GQ,Q,SA,XDC,Q,2008-Q1,39041800000,0,,,,,,,,,FB,,,O,OL,true,2000,,F
dataflow,IMF.STA:QNEA(7.0.0),R,HND,B1GQ,Q,SA,XDC,Q,2008-Q2,40432400000,0,,,,,,,,,FB,,,O,OL,true,2000,,F
dataflow,IMF.STA:QNEA(7.0.0),R,HND,B1GQ,Q,SA,XDC,Q,2008-Q3,39597200000,0,,,,,,,,,FB,,,O,OL,true,2000,,F
dataflow,IMF.STA:QNEA(7.0.0),R,HND,B1GQ,Q,SA,XDC,Q,2008-Q4,38847600000,0,,,,,,,,,FB,,,O,OL,true,2000,,F
dataflow,IMF.STA:QNEA(7.0.0),R,HND,B1GQ,Q,SA,XDC,Q,2009-Q1,38262000000,0,,,,,,,,,FB,,,O,OL,true,2000,,F
dataflow,IMF.STA:QNEA(7.0.0),R,HND,B1GQ,Q,SA,XDC,Q,2009-Q2,38562200000,0,,,,,,,,,FB,,,O,OL,true,2000,,F
dataflow,IMF.STA:QNEA(7.0.0),R,HND,B1GQ,Q,SA,XDC,Q,2009-Q3,38210800000,0,,,,,,,,,FB,,,O,OL,true,2000,,F
dataflow,IMF.STA:QNEA(7.0.0),R,HND,B1GQ,Q,SA,XDC,Q,2009-Q4,39044300000,0,,,,,,,,,FB,,,O,OL,true,2000,,F
dataflow,IMF.STA:QNEA(7.0.0),R,HND,B1GQ,Q,SA,XDC,Q,2010-Q1,39201000000,0,,,,,,,,,FB,,,O,OL,true,2000,,F
dataflow,IMF.STA:QNEA(7.0.0),R,HND,B1GQ,Q,SA,XDC,Q,2010-Q2,40077900000,0,,,,,,,,,FB,,,O,OL,true,2000,,F
dataflow,IMF.STA:QNEA(7.0.0),R,HND,B1GQ,Q,SA,XDC,Q,2010-Q3,39810700000,0,,,,,,,,,FB,,,O,OL,true,2000,,F
dataflow,IMF.STA:QNEA(7.0.0),R,HND,B1GQ,Q,SA,XDC,Q,2010-Q4,40738100000,0,,,,,,,,,FB,,,O,OL,true,2000,,F
dataflow,IMF.STA:QNEA(7.0.0),R,HND,B1GQ,Q,SA,XDC,Q,2011-Q1,40645100000,0,,,,,,,,,FB,,,O,OL,true,2000,,F
dataflow,IMF.STA:QNEA(7.0.0),R,HND,B1GQ,Q,SA,XDC,Q,2011-Q2,41107100000,0,,,,,,,,,FB,,,O,OL,true,2000,,F
dataflow,IMF.STA:QNEA(7.0.0),R,HND,B1GQ,Q,SA,XDC,Q,2011-Q3,42041900000,0,,,,,,,,,FB,,,O,OL,true,2000,,F
dataflow,IMF.STA:QNEA(7.0.0),R,HND,B1GQ,Q,SA,XDC,Q,2011-Q4,42164100000,0,,,,,,,,,FB,,,O,OL,true,2000,,F
dataflow,IMF.STA:QNEA(7.0.0),R,HND,B1GQ,Q,SA,XDC,Q,2012-Q1,42632900000,0,,,,,,,,,FB,,,O,OL,true,2000,,F
dataflow,IMF.STA:QNEA(7.0.0),R,HND,B1GQ,Q,SA,XDC,Q,2012-Q2,43173400000,0,,,,,,,,,FB,,,O,OL,true,2000,,F
dataflow,IMF.STA:QNEA(7.0.0),R,HND,B1GQ,Q,SA,XDC,Q,2012-Q3,43427800000,0,,,,,,,,,FB,,,O,OL,true,2000,,F
dataflow,IMF.STA:QNEA(7.0.0),R,HND,B1GQ,Q,SA,XDC,Q,2012-Q4,43576100000,0,,,,,,,,,FB,,,O,OL,true,2000,,F
dataflow,IMF.STA:QNEA(7.0.0),R,HND,B1GQ,Q,SA,XDC,Q,2013-Q1,43615100000,0,,,,,,,,,FB,,,O,OL,true,2000,,F
dataflow,IMF.STA:QNEA(7.0.0),R,HND,B1GQ,Q,SA,XDC,Q,2013-Q2,44726700000,0,,,,,,,,,FB,,,O,OL,true,2000,,F
dataflow,IMF.STA:QNEA(7.0.0),R,HND,B1GQ,Q,SA,XDC,Q,2013-Q3,44473900000,0,,,,,,,,,FB,,,O,OL,true,2000,,F
dataflow,IMF.STA:QNEA(7.0.0),R,HND,B1GQ,Q,SA,XDC,Q,2013-Q4,44818600000,0,,,,,,,,,FB,,,O,OL,true,2000,,F
dataflow,IMF.STA:QNEA(7.0.0),R,HND,B1GQ,Q,SA,XDC,Q,2014-Q1,45256500000,0,,,,,,,,,FB,,,O,OL,true,2000,,F
dataflow,IMF.STA:QNEA(7.0.0),R,HND,B1GQ,Q,SA,XDC,Q,2014-Q2,46004000000,0,,,,,,,,,FB,,,O,OL,true,2000,,F
dataflow,IMF.STA:QNEA(7.0.0),R,HND,B1GQ,Q,SA,XDC,Q,2014-Q3,45862100000,0,,,,,,,,,FB,,,O,OL,true,2000,,F
dataflow,IMF.STA:QNEA(7.0.0),R,HND,B1GQ,Q,SA,XDC,Q,2014-Q4,45943800000,0,,,,,,,,,FB,,,O,OL,true,2000,,F
dataflow,IMF.STA:QNEA(7.0.0),R,HND,B1GQ,Q,SA,XDC,Q,2015-Q1,46881500000,0,,,,,,,,,FB,,,O,OL,true,2000,,F
dataflow,IMF.STA:QNEA(7.0.0),R,HND,B1GQ,Q,SA,XDC,Q,2015-Q2,47272900000,0,,,,,,,,,FB,,,O,OL,true,2000,,F
dataflow,IMF.STA:QNEA(7.0.0),R,HND,B1GQ,Q,SA,XDC,Q,2015-Q3,47823400000,0,,,,,,,,,FB,,,O,OL,true,2000,,F
dataflow,IMF.STA:QNEA(7.0.0),R,HND,B1GQ,Q,SA,XDC,Q,2015-Q4,48118600000,0,,,,,,,,,FB,,,O,OL,true,2000,,F
dataflow,IMF.STA:QNEA(7.0.0),R,HND,B1GQ,Q,SA,XDC,Q,2016-Q1,48533900000,0,,,,,,,,,FB,,,O,OL,true,2000,,F
dataflow,IMF.STA:QNEA(7.0.0),R,HND,B1GQ,Q,SA,XDC,Q,2016-Q2,49020100000,0,,,,,,,,,FB,,,O,OL,true,2000,,F
dataflow,IMF.STA:QNEA(7.0.0),R,HND,B1GQ,Q,SA,XDC,Q,2016-Q3,49360200000,0,,,,,,,,,FB,,,O,OL,true,2000,,F
dataflow,IMF.STA:QNEA(7.0.0),R,HND,B1GQ,Q,SA,XDC,Q,2016-Q4,50582600000,0,,,,,,,,,FB,,,O,OL,true,2000,,F
dataflow,IMF.STA:QNEA(7.0.0),R,HND,B1GQ,Q,SA,XDC,Q,2017-Q1,50726700000,0,,,,,,,,,FB,,,O,OL,true,2000,,F
dataflow,IMF.STA:QNEA(7.0.0),R,HND,B1GQ,Q,SA,XDC,Q,2017-Q2,51495900000,0,,,,,,,,,FB,,,O,OL,true,2000,,F
dataflow,IMF.STA:QNEA(7.0.0),R,HND,B1GQ,Q,SA,XDC,Q,2017-Q3,52383100000,0,,,,,,,,,FB,,,O,OL,true,2000,,F
dataflow,IMF.STA:QNEA(7.0.0),R,HND,B1GQ,Q,SA,XDC,Q,2017-Q4,52455700000,0,,,,,,,,,FB,,,O,OL,true,2000,,F
dataflow,IMF.STA:QNEA(7.0.0),R,HND,B1GQ,Q,SA,XDC,Q,2018-Q1,52841300000,0,,,,,,,,,FB,,,O,OL,true,2000,,F
dataflow,IMF.STA:QNEA(7.0.0),R,HND,B1GQ,Q,SA,XDC,Q,2018-Q2,53485000000,0,,,,,,,,,FB,,,O,OL,true,2000,,F
dataflow,IMF.STA:QNEA(7.0.0),R,HND,B1GQ,Q,SA,XDC,Q,2018-Q3,53999300000,0,,,,,,,,,FB,,,O,OL,true,2000,,F
dataflow,IMF.STA:QNEA(7.0.0),R,HND,B1GQ,Q,SA,XDC,Q,2018-Q4,54697200000,0,,,,,,,,,FB,,,O,OL,true,2000,,F
dataflow,IMF.STA:QNEA(7.0.0),R,HND,B1GQ,Q,SA,XDC,Q,2019-Q1,54713400000,0,,,,,,,,,FB,,,O,OL,true,2000,,F
dataflow,IMF.STA:QNEA(7.0.0),R,HND,B1GQ,Q,SA,XDC,Q,2019-Q2,54463700000,0,,,,,,,,,FB,,,O,OL,true,2000,,F
dataflow,IMF.STA:QNEA(7.0.0),R,HND,B1GQ,Q,SA,XDC,Q,2019-Q3,55314000000,0,,,,,,,,,FB,,,O,OL,true,2000,,F
dataflow,IMF.STA:QNEA(7.0.0),R,HND,B1GQ,Q,SA,XDC,Q,2019-Q4,56035600000,0,,,,,,,,,FB,,,O,OL,true,2000,,F
dataflow,IMF.STA:QNEA(7.0.0),R,HND,B1GQ,Q,SA,XDC,Q,2020-Q1,53670000000,0,,,,,,,,,FB,,,O,OL,true,2000,,F
dataflow,IMF.STA:QNEA(7.0.0),R,HND,B1GQ,Q,SA,XDC,Q,2020-Q2,44615200000,0,,,,,,,,,FB,,,O,OL,true,2000,,F
dataflow,IMF.STA:QNEA(7.0.0),R,HND,B1GQ,Q,SA,XDC,Q,2020-Q3,50875200000,0,,,,,,,,,FB,,,O,OL,true,2000,,F
dataflow,IMF.STA:QNEA(7.0.0),R,HND,B1GQ,Q,SA,XDC,Q,2020-Q4,51596000000,0,,,,,,,,,FB,,,O,OL,true,2000,,F
dataflow,IMF.STA:QNEA(7.0.0),R,HND,B1GQ,Q,SA,XDC,Q,2021-Q1,55111900000,0,,,,,,,,,FB,,,O,OL,true,2000,,F
dataflow,IMF.STA:QNEA(7.0.0),R,HND,B1GQ,Q,SA,XDC,Q,2021-Q2,55863100000,0,,,,,,,,,FB,,,O,OL,true,2000,,F
dataflow,IMF.STA:QNEA(7.0.0),R,HND,B1GQ,Q,SA,XDC,Q,2021-Q3,57178300000,0,,,,,,,,,FB,,,O,OL,true,2000,,F
dataflow,IMF.STA:QNEA(7.0.0),R,HND,B1GQ,Q,SA,XDC,Q,2021-Q4,57828600000,0,,,,,,,,,FB,,,O,OL,true,2000,,F
dataflow,IMF.STA:QNEA(7.0.0),R,HND,B1GQ,Q,SA,XDC,Q,2022-Q1,58184200000,0,,,,,,,,,FB,,,O,OL,true,2000,,F
dataflow,IMF.STA:QNEA(7.0.0),R,HND,B1GQ,Q,SA,XDC,Q,2022-Q2,58532900000,0,,,,,,,,,FB,,,O,OL,true,2000,,F
dataflow,IMF.STA:QNEA(7.0.0),R,HND,B1GQ,Q,SA,XDC,Q,2022-Q3,59027900000,0,,,,,,,,,FB,,,O,OL,true,2000,,F
dataflow,IMF.STA:QNEA(7.0.0),R,HND,B1GQ,Q,SA,XDC,Q,2022-Q4,59600800000,0,,,,,,,,,FB,,,O,OL,true,2000,,F
dataflow,IMF.STA:QNEA(7.0.0),R,HND,B1GQ,Q,SA,XDC,Q,2023-Q1,59733800000,0,,,,,,,,,FB,,,O,OL,true,2000,,F
dataflow,IMF.STA:QNEA(7.0.0),R,HND,B1GQ,Q,SA,XDC,Q,2023-Q2,60530900000,0,,,,,,,,,FB,,,O,OL,true,2000,,F
dataflow,IMF.STA:QNEA(7.0.0),R,HND,B1GQ,Q,SA,XDC,Q,2023-Q3,61661200000,0,,,,,,,,,FB,,,O,OL,true,2000,,F
dataflow,IMF.STA:QNEA(7.0.0),R,HND,B1GQ,Q,SA,XDC,Q,2023-Q4,61835300000,0,,,,,,,,,FB,,,O,OL,true,2000,,F
dataflow,IMF.STA:QNEA(7.0.0),R,HND,B1GQ,Q,SA,XDC,Q,2024-Q1,61481300000,0,,,,,,,,,FB,,,O,OL,true,2000,,F
dataflow,IMF.STA:QNEA(7.0.0),R,HND,B1GQ,Q,SA,XDC,Q,2024-Q2,63132400000,0,,,,,,,,,FB,,,O,OL,true,2000,,F
dataflow,IMF.STA:QNEA(7.0.0),R,HND,B1GQ,Q,SA,XDC,Q,2024-Q3,63627100000,0,,,,,,,,,FB,,,O,OL,true,2000,,F
dataflow,IMF.STA:QNEA(7.0.0),R,HND,B1GQ,Q,SA,XDC,Q,2024-Q4,64374800000,0,,,,,,,,,FB,,,O,OL,true,2000,,F
dataflow,IMF.STA:QNEA(7.0.0),R,HND,B1GQ,Q,SA,XDC,Q,2025-Q1,64418400000,0,,,,,,,,,FB,,,O,OL,true,2000,,F
dataflow,IMF.STA:QNEA(7.0.0),R,HND,B1GQ,Q,SA,XDC,Q,2025-Q2,65565100000,0,,,,,,,,,FB,,,O,OL,true,2000,,F
dataflow,IMF.STA:QNEA(7.0.0),R,HND,B1GQ,Q,SA,XDC,Q,2025-Q3,66017300000,0,,,,,,,,,FB,,,O,OL,true,2000,,F
dataflow,IMF.STA:QNEA(7.0.0),R,HND,B1GQ,Q,SA,XDC,Q,2025-Q4,66090600000,0,,,,,,,,,FB,,,O,OL,true,2000,,F
dataflow,IMF.STA:QNEA(7.0.0),R,HND,B1GQ,Q,SA,XDC,Q,2026-Q1,66864900000,0,,,,,,,,,FB,,,O,OL,true,2000,,F
dataflow,IMF.STA:QNEA(7.0.0),R,HRV,B1GQ,Q,SA,XDC,Q,1995-Q1,7296103369.8792,0,,,,,,,,,L,,,O,OL,true,2010,,F
dataflow,IMF.STA:QNEA(7.0.0),R,HRV,B1GQ,Q,SA,XDC,Q,1995-Q2,7278303233.1218,0,,,,,,,,,L,,,O,OL,true,2010,,F
dataflow,IMF.STA:QNEA(7.0.0),R,HRV,B1GQ,Q,SA,XDC,Q,1995-Q3,7070903551.2269,0,,,,,,,,,L,,,O,OL,true,2010,,F
dataflow,IMF.STA:QNEA(7.0.0),R,HRV,B1GQ,Q,SA,XDC,Q,1995-Q4,7579612634.4904,0,,,,,,,,,L,,,O,OL,true,2010,,F
dataflow,IMF.STA:QNEA(7.0.0),R,HRV,B1GQ,Q,SA,XDC,Q,1996-Q1,7837762904.669,0,,,,,,,,,L,,,O,OL,true,2010,,F
dataflow,IMF.STA:QNEA(7.0.0),R,HRV,B1GQ,Q,SA,XDC,Q,1996-Q2,7766033756.686,0,,,,,,,,,L,,,O,OL,true,2010,,F
dataflow,IMF.STA:QNEA(7.0.0),R,HRV,B1GQ,Q,SA,XDC,Q,1996-Q3,7525333768.4177,0,,,,,,,,,L,,,O,OL,true,2010,,F
dataflow,IMF.STA:QNEA(7.0.0),R,HRV,B1GQ,Q,SA,XDC,Q,1996-Q4,7885072773.6602,0,,,,,,,,,L,,,O,OL,true,2010,,F
dataflow,IMF.STA:QNEA(7.0.0),R,HRV,B1GQ,Q,SA,XDC,Q,1997-Q1,7983694576.9456,0,,,,,,,,,L,,,O,OL,true,2010,,F
dataflow,IMF.STA:QNEA(7.0.0),R,HRV,B1GQ,Q,SA,XDC,Q,1997-Q2,8247028382.0074,0,,,,,,,,,L,,,O,OL,true,2010,,F
dataflow,IMF.STA:QNEA(7.0.0),R,HRV,B1GQ,Q,SA,XDC,Q,1997-Q3,8352797133.3505,0,,,,,,,,,L,,,O,OL,true,2010,,F
dataflow,IMF.STA:QNEA(7.0.0),R,HRV,B1GQ,Q,SA,XDC,Q,1997-Q4,8289279279.533,0,,,,,,,,,L,,,O,OL,true,2010,,F
dataflow,IMF.STA:QNEA(7.0.0),R,HRV,B1GQ,Q,SA,XDC,Q,1998-Q1,8242604436.3437,0,,,,,,,,,L,,,O,OL,true,2010,,F
dataflow,IMF.STA:QNEA(7.0.0),R,HRV,B1GQ,Q,SA,XDC,Q,1998-Q2,8359761049.8266,0,,,,,,,,,L,,,O,OL,true,2010,,F
dataflow,IMF.STA:QNEA(7.0.0),R,HRV,B1GQ,Q,SA,XDC,Q,1998-Q3,8506711847.5514,0,,,,,,,,,L,,,O,OL,true,2010,,F
dataflow,IMF.STA:QNEA(7.0.0),R,HRV,B1GQ,Q,SA,XDC,Q,1998-Q4,8530234584.82,0,,,,,,,,,L,,,O,OL,true,2010,,F
dataflow,IMF.STA:QNEA(7.0.0),R,HRV,B1GQ,Q,SA,XDC,Q,1999-Q1,8277208518.1918,0,,,,,,,,,L,,,O,OL,true,2010,,F
dataflow,IMF.STA:QNEA(7.0.0),R,HRV,B1GQ,Q,SA,XDC,Q,1999-Q2,8431907663.5018,0,,,,,,,,,L,,,O,OL,true,2010,,F
dataflow,IMF.STA:QNEA(7.0.0),R,HRV,B1GQ,Q,SA,XDC,Q,1999-Q3,8333019400.1987,0,,,,,,,,,L,,,O,OL,true,2010,,F
dataflow,IMF.STA:QNEA(7.0.0),R,HRV,B1GQ,Q,SA,XDC,Q,1999-Q4,8347602110.8215,0,,,,,,,,,L,,,O,OL,true,2010,,F
dataflow,IMF.STA:QNEA(7.0.0),R,HRV,B1GQ,Q,SA,XDC,Q,2000-Q1,8600512627.6182,0,,,,,,,,,L,,,O,OL,true,2010,,F
dataflow,IMF.STA:QNEA(7.0.0),R,HRV,B1GQ,Q,SA,XDC,Q,2000-Q2,8517600280.5425,0,,,,,,,,,L,,,O,OL,true,2010,,F
dataflow,IMF.STA:QNEA(7.0.0),R,HRV,B1GQ,Q,SA,XDC,Q,2000-Q3,8602750444.5579,0,,,,,,,,,L,,,O,OL,true,2010,,F
dataflow,IMF.STA:QNEA(7.0.0),R,HRV,B1GQ,Q,SA,XDC,Q,2000-Q4,8655038605.4018,0,,,,,,,,,L,,,O,OL,true,2010,,F
dataflow,IMF.STA:QNEA(7.0.0),R,HRV,B1GQ,Q,SA,XDC,Q,2001-Q1,8743941063.8205,0,,,,,,,,,L,,,O,OL,true,2010,,F
dataflow,IMF.STA:QNEA(7.0.0),R,HRV,B1GQ,Q,SA,XDC,Q,2001-Q2,8836409543.453,0,,,,,,,,,L,,,O,OL,true,2010,,F
dataflow,IMF.STA:QNEA(7.0.0),R,HRV,B1GQ,Q,SA,XDC,Q,2001-Q3,8895747668.1472,0,,,,,,,,,L,,,O,OL,true,2010,,F
dataflow,IMF.STA:QNEA(7.0.0),R,HRV,B1GQ,Q,SA,XDC,Q,2001-Q4,8949654483.0261,0,,,,,,,,,L,,,O,OL,true,2010,,F
dataflow,IMF.STA:QNEA(7.0.0),R,HRV,B1GQ,Q,SA,XDC,Q,2002-Q1,9141425359.3509,0,,,,,,,,,L,,,O,OL,true,2010,,F
dataflow,IMF.STA:QNEA(7.0.0),R,HRV,B1GQ,Q,SA,XDC,Q,2002-Q2,9271744774.6881,0,,,,,,,,,L,,,O,OL,true,2010,,F
dataflow,IMF.STA:QNEA(7.0.0),R,HRV,B1GQ,Q,SA,XDC,Q,2002-Q3,9458044618.6796,0,,,,,,,,,L,,,O,OL,true,2010,,F
dataflow,IMF.STA:QNEA(7.0.0),R,HRV,B1GQ,Q,SA,XDC,Q,2002-Q4,9583756558.1782,0,,,,,,,,,L,,,O,OL,true,2010,,F
dataflow,IMF.STA:QNEA(7.0.0),R,HRV,B1GQ,Q,SA,XDC,Q,2003-Q1,9716086987.0068,0,,,,,,,,,L,,,O,OL,true,2010,,F
dataflow,IMF.STA:QNEA(7.0.0),R,HRV,B1GQ,Q,SA,XDC,Q,2003-Q2,9864740696.5449,0,,,,,,,,,L,,,O,OL,true,2010,,F
dataflow,IMF.STA:QNEA(7.0.0),R,HRV,B1GQ,Q,SA,XDC,Q,2003-Q3,9929656396.9714,0,,,,,,,,,L,,,O,OL,true,2010,,F
dataflow,IMF.STA:QNEA(7.0.0),R,HRV,B1GQ,Q,SA,XDC,Q,2003-Q4,10028356699.86,0,,,,,,,,,L,,,O,OL,true,2010,,F
dataflow,IMF.STA:QNEA(7.0.0),R,HRV,B1GQ,Q,SA,XDC,Q,2004-Q1,10186815255.407,0,,,,,,,,,L,,,O,OL,true,2010,,F
dataflow,IMF.STA:QNEA(7.0.0),R,HRV,B1GQ,Q,SA,XDC,Q,2004-Q2,10214676104.131,0,,,,,,,,,L,,,O,OL,true,2010,,F
dataflow,IMF.STA:QNEA(7.0.0),R,HRV,B1GQ,Q,SA,XDC,Q,2004-Q3,10298170921.59,0,,,,,,,,,L,,,O,OL,true,2010,,F
dataflow,IMF.STA:QNEA(7.0.0),R,HRV,B1GQ,Q,SA,XDC,Q,2004-Q4,10491188573.151,0,,,,,,,,,L,,,O,OL,true,2010,,F
dataflow,IMF.STA:QNEA(7.0.0),R,HRV,B1GQ,Q,SA,XDC,Q,2005-Q1,10344892722.51,0,,,,,,,,,L,,,O,OL,true,2010,,F
dataflow,IMF.STA:QNEA(7.0.0),R,HRV,B1GQ,Q,SA,XDC,Q,2005-Q2,10751344714.709,0,,,,,,,,,L,,,O,OL,true,2010,,F
dataflow,IMF.STA:QNEA(7.0.0),R,HRV,B1GQ,Q,SA,XDC,Q,2005-Q3,10860568555.988,0,,,,,,,,,L,,,O,OL,true,2010,,F
dataflow,IMF.STA:QNEA(7.0.0),R,HRV,B1GQ,Q,SA,XDC,Q,2005-Q4,10978809009.373,0,,,,,,,,,L,,,O,OL,true,2010,,F
dataflow,IMF.STA:QNEA(7.0.0),R,HRV,B1GQ,Q,SA,XDC,Q,2006-Q1,11029401702.231,0,,,,,,,,,L,,,O,OL,true,2010,,F
dataflow,IMF.STA:QNEA(7.0.0),R,HRV,B1GQ,Q,SA,XDC,Q,2006-Q2,11205964616.491,0,,,,,,,,,L,,,O,OL,true,2010,,F
dataflow,IMF.STA:QNEA(7.0.0),R,HRV,B1GQ,Q,SA,XDC,Q,2006-Q3,11374726561.719,0,,,,,,,,,L,,,O,OL,true,2010,,F
dataflow,IMF.STA:QNEA(7.0.0),R,HRV,B1GQ,Q,SA,XDC,Q,2006-Q4,11505461369.677,0,,,,,,,,,L,,,O,OL,true,2010,,F
dataflow,IMF.STA:QNEA(7.0.0),R,HRV,B1GQ,Q,SA,XDC,Q,2007-Q1,11760791694.784,0,,,,,,,,,L,,,O,OL,true,2010,,F
dataflow,IMF.STA:QNEA(7.0.0),R,HRV,B1GQ,Q,SA,XDC,Q,2007-Q2,11862987133.248,0,,,,,,,,,L,,,O,OL,true,2010,,F
dataflow,IMF.STA:QNEA(7.0.0),R,HRV,B1GQ,Q,SA,XDC,Q,2007-Q3,11896770153.44,0,,,,,,,,,L,,,O,OL,true,2010,,F
dataflow,IMF.STA:QNEA(7.0.0),R,HRV,B1GQ,Q,SA,XDC,Q,2007-Q4,11863043176.14,0,,,,,,,,,L,,,O,OL,true,2010,,F
dataflow,IMF.STA:QNEA(7.0.0),R,HRV,B1GQ,Q,SA,XDC,Q,2008-Q1,12196870741.558,0,,,,,,,,,L,,,O,OL,true,2010,,F
dataflow,IMF.STA:QNEA(7.0.0),R,HRV,B1GQ,Q,SA,XDC,Q,2008-Q2,12237034056.917,0,,,,,,,,,L,,,O,OL,true,2010,,F
dataflow,IMF.STA:QNEA(7.0.0),R,HRV,B1GQ,Q,SA,XDC,Q,2008-Q3,12068449473.505,0,,,,,,,,,L,,,O,OL,true,2010,,F
dataflow,IMF.STA:QNEA(7.0.0),R,HRV,B1GQ,Q,SA,XDC,Q,2008-Q4,11809187117.496,0,,,,,,,,,L,,,O,OL,true,2010,,F
dataflow,IMF.STA:QNEA(7.0.0),R,HRV,B1GQ,Q,SA,XDC,Q,2009-Q1,11266861824.943,0,,,,,,,,,L,,,O,OL,true,2010,,F
dataflow,IMF.STA:QNEA(7.0.0),R,HRV,B1GQ,Q,SA,XDC,Q,2009-Q2,11300676815.353,0,,,,,,,,,L,,,O,OL,true,2010,,F
dataflow,IMF.STA:QNEA(7.0.0),R,HRV,B1GQ,Q,SA,XDC,Q,2009-Q3,11171051856.903,0,,,,,,,,,L,,,O,OL,true,2010,,F
dataflow,IMF.STA:QNEA(7.0.0),R,HRV,B1GQ,Q,SA,XDC,Q,2009-Q4,11286797566.787,0,,,,,,,,,L,,,O,OL,true,2010,,F
dataflow,IMF.STA:QNEA(7.0.0),R,HRV,B1GQ,Q,SA,XDC,Q,2010-Q1,11167031759.108,0,,,,,,,,,L,,,O,OL,true,2010,,F
dataflow,IMF.STA:QNEA(7.0.0),R,HRV,B1GQ,Q,SA,XDC,Q,2010-Q2,11030608390.993,0,,,,,,,,,L,,,O,OL,true,2010,,F
dataflow,IMF.STA:QNEA(7.0.0),R,HRV,B1GQ,Q,SA,XDC,Q,2010-Q3,11176020398.281,0,,,,,,,,,L,,,O,OL,true,2010,,F
dataflow,IMF.STA:QNEA(7.0.0),R,HRV,B1GQ,Q,SA,XDC,Q,2010-Q4,11056743573.459,0,,,,,,,,,L,,,O,OL,true,2010,,F
dataflow,IMF.STA:QNEA(7.0.0),R,HRV,B1GQ,Q,SA,XDC,Q,2011-Q1,11018295629.11,0,,,,,,,,,L,,,O,OL,true,2010,,F
dataflow,IMF.STA:QNEA(7.0.0),R,HRV,B1GQ,Q,SA,XDC,Q,2011-Q2,11191289192.636,0,,,,,,,,,L,,,O,OL,true,2010,,F
dataflow,IMF.STA:QNEA(7.0.0),R,HRV,B1GQ,Q,SA,XDC,Q,2011-Q3,11134256452.979,0,,,,,,,,,L,,,O,OL,true,2010,,F
dataflow,IMF.STA:QNEA(7.0.0),R,HRV,B1GQ,Q,SA,XDC,Q,2011-Q4,11052970550.249,0,,,,,,,,,L,,,O,OL,true,2010,,F
dataflow,IMF.STA:QNEA(7.0.0),R,HRV,B1GQ,Q,SA,XDC,Q,2012-Q1,10935876385.16,0,,,,,,,,,L,,,O,OL,true,2010,,F
dataflow,IMF.STA:QNEA(7.0.0),R,HRV,B1GQ,Q,SA,XDC,Q,2012-Q2,10838711920.987,0,,,,,,,,,L,,,O,OL,true,2010,,F
dataflow,IMF.STA:QNEA(7.0.0),R,HRV,B1GQ,Q,SA,XDC,Q,2012-Q3,10875279698.246,0,,,,,,,,,L,,,O,OL,true,2010,,F
dataflow,IMF.STA:QNEA(7.0.0),R,HRV,B1GQ,Q,SA,XDC,Q,2012-Q4,10792308028.412,0,,,,,,,,,L,,,O,OL,true,2010,,F
dataflow,IMF.STA:QNEA(7.0.0),R,HRV,B1GQ,Q,SA,XDC,Q,2013-Q1,10832342621.122,0,,,,,,,,,L,,,O,OL,true,2010,,F
dataflow,IMF.STA:QNEA(7.0.0),R,HRV,B1GQ,Q,SA,XDC,Q,2013-Q2,10890529042.552,0,,,,,,,,,L,,,O,OL,true,2010,,F
dataflow,IMF.STA:QNEA(7.0.0),R,HRV,B1GQ,Q,SA,XDC,Q,2013-Q3,10852765625.771,0,,,,,,,,,L,,,O,OL,true,2010,,F
dataflow,IMF.STA:QNEA(7.0.0),R,HRV,B1GQ,Q,SA,XDC,Q,2013-Q4,10807072870.745,0,,,,,,,,,L,,,O,OL,true,2010,,F
dataflow,IMF.STA:QNEA(7.0.0),R,HRV,B1GQ,Q,SA,XDC,Q,2014-Q1,10744002536.523,0,,,,,,,,,L,,,O,OL,true,2010,,F
dataflow,IMF.STA:QNEA(7.0.0),R,HRV,B1GQ,Q,SA,XDC,Q,2014-Q2,10815103366.064,0,,,,,,,,,L,,,O,OL,true,2010,,F
dataflow,IMF.STA:QNEA(7.0.0),R,HRV,B1GQ,Q,SA,XDC,Q,2014-Q3,10761271002.694,0,,,,,,,,,L,,,O,OL,true,2010,,F
dataflow,IMF.STA:QNEA(7.0.0),R,HRV,B1GQ,Q,SA,XDC,Q,2014-Q4,10827938145.576,0,,,,,,,,,L,,,O,OL,true,2010,,F
dataflow,IMF.STA:QNEA(7.0.0),R,HRV,B1GQ,Q,SA,XDC,Q,2015-Q1,10929334869.065,0,,,,,,,,,L,,,O,OL,true,2010,,F
dataflow,IMF.STA:QNEA(7.0.0),R,HRV,B1GQ,Q,SA,XDC,Q,2015-Q2,10993261328.799,0,,,,,,,,,L,,,O,OL,true,2010,,F
dataflow,IMF.STA:QNEA(7.0.0),R,HRV,B1GQ,Q,SA,XDC,Q,2015-Q3,11177427687.483,0,,,,,,,,,L,,,O,OL,true,2010,,F
dataflow,IMF.STA:QNEA(7.0.0),R,HRV,B1GQ,Q,SA,XDC,Q,2015-Q4,11011752232.307,0,,,,,,,,,L,,,O,OL,true,2010,,F
dataflow,IMF.STA:QNEA(7.0.0),R,HRV,B1GQ,Q,SA,XDC,Q,2016-Q1,11417734172.345,0,,,,,,,,,L,,,O,OL,true,2010,,F
dataflow,IMF.STA:QNEA(7.0.0),R,HRV,B1GQ,Q,SA,XDC,Q,2016-Q2,11334408827.304,0,,,,,,,,,L,,,O,OL,true,2010,,F
dataflow,IMF.STA:QNEA(7.0.0),R,HRV,B1GQ,Q,SA,XDC,Q,2016-Q3,11391459010.574,0,,,,,,,,,L,,,O,OL,true,2010,,F
dataflow,IMF.STA:QNEA(7.0.0),R,HRV,B1GQ,Q,SA,XDC,Q,2016-Q4,11540740492.465,0,,,,,,,,,L,,,O,OL,true,2010,,F
dataflow,IMF.STA:QNEA(7.0.0),R,HRV,B1GQ,Q,SA,XDC,Q,2017-Q1,11683267658.109,0,,,,,,,,,L,,,O,OL,true,2010,,F
dataflow,IMF.STA:QNEA(7.0.0),R,HRV,B1GQ,Q,SA,XDC,Q,2017-Q2,11716321690.393,0,,,,,,,,,L,,,O,OL,true,2010,,F
dataflow,IMF.STA:QNEA(7.0.0),R,HRV,B1GQ,Q,SA,XDC,Q,2017-Q3,11855488238.21,0,,,,,,,,,L,,,O,OL,true,2010,,F
dataflow,IMF.STA:QNEA(7.0.0),R,HRV,B1GQ,Q,SA,XDC,Q,2017-Q4,11893261873.674,0,,,,,,,,,L,,,O,OL,true,2010,,F
dataflow,IMF.STA:QNEA(7.0.0),R,HRV,B1GQ,Q,SA,XDC,Q,2018-Q1,11926616869.372,0,,,,,,,,,L,,,O,OL,true,2010,,F
dataflow,IMF.STA:QNEA(7.0.0),R,HRV,B1GQ,Q,SA,XDC,Q,2018-Q2,12155836192.82,0,,,,,,,,,L,,,O,OL,true,2010,,F
dataflow,IMF.STA:QNEA(7.0.0),R,HRV,B1GQ,Q,SA,XDC,Q,2018-Q3,12193294824.635,0,,,,,,,,,L,,,O,OL,true,2010,,F
dataflow,IMF.STA:QNEA(7.0.0),R,HRV,B1GQ,Q,SA,XDC,Q,2018-Q4,12241857266.834,0,,,,,,,,,L,,,O,OL,true,2010,,F
dataflow,IMF.STA:QNEA(7.0.0),R,HRV,B1GQ,Q,SA,XDC,Q,2019-Q1,12485524988.351,0,,,,,,,,,L,,,O,OL,true,2010,,F
dataflow,IMF.STA:QNEA(7.0.0),R,HRV,B1GQ,Q,SA,XDC,Q,2019-Q2,12552652063.163,0,,,,,,,,,L,,,O,OL,true,2010,,F
dataflow,IMF.STA:QNEA(7.0.0),R,HRV,B1GQ,Q,SA,XDC,Q,2019-Q3,12529639376.463,0,,,,,,,,,L,,,O,OL,true,2010,,F
dataflow,IMF.STA:QNEA(7.0.0),R,HRV,B1GQ,Q,SA,XDC,Q,2019-Q4,12483469013.754,0,,,,,,,,,L,,,O,OL,true,2010,,F
dataflow,IMF.STA:QNEA(7.0.0),R,HRV,B1GQ,Q,SA,XDC,Q,2020-Q1,12305645180.631,0,,,,,,,,,L,,,O,OL,true,2010,,F
dataflow,IMF.STA:QNEA(7.0.0),R,HRV,B1GQ,Q,SA,XDC,Q,2020-Q2,10592499212.694,0,,,,,,,,,L,,,O,OL,true,2010,,F
dataflow,IMF.STA:QNEA(7.0.0),R,HRV,B1GQ,Q,SA,XDC,Q,2020-Q3,11138338082.705,0,,,,,,,,,L,,,O,OL,true,2010,,F
dataflow,IMF.STA:QNEA(7.0.0),R,HRV,B1GQ,Q,SA,XDC,Q,2020-Q4,12046745026.371,0,,,,,,,,,L,,,O,OL,true,2010,,F
dataflow,IMF.STA:QNEA(7.0.0),R,HRV,B1GQ,Q,SA,XDC,Q,2021-Q1,12741768623.115,0,,,,,,,,,L,,,O,OL,true,2010,,F
dataflow,IMF.STA:QNEA(7.0.0),R,HRV,B1GQ,Q,SA,XDC,Q,2021-Q2,12675968828.618,0,,,,,,,,,L,,,O,OL,true,2010,,F
dataflow,IMF.STA:QNEA(7.0.0),R,HRV,B1GQ,Q,SA,XDC,Q,2021-Q3,12929458842.028,0,,,,,,,,,L,,,O,OL,true,2010,,F
dataflow,IMF.STA:QNEA(7.0.0),R,HRV,B1GQ,Q,SA,XDC,Q,2021-Q4,13340484809.904,0,,,,,,,,,L,,,O,OL,true,2010,,F
dataflow,IMF.STA:QNEA(7.0.0),R,HRV,B1GQ,Q,SA,XDC,Q,2022-Q1,13743349691.59,0,,,,,,,,,L,,,O,OL,true,2010,,F
dataflow,IMF.STA:QNEA(7.0.0),R,HRV,B1GQ,Q,SA,XDC,Q,2022-Q2,13868192867.284,0,,,,,,,,,L,,,O,OL,true,2010,,F
dataflow,IMF.STA:QNEA(7.0.0),R,HRV,B1GQ,Q,SA,XDC,Q,2022-Q3,13985595153.3,0,,,,,,,,,L,,,O,OL,true,2010,,F
dataflow,IMF.STA:QNEA(7.0.0),R,HRV,B1GQ,Q,SA,XDC,Q,2022-Q4,13832784792.341,0,,,,,,,,,L,,,O,OL,true,2010,,F
dataflow,IMF.STA:QNEA(7.0.0),R,HRV,B1GQ,Q,SA,XDC,Q,2023-Q1,14101757764.829,0,,,,,,,,,L,,,O,OL,true,2010,,F
dataflow,IMF.STA:QNEA(7.0.0),R,HRV,B1GQ,Q,SA,XDC,Q,2023-Q2,14378907562.506,0,,,,,,,,,L,,,O,OL,true,2010,,F
dataflow,IMF.STA:QNEA(7.0.0),R,HRV,B1GQ,Q,SA,XDC,Q,2023-Q3,14389078979.75,0,,,,,,,,,L,,,O,OL,true,2010,,F
dataflow,IMF.STA:QNEA(7.0.0),R,HRV,B1GQ,Q,SA,XDC,Q,2023-Q4,14621811145.716,0,,,,,,,,,L,,,O,OL,true,2010,,F
dataflow,IMF.STA:QNEA(7.0.0),R,HRV,B1GQ,Q,SA,XDC,Q,2024-Q1,14684032968.93,0,,,,,,,,,L,,,O,OL,true,2010,,F
dataflow,IMF.STA:QNEA(7.0.0),R,HRV,B1GQ,Q,SA,XDC,Q,2024-Q2,14869596853.312,0,,,,,,,,,L,,,O,OL,true,2010,,F
dataflow,IMF.STA:QNEA(7.0.0),R,HRV,B1GQ,Q,SA,XDC,Q,2024-Q3,15019416394.249,0,,,,,,,,,L,,,O,OL,true,2010,,F
dataflow,IMF.STA:QNEA(7.0.0),R,HRV,B1GQ,Q,SA,XDC,Q,2024-Q4,15108370624.828,0,,,,,,,,,L,,,O,OL,true,2010,,F
dataflow,IMF.STA:QNEA(7.0.0),R,HRV,B1GQ,Q,SA,XDC,Q,2025-Q1,15251757584.364,0,,,,,,,,,L,,,O,OL,true,2010,,F
dataflow,IMF.STA:QNEA(7.0.0),R,HRV,B1GQ,Q,SA,XDC,Q,2025-Q2,15407955291.617,0,,,,,,,,,L,,,O,OL,true,2010,,F
dataflow,IMF.STA:QNEA(7.0.0),R,HRV,B1GQ,Q,SA,XDC,Q,2025-Q3,15449042931.71,0,,,,,,,,,L,,,O,OL,true,2010,,F
dataflow,IMF.STA:QNEA(7.0.0),R,HRV,B1GQ,Q,SA,XDC,Q,2025-Q4,15626758620.474,0,,,,,,,,,L,,,O,OL,true,2010,,F
dataflow,IMF.STA:QNEA(7.0.0),R,HRV,B1GQ,Q,SA,XDC,Q,2026-Q1,15607420071.512,0,,,,,,,,,L,,,O,OL,true,2010,,F
dataflow,IMF.STA:QNEA(7.0.0),R,HRV,B1GQ,Q,SA,XDC,Q,2026-Q2,15671369969.71,0,,,,,,,,,L,,,O,OL,true,2010,,F
dataflow,IMF.STA:QNEA(7.0.0),R,HUN,B1GQ,Q,SA,XDC,Q,1995-Q1,4843647421344.9,0,,,,,,,,,L,,,O,OL,true,2010,,F
dataflow,IMF.STA:QNEA(7.0.0),R,HUN,B1GQ,Q,SA,XDC,Q,1995-Q2,4832195490146.9,0,,,,,,,,,L,,,O,OL,true,2010,,F
dataflow,IMF.STA:QNEA(7.0.0),R,HUN,B1GQ,Q,SA,XDC,Q,1995-Q3,4830266686214.3,0,,,,,,,,,L,,,O,OL,true,2010,,F
dataflow,IMF.STA:QNEA(7.0.0),R,HUN,B1GQ,Q,SA,XDC,Q,1995-Q4,4809715452077.9,0,,,,,,,,,L,,,O,OL,true,2010,,F
dataflow,IMF.STA:QNEA(7.0.0),R,HUN,B1GQ,Q,SA,XDC,Q,1996-Q1,4851752862129.9,0,,,,,,,,,L,,,O,OL,true,2010,,F
dataflow,IMF.STA:QNEA(7.0.0),R,HUN,B1GQ,Q,SA,XDC,Q,1996-Q2,4813323975139.9,0,,,,,,,,,L,,,O,OL,true,2010,,F
dataflow,IMF.STA:QNEA(7.0.0),R,HUN,B1GQ,Q,SA,XDC,Q,1996-Q3,4804433593322.7,0,,,,,,,,,L,,,O,OL,true,2010,,F
dataflow,IMF.STA:QNEA(7.0.0),R,HUN,B1GQ,Q,SA,XDC,Q,1996-Q4,4864356352714.5,0,,,,,,,,,L,,,O,OL,true,2010,,F
dataflow,IMF.STA:QNEA(7.0.0),R,HUN,B1GQ,Q,SA,XDC,Q,1997-Q1,4907017046953.5,0,,,,,,,,,L,,,O,OL,true,2010,,F
dataflow,IMF.STA:QNEA(7.0.0),R,HUN,B1GQ,Q,SA,XDC,Q,1997-Q2,4958823816859.3,0,,,,,,,,,L,,,O,OL,true,2010,,F
dataflow,IMF.STA:QNEA(7.0.0),R,HUN,B1GQ,Q,SA,XDC,Q,1997-Q3,5001316071448.8,0,,,,,,,,,L,,,O,OL,true,2010,,F
dataflow,IMF.STA:QNEA(7.0.0),R,HUN,B1GQ,Q,SA,XDC,Q,1997-Q4,5042341869371.8,0,,,,,,,,,L,,,O,OL,true,2010,,F
dataflow,IMF.STA:QNEA(7.0.0),R,HUN,B1GQ,Q,SA,XDC,Q,1998-Q1,5083286078866.3,0,,,,,,,,,L,,,O,OL,true,2010,,F
dataflow,IMF.STA:QNEA(7.0.0),R,HUN,B1GQ,Q,SA,XDC,Q,1998-Q2,5161880508071.4,0,,,,,,,,,L,,,O,OL,true,2010,,F
dataflow,IMF.STA:QNEA(7.0.0),R,HUN,B1GQ,Q,SA,XDC,Q,1998-Q3,5209850492838.5,0,,,,,,,,,L,,,O,OL,true,2010,,F
dataflow,IMF.STA:QNEA(7.0.0),R,HUN,B1GQ,Q,SA,XDC,Q,1998-Q4,5211142666856.7,0,,,,,,,,,L,,,O,OL,true,2010,,F
dataflow,IMF.STA:QNEA(7.0.0),R,HUN,B1GQ,Q,SA,XDC,Q,1999-Q1,5211715253509.9,0,,,,,,,,,L,,,O,OL,true,2010,,F
dataflow,IMF.STA:QNEA(7.0.0),R,HUN,B1GQ,Q,SA,XDC,Q,1999-Q2,5269338240093,0,,,,,,,,,L,,,O,OL,true,2010,,F
dataflow,IMF.STA:QNEA(7.0.0),R,HUN,B1GQ,Q,SA,XDC,Q,1999-Q3,5369100719177.5,0,,,,,,,,,L,,,O,OL,true,2010,,F
dataflow,IMF.STA:QNEA(7.0.0),R,HUN,B1GQ,Q,SA,XDC,Q,1999-Q4,5431359832272.1,0,,,,,,,,,L,,,O,OL,true,2010,,F
dataflow,IMF.STA:QNEA(7.0.0),R,HUN,B1GQ,Q,SA,XDC,Q,2000-Q1,5476752917215.3,0,,,,,,,,,L,,,O,OL,true,2010,,F
dataflow,IMF.STA:QNEA(7.0.0),R,HUN,B1GQ,Q,SA,XDC,Q,2000-Q2,5528361961409.3,0,,,,,,,,,L,,,O,OL,true,2010,,F
dataflow,IMF.STA:QNEA(7.0.0),R,HUN,B1GQ,Q,SA,XDC,Q,2000-Q3,5578259670798.2,0,,,,,,,,,L,,,O,OL,true,2010,,F
dataflow,IMF.STA:QNEA(7.0.0),R,HUN,B1GQ,Q,SA,XDC,Q,2000-Q4,5682745230712,0,,,,,,,,,L,,,O,OL,true,2010,,F
dataflow,IMF.STA:QNEA(7.0.0),R,HUN,B1GQ,Q,SA,XDC,Q,2001-Q1,5722816448161.5,0,,,,,,,,,L,,,O,OL,true,2010,,F
dataflow,IMF.STA:QNEA(7.0.0),R,HUN,B1GQ,Q,SA,XDC,Q,2001-Q2,5768343661308.3,0,,,,,,,,,L,,,O,OL,true,2010,,F
dataflow,IMF.STA:QNEA(7.0.0),R,HUN,B1GQ,Q,SA,XDC,Q,2001-Q3,5818952326701.3,0,,,,,,,,,L,,,O,OL,true,2010,,F
dataflow,IMF.STA:QNEA(7.0.0),R,HUN,B1GQ,Q,SA,XDC,Q,2001-Q4,5862610065722.6,0,,,,,,,,,L,,,O,OL,true,2010,,F
dataflow,IMF.STA:QNEA(7.0.0),R,HUN,B1GQ,Q,SA,XDC,Q,2002-Q1,5997562604963.7,0,,,,,,,,,L,,,O,OL,true,2010,,F
dataflow,IMF.STA:QNEA(7.0.0),R,HUN,B1GQ,Q,SA,XDC,Q,2002-Q2,6029288395623.9,0,,,,,,,,,L,,,O,OL,true,2010,,F
dataflow,IMF.STA:QNEA(7.0.0),R,HUN,B1GQ,Q,SA,XDC,Q,2002-Q3,6083913882339.6,0,,,,,,,,,L,,,O,OL,true,2010,,F
dataflow,IMF.STA:QNEA(7.0.0),R,HUN,B1GQ,Q,SA,XDC,Q,2002-Q4,6156734690060.3,0,,,,,,,,,L,,,O,OL,true,2010,,F
dataflow,IMF.STA:QNEA(7.0.0),R,HUN,B1GQ,Q,SA,XDC,Q,2003-Q1,6197861901057.3,0,,,,,,,,,L,,,O,OL,true,2010,,F
dataflow,IMF.STA:QNEA(7.0.0),R,HUN,B1GQ,Q,SA,XDC,Q,2003-Q2,6263449583237.6,0,,,,,,,,,L,,,O,OL,true,2010,,F
dataflow,IMF.STA:QNEA(7.0.0),R,HUN,B1GQ,Q,SA,XDC,Q,2003-Q3,6337844842704.1,0,,,,,,,,,L,,,O,OL,true,2010,,F
dataflow,IMF.STA:QNEA(7.0.0),R,HUN,B1GQ,Q,SA,XDC,Q,2003-Q4,6400932286170.2,0,,,,,,,,,L,,,O,OL,true,2010,,F
dataflow,IMF.STA:QNEA(7.0.0),R,HUN,B1GQ,Q,SA,XDC,Q,2004-Q1,6506622061519.3,0,,,,,,,,,L,,,O,OL,true,2010,,F
dataflow,IMF.STA:QNEA(7.0.0),R,HUN,B1GQ,Q,SA,XDC,Q,2004-Q2,6577541439982.1,0,,,,,,,,,L,,,O,OL,true,2010,,F
dataflow,IMF.STA:QNEA(7.0.0),R,HUN,B1GQ,Q,SA,XDC,Q,2004-Q3,6655302286827.9,0,,,,,,,,,L,,,O,OL,true,2010,,F
dataflow,IMF.STA:QNEA(7.0.0),R,HUN,B1GQ,Q,SA,XDC,Q,2004-Q4,6680610536429.3,0,,,,,,,,,L,,,O,OL,true,2010,,F
dataflow,IMF.STA:QNEA(7.0.0),R,HUN,B1GQ,Q,SA,XDC,Q,2005-Q1,6742981422064.3,0,,,,,,,,,L,,,O,OL,true,2010,,F
dataflow,IMF.STA:QNEA(7.0.0),R,HUN,B1GQ,Q,SA,XDC,Q,2005-Q2,6881098130960.6,0,,,,,,,,,L,,,O,OL,true,2010,,F
dataflow,IMF.STA:QNEA(7.0.0),R,HUN,B1GQ,Q,SA,XDC,Q,2005-Q3,6930090359803.5,0,,,,,,,,,L,,,O,OL,true,2010,,F
dataflow,IMF.STA:QNEA(7.0.0),R,HUN,B1GQ,Q,SA,XDC,Q,2005-Q4,7006666538901.5,0,,,,,,,,,L,,,O,OL,true,2010,,F
dataflow,IMF.STA:QNEA(7.0.0),R,HUN,B1GQ,Q,SA,XDC,Q,2006-Q1,7059099418274.8,0,,,,,,,,,L,,,O,OL,true,2010,,F
dataflow,IMF.STA:QNEA(7.0.0),R,HUN,B1GQ,Q,SA,XDC,Q,2006-Q2,7161724676715.1,0,,,,,,,,,L,,,O,OL,true,2010,,F
dataflow,IMF.STA:QNEA(7.0.0),R,HUN,B1GQ,Q,SA,XDC,Q,2006-Q3,7200583849295.3,0,,,,,,,,,L,,,O,OL,true,2010,,F
dataflow,IMF.STA:QNEA(7.0.0),R,HUN,B1GQ,Q,SA,XDC,Q,2006-Q4,7268941587391.5,0,,,,,,,,,L,,,O,OL,true,2010,,F
dataflow,IMF.STA:QNEA(7.0.0),R,HUN,B1GQ,Q,SA,XDC,Q,2007-Q1,7179883439463.8,0,,,,,,,,,L,,,O,OL,true,2010,,F
dataflow,IMF.STA:QNEA(7.0.0),R,HUN,B1GQ,Q,SA,XDC,Q,2007-Q2,7174335594123.3,0,,,,,,,,,L,,,O,OL,true,2010,,F
dataflow,IMF.STA:QNEA(7.0.0),R,HUN,B1GQ,Q,SA,XDC,Q,2007-Q3,7209643843574.9,0,,,,,,,,,L,,,O,OL,true,2010,,F
dataflow,IMF.STA:QNEA(7.0.0),R,HUN,B1GQ,Q,SA,XDC,Q,2007-Q4,7233090769860.7,0,,,,,,,,,L,,,O,OL,true,2010,,F
dataflow,IMF.STA:QNEA(7.0.0),R,HUN,B1GQ,Q,SA,XDC,Q,2008-Q1,7308333655566,0,,,,,,,,,L,,,O,OL,true,2010,,F
dataflow,IMF.STA:QNEA(7.0.0),R,HUN,B1GQ,Q,SA,XDC,Q,2008-Q2,7345506354990.6,0,,,,,,,,,L,,,O,OL,true,2010,,F
dataflow,IMF.STA:QNEA(7.0.0),R,HUN,B1GQ,Q,SA,XDC,Q,2008-Q3,7327156607080.9,0,,,,,,,,,L,,,O,OL,true,2010,,F
dataflow,IMF.STA:QNEA(7.0.0),R,HUN,B1GQ,Q,SA,XDC,Q,2008-Q4,7068968875361.2,0,,,,,,,,,L,,,O,OL,true,2010,,F
dataflow,IMF.STA:QNEA(7.0.0),R,HUN,B1GQ,Q,SA,XDC,Q,2009-Q1,6771432532645.8,0,,,,,,,,,L,,,O,OL,true,2010,,F
dataflow,IMF.STA:QNEA(7.0.0),R,HUN,B1GQ,Q,SA,XDC,Q,2009-Q2,6774647618828.4,0,,,,,,,,,L,,,O,OL,true,2010,,F
dataflow,IMF.STA:QNEA(7.0.0),R,HUN,B1GQ,Q,SA,XDC,Q,2009-Q3,6771133825131.1,0,,,,,,,,,L,,,O,OL,true,2010,,F
dataflow,IMF.STA:QNEA(7.0.0),R,HUN,B1GQ,Q,SA,XDC,Q,2009-Q4,6765718507754.7,0,,,,,,,,,L,,,O,OL,true,2010,,F
dataflow,IMF.STA:QNEA(7.0.0),R,HUN,B1GQ,Q,SA,XDC,Q,2010-Q1,6774894709305.7,0,,,,,,,,,L,,,O,OL,true,2010,,F
dataflow,IMF.STA:QNEA(7.0.0),R,HUN,B1GQ,Q,SA,XDC,Q,2010-Q2,6828514724881.7,0,,,,,,,,,L,,,O,OL,true,2010,,F
dataflow,IMF.STA:QNEA(7.0.0),R,HUN,B1GQ,Q,SA,XDC,Q,2010-Q3,6879790144428.8,0,,,,,,,,,L,,,O,OL,true,2010,,F
dataflow,IMF.STA:QNEA(7.0.0),R,HUN,B1GQ,Q,SA,XDC,Q,2010-Q4,6874053510436.8,0,,,,,,,,,L,,,O,OL,true,2010,,F
dataflow,IMF.STA:QNEA(7.0.0),R,HUN,B1GQ,Q,SA,XDC,Q,2011-Q1,6956973795558.1,0,,,,,,,,,L,,,O,OL,true,2010,,F
dataflow,IMF.STA:QNEA(7.0.0),R,HUN,B1GQ,Q,SA,XDC,Q,2011-Q2,6944136106312.1,0,,,,,,,,,L,,,O,OL,true,2010,,F
dataflow,IMF.STA:QNEA(7.0.0),R,HUN,B1GQ,Q,SA,XDC,Q,2011-Q3,6952427710365.6,0,,,,,,,,,L,,,O,OL,true,2010,,F
dataflow,IMF.STA:QNEA(7.0.0),R,HUN,B1GQ,Q,SA,XDC,Q,2011-Q4,7030805537176.4,0,,,,,,,,,L,,,O,OL,true,2010,,F
dataflow,IMF.STA:QNEA(7.0.0),R,HUN,B1GQ,Q,SA,XDC,Q,2012-Q1,6934714232444.4,0,,,,,,,,,L,,,O,OL,true,2010,,F
dataflow,IMF.STA:QNEA(7.0.0),R,HUN,B1GQ,Q,SA,XDC,Q,2012-Q2,6869468186969.4,0,,,,,,,,,L,,,O,OL,true,2010,,F
dataflow,IMF.STA:QNEA(7.0.0),R,HUN,B1GQ,Q,SA,XDC,Q,2012-Q3,6886041253031.3,0,,,,,,,,,L,,,O,OL,true,2010,,F
dataflow,IMF.STA:QNEA(7.0.0),R,HUN,B1GQ,Q,SA,XDC,Q,2012-Q4,6869898684829,0,,,,,,,,,L,,,O,OL,true,2010,,F
dataflow,IMF.STA:QNEA(7.0.0),R,HUN,B1GQ,Q,SA,XDC,Q,2013-Q1,6913430496170,0,,,,,,,,,L,,,O,OL,true,2010,,F
dataflow,IMF.STA:QNEA(7.0.0),R,HUN,B1GQ,Q,SA,XDC,Q,2013-Q2,6978239498592.6,0,,,,,,,,,L,,,O,OL,true,2010,,F
dataflow,IMF.STA:QNEA(7.0.0),R,HUN,B1GQ,Q,SA,XDC,Q,2013-Q3,7086759393833.2,0,,,,,,,,,L,,,O,OL,true,2010,,F
dataflow,IMF.STA:QNEA(7.0.0),R,HUN,B1GQ,Q,SA,XDC,Q,2013-Q4,7143779163269.1,0,,,,,,,,,L,,,O,OL,true,2010,,F
dataflow,IMF.STA:QNEA(7.0.0),R,HUN,B1GQ,Q,SA,XDC,Q,2014-Q1,7213034246131.2,0,,,,,,,,,L,,,O,OL,true,2010,,F
dataflow,IMF.STA:QNEA(7.0.0),R,HUN,B1GQ,Q,SA,XDC,Q,2014-Q2,7306925975024.8,0,,,,,,,,,L,,,O,OL,true,2010,,F
dataflow,IMF.STA:QNEA(7.0.0),R,HUN,B1GQ,Q,SA,XDC,Q,2014-Q3,7376895132534.8,0,,,,,,,,,L,,,O,OL,true,2010,,F
dataflow,IMF.STA:QNEA(7.0.0),R,HUN,B1GQ,Q,SA,XDC,Q,2014-Q4,7417295428655.3,0,,,,,,,,,L,,,O,OL,true,2010,,F
dataflow,IMF.STA:QNEA(7.0.0),R,HUN,B1GQ,Q,SA,XDC,Q,2015-Q1,7536811880831.7,0,,,,,,,,,L,,,O,OL,true,2010,,F
dataflow,IMF.STA:QNEA(7.0.0),R,HUN,B1GQ,Q,SA,XDC,Q,2015-Q2,7545892153647.9,0,,,,,,,,,L,,,O,OL,true,2010,,F
dataflow,IMF.STA:QNEA(7.0.0),R,HUN,B1GQ,Q,SA,XDC,Q,2015-Q3,7603728149015.9,0,,,,,,,,,L,,,O,OL,true,2010,,F
dataflow,IMF.STA:QNEA(7.0.0),R,HUN,B1GQ,Q,SA,XDC,Q,2015-Q4,7685274859600.6,0,,,,,,,,,L,,,O,OL,true,2010,,F
dataflow,IMF.STA:QNEA(7.0.0),R,HUN,B1GQ,Q,SA,XDC,Q,2016-Q1,7667083976632.4,0,,,,,,,,,L,,,O,OL,true,2010,,F
dataflow,IMF.STA:QNEA(7.0.0),R,HUN,B1GQ,Q,SA,XDC,Q,2016-Q2,7762906167361.5,0,,,,,,,,,L,,,O,OL,true,2010,,F
dataflow,IMF.STA:QNEA(7.0.0),R,HUN,B1GQ,Q,SA,XDC,Q,2016-Q3,7802990363402.3,0,,,,,,,,,L,,,O,OL,true,2010,,F
dataflow,IMF.STA:QNEA(7.0.0),R,HUN,B1GQ,Q,SA,XDC,Q,2016-Q4,7873543435090.3,0,,,,,,,,,L,,,O,OL,true,2010,,F
dataflow,IMF.STA:QNEA(7.0.0),R,HUN,B1GQ,Q,SA,XDC,Q,2017-Q1,7968895168785.3,0,,,,,,,,,L,,,O,OL,true,2010,,F
dataflow,IMF.STA:QNEA(7.0.0),R,HUN,B1GQ,Q,SA,XDC,Q,2017-Q2,8063652861628.4,0,,,,,,,,,L,,,O,OL,true,2010,,F
dataflow,IMF.STA:QNEA(7.0.0),R,HUN,B1GQ,Q,SA,XDC,Q,2017-Q3,8139282936119.8,0,,,,,,,,,L,,,O,OL,true,2010,,F
dataflow,IMF.STA:QNEA(7.0.0),R,HUN,B1GQ,Q,SA,XDC,Q,2017-Q4,8259420216215.8,0,,,,,,,,,L,,,O,OL,true,2010,,F
dataflow,IMF.STA:QNEA(7.0.0),R,HUN,B1GQ,Q,SA,XDC,Q,2018-Q1,8420251752840.4,0,,,,,,,,,L,,,O,OL,true,2010,,F
dataflow,IMF.STA:QNEA(7.0.0),R,HUN,B1GQ,Q,SA,XDC,Q,2018-Q2,8496673320488,0,,,,,,,,,L,,,O,OL,true,2010,,F
dataflow,IMF.STA:QNEA(7.0.0),R,HUN,B1GQ,Q,SA,XDC,Q,2018-Q3,8624345467829.6,0,,,,,,,,,L,,,O,OL,true,2010,,F
dataflow,IMF.STA:QNEA(7.0.0),R,HUN,B1GQ,Q,SA,XDC,Q,2018-Q4,8720222966040.2,0,,,,,,,,,L,,,O,OL,true,2010,,F
dataflow,IMF.STA:QNEA(7.0.0),R,HUN,B1GQ,Q,SA,XDC,Q,2019-Q1,8901601394854.7,0,,,,,,,,,L,,,O,OL,true,2010,,F
dataflow,IMF.STA:QNEA(7.0.0),R,HUN,B1GQ,Q,SA,XDC,Q,2019-Q2,8929045699215.8,0,,,,,,,,,L,,,O,OL,true,2010,,F
dataflow,IMF.STA:QNEA(7.0.0),R,HUN,B1GQ,Q,SA,XDC,Q,2019-Q3,9054682684274.9,0,,,,,,,,,L,,,O,OL,true,2010,,F
dataflow,IMF.STA:QNEA(7.0.0),R,HUN,B1GQ,Q,SA,XDC,Q,2019-Q4,9114954632862.9,0,,,,,,,,,L,,,O,OL,true,2010,,F
dataflow,IMF.STA:QNEA(7.0.0),R,HUN,B1GQ,Q,SA,XDC,Q,2020-Q1,9089882603802,0,,,,,,,,,L,,,O,OL,true,2010,,F
dataflow,IMF.STA:QNEA(7.0.0),R,HUN,B1GQ,Q,SA,XDC,Q,2020-Q2,7769654620894.9,0,,,,,,,,,L,,,O,OL,true,2010,,F
dataflow,IMF.STA:QNEA(7.0.0),R,HUN,B1GQ,Q,SA,XDC,Q,2020-Q3,8683122259638.5,0,,,,,,,,,L,,,O,OL,true,2010,,F
dataflow,IMF.STA:QNEA(7.0.0),R,HUN,B1GQ,Q,SA,XDC,Q,2020-Q4,8840275255321.7,0,,,,,,,,,L,,,O,OL,true,2010,,F
dataflow,IMF.STA:QNEA(7.0.0),R,HUN,B1GQ,Q,SA,XDC,Q,2021-Q1,8953169378639.6,0,,,,,,,,,L,,,O,OL,true,2010,,F
dataflow,IMF.STA:QNEA(7.0.0),R,HUN,B1GQ,Q,SA,XDC,Q,2021-Q2,9147473225484.5,0,,,,,,,,,L,,,O,OL,true,2010,,F
dataflow,IMF.STA:QNEA(7.0.0),R,HUN,B1GQ,Q,SA,XDC,Q,2021-Q3,9257725670098.7,0,,,,,,,,,L,,,O,OL,true,2010,,F
dataflow,IMF.STA:QNEA(7.0.0),R,HUN,B1GQ,Q,SA,XDC,Q,2021-Q4,9494117370140.4,0,,,,,,,,,L,,,O,OL,true,2010,,F
dataflow,IMF.STA:QNEA(7.0.0),R,HUN,B1GQ,Q,SA,XDC,Q,2022-Q1,9608226453965.8,0,,,,,,,,,L,,,O,OL,true,2010,,F
dataflow,IMF.STA:QNEA(7.0.0),R,HUN,B1GQ,Q,SA,XDC,Q,2022-Q2,9693186270253.6,0,,,,,,,,,L,,,O,OL,true,2010,,F
dataflow,IMF.STA:QNEA(7.0.0),R,HUN,B1GQ,Q,SA,XDC,Q,2022-Q3,9584753967481.3,0,,,,,,,,,L,,,O,OL,true,2010,,F
dataflow,IMF.STA:QNEA(7.0.0),R,HUN,B1GQ,Q,SA,XDC,Q,2022-Q4,9501286706856.7,0,,,,,,,,,L,,,O,OL,true,2010,,F
dataflow,IMF.STA:QNEA(7.0.0),R,HUN,B1GQ,Q,SA,XDC,Q,2023-Q1,9464483106533.5,0,,,,,,,,,L,,,O,OL,true,2010,,F
dataflow,IMF.STA:QNEA(7.0.0),R,HUN,B1GQ,Q,SA,XDC,Q,2023-Q2,9468005998570.9,0,,,,,,,,,L,,,O,OL,true,2010,,F
dataflow,IMF.STA:QNEA(7.0.0),R,HUN,B1GQ,Q,SA,XDC,Q,2023-Q3,9598470197783.8,0,,,,,,,,,L,,,O,OL,true,2010,,F
dataflow,IMF.STA:QNEA(7.0.0),R,HUN,B1GQ,Q,SA,XDC,Q,2023-Q4,9600717988781.5,0,,,,,,,,,L,,,O,OL,true,2010,,F
dataflow,IMF.STA:QNEA(7.0.0),R,HUN,B1GQ,Q,SA,XDC,Q,2024-Q1,9619133236125.1,0,,,,,,,,,L,,,O,OL,true,2010,,F
dataflow,IMF.STA:QNEA(7.0.0),R,HUN,B1GQ,Q,SA,XDC,Q,2024-Q2,9603733796613.4,0,,,,,,,,,L,,,O,OL,true,2010,,F
dataflow,IMF.STA:QNEA(7.0.0),R,HUN,B1GQ,Q,SA,XDC,Q,2024-Q3,9578581748103.6,0,,,,,,,,,L,,,O,OL,true,2010,,F
dataflow,IMF.STA:QNEA(7.0.0),R,HUN,B1GQ,Q,SA,XDC,Q,2024-Q4,9607450977459.6,0,,,,,,,,,L,,,O,OL,true,2010,,F
dataflow,IMF.STA:QNEA(7.0.0),R,HUN,B1GQ,Q,SA,XDC,Q,2025-Q1,9591880727942.5,0,,,,,,,,,L,,,O,OL,true,2010,,F
dataflow,IMF.STA:QNEA(7.0.0),R,HUN,B1GQ,Q,SA,XDC,Q,2025-Q2,9644130559737.8,0,,,,,,,,,L,,,O,OL,true,2010,,F
dataflow,IMF.STA:QNEA(7.0.0),R,HUN,B1GQ,Q,SA,XDC,Q,2025-Q3,9659905618063.5,0,,,,,,,,,L,,,O,OL,true,2010,,F
dataflow,IMF.STA:QNEA(7.0.0),R,HUN,B1GQ,Q,SA,XDC,Q,2025-Q4,9679840041365.1,0,,,,,,,,,L,,,O,OL,true,2010,,F
dataflow,IMF.STA:QNEA(7.0.0),R,HUN,B1GQ,Q,SA,XDC,Q,2026-Q1,9759941344603.3,0,,,,,,,,,L,,,O,OL,true,2010,,F
dataflow,IMF.STA:QNEA(7.0.0),R,HUN,B1GQ,Q,SA,XDC,Q,2026-Q2,9808230827666.3,0,,,,,,,,,L,,,O,OL,true,2010,,F
dataflow,IMF.STA:QNEA(7.0.0),R,IDN,B1GQ,Q,SA,XDC,Q,2000-Q1,1012908548900000,0,,,,,,,,,FB,,,O,OL,true,2010,,F
dataflow,IMF.STA:QNEA(7.0.0),R,IDN,B1GQ,Q,SA,XDC,Q,2000-Q2,1007085097400000,0,,,,,,,,,FB,,,O,OL,true,2010,,F
dataflow,IMF.STA:QNEA(7.0.0),R,IDN,B1GQ,Q,SA,XDC,Q,2000-Q3,1031621787400000,0,,,,,,,,,FB,,,O,OL,true,2010,,F
dataflow,IMF.STA:QNEA(7.0.0),R,IDN,B1GQ,Q,SA,XDC,Q,2000-Q4,1061287238500000,0,,,,,,,,,FB,,,O,OL,true,2010,,F
dataflow,IMF.STA:QNEA(7.0.0),R,IDN,B1GQ,Q,SA,XDC,Q,2001-Q1,1053724548700000,0,,,,,,,,,FB,,,O,OL,true,2010,,F
dataflow,IMF.STA:QNEA(7.0.0),R,IDN,B1GQ,Q,SA,XDC,Q,2001-Q2,1064503041700000,0,,,,,,,,,FB,,,O,OL,true,2010,,F
dataflow,IMF.STA:QNEA(7.0.0),R,IDN,B1GQ,Q,SA,XDC,Q,2001-Q3,1064723806500000,0,,,,,,,,,FB,,,O,OL,true,2010,,F
dataflow,IMF.STA:QNEA(7.0.0),R,IDN,B1GQ,Q,SA,XDC,Q,2001-Q4,1079803504200000,0,,,,,,,,,FB,,,O,OL,true,2010,,F
dataflow,IMF.STA:QNEA(7.0.0),R,IDN,B1GQ,Q,SA,XDC,Q,2002-Q1,1092967373400000,0,,,,,,,,,FB,,,O,OL,true,2010,,F
dataflow,IMF.STA:QNEA(7.0.0),R,IDN,B1GQ,Q,SA,XDC,Q,2002-Q2,1107016689400000,0,,,,,,,,,FB,,,O,OL,true,2010,,F
dataflow,IMF.STA:QNEA(7.0.0),R,IDN,B1GQ,Q,SA,XDC,Q,2002-Q3,1121225595600000,0,,,,,,,,,FB,,,O,OL,true,2010,,F
dataflow,IMF.STA:QNEA(7.0.0),R,IDN,B1GQ,Q,SA,XDC,Q,2002-Q4,1133346850700000,0,,,,,,,,,FB,,,O,OL,true,2010,,F
dataflow,IMF.STA:QNEA(7.0.0),R,IDN,B1GQ,Q,SA,XDC,Q,2003-Q1,1148138310800000,0,,,,,,,,,FB,,,O,OL,true,2010,,F
dataflow,IMF.STA:QNEA(7.0.0),R,IDN,B1GQ,Q,SA,XDC,Q,2003-Q2,1161156638700000,0,,,,,,,,,FB,,,O,OL,true,2010,,F
dataflow,IMF.STA:QNEA(7.0.0),R,IDN,B1GQ,Q,SA,XDC,Q,2003-Q3,1173320795600000,0,,,,,,,,,FB,,,O,OL,true,2010,,F
dataflow,IMF.STA:QNEA(7.0.0),R,IDN,B1GQ,Q,SA,XDC,Q,2003-Q4,1184885007800000,0,,,,,,,,,FB,,,O,OL,true,2010,,F
dataflow,IMF.STA:QNEA(7.0.0),R,IDN,B1GQ,Q,SA,XDC,Q,2004-Q1,1198807260600000,0,,,,,,,,,FB,,,O,OL,true,2010,,F
dataflow,IMF.STA:QNEA(7.0.0),R,IDN,B1GQ,Q,SA,XDC,Q,2004-Q2,1213143896800000,0,,,,,,,,,FB,,,O,OL,true,2010,,F
dataflow,IMF.STA:QNEA(7.0.0),R,IDN,B1GQ,Q,SA,XDC,Q,2004-Q3,1227905795300000,0,,,,,,,,,FB,,,O,OL,true,2010,,F
dataflow,IMF.STA:QNEA(7.0.0),R,IDN,B1GQ,Q,SA,XDC,Q,2004-Q4,1262459879800000,0,,,,,,,,,FB,,,O,OL,true,2010,,F
dataflow,IMF.STA:QNEA(7.0.0),R,IDN,B1GQ,Q,SA,XDC,Q,2005-Q1,1272698656900000,0,,,,,,,,,FB,,,O,OL,true,2010,,F
dataflow,IMF.STA:QNEA(7.0.0),R,IDN,B1GQ,Q,SA,XDC,Q,2005-Q2,1287273733300000,0,,,,,,,,,FB,,,O,OL,true,2010,,F
dataflow,IMF.STA:QNEA(7.0.0),R,IDN,B1GQ,Q,SA,XDC,Q,2005-Q3,1301458227900000,0,,,,,,,,,FB,,,O,OL,true,2010,,F
dataflow,IMF.STA:QNEA(7.0.0),R,IDN,B1GQ,Q,SA,XDC,Q,2005-Q4,1319954094900000,0,,,,,,,,,FB,,,O,OL,true,2010,,F
dataflow,IMF.STA:QNEA(7.0.0),R,IDN,B1GQ,Q,SA,XDC,Q,2006-Q1,1337393578300000,0,,,,,,,,,FB,,,O,OL,true,2010,,F
dataflow,IMF.STA:QNEA(7.0.0),R,IDN,B1GQ,Q,SA,XDC,Q,2006-Q2,1354469278200000,0,,,,,,,,,FB,,,O,OL,true,2010,,F
dataflow,IMF.STA:QNEA(7.0.0),R,IDN,B1GQ,Q,SA,XDC,Q,2006-Q3,1376301897300000,0,,,,,,,,,FB,,,O,OL,true,2010,,F
dataflow,IMF.STA:QNEA(7.0.0),R,IDN,B1GQ,Q,SA,XDC,Q,2006-Q4,1398245434200000,0,,,,,,,,,FB,,,O,OL,true,2010,,F
dataflow,IMF.STA:QNEA(7.0.0),R,IDN,B1GQ,Q,SA,XDC,Q,2007-Q1,1420985934200000,0,,,,,,,,,FB,,,O,OL,true,2010,,F
dataflow,IMF.STA:QNEA(7.0.0),R,IDN,B1GQ,Q,SA,XDC,Q,2007-Q2,1444669538600000,0,,,,,,,,,FB,,,O,OL,true,2010,,F
dataflow,IMF.STA:QNEA(7.0.0),R,IDN,B1GQ,Q,SA,XDC,Q,2007-Q3,1467445669000000,0,,,,,,,,,FB,,,O,OL,true,2010,,F
dataflow,IMF.STA:QNEA(7.0.0),R,IDN,B1GQ,Q,SA,XDC,Q,2007-Q4,1480153989000000,0,,,,,,,,,FB,,,O,OL,true,2010,,F
dataflow,IMF.STA:QNEA(7.0.0),R,IDN,B1GQ,Q,SA,XDC,Q,2008-Q1,1514933643400000,0,,,,,,,,,FB,,,O,OL,true,2010,,F
dataflow,IMF.STA:QNEA(7.0.0),R,IDN,B1GQ,Q,SA,XDC,Q,2008-Q2,1531400537600000,0,,,,,,,,,FB,,,O,OL,true,2010,,F
dataflow,IMF.STA:QNEA(7.0.0),R,IDN,B1GQ,Q,SA,XDC,Q,2008-Q3,1549785685500000,0,,,,,,,,,FB,,,O,OL,true,2010,,F
dataflow,IMF.STA:QNEA(7.0.0),R,IDN,B1GQ,Q,SA,XDC,Q,2008-Q4,1566727133500000,0,,,,,,,,,FB,,,O,OL,true,2010,,F
dataflow,IMF.STA:QNEA(7.0.0),R,IDN,B1GQ,Q,SA,XDC,Q,2009-Q1,1586304282800000,0,,,,,,,,,FB,,,O,OL,true,2010,,F
dataflow,IMF.STA:QNEA(7.0.0),R,IDN,B1GQ,Q,SA,XDC,Q,2009-Q2,1596068769200000,0,,,,,,,,,FB,,,O,OL,true,2010,,F
dataflow,IMF.STA:QNEA(7.0.0),R,IDN,B1GQ,Q,SA,XDC,Q,2009-Q3,1621368209100000,0,,,,,,,,,FB,,,O,OL,true,2010,,F
dataflow,IMF.STA:QNEA(7.0.0),R,IDN,B1GQ,Q,SA,XDC,Q,2009-Q4,1648868538900000,0,,,,,,,,,FB,,,O,OL,true,2010,,F
dataflow,IMF.STA:QNEA(7.0.0),R,IDN,B1GQ,Q,SA,XDC,Q,2010-Q1,1675729358600000,0,,,,,,,,,FB,,,O,OL,true,2010,,F
dataflow,IMF.STA:QNEA(7.0.0),R,IDN,B1GQ,Q,SA,XDC,Q,2010-Q2,1703016211700000,0,,,,,,,,,FB,,,O,OL,true,2010,,F
dataflow,IMF.STA:QNEA(7.0.0),R,IDN,B1GQ,Q,SA,XDC,Q,2010-Q3,1729238823300000,0,,,,,,,,,FB,,,O,OL,true,2010,,F
dataflow,IMF.STA:QNEA(7.0.0),R,IDN,B1GQ,Q,SA,XDC,Q,2010-Q4,1756148706400000,0,,,,,,,,,FB,,,O,OL,true,2010,,F
dataflow,IMF.STA:QNEA(7.0.0),R,IDN,B1GQ,Q,SA,XDC,Q,2011-Q1,1781797402400000,0,,,,,,,,,FB,,,O,OL,true,2010,,F
dataflow,IMF.STA:QNEA(7.0.0),R,IDN,B1GQ,Q,SA,XDC,Q,2011-Q2,1808122322600000,0,,,,,,,,,FB,,,O,OL,true,2010,,F
dataflow,IMF.STA:QNEA(7.0.0),R,IDN,B1GQ,Q,SA,XDC,Q,2011-Q3,1835487365600000,0,,,,,,,,,FB,,,O,OL,true,2010,,F
dataflow,IMF.STA:QNEA(7.0.0),R,IDN,B1GQ,Q,SA,XDC,Q,2011-Q4,1862228209400000,0,,,,,,,,,FB,,,O,OL,true,2010,,F
dataflow,IMF.STA:QNEA(7.0.0),R,IDN,B1GQ,Q,SA,XDC,Q,2012-Q1,1890643960800000,0,,,,,,,,,FB,,,O,OL,true,2010,,F
dataflow,IMF.STA:QNEA(7.0.0),R,IDN,B1GQ,Q,SA,XDC,Q,2012-Q2,1918075066100000,0,,,,,,,,,FB,,,O,OL,true,2010,,F
dataflow,IMF.STA:QNEA(7.0.0),R,IDN,B1GQ,Q,SA,XDC,Q,2012-Q3,1945585625300000,0,,,,,,,,,FB,,,O,OL,true,2010,,F
dataflow,IMF.STA:QNEA(7.0.0),R,IDN,B1GQ,Q,SA,XDC,Q,2012-Q4,1972778747800000,0,,,,,,,,,FB,,,O,OL,true,2010,,F
dataflow,IMF.STA:QNEA(7.0.0),R,IDN,B1GQ,Q,SA,XDC,Q,2013-Q1,1999557073600000,0,,,,,,,,,FB,,,O,OL,true,2010,,F
dataflow,IMF.STA:QNEA(7.0.0),R,IDN,B1GQ,Q,SA,XDC,Q,2013-Q2,2026301967200000,0,,,,,,,,,FB,,,O,OL,true,2010,,F
dataflow,IMF.STA:QNEA(7.0.0),R,IDN,B1GQ,Q,SA,XDC,Q,2013-Q3,2052173455900000,0,,,,,,,,,FB,,,O,OL,true,2010,,F
dataflow,IMF.STA:QNEA(7.0.0),R,IDN,B1GQ,Q,SA,XDC,Q,2013-Q4,2078465303200000,0,,,,,,,,,FB,,,O,OL,true,2010,,F
dataflow,IMF.STA:QNEA(7.0.0),R,IDN,B1GQ,Q,SA,XDC,Q,2014-Q1,2103432607600000,0,,,,,,,,,FB,,,O,OL,true,2010,,F
dataflow,IMF.STA:QNEA(7.0.0),R,IDN,B1GQ,Q,SA,XDC,Q,2014-Q2,2128799176200000,0,,,,,,,,,FB,,,O,OL,true,2010,,F
dataflow,IMF.STA:QNEA(7.0.0),R,IDN,B1GQ,Q,SA,XDC,Q,2014-Q3,2154100635900000,0,,,,,,,,,FB,,,O,OL,true,2010,,F
dataflow,IMF.STA:QNEA(7.0.0),R,IDN,B1GQ,Q,SA,XDC,Q,2014-Q4,2178534180300000,0,,,,,,,,,FB,,,O,OL,true,2010,,F
dataflow,IMF.STA:QNEA(7.0.0),R,IDN,B1GQ,Q,SA,XDC,Q,2015-Q1,2205416638200000,0,,,,,,,,,FB,,,O,OL,true,2010,,F
dataflow,IMF.STA:QNEA(7.0.0),R,IDN,B1GQ,Q,SA,XDC,Q,2015-Q2,2230956376700000,0,,,,,,,,,FB,,,O,OL,true,2010,,F
dataflow,IMF.STA:QNEA(7.0.0),R,IDN,B1GQ,Q,SA,XDC,Q,2015-Q3,2258503662100000,0,,,,,,,,,FB,,,O,OL,true,2010,,F
dataflow,IMF.STA:QNEA(7.0.0),R,IDN,B1GQ,Q,SA,XDC,Q,2015-Q4,2287640423000000,0,,,,,,,,,FB,,,O,OL,true,2010,,F
dataflow,IMF.STA:QNEA(7.0.0),R,IDN,B1GQ,Q,SA,XDC,Q,2016-Q1,2314549578200000,0,,,,,,,,,FB,,,O,OL,true,2010,,F
dataflow,IMF.STA:QNEA(7.0.0),R,IDN,B1GQ,Q,SA,XDC,Q,2016-Q2,2344887273900000,0,,,,,,,,,FB,,,O,OL,true,2010,,F
dataflow,IMF.STA:QNEA(7.0.0),R,IDN,B1GQ,Q,SA,XDC,Q,2016-Q3,2373241838300000,0,,,,,,,,,FB,,,O,OL,true,2010,,F
dataflow,IMF.STA:QNEA(7.0.0),R,IDN,B1GQ,Q,SA,XDC,Q,2016-Q4,2401934709700000,0,,,,,,,,,FB,,,O,OL,true,2010,,F
dataflow,IMF.STA:QNEA(7.0.0),R,IDN,B1GQ,Q,SA,XDC,Q,2017-Q1,2432850250400000,0,,,,,,,,,FB,,,O,OL,true,2010,,F
dataflow,IMF.STA:QNEA(7.0.0),R,IDN,B1GQ,Q,SA,XDC,Q,2017-Q2,2461907988000000,0,,,,,,,,,FB,,,O,OL,true,2010,,F
dataflow,IMF.STA:QNEA(7.0.0),R,IDN,B1GQ,Q,SA,XDC,Q,2017-Q3,2493277572100000,0,,,,,,,,,FB,,,O,OL,true,2010,,F
dataflow,IMF.STA:QNEA(7.0.0),R,IDN,B1GQ,Q,SA,XDC,Q,2017-Q4,2524892289500000,0,,,,,,,,,FB,,,O,OL,true,2010,,F
dataflow,IMF.STA:QNEA(7.0.0),R,IDN,B1GQ,Q,SA,XDC,Q,2018-Q1,2556173508400000,0,,,,,,,,,FB,,,O,OL,true,2010,,F
dataflow,IMF.STA:QNEA(7.0.0),R,IDN,B1GQ,Q,SA,XDC,Q,2018-Q2,2589416665200000,0,,,,,,,,,FB,,,O,OL,true,2010,,F
dataflow,IMF.STA:QNEA(7.0.0),R,IDN,B1GQ,Q,SA,XDC,Q,2018-Q3,2623185210100000,0,,,,,,,,,FB,,,O,OL,true,2010,,F
dataflow,IMF.STA:QNEA(7.0.0),R,IDN,B1GQ,Q,SA,XDC,Q,2018-Q4,2657076516400000,0,,,,,,,,,FB,,,O,OL,true,2010,,F
dataflow,IMF.STA:QNEA(7.0.0),R,IDN,B1GQ,Q,SA,XDC,Q,2019-Q1,2691386045100000,0,,,,,,,,,FB,,,O,OL,true,2010,,F
dataflow,IMF.STA:QNEA(7.0.0),R,IDN,B1GQ,Q,SA,XDC,Q,2019-Q2,2725162727000000,0,,,,,,,,,FB,,,O,OL,true,2010,,F
dataflow,IMF.STA:QNEA(7.0.0),R,IDN,B1GQ,Q,SA,XDC,Q,2019-Q3,2753158749700000,0,,,,,,,,,FB,,,O,OL,true,2010,,F
dataflow,IMF.STA:QNEA(7.0.0),R,IDN,B1GQ,Q,SA,XDC,Q,2019-Q4,2779447878200000,0,,,,,,,,,FB,,,O,OL,true,2010,,F
dataflow,IMF.STA:QNEA(7.0.0),R,IDN,B1GQ,Q,SA,XDC,Q,2020-Q1,2770951266700000,0,,,,,,,,,FB,,,O,OL,true,2010,,F
dataflow,IMF.STA:QNEA(7.0.0),R,IDN,B1GQ,Q,SA,XDC,Q,2020-Q2,2589449766300000,0,,,,,,,,,FB,,,O,OL,true,2010,,F
dataflow,IMF.STA:QNEA(7.0.0),R,IDN,B1GQ,Q,SA,XDC,Q,2020-Q3,2658314877100000,0,,,,,,,,,FB,,,O,OL,true,2010,,F
dataflow,IMF.STA:QNEA(7.0.0),R,IDN,B1GQ,Q,SA,XDC,Q,2020-Q4,2704283389900000,0,,,,,,,,,FB,,,O,OL,true,2010,,F
dataflow,IMF.STA:QNEA(7.0.0),R,IDN,B1GQ,Q,SA,XDC,Q,2021-Q1,2742392891300000,0,,,,,,,,,FB,,,O,OL,true,2010,,F
dataflow,IMF.STA:QNEA(7.0.0),R,IDN,B1GQ,Q,SA,XDC,Q,2021-Q2,2772234253500000,0,,,,,,,,,FB,,,O,OL,true,2010,,F
dataflow,IMF.STA:QNEA(7.0.0),R,IDN,B1GQ,Q,SA,XDC,Q,2021-Q3,2768518230800000,0,,,,,,,,,FB,,,O,OL,true,2010,,F
dataflow,IMF.STA:QNEA(7.0.0),R,IDN,B1GQ,Q,SA,XDC,Q,2021-Q4,2836914324400000,0,,,,,,,,,FB,,,O,OL,true,2010,,F
dataflow,IMF.STA:QNEA(7.0.0),R,IDN,B1GQ,Q,SA,XDC,Q,2022-Q1,2871816357500000,0,,,,,,,,,FB,,,O,OL,true,2010,,F
dataflow,IMF.STA:QNEA(7.0.0),R,IDN,B1GQ,Q,SA,XDC,Q,2022-Q2,2910423300800000,0,,,,,,,,,FB,,,O,OL,true,2010,,F
dataflow,IMF.STA:QNEA(7.0.0),R,IDN,B1GQ,Q,SA,XDC,Q,2022-Q3,2944122507400000,0,,,,,,,,,FB,,,O,OL,true,2010,,F
dataflow,IMF.STA:QNEA(7.0.0),R,IDN,B1GQ,Q,SA,XDC,Q,2022-Q4,2983861034200000,0,,,,,,,,,FB,,,O,OL,true,2010,,F
dataflow,IMF.STA:QNEA(7.0.0),R,IDN,B1GQ,Q,SA,XDC,Q,2023-Q1,3018535610400000,0,,,,,,,,,FB,,,O,OL,true,2010,,F
dataflow,IMF.STA:QNEA(7.0.0),R,IDN,B1GQ,Q,SA,XDC,Q,2023-Q2,3056622583000000,0,,,,,,,,,FB,,,O,OL,true,2010,,F
dataflow,IMF.STA:QNEA(7.0.0),R,IDN,B1GQ,Q,SA,XDC,Q,2023-Q3,3094438639800000,0,,,,,,,,,FB,,,O,OL,true,2010,,F
dataflow,IMF.STA:QNEA(7.0.0),R,IDN,B1GQ,Q,SA,XDC,Q,2023-Q4,3131855766800000,0,,,,,,,,,FB,,,O,OL,true,2010,,F
dataflow,IMF.STA:QNEA(7.0.0),R,IDN,B1GQ,Q,SA,XDC,Q,2024-Q1,3172237319800000,0,,,,,,,,,FB,,,O,OL,true,2010,,F
dataflow,IMF.STA:QNEA(7.0.0),R,IDN,B1GQ,Q,SA,XDC,Q,2024-Q2,3209233152600000,0,,,,,,,,,FB,,,O,OL,true,2010,,F
dataflow,IMF.STA:QNEA(7.0.0),R,IDN,B1GQ,Q,SA,XDC,Q,2024-Q3,3249463687200000,0,,,,,,,,,FB,,,O,OL,true,2010,,F
dataflow,IMF.STA:QNEA(7.0.0),R,IDN,B1GQ,Q,SA,XDC,Q,2024-Q4,3289598240400000,0,,,,,,,,,FB,,,O,OL,true,2010,,F
dataflow,IMF.STA:QNEA(7.0.0),R,IDN,B1GQ,Q,SA,XDC,Q,2025-Q1,3328852523200000,0,,,,,,,,,FB,,,O,OL,true,2010,,F
dataflow,IMF.STA:QNEA(7.0.0),R,IDN,B1GQ,Q,SA,XDC,Q,2025-Q2,3373876630100000,0,,,,,,,,,FB,,,O,OL,true,2010,,F
dataflow,IMF.STA:QNEA(7.0.0),R,IDN,B1GQ,Q,SA,XDC,Q,2025-Q3,3416110039800000,0,,,,,,,,,FB,,,O,OL,true,2010,,F
dataflow,IMF.STA:QNEA(7.0.0),R,IDN,B1GQ,Q,SA,XDC,Q,2025-Q4,3461685506900000,0,,,,,,,,,FB,,,O,OL,true,2010,,F
dataflow,IMF.STA:QNEA(7.0.0),R,IDN,B1GQ,Q,SA,XDC,Q,2026-Q1,3507876637500000,0,,,,,,,,,FB,,,O,OL,true,2010,,F
dataflow,IMF.STA:QNEA(7.0.0),R,IDN,B1GQ,Q,SA,XDC,Q,2026-Q2,3552669948800000,0,,,,,,,,,FB,,,O,OL,true,2010,,F
dataflow,IMF.STA:QNEA(7.0.0),R,IND,B1GQ,Q,SA,XDC,Q,2004-Q2,19564791200000,0,,,,,,,,,FB,,,O,OL,true,2022-2023,,F
dataflow,IMF.STA:QNEA(7.0.0),R,IND,B1GQ,Q,SA,XDC,Q,2004-Q3,20025531200000,0,,,,,,,,,FB,,,O,OL,true,2022-2023,,F
dataflow,IMF.STA:QNEA(7.0.0),R,IND,B1GQ,Q,SA,XDC,Q,2004-Q4,20451659900000,0,,,,,,,,,FB,,,O,OL,true,2022-2023,,F
dataflow,IMF.STA:QNEA(7.0.0),R,IND,B1GQ,Q,SA,XDC,Q,2005-Q1,20852072200000,0,,,,,,,,,FB,,,O,OL,true,2022-2023,,F
dataflow,IMF.STA:QNEA(7.0.0),R,IND,B1GQ,Q,SA,XDC,Q,2005-Q2,21448464600000,0,,,,,,,,,FB,,,O,OL,true,2022-2023,,F
dataflow,IMF.STA:QNEA(7.0.0),R,IND,B1GQ,Q,SA,XDC,Q,2005-Q3,21777835500000,0,,,,,,,,,FB,,,O,OL,true,2022-2023,,F
dataflow,IMF.STA:QNEA(7.0.0),R,IND,B1GQ,Q,SA,XDC,Q,2005-Q4,22317693900000,0,,,,,,,,,FB,,,O,OL,true,2022-2023,,F
dataflow,IMF.STA:QNEA(7.0.0),R,IND,B1GQ,Q,SA,XDC,Q,2006-Q1,22860993000000,0,,,,,,,,,FB,,,O,OL,true,2022-2023,,F
dataflow,IMF.STA:QNEA(7.0.0),R,IND,B1GQ,Q,SA,XDC,Q,2006-Q2,23190107200000,0,,,,,,,,,FB,,,O,OL,true,2022-2023,,F
dataflow,IMF.STA:QNEA(7.0.0),R,IND,B1GQ,Q,SA,XDC,Q,2006-Q3,23899788800000,0,,,,,,,,,FB,,,O,OL,true,2022-2023,,F
dataflow,IMF.STA:QNEA(7.0.0),R,IND,B1GQ,Q,SA,XDC,Q,2006-Q4,24479026900000,0,,,,,,,,,FB,,,O,OL,true,2022-2023,,F
dataflow,IMF.STA:QNEA(7.0.0),R,IND,B1GQ,Q,SA,XDC,Q,2007-Q1,25025853200000,0,,,,,,,,,FB,,,O,OL,true,2022-2023,,F
dataflow,IMF.STA:QNEA(7.0.0),R,IND,B1GQ,Q,SA,XDC,Q,2007-Q2,25558067200000,0,,,,,,,,,FB,,,O,OL,true,2022-2023,,F
dataflow,IMF.STA:QNEA(7.0.0),R,IND,B1GQ,Q,SA,XDC,Q,2007-Q3,25969738100000,0,,,,,,,,,FB,,,O,OL,true,2022-2023,,F
dataflow,IMF.STA:QNEA(7.0.0),R,IND,B1GQ,Q,SA,XDC,Q,2007-Q4,27262528600000,0,,,,,,,,,FB,,,O,OL,true,2022-2023,,F
dataflow,IMF.STA:QNEA(7.0.0),R,IND,B1GQ,Q,SA,XDC,Q,2008-Q1,27272035000000,0,,,,,,,,,FB,,,O,OL,true,2022-2023,,F
dataflow,IMF.STA:QNEA(7.0.0),R,IND,B1GQ,Q,SA,XDC,Q,2008-Q2,27440566500000,0,,,,,,,,,FB,,,O,OL,true,2022-2023,,F
dataflow,IMF.STA:QNEA(7.0.0),R,IND,B1GQ,Q,SA,XDC,Q,2008-Q3,27592832600000,0,,,,,,,,,FB,,,O,OL,true,2022-2023,,F
dataflow,IMF.STA:QNEA(7.0.0),R,IND,B1GQ,Q,SA,XDC,Q,2008-Q4,27832757900000,0,,,,,,,,,FB,,,O,OL,true,2022-2023,,F
dataflow,IMF.STA:QNEA(7.0.0),R,IND,B1GQ,Q,SA,XDC,Q,2009-Q1,27323047800000,0,,,,,,,,,FB,,,O,OL,true,2022-2023,,F
dataflow,IMF.STA:QNEA(7.0.0),R,IND,B1GQ,Q,SA,XDC,Q,2009-Q2,28821387400000,0,,,,,,,,,FB,,,O,OL,true,2022-2023,,F
dataflow,IMF.STA:QNEA(7.0.0),R,IND,B1GQ,Q,SA,XDC,Q,2009-Q3,29542910700000,0,,,,,,,,,FB,,,O,OL,true,2022-2023,,F
dataflow,IMF.STA:QNEA(7.0.0),R,IND,B1GQ,Q,SA,XDC,Q,2009-Q4,30197294100000,0,,,,,,,,,FB,,,O,OL,true,2022-2023,,F
dataflow,IMF.STA:QNEA(7.0.0),R,IND,B1GQ,Q,SA,XDC,Q,2010-Q1,30971490500000,0,,,,,,,,,FB,,,O,OL,true,2022-2023,,F
dataflow,IMF.STA:QNEA(7.0.0),R,IND,B1GQ,Q,SA,XDC,Q,2010-Q2,31761370000000,0,,,,,,,,,FB,,,O,OL,true,2022-2023,,F
dataflow,IMF.STA:QNEA(7.0.0),R,IND,B1GQ,Q,SA,XDC,Q,2010-Q3,32517499500000,0,,,,,,,,,FB,,,O,OL,true,2022-2023,,F
dataflow,IMF.STA:QNEA(7.0.0),R,IND,B1GQ,Q,SA,XDC,Q,2010-Q4,33386510400000,0,,,,,,,,,FB,,,O,OL,true,2022-2023,,F
dataflow,IMF.STA:QNEA(7.0.0),R,IND,B1GQ,Q,SA,XDC,Q,2011-Q1,34131632100000,0,,,,,,,,,FB,,,O,OL,true,2022-2023,,F
dataflow,IMF.STA:QNEA(7.0.0),R,IND,B1GQ,Q,SA,XDC,Q,2011-Q2,34734931300000,0,,,,,,,,,FB,,,O,OL,true,2022-2023,,F
dataflow,IMF.STA:QNEA(7.0.0),R,IND,B1GQ,Q,SA,XDC,Q,2011-Q3,34207478500000,0,,,,,,,,,FB,,,O,OL,true,2022-2023,,F
dataflow,IMF.STA:QNEA(7.0.0),R,IND,B1GQ,Q,SA,XDC,Q,2011-Q4,34886166600000,0,,,,,,,,,FB,,,O,OL,true,2022-2023,,F
dataflow,IMF.STA:QNEA(7.0.0),R,IND,B1GQ,Q,SA,XDC,Q,2012-Q1,35506273600000,0,,,,,,,,,FB,,,O,OL,true,2022-2023,,F
dataflow,IMF.STA:QNEA(7.0.0),R,IND,B1GQ,Q,SA,XDC,Q,2012-Q2,36027404300000,0,,,,,,,,,FB,,,O,OL,true,2022-2023,,F
dataflow,IMF.STA:QNEA(7.0.0),R,IND,B1GQ,Q,SA,XDC,Q,2012-Q3,36462447100000,0,,,,,,,,,FB,,,O,OL,true,2022-2023,,F
dataflow,IMF.STA:QNEA(7.0.0),R,IND,B1GQ,Q,SA,XDC,Q,2012-Q4,36933708200000,0,,,,,,,,,FB,,,O,OL,true,2022-2023,,F
dataflow,IMF.STA:QNEA(7.0.0),R,IND,B1GQ,Q,SA,XDC,Q,2013-Q1,37513952300000,0,,,,,,,,,FB,,,O,OL,true,2022-2023,,F
dataflow,IMF.STA:QNEA(7.0.0),R,IND,B1GQ,Q,SA,XDC,Q,2013-Q2,38071705500000,0,,,,,,,,,FB,,,O,OL,true,2022-2023,,F
dataflow,IMF.STA:QNEA(7.0.0),R,IND,B1GQ,Q,SA,XDC,Q,2013-Q3,38708407900000,0,,,,,,,,,FB,,,O,OL,true,2022-2023,,F
dataflow,IMF.STA:QNEA(7.0.0),R,IND,B1GQ,Q,SA,XDC,Q,2013-Q4,39518142700000,0,,,,,,,,,FB,,,O,OL,true,2022-2023,,F
dataflow,IMF.STA:QNEA(7.0.0),R,IND,B1GQ,Q,SA,XDC,Q,2014-Q1,40022819200000,0,,,,,,,,,FB,,,O,OL,true,2022-2023,,F
dataflow,IMF.STA:QNEA(7.0.0),R,IND,B1GQ,Q,SA,XDC,Q,2014-Q2,40912997300000,0,,,,,,,,,FB,,,O,OL,true,2022-2023,,F
dataflow,IMF.STA:QNEA(7.0.0),R,IND,B1GQ,Q,SA,XDC,Q,2014-Q3,41670602800000,0,,,,,,,,,FB,,,O,OL,true,2022-2023,,F
dataflow,IMF.STA:QNEA(7.0.0),R,IND,B1GQ,Q,SA,XDC,Q,2014-Q4,42288795400000,0,,,,,,,,,FB,,,O,OL,true,2022-2023,,F
dataflow,IMF.STA:QNEA(7.0.0),R,IND,B1GQ,Q,SA,XDC,Q,2015-Q1,43032404400000,0,,,,,,,,,FB,,,O,OL,true,2022-2023,,F
dataflow,IMF.STA:QNEA(7.0.0),R,IND,B1GQ,Q,SA,XDC,Q,2015-Q2,43934274100000,0,,,,,,,,,FB,,,O,OL,true,2022-2023,,F
dataflow,IMF.STA:QNEA(7.0.0),R,IND,B1GQ,Q,SA,XDC,Q,2015-Q3,44761996100000,0,,,,,,,,,FB,,,O,OL,true,2022-2023,,F
dataflow,IMF.STA:QNEA(7.0.0),R,IND,B1GQ,Q,SA,XDC,Q,2015-Q4,45677929700000,0,,,,,,,,,FB,,,O,OL,true,2022-2023,,F
dataflow,IMF.STA:QNEA(7.0.0),R,IND,B1GQ,Q,SA,XDC,Q,2016-Q1,46956678500000,0,,,,,,,,,FB,,,O,OL,true,2022-2023,,F
dataflow,IMF.STA:QNEA(7.0.0),R,IND,B1GQ,Q,SA,XDC,Q,2016-Q2,47837532000000,0,,,,,,,,,FB,,,O,OL,true,2022-2023,,F
dataflow,IMF.STA:QNEA(7.0.0),R,IND,B1GQ,Q,SA,XDC,Q,2016-Q3,48900990700000,0,,,,,,,,,FB,,,O,OL,true,2022-2023,,F
dataflow,IMF.STA:QNEA(7.0.0),R,IND,B1GQ,Q,SA,XDC,Q,2016-Q4,49561163600000,0,,,,,,,,,FB,,,O,OL,true,2022-2023,,F
dataflow,IMF.STA:QNEA(7.0.0),R,IND,B1GQ,Q,SA,XDC,Q,2017-Q1,50002465300000,0,,,,,,,,,FB,,,O,OL,true,2022-2023,,F
dataflow,IMF.STA:QNEA(7.0.0),R,IND,B1GQ,Q,SA,XDC,Q,2017-Q2,50980952400000,0,,,,,,,,,FB,,,O,OL,true,2022-2023,,F
dataflow,IMF.STA:QNEA(7.0.0),R,IND,B1GQ,Q,SA,XDC,Q,2017-Q3,51847169100000,0,,,,,,,,,FB,,,O,OL,true,2022-2023,,F
dataflow,IMF.STA:QNEA(7.0.0),R,IND,B1GQ,Q,SA,XDC,Q,2017-Q4,52848181900000,0,,,,,,,,,FB,,,O,OL,true,2022-2023,,F
dataflow,IMF.STA:QNEA(7.0.0),R,IND,B1GQ,Q,SA,XDC,Q,2018-Q1,53965321000000,0,,,,,,,,,FB,,,O,OL,true,2022-2023,,F
dataflow,IMF.STA:QNEA(7.0.0),R,IND,B1GQ,Q,SA,XDC,Q,2018-Q2,54689897500000,0,,,,,,,,,FB,,,O,OL,true,2022-2023,,F
dataflow,IMF.STA:QNEA(7.0.0),R,IND,B1GQ,Q,SA,XDC,Q,2018-Q3,55433296800000,0,,,,,,,,,FB,,,O,OL,true,2022-2023,,F
dataflow,IMF.STA:QNEA(7.0.0),R,IND,B1GQ,Q,SA,XDC,Q,2018-Q4,56224144200000,0,,,,,,,,,FB,,,O,OL,true,2022-2023,,F
dataflow,IMF.STA:QNEA(7.0.0),R,IND,B1GQ,Q,SA,XDC,Q,2019-Q1,56824282900000,0,,,,,,,,,FB,,,O,OL,true,2022-2023,,F
dataflow,IMF.STA:QNEA(7.0.0),R,IND,B1GQ,Q,SA,XDC,Q,2019-Q2,57443390000000,0,,,,,,,,,FB,,,O,OL,true,2022-2023,,F
dataflow,IMF.STA:QNEA(7.0.0),R,IND,B1GQ,Q,SA,XDC,Q,2019-Q3,57941987800000,0,,,,,,,,,FB,,,O,OL,true,2022-2023,,F
dataflow,IMF.STA:QNEA(7.0.0),R,IND,B1GQ,Q,SA,XDC,Q,2019-Q4,58122590300000,0,,,,,,,,,FB,,,O,OL,true,2022-2023,,F
dataflow,IMF.STA:QNEA(7.0.0),R,IND,B1GQ,Q,SA,XDC,Q,2020-Q1,58303566700000,0,,,,,,,,,FB,,,O,OL,true,2022-2023,,F
dataflow,IMF.STA:QNEA(7.0.0),R,IND,B1GQ,Q,SA,XDC,Q,2020-Q2,44300354900000,0,,,,,,,,,FB,,,O,OL,true,2022-2023,,F
dataflow,IMF.STA:QNEA(7.0.0),R,IND,B1GQ,Q,SA,XDC,Q,2020-Q3,55069191200000,0,,,,,,,,,FB,,,O,OL,true,2022-2023,,F
dataflow,IMF.STA:QNEA(7.0.0),R,IND,B1GQ,Q,SA,XDC,Q,2020-Q4,59131754200000,0,,,,,,,,,FB,,,O,OL,true,2022-2023,,F
dataflow,IMF.STA:QNEA(7.0.0),R,IND,B1GQ,Q,SA,XDC,Q,2021-Q1,59916799100000,0,,,,,,,,,FB,,,O,OL,true,2022-2023,,F
dataflow,IMF.STA:QNEA(7.0.0),R,IND,B1GQ,Q,SA,XDC,Q,2021-Q2,54514757100000,0,,,,,,,,,FB,,,O,OL,true,2022-2023,,F
dataflow,IMF.STA:QNEA(7.0.0),R,IND,B1GQ,Q,SA,XDC,Q,2021-Q3,61156559000000,0,,,,,,,,,FB,,,O,OL,true,2022-2023,,F
dataflow,IMF.STA:QNEA(7.0.0),R,IND,B1GQ,Q,SA,XDC,Q,2021-Q4,61619703400000,0,,,,,,,,,FB,,,O,OL,true,2022-2023,,F
dataflow,IMF.STA:QNEA(7.0.0),R,IND,B1GQ,Q,SA,XDC,Q,2022-Q1,62290908800000,0,,,,,,,,,FB,,,O,OL,true,2022-2023,,F
dataflow,IMF.STA:QNEA(7.0.0),R,IND,B1GQ,Q,SA,XDC,Q,2022-Q2,63395960000000,0,,,,,,,,,FB,,,O,OL,true,2022-2023,,F
dataflow,IMF.STA:QNEA(7.0.0),R,IND,B1GQ,Q,SA,XDC,Q,2022-Q3,64190444700000,0,,,,,,,,,FB,,,O,OL,true,2022-2023,,F
dataflow,IMF.STA:QNEA(7.0.0),R,IND,B1GQ,Q,SA,XDC,Q,2022-Q4,67044975400000,0,,,,,,,,,FB,,,O,OL,true,2022-2023,,F
dataflow,IMF.STA:QNEA(7.0.0),R,IND,B1GQ,Q,SA,XDC,Q,2023-Q1,67138629900000,0,,,,,,,,,FB,,,O,OL,true,2022-2023,,F
dataflow,IMF.STA:QNEA(7.0.0),R,IND,B1GQ,Q,SA,XDC,Q,2023-Q2,68121315000000,0,,,,,,,,,FB,,,O,OL,true,2022-2023,,F
dataflow,IMF.STA:QNEA(7.0.0),R,IND,B1GQ,Q,SA,XDC,Q,2023-Q3,69535748300000,0,,,,,,,,,FB,,,O,OL,true,2022-2023,,F
dataflow,IMF.STA:QNEA(7.0.0),R,IND,B1GQ,Q,SA,XDC,Q,2023-Q4,71119601000000,0,,,,,,,,,FB,,,O,OL,true,2022-2023,,F
dataflow,IMF.STA:QNEA(7.0.0),R,IND,B1GQ,Q,SA,XDC,Q,2024-Q1,72166905700000,0,,,,,,,,,FB,,,O,OL,true,2022-2023,,F
dataflow,IMF.STA:QNEA(7.0.0),R,IND,B1GQ,Q,SA,XDC,Q,2024-Q2,73452585300000,0,,,,,,,,,FB,,,O,OL,true,2022-2023,,F
dataflow,IMF.STA:QNEA(7.0.0),R,IND,B1GQ,Q,SA,XDC,Q,2024-Q3,74556036400000,0,,,,,,,,,FB,,,O,OL,true,2022-2023,,F
dataflow,IMF.STA:QNEA(7.0.0),R,IND,B1GQ,Q,SA,XDC,Q,2024-Q4,75997760700000,0,,,,,,,,,FB,,,O,OL,true,2022-2023,,F
dataflow,IMF.STA:QNEA(7.0.0),R,IND,B1GQ,Q,SA,XDC,Q,2025-Q1,77147897700000,0,,,,,,,,,FB,,,O,OL,true,2022-2023,,F
dataflow,IMF.STA:QNEA(7.0.0),R,IND,B1GQ,Q,SA,XDC,Q,2025-Q2,78749360300000,0,,,,,,,,,FB,,,O,OL,true,2022-2023,,F
dataflow,IMF.STA:QNEA(7.0.0),R,IND,B1GQ,Q,SA,XDC,Q,2025-Q3,80423610100000,0,,,,,,,,,FB,,,O,OL,true,2022-2023,,F
dataflow,IMF.STA:QNEA(7.0.0),R,IND,B1GQ,Q,SA,XDC,Q,2025-Q4,81897127800000,0,,,,,,,,,FB,,,O,OL,true,2022-2023,,F
dataflow,IMF.STA:QNEA(7.0.0),R,IND,B1GQ,Q,SA,XDC,Q,2026-Q1,83630901800000,0,,,,,,,,,FB,,,O,OL,true,2022-2023,,F
dataflow,IMF.STA:QNEA(7.0.0),R,IND,B1GQ,Q,SA,XDC,Q,2026-Q2,85126612600000,0,,,,,,,,,FB,,,O,OL,true,2022-2023,,F
dataflow,IMF.STA:QNEA(7.0.0),R,IRL,B1GQ,Q,SA,XDC,Q,1995-Q1,19629342758.454,0,,,,,,,,,L,,,O,OL,true,2010,,F
dataflow,IMF.STA:QNEA(7.0.0),R,IRL,B1GQ,Q,SA,XDC,Q,1995-Q2,19963130017.891,0,,,,,,,,,L,,,O,OL,true,2010,,F
dataflow,IMF.STA:QNEA(7.0.0),R,IRL,B1GQ,Q,SA,XDC,Q,1995-Q3,19847689967.951,0,,,,,,,,,L,,,O,OL,true,2010,,F
dataflow,IMF.STA:QNEA(7.0.0),R,IRL,B1GQ,Q,SA,XDC,Q,1995-Q4,20438696851.341,0,,,,,,,,,L,,,O,OL,true,2010,,F
dataflow,IMF.STA:QNEA(7.0.0),R,IRL,B1GQ,Q,SA,XDC,Q,1996-Q1,21246773624.997,0,,,,,,,,,L,,,O,OL,true,2010,,F
dataflow,IMF.STA:QNEA(7.0.0),R,IRL,B1GQ,Q,SA,XDC,Q,1996-Q2,21723103560.138,0,,,,,,,,,L,,,O,OL,true,2010,,F
dataflow,IMF.STA:QNEA(7.0.0),R,IRL,B1GQ,Q,SA,XDC,Q,1996-Q3,21111555867.307,0,,,,,,,,,L,,,O,OL,true,2010,,F
dataflow,IMF.STA:QNEA(7.0.0),R,IRL,B1GQ,Q,SA,XDC,Q,1996-Q4,21631184492.786,0,,,,,,,,,L,,,O,OL,true,2010,,F
dataflow,IMF.STA:QNEA(7.0.0),R,IRL,B1GQ,Q,SA,XDC,Q,1997-Q1,23092220278.136,0,,,,,,,,,L,,,O,OL,true,2010,,F
dataflow,IMF.STA:QNEA(7.0.0),R,IRL,B1GQ,Q,SA,XDC,Q,1997-Q2,23794122214.982,0,,,,,,,,,L,,,O,OL,true,2010,,F
dataflow,IMF.STA:QNEA(7.0.0),R,IRL,B1GQ,Q,SA,XDC,Q,1997-Q3,23765619973.464,0,,,,,,,,,L,,,O,OL,true,2010,,F
dataflow,IMF.STA:QNEA(7.0.0),R,IRL,B1GQ,Q,SA,XDC,Q,1997-Q4,24581171853.845,0,,,,,,,,,L,,,O,OL,true,2010,,F
dataflow,IMF.STA:QNEA(7.0.0),R,IRL,B1GQ,Q,SA,XDC,Q,1998-Q1,25314640597.109,0,,,,,,,,,L,,,O,OL,true,2010,,F
dataflow,IMF.STA:QNEA(7.0.0),R,IRL,B1GQ,Q,SA,XDC,Q,1998-Q2,25975970126.323,0,,,,,,,,,L,,,O,OL,true,2010,,F
dataflow,IMF.STA:QNEA(7.0.0),R,IRL,B1GQ,Q,SA,XDC,Q,1998-Q3,26307234215.407,0,,,,,,,,,L,,,O,OL,true,2010,,F
dataflow,IMF.STA:QNEA(7.0.0),R,IRL,B1GQ,Q,SA,XDC,Q,1998-Q4,26028634870.783,0,,,,,,,,,L,,,O,OL,true,2010,,F
dataflow,IMF.STA:QNEA(7.0.0),R,IRL,B1GQ,Q,SA,XDC,Q,1999-Q1,27732906995.861,0,,,,,,,,,L,,,O,OL,true,2010,,F
dataflow,IMF.STA:QNEA(7.0.0),R,IRL,B1GQ,Q,SA,XDC,Q,1999-Q2,28140129383.372,0,,,,,,,,,L,,,O,OL,true,2010,,F
dataflow,IMF.STA:QNEA(7.0.0),R,IRL,B1GQ,Q,SA,XDC,Q,1999-Q3,28763787292.639,0,,,,,,,,,L,,,O,OL,true,2010,,F
dataflow,IMF.STA:QNEA(7.0.0),R,IRL,B1GQ,Q,SA,XDC,Q,1999-Q4,29917416823.317,0,,,,,,,,,L,,,O,OL,true,2010,,F
dataflow,IMF.STA:QNEA(7.0.0),R,IRL,B1GQ,Q,SA,XDC,Q,2000-Q1,30193548781.967,0,,,,,,,,,L,,,O,OL,true,2010,,F
dataflow,IMF.STA:QNEA(7.0.0),R,IRL,B1GQ,Q,SA,XDC,Q,2000-Q2,31302112401.802,0,,,,,,,,,L,,,O,OL,true,2010,,F
dataflow,IMF.STA:QNEA(7.0.0),R,IRL,B1GQ,Q,SA,XDC,Q,2000-Q3,31479378707.602,0,,,,,,,,,L,,,O,OL,true,2010,,F
dataflow,IMF.STA:QNEA(7.0.0),R,IRL,B1GQ,Q,SA,XDC,Q,2000-Q4,32315295462.077,0,,,,,,,,,L,,,O,OL,true,2010,,F
dataflow,IMF.STA:QNEA(7.0.0),R,IRL,B1GQ,Q,SA,XDC,Q,2001-Q1,32738725357.11,0,,,,,,,,,L,,,O,OL,true,2010,,F
dataflow,IMF.STA:QNEA(7.0.0),R,IRL,B1GQ,Q,SA,XDC,Q,2001-Q2,33389980084.521,0,,,,,,,,,L,,,O,OL,true,2010,,F
dataflow,IMF.STA:QNEA(7.0.0),R,IRL,B1GQ,Q,SA,XDC,Q,2001-Q3,32508277943.757,0,,,,,,,,,L,,,O,OL,true,2010,,F
dataflow,IMF.STA:QNEA(7.0.0),R,IRL,B1GQ,Q,SA,XDC,Q,2001-Q4,33558259383.9,0,,,,,,,,,L,,,O,OL,true,2010,,F
dataflow,IMF.STA:QNEA(7.0.0),R,IRL,B1GQ,Q,SA,XDC,Q,2002-Q1,34831708753.417,0,,,,,,,,,L,,,O,OL,true,2010,,F
dataflow,IMF.STA:QNEA(7.0.0),R,IRL,B1GQ,Q,SA,XDC,Q,2002-Q2,34872198199.665,0,,,,,,,,,L,,,O,OL,true,2010,,F
dataflow,IMF.STA:QNEA(7.0.0),R,IRL,B1GQ,Q,SA,XDC,Q,2002-Q3,34834636002.922,0,,,,,,,,,L,,,O,OL,true,2010,,F
dataflow,IMF.STA:QNEA(7.0.0),R,IRL,B1GQ,Q,SA,XDC,Q,2002-Q4,35813147641.558,0,,,,,,,,,L,,,O,OL,true,2010,,F
dataflow,IMF.STA:QNEA(7.0.0),R,IRL,B1GQ,Q,SA,XDC,Q,2003-Q1,35295856953.688,0,,,,,,,,,L,,,O,OL,true,2010,,F
dataflow,IMF.STA:QNEA(7.0.0),R,IRL,B1GQ,Q,SA,XDC,Q,2003-Q2,36109737448.266,0,,,,,,,,,L,,,O,OL,true,2010,,F
dataflow,IMF.STA:QNEA(7.0.0),R,IRL,B1GQ,Q,SA,XDC,Q,2003-Q3,35401083456.062,0,,,,,,,,,L,,,O,OL,true,2010,,F
dataflow,IMF.STA:QNEA(7.0.0),R,IRL,B1GQ,Q,SA,XDC,Q,2003-Q4,38095851563.769,0,,,,,,,,,L,,,O,OL,true,2010,,F
dataflow,IMF.STA:QNEA(7.0.0),R,IRL,B1GQ,Q,SA,XDC,Q,2004-Q1,37850925243.444,0,,,,,,,,,L,,,O,OL,true,2010,,F
dataflow,IMF.STA:QNEA(7.0.0),R,IRL,B1GQ,Q,SA,XDC,Q,2004-Q2,39252287477.798,0,,,,,,,,,L,,,O,OL,true,2010,,F
dataflow,IMF.STA:QNEA(7.0.0),R,IRL,B1GQ,Q,SA,XDC,Q,2004-Q3,38016306615.875,0,,,,,,,,,L,,,O,OL,true,2010,,F
dataflow,IMF.STA:QNEA(7.0.0),R,IRL,B1GQ,Q,SA,XDC,Q,2004-Q4,39641157519.95,0,,,,,,,,,L,,,O,OL,true,2010,,F
dataflow,IMF.STA:QNEA(7.0.0),R,IRL,B1GQ,Q,SA,XDC,Q,2005-Q1,40284008831.361,0,,,,,,,,,L,,,O,OL,true,2010,,F
dataflow,IMF.STA:QNEA(7.0.0),R,IRL,B1GQ,Q,SA,XDC,Q,2005-Q2,41305965773.124,0,,,,,,,,,L,,,O,OL,true,2010,,F
dataflow,IMF.STA:QNEA(7.0.0),R,IRL,B1GQ,Q,SA,XDC,Q,2005-Q3,40039673253.301,0,,,,,,,,,L,,,O,OL,true,2010,,F
dataflow,IMF.STA:QNEA(7.0.0),R,IRL,B1GQ,Q,SA,XDC,Q,2005-Q4,42088677103.778,0,,,,,,,,,L,,,O,OL,true,2010,,F
dataflow,IMF.STA:QNEA(7.0.0),R,IRL,B1GQ,Q,SA,XDC,Q,2006-Q1,42488641085.419,0,,,,,,,,,L,,,O,OL,true,2010,,F
dataflow,IMF.STA:QNEA(7.0.0),R,IRL,B1GQ,Q,SA,XDC,Q,2006-Q2,43047098499.107,0,,,,,,,,,L,,,O,OL,true,2010,,F
dataflow,IMF.STA:QNEA(7.0.0),R,IRL,B1GQ,Q,SA,XDC,Q,2006-Q3,42742005150.592,0,,,,,,,,,L,,,O,OL,true,2010,,F
dataflow,IMF.STA:QNEA(7.0.0),R,IRL,B1GQ,Q,SA,XDC,Q,2006-Q4,43475755676.485,0,,,,,,,,,L,,,O,OL,true,2010,,F
dataflow,IMF.STA:QNEA(7.0.0),R,IRL,B1GQ,Q,SA,XDC,Q,2007-Q1,45777770291.072,0,,,,,,,,,L,,,O,OL,true,2010,,F
dataflow,IMF.STA:QNEA(7.0.0),R,IRL,B1GQ,Q,SA,XDC,Q,2007-Q2,45587748672.56,0,,,,,,,,,L,,,O,OL,true,2010,,F
dataflow,IMF.STA:QNEA(7.0.0),R,IRL,B1GQ,Q,SA,XDC,Q,2007-Q3,43552035807.865,0,,,,,,,,,L,,,O,OL,true,2010,,F
dataflow,IMF.STA:QNEA(7.0.0),R,IRL,B1GQ,Q,SA,XDC,Q,2007-Q4,45668462231.667,0,,,,,,,,,L,,,O,OL,true,2010,,F
dataflow,IMF.STA:QNEA(7.0.0),R,IRL,B1GQ,Q,SA,XDC,Q,2008-Q1,44826580839.793,0,,,,,,,,,L,,,O,OL,true,2010,,F
dataflow,IMF.STA:QNEA(7.0.0),R,IRL,B1GQ,Q,SA,XDC,Q,2008-Q2,43775887076.047,0,,,,,,,,,L,,,O,OL,true,2010,,F
dataflow,IMF.STA:QNEA(7.0.0),R,IRL,B1GQ,Q,SA,XDC,Q,2008-Q3,43201724929.427,0,,,,,,,,,L,,,O,OL,true,2010,,F
dataflow,IMF.STA:QNEA(7.0.0),R,IRL,B1GQ,Q,SA,XDC,Q,2008-Q4,41272169737.118,0,,,,,,,,,L,,,O,OL,true,2010,,F
dataflow,IMF.STA:QNEA(7.0.0),R,IRL,B1GQ,Q,SA,XDC,Q,2009-Q1,41694705651.726,0,,,,,,,,,L,,,O,OL,true,2010,,F
dataflow,IMF.STA:QNEA(7.0.0),R,IRL,B1GQ,Q,SA,XDC,Q,2009-Q2,41819509610.235,0,,,,,,,,,L,,,O,OL,true,2010,,F
dataflow,IMF.STA:QNEA(7.0.0),R,IRL,B1GQ,Q,SA,XDC,Q,2009-Q3,41014689786.065,0,,,,,,,,,L,,,O,OL,true,2010,,F
dataflow,IMF.STA:QNEA(7.0.0),R,IRL,B1GQ,Q,SA,XDC,Q,2009-Q4,40155586755.274,0,,,,,,,,,L,,,O,OL,true,2010,,F
dataflow,IMF.STA:QNEA(7.0.0),R,IRL,B1GQ,Q,SA,XDC,Q,2010-Q1,41588587314.479,0,,,,,,,,,L,,,O,OL,true,2010,,F
dataflow,IMF.STA:QNEA(7.0.0),R,IRL,B1GQ,Q,SA,XDC,Q,2010-Q2,42055041269.064,0,,,,,,,,,L,,,O,OL,true,2010,,F
dataflow,IMF.STA:QNEA(7.0.0),R,IRL,B1GQ,Q,SA,XDC,Q,2010-Q3,42049235402.588,0,,,,,,,,,L,,,O,OL,true,2010,,F
dataflow,IMF.STA:QNEA(7.0.0),R,IRL,B1GQ,Q,SA,XDC,Q,2010-Q4,41602901013.868,0,,,,,,,,,L,,,O,OL,true,2010,,F
dataflow,IMF.STA:QNEA(7.0.0),R,IRL,B1GQ,Q,SA,XDC,Q,2011-Q1,42644599904.164,0,,,,,,,,,L,,,O,OL,true,2010,,F
dataflow,IMF.STA:QNEA(7.0.0),R,IRL,B1GQ,Q,SA,XDC,Q,2011-Q2,43114375174.826,0,,,,,,,,,L,,,O,OL,true,2010,,F
dataflow,IMF.STA:QNEA(7.0.0),R,IRL,B1GQ,Q,SA,XDC,Q,2011-Q3,42314203333.685,0,,,,,,,,,L,,,O,OL,true,2010,,F
dataflow,IMF.STA:QNEA(7.0.0),R,IRL,B1GQ,Q,SA,XDC,Q,2011-Q4,41896934036.559,0,,,,,,,,,L,,,O,OL,true,2010,,F
dataflow,IMF.STA:QNEA(7.0.0),R,IRL,B1GQ,Q,SA,XDC,Q,2012-Q1,41934634263.88,0,,,,,,,,,L,,,O,OL,true,2010,,F
dataflow,IMF.STA:QNEA(7.0.0),R,IRL,B1GQ,Q,SA,XDC,Q,2012-Q2,43323128186.397,0,,,,,,,,,L,,,O,OL,true,2010,,F
dataflow,IMF.STA:QNEA(7.0.0),R,IRL,B1GQ,Q,SA,XDC,Q,2012-Q3,42029640782.03,0,,,,,,,,,L,,,O,OL,true,2010,,F
dataflow,IMF.STA:QNEA(7.0.0),R,IRL,B1GQ,Q,SA,XDC,Q,2012-Q4,41770915695.041,0,,,,,,,,,L,,,O,OL,true,2010,,F
dataflow,IMF.STA:QNEA(7.0.0),R,IRL,B1GQ,Q,SA,XDC,Q,2013-Q1,42264512325.713,0,,,,,,,,,L,,,O,OL,true,2010,,F
dataflow,IMF.STA:QNEA(7.0.0),R,IRL,B1GQ,Q,SA,XDC,Q,2013-Q2,43036669681.055,0,,,,,,,,,L,,,O,OL,true,2010,,F
dataflow,IMF.STA:QNEA(7.0.0),R,IRL,B1GQ,Q,SA,XDC,Q,2013-Q3,44364158379.335,0,,,,,,,,,L,,,O,OL,true,2010,,F
dataflow,IMF.STA:QNEA(7.0.0),R,IRL,B1GQ,Q,SA,XDC,Q,2013-Q4,43258367529.188,0,,,,,,,,,L,,,O,OL,true,2010,,F
dataflow,IMF.STA:QNEA(7.0.0),R,IRL,B1GQ,Q,SA,XDC,Q,2014-Q1,46340928611.43,0,,,,,,,,,L,,,O,OL,true,2010,,F
dataflow,IMF.STA:QNEA(7.0.0),R,IRL,B1GQ,Q,SA,XDC,Q,2014-Q2,47505551955.788,0,,,,,,,,,L,,,O,OL,true,2010,,F
dataflow,IMF.STA:QNEA(7.0.0),R,IRL,B1GQ,Q,SA,XDC,Q,2014-Q3,47847367159.447,0,,,,,,,,,L,,,O,OL,true,2010,,F
dataflow,IMF.STA:QNEA(7.0.0),R,IRL,B1GQ,Q,SA,XDC,Q,2014-Q4,47610345771.636,0,,,,,,,,,L,,,O,OL,true,2010,,F
dataflow,IMF.STA:QNEA(7.0.0),R,IRL,B1GQ,Q,SA,XDC,Q,2015-Q1,59332317952.052,0,,,,,,,,,L,,,O,OL,true,2010,,F
dataflow,IMF.STA:QNEA(7.0.0),R,IRL,B1GQ,Q,SA,XDC,Q,2015-Q2,57824953955.499,0,,,,,,,,,L,,,O,OL,true,2010,,F
dataflow,IMF.STA:QNEA(7.0.0),R,IRL,B1GQ,Q,SA,XDC,Q,2015-Q3,59261470360.921,0,,,,,,,,,L,,,O,OL,true,2010,,F
dataflow,IMF.STA:QNEA(7.0.0),R,IRL,B1GQ,Q,SA,XDC,Q,2015-Q4,59352580554.784,0,,,,,,,,,L,,,O,OL,true,2010,,F
dataflow,IMF.STA:QNEA(7.0.0),R,IRL,B1GQ,Q,SA,XDC,Q,2016-Q1,58384883218.56,0,,,,,,,,,L,,,O,OL,true,2010,,F
dataflow,IMF.STA:QNEA(7.0.0),R,IRL,B1GQ,Q,SA,XDC,Q,2016-Q2,57897748993.588,0,,,,,,,,,L,,,O,OL,true,2010,,F
dataflow,IMF.STA:QNEA(7.0.0),R,IRL,B1GQ,Q,SA,XDC,Q,2016-Q3,58011309539.081,0,,,,,,,,,L,,,O,OL,true,2010,,F
dataflow,IMF.STA:QNEA(7.0.0),R,IRL,B1GQ,Q,SA,XDC,Q,2016-Q4,64258288127.247,0,,,,,,,,,L,,,O,OL,true,2010,,F
dataflow,IMF.STA:QNEA(7.0.0),R,IRL,B1GQ,Q,SA,XDC,Q,2017-Q1,62841550859.943,0,,,,,,,,,L,,,O,OL,true,2010,,F
dataflow,IMF.STA:QNEA(7.0.0),R,IRL,B1GQ,Q,SA,XDC,Q,2017-Q2,63367777060.962,0,,,,,,,,,L,,,O,OL,true,2010,,F
dataflow,IMF.STA:QNEA(7.0.0),R,IRL,B1GQ,Q,SA,XDC,Q,2017-Q3,67141663218.839,0,,,,,,,,,L,,,O,OL,true,2010,,F
dataflow,IMF.STA:QNEA(7.0.0),R,IRL,B1GQ,Q,SA,XDC,Q,2017-Q4,69301205960.971,0,,,,,,,,,L,,,O,OL,true,2010,,F
dataflow,IMF.STA:QNEA(7.0.0),R,IRL,B1GQ,Q,SA,XDC,Q,2018-Q1,69996113394.968,0,,,,,,,,,L,,,O,OL,true,2010,,F
dataflow,IMF.STA:QNEA(7.0.0),R,IRL,B1GQ,Q,SA,XDC,Q,2018-Q2,70196645362.546,0,,,,,,,,,L,,,O,OL,true,2010,,F
dataflow,IMF.STA:QNEA(7.0.0),R,IRL,B1GQ,Q,SA,XDC,Q,2018-Q3,71228423930.856,0,,,,,,,,,L,,,O,OL,true,2010,,F
dataflow,IMF.STA:QNEA(7.0.0),R,IRL,B1GQ,Q,SA,XDC,Q,2018-Q4,71531123557.384,0,,,,,,,,,L,,,O,OL,true,2010,,F
dataflow,IMF.STA:QNEA(7.0.0),R,IRL,B1GQ,Q,SA,XDC,Q,2019-Q1,72305329915.862,0,,,,,,,,,L,,,O,OL,true,2010,,F
dataflow,IMF.STA:QNEA(7.0.0),R,IRL,B1GQ,Q,SA,XDC,Q,2019-Q2,73341739302.777,0,,,,,,,,,L,,,O,OL,true,2010,,F
dataflow,IMF.STA:QNEA(7.0.0),R,IRL,B1GQ,Q,SA,XDC,Q,2019-Q3,75308994722.407,0,,,,,,,,,L,,,O,OL,true,2010,,F
dataflow,IMF.STA:QNEA(7.0.0),R,IRL,B1GQ,Q,SA,XDC,Q,2019-Q4,75979743944.569,0,,,,,,,,,L,,,O,OL,true,2010,,F
dataflow,IMF.STA:QNEA(7.0.0),R,IRL,B1GQ,Q,SA,XDC,Q,2020-Q1,79017879205.952,0,,,,,,,,,L,,,O,OL,true,2010,,F
dataflow,IMF.STA:QNEA(7.0.0),R,IRL,B1GQ,Q,SA,XDC,Q,2020-Q2,74710796660.474,0,,,,,,,,,L,,,O,OL,true,2010,,F
dataflow,IMF.STA:QNEA(7.0.0),R,IRL,B1GQ,Q,SA,XDC,Q,2020-Q3,84264274136.369,0,,,,,,,,,L,,,O,OL,true,2010,,F
dataflow,IMF.STA:QNEA(7.0.0),R,IRL,B1GQ,Q,SA,XDC,Q,2020-Q4,80429580145.132,0,,,,,,,,,L,,,O,OL,true,2010,,F
dataflow,IMF.STA:QNEA(7.0.0),R,IRL,B1GQ,Q,SA,XDC,Q,2021-Q1,89391682417.701,0,,,,,,,,,L,,,O,OL,true,2010,,F
dataflow,IMF.STA:QNEA(7.0.0),R,IRL,B1GQ,Q,SA,XDC,Q,2021-Q2,91822080488.42,0,,,,,,,,,L,,,O,OL,true,2010,,F
dataflow,IMF.STA:QNEA(7.0.0),R,IRL,B1GQ,Q,SA,XDC,Q,2021-Q3,96150804512.039,0,,,,,,,,,L,,,O,OL,true,2010,,F
dataflow,IMF.STA:QNEA(7.0.0),R,IRL,B1GQ,Q,SA,XDC,Q,2021-Q4,93051268529.478,0,,,,,,,,,L,,,O,OL,true,2010,,F
dataflow,IMF.STA:QNEA(7.0.0),R,IRL,B1GQ,Q,SA,XDC,Q,2022-Q1,96144852032.774,0,,,,,,,,,L,,,O,OL,true,2010,,F
dataflow,IMF.STA:QNEA(7.0.0),R,IRL,B1GQ,Q,SA,XDC,Q,2022-Q2,99352992333.349,0,,,,,,,,,L,,,O,OL,true,2010,,F
dataflow,IMF.STA:QNEA(7.0.0),R,IRL,B1GQ,Q,SA,XDC,Q,2022-Q3,103766039451.44,0,,,,,,,,,L,,,O,OL,true,2010,,F
dataflow,IMF.STA:QNEA(7.0.0),R,IRL,B1GQ,Q,SA,XDC,Q,2022-Q4,101960469331.57,0,,,,,,,,,L,,,O,OL,true,2010,,F
dataflow,IMF.STA:QNEA(7.0.0),R,IRL,B1GQ,Q,SA,XDC,Q,2023-Q1,96911666245.909,0,,,,,,,,,L,,,O,OL,true,2010,,F
dataflow,IMF.STA:QNEA(7.0.0),R,IRL,B1GQ,Q,SA,XDC,Q,2023-Q2,97630876358.978,0,,,,,,,,,L,,,O,OL,true,2010,,F
dataflow,IMF.STA:QNEA(7.0.0),R,IRL,B1GQ,Q,SA,XDC,Q,2023-Q3,98795482538.912,0,,,,,,,,,L,,,O,OL,true,2010,,F
dataflow,IMF.STA:QNEA(7.0.0),R,IRL,B1GQ,Q,SA,XDC,Q,2023-Q4,94006872098.506,0,,,,,,,,,L,,,O,OL,true,2010,,F
dataflow,IMF.STA:QNEA(7.0.0),R,IRL,B1GQ,Q,SA,XDC,Q,2024-Q1,96167192961.2,0,,,,,,,,,L,,,O,OL,true,2010,,F
dataflow,IMF.STA:QNEA(7.0.0),R,IRL,B1GQ,Q,SA,XDC,Q,2024-Q2,96264656137.559,0,,,,,,,,,L,,,O,OL,true,2010,,F
dataflow,IMF.STA:QNEA(7.0.0),R,IRL,B1GQ,Q,SA,XDC,Q,2024-Q3,103681656281.48,0,,,,,,,,,L,,,O,OL,true,2010,,F
dataflow,IMF.STA:QNEA(7.0.0),R,IRL,B1GQ,Q,SA,XDC,Q,2024-Q4,105511663535.08,0,,,,,,,,,L,,,O,OL,true,2010,,F
dataflow,IMF.STA:QNEA(7.0.0),R,IRL,B1GQ,Q,SA,XDC,Q,2025-Q1,112174805030.2,0,,,,,,,,,L,,,O,OL,true,2010,,F
dataflow,IMF.STA:QNEA(7.0.0),R,IRL,B1GQ,Q,SA,XDC,Q,2025-Q2,107521366575.69,0,,,,,,,,,L,,,O,OL,true,2010,,F
dataflow,IMF.STA:QNEA(7.0.0),R,IRL,B1GQ,Q,SA,XDC,Q,2025-Q3,109015231467.81,0,,,,,,,,,L,,,O,OL,true,2010,,F
dataflow,IMF.STA:QNEA(7.0.0),R,IRL,B1GQ,Q,SA,XDC,Q,2025-Q4,105404428079.9,0,,,,,,,,,L,,,O,OL,true,2010,,F
dataflow,IMF.STA:QNEA(7.0.0),R,IRL,B1GQ,Q,SA,XDC,Q,2026-Q1,97177041116.895,0,,,,,,,,,L,,,O,OL,true,2010,,F
dataflow,IMF.STA:QNEA(7.0.0),R,IRL,B1GQ,Q,SA,XDC,Q,2026-Q2,107073003208.99,0,,,,,,,,,L,,,O,OL,true,2010,,F
dataflow,IMF.STA:QNEA(7.0.0),R,ISL,B1GQ,Q,SA,XDC,Q,1995-Q1,255470934143.61,0,,,,,,,,,L,,,O,OL,true,2010,,F
dataflow,IMF.STA:QNEA(7.0.0),R,ISL,B1GQ,Q,SA,XDC,Q,1995-Q2,260707400841.96,0,,,,,,,,,L,,,O,OL,true,2010,,F
dataflow,IMF.STA:QNEA(7.0.0),R,ISL,B1GQ,Q,SA,XDC,Q,1995-Q3,263139065050.59,0,,,,,,,,,L,,,O,OL,true,2010,,F
dataflow,IMF.STA:QNEA(7.0.0),R,ISL,B1GQ,Q,SA,XDC,Q,1995-Q4,261281727487.29,0,,,,,,,,,L,,,O,OL,true,2010,,F
dataflow,IMF.STA:QNEA(7.0.0),R,ISL,B1GQ,Q,SA,XDC,Q,1996-Q1,270548226852.05,0,,,,,,,,,L,,,O,OL,true,2010,,F
dataflow,IMF.STA:QNEA(7.0.0),R,ISL,B1GQ,Q,SA,XDC,Q,1996-Q2,271220014988.71,0,,,,,,,,,L,,,O,OL,true,2010,,F
dataflow,IMF.STA:QNEA(7.0.0),R,ISL,B1GQ,Q,SA,XDC,Q,1996-Q3,271161538093.91,0,,,,,,,,,L,,,O,OL,true,2010,,F
dataflow,IMF.STA:QNEA(7.0.0),R,ISL,B1GQ,Q,SA,XDC,Q,1996-Q4,274471748031.52,0,,,,,,,,,L,,,O,OL,true,2010,,F
dataflow,IMF.STA:QNEA(7.0.0),R,ISL,B1GQ,Q,SA,XDC,Q,1997-Q1,279873899265.13,0,,,,,,,,,L,,,O,OL,true,2010,,F
dataflow,IMF.STA:QNEA(7.0.0),R,ISL,B1GQ,Q,SA,XDC,Q,1997-Q2,281010717946.12,0,,,,,,,,,L,,,O,OL,true,2010,,F
dataflow,IMF.STA:QNEA(7.0.0),R,ISL,B1GQ,Q,SA,XDC,Q,1997-Q3,283162528443.94,0,,,,,,,,,L,,,O,OL,true,2010,,F
dataflow,IMF.STA:QNEA(7.0.0),R,ISL,B1GQ,Q,SA,XDC,Q,1997-Q4,288382983611.57,0,,,,,,,,,L,,,O,OL,true,2010,,F
dataflow,IMF.STA:QNEA(7.0.0),R,ISL,B1GQ,Q,SA,XDC,Q,1998-Q1,279204199589,0,,,,,,,,,L,,,O,OL,true,2010,,F
dataflow,IMF.STA:QNEA(7.0.0),R,ISL,B1GQ,Q,SA,XDC,Q,1998-Q2,307362216740.69,0,,,,,,,,,L,,,O,OL,true,2010,,F
dataflow,IMF.STA:QNEA(7.0.0),R,ISL,B1GQ,Q,SA,XDC,Q,1998-Q3,309543265685.91,0,,,,,,,,,L,,,O,OL,true,2010,,F
dataflow,IMF.STA:QNEA(7.0.0),R,ISL,B1GQ,Q,SA,XDC,Q,1998-Q4,315709793472.94,0,,,,,,,,,L,,,O,OL,true,2010,,F
dataflow,IMF.STA:QNEA(7.0.0),R,ISL,B1GQ,Q,SA,XDC,Q,1999-Q1,316105208666.32,0,,,,,,,,,L,,,O,OL,true,2010,,F
dataflow,IMF.STA:QNEA(7.0.0),R,ISL,B1GQ,Q,SA,XDC,Q,1999-Q2,307935847232.51,0,,,,,,,,,L,,,O,OL,true,2010,,F
dataflow,IMF.STA:QNEA(7.0.0),R,ISL,B1GQ,Q,SA,XDC,Q,1999-Q3,311714568482,0,,,,,,,,,L,,,O,OL,true,2010,,F
dataflow,IMF.STA:QNEA(7.0.0),R,ISL,B1GQ,Q,SA,XDC,Q,1999-Q4,323299955186.86,0,,,,,,,,,L,,,O,OL,true,2010,,F
dataflow,IMF.STA:QNEA(7.0.0),R,ISL,B1GQ,Q,SA,XDC,Q,2000-Q1,323266539818.4,0,,,,,,,,,L,,,O,OL,true,2010,,F
dataflow,IMF.STA:QNEA(7.0.0),R,ISL,B1GQ,Q,SA,XDC,Q,2000-Q2,325428792618.87,0,,,,,,,,,L,,,O,OL,true,2010,,F
dataflow,IMF.STA:QNEA(7.0.0),R,ISL,B1GQ,Q,SA,XDC,Q,2000-Q3,338886832264.25,0,,,,,,,,,L,,,O,OL,true,2010,,F
dataflow,IMF.STA:QNEA(7.0.0),R,ISL,B1GQ,Q,SA,XDC,Q,2000-Q4,333231977306.7,0,,,,,,,,,L,,,O,OL,true,2010,,F
dataflow,IMF.STA:QNEA(7.0.0),R,ISL,B1GQ,Q,SA,XDC,Q,2001-Q1,334537265136.98,0,,,,,,,,,L,,,O,OL,true,2010,,F
dataflow,IMF.STA:QNEA(7.0.0),R,ISL,B1GQ,Q,SA,XDC,Q,2001-Q2,344912040888.85,0,,,,,,,,,L,,,O,OL,true,2010,,F
dataflow,IMF.STA:QNEA(7.0.0),R,ISL,B1GQ,Q,SA,XDC,Q,2001-Q3,336954310121.92,0,,,,,,,,,L,,,O,OL,true,2010,,F
dataflow,IMF.STA:QNEA(7.0.0),R,ISL,B1GQ,Q,SA,XDC,Q,2001-Q4,355142016710.75,0,,,,,,,,,L,,,O,OL,true,2010,,F
dataflow,IMF.STA:QNEA(7.0.0),R,ISL,B1GQ,Q,SA,XDC,Q,2002-Q1,335161714834.99,0,,,,,,,,,L,,,O,OL,true,2010,,F
dataflow,IMF.STA:QNEA(7.0.0),R,ISL,B1GQ,Q,SA,XDC,Q,2002-Q2,345850455819.64,0,,,,,,,,,L,,,O,OL,true,2010,,F
dataflow,IMF.STA:QNEA(7.0.0),R,ISL,B1GQ,Q,SA,XDC,Q,2002-Q3,345258029183.07,0,,,,,,,,,L,,,O,OL,true,2010,,F
dataflow,IMF.STA:QNEA(7.0.0),R,ISL,B1GQ,Q,SA,XDC,Q,2002-Q4,352713833269.66,0,,,,,,,,,L,,,O,OL,true,2010,,F
dataflow,IMF.STA:QNEA(7.0.0),R,ISL,B1GQ,Q,SA,XDC,Q,2003-Q1,356615773690.33,0,,,,,,,,,L,,,O,OL,true,2010,,F
dataflow,IMF.STA:QNEA(7.0.0),R,ISL,B1GQ,Q,SA,XDC,Q,2003-Q2,344263225818.01,0,,,,,,,,,L,,,O,OL,true,2010,,F
dataflow,IMF.STA:QNEA(7.0.0),R,ISL,B1GQ,Q,SA,XDC,Q,2003-Q3,349049281195.73,0,,,,,,,,,L,,,O,OL,true,2010,,F
dataflow,IMF.STA:QNEA(7.0.0),R,ISL,B1GQ,Q,SA,XDC,Q,2003-Q4,360514929496.96,0,,,,,,,,,L,,,O,OL,true,2010,,F
dataflow,IMF.STA:QNEA(7.0.0),R,ISL,B1GQ,Q,SA,XDC,Q,2004-Q1,372467885254.83,0,,,,,,,,,L,,,O,OL,true,2010,,F
dataflow,IMF.STA:QNEA(7.0.0),R,ISL,B1GQ,Q,SA,XDC,Q,2004-Q2,365230673370.22,0,,,,,,,,,L,,,O,OL,true,2010,,F
dataflow,IMF.STA:QNEA(7.0.0),R,ISL,B1GQ,Q,SA,XDC,Q,2004-Q3,386172363242.57,0,,,,,,,,,L,,,O,OL,true,2010,,F
dataflow,IMF.STA:QNEA(7.0.0),R,ISL,B1GQ,Q,SA,XDC,Q,2004-Q4,394084844031.39,0,,,,,,,,,L,,,O,OL,true,2010,,F
dataflow,IMF.STA:QNEA(7.0.0),R,ISL,B1GQ,Q,SA,XDC,Q,2005-Q1,386200209382.95,0,,,,,,,,,L,,,O,OL,true,2010,,F
dataflow,IMF.STA:QNEA(7.0.0),R,ISL,B1GQ,Q,SA,XDC,Q,2005-Q2,410648424482.59,0,,,,,,,,,L,,,O,OL,true,2010,,F
dataflow,IMF.STA:QNEA(7.0.0),R,ISL,B1GQ,Q,SA,XDC,Q,2005-Q3,410835689776.64,0,,,,,,,,,L,,,O,OL,true,2010,,F
dataflow,IMF.STA:QNEA(7.0.0),R,ISL,B1GQ,Q,SA,XDC,Q,2005-Q4,416974371423.29,0,,,,,,,,,L,,,O,OL,true,2010,,F
dataflow,IMF.STA:QNEA(7.0.0),R,ISL,B1GQ,Q,SA,XDC,Q,2006-Q1,416714010010.74,0,,,,,,,,,L,,,O,OL,true,2010,,F
dataflow,IMF.STA:QNEA(7.0.0),R,ISL,B1GQ,Q,SA,XDC,Q,2006-Q2,429600507624.84,0,,,,,,,,,L,,,O,OL,true,2010,,F
dataflow,IMF.STA:QNEA(7.0.0),R,ISL,B1GQ,Q,SA,XDC,Q,2006-Q3,431966733403.58,0,,,,,,,,,L,,,O,OL,true,2010,,F
dataflow,IMF.STA:QNEA(7.0.0),R,ISL,B1GQ,Q,SA,XDC,Q,2006-Q4,438520322541.88,0,,,,,,,,,L,,,O,OL,true,2010,,F
dataflow,IMF.STA:QNEA(7.0.0),R,ISL,B1GQ,Q,SA,XDC,Q,2007-Q1,449985970843.11,0,,,,,,,,,L,,,O,OL,true,2010,,F
dataflow,IMF.STA:QNEA(7.0.0),R,ISL,B1GQ,Q,SA,XDC,Q,2007-Q2,465723913232.06,0,,,,,,,,,L,,,O,OL,true,2010,,F
dataflow,IMF.STA:QNEA(7.0.0),R,ISL,B1GQ,Q,SA,XDC,Q,2007-Q3,463333322080.49,0,,,,,,,,,L,,,O,OL,true,2010,,F
dataflow,IMF.STA:QNEA(7.0.0),R,ISL,B1GQ,Q,SA,XDC,Q,2007-Q4,487830267925.79,0,,,,,,,,,L,,,O,OL,true,2010,,F
dataflow,IMF.STA:QNEA(7.0.0),R,ISL,B1GQ,Q,SA,XDC,Q,2008-Q1,476917365511.09,0,,,,,,,,,L,,,O,OL,true,2010,,F
dataflow,IMF.STA:QNEA(7.0.0),R,ISL,B1GQ,Q,SA,XDC,Q,2008-Q2,482623735828.34,0,,,,,,,,,L,,,O,OL,true,2010,,F
dataflow,IMF.STA:QNEA(7.0.0),R,ISL,B1GQ,Q,SA,XDC,Q,2008-Q3,457380513420.87,0,,,,,,,,,L,,,O,OL,true,2010,,F
dataflow,IMF.STA:QNEA(7.0.0),R,ISL,B1GQ,Q,SA,XDC,Q,2008-Q4,481681840130.01,0,,,,,,,,,L,,,O,OL,true,2010,,F
dataflow,IMF.STA:QNEA(7.0.0),R,ISL,B1GQ,Q,SA,XDC,Q,2009-Q1,436307250535.22,0,,,,,,,,,L,,,O,OL,true,2010,,F
dataflow,IMF.STA:QNEA(7.0.0),R,ISL,B1GQ,Q,SA,XDC,Q,2009-Q2,431952114179.88,0,,,,,,,,,L,,,O,OL,true,2010,,F
dataflow,IMF.STA:QNEA(7.0.0),R,ISL,B1GQ,Q,SA,XDC,Q,2009-Q3,439254068340.88,0,,,,,,,,,L,,,O,OL,true,2010,,F
dataflow,IMF.STA:QNEA(7.0.0),R,ISL,B1GQ,Q,SA,XDC,Q,2009-Q4,433097982856.49,0,,,,,,,,,L,,,O,OL,true,2010,,F
dataflow,IMF.STA:QNEA(7.0.0),R,ISL,B1GQ,Q,SA,XDC,Q,2010-Q1,413303553967.77,0,,,,,,,,,L,,,O,OL,true,2010,,F
dataflow,IMF.STA:QNEA(7.0.0),R,ISL,B1GQ,Q,SA,XDC,Q,2010-Q2,432173490995.9,0,,,,,,,,,L,,,O,OL,true,2010,,F
dataflow,IMF.STA:QNEA(7.0.0),R,ISL,B1GQ,Q,SA,XDC,Q,2010-Q3,423040653104.95,0,,,,,,,,,L,,,O,OL,true,2010,,F
dataflow,IMF.STA:QNEA(7.0.0),R,ISL,B1GQ,Q,SA,XDC,Q,2010-Q4,433420301931.39,0,,,,,,,,,L,,,O,OL,true,2010,,F
dataflow,IMF.STA:QNEA(7.0.0),R,ISL,B1GQ,Q,SA,XDC,Q,2011-Q1,417279286660.44,0,,,,,,,,,L,,,O,OL,true,2010,,F
dataflow,IMF.STA:QNEA(7.0.0),R,ISL,B1GQ,Q,SA,XDC,Q,2011-Q2,431180079937.86,0,,,,,,,,,L,,,O,OL,true,2010,,F
dataflow,IMF.STA:QNEA(7.0.0),R,ISL,B1GQ,Q,SA,XDC,Q,2011-Q3,438606645577.06,0,,,,,,,,,L,,,O,OL,true,2010,,F
dataflow,IMF.STA:QNEA(7.0.0),R,ISL,B1GQ,Q,SA,XDC,Q,2011-Q4,438359511081.19,0,,,,,,,,,L,,,O,OL,true,2010,,F
dataflow,IMF.STA:QNEA(7.0.0),R,ISL,B1GQ,Q,SA,XDC,Q,2012-Q1,425743817182.28,0,,,,,,,,,L,,,O,OL,true,2010,,F
dataflow,IMF.STA:QNEA(7.0.0),R,ISL,B1GQ,Q,SA,XDC,Q,2012-Q2,434564082147.47,0,,,,,,,,,L,,,O,OL,true,2010,,F
dataflow,IMF.STA:QNEA(7.0.0),R,ISL,B1GQ,Q,SA,XDC,Q,2012-Q3,441958624725.23,0,,,,,,,,,L,,,O,OL,true,2010,,F
dataflow,IMF.STA:QNEA(7.0.0),R,ISL,B1GQ,Q,SA,XDC,Q,2012-Q4,443334224059.97,0,,,,,,,,,L,,,O,OL,true,2010,,F
dataflow,IMF.STA:QNEA(7.0.0),R,ISL,B1GQ,Q,SA,XDC,Q,2013-Q1,443939877613.23,0,,,,,,,,,L,,,O,OL,true,2010,,F
dataflow,IMF.STA:QNEA(7.0.0),R,ISL,B1GQ,Q,SA,XDC,Q,2013-Q2,447551522020.44,0,,,,,,,,,L,,,O,OL,true,2010,,F
dataflow,IMF.STA:QNEA(7.0.0),R,ISL,B1GQ,Q,SA,XDC,Q,2013-Q3,454088403474.51,0,,,,,,,,,L,,,O,OL,true,2010,,F
dataflow,IMF.STA:QNEA(7.0.0),R,ISL,B1GQ,Q,SA,XDC,Q,2013-Q4,462809118487.84,0,,,,,,,,,L,,,O,OL,true,2010,,F
dataflow,IMF.STA:QNEA(7.0.0),R,ISL,B1GQ,Q,SA,XDC,Q,2014-Q1,453518253750.24,0,,,,,,,,,L,,,O,OL,true,2010,,F
dataflow,IMF.STA:QNEA(7.0.0),R,ISL,B1GQ,Q,SA,XDC,Q,2014-Q2,453401299960.65,0,,,,,,,,,L,,,O,OL,true,2010,,F
dataflow,IMF.STA:QNEA(7.0.0),R,ISL,B1GQ,Q,SA,XDC,Q,2014-Q3,471787410299.68,0,,,,,,,,,L,,,O,OL,true,2010,,F
dataflow,IMF.STA:QNEA(7.0.0),R,ISL,B1GQ,Q,SA,XDC,Q,2014-Q4,464291925463.05,0,,,,,,,,,L,,,O,OL,true,2010,,F
dataflow,IMF.STA:QNEA(7.0.0),R,ISL,B1GQ,Q,SA,XDC,Q,2015-Q1,458717824312.6,0,,,,,,,,,L,,,O,OL,true,2010,,F
dataflow,IMF.STA:QNEA(7.0.0),R,ISL,B1GQ,Q,SA,XDC,Q,2015-Q2,483569808447.73,0,,,,,,,,,L,,,O,OL,true,2010,,F
dataflow,IMF.STA:QNEA(7.0.0),R,ISL,B1GQ,Q,SA,XDC,Q,2015-Q3,485274688392.47,0,,,,,,,,,L,,,O,OL,true,2010,,F
dataflow,IMF.STA:QNEA(7.0.0),R,ISL,B1GQ,Q,SA,XDC,Q,2015-Q4,484891107808.74,0,,,,,,,,,L,,,O,OL,true,2010,,F
dataflow,IMF.STA:QNEA(7.0.0),R,ISL,B1GQ,Q,SA,XDC,Q,2016-Q1,477212534599.11,0,,,,,,,,,L,,,O,OL,true,2010,,F
dataflow,IMF.STA:QNEA(7.0.0),R,ISL,B1GQ,Q,SA,XDC,Q,2016-Q2,504659082864.1,0,,,,,,,,,L,,,O,OL,true,2010,,F
dataflow,IMF.STA:QNEA(7.0.0),R,ISL,B1GQ,Q,SA,XDC,Q,2016-Q3,517622157364.24,0,,,,,,,,,L,,,O,OL,true,2010,,F
dataflow,IMF.STA:QNEA(7.0.0),R,ISL,B1GQ,Q,SA,XDC,Q,2016-Q4,531877292777.98,0,,,,,,,,,L,,,O,OL,true,2010,,F
dataflow,IMF.STA:QNEA(7.0.0),R,ISL,B1GQ,Q,SA,XDC,Q,2017-Q1,510377287791.02,0,,,,,,,,,L,,,O,OL,true,2010,,F
dataflow,IMF.STA:QNEA(7.0.0),R,ISL,B1GQ,Q,SA,XDC,Q,2017-Q2,522719393360.7,0,,,,,,,,,L,,,O,OL,true,2010,,F
dataflow,IMF.STA:QNEA(7.0.0),R,ISL,B1GQ,Q,SA,XDC,Q,2017-Q3,526253764728.36,0,,,,,,,,,L,,,O,OL,true,2010,,F
dataflow,IMF.STA:QNEA(7.0.0),R,ISL,B1GQ,Q,SA,XDC,Q,2017-Q4,542815952872.54,0,,,,,,,,,L,,,O,OL,true,2010,,F
dataflow,IMF.STA:QNEA(7.0.0),R,ISL,B1GQ,Q,SA,XDC,Q,2018-Q1,546838327850.35,0,,,,,,,,,L,,,O,OL,true,2010,,F
dataflow,IMF.STA:QNEA(7.0.0),R,ISL,B1GQ,Q,SA,XDC,Q,2018-Q2,546785420183.62,0,,,,,,,,,L,,,O,OL,true,2010,,F
dataflow,IMF.STA:QNEA(7.0.0),R,ISL,B1GQ,Q,SA,XDC,Q,2018-Q3,549419665063.52,0,,,,,,,,,L,,,O,OL,true,2010,,F
dataflow,IMF.STA:QNEA(7.0.0),R,ISL,B1GQ,Q,SA,XDC,Q,2018-Q4,557100326733.68,0,,,,,,,,,L,,,O,OL,true,2010,,F
dataflow,IMF.STA:QNEA(7.0.0),R,ISL,B1GQ,Q,SA,XDC,Q,2019-Q1,560341617473.84,0,,,,,,,,,L,,,O,OL,true,2010,,F
dataflow,IMF.STA:QNEA(7.0.0),R,ISL,B1GQ,Q,SA,XDC,Q,2019-Q2,553629305335.38,0,,,,,,,,,L,,,O,OL,true,2010,,F
dataflow,IMF.STA:QNEA(7.0.0),R,ISL,B1GQ,Q,SA,XDC,Q,2019-Q3,544160921452.86,0,,,,,,,,,L,,,O,OL,true,2010,,F
dataflow,IMF.STA:QNEA(7.0.0),R,ISL,B1GQ,Q,SA,XDC,Q,2019-Q4,567053233458.8,0,,,,,,,,,L,,,O,OL,true,2010,,F
dataflow,IMF.STA:QNEA(7.0.0),R,ISL,B1GQ,Q,SA,XDC,Q,2020-Q1,531003620123.58,0,,,,,,,,,L,,,O,OL,true,2010,,F
dataflow,IMF.STA:QNEA(7.0.0),R,ISL,B1GQ,Q,SA,XDC,Q,2020-Q2,493127996132.98,0,,,,,,,,,L,,,O,OL,true,2010,,F
dataflow,IMF.STA:QNEA(7.0.0),R,ISL,B1GQ,Q,SA,XDC,Q,2020-Q3,514770712589.39,0,,,,,,,,,L,,,O,OL,true,2010,,F
dataflow,IMF.STA:QNEA(7.0.0),R,ISL,B1GQ,Q,SA,XDC,Q,2020-Q4,538400251161.87,0,,,,,,,,,L,,,O,OL,true,2010,,F
dataflow,IMF.STA:QNEA(7.0.0),R,ISL,B1GQ,Q,SA,XDC,Q,2021-Q1,519581829493.44,0,,,,,,,,,L,,,O,OL,true,2010,,F
dataflow,IMF.STA:QNEA(7.0.0),R,ISL,B1GQ,Q,SA,XDC,Q,2021-Q2,538386328091.68,0,,,,,,,,,L,,,O,OL,true,2010,,F
dataflow,IMF.STA:QNEA(7.0.0),R,ISL,B1GQ,Q,SA,XDC,Q,2021-Q3,555858388872.76,0,,,,,,,,,L,,,O,OL,true,2010,,F
dataflow,IMF.STA:QNEA(7.0.0),R,ISL,B1GQ,Q,SA,XDC,Q,2021-Q4,571091619967.33,0,,,,,,,,,L,,,O,OL,true,2010,,F
dataflow,IMF.STA:QNEA(7.0.0),R,ISL,B1GQ,Q,SA,XDC,Q,2022-Q1,569521793803.44,0,,,,,,,,,L,,,O,OL,true,2010,,F
dataflow,IMF.STA:QNEA(7.0.0),R,ISL,B1GQ,Q,SA,XDC,Q,2022-Q2,587570269690.37,0,,,,,,,,,L,,,O,OL,true,2010,,F
dataflow,IMF.STA:QNEA(7.0.0),R,ISL,B1GQ,Q,SA,XDC,Q,2022-Q3,597560072551.49,0,,,,,,,,,L,,,O,OL,true,2010,,F
dataflow,IMF.STA:QNEA(7.0.0),R,ISL,B1GQ,Q,SA,XDC,Q,2022-Q4,623791832942.43,0,,,,,,,,,L,,,O,OL,true,2010,,F
dataflow,IMF.STA:QNEA(7.0.0),R,ISL,B1GQ,Q,SA,XDC,Q,2023-Q1,623746582964.32,0,,,,,,,,,L,,,O,OL,true,2010,,F
dataflow,IMF.STA:QNEA(7.0.0),R,ISL,B1GQ,Q,SA,XDC,Q,2023-Q2,639471298436.58,0,,,,,,,,,L,,,O,OL,true,2010,,F
dataflow,IMF.STA:QNEA(7.0.0),R,ISL,B1GQ,Q,SA,XDC,Q,2023-Q3,617561259032.53,0,,,,,,,,,L,,,O,OL,true,2010,,F
dataflow,IMF.STA:QNEA(7.0.0),R,ISL,B1GQ,Q,SA,XDC,Q,2023-Q4,621509145584.83,0,,,,,,,,,L,,,O,OL,true,2010,,F
dataflow,IMF.STA:QNEA(7.0.0),R,ISL,B1GQ,Q,SA,XDC,Q,2024-Q1,616010229013.4,0,,,,,,,,,L,,,O,OL,true,2010,,F
dataflow,IMF.STA:QNEA(7.0.0),R,ISL,B1GQ,Q,SA,XDC,Q,2024-Q2,628474857600.74,0,,,,,,,,,L,,,O,OL,true,2010,,F
dataflow,IMF.STA:QNEA(7.0.0),R,ISL,B1GQ,Q,SA,XDC,Q,2024-Q3,624355021131.61,0,,,,,,,,,L,,,O,OL,true,2010,,F
dataflow,IMF.STA:QNEA(7.0.0),R,ISL,B1GQ,Q,SA,XDC,Q,2024-Q4,610903246867.81,0,,,,,,,,,L,,,O,OL,true,2010,,F
dataflow,IMF.STA:QNEA(7.0.0),R,ISL,B1GQ,Q,SA,XDC,Q,2025-Q1,624693199897.78,0,,,,,,,,,L,,,O,OL,true,2010,,F
dataflow,IMF.STA:QNEA(7.0.0),R,ISL,B1GQ,Q,SA,XDC,Q,2025-Q2,626503394035.23,0,,,,,,,,,L,,,O,OL,true,2010,,F
dataflow,IMF.STA:QNEA(7.0.0),R,ISL,B1GQ,Q,SA,XDC,Q,2025-Q3,630631392166.35,0,,,,,,,,,L,,,O,OL,true,2010,,F
dataflow,IMF.STA:QNEA(7.0.0),R,ISL,B1GQ,Q,SA,XDC,Q,2025-Q4,624838895211.35,0,,,,,,,,,L,,,O,OL,true,2010,,F
dataflow,IMF.STA:QNEA(7.0.0),R,ISL,B1GQ,Q,SA,XDC,Q,2026-Q1,647706270133.95,0,,,,,,,,,L,,,O,OL,true,2010,,F
dataflow,IMF.STA:QNEA(7.0.0),R,ISL,B1GQ,Q,SA,XDC,Q,2026-Q2,628407109048.08,0,,,,,,,,,L,,,O,OL,true,2010,,F
dataflow,IMF.STA:QNEA(7.0.0),R,ISR,B1GQ,Q,SA,XDC,Q,1995-Q1,142161100000,0,,,,,,,,,L,,,O,OL,true,2020,,F
dataflow,IMF.STA:QNEA(7.0.0),R,ISR,B1GQ,Q,SA,XDC,Q,1995-Q2,145145200000,0,,,,,,,,,L,,,O,OL,true,2020,,F
dataflow,IMF.STA:QNEA(7.0.0),R,ISR,B1GQ,Q,SA,XDC,Q,1995-Q3,146892700000,0,,,,,,,,,L,,,O,OL,true,2020,,F
dataflow,IMF.STA:QNEA(7.0.0),R,ISR,B1GQ,Q,SA,XDC,Q,1995-Q4,147830500000,0,,,,,,,,,L,,,O,OL,true,2020,,F
dataflow,IMF.STA:QNEA(7.0.0),R,ISR,B1GQ,Q,SA,XDC,Q,1996-Q1,149671100000,0,,,,,,,,,L,,,O,OL,true,2020,,F
dataflow,IMF.STA:QNEA(7.0.0),R,ISR,B1GQ,Q,SA,XDC,Q,1996-Q2,152462400000,0,,,,,,,,,L,,,O,OL,true,2020,,F
dataflow,IMF.STA:QNEA(7.0.0),R,ISR,B1GQ,Q,SA,XDC,Q,1996-Q3,154550800000,0,,,,,,,,,L,,,O,OL,true,2020,,F
dataflow,IMF.STA:QNEA(7.0.0),R,ISR,B1GQ,Q,SA,XDC,Q,1996-Q4,157005600000,0,,,,,,,,,L,,,O,OL,true,2020,,F
dataflow,IMF.STA:QNEA(7.0.0),R,ISR,B1GQ,Q,SA,XDC,Q,1997-Q1,158845900000,0,,,,,,,,,L,,,O,OL,true,2020,,F
dataflow,IMF.STA:QNEA(7.0.0),R,ISR,B1GQ,Q,SA,XDC,Q,1997-Q2,158968700000,0,,,,,,,,,L,,,O,OL,true,2020,,F
dataflow,IMF.STA:QNEA(7.0.0),R,ISR,B1GQ,Q,SA,XDC,Q,1997-Q3,159131300000,0,,,,,,,,,L,,,O,OL,true,2020,,F
dataflow,IMF.STA:QNEA(7.0.0),R,ISR,B1GQ,Q,SA,XDC,Q,1997-Q4,161959600000,0,,,,,,,,,L,,,O,OL,true,2020,,F
dataflow,IMF.STA:QNEA(7.0.0),R,ISR,B1GQ,Q,SA,XDC,Q,1998-Q1,164998200000,0,,,,,,,,,L,,,O,OL,true,2020,,F
dataflow,IMF.STA:QNEA(7.0.0),R,ISR,B1GQ,Q,SA,XDC,Q,1998-Q2,164207800000,0,,,,,,,,,L,,,O,OL,true,2020,,F
dataflow,IMF.STA:QNEA(7.0.0),R,ISR,B1GQ,Q,SA,XDC,Q,1998-Q3,165760600000,0,,,,,,,,,L,,,O,OL,true,2020,,F
dataflow,IMF.STA:QNEA(7.0.0),R,ISR,B1GQ,Q,SA,XDC,Q,1998-Q4,166486400000,0,,,,,,,,,L,,,O,OL,true,2020,,F
dataflow,IMF.STA:QNEA(7.0.0),R,ISR,B1GQ,Q,SA,XDC,Q,1999-Q1,166600100000,0,,,,,,,,,L,,,O,OL,true,2020,,F
dataflow,IMF.STA:QNEA(7.0.0),R,ISR,B1GQ,Q,SA,XDC,Q,1999-Q2,172055900000,0,,,,,,,,,L,,,O,OL,true,2020,,F
dataflow,IMF.STA:QNEA(7.0.0),R,ISR,B1GQ,Q,SA,XDC,Q,1999-Q3,172642500000,0,,,,,,,,,L,,,O,OL,true,2020,,F
dataflow,IMF.STA:QNEA(7.0.0),R,ISR,B1GQ,Q,SA,XDC,Q,1999-Q4,176104900000,0,,,,,,,,,L,,,O,OL,true,2020,,F
dataflow,IMF.STA:QNEA(7.0.0),R,ISR,B1GQ,Q,SA,XDC,Q,2000-Q1,178140400000,0,,,,,,,,,L,,,O,OL,true,2020,,F
dataflow,IMF.STA:QNEA(7.0.0),R,ISR,B1GQ,Q,SA,XDC,Q,2000-Q2,184648000000,0,,,,,,,,,L,,,O,OL,true,2020,,F
dataflow,IMF.STA:QNEA(7.0.0),R,ISR,B1GQ,Q,SA,XDC,Q,2000-Q3,190532100000,0,,,,,,,,,L,,,O,OL,true,2020,,F
dataflow,IMF.STA:QNEA(7.0.0),R,ISR,B1GQ,Q,SA,XDC,Q,2000-Q4,190977100000,0,,,,,,,,,L,,,O,OL,true,2020,,F
dataflow,IMF.STA:QNEA(7.0.0),R,ISR,B1GQ,Q,SA,XDC,Q,2001-Q1,189230800000,0,,,,,,,,,L,,,O,OL,true,2020,,F
dataflow,IMF.STA:QNEA(7.0.0),R,ISR,B1GQ,Q,SA,XDC,Q,2001-Q2,187653400000,0,,,,,,,,,L,,,O,OL,true,2020,,F
dataflow,IMF.STA:QNEA(7.0.0),R,ISR,B1GQ,Q,SA,XDC,Q,2001-Q3,185615100000,0,,,,,,,,,L,,,O,OL,true,2020,,F
dataflow,IMF.STA:QNEA(7.0.0),R,ISR,B1GQ,Q,SA,XDC,Q,2001-Q4,184761400000,0,,,,,,,,,L,,,O,OL,true,2020,,F
dataflow,IMF.STA:QNEA(7.0.0),R,ISR,B1GQ,Q,SA,XDC,Q,2002-Q1,186182700000,0,,,,,,,,,L,,,O,OL,true,2020,,F
dataflow,IMF.STA:QNEA(7.0.0),R,ISR,B1GQ,Q,SA,XDC,Q,2002-Q2,186190300000,0,,,,,,,,,L,,,O,OL,true,2020,,F
dataflow,IMF.STA:QNEA(7.0.0),R,ISR,B1GQ,Q,SA,XDC,Q,2002-Q3,186318600000,0,,,,,,,,,L,,,O,OL,true,2020,,F
dataflow,IMF.STA:QNEA(7.0.0),R,ISR,B1GQ,Q,SA,XDC,Q,2002-Q4,186261200000,0,,,,,,,,,L,,,O,OL,true,2020,,F
dataflow,IMF.STA:QNEA(7.0.0),R,ISR,B1GQ,Q,SA,XDC,Q,2003-Q1,189035700000,0,,,,,,,,,L,,,O,OL,true,2020,,F
dataflow,IMF.STA:QNEA(7.0.0),R,ISR,B1GQ,Q,SA,XDC,Q,2003-Q2,188115800000,0,,,,,,,,,L,,,O,OL,true,2020,,F
dataflow,IMF.STA:QNEA(7.0.0),R,ISR,B1GQ,Q,SA,XDC,Q,2003-Q3,189423700000,0,,,,,,,,,L,,,O,OL,true,2020,,F
dataflow,IMF.STA:QNEA(7.0.0),R,ISR,B1GQ,Q,SA,XDC,Q,2003-Q4,190691000000,0,,,,,,,,,L,,,O,OL,true,2020,,F
dataflow,IMF.STA:QNEA(7.0.0),R,ISR,B1GQ,Q,SA,XDC,Q,2004-Q1,193320800000,0,,,,,,,,,L,,,O,OL,true,2020,,F
dataflow,IMF.STA:QNEA(7.0.0),R,ISR,B1GQ,Q,SA,XDC,Q,2004-Q2,195783100000,0,,,,,,,,,L,,,O,OL,true,2020,,F
dataflow,IMF.STA:QNEA(7.0.0),R,ISR,B1GQ,Q,SA,XDC,Q,2004-Q3,198567400000,0,,,,,,,,,L,,,O,OL,true,2020,,F
dataflow,IMF.STA:QNEA(7.0.0),R,ISR,B1GQ,Q,SA,XDC,Q,2004-Q4,200931600000,0,,,,,,,,,L,,,O,OL,true,2020,,F
dataflow,IMF.STA:QNEA(7.0.0),R,ISR,B1GQ,Q,SA,XDC,Q,2005-Q1,203331300000,0,,,,,,,,,L,,,O,OL,true,2020,,F
dataflow,IMF.STA:QNEA(7.0.0),R,ISR,B1GQ,Q,SA,XDC,Q,2005-Q2,205244000000,0,,,,,,,,,L,,,O,OL,true,2020,,F
dataflow,IMF.STA:QNEA(7.0.0),R,ISR,B1GQ,Q,SA,XDC,Q,2005-Q3,207645300000,0,,,,,,,,,L,,,O,OL,true,2020,,F
dataflow,IMF.STA:QNEA(7.0.0),R,ISR,B1GQ,Q,SA,XDC,Q,2005-Q4,211530800000,0,,,,,,,,,L,,,O,OL,true,2020,,F
dataflow,IMF.STA:QNEA(7.0.0),R,ISR,B1GQ,Q,SA,XDC,Q,2006-Q1,214479100000,0,,,,,,,,,L,,,O,OL,true,2020,,F
dataflow,IMF.STA:QNEA(7.0.0),R,ISR,B1GQ,Q,SA,XDC,Q,2006-Q2,218670000000,0,,,,,,,,,L,,,O,OL,true,2020,,F
dataflow,IMF.STA:QNEA(7.0.0),R,ISR,B1GQ,Q,SA,XDC,Q,2006-Q3,217471600000,0,,,,,,,,,L,,,O,OL,true,2020,,F
dataflow,IMF.STA:QNEA(7.0.0),R,ISR,B1GQ,Q,SA,XDC,Q,2006-Q4,221271600000,0,,,,,,,,,L,,,O,OL,true,2020,,F
dataflow,IMF.STA:QNEA(7.0.0),R,ISR,B1GQ,Q,SA,XDC,Q,2007-Q1,225758300000,0,,,,,,,,,L,,,O,OL,true,2020,,F
dataflow,IMF.STA:QNEA(7.0.0),R,ISR,B1GQ,Q,SA,XDC,Q,2007-Q2,228873500000,0,,,,,,,,,L,,,O,OL,true,2020,,F
dataflow,IMF.STA:QNEA(7.0.0),R,ISR,B1GQ,Q,SA,XDC,Q,2007-Q3,233630600000,0,,,,,,,,,L,,,O,OL,true,2020,,F
dataflow,IMF.STA:QNEA(7.0.0),R,ISR,B1GQ,Q,SA,XDC,Q,2007-Q4,237517100000,0,,,,,,,,,L,,,O,OL,true,2020,,F
dataflow,IMF.STA:QNEA(7.0.0),R,ISR,B1GQ,Q,SA,XDC,Q,2008-Q1,238176900000,0,,,,,,,,,L,,,O,OL,true,2020,,F
dataflow,IMF.STA:QNEA(7.0.0),R,ISR,B1GQ,Q,SA,XDC,Q,2008-Q2,238710700000,0,,,,,,,,,L,,,O,OL,true,2020,,F
dataflow,IMF.STA:QNEA(7.0.0),R,ISR,B1GQ,Q,SA,XDC,Q,2008-Q3,239555700000,0,,,,,,,,,L,,,O,OL,true,2020,,F
dataflow,IMF.STA:QNEA(7.0.0),R,ISR,B1GQ,Q,SA,XDC,Q,2008-Q4,237814800000,0,,,,,,,,,L,,,O,OL,true,2020,,F
dataflow,IMF.STA:QNEA(7.0.0),R,ISR,B1GQ,Q,SA,XDC,Q,2009-Q1,238850400000,0,,,,,,,,,L,,,O,OL,true,2020,,F
dataflow,IMF.STA:QNEA(7.0.0),R,ISR,B1GQ,Q,SA,XDC,Q,2009-Q2,241026300000,0,,,,,,,,,L,,,O,OL,true,2020,,F
dataflow,IMF.STA:QNEA(7.0.0),R,ISR,B1GQ,Q,SA,XDC,Q,2009-Q3,242844500000,0,,,,,,,,,L,,,O,OL,true,2020,,F
dataflow,IMF.STA:QNEA(7.0.0),R,ISR,B1GQ,Q,SA,XDC,Q,2009-Q4,245514400000,0,,,,,,,,,L,,,O,OL,true,2020,,F
dataflow,IMF.STA:QNEA(7.0.0),R,ISR,B1GQ,Q,SA,XDC,Q,2010-Q1,249577100000,0,,,,,,,,,L,,,O,OL,true,2020,,F
dataflow,IMF.STA:QNEA(7.0.0),R,ISR,B1GQ,Q,SA,XDC,Q,2010-Q2,253510100000,0,,,,,,,,,L,,,O,OL,true,2020,,F
dataflow,IMF.STA:QNEA(7.0.0),R,ISR,B1GQ,Q,SA,XDC,Q,2010-Q3,256130900000,0,,,,,,,,,L,,,O,OL,true,2020,,F
dataflow,IMF.STA:QNEA(7.0.0),R,ISR,B1GQ,Q,SA,XDC,Q,2010-Q4,260412900000,0,,,,,,,,,L,,,O,OL,true,2020,,F
dataflow,IMF.STA:QNEA(7.0.0),R,ISR,B1GQ,Q,SA,XDC,Q,2011-Q1,265010600000,0,,,,,,,,,L,,,O,OL,true,2020,,F
dataflow,IMF.STA:QNEA(7.0.0),R,ISR,B1GQ,Q,SA,XDC,Q,2011-Q2,267301700000,0,,,,,,,,,L,,,O,OL,true,2020,,F
dataflow,IMF.STA:QNEA(7.0.0),R,ISR,B1GQ,Q,SA,XDC,Q,2011-Q3,272837300000,0,,,,,,,,,L,,,O,OL,true,2020,,F
dataflow,IMF.STA:QNEA(7.0.0),R,ISR,B1GQ,Q,SA,XDC,Q,2011-Q4,274444600000,0,,,,,,,,,L,,,O,OL,true,2020,,F
dataflow,IMF.STA:QNEA(7.0.0),R,ISR,B1GQ,Q,SA,XDC,Q,2012-Q1,272432400000,0,,,,,,,,,L,,,O,OL,true,2020,,F
dataflow,IMF.STA:QNEA(7.0.0),R,ISR,B1GQ,Q,SA,XDC,Q,2012-Q2,274742700000,0,,,,,,,,,L,,,O,OL,true,2020,,F
dataflow,IMF.STA:QNEA(7.0.0),R,ISR,B1GQ,Q,SA,XDC,Q,2012-Q3,277983000000,0,,,,,,,,,L,,,O,OL,true,2020,,F
dataflow,IMF.STA:QNEA(7.0.0),R,ISR,B1GQ,Q,SA,XDC,Q,2012-Q4,278113900000,0,,,,,,,,,L,,,O,OL,true,2020,,F
dataflow,IMF.STA:QNEA(7.0.0),R,ISR,B1GQ,Q,SA,XDC,Q,2013-Q1,282129700000,0,,,,,,,,,L,,,O,OL,true,2020,,F
dataflow,IMF.STA:QNEA(7.0.0),R,ISR,B1GQ,Q,SA,XDC,Q,2013-Q2,286843100000,0,,,,,,,,,L,,,O,OL,true,2020,,F
dataflow,IMF.STA:QNEA(7.0.0),R,ISR,B1GQ,Q,SA,XDC,Q,2013-Q3,289410200000,0,,,,,,,,,L,,,O,OL,true,2020,,F
dataflow,IMF.STA:QNEA(7.0.0),R,ISR,B1GQ,Q,SA,XDC,Q,2013-Q4,292205700000,0,,,,,,,,,L,,,O,OL,true,2020,,F
dataflow,IMF.STA:QNEA(7.0.0),R,ISR,B1GQ,Q,SA,XDC,Q,2014-Q1,296347900000,0,,,,,,,,,L,,,O,OL,true,2020,,F
dataflow,IMF.STA:QNEA(7.0.0),R,ISR,B1GQ,Q,SA,XDC,Q,2014-Q2,297631300000,0,,,,,,,,,L,,,O,OL,true,2020,,F
dataflow,IMF.STA:QNEA(7.0.0),R,ISR,B1GQ,Q,SA,XDC,Q,2014-Q3,299706000000,0,,,,,,,,,L,,,O,OL,true,2020,,F
dataflow,IMF.STA:QNEA(7.0.0),R,ISR,B1GQ,Q,SA,XDC,Q,2014-Q4,303991600000,0,,,,,,,,,L,,,O,OL,true,2020,,F
dataflow,IMF.STA:QNEA(7.0.0),R,ISR,B1GQ,Q,SA,XDC,Q,2015-Q1,303622800000,0,,,,,,,,,L,,,O,OL,true,2020,,F
dataflow,IMF.STA:QNEA(7.0.0),R,ISR,B1GQ,Q,SA,XDC,Q,2015-Q2,304960000000,0,,,,,,,,,L,,,O,OL,true,2020,,F
dataflow,IMF.STA:QNEA(7.0.0),R,ISR,B1GQ,Q,SA,XDC,Q,2015-Q3,305125300000,0,,,,,,,,,L,,,O,OL,true,2020,,F
dataflow,IMF.STA:QNEA(7.0.0),R,ISR,B1GQ,Q,SA,XDC,Q,2015-Q4,307186800000,0,,,,,,,,,L,,,O,OL,true,2020,,F
dataflow,IMF.STA:QNEA(7.0.0),R,ISR,B1GQ,Q,SA,XDC,Q,2016-Q1,307661200000,0,,,,,,,,,L,,,O,OL,true,2020,,F
dataflow,IMF.STA:QNEA(7.0.0),R,ISR,B1GQ,Q,SA,XDC,Q,2016-Q2,317116500000,0,,,,,,,,,L,,,O,OL,true,2020,,F
dataflow,IMF.STA:QNEA(7.0.0),R,ISR,B1GQ,Q,SA,XDC,Q,2016-Q3,319744700000,0,,,,,,,,,L,,,O,OL,true,2020,,F
dataflow,IMF.STA:QNEA(7.0.0),R,ISR,B1GQ,Q,SA,XDC,Q,2016-Q4,324244700000,0,,,,,,,,,L,,,O,OL,true,2020,,F
dataflow,IMF.STA:QNEA(7.0.0),R,ISR,B1GQ,Q,SA,XDC,Q,2017-Q1,325373300000,0,,,,,,,,,L,,,O,OL,true,2020,,F
dataflow,IMF.STA:QNEA(7.0.0),R,ISR,B1GQ,Q,SA,XDC,Q,2017-Q2,328935400000,0,,,,,,,,,L,,,O,OL,true,2020,,F
dataflow,IMF.STA:QNEA(7.0.0),R,ISR,B1GQ,Q,SA,XDC,Q,2017-Q3,334538700000,0,,,,,,,,,L,,,O,OL,true,2020,,F
dataflow,IMF.STA:QNEA(7.0.0),R,ISR,B1GQ,Q,SA,XDC,Q,2017-Q4,339031900000,0,,,,,,,,,L,,,O,OL,true,2020,,F
dataflow,IMF.STA:QNEA(7.0.0),R,ISR,B1GQ,Q,SA,XDC,Q,2018-Q1,342569200000,0,,,,,,,,,L,,,O,OL,true,2020,,F
dataflow,IMF.STA:QNEA(7.0.0),R,ISR,B1GQ,Q,SA,XDC,Q,2018-Q2,344437200000,0,,,,,,,,,L,,,O,OL,true,2020,,F
dataflow,IMF.STA:QNEA(7.0.0),R,ISR,B1GQ,Q,SA,XDC,Q,2018-Q3,347517900000,0,,,,,,,,,L,,,O,OL,true,2020,,F
dataflow,IMF.STA:QNEA(7.0.0),R,ISR,B1GQ,Q,SA,XDC,Q,2018-Q4,350758700000,0,,,,,,,,,L,,,O,OL,true,2020,,F
dataflow,IMF.STA:QNEA(7.0.0),R,ISR,B1GQ,Q,SA,XDC,Q,2019-Q1,357287200000,0,,,,,,,,,L,,,O,OL,true,2020,,F
dataflow,IMF.STA:QNEA(7.0.0),R,ISR,B1GQ,Q,SA,XDC,Q,2019-Q2,355972600000,0,,,,,,,,,L,,,O,OL,true,2020,,F
dataflow,IMF.STA:QNEA(7.0.0),R,ISR,B1GQ,Q,SA,XDC,Q,2019-Q3,359257200000,0,,,,,,,,,L,,,O,OL,true,2020,,F
dataflow,IMF.STA:QNEA(7.0.0),R,ISR,B1GQ,Q,SA,XDC,Q,2019-Q4,362054900000,0,,,,,,,,,L,,,O,OL,true,2020,,F
dataflow,IMF.STA:QNEA(7.0.0),R,ISR,B1GQ,Q,SA,XDC,Q,2020-Q1,354709000000,0,,,,,,,,,L,,,O,OL,true,2020,,F
dataflow,IMF.STA:QNEA(7.0.0),R,ISR,B1GQ,Q,SA,XDC,Q,2020-Q2,327196100000,0,,,,,,,,,L,,,O,OL,true,2020,,F
dataflow,IMF.STA:QNEA(7.0.0),R,ISR,B1GQ,Q,SA,XDC,Q,2020-Q3,355829900000,0,,,,,,,,,L,,,O,OL,true,2020,,F
dataflow,IMF.STA:QNEA(7.0.0),R,ISR,B1GQ,Q,SA,XDC,Q,2020-Q4,365817700000,0,,,,,,,,,L,,,O,OL,true,2020,,F
dataflow,IMF.STA:QNEA(7.0.0),R,ISR,B1GQ,Q,SA,XDC,Q,2021-Q1,367159900000,0,,,,,,,,,L,,,O,OL,true,2020,,F
dataflow,IMF.STA:QNEA(7.0.0),R,ISR,B1GQ,Q,SA,XDC,Q,2021-Q2,379751600000,0,,,,,,,,,L,,,O,OL,true,2020,,F
dataflow,IMF.STA:QNEA(7.0.0),R,ISR,B1GQ,Q,SA,XDC,Q,2021-Q3,385134500000,0,,,,,,,,,L,,,O,OL,true,2020,,F
dataflow,IMF.STA:QNEA(7.0.0),R,ISR,B1GQ,Q,SA,XDC,Q,2021-Q4,402152600000,0,,,,,,,,,L,,,O,OL,true,2020,,F
dataflow,IMF.STA:QNEA(7.0.0),R,ISR,B1GQ,Q,SA,XDC,Q,2022-Q1,400002100000,0,,,,,,,,,L,,,O,OL,true,2020,,F
dataflow,IMF.STA:QNEA(7.0.0),R,ISR,B1GQ,Q,SA,XDC,Q,2022-Q2,407087600000,0,,,,,,,,,L,,,O,OL,true,2020,,F
dataflow,IMF.STA:QNEA(7.0.0),R,ISR,B1GQ,Q,SA,XDC,Q,2022-Q3,405267600000,0,,,,,,,,,L,,,O,OL,true,2020,,F
dataflow,IMF.STA:QNEA(7.0.0),R,ISR,B1GQ,Q,SA,XDC,Q,2022-Q4,415309900000,0,,,,,,,,,L,,,O,OL,true,2020,,F
dataflow,IMF.STA:QNEA(7.0.0),R,ISR,B1GQ,Q,SA,XDC,Q,2023-Q1,418979500000,0,,,,,,,,,L,,,O,OL,true,2020,,F
dataflow,IMF.STA:QNEA(7.0.0),R,ISR,B1GQ,Q,SA,XDC,Q,2023-Q2,421269700000,0,,,,,,,,,L,,,O,OL,true,2020,,F
dataflow,IMF.STA:QNEA(7.0.0),R,ISR,B1GQ,Q,SA,XDC,Q,2023-Q3,421602200000,0,,,,,,,,,L,,,O,OL,true,2020,,F
dataflow,IMF.STA:QNEA(7.0.0),R,ISR,B1GQ,Q,SA,XDC,Q,2023-Q4,398670000000,0,,,,,,,,,L,,,O,OL,true,2020,,F
dataflow,IMF.STA:QNEA(7.0.0),R,ISR,B1GQ,Q,SA,XDC,Q,2024-Q1,415929600000,0,,,,,,,,,L,,,O,OL,true,2020,,F
dataflow,IMF.STA:QNEA(7.0.0),R,ISR,B1GQ,Q,SA,XDC,Q,2024-Q2,415272300000,0,,,,,,,,,L,,,O,OL,true,2020,,F
dataflow,IMF.STA:QNEA(7.0.0),R,ISR,B1GQ,Q,SA,XDC,Q,2024-Q3,422600400000,0,,,,,,,,,L,,,O,OL,true,2020,,F
dataflow,IMF.STA:QNEA(7.0.0),R,ISR,B1GQ,Q,SA,XDC,Q,2024-Q4,423413000000,0,,,,,,,,,L,,,O,OL,true,2020,,F
dataflow,IMF.STA:QNEA(7.0.0),R,ISR,B1GQ,Q,SA,XDC,Q,2025-Q1,430580800000,0,,,,,,,,,L,,,O,OL,true,2020,,F
dataflow,IMF.STA:QNEA(7.0.0),R,ISR,B1GQ,Q,SA,XDC,Q,2025-Q2,425848600000,0,,,,,,,,,L,,,O,OL,true,2020,,F
dataflow,IMF.STA:QNEA(7.0.0),R,ISR,B1GQ,Q,SA,XDC,Q,2025-Q3,440052300000,0,,,,,,,,,L,,,O,OL,true,2020,,F
dataflow,IMF.STA:QNEA(7.0.0),R,ISR,B1GQ,Q,SA,XDC,Q,2025-Q4,443177800000,0,,,,,,,,,L,,,O,OL,true,2020,,F
dataflow,IMF.STA:QNEA(7.0.0),R,ISR,B1GQ,Q,SA,XDC,Q,2026-Q1,440681700000,0,,,,,,,,,L,,,O,OL,true,2020,,F
dataflow,IMF.STA:QNEA(7.0.0),R,ISR,B1GQ,Q,SA,XDC,Q,2026-Q2,456708900000,0,,,,,,,,,L,,,O,OL,true,2020,,F
dataflow,IMF.STA:QNEA(7.0.0),R,ITA,B1GQ,Q,SA,XDC,Q,1996-Q1,358075059187.71,0,,,,,,,,,L,,,O,OL,true,2010,,F
dataflow,IMF.STA:QNEA(7.0.0),R,ITA,B1GQ,Q,SA,XDC,Q,1996-Q2,358590694964.38,0,,,,,,,,,L,,,O,OL,true,2010,,F
dataflow,IMF.STA:QNEA(7.0.0),R,ITA,B1GQ,Q,SA,XDC,Q,1996-Q3,359221311388.14,0,,,,,,,,,L,,,O,OL,true,2010,,F
dataflow,IMF.STA:QNEA(7.0.0),R,ITA,B1GQ,Q,SA,XDC,Q,1996-Q4,358047780162.48,0,,,,,,,,,L,,,O,OL,true,2010,,F
dataflow,IMF.STA:QNEA(7.0.0),R,ITA,B1GQ,Q,SA,XDC,Q,1997-Q1,359073453739.96,0,,,,,,,,,L,,,O,OL,true,2010,,F
dataflow,IMF.STA:QNEA(7.0.0),R,ITA,B1GQ,Q,SA,XDC,Q,1997-Q2,364885307823.15,0,,,,,,,,,L,,,O,OL,true,2010,,F
dataflow,IMF.STA:QNEA(7.0.0),R,ITA,B1GQ,Q,SA,XDC,Q,1997-Q3,366420663774.4,0,,,,,,,,,L,,,O,OL,true,2010,,F
dataflow,IMF.STA:QNEA(7.0.0),R,ITA,B1GQ,Q,SA,XDC,Q,1997-Q4,371871048559.03,0,,,,,,,,,L,,,O,OL,true,2010,,F
dataflow,IMF.STA:QNEA(7.0.0),R,ITA,B1GQ,Q,SA,XDC,Q,1998-Q1,370126612652.16,0,,,,,,,,,L,,,O,OL,true,2010,,F
dataflow,IMF.STA:QNEA(7.0.0),R,ITA,B1GQ,Q,SA,XDC,Q,1998-Q2,372203106270.12,0,,,,,,,,,L,,,O,OL,true,2010,,F
dataflow,IMF.STA:QNEA(7.0.0),R,ITA,B1GQ,Q,SA,XDC,Q,1998-Q3,372559066449.57,0,,,,,,,,,L,,,O,OL,true,2010,,F
dataflow,IMF.STA:QNEA(7.0.0),R,ITA,B1GQ,Q,SA,XDC,Q,1998-Q4,371334709157.35,0,,,,,,,,,L,,,O,OL,true,2010,,F
dataflow,IMF.STA:QNEA(7.0.0),R,ITA,B1GQ,Q,SA,XDC,Q,1999-Q1,373064128271.83,0,,,,,,,,,L,,,O,OL,true,2010,,F
dataflow,IMF.STA:QNEA(7.0.0),R,ITA,B1GQ,Q,SA,XDC,Q,1999-Q2,374579224881.87,0,,,,,,,,,L,,,O,OL,true,2010,,F
dataflow,IMF.STA:QNEA(7.0.0),R,ITA,B1GQ,Q,SA,XDC,Q,1999-Q3,378513269061.83,0,,,,,,,,,L,,,O,OL,true,2010,,F
dataflow,IMF.STA:QNEA(7.0.0),R,ITA,B1GQ,Q,SA,XDC,Q,1999-Q4,384294467562.92,0,,,,,,,,,L,,,O,OL,true,2010,,F
dataflow,IMF.STA:QNEA(7.0.0),R,ITA,B1GQ,Q,SA,XDC,Q,2000-Q1,388947007502,0,,,,,,,,,L,,,O,OL,true,2010,,F
dataflow,IMF.STA:QNEA(7.0.0),R,ITA,B1GQ,Q,SA,XDC,Q,2000-Q2,391450635563.95,0,,,,,,,,,L,,,O,OL,true,2010,,F
dataflow,IMF.STA:QNEA(7.0.0),R,ITA,B1GQ,Q,SA,XDC,Q,2000-Q3,394898100127.68,0,,,,,,,,,L,,,O,OL,true,2010,,F
dataflow,IMF.STA:QNEA(7.0.0),R,ITA,B1GQ,Q,SA,XDC,Q,2000-Q4,398693261192.2,0,,,,,,,,,L,,,O,OL,true,2010,,F
dataflow,IMF.STA:QNEA(7.0.0),R,ITA,B1GQ,Q,SA,XDC,Q,2001-Q1,402065641793.96,0,,,,,,,,,L,,,O,OL,true,2010,,F
dataflow,IMF.STA:QNEA(7.0.0),R,ITA,B1GQ,Q,SA,XDC,Q,2001-Q2,401741847761.53,0,,,,,,,,,L,,,O,OL,true,2010,,F
dataflow,IMF.STA:QNEA(7.0.0),R,ITA,B1GQ,Q,SA,XDC,Q,2001-Q3,400019004047.26,0,,,,,,,,,L,,,O,OL,true,2010,,F
dataflow,IMF.STA:QNEA(7.0.0),R,ITA,B1GQ,Q,SA,XDC,Q,2001-Q4,399425174322.04,0,,,,,,,,,L,,,O,OL,true,2010,,F
dataflow,IMF.STA:QNEA(7.0.0),R,ITA,B1GQ,Q,SA,XDC,Q,2002-Q1,400015538633.64,0,,,,,,,,,L,,,O,OL,true,2010,,F
dataflow,IMF.STA:QNEA(7.0.0),R,ITA,B1GQ,Q,SA,XDC,Q,2002-Q2,401291521703.25,0,,,,,,,,,L,,,O,OL,true,2010,,F
dataflow,IMF.STA:QNEA(7.0.0),R,ITA,B1GQ,Q,SA,XDC,Q,2002-Q3,401757841978.28,0,,,,,,,,,L,,,O,OL,true,2010,,F
dataflow,IMF.STA:QNEA(7.0.0),R,ITA,B1GQ,Q,SA,XDC,Q,2002-Q4,404150132520.3,0,,,,,,,,,L,,,O,OL,true,2010,,F
dataflow,IMF.STA:QNEA(7.0.0),R,ITA,B1GQ,Q,SA,XDC,Q,2003-Q1,402564572499.8,0,,,,,,,,,L,,,O,OL,true,2010,,F
dataflow,IMF.STA:QNEA(7.0.0),R,ITA,B1GQ,Q,SA,XDC,Q,2003-Q2,401630865668.64,0,,,,,,,,,L,,,O,OL,true,2010,,F
dataflow,IMF.STA:QNEA(7.0.0),R,ITA,B1GQ,Q,SA,XDC,Q,2003-Q3,400714397048.86,0,,,,,,,,,L,,,O,OL,true,2010,,F
dataflow,IMF.STA:QNEA(7.0.0),R,ITA,B1GQ,Q,SA,XDC,Q,2003-Q4,404648974369.38,0,,,,,,,,,L,,,O,OL,true,2010,,F
dataflow,IMF.STA:QNEA(7.0.0),R,ITA,B1GQ,Q,SA,XDC,Q,2004-Q1,406079745914.44,0,,,,,,,,,L,,,O,OL,true,2010,,F
dataflow,IMF.STA:QNEA(7.0.0),R,ITA,B1GQ,Q,SA,XDC,Q,2004-Q2,407317076293.58,0,,,,,,,,,L,,,O,OL,true,2010,,F
dataflow,IMF.STA:QNEA(7.0.0),R,ITA,B1GQ,Q,SA,XDC,Q,2004-Q3,407719597415.12,0,,,,,,,,,L,,,O,OL,true,2010,,F
dataflow,IMF.STA:QNEA(7.0.0),R,ITA,B1GQ,Q,SA,XDC,Q,2004-Q4,408628779780.61,0,,,,,,,,,L,,,O,OL,true,2010,,F
dataflow,IMF.STA:QNEA(7.0.0),R,ITA,B1GQ,Q,SA,XDC,Q,2005-Q1,408009270451.82,0,,,,,,,,,L,,,O,OL,true,2010,,F
dataflow,IMF.STA:QNEA(7.0.0),R,ITA,B1GQ,Q,SA,XDC,Q,2005-Q2,411343442646.9,0,,,,,,,,,L,,,O,OL,true,2010,,F
dataflow,IMF.STA:QNEA(7.0.0),R,ITA,B1GQ,Q,SA,XDC,Q,2005-Q3,413569926475.27,0,,,,,,,,,L,,,O,OL,true,2010,,F
dataflow,IMF.STA:QNEA(7.0.0),R,ITA,B1GQ,Q,SA,XDC,Q,2005-Q4,415456088913.91,0,,,,,,,,,L,,,O,OL,true,2010,,F
dataflow,IMF.STA:QNEA(7.0.0),R,ITA,B1GQ,Q,SA,XDC,Q,2006-Q1,416851317755.07,0,,,,,,,,,L,,,O,OL,true,2010,,F
dataflow,IMF.STA:QNEA(7.0.0),R,ITA,B1GQ,Q,SA,XDC,Q,2006-Q2,418171462634.28,0,,,,,,,,,L,,,O,OL,true,2010,,F
dataflow,IMF.STA:QNEA(7.0.0),R,ITA,B1GQ,Q,SA,XDC,Q,2006-Q3,419423898662.57,0,,,,,,,,,L,,,O,OL,true,2010,,F
dataflow,IMF.STA:QNEA(7.0.0),R,ITA,B1GQ,Q,SA,XDC,Q,2006-Q4,425187858952.27,0,,,,,,,,,L,,,O,OL,true,2010,,F
dataflow,IMF.STA:QNEA(7.0.0),R,ITA,B1GQ,Q,SA,XDC,Q,2007-Q1,424785515544.24,0,,,,,,,,,L,,,O,OL,true,2010,,F
dataflow,IMF.STA:QNEA(7.0.0),R,ITA,B1GQ,Q,SA,XDC,Q,2007-Q2,425815187675.91,0,,,,,,,,,L,,,O,OL,true,2010,,F
dataflow,IMF.STA:QNEA(7.0.0),R,ITA,B1GQ,Q,SA,XDC,Q,2007-Q3,425733172886.69,0,,,,,,,,,L,,,O,OL,true,2010,,F
dataflow,IMF.STA:QNEA(7.0.0),R,ITA,B1GQ,Q,SA,XDC,Q,2007-Q4,424839629310.91,0,,,,,,,,,L,,,O,OL,true,2010,,F
dataflow,IMF.STA:QNEA(7.0.0),R,ITA,B1GQ,Q,SA,XDC,Q,2008-Q1,429487992982.29,0,,,,,,,,,L,,,O,OL,true,2010,,F
dataflow,IMF.STA:QNEA(7.0.0),R,ITA,B1GQ,Q,SA,XDC,Q,2008-Q2,425487750516.33,0,,,,,,,,,L,,,O,OL,true,2010,,F
dataflow,IMF.STA:QNEA(7.0.0),R,ITA,B1GQ,Q,SA,XDC,Q,2008-Q3,419086509545.9,0,,,,,,,,,L,,,O,OL,true,2010,,F
dataflow,IMF.STA:QNEA(7.0.0),R,ITA,B1GQ,Q,SA,XDC,Q,2008-Q4,409089679793.29,0,,,,,,,,,L,,,O,OL,true,2010,,F
dataflow,IMF.STA:QNEA(7.0.0),R,ITA,B1GQ,Q,SA,XDC,Q,2009-Q1,399046377955.34,0,,,,,,,,,L,,,O,OL,true,2010,,F
dataflow,IMF.STA:QNEA(7.0.0),R,ITA,B1GQ,Q,SA,XDC,Q,2009-Q2,396905818613.62,0,,,,,,,,,L,,,O,OL,true,2010,,F
dataflow,IMF.STA:QNEA(7.0.0),R,ITA,B1GQ,Q,SA,XDC,Q,2009-Q3,398239114293.26,0,,,,,,,,,L,,,O,OL,true,2010,,F
dataflow,IMF.STA:QNEA(7.0.0),R,ITA,B1GQ,Q,SA,XDC,Q,2009-Q4,399306728261.33,0,,,,,,,,,L,,,O,OL,true,2010,,F
dataflow,IMF.STA:QNEA(7.0.0),R,ITA,B1GQ,Q,SA,XDC,Q,2010-Q1,400834797958.28,0,,,,,,,,,L,,,O,OL,true,2010,,F
dataflow,IMF.STA:QNEA(7.0.0),R,ITA,B1GQ,Q,SA,XDC,Q,2010-Q2,403543418564.91,0,,,,,,,,,L,,,O,OL,true,2010,,F
dataflow,IMF.STA:QNEA(7.0.0),R,ITA,B1GQ,Q,SA,XDC,Q,2010-Q3,404616097368.28,0,,,,,,,,,L,,,O,OL,true,2010,,F
dataflow,IMF.STA:QNEA(7.0.0),R,ITA,B1GQ,Q,SA,XDC,Q,2010-Q4,408088886108.53,0,,,,,,,,,L,,,O,OL,true,2010,,F
dataflow,IMF.STA:QNEA(7.0.0),R,ITA,B1GQ,Q,SA,XDC,Q,2011-Q1,410401383280.32,0,,,,,,,,,L,,,O,OL,true,2010,,F
dataflow,IMF.STA:QNEA(7.0.0),R,ITA,B1GQ,Q,SA,XDC,Q,2011-Q2,409423248069.29,0,,,,,,,,,L,,,O,OL,true,2010,,F
dataflow,IMF.STA:QNEA(7.0.0),R,ITA,B1GQ,Q,SA,XDC,Q,2011-Q3,407552013566.28,0,,,,,,,,,L,,,O,OL,true,2010,,F
dataflow,IMF.STA:QNEA(7.0.0),R,ITA,B1GQ,Q,SA,XDC,Q,2011-Q4,403564388760.2,0,,,,,,,,,L,,,O,OL,true,2010,,F
dataflow,IMF.STA:QNEA(7.0.0),R,ITA,B1GQ,Q,SA,XDC,Q,2012-Q1,399358620609,0,,,,,,,,,L,,,O,OL,true,2010,,F
dataflow,IMF.STA:QNEA(7.0.0),R,ITA,B1GQ,Q,SA,XDC,Q,2012-Q2,396024626127.45,0,,,,,,,,,L,,,O,OL,true,2010,,F
dataflow,IMF.STA:QNEA(7.0.0),R,ITA,B1GQ,Q,SA,XDC,Q,2012-Q3,393397487169.48,0,,,,,,,,,L,,,O,OL,true,2010,,F
dataflow,IMF.STA:QNEA(7.0.0),R,ITA,B1GQ,Q,SA,XDC,Q,2012-Q4,390376979336.22,0,,,,,,,,,L,,,O,OL,true,2010,,F
dataflow,IMF.STA:QNEA(7.0.0),R,ITA,B1GQ,Q,SA,XDC,Q,2013-Q1,387141882428.24,0,,,,,,,,,L,,,O,OL,true,2010,,F
dataflow,IMF.STA:QNEA(7.0.0),R,ITA,B1GQ,Q,SA,XDC,Q,2013-Q2,387051159676.56,0,,,,,,,,,L,,,O,OL,true,2010,,F
dataflow,IMF.STA:QNEA(7.0.0),R,ITA,B1GQ,Q,SA,XDC,Q,2013-Q3,388345180668.4,0,,,,,,,,,L,,,O,OL,true,2010,,F
dataflow,IMF.STA:QNEA(7.0.0),R,ITA,B1GQ,Q,SA,XDC,Q,2013-Q4,387774009416.9,0,,,,,,,,,L,,,O,OL,true,2010,,F
dataflow,IMF.STA:QNEA(7.0.0),R,ITA,B1GQ,Q,SA,XDC,Q,2014-Q1,387934484724.96,0,,,,,,,,,L,,,O,OL,true,2010,,F
dataflow,IMF.STA:QNEA(7.0.0),R,ITA,B1GQ,Q,SA,XDC,Q,2014-Q2,388035514860.77,0,,,,,,,,,L,,,O,OL,true,2010,,F
dataflow,IMF.STA:QNEA(7.0.0),R,ITA,B1GQ,Q,SA,XDC,Q,2014-Q3,388066437013.15,0,,,,,,,,,L,,,O,OL,true,2010,,F
dataflow,IMF.STA:QNEA(7.0.0),R,ITA,B1GQ,Q,SA,XDC,Q,2014-Q4,387442662559.9,0,,,,,,,,,L,,,O,OL,true,2010,,F
dataflow,IMF.STA:QNEA(7.0.0),R,ITA,B1GQ,Q,SA,XDC,Q,2015-Q1,388996500717.17,0,,,,,,,,,L,,,O,OL,true,2010,,F
dataflow,IMF.STA:QNEA(7.0.0),R,ITA,B1GQ,Q,SA,XDC,Q,2015-Q2,390668429508.11,0,,,,,,,,,L,,,O,OL,true,2010,,F
dataflow,IMF.STA:QNEA(7.0.0),R,ITA,B1GQ,Q,SA,XDC,Q,2015-Q3,390796027815.08,0,,,,,,,,,L,,,O,OL,true,2010,,F
dataflow,IMF.STA:QNEA(7.0.0),R,ITA,B1GQ,Q,SA,XDC,Q,2015-Q4,392586313809.97,0,,,,,,,,,L,,,O,OL,true,2010,,F
dataflow,IMF.STA:QNEA(7.0.0),R,ITA,B1GQ,Q,SA,XDC,Q,2016-Q1,393394910323.45,0,,,,,,,,,L,,,O,OL,true,2010,,F
dataflow,IMF.STA:QNEA(7.0.0),R,ITA,B1GQ,Q,SA,XDC,Q,2016-Q2,394668849687.59,0,,,,,,,,,L,,,O,OL,true,2010,,F
dataflow,IMF.STA:QNEA(7.0.0),R,ITA,B1GQ,Q,SA,XDC,Q,2016-Q3,397368762331.77,0,,,,,,,,,L,,,O,OL,true,2010,,F
dataflow,IMF.STA:QNEA(7.0.0),R,ITA,B1GQ,Q,SA,XDC,Q,2016-Q4,398786560789.91,0,,,,,,,,,L,,,O,OL,true,2010,,F
dataflow,IMF.STA:QNEA(7.0.0),R,ITA,B1GQ,Q,SA,XDC,Q,2017-Q1,400715996470.53,0,,,,,,,,,L,,,O,OL,true,2010,,F
dataflow,IMF.STA:QNEA(7.0.0),R,ITA,B1GQ,Q,SA,XDC,Q,2017-Q2,402430576506.14,0,,,,,,,,,L,,,O,OL,true,2010,,F
dataflow,IMF.STA:QNEA(7.0.0),R,ITA,B1GQ,Q,SA,XDC,Q,2017-Q3,402741575165.17,0,,,,,,,,,L,,,O,OL,true,2010,,F
dataflow,IMF.STA:QNEA(7.0.0),R,ITA,B1GQ,Q,SA,XDC,Q,2017-Q4,405134665418.03,0,,,,,,,,,L,,,O,OL,true,2010,,F
dataflow,IMF.STA:QNEA(7.0.0),R,ITA,B1GQ,Q,SA,XDC,Q,2018-Q1,404551143076.93,0,,,,,,,,,L,,,O,OL,true,2010,,F
dataflow,IMF.STA:QNEA(7.0.0),R,ITA,B1GQ,Q,SA,XDC,Q,2018-Q2,405679890495.68,0,,,,,,,,,L,,,O,OL,true,2010,,F
dataflow,IMF.STA:QNEA(7.0.0),R,ITA,B1GQ,Q,SA,XDC,Q,2018-Q3,405321353470.2,0,,,,,,,,,L,,,O,OL,true,2010,,F
dataflow,IMF.STA:QNEA(7.0.0),R,ITA,B1GQ,Q,SA,XDC,Q,2018-Q4,406449123464.61,0,,,,,,,,,L,,,O,OL,true,2010,,F
dataflow,IMF.STA:QNEA(7.0.0),R,ITA,B1GQ,Q,SA,XDC,Q,2019-Q1,407362304384.28,0,,,,,,,,,L,,,O,OL,true,2010,,F
dataflow,IMF.STA:QNEA(7.0.0),R,ITA,B1GQ,Q,SA,XDC,Q,2019-Q2,408975587713.8,0,,,,,,,,,L,,,O,OL,true,2010,,F
dataflow,IMF.STA:QNEA(7.0.0),R,ITA,B1GQ,Q,SA,XDC,Q,2019-Q3,406760122123.63,0,,,,,,,,,L,,,O,OL,true,2010,,F
dataflow,IMF.STA:QNEA(7.0.0),R,ITA,B1GQ,Q,SA,XDC,Q,2019-Q4,405689664739.25,0,,,,,,,,,L,,,O,OL,true,2010,,F
dataflow,IMF.STA:QNEA(7.0.0),R,ITA,B1GQ,Q,SA,XDC,Q,2020-Q1,382582464373.34,0,,,,,,,,,L,,,O,OL,true,2010,,F
dataflow,IMF.STA:QNEA(7.0.0),R,ITA,B1GQ,Q,SA,XDC,Q,2020-Q2,334810671213.85,0,,,,,,,,,L,,,O,OL,true,2010,,F
dataflow,IMF.STA:QNEA(7.0.0),R,ITA,B1GQ,Q,SA,XDC,Q,2020-Q3,382268977725.04,0,,,,,,,,,L,,,O,OL,true,2010,,F
dataflow,IMF.STA:QNEA(7.0.0),R,ITA,B1GQ,Q,SA,XDC,Q,2020-Q4,383315799211.33,0,,,,,,,,,L,,,O,OL,true,2010,,F
dataflow,IMF.STA:QNEA(7.0.0),R,ITA,B1GQ,Q,SA,XDC,Q,2021-Q1,389642400503.6,0,,,,,,,,,L,,,O,OL,true,2010,,F
dataflow,IMF.STA:QNEA(7.0.0),R,ITA,B1GQ,Q,SA,XDC,Q,2021-Q2,399491372608.03,0,,,,,,,,,L,,,O,OL,true,2010,,F
dataflow,IMF.STA:QNEA(7.0.0),R,ITA,B1GQ,Q,SA,XDC,Q,2021-Q3,408887441808.16,0,,,,,,,,,L,,,O,OL,true,2010,,F
dataflow,IMF.STA:QNEA(7.0.0),R,ITA,B1GQ,Q,SA,XDC,Q,2021-Q4,415506470696.67,0,,,,,,,,,L,,,O,OL,true,2010,,F
dataflow,IMF.STA:QNEA(7.0.0),R,ITA,B1GQ,Q,SA,XDC,Q,2022-Q1,418470732201.02,0,,,,,,,,,L,,,O,OL,true,2010,,F
dataflow,IMF.STA:QNEA(7.0.0),R,ITA,B1GQ,Q,SA,XDC,Q,2022-Q2,425010323146.34,0,,,,,,,,,L,,,O,OL,true,2010,,F
dataflow,IMF.STA:QNEA(7.0.0),R,ITA,B1GQ,Q,SA,XDC,Q,2022-Q3,425660043773.43,0,,,,,,,,,L,,,O,OL,true,2010,,F
dataflow,IMF.STA:QNEA(7.0.0),R,ITA,B1GQ,Q,SA,XDC,Q,2022-Q4,424649653558.63,0,,,,,,,,,L,,,O,OL,true,2010,,F
dataflow,IMF.STA:QNEA(7.0.0),R,ITA,B1GQ,Q,SA,XDC,Q,2023-Q1,427092148169.89,0,,,,,,,,,L,,,O,OL,true,2010,,F
dataflow,IMF.STA:QNEA(7.0.0),R,ITA,B1GQ,Q,SA,XDC,Q,2023-Q2,427208817095.4,0,,,,,,,,,L,,,O,OL,true,2010,,F
dataflow,IMF.STA:QNEA(7.0.0),R,ITA,B1GQ,Q,SA,XDC,Q,2023-Q3,427625910725.54,0,,,,,,,,,L,,,O,OL,true,2010,,F
dataflow,IMF.STA:QNEA(7.0.0),R,ITA,B1GQ,Q,SA,XDC,Q,2023-Q4,429130966521.73,0,,,,,,,,,L,,,O,OL,true,2010,,F
dataflow,IMF.STA:QNEA(7.0.0),R,ITA,B1GQ,Q,SA,XDC,Q,2024-Q1,429481328725.31,0,,,,,,,,,L,,,O,OL,true,2010,,F
dataflow,IMF.STA:QNEA(7.0.0),R,ITA,B1GQ,Q,SA,XDC,Q,2024-Q2,430310095723.25,0,,,,,,,,,L,,,O,OL,true,2010,,F
dataflow,IMF.STA:QNEA(7.0.0),R,ITA,B1GQ,Q,SA,XDC,Q,2024-Q3,430350436692.16,0,,,,,,,,,L,,,O,OL,true,2010,,F
dataflow,IMF.STA:QNEA(7.0.0),R,ITA,B1GQ,Q,SA,XDC,Q,2024-Q4,430948709255.38,0,,,,,,,,,L,,,O,OL,true,2010,,F
dataflow,IMF.STA:QNEA(7.0.0),R,ITA,B1GQ,Q,SA,XDC,Q,2025-Q1,432403294412.04,0,,,,,,,,,L,,,O,OL,true,2010,,F
dataflow,IMF.STA:QNEA(7.0.0),R,ITA,B1GQ,Q,SA,XDC,Q,2025-Q2,432340383826.15,0,,,,,,,,,L,,,O,OL,true,2010,,F
dataflow,IMF.STA:QNEA(7.0.0),R,ITA,B1GQ,Q,SA,XDC,Q,2025-Q3,433152712323.54,0,,,,,,,,,L,,,O,OL,true,2010,,F
dataflow,IMF.STA:QNEA(7.0.0),R,ITA,B1GQ,Q,SA,XDC,Q,2025-Q4,434614406020.98,0,,,,,,,,,L,,,O,OL,true,2010,,F
dataflow,IMF.STA:QNEA(7.0.0),R,ITA,B1GQ,Q,SA,XDC,Q,2026-Q1,435989908661.49,0,,,,,,,,,L,,,O,OL,true,2010,,F
dataflow,IMF.STA:QNEA(7.0.0),R,ITA,B1GQ,Q,SA,XDC,Q,2026-Q2,436738349148.64,0,,,,,,,,,L,,,O,OL,true,2010,,F
dataflow,IMF.STA:QNEA(7.0.0),R,JAM,B1GQ,Q,SA,XDC,Q,1996-Q1,175675000000,0,,,,,,,,,FB,,,O,OL,true,2007,,F
dataflow,IMF.STA:QNEA(7.0.0),R,JAM,B1GQ,Q,SA,XDC,Q,1996-Q2,172932000000,0,,,,,,,,,FB,,,O,OL,true,2007,,F
dataflow,IMF.STA:QNEA(7.0.0),R,JAM,B1GQ,Q,SA,XDC,Q,1996-Q3,170433000000,0,,,,,,,,,FB,,,O,OL,true,2007,,F
dataflow,IMF.STA:QNEA(7.0.0),R,JAM,B1GQ,Q,SA,XDC,Q,1996-Q4,168838000000,0,,,,,,,,,FB,,,O,OL,true,2007,,F
dataflow,IMF.STA:QNEA(7.0.0),R,JAM,B1GQ,Q,SA,XDC,Q,1997-Q1,169972000000,0,,,,,,,,,FB,,,O,OL,true,2007,,F
dataflow,IMF.STA:QNEA(7.0.0),R,JAM,B1GQ,Q,SA,XDC,Q,1997-Q2,170443000000,0,,,,,,,,,FB,,,O,OL,true,2007,,F
dataflow,IMF.STA:QNEA(7.0.0),R,JAM,B1GQ,Q,SA,XDC,Q,1997-Q3,168812000000,0,,,,,,,,,FB,,,O,OL,true,2007,,F
dataflow,IMF.STA:QNEA(7.0.0),R,JAM,B1GQ,Q,SA,XDC,Q,1997-Q4,167365000000,0,,,,,,,,,FB,,,O,OL,true,2007,,F
dataflow,IMF.STA:QNEA(7.0.0),R,JAM,B1GQ,Q,SA,XDC,Q,1998-Q1,166720000000,0,,,,,,,,,FB,,,O,OL,true,2007,,F
dataflow,IMF.STA:QNEA(7.0.0),R,JAM,B1GQ,Q,SA,XDC,Q,1998-Q2,167456000000,0,,,,,,,,,FB,,,O,OL,true,2007,,F
dataflow,IMF.STA:QNEA(7.0.0),R,JAM,B1GQ,Q,SA,XDC,Q,1998-Q3,167008000000,0,,,,,,,,,FB,,,O,OL,true,2007,,F
dataflow,IMF.STA:QNEA(7.0.0),R,JAM,B1GQ,Q,SA,XDC,Q,1998-Q4,167221000000,0,,,,,,,,,FB,,,O,OL,true,2007,,F
dataflow,IMF.STA:QNEA(7.0.0),R,JAM,B1GQ,Q,SA,XDC,Q,1999-Q1,167884000000,0,,,,,,,,,FB,,,O,OL,true,2007,,F
dataflow,IMF.STA:QNEA(7.0.0),R,JAM,B1GQ,Q,SA,XDC,Q,1999-Q2,167916000000,0,,,,,,,,,FB,,,O,OL,true,2007,,F
dataflow,IMF.STA:QNEA(7.0.0),R,JAM,B1GQ,Q,SA,XDC,Q,1999-Q3,168668000000,0,,,,,,,,,FB,,,O,OL,true,2007,,F
dataflow,IMF.STA:QNEA(7.0.0),R,JAM,B1GQ,Q,SA,XDC,Q,1999-Q4,170494000000,0,,,,,,,,,FB,,,O,OL,true,2007,,F
dataflow,IMF.STA:QNEA(7.0.0),R,JAM,B1GQ,Q,SA,XDC,Q,2000-Q1,170332000000,0,,,,,,,,,FB,,,O,OL,true,2007,,F
dataflow,IMF.STA:QNEA(7.0.0),R,JAM,B1GQ,Q,SA,XDC,Q,2000-Q2,169648000000,0,,,,,,,,,FB,,,O,OL,true,2007,,F
dataflow,IMF.STA:QNEA(7.0.0),R,JAM,B1GQ,Q,SA,XDC,Q,2000-Q3,169768000000,0,,,,,,,,,FB,,,O,OL,true,2007,,F
dataflow,IMF.STA:QNEA(7.0.0),R,JAM,B1GQ,Q,SA,XDC,Q,2000-Q4,170453000000,0,,,,,,,,,FB,,,O,OL,true,2007,,F
dataflow,IMF.STA:QNEA(7.0.0),R,JAM,B1GQ,Q,SA,XDC,Q,2001-Q1,172360000000,0,,,,,,,,,FB,,,O,OL,true,2007,,F
dataflow,IMF.STA:QNEA(7.0.0),R,JAM,B1GQ,Q,SA,XDC,Q,2001-Q2,173596000000,0,,,,,,,,,FB,,,O,OL,true,2007,,F
dataflow,IMF.STA:QNEA(7.0.0),R,JAM,B1GQ,Q,SA,XDC,Q,2001-Q3,172669000000,0,,,,,,,,,FB,,,O,OL,true,2007,,F
dataflow,IMF.STA:QNEA(7.0.0),R,JAM,B1GQ,Q,SA,XDC,Q,2001-Q4,170288000000,0,,,,,,,,,FB,,,O,OL,true,2007,,F
dataflow,IMF.STA:QNEA(7.0.0),R,JAM,B1GQ,Q,SA,XDC,Q,2002-Q1,171738000000,0,,,,,,,,,FB,,,O,OL,true,2007,,F
dataflow,IMF.STA:QNEA(7.0.0),R,JAM,B1GQ,Q,SA,XDC,Q,2002-Q2,172341000000,0,,,,,,,,,FB,,,O,OL,true,2007,,F
dataflow,IMF.STA:QNEA(7.0.0),R,JAM,B1GQ,Q,SA,XDC,Q,2002-Q3,174365000000,0,,,,,,,,,FB,,,O,OL,true,2007,,F
dataflow,IMF.STA:QNEA(7.0.0),R,JAM,B1GQ,Q,SA,XDC,Q,2002-Q4,175119000000,0,,,,,,,,,FB,,,O,OL,true,2007,,F
dataflow,IMF.STA:QNEA(7.0.0),R,JAM,B1GQ,Q,SA,XDC,Q,2003-Q1,178287000000,0,,,,,,,,,FB,,,O,OL,true,2007,,F
dataflow,IMF.STA:QNEA(7.0.0),R,JAM,B1GQ,Q,SA,XDC,Q,2003-Q2,178874000000,0,,,,,,,,,FB,,,O,OL,true,2007,,F
dataflow,IMF.STA:QNEA(7.0.0),R,JAM,B1GQ,Q,SA,XDC,Q,2003-Q3,178994000000,0,,,,,,,,,FB,,,O,OL,true,2007,,F
dataflow,IMF.STA:QNEA(7.0.0),R,JAM,B1GQ,Q,SA,XDC,Q,2003-Q4,182835000000,0,,,,,,,,,FB,,,O,OL,true,2007,,F
dataflow,IMF.STA:QNEA(7.0.0),R,JAM,B1GQ,Q,SA,XDC,Q,2004-Q1,182892000000,0,,,,,,,,,FB,,,O,OL,true,2007,,F
dataflow,IMF.STA:QNEA(7.0.0),R,JAM,B1GQ,Q,SA,XDC,Q,2004-Q2,183935000000,0,,,,,,,,,FB,,,O,OL,true,2007,,F
dataflow,IMF.STA:QNEA(7.0.0),R,JAM,B1GQ,Q,SA,XDC,Q,2004-Q3,181531000000,0,,,,,,,,,FB,,,O,OL,true,2007,,F
dataflow,IMF.STA:QNEA(7.0.0),R,JAM,B1GQ,Q,SA,XDC,Q,2004-Q4,180151000000,0,,,,,,,,,FB,,,O,OL,true,2007,,F
dataflow,IMF.STA:QNEA(7.0.0),R,JAM,B1GQ,Q,SA,XDC,Q,2005-Q1,183167000000,0,,,,,,,,,FB,,,O,OL,true,2007,,F
dataflow,IMF.STA:QNEA(7.0.0),R,JAM,B1GQ,Q,SA,XDC,Q,2005-Q2,183031000000,0,,,,,,,,,FB,,,O,OL,true,2007,,F
dataflow,IMF.STA:QNEA(7.0.0),R,JAM,B1GQ,Q,SA,XDC,Q,2005-Q3,184613000000,0,,,,,,,,,FB,,,O,OL,true,2007,,F
dataflow,IMF.STA:QNEA(7.0.0),R,JAM,B1GQ,Q,SA,XDC,Q,2005-Q4,184208000000,0,,,,,,,,,FB,,,O,OL,true,2007,,F
dataflow,IMF.STA:QNEA(7.0.0),R,JAM,B1GQ,Q,SA,XDC,Q,2006-Q1,186029000000,0,,,,,,,,,FB,,,O,OL,true,2007,,F
dataflow,IMF.STA:QNEA(7.0.0),R,JAM,B1GQ,Q,SA,XDC,Q,2006-Q2,187698000000,0,,,,,,,,,FB,,,O,OL,true,2007,,F
dataflow,IMF.STA:QNEA(7.0.0),R,JAM,B1GQ,Q,SA,XDC,Q,2006-Q3,190611000000,0,,,,,,,,,FB,,,O,OL,true,2007,,F
dataflow,IMF.STA:QNEA(7.0.0),R,JAM,B1GQ,Q,SA,XDC,Q,2006-Q4,191991000000,0,,,,,,,,,FB,,,O,OL,true,2007,,F
dataflow,IMF.STA:QNEA(7.0.0),R,JAM,B1GQ,Q,SA,XDC,Q,2007-Q1,190424000000,0,,,,,,,,,FB,,,O,OL,true,2007,,F
dataflow,IMF.STA:QNEA(7.0.0),R,JAM,B1GQ,Q,SA,XDC,Q,2007-Q2,193610000000,0,,,,,,,,,FB,,,O,OL,true,2007,,F
dataflow,IMF.STA:QNEA(7.0.0),R,JAM,B1GQ,Q,SA,XDC,Q,2007-Q3,192747000000,0,,,,,,,,,FB,,,O,OL,true,2007,,F
dataflow,IMF.STA:QNEA(7.0.0),R,JAM,B1GQ,Q,SA,XDC,Q,2007-Q4,190470000000,0,,,,,,,,,FB,,,O,OL,true,2007,,F
dataflow,IMF.STA:QNEA(7.0.0),R,JAM,B1GQ,Q,SA,XDC,Q,2008-Q1,191951000000,0,,,,,,,,,FB,,,O,OL,true,2007,,F
dataflow,IMF.STA:QNEA(7.0.0),R,JAM,B1GQ,Q,SA,XDC,Q,2008-Q2,192328000000,0,,,,,,,,,FB,,,O,OL,true,2007,,F
dataflow,IMF.STA:QNEA(7.0.0),R,JAM,B1GQ,Q,SA,XDC,Q,2008-Q3,188795000000,0,,,,,,,,,FB,,,O,OL,true,2007,,F
dataflow,IMF.STA:QNEA(7.0.0),R,JAM,B1GQ,Q,SA,XDC,Q,2008-Q4,187902000000,0,,,,,,,,,FB,,,O,OL,true,2007,,F
dataflow,IMF.STA:QNEA(7.0.0),R,JAM,B1GQ,Q,SA,XDC,Q,2009-Q1,184580000000,0,,,,,,,,,FB,,,O,OL,true,2007,,F
dataflow,IMF.STA:QNEA(7.0.0),R,JAM,B1GQ,Q,SA,XDC,Q,2009-Q2,183518000000,0,,,,,,,,,FB,,,O,OL,true,2007,,F
dataflow,IMF.STA:QNEA(7.0.0),R,JAM,B1GQ,Q,SA,XDC,Q,2009-Q3,183986000000,0,,,,,,,,,FB,,,O,OL,true,2007,,F
dataflow,IMF.STA:QNEA(7.0.0),R,JAM,B1GQ,Q,SA,XDC,Q,2009-Q4,182937000000,0,,,,,,,,,FB,,,O,OL,true,2007,,F
dataflow,IMF.STA:QNEA(7.0.0),R,JAM,B1GQ,Q,SA,XDC,Q,2010-Q1,181456000000,0,,,,,,,,,FB,,,O,OL,true,2007,,F
dataflow,IMF.STA:QNEA(7.0.0),R,JAM,B1GQ,Q,SA,XDC,Q,2010-Q2,179231000000,0,,,,,,,,,FB,,,O,OL,true,2007,,F
dataflow,IMF.STA:QNEA(7.0.0),R,JAM,B1GQ,Q,SA,XDC,Q,2010-Q3,182026000000,0,,,,,,,,,FB,,,O,OL,true,2007,,F
dataflow,IMF.STA:QNEA(7.0.0),R,JAM,B1GQ,Q,SA,XDC,Q,2010-Q4,181759000000,0,,,,,,,,,FB,,,O,OL,true,2007,,F
dataflow,IMF.STA:QNEA(7.0.0),R,JAM,B1GQ,Q,SA,XDC,Q,2011-Q1,184535000000,0,,,,,,,,,FB,,,O,OL,true,2007,,F
dataflow,IMF.STA:QNEA(7.0.0),R,JAM,B1GQ,Q,SA,XDC,Q,2011-Q2,183061000000,0,,,,,,,,,FB,,,O,OL,true,2007,,F
dataflow,IMF.STA:QNEA(7.0.0),R,JAM,B1GQ,Q,SA,XDC,Q,2011-Q3,182969000000,0,,,,,,,,,FB,,,O,OL,true,2007,,F
dataflow,IMF.STA:QNEA(7.0.0),R,JAM,B1GQ,Q,SA,XDC,Q,2011-Q4,184235000000,0,,,,,,,,,FB,,,O,OL,true,2007,,F
dataflow,IMF.STA:QNEA(7.0.0),R,JAM,B1GQ,Q,SA,XDC,Q,2012-Q1,183651000000,0,,,,,,,,,FB,,,O,OL,true,2007,,F
dataflow,IMF.STA:QNEA(7.0.0),R,JAM,B1GQ,Q,SA,XDC,Q,2012-Q2,182829000000,0,,,,,,,,,FB,,,O,OL,true,2007,,F
dataflow,IMF.STA:QNEA(7.0.0),R,JAM,B1GQ,Q,SA,XDC,Q,2012-Q3,182784000000,0,,,,,,,,,FB,,,O,OL,true,2007,,F
dataflow,IMF.STA:QNEA(7.0.0),R,JAM,B1GQ,Q,SA,XDC,Q,2012-Q4,181855000000,0,,,,,,,,,FB,,,O,OL,true,2007,,F
dataflow,IMF.STA:QNEA(7.0.0),R,JAM,B1GQ,Q,SA,XDC,Q,2013-Q1,181545000000,0,,,,,,,,,FB,,,O,OL,true,2007,,F
dataflow,IMF.STA:QNEA(7.0.0),R,JAM,B1GQ,Q,SA,XDC,Q,2013-Q2,182025000000,0,,,,,,,,,FB,,,O,OL,true,2007,,F
dataflow,IMF.STA:QNEA(7.0.0),R,JAM,B1GQ,Q,SA,XDC,Q,2013-Q3,183975000000,0,,,,,,,,,FB,,,O,OL,true,2007,,F
dataflow,IMF.STA:QNEA(7.0.0),R,JAM,B1GQ,Q,SA,XDC,Q,2013-Q4,185211000000,0,,,,,,,,,FB,,,O,OL,true,2007,,F
dataflow,IMF.STA:QNEA(7.0.0),R,JAM,B1GQ,Q,SA,XDC,Q,2014-Q1,185184000000,0,,,,,,,,,FB,,,O,OL,true,2007,,F
dataflow,IMF.STA:QNEA(7.0.0),R,JAM,B1GQ,Q,SA,XDC,Q,2014-Q2,185009000000,0,,,,,,,,,FB,,,O,OL,true,2007,,F
dataflow,IMF.STA:QNEA(7.0.0),R,JAM,B1GQ,Q,SA,XDC,Q,2014-Q3,181987000000,0,,,,,,,,,FB,,,O,OL,true,2007,,F
dataflow,IMF.STA:QNEA(7.0.0),R,JAM,B1GQ,Q,SA,XDC,Q,2014-Q4,184787000000,0,,,,,,,,,FB,,,O,OL,true,2007,,F
dataflow,IMF.STA:QNEA(7.0.0),R,JAM,B1GQ,Q,SA,XDC,Q,2015-Q1,185892000000,0,,,,,,,,,FB,,,O,OL,true,2007,,F
dataflow,IMF.STA:QNEA(7.0.0),R,JAM,B1GQ,Q,SA,XDC,Q,2015-Q2,186449000000,0,,,,,,,,,FB,,,O,OL,true,2007,,F
dataflow,IMF.STA:QNEA(7.0.0),R,JAM,B1GQ,Q,SA,XDC,Q,2015-Q3,184906000000,0,,,,,,,,,FB,,,O,OL,true,2007,,F
dataflow,IMF.STA:QNEA(7.0.0),R,JAM,B1GQ,Q,SA,XDC,Q,2015-Q4,186126000000,0,,,,,,,,,FB,,,O,OL,true,2007,,F
dataflow,IMF.STA:QNEA(7.0.0),R,JAM,B1GQ,Q,SA,XDC,Q,2016-Q1,187891000000,0,,,,,,,,,FB,,,O,OL,true,2007,,F
dataflow,IMF.STA:QNEA(7.0.0),R,JAM,B1GQ,Q,SA,XDC,Q,2016-Q2,189043000000,0,,,,,,,,,FB,,,O,OL,true,2007,,F
dataflow,IMF.STA:QNEA(7.0.0),R,JAM,B1GQ,Q,SA,XDC,Q,2016-Q3,188786000000,0,,,,,,,,,FB,,,O,OL,true,2007,,F
dataflow,IMF.STA:QNEA(7.0.0),R,JAM,B1GQ,Q,SA,XDC,Q,2016-Q4,188791000000,0,,,,,,,,,FB,,,O,OL,true,2007,,F
dataflow,IMF.STA:QNEA(7.0.0),R,JAM,B1GQ,Q,SA,XDC,Q,2017-Q1,188694000000,0,,,,,,,,,FB,,,O,OL,true,2007,,F
dataflow,IMF.STA:QNEA(7.0.0),R,JAM,B1GQ,Q,SA,XDC,Q,2017-Q2,189273000000,0,,,,,,,,,FB,,,O,OL,true,2007,,F
dataflow,IMF.STA:QNEA(7.0.0),R,JAM,B1GQ,Q,SA,XDC,Q,2017-Q3,190817000000,0,,,,,,,,,FB,,,O,OL,true,2007,,F
dataflow,IMF.STA:QNEA(7.0.0),R,JAM,B1GQ,Q,SA,XDC,Q,2017-Q4,190853000000,0,,,,,,,,,FB,,,O,OL,true,2007,,F
dataflow,IMF.STA:QNEA(7.0.0),R,JAM,B1GQ,Q,SA,XDC,Q,2018-Q1,191574,0,,,,,,,,,FB,,,O,OL,true,2007,,F
dataflow,IMF.STA:QNEA(7.0.0),R,JAM,B1GQ,Q,SA,XDC,Q,2018-Q2,193286,0,,,,,,,,,FB,,,O,OL,true,2007,,F
dataflow,IMF.STA:QNEA(7.0.0),R,JAM,B1GQ,Q,SA,XDC,Q,2018-Q3,194296,0,,,,,,,,,FB,,,O,OL,true,2007,,F
dataflow,IMF.STA:QNEA(7.0.0),R,JAM,B1GQ,Q,SA,XDC,Q,2018-Q4,194362,0,,,,,,,,,FB,,,O,OL,true,2007,,F
dataflow,IMF.STA:QNEA(7.0.0),R,JAM,B1GQ,Q,SA,XDC,Q,2019-Q1,195094,0,,,,,,,,,FB,,,O,OL,true,2007,,F
dataflow,IMF.STA:QNEA(7.0.0),R,JAM,B1GQ,Q,SA,XDC,Q,2019-Q2,196217,0,,,,,,,,,FB,,,O,OL,true,2007,,F
dataflow,IMF.STA:QNEA(7.0.0),R,JAM,B1GQ,Q,SA,XDC,Q,2019-Q3,195580,0,,,,,,,,,FB,,,O,OL,true,2007,,F
dataflow,IMF.STA:QNEA(7.0.0),R,JAM,B1GQ,Q,SA,XDC,Q,2019-Q4,194132,0,,,,,,,,,FB,,,O,OL,true,2007,,F
dataflow,IMF.STA:QNEA(7.0.0),R,JAM,B1GQ,Q,SA,XDC,Q,2020-Q1,190731,0,,,,,,,,,FB,,,O,OL,true,2007,,F
dataflow,IMF.STA:QNEA(7.0.0),R,JAM,B1GQ,Q,SA,XDC,Q,2020-Q2,160927,0,,,,,,,,,FB,,,O,OL,true,2007,,F
dataflow,IMF.STA:QNEA(7.0.0),R,JAM,B1GQ,Q,SA,XDC,Q,2020-Q3,174618,0,,,,,,,,,FB,,,O,OL,true,2007,,F
dataflow,IMF.STA:QNEA(7.0.0),R,JAM,B1GQ,Q,SA,XDC,Q,2020-Q4,176209,0,,,,,,,,,FB,,,O,OL,true,2007,,F
dataflow,IMF.STA:QNEA(7.0.0),R,JAM,B1GQ,Q,SA,XDC,Q,2021-Q1,177542,0,,,,,,,,,FB,,,O,OL,true,2007,,F
dataflow,IMF.STA:QNEA(7.0.0),R,JAM,B1GQ,Q,SA,XDC,Q,2021-Q2,182302,0,,,,,,,,,FB,,,O,OL,true,2007,,F
dataflow,IMF.STA:QNEA(7.0.0),R,JAM,B1GQ,Q,SA,XDC,Q,2021-Q3,183827,0,,,,,,,,,FB,,,O,OL,true,2007,,F
dataflow,IMF.STA:QNEA(7.0.0),R,JAM,B1GQ,Q,SA,XDC,Q,2021-Q4,186317,0,,,,,,,,,FB,,,O,OL,true,2007,,F
dataflow,IMF.STA:QNEA(7.0.0),R,JAM,B1GQ,Q,SA,XDC,Q,2022-Q1,187615,0,,,,,,,,,FB,,,O,OL,true,2007,,F
dataflow,IMF.STA:QNEA(7.0.0),R,JAM,B1GQ,Q,SA,XDC,Q,2022-Q2,190179,0,,,,,,,,,FB,,,O,OL,true,2007,,F
dataflow,IMF.STA:QNEA(7.0.0),R,JAM,B1GQ,Q,SA,XDC,Q,2022-Q3,193888,0,,,,,,,,,FB,,,O,OL,true,2007,,F
dataflow,IMF.STA:QNEA(7.0.0),R,JAM,B1GQ,Q,SA,XDC,Q,2022-Q4,194488,0,,,,,,,,,FB,,,O,OL,true,2007,,F
dataflow,IMF.STA:QNEA(7.0.0),R,JAM,B1GQ,Q,SA,XDC,Q,2023-Q1,196022,0,,,,,,,,,FB,,,O,OL,true,2007,,F
dataflow,IMF.STA:QNEA(7.0.0),R,JAM,B1GQ,Q,SA,XDC,Q,2023-Q2,196495,0,,,,,,,,,FB,,,O,OL,true,2007,,F
dataflow,IMF.STA:QNEA(7.0.0),R,JAM,B1GQ,Q,SA,XDC,Q,2023-Q3,199195,0,,,,,,,,,FB,,,O,OL,true,2007,,F
dataflow,IMF.STA:QNEA(7.0.0),R,JAM,B1GQ,Q,SA,XDC,Q,2023-Q4,199391,0,,,,,,,,,FB,,,O,OL,true,2007,,F
dataflow,IMF.STA:QNEA(7.0.0),R,JAM,B1GQ,Q,SA,XDC,Q,2024-Q1,199721,0,,,,,,,,,FB,,,O,OL,true,2007,,F
dataflow,IMF.STA:QNEA(7.0.0),R,JAM,B1GQ,Q,SA,XDC,Q,2024-Q2,198376,0,,,,,,,,,FB,,,O,OL,true,2007,,F
dataflow,IMF.STA:QNEA(7.0.0),R,JOR,B1GQ,Q,SA,XDC,Q,1992-Q1,2316219328.73421,,,,,,,,,,FB,,,O,OL,true,2016,,F
dataflow,IMF.STA:QNEA(7.0.0),R,JOR,B1GQ,Q,SA,XDC,Q,1992-Q2,2350887005.38441,,,,,,,,,,FB,,,O,OL,true,2016,,F
dataflow,IMF.STA:QNEA(7.0.0),R,JOR,B1GQ,Q,SA,XDC,Q,1992-Q3,2420138042.16266,,,,,,,,,,FB,,,O,OL,true,2016,,F
dataflow,IMF.STA:QNEA(7.0.0),R,JOR,B1GQ,Q,SA,XDC,Q,1992-Q4,2487285621.43533,,,,,,,,,,FB,,,O,OL,true,2016,,F
dataflow,IMF.STA:QNEA(7.0.0),R,JOR,B1GQ,Q,SA,XDC,Q,1993-Q1,2486727085.43273,,,,,,,,,,FB,,,O,OL,true,2016,,F
dataflow,IMF.STA:QNEA(7.0.0),R,JOR,B1GQ,Q,SA,XDC,Q,1993-Q2,2502066693.49378,,,,,,,,,,FB,,,O,OL,true,2016,,F
dataflow,IMF.STA:QNEA(7.0.0),R,JOR,B1GQ,Q,SA,XDC,Q,1993-Q3,2526947322.51721,,,,,,,,,,FB,,,O,OL,true,2016,,F
dataflow,IMF.STA:QNEA(7.0.0),R,JOR,B1GQ,Q,SA,XDC,Q,1993-Q4,2476268898.55628,,,,,,,,,,FB,,,O,OL,true,2016,,F
dataflow,IMF.STA:QNEA(7.0.0),R,JOR,B1GQ,Q,SA,XDC,Q,1994-Q1,2612319405.96843,,,,,,,,,,FB,,,O,OL,true,2016,,F
dataflow,IMF.STA:QNEA(7.0.0),R,JOR,B1GQ,Q,SA,XDC,Q,1994-Q2,2575727855.19511,,,,,,,,,,FB,,,O,OL,true,2016,,F
dataflow,IMF.STA:QNEA(7.0.0),R,JOR,B1GQ,Q,SA,XDC,Q,1994-Q3,2621262761.3034,,,,,,,,,,FB,,,O,OL,true,2016,,F
dataflow,IMF.STA:QNEA(7.0.0),R,JOR,B1GQ,Q,SA,XDC,Q,1994-Q4,2682549977.53307,,,,,,,,,,FB,,,O,OL,true,2016,,F
dataflow,IMF.STA:QNEA(7.0.0),R,JOR,B1GQ,Q,SA,XDC,Q,1995-Q1,2784052738.34856,,,,,,,,,,FB,,,O,OL,true,2016,,F
dataflow,IMF.STA:QNEA(7.0.0),R,JOR,B1GQ,Q,SA,XDC,Q,1995-Q2,2811828943.9744,,,,,,,,,,FB,,,O,OL,true,2016,,F
dataflow,IMF.STA:QNEA(7.0.0),R,JOR,B1GQ,Q,SA,XDC,Q,1995-Q3,2755085305.76742,,,,,,,,,,FB,,,O,OL,true,2016,,F
dataflow,IMF.STA:QNEA(7.0.0),R,JOR,B1GQ,Q,SA,XDC,Q,1995-Q4,2765313011.90962,,,,,,,,,,FB,,,O,OL,true,2016,,F
dataflow,IMF.STA:QNEA(7.0.0),R,JOR,B1GQ,Q,SA,XDC,Q,1996-Q1,2754306671.73644,,,,,,,,,,FB,,,O,OL,true,2016,,F
dataflow,IMF.STA:QNEA(7.0.0),R,JOR,B1GQ,Q,SA,XDC,Q,1996-Q2,2821263639.56956,,,,,,,,,,FB,,,O,OL,true,2016,,F
dataflow,IMF.STA:QNEA(7.0.0),R,JOR,B1GQ,Q,SA,XDC,Q,1996-Q3,2865060730.01142,,,,,,,,,,FB,,,O,OL,true,2016,,F
dataflow,IMF.STA:QNEA(7.0.0),R,JOR,B1GQ,Q,SA,XDC,Q,1996-Q4,2888258958.68257,,,,,,,,,,FB,,,O,OL,true,2016,,F
dataflow,IMF.STA:QNEA(7.0.0),R,JOR,B1GQ,Q,SA,XDC,Q,1997-Q1,2910196689.41395,,,,,,,,,,FB,,,O,OL,true,2016,,F
dataflow,IMF.STA:QNEA(7.0.0),R,JOR,B1GQ,Q,SA,XDC,Q,1997-Q2,2921069654.93806,,,,,,,,,,FB,,,O,OL,true,2016,,F
dataflow,IMF.STA:QNEA(7.0.0),R,JOR,B1GQ,Q,SA,XDC,Q,1997-Q3,2968263621.76697,,,,,,,,,,FB,,,O,OL,true,2016,,F
dataflow,IMF.STA:QNEA(7.0.0),R,JOR,B1GQ,Q,SA,XDC,Q,1997-Q4,2943766758.63728,,,,,,,,,,FB,,,O,OL,true,2016,,F
dataflow,IMF.STA:QNEA(7.0.0),R,JOR,B1GQ,Q,SA,XDC,Q,1998-Q1,3011989797.91812,,,,,,,,,,FB,,,O,OL,true,2016,,F
dataflow,IMF.STA:QNEA(7.0.0),R,JOR,B1GQ,Q,SA,XDC,Q,1998-Q2,2997044996.65911,,,,,,,,,,FB,,,O,OL,true,2016,,F
dataflow,IMF.STA:QNEA(7.0.0),R,JOR,B1GQ,Q,SA,XDC,Q,1998-Q3,2978546173.67031,,,,,,,,,,FB,,,O,OL,true,2016,,F
dataflow,IMF.STA:QNEA(7.0.0),R,JOR,B1GQ,Q,SA,XDC,Q,1998-Q4,3141859031.75247,,,,,,,,,,FB,,,O,OL,true,2016,,F
dataflow,IMF.STA:QNEA(7.0.0),R,JOR,B1GQ,Q,SA,XDC,Q,1999-Q1,3009885610.82556,,,,,,,,,,FB,,,O,OL,true,2016,,F
dataflow,IMF.STA:QNEA(7.0.0),R,JOR,B1GQ,Q,SA,XDC,Q,1999-Q2,3134726872.67149,,,,,,,,,,FB,,,O,OL,true,2016,,F
dataflow,IMF.STA:QNEA(7.0.0),R,JOR,B1GQ,Q,SA,XDC,Q,1999-Q3,3190590674.60828,,,,,,,,,,FB,,,O,OL,true,2016,,F
dataflow,IMF.STA:QNEA(7.0.0),R,JOR,B1GQ,Q,SA,XDC,Q,1999-Q4,3186816841.89467,,,,,,,,,,FB,,,O,OL,true,2016,,F
dataflow,IMF.STA:QNEA(7.0.0),R,JOR,B1GQ,Q,SA,XDC,Q,2000-Q1,3180761449.56076,,,,,,,,,,FB,,,O,OL,true,2016,,F
dataflow,IMF.STA:QNEA(7.0.0),R,JOR,B1GQ,Q,SA,XDC,Q,2000-Q2,3239460347.36768,,,,,,,,,,FB,,,O,OL,true,2016,,F
dataflow,IMF.STA:QNEA(7.0.0),R,JOR,B1GQ,Q,SA,XDC,Q,2000-Q3,3296481769.42935,,,,,,,,,,FB,,,O,OL,true,2016,,F
dataflow,IMF.STA:QNEA(7.0.0),R,JOR,B1GQ,Q,SA,XDC,Q,2000-Q4,3331296433.64221,,,,,,,,,,FB,,,O,OL,true,2016,,F
dataflow,IMF.STA:QNEA(7.0.0),R,JOR,B1GQ,Q,SA,XDC,Q,2001-Q1,3366340385.40758,,,,,,,,,,FB,,,O,OL,true,2016,,F
dataflow,IMF.STA:QNEA(7.0.0),R,JOR,B1GQ,Q,SA,XDC,Q,2001-Q2,3416771747.24638,,,,,,,,,,FB,,,O,OL,true,2016,,F
dataflow,IMF.STA:QNEA(7.0.0),R,JOR,B1GQ,Q,SA,XDC,Q,2001-Q3,3434867106.52374,,,,,,,,,,FB,,,O,OL,true,2016,,F
dataflow,IMF.STA:QNEA(7.0.0),R,JOR,B1GQ,Q,SA,XDC,Q,2001-Q4,3480760760.8223,,,,,,,,,,FB,,,O,OL,true,2016,,F
dataflow,IMF.STA:QNEA(7.0.0),R,JOR,B1GQ,Q,SA,XDC,Q,2002-Q1,3547813884.74874,,,,,,,,,,FB,,,O,OL,true,2016,,F
dataflow,IMF.STA:QNEA(7.0.0),R,JOR,B1GQ,Q,SA,XDC,Q,2002-Q2,3620007553.13545,,,,,,,,,,FB,,,O,OL,true,2016,,F
dataflow,IMF.STA:QNEA(7.0.0),R,JOR,B1GQ,Q,SA,XDC,Q,2002-Q3,3690151818.82217,,,,,,,,,,FB,,,O,OL,true,2016,,F
dataflow,IMF.STA:QNEA(7.0.0),R,JOR,B1GQ,Q,SA,XDC,Q,2002-Q4,3742746743.29365,,,,,,,,,,FB,,,O,OL,true,2016,,F
dataflow,IMF.STA:QNEA(7.0.0),R,JOR,B1GQ,Q,SA,XDC,Q,2003-Q1,3694635395.20277,,,,,,,,,,FB,,,O,OL,true,2016,,F
dataflow,IMF.STA:QNEA(7.0.0),R,JOR,B1GQ,Q,SA,XDC,Q,2003-Q2,3761152575.84106,,,,,,,,,,FB,,,O,OL,true,2016,,F
dataflow,IMF.STA:QNEA(7.0.0),R,JOR,B1GQ,Q,SA,XDC,Q,2003-Q3,3817380638.87064,,,,,,,,,,FB,,,O,OL,true,2016,,F
dataflow,IMF.STA:QNEA(7.0.0),R,JOR,B1GQ,Q,SA,XDC,Q,2003-Q4,3908591390.08554,,,,,,,,,,FB,,,O,OL,true,2016,,F
dataflow,IMF.STA:QNEA(7.0.0),R,JOR,B1GQ,Q,SA,XDC,Q,2004-Q1,3966004917.90466,,,,,,,,,,FB,,,O,OL,true,2016,,F
dataflow,IMF.STA:QNEA(7.0.0),R,JOR,B1GQ,Q,SA,XDC,Q,2004-Q2,4042805112.51905,,,,,,,,,,FB,,,O,OL,true,2016,,F
dataflow,IMF.STA:QNEA(7.0.0),R,JOR,B1GQ,Q,SA,XDC,Q,2004-Q3,4175100642.54203,,,,,,,,,,FB,,,O,OL,true,2016,,F
dataflow,IMF.STA:QNEA(7.0.0),R,JOR,B1GQ,Q,SA,XDC,Q,2004-Q4,4251439327.03426,,,,,,,,,,FB,,,O,OL,true,2016,,F
dataflow,IMF.STA:QNEA(7.0.0),R,JOR,B1GQ,Q,SA,XDC,Q,2005-Q1,4327356476.09947,,,,,,,,,,FB,,,O,OL,true,2016,,F
dataflow,IMF.STA:QNEA(7.0.0),R,JOR,B1GQ,Q,SA,XDC,Q,2005-Q2,4445009497.4496,,,,,,,,,,FB,,,O,OL,true,2016,,F
dataflow,IMF.STA:QNEA(7.0.0),R,JOR,B1GQ,Q,SA,XDC,Q,2005-Q3,4503114401.67284,,,,,,,,,,FB,,,O,OL,true,2016,,F
dataflow,IMF.STA:QNEA(7.0.0),R,JOR,B1GQ,Q,SA,XDC,Q,2005-Q4,4609869624.77808,,,,,,,,,,FB,,,O,OL,true,2016,,F
dataflow,IMF.STA:QNEA(7.0.0),R,JOR,B1GQ,Q,SA,XDC,Q,2006-Q1,4712875311.26817,,,,,,,,,,FB,,,O,OL,true,2016,,F
dataflow,IMF.STA:QNEA(7.0.0),R,JOR,B1GQ,Q,SA,XDC,Q,2006-Q2,4780087446.69882,,,,,,,,,,FB,,,O,OL,true,2016,,F
dataflow,IMF.STA:QNEA(7.0.0),R,JOR,B1GQ,Q,SA,XDC,Q,2006-Q3,4839431117.33562,,,,,,,,,,FB,,,O,OL,true,2016,,F
dataflow,IMF.STA:QNEA(7.0.0),R,JOR,B1GQ,Q,SA,XDC,Q,2006-Q4,5075946124.69739,,,,,,,,,,FB,,,O,OL,true,2016,,F
dataflow,IMF.STA:QNEA(7.0.0),R,JOR,B1GQ,Q,SA,XDC,Q,2007-Q1,5197648640.77926,,,,,,,,,,FB,,,O,OL,true,2016,,F
dataflow,IMF.STA:QNEA(7.0.0),R,JOR,B1GQ,Q,SA,XDC,Q,2007-Q2,5262664882.12656,,,,,,,,,,FB,,,O,OL,true,2016,,F
dataflow,IMF.STA:QNEA(7.0.0),R,JOR,B1GQ,Q,SA,XDC,Q,2007-Q3,5199343315.55909,,,,,,,,,,FB,,,O,OL,true,2016,,F
dataflow,IMF.STA:QNEA(7.0.0),R,JOR,B1GQ,Q,SA,XDC,Q,2007-Q4,5373733161.53509,,,,,,,,,,FB,,,O,OL,true,2016,,F
dataflow,IMF.STA:QNEA(7.0.0),R,JOR,B1GQ,Q,SA,XDC,Q,2008-Q1,5546146848.10826,,,,,,,,,,FB,,,O,OL,true,2016,,F
dataflow,IMF.STA:QNEA(7.0.0),R,JOR,B1GQ,Q,SA,XDC,Q,2008-Q2,5646426284.82145,,,,,,,,,,FB,,,O,OL,true,2016,,F
dataflow,IMF.STA:QNEA(7.0.0),R,JOR,B1GQ,Q,SA,XDC,Q,2008-Q3,5658035050.511,,,,,,,,,,FB,,,O,OL,true,2016,,F
dataflow,IMF.STA:QNEA(7.0.0),R,JOR,B1GQ,Q,SA,XDC,Q,2008-Q4,5735661816.5593,,,,,,,,,,FB,,,O,OL,true,2016,,F
dataflow,IMF.STA:QNEA(7.0.0),R,JOR,B1GQ,Q,SA,XDC,Q,2009-Q1,5842524443.94972,,,,,,,,,,FB,,,O,OL,true,2016,,F
dataflow,IMF.STA:QNEA(7.0.0),R,JOR,B1GQ,Q,SA,XDC,Q,2009-Q2,5932531432.99698,,,,,,,,,,FB,,,O,OL,true,2016,,F
dataflow,IMF.STA:QNEA(7.0.0),R,JOR,B1GQ,Q,SA,XDC,Q,2009-Q3,5997568044.51351,,,,,,,,,,FB,,,O,OL,true,2016,,F
dataflow,IMF.STA:QNEA(7.0.0),R,JOR,B1GQ,Q,SA,XDC,Q,2009-Q4,5948316078.5398,,,,,,,,,,FB,,,O,OL,true,2016,,F
dataflow,IMF.STA:QNEA(7.0.0),R,JOR,B1GQ,Q,SA,XDC,Q,2010-Q1,5968867581.63231,,,,,,,,,,FB,,,O,OL,true,2016,,F
dataflow,IMF.STA:QNEA(7.0.0),R,JOR,B1GQ,Q,SA,XDC,Q,2010-Q2,6036407433.03985,,,,,,,,,,FB,,,O,OL,true,2016,,F
dataflow,IMF.STA:QNEA(7.0.0),R,JOR,B1GQ,Q,SA,XDC,Q,2010-Q3,6123312834.98302,,,,,,,,,,FB,,,O,OL,true,2016,,F
dataflow,IMF.STA:QNEA(7.0.0),R,JOR,B1GQ,Q,SA,XDC,Q,2010-Q4,6141452150.34481,,,,,,,,,,FB,,,O,OL,true,2016,,F
dataflow,IMF.STA:QNEA(7.0.0),R,JOR,B1GQ,Q,SA,XDC,Q,2011-Q1,6148114747.63774,,,,,,,,,,FB,,,O,OL,true,2016,,F
dataflow,IMF.STA:QNEA(7.0.0),R,JOR,B1GQ,Q,SA,XDC,Q,2011-Q2,6201428697.43212,,,,,,,,,,FB,,,O,OL,true,2016,,F
dataflow,IMF.STA:QNEA(7.0.0),R,JOR,B1GQ,Q,SA,XDC,Q,2011-Q3,6273233055.56816,,,,,,,,,,FB,,,O,OL,true,2016,,F
dataflow,IMF.STA:QNEA(7.0.0),R,JOR,B1GQ,Q,SA,XDC,Q,2011-Q4,6311573499.36197,,,,,,,,,,FB,,,O,OL,true,2016,,F
dataflow,IMF.STA:QNEA(7.0.0),R,JOR,B1GQ,Q,SA,XDC,Q,2012-Q1,6338621549.83564,,,,,,,,,,FB,,,O,OL,true,2016,,F
dataflow,IMF.STA:QNEA(7.0.0),R,JOR,B1GQ,Q,SA,XDC,Q,2012-Q2,6353498562.53706,,,,,,,,,,FB,,,O,OL,true,2016,,F
dataflow,IMF.STA:QNEA(7.0.0),R,JOR,B1GQ,Q,SA,XDC,Q,2012-Q3,6402659555.00754,,,,,,,,,,FB,,,O,OL,true,2016,,F
dataflow,IMF.STA:QNEA(7.0.0),R,JOR,B1GQ,Q,SA,XDC,Q,2012-Q4,6445310332.61976,,,,,,,,,,FB,,,O,OL,true,2016,,F
dataflow,IMF.STA:QNEA(7.0.0),R,JOR,B1GQ,Q,SA,XDC,Q,2013-Q1,6489651149.15456,,,,,,,,,,FB,,,O,OL,true,2016,,F
dataflow,IMF.STA:QNEA(7.0.0),R,JOR,B1GQ,Q,SA,XDC,Q,2013-Q2,6552864665.5624,,,,,,,,,,FB,,,O,OL,true,2016,,F
dataflow,IMF.STA:QNEA(7.0.0),R,JOR,B1GQ,Q,SA,XDC,Q,2013-Q3,6565109809.48884,,,,,,,,,,FB,,,O,OL,true,2016,,F
dataflow,IMF.STA:QNEA(7.0.0),R,JOR,B1GQ,Q,SA,XDC,Q,2013-Q4,6599044375.7942,,,,,,,,,,FB,,,O,OL,true,2016,,F
dataflow,IMF.STA:QNEA(7.0.0),R,JOR,B1GQ,Q,SA,XDC,Q,2014-Q1,6709304302.9222,,,,,,,,,,FB,,,O,OL,true,2016,,F
dataflow,IMF.STA:QNEA(7.0.0),R,JOR,B1GQ,Q,SA,XDC,Q,2014-Q2,6748235486.31707,,,,,,,,,,FB,,,O,OL,true,2016,,F
dataflow,IMF.STA:QNEA(7.0.0),R,JOR,B1GQ,Q,SA,XDC,Q,2014-Q3,6788911842.52462,,,,,,,,,,FB,,,O,OL,true,2016,,F
dataflow,IMF.STA:QNEA(7.0.0),R,JOR,B1GQ,Q,SA,XDC,Q,2014-Q4,6847078368.23611,,,,,,,,,,FB,,,O,OL,true,2016,,F
dataflow,IMF.STA:QNEA(7.0.0),R,JOR,B1GQ,Q,SA,XDC,Q,2015-Q1,6859048006.81797,,,,,,,,,,FB,,,O,OL,true,2016,,F
dataflow,IMF.STA:QNEA(7.0.0),R,JOR,B1GQ,Q,SA,XDC,Q,2015-Q2,6912299921.28267,,,,,,,,,,FB,,,O,OL,true,2016,,F
dataflow,IMF.STA:QNEA(7.0.0),R,JOR,B1GQ,Q,SA,XDC,Q,2015-Q3,6981246078.717,,,,,,,,,,FB,,,O,OL,true,2016,,F
dataflow,IMF.STA:QNEA(7.0.0),R,JOR,B1GQ,Q,SA,XDC,Q,2015-Q4,7017335993.18236,,,,,,,,,,FB,,,O,OL,true,2016,,F
dataflow,IMF.STA:QNEA(7.0.0),R,JOR,B1GQ,Q,SA,XDC,Q,2016-Q1,7015220744.19065,,,,,,,,,,FB,,,O,OL,true,2016,,F
dataflow,IMF.STA:QNEA(7.0.0),R,JOR,B1GQ,Q,SA,XDC,Q,2016-Q2,7048248689.222,,,,,,,,,,FB,,,O,OL,true,2016,,F
dataflow,IMF.STA:QNEA(7.0.0),R,JOR,B1GQ,Q,SA,XDC,Q,2016-Q3,7110127999.08552,,,,,,,,,,FB,,,O,OL,true,2016,,F
dataflow,IMF.STA:QNEA(7.0.0),R,JOR,B1GQ,Q,SA,XDC,Q,2016-Q4,7150102567.50183,,,,,,,,,,FB,,,O,OL,true,2016,,F
dataflow,IMF.STA:QNEA(7.0.0),R,JOR,B1GQ,Q,SA,XDC,Q,2017-Q1,7199872571.02792,,,,,,,,,,FB,,,O,OL,true,2016,,F
dataflow,IMF.STA:QNEA(7.0.0),R,JOR,B1GQ,Q,SA,XDC,Q,2017-Q2,7240818488.85573,,,,,,,,,,FB,,,O,OL,true,2016,,F
dataflow,IMF.STA:QNEA(7.0.0),R,JOR,B1GQ,Q,SA,XDC,Q,2017-Q3,7275082492.16005,,,,,,,,,,FB,,,O,OL,true,2016,,F
dataflow,IMF.STA:QNEA(7.0.0),R,JOR,B1GQ,Q,SA,XDC,Q,2017-Q4,7308536447.95629,,,,,,,,,,FB,,,O,OL,true,2016,,F
dataflow,IMF.STA:QNEA(7.0.0),R,JOR,B1GQ,Q,SA,XDC,Q,2018-Q1,7341815166.88961,,,,,,,,,,FB,,,O,OL,true,2016,,F
dataflow,IMF.STA:QNEA(7.0.0),R,JOR,B1GQ,Q,SA,XDC,Q,2018-Q2,7403992841.05285,,,,,,,,,,FB,,,O,OL,true,2016,,F
dataflow,IMF.STA:QNEA(7.0.0),R,JOR,B1GQ,Q,SA,XDC,Q,2018-Q3,7418004965.41358,,,,,,,,,,FB,,,O,OL,true,2016,,F
dataflow,IMF.STA:QNEA(7.0.0),R,JOR,B1GQ,Q,SA,XDC,Q,2018-Q4,7417517026.64396,,,,,,,,,,FB,,,O,OL,true,2016,,F
dataflow,IMF.STA:QNEA(7.0.0),R,JOR,B1GQ,Q,SA,XDC,Q,2019-Q1,7459506714.19567,,,,,,,,,,FB,,,O,OL,true,2016,,F
dataflow,IMF.STA:QNEA(7.0.0),R,JOR,B1GQ,Q,SA,XDC,Q,2019-Q2,7527038902.099,,,,,,,,,,FB,,,O,OL,true,2016,,F
dataflow,IMF.STA:QNEA(7.0.0),R,JOR,B1GQ,Q,SA,XDC,Q,2019-Q3,7552175927.32192,,,,,,,,,,FB,,,O,OL,true,2016,,F
dataflow,IMF.STA:QNEA(7.0.0),R,JOR,B1GQ,Q,SA,XDC,Q,2019-Q4,7560638456.3834,,,,,,,,,,FB,,,O,OL,true,2016,,F
dataflow,IMF.STA:QNEA(7.0.0),R,JOR,B1GQ,Q,SA,XDC,Q,2020-Q1,7529966652.40201,,,,,,,,,,FB,,,O,OL,true,2016,,F
dataflow,IMF.STA:QNEA(7.0.0),R,JOR,B1GQ,Q,SA,XDC,Q,2020-Q2,7300403557.47025,,,,,,,,,,FB,,,O,OL,true,2016,,F
dataflow,IMF.STA:QNEA(7.0.0),R,JOR,B1GQ,Q,SA,XDC,Q,2020-Q3,7427431536.11066,,,,,,,,,,FB,,,O,OL,true,2016,,F
dataflow,IMF.STA:QNEA(7.0.0),R,JOR,B1GQ,Q,SA,XDC,Q,2020-Q4,7509628254.01707,,,,,,,,,,FB,,,O,OL,true,2016,,F
dataflow,IMF.STA:QNEA(7.0.0),R,JOR,B1GQ,Q,SA,XDC,Q,2021-Q1,7643138360.3828,,,,,,,,,,FB,,,O,OL,true,2016,,F
dataflow,IMF.STA:QNEA(7.0.0),R,JOR,B1GQ,Q,SA,XDC,Q,2021-Q2,7662216212.78413,,,,,,,,,,FB,,,O,OL,true,2016,,F
dataflow,IMF.STA:QNEA(7.0.0),R,JOR,B1GQ,Q,SA,XDC,Q,2021-Q3,7741372279.01396,,,,,,,,,,FB,,,O,OL,true,2016,,F
dataflow,IMF.STA:QNEA(7.0.0),R,JOR,B1GQ,Q,SA,XDC,Q,2021-Q4,7808903147.81911,,,,,,,,,,FB,,,O,OL,true,2016,,F
dataflow,IMF.STA:QNEA(7.0.0),R,JOR,B1GQ,Q,SA,XDC,Q,2022-Q1,7822023400.51943,,,,,,,,,,FB,,,O,OL,true,2016,,F
dataflow,IMF.STA:QNEA(7.0.0),R,JOR,B1GQ,Q,SA,XDC,Q,2022-Q2,7882752197.05787,,,,,,,,,,FB,,,O,OL,true,2016,,F
dataflow,IMF.STA:QNEA(7.0.0),R,JOR,B1GQ,Q,SA,XDC,Q,2022-Q3,7919371042.35885,,,,,,,,,,FB,,,O,OL,true,2016,,F
dataflow,IMF.STA:QNEA(7.0.0),R,JOR,B1GQ,Q,SA,XDC,Q,2022-Q4,7980683360.06384,,,,,,,,,,FB,,,O,OL,true,2016,,F
dataflow,IMF.STA:QNEA(7.0.0),R,JOR,B1GQ,Q,SA,XDC,Q,2023-Q1,8035134956.2976,,,,,,,,,,FB,,,O,OL,true,2016,,F
dataflow,IMF.STA:QNEA(7.0.0),R,JOR,B1GQ,Q,SA,XDC,Q,2023-Q2,8089585209.04524,,,,,,,,,,FB,,,O,OL,true,2016,,F
dataflow,IMF.STA:QNEA(7.0.0),R,JOR,B1GQ,Q,SA,XDC,Q,2023-Q3,8137767780.88706,,,,,,,,,,FB,,,O,OL,true,2016,,F
dataflow,IMF.STA:QNEA(7.0.0),R,JOR,B1GQ,Q,SA,XDC,Q,2023-Q4,8164067633.77009,,,,,,,,,,FB,,,O,OL,true,2016,,F
dataflow,IMF.STA:QNEA(7.0.0),R,JOR,B1GQ,Q,SA,XDC,Q,2024-Q1,8236528269.90118,,,,,,,,,,FB,,,O,OL,true,2016,,F
dataflow,IMF.STA:QNEA(7.0.0),R,JPN,B1GQ,Q,SA,XDC,Q,1994-Q1,116268250000000,0,,,,,,,,,L,,,O,OL,true,2020,,F
dataflow,IMF.STA:QNEA(7.0.0),R,JPN,B1GQ,Q,SA,XDC,Q,1994-Q2,115375050000000,0,,,,,,,,,L,,,O,OL,true,2020,,F
dataflow,IMF.STA:QNEA(7.0.0),R,JPN,B1GQ,Q,SA,XDC,Q,1994-Q3,116534625000000,0,,,,,,,,,L,,,O,OL,true,2020,,F
dataflow,IMF.STA:QNEA(7.0.0),R,JPN,B1GQ,Q,SA,XDC,Q,1994-Q4,116099600000000,0,,,,,,,,,L,,,O,OL,true,2020,,F
dataflow,IMF.STA:QNEA(7.0.0),R,JPN,B1GQ,Q,SA,XDC,Q,1995-Q1,117225950000000,0,,,,,,,,,L,,,O,OL,true,2020,,F
dataflow,IMF.STA:QNEA(7.0.0),R,JPN,B1GQ,Q,SA,XDC,Q,1995-Q2,118289625000000,0,,,,,,,,,L,,,O,OL,true,2020,,F
dataflow,IMF.STA:QNEA(7.0.0),R,JPN,B1GQ,Q,SA,XDC,Q,1995-Q3,119648750000000,0,,,,,,,,,L,,,O,OL,true,2020,,F
dataflow,IMF.STA:QNEA(7.0.0),R,JPN,B1GQ,Q,SA,XDC,Q,1995-Q4,119948050000000,0,,,,,,,,,L,,,O,OL,true,2020,,F
dataflow,IMF.STA:QNEA(7.0.0),R,JPN,B1GQ,Q,SA,XDC,Q,1996-Q1,121068450000000,0,,,,,,,,,L,,,O,OL,true,2020,,F
dataflow,IMF.STA:QNEA(7.0.0),R,JPN,B1GQ,Q,SA,XDC,Q,1996-Q2,122375825000000,0,,,,,,,,,L,,,O,OL,true,2020,,F
dataflow,IMF.STA:QNEA(7.0.0),R,JPN,B1GQ,Q,SA,XDC,Q,1996-Q3,122597000000000,0,,,,,,,,,L,,,O,OL,true,2020,,F
dataflow,IMF.STA:QNEA(7.0.0),R,JPN,B1GQ,Q,SA,XDC,Q,1996-Q4,123911150000000,0,,,,,,,,,L,,,O,OL,true,2020,,F
dataflow,IMF.STA:QNEA(7.0.0),R,JPN,B1GQ,Q,SA,XDC,Q,1997-Q1,124728950000000,0,,,,,,,,,L,,,O,OL,true,2020,,F
dataflow,IMF.STA:QNEA(7.0.0),R,JPN,B1GQ,Q,SA,XDC,Q,1997-Q2,123851475000000,0,,,,,,,,,L,,,O,OL,true,2020,,F
dataflow,IMF.STA:QNEA(7.0.0),R,JPN,B1GQ,Q,SA,XDC,Q,1997-Q3,124043925000000,0,,,,,,,,,L,,,O,OL,true,2020,,F
dataflow,IMF.STA:QNEA(7.0.0),R,JPN,B1GQ,Q,SA,XDC,Q,1997-Q4,124028750000000,0,,,,,,,,,L,,,O,OL,true,2020,,F
dataflow,IMF.STA:QNEA(7.0.0),R,JPN,B1GQ,Q,SA,XDC,Q,1998-Q1,122067850000000,0,,,,,,,,,L,,,O,OL,true,2020,,F
dataflow,IMF.STA:QNEA(7.0.0),R,JPN,B1GQ,Q,SA,XDC,Q,1998-Q2,121392500000000,0,,,,,,,,,L,,,O,OL,true,2020,,F
dataflow,IMF.STA:QNEA(7.0.0),R,JPN,B1GQ,Q,SA,XDC,Q,1998-Q3,121551125000000,0,,,,,,,,,L,,,O,OL,true,2020,,F
dataflow,IMF.STA:QNEA(7.0.0),R,JPN,B1GQ,Q,SA,XDC,Q,1998-Q4,122599925000000,0,,,,,,,,,L,,,O,OL,true,2020,,F
dataflow,IMF.STA:QNEA(7.0.0),R,JPN,B1GQ,Q,SA,XDC,Q,1999-Q1,120810625000000,0,,,,,,,,,L,,,O,OL,true,2020,,F
dataflow,IMF.STA:QNEA(7.0.0),R,JPN,B1GQ,Q,SA,XDC,Q,1999-Q2,121420700000000,0,,,,,,,,,L,,,O,OL,true,2020,,F
dataflow,IMF.STA:QNEA(7.0.0),R,JPN,B1GQ,Q,SA,XDC,Q,1999-Q3,122094700000000,0,,,,,,,,,L,,,O,OL,true,2020,,F
dataflow,IMF.STA:QNEA(7.0.0),R,JPN,B1GQ,Q,SA,XDC,Q,1999-Q4,122021725000000,0,,,,,,,,,L,,,O,OL,true,2020,,F
dataflow,IMF.STA:QNEA(7.0.0),R,JPN,B1GQ,Q,SA,XDC,Q,2000-Q1,124314375000000,0,,,,,,,,,L,,,O,OL,true,2020,,F
dataflow,IMF.STA:QNEA(7.0.0),R,JPN,B1GQ,Q,SA,XDC,Q,2000-Q2,125075200000000,0,,,,,,,,,L,,,O,OL,true,2020,,F
dataflow,IMF.STA:QNEA(7.0.0),R,JPN,B1GQ,Q,SA,XDC,Q,2000-Q3,125018550000000,0,,,,,,,,,L,,,O,OL,true,2020,,F
dataflow,IMF.STA:QNEA(7.0.0),R,JPN,B1GQ,Q,SA,XDC,Q,2000-Q4,126314250000000,0,,,,,,,,,L,,,O,OL,true,2020,,F
dataflow,IMF.STA:QNEA(7.0.0),R,JPN,B1GQ,Q,SA,XDC,Q,2001-Q1,127053275000000,0,,,,,,,,,L,,,O,OL,true,2020,,F
dataflow,IMF.STA:QNEA(7.0.0),R,JPN,B1GQ,Q,SA,XDC,Q,2001-Q2,126089150000000,0,,,,,,,,,L,,,O,OL,true,2020,,F
dataflow,IMF.STA:QNEA(7.0.0),R,JPN,B1GQ,Q,SA,XDC,Q,2001-Q3,124604675000000,0,,,,,,,,,L,,,O,OL,true,2020,,F
dataflow,IMF.STA:QNEA(7.0.0),R,JPN,B1GQ,Q,SA,XDC,Q,2001-Q4,124332625000000,0,,,,,,,,,L,,,O,OL,true,2020,,F
dataflow,IMF.STA:QNEA(7.0.0),R,JPN,B1GQ,Q,SA,XDC,Q,2002-Q1,124648150000000,0,,,,,,,,,L,,,O,OL,true,2020,,F
dataflow,IMF.STA:QNEA(7.0.0),R,JPN,B1GQ,Q,SA,XDC,Q,2002-Q2,125542550000000,0,,,,,,,,,L,,,O,OL,true,2020,,F
dataflow,IMF.STA:QNEA(7.0.0),R,JPN,B1GQ,Q,SA,XDC,Q,2002-Q3,125928800000000,0,,,,,,,,,L,,,O,OL,true,2020,,F
dataflow,IMF.STA:QNEA(7.0.0),R,JPN,B1GQ,Q,SA,XDC,Q,2002-Q4,126222900000000,0,,,,,,,,,L,,,O,OL,true,2020,,F
dataflow,IMF.STA:QNEA(7.0.0),R,JPN,B1GQ,Q,SA,XDC,Q,2003-Q1,126078025000000,0,,,,,,,,,L,,,O,OL,true,2020,,F
dataflow,IMF.STA:QNEA(7.0.0),R,JPN,B1GQ,Q,SA,XDC,Q,2003-Q2,127118175000000,0,,,,,,,,,L,,,O,OL,true,2020,,F
dataflow,IMF.STA:QNEA(7.0.0),R,JPN,B1GQ,Q,SA,XDC,Q,2003-Q3,127486925000000,0,,,,,,,,,L,,,O,OL,true,2020,,F
dataflow,IMF.STA:QNEA(7.0.0),R,JPN,B1GQ,Q,SA,XDC,Q,2003-Q4,128776175000000,0,,,,,,,,,L,,,O,OL,true,2020,,F
dataflow,IMF.STA:QNEA(7.0.0),R,JPN,B1GQ,Q,SA,XDC,Q,2004-Q1,129877225000000,0,,,,,,,,,L,,,O,OL,true,2020,,F
dataflow,IMF.STA:QNEA(7.0.0),R,JPN,B1GQ,Q,SA,XDC,Q,2004-Q2,129783350000000,0,,,,,,,,,L,,,O,OL,true,2020,,F
dataflow,IMF.STA:QNEA(7.0.0),R,JPN,B1GQ,Q,SA,XDC,Q,2004-Q3,130502550000000,0,,,,,,,,,L,,,O,OL,true,2020,,F
dataflow,IMF.STA:QNEA(7.0.0),R,JPN,B1GQ,Q,SA,XDC,Q,2004-Q4,130004900000000,0,,,,,,,,,L,,,O,OL,true,2020,,F
dataflow,IMF.STA:QNEA(7.0.0),R,JPN,B1GQ,Q,SA,XDC,Q,2005-Q1,130809850000000,0,,,,,,,,,L,,,O,OL,true,2020,,F
dataflow,IMF.STA:QNEA(7.0.0),R,JPN,B1GQ,Q,SA,XDC,Q,2005-Q2,132067375000000,0,,,,,,,,,L,,,O,OL,true,2020,,F
dataflow,IMF.STA:QNEA(7.0.0),R,JPN,B1GQ,Q,SA,XDC,Q,2005-Q3,133257500000000,0,,,,,,,,,L,,,O,OL,true,2020,,F
dataflow,IMF.STA:QNEA(7.0.0),R,JPN,B1GQ,Q,SA,XDC,Q,2005-Q4,133631625000000,0,,,,,,,,,L,,,O,OL,true,2020,,F
dataflow,IMF.STA:QNEA(7.0.0),R,JPN,B1GQ,Q,SA,XDC,Q,2006-Q1,133735725000000,0,,,,,,,,,L,,,O,OL,true,2020,,F
dataflow,IMF.STA:QNEA(7.0.0),R,JPN,B1GQ,Q,SA,XDC,Q,2006-Q2,134106775000000,0,,,,,,,,,L,,,O,OL,true,2020,,F
dataflow,IMF.STA:QNEA(7.0.0),R,JPN,B1GQ,Q,SA,XDC,Q,2006-Q3,134088575000000,0,,,,,,,,,L,,,O,OL,true,2020,,F
dataflow,IMF.STA:QNEA(7.0.0),R,JPN,B1GQ,Q,SA,XDC,Q,2006-Q4,135889150000000,0,,,,,,,,,L,,,O,OL,true,2020,,F
dataflow,IMF.STA:QNEA(7.0.0),R,JPN,B1GQ,Q,SA,XDC,Q,2007-Q1,136865650000000,0,,,,,,,,,L,,,O,OL,true,2020,,F
dataflow,IMF.STA:QNEA(7.0.0),R,JPN,B1GQ,Q,SA,XDC,Q,2007-Q2,137080100000000,0,,,,,,,,,L,,,O,OL,true,2020,,F
dataflow,IMF.STA:QNEA(7.0.0),R,JPN,B1GQ,Q,SA,XDC,Q,2007-Q3,136181275000000,0,,,,,,,,,L,,,O,OL,true,2020,,F
dataflow,IMF.STA:QNEA(7.0.0),R,JPN,B1GQ,Q,SA,XDC,Q,2007-Q4,136951050000000,0,,,,,,,,,L,,,O,OL,true,2020,,F
dataflow,IMF.STA:QNEA(7.0.0),R,JPN,B1GQ,Q,SA,XDC,Q,2008-Q1,137234200000000,0,,,,,,,,,L,,,O,OL,true,2020,,F
dataflow,IMF.STA:QNEA(7.0.0),R,JPN,B1GQ,Q,SA,XDC,Q,2008-Q2,136582925000000,0,,,,,,,,,L,,,O,OL,true,2020,,F
dataflow,IMF.STA:QNEA(7.0.0),R,JPN,B1GQ,Q,SA,XDC,Q,2008-Q3,135064775000000,0,,,,,,,,,L,,,O,OL,true,2020,,F
dataflow,IMF.STA:QNEA(7.0.0),R,JPN,B1GQ,Q,SA,XDC,Q,2008-Q4,131854575000000,0,,,,,,,,,L,,,O,OL,true,2020,,F
dataflow,IMF.STA:QNEA(7.0.0),R,JPN,B1GQ,Q,SA,XDC,Q,2009-Q1,126003525000000,0,,,,,,,,,L,,,O,OL,true,2020,,F
dataflow,IMF.STA:QNEA(7.0.0),R,JPN,B1GQ,Q,SA,XDC,Q,2009-Q2,127419050000000,0,,,,,,,,,L,,,O,OL,true,2020,,F
dataflow,IMF.STA:QNEA(7.0.0),R,JPN,B1GQ,Q,SA,XDC,Q,2009-Q3,126595625000000,0,,,,,,,,,L,,,O,OL,true,2020,,F
dataflow,IMF.STA:QNEA(7.0.0),R,JPN,B1GQ,Q,SA,XDC,Q,2009-Q4,128621600000000,0,,,,,,,,,L,,,O,OL,true,2020,,F
dataflow,IMF.STA:QNEA(7.0.0),R,JPN,B1GQ,Q,SA,XDC,Q,2010-Q1,130211575000000,0,,,,,,,,,L,,,O,OL,true,2020,,F
dataflow,IMF.STA:QNEA(7.0.0),R,JPN,B1GQ,Q,SA,XDC,Q,2010-Q2,132013400000000,0,,,,,,,,,L,,,O,OL,true,2020,,F
dataflow,IMF.STA:QNEA(7.0.0),R,JPN,B1GQ,Q,SA,XDC,Q,2010-Q3,134297600000000,0,,,,,,,,,L,,,O,OL,true,2020,,F
dataflow,IMF.STA:QNEA(7.0.0),R,JPN,B1GQ,Q,SA,XDC,Q,2010-Q4,133135625000000,0,,,,,,,,,L,,,O,OL,true,2020,,F
dataflow,IMF.STA:QNEA(7.0.0),R,JPN,B1GQ,Q,SA,XDC,Q,2011-Q1,131217000000000,0,,,,,,,,,L,,,O,OL,true,2020,,F
dataflow,IMF.STA:QNEA(7.0.0),R,JPN,B1GQ,Q,SA,XDC,Q,2011-Q2,130384300000000,0,,,,,,,,,L,,,O,OL,true,2020,,F
dataflow,IMF.STA:QNEA(7.0.0),R,JPN,B1GQ,Q,SA,XDC,Q,2011-Q3,133519875000000,0,,,,,,,,,L,,,O,OL,true,2020,,F
dataflow,IMF.STA:QNEA(7.0.0),R,JPN,B1GQ,Q,SA,XDC,Q,2011-Q4,133558450000000,0,,,,,,,,,L,,,O,OL,true,2020,,F
dataflow,IMF.STA:QNEA(7.0.0),R,JPN,B1GQ,Q,SA,XDC,Q,2012-Q1,135562425000000,0,,,,,,,,,L,,,O,OL,true,2020,,F
dataflow,IMF.STA:QNEA(7.0.0),R,JPN,B1GQ,Q,SA,XDC,Q,2012-Q2,134329775000000,0,,,,,,,,,L,,,O,OL,true,2020,,F
dataflow,IMF.STA:QNEA(7.0.0),R,JPN,B1GQ,Q,SA,XDC,Q,2012-Q3,133812025000000,0,,,,,,,,,L,,,O,OL,true,2020,,F
dataflow,IMF.STA:QNEA(7.0.0),R,JPN,B1GQ,Q,SA,XDC,Q,2012-Q4,133733950000000,0,,,,,,,,,L,,,O,OL,true,2020,,F
dataflow,IMF.STA:QNEA(7.0.0),R,JPN,B1GQ,Q,SA,XDC,Q,2013-Q1,135398325000000,0,,,,,,,,,L,,,O,OL,true,2020,,F
dataflow,IMF.STA:QNEA(7.0.0),R,JPN,B1GQ,Q,SA,XDC,Q,2013-Q2,136830600000000,0,,,,,,,,,L,,,O,OL,true,2020,,F
dataflow,IMF.STA:QNEA(7.0.0),R,JPN,B1GQ,Q,SA,XDC,Q,2013-Q3,138136400000000,0,,,,,,,,,L,,,O,OL,true,2020,,F
dataflow,IMF.STA:QNEA(7.0.0),R,JPN,B1GQ,Q,SA,XDC,Q,2013-Q4,137941825000000,0,,,,,,,,,L,,,O,OL,true,2020,,F
dataflow,IMF.STA:QNEA(7.0.0),R,JPN,B1GQ,Q,SA,XDC,Q,2014-Q1,139318575000000,0,,,,,,,,,L,,,O,OL,true,2020,,F
dataflow,IMF.STA:QNEA(7.0.0),R,JPN,B1GQ,Q,SA,XDC,Q,2014-Q2,137381925000000,0,,,,,,,,,L,,,O,OL,true,2020,,F
dataflow,IMF.STA:QNEA(7.0.0),R,JPN,B1GQ,Q,SA,XDC,Q,2014-Q3,137649125000000,0,,,,,,,,,L,,,O,OL,true,2020,,F
dataflow,IMF.STA:QNEA(7.0.0),R,JPN,B1GQ,Q,SA,XDC,Q,2014-Q4,138440150000000,0,,,,,,,,,L,,,O,OL,true,2020,,F
dataflow,IMF.STA:QNEA(7.0.0),R,JPN,B1GQ,Q,SA,XDC,Q,2015-Q1,140609050000000,0,,,,,,,,,L,,,O,OL,true,2020,,F
dataflow,IMF.STA:QNEA(7.0.0),R,JPN,B1GQ,Q,SA,XDC,Q,2015-Q2,140759525000000,0,,,,,,,,,L,,,O,OL,true,2020,,F
dataflow,IMF.STA:QNEA(7.0.0),R,JPN,B1GQ,Q,SA,XDC,Q,2015-Q3,140963300000000,0,,,,,,,,,L,,,O,OL,true,2020,,F
dataflow,IMF.STA:QNEA(7.0.0),R,JPN,B1GQ,Q,SA,XDC,Q,2015-Q4,140684600000000,0,,,,,,,,,L,,,O,OL,true,2020,,F
dataflow,IMF.STA:QNEA(7.0.0),R,JPN,B1GQ,Q,SA,XDC,Q,2016-Q1,141868300000000,0,,,,,,,,,L,,,O,OL,true,2020,,F
dataflow,IMF.STA:QNEA(7.0.0),R,JPN,B1GQ,Q,SA,XDC,Q,2016-Q2,141411375000000,0,,,,,,,,,L,,,O,OL,true,2020,,F
dataflow,IMF.STA:QNEA(7.0.0),R,JPN,B1GQ,Q,SA,XDC,Q,2016-Q3,141756025000000,0,,,,,,,,,L,,,O,OL,true,2020,,F
dataflow,IMF.STA:QNEA(7.0.0),R,JPN,B1GQ,Q,SA,XDC,Q,2016-Q4,141749050000000,0,,,,,,,,,L,,,O,OL,true,2020,,F
dataflow,IMF.STA:QNEA(7.0.0),R,JPN,B1GQ,Q,SA,XDC,Q,2017-Q1,142775875000000,0,,,,,,,,,L,,,O,OL,true,2020,,F
dataflow,IMF.STA:QNEA(7.0.0),R,JPN,B1GQ,Q,SA,XDC,Q,2017-Q2,143223250000000,0,,,,,,,,,L,,,O,OL,true,2020,,F
dataflow,IMF.STA:QNEA(7.0.0),R,JPN,B1GQ,Q,SA,XDC,Q,2017-Q3,144907200000000,0,,,,,,,,,L,,,O,OL,true,2020,,F
dataflow,IMF.STA:QNEA(7.0.0),R,JPN,B1GQ,Q,SA,XDC,Q,2017-Q4,145093700000000,0,,,,,,,,,L,,,O,OL,true,2020,,F
dataflow,IMF.STA:QNEA(7.0.0),R,JPN,B1GQ,Q,SA,XDC,Q,2018-Q1,144870525000000,0,,,,,,,,,L,,,O,OL,true,2020,,F
dataflow,IMF.STA:QNEA(7.0.0),R,JPN,B1GQ,Q,SA,XDC,Q,2018-Q2,145754050000000,0,,,,,,,,,L,,,O,OL,true,2020,,F
dataflow,IMF.STA:QNEA(7.0.0),R,JPN,B1GQ,Q,SA,XDC,Q,2018-Q3,145122500000000,0,,,,,,,,,L,,,O,OL,true,2020,,F
dataflow,IMF.STA:QNEA(7.0.0),R,JPN,B1GQ,Q,SA,XDC,Q,2018-Q4,145175775000000,0,,,,,,,,,L,,,O,OL,true,2020,,F
dataflow,IMF.STA:QNEA(7.0.0),R,JPN,B1GQ,Q,SA,XDC,Q,2019-Q1,145336600000000,0,,,,,,,,,L,,,O,OL,true,2020,,F
dataflow,IMF.STA:QNEA(7.0.0),R,JPN,B1GQ,Q,SA,XDC,Q,2019-Q2,145920700000000,0,,,,,,,,,L,,,O,OL,true,2020,,F
dataflow,IMF.STA:QNEA(7.0.0),R,JPN,B1GQ,Q,SA,XDC,Q,2019-Q3,146047350000000,0,,,,,,,,,L,,,O,OL,true,2020,,F
dataflow,IMF.STA:QNEA(7.0.0),R,JPN,B1GQ,Q,SA,XDC,Q,2019-Q4,141808175000000,0,,,,,,,,,L,,,O,OL,true,2020,,F
dataflow,IMF.STA:QNEA(7.0.0),R,JPN,B1GQ,Q,SA,XDC,Q,2020-Q1,142317225000000,0,,,,,,,,,L,,,O,OL,true,2020,,F
dataflow,IMF.STA:QNEA(7.0.0),R,JPN,B1GQ,Q,SA,XDC,Q,2020-Q2,132058750000000,0,,,,,,,,,L,,,O,OL,true,2020,,F
dataflow,IMF.STA:QNEA(7.0.0),R,JPN,B1GQ,Q,SA,XDC,Q,2020-Q3,138688050000000,0,,,,,,,,,L,,,O,OL,true,2020,,F
dataflow,IMF.STA:QNEA(7.0.0),R,JPN,B1GQ,Q,SA,XDC,Q,2020-Q4,140958700000000,0,,,,,,,,,L,,,O,OL,true,2020,,F
dataflow,IMF.STA:QNEA(7.0.0),R,JPN,B1GQ,Q,SA,XDC,Q,2021-Q1,142683575000000,0,,,,,,,,,L,,,O,OL,true,2020,,F
dataflow,IMF.STA:QNEA(7.0.0),R,JPN,B1GQ,Q,SA,XDC,Q,2021-Q2,143531800000000,0,,,,,,,,,L,,,O,OL,true,2020,,F
dataflow,IMF.STA:QNEA(7.0.0),R,JPN,B1GQ,Q,SA,XDC,Q,2021-Q3,143233575000000,0,,,,,,,,,L,,,O,OL,true,2020,,F
dataflow,IMF.STA:QNEA(7.0.0),R,JPN,B1GQ,Q,SA,XDC,Q,2021-Q4,144918300000000,0,,,,,,,,,L,,,O,OL,true,2020,,F
dataflow,IMF.STA:QNEA(7.0.0),R,JPN,B1GQ,Q,SA,XDC,Q,2022-Q1,144334700000000,0,,,,,,,,,L,,,O,OL,true,2020,,F
dataflow,IMF.STA:QNEA(7.0.0),R,JPN,B1GQ,Q,SA,XDC,Q,2022-Q2,145677925000000,0,,,,,,,,,L,,,O,OL,true,2020,,F
dataflow,IMF.STA:QNEA(7.0.0),R,JPN,B1GQ,Q,SA,XDC,Q,2022-Q3,145270900000000,0,,,,,,,,,L,,,O,OL,true,2020,,F
dataflow,IMF.STA:QNEA(7.0.0),R,JPN,B1GQ,Q,SA,XDC,Q,2022-Q4,145989000000000,0,,,,,,,,,L,,,O,OL,true,2020,,F
dataflow,IMF.STA:QNEA(7.0.0),R,JPN,B1GQ,Q,SA,XDC,Q,2023-Q1,147332300000000,0,,,,,,,,,L,,,O,OL,true,2020,,F
dataflow,IMF.STA:QNEA(7.0.0),R,JPN,B1GQ,Q,SA,XDC,Q,2023-Q2,147373625000000,0,,,,,,,,,L,,,O,OL,true,2020,,F
dataflow,IMF.STA:QNEA(7.0.0),R,JPN,B1GQ,Q,SA,XDC,Q,2023-Q3,145529050000000,0,,,,,,,,,L,,,O,OL,true,2020,,F
dataflow,IMF.STA:QNEA(7.0.0),R,JPN,B1GQ,Q,SA,XDC,Q,2023-Q4,146210450000000,0,,,,,,,,,L,,,O,OL,true,2020,,F
dataflow,IMF.STA:QNEA(7.0.0),R,JPN,B1GQ,Q,SA,XDC,Q,2024-Q1,146132650000000,0,,,,,,,,,L,,,O,OL,true,2020,,F
dataflow,IMF.STA:QNEA(7.0.0),R,JPN,B1GQ,Q,SA,XDC,Q,2024-Q2,145934575000000,0,,,,,,,,,L,,,O,OL,true,2020,,F
dataflow,IMF.STA:QNEA(7.0.0),R,JPN,B1GQ,Q,SA,XDC,Q,2024-Q3,147121200000000,0,,,,,,,,,L,,,O,OL,true,2020,,F
dataflow,IMF.STA:QNEA(7.0.0),R,JPN,B1GQ,Q,SA,XDC,Q,2024-Q4,147712925000000,0,,,,,,,,,L,,,O,OL,true,2020,,F
dataflow,IMF.STA:QNEA(7.0.0),R,JPN,B1GQ,Q,SA,XDC,Q,2025-Q1,148494375000000,0,,,,,,,,,L,,,O,OL,true,2020,,F
dataflow,IMF.STA:QNEA(7.0.0),R,JPN,B1GQ,Q,SA,XDC,Q,2025-Q2,148754200000000,0,,,,,,,,,L,,,O,OL,true,2020,,F
dataflow,IMF.STA:QNEA(7.0.0),R,JPN,B1GQ,Q,SA,XDC,Q,2025-Q3,148086875000000,0,,,,,,,,,L,,,O,OL,true,2020,,F
dataflow,IMF.STA:QNEA(7.0.0),R,JPN,B1GQ,Q,SA,XDC,Q,2025-Q4,148445200000000,0,,,,,,,,,L,,,O,OL,true,2020,,F
dataflow,IMF.STA:QNEA(7.0.0),R,JPN,B1GQ,Q,SA,XDC,Q,2026-Q1,149156100000000,0,,,,,,,,,L,,,O,OL,true,2020,,F
dataflow,IMF.STA:QNEA(7.0.0),R,JPN,B1GQ,Q,SA,XDC,Q,2026-Q2,149572000000000,0,,,,,,,,,L,,,O,OL,true,2020,,F
dataflow,IMF.STA:QNEA(7.0.0),R,KAZ,B1GQ,Q,SA,XDC,Q,1994-Q1,1128448528006.81,,,,,,,,,,FB,,,O,OL,true,2005,,F
dataflow,IMF.STA:QNEA(7.0.0),R,KAZ,B1GQ,Q,SA,XDC,Q,1994-Q2,1164136251049.97,,,,,,,,,,FB,,,O,OL,true,2005,,F
dataflow,IMF.STA:QNEA(7.0.0),R,KAZ,B1GQ,Q,SA,XDC,Q,1994-Q3,1156335183528.16,,,,,,,,,,FB,,,O,OL,true,2005,,F
dataflow,IMF.STA:QNEA(7.0.0),R,KAZ,B1GQ,Q,SA,XDC,Q,1994-Q4,1108016316321.22,,,,,,,,,,FB,,,O,OL,true,2005,,F
dataflow,IMF.STA:QNEA(7.0.0),R,KAZ,B1GQ,Q,SA,XDC,Q,1995-Q1,1050652576321.39,,,,,,,,,,FB,,,O,OL,true,2005,,F
dataflow,IMF.STA:QNEA(7.0.0),R,KAZ,B1GQ,Q,SA,XDC,Q,1995-Q2,1036379839380.35,,,,,,,,,,FB,,,O,OL,true,2005,,F
dataflow,IMF.STA:QNEA(7.0.0),R,KAZ,B1GQ,Q,SA,XDC,Q,1995-Q3,1042571705445.89,,,,,,,,,,FB,,,O,OL,true,2005,,F
dataflow,IMF.STA:QNEA(7.0.0),R,KAZ,B1GQ,Q,SA,XDC,Q,1995-Q4,1055438071661.56,,,,,,,,,,FB,,,O,OL,true,2005,,F
dataflow,IMF.STA:QNEA(7.0.0),R,KAZ,B1GQ,Q,SA,XDC,Q,1996-Q1,1066485850569.32,,,,,,,,,,FB,,,O,OL,true,2005,,F
dataflow,IMF.STA:QNEA(7.0.0),R,KAZ,B1GQ,Q,SA,XDC,Q,1996-Q2,1040675704373.38,,,,,,,,,,FB,,,O,OL,true,2005,,F
dataflow,IMF.STA:QNEA(7.0.0),R,KAZ,B1GQ,Q,SA,XDC,Q,1996-Q3,1038831224550.26,,,,,,,,,,FB,,,O,OL,true,2005,,F
dataflow,IMF.STA:QNEA(7.0.0),R,KAZ,B1GQ,Q,SA,XDC,Q,1996-Q4,1064130101561.2,,,,,,,,,,FB,,,O,OL,true,2005,,F
dataflow,IMF.STA:QNEA(7.0.0),R,KAZ,B1GQ,Q,SA,XDC,Q,1997-Q1,1048515222111.08,,,,,,,,,,FB,,,O,OL,true,2005,,F
dataflow,IMF.STA:QNEA(7.0.0),R,KAZ,B1GQ,Q,SA,XDC,Q,1997-Q2,1051273068127.85,,,,,,,,,,FB,,,O,OL,true,2005,,F
dataflow,IMF.STA:QNEA(7.0.0),R,KAZ,B1GQ,Q,SA,XDC,Q,1997-Q3,1110960049478.47,,,,,,,,,,FB,,,O,OL,true,2005,,F
dataflow,IMF.STA:QNEA(7.0.0),R,KAZ,B1GQ,Q,SA,XDC,Q,1997-Q4,1063214269202.31,,,,,,,,,,FB,,,O,OL,true,2005,,F
dataflow,IMF.STA:QNEA(7.0.0),R,KAZ,B1GQ,Q,SA,XDC,Q,1998-Q1,1135874165355.65,,,,,,,,,,FB,,,O,OL,true,2005,,F
dataflow,IMF.STA:QNEA(7.0.0),R,KAZ,B1GQ,Q,SA,XDC,Q,1998-Q2,1104121554848.57,,,,,,,,,,FB,,,O,OL,true,2005,,F
dataflow,IMF.STA:QNEA(7.0.0),R,KAZ,B1GQ,Q,SA,XDC,Q,1998-Q3,1006482494351.62,,,,,,,,,,FB,,,O,OL,true,2005,,F
dataflow,IMF.STA:QNEA(7.0.0),R,KAZ,B1GQ,Q,SA,XDC,Q,1998-Q4,970609313752.497,,,,,,,,,,FB,,,O,OL,true,2005,,F
dataflow,IMF.STA:QNEA(7.0.0),R,KAZ,B1GQ,Q,SA,XDC,Q,1999-Q1,1050200000000,,,,,,,,,,FB,,,O,OL,true,2005,,F
dataflow,IMF.STA:QNEA(7.0.0),R,KAZ,B1GQ,Q,SA,XDC,Q,1999-Q2,1022000000000,,,,,,,,,,FB,,,O,OL,true,2005,,F
dataflow,IMF.STA:QNEA(7.0.0),R,KAZ,B1GQ,Q,SA,XDC,Q,1999-Q3,1039500000000,,,,,,,,,,FB,,,O,OL,true,2005,,F
dataflow,IMF.STA:QNEA(7.0.0),R,KAZ,B1GQ,Q,SA,XDC,Q,1999-Q4,1109600000000,,,,,,,,,,FB,,,O,OL,true,2005,,F
dataflow,IMF.STA:QNEA(7.0.0),R,KAZ,B1GQ,Q,SA,XDC,Q,2000-Q1,1118100000000,,,,,,,,,,FB,,,O,OL,true,2005,,F
dataflow,IMF.STA:QNEA(7.0.0),R,KAZ,B1GQ,Q,SA,XDC,Q,2000-Q2,1155600000000,,,,,,,,,,FB,,,O,OL,true,2005,,F
dataflow,IMF.STA:QNEA(7.0.0),R,KAZ,B1GQ,Q,SA,XDC,Q,2000-Q3,1170800000000,,,,,,,,,,FB,,,O,OL,true,2005,,F
dataflow,IMF.STA:QNEA(7.0.0),R,KAZ,B1GQ,Q,SA,XDC,Q,2000-Q4,1190500000000,,,,,,,,,,FB,,,O,OL,true,2005,,F
dataflow,IMF.STA:QNEA(7.0.0),R,KAZ,B1GQ,Q,SA,XDC,Q,2001-Q1,1247400000000,,,,,,,,,,FB,,,O,OL,true,2005,,F
dataflow,IMF.STA:QNEA(7.0.0),R,KAZ,B1GQ,Q,SA,XDC,Q,2001-Q2,1311600000000,,,,,,,,,,FB,,,O,OL,true,2005,,F
dataflow,IMF.STA:QNEA(7.0.0),R,KAZ,B1GQ,Q,SA,XDC,Q,2001-Q3,1344400000000,,,,,,,,,,FB,,,O,OL,true,2005,,F
dataflow,IMF.STA:QNEA(7.0.0),R,KAZ,B1GQ,Q,SA,XDC,Q,2001-Q4,1357300000000,,,,,,,,,,FB,,,O,OL,true,2005,,F
dataflow,IMF.STA:QNEA(7.0.0),R,KAZ,B1GQ,Q,SA,XDC,Q,2002-Q1,1383700000000,,,,,,,,,,FB,,,O,OL,true,2005,,F
dataflow,IMF.STA:QNEA(7.0.0),R,KAZ,B1GQ,Q,SA,XDC,Q,2002-Q2,1405400000000,,,,,,,,,,FB,,,O,OL,true,2005,,F
dataflow,IMF.STA:QNEA(7.0.0),R,KAZ,B1GQ,Q,SA,XDC,Q,2002-Q3,1471100000000,,,,,,,,,,FB,,,O,OL,true,2005,,F
dataflow,IMF.STA:QNEA(7.0.0),R,KAZ,B1GQ,Q,SA,XDC,Q,2002-Q4,1516000000000,,,,,,,,,,FB,,,O,OL,true,2005,,F
dataflow,IMF.STA:QNEA(7.0.0),R,KAZ,B1GQ,Q,SA,XDC,Q,2003-Q1,1536700000000,,,,,,,,,,FB,,,O,OL,true,2005,,F
dataflow,IMF.STA:QNEA(7.0.0),R,KAZ,B1GQ,Q,SA,XDC,Q,2003-Q2,1573100000000,,,,,,,,,,FB,,,O,OL,true,2005,,F
dataflow,IMF.STA:QNEA(7.0.0),R,KAZ,B1GQ,Q,SA,XDC,Q,2003-Q3,1601500000000,,,,,,,,,,FB,,,O,OL,true,2005,,F
dataflow,IMF.STA:QNEA(7.0.0),R,KAZ,B1GQ,Q,SA,XDC,Q,2003-Q4,1602100000000,,,,,,,,,,FB,,,O,OL,true,2005,,F
dataflow,IMF.STA:QNEA(7.0.0),R,KAZ,B1GQ,Q,SA,XDC,Q,2004-Q1,1681500000000,,,,,,,,,,FB,,,O,OL,true,2005,,F
dataflow,IMF.STA:QNEA(7.0.0),R,KAZ,B1GQ,Q,SA,XDC,Q,2004-Q2,1713500000000,,,,,,,,,,FB,,,O,OL,true,2005,,F
dataflow,IMF.STA:QNEA(7.0.0),R,KAZ,B1GQ,Q,SA,XDC,Q,2004-Q3,1737000000000,,,,,,,,,,FB,,,O,OL,true,2005,,F
dataflow,IMF.STA:QNEA(7.0.0),R,KAZ,B1GQ,Q,SA,XDC,Q,2004-Q4,1787400000000,,,,,,,,,,FB,,,O,OL,true,2005,,F
dataflow,IMF.STA:QNEA(7.0.0),R,KAZ,B1GQ,Q,SA,XDC,Q,2005-Q1,1840400000000,,,,,,,,,,FB,,,O,OL,true,2005,,F
dataflow,IMF.STA:QNEA(7.0.0),R,KAZ,B1GQ,Q,SA,XDC,Q,2005-Q2,1861000000000,,,,,,,,,,FB,,,O,OL,true,2005,,F
dataflow,IMF.STA:QNEA(7.0.0),R,KAZ,B1GQ,Q,SA,XDC,Q,2005-Q3,1905800000000,,,,,,,,,,FB,,,O,OL,true,2005,,F
dataflow,IMF.STA:QNEA(7.0.0),R,KAZ,B1GQ,Q,SA,XDC,Q,2005-Q4,1983500000000,,,,,,,,,,FB,,,O,OL,true,2005,,F
dataflow,IMF.STA:QNEA(7.0.0),R,KAZ,B1GQ,Q,SA,XDC,Q,2006-Q1,1988000000000,,,,,,,,,,FB,,,O,OL,true,2005,,F
dataflow,IMF.STA:QNEA(7.0.0),R,KAZ,B1GQ,Q,SA,XDC,Q,2006-Q2,2070200000000,,,,,,,,,,FB,,,O,OL,true,2005,,F
dataflow,IMF.STA:QNEA(7.0.0),R,KAZ,B1GQ,Q,SA,XDC,Q,2006-Q3,2159100000000,,,,,,,,,,FB,,,O,OL,true,2005,,F
dataflow,IMF.STA:QNEA(7.0.0),R,KAZ,B1GQ,Q,SA,XDC,Q,2006-Q4,2185600000000,,,,,,,,,,FB,,,O,OL,true,2005,,F
dataflow,IMF.STA:QNEA(7.0.0),R,KAZ,B1GQ,Q,SA,XDC,Q,2007-Q1,2213300000000,,,,,,,,,,FB,,,O,OL,true,2005,,F
dataflow,IMF.STA:QNEA(7.0.0),R,KAZ,B1GQ,Q,SA,XDC,Q,2007-Q2,2277700000000,,,,,,,,,,FB,,,O,OL,true,2005,,F
dataflow,IMF.STA:QNEA(7.0.0),R,KAZ,B1GQ,Q,SA,XDC,Q,2007-Q3,2351700000000,,,,,,,,,,FB,,,O,OL,true,2005,,F
dataflow,IMF.STA:QNEA(7.0.0),R,KAZ,B1GQ,Q,SA,XDC,Q,2007-Q4,2308100000000,,,,,,,,,,FB,,,O,OL,true,2005,,F
dataflow,IMF.STA:QNEA(7.0.0),R,KAZ,B1GQ,Q,SA,XDC,Q,2008-Q1,2361500000000,,,,,,,,,,FB,,,O,OL,true,2005,,F
dataflow,IMF.STA:QNEA(7.0.0),R,KAZ,B1GQ,Q,SA,XDC,Q,2008-Q2,2396500000000,,,,,,,,,,FB,,,O,OL,true,2005,,F
dataflow,IMF.STA:QNEA(7.0.0),R,KAZ,B1GQ,Q,SA,XDC,Q,2008-Q3,2390900000000,,,,,,,,,,FB,,,O,OL,true,2005,,F
dataflow,IMF.STA:QNEA(7.0.0),R,KAZ,B1GQ,Q,SA,XDC,Q,2008-Q4,2303900000000,,,,,,,,,,FB,,,O,OL,true,2005,,F
dataflow,IMF.STA:QNEA(7.0.0),R,KAZ,B1GQ,Q,SA,XDC,Q,2009-Q1,2319000000000,,,,,,,,,,FB,,,O,OL,true,2005,,F
dataflow,IMF.STA:QNEA(7.0.0),R,KAZ,B1GQ,Q,SA,XDC,Q,2009-Q2,2337700000000,,,,,,,,,,FB,,,O,OL,true,2005,,F
dataflow,IMF.STA:QNEA(7.0.0),R,KAZ,B1GQ,Q,SA,XDC,Q,2009-Q3,2412600000000,,,,,,,,,,FB,,,O,OL,true,2005,,F
dataflow,IMF.STA:QNEA(7.0.0),R,KAZ,B1GQ,Q,SA,XDC,Q,2009-Q4,2496900000000,,,,,,,,,,FB,,,O,OL,true,2005,,F
dataflow,IMF.STA:QNEA(7.0.0),R,KAZ,B1GQ,Q,SA,XDC,Q,2010-Q1,2497400000000,,,,,,,,,,FB,,,O,OL,true,2005,,F
dataflow,IMF.STA:QNEA(7.0.0),R,KAZ,B1GQ,Q,SA,XDC,Q,2010-Q2,2547200000000,,,,,,,,,,FB,,,O,OL,true,2005,,F
dataflow,IMF.STA:QNEA(7.0.0),R,KAZ,B1GQ,Q,SA,XDC,Q,2010-Q3,2579900000000,,,,,,,,,,FB,,,O,OL,true,2005,,F
dataflow,IMF.STA:QNEA(7.0.0),R,KAZ,B1GQ,Q,SA,XDC,Q,2010-Q4,2639900000000,,,,,,,,,,FB,,,O,OL,true,2005,,F
dataflow,IMF.STA:QNEA(7.0.0),R,KAZ,B1GQ,Q,SA,XDC,Q,2011-Q1,2680500000000,,,,,,,,,,FB,,,O,OL,true,2005,,F
dataflow,IMF.STA:QNEA(7.0.0),R,KAZ,B1GQ,Q,SA,XDC,Q,2011-Q2,2734500000000,,,,,,,,,,FB,,,O,OL,true,2005,,F
dataflow,IMF.STA:QNEA(7.0.0),R,KAZ,B1GQ,Q,SA,XDC,Q,2011-Q3,2778100000000,,,,,,,,,,FB,,,O,OL,true,2005,,F
dataflow,IMF.STA:QNEA(7.0.0),R,KAZ,B1GQ,Q,SA,XDC,Q,2011-Q4,2841200000000,,,,,,,,,,FB,,,O,OL,true,2005,,F
dataflow,IMF.STA:QNEA(7.0.0),R,KAZ,B1GQ,Q,SA,XDC,Q,2012-Q1,2845500000000,,,,,,,,,,FB,,,O,OL,true,2005,,F
dataflow,IMF.STA:QNEA(7.0.0),R,KAZ,B1GQ,Q,SA,XDC,Q,2012-Q2,2892700000000,,,,,,,,,,FB,,,O,OL,true,2005,,F
dataflow,IMF.STA:QNEA(7.0.0),R,KAZ,B1GQ,Q,SA,XDC,Q,2012-Q3,2901500000000,,,,,,,,,,FB,,,O,OL,true,2005,,F
dataflow,IMF.STA:QNEA(7.0.0),R,KAZ,B1GQ,Q,SA,XDC,Q,2012-Q4,2946400000000,,,,,,,,,,FB,,,O,OL,true,2005,,F
dataflow,IMF.STA:QNEA(7.0.0),R,KAZ,B1GQ,Q,SA,XDC,Q,2013-Q1,2994100000000,,,,,,,,,,FB,,,O,OL,true,2005,,F
dataflow,IMF.STA:QNEA(7.0.0),R,KAZ,B1GQ,Q,SA,XDC,Q,2013-Q2,3062400000000,,,,,,,,,,FB,,,O,OL,true,2005,,F
dataflow,IMF.STA:QNEA(7.0.0),R,KAZ,B1GQ,Q,SA,XDC,Q,2013-Q3,3098600000000,,,,,,,,,,FB,,,O,OL,true,2005,,F
dataflow,IMF.STA:QNEA(7.0.0),R,KAZ,B1GQ,Q,SA,XDC,Q,2013-Q4,3114500000000,,,,,,,,,,FB,,,O,OL,true,2005,,F
dataflow,IMF.STA:QNEA(7.0.0),R,KAZ,B1GQ,Q,SA,XDC,Q,2014-Q1,3131500000000,,,,,,,,,,FB,,,O,OL,true,2005,,F
dataflow,IMF.STA:QNEA(7.0.0),R,KAZ,B1GQ,Q,SA,XDC,Q,2014-Q2,3174900000000,,,,,,,,,,FB,,,O,OL,true,2005,,F
dataflow,IMF.STA:QNEA(7.0.0),R,KAZ,B1GQ,Q,SA,XDC,Q,2014-Q3,3218200000000,,,,,,,,,,FB,,,O,OL,true,2005,,F
dataflow,IMF.STA:QNEA(7.0.0),R,KAZ,B1GQ,Q,SA,XDC,Q,2014-Q4,3272600000000,,,,,,,,,,FB,,,O,OL,true,2005,,F
dataflow,IMF.STA:QNEA(7.0.0),R,KAZ,B1GQ,Q,SA,XDC,Q,2015-Q1,3213500000000,,,,,,,,,,FB,,,O,OL,true,2005,,F
dataflow,IMF.STA:QNEA(7.0.0),R,KAZ,B1GQ,Q,SA,XDC,Q,2015-Q2,3212700000000,,,,,,,,,,FB,,,O,OL,true,2005,,F
dataflow,IMF.STA:QNEA(7.0.0),R,KAZ,B1GQ,Q,SA,XDC,Q,2015-Q3,3223800000000,,,,,,,,,,FB,,,O,OL,true,2005,,F
dataflow,IMF.STA:QNEA(7.0.0),R,KAZ,B1GQ,Q,SA,XDC,Q,2015-Q4,3275200000000,,,,,,,,,,FB,,,O,OL,true,2005,,F
dataflow,IMF.STA:QNEA(7.0.0),R,KAZ,B1GQ,Q,SA,XDC,Q,2016-Q1,3219700000000,,,,,,,,,,FB,,,O,OL,true,2005,,F
dataflow,IMF.STA:QNEA(7.0.0),R,KAZ,B1GQ,Q,SA,XDC,Q,2016-Q2,3209000000000,,,,,,,,,,FB,,,O,OL,true,2005,,F
dataflow,IMF.STA:QNEA(7.0.0),R,KAZ,B1GQ,Q,SA,XDC,Q,2016-Q3,3269400000000,,,,,,,,,,FB,,,O,OL,true,2005,,F
dataflow,IMF.STA:QNEA(7.0.0),R,KAZ,B1GQ,Q,SA,XDC,Q,2016-Q4,3343400000000,,,,,,,,,,FB,,,O,OL,true,2005,,F
dataflow,IMF.STA:QNEA(7.0.0),R,KAZ,B1GQ,Q,SA,XDC,Q,2017-Q1,3332700000000,,,,,,,,,,FB,,,O,OL,true,2005,,F
dataflow,IMF.STA:QNEA(7.0.0),R,KAZ,B1GQ,Q,SA,XDC,Q,2017-Q2,3377400000000,,,,,,,,,,FB,,,O,OL,true,2005,,F
dataflow,IMF.STA:QNEA(7.0.0),R,KAZ,B1GQ,Q,SA,XDC,Q,2017-Q3,3405600000000,,,,,,,,,,FB,,,O,OL,true,2005,,F
dataflow,IMF.STA:QNEA(7.0.0),R,KAZ,B1GQ,Q,SA,XDC,Q,2017-Q4,3434500000000,,,,,,,,,,FB,,,O,OL,true,2005,,F
dataflow,IMF.STA:QNEA(7.0.0),R,KAZ,B1GQ,Q,SA,XDC,Q,2018-Q1,3476300000000,,,,,,,,,,FB,,,O,OL,true,2005,,F
dataflow,IMF.STA:QNEA(7.0.0),R,KAZ,B1GQ,Q,SA,XDC,Q,2018-Q2,3523100000000,,,,,,,,,,FB,,,O,OL,true,2005,,F
dataflow,IMF.STA:QNEA(7.0.0),R,KAZ,B1GQ,Q,SA,XDC,Q,2018-Q3,3541700000000,,,,,,,,,,FB,,,O,OL,true,2005,,F
dataflow,IMF.STA:QNEA(7.0.0),R,KAZ,B1GQ,Q,SA,XDC,Q,2018-Q4,3564600000000,,,,,,,,,,FB,,,O,OL,true,2005,,F
dataflow,IMF.STA:QNEA(7.0.0),R,KAZ,B1GQ,Q,SA,XDC,Q,2019-Q1,3613900000000,,,,,,,,,,FB,,,O,OL,true,2005,,F
dataflow,IMF.STA:QNEA(7.0.0),R,KAZ,B1GQ,Q,SA,XDC,Q,2019-Q2,3683500000000,,,,,,,,,,FB,,,O,OL,true,2005,,F
dataflow,IMF.STA:QNEA(7.0.0),R,KAZ,B1GQ,Q,SA,XDC,Q,2019-Q3,3713100000000,,,,,,,,,,FB,,,O,OL,true,2005,,F
dataflow,IMF.STA:QNEA(7.0.0),R,KAZ,B1GQ,Q,SA,XDC,Q,2019-Q4,3730000000000,,,,,,,,,,FB,,,O,OL,true,2005,,F
dataflow,IMF.STA:QNEA(7.0.0),R,KAZ,B1GQ,Q,SA,XDC,Q,2020-Q1,3712400000000,,,,,,,,,,FB,,,O,OL,true,2005,,F
dataflow,IMF.STA:QNEA(7.0.0),R,KAZ,B1GQ,Q,SA,XDC,Q,2020-Q2,3475500000000,,,,,,,,,,FB,,,O,OL,true,2005,,F
dataflow,IMF.STA:QNEA(7.0.0),R,KAZ,B1GQ,Q,SA,XDC,Q,2020-Q3,3546900000000,,,,,,,,,,FB,,,O,OL,true,2005,,F
dataflow,IMF.STA:QNEA(7.0.0),R,KAZ,B1GQ,Q,SA,XDC,Q,2020-Q4,3622400000000,,,,,,,,,,FB,,,O,OL,true,2005,,F
dataflow,IMF.STA:QNEA(7.0.0),R,KAZ,B1GQ,Q,SA,XDC,Q,2021-Q1,3650600000000,,,,,,,,,,FB,,,O,OL,true,2005,,F
dataflow,IMF.STA:QNEA(7.0.0),R,KAZ,B1GQ,Q,SA,XDC,Q,2021-Q2,3717400000000,,,,,,,,,,FB,,,O,OL,true,2005,,F
dataflow,IMF.STA:QNEA(7.0.0),R,KAZ,B1GQ,Q,SA,XDC,Q,2021-Q3,3786100000000,,,,,,,,,,FB,,,O,OL,true,2005,,F
dataflow,IMF.STA:QNEA(7.0.0),R,KAZ,B1GQ,Q,SA,XDC,Q,2021-Q4,3791800000000,,,,,,,,,,FB,,,O,OL,true,2005,,F
dataflow,IMF.STA:QNEA(7.0.0),R,KAZ,B1GQ,Q,SA,XDC,Q,2022-Q1,3812900000000,,,,,,,,,,FB,,,O,OL,true,2005,,F
dataflow,IMF.STA:QNEA(7.0.0),R,KAZ,B1GQ,Q,SA,XDC,Q,2022-Q2,3820600000000,,,,,,,,,,FB,,,O,OL,true,2005,,F
dataflow,IMF.STA:QNEA(7.0.0),R,KAZ,B1GQ,Q,SA,XDC,Q,2022-Q3,3855600000000,,,,,,,,,,FB,,,O,OL,true,2005,,F
dataflow,IMF.STA:QNEA(7.0.0),R,KAZ,B1GQ,Q,SA,XDC,Q,2022-Q4,3949900000000,,,,,,,,,,FB,,,O,OL,true,2005,,F
dataflow,IMF.STA:QNEA(7.0.0),R,KAZ,B1GQ,Q,SA,XDC,Q,2023-Q1,3999500000000,,,,,,,,,,FB,,,O,OL,true,2005,,F
dataflow,IMF.STA:QNEA(7.0.0),R,KAZ,B1GQ,Q,SA,XDC,Q,2023-Q2,4043200000000,,,,,,,,,,FB,,,O,OL,true,2005,,F
dataflow,IMF.STA:QNEA(7.0.0),R,KAZ,B1GQ,Q,SA,XDC,Q,2023-Q3,4023700000000,,,,,,,,,,FB,,,O,OL,true,2005,,F
dataflow,IMF.STA:QNEA(7.0.0),R,KAZ,B1GQ,Q,SA,XDC,Q,2023-Q4,4160113626519.86,,,,,,,,,,FB,,,O,OL,true,2005,,F
dataflow,IMF.STA:QNEA(7.0.0),R,KAZ,B1GQ,Q,SA,XDC,Q,2024-Q1,4147633285640.3,,,,,,,,,,FB,,,O,OL,true,2005,,F
dataflow,IMF.STA:QNEA(7.0.0),R,KEN,B1GQ,Q,SA,XDC,Q,2009-Q1,1314509000000,0,,,,,,,,,FB,,,O,OL,true,2016,,F
dataflow,IMF.STA:QNEA(7.0.0),R,KEN,B1GQ,Q,SA,XDC,Q,2009-Q2,1326053000000,0,,,,,,,,,FB,,,O,OL,true,2016,,F
dataflow,IMF.STA:QNEA(7.0.0),R,KEN,B1GQ,Q,SA,XDC,Q,2009-Q3,1349018000000,0,,,,,,,,,FB,,,O,OL,true,2016,,F
dataflow,IMF.STA:QNEA(7.0.0),R,KEN,B1GQ,Q,SA,XDC,Q,2009-Q4,1371550000000,0,,,,,,,,,FB,,,O,OL,true,2016,,F
dataflow,IMF.STA:QNEA(7.0.0),R,KEN,B1GQ,Q,SA,XDC,Q,2010-Q1,1414167000000,0,,,,,,,,,FB,,,O,OL,true,2016,,F
dataflow,IMF.STA:QNEA(7.0.0),R,KEN,B1GQ,Q,SA,XDC,Q,2010-Q2,1438246000000,0,,,,,,,,,FB,,,O,OL,true,2016,,F
dataflow,IMF.STA:QNEA(7.0.0),R,KEN,B1GQ,Q,SA,XDC,Q,2010-Q3,1449813000000,0,,,,,,,,,FB,,,O,OL,true,2016,,F
dataflow,IMF.STA:QNEA(7.0.0),R,KEN,B1GQ,Q,SA,XDC,Q,2010-Q4,1490483000000,0,,,,,,,,,FB,,,O,OL,true,2016,,F
dataflow,IMF.STA:QNEA(7.0.0),R,KEN,B1GQ,Q,SA,XDC,Q,2011-Q1,1501339000000,0,,,,,,,,,FB,,,O,OL,true,2016,,F
dataflow,IMF.STA:QNEA(7.0.0),R,KEN,B1GQ,Q,SA,XDC,Q,2011-Q2,1512171000000,0,,,,,,,,,FB,,,O,OL,true,2016,,F
dataflow,IMF.STA:QNEA(7.0.0),R,KEN,B1GQ,Q,SA,XDC,Q,2011-Q3,1527504000000,0,,,,,,,,,FB,,,O,OL,true,2016,,F
dataflow,IMF.STA:QNEA(7.0.0),R,KEN,B1GQ,Q,SA,XDC,Q,2011-Q4,1548550000000,0,,,,,,,,,FB,,,O,OL,true,2016,,F
dataflow,IMF.STA:QNEA(7.0.0),R,KEN,B1GQ,Q,SA,XDC,Q,2012-Q1,1565860000000,0,,,,,,,,,FB,,,O,OL,true,2016,,F
dataflow,IMF.STA:QNEA(7.0.0),R,KEN,B1GQ,Q,SA,XDC,Q,2012-Q2,1578809000000,0,,,,,,,,,FB,,,O,OL,true,2016,,F
dataflow,IMF.STA:QNEA(7.0.0),R,KEN,B1GQ,Q,SA,XDC,Q,2012-Q3,1602992000000,0,,,,,,,,,FB,,,O,OL,true,2016,,F
dataflow,IMF.STA:QNEA(7.0.0),R,KEN,B1GQ,Q,SA,XDC,Q,2012-Q4,1621121000000,0,,,,,,,,,FB,,,O,OL,true,2016,,F
dataflow,IMF.STA:QNEA(7.0.0),R,KEN,B1GQ,Q,SA,XDC,Q,2013-Q1,1626854000000,0,,,,,,,,,FB,,,O,OL,true,2016,,F
dataflow,IMF.STA:QNEA(7.0.0),R,KEN,B1GQ,Q,SA,XDC,Q,2013-Q2,1645939000000,0,,,,,,,,,FB,,,O,OL,true,2016,,F
dataflow,IMF.STA:QNEA(7.0.0),R,KEN,B1GQ,Q,SA,XDC,Q,2013-Q3,1661854000000,0,,,,,,,,,FB,,,O,OL,true,2016,,F
dataflow,IMF.STA:QNEA(7.0.0),R,KEN,B1GQ,Q,SA,XDC,Q,2013-Q4,1677461000000,0,,,,,,,,,FB,,,O,OL,true,2016,,F
dataflow,IMF.STA:QNEA(7.0.0),R,KEN,B1GQ,Q,SA,XDC,Q,2014-Q1,1708295000000,0,,,,,,,,,FB,,,O,OL,true,2016,,F
dataflow,IMF.STA:QNEA(7.0.0),R,KEN,B1GQ,Q,SA,XDC,Q,2014-Q2,1735838000000,0,,,,,,,,,FB,,,O,OL,true,2016,,F
dataflow,IMF.STA:QNEA(7.0.0),R,KEN,B1GQ,Q,SA,XDC,Q,2014-Q3,1747568000000,0,,,,,,,,,FB,,,O,OL,true,2016,,F
dataflow,IMF.STA:QNEA(7.0.0),R,KEN,B1GQ,Q,SA,XDC,Q,2014-Q4,1752390000000,0,,,,,,,,,FB,,,O,OL,true,2016,,F
dataflow,IMF.STA:QNEA(7.0.0),R,KEN,B1GQ,Q,SA,XDC,Q,2015-Q1,1790191000000,0,,,,,,,,,FB,,,O,OL,true,2016,,F
dataflow,IMF.STA:QNEA(7.0.0),R,KEN,B1GQ,Q,SA,XDC,Q,2015-Q2,1818786000000,0,,,,,,,,,FB,,,O,OL,true,2016,,F
dataflow,IMF.STA:QNEA(7.0.0),R,KEN,B1GQ,Q,SA,XDC,Q,2015-Q3,1832282000000,0,,,,,,,,,FB,,,O,OL,true,2016,,F
dataflow,IMF.STA:QNEA(7.0.0),R,KEN,B1GQ,Q,SA,XDC,Q,2015-Q4,1848158000000,0,,,,,,,,,FB,,,O,OL,true,2016,,F
dataflow,IMF.STA:QNEA(7.0.0),R,KEN,B1GQ,Q,SA,XDC,Q,2016-Q1,1855935000000,0,,,,,,,,,FB,,,O,OL,true,2016,,F
dataflow,IMF.STA:QNEA(7.0.0),R,KEN,B1GQ,Q,SA,XDC,Q,2016-Q2,1887563000000,0,,,,,,,,,FB,,,O,OL,true,2016,,F
dataflow,IMF.STA:QNEA(7.0.0),R,KEN,B1GQ,Q,SA,XDC,Q,2016-Q3,1916224000000,0,,,,,,,,,FB,,,O,OL,true,2016,,F
dataflow,IMF.STA:QNEA(7.0.0),R,KEN,B1GQ,Q,SA,XDC,Q,2016-Q4,1937136000000,0,,,,,,,,,FB,,,O,OL,true,2016,,F
dataflow,IMF.STA:QNEA(7.0.0),R,KEN,B1GQ,Q,SA,XDC,Q,2017-Q1,1951336000000,0,,,,,,,,,FB,,,O,OL,true,2016,,F
dataflow,IMF.STA:QNEA(7.0.0),R,KEN,B1GQ,Q,SA,XDC,Q,2017-Q2,1949525000000,0,,,,,,,,,FB,,,O,OL,true,2016,,F
dataflow,IMF.STA:QNEA(7.0.0),R,KEN,B1GQ,Q,SA,XDC,Q,2017-Q3,1981881000000,0,,,,,,,,,FB,,,O,OL,true,2016,,F
dataflow,IMF.STA:QNEA(7.0.0),R,KEN,B1GQ,Q,SA,XDC,Q,2017-Q4,2005543000000,0,,,,,,,,,FB,,,O,OL,true,2016,,F
dataflow,IMF.STA:QNEA(7.0.0),R,KEN,B1GQ,Q,SA,XDC,Q,2018-Q1,2048678280986.02,0,,,,,,,,,FB,,,O,OL,true,2016,,F
dataflow,IMF.STA:QNEA(7.0.0),R,KEN,B1GQ,Q,SA,XDC,Q,2018-Q2,2066830388077.67,0,,,,,,,,,FB,,,O,OL,true,2016,,F
dataflow,IMF.STA:QNEA(7.0.0),R,KEN,B1GQ,Q,SA,XDC,Q,2018-Q3,2093533429113.64,0,,,,,,,,,FB,,,O,OL,true,2016,,F
dataflow,IMF.STA:QNEA(7.0.0),R,KEN,B1GQ,Q,SA,XDC,Q,2018-Q4,2123801058678.99,0,,,,,,,,,FB,,,O,OL,true,2016,,F
dataflow,IMF.STA:QNEA(7.0.0),R,KEN,B1GQ,Q,SA,XDC,Q,2019-Q1,2145352000342.95,0,,,,,,,,,FB,,,O,OL,true,2016,,F
dataflow,IMF.STA:QNEA(7.0.0),R,KEN,B1GQ,Q,SA,XDC,Q,2019-Q2,2189659641753.23,0,,,,,,,,,FB,,,O,OL,true,2016,,F
dataflow,IMF.STA:QNEA(7.0.0),R,KEN,B1GQ,Q,SA,XDC,Q,2019-Q3,2206217013712.86,0,,,,,,,,,FB,,,O,OL,true,2016,,F
dataflow,IMF.STA:QNEA(7.0.0),R,KEN,B1GQ,Q,SA,XDC,Q,2019-Q4,2216485966692.28,0,,,,,,,,,FB,,,O,OL,true,2016,,F
dataflow,IMF.STA:QNEA(7.0.0),R,KEN,B1GQ,Q,SA,XDC,Q,2020-Q1,2240423000000,0,,,,,,,,,FB,,,O,OL,true,2016,,F
dataflow,IMF.STA:QNEA(7.0.0),R,KEN,B1GQ,Q,SA,XDC,Q,2020-Q2,2102138000000,0,,,,,,,,,FB,,,O,OL,true,2016,,F
dataflow,IMF.STA:QNEA(7.0.0),R,KEN,B1GQ,Q,SA,XDC,Q,2020-Q3,2138139000000,0,,,,,,,,,FB,,,O,OL,true,2016,,F
dataflow,IMF.STA:QNEA(7.0.0),R,KEN,B1GQ,Q,SA,XDC,Q,2020-Q4,2250184000000,0,,,,,,,,,FB,,,O,OL,true,2016,,F
dataflow,IMF.STA:QNEA(7.0.0),R,KEN,B1GQ,Q,SA,XDC,Q,2021-Q1,2289360000000,0,,,,,,,,,FB,,,O,OL,true,2016,,F
dataflow,IMF.STA:QNEA(7.0.0),R,KEN,B1GQ,Q,SA,XDC,Q,2021-Q2,2323674000000,0,,,,,,,,,FB,,,O,OL,true,2016,,F
dataflow,IMF.STA:QNEA(7.0.0),R,KEN,B1GQ,Q,SA,XDC,Q,2021-Q3,2349952000000,0,,,,,,,,,FB,,,O,OL,true,2016,,F
dataflow,IMF.STA:QNEA(7.0.0),R,KEN,B1GQ,Q,SA,XDC,Q,2021-Q4,2430932000000,0,,,,,,,,,FB,,,O,OL,true,2016,,F
dataflow,IMF.STA:QNEA(7.0.0),R,KEN,B1GQ,Q,SA,XDC,Q,2022-Q1,2421628000000,0,,,,,,,,,FB,,,O,OL,true,2016,,F
dataflow,IMF.STA:QNEA(7.0.0),R,KEN,B1GQ,Q,SA,XDC,Q,2022-Q2,2442850000000,0,,,,,,,,,FB,,,O,OL,true,2016,,F
dataflow,IMF.STA:QNEA(7.0.0),R,KEN,B1GQ,Q,SA,XDC,Q,2022-Q3,2469046000000,0,,,,,,,,,FB,,,O,OL,true,2016,,F
dataflow,IMF.STA:QNEA(7.0.0),R,KEN,B1GQ,Q,SA,XDC,Q,2022-Q4,2516137000000,0,,,,,,,,,FB,,,O,OL,true,2016,,F
dataflow,IMF.STA:QNEA(7.0.0),R,KEN,B1GQ,Q,SA,XDC,Q,2023-Q1,2551681000000,0,,,,,,,,,FB,,,O,OL,true,2016,,F
dataflow,IMF.STA:QNEA(7.0.0),R,KEN,B1GQ,Q,SA,XDC,Q,2023-Q2,2582679000000,0,,,,,,,,,FB,,,O,OL,true,2016,,F
dataflow,IMF.STA:QNEA(7.0.0),R,KEN,B1GQ,Q,SA,XDC,Q,2023-Q3,2622475000000,0,,,,,,,,,FB,,,O,OL,true,2016,,F
dataflow,IMF.STA:QNEA(7.0.0),R,KEN,B1GQ,Q,SA,XDC,Q,2023-Q4,2656979000000,0,,,,,,,,,FB,,,O,OL,true,2016,,F
dataflow,IMF.STA:QNEA(7.0.0),R,KEN,B1GQ,Q,SA,XDC,Q,2024-Q1,2677715000000,0,,,,,,,,,FB,,,O,OL,true,2016,,F
dataflow,IMF.STA:QNEA(7.0.0),R,KEN,B1GQ,Q,SA,XDC,Q,2024-Q2,2704233000000,0,,,,,,,,,FB,,,O,OL,true,2016,,F
dataflow,IMF.STA:QNEA(7.0.0),R,KEN,B1GQ,Q,SA,XDC,Q,2024-Q3,2738777000000,0,,,,,,,,,FB,,,O,OL,true,2016,,F
dataflow,IMF.STA:QNEA(7.0.0),R,KEN,B1GQ,Q,SA,XDC,Q,2024-Q4,2785799000000,0,,,,,,,,,FB,,,O,OL,true,2016,,F
dataflow,IMF.STA:QNEA(7.0.0),R,KEN,B1GQ,Q,SA,XDC,Q,2025-Q1,2809151000000,0,,,,,,,,,FB,,,O,OL,true,2016,,F
dataflow,IMF.STA:QNEA(7.0.0),R,KEN,B1GQ,Q,SA,XDC,Q,2025-Q2,2841694000000,0,,,,,,,,,FB,,,O,OL,true,2016,,F
dataflow,IMF.STA:QNEA(7.0.0),R,KEN,B1GQ,Q,SA,XDC,Q,2025-Q3,2876140000000,0,,,,,,,,,FB,,,O,OL,true,2016,,F
dataflow,IMF.STA:QNEA(7.0.0),R,KOR,B1GQ,Q,SA,XDC,Q,1960-Q1,7530100000000,0,,,,,,,,,L,,,O,OL,true,2020,,F
dataflow,IMF.STA:QNEA(7.0.0),R,KOR,B1GQ,Q,SA,XDC,Q,1960-Q2,7878400000000,0,,,,,,,,,L,,,O,OL,true,2020,,F
dataflow,IMF.STA:QNEA(7.0.0),R,KOR,B1GQ,Q,SA,XDC,Q,1960-Q3,7788800000000,0,,,,,,,,,L,,,O,OL,true,2020,,F
dataflow,IMF.STA:QNEA(7.0.0),R,KOR,B1GQ,Q,SA,XDC,Q,1960-Q4,7834300000000,0,,,,,,,,,L,,,O,OL,true,2020,,F
dataflow,IMF.STA:QNEA(7.0.0),R,KOR,B1GQ,Q,SA,XDC,Q,1961-Q1,8081800000000,0,,,,,,,,,L,,,O,OL,true,2020,,F
dataflow,IMF.STA:QNEA(7.0.0),R,KOR,B1GQ,Q,SA,XDC,Q,1961-Q2,8431400000000,0,,,,,,,,,L,,,O,OL,true,2020,,F
dataflow,IMF.STA:QNEA(7.0.0),R,KOR,B1GQ,Q,SA,XDC,Q,1961-Q3,8279500000000,0,,,,,,,,,L,,,O,OL,true,2020,,F
dataflow,IMF.STA:QNEA(7.0.0),R,KOR,B1GQ,Q,SA,XDC,Q,1961-Q4,8386200000000,0,,,,,,,,,L,,,O,OL,true,2020,,F
dataflow,IMF.STA:QNEA(7.0.0),R,KOR,B1GQ,Q,SA,XDC,Q,1962-Q1,8551100000000,0,,,,,,,,,L,,,O,OL,true,2020,,F
dataflow,IMF.STA:QNEA(7.0.0),R,KOR,B1GQ,Q,SA,XDC,Q,1962-Q2,8387500000000,0,,,,,,,,,L,,,O,OL,true,2020,,F
dataflow,IMF.STA:QNEA(7.0.0),R,KOR,B1GQ,Q,SA,XDC,Q,1962-Q3,8640800000000,0,,,,,,,,,L,,,O,OL,true,2020,,F
dataflow,IMF.STA:QNEA(7.0.0),R,KOR,B1GQ,Q,SA,XDC,Q,1962-Q4,8900800000000,0,,,,,,,,,L,,,O,OL,true,2020,,F
dataflow,IMF.STA:QNEA(7.0.0),R,KOR,B1GQ,Q,SA,XDC,Q,1963-Q1,9407900000000,0,,,,,,,,,L,,,O,OL,true,2020,,F
dataflow,IMF.STA:QNEA(7.0.0),R,KOR,B1GQ,Q,SA,XDC,Q,1963-Q2,9176400000000,0,,,,,,,,,L,,,O,OL,true,2020,,F
dataflow,IMF.STA:QNEA(7.0.0),R,KOR,B1GQ,Q,SA,XDC,Q,1963-Q3,9492500000000,0,,,,,,,,,L,,,O,OL,true,2020,,F
dataflow,IMF.STA:QNEA(7.0.0),R,KOR,B1GQ,Q,SA,XDC,Q,1963-Q4,9509900000000,0,,,,,,,,,L,,,O,OL,true,2020,,F
dataflow,IMF.STA:QNEA(7.0.0),R,KOR,B1GQ,Q,SA,XDC,Q,1964-Q1,10057100000000,0,,,,,,,,,L,,,O,OL,true,2020,,F
dataflow,IMF.STA:QNEA(7.0.0),R,KOR,B1GQ,Q,SA,XDC,Q,1964-Q2,9762300000000,0,,,,,,,,,L,,,O,OL,true,2020,,F
dataflow,IMF.STA:QNEA(7.0.0),R,KOR,B1GQ,Q,SA,XDC,Q,1964-Q3,10436900000000,0,,,,,,,,,L,,,O,OL,true,2020,,F
dataflow,IMF.STA:QNEA(7.0.0),R,KOR,B1GQ,Q,SA,XDC,Q,1964-Q4,10873600000000,0,,,,,,,,,L,,,O,OL,true,2020,,F
dataflow,IMF.STA:QNEA(7.0.0),R,KOR,B1GQ,Q,SA,XDC,Q,1965-Q1,10988000000000,0,,,,,,,,,L,,,O,OL,true,2020,,F
dataflow,IMF.STA:QNEA(7.0.0),R,KOR,B1GQ,Q,SA,XDC,Q,1965-Q2,11002300000000,0,,,,,,,,,L,,,O,OL,true,2020,,F
dataflow,IMF.STA:QNEA(7.0.0),R,KOR,B1GQ,Q,SA,XDC,Q,1965-Q3,10936000000000,0,,,,,,,,,L,,,O,OL,true,2020,,F
dataflow,IMF.STA:QNEA(7.0.0),R,KOR,B1GQ,Q,SA,XDC,Q,1965-Q4,11211800000000,0,,,,,,,,,L,,,O,OL,true,2020,,F
dataflow,IMF.STA:QNEA(7.0.0),R,KOR,B1GQ,Q,SA,XDC,Q,1966-Q1,11868100000000,0,,,,,,,,,L,,,O,OL,true,2020,,F
dataflow,IMF.STA:QNEA(7.0.0),R,KOR,B1GQ,Q,SA,XDC,Q,1966-Q2,12604900000000,0,,,,,,,,,L,,,O,OL,true,2020,,F
dataflow,IMF.STA:QNEA(7.0.0),R,KOR,B1GQ,Q,SA,XDC,Q,1966-Q3,12400500000000,0,,,,,,,,,L,,,O,OL,true,2020,,F
dataflow,IMF.STA:QNEA(7.0.0),R,KOR,B1GQ,Q,SA,XDC,Q,1966-Q4,12564700000000,0,,,,,,,,,L,,,O,OL,true,2020,,F
dataflow,IMF.STA:QNEA(7.0.0),R,KOR,B1GQ,Q,SA,XDC,Q,1967-Q1,12971700000000,0,,,,,,,,,L,,,O,OL,true,2020,,F
dataflow,IMF.STA:QNEA(7.0.0),R,KOR,B1GQ,Q,SA,XDC,Q,1967-Q2,13256500000000,0,,,,,,,,,L,,,O,OL,true,2020,,F
dataflow,IMF.STA:QNEA(7.0.0),R,KOR,B1GQ,Q,SA,XDC,Q,1967-Q3,13823000000000,0,,,,,,,,,L,,,O,OL,true,2020,,F
dataflow,IMF.STA:QNEA(7.0.0),R,KOR,B1GQ,Q,SA,XDC,Q,1967-Q4,13911300000000,0,,,,,,,,,L,,,O,OL,true,2020,,F
dataflow,IMF.STA:QNEA(7.0.0),R,KOR,B1GQ,Q,SA,XDC,Q,1968-Q1,14750800000000,0,,,,,,,,,L,,,O,OL,true,2020,,F
dataflow,IMF.STA:QNEA(7.0.0),R,KOR,B1GQ,Q,SA,XDC,Q,1968-Q2,15011800000000,0,,,,,,,,,L,,,O,OL,true,2020,,F
dataflow,IMF.STA:QNEA(7.0.0),R,KOR,B1GQ,Q,SA,XDC,Q,1968-Q3,15831900000000,0,,,,,,,,,L,,,O,OL,true,2020,,F
dataflow,IMF.STA:QNEA(7.0.0),R,KOR,B1GQ,Q,SA,XDC,Q,1968-Q4,15503500000000,0,,,,,,,,,L,,,O,OL,true,2020,,F
dataflow,IMF.STA:QNEA(7.0.0),R,KOR,B1GQ,Q,SA,XDC,Q,1969-Q1,16266500000000,0,,,,,,,,,L,,,O,OL,true,2020,,F
dataflow,IMF.STA:QNEA(7.0.0),R,KOR,B1GQ,Q,SA,XDC,Q,1969-Q2,16883400000000,0,,,,,,,,,L,,,O,OL,true,2020,,F
dataflow,IMF.STA:QNEA(7.0.0),R,KOR,B1GQ,Q,SA,XDC,Q,1969-Q3,18296300000000,0,,,,,,,,,L,,,O,OL,true,2020,,F
dataflow,IMF.STA:QNEA(7.0.0),R,KOR,B1GQ,Q,SA,XDC,Q,1969-Q4,18566200000000,0,,,,,,,,,L,,,O,OL,true,2020,,F
dataflow,IMF.STA:QNEA(7.0.0),R,KOR,B1GQ,Q,SA,XDC,Q,1970-Q1,18254500000000,0,,,,,,,,,L,,,O,OL,true,2020,,F
dataflow,IMF.STA:QNEA(7.0.0),R,KOR,B1GQ,Q,SA,XDC,Q,1970-Q2,19063700000000,0,,,,,,,,,L,,,O,OL,true,2020,,F
dataflow,IMF.STA:QNEA(7.0.0),R,KOR,B1GQ,Q,SA,XDC,Q,1970-Q3,19213800000000,0,,,,,,,,,L,,,O,OL,true,2020,,F
dataflow,IMF.STA:QNEA(7.0.0),R,KOR,B1GQ,Q,SA,XDC,Q,1970-Q4,20598700000000,0,,,,,,,,,L,,,O,OL,true,2020,,F
dataflow,IMF.STA:QNEA(7.0.0),R,KOR,B1GQ,Q,SA,XDC,Q,1971-Q1,20739900000000,0,,,,,,,,,L,,,O,OL,true,2020,,F
dataflow,IMF.STA:QNEA(7.0.0),R,KOR,B1GQ,Q,SA,XDC,Q,1971-Q2,21485500000000,0,,,,,,,,,L,,,O,OL,true,2020,,F
dataflow,IMF.STA:QNEA(7.0.0),R,KOR,B1GQ,Q,SA,XDC,Q,1971-Q3,21525400000000,0,,,,,,,,,L,,,O,OL,true,2020,,F
dataflow,IMF.STA:QNEA(7.0.0),R,KOR,B1GQ,Q,SA,XDC,Q,1971-Q4,21595400000000,0,,,,,,,,,L,,,O,OL,true,2020,,F
dataflow,IMF.STA:QNEA(7.0.0),R,KOR,B1GQ,Q,SA,XDC,Q,1972-Q1,22003900000000,0,,,,,,,,,L,,,O,OL,true,2020,,F
dataflow,IMF.STA:QNEA(7.0.0),R,KOR,B1GQ,Q,SA,XDC,Q,1972-Q2,22679300000000,0,,,,,,,,,L,,,O,OL,true,2020,,F
dataflow,IMF.STA:QNEA(7.0.0),R,KOR,B1GQ,Q,SA,XDC,Q,1972-Q3,23012100000000,0,,,,,,,,,L,,,O,OL,true,2020,,F
dataflow,IMF.STA:QNEA(7.0.0),R,KOR,B1GQ,Q,SA,XDC,Q,1972-Q4,23912600000000,0,,,,,,,,,L,,,O,OL,true,2020,,F
dataflow,IMF.STA:QNEA(7.0.0),R,KOR,B1GQ,Q,SA,XDC,Q,1973-Q1,24863100000000,0,,,,,,,,,L,,,O,OL,true,2020,,F
dataflow,IMF.STA:QNEA(7.0.0),R,KOR,B1GQ,Q,SA,XDC,Q,1973-Q2,25899400000000,0,,,,,,,,,L,,,O,OL,true,2020,,F
dataflow,IMF.STA:QNEA(7.0.0),R,KOR,B1GQ,Q,SA,XDC,Q,1973-Q3,27124300000000,0,,,,,,,,,L,,,O,OL,true,2020,,F
dataflow,IMF.STA:QNEA(7.0.0),R,KOR,B1GQ,Q,SA,XDC,Q,1973-Q4,27439200000000,0,,,,,,,,,L,,,O,OL,true,2020,,F
dataflow,IMF.STA:QNEA(7.0.0),R,KOR,B1GQ,Q,SA,XDC,Q,1974-Q1,28845800000000,0,,,,,,,,,L,,,O,OL,true,2020,,F
dataflow,IMF.STA:QNEA(7.0.0),R,KOR,B1GQ,Q,SA,XDC,Q,1974-Q2,28663400000000,0,,,,,,,,,L,,,O,OL,true,2020,,F
dataflow,IMF.STA:QNEA(7.0.0),R,KOR,B1GQ,Q,SA,XDC,Q,1974-Q3,29042400000000,0,,,,,,,,,L,,,O,OL,true,2020,,F
dataflow,IMF.STA:QNEA(7.0.0),R,KOR,B1GQ,Q,SA,XDC,Q,1974-Q4,28937100000000,0,,,,,,,,,L,,,O,OL,true,2020,,F
dataflow,IMF.STA:QNEA(7.0.0),R,KOR,B1GQ,Q,SA,XDC,Q,1975-Q1,29533300000000,0,,,,,,,,,L,,,O,OL,true,2020,,F
dataflow,IMF.STA:QNEA(7.0.0),R,KOR,B1GQ,Q,SA,XDC,Q,1975-Q2,30780000000000,0,,,,,,,,,L,,,O,OL,true,2020,,F
dataflow,IMF.STA:QNEA(7.0.0),R,KOR,B1GQ,Q,SA,XDC,Q,1975-Q3,31660500000000,0,,,,,,,,,L,,,O,OL,true,2020,,F
dataflow,IMF.STA:QNEA(7.0.0),R,KOR,B1GQ,Q,SA,XDC,Q,1975-Q4,32674900000000,0,,,,,,,,,L,,,O,OL,true,2020,,F
dataflow,IMF.STA:QNEA(7.0.0),R,KOR,B1GQ,Q,SA,XDC,Q,1976-Q1,33709800000000,0,,,,,,,,,L,,,O,OL,true,2020,,F
dataflow,IMF.STA:QNEA(7.0.0),R,KOR,B1GQ,Q,SA,XDC,Q,1976-Q2,35174800000000,0,,,,,,,,,L,,,O,OL,true,2020,,F
dataflow,IMF.STA:QNEA(7.0.0),R,KOR,B1GQ,Q,SA,XDC,Q,1976-Q3,35942900000000,0,,,,,,,,,L,,,O,OL,true,2020,,F
dataflow,IMF.STA:QNEA(7.0.0),R,KOR,B1GQ,Q,SA,XDC,Q,1976-Q4,36353600000000,0,,,,,,,,,L,,,O,OL,true,2020,,F
dataflow,IMF.STA:QNEA(7.0.0),R,KOR,B1GQ,Q,SA,XDC,Q,1977-Q1,36753800000000,0,,,,,,,,,L,,,O,OL,true,2020,,F
dataflow,IMF.STA:QNEA(7.0.0),R,KOR,B1GQ,Q,SA,XDC,Q,1977-Q2,38566500000000,0,,,,,,,,,L,,,O,OL,true,2020,,F
dataflow,IMF.STA:QNEA(7.0.0),R,KOR,B1GQ,Q,SA,XDC,Q,1977-Q3,40925700000000,0,,,,,,,,,L,,,O,OL,true,2020,,F
dataflow,IMF.STA:QNEA(7.0.0),R,KOR,B1GQ,Q,SA,XDC,Q,1977-Q4,42409500000000,0,,,,,,,,,L,,,O,OL,true,2020,,F
dataflow,IMF.STA:QNEA(7.0.0),R,KOR,B1GQ,Q,SA,XDC,Q,1978-Q1,42149400000000,0,,,,,,,,,L,,,O,OL,true,2020,,F
dataflow,IMF.STA:QNEA(7.0.0),R,KOR,B1GQ,Q,SA,XDC,Q,1978-Q2,43433800000000,0,,,,,,,,,L,,,O,OL,true,2020,,F
dataflow,IMF.STA:QNEA(7.0.0),R,KOR,B1GQ,Q,SA,XDC,Q,1978-Q3,44285500000000,0,,,,,,,,,L,,,O,OL,true,2020,,F
dataflow,IMF.STA:QNEA(7.0.0),R,KOR,B1GQ,Q,SA,XDC,Q,1978-Q4,46349200000000,0,,,,,,,,,L,,,O,OL,true,2020,,F
dataflow,IMF.STA:QNEA(7.0.0),R,KOR,B1GQ,Q,SA,XDC,Q,1979-Q1,48541200000000,0,,,,,,,,,L,,,O,OL,true,2020,,F
dataflow,IMF.STA:QNEA(7.0.0),R,KOR,B1GQ,Q,SA,XDC,Q,1979-Q2,48849100000000,0,,,,,,,,,L,,,O,OL,true,2020,,F
dataflow,IMF.STA:QNEA(7.0.0),R,KOR,B1GQ,Q,SA,XDC,Q,1979-Q3,47467000000000,0,,,,,,,,,L,,,O,OL,true,2020,,F
dataflow,IMF.STA:QNEA(7.0.0),R,KOR,B1GQ,Q,SA,XDC,Q,1979-Q4,46756500000000,0,,,,,,,,,L,,,O,OL,true,2020,,F
dataflow,IMF.STA:QNEA(7.0.0),R,KOR,B1GQ,Q,SA,XDC,Q,1980-Q1,47272000000000,0,,,,,,,,,L,,,O,OL,true,2020,,F
dataflow,IMF.STA:QNEA(7.0.0),R,KOR,B1GQ,Q,SA,XDC,Q,1980-Q2,46962700000000,0,,,,,,,,,L,,,O,OL,true,2020,,F
dataflow,IMF.STA:QNEA(7.0.0),R,KOR,B1GQ,Q,SA,XDC,Q,1980-Q3,47827000000000,0,,,,,,,,,L,,,O,OL,true,2020,,F
dataflow,IMF.STA:QNEA(7.0.0),R,KOR,B1GQ,Q,SA,XDC,Q,1980-Q4,46631400000000,0,,,,,,,,,L,,,O,OL,true,2020,,F
dataflow,IMF.STA:QNEA(7.0.0),R,KOR,B1GQ,Q,SA,XDC,Q,1981-Q1,48571000000000,0,,,,,,,,,L,,,O,OL,true,2020,,F
dataflow,IMF.STA:QNEA(7.0.0),R,KOR,B1GQ,Q,SA,XDC,Q,1981-Q2,49711800000000,0,,,,,,,,,L,,,O,OL,true,2020,,F
dataflow,IMF.STA:QNEA(7.0.0),R,KOR,B1GQ,Q,SA,XDC,Q,1981-Q3,51715600000000,0,,,,,,,,,L,,,O,OL,true,2020,,F
dataflow,IMF.STA:QNEA(7.0.0),R,KOR,B1GQ,Q,SA,XDC,Q,1981-Q4,52665200000000,0,,,,,,,,,L,,,O,OL,true,2020,,F
dataflow,IMF.STA:QNEA(7.0.0),R,KOR,B1GQ,Q,SA,XDC,Q,1982-Q1,53051200000000,0,,,,,,,,,L,,,O,OL,true,2020,,F
dataflow,IMF.STA:QNEA(7.0.0),R,KOR,B1GQ,Q,SA,XDC,Q,1982-Q2,54194600000000,0,,,,,,,,,L,,,O,OL,true,2020,,F
dataflow,IMF.STA:QNEA(7.0.0),R,KOR,B1GQ,Q,SA,XDC,Q,1982-Q3,55298900000000,0,,,,,,,,,L,,,O,OL,true,2020,,F
dataflow,IMF.STA:QNEA(7.0.0),R,KOR,B1GQ,Q,SA,XDC,Q,1982-Q4,57281000000000,0,,,,,,,,,L,,,O,OL,true,2020,,F
dataflow,IMF.STA:QNEA(7.0.0),R,KOR,B1GQ,Q,SA,XDC,Q,1983-Q1,59706700000000,0,,,,,,,,,L,,,O,OL,true,2020,,F
dataflow,IMF.STA:QNEA(7.0.0),R,KOR,B1GQ,Q,SA,XDC,Q,1983-Q2,61414500000000,0,,,,,,,,,L,,,O,OL,true,2020,,F
dataflow,IMF.STA:QNEA(7.0.0),R,KOR,B1GQ,Q,SA,XDC,Q,1983-Q3,63773500000000,0,,,,,,,,,L,,,O,OL,true,2020,,F
dataflow,IMF.STA:QNEA(7.0.0),R,KOR,B1GQ,Q,SA,XDC,Q,1983-Q4,64534400000000,0,,,,,,,,,L,,,O,OL,true,2020,,F
dataflow,IMF.STA:QNEA(7.0.0),R,KOR,B1GQ,Q,SA,XDC,Q,1984-Q1,67142500000000,0,,,,,,,,,L,,,O,OL,true,2020,,F
dataflow,IMF.STA:QNEA(7.0.0),R,KOR,B1GQ,Q,SA,XDC,Q,1984-Q2,68657000000000,0,,,,,,,,,L,,,O,OL,true,2020,,F
dataflow,IMF.STA:QNEA(7.0.0),R,KOR,B1GQ,Q,SA,XDC,Q,1984-Q3,69809800000000,0,,,,,,,,,L,,,O,OL,true,2020,,F
dataflow,IMF.STA:QNEA(7.0.0),R,KOR,B1GQ,Q,SA,XDC,Q,1984-Q4,70350700000000,0,,,,,,,,,L,,,O,OL,true,2020,,F
dataflow,IMF.STA:QNEA(7.0.0),R,KOR,B1GQ,Q,SA,XDC,Q,1985-Q1,72078900000000,0,,,,,,,,,L,,,O,OL,true,2020,,F
dataflow,IMF.STA:QNEA(7.0.0),R,KOR,B1GQ,Q,SA,XDC,Q,1985-Q2,73807700000000,0,,,,,,,,,L,,,O,OL,true,2020,,F
dataflow,IMF.STA:QNEA(7.0.0),R,KOR,B1GQ,Q,SA,XDC,Q,1985-Q3,74802200000000,0,,,,,,,,,L,,,O,OL,true,2020,,F
dataflow,IMF.STA:QNEA(7.0.0),R,KOR,B1GQ,Q,SA,XDC,Q,1985-Q4,77179100000000,0,,,,,,,,,L,,,O,OL,true,2020,,F
dataflow,IMF.STA:QNEA(7.0.0),R,KOR,B1GQ,Q,SA,XDC,Q,1986-Q1,78418900000000,0,,,,,,,,,L,,,O,OL,true,2020,,F
dataflow,IMF.STA:QNEA(7.0.0),R,KOR,B1GQ,Q,SA,XDC,Q,1986-Q2,81654700000000,0,,,,,,,,,L,,,O,OL,true,2020,,F
dataflow,IMF.STA:QNEA(7.0.0),R,KOR,B1GQ,Q,SA,XDC,Q,1986-Q3,85381500000000,0,,,,,,,,,L,,,O,OL,true,2020,,F
dataflow,IMF.STA:QNEA(7.0.0),R,KOR,B1GQ,Q,SA,XDC,Q,1986-Q4,86676500000000,0,,,,,,,,,L,,,O,OL,true,2020,,F
dataflow,IMF.STA:QNEA(7.0.0),R,KOR,B1GQ,Q,SA,XDC,Q,1987-Q1,89176800000000,0,,,,,,,,,L,,,O,OL,true,2020,,F
dataflow,IMF.STA:QNEA(7.0.0),R,KOR,B1GQ,Q,SA,XDC,Q,1987-Q2,93998400000000,0,,,,,,,,,L,,,O,OL,true,2020,,F
dataflow,IMF.STA:QNEA(7.0.0),R,KOR,B1GQ,Q,SA,XDC,Q,1987-Q3,95056000000000,0,,,,,,,,,L,,,O,OL,true,2020,,F
dataflow,IMF.STA:QNEA(7.0.0),R,KOR,B1GQ,Q,SA,XDC,Q,1987-Q4,96719500000000,0,,,,,,,,,L,,,O,OL,true,2020,,F
dataflow,IMF.STA:QNEA(7.0.0),R,KOR,B1GQ,Q,SA,XDC,Q,1988-Q1,104030400000000,0,,,,,,,,,L,,,O,OL,true,2020,,F
dataflow,IMF.STA:QNEA(7.0.0),R,KOR,B1GQ,Q,SA,XDC,Q,1988-Q2,102150400000000,0,,,,,,,,,L,,,O,OL,true,2020,,F
dataflow,IMF.STA:QNEA(7.0.0),R,KOR,B1GQ,Q,SA,XDC,Q,1988-Q3,105616600000000,0,,,,,,,,,L,,,O,OL,true,2020,,F
dataflow,IMF.STA:QNEA(7.0.0),R,KOR,B1GQ,Q,SA,XDC,Q,1988-Q4,108646800000000,0,,,,,,,,,L,,,O,OL,true,2020,,F
dataflow,IMF.STA:QNEA(7.0.0),R,KOR,B1GQ,Q,SA,XDC,Q,1989-Q1,108617400000000,0,,,,,,,,,L,,,O,OL,true,2020,,F
dataflow,IMF.STA:QNEA(7.0.0),R,KOR,B1GQ,Q,SA,XDC,Q,1989-Q2,110439300000000,0,,,,,,,,,L,,,O,OL,true,2020,,F
dataflow,IMF.STA:QNEA(7.0.0),R,KOR,B1GQ,Q,SA,XDC,Q,1989-Q3,113588100000000,0,,,,,,,,,L,,,O,OL,true,2020,,F
dataflow,IMF.STA:QNEA(7.0.0),R,KOR,B1GQ,Q,SA,XDC,Q,1989-Q4,117924200000000,0,,,,,,,,,L,,,O,OL,true,2020,,F
dataflow,IMF.STA:QNEA(7.0.0),R,KOR,B1GQ,Q,SA,XDC,Q,1990-Q1,119159600000000,0,,,,,,,,,L,,,O,OL,true,2020,,F
dataflow,IMF.STA:QNEA(7.0.0),R,KOR,B1GQ,Q,SA,XDC,Q,1990-Q2,121845800000000,0,,,,,,,,,L,,,O,OL,true,2020,,F
dataflow,IMF.STA:QNEA(7.0.0),R,KOR,B1GQ,Q,SA,XDC,Q,1990-Q3,126163700000000,0,,,,,,,,,L,,,O,OL,true,2020,,F
dataflow,IMF.STA:QNEA(7.0.0),R,KOR,B1GQ,Q,SA,XDC,Q,1990-Q4,128569200000000,0,,,,,,,,,L,,,O,OL,true,2020,,F
dataflow,IMF.STA:QNEA(7.0.0),R,KOR,B1GQ,Q,SA,XDC,Q,1991-Q1,133273100000000,0,,,,,,,,,L,,,O,OL,true,2020,,F
dataflow,IMF.STA:QNEA(7.0.0),R,KOR,B1GQ,Q,SA,XDC,Q,1991-Q2,135544500000000,0,,,,,,,,,L,,,O,OL,true,2020,,F
dataflow,IMF.STA:QNEA(7.0.0),R,KOR,B1GQ,Q,SA,XDC,Q,1991-Q3,138631000000000,0,,,,,,,,,L,,,O,OL,true,2020,,F
dataflow,IMF.STA:QNEA(7.0.0),R,KOR,B1GQ,Q,SA,XDC,Q,1991-Q4,142201000000000,0,,,,,,,,,L,,,O,OL,true,2020,,F
dataflow,IMF.STA:QNEA(7.0.0),R,KOR,B1GQ,Q,SA,XDC,Q,1992-Q1,144661600000000,0,,,,,,,,,L,,,O,OL,true,2020,,F
dataflow,IMF.STA:QNEA(7.0.0),R,KOR,B1GQ,Q,SA,XDC,Q,1992-Q2,145750700000000,0,,,,,,,,,L,,,O,OL,true,2020,,F
dataflow,IMF.STA:QNEA(7.0.0),R,KOR,B1GQ,Q,SA,XDC,Q,1992-Q3,145926100000000,0,,,,,,,,,L,,,O,OL,true,2020,,F
dataflow,IMF.STA:QNEA(7.0.0),R,KOR,B1GQ,Q,SA,XDC,Q,1992-Q4,148222700000000,0,,,,,,,,,L,,,O,OL,true,2020,,F
dataflow,IMF.STA:QNEA(7.0.0),R,KOR,B1GQ,Q,SA,XDC,Q,1993-Q1,151302000000000,0,,,,,,,,,L,,,O,OL,true,2020,,F
dataflow,IMF.STA:QNEA(7.0.0),R,KOR,B1GQ,Q,SA,XDC,Q,1993-Q2,155120800000000,0,,,,,,,,,L,,,O,OL,true,2020,,F
dataflow,IMF.STA:QNEA(7.0.0),R,KOR,B1GQ,Q,SA,XDC,Q,1993-Q3,157958300000000,0,,,,,,,,,L,,,O,OL,true,2020,,F
dataflow,IMF.STA:QNEA(7.0.0),R,KOR,B1GQ,Q,SA,XDC,Q,1993-Q4,161068400000000,0,,,,,,,,,L,,,O,OL,true,2020,,F
dataflow,IMF.STA:QNEA(7.0.0),R,KOR,B1GQ,Q,SA,XDC,Q,1994-Q1,165850700000000,0,,,,,,,,,L,,,O,OL,true,2020,,F
dataflow,IMF.STA:QNEA(7.0.0),R,KOR,B1GQ,Q,SA,XDC,Q,1994-Q2,168612400000000,0,,,,,,,,,L,,,O,OL,true,2020,,F
dataflow,IMF.STA:QNEA(7.0.0),R,KOR,B1GQ,Q,SA,XDC,Q,1994-Q3,171330800000000,0,,,,,,,,,L,,,O,OL,true,2020,,F
dataflow,IMF.STA:QNEA(7.0.0),R,KOR,B1GQ,Q,SA,XDC,Q,1994-Q4,178271700000000,0,,,,,,,,,L,,,O,OL,true,2020,,F
dataflow,IMF.STA:QNEA(7.0.0),R,KOR,B1GQ,Q,SA,XDC,Q,1995-Q1,182209400000000,0,,,,,,,,,L,,,O,OL,true,2020,,F
dataflow,IMF.STA:QNEA(7.0.0),R,KOR,B1GQ,Q,SA,XDC,Q,1995-Q2,185683600000000,0,,,,,,,,,L,,,O,OL,true,2020,,F
dataflow,IMF.STA:QNEA(7.0.0),R,KOR,B1GQ,Q,SA,XDC,Q,1995-Q3,189589100000000,0,,,,,,,,,L,,,O,OL,true,2020,,F
dataflow,IMF.STA:QNEA(7.0.0),R,KOR,B1GQ,Q,SA,XDC,Q,1995-Q4,193183400000000,0,,,,,,,,,L,,,O,OL,true,2020,,F
dataflow,IMF.STA:QNEA(7.0.0),R,KOR,B1GQ,Q,SA,XDC,Q,1996-Q1,197063400000000,0,,,,,,,,,L,,,O,OL,true,2020,,F
dataflow,IMF.STA:QNEA(7.0.0),R,KOR,B1GQ,Q,SA,XDC,Q,1996-Q2,200858600000000,0,,,,,,,,,L,,,O,OL,true,2020,,F
dataflow,IMF.STA:QNEA(7.0.0),R,KOR,B1GQ,Q,SA,XDC,Q,1996-Q3,204565900000000,0,,,,,,,,,L,,,O,OL,true,2020,,F
dataflow,IMF.STA:QNEA(7.0.0),R,KOR,B1GQ,Q,SA,XDC,Q,1996-Q4,208158900000000,0,,,,,,,,,L,,,O,OL,true,2020,,F
dataflow,IMF.STA:QNEA(7.0.0),R,KOR,B1GQ,Q,SA,XDC,Q,1997-Q1,209163500000000,0,,,,,,,,,L,,,O,OL,true,2020,,F
dataflow,IMF.STA:QNEA(7.0.0),R,KOR,B1GQ,Q,SA,XDC,Q,1997-Q2,216503800000000,0,,,,,,,,,L,,,O,OL,true,2020,,F
dataflow,IMF.STA:QNEA(7.0.0),R,KOR,B1GQ,Q,SA,XDC,Q,1997-Q3,218621300000000,0,,,,,,,,,L,,,O,OL,true,2020,,F
dataflow,IMF.STA:QNEA(7.0.0),R,KOR,B1GQ,Q,SA,XDC,Q,1997-Q4,217284700000000,0,,,,,,,,,L,,,O,OL,true,2020,,F
dataflow,IMF.STA:QNEA(7.0.0),R,KOR,B1GQ,Q,SA,XDC,Q,1998-Q1,202695900000000,0,,,,,,,,,L,,,O,OL,true,2020,,F
dataflow,IMF.STA:QNEA(7.0.0),R,KOR,B1GQ,Q,SA,XDC,Q,1998-Q2,201114300000000,0,,,,,,,,,L,,,O,OL,true,2020,,F
dataflow,IMF.STA:QNEA(7.0.0),R,KOR,B1GQ,Q,SA,XDC,Q,1998-Q3,205049800000000,0,,,,,,,,,L,,,O,OL,true,2020,,F
dataflow,IMF.STA:QNEA(7.0.0),R,KOR,B1GQ,Q,SA,XDC,Q,1998-Q4,210160900000000,0,,,,,,,,,L,,,O,OL,true,2020,,F
dataflow,IMF.STA:QNEA(7.0.0),R,KOR,B1GQ,Q,SA,XDC,Q,1999-Q1,216688000000000,0,,,,,,,,,L,,,O,OL,true,2020,,F
dataflow,IMF.STA:QNEA(7.0.0),R,KOR,B1GQ,Q,SA,XDC,Q,1999-Q2,226088500000000,0,,,,,,,,,L,,,O,OL,true,2020,,F
dataflow,IMF.STA:QNEA(7.0.0),R,KOR,B1GQ,Q,SA,XDC,Q,1999-Q3,232582600000000,0,,,,,,,,,L,,,O,OL,true,2020,,F
dataflow,IMF.STA:QNEA(7.0.0),R,KOR,B1GQ,Q,SA,XDC,Q,1999-Q4,238809500000000,0,,,,,,,,,L,,,O,OL,true,2020,,F
dataflow,IMF.STA:QNEA(7.0.0),R,KOR,B1GQ,Q,SA,XDC,Q,2000-Q1,243573100000000,0,,,,,,,,,L,,,O,OL,true,2020,,F
dataflow,IMF.STA:QNEA(7.0.0),R,KOR,B1GQ,Q,SA,XDC,Q,2000-Q2,247325900000000,0,,,,,,,,,L,,,O,OL,true,2020,,F
dataflow,IMF.STA:QNEA(7.0.0),R,KOR,B1GQ,Q,SA,XDC,Q,2000-Q3,254117200000000,0,,,,,,,,,L,,,O,OL,true,2020,,F
dataflow,IMF.STA:QNEA(7.0.0),R,KOR,B1GQ,Q,SA,XDC,Q,2000-Q4,253273000000000,0,,,,,,,,,L,,,O,OL,true,2020,,F
dataflow,IMF.STA:QNEA(7.0.0),R,KOR,B1GQ,Q,SA,XDC,Q,2001-Q1,255820800000000,0,,,,,,,,,L,,,O,OL,true,2020,,F
dataflow,IMF.STA:QNEA(7.0.0),R,KOR,B1GQ,Q,SA,XDC,Q,2001-Q2,259678300000000,0,,,,,,,,,L,,,O,OL,true,2020,,F
dataflow,IMF.STA:QNEA(7.0.0),R,KOR,B1GQ,Q,SA,XDC,Q,2001-Q3,262985600000000,0,,,,,,,,,L,,,O,OL,true,2020,,F
dataflow,IMF.STA:QNEA(7.0.0),R,KOR,B1GQ,Q,SA,XDC,Q,2001-Q4,266982900000000,0,,,,,,,,,L,,,O,OL,true,2020,,F
dataflow,IMF.STA:QNEA(7.0.0),R,KOR,B1GQ,Q,SA,XDC,Q,2002-Q1,274419900000000,0,,,,,,,,,L,,,O,OL,true,2020,,F
dataflow,IMF.STA:QNEA(7.0.0),R,KOR,B1GQ,Q,SA,XDC,Q,2002-Q2,279643700000000,0,,,,,,,,,L,,,O,OL,true,2020,,F
dataflow,IMF.STA:QNEA(7.0.0),R,KOR,B1GQ,Q,SA,XDC,Q,2002-Q3,284837500000000,0,,,,,,,,,L,,,O,OL,true,2020,,F
dataflow,IMF.STA:QNEA(7.0.0),R,KOR,B1GQ,Q,SA,XDC,Q,2002-Q4,287527500000000,0,,,,,,,,,L,,,O,OL,true,2020,,F
dataflow,IMF.STA:QNEA(7.0.0),R,KOR,B1GQ,Q,SA,XDC,Q,2003-Q1,285982500000000,0,,,,,,,,,L,,,O,OL,true,2020,,F
dataflow,IMF.STA:QNEA(7.0.0),R,KOR,B1GQ,Q,SA,XDC,Q,2003-Q2,286171600000000,0,,,,,,,,,L,,,O,OL,true,2020,,F
dataflow,IMF.STA:QNEA(7.0.0),R,KOR,B1GQ,Q,SA,XDC,Q,2003-Q3,290747700000000,0,,,,,,,,,L,,,O,OL,true,2020,,F
dataflow,IMF.STA:QNEA(7.0.0),R,KOR,B1GQ,Q,SA,XDC,Q,2003-Q4,298161400000000,0,,,,,,,,,L,,,O,OL,true,2020,,F
dataflow,IMF.STA:QNEA(7.0.0),R,KOR,B1GQ,Q,SA,XDC,Q,2004-Q1,302404300000000,0,,,,,,,,,L,,,O,OL,true,2020,,F
dataflow,IMF.STA:QNEA(7.0.0),R,KOR,B1GQ,Q,SA,XDC,Q,2004-Q2,304926100000000,0,,,,,,,,,L,,,O,OL,true,2020,,F
dataflow,IMF.STA:QNEA(7.0.0),R,KOR,B1GQ,Q,SA,XDC,Q,2004-Q3,305706200000000,0,,,,,,,,,L,,,O,OL,true,2020,,F
dataflow,IMF.STA:QNEA(7.0.0),R,KOR,B1GQ,Q,SA,XDC,Q,2004-Q4,308211900000000,0,,,,,,,,,L,,,O,OL,true,2020,,F
dataflow,IMF.STA:QNEA(7.0.0),R,KOR,B1GQ,Q,SA,XDC,Q,2005-Q1,311097100000000,0,,,,,,,,,L,,,O,OL,true,2020,,F
dataflow,IMF.STA:QNEA(7.0.0),R,KOR,B1GQ,Q,SA,XDC,Q,2005-Q2,316930100000000,0,,,,,,,,,L,,,O,OL,true,2020,,F
dataflow,IMF.STA:QNEA(7.0.0),R,KOR,B1GQ,Q,SA,XDC,Q,2005-Q3,321379300000000,0,,,,,,,,,L,,,O,OL,true,2020,,F
dataflow,IMF.STA:QNEA(7.0.0),R,KOR,B1GQ,Q,SA,XDC,Q,2005-Q4,325066900000000,0,,,,,,,,,L,,,O,OL,true,2020,,F
dataflow,IMF.STA:QNEA(7.0.0),R,KOR,B1GQ,Q,SA,XDC,Q,2006-Q1,330234400000000,0,,,,,,,,,L,,,O,OL,true,2020,,F
dataflow,IMF.STA:QNEA(7.0.0),R,KOR,B1GQ,Q,SA,XDC,Q,2006-Q2,332617800000000,0,,,,,,,,,L,,,O,OL,true,2020,,F
dataflow,IMF.STA:QNEA(7.0.0),R,KOR,B1GQ,Q,SA,XDC,Q,2006-Q3,337830800000000,0,,,,,,,,,L,,,O,OL,true,2020,,F
dataflow,IMF.STA:QNEA(7.0.0),R,KOR,B1GQ,Q,SA,XDC,Q,2006-Q4,340636500000000,0,,,,,,,,,L,,,O,OL,true,2020,,F
dataflow,IMF.STA:QNEA(7.0.0),R,KOR,B1GQ,Q,SA,XDC,Q,2007-Q1,346675000000000,0,,,,,,,,,L,,,O,OL,true,2020,,F
dataflow,IMF.STA:QNEA(7.0.0),R,KOR,B1GQ,Q,SA,XDC,Q,2007-Q2,352543600000000,0,,,,,,,,,L,,,O,OL,true,2020,,F
dataflow,IMF.STA:QNEA(7.0.0),R,KOR,B1GQ,Q,SA,XDC,Q,2007-Q3,356718200000000,0,,,,,,,,,L,,,O,OL,true,2020,,F
dataflow,IMF.STA:QNEA(7.0.0),R,KOR,B1GQ,Q,SA,XDC,Q,2007-Q4,363742300000000,0,,,,,,,,,L,,,O,OL,true,2020,,F
dataflow,IMF.STA:QNEA(7.0.0),R,KOR,B1GQ,Q,SA,XDC,Q,2008-Q1,366484800000000,0,,,,,,,,,L,,,O,OL,true,2020,,F
dataflow,IMF.STA:QNEA(7.0.0),R,KOR,B1GQ,Q,SA,XDC,Q,2008-Q2,367818800000000,0,,,,,,,,,L,,,O,OL,true,2020,,F
dataflow,IMF.STA:QNEA(7.0.0),R,KOR,B1GQ,Q,SA,XDC,Q,2008-Q3,370260100000000,0,,,,,,,,,L,,,O,OL,true,2020,,F
dataflow,IMF.STA:QNEA(7.0.0),R,KOR,B1GQ,Q,SA,XDC,Q,2008-Q4,357768200000000,0,,,,,,,,,L,,,O,OL,true,2020,,F
dataflow,IMF.STA:QNEA(7.0.0),R,KOR,B1GQ,Q,SA,XDC,Q,2009-Q1,358711700000000,0,,,,,,,,,L,,,O,OL,true,2020,,F
dataflow,IMF.STA:QNEA(7.0.0),R,KOR,B1GQ,Q,SA,XDC,Q,2009-Q2,363561000000000,0,,,,,,,,,L,,,O,OL,true,2020,,F
dataflow,IMF.STA:QNEA(7.0.0),R,KOR,B1GQ,Q,SA,XDC,Q,2009-Q3,374652000000000,0,,,,,,,,,L,,,O,OL,true,2020,,F
dataflow,IMF.STA:QNEA(7.0.0),R,KOR,B1GQ,Q,SA,XDC,Q,2009-Q4,377396300000000,0,,,,,,,,,L,,,O,OL,true,2020,,F
dataflow,IMF.STA:QNEA(7.0.0),R,KOR,B1GQ,Q,SA,XDC,Q,2010-Q1,386238500000000,0,,,,,,,,,L,,,O,OL,true,2020,,F
dataflow,IMF.STA:QNEA(7.0.0),R,KOR,B1GQ,Q,SA,XDC,Q,2010-Q2,392479000000000,0,,,,,,,,,L,,,O,OL,true,2020,,F
dataflow,IMF.STA:QNEA(7.0.0),R,KOR,B1GQ,Q,SA,XDC,Q,2010-Q3,396469600000000,0,,,,,,,,,L,,,O,OL,true,2020,,F
dataflow,IMF.STA:QNEA(7.0.0),R,KOR,B1GQ,Q,SA,XDC,Q,2010-Q4,402066000000000,0,,,,,,,,,L,,,O,OL,true,2020,,F
dataflow,IMF.STA:QNEA(7.0.0),R,KOR,B1GQ,Q,SA,XDC,Q,2011-Q1,405904800000000,0,,,,,,,,,L,,,O,OL,true,2020,,F
dataflow,IMF.STA:QNEA(7.0.0),R,KOR,B1GQ,Q,SA,XDC,Q,2011-Q2,407666700000000,0,,,,,,,,,L,,,O,OL,true,2020,,F
dataflow,IMF.STA:QNEA(7.0.0),R,KOR,B1GQ,Q,SA,XDC,Q,2011-Q3,409552300000000,0,,,,,,,,,L,,,O,OL,true,2020,,F
dataflow,IMF.STA:QNEA(7.0.0),R,KOR,B1GQ,Q,SA,XDC,Q,2011-Q4,412298900000000,0,,,,,,,,,L,,,O,OL,true,2020,,F
dataflow,IMF.STA:QNEA(7.0.0),R,KOR,B1GQ,Q,SA,XDC,Q,2012-Q1,416240700000000,0,,,,,,,,,L,,,O,OL,true,2020,,F
dataflow,IMF.STA:QNEA(7.0.0),R,KOR,B1GQ,Q,SA,XDC,Q,2012-Q2,417998000000000,0,,,,,,,,,L,,,O,OL,true,2020,,F
dataflow,IMF.STA:QNEA(7.0.0),R,KOR,B1GQ,Q,SA,XDC,Q,2012-Q3,419861600000000,0,,,,,,,,,L,,,O,OL,true,2020,,F
dataflow,IMF.STA:QNEA(7.0.0),R,KOR,B1GQ,Q,SA,XDC,Q,2012-Q4,422987500000000,0,,,,,,,,,L,,,O,OL,true,2020,,F
dataflow,IMF.STA:QNEA(7.0.0),R,KOR,B1GQ,Q,SA,XDC,Q,2013-Q1,426342400000000,0,,,,,,,,,L,,,O,OL,true,2020,,F
dataflow,IMF.STA:QNEA(7.0.0),R,KOR,B1GQ,Q,SA,XDC,Q,2013-Q2,431160100000000,0,,,,,,,,,L,,,O,OL,true,2020,,F
dataflow,IMF.STA:QNEA(7.0.0),R,KOR,B1GQ,Q,SA,XDC,Q,2013-Q3,435484700000000,0,,,,,,,,,L,,,O,OL,true,2020,,F
dataflow,IMF.STA:QNEA(7.0.0),R,KOR,B1GQ,Q,SA,XDC,Q,2013-Q4,439300300000000,0,,,,,,,,,L,,,O,OL,true,2020,,F
dataflow,IMF.STA:QNEA(7.0.0),R,KOR,B1GQ,Q,SA,XDC,Q,2014-Q1,442669900000000,0,,,,,,,,,L,,,O,OL,true,2020,,F
dataflow,IMF.STA:QNEA(7.0.0),R,KOR,B1GQ,Q,SA,XDC,Q,2014-Q2,446872400000000,0,,,,,,,,,L,,,O,OL,true,2020,,F
dataflow,IMF.STA:QNEA(7.0.0),R,KOR,B1GQ,Q,SA,XDC,Q,2014-Q3,448023500000000,0,,,,,,,,,L,,,O,OL,true,2020,,F
dataflow,IMF.STA:QNEA(7.0.0),R,KOR,B1GQ,Q,SA,XDC,Q,2014-Q4,450409200000000,0,,,,,,,,,L,,,O,OL,true,2020,,F
dataflow,IMF.STA:QNEA(7.0.0),R,KOR,B1GQ,Q,SA,XDC,Q,2015-Q1,454302800000000,0,,,,,,,,,L,,,O,OL,true,2020,,F
dataflow,IMF.STA:QNEA(7.0.0),R,KOR,B1GQ,Q,SA,XDC,Q,2015-Q2,456256600000000,0,,,,,,,,,L,,,O,OL,true,2020,,F
dataflow,IMF.STA:QNEA(7.0.0),R,KOR,B1GQ,Q,SA,XDC,Q,2015-Q3,463025500000000,0,,,,,,,,,L,,,O,OL,true,2020,,F
dataflow,IMF.STA:QNEA(7.0.0),R,KOR,B1GQ,Q,SA,XDC,Q,2015-Q4,466604000000000,0,,,,,,,,,L,,,O,OL,true,2020,,F
dataflow,IMF.STA:QNEA(7.0.0),R,KOR,B1GQ,Q,SA,XDC,Q,2016-Q1,468400300000000,0,,,,,,,,,L,,,O,OL,true,2020,,F
dataflow,IMF.STA:QNEA(7.0.0),R,KOR,B1GQ,Q,SA,XDC,Q,2016-Q2,474271500000000,0,,,,,,,,,L,,,O,OL,true,2020,,F
dataflow,IMF.STA:QNEA(7.0.0),R,KOR,B1GQ,Q,SA,XDC,Q,2016-Q3,476105600000000,0,,,,,,,,,L,,,O,OL,true,2020,,F
dataflow,IMF.STA:QNEA(7.0.0),R,KOR,B1GQ,Q,SA,XDC,Q,2016-Q4,479773700000000,0,,,,,,,,,L,,,O,OL,true,2020,,F
dataflow,IMF.STA:QNEA(7.0.0),R,KOR,B1GQ,Q,SA,XDC,Q,2017-Q1,485209500000000,0,,,,,,,,,L,,,O,OL,true,2020,,F
dataflow,IMF.STA:QNEA(7.0.0),R,KOR,B1GQ,Q,SA,XDC,Q,2017-Q2,488730600000000,0,,,,,,,,,L,,,O,OL,true,2020,,F
dataflow,IMF.STA:QNEA(7.0.0),R,KOR,B1GQ,Q,SA,XDC,Q,2017-Q3,495435100000000,0,,,,,,,,,L,,,O,OL,true,2020,,F
dataflow,IMF.STA:QNEA(7.0.0),R,KOR,B1GQ,Q,SA,XDC,Q,2017-Q4,494356900000000,0,,,,,,,,,L,,,O,OL,true,2020,,F
dataflow,IMF.STA:QNEA(7.0.0),R,KOR,B1GQ,Q,SA,XDC,Q,2018-Q1,501490000000000,0,,,,,,,,,L,,,O,OL,true,2020,,F
dataflow,IMF.STA:QNEA(7.0.0),R,KOR,B1GQ,Q,SA,XDC,Q,2018-Q2,505448900000000,0,,,,,,,,,L,,,O,OL,true,2020,,F
dataflow,IMF.STA:QNEA(7.0.0),R,KOR,B1GQ,Q,SA,XDC,Q,2018-Q3,508214800000000,0,,,,,,,,,L,,,O,OL,true,2020,,F
dataflow,IMF.STA:QNEA(7.0.0),R,KOR,B1GQ,Q,SA,XDC,Q,2018-Q4,510948600000000,0,,,,,,,,,L,,,O,OL,true,2020,,F
dataflow,IMF.STA:QNEA(7.0.0),R,KOR,B1GQ,Q,SA,XDC,Q,2019-Q1,511117500000000,0,,,,,,,,,L,,,O,OL,true,2020,,F
dataflow,IMF.STA:QNEA(7.0.0),R,KOR,B1GQ,Q,SA,XDC,Q,2019-Q2,518034200000000,0,,,,,,,,,L,,,O,OL,true,2020,,F
dataflow,IMF.STA:QNEA(7.0.0),R,KOR,B1GQ,Q,SA,XDC,Q,2019-Q3,519435700000000,0,,,,,,,,,L,,,O,OL,true,2020,,F
dataflow,IMF.STA:QNEA(7.0.0),R,KOR,B1GQ,Q,SA,XDC,Q,2019-Q4,524395000000000,0,,,,,,,,,L,,,O,OL,true,2020,,F
dataflow,IMF.STA:QNEA(7.0.0),R,KOR,B1GQ,Q,SA,XDC,Q,2020-Q1,517226900000000,0,,,,,,,,,L,,,O,OL,true,2020,,F
dataflow,IMF.STA:QNEA(7.0.0),R,KOR,B1GQ,Q,SA,XDC,Q,2020-Q2,503562300000000,0,,,,,,,,,L,,,O,OL,true,2020,,F
dataflow,IMF.STA:QNEA(7.0.0),R,KOR,B1GQ,Q,SA,XDC,Q,2020-Q3,514942200000000,0,,,,,,,,,L,,,O,OL,true,2020,,F
dataflow,IMF.STA:QNEA(7.0.0),R,KOR,B1GQ,Q,SA,XDC,Q,2020-Q4,522735100000000,0,,,,,,,,,L,,,O,OL,true,2020,,F
dataflow,IMF.STA:QNEA(7.0.0),R,KOR,B1GQ,Q,SA,XDC,Q,2021-Q1,531069700000000,0,,,,,,,,,L,,,O,OL,true,2020,,F
dataflow,IMF.STA:QNEA(7.0.0),R,KOR,B1GQ,Q,SA,XDC,Q,2021-Q2,538270800000000,0,,,,,,,,,L,,,O,OL,true,2020,,F
dataflow,IMF.STA:QNEA(7.0.0),R,KOR,B1GQ,Q,SA,XDC,Q,2021-Q3,538184300000000,0,,,,,,,,,L,,,O,OL,true,2020,,F
dataflow,IMF.STA:QNEA(7.0.0),R,KOR,B1GQ,Q,SA,XDC,Q,2021-Q4,547618100000000,0,,,,,,,,,L,,,O,OL,true,2020,,F
dataflow,IMF.STA:QNEA(7.0.0),R,KOR,B1GQ,Q,SA,XDC,Q,2022-Q1,550176900000000,0,,,,,,,,,L,,,O,OL,true,2020,,F
dataflow,IMF.STA:QNEA(7.0.0),R,KOR,B1GQ,Q,SA,XDC,Q,2022-Q2,555670400000000,0,,,,,,,,,L,,,O,OL,true,2020,,F
dataflow,IMF.STA:QNEA(7.0.0),R,KOR,B1GQ,Q,SA,XDC,Q,2022-Q3,557103500000000,0,,,,,,,,,L,,,O,OL,true,2020,,F
dataflow,IMF.STA:QNEA(7.0.0),R,KOR,B1GQ,Q,SA,XDC,Q,2022-Q4,554877300000000,0,,,,,,,,,L,,,O,OL,true,2020,,F
dataflow,IMF.STA:QNEA(7.0.0),R,KOR,B1GQ,Q,SA,XDC,Q,2023-Q1,556108300000000,0,,,,,,,,,L,,,O,OL,true,2020,,F
dataflow,IMF.STA:QNEA(7.0.0),R,KOR,B1GQ,Q,SA,XDC,Q,2023-Q2,559921400000000,0,,,,,,,,,L,,,O,OL,true,2020,,F
dataflow,IMF.STA:QNEA(7.0.0),R,KOR,B1GQ,Q,SA,XDC,Q,2023-Q3,565273300000000,0,,,,,,,,,L,,,O,OL,true,2020,,F
dataflow,IMF.STA:QNEA(7.0.0),R,KOR,B1GQ,Q,SA,XDC,Q,2023-Q4,569404400000000,0,,,,,,,,,L,,,O,OL,true,2020,,F
dataflow,IMF.STA:QNEA(7.0.0),R,KOR,B1GQ,Q,SA,XDC,Q,2024-Q1,575171300000000,0,,,,,,,,,L,,,O,OL,true,2020,,F
dataflow,IMF.STA:QNEA(7.0.0),R,KOR,B1GQ,Q,SA,XDC,Q,2024-Q2,574301700000000,0,,,,,,,,,L,,,O,OL,true,2020,,F
dataflow,IMF.STA:QNEA(7.0.0),R,KOR,B1GQ,Q,SA,XDC,Q,2024-Q3,574618700000000,0,,,,,,,,,L,,,O,OL,true,2020,,F
dataflow,IMF.STA:QNEA(7.0.0),R,KOR,B1GQ,Q,SA,XDC,Q,2024-Q4,575977000000000,0,,,,,,,,,L,,,O,OL,true,2020,,F
dataflow,IMF.STA:QNEA(7.0.0),R,KOR,B1GQ,Q,SA,XDC,Q,2025-Q1,574984300000000,0,,,,,,,,,L,,,O,OL,true,2020,,F
dataflow,IMF.STA:QNEA(7.0.0),R,KOR,B1GQ,Q,SA,XDC,Q,2025-Q2,578719200000000,0,,,,,,,,,L,,,O,OL,true,2020,,F
dataflow,IMF.STA:QNEA(7.0.0),R,KOR,B1GQ,Q,SA,XDC,Q,2025-Q3,586599900000000,0,,,,,,,,,L,,,O,OL,true,2020,,F
dataflow,IMF.STA:QNEA(7.0.0),R,KOR,B1GQ,Q,SA,XDC,Q,2025-Q4,585964000000000,0,,,,,,,,,L,,,O,OL,true,2020,,F
dataflow,IMF.STA:QNEA(7.0.0),R,KOR,B1GQ,Q,SA,XDC,Q,2026-Q1,596692800000000,0,,,,,,,,,L,,,O,OL,true,2020,,F
dataflow,IMF.STA:QNEA(7.0.0),R,KOR,B1GQ,Q,SA,XDC,Q,2026-Q2,600405700000000,0,,,,,,,,,L,,,O,OL,true,2020,,F
dataflow,IMF.STA:QNEA(7.0.0),R,LSO,B1GQ,Q,SA,XDC,Q,2007-Q1,4043089355.46875,0,,,,,,,,,FB,,,O,OL,true,2012,,F
dataflow,IMF.STA:QNEA(7.0.0),R,LSO,B1GQ,Q,SA,XDC,Q,2007-Q2,4209457031.25,0,,,,,,,,,FB,,,O,OL,true,2012,,F
dataflow,IMF.STA:QNEA(7.0.0),R,LSO,B1GQ,Q,SA,XDC,Q,2007-Q3,4225419921.875,0,,,,,,,,,FB,,,O,OL,true,2012,,F
dataflow,IMF.STA:QNEA(7.0.0),R,LSO,B1GQ,Q,SA,XDC,Q,2007-Q4,4205013183.59375,0,,,,,,,,,FB,,,O,OL,true,2012,,F
dataflow,IMF.STA:QNEA(7.0.0),R,LSO,B1GQ,Q,SA,XDC,Q,2008-Q1,4366676269.53125,0,,,,,,,,,FB,,,O,OL,true,2012,,F
dataflow,IMF.STA:QNEA(7.0.0),R,LSO,B1GQ,Q,SA,XDC,Q,2008-Q2,4513367675.78125,0,,,,,,,,,FB,,,O,OL,true,2012,,F
dataflow,IMF.STA:QNEA(7.0.0),R,LSO,B1GQ,Q,SA,XDC,Q,2008-Q3,4443000976.5625,0,,,,,,,,,FB,,,O,OL,true,2012,,F
dataflow,IMF.STA:QNEA(7.0.0),R,LSO,B1GQ,Q,SA,XDC,Q,2008-Q4,4254988769.53125,0,,,,,,,,,FB,,,O,OL,true,2012,,F
dataflow,IMF.STA:QNEA(7.0.0),R,LSO,B1GQ,Q,SA,XDC,Q,2009-Q1,4332756347.65625,0,,,,,,,,,FB,,,O,OL,true,2012,,F
dataflow,IMF.STA:QNEA(7.0.0),R,LSO,B1GQ,Q,SA,XDC,Q,2009-Q2,4171733398.4375,0,,,,,,,,,FB,,,O,OL,true,2012,,F
dataflow,IMF.STA:QNEA(7.0.0),R,LSO,B1GQ,Q,SA,XDC,Q,2009-Q3,4296859863.28125,0,,,,,,,,,FB,,,O,OL,true,2012,,F
dataflow,IMF.STA:QNEA(7.0.0),R,LSO,B1GQ,Q,SA,XDC,Q,2009-Q4,4561507812.5,0,,,,,,,,,FB,,,O,OL,true,2012,,F
dataflow,IMF.STA:QNEA(7.0.0),R,LSO,B1GQ,Q,SA,XDC,Q,2010-Q1,4454501464.84375,0,,,,,,,,,FB,,,O,OL,true,2012,,F
dataflow,IMF.STA:QNEA(7.0.0),R,LSO,B1GQ,Q,SA,XDC,Q,2010-Q2,4556220703.125,0,,,,,,,,,FB,,,O,OL,true,2012,,F
dataflow,IMF.STA:QNEA(7.0.0),R,LSO,B1GQ,Q,SA,XDC,Q,2010-Q3,4623492187.5,0,,,,,,,,,FB,,,O,OL,true,2012,,F
dataflow,IMF.STA:QNEA(7.0.0),R,LSO,B1GQ,Q,SA,XDC,Q,2010-Q4,4661584960.9375,0,,,,,,,,,FB,,,O,OL,true,2012,,F
dataflow,IMF.STA:QNEA(7.0.0),R,LSO,B1GQ,Q,SA,XDC,Q,2011-Q1,4609476074.21875,0,,,,,,,,,FB,,,O,OL,true,2012,,F
dataflow,IMF.STA:QNEA(7.0.0),R,LSO,B1GQ,Q,SA,XDC,Q,2011-Q2,4755158691.40625,0,,,,,,,,,FB,,,O,OL,true,2012,,F
dataflow,IMF.STA:QNEA(7.0.0),R,LSO,B1GQ,Q,SA,XDC,Q,2011-Q3,4816305664.0625,0,,,,,,,,,FB,,,O,OL,true,2012,,F
dataflow,IMF.STA:QNEA(7.0.0),R,LSO,B1GQ,Q,SA,XDC,Q,2011-Q4,4980029296.875,0,,,,,,,,,FB,,,O,OL,true,2012,,F
dataflow,IMF.STA:QNEA(7.0.0),R,LSO,B1GQ,Q,SA,XDC,Q,2012-Q1,5079732910.15625,0,,,,,,,,,FB,,,O,OL,true,2012,,F
dataflow,IMF.STA:QNEA(7.0.0),R,LSO,B1GQ,Q,SA,XDC,Q,2012-Q2,5096991699.21875,0,,,,,,,,,FB,,,O,OL,true,2012,,F
dataflow,IMF.STA:QNEA(7.0.0),R,LSO,B1GQ,Q,SA,XDC,Q,2012-Q3,5094976074.21875,0,,,,,,,,,FB,,,O,OL,true,2012,,F
dataflow,IMF.STA:QNEA(7.0.0),R,LSO,B1GQ,Q,SA,XDC,Q,2012-Q4,5094996093.75,0,,,,,,,,,FB,,,O,OL,true,2012,,F
dataflow,IMF.STA:QNEA(7.0.0),R,LSO,B1GQ,Q,SA,XDC,Q,2013-Q1,5135889160.15625,0,,,,,,,,,FB,,,O,OL,true,2012,,F
dataflow,IMF.STA:QNEA(7.0.0),R,LSO,B1GQ,Q,SA,XDC,Q,2013-Q2,5086181640.625,0,,,,,,,,,FB,,,O,OL,true,2012,,F
dataflow,IMF.STA:QNEA(7.0.0),R,LSO,B1GQ,Q,SA,XDC,Q,2013-Q3,5218492187.5,0,,,,,,,,,FB,,,O,OL,true,2012,,F
dataflow,IMF.STA:QNEA(7.0.0),R,LSO,B1GQ,Q,SA,XDC,Q,2013-Q4,5293291503.90625,0,,,,,,,,,FB,,,O,OL,true,2012,,F
dataflow,IMF.STA:QNEA(7.0.0),R,LSO,B1GQ,Q,SA,XDC,Q,2014-Q1,5309438476.5625,0,,,,,,,,,FB,,,O,OL,true,2012,,F
dataflow,IMF.STA:QNEA(7.0.0),R,LSO,B1GQ,Q,SA,XDC,Q,2014-Q2,5252292480.46875,0,,,,,,,,,FB,,,O,OL,true,2012,,F
dataflow,IMF.STA:QNEA(7.0.0),R,LSO,B1GQ,Q,SA,XDC,Q,2014-Q3,5233563964.84375,0,,,,,,,,,FB,,,O,OL,true,2012,,F
dataflow,IMF.STA:QNEA(7.0.0),R,LSO,B1GQ,Q,SA,XDC,Q,2014-Q4,5295169921.875,0,,,,,,,,,FB,,,O,OL,true,2012,,F
dataflow,IMF.STA:QNEA(7.0.0),R,LSO,B1GQ,Q,SA,XDC,Q,2015-Q1,5409995605.46875,0,,,,,,,,,FB,,,O,OL,true,2012,,F
dataflow,IMF.STA:QNEA(7.0.0),R,LSO,B1GQ,Q,SA,XDC,Q,2015-Q2,5470426757.8125,0,,,,,,,,,FB,,,O,OL,true,2012,,F
dataflow,IMF.STA:QNEA(7.0.0),R,LSO,B1GQ,Q,SA,XDC,Q,2015-Q3,5518777832.03125,0,,,,,,,,,FB,,,O,OL,true,2012,,F
dataflow,IMF.STA:QNEA(7.0.0),R,LSO,B1GQ,Q,SA,XDC,Q,2015-Q4,5325718261.71875,0,,,,,,,,,FB,,,O,OL,true,2012,,F
dataflow,IMF.STA:QNEA(7.0.0),R,LSO,B1GQ,Q,SA,XDC,Q,2016-Q1,5581507324.21875,0,,,,,,,,,FB,,,O,OL,true,2012,,F
dataflow,IMF.STA:QNEA(7.0.0),R,LSO,B1GQ,Q,SA,XDC,Q,2016-Q2,5657675781.25,0,,,,,,,,,FB,,,O,OL,true,2012,,F
dataflow,IMF.STA:QNEA(7.0.0),R,LSO,B1GQ,Q,SA,XDC,Q,2016-Q3,5578497070.3125,0,,,,,,,,,FB,,,O,OL,true,2012,,F
dataflow,IMF.STA:QNEA(7.0.0),R,LSO,B1GQ,Q,SA,XDC,Q,2016-Q4,5562894531.25,0,,,,,,,,,FB,,,O,OL,true,2012,,F
dataflow,IMF.STA:QNEA(7.0.0),R,LSO,B1GQ,Q,SA,XDC,Q,2017-Q1,5487851562.5,0,,,,,,,,,FB,,,O,OL,true,2012,,F
dataflow,IMF.STA:QNEA(7.0.0),R,LSO,B1GQ,Q,SA,XDC,Q,2017-Q2,5399241210.9375,0,,,,,,,,,FB,,,O,OL,true,2012,,F
dataflow,IMF.STA:QNEA(7.0.0),R,LSO,B1GQ,Q,SA,XDC,Q,2017-Q3,5433036132.8125,0,,,,,,,,,FB,,,O,OL,true,2012,,F
dataflow,IMF.STA:QNEA(7.0.0),R,LSO,B1GQ,Q,SA,XDC,Q,2017-Q4,5465541015.625,0,,,,,,,,,FB,,,O,OL,true,2012,,F
dataflow,IMF.STA:QNEA(7.0.0),R,LSO,B1GQ,Q,SA,XDC,Q,2018-Q1,5370215332.03125,0,,,,,,,,,FB,,,O,OL,true,2012,,F
dataflow,IMF.STA:QNEA(7.0.0),R,LSO,B1GQ,Q,SA,XDC,Q,2018-Q2,5258683593.75,0,,,,,,,,,FB,,,O,OL,true,2012,,F
dataflow,IMF.STA:QNEA(7.0.0),R,LSO,B1GQ,Q,SA,XDC,Q,2018-Q3,5205518066.40625,0,,,,,,,,,FB,,,O,OL,true,2012,,F
dataflow,IMF.STA:QNEA(7.0.0),R,LSO,B1GQ,Q,SA,XDC,Q,2018-Q4,5654799804.6875,0,,,,,,,,,FB,,,O,OL,true,2012,,F
dataflow,IMF.STA:QNEA(7.0.0),R,LSO,B1GQ,Q,SA,XDC,Q,2019-Q1,5246979003.90625,0,,,,,,,,,FB,,,O,OL,true,2012,,F
dataflow,IMF.STA:QNEA(7.0.0),R,LSO,B1GQ,Q,SA,XDC,Q,2019-Q2,5372823242.1875,0,,,,,,,,,FB,,,O,OL,true,2012,,F
dataflow,IMF.STA:QNEA(7.0.0),R,LSO,B1GQ,Q,SA,XDC,Q,2019-Q3,5289841308.59375,0,,,,,,,,,FB,,,O,OL,true,2012,,F
dataflow,IMF.STA:QNEA(7.0.0),R,LSO,B1GQ,Q,SA,XDC,Q,2019-Q4,5279813476.5625,0,,,,,,,,,FB,,,O,OL,true,2012,,F
dataflow,IMF.STA:QNEA(7.0.0),R,LSO,B1GQ,Q,SA,XDC,Q,2020-Q1,5378235839.84375,0,,,,,,,,,FB,,,O,OL,true,2012,,F
dataflow,IMF.STA:QNEA(7.0.0),R,LSO,B1GQ,Q,SA,XDC,Q,2020-Q2,4417920410.15625,0,,,,,,,,,FB,,,O,OL,true,2012,,F
dataflow,IMF.STA:QNEA(7.0.0),R,LSO,B1GQ,Q,SA,XDC,Q,2020-Q3,4920117675.78125,0,,,,,,,,,FB,,,O,OL,true,2012,,F
dataflow,IMF.STA:QNEA(7.0.0),R,LSO,B1GQ,Q,SA,XDC,Q,2020-Q4,4867479492.1875,0,,,,,,,,,FB,,,O,OL,true,2012,,F
dataflow,IMF.STA:QNEA(7.0.0),R,LSO,B1GQ,Q,SA,XDC,Q,2021-Q1,4889538085.9375,0,,,,,,,,,FB,,,O,OL,true,2012,,F
dataflow,IMF.STA:QNEA(7.0.0),R,LSO,B1GQ,Q,SA,XDC,Q,2021-Q2,5112802734.375,0,,,,,,,,,FB,,,O,OL,true,2012,,F
dataflow,IMF.STA:QNEA(7.0.0),R,LSO,B1GQ,Q,SA,XDC,Q,2021-Q3,4934808105.46875,0,,,,,,,,,FB,,,O,OL,true,2012,,F
dataflow,IMF.STA:QNEA(7.0.0),R,LSO,B1GQ,Q,SA,XDC,Q,2021-Q4,5045044921.875,0,,,,,,,,,FB,,,O,OL,true,2012,,F
dataflow,IMF.STA:QNEA(7.0.0),R,LSO,B1GQ,Q,SA,XDC,Q,2022-Q1,5124399414.0625,0,,,,,,,,,FB,,,O,OL,true,2012,,F
dataflow,IMF.STA:QNEA(7.0.0),R,LSO,B1GQ,Q,SA,XDC,Q,2022-Q2,5031468750,0,,,,,,,,,FB,,,O,OL,true,2012,,F
dataflow,IMF.STA:QNEA(7.0.0),R,LSO,B1GQ,Q,SA,XDC,Q,2022-Q3,5098813964.84375,0,,,,,,,,,FB,,,O,OL,true,2012,,F
dataflow,IMF.STA:QNEA(7.0.0),R,LSO,B1GQ,Q,SA,XDC,Q,2022-Q4,4938349121.09375,0,,,,,,,,,FB,,,O,OL,true,2012,,F
dataflow,IMF.STA:QNEA(7.0.0),R,LSO,B1GQ,Q,SA,XDC,Q,2023-Q1,5047417480.46875,0,,,,,,,,,FB,,,O,OL,true,2012,,F
dataflow,IMF.STA:QNEA(7.0.0),R,LSO,B1GQ,Q,SA,XDC,Q,2023-Q2,5092659179.6875,0,,,,,,,,,FB,,,O,OL,true,2012,,F
dataflow,IMF.STA:QNEA(7.0.0),R,LSO,B1GQ,Q,SA,XDC,Q,2023-Q3,5127556152.34375,0,,,,,,,,,FB,,,O,OL,true,2012,,F
dataflow,IMF.STA:QNEA(7.0.0),R,LSO,B1GQ,Q,SA,XDC,Q,2023-Q4,5129263183.59375,0,,,,,,,,,FB,,,O,OL,true,2012,,F
dataflow,IMF.STA:QNEA(7.0.0),R,LSO,B1GQ,Q,SA,XDC,Q,2024-Q1,5149797851.5625,0,,,,,,,,,FB,,,O,OL,true,2012,,F
dataflow,IMF.STA:QNEA(7.0.0),R,LSO,B1GQ,Q,SA,XDC,Q,2024-Q2,5383813476.5625,0,,,,,,,,,FB,,,O,OL,true,2012,,F
dataflow,IMF.STA:QNEA(7.0.0),R,LSO,B1GQ,Q,SA,XDC,Q,2024-Q3,5483619140.625,0,,,,,,,,,FB,,,O,OL,true,2012,,F
dataflow,IMF.STA:QNEA(7.0.0),R,LSO,B1GQ,Q,SA,XDC,Q,2024-Q4,5551027343.75,0,,,,,,,,,FB,,,O,OL,true,2012,,F
dataflow,IMF.STA:QNEA(7.0.0),R,LSO,B1GQ,Q,SA,XDC,Q,2025-Q1,5533331542.96875,0,,,,,,,,,FB,,,O,OL,true,2012,,F
dataflow,IMF.STA:QNEA(7.0.0),R,LSO,B1GQ,Q,SA,XDC,Q,2025-Q2,5660551757.8125,0,,,,,,,,,FB,,,O,OL,true,2012,,F
dataflow,IMF.STA:QNEA(7.0.0),R,LSO,B1GQ,Q,SA,XDC,Q,2025-Q3,5682608398.4375,0,,,,,,,,,FB,,,O,OL,true,2012,,F
dataflow,IMF.STA:QNEA(7.0.0),R,LSO,B1GQ,Q,SA,XDC,Q,2025-Q4,5761277832.03125,0,,,,,,,,,FB,,,O,OL,true,2012,,F
dataflow,IMF.STA:QNEA(7.0.0),R,LSO,B1GQ,Q,SA,XDC,Q,2026-Q1,5717133789.0625,0,,,,,,,,,FB,,,O,OL,true,2012,,F
dataflow,IMF.STA:QNEA(7.0.0),R,LTU,B1GQ,Q,SA,XDC,Q,1995-Q1,3584578893.3878,0,,,,,,,,,L,,,O,OL,true,2010,,F
dataflow,IMF.STA:QNEA(7.0.0),R,LTU,B1GQ,Q,SA,XDC,Q,1995-Q2,3673861639.9023,0,,,,,,,,,L,,,O,OL,true,2010,,F
dataflow,IMF.STA:QNEA(7.0.0),R,LTU,B1GQ,Q,SA,XDC,Q,1995-Q3,3668121333.2423,0,,,,,,,,,L,,,O,OL,true,2010,,F
dataflow,IMF.STA:QNEA(7.0.0),R,LTU,B1GQ,Q,SA,XDC,Q,1995-Q4,3757065127.6274,0,,,,,,,,,L,,,O,OL,true,2010,,F
dataflow,IMF.STA:QNEA(7.0.0),R,LTU,B1GQ,Q,SA,XDC,Q,1996-Q1,3787511470.0167,0,,,,,,,,,L,,,O,OL,true,2010,,F
dataflow,IMF.STA:QNEA(7.0.0),R,LTU,B1GQ,Q,SA,XDC,Q,1996-Q2,3763569290.5993,0,,,,,,,,,L,,,O,OL,true,2010,,F
dataflow,IMF.STA:QNEA(7.0.0),R,LTU,B1GQ,Q,SA,XDC,Q,1996-Q3,3897657771.0959,0,,,,,,,,,L,,,O,OL,true,2010,,F
dataflow,IMF.STA:QNEA(7.0.0),R,LTU,B1GQ,Q,SA,XDC,Q,1996-Q4,3922799844.3726,0,,,,,,,,,L,,,O,OL,true,2010,,F
dataflow,IMF.STA:QNEA(7.0.0),R,LTU,B1GQ,Q,SA,XDC,Q,1997-Q1,4001740769.6236,0,,,,,,,,,L,,,O,OL,true,2010,,F
dataflow,IMF.STA:QNEA(7.0.0),R,LTU,B1GQ,Q,SA,XDC,Q,1997-Q2,4097594056.638,0,,,,,,,,,L,,,O,OL,true,2010,,F
dataflow,IMF.STA:QNEA(7.0.0),R,LTU,B1GQ,Q,SA,XDC,Q,1997-Q3,4238019654.3472,0,,,,,,,,,L,,,O,OL,true,2010,,F
dataflow,IMF.STA:QNEA(7.0.0),R,LTU,B1GQ,Q,SA,XDC,Q,1997-Q4,4319835094.2699,0,,,,,,,,,L,,,O,OL,true,2010,,F
dataflow,IMF.STA:QNEA(7.0.0),R,LTU,B1GQ,Q,SA,XDC,Q,1998-Q1,4390289297.1723,0,,,,,,,,,L,,,O,OL,true,2010,,F
dataflow,IMF.STA:QNEA(7.0.0),R,LTU,B1GQ,Q,SA,XDC,Q,1998-Q2,4486475658.298,0,,,,,,,,,L,,,O,OL,true,2010,,F
dataflow,IMF.STA:QNEA(7.0.0),R,LTU,B1GQ,Q,SA,XDC,Q,1998-Q3,4530552409.3412,0,,,,,,,,,L,,,O,OL,true,2010,,F
dataflow,IMF.STA:QNEA(7.0.0),R,LTU,B1GQ,Q,SA,XDC,Q,1998-Q4,4527130860.0928,0,,,,,,,,,L,,,O,OL,true,2010,,F
dataflow,IMF.STA:QNEA(7.0.0),R,LTU,B1GQ,Q,SA,XDC,Q,1999-Q1,4456531521.9173,0,,,,,,,,,L,,,O,OL,true,2010,,F
dataflow,IMF.STA:QNEA(7.0.0),R,LTU,B1GQ,Q,SA,XDC,Q,1999-Q2,4481790415.1447,0,,,,,,,,,L,,,O,OL,true,2010,,F
dataflow,IMF.STA:QNEA(7.0.0),R,LTU,B1GQ,Q,SA,XDC,Q,1999-Q3,4402246140.9137,0,,,,,,,,,L,,,O,OL,true,2010,,F
dataflow,IMF.STA:QNEA(7.0.0),R,LTU,B1GQ,Q,SA,XDC,Q,1999-Q4,4398862850.8614,0,,,,,,,,,L,,,O,OL,true,2010,,F
dataflow,IMF.STA:QNEA(7.0.0),R,LTU,B1GQ,Q,SA,XDC,Q,2000-Q1,4491412619.957,0,,,,,,,,,L,,,O,OL,true,2010,,F
dataflow,IMF.STA:QNEA(7.0.0),R,LTU,B1GQ,Q,SA,XDC,Q,2000-Q2,4552814110.3065,0,,,,,,,,,L,,,O,OL,true,2010,,F
dataflow,IMF.STA:QNEA(7.0.0),R,LTU,B1GQ,Q,SA,XDC,Q,2000-Q3,4601832501.7239,0,,,,,,,,,L,,,O,OL,true,2010,,F
dataflow,IMF.STA:QNEA(7.0.0),R,LTU,B1GQ,Q,SA,XDC,Q,2000-Q4,4686605532.0065,0,,,,,,,,,L,,,O,OL,true,2010,,F
dataflow,IMF.STA:QNEA(7.0.0),R,LTU,B1GQ,Q,SA,XDC,Q,2001-Q1,4811562318.798,0,,,,,,,,,L,,,O,OL,true,2010,,F
dataflow,IMF.STA:QNEA(7.0.0),R,LTU,B1GQ,Q,SA,XDC,Q,2001-Q2,4805286109.4165,0,,,,,,,,,L,,,O,OL,true,2010,,F
dataflow,IMF.STA:QNEA(7.0.0),R,LTU,B1GQ,Q,SA,XDC,Q,2001-Q3,4912023967.5371,0,,,,,,,,,L,,,O,OL,true,2010,,F
dataflow,IMF.STA:QNEA(7.0.0),R,LTU,B1GQ,Q,SA,XDC,Q,2001-Q4,5021487426.7617,0,,,,,,,,,L,,,O,OL,true,2010,,F
dataflow,IMF.STA:QNEA(7.0.0),R,LTU,B1GQ,Q,SA,XDC,Q,2002-Q1,5049390451.5195,0,,,,,,,,,L,,,O,OL,true,2010,,F
dataflow,IMF.STA:QNEA(7.0.0),R,LTU,B1GQ,Q,SA,XDC,Q,2002-Q2,5180467095.2769,0,,,,,,,,,L,,,O,OL,true,2010,,F
dataflow,IMF.STA:QNEA(7.0.0),R,LTU,B1GQ,Q,SA,XDC,Q,2002-Q3,5261953788.0885,0,,,,,,,,,L,,,O,OL,true,2010,,F
dataflow,IMF.STA:QNEA(7.0.0),R,LTU,B1GQ,Q,SA,XDC,Q,2002-Q4,5337836681.1741,0,,,,,,,,,L,,,O,OL,true,2010,,F
dataflow,IMF.STA:QNEA(7.0.0),R,LTU,B1GQ,Q,SA,XDC,Q,2003-Q1,5598837563.1484,0,,,,,,,,,L,,,O,OL,true,2010,,F
dataflow,IMF.STA:QNEA(7.0.0),R,LTU,B1GQ,Q,SA,XDC,Q,2003-Q2,5680232382.8679,0,,,,,,,,,L,,,O,OL,true,2010,,F
dataflow,IMF.STA:QNEA(7.0.0),R,LTU,B1GQ,Q,SA,XDC,Q,2003-Q3,5820958070.4626,0,,,,,,,,,L,,,O,OL,true,2010,,F
dataflow,IMF.STA:QNEA(7.0.0),R,LTU,B1GQ,Q,SA,XDC,Q,2003-Q4,5923400652.0852,0,,,,,,,,,L,,,O,OL,true,2010,,F
dataflow,IMF.STA:QNEA(7.0.0),R,LTU,B1GQ,Q,SA,XDC,Q,2004-Q1,5966193981.4835,0,,,,,,,,,L,,,O,OL,true,2010,,F
dataflow,IMF.STA:QNEA(7.0.0),R,LTU,B1GQ,Q,SA,XDC,Q,2004-Q2,6090048646.659,0,,,,,,,,,L,,,O,OL,true,2010,,F
dataflow,IMF.STA:QNEA(7.0.0),R,LTU,B1GQ,Q,SA,XDC,Q,2004-Q3,6136772532.3957,0,,,,,,,,,L,,,O,OL,true,2010,,F
dataflow,IMF.STA:QNEA(7.0.0),R,LTU,B1GQ,Q,SA,XDC,Q,2004-Q4,6282842587.6328,0,,,,,,,,,L,,,O,OL,true,2010,,F
dataflow,IMF.STA:QNEA(7.0.0),R,LTU,B1GQ,Q,SA,XDC,Q,2005-Q1,6440578349.6086,0,,,,,,,,,L,,,O,OL,true,2010,,F
dataflow,IMF.STA:QNEA(7.0.0),R,LTU,B1GQ,Q,SA,XDC,Q,2005-Q2,6503376252.6906,0,,,,,,,,,L,,,O,OL,true,2010,,F
dataflow,IMF.STA:QNEA(7.0.0),R,LTU,B1GQ,Q,SA,XDC,Q,2005-Q3,6687194752.7475,0,,,,,,,,,L,,,O,OL,true,2010,,F
dataflow,IMF.STA:QNEA(7.0.0),R,LTU,B1GQ,Q,SA,XDC,Q,2005-Q4,6846542327.2357,0,,,,,,,,,L,,,O,OL,true,2010,,F
dataflow,IMF.STA:QNEA(7.0.0),R,LTU,B1GQ,Q,SA,XDC,Q,2006-Q1,6847245695.3593,0,,,,,,,,,L,,,O,OL,true,2010,,F
dataflow,IMF.STA:QNEA(7.0.0),R,LTU,B1GQ,Q,SA,XDC,Q,2006-Q2,7035360459.8863,0,,,,,,,,,L,,,O,OL,true,2010,,F
dataflow,IMF.STA:QNEA(7.0.0),R,LTU,B1GQ,Q,SA,XDC,Q,2006-Q3,7158842283.7574,0,,,,,,,,,L,,,O,OL,true,2010,,F
dataflow,IMF.STA:QNEA(7.0.0),R,LTU,B1GQ,Q,SA,XDC,Q,2006-Q4,7371253333.0118,0,,,,,,,,,L,,,O,OL,true,2010,,F
dataflow,IMF.STA:QNEA(7.0.0),R,LTU,B1GQ,Q,SA,XDC,Q,2007-Q1,7596489466.956,0,,,,,,,,,L,,,O,OL,true,2010,,F
dataflow,IMF.STA:QNEA(7.0.0),R,LTU,B1GQ,Q,SA,XDC,Q,2007-Q2,7806866651.7281,0,,,,,,,,,L,,,O,OL,true,2010,,F
dataflow,IMF.STA:QNEA(7.0.0),R,LTU,B1GQ,Q,SA,XDC,Q,2007-Q3,8019441145.8142,0,,,,,,,,,L,,,O,OL,true,2010,,F
dataflow,IMF.STA:QNEA(7.0.0),R,LTU,B1GQ,Q,SA,XDC,Q,2007-Q4,8142537491.5474,0,,,,,,,,,L,,,O,OL,true,2010,,F
dataflow,IMF.STA:QNEA(7.0.0),R,LTU,B1GQ,Q,SA,XDC,Q,2008-Q1,8109558491.6612,0,,,,,,,,,L,,,O,OL,true,2010,,F
dataflow,IMF.STA:QNEA(7.0.0),R,LTU,B1GQ,Q,SA,XDC,Q,2008-Q2,8150163008.0026,0,,,,,,,,,L,,,O,OL,true,2010,,F
dataflow,IMF.STA:QNEA(7.0.0),R,LTU,B1GQ,Q,SA,XDC,Q,2008-Q3,8039375392.3464,0,,,,,,,,,L,,,O,OL,true,2010,,F
dataflow,IMF.STA:QNEA(7.0.0),R,LTU,B1GQ,Q,SA,XDC,Q,2008-Q4,7957666849.6336,0,,,,,,,,,L,,,O,OL,true,2010,,F
dataflow,IMF.STA:QNEA(7.0.0),R,LTU,B1GQ,Q,SA,XDC,Q,2009-Q1,6978303536.7042,0,,,,,,,,,L,,,O,OL,true,2010,,F
dataflow,IMF.STA:QNEA(7.0.0),R,LTU,B1GQ,Q,SA,XDC,Q,2009-Q2,6899954715.3646,0,,,,,,,,,L,,,O,OL,true,2010,,F
dataflow,IMF.STA:QNEA(7.0.0),R,LTU,B1GQ,Q,SA,XDC,Q,2009-Q3,6906773085.1266,0,,,,,,,,,L,,,O,OL,true,2010,,F
dataflow,IMF.STA:QNEA(7.0.0),R,LTU,B1GQ,Q,SA,XDC,Q,2009-Q4,6792135572.8552,0,,,,,,,,,L,,,O,OL,true,2010,,F
dataflow,IMF.STA:QNEA(7.0.0),R,LTU,B1GQ,Q,SA,XDC,Q,2010-Q1,6839674401.1312,0,,,,,,,,,L,,,O,OL,true,2010,,F
dataflow,IMF.STA:QNEA(7.0.0),R,LTU,B1GQ,Q,SA,XDC,Q,2010-Q2,6880229328.6756,0,,,,,,,,,L,,,O,OL,true,2010,,F
dataflow,IMF.STA:QNEA(7.0.0),R,LTU,B1GQ,Q,SA,XDC,Q,2010-Q3,6911307783.6906,0,,,,,,,,,L,,,O,OL,true,2010,,F
dataflow,IMF.STA:QNEA(7.0.0),R,LTU,B1GQ,Q,SA,XDC,Q,2010-Q4,7023957086.5026,0,,,,,,,,,L,,,O,OL,true,2010,,F
dataflow,IMF.STA:QNEA(7.0.0),R,LTU,B1GQ,Q,SA,XDC,Q,2011-Q1,7232094765.2168,0,,,,,,,,,L,,,O,OL,true,2010,,F
dataflow,IMF.STA:QNEA(7.0.0),R,LTU,B1GQ,Q,SA,XDC,Q,2011-Q2,7373259272.3793,0,,,,,,,,,L,,,O,OL,true,2010,,F
dataflow,IMF.STA:QNEA(7.0.0),R,LTU,B1GQ,Q,SA,XDC,Q,2011-Q3,7355202648.8627,0,,,,,,,,,L,,,O,OL,true,2010,,F
dataflow,IMF.STA:QNEA(7.0.0),R,LTU,B1GQ,Q,SA,XDC,Q,2011-Q4,7446232266.4523,0,,,,,,,,,L,,,O,OL,true,2010,,F
dataflow,IMF.STA:QNEA(7.0.0),R,LTU,B1GQ,Q,SA,XDC,Q,2012-Q1,7558040606.6073,0,,,,,,,,,L,,,O,OL,true,2010,,F
dataflow,IMF.STA:QNEA(7.0.0),R,LTU,B1GQ,Q,SA,XDC,Q,2012-Q2,7579990695.6242,0,,,,,,,,,L,,,O,OL,true,2010,,F
dataflow,IMF.STA:QNEA(7.0.0),R,LTU,B1GQ,Q,SA,XDC,Q,2012-Q3,7753868310.6564,0,,,,,,,,,L,,,O,OL,true,2010,,F
dataflow,IMF.STA:QNEA(7.0.0),R,LTU,B1GQ,Q,SA,XDC,Q,2012-Q4,7801776265.3414,0,,,,,,,,,L,,,O,OL,true,2010,,F
dataflow,IMF.STA:QNEA(7.0.0),R,LTU,B1GQ,Q,SA,XDC,Q,2013-Q1,7848547923.9388,0,,,,,,,,,L,,,O,OL,true,2010,,F
dataflow,IMF.STA:QNEA(7.0.0),R,LTU,B1GQ,Q,SA,XDC,Q,2013-Q2,7935016338.295,0,,,,,,,,,L,,,O,OL,true,2010,,F
dataflow,IMF.STA:QNEA(7.0.0),R,LTU,B1GQ,Q,SA,XDC,Q,2013-Q3,8047326208.1998,0,,,,,,,,,L,,,O,OL,true,2010,,F
dataflow,IMF.STA:QNEA(7.0.0),R,LTU,B1GQ,Q,SA,XDC,Q,2013-Q4,8114727954.2989,0,,,,,,,,,L,,,O,OL,true,2010,,F
dataflow,IMF.STA:QNEA(7.0.0),R,LTU,B1GQ,Q,SA,XDC,Q,2014-Q1,8211362442.6093,0,,,,,,,,,L,,,O,OL,true,2010,,F
dataflow,IMF.STA:QNEA(7.0.0),R,LTU,B1GQ,Q,SA,XDC,Q,2014-Q2,8281682868.5202,0,,,,,,,,,L,,,O,OL,true,2010,,F
dataflow,IMF.STA:QNEA(7.0.0),R,LTU,B1GQ,Q,SA,XDC,Q,2014-Q3,8317364943.9001,0,,,,,,,,,L,,,O,OL,true,2010,,F
dataflow,IMF.STA:QNEA(7.0.0),R,LTU,B1GQ,Q,SA,XDC,Q,2014-Q4,8339056079.3469,0,,,,,,,,,L,,,O,OL,true,2010,,F
dataflow,IMF.STA:QNEA(7.0.0),R,LTU,B1GQ,Q,SA,XDC,Q,2015-Q1,8410913996.4646,0,,,,,,,,,L,,,O,OL,true,2010,,F
dataflow,IMF.STA:QNEA(7.0.0),R,LTU,B1GQ,Q,SA,XDC,Q,2015-Q2,8496559833.1979,0,,,,,,,,,L,,,O,OL,true,2010,,F
dataflow,IMF.STA:QNEA(7.0.0),R,LTU,B1GQ,Q,SA,XDC,Q,2015-Q3,8588298128.6,0,,,,,,,,,L,,,O,OL,true,2010,,F
dataflow,IMF.STA:QNEA(7.0.0),R,LTU,B1GQ,Q,SA,XDC,Q,2015-Q4,8596712981.0815,0,,,,,,,,,L,,,O,OL,true,2010,,F
dataflow,IMF.STA:QNEA(7.0.0),R,LTU,B1GQ,Q,SA,XDC,Q,2016-Q1,8585210667.8512,0,,,,,,,,,L,,,O,OL,true,2010,,F
dataflow,IMF.STA:QNEA(7.0.0),R,LTU,B1GQ,Q,SA,XDC,Q,2016-Q2,8674278678.7686,0,,,,,,,,,L,,,O,OL,true,2010,,F
dataflow,IMF.STA:QNEA(7.0.0),R,LTU,B1GQ,Q,SA,XDC,Q,2016-Q3,8798408681.6973,0,,,,,,,,,L,,,O,OL,true,2010,,F
dataflow,IMF.STA:QNEA(7.0.0),R,LTU,B1GQ,Q,SA,XDC,Q,2016-Q4,8925688642.7163,0,,,,,,,,,L,,,O,OL,true,2010,,F
dataflow,IMF.STA:QNEA(7.0.0),R,LTU,B1GQ,Q,SA,XDC,Q,2017-Q1,9030107649.836,0,,,,,,,,,L,,,O,OL,true,2010,,F
dataflow,IMF.STA:QNEA(7.0.0),R,LTU,B1GQ,Q,SA,XDC,Q,2017-Q2,9102732524.5467,0,,,,,,,,,L,,,O,OL,true,2010,,F
dataflow,IMF.STA:QNEA(7.0.0),R,LTU,B1GQ,Q,SA,XDC,Q,2017-Q3,9180248828.918,0,,,,,,,,,L,,,O,OL,true,2010,,F
dataflow,IMF.STA:QNEA(7.0.0),R,LTU,B1GQ,Q,SA,XDC,Q,2017-Q4,9316169432.8862,0,,,,,,,,,L,,,O,OL,true,2010,,F
dataflow,IMF.STA:QNEA(7.0.0),R,LTU,B1GQ,Q,SA,XDC,Q,2018-Q1,9435859525.2,0,,,,,,,,,L,,,O,OL,true,2010,,F
dataflow,IMF.STA:QNEA(7.0.0),R,LTU,B1GQ,Q,SA,XDC,Q,2018-Q2,9585421256.8275,0,,,,,,,,,L,,,O,OL,true,2010,,F
dataflow,IMF.STA:QNEA(7.0.0),R,LTU,B1GQ,Q,SA,XDC,Q,2018-Q3,9599542650.5736,0,,,,,,,,,L,,,O,OL,true,2010,,F
dataflow,IMF.STA:QNEA(7.0.0),R,LTU,B1GQ,Q,SA,XDC,Q,2018-Q4,9778344776.8554,0,,,,,,,,,L,,,O,OL,true,2010,,F
dataflow,IMF.STA:QNEA(7.0.0),R,LTU,B1GQ,Q,SA,XDC,Q,2019-Q1,9893422184.2179,0,,,,,,,,,L,,,O,OL,true,2010,,F
dataflow,IMF.STA:QNEA(7.0.0),R,LTU,B1GQ,Q,SA,XDC,Q,2019-Q2,10051168367.072,0,,,,,,,,,L,,,O,OL,true,2010,,F
dataflow,IMF.STA:QNEA(7.0.0),R,LTU,B1GQ,Q,SA,XDC,Q,2019-Q3,10058920085.06,0,,,,,,,,,L,,,O,OL,true,2010,,F
dataflow,IMF.STA:QNEA(7.0.0),R,LTU,B1GQ,Q,SA,XDC,Q,2019-Q4,10209113768.551,0,,,,,,,,,L,,,O,OL,true,2010,,F
dataflow,IMF.STA:QNEA(7.0.0),R,LTU,B1GQ,Q,SA,XDC,Q,2020-Q1,10164073011.96,0,,,,,,,,,L,,,O,OL,true,2010,,F
dataflow,IMF.STA:QNEA(7.0.0),R,LTU,B1GQ,Q,SA,XDC,Q,2020-Q2,9628480408.805,0,,,,,,,,,L,,,O,OL,true,2010,,F
dataflow,IMF.STA:QNEA(7.0.0),R,LTU,B1GQ,Q,SA,XDC,Q,2020-Q3,10200261751.675,0,,,,,,,,,L,,,O,OL,true,2010,,F
dataflow,IMF.STA:QNEA(7.0.0),R,LTU,B1GQ,Q,SA,XDC,Q,2020-Q4,10239170079.376,0,,,,,,,,,L,,,O,OL,true,2010,,F
dataflow,IMF.STA:QNEA(7.0.0),R,LTU,B1GQ,Q,SA,XDC,Q,2021-Q1,10468947770.327,0,,,,,,,,,L,,,O,OL,true,2010,,F
dataflow,IMF.STA:QNEA(7.0.0),R,LTU,B1GQ,Q,SA,XDC,Q,2021-Q2,10598424919.899,0,,,,,,,,,L,,,O,OL,true,2010,,F
dataflow,IMF.STA:QNEA(7.0.0),R,LTU,B1GQ,Q,SA,XDC,Q,2021-Q3,10795379527.887,0,,,,,,,,,L,,,O,OL,true,2010,,F
dataflow,IMF.STA:QNEA(7.0.0),R,LTU,B1GQ,Q,SA,XDC,Q,2021-Q4,10934340901.305,0,,,,,,,,,L,,,O,OL,true,2010,,F
dataflow,IMF.STA:QNEA(7.0.0),R,LTU,B1GQ,Q,SA,XDC,Q,2022-Q1,11029167927.705,0,,,,,,,,,L,,,O,OL,true,2010,,F
dataflow,IMF.STA:QNEA(7.0.0),R,LTU,B1GQ,Q,SA,XDC,Q,2022-Q2,10875216425.984,0,,,,,,,,,L,,,O,OL,true,2010,,F
dataflow,IMF.STA:QNEA(7.0.0),R,LTU,B1GQ,Q,SA,XDC,Q,2022-Q3,10994528429.949,0,,,,,,,,,L,,,O,OL,true,2010,,F
dataflow,IMF.STA:QNEA(7.0.0),R,LTU,B1GQ,Q,SA,XDC,Q,2022-Q4,10944136473.689,0,,,,,,,,,L,,,O,OL,true,2010,,F
dataflow,IMF.STA:QNEA(7.0.0),R,LTU,B1GQ,Q,SA,XDC,Q,2023-Q1,10910844975.02,0,,,,,,,,,L,,,O,OL,true,2010,,F
dataflow,IMF.STA:QNEA(7.0.0),R,LTU,B1GQ,Q,SA,XDC,Q,2023-Q2,11084442804.538,0,,,,,,,,,L,,,O,OL,true,2010,,F
dataflow,IMF.STA:QNEA(7.0.0),R,LTU,B1GQ,Q,SA,XDC,Q,2023-Q3,11118670434.964,0,,,,,,,,,L,,,O,OL,true,2010,,F
dataflow,IMF.STA:QNEA(7.0.0),R,LTU,B1GQ,Q,SA,XDC,Q,2023-Q4,11091130174.8,0,,,,,,,,,L,,,O,OL,true,2010,,F
dataflow,IMF.STA:QNEA(7.0.0),R,LTU,B1GQ,Q,SA,XDC,Q,2024-Q1,11246082412.89,0,,,,,,,,,L,,,O,OL,true,2010,,F
dataflow,IMF.STA:QNEA(7.0.0),R,LTU,B1GQ,Q,SA,XDC,Q,2024-Q2,11298399510.674,0,,,,,,,,,L,,,O,OL,true,2010,,F
dataflow,IMF.STA:QNEA(7.0.0),R,LTU,B1GQ,Q,SA,XDC,Q,2024-Q3,11447715654.657,0,,,,,,,,,L,,,O,OL,true,2010,,F
dataflow,IMF.STA:QNEA(7.0.0),R,LTU,B1GQ,Q,SA,XDC,Q,2024-Q4,11531511745.185,0,,,,,,,,,L,,,O,OL,true,2010,,F
dataflow,IMF.STA:QNEA(7.0.0),R,LTU,B1GQ,Q,SA,XDC,Q,2025-Q1,11577811461.114,0,,,,,,,,,L,,,O,OL,true,2010,,F
dataflow,IMF.STA:QNEA(7.0.0),R,LTU,B1GQ,Q,SA,XDC,Q,2025-Q2,11663301828.493,0,,,,,,,,,L,,,O,OL,true,2010,,F
dataflow,IMF.STA:QNEA(7.0.0),R,LTU,B1GQ,Q,SA,XDC,Q,2025-Q3,11695564821.158,0,,,,,,,,,L,,,O,OL,true,2010,,F
dataflow,IMF.STA:QNEA(7.0.0),R,LTU,B1GQ,Q,SA,XDC,Q,2025-Q4,11916612118.434,0,,,,,,,,,L,,,O,OL,true,2010,,F
dataflow,IMF.STA:QNEA(7.0.0),R,LTU,B1GQ,Q,SA,XDC,Q,2026-Q1,11906237201.996,0,,,,,,,,,L,,,O,OL,true,2010,,F
dataflow,IMF.STA:QNEA(7.0.0),R,LTU,B1GQ,Q,SA,XDC,Q,2026-Q2,12106081305.752,0,,,,,,,,,L,,,O,OL,true,2010,,F
dataflow,IMF.STA:QNEA(7.0.0),R,LUX,B1GQ,Q,SA,XDC,Q,1995-Q1,5998094743.0293,0,,,,,,,,,L,,,O,OL,true,2010,,F
dataflow,IMF.STA:QNEA(7.0.0),R,LUX,B1GQ,Q,SA,XDC,Q,1995-Q2,6014497435.6892,0,,,,,,,,,L,,,O,OL,true,2010,,F
dataflow,IMF.STA:QNEA(7.0.0),R,LUX,B1GQ,Q,SA,XDC,Q,1995-Q3,6009248400.1425,0,,,,,,,,,L,,,O,OL,true,2010,,F
dataflow,IMF.STA:QNEA(7.0.0),R,LUX,B1GQ,Q,SA,XDC,Q,1995-Q4,5964772888.0866,0,,,,,,,,,L,,,O,OL,true,2010,,F
dataflow,IMF.STA:QNEA(7.0.0),R,LUX,B1GQ,Q,SA,XDC,Q,1996-Q1,6018402259.0517,0,,,,,,,,,L,,,O,OL,true,2010,,F
dataflow,IMF.STA:QNEA(7.0.0),R,LUX,B1GQ,Q,SA,XDC,Q,1996-Q2,6083822614.1229,0,,,,,,,,,L,,,O,OL,true,2010,,F
dataflow,IMF.STA:QNEA(7.0.0),R,LUX,B1GQ,Q,SA,XDC,Q,1996-Q3,5973346805.5167,0,,,,,,,,,L,,,O,OL,true,2010,,F
dataflow,IMF.STA:QNEA(7.0.0),R,LUX,B1GQ,Q,SA,XDC,Q,1996-Q4,6242744838.4362,0,,,,,,,,,L,,,O,OL,true,2010,,F
dataflow,IMF.STA:QNEA(7.0.0),R,LUX,B1GQ,Q,SA,XDC,Q,1997-Q1,6215726695.2233,0,,,,,,,,,L,,,O,OL,true,2010,,F
dataflow,IMF.STA:QNEA(7.0.0),R,LUX,B1GQ,Q,SA,XDC,Q,1997-Q2,6329504779.2985,0,,,,,,,,,L,,,O,OL,true,2010,,F
dataflow,IMF.STA:QNEA(7.0.0),R,LUX,B1GQ,Q,SA,XDC,Q,1997-Q3,6494827227.3419,0,,,,,,,,,L,,,O,OL,true,2010,,F
dataflow,IMF.STA:QNEA(7.0.0),R,LUX,B1GQ,Q,SA,XDC,Q,1997-Q4,6594303276.3489,0,,,,,,,,,L,,,O,OL,true,2010,,F
dataflow,IMF.STA:QNEA(7.0.0),R,LUX,B1GQ,Q,SA,XDC,Q,1998-Q1,6669919993.8278,0,,,,,,,,,L,,,O,OL,true,2010,,F
dataflow,IMF.STA:QNEA(7.0.0),R,LUX,B1GQ,Q,SA,XDC,Q,1998-Q2,6806603592.6356,0,,,,,,,,,L,,,O,OL,true,2010,,F
dataflow,IMF.STA:QNEA(7.0.0),R,LUX,B1GQ,Q,SA,XDC,Q,1998-Q3,6893669589.5709,0,,,,,,,,,L,,,O,OL,true,2010,,F
dataflow,IMF.STA:QNEA(7.0.0),R,LUX,B1GQ,Q,SA,XDC,Q,1998-Q4,6974362316.5779,0,,,,,,,,,L,,,O,OL,true,2010,,F
dataflow,IMF.STA:QNEA(7.0.0),R,LUX,B1GQ,Q,SA,XDC,Q,1999-Q1,7191435194.7523,0,,,,,,,,,L,,,O,OL,true,2010,,F
dataflow,IMF.STA:QNEA(7.0.0),R,LUX,B1GQ,Q,SA,XDC,Q,1999-Q2,7341713073.9596,0,,,,,,,,,L,,,O,OL,true,2010,,F
dataflow,IMF.STA:QNEA(7.0.0),R,LUX,B1GQ,Q,SA,XDC,Q,1999-Q3,7549126926.8088,0,,,,,,,,,L,,,O,OL,true,2010,,F
dataflow,IMF.STA:QNEA(7.0.0),R,LUX,B1GQ,Q,SA,XDC,Q,1999-Q4,7497597343.9578,0,,,,,,,,,L,,,O,OL,true,2010,,F
dataflow,IMF.STA:QNEA(7.0.0),R,LUX,B1GQ,Q,SA,XDC,Q,2000-Q1,7856632418.7209,0,,,,,,,,,L,,,O,OL,true,2010,,F
dataflow,IMF.STA:QNEA(7.0.0),R,LUX,B1GQ,Q,SA,XDC,Q,2000-Q2,7812296023.0617,0,,,,,,,,,L,,,O,OL,true,2010,,F
dataflow,IMF.STA:QNEA(7.0.0),R,LUX,B1GQ,Q,SA,XDC,Q,2000-Q3,7932516935.2636,0,,,,,,,,,L,,,O,OL,true,2010,,F
dataflow,IMF.STA:QNEA(7.0.0),R,LUX,B1GQ,Q,SA,XDC,Q,2000-Q4,8027165645.3018,0,,,,,,,,,L,,,O,OL,true,2010,,F
dataflow,IMF.STA:QNEA(7.0.0),R,LUX,B1GQ,Q,SA,XDC,Q,2001-Q1,8116249699.4681,0,,,,,,,,,L,,,O,OL,true,2010,,F
dataflow,IMF.STA:QNEA(7.0.0),R,LUX,B1GQ,Q,SA,XDC,Q,2001-Q2,8021738366.8717,0,,,,,,,,,L,,,O,OL,true,2010,,F
dataflow,IMF.STA:QNEA(7.0.0),R,LUX,B1GQ,Q,SA,XDC,Q,2001-Q3,8114073397.3357,0,,,,,,,,,L,,,O,OL,true,2010,,F
dataflow,IMF.STA:QNEA(7.0.0),R,LUX,B1GQ,Q,SA,XDC,Q,2001-Q4,8348864487.5971,0,,,,,,,,,L,,,O,OL,true,2010,,F
dataflow,IMF.STA:QNEA(7.0.0),R,LUX,B1GQ,Q,SA,XDC,Q,2002-Q1,8361736232.2107,0,,,,,,,,,L,,,O,OL,true,2010,,F
dataflow,IMF.STA:QNEA(7.0.0),R,LUX,B1GQ,Q,SA,XDC,Q,2002-Q2,8451610641.4063,0,,,,,,,,,L,,,O,OL,true,2010,,F
dataflow,IMF.STA:QNEA(7.0.0),R,LUX,B1GQ,Q,SA,XDC,Q,2002-Q3,8435604430.4773,0,,,,,,,,,L,,,O,OL,true,2010,,F
dataflow,IMF.STA:QNEA(7.0.0),R,LUX,B1GQ,Q,SA,XDC,Q,2002-Q4,8404525827.4329,0,,,,,,,,,L,,,O,OL,true,2010,,F
dataflow,IMF.STA:QNEA(7.0.0),R,LUX,B1GQ,Q,SA,XDC,Q,2003-Q1,8405269230.6783,0,,,,,,,,,L,,,O,OL,true,2010,,F
dataflow,IMF.STA:QNEA(7.0.0),R,LUX,B1GQ,Q,SA,XDC,Q,2003-Q2,8619536305.0247,0,,,,,,,,,L,,,O,OL,true,2010,,F
dataflow,IMF.STA:QNEA(7.0.0),R,LUX,B1GQ,Q,SA,XDC,Q,2003-Q3,8679191154.9262,0,,,,,,,,,L,,,O,OL,true,2010,,F
dataflow,IMF.STA:QNEA(7.0.0),R,LUX,B1GQ,Q,SA,XDC,Q,2003-Q4,8840427058.8137,0,,,,,,,,,L,,,O,OL,true,2010,,F
dataflow,IMF.STA:QNEA(7.0.0),R,LUX,B1GQ,Q,SA,XDC,Q,2004-Q1,8917947931.9737,0,,,,,,,,,L,,,O,OL,true,2010,,F
dataflow,IMF.STA:QNEA(7.0.0),R,LUX,B1GQ,Q,SA,XDC,Q,2004-Q2,9007704961.7095,0,,,,,,,,,L,,,O,OL,true,2010,,F
dataflow,IMF.STA:QNEA(7.0.0),R,LUX,B1GQ,Q,SA,XDC,Q,2004-Q3,9083641646.9011,0,,,,,,,,,L,,,O,OL,true,2010,,F
dataflow,IMF.STA:QNEA(7.0.0),R,LUX,B1GQ,Q,SA,XDC,Q,2004-Q4,9009653460.7422,0,,,,,,,,,L,,,O,OL,true,2010,,F
dataflow,IMF.STA:QNEA(7.0.0),R,LUX,B1GQ,Q,SA,XDC,Q,2005-Q1,8975380397.4363,0,,,,,,,,,L,,,O,OL,true,2010,,F
dataflow,IMF.STA:QNEA(7.0.0),R,LUX,B1GQ,Q,SA,XDC,Q,2005-Q2,8951812340.864,0,,,,,,,,,L,,,O,OL,true,2010,,F
dataflow,IMF.STA:QNEA(7.0.0),R,LUX,B1GQ,Q,SA,XDC,Q,2005-Q3,9238472979.671,0,,,,,,,,,L,,,O,OL,true,2010,,F
dataflow,IMF.STA:QNEA(7.0.0),R,LUX,B1GQ,Q,SA,XDC,Q,2005-Q4,9743196831.5021,0,,,,,,,,,L,,,O,OL,true,2010,,F
dataflow,IMF.STA:QNEA(7.0.0),R,LUX,B1GQ,Q,SA,XDC,Q,2006-Q1,9680360563.5014,0,,,,,,,,,L,,,O,OL,true,2010,,F
dataflow,IMF.STA:QNEA(7.0.0),R,LUX,B1GQ,Q,SA,XDC,Q,2006-Q2,9776200457.6872,0,,,,,,,,,L,,,O,OL,true,2010,,F
dataflow,IMF.STA:QNEA(7.0.0),R,LUX,B1GQ,Q,SA,XDC,Q,2006-Q3,9804954947.4276,0,,,,,,,,,L,,,O,OL,true,2010,,F
dataflow,IMF.STA:QNEA(7.0.0),R,LUX,B1GQ,Q,SA,XDC,Q,2006-Q4,9869576252.6946,0,,,,,,,,,L,,,O,OL,true,2010,,F
dataflow,IMF.STA:QNEA(7.0.0),R,LUX,B1GQ,Q,SA,XDC,Q,2007-Q1,10414787323.381,0,,,,,,,,,L,,,O,OL,true,2010,,F
dataflow,IMF.STA:QNEA(7.0.0),R,LUX,B1GQ,Q,SA,XDC,Q,2007-Q2,10639412482.946,0,,,,,,,,,L,,,O,OL,true,2010,,F
dataflow,IMF.STA:QNEA(7.0.0),R,LUX,B1GQ,Q,SA,XDC,Q,2007-Q3,10580506253.155,0,,,,,,,,,L,,,O,OL,true,2010,,F
dataflow,IMF.STA:QNEA(7.0.0),R,LUX,B1GQ,Q,SA,XDC,Q,2007-Q4,10658208847.109,0,,,,,,,,,L,,,O,OL,true,2010,,F
dataflow,IMF.STA:QNEA(7.0.0),R,LUX,B1GQ,Q,SA,XDC,Q,2008-Q1,10783224058.135,0,,,,,,,,,L,,,O,OL,true,2010,,F
dataflow,IMF.STA:QNEA(7.0.0),R,LUX,B1GQ,Q,SA,XDC,Q,2008-Q2,10627545854.3,0,,,,,,,,,L,,,O,OL,true,2010,,F
dataflow,IMF.STA:QNEA(7.0.0),R,LUX,B1GQ,Q,SA,XDC,Q,2008-Q3,10568674403.608,0,,,,,,,,,L,,,O,OL,true,2010,,F
dataflow,IMF.STA:QNEA(7.0.0),R,LUX,B1GQ,Q,SA,XDC,Q,2008-Q4,10184813138.359,0,,,,,,,,,L,,,O,OL,true,2010,,F
dataflow,IMF.STA:QNEA(7.0.0),R,LUX,B1GQ,Q,SA,XDC,Q,2009-Q1,9915279466.9523,0,,,,,,,,,L,,,O,OL,true,2010,,F
dataflow,IMF.STA:QNEA(7.0.0),R,LUX,B1GQ,Q,SA,XDC,Q,2009-Q2,10107186188.946,0,,,,,,,,,L,,,O,OL,true,2010,,F
dataflow,IMF.STA:QNEA(7.0.0),R,LUX,B1GQ,Q,SA,XDC,Q,2009-Q3,10317934487.931,0,,,,,,,,,L,,,O,OL,true,2010,,F
dataflow,IMF.STA:QNEA(7.0.0),R,LUX,B1GQ,Q,SA,XDC,Q,2009-Q4,10450320259.555,0,,,,,,,,,L,,,O,OL,true,2010,,F
dataflow,IMF.STA:QNEA(7.0.0),R,LUX,B1GQ,Q,SA,XDC,Q,2010-Q1,10575884980.349,0,,,,,,,,,L,,,O,OL,true,2010,,F
dataflow,IMF.STA:QNEA(7.0.0),R,LUX,B1GQ,Q,SA,XDC,Q,2010-Q2,10643515547.174,0,,,,,,,,,L,,,O,OL,true,2010,,F
dataflow,IMF.STA:QNEA(7.0.0),R,LUX,B1GQ,Q,SA,XDC,Q,2010-Q3,10507316247.323,0,,,,,,,,,L,,,O,OL,true,2010,,F
dataflow,IMF.STA:QNEA(7.0.0),R,LUX,B1GQ,Q,SA,XDC,Q,2010-Q4,10592417225.154,0,,,,,,,,,L,,,O,OL,true,2010,,F
dataflow,IMF.STA:QNEA(7.0.0),R,LUX,B1GQ,Q,SA,XDC,Q,2011-Q1,10703789465.042,0,,,,,,,,,L,,,O,OL,true,2010,,F
dataflow,IMF.STA:QNEA(7.0.0),R,LUX,B1GQ,Q,SA,XDC,Q,2011-Q2,10631720215.681,0,,,,,,,,,L,,,O,OL,true,2010,,F
dataflow,IMF.STA:QNEA(7.0.0),R,LUX,B1GQ,Q,SA,XDC,Q,2011-Q3,10782505000.259,0,,,,,,,,,L,,,O,OL,true,2010,,F
dataflow,IMF.STA:QNEA(7.0.0),R,LUX,B1GQ,Q,SA,XDC,Q,2011-Q4,10637941327.05,0,,,,,,,,,L,,,O,OL,true,2010,,F
dataflow,IMF.STA:QNEA(7.0.0),R,LUX,B1GQ,Q,SA,XDC,Q,2012-Q1,10797850408.303,0,,,,,,,,,L,,,O,OL,true,2010,,F
dataflow,IMF.STA:QNEA(7.0.0),R,LUX,B1GQ,Q,SA,XDC,Q,2012-Q2,10805763522.849,0,,,,,,,,,L,,,O,OL,true,2010,,F
dataflow,IMF.STA:QNEA(7.0.0),R,LUX,B1GQ,Q,SA,XDC,Q,2012-Q3,10853389151.815,0,,,,,,,,,L,,,O,OL,true,2010,,F
dataflow,IMF.STA:QNEA(7.0.0),R,LUX,B1GQ,Q,SA,XDC,Q,2012-Q4,10995647840.224,0,,,,,,,,,L,,,O,OL,true,2010,,F
dataflow,IMF.STA:QNEA(7.0.0),R,LUX,B1GQ,Q,SA,XDC,Q,2013-Q1,11010339401.203,0,,,,,,,,,L,,,O,OL,true,2010,,F
dataflow,IMF.STA:QNEA(7.0.0),R,LUX,B1GQ,Q,SA,XDC,Q,2013-Q2,11267393462.339,0,,,,,,,,,L,,,O,OL,true,2010,,F
dataflow,IMF.STA:QNEA(7.0.0),R,LUX,B1GQ,Q,SA,XDC,Q,2013-Q3,11303824568.751,0,,,,,,,,,L,,,O,OL,true,2010,,F
dataflow,IMF.STA:QNEA(7.0.0),R,LUX,B1GQ,Q,SA,XDC,Q,2013-Q4,11240866573.903,0,,,,,,,,,L,,,O,OL,true,2010,,F
dataflow,IMF.STA:QNEA(7.0.0),R,LUX,B1GQ,Q,SA,XDC,Q,2014-Q1,11394838862.923,0,,,,,,,,,L,,,O,OL,true,2010,,F
dataflow,IMF.STA:QNEA(7.0.0),R,LUX,B1GQ,Q,SA,XDC,Q,2014-Q2,11272441648.588,0,,,,,,,,,L,,,O,OL,true,2010,,F
dataflow,IMF.STA:QNEA(7.0.0),R,LUX,B1GQ,Q,SA,XDC,Q,2014-Q3,11506664100.578,0,,,,,,,,,L,,,O,OL,true,2010,,F
dataflow,IMF.STA:QNEA(7.0.0),R,LUX,B1GQ,Q,SA,XDC,Q,2014-Q4,11821601016.511,0,,,,,,,,,L,,,O,OL,true,2010,,F
dataflow,IMF.STA:QNEA(7.0.0),R,LUX,B1GQ,Q,SA,XDC,Q,2015-Q1,11707592520.904,0,,,,,,,,,L,,,O,OL,true,2010,,F
dataflow,IMF.STA:QNEA(7.0.0),R,LUX,B1GQ,Q,SA,XDC,Q,2015-Q2,11795924477.05,0,,,,,,,,,L,,,O,OL,true,2010,,F
dataflow,IMF.STA:QNEA(7.0.0),R,LUX,B1GQ,Q,SA,XDC,Q,2015-Q3,11761744447.834,0,,,,,,,,,L,,,O,OL,true,2010,,F
dataflow,IMF.STA:QNEA(7.0.0),R,LUX,B1GQ,Q,SA,XDC,Q,2015-Q4,11780384306.05,0,,,,,,,,,L,,,O,OL,true,2010,,F
dataflow,IMF.STA:QNEA(7.0.0),R,LUX,B1GQ,Q,SA,XDC,Q,2016-Q1,12141764361.577,0,,,,,,,,,L,,,O,OL,true,2010,,F
dataflow,IMF.STA:QNEA(7.0.0),R,LUX,B1GQ,Q,SA,XDC,Q,2016-Q2,12330009713.902,0,,,,,,,,,L,,,O,OL,true,2010,,F
dataflow,IMF.STA:QNEA(7.0.0),R,LUX,B1GQ,Q,SA,XDC,Q,2016-Q3,12427287723.84,0,,,,,,,,,L,,,O,OL,true,2010,,F
dataflow,IMF.STA:QNEA(7.0.0),R,LUX,B1GQ,Q,SA,XDC,Q,2016-Q4,12494527895.277,0,,,,,,,,,L,,,O,OL,true,2010,,F
dataflow,IMF.STA:QNEA(7.0.0),R,LUX,B1GQ,Q,SA,XDC,Q,2017-Q1,12317983101.399,0,,,,,,,,,L,,,O,OL,true,2010,,F
dataflow,IMF.STA:QNEA(7.0.0),R,LUX,B1GQ,Q,SA,XDC,Q,2017-Q2,12449162038.281,0,,,,,,,,,L,,,O,OL,true,2010,,F
dataflow,IMF.STA:QNEA(7.0.0),R,LUX,B1GQ,Q,SA,XDC,Q,2017-Q3,12594819514.16,0,,,,,,,,,L,,,O,OL,true,2010,,F
dataflow,IMF.STA:QNEA(7.0.0),R,LUX,B1GQ,Q,SA,XDC,Q,2017-Q4,12688772642.214,0,,,,,,,,,L,,,O,OL,true,2010,,F
dataflow,IMF.STA:QNEA(7.0.0),R,LUX,B1GQ,Q,SA,XDC,Q,2018-Q1,12670666643.171,0,,,,,,,,,L,,,O,OL,true,2010,,F
dataflow,IMF.STA:QNEA(7.0.0),R,LUX,B1GQ,Q,SA,XDC,Q,2018-Q2,12644051068.031,0,,,,,,,,,L,,,O,OL,true,2010,,F
dataflow,IMF.STA:QNEA(7.0.0),R,LUX,B1GQ,Q,SA,XDC,Q,2018-Q3,12744177486.194,0,,,,,,,,,L,,,O,OL,true,2010,,F
dataflow,IMF.STA:QNEA(7.0.0),R,LUX,B1GQ,Q,SA,XDC,Q,2018-Q4,12816079795.878,0,,,,,,,,,L,,,O,OL,true,2010,,F
dataflow,IMF.STA:QNEA(7.0.0),R,LUX,B1GQ,Q,SA,XDC,Q,2019-Q1,12859444115.714,0,,,,,,,,,L,,,O,OL,true,2010,,F
dataflow,IMF.STA:QNEA(7.0.0),R,LUX,B1GQ,Q,SA,XDC,Q,2019-Q2,13067958727.053,0,,,,,,,,,L,,,O,OL,true,2010,,F
dataflow,IMF.STA:QNEA(7.0.0),R,LUX,B1GQ,Q,SA,XDC,Q,2019-Q3,13135437135.32,0,,,,,,,,,L,,,O,OL,true,2010,,F
dataflow,IMF.STA:QNEA(7.0.0),R,LUX,B1GQ,Q,SA,XDC,Q,2019-Q4,13215943794.146,0,,,,,,,,,L,,,O,OL,true,2010,,F
dataflow,IMF.STA:QNEA(7.0.0),R,LUX,B1GQ,Q,SA,XDC,Q,2020-Q1,13129035172.635,0,,,,,,,,,L,,,O,OL,true,2010,,F
dataflow,IMF.STA:QNEA(7.0.0),R,LUX,B1GQ,Q,SA,XDC,Q,2020-Q2,12236196571.722,0,,,,,,,,,L,,,O,OL,true,2010,,F
dataflow,IMF.STA:QNEA(7.0.0),R,LUX,B1GQ,Q,SA,XDC,Q,2020-Q3,13273764916.042,0,,,,,,,,,L,,,O,OL,true,2010,,F
dataflow,IMF.STA:QNEA(7.0.0),R,LUX,B1GQ,Q,SA,XDC,Q,2020-Q4,13386990012.44,0,,,,,,,,,L,,,O,OL,true,2010,,F
dataflow,IMF.STA:QNEA(7.0.0),R,LUX,B1GQ,Q,SA,XDC,Q,2021-Q1,13792707333.103,0,,,,,,,,,L,,,O,OL,true,2010,,F
dataflow,IMF.STA:QNEA(7.0.0),R,LUX,B1GQ,Q,SA,XDC,Q,2021-Q2,13774115296.149,0,,,,,,,,,L,,,O,OL,true,2010,,F
dataflow,IMF.STA:QNEA(7.0.0),R,LUX,B1GQ,Q,SA,XDC,Q,2021-Q3,13885004106.558,0,,,,,,,,,L,,,O,OL,true,2010,,F
dataflow,IMF.STA:QNEA(7.0.0),R,LUX,B1GQ,Q,SA,XDC,Q,2021-Q4,14177741523.473,0,,,,,,,,,L,,,O,OL,true,2010,,F
dataflow,IMF.STA:QNEA(7.0.0),R,LUX,B1GQ,Q,SA,XDC,Q,2022-Q1,13839934741.383,0,,,,,,,,,L,,,O,OL,true,2010,,F
dataflow,IMF.STA:QNEA(7.0.0),R,LUX,B1GQ,Q,SA,XDC,Q,2022-Q2,13740936035.513,0,,,,,,,,,L,,,O,OL,true,2010,,F
dataflow,IMF.STA:QNEA(7.0.0),R,LUX,B1GQ,Q,SA,XDC,Q,2022-Q3,13786244506.995,0,,,,,,,,,L,,,O,OL,true,2010,,F
dataflow,IMF.STA:QNEA(7.0.0),R,LUX,B1GQ,Q,SA,XDC,Q,2022-Q4,13656961031.019,0,,,,,,,,,L,,,O,OL,true,2010,,F
dataflow,IMF.STA:QNEA(7.0.0),R,LUX,B1GQ,Q,SA,XDC,Q,2023-Q1,13746455478.556,0,,,,,,,,,L,,,O,OL,true,2010,,F
dataflow,IMF.STA:QNEA(7.0.0),R,LUX,B1GQ,Q,SA,XDC,Q,2023-Q2,13797612055.568,0,,,,,,,,,L,,,O,OL,true,2010,,F
dataflow,IMF.STA:QNEA(7.0.0),R,LUX,B1GQ,Q,SA,XDC,Q,2023-Q3,13873319198.705,0,,,,,,,,,L,,,O,OL,true,2010,,F
dataflow,IMF.STA:QNEA(7.0.0),R,LUX,B1GQ,Q,SA,XDC,Q,2023-Q4,13655518567.88,0,,,,,,,,,L,,,O,OL,true,2010,,F
dataflow,IMF.STA:QNEA(7.0.0),R,LUX,B1GQ,Q,SA,XDC,Q,2024-Q1,14077140370.607,0,,,,,,,,,L,,,O,OL,true,2010,,F
dataflow,IMF.STA:QNEA(7.0.0),R,LUX,B1GQ,Q,SA,XDC,Q,2024-Q2,13910052013.801,0,,,,,,,,,L,,,O,OL,true,2010,,F
dataflow,IMF.STA:QNEA(7.0.0),R,LUX,B1GQ,Q,SA,XDC,Q,2024-Q3,13565886742.901,0,,,,,,,,,L,,,O,OL,true,2010,,F
dataflow,IMF.STA:QNEA(7.0.0),R,LUX,B1GQ,Q,SA,XDC,Q,2024-Q4,13710446938.2,0,,,,,,,,,L,,,O,OL,true,2010,,F
dataflow,IMF.STA:QNEA(7.0.0),R,LUX,B1GQ,Q,SA,XDC,Q,2025-Q1,13767667251.157,0,,,,,,,,,L,,,O,OL,true,2010,,F
dataflow,IMF.STA:QNEA(7.0.0),R,LUX,B1GQ,Q,SA,XDC,Q,2025-Q2,13840368610.646,0,,,,,,,,,L,,,O,OL,true,2010,,F
dataflow,IMF.STA:QNEA(7.0.0),R,LUX,B1GQ,Q,SA,XDC,Q,2025-Q3,14003628658.107,0,,,,,,,,,L,,,O,OL,true,2010,,F
dataflow,IMF.STA:QNEA(7.0.0),R,LUX,B1GQ,Q,SA,XDC,Q,2025-Q4,13997251040.791,0,,,,,,,,,L,,,O,OL,true,2010,,F
dataflow,IMF.STA:QNEA(7.0.0),R,LUX,B1GQ,Q,SA,XDC,Q,2026-Q1,13994631305.144,0,,,,,,,,,L,,,O,OL,true,2010,,F
dataflow,IMF.STA:QNEA(7.0.0),R,LVA,B1GQ,Q,SA,XDC,Q,1995-Q1,2340692217.0427,0,,,,,,,,,L,,,O,OL,true,2010,,F
dataflow,IMF.STA:QNEA(7.0.0),R,LVA,B1GQ,Q,SA,XDC,Q,1995-Q2,2338089475.8639,0,,,,,,,,,L,,,O,OL,true,2010,,F
dataflow,IMF.STA:QNEA(7.0.0),R,LVA,B1GQ,Q,SA,XDC,Q,1995-Q3,2309818026.5399,0,,,,,,,,,L,,,O,OL,true,2010,,F
dataflow,IMF.STA:QNEA(7.0.0),R,LVA,B1GQ,Q,SA,XDC,Q,1995-Q4,2320083486.7406,0,,,,,,,,,L,,,O,OL,true,2010,,F
dataflow,IMF.STA:QNEA(7.0.0),R,LVA,B1GQ,Q,SA,XDC,Q,1996-Q1,2310585232.1609,0,,,,,,,,,L,,,O,OL,true,2010,,F
dataflow,IMF.STA:QNEA(7.0.0),R,LVA,B1GQ,Q,SA,XDC,Q,1996-Q2,2311216270.4557,0,,,,,,,,,L,,,O,OL,true,2010,,F
dataflow,IMF.STA:QNEA(7.0.0),R,LVA,B1GQ,Q,SA,XDC,Q,1996-Q3,2394873585.2042,0,,,,,,,,,L,,,O,OL,true,2010,,F
dataflow,IMF.STA:QNEA(7.0.0),R,LVA,B1GQ,Q,SA,XDC,Q,1996-Q4,2493811986.3531,0,,,,,,,,,L,,,O,OL,true,2010,,F
dataflow,IMF.STA:QNEA(7.0.0),R,LVA,B1GQ,Q,SA,XDC,Q,1997-Q1,2475235650.6576,0,,,,,,,,,L,,,O,OL,true,2010,,F
dataflow,IMF.STA:QNEA(7.0.0),R,LVA,B1GQ,Q,SA,XDC,Q,1997-Q2,2614699004.2943,0,,,,,,,,,L,,,O,OL,true,2010,,F
dataflow,IMF.STA:QNEA(7.0.0),R,LVA,B1GQ,Q,SA,XDC,Q,1997-Q3,2658337909.0086,0,,,,,,,,,L,,,O,OL,true,2010,,F
dataflow,IMF.STA:QNEA(7.0.0),R,LVA,B1GQ,Q,SA,XDC,Q,1997-Q4,2643061491.2022,0,,,,,,,,,L,,,O,OL,true,2010,,F
dataflow,IMF.STA:QNEA(7.0.0),R,LVA,B1GQ,Q,SA,XDC,Q,1998-Q1,2803435477.5558,0,,,,,,,,,L,,,O,OL,true,2010,,F
dataflow,IMF.STA:QNEA(7.0.0),R,LVA,B1GQ,Q,SA,XDC,Q,1998-Q2,2803630780.4066,0,,,,,,,,,L,,,O,OL,true,2010,,F
dataflow,IMF.STA:QNEA(7.0.0),R,LVA,B1GQ,Q,SA,XDC,Q,1998-Q3,2797871291.556,0,,,,,,,,,L,,,O,OL,true,2010,,F
dataflow,IMF.STA:QNEA(7.0.0),R,LVA,B1GQ,Q,SA,XDC,Q,1998-Q4,2681142434.7087,0,,,,,,,,,L,,,O,OL,true,2010,,F
dataflow,IMF.STA:QNEA(7.0.0),R,LVA,B1GQ,Q,SA,XDC,Q,1999-Q1,2798946624.3838,0,,,,,,,,,L,,,O,OL,true,2010,,F
dataflow,IMF.STA:QNEA(7.0.0),R,LVA,B1GQ,Q,SA,XDC,Q,1999-Q2,2754912445.3739,0,,,,,,,,,L,,,O,OL,true,2010,,F
dataflow,IMF.STA:QNEA(7.0.0),R,LVA,B1GQ,Q,SA,XDC,Q,1999-Q3,2875562143.118,0,,,,,,,,,L,,,O,OL,true,2010,,F
dataflow,IMF.STA:QNEA(7.0.0),R,LVA,B1GQ,Q,SA,XDC,Q,1999-Q4,2940166147.4796,0,,,,,,,,,L,,,O,OL,true,2010,,F
dataflow,IMF.STA:QNEA(7.0.0),R,LVA,B1GQ,Q,SA,XDC,Q,2000-Q1,2976167232.3402,0,,,,,,,,,L,,,O,OL,true,2010,,F
dataflow,IMF.STA:QNEA(7.0.0),R,LVA,B1GQ,Q,SA,XDC,Q,2000-Q2,2964150271.2745,0,,,,,,,,,L,,,O,OL,true,2010,,F
dataflow,IMF.STA:QNEA(7.0.0),R,LVA,B1GQ,Q,SA,XDC,Q,2000-Q3,3060463366.3735,0,,,,,,,,,L,,,O,OL,true,2010,,F
dataflow,IMF.STA:QNEA(7.0.0),R,LVA,B1GQ,Q,SA,XDC,Q,2000-Q4,3036529040.915,0,,,,,,,,,L,,,O,OL,true,2010,,F
dataflow,IMF.STA:QNEA(7.0.0),R,LVA,B1GQ,Q,SA,XDC,Q,2001-Q1,3105469391.0432,0,,,,,,,,,L,,,O,OL,true,2010,,F
dataflow,IMF.STA:QNEA(7.0.0),R,LVA,B1GQ,Q,SA,XDC,Q,2001-Q2,3242208620.0561,0,,,,,,,,,L,,,O,OL,true,2010,,F
dataflow,IMF.STA:QNEA(7.0.0),R,LVA,B1GQ,Q,SA,XDC,Q,2001-Q3,3170981436.9461,0,,,,,,,,,L,,,O,OL,true,2010,,F
dataflow,IMF.STA:QNEA(7.0.0),R,LVA,B1GQ,Q,SA,XDC,Q,2001-Q4,3276045811.5779,0,,,,,,,,,L,,,O,OL,true,2010,,F
dataflow,IMF.STA:QNEA(7.0.0),R,LVA,B1GQ,Q,SA,XDC,Q,2002-Q1,3284738733.6853,0,,,,,,,,,L,,,O,OL,true,2010,,F
dataflow,IMF.STA:QNEA(7.0.0),R,LVA,B1GQ,Q,SA,XDC,Q,2002-Q2,3426512263.2741,0,,,,,,,,,L,,,O,OL,true,2010,,F
dataflow,IMF.STA:QNEA(7.0.0),R,LVA,B1GQ,Q,SA,XDC,Q,2002-Q3,3463426836.369,0,,,,,,,,,L,,,O,OL,true,2010,,F
dataflow,IMF.STA:QNEA(7.0.0),R,LVA,B1GQ,Q,SA,XDC,Q,2002-Q4,3588841612.4326,0,,,,,,,,,L,,,O,OL,true,2010,,F
dataflow,IMF.STA:QNEA(7.0.0),R,LVA,B1GQ,Q,SA,XDC,Q,2003-Q1,3609717230.6941,0,,,,,,,,,L,,,O,OL,true,2010,,F
dataflow,IMF.STA:QNEA(7.0.0),R,LVA,B1GQ,Q,SA,XDC,Q,2003-Q2,3688398602.2921,0,,,,,,,,,L,,,O,OL,true,2010,,F
dataflow,IMF.STA:QNEA(7.0.0),R,LVA,B1GQ,Q,SA,XDC,Q,2003-Q3,3793561795.4979,0,,,,,,,,,L,,,O,OL,true,2010,,F
dataflow,IMF.STA:QNEA(7.0.0),R,LVA,B1GQ,Q,SA,XDC,Q,2003-Q4,3844854860.145,0,,,,,,,,,L,,,O,OL,true,2010,,F
dataflow,IMF.STA:QNEA(7.0.0),R,LVA,B1GQ,Q,SA,XDC,Q,2004-Q1,3967642773.9606,0,,,,,,,,,L,,,O,OL,true,2010,,F
dataflow,IMF.STA:QNEA(7.0.0),R,LVA,B1GQ,Q,SA,XDC,Q,2004-Q2,4013165456.371,0,,,,,,,,,L,,,O,OL,true,2010,,F
dataflow,IMF.STA:QNEA(7.0.0),R,LVA,B1GQ,Q,SA,XDC,Q,2004-Q3,4069658556.6826,0,,,,,,,,,L,,,O,OL,true,2010,,F
dataflow,IMF.STA:QNEA(7.0.0),R,LVA,B1GQ,Q,SA,XDC,Q,2004-Q4,4187609028.9711,0,,,,,,,,,L,,,O,OL,true,2010,,F
dataflow,IMF.STA:QNEA(7.0.0),R,LVA,B1GQ,Q,SA,XDC,Q,2005-Q1,4280527278.102,0,,,,,,,,,L,,,O,OL,true,2010,,F
dataflow,IMF.STA:QNEA(7.0.0),R,LVA,B1GQ,Q,SA,XDC,Q,2005-Q2,4424183029.1891,0,,,,,,,,,L,,,O,OL,true,2010,,F
dataflow,IMF.STA:QNEA(7.0.0),R,LVA,B1GQ,Q,SA,XDC,Q,2005-Q3,4611817714.2565,0,,,,,,,,,L,,,O,OL,true,2010,,F
dataflow,IMF.STA:QNEA(7.0.0),R,LVA,B1GQ,Q,SA,XDC,Q,2005-Q4,4778828107.0416,0,,,,,,,,,L,,,O,OL,true,2010,,F
dataflow,IMF.STA:QNEA(7.0.0),R,LVA,B1GQ,Q,SA,XDC,Q,2006-Q1,4821424359.0864,0,,,,,,,,,L,,,O,OL,true,2010,,F
dataflow,IMF.STA:QNEA(7.0.0),R,LVA,B1GQ,Q,SA,XDC,Q,2006-Q2,5006527888.0837,0,,,,,,,,,L,,,O,OL,true,2010,,F
dataflow,IMF.STA:QNEA(7.0.0),R,LVA,B1GQ,Q,SA,XDC,Q,2006-Q3,5173625427.9577,0,,,,,,,,,L,,,O,OL,true,2010,,F
dataflow,IMF.STA:QNEA(7.0.0),R,LVA,B1GQ,Q,SA,XDC,Q,2006-Q4,5424739764.3214,0,,,,,,,,,L,,,O,OL,true,2010,,F
dataflow,IMF.STA:QNEA(7.0.0),R,LVA,B1GQ,Q,SA,XDC,Q,2007-Q1,5542340870.1556,0,,,,,,,,,L,,,O,OL,true,2010,,F
dataflow,IMF.STA:QNEA(7.0.0),R,LVA,B1GQ,Q,SA,XDC,Q,2007-Q2,5663377283.1062,0,,,,,,,,,L,,,O,OL,true,2010,,F
dataflow,IMF.STA:QNEA(7.0.0),R,LVA,B1GQ,Q,SA,XDC,Q,2007-Q3,5741852458.4674,0,,,,,,,,,L,,,O,OL,true,2010,,F
dataflow,IMF.STA:QNEA(7.0.0),R,LVA,B1GQ,Q,SA,XDC,Q,2007-Q4,5662653651.0296,0,,,,,,,,,L,,,O,OL,true,2010,,F
dataflow,IMF.STA:QNEA(7.0.0),R,LVA,B1GQ,Q,SA,XDC,Q,2008-Q1,5737748764.304,0,,,,,,,,,L,,,O,OL,true,2010,,F
dataflow,IMF.STA:QNEA(7.0.0),R,LVA,B1GQ,Q,SA,XDC,Q,2008-Q2,5595510709.6079,0,,,,,,,,,L,,,O,OL,true,2010,,F
dataflow,IMF.STA:QNEA(7.0.0),R,LVA,B1GQ,Q,SA,XDC,Q,2008-Q3,5370452574.6949,0,,,,,,,,,L,,,O,OL,true,2010,,F
dataflow,IMF.STA:QNEA(7.0.0),R,LVA,B1GQ,Q,SA,XDC,Q,2008-Q4,5214716836.5227,0,,,,,,,,,L,,,O,OL,true,2010,,F
dataflow,IMF.STA:QNEA(7.0.0),R,LVA,B1GQ,Q,SA,XDC,Q,2009-Q1,4937743935.8559,0,,,,,,,,,L,,,O,OL,true,2010,,F
dataflow,IMF.STA:QNEA(7.0.0),R,LVA,B1GQ,Q,SA,XDC,Q,2009-Q2,4631509065.8292,0,,,,,,,,,L,,,O,OL,true,2010,,F
dataflow,IMF.STA:QNEA(7.0.0),R,LVA,B1GQ,Q,SA,XDC,Q,2009-Q3,4409504191.4201,0,,,,,,,,,L,,,O,OL,true,2010,,F
dataflow,IMF.STA:QNEA(7.0.0),R,LVA,B1GQ,Q,SA,XDC,Q,2009-Q4,4443472103.5751,0,,,,,,,,,L,,,O,OL,true,2010,,F
dataflow,IMF.STA:QNEA(7.0.0),R,LVA,B1GQ,Q,SA,XDC,Q,2010-Q1,4443588818.4262,0,,,,,,,,,L,,,O,OL,true,2010,,F
dataflow,IMF.STA:QNEA(7.0.0),R,LVA,B1GQ,Q,SA,XDC,Q,2010-Q2,4410560849.8718,0,,,,,,,,,L,,,O,OL,true,2010,,F
dataflow,IMF.STA:QNEA(7.0.0),R,LVA,B1GQ,Q,SA,XDC,Q,2010-Q3,4398753975.538,0,,,,,,,,,L,,,O,OL,true,2010,,F
dataflow,IMF.STA:QNEA(7.0.0),R,LVA,B1GQ,Q,SA,XDC,Q,2010-Q4,4444891356.1641,0,,,,,,,,,L,,,O,OL,true,2010,,F
dataflow,IMF.STA:QNEA(7.0.0),R,LVA,B1GQ,Q,SA,XDC,Q,2011-Q1,4417927891.271,0,,,,,,,,,L,,,O,OL,true,2010,,F
dataflow,IMF.STA:QNEA(7.0.0),R,LVA,B1GQ,Q,SA,XDC,Q,2011-Q2,4539834997.0105,0,,,,,,,,,L,,,O,OL,true,2010,,F
dataflow,IMF.STA:QNEA(7.0.0),R,LVA,B1GQ,Q,SA,XDC,Q,2011-Q3,4618154552.5703,0,,,,,,,,,L,,,O,OL,true,2010,,F
dataflow,IMF.STA:QNEA(7.0.0),R,LVA,B1GQ,Q,SA,XDC,Q,2011-Q4,4640094610.2735,0,,,,,,,,,L,,,O,OL,true,2010,,F
dataflow,IMF.STA:QNEA(7.0.0),R,LVA,B1GQ,Q,SA,XDC,Q,2012-Q1,4884736719.0962,0,,,,,,,,,L,,,O,OL,true,2010,,F
dataflow,IMF.STA:QNEA(7.0.0),R,LVA,B1GQ,Q,SA,XDC,Q,2012-Q2,4859624351.741,0,,,,,,,,,L,,,O,OL,true,2010,,F
dataflow,IMF.STA:QNEA(7.0.0),R,LVA,B1GQ,Q,SA,XDC,Q,2012-Q3,4893533906.4705,0,,,,,,,,,L,,,O,OL,true,2010,,F
dataflow,IMF.STA:QNEA(7.0.0),R,LVA,B1GQ,Q,SA,XDC,Q,2012-Q4,4918823680.3993,0,,,,,,,,,L,,,O,OL,true,2010,,F
dataflow,IMF.STA:QNEA(7.0.0),R,LVA,B1GQ,Q,SA,XDC,Q,2013-Q1,4922311898.2481,0,,,,,,,,,L,,,O,OL,true,2010,,F
dataflow,IMF.STA:QNEA(7.0.0),R,LVA,B1GQ,Q,SA,XDC,Q,2013-Q2,4959035058.9873,0,,,,,,,,,L,,,O,OL,true,2010,,F
dataflow,IMF.STA:QNEA(7.0.0),R,LVA,B1GQ,Q,SA,XDC,Q,2013-Q3,5025624772.015,0,,,,,,,,,L,,,O,OL,true,2010,,F
dataflow,IMF.STA:QNEA(7.0.0),R,LVA,B1GQ,Q,SA,XDC,Q,2013-Q4,5049357569.8306,0,,,,,,,,,L,,,O,OL,true,2010,,F
dataflow,IMF.STA:QNEA(7.0.0),R,LVA,B1GQ,Q,SA,XDC,Q,2014-Q1,5058773345.9155,0,,,,,,,,,L,,,O,OL,true,2010,,F
dataflow,IMF.STA:QNEA(7.0.0),R,LVA,B1GQ,Q,SA,XDC,Q,2014-Q2,5068115202.5947,0,,,,,,,,,L,,,O,OL,true,2010,,F
dataflow,IMF.STA:QNEA(7.0.0),R,LVA,B1GQ,Q,SA,XDC,Q,2014-Q3,5122226541.8456,0,,,,,,,,,L,,,O,OL,true,2010,,F
dataflow,IMF.STA:QNEA(7.0.0),R,LVA,B1GQ,Q,SA,XDC,Q,2014-Q4,5133929150.9124,0,,,,,,,,,L,,,O,OL,true,2010,,F
dataflow,IMF.STA:QNEA(7.0.0),R,LVA,B1GQ,Q,SA,XDC,Q,2015-Q1,5195335946.4538,0,,,,,,,,,L,,,O,OL,true,2010,,F
dataflow,IMF.STA:QNEA(7.0.0),R,LVA,B1GQ,Q,SA,XDC,Q,2015-Q2,5263149609.2197,0,,,,,,,,,L,,,O,OL,true,2010,,F
dataflow,IMF.STA:QNEA(7.0.0),R,LVA,B1GQ,Q,SA,XDC,Q,2015-Q3,5350598600.4298,0,,,,,,,,,L,,,O,OL,true,2010,,F
dataflow,IMF.STA:QNEA(7.0.0),R,LVA,B1GQ,Q,SA,XDC,Q,2015-Q4,5336129849.3927,0,,,,,,,,,L,,,O,OL,true,2010,,F
dataflow,IMF.STA:QNEA(7.0.0),R,LVA,B1GQ,Q,SA,XDC,Q,2016-Q1,5393296783.4444,0,,,,,,,,,L,,,O,OL,true,2010,,F
dataflow,IMF.STA:QNEA(7.0.0),R,LVA,B1GQ,Q,SA,XDC,Q,2016-Q2,5410625048.3326,0,,,,,,,,,L,,,O,OL,true,2010,,F
dataflow,IMF.STA:QNEA(7.0.0),R,LVA,B1GQ,Q,SA,XDC,Q,2016-Q3,5413137530.0265,0,,,,,,,,,L,,,O,OL,true,2010,,F
dataflow,IMF.STA:QNEA(7.0.0),R,LVA,B1GQ,Q,SA,XDC,Q,2016-Q4,5476526143.739,0,,,,,,,,,L,,,O,OL,true,2010,,F
dataflow,IMF.STA:QNEA(7.0.0),R,LVA,B1GQ,Q,SA,XDC,Q,2017-Q1,5535119333.2707,0,,,,,,,,,L,,,O,OL,true,2010,,F
dataflow,IMF.STA:QNEA(7.0.0),R,LVA,B1GQ,Q,SA,XDC,Q,2017-Q2,5560226253.9329,0,,,,,,,,,L,,,O,OL,true,2010,,F
dataflow,IMF.STA:QNEA(7.0.0),R,LVA,B1GQ,Q,SA,XDC,Q,2017-Q3,5616098431.2368,0,,,,,,,,,L,,,O,OL,true,2010,,F
dataflow,IMF.STA:QNEA(7.0.0),R,LVA,B1GQ,Q,SA,XDC,Q,2017-Q4,5660557452.3045,0,,,,,,,,,L,,,O,OL,true,2010,,F
dataflow,IMF.STA:QNEA(7.0.0),R,LVA,B1GQ,Q,SA,XDC,Q,2018-Q1,5728782729.4451,0,,,,,,,,,L,,,O,OL,true,2010,,F
dataflow,IMF.STA:QNEA(7.0.0),R,LVA,B1GQ,Q,SA,XDC,Q,2018-Q2,5811810562.0969,0,,,,,,,,,L,,,O,OL,true,2010,,F
dataflow,IMF.STA:QNEA(7.0.0),R,LVA,B1GQ,Q,SA,XDC,Q,2018-Q3,5847396920.1866,0,,,,,,,,,L,,,O,OL,true,2010,,F
dataflow,IMF.STA:QNEA(7.0.0),R,LVA,B1GQ,Q,SA,XDC,Q,2018-Q4,5899931830.8491,0,,,,,,,,,L,,,O,OL,true,2010,,F
dataflow,IMF.STA:QNEA(7.0.0),R,LVA,B1GQ,Q,SA,XDC,Q,2019-Q1,5890656890.6844,0,,,,,,,,,L,,,O,OL,true,2010,,F
dataflow,IMF.STA:QNEA(7.0.0),R,LVA,B1GQ,Q,SA,XDC,Q,2019-Q2,5875273095.215,0,,,,,,,,,L,,,O,OL,true,2010,,F
dataflow,IMF.STA:QNEA(7.0.0),R,LVA,B1GQ,Q,SA,XDC,Q,2019-Q3,5902776560.8191,0,,,,,,,,,L,,,O,OL,true,2010,,F
dataflow,IMF.STA:QNEA(7.0.0),R,LVA,B1GQ,Q,SA,XDC,Q,2019-Q4,5862904433.3982,0,,,,,,,,,L,,,O,OL,true,2010,,F
dataflow,IMF.STA:QNEA(7.0.0),R,LVA,B1GQ,Q,SA,XDC,Q,2020-Q1,5837739155.3105,0,,,,,,,,,L,,,O,OL,true,2010,,F
dataflow,IMF.STA:QNEA(7.0.0),R,LVA,B1GQ,Q,SA,XDC,Q,2020-Q2,5266915608.414,0,,,,,,,,,L,,,O,OL,true,2010,,F
dataflow,IMF.STA:QNEA(7.0.0),R,LVA,B1GQ,Q,SA,XDC,Q,2020-Q3,5819621119.9302,0,,,,,,,,,L,,,O,OL,true,2010,,F
dataflow,IMF.STA:QNEA(7.0.0),R,LVA,B1GQ,Q,SA,XDC,Q,2020-Q4,5846567466.6451,0,,,,,,,,,L,,,O,OL,true,2010,,F
dataflow,IMF.STA:QNEA(7.0.0),R,LVA,B1GQ,Q,SA,XDC,Q,2021-Q1,5858450594.6815,0,,,,,,,,,L,,,O,OL,true,2010,,F
dataflow,IMF.STA:QNEA(7.0.0),R,LVA,B1GQ,Q,SA,XDC,Q,2021-Q2,5918030413.7543,0,,,,,,,,,L,,,O,OL,true,2010,,F
dataflow,IMF.STA:QNEA(7.0.0),R,LVA,B1GQ,Q,SA,XDC,Q,2021-Q3,6260742565.2339,0,,,,,,,,,L,,,O,OL,true,2010,,F
dataflow,IMF.STA:QNEA(7.0.0),R,LVA,B1GQ,Q,SA,XDC,Q,2021-Q4,6255772068.7766,0,,,,,,,,,L,,,O,OL,true,2010,,F
dataflow,IMF.STA:QNEA(7.0.0),R,LVA,B1GQ,Q,SA,XDC,Q,2022-Q1,6232675755.9488,0,,,,,,,,,L,,,O,OL,true,2010,,F
dataflow,IMF.STA:QNEA(7.0.0),R,LVA,B1GQ,Q,SA,XDC,Q,2022-Q2,6215095386.9823,0,,,,,,,,,L,,,O,OL,true,2010,,F
dataflow,IMF.STA:QNEA(7.0.0),R,LVA,B1GQ,Q,SA,XDC,Q,2022-Q3,6211205670.0458,0,,,,,,,,,L,,,O,OL,true,2010,,F
dataflow,IMF.STA:QNEA(7.0.0),R,LVA,B1GQ,Q,SA,XDC,Q,2022-Q4,6220557642.0122,0,,,,,,,,,L,,,O,OL,true,2010,,F
dataflow,IMF.STA:QNEA(7.0.0),R,LVA,B1GQ,Q,SA,XDC,Q,2023-Q1,6226157620.5663,0,,,,,,,,,L,,,O,OL,true,2010,,F
dataflow,IMF.STA:QNEA(7.0.0),R,LVA,B1GQ,Q,SA,XDC,Q,2023-Q2,6151146541.9847,0,,,,,,,,,L,,,O,OL,true,2010,,F
dataflow,IMF.STA:QNEA(7.0.0),R,LVA,B1GQ,Q,SA,XDC,Q,2023-Q3,6133419890.405,0,,,,,,,,,L,,,O,OL,true,2010,,F
dataflow,IMF.STA:QNEA(7.0.0),R,LVA,B1GQ,Q,SA,XDC,Q,2023-Q4,6096607248.28,0,,,,,,,,,L,,,O,OL,true,2010,,F
dataflow,IMF.STA:QNEA(7.0.0),R,LVA,B1GQ,Q,SA,XDC,Q,2024-Q1,6097239064.6738,0,,,,,,,,,L,,,O,OL,true,2010,,F
dataflow,IMF.STA:QNEA(7.0.0),R,LVA,B1GQ,Q,SA,XDC,Q,2024-Q2,6132283865.8546,0,,,,,,,,,L,,,O,OL,true,2010,,F
dataflow,IMF.STA:QNEA(7.0.0),R,LVA,B1GQ,Q,SA,XDC,Q,2024-Q3,6145402615.1143,0,,,,,,,,,L,,,O,OL,true,2010,,F
dataflow,IMF.STA:QNEA(7.0.0),R,LVA,B1GQ,Q,SA,XDC,Q,2024-Q4,6168128552.8147,0,,,,,,,,,L,,,O,OL,true,2010,,F
dataflow,IMF.STA:QNEA(7.0.0),R,LVA,B1GQ,Q,SA,XDC,Q,2025-Q1,6210871087.4728,0,,,,,,,,,L,,,O,OL,true,2010,,F
dataflow,IMF.STA:QNEA(7.0.0),R,LVA,B1GQ,Q,SA,XDC,Q,2025-Q2,6232429876.6625,0,,,,,,,,,L,,,O,OL,true,2010,,F
dataflow,IMF.STA:QNEA(7.0.0),R,LVA,B1GQ,Q,SA,XDC,Q,2025-Q3,6287392456.2271,0,,,,,,,,,L,,,O,OL,true,2010,,F
dataflow,IMF.STA:QNEA(7.0.0),R,LVA,B1GQ,Q,SA,XDC,Q,2025-Q4,6331602485.6126,0,,,,,,,,,L,,,O,OL,true,2010,,F
dataflow,IMF.STA:QNEA(7.0.0),R,LVA,B1GQ,Q,SA,XDC,Q,2026-Q1,6371729051.4088,0,,,,,,,,,L,,,O,OL,true,2010,,F
dataflow,IMF.STA:QNEA(7.0.0),R,LVA,B1GQ,Q,SA,XDC,Q,2026-Q2,6417649342.4119,0,,,,,,,,,L,,,O,OL,true,2010,,F
dataflow,IMF.STA:QNEA(7.0.0),R,MAR,B1GQ,Q,SA,XDC,Q,2014-Q1,247391935329.754,0,,,,,,,,,L,,,O,OL,true,2014,,F
dataflow,IMF.STA:QNEA(7.0.0),R,MAR,B1GQ,Q,SA,XDC,Q,2014-Q2,251718204630.955,0,,,,,,,,,L,,,O,OL,true,2014,,F
dataflow,IMF.STA:QNEA(7.0.0),R,MAR,B1GQ,Q,SA,XDC,Q,2014-Q3,252005575902.036,0,,,,,,,,,L,,,O,OL,true,2014,,F
dataflow,IMF.STA:QNEA(7.0.0),R,MAR,B1GQ,Q,SA,XDC,Q,2014-Q4,250338283533.013,0,,,,,,,,,L,,,O,OL,true,2014,,F
dataflow,IMF.STA:QNEA(7.0.0),R,MAR,B1GQ,Q,SA,XDC,Q,2015-Q1,257136769371.587,0,,,,,,,,,L,,,O,OL,true,2014,,F
dataflow,IMF.STA:QNEA(7.0.0),R,MAR,B1GQ,Q,SA,XDC,Q,2015-Q2,260836867781.481,0,,,,,,,,,L,,,O,OL,true,2014,,F
dataflow,IMF.STA:QNEA(7.0.0),R,MAR,B1GQ,Q,SA,XDC,Q,2015-Q3,262459438962.798,0,,,,,,,,,L,,,O,OL,true,2014,,F
dataflow,IMF.STA:QNEA(7.0.0),R,MAR,B1GQ,Q,SA,XDC,Q,2015-Q4,264529922779.776,0,,,,,,,,,L,,,O,OL,true,2014,,F
dataflow,IMF.STA:QNEA(7.0.0),R,MAR,B1GQ,Q,SA,XDC,Q,2016-Q1,259091339527.045,0,,,,,,,,,L,,,O,OL,true,2014,,F
dataflow,IMF.STA:QNEA(7.0.0),R,MAR,B1GQ,Q,SA,XDC,Q,2016-Q2,259633738318.501,0,,,,,,,,,L,,,O,OL,true,2014,,F
dataflow,IMF.STA:QNEA(7.0.0),R,MAR,B1GQ,Q,SA,XDC,Q,2016-Q3,264822340384.252,0,,,,,,,,,L,,,O,OL,true,2014,,F
dataflow,IMF.STA:QNEA(7.0.0),R,MAR,B1GQ,Q,SA,XDC,Q,2016-Q4,266861773267.406,0,,,,,,,,,L,,,O,OL,true,2014,,F
dataflow,IMF.STA:QNEA(7.0.0),R,MAR,B1GQ,Q,SA,XDC,Q,2017-Q1,272236279331.089,0,,,,,,,,,L,,,O,OL,true,2014,,F
dataflow,IMF.STA:QNEA(7.0.0),R,MAR,B1GQ,Q,SA,XDC,Q,2017-Q2,276159537802.447,0,,,,,,,,,L,,,O,OL,true,2014,,F
dataflow,IMF.STA:QNEA(7.0.0),R,MAR,B1GQ,Q,SA,XDC,Q,2017-Q3,276690905201.295,0,,,,,,,,,L,,,O,OL,true,2014,,F
dataflow,IMF.STA:QNEA(7.0.0),R,MAR,B1GQ,Q,SA,XDC,Q,2017-Q4,278451099706.691,0,,,,,,,,,L,,,O,OL,true,2014,,F
dataflow,IMF.STA:QNEA(7.0.0),R,MAR,B1GQ,Q,SA,XDC,Q,2018-Q1,281092834532.557,0,,,,,,,,,L,,,O,OL,true,2014,,F
dataflow,IMF.STA:QNEA(7.0.0),R,MAR,B1GQ,Q,SA,XDC,Q,2018-Q2,284285443398.122,0,,,,,,,,,L,,,O,OL,true,2014,,F
dataflow,IMF.STA:QNEA(7.0.0),R,MAR,B1GQ,Q,SA,XDC,Q,2018-Q3,285140666899.915,0,,,,,,,,,L,,,O,OL,true,2014,,F
dataflow,IMF.STA:QNEA(7.0.0),R,MAR,B1GQ,Q,SA,XDC,Q,2018-Q4,286849388401.052,0,,,,,,,,,L,,,O,OL,true,2014,,F
dataflow,IMF.STA:QNEA(7.0.0),R,MAR,B1GQ,Q,SA,XDC,Q,2019-Q1,288866502649.628,0,,,,,,,,,L,,,O,OL,true,2014,,F
dataflow,IMF.STA:QNEA(7.0.0),R,MAR,B1GQ,Q,SA,XDC,Q,2019-Q2,295765917119.687,0,,,,,,,,,L,,,O,OL,true,2014,,F
dataflow,IMF.STA:QNEA(7.0.0),R,MAR,B1GQ,Q,SA,XDC,Q,2019-Q3,293318829980.846,0,,,,,,,,,L,,,O,OL,true,2014,,F
dataflow,IMF.STA:QNEA(7.0.0),R,MAR,B1GQ,Q,SA,XDC,Q,2019-Q4,292298113917.18,0,,,,,,,,,L,,,O,OL,true,2014,,F
dataflow,IMF.STA:QNEA(7.0.0),R,MAR,B1GQ,Q,SA,XDC,Q,2020-Q1,285344446961.713,0,,,,,,,,,L,,,O,OL,true,2014,,F
dataflow,IMF.STA:QNEA(7.0.0),R,MAR,B1GQ,Q,SA,XDC,Q,2020-Q2,253967290800.298,0,,,,,,,,,L,,,O,OL,true,2014,,F
dataflow,IMF.STA:QNEA(7.0.0),R,MAR,B1GQ,Q,SA,XDC,Q,2020-Q3,271169628711.662,0,,,,,,,,,L,,,O,OL,true,2014,,F
dataflow,IMF.STA:QNEA(7.0.0),R,MAR,B1GQ,Q,SA,XDC,Q,2020-Q4,275765075622.864,0,,,,,,,,,L,,,O,OL,true,2014,,F
dataflow,IMF.STA:QNEA(7.0.0),R,MAR,B1GQ,Q,SA,XDC,Q,2021-Q1,290532024035.779,0,,,,,,,,,L,,,O,OL,true,2014,,F
dataflow,IMF.STA:QNEA(7.0.0),R,MAR,B1GQ,Q,SA,XDC,Q,2021-Q2,290728145901.146,0,,,,,,,,,L,,,O,OL,true,2014,,F
dataflow,IMF.STA:QNEA(7.0.0),R,MAR,B1GQ,Q,SA,XDC,Q,2021-Q3,295351359936.766,0,,,,,,,,,L,,,O,OL,true,2014,,F
dataflow,IMF.STA:QNEA(7.0.0),R,MAR,B1GQ,Q,SA,XDC,Q,2021-Q4,298215949977.243,0,,,,,,,,,L,,,O,OL,true,2014,,F
dataflow,IMF.STA:QNEA(7.0.0),R,MAR,B1GQ,Q,SA,XDC,Q,2022-Q1,293747588202.807,0,,,,,,,,,L,,,O,OL,true,2014,,F
dataflow,IMF.STA:QNEA(7.0.0),R,MAR,B1GQ,Q,SA,XDC,Q,2022-Q2,299339904088.55,0,,,,,,,,,L,,,O,OL,true,2014,,F
dataflow,IMF.STA:QNEA(7.0.0),R,MAR,B1GQ,Q,SA,XDC,Q,2022-Q3,301394409991.46,0,,,,,,,,,L,,,O,OL,true,2014,,F
dataflow,IMF.STA:QNEA(7.0.0),R,MAR,B1GQ,Q,SA,XDC,Q,2022-Q4,301641439811.911,0,,,,,,,,,L,,,O,OL,true,2014,,F
dataflow,IMF.STA:QNEA(7.0.0),R,MAR,B1GQ,Q,SA,XDC,Q,2023-Q1,305330697789.994,0,,,,,,,,,L,,,O,OL,true,2014,,F
dataflow,IMF.STA:QNEA(7.0.0),R,MAR,B1GQ,Q,SA,XDC,Q,2023-Q2,307465165185.432,0,,,,,,,,,L,,,O,OL,true,2014,,F
dataflow,IMF.STA:QNEA(7.0.0),R,MAR,B1GQ,Q,SA,XDC,Q,2023-Q3,311300696418.55,0,,,,,,,,,L,,,O,OL,true,2014,,F
dataflow,IMF.STA:QNEA(7.0.0),R,MAR,B1GQ,Q,SA,XDC,Q,2023-Q4,317357051615.058,0,,,,,,,,,L,,,O,OL,true,2014,,F
dataflow,IMF.STA:QNEA(7.0.0),R,MAR,B1GQ,Q,SA,XDC,Q,2024-Q1,316240223102.228,0,,,,,,,,,L,,,O,OL,true,2014,,F
dataflow,IMF.STA:QNEA(7.0.0),R,MAR,B1GQ,Q,SA,XDC,Q,2024-Q2,318457180516.731,0,,,,,,,,,L,,,O,OL,true,2014,,F
dataflow,IMF.STA:QNEA(7.0.0),R,MAR,B1GQ,Q,SA,XDC,Q,2024-Q3,328531075163.446,0,,,,,,,,,L,,,O,OL,true,2014,,F
dataflow,IMF.STA:QNEA(7.0.0),R,MAR,B1GQ,Q,SA,XDC,Q,2024-Q4,332387872044.75,0,,,,,,,,,L,,,O,OL,true,2014,,F
dataflow,IMF.STA:QNEA(7.0.0),R,MAR,B1GQ,Q,SA,XDC,Q,2025-Q1,332156543985.066,0,,,,,,,,,L,,,O,OL,true,2014,,F
dataflow,IMF.STA:QNEA(7.0.0),R,MAR,B1GQ,Q,SA,XDC,Q,2025-Q2,336832465316.645,0,,,,,,,,,L,,,O,OL,true,2014,,F
dataflow,IMF.STA:QNEA(7.0.0),R,MAR,B1GQ,Q,SA,XDC,Q,2025-Q3,342402096587.729,0,,,,,,,,,L,,,O,OL,true,2014,,F
dataflow,IMF.STA:QNEA(7.0.0),R,MAR,B1GQ,Q,SA,XDC,Q,2025-Q4,347176908292.986,0,,,,,,,,,L,,,O,OL,true,2014,,F
dataflow,IMF.STA:QNEA(7.0.0),R,MAR,B1GQ,Q,SA,XDC,Q,2026-Q1,347396435790.568,0,,,,,,,,,L,,,O,OL,true,2014,,F
dataflow,IMF.STA:QNEA(7.0.0),R,MDA,B1GQ,Q,SA,XDC,Q,2016-Q1,37711233508.9626,0,,,,,,,,,L,,,O,OL,true,2015,,F
dataflow,IMF.STA:QNEA(7.0.0),R,MDA,B1GQ,Q,SA,XDC,Q,2016-Q2,38368729121.192,0,,,,,,,,,L,,,O,OL,true,2015,,F
dataflow,IMF.STA:QNEA(7.0.0),R,MDA,B1GQ,Q,SA,XDC,Q,2016-Q3,38743299140.3787,0,,,,,,,,,L,,,O,OL,true,2015,,F
dataflow,IMF.STA:QNEA(7.0.0),R,MDA,B1GQ,Q,SA,XDC,Q,2016-Q4,38504095205.0437,0,,,,,,,,,L,,,O,OL,true,2015,,F
dataflow,IMF.STA:QNEA(7.0.0),R,MDA,B1GQ,Q,SA,XDC,Q,2017-Q1,39142132175.9066,0,,,,,,,,,L,,,O,OL,true,2015,,F
dataflow,IMF.STA:QNEA(7.0.0),R,MDA,B1GQ,Q,SA,XDC,Q,2017-Q2,39369438055.0117,0,,,,,,,,,L,,,O,OL,true,2015,,F
dataflow,IMF.STA:QNEA(7.0.0),R,MDA,B1GQ,Q,SA,XDC,Q,2017-Q3,40580063113.1819,0,,,,,,,,,L,,,O,OL,true,2015,,F
dataflow,IMF.STA:QNEA(7.0.0),R,MDA,B1GQ,Q,SA,XDC,Q,2017-Q4,40653955778.8831,0,,,,,,,,,L,,,O,OL,true,2015,,F
dataflow,IMF.STA:QNEA(7.0.0),R,MDA,B1GQ,Q,SA,XDC,Q,2018-Q1,40047529009.538,0,,,,,,,,,L,,,O,OL,true,2015,,F
dataflow,IMF.STA:QNEA(7.0.0),R,MDA,B1GQ,Q,SA,XDC,Q,2018-Q2,41440641857.9437,0,,,,,,,,,L,,,O,OL,true,2015,,F
dataflow,IMF.STA:QNEA(7.0.0),R,MDA,B1GQ,Q,SA,XDC,Q,2018-Q3,42431898950.0991,0,,,,,,,,,L,,,O,OL,true,2015,,F
dataflow,IMF.STA:QNEA(7.0.0),R,MDA,B1GQ,Q,SA,XDC,Q,2018-Q4,42455777471.0559,0,,,,,,,,,L,,,O,OL,true,2015,,F
dataflow,IMF.STA:QNEA(7.0.0),R,MDA,B1GQ,Q,SA,XDC,Q,2019-Q1,41586376814.8193,0,,,,,,,,,L,,,O,OL,true,2015,,F
dataflow,IMF.STA:QNEA(7.0.0),R,MDA,B1GQ,Q,SA,XDC,Q,2019-Q2,44060491950.4272,0,,,,,,,,,L,,,O,OL,true,2015,,F
dataflow,IMF.STA:QNEA(7.0.0),R,MDA,B1GQ,Q,SA,XDC,Q,2019-Q3,44751593952.8631,0,,,,,,,,,L,,,O,OL,true,2015,,F
dataflow,IMF.STA:QNEA(7.0.0),R,MDA,B1GQ,Q,SA,XDC,Q,2019-Q4,41989494247.2824,0,,,,,,,,,L,,,O,OL,true,2015,,F
dataflow,IMF.STA:QNEA(7.0.0),R,MDA,B1GQ,Q,SA,XDC,Q,2020-Q1,41013145376.511,0,,,,,,,,,L,,,O,OL,true,2015,,F
dataflow,IMF.STA:QNEA(7.0.0),R,MDA,B1GQ,Q,SA,XDC,Q,2020-Q2,38063841275.1171,0,,,,,,,,,L,,,O,OL,true,2015,,F
dataflow,IMF.STA:QNEA(7.0.0),R,MDA,B1GQ,Q,SA,XDC,Q,2020-Q3,39407780003.1461,0,,,,,,,,,L,,,O,OL,true,2015,,F
dataflow,IMF.STA:QNEA(7.0.0),R,MDA,B1GQ,Q,SA,XDC,Q,2020-Q4,39803234013.8056,0,,,,,,,,,L,,,O,OL,true,2015,,F
dataflow,IMF.STA:QNEA(7.0.0),R,MDA,B1GQ,Q,SA,XDC,Q,2021-Q1,43598492059.1159,0,,,,,,,,,L,,,O,OL,true,2015,,F
dataflow,IMF.STA:QNEA(7.0.0),R,MDA,B1GQ,Q,SA,XDC,Q,2021-Q2,43825512143.4776,0,,,,,,,,,L,,,O,OL,true,2015,,F
dataflow,IMF.STA:QNEA(7.0.0),R,MDA,B1GQ,Q,SA,XDC,Q,2021-Q3,45469801202.4312,0,,,,,,,,,L,,,O,OL,true,2015,,F
dataflow,IMF.STA:QNEA(7.0.0),R,MDA,B1GQ,Q,SA,XDC,Q,2021-Q4,47298102715.6434,0,,,,,,,,,L,,,O,OL,true,2015,,F
dataflow,IMF.STA:QNEA(7.0.0),R,MDA,B1GQ,Q,SA,XDC,Q,2022-Q1,43851760965.8207,0,,,,,,,,,L,,,O,OL,true,2015,,F
dataflow,IMF.STA:QNEA(7.0.0),R,MDA,B1GQ,Q,SA,XDC,Q,2022-Q2,43699971131.1096,0,,,,,,,,,L,,,O,OL,true,2015,,F
dataflow,IMF.STA:QNEA(7.0.0),R,MDA,B1GQ,Q,SA,XDC,Q,2022-Q3,41483187353.1519,0,,,,,,,,,L,,,O,OL,true,2015,,F
dataflow,IMF.STA:QNEA(7.0.0),R,MDA,B1GQ,Q,SA,XDC,Q,2022-Q4,43028149589.9184,0,,,,,,,,,L,,,O,OL,true,2015,,F
dataflow,IMF.STA:QNEA(7.0.0),R,MDA,B1GQ,Q,SA,XDC,Q,2023-Q1,43578262576,0,,,,,,,,,L,,,O,OL,true,2015,,F
dataflow,IMF.STA:QNEA(7.0.0),R,MDA,B1GQ,Q,SA,XDC,Q,2023-Q2,43376683108,0,,,,,,,,,L,,,O,OL,true,2015,,F
dataflow,IMF.STA:QNEA(7.0.0),R,MDA,B1GQ,Q,SA,XDC,Q,2023-Q3,43555013250,0,,,,,,,,,L,,,O,OL,true,2015,,F
dataflow,IMF.STA:QNEA(7.0.0),R,MDA,B1GQ,Q,SA,XDC,Q,2023-Q4,43510907280,0,,,,,,,,,L,,,O,OL,true,2015,,F
dataflow,IMF.STA:QNEA(7.0.0),R,MDA,B1GQ,Q,SA,XDC,Q,2024-Q1,44343531466.8038,0,,,,,,,,,L,,,O,OL,true,2015,,F
dataflow,IMF.STA:QNEA(7.0.0),R,MDA,B1GQ,Q,SA,XDC,Q,2024-Q2,44226705637.1953,0,,,,,,,,,L,,,O,OL,true,2015,,F
dataflow,IMF.STA:QNEA(7.0.0),R,MDA,B1GQ,Q,SA,XDC,Q,2024-Q3,42663152487.7306,0,,,,,,,,,L,,,O,OL,true,2015,,F
dataflow,IMF.STA:QNEA(7.0.0),R,MDA,B1GQ,Q,SA,XDC,Q,2024-Q4,43110448954.0752,0,,,,,,,,,L,,,O,OL,true,2015,,F
dataflow,IMF.STA:QNEA(7.0.0),R,MDA,B1GQ,Q,SA,XDC,Q,2025-Q1,43970720251.055,0,,,,,,,,,L,,,O,OL,true,2015,,F
dataflow,IMF.STA:QNEA(7.0.0),R,MDA,B1GQ,Q,SA,XDC,Q,2025-Q2,44616989585.8948,0,,,,,,,,,L,,,O,OL,true,2015,,F
dataflow,IMF.STA:QNEA(7.0.0),R,MDA,B1GQ,Q,SA,XDC,Q,2025-Q3,45116187569.9184,0,,,,,,,,,L,,,O,OL,true,2015,,F
dataflow,IMF.STA:QNEA(7.0.0),R,MDA,B1GQ,Q,SA,XDC,Q,2025-Q4,44741489598.4485,0,,,,,,,,,L,,,O,OL,true,2015,,F
dataflow,IMF.STA:QNEA(7.0.0),R,MDA,B1GQ,Q,SA,XDC,Q,2026-Q1,44187243262.9097,0,,,,,,,,,L,,,O,OL,true,2015,,F
dataflow,IMF.STA:QNEA(7.0.0),R,MEX,B1GQ,Q,SA,XDC,Q,1993-Q1,3451158500000,0,,,,,,,,,FB,,,O,OL,true,2018,,F
dataflow,IMF.STA:QNEA(7.0.0),R,MEX,B1GQ,Q,SA,XDC,Q,1993-Q2,3450937200000,0,,,,,,,,,FB,,,O,OL,true,2018,,F
dataflow,IMF.STA:QNEA(7.0.0),R,MEX,B1GQ,Q,SA,XDC,Q,1993-Q3,3491017500000,0,,,,,,,,,FB,,,O,OL,true,2018,,F
dataflow,IMF.STA:QNEA(7.0.0),R,MEX,B1GQ,Q,SA,XDC,Q,1993-Q4,3512978200000,0,,,,,,,,,FB,,,O,OL,true,2018,,F
dataflow,IMF.STA:QNEA(7.0.0),R,MEX,B1GQ,Q,SA,XDC,Q,1994-Q1,3548542900000,0,,,,,,,,,FB,,,O,OL,true,2018,,F
dataflow,IMF.STA:QNEA(7.0.0),R,MEX,B1GQ,Q,SA,XDC,Q,1994-Q2,3629421500000,0,,,,,,,,,FB,,,O,OL,true,2018,,F
dataflow,IMF.STA:QNEA(7.0.0),R,MEX,B1GQ,Q,SA,XDC,Q,1994-Q3,3649054600000,0,,,,,,,,,FB,,,O,OL,true,2018,,F
dataflow,IMF.STA:QNEA(7.0.0),R,MEX,B1GQ,Q,SA,XDC,Q,1994-Q4,3688307700000,0,,,,,,,,,FB,,,O,OL,true,2018,,F
dataflow,IMF.STA:QNEA(7.0.0),R,MEX,B1GQ,Q,SA,XDC,Q,1995-Q1,3520394800000,0,,,,,,,,,FB,,,O,OL,true,2018,,F
dataflow,IMF.STA:QNEA(7.0.0),R,MEX,B1GQ,Q,SA,XDC,Q,1995-Q2,3306184500000,0,,,,,,,,,FB,,,O,OL,true,2018,,F
dataflow,IMF.STA:QNEA(7.0.0),R,MEX,B1GQ,Q,SA,XDC,Q,1995-Q3,3377132900000,0,,,,,,,,,FB,,,O,OL,true,2018,,F
dataflow,IMF.STA:QNEA(7.0.0),R,MEX,B1GQ,Q,SA,XDC,Q,1995-Q4,3454339100000,0,,,,,,,,,FB,,,O,OL,true,2018,,F
dataflow,IMF.STA:QNEA(7.0.0),R,MEX,B1GQ,Q,SA,XDC,Q,1996-Q1,3533922500000,0,,,,,,,,,FB,,,O,OL,true,2018,,F
dataflow,IMF.STA:QNEA(7.0.0),R,MEX,B1GQ,Q,SA,XDC,Q,1996-Q2,3572360700000,0,,,,,,,,,FB,,,O,OL,true,2018,,F
dataflow,IMF.STA:QNEA(7.0.0),R,MEX,B1GQ,Q,SA,XDC,Q,1996-Q3,3625470500000,0,,,,,,,,,FB,,,O,OL,true,2018,,F
dataflow,IMF.STA:QNEA(7.0.0),R,MEX,B1GQ,Q,SA,XDC,Q,1996-Q4,3740363100000,0,,,,,,,,,FB,,,O,OL,true,2018,,F
dataflow,IMF.STA:QNEA(7.0.0),R,MEX,B1GQ,Q,SA,XDC,Q,1997-Q1,3753310700000,0,,,,,,,,,FB,,,O,OL,true,2018,,F
dataflow,IMF.STA:QNEA(7.0.0),R,MEX,B1GQ,Q,SA,XDC,Q,1997-Q2,3843274800000,0,,,,,,,,,FB,,,O,OL,true,2018,,F
dataflow,IMF.STA:QNEA(7.0.0),R,MEX,B1GQ,Q,SA,XDC,Q,1997-Q3,3922377300000,0,,,,,,,,,FB,,,O,OL,true,2018,,F
dataflow,IMF.STA:QNEA(7.0.0),R,MEX,B1GQ,Q,SA,XDC,Q,1997-Q4,4033005600000,0,,,,,,,,,FB,,,O,OL,true,2018,,F
dataflow,IMF.STA:QNEA(7.0.0),R,MEX,B1GQ,Q,SA,XDC,Q,1998-Q1,4096002400000,0,,,,,,,,,FB,,,O,OL,true,2018,,F
dataflow,IMF.STA:QNEA(7.0.0),R,MEX,B1GQ,Q,SA,XDC,Q,1998-Q2,4124030500000,0,,,,,,,,,FB,,,O,OL,true,2018,,F
dataflow,IMF.STA:QNEA(7.0.0),R,MEX,B1GQ,Q,SA,XDC,Q,1998-Q3,4144761500000,0,,,,,,,,,FB,,,O,OL,true,2018,,F
dataflow,IMF.STA:QNEA(7.0.0),R,MEX,B1GQ,Q,SA,XDC,Q,1998-Q4,4152191700000,0,,,,,,,,,FB,,,O,OL,true,2018,,F
dataflow,IMF.STA:QNEA(7.0.0),R,MEX,B1GQ,Q,SA,XDC,Q,1999-Q1,4189446300000,0,,,,,,,,,FB,,,O,OL,true,2018,,F
dataflow,IMF.STA:QNEA(7.0.0),R,MEX,B1GQ,Q,SA,XDC,Q,1999-Q2,4219371600000,0,,,,,,,,,FB,,,O,OL,true,2018,,F
dataflow,IMF.STA:QNEA(7.0.0),R,MEX,B1GQ,Q,SA,XDC,Q,1999-Q3,4259167800000,0,,,,,,,,,FB,,,O,OL,true,2018,,F
dataflow,IMF.STA:QNEA(7.0.0),R,MEX,B1GQ,Q,SA,XDC,Q,1999-Q4,4301798400000,0,,,,,,,,,FB,,,O,OL,true,2018,,F
dataflow,IMF.STA:QNEA(7.0.0),R,MEX,B1GQ,Q,SA,XDC,Q,2000-Q1,4389471000000,0,,,,,,,,,FB,,,O,OL,true,2018,,F
dataflow,IMF.STA:QNEA(7.0.0),R,MEX,B1GQ,Q,SA,XDC,Q,2000-Q2,4446526200000,0,,,,,,,,,FB,,,O,OL,true,2018,,F
dataflow,IMF.STA:QNEA(7.0.0),R,MEX,B1GQ,Q,SA,XDC,Q,2000-Q3,4495169600000,0,,,,,,,,,FB,,,O,OL,true,2018,,F
dataflow,IMF.STA:QNEA(7.0.0),R,MEX,B1GQ,Q,SA,XDC,Q,2000-Q4,4444523700000,0,,,,,,,,,FB,,,O,OL,true,2018,,F
dataflow,IMF.STA:QNEA(7.0.0),R,MEX,B1GQ,Q,SA,XDC,Q,2001-Q1,4474351300000,0,,,,,,,,,FB,,,O,OL,true,2018,,F
dataflow,IMF.STA:QNEA(7.0.0),R,MEX,B1GQ,Q,SA,XDC,Q,2001-Q2,4439399900000,0,,,,,,,,,FB,,,O,OL,true,2018,,F
dataflow,IMF.STA:QNEA(7.0.0),R,MEX,B1GQ,Q,SA,XDC,Q,2001-Q3,4430456200000,0,,,,,,,,,FB,,,O,OL,true,2018,,F
dataflow,IMF.STA:QNEA(7.0.0),R,MEX,B1GQ,Q,SA,XDC,Q,2001-Q4,4392147400000,0,,,,,,,,,FB,,,O,OL,true,2018,,F
dataflow,IMF.STA:QNEA(7.0.0),R,MEX,B1GQ,Q,SA,XDC,Q,2002-Q1,4364699100000,0,,,,,,,,,FB,,,O,OL,true,2018,,F
dataflow,IMF.STA:QNEA(7.0.0),R,MEX,B1GQ,Q,SA,XDC,Q,2002-Q2,4412823000000,0,,,,,,,,,FB,,,O,OL,true,2018,,F
dataflow,IMF.STA:QNEA(7.0.0),R,MEX,B1GQ,Q,SA,XDC,Q,2002-Q3,4453309200000,0,,,,,,,,,FB,,,O,OL,true,2018,,F
dataflow,IMF.STA:QNEA(7.0.0),R,MEX,B1GQ,Q,SA,XDC,Q,2002-Q4,4462731800000,0,,,,,,,,,FB,,,O,OL,true,2018,,F
dataflow,IMF.STA:QNEA(7.0.0),R,MEX,B1GQ,Q,SA,XDC,Q,2003-Q1,4462153900000,0,,,,,,,,,FB,,,O,OL,true,2018,,F
dataflow,IMF.STA:QNEA(7.0.0),R,MEX,B1GQ,Q,SA,XDC,Q,2003-Q2,4466757100000,0,,,,,,,,,FB,,,O,OL,true,2018,,F
dataflow,IMF.STA:QNEA(7.0.0),R,MEX,B1GQ,Q,SA,XDC,Q,2003-Q3,4469365000000,0,,,,,,,,,FB,,,O,OL,true,2018,,F
dataflow,IMF.STA:QNEA(7.0.0),R,MEX,B1GQ,Q,SA,XDC,Q,2003-Q4,4509757100000,0,,,,,,,,,FB,,,O,OL,true,2018,,F
dataflow,IMF.STA:QNEA(7.0.0),R,MEX,B1GQ,Q,SA,XDC,Q,2004-Q1,4568310100000,0,,,,,,,,,FB,,,O,OL,true,2018,,F
dataflow,IMF.STA:QNEA(7.0.0),R,MEX,B1GQ,Q,SA,XDC,Q,2004-Q2,4629891700000,0,,,,,,,,,FB,,,O,OL,true,2018,,F
dataflow,IMF.STA:QNEA(7.0.0),R,MEX,B1GQ,Q,SA,XDC,Q,2004-Q3,4627531100000,0,,,,,,,,,FB,,,O,OL,true,2018,,F
dataflow,IMF.STA:QNEA(7.0.0),R,MEX,B1GQ,Q,SA,XDC,Q,2004-Q4,4676779000000,0,,,,,,,,,FB,,,O,OL,true,2018,,F
dataflow,IMF.STA:QNEA(7.0.0),R,MEX,B1GQ,Q,SA,XDC,Q,2005-Q1,4687117200000,0,,,,,,,,,FB,,,O,OL,true,2018,,F
dataflow,IMF.STA:QNEA(7.0.0),R,MEX,B1GQ,Q,SA,XDC,Q,2005-Q2,4688725900000,0,,,,,,,,,FB,,,O,OL,true,2018,,F
dataflow,IMF.STA:QNEA(7.0.0),R,MEX,B1GQ,Q,SA,XDC,Q,2005-Q3,4735760700000,0,,,,,,,,,FB,,,O,OL,true,2018,,F
dataflow,IMF.STA:QNEA(7.0.0),R,MEX,B1GQ,Q,SA,XDC,Q,2005-Q4,4823480000000,0,,,,,,,,,FB,,,O,OL,true,2018,,F
dataflow,IMF.STA:QNEA(7.0.0),R,MEX,B1GQ,Q,SA,XDC,Q,2006-Q1,4919809600000,0,,,,,,,,,FB,,,O,OL,true,2018,,F
dataflow,IMF.STA:QNEA(7.0.0),R,MEX,B1GQ,Q,SA,XDC,Q,2006-Q2,4960233500000,0,,,,,,,,,FB,,,O,OL,true,2018,,F
dataflow,IMF.STA:QNEA(7.0.0),R,MEX,B1GQ,Q,SA,XDC,Q,2006-Q3,4972879500000,0,,,,,,,,,FB,,,O,OL,true,2018,,F
dataflow,IMF.STA:QNEA(7.0.0),R,MEX,B1GQ,Q,SA,XDC,Q,2006-Q4,4991020200000,0,,,,,,,,,FB,,,O,OL,true,2018,,F
dataflow,IMF.STA:QNEA(7.0.0),R,MEX,B1GQ,Q,SA,XDC,Q,2007-Q1,5027610000000,0,,,,,,,,,FB,,,O,OL,true,2018,,F
dataflow,IMF.STA:QNEA(7.0.0),R,MEX,B1GQ,Q,SA,XDC,Q,2007-Q2,5058492900000,0,,,,,,,,,FB,,,O,OL,true,2018,,F
dataflow,IMF.STA:QNEA(7.0.0),R,MEX,B1GQ,Q,SA,XDC,Q,2007-Q3,5076633000000,0,,,,,,,,,FB,,,O,OL,true,2018,,F
dataflow,IMF.STA:QNEA(7.0.0),R,MEX,B1GQ,Q,SA,XDC,Q,2007-Q4,5089964600000,0,,,,,,,,,FB,,,O,OL,true,2018,,F
dataflow,IMF.STA:QNEA(7.0.0),R,MEX,B1GQ,Q,SA,XDC,Q,2008-Q1,5086766200000,0,,,,,,,,,FB,,,O,OL,true,2018,,F
dataflow,IMF.STA:QNEA(7.0.0),R,MEX,B1GQ,Q,SA,XDC,Q,2008-Q2,5126937500000,0,,,,,,,,,FB,,,O,OL,true,2018,,F
dataflow,IMF.STA:QNEA(7.0.0),R,MEX,B1GQ,Q,SA,XDC,Q,2008-Q3,5130094900000,0,,,,,,,,,FB,,,O,OL,true,2018,,F
dataflow,IMF.STA:QNEA(7.0.0),R,MEX,B1GQ,Q,SA,XDC,Q,2008-Q4,5049726700000,0,,,,,,,,,FB,,,O,OL,true,2018,,F
dataflow,IMF.STA:QNEA(7.0.0),R,MEX,B1GQ,Q,SA,XDC,Q,2009-Q1,4739000100000,0,,,,,,,,,FB,,,O,OL,true,2018,,F
dataflow,IMF.STA:QNEA(7.0.0),R,MEX,B1GQ,Q,SA,XDC,Q,2009-Q2,4657783100000,0,,,,,,,,,FB,,,O,OL,true,2018,,F
dataflow,IMF.STA:QNEA(7.0.0),R,MEX,B1GQ,Q,SA,XDC,Q,2009-Q3,4827208000000,0,,,,,,,,,FB,,,O,OL,true,2018,,F
dataflow,IMF.STA:QNEA(7.0.0),R,MEX,B1GQ,Q,SA,XDC,Q,2009-Q4,4933088400000,0,,,,,,,,,FB,,,O,OL,true,2018,,F
dataflow,IMF.STA:QNEA(7.0.0),R,MEX,B1GQ,Q,SA,XDC,Q,2010-Q1,4954512600000,0,,,,,,,,,FB,,,O,OL,true,2018,,F
dataflow,IMF.STA:QNEA(7.0.0),R,MEX,B1GQ,Q,SA,XDC,Q,2010-Q2,5006646800000,0,,,,,,,,,FB,,,O,OL,true,2018,,F
dataflow,IMF.STA:QNEA(7.0.0),R,MEX,B1GQ,Q,SA,XDC,Q,2010-Q3,5054748800000,0,,,,,,,,,FB,,,O,OL,true,2018,,F
dataflow,IMF.STA:QNEA(7.0.0),R,MEX,B1GQ,Q,SA,XDC,Q,2010-Q4,5096796800000,0,,,,,,,,,FB,,,O,OL,true,2018,,F
dataflow,IMF.STA:QNEA(7.0.0),R,MEX,B1GQ,Q,SA,XDC,Q,2011-Q1,5133243100000,0,,,,,,,,,FB,,,O,OL,true,2018,,F
dataflow,IMF.STA:QNEA(7.0.0),R,MEX,B1GQ,Q,SA,XDC,Q,2011-Q2,5146908600000,0,,,,,,,,,FB,,,O,OL,true,2018,,F
dataflow,IMF.STA:QNEA(7.0.0),R,MEX,B1GQ,Q,SA,XDC,Q,2011-Q3,5244389800000,0,,,,,,,,,FB,,,O,OL,true,2018,,F
dataflow,IMF.STA:QNEA(7.0.0),R,MEX,B1GQ,Q,SA,XDC,Q,2011-Q4,5282393100000,0,,,,,,,,,FB,,,O,OL,true,2018,,F
dataflow,IMF.STA:QNEA(7.0.0),R,MEX,B1GQ,Q,SA,XDC,Q,2012-Q1,5331693900000,0,,,,,,,,,FB,,,O,OL,true,2018,,F
dataflow,IMF.STA:QNEA(7.0.0),R,MEX,B1GQ,Q,SA,XDC,Q,2012-Q2,5364583700000,0,,,,,,,,,FB,,,O,OL,true,2018,,F
dataflow,IMF.STA:QNEA(7.0.0),R,MEX,B1GQ,Q,SA,XDC,Q,2012-Q3,5379405000000,0,,,,,,,,,FB,,,O,OL,true,2018,,F
dataflow,IMF.STA:QNEA(7.0.0),R,MEX,B1GQ,Q,SA,XDC,Q,2012-Q4,5421221600000,0,,,,,,,,,FB,,,O,OL,true,2018,,F
dataflow,IMF.STA:QNEA(7.0.0),R,MEX,B1GQ,Q,SA,XDC,Q,2013-Q1,5425822200000,0,,,,,,,,,FB,,,O,OL,true,2018,,F
dataflow,IMF.STA:QNEA(7.0.0),R,MEX,B1GQ,Q,SA,XDC,Q,2013-Q2,5403964700000,0,,,,,,,,,FB,,,O,OL,true,2018,,F
dataflow,IMF.STA:QNEA(7.0.0),R,MEX,B1GQ,Q,SA,XDC,Q,2013-Q3,5437729700000,0,,,,,,,,,FB,,,O,OL,true,2018,,F
dataflow,IMF.STA:QNEA(7.0.0),R,MEX,B1GQ,Q,SA,XDC,Q,2013-Q4,5464437600000,0,,,,,,,,,FB,,,O,OL,true,2018,,F
dataflow,IMF.STA:QNEA(7.0.0),R,MEX,B1GQ,Q,SA,XDC,Q,2014-Q1,5501120300000,0,,,,,,,,,FB,,,O,OL,true,2018,,F
dataflow,IMF.STA:QNEA(7.0.0),R,MEX,B1GQ,Q,SA,XDC,Q,2014-Q2,5570009100000,0,,,,,,,,,FB,,,O,OL,true,2018,,F
dataflow,IMF.STA:QNEA(7.0.0),R,MEX,B1GQ,Q,SA,XDC,Q,2014-Q3,5579858000000,0,,,,,,,,,FB,,,O,OL,true,2018,,F
dataflow,IMF.STA:QNEA(7.0.0),R,MEX,B1GQ,Q,SA,XDC,Q,2014-Q4,5627224800000,0,,,,,,,,,FB,,,O,OL,true,2018,,F
dataflow,IMF.STA:QNEA(7.0.0),R,MEX,B1GQ,Q,SA,XDC,Q,2015-Q1,5655391100000,0,,,,,,,,,FB,,,O,OL,true,2018,,F
dataflow,IMF.STA:QNEA(7.0.0),R,MEX,B1GQ,Q,SA,XDC,Q,2015-Q2,5703842400000,0,,,,,,,,,FB,,,O,OL,true,2018,,F
dataflow,IMF.STA:QNEA(7.0.0),R,MEX,B1GQ,Q,SA,XDC,Q,2015-Q3,5771438500000,0,,,,,,,,,FB,,,O,OL,true,2018,,F
dataflow,IMF.STA:QNEA(7.0.0),R,MEX,B1GQ,Q,SA,XDC,Q,2015-Q4,5754310700000,0,,,,,,,,,FB,,,O,OL,true,2018,,F
dataflow,IMF.STA:QNEA(7.0.0),R,MEX,B1GQ,Q,SA,XDC,Q,2016-Q1,5745919400000,0,,,,,,,,,FB,,,O,OL,true,2018,,F
dataflow,IMF.STA:QNEA(7.0.0),R,MEX,B1GQ,Q,SA,XDC,Q,2016-Q2,5774118900000,0,,,,,,,,,FB,,,O,OL,true,2018,,F
dataflow,IMF.STA:QNEA(7.0.0),R,MEX,B1GQ,Q,SA,XDC,Q,2016-Q3,5824241200000,0,,,,,,,,,FB,,,O,OL,true,2018,,F
dataflow,IMF.STA:QNEA(7.0.0),R,MEX,B1GQ,Q,SA,XDC,Q,2016-Q4,5889139000000,0,,,,,,,,,FB,,,O,OL,true,2018,,F
dataflow,IMF.STA:QNEA(7.0.0),R,MEX,B1GQ,Q,SA,XDC,Q,2017-Q1,5924327100000,0,,,,,,,,,FB,,,O,OL,true,2018,,F
dataflow,IMF.STA:QNEA(7.0.0),R,MEX,B1GQ,Q,SA,XDC,Q,2017-Q2,5929516200000,0,,,,,,,,,FB,,,O,OL,true,2018,,F
dataflow,IMF.STA:QNEA(7.0.0),R,MEX,B1GQ,Q,SA,XDC,Q,2017-Q3,5895029000000,0,,,,,,,,,FB,,,O,OL,true,2018,,F
dataflow,IMF.STA:QNEA(7.0.0),R,MEX,B1GQ,Q,SA,XDC,Q,2017-Q4,5977126200000,0,,,,,,,,,FB,,,O,OL,true,2018,,F
dataflow,IMF.STA:QNEA(7.0.0),R,MEX,B1GQ,Q,SA,XDC,Q,2018-Q1,6051818400000,0,,,,,,,,,FB,,,O,OL,true,2018,,F
dataflow,IMF.STA:QNEA(7.0.0),R,MEX,B1GQ,Q,SA,XDC,Q,2018-Q2,6033964400000,0,,,,,,,,,FB,,,O,OL,true,2018,,F
dataflow,IMF.STA:QNEA(7.0.0),R,MEX,B1GQ,Q,SA,XDC,Q,2018-Q3,6058227700000,0,,,,,,,,,FB,,,O,OL,true,2018,,F
dataflow,IMF.STA:QNEA(7.0.0),R,MEX,B1GQ,Q,SA,XDC,Q,2018-Q4,6046657600000,0,,,,,,,,,FB,,,O,OL,true,2018,,F
dataflow,IMF.STA:QNEA(7.0.0),R,MEX,B1GQ,Q,SA,XDC,Q,2019-Q1,6048202900000,0,,,,,,,,,FB,,,O,OL,true,2018,,F
dataflow,IMF.STA:QNEA(7.0.0),R,MEX,B1GQ,Q,SA,XDC,Q,2019-Q2,6029858700000,0,,,,,,,,,FB,,,O,OL,true,2018,,F
dataflow,IMF.STA:QNEA(7.0.0),R,MEX,B1GQ,Q,SA,XDC,Q,2019-Q3,6031648700000,0,,,,,,,,,FB,,,O,OL,true,2018,,F
dataflow,IMF.STA:QNEA(7.0.0),R,MEX,B1GQ,Q,SA,XDC,Q,2019-Q4,5986777600000,0,,,,,,,,,FB,,,O,OL,true,2018,,F
dataflow,IMF.STA:QNEA(7.0.0),R,MEX,B1GQ,Q,SA,XDC,Q,2020-Q1,5913983900000,0,,,,,,,,,FB,,,O,OL,true,2018,,F
dataflow,IMF.STA:QNEA(7.0.0),R,MEX,B1GQ,Q,SA,XDC,Q,2020-Q2,4795507300000,0,,,,,,,,,FB,,,O,OL,true,2018,,F
dataflow,IMF.STA:QNEA(7.0.0),R,MEX,B1GQ,Q,SA,XDC,Q,2020-Q3,5542209500000,0,,,,,,,,,FB,,,O,OL,true,2018,,F
dataflow,IMF.STA:QNEA(7.0.0),R,MEX,B1GQ,Q,SA,XDC,Q,2020-Q4,5780424600000,0,,,,,,,,,FB,,,O,OL,true,2018,,F
dataflow,IMF.STA:QNEA(7.0.0),R,MEX,B1GQ,Q,SA,XDC,Q,2021-Q1,5824078800000,0,,,,,,,,,FB,,,O,OL,true,2018,,F
dataflow,IMF.STA:QNEA(7.0.0),R,MEX,B1GQ,Q,SA,XDC,Q,2021-Q2,5875450200000,0,,,,,,,,,FB,,,O,OL,true,2018,,F
dataflow,IMF.STA:QNEA(7.0.0),R,MEX,B1GQ,Q,SA,XDC,Q,2021-Q3,5824992800000,0,,,,,,,,,FB,,,O,OL,true,2018,,F
dataflow,IMF.STA:QNEA(7.0.0),R,MEX,B1GQ,Q,SA,XDC,Q,2021-Q4,5893067100000,0,,,,,,,,,FB,,,O,OL,true,2018,,F
dataflow,IMF.STA:QNEA(7.0.0),R,MEX,B1GQ,Q,SA,XDC,Q,2022-Q1,5978198400000,0,,,,,,,,,FB,,,O,OL,true,2018,,F
dataflow,IMF.STA:QNEA(7.0.0),R,MEX,B1GQ,Q,SA,XDC,Q,2022-Q2,6046311100000,0,,,,,,,,,FB,,,O,OL,true,2018,,F
dataflow,IMF.STA:QNEA(7.0.0),R,MEX,B1GQ,Q,SA,XDC,Q,2022-Q3,6092947600000,0,,,,,,,,,FB,,,O,OL,true,2018,,F
dataflow,IMF.STA:QNEA(7.0.0),R,MEX,B1GQ,Q,SA,XDC,Q,2022-Q4,6168509300000,0,,,,,,,,,FB,,,O,OL,true,2018,,F
dataflow,IMF.STA:QNEA(7.0.0),R,MEX,B1GQ,Q,SA,XDC,Q,2023-Q1,6203683700000,0,,,,,,,,,FB,,,O,OL,true,2018,,F
dataflow,IMF.STA:QNEA(7.0.0),R,MEX,B1GQ,Q,SA,XDC,Q,2023-Q2,6249078500000,0,,,,,,,,,FB,,,O,OL,true,2018,,F
dataflow,IMF.STA:QNEA(7.0.0),R,MEX,B1GQ,Q,SA,XDC,Q,2023-Q3,6288667600000,0,,,,,,,,,FB,,,O,OL,true,2018,,F
dataflow,IMF.STA:QNEA(7.0.0),R,MEX,B1GQ,Q,SA,XDC,Q,2023-Q4,6300467000000,0,,,,,,,,,FB,,,O,OL,true,2018,,F
dataflow,IMF.STA:QNEA(7.0.0),R,MEX,B1GQ,Q,SA,XDC,Q,2024-Q1,6326505600000,0,,,,,,,,,FB,,,O,OL,true,2018,,F
dataflow,IMF.STA:QNEA(7.0.0),R,MEX,B1GQ,Q,SA,XDC,Q,2024-Q2,6316564200000,0,,,,,,,,,FB,,,O,OL,true,2018,,F
dataflow,IMF.STA:QNEA(7.0.0),R,MEX,B1GQ,Q,SA,XDC,Q,2024-Q3,6378821300000,0,,,,,,,,,FB,,,O,OL,true,2018,,F
dataflow,IMF.STA:QNEA(7.0.0),R,MEX,B1GQ,Q,SA,XDC,Q,2024-Q4,6322706700000,0,,,,,,,,,FB,,,O,OL,true,2018,,F
dataflow,IMF.STA:QNEA(7.0.0),R,MEX,B1GQ,Q,SA,XDC,Q,2025-Q1,6371674100000,0,,,,,,,,,FB,,,O,OL,true,2018,,F
dataflow,IMF.STA:QNEA(7.0.0),R,MEX,B1GQ,Q,SA,XDC,Q,2025-Q2,6370144700000,0,,,,,,,,,FB,,,O,OL,true,2018,,F
dataflow,IMF.STA:QNEA(7.0.0),R,MEX,B1GQ,Q,SA,XDC,Q,2025-Q3,6363468400000,0,,,,,,,,,FB,,,O,OL,true,2018,,F
dataflow,IMF.STA:QNEA(7.0.0),R,MEX,B1GQ,Q,SA,XDC,Q,2025-Q4,6423621500000,0,,,,,,,,,FB,,,O,OL,true,2018,,F
dataflow,IMF.STA:QNEA(7.0.0),R,MEX,B1GQ,Q,SA,XDC,Q,2026-Q1,6401613200000,0,,,,,,,,,FB,,,O,OL,true,2018,,F
dataflow,IMF.STA:QNEA(7.0.0),R,MEX,B1GQ,Q,SA,XDC,Q,2026-Q2,6492798100000,0,,,,,,,,,FB,,,O,OL,true,2018,,F
dataflow,IMF.STA:QNEA(7.0.0),R,MKD,B1GQ,Q,SA,XDC,Q,2000-Q1,83302362842.133,0,,,,,,,,,L,,,O,OL,true,2010,,F
dataflow,IMF.STA:QNEA(7.0.0),R,MKD,B1GQ,Q,SA,XDC,Q,2000-Q2,83052004587.544,0,,,,,,,,,L,,,O,OL,true,2010,,F
dataflow,IMF.STA:QNEA(7.0.0),R,MKD,B1GQ,Q,SA,XDC,Q,2000-Q3,84366538870.059,0,,,,,,,,,L,,,O,OL,true,2010,,F
dataflow,IMF.STA:QNEA(7.0.0),R,MKD,B1GQ,Q,SA,XDC,Q,2000-Q4,75538686672.861,0,,,,,,,,,L,,,O,OL,true,2010,,F
dataflow,IMF.STA:QNEA(7.0.0),R,MKD,B1GQ,Q,SA,XDC,Q,2001-Q1,77586064537.805,0,,,,,,,,,L,,,O,OL,true,2010,,F
dataflow,IMF.STA:QNEA(7.0.0),R,MKD,B1GQ,Q,SA,XDC,Q,2001-Q2,79276123061.657,0,,,,,,,,,L,,,O,OL,true,2010,,F
dataflow,IMF.STA:QNEA(7.0.0),R,MKD,B1GQ,Q,SA,XDC,Q,2001-Q3,78129686062.989,0,,,,,,,,,L,,,O,OL,true,2010,,F
dataflow,IMF.STA:QNEA(7.0.0),R,MKD,B1GQ,Q,SA,XDC,Q,2001-Q4,79889319427.527,0,,,,,,,,,L,,,O,OL,true,2010,,F
dataflow,IMF.STA:QNEA(7.0.0),R,MKD,B1GQ,Q,SA,XDC,Q,2002-Q1,79955960510.359,0,,,,,,,,,L,,,O,OL,true,2010,,F
dataflow,IMF.STA:QNEA(7.0.0),R,MKD,B1GQ,Q,SA,XDC,Q,2002-Q2,79238985795.603,0,,,,,,,,,L,,,O,OL,true,2010,,F
dataflow,IMF.STA:QNEA(7.0.0),R,MKD,B1GQ,Q,SA,XDC,Q,2002-Q3,80129916117.057,0,,,,,,,,,L,,,O,OL,true,2010,,F
dataflow,IMF.STA:QNEA(7.0.0),R,MKD,B1GQ,Q,SA,XDC,Q,2002-Q4,80197754624.004,0,,,,,,,,,L,,,O,OL,true,2010,,F
dataflow,IMF.STA:QNEA(7.0.0),R,MKD,B1GQ,Q,SA,XDC,Q,2003-Q1,81240841598.013,0,,,,,,,,,L,,,O,OL,true,2010,,F
dataflow,IMF.STA:QNEA(7.0.0),R,MKD,B1GQ,Q,SA,XDC,Q,2003-Q2,81287282463.177,0,,,,,,,,,L,,,O,OL,true,2010,,F
dataflow,IMF.STA:QNEA(7.0.0),R,MKD,B1GQ,Q,SA,XDC,Q,2003-Q3,81196361271.023,0,,,,,,,,,L,,,O,OL,true,2010,,F
dataflow,IMF.STA:QNEA(7.0.0),R,MKD,B1GQ,Q,SA,XDC,Q,2003-Q4,82489130362.776,0,,,,,,,,,L,,,O,OL,true,2010,,F
dataflow,IMF.STA:QNEA(7.0.0),R,MKD,B1GQ,Q,SA,XDC,Q,2004-Q1,81573800598.264,0,,,,,,,,,L,,,O,OL,true,2010,,F
dataflow,IMF.STA:QNEA(7.0.0),R,MKD,B1GQ,Q,SA,XDC,Q,2004-Q2,82314408665.395,0,,,,,,,,,L,,,O,OL,true,2010,,F
dataflow,IMF.STA:QNEA(7.0.0),R,MKD,B1GQ,Q,SA,XDC,Q,2004-Q3,84664989893.573,0,,,,,,,,,L,,,O,OL,true,2010,,F
dataflow,IMF.STA:QNEA(7.0.0),R,MKD,B1GQ,Q,SA,XDC,Q,2004-Q4,92562582371.46,0,,,,,,,,,L,,,O,OL,true,2010,,F
dataflow,IMF.STA:QNEA(7.0.0),R,MKD,B1GQ,Q,SA,XDC,Q,2005-Q1,85620280807.587,0,,,,,,,,,L,,,O,OL,true,2010,,F
dataflow,IMF.STA:QNEA(7.0.0),R,MKD,B1GQ,Q,SA,XDC,Q,2005-Q2,88136509467.852,0,,,,,,,,,L,,,O,OL,true,2010,,F
dataflow,IMF.STA:QNEA(7.0.0),R,MKD,B1GQ,Q,SA,XDC,Q,2005-Q3,89101186163.94,0,,,,,,,,,L,,,O,OL,true,2010,,F
dataflow,IMF.STA:QNEA(7.0.0),R,MKD,B1GQ,Q,SA,XDC,Q,2005-Q4,95102695046.505,0,,,,,,,,,L,,,O,OL,true,2010,,F
dataflow,IMF.STA:QNEA(7.0.0),R,MKD,B1GQ,Q,SA,XDC,Q,2006-Q1,94052932874.836,0,,,,,,,,,L,,,O,OL,true,2010,,F
dataflow,IMF.STA:QNEA(7.0.0),R,MKD,B1GQ,Q,SA,XDC,Q,2006-Q2,94797534855.985,0,,,,,,,,,L,,,O,OL,true,2010,,F
dataflow,IMF.STA:QNEA(7.0.0),R,MKD,B1GQ,Q,SA,XDC,Q,2006-Q3,93911701167.634,0,,,,,,,,,L,,,O,OL,true,2010,,F
dataflow,IMF.STA:QNEA(7.0.0),R,MKD,B1GQ,Q,SA,XDC,Q,2006-Q4,95209430293.639,0,,,,,,,,,L,,,O,OL,true,2010,,F
dataflow,IMF.STA:QNEA(7.0.0),R,MKD,B1GQ,Q,SA,XDC,Q,2007-Q1,98987824569.036,0,,,,,,,,,L,,,O,OL,true,2010,,F
dataflow,IMF.STA:QNEA(7.0.0),R,MKD,B1GQ,Q,SA,XDC,Q,2007-Q2,99087061608.926,0,,,,,,,,,L,,,O,OL,true,2010,,F
dataflow,IMF.STA:QNEA(7.0.0),R,MKD,B1GQ,Q,SA,XDC,Q,2007-Q3,100493743980.7,0,,,,,,,,,L,,,O,OL,true,2010,,F
dataflow,IMF.STA:QNEA(7.0.0),R,MKD,B1GQ,Q,SA,XDC,Q,2007-Q4,102649128078.36,0,,,,,,,,,L,,,O,OL,true,2010,,F
dataflow,IMF.STA:QNEA(7.0.0),R,MKD,B1GQ,Q,SA,XDC,Q,2008-Q1,102062724927.4,0,,,,,,,,,L,,,O,OL,true,2010,,F
dataflow,IMF.STA:QNEA(7.0.0),R,MKD,B1GQ,Q,SA,XDC,Q,2008-Q2,103207145449.95,0,,,,,,,,,L,,,O,OL,true,2010,,F
dataflow,IMF.STA:QNEA(7.0.0),R,MKD,B1GQ,Q,SA,XDC,Q,2008-Q3,105968614532.28,0,,,,,,,,,L,,,O,OL,true,2010,,F
dataflow,IMF.STA:QNEA(7.0.0),R,MKD,B1GQ,Q,SA,XDC,Q,2008-Q4,111965373384.97,0,,,,,,,,,L,,,O,OL,true,2010,,F
dataflow,IMF.STA:QNEA(7.0.0),R,MKD,B1GQ,Q,SA,XDC,Q,2009-Q1,103606080893.07,0,,,,,,,,,L,,,O,OL,true,2010,,F
dataflow,IMF.STA:QNEA(7.0.0),R,MKD,B1GQ,Q,SA,XDC,Q,2009-Q2,105989113783.06,0,,,,,,,,,L,,,O,OL,true,2010,,F
dataflow,IMF.STA:QNEA(7.0.0),R,MKD,B1GQ,Q,SA,XDC,Q,2009-Q3,105275393457.83,0,,,,,,,,,L,,,O,OL,true,2010,,F
dataflow,IMF.STA:QNEA(7.0.0),R,MKD,B1GQ,Q,SA,XDC,Q,2009-Q4,108779650241.46,0,,,,,,,,,L,,,O,OL,true,2010,,F
dataflow,IMF.STA:QNEA(7.0.0),R,MKD,B1GQ,Q,SA,XDC,Q,2010-Q1,110151724556.56,0,,,,,,,,,L,,,O,OL,true,2010,,F
dataflow,IMF.STA:QNEA(7.0.0),R,MKD,B1GQ,Q,SA,XDC,Q,2010-Q2,109177122881.35,0,,,,,,,,,L,,,O,OL,true,2010,,F
dataflow,IMF.STA:QNEA(7.0.0),R,MKD,B1GQ,Q,SA,XDC,Q,2010-Q3,110553712585.09,0,,,,,,,,,L,,,O,OL,true,2010,,F
dataflow,IMF.STA:QNEA(7.0.0),R,MKD,B1GQ,Q,SA,XDC,Q,2010-Q4,107955064951,0,,,,,,,,,L,,,O,OL,true,2010,,F
dataflow,IMF.STA:QNEA(7.0.0),R,MKD,B1GQ,Q,SA,XDC,Q,2011-Q1,111039302105.15,0,,,,,,,,,L,,,O,OL,true,2010,,F
dataflow,IMF.STA:QNEA(7.0.0),R,MKD,B1GQ,Q,SA,XDC,Q,2011-Q2,111541445824.92,0,,,,,,,,,L,,,O,OL,true,2010,,F
dataflow,IMF.STA:QNEA(7.0.0),R,MKD,B1GQ,Q,SA,XDC,Q,2011-Q3,111585618940.65,0,,,,,,,,,L,,,O,OL,true,2010,,F
dataflow,IMF.STA:QNEA(7.0.0),R,MKD,B1GQ,Q,SA,XDC,Q,2011-Q4,112834141954.5,0,,,,,,,,,L,,,O,OL,true,2010,,F
dataflow,IMF.STA:QNEA(7.0.0),R,MKD,B1GQ,Q,SA,XDC,Q,2012-Q1,111021533437.32,0,,,,,,,,,L,,,O,OL,true,2010,,F
dataflow,IMF.STA:QNEA(7.0.0),R,MKD,B1GQ,Q,SA,XDC,Q,2012-Q2,111089324584.77,0,,,,,,,,,L,,,O,OL,true,2010,,F
dataflow,IMF.STA:QNEA(7.0.0),R,MKD,B1GQ,Q,SA,XDC,Q,2012-Q3,111385651821.29,0,,,,,,,,,L,,,O,OL,true,2010,,F
dataflow,IMF.STA:QNEA(7.0.0),R,MKD,B1GQ,Q,SA,XDC,Q,2012-Q4,112258351955.16,0,,,,,,,,,L,,,O,OL,true,2010,,F
dataflow,IMF.STA:QNEA(7.0.0),R,MKD,B1GQ,Q,SA,XDC,Q,2013-Q1,112816353716.35,0,,,,,,,,,L,,,O,OL,true,2010,,F
dataflow,IMF.STA:QNEA(7.0.0),R,MKD,B1GQ,Q,SA,XDC,Q,2013-Q2,114220705418.83,0,,,,,,,,,L,,,O,OL,true,2010,,F
dataflow,IMF.STA:QNEA(7.0.0),R,MKD,B1GQ,Q,SA,XDC,Q,2013-Q3,115599763100.54,0,,,,,,,,,L,,,O,OL,true,2010,,F
dataflow,IMF.STA:QNEA(7.0.0),R,MKD,B1GQ,Q,SA,XDC,Q,2013-Q4,116182590150.43,0,,,,,,,,,L,,,O,OL,true,2010,,F
dataflow,IMF.STA:QNEA(7.0.0),R,MKD,B1GQ,Q,SA,XDC,Q,2014-Q1,118171578249.93,0,,,,,,,,,L,,,O,OL,true,2010,,F
dataflow,IMF.STA:QNEA(7.0.0),R,MKD,B1GQ,Q,SA,XDC,Q,2014-Q2,119649322939.71,0,,,,,,,,,L,,,O,OL,true,2010,,F
dataflow,IMF.STA:QNEA(7.0.0),R,MKD,B1GQ,Q,SA,XDC,Q,2014-Q3,118469888390.02,0,,,,,,,,,L,,,O,OL,true,2010,,F
dataflow,IMF.STA:QNEA(7.0.0),R,MKD,B1GQ,Q,SA,XDC,Q,2014-Q4,118403503692.44,0,,,,,,,,,L,,,O,OL,true,2010,,F
dataflow,IMF.STA:QNEA(7.0.0),R,MKD,B1GQ,Q,SA,XDC,Q,2015-Q1,121760995709.03,0,,,,,,,,,L,,,O,OL,true,2010,,F
dataflow,IMF.STA:QNEA(7.0.0),R,MKD,B1GQ,Q,SA,XDC,Q,2015-Q2,121725387966.56,0,,,,,,,,,L,,,O,OL,true,2010,,F
dataflow,IMF.STA:QNEA(7.0.0),R,MKD,B1GQ,Q,SA,XDC,Q,2015-Q3,123580101170.91,0,,,,,,,,,L,,,O,OL,true,2010,,F
dataflow,IMF.STA:QNEA(7.0.0),R,MKD,B1GQ,Q,SA,XDC,Q,2015-Q4,124747902351.69,0,,,,,,,,,L,,,O,OL,true,2010,,F
dataflow,IMF.STA:QNEA(7.0.0),R,MKD,B1GQ,Q,SA,XDC,Q,2016-Q1,124086194756.95,0,,,,,,,,,L,,,O,OL,true,2010,,F
dataflow,IMF.STA:QNEA(7.0.0),R,MKD,B1GQ,Q,SA,XDC,Q,2016-Q2,126294252466.46,0,,,,,,,,,L,,,O,OL,true,2010,,F
dataflow,IMF.STA:QNEA(7.0.0),R,MKD,B1GQ,Q,SA,XDC,Q,2016-Q3,127493865203.55,0,,,,,,,,,L,,,O,OL,true,2010,,F
dataflow,IMF.STA:QNEA(7.0.0),R,MKD,B1GQ,Q,SA,XDC,Q,2016-Q4,128356916326.66,0,,,,,,,,,L,,,O,OL,true,2010,,F
dataflow,IMF.STA:QNEA(7.0.0),R,MKD,B1GQ,Q,SA,XDC,Q,2017-Q1,128800480555.57,0,,,,,,,,,L,,,O,OL,true,2010,,F
dataflow,IMF.STA:QNEA(7.0.0),R,MKD,B1GQ,Q,SA,XDC,Q,2017-Q2,127144874182.22,0,,,,,,,,,L,,,O,OL,true,2010,,F
dataflow,IMF.STA:QNEA(7.0.0),R,MKD,B1GQ,Q,SA,XDC,Q,2017-Q3,128229262853.3,0,,,,,,,,,L,,,O,OL,true,2010,,F
dataflow,IMF.STA:QNEA(7.0.0),R,MKD,B1GQ,Q,SA,XDC,Q,2017-Q4,128205216570.66,0,,,,,,,,,L,,,O,OL,true,2010,,F
dataflow,IMF.STA:QNEA(7.0.0),R,MKD,B1GQ,Q,SA,XDC,Q,2018-Q1,130080212020.87,0,,,,,,,,,L,,,O,OL,true,2010,,F
dataflow,IMF.STA:QNEA(7.0.0),R,MKD,B1GQ,Q,SA,XDC,Q,2018-Q2,130380040404.1,0,,,,,,,,,L,,,O,OL,true,2010,,F
dataflow,IMF.STA:QNEA(7.0.0),R,MKD,B1GQ,Q,SA,XDC,Q,2018-Q3,132004529150.24,0,,,,,,,,,L,,,O,OL,true,2010,,F
dataflow,IMF.STA:QNEA(7.0.0),R,MKD,B1GQ,Q,SA,XDC,Q,2018-Q4,133980637279.6,0,,,,,,,,,L,,,O,OL,true,2010,,F
dataflow,IMF.STA:QNEA(7.0.0),R,MKD,B1GQ,Q,SA,XDC,Q,2019-Q1,134896163234.77,0,,,,,,,,,L,,,O,OL,true,2010,,F
dataflow,IMF.STA:QNEA(7.0.0),R,MKD,B1GQ,Q,SA,XDC,Q,2019-Q2,137696874416.58,0,,,,,,,,,L,,,O,OL,true,2010,,F
dataflow,IMF.STA:QNEA(7.0.0),R,MKD,B1GQ,Q,SA,XDC,Q,2019-Q3,138136045856.96,0,,,,,,,,,L,,,O,OL,true,2010,,F
dataflow,IMF.STA:QNEA(7.0.0),R,MKD,B1GQ,Q,SA,XDC,Q,2019-Q4,135811035076.39,0,,,,,,,,,L,,,O,OL,true,2010,,F
dataflow,IMF.STA:QNEA(7.0.0),R,MKD,B1GQ,Q,SA,XDC,Q,2020-Q1,135013166473.23,0,,,,,,,,,L,,,O,OL,true,2010,,F
dataflow,IMF.STA:QNEA(7.0.0),R,MKD,B1GQ,Q,SA,XDC,Q,2020-Q2,116937884339.44,0,,,,,,,,,L,,,O,OL,true,2010,,F
dataflow,IMF.STA:QNEA(7.0.0),R,MKD,B1GQ,Q,SA,XDC,Q,2020-Q3,133536770847.78,0,,,,,,,,,L,,,O,OL,true,2010,,F
dataflow,IMF.STA:QNEA(7.0.0),R,MKD,B1GQ,Q,SA,XDC,Q,2020-Q4,136014792389.11,0,,,,,,,,,L,,,O,OL,true,2010,,F
dataflow,IMF.STA:QNEA(7.0.0),R,MKD,B1GQ,Q,SA,XDC,Q,2021-Q1,135691244238.34,0,,,,,,,,,L,,,O,OL,true,2010,,F
dataflow,IMF.STA:QNEA(7.0.0),R,MKD,B1GQ,Q,SA,XDC,Q,2021-Q2,135145717100.54,0,,,,,,,,,L,,,O,OL,true,2010,,F
dataflow,IMF.STA:QNEA(7.0.0),R,MKD,B1GQ,Q,SA,XDC,Q,2021-Q3,136900741367.5,0,,,,,,,,,L,,,O,OL,true,2010,,F
dataflow,IMF.STA:QNEA(7.0.0),R,MKD,B1GQ,Q,SA,XDC,Q,2021-Q4,137538399606.39,0,,,,,,,,,L,,,O,OL,true,2010,,F
dataflow,IMF.STA:QNEA(7.0.0),R,MKD,B1GQ,Q,SA,XDC,Q,2022-Q1,139291911383.32,0,,,,,,,,,L,,,O,OL,true,2010,,F
dataflow,IMF.STA:QNEA(7.0.0),R,MKD,B1GQ,Q,SA,XDC,Q,2022-Q2,140037767278.1,0,,,,,,,,,L,,,O,OL,true,2010,,F
dataflow,IMF.STA:QNEA(7.0.0),R,MKD,B1GQ,Q,SA,XDC,Q,2022-Q3,139853252445.76,0,,,,,,,,,L,,,O,OL,true,2010,,F
dataflow,IMF.STA:QNEA(7.0.0),R,MKD,B1GQ,Q,SA,XDC,Q,2022-Q4,140575564308.97,0,,,,,,,,,L,,,O,OL,true,2010,,F
dataflow,IMF.STA:QNEA(7.0.0),R,MKD,B1GQ,Q,SA,XDC,Q,2023-Q1,141904480492.68,0,,,,,,,,,L,,,O,OL,true,2010,,F
dataflow,IMF.STA:QNEA(7.0.0),R,MKD,B1GQ,Q,SA,XDC,Q,2023-Q2,142727880479.63,0,,,,,,,,,L,,,O,OL,true,2010,,F
dataflow,IMF.STA:QNEA(7.0.0),R,MKD,B1GQ,Q,SA,XDC,Q,2023-Q3,143943931701.64,0,,,,,,,,,L,,,O,OL,true,2010,,F
dataflow,IMF.STA:QNEA(7.0.0),R,MKD,B1GQ,Q,SA,XDC,Q,2023-Q4,144778948449.85,0,,,,,,,,,L,,,O,OL,true,2010,,F
dataflow,IMF.STA:QNEA(7.0.0),R,MKD,B1GQ,Q,SA,XDC,Q,2024-Q1,145488258377,0,,,,,,,,,L,,,O,OL,true,2010,,F
dataflow,IMF.STA:QNEA(7.0.0),R,MKD,B1GQ,Q,SA,XDC,Q,2024-Q2,146936498821.78,0,,,,,,,,,L,,,O,OL,true,2010,,F
dataflow,IMF.STA:QNEA(7.0.0),R,MKD,B1GQ,Q,SA,XDC,Q,2024-Q3,148061058628.13,0,,,,,,,,,L,,,O,OL,true,2010,,F
dataflow,IMF.STA:QNEA(7.0.0),R,MKD,B1GQ,Q,SA,XDC,Q,2024-Q4,149952185005.23,0,,,,,,,,,L,,,O,OL,true,2010,,F
dataflow,IMF.STA:QNEA(7.0.0),R,MKD,B1GQ,Q,SA,XDC,Q,2025-Q1,150643779305,0,,,,,,,,,L,,,O,OL,true,2010,,F
dataflow,IMF.STA:QNEA(7.0.0),R,MKD,B1GQ,Q,SA,XDC,Q,2025-Q2,151818665143.7,0,,,,,,,,,L,,,O,OL,true,2010,,F
dataflow,IMF.STA:QNEA(7.0.0),R,MKD,B1GQ,Q,SA,XDC,Q,2025-Q3,153648725226.4,0,,,,,,,,,L,,,O,OL,true,2010,,F
dataflow,IMF.STA:QNEA(7.0.0),R,MKD,B1GQ,Q,SA,XDC,Q,2025-Q4,155242472491.38,0,,,,,,,,,L,,,O,OL,true,2010,,F
dataflow,IMF.STA:QNEA(7.0.0),R,MKD,B1GQ,Q,SA,XDC,Q,2026-Q1,155868561761.39,0,,,,,,,,,L,,,O,OL,true,2010,,F
dataflow,IMF.STA:QNEA(7.0.0),R,MKD,B1GQ,Q,SA,XDC,Q,2026-Q2,157830491991.81,0,,,,,,,,,L,,,O,OL,true,2010,,F
dataflow,IMF.STA:QNEA(7.0.0),R,MLT,B1GQ,Q,SA,XDC,Q,2000-Q1,1294506189.2721,0,,,,,,,,,L,,,O,OL,true,2010,,F
dataflow,IMF.STA:QNEA(7.0.0),R,MLT,B1GQ,Q,SA,XDC,Q,2000-Q2,1354746614.7859,0,,,,,,,,,L,,,O,OL,true,2010,,F
dataflow,IMF.STA:QNEA(7.0.0),R,MLT,B1GQ,Q,SA,XDC,Q,2000-Q3,1323262283.8379,0,,,,,,,,,L,,,O,OL,true,2010,,F
dataflow,IMF.STA:QNEA(7.0.0),R,MLT,B1GQ,Q,SA,XDC,Q,2000-Q4,1368418566.2387,0,,,,,,,,,L,,,O,OL,true,2010,,F
dataflow,IMF.STA:QNEA(7.0.0),R,MLT,B1GQ,Q,SA,XDC,Q,2001-Q1,1324874378.1876,0,,,,,,,,,L,,,O,OL,true,2010,,F
dataflow,IMF.STA:QNEA(7.0.0),R,MLT,B1GQ,Q,SA,XDC,Q,2001-Q2,1314120481.3562,0,,,,,,,,,L,,,O,OL,true,2010,,F
dataflow,IMF.STA:QNEA(7.0.0),R,MLT,B1GQ,Q,SA,XDC,Q,2001-Q3,1337473653.6637,0,,,,,,,,,L,,,O,OL,true,2010,,F
dataflow,IMF.STA:QNEA(7.0.0),R,MLT,B1GQ,Q,SA,XDC,Q,2001-Q4,1326124417.6284,0,,,,,,,,,L,,,O,OL,true,2010,,F
dataflow,IMF.STA:QNEA(7.0.0),R,MLT,B1GQ,Q,SA,XDC,Q,2002-Q1,1358729844.2761,0,,,,,,,,,L,,,O,OL,true,2010,,F
dataflow,IMF.STA:QNEA(7.0.0),R,MLT,B1GQ,Q,SA,XDC,Q,2002-Q2,1364472464.9187,0,,,,,,,,,L,,,O,OL,true,2010,,F
dataflow,IMF.STA:QNEA(7.0.0),R,MLT,B1GQ,Q,SA,XDC,Q,2002-Q3,1367515399.1838,0,,,,,,,,,L,,,O,OL,true,2010,,F
dataflow,IMF.STA:QNEA(7.0.0),R,MLT,B1GQ,Q,SA,XDC,Q,2002-Q4,1356903912.5048,0,,,,,,,,,L,,,O,OL,true,2010,,F
dataflow,IMF.STA:QNEA(7.0.0),R,MLT,B1GQ,Q,SA,XDC,Q,2003-Q1,1388434927.9164,0,,,,,,,,,L,,,O,OL,true,2010,,F
dataflow,IMF.STA:QNEA(7.0.0),R,MLT,B1GQ,Q,SA,XDC,Q,2003-Q2,1411932375.6805,0,,,,,,,,,L,,,O,OL,true,2010,,F
dataflow,IMF.STA:QNEA(7.0.0),R,MLT,B1GQ,Q,SA,XDC,Q,2003-Q3,1421384611.6946,0,,,,,,,,,L,,,O,OL,true,2010,,F
dataflow,IMF.STA:QNEA(7.0.0),R,MLT,B1GQ,Q,SA,XDC,Q,2003-Q4,1425116204.626,0,,,,,,,,,L,,,O,OL,true,2010,,F
dataflow,IMF.STA:QNEA(7.0.0),R,MLT,B1GQ,Q,SA,XDC,Q,2004-Q1,1424072446.4494,0,,,,,,,,,L,,,O,OL,true,2010,,F
dataflow,IMF.STA:QNEA(7.0.0),R,MLT,B1GQ,Q,SA,XDC,Q,2004-Q2,1378208370.4566,0,,,,,,,,,L,,,O,OL,true,2010,,F
dataflow,IMF.STA:QNEA(7.0.0),R,MLT,B1GQ,Q,SA,XDC,Q,2004-Q3,1418835468.4511,0,,,,,,,,,L,,,O,OL,true,2010,,F
dataflow,IMF.STA:QNEA(7.0.0),R,MLT,B1GQ,Q,SA,XDC,Q,2004-Q4,1452128057.0541,0,,,,,,,,,L,,,O,OL,true,2010,,F
dataflow,IMF.STA:QNEA(7.0.0),R,MLT,B1GQ,Q,SA,XDC,Q,2005-Q1,1411971197.6236,0,,,,,,,,,L,,,O,OL,true,2010,,F
dataflow,IMF.STA:QNEA(7.0.0),R,MLT,B1GQ,Q,SA,XDC,Q,2005-Q2,1465342449.7032,0,,,,,,,,,L,,,O,OL,true,2010,,F
dataflow,IMF.STA:QNEA(7.0.0),R,MLT,B1GQ,Q,SA,XDC,Q,2005-Q3,1477522672.3818,0,,,,,,,,,L,,,O,OL,true,2010,,F
dataflow,IMF.STA:QNEA(7.0.0),R,MLT,B1GQ,Q,SA,XDC,Q,2005-Q4,1479315905.482,0,,,,,,,,,L,,,O,OL,true,2010,,F
dataflow,IMF.STA:QNEA(7.0.0),R,MLT,B1GQ,Q,SA,XDC,Q,2006-Q1,1459520419.5978,0,,,,,,,,,L,,,O,OL,true,2010,,F
dataflow,IMF.STA:QNEA(7.0.0),R,MLT,B1GQ,Q,SA,XDC,Q,2006-Q2,1500257149.2916,0,,,,,,,,,L,,,O,OL,true,2010,,F
dataflow,IMF.STA:QNEA(7.0.0),R,MLT,B1GQ,Q,SA,XDC,Q,2006-Q3,1508879186.1113,0,,,,,,,,,L,,,O,OL,true,2010,,F
dataflow,IMF.STA:QNEA(7.0.0),R,MLT,B1GQ,Q,SA,XDC,Q,2006-Q4,1504156428.9229,0,,,,,,,,,L,,,O,OL,true,2010,,F
dataflow,IMF.STA:QNEA(7.0.0),R,MLT,B1GQ,Q,SA,XDC,Q,2007-Q1,1562168524.3697,0,,,,,,,,,L,,,O,OL,true,2010,,F
dataflow,IMF.STA:QNEA(7.0.0),R,MLT,B1GQ,Q,SA,XDC,Q,2007-Q2,1570889305.8307,0,,,,,,,,,L,,,O,OL,true,2010,,F
dataflow,IMF.STA:QNEA(7.0.0),R,MLT,B1GQ,Q,SA,XDC,Q,2007-Q3,1585256705.4018,0,,,,,,,,,L,,,O,OL,true,2010,,F
dataflow,IMF.STA:QNEA(7.0.0),R,MLT,B1GQ,Q,SA,XDC,Q,2007-Q4,1555713978.223,0,,,,,,,,,L,,,O,OL,true,2010,,F
dataflow,IMF.STA:QNEA(7.0.0),R,MLT,B1GQ,Q,SA,XDC,Q,2008-Q1,1626573967.55,0,,,,,,,,,L,,,O,OL,true,2010,,F
dataflow,IMF.STA:QNEA(7.0.0),R,MLT,B1GQ,Q,SA,XDC,Q,2008-Q2,1632146064.4432,0,,,,,,,,,L,,,O,OL,true,2010,,F
dataflow,IMF.STA:QNEA(7.0.0),R,MLT,B1GQ,Q,SA,XDC,Q,2008-Q3,1639187859.8945,0,,,,,,,,,L,,,O,OL,true,2010,,F
dataflow,IMF.STA:QNEA(7.0.0),R,MLT,B1GQ,Q,SA,XDC,Q,2008-Q4,1652997922.8431,0,,,,,,,,,L,,,O,OL,true,2010,,F
dataflow,IMF.STA:QNEA(7.0.0),R,MLT,B1GQ,Q,SA,XDC,Q,2009-Q1,1589894947.8744,0,,,,,,,,,L,,,O,OL,true,2010,,F
dataflow,IMF.STA:QNEA(7.0.0),R,MLT,B1GQ,Q,SA,XDC,Q,2009-Q2,1601430640.9314,0,,,,,,,,,L,,,O,OL,true,2010,,F
dataflow,IMF.STA:QNEA(7.0.0),R,MLT,B1GQ,Q,SA,XDC,Q,2009-Q3,1615091420.5044,0,,,,,,,,,L,,,O,OL,true,2010,,F
dataflow,IMF.STA:QNEA(7.0.0),R,MLT,B1GQ,Q,SA,XDC,Q,2009-Q4,1654586626.6929,0,,,,,,,,,L,,,O,OL,true,2010,,F
dataflow,IMF.STA:QNEA(7.0.0),R,MLT,B1GQ,Q,SA,XDC,Q,2010-Q1,1706916013.026,0,,,,,,,,,L,,,O,OL,true,2010,,F
dataflow,IMF.STA:QNEA(7.0.0),R,MLT,B1GQ,Q,SA,XDC,Q,2010-Q2,1685344698.4947,0,,,,,,,,,L,,,O,OL,true,2010,,F
dataflow,IMF.STA:QNEA(7.0.0),R,MLT,B1GQ,Q,SA,XDC,Q,2010-Q3,1725515183.9006,0,,,,,,,,,L,,,O,OL,true,2010,,F
dataflow,IMF.STA:QNEA(7.0.0),R,MLT,B1GQ,Q,SA,XDC,Q,2010-Q4,1744032651.5787,0,,,,,,,,,L,,,O,OL,true,2010,,F
dataflow,IMF.STA:QNEA(7.0.0),R,MLT,B1GQ,Q,SA,XDC,Q,2011-Q1,1728320664.461,0,,,,,,,,,L,,,O,OL,true,2010,,F
dataflow,IMF.STA:QNEA(7.0.0),R,MLT,B1GQ,Q,SA,XDC,Q,2011-Q2,1711574925.4307,0,,,,,,,,,L,,,O,OL,true,2010,,F
dataflow,IMF.STA:QNEA(7.0.0),R,MLT,B1GQ,Q,SA,XDC,Q,2011-Q3,1735094091.4631,0,,,,,,,,,L,,,O,OL,true,2010,,F
dataflow,IMF.STA:QNEA(7.0.0),R,MLT,B1GQ,Q,SA,XDC,Q,2011-Q4,1756554005.5272,0,,,,,,,,,L,,,O,OL,true,2010,,F
dataflow,IMF.STA:QNEA(7.0.0),R,MLT,B1GQ,Q,SA,XDC,Q,2012-Q1,1771979052.5312,0,,,,,,,,,L,,,O,OL,true,2010,,F
dataflow,IMF.STA:QNEA(7.0.0),R,MLT,B1GQ,Q,SA,XDC,Q,2012-Q2,1792319004.5985,0,,,,,,,,,L,,,O,OL,true,2010,,F
dataflow,IMF.STA:QNEA(7.0.0),R,MLT,B1GQ,Q,SA,XDC,Q,2012-Q3,1821878892.8952,0,,,,,,,,,L,,,O,OL,true,2010,,F
dataflow,IMF.STA:QNEA(7.0.0),R,MLT,B1GQ,Q,SA,XDC,Q,2012-Q4,1828403699.8976,0,,,,,,,,,L,,,O,OL,true,2010,,F
dataflow,IMF.STA:QNEA(7.0.0),R,MLT,B1GQ,Q,SA,XDC,Q,2013-Q1,1857943221.4339,0,,,,,,,,,L,,,O,OL,true,2010,,F
dataflow,IMF.STA:QNEA(7.0.0),R,MLT,B1GQ,Q,SA,XDC,Q,2013-Q2,1915903777.6797,0,,,,,,,,,L,,,O,OL,true,2010,,F
dataflow,IMF.STA:QNEA(7.0.0),R,MLT,B1GQ,Q,SA,XDC,Q,2013-Q3,1946838358.4798,0,,,,,,,,,L,,,O,OL,true,2010,,F
dataflow,IMF.STA:QNEA(7.0.0),R,MLT,B1GQ,Q,SA,XDC,Q,2013-Q4,1946851184.2414,0,,,,,,,,,L,,,O,OL,true,2010,,F
dataflow,IMF.STA:QNEA(7.0.0),R,MLT,B1GQ,Q,SA,XDC,Q,2014-Q1,2002705380.4126,0,,,,,,,,,L,,,O,OL,true,2010,,F
dataflow,IMF.STA:QNEA(7.0.0),R,MLT,B1GQ,Q,SA,XDC,Q,2014-Q2,2040338399.4752,0,,,,,,,,,L,,,O,OL,true,2010,,F
dataflow,IMF.STA:QNEA(7.0.0),R,MLT,B1GQ,Q,SA,XDC,Q,2014-Q3,2073205228.8019,0,,,,,,,,,L,,,O,OL,true,2010,,F
dataflow,IMF.STA:QNEA(7.0.0),R,MLT,B1GQ,Q,SA,XDC,Q,2014-Q4,2138521068.886,0,,,,,,,,,L,,,O,OL,true,2010,,F
dataflow,IMF.STA:QNEA(7.0.0),R,MLT,B1GQ,Q,SA,XDC,Q,2015-Q1,2196278145.0153,0,,,,,,,,,L,,,O,OL,true,2010,,F
dataflow,IMF.STA:QNEA(7.0.0),R,MLT,B1GQ,Q,SA,XDC,Q,2015-Q2,2249824256.9984,0,,,,,,,,,L,,,O,OL,true,2010,,F
dataflow,IMF.STA:QNEA(7.0.0),R,MLT,B1GQ,Q,SA,XDC,Q,2015-Q3,2277567830.4515,0,,,,,,,,,L,,,O,OL,true,2010,,F
dataflow,IMF.STA:QNEA(7.0.0),R,MLT,B1GQ,Q,SA,XDC,Q,2015-Q4,2325219031.4312,0,,,,,,,,,L,,,O,OL,true,2010,,F
dataflow,IMF.STA:QNEA(7.0.0),R,MLT,B1GQ,Q,SA,XDC,Q,2016-Q1,2303445187.7854,0,,,,,,,,,L,,,O,OL,true,2010,,F
dataflow,IMF.STA:QNEA(7.0.0),R,MLT,B1GQ,Q,SA,XDC,Q,2016-Q2,2328377790.0778,0,,,,,,,,,L,,,O,OL,true,2010,,F
dataflow,IMF.STA:QNEA(7.0.0),R,MLT,B1GQ,Q,SA,XDC,Q,2016-Q3,2374198790.1489,0,,,,,,,,,L,,,O,OL,true,2010,,F
dataflow,IMF.STA:QNEA(7.0.0),R,MLT,B1GQ,Q,SA,XDC,Q,2016-Q4,2413270759.7695,0,,,,,,,,,L,,,O,OL,true,2010,,F
dataflow,IMF.STA:QNEA(7.0.0),R,MLT,B1GQ,Q,SA,XDC,Q,2017-Q1,2599678937.1732,0,,,,,,,,,L,,,O,OL,true,2010,,F
dataflow,IMF.STA:QNEA(7.0.0),R,MLT,B1GQ,Q,SA,XDC,Q,2017-Q2,2630940260.5514,0,,,,,,,,,L,,,O,OL,true,2010,,F
dataflow,IMF.STA:QNEA(7.0.0),R,MLT,B1GQ,Q,SA,XDC,Q,2017-Q3,2682444675.8074,0,,,,,,,,,L,,,O,OL,true,2010,,F
dataflow,IMF.STA:QNEA(7.0.0),R,MLT,B1GQ,Q,SA,XDC,Q,2017-Q4,2725440217.8941,0,,,,,,,,,L,,,O,OL,true,2010,,F
dataflow,IMF.STA:QNEA(7.0.0),R,MLT,B1GQ,Q,SA,XDC,Q,2018-Q1,2727745848.7844,0,,,,,,,,,L,,,O,OL,true,2010,,F
dataflow,IMF.STA:QNEA(7.0.0),R,MLT,B1GQ,Q,SA,XDC,Q,2018-Q2,2829537146.2521,0,,,,,,,,,L,,,O,OL,true,2010,,F
dataflow,IMF.STA:QNEA(7.0.0),R,MLT,B1GQ,Q,SA,XDC,Q,2018-Q3,2914830353.7416,0,,,,,,,,,L,,,O,OL,true,2010,,F
dataflow,IMF.STA:QNEA(7.0.0),R,MLT,B1GQ,Q,SA,XDC,Q,2018-Q4,2930003452.239,0,,,,,,,,,L,,,O,OL,true,2010,,F
dataflow,IMF.STA:QNEA(7.0.0),R,MLT,B1GQ,Q,SA,XDC,Q,2019-Q1,2884852284.6651,0,,,,,,,,,L,,,O,OL,true,2010,,F
dataflow,IMF.STA:QNEA(7.0.0),R,MLT,B1GQ,Q,SA,XDC,Q,2019-Q2,2965813221.8026,0,,,,,,,,,L,,,O,OL,true,2010,,F
dataflow,IMF.STA:QNEA(7.0.0),R,MLT,B1GQ,Q,SA,XDC,Q,2019-Q3,2996931969.0818,0,,,,,,,,,L,,,O,OL,true,2010,,F
dataflow,IMF.STA:QNEA(7.0.0),R,MLT,B1GQ,Q,SA,XDC,Q,2019-Q4,3026457547.1101,0,,,,,,,,,L,,,O,OL,true,2010,,F
dataflow,IMF.STA:QNEA(7.0.0),R,MLT,B1GQ,Q,SA,XDC,Q,2020-Q1,3064081522.0801,0,,,,,,,,,L,,,O,OL,true,2010,,F
dataflow,IMF.STA:QNEA(7.0.0),R,MLT,B1GQ,Q,SA,XDC,Q,2020-Q2,2688780314.7944,0,,,,,,,,,L,,,O,OL,true,2010,,F
dataflow,IMF.STA:QNEA(7.0.0),R,MLT,B1GQ,Q,SA,XDC,Q,2020-Q3,2802487788.2847,0,,,,,,,,,L,,,O,OL,true,2010,,F
dataflow,IMF.STA:QNEA(7.0.0),R,MLT,B1GQ,Q,SA,XDC,Q,2020-Q4,2912835263.2917,0,,,,,,,,,L,,,O,OL,true,2010,,F
dataflow,IMF.STA:QNEA(7.0.0),R,MLT,B1GQ,Q,SA,XDC,Q,2021-Q1,3102126864.3247,0,,,,,,,,,L,,,O,OL,true,2010,,F
dataflow,IMF.STA:QNEA(7.0.0),R,MLT,B1GQ,Q,SA,XDC,Q,2021-Q2,3163299119.3908,0,,,,,,,,,L,,,O,OL,true,2010,,F
dataflow,IMF.STA:QNEA(7.0.0),R,MLT,B1GQ,Q,SA,XDC,Q,2021-Q3,3331644730.3802,0,,,,,,,,,L,,,O,OL,true,2010,,F
dataflow,IMF.STA:QNEA(7.0.0),R,MLT,B1GQ,Q,SA,XDC,Q,2021-Q4,3384251147.0992,0,,,,,,,,,L,,,O,OL,true,2010,,F
dataflow,IMF.STA:QNEA(7.0.0),R,MLT,B1GQ,Q,SA,XDC,Q,2022-Q1,3259424707.7028,0,,,,,,,,,L,,,O,OL,true,2010,,F
dataflow,IMF.STA:QNEA(7.0.0),R,MLT,B1GQ,Q,SA,XDC,Q,2022-Q2,3370662252.7442,0,,,,,,,,,L,,,O,OL,true,2010,,F
dataflow,IMF.STA:QNEA(7.0.0),R,MLT,B1GQ,Q,SA,XDC,Q,2022-Q3,3404603624.1496,0,,,,,,,,,L,,,O,OL,true,2010,,F
dataflow,IMF.STA:QNEA(7.0.0),R,MLT,B1GQ,Q,SA,XDC,Q,2022-Q4,3475770793.4973,0,,,,,,,,,L,,,O,OL,true,2010,,F
dataflow,IMF.STA:QNEA(7.0.0),R,MLT,B1GQ,Q,SA,XDC,Q,2023-Q1,3505199947.7439,0,,,,,,,,,L,,,O,OL,true,2010,,F
dataflow,IMF.STA:QNEA(7.0.0),R,MLT,B1GQ,Q,SA,XDC,Q,2023-Q2,3576816297.185,0,,,,,,,,,L,,,O,OL,true,2010,,F
dataflow,IMF.STA:QNEA(7.0.0),R,MLT,B1GQ,Q,SA,XDC,Q,2023-Q3,3665644738.8348,0,,,,,,,,,L,,,O,OL,true,2010,,F
dataflow,IMF.STA:QNEA(7.0.0),R,MLT,B1GQ,Q,SA,XDC,Q,2023-Q4,3720727837.5527,0,,,,,,,,,L,,,O,OL,true,2010,,F
dataflow,IMF.STA:QNEA(7.0.0),R,MLT,B1GQ,Q,SA,XDC,Q,2024-Q1,3761915238.4663,0,,,,,,,,,L,,,O,OL,true,2010,,F
dataflow,IMF.STA:QNEA(7.0.0),R,MLT,B1GQ,Q,SA,XDC,Q,2024-Q2,3832367490.4831,0,,,,,,,,,L,,,O,OL,true,2010,,F
dataflow,IMF.STA:QNEA(7.0.0),R,MLT,B1GQ,Q,SA,XDC,Q,2024-Q3,3813894538.7927,0,,,,,,,,,L,,,O,OL,true,2010,,F
dataflow,IMF.STA:QNEA(7.0.0),R,MLT,B1GQ,Q,SA,XDC,Q,2024-Q4,3827018484.1331,0,,,,,,,,,L,,,O,OL,true,2010,,F
dataflow,IMF.STA:QNEA(7.0.0),R,MLT,B1GQ,Q,SA,XDC,Q,2025-Q1,3906564365.435,0,,,,,,,,,L,,,O,OL,true,2010,,F
dataflow,IMF.STA:QNEA(7.0.0),R,MLT,B1GQ,Q,SA,XDC,Q,2025-Q2,3933057273.1583,0,,,,,,,,,L,,,O,OL,true,2010,,F
dataflow,IMF.STA:QNEA(7.0.0),R,MLT,B1GQ,Q,SA,XDC,Q,2025-Q3,3993564306.3317,0,,,,,,,,,L,,,O,OL,true,2010,,F
dataflow,IMF.STA:QNEA(7.0.0),R,MLT,B1GQ,Q,SA,XDC,Q,2025-Q4,4064931704.6775,0,,,,,,,,,L,,,O,OL,true,2010,,F
dataflow,IMF.STA:QNEA(7.0.0),R,MLT,B1GQ,Q,SA,XDC,Q,2026-Q1,4087001687.3068,0,,,,,,,,,L,,,O,OL,true,2010,,F
dataflow,IMF.STA:QNEA(7.0.0),R,MLT,B1GQ,Q,SA,XDC,Q,2026-Q2,4130292186.8048,0,,,,,,,,,L,,,O,OL,true,2010,,F
dataflow,IMF.STA:QNEA(7.0.0),R,MNE,B1GQ,Q,SA,XDC,Q,2006-Q1,683663753,0,,,,,,,,,L,,,O,OL,true,2010,,F
dataflow,IMF.STA:QNEA(7.0.0),R,MNE,B1GQ,Q,SA,XDC,Q,2006-Q2,697588284,0,,,,,,,,,L,,,O,OL,true,2010,,F
dataflow,IMF.STA:QNEA(7.0.0),R,MNE,B1GQ,Q,SA,XDC,Q,2006-Q3,711968484,0,,,,,,,,,L,,,O,OL,true,2010,,F
dataflow,IMF.STA:QNEA(7.0.0),R,MNE,B1GQ,Q,SA,XDC,Q,2006-Q4,727068309,0,,,,,,,,,L,,,O,OL,true,2010,,F
dataflow,IMF.STA:QNEA(7.0.0),R,MNE,B1GQ,Q,SA,XDC,Q,2007-Q1,740391170,0,,,,,,,,,L,,,O,OL,true,2010,,F
dataflow,IMF.STA:QNEA(7.0.0),R,MNE,B1GQ,Q,SA,XDC,Q,2007-Q2,750814523,0,,,,,,,,,L,,,O,OL,true,2010,,F
dataflow,IMF.STA:QNEA(7.0.0),R,MNE,B1GQ,Q,SA,XDC,Q,2007-Q3,763825747,0,,,,,,,,,L,,,O,OL,true,2010,,F
dataflow,IMF.STA:QNEA(7.0.0),R,MNE,B1GQ,Q,SA,XDC,Q,2007-Q4,777737585,0,,,,,,,,,L,,,O,OL,true,2010,,F
dataflow,IMF.STA:QNEA(7.0.0),R,MNE,B1GQ,Q,SA,XDC,Q,2008-Q1,791429981,0,,,,,,,,,L,,,O,OL,true,2010,,F
dataflow,IMF.STA:QNEA(7.0.0),R,MNE,B1GQ,Q,SA,XDC,Q,2008-Q2,804846346,0,,,,,,,,,L,,,O,OL,true,2010,,F
dataflow,IMF.STA:QNEA(7.0.0),R,MNE,B1GQ,Q,SA,XDC,Q,2008-Q3,812464437,0,,,,,,,,,L,,,O,OL,true,2010,,F
dataflow,IMF.STA:QNEA(7.0.0),R,MNE,B1GQ,Q,SA,XDC,Q,2008-Q4,815767756,0,,,,,,,,,L,,,O,OL,true,2010,,F
dataflow,IMF.STA:QNEA(7.0.0),R,MNE,B1GQ,Q,SA,XDC,Q,2009-Q1,748214263,0,,,,,,,,,L,,,O,OL,true,2010,,F
dataflow,IMF.STA:QNEA(7.0.0),R,MNE,B1GQ,Q,SA,XDC,Q,2009-Q2,753188400,0,,,,,,,,,L,,,O,OL,true,2010,,F
dataflow,IMF.STA:QNEA(7.0.0),R,MNE,B1GQ,Q,SA,XDC,Q,2009-Q3,760147648,0,,,,,,,,,L,,,O,OL,true,2010,,F
dataflow,IMF.STA:QNEA(7.0.0),R,MNE,B1GQ,Q,SA,XDC,Q,2009-Q4,768309520,0,,,,,,,,,L,,,O,OL,true,2010,,F
dataflow,IMF.STA:QNEA(7.0.0),R,MNE,B1GQ,Q,SA,XDC,Q,2010-Q1,773937658,0,,,,,,,,,L,,,O,OL,true,2010,,F
dataflow,IMF.STA:QNEA(7.0.0),R,MNE,B1GQ,Q,SA,XDC,Q,2010-Q2,777092441,0,,,,,,,,,L,,,O,OL,true,2010,,F
dataflow,IMF.STA:QNEA(7.0.0),R,MNE,B1GQ,Q,SA,XDC,Q,2010-Q3,779336343,0,,,,,,,,,L,,,O,OL,true,2010,,F
dataflow,IMF.STA:QNEA(7.0.0),R,MNE,B1GQ,Q,SA,XDC,Q,2010-Q4,783697472,0,,,,,,,,,L,,,O,OL,true,2010,,F
dataflow,IMF.STA:QNEA(7.0.0),R,MNE,B1GQ,Q,SA,XDC,Q,2011-Q1,790330678,0,,,,,,,,,L,,,O,OL,true,2010,,F
dataflow,IMF.STA:QNEA(7.0.0),R,MNE,B1GQ,Q,SA,XDC,Q,2011-Q2,796732869,0,,,,,,,,,L,,,O,OL,true,2010,,F
dataflow,IMF.STA:QNEA(7.0.0),R,MNE,B1GQ,Q,SA,XDC,Q,2011-Q3,801720506,0,,,,,,,,,L,,,O,OL,true,2010,,F
dataflow,IMF.STA:QNEA(7.0.0),R,MNE,B1GQ,Q,SA,XDC,Q,2011-Q4,802359089,0,,,,,,,,,L,,,O,OL,true,2010,,F
dataflow,IMF.STA:QNEA(7.0.0),R,MNE,B1GQ,Q,SA,XDC,Q,2012-Q1,796299022,0,,,,,,,,,L,,,O,OL,true,2010,,F
dataflow,IMF.STA:QNEA(7.0.0),R,MNE,B1GQ,Q,SA,XDC,Q,2012-Q2,790087449,0,,,,,,,,,L,,,O,OL,true,2010,,F
dataflow,IMF.STA:QNEA(7.0.0),R,MNE,B1GQ,Q,SA,XDC,Q,2012-Q3,786123657,0,,,,,,,,,L,,,O,OL,true,2010,,F
dataflow,IMF.STA:QNEA(7.0.0),R,MNE,B1GQ,Q,SA,XDC,Q,2012-Q4,786206739,0,,,,,,,,,L,,,O,OL,true,2010,,F
dataflow,IMF.STA:QNEA(7.0.0),R,MNE,B1GQ,Q,SA,XDC,Q,2013-Q1,792934073,0,,,,,,,,,L,,,O,OL,true,2010,,F
dataflow,IMF.STA:QNEA(7.0.0),R,MNE,B1GQ,Q,SA,XDC,Q,2013-Q2,803247943,0,,,,,,,,,L,,,O,OL,true,2010,,F
dataflow,IMF.STA:QNEA(7.0.0),R,MNE,B1GQ,Q,SA,XDC,Q,2013-Q3,812879569,0,,,,,,,,,L,,,O,OL,true,2010,,F
dataflow,IMF.STA:QNEA(7.0.0),R,MNE,B1GQ,Q,SA,XDC,Q,2013-Q4,820538326,0,,,,,,,,,L,,,O,OL,true,2010,,F
dataflow,IMF.STA:QNEA(7.0.0),R,MNE,B1GQ,Q,SA,XDC,Q,2014-Q1,825845267,0,,,,,,,,,L,,,O,OL,true,2010,,F
dataflow,IMF.STA:QNEA(7.0.0),R,MNE,B1GQ,Q,SA,XDC,Q,2014-Q2,830286621,0,,,,,,,,,L,,,O,OL,true,2010,,F
dataflow,IMF.STA:QNEA(7.0.0),R,MNE,B1GQ,Q,SA,XDC,Q,2014-Q3,835845215,0,,,,,,,,,L,,,O,OL,true,2010,,F
dataflow,IMF.STA:QNEA(7.0.0),R,MNE,B1GQ,Q,SA,XDC,Q,2014-Q4,842023740,0,,,,,,,,,L,,,O,OL,true,2010,,F
dataflow,IMF.STA:QNEA(7.0.0),R,MNE,B1GQ,Q,SA,XDC,Q,2015-Q1,846872334,0,,,,,,,,,L,,,O,OL,true,2010,,F
dataflow,IMF.STA:QNEA(7.0.0),R,MNE,B1GQ,Q,SA,XDC,Q,2015-Q2,849484898,0,,,,,,,,,L,,,O,OL,true,2010,,F
dataflow,IMF.STA:QNEA(7.0.0),R,MNE,B1GQ,Q,SA,XDC,Q,2015-Q3,852280138,0,,,,,,,,,L,,,O,OL,true,2010,,F
dataflow,IMF.STA:QNEA(7.0.0),R,MNE,B1GQ,Q,SA,XDC,Q,2015-Q4,855903930,0,,,,,,,,,L,,,O,OL,true,2010,,F
dataflow,IMF.STA:QNEA(7.0.0),R,MNE,B1GQ,Q,SA,XDC,Q,2016-Q1,862642503,0,,,,,,,,,L,,,O,OL,true,2010,,F
dataflow,IMF.STA:QNEA(7.0.0),R,MNE,B1GQ,Q,SA,XDC,Q,2016-Q2,871255254,0,,,,,,,,,L,,,O,OL,true,2010,,F
dataflow,IMF.STA:QNEA(7.0.0),R,MNE,B1GQ,Q,SA,XDC,Q,2016-Q3,879078117,0,,,,,,,,,L,,,O,OL,true,2010,,F
dataflow,IMF.STA:QNEA(7.0.0),R,MNE,B1GQ,Q,SA,XDC,Q,2016-Q4,886653376,0,,,,,,,,,L,,,O,OL,true,2010,,F
dataflow,IMF.STA:QNEA(7.0.0),R,MNE,B1GQ,Q,SA,XDC,Q,2017-Q1,893445155,0,,,,,,,,,L,,,O,OL,true,2010,,F
dataflow,IMF.STA:QNEA(7.0.0),R,MNE,B1GQ,Q,SA,XDC,Q,2017-Q2,900988361,0,,,,,,,,,L,,,O,OL,true,2010,,F
dataflow,IMF.STA:QNEA(7.0.0),R,MNE,B1GQ,Q,SA,XDC,Q,2017-Q3,910146853,0,,,,,,,,,L,,,O,OL,true,2010,,F
dataflow,IMF.STA:QNEA(7.0.0),R,MNE,B1GQ,Q,SA,XDC,Q,2017-Q4,920484272,0,,,,,,,,,L,,,O,OL,true,2010,,F
dataflow,IMF.STA:QNEA(7.0.0),R,MNE,B1GQ,Q,SA,XDC,Q,2018-Q1,931262173,0,,,,,,,,,L,,,O,OL,true,2010,,F
dataflow,IMF.STA:QNEA(7.0.0),R,MNE,B1GQ,Q,SA,XDC,Q,2018-Q2,942326942,0,,,,,,,,,L,,,O,OL,true,2010,,F
dataflow,IMF.STA:QNEA(7.0.0),R,MNE,B1GQ,Q,SA,XDC,Q,2018-Q3,953961950,0,,,,,,,,,L,,,O,OL,true,2010,,F
dataflow,IMF.STA:QNEA(7.0.0),R,MNE,B1GQ,Q,SA,XDC,Q,2018-Q4,965774764,0,,,,,,,,,L,,,O,OL,true,2010,,F
dataflow,IMF.STA:QNEA(7.0.0),R,MNE,B1GQ,Q,SA,XDC,Q,2019-Q1,977043056,0,,,,,,,,,L,,,O,OL,true,2010,,F
dataflow,IMF.STA:QNEA(7.0.0),R,MNE,B1GQ,Q,SA,XDC,Q,2019-Q2,986208523,0,,,,,,,,,L,,,O,OL,true,2010,,F
dataflow,IMF.STA:QNEA(7.0.0),R,MNE,B1GQ,Q,SA,XDC,Q,2019-Q3,990434739,0,,,,,,,,,L,,,O,OL,true,2010,,F
dataflow,IMF.STA:QNEA(7.0.0),R,MNE,B1GQ,Q,SA,XDC,Q,2019-Q4,989682385,0,,,,,,,,,L,,,O,OL,true,2010,,F
dataflow,IMF.STA:QNEA(7.0.0),R,MNE,B1GQ,Q,SA,XDC,Q,2020-Q1,989619335,0,,,,,,,,,L,,,O,OL,true,2010,,F
dataflow,IMF.STA:QNEA(7.0.0),R,MNE,B1GQ,Q,SA,XDC,Q,2020-Q2,802839394,0,,,,,,,,,L,,,O,OL,true,2010,,F
dataflow,IMF.STA:QNEA(7.0.0),R,MNE,B1GQ,Q,SA,XDC,Q,2020-Q3,765756209,0,,,,,,,,,L,,,O,OL,true,2010,,F
dataflow,IMF.STA:QNEA(7.0.0),R,MNE,B1GQ,Q,SA,XDC,Q,2020-Q4,911691677,0,,,,,,,,,L,,,O,OL,true,2010,,F
dataflow,IMF.STA:QNEA(7.0.0),R,MNE,B1GQ,Q,SA,XDC,Q,2021-Q1,944755291,0,,,,,,,,,L,,,O,OL,true,2010,,F
dataflow,IMF.STA:QNEA(7.0.0),R,MNE,B1GQ,Q,SA,XDC,Q,2021-Q2,965330804,0,,,,,,,,,L,,,O,OL,true,2010,,F
dataflow,IMF.STA:QNEA(7.0.0),R,MNE,B1GQ,Q,SA,XDC,Q,2021-Q3,981327495,0,,,,,,,,,L,,,O,OL,true,2010,,F
dataflow,IMF.STA:QNEA(7.0.0),R,MNE,B1GQ,Q,SA,XDC,Q,2021-Q4,997276613,0,,,,,,,,,L,,,O,OL,true,2010,,F
dataflow,IMF.STA:QNEA(7.0.0),R,MNE,B1GQ,Q,SA,XDC,Q,2022-Q1,1014145801,0,,,,,,,,,L,,,O,OL,true,2010,,F
dataflow,IMF.STA:QNEA(7.0.0),R,MNE,B1GQ,Q,SA,XDC,Q,2022-Q2,1028233806,0,,,,,,,,,L,,,O,OL,true,2010,,F
dataflow,IMF.STA:QNEA(7.0.0),R,MNE,B1GQ,Q,SA,XDC,Q,2022-Q3,1041680319,0,,,,,,,,,L,,,O,OL,true,2010,,F
dataflow,IMF.STA:QNEA(7.0.0),R,MNE,B1GQ,Q,SA,XDC,Q,2022-Q4,1057596755,0,,,,,,,,,L,,,O,OL,true,2010,,F
dataflow,IMF.STA:QNEA(7.0.0),R,MNE,B1GQ,Q,SA,XDC,Q,2023-Q1,1074474256,0,,,,,,,,,L,,,O,OL,true,2010,,F
dataflow,IMF.STA:QNEA(7.0.0),R,MNE,B1GQ,Q,SA,XDC,Q,2023-Q2,1092389988,0,,,,,,,,,L,,,O,OL,true,2010,,F
dataflow,IMF.STA:QNEA(7.0.0),R,MNE,B1GQ,Q,SA,XDC,Q,2023-Q3,1106811579,0,,,,,,,,,L,,,O,OL,true,2010,,F
dataflow,IMF.STA:QNEA(7.0.0),R,MNE,B1GQ,Q,SA,XDC,Q,2023-Q4,1116565930,0,,,,,,,,,L,,,O,OL,true,2010,,F
dataflow,IMF.STA:QNEA(7.0.0),R,MNE,B1GQ,Q,SA,XDC,Q,2024-Q1,1124318348,0,,,,,,,,,L,,,O,OL,true,2010,,F
dataflow,IMF.STA:QNEA(7.0.0),R,MNE,B1GQ,Q,SA,XDC,Q,2024-Q2,1130912113,0,,,,,,,,,L,,,O,OL,true,2010,,F
dataflow,IMF.STA:QNEA(7.0.0),R,MNE,B1GQ,Q,SA,XDC,Q,2024-Q3,1138959035,0,,,,,,,,,L,,,O,OL,true,2010,,F
dataflow,IMF.STA:QNEA(7.0.0),R,MNE,B1GQ,Q,SA,XDC,Q,2024-Q4,1148071422,0,,,,,,,,,L,,,O,OL,true,2010,,F
dataflow,IMF.STA:QNEA(7.0.0),R,MNE,B1GQ,Q,SA,XDC,Q,2025-Q1,1155898975,0,,,,,,,,,L,,,O,OL,true,2010,,F
dataflow,IMF.STA:QNEA(7.0.0),R,MNE,B1GQ,Q,SA,XDC,Q,2025-Q2,1163304562,0,,,,,,,,,L,,,O,OL,true,2010,,F
dataflow,IMF.STA:QNEA(7.0.0),R,MNE,B1GQ,Q,SA,XDC,Q,2025-Q3,1169928789,0,,,,,,,,,L,,,O,OL,true,2010,,F
dataflow,IMF.STA:QNEA(7.0.0),R,MNE,B1GQ,Q,SA,XDC,Q,2025-Q4,1175993072,0,,,,,,,,,L,,,O,OL,true,2010,,F
dataflow,IMF.STA:QNEA(7.0.0),R,MNE,B1GQ,Q,SA,XDC,Q,2026-Q1,1183285147,0,,,,,,,,,L,,,O,OL,true,2010,,F
dataflow,IMF.STA:QNEA(7.0.0),R,MNE,B1GQ,Q,SA,XDC,Q,2026-Q2,1197293452,0,,,,,,,,,L,,,O,OL,true,2010,,F
dataflow,IMF.STA:QNEA(7.0.0),R,MYS,B1GQ,Q,SA,XDC,Q,2021-Q1,348913432000,0,,,,,,,,,FB,,,O,OL,true,2015,,F
dataflow,IMF.STA:QNEA(7.0.0),R,MYS,B1GQ,Q,SA,XDC,Q,2021-Q2,347754522000,0,,,,,,,,,FB,,,O,OL,true,2015,,F
dataflow,IMF.STA:QNEA(7.0.0),R,MYS,B1GQ,Q,SA,XDC,Q,2021-Q3,337669299000,0,,,,,,,,,FB,,,O,OL,true,2015,,F
dataflow,IMF.STA:QNEA(7.0.0),R,MYS,B1GQ,Q,SA,XDC,Q,2021-Q4,356544697000,0,,,,,,,,,FB,,,O,OL,true,2015,,F
dataflow,IMF.STA:QNEA(7.0.0),R,MYS,B1GQ,Q,SA,XDC,Q,2022-Q1,366324829000,0,,,,,,,,,FB,,,O,OL,true,2015,,F
dataflow,IMF.STA:QNEA(7.0.0),R,MYS,B1GQ,Q,SA,XDC,Q,2022-Q2,379469222000,0,,,,,,,,,FB,,,O,OL,true,2015,,F
dataflow,IMF.STA:QNEA(7.0.0),R,MYS,B1GQ,Q,SA,XDC,Q,2022-Q3,386119735000,0,,,,,,,,,FB,,,O,OL,true,2015,,F
dataflow,IMF.STA:QNEA(7.0.0),R,MYS,B1GQ,Q,SA,XDC,Q,2022-Q4,384588968000,0,,,,,,,,,FB,,,O,OL,true,2015,,F
dataflow,IMF.STA:QNEA(7.0.0),R,MYS,B1GQ,Q,SA,XDC,Q,2023-Q1,387967958000,0,,,,,,,,,FB,,,O,OL,true,2015,,F
dataflow,IMF.STA:QNEA(7.0.0),R,MYS,B1GQ,Q,SA,XDC,Q,2023-Q2,388984343000,0,,,,,,,,,FB,,,O,OL,true,2015,,F
dataflow,IMF.STA:QNEA(7.0.0),R,MYS,B1GQ,Q,SA,XDC,Q,2023-Q3,396666786000,0,,,,,,,,,FB,,,O,OL,true,2015,,F
dataflow,IMF.STA:QNEA(7.0.0),R,MYS,B1GQ,Q,SA,XDC,Q,2023-Q4,397155095000,0,,,,,,,,,FB,,,O,OL,true,2015,,F
dataflow,IMF.STA:QNEA(7.0.0),R,MYS,B1GQ,Q,SA,XDC,Q,2024-Q1,404502432000,0,,,,,,,,,FB,,,O,OL,true,2015,,F
dataflow,IMF.STA:QNEA(7.0.0),R,MYS,B1GQ,Q,SA,XDC,Q,2024-Q2,411680096000,0,,,,,,,,,FB,,,O,OL,true,2015,,F
dataflow,IMF.STA:QNEA(7.0.0),R,MYS,B1GQ,Q,SA,XDC,Q,2024-Q3,417128842000,0,,,,,,,,,FB,,,O,OL,true,2015,,F
dataflow,IMF.STA:QNEA(7.0.0),R,MYS,B1GQ,Q,SA,XDC,Q,2024-Q4,418425473000,0,,,,,,,,,FB,,,O,OL,true,2015,,F
dataflow,IMF.STA:QNEA(7.0.0),R,MYS,B1GQ,Q,SA,XDC,Q,2025-Q1,422335964000,0,,,,,,,,,FB,,,O,OL,true,2015,,F
dataflow,IMF.STA:QNEA(7.0.0),R,MYS,B1GQ,Q,SA,XDC,Q,2025-Q2,430244882000,0,,,,,,,,,FB,,,O,OL,true,2015,,F
dataflow,IMF.STA:QNEA(7.0.0),R,MYS,B1GQ,Q,SA,XDC,Q,2025-Q3,438936053000,0,,,,,,,,,FB,,,O,OL,true,2015,,F
dataflow,IMF.STA:QNEA(7.0.0),R,MYS,B1GQ,Q,SA,XDC,Q,2025-Q4,444930627000,0,,,,,,,,,FB,,,O,OL,true,2015,,F
dataflow,IMF.STA:QNEA(7.0.0),R,MYS,B1GQ,Q,SA,XDC,Q,2026-Q1,444875568000,0,,,,,,,,,FB,,,O,OL,true,2015,,F
dataflow,IMF.STA:QNEA(7.0.0),R,NLD,B1GQ,Q,SA,XDC,Q,1996-Q1,115084845582.57,0,,,,,,,,,L,,,O,OL,true,2010,,F
dataflow,IMF.STA:QNEA(7.0.0),R,NLD,B1GQ,Q,SA,XDC,Q,1996-Q2,116740956162.18,0,,,,,,,,,L,,,O,OL,true,2010,,F
dataflow,IMF.STA:QNEA(7.0.0),R,NLD,B1GQ,Q,SA,XDC,Q,1996-Q3,118438617903.29,0,,,,,,,,,L,,,O,OL,true,2010,,F
dataflow,IMF.STA:QNEA(7.0.0),R,NLD,B1GQ,Q,SA,XDC,Q,1996-Q4,119152619494.71,0,,,,,,,,,L,,,O,OL,true,2010,,F
dataflow,IMF.STA:QNEA(7.0.0),R,NLD,B1GQ,Q,SA,XDC,Q,1997-Q1,120136279644.4,0,,,,,,,,,L,,,O,OL,true,2010,,F
dataflow,IMF.STA:QNEA(7.0.0),R,NLD,B1GQ,Q,SA,XDC,Q,1997-Q2,121647385150.22,0,,,,,,,,,L,,,O,OL,true,2010,,F
dataflow,IMF.STA:QNEA(7.0.0),R,NLD,B1GQ,Q,SA,XDC,Q,1997-Q3,123462068529.83,0,,,,,,,,,L,,,O,OL,true,2010,,F
dataflow,IMF.STA:QNEA(7.0.0),R,NLD,B1GQ,Q,SA,XDC,Q,1997-Q4,124870568106.24,0,,,,,,,,,L,,,O,OL,true,2010,,F
dataflow,IMF.STA:QNEA(7.0.0),R,NLD,B1GQ,Q,SA,XDC,Q,1998-Q1,126618260837.72,0,,,,,,,,,L,,,O,OL,true,2010,,F
dataflow,IMF.STA:QNEA(7.0.0),R,NLD,B1GQ,Q,SA,XDC,Q,1998-Q2,127529842441.97,0,,,,,,,,,L,,,O,OL,true,2010,,F
dataflow,IMF.STA:QNEA(7.0.0),R,NLD,B1GQ,Q,SA,XDC,Q,1998-Q3,128644091956.36,0,,,,,,,,,L,,,O,OL,true,2010,,F
dataflow,IMF.STA:QNEA(7.0.0),R,NLD,B1GQ,Q,SA,XDC,Q,1998-Q4,129665911336,0,,,,,,,,,L,,,O,OL,true,2010,,F
dataflow,IMF.STA:QNEA(7.0.0),R,NLD,B1GQ,Q,SA,XDC,Q,1999-Q1,132122517761.57,0,,,,,,,,,L,,,O,OL,true,2010,,F
dataflow,IMF.STA:QNEA(7.0.0),R,NLD,B1GQ,Q,SA,XDC,Q,1999-Q2,133464026689.86,0,,,,,,,,,L,,,O,OL,true,2010,,F
dataflow,IMF.STA:QNEA(7.0.0),R,NLD,B1GQ,Q,SA,XDC,Q,1999-Q3,135274470155.02,0,,,,,,,,,L,,,O,OL,true,2010,,F
dataflow,IMF.STA:QNEA(7.0.0),R,NLD,B1GQ,Q,SA,XDC,Q,1999-Q4,136898357384.91,0,,,,,,,,,L,,,O,OL,true,2010,,F
dataflow,IMF.STA:QNEA(7.0.0),R,NLD,B1GQ,Q,SA,XDC,Q,2000-Q1,138216970775.23,0,,,,,,,,,L,,,O,OL,true,2010,,F
dataflow,IMF.STA:QNEA(7.0.0),R,NLD,B1GQ,Q,SA,XDC,Q,2000-Q2,139650061855.38,0,,,,,,,,,L,,,O,OL,true,2010,,F
dataflow,IMF.STA:QNEA(7.0.0),R,NLD,B1GQ,Q,SA,XDC,Q,2000-Q3,140820278240.36,0,,,,,,,,,L,,,O,OL,true,2010,,F
dataflow,IMF.STA:QNEA(7.0.0),R,NLD,B1GQ,Q,SA,XDC,Q,2000-Q4,142295768464.9,0,,,,,,,,,L,,,O,OL,true,2010,,F
dataflow,IMF.STA:QNEA(7.0.0),R,NLD,B1GQ,Q,SA,XDC,Q,2001-Q1,142989418467.02,0,,,,,,,,,L,,,O,OL,true,2010,,F
dataflow,IMF.STA:QNEA(7.0.0),R,NLD,B1GQ,Q,SA,XDC,Q,2001-Q2,143482944507.64,0,,,,,,,,,L,,,O,OL,true,2010,,F
dataflow,IMF.STA:QNEA(7.0.0),R,NLD,B1GQ,Q,SA,XDC,Q,2001-Q3,143757690963.24,0,,,,,,,,,L,,,O,OL,true,2010,,F
dataflow,IMF.STA:QNEA(7.0.0),R,NLD,B1GQ,Q,SA,XDC,Q,2001-Q4,143870472687.3,0,,,,,,,,,L,,,O,OL,true,2010,,F
dataflow,IMF.STA:QNEA(7.0.0),R,NLD,B1GQ,Q,SA,XDC,Q,2002-Q1,143614381855.23,0,,,,,,,,,L,,,O,OL,true,2010,,F
dataflow,IMF.STA:QNEA(7.0.0),R,NLD,B1GQ,Q,SA,XDC,Q,2002-Q2,143854361012.44,0,,,,,,,,,L,,,O,OL,true,2010,,F
dataflow,IMF.STA:QNEA(7.0.0),R,NLD,B1GQ,Q,SA,XDC,Q,2002-Q3,143969686685.16,0,,,,,,,,,L,,,O,OL,true,2010,,F
dataflow,IMF.STA:QNEA(7.0.0),R,NLD,B1GQ,Q,SA,XDC,Q,2002-Q4,144120627639.16,0,,,,,,,,,L,,,O,OL,true,2010,,F
dataflow,IMF.STA:QNEA(7.0.0),R,NLD,B1GQ,Q,SA,XDC,Q,2003-Q1,144451340965.35,0,,,,,,,,,L,,,O,OL,true,2010,,F
dataflow,IMF.STA:QNEA(7.0.0),R,NLD,B1GQ,Q,SA,XDC,Q,2003-Q2,143728859545.06,0,,,,,,,,,L,,,O,OL,true,2010,,F
dataflow,IMF.STA:QNEA(7.0.0),R,NLD,B1GQ,Q,SA,XDC,Q,2003-Q3,143750059117.25,0,,,,,,,,,L,,,O,OL,true,2010,,F
dataflow,IMF.STA:QNEA(7.0.0),R,NLD,B1GQ,Q,SA,XDC,Q,2003-Q4,144648072995.29,0,,,,,,,,,L,,,O,OL,true,2010,,F
dataflow,IMF.STA:QNEA(7.0.0),R,NLD,B1GQ,Q,SA,XDC,Q,2004-Q1,145992125872.24,0,,,,,,,,,L,,,O,OL,true,2010,,F
dataflow,IMF.STA:QNEA(7.0.0),R,NLD,B1GQ,Q,SA,XDC,Q,2004-Q2,146659488404.84,0,,,,,,,,,L,,,O,OL,true,2010,,F
dataflow,IMF.STA:QNEA(7.0.0),R,NLD,B1GQ,Q,SA,XDC,Q,2004-Q3,146857916400.55,0,,,,,,,,,L,,,O,OL,true,2010,,F
dataflow,IMF.STA:QNEA(7.0.0),R,NLD,B1GQ,Q,SA,XDC,Q,2004-Q4,147202197452.94,0,,,,,,,,,L,,,O,OL,true,2010,,F
dataflow,IMF.STA:QNEA(7.0.0),R,NLD,B1GQ,Q,SA,XDC,Q,2005-Q1,147571070009.08,0,,,,,,,,,L,,,O,OL,true,2010,,F
dataflow,IMF.STA:QNEA(7.0.0),R,NLD,B1GQ,Q,SA,XDC,Q,2005-Q2,148924450697.8,0,,,,,,,,,L,,,O,OL,true,2010,,F
dataflow,IMF.STA:QNEA(7.0.0),R,NLD,B1GQ,Q,SA,XDC,Q,2005-Q3,150733198197.19,0,,,,,,,,,L,,,O,OL,true,2010,,F
dataflow,IMF.STA:QNEA(7.0.0),R,NLD,B1GQ,Q,SA,XDC,Q,2005-Q4,151752473628.16,0,,,,,,,,,L,,,O,OL,true,2010,,F
dataflow,IMF.STA:QNEA(7.0.0),R,NLD,B1GQ,Q,SA,XDC,Q,2006-Q1,152627591968.24,0,,,,,,,,,L,,,O,OL,true,2010,,F
dataflow,IMF.STA:QNEA(7.0.0),R,NLD,B1GQ,Q,SA,XDC,Q,2006-Q2,155110485863.32,0,,,,,,,,,L,,,O,OL,true,2010,,F
dataflow,IMF.STA:QNEA(7.0.0),R,NLD,B1GQ,Q,SA,XDC,Q,2006-Q3,155904197846.18,0,,,,,,,,,L,,,O,OL,true,2010,,F
dataflow,IMF.STA:QNEA(7.0.0),R,NLD,B1GQ,Q,SA,XDC,Q,2006-Q4,157257578534.9,0,,,,,,,,,L,,,O,OL,true,2010,,F
dataflow,IMF.STA:QNEA(7.0.0),R,NLD,B1GQ,Q,SA,XDC,Q,2007-Q1,159034102684.56,0,,,,,,,,,L,,,O,OL,true,2010,,F
dataflow,IMF.STA:QNEA(7.0.0),R,NLD,B1GQ,Q,SA,XDC,Q,2007-Q2,160011826954.04,0,,,,,,,,,L,,,O,OL,true,2010,,F
dataflow,IMF.STA:QNEA(7.0.0),R,NLD,B1GQ,Q,SA,XDC,Q,2007-Q3,161774783377.5,0,,,,,,,,,L,,,O,OL,true,2010,,F
dataflow,IMF.STA:QNEA(7.0.0),R,NLD,B1GQ,Q,SA,XDC,Q,2007-Q4,164127935890.77,0,,,,,,,,,L,,,O,OL,true,2010,,F
dataflow,IMF.STA:QNEA(7.0.0),R,NLD,B1GQ,Q,SA,XDC,Q,2008-Q1,165277800686.45,0,,,,,,,,,L,,,O,OL,true,2010,,F
dataflow,IMF.STA:QNEA(7.0.0),R,NLD,B1GQ,Q,SA,XDC,Q,2008-Q2,165396518290.72,0,,,,,,,,,L,,,O,OL,true,2010,,F
dataflow,IMF.STA:QNEA(7.0.0),R,NLD,B1GQ,Q,SA,XDC,Q,2008-Q3,164952175257.58,0,,,,,,,,,L,,,O,OL,true,2010,,F
dataflow,IMF.STA:QNEA(7.0.0),R,NLD,B1GQ,Q,SA,XDC,Q,2008-Q4,163137491877.98,0,,,,,,,,,L,,,O,OL,true,2010,,F
dataflow,IMF.STA:QNEA(7.0.0),R,NLD,B1GQ,Q,SA,XDC,Q,2009-Q1,159410607086.68,0,,,,,,,,,L,,,O,OL,true,2010,,F
dataflow,IMF.STA:QNEA(7.0.0),R,NLD,B1GQ,Q,SA,XDC,Q,2009-Q2,157931724930.59,0,,,,,,,,,L,,,O,OL,true,2010,,F
dataflow,IMF.STA:QNEA(7.0.0),R,NLD,B1GQ,Q,SA,XDC,Q,2009-Q3,158097081593.69,0,,,,,,,,,L,,,O,OL,true,2010,,F
dataflow,IMF.STA:QNEA(7.0.0),R,NLD,B1GQ,Q,SA,XDC,Q,2009-Q4,159134164665.3,0,,,,,,,,,L,,,O,OL,true,2010,,F
dataflow,IMF.STA:QNEA(7.0.0),R,NLD,B1GQ,Q,SA,XDC,Q,2010-Q1,159139252562.63,0,,,,,,,,,L,,,O,OL,true,2010,,F
dataflow,IMF.STA:QNEA(7.0.0),R,NLD,B1GQ,Q,SA,XDC,Q,2010-Q2,160601175060.97,0,,,,,,,,,L,,,O,OL,true,2010,,F
dataflow,IMF.STA:QNEA(7.0.0),R,NLD,B1GQ,Q,SA,XDC,Q,2010-Q3,160742788203.21,0,,,,,,,,,L,,,O,OL,true,2010,,F
dataflow,IMF.STA:QNEA(7.0.0),R,NLD,B1GQ,Q,SA,XDC,Q,2010-Q4,162131784173.2,0,,,,,,,,,L,,,O,OL,true,2010,,F
dataflow,IMF.STA:QNEA(7.0.0),R,NLD,B1GQ,Q,SA,XDC,Q,2011-Q1,163917636134.63,0,,,,,,,,,L,,,O,OL,true,2010,,F
dataflow,IMF.STA:QNEA(7.0.0),R,NLD,B1GQ,Q,SA,XDC,Q,2011-Q2,163820966085.44,0,,,,,,,,,L,,,O,OL,true,2010,,F
dataflow,IMF.STA:QNEA(7.0.0),R,NLD,B1GQ,Q,SA,XDC,Q,2011-Q3,163585226842.66,0,,,,,,,,,L,,,O,OL,true,2010,,F
dataflow,IMF.STA:QNEA(7.0.0),R,NLD,B1GQ,Q,SA,XDC,Q,2011-Q4,162722828245.91,0,,,,,,,,,L,,,O,OL,true,2010,,F
dataflow,IMF.STA:QNEA(7.0.0),R,NLD,B1GQ,Q,SA,XDC,Q,2012-Q1,162576975189.23,0,,,,,,,,,L,,,O,OL,true,2010,,F
dataflow,IMF.STA:QNEA(7.0.0),R,NLD,B1GQ,Q,SA,XDC,Q,2012-Q2,162496416814.9,0,,,,,,,,,L,,,O,OL,true,2010,,F
dataflow,IMF.STA:QNEA(7.0.0),R,NLD,B1GQ,Q,SA,XDC,Q,2012-Q3,161720512472.69,0,,,,,,,,,L,,,O,OL,true,2010,,F
dataflow,IMF.STA:QNEA(7.0.0),R,NLD,B1GQ,Q,SA,XDC,Q,2012-Q4,160825042543.31,0,,,,,,,,,L,,,O,OL,true,2010,,F
dataflow,IMF.STA:QNEA(7.0.0),R,NLD,B1GQ,Q,SA,XDC,Q,2013-Q1,160758051895.18,0,,,,,,,,,L,,,O,OL,true,2010,,F
dataflow,IMF.STA:QNEA(7.0.0),R,NLD,B1GQ,Q,SA,XDC,Q,2013-Q2,161446613999.97,0,,,,,,,,,L,,,O,OL,true,2010,,F
dataflow,IMF.STA:QNEA(7.0.0),R,NLD,B1GQ,Q,SA,XDC,Q,2013-Q3,162258133623.47,0,,,,,,,,,L,,,O,OL,true,2010,,F
dataflow,IMF.STA:QNEA(7.0.0),R,NLD,B1GQ,Q,SA,XDC,Q,2013-Q4,163238401841.61,0,,,,,,,,,L,,,O,OL,true,2010,,F
dataflow,IMF.STA:QNEA(7.0.0),R,NLD,B1GQ,Q,SA,XDC,Q,2014-Q1,163615754226.62,0,,,,,,,,,L,,,O,OL,true,2010,,F
dataflow,IMF.STA:QNEA(7.0.0),R,NLD,B1GQ,Q,SA,XDC,Q,2014-Q2,164141503616.97,0,,,,,,,,,L,,,O,OL,true,2010,,F
dataflow,IMF.STA:QNEA(7.0.0),R,NLD,B1GQ,Q,SA,XDC,Q,2014-Q3,164090624643.71,0,,,,,,,,,L,,,O,OL,true,2010,,F
dataflow,IMF.STA:QNEA(7.0.0),R,NLD,B1GQ,Q,SA,XDC,Q,2014-Q4,166308947877.85,0,,,,,,,,,L,,,O,OL,true,2010,,F
dataflow,IMF.STA:QNEA(7.0.0),R,NLD,B1GQ,Q,SA,XDC,Q,2015-Q1,166961894701.35,0,,,,,,,,,L,,,O,OL,true,2010,,F
dataflow,IMF.STA:QNEA(7.0.0),R,NLD,B1GQ,Q,SA,XDC,Q,2015-Q2,167670808395.44,0,,,,,,,,,L,,,O,OL,true,2010,,F
dataflow,IMF.STA:QNEA(7.0.0),R,NLD,B1GQ,Q,SA,XDC,Q,2015-Q3,168467064326.96,0,,,,,,,,,L,,,O,OL,true,2010,,F
dataflow,IMF.STA:QNEA(7.0.0),R,NLD,B1GQ,Q,SA,XDC,Q,2015-Q4,168863072335.5,0,,,,,,,,,L,,,O,OL,true,2010,,F
dataflow,IMF.STA:QNEA(7.0.0),R,NLD,B1GQ,Q,SA,XDC,Q,2016-Q1,169959514209.25,0,,,,,,,,,L,,,O,OL,true,2010,,F
dataflow,IMF.STA:QNEA(7.0.0),R,NLD,B1GQ,Q,SA,XDC,Q,2016-Q2,171272191719.36,0,,,,,,,,,L,,,O,OL,true,2010,,F
dataflow,IMF.STA:QNEA(7.0.0),R,NLD,B1GQ,Q,SA,XDC,Q,2016-Q3,172801952848.71,0,,,,,,,,,L,,,O,OL,true,2010,,F
dataflow,IMF.STA:QNEA(7.0.0),R,NLD,B1GQ,Q,SA,XDC,Q,2016-Q4,174189252852.94,0,,,,,,,,,L,,,O,OL,true,2010,,F
dataflow,IMF.STA:QNEA(7.0.0),R,NLD,B1GQ,Q,SA,XDC,Q,2017-Q1,175222943993,0,,,,,,,,,L,,,O,OL,true,2010,,F
dataflow,IMF.STA:QNEA(7.0.0),R,NLD,B1GQ,Q,SA,XDC,Q,2017-Q2,176115869973.71,0,,,,,,,,,L,,,O,OL,true,2010,,F
dataflow,IMF.STA:QNEA(7.0.0),R,NLD,B1GQ,Q,SA,XDC,Q,2017-Q3,177452291004.68,0,,,,,,,,,L,,,O,OL,true,2010,,F
dataflow,IMF.STA:QNEA(7.0.0),R,NLD,B1GQ,Q,SA,XDC,Q,2017-Q4,178572476399.28,0,,,,,,,,,L,,,O,OL,true,2010,,F
dataflow,IMF.STA:QNEA(7.0.0),R,NLD,B1GQ,Q,SA,XDC,Q,2018-Q1,179852930559.66,0,,,,,,,,,L,,,O,OL,true,2010,,F
dataflow,IMF.STA:QNEA(7.0.0),R,NLD,B1GQ,Q,SA,XDC,Q,2018-Q2,180673777994.92,0,,,,,,,,,L,,,O,OL,true,2010,,F
dataflow,IMF.STA:QNEA(7.0.0),R,NLD,B1GQ,Q,SA,XDC,Q,2018-Q3,181134232702.93,0,,,,,,,,,L,,,O,OL,true,2010,,F
dataflow,IMF.STA:QNEA(7.0.0),R,NLD,B1GQ,Q,SA,XDC,Q,2018-Q4,181637086555.31,0,,,,,,,,,L,,,O,OL,true,2010,,F
dataflow,IMF.STA:QNEA(7.0.0),R,NLD,B1GQ,Q,SA,XDC,Q,2019-Q1,183907984728.48,0,,,,,,,,,L,,,O,OL,true,2010,,F
dataflow,IMF.STA:QNEA(7.0.0),R,NLD,B1GQ,Q,SA,XDC,Q,2019-Q2,184731376112.41,0,,,,,,,,,L,,,O,OL,true,2010,,F
dataflow,IMF.STA:QNEA(7.0.0),R,NLD,B1GQ,Q,SA,XDC,Q,2019-Q3,185575967068.52,0,,,,,,,,,L,,,O,OL,true,2010,,F
dataflow,IMF.STA:QNEA(7.0.0),R,NLD,B1GQ,Q,SA,XDC,Q,2019-Q4,185680268963.71,0,,,,,,,,,L,,,O,OL,true,2010,,F
dataflow,IMF.STA:QNEA(7.0.0),R,NLD,B1GQ,Q,SA,XDC,Q,2020-Q1,183729060339.19,0,,,,,,,,,L,,,O,OL,true,2010,,F
dataflow,IMF.STA:QNEA(7.0.0),R,NLD,B1GQ,Q,SA,XDC,Q,2020-Q2,168417033336.59,0,,,,,,,,,L,,,O,OL,true,2010,,F
dataflow,IMF.STA:QNEA(7.0.0),R,NLD,B1GQ,Q,SA,XDC,Q,2020-Q3,179415371389.63,0,,,,,,,,,L,,,O,OL,true,2010,,F
dataflow,IMF.STA:QNEA(7.0.0),R,NLD,B1GQ,Q,SA,XDC,Q,2020-Q4,180005567479.44,0,,,,,,,,,L,,,O,OL,true,2010,,F
dataflow,IMF.STA:QNEA(7.0.0),R,NLD,B1GQ,Q,SA,XDC,Q,2021-Q1,181867737900.76,0,,,,,,,,,L,,,O,OL,true,2010,,F
dataflow,IMF.STA:QNEA(7.0.0),R,NLD,B1GQ,Q,SA,XDC,Q,2021-Q2,188981466345.39,0,,,,,,,,,L,,,O,OL,true,2010,,F
dataflow,IMF.STA:QNEA(7.0.0),R,NLD,B1GQ,Q,SA,XDC,Q,2021-Q3,192381877724.94,0,,,,,,,,,L,,,O,OL,true,2010,,F
dataflow,IMF.STA:QNEA(7.0.0),R,NLD,B1GQ,Q,SA,XDC,Q,2021-Q4,192486179620.12,0,,,,,,,,,L,,,O,OL,true,2010,,F
dataflow,IMF.STA:QNEA(7.0.0),R,NLD,B1GQ,Q,SA,XDC,Q,2022-Q1,194964833600.77,0,,,,,,,,,L,,,O,OL,true,2010,,F
dataflow,IMF.STA:QNEA(7.0.0),R,NLD,B1GQ,Q,SA,XDC,Q,2022-Q2,199547333125.72,0,,,,,,,,,L,,,O,OL,true,2010,,F
dataflow,IMF.STA:QNEA(7.0.0),R,NLD,B1GQ,Q,SA,XDC,Q,2022-Q3,199709297857.26,0,,,,,,,,,L,,,O,OL,true,2010,,F
dataflow,IMF.STA:QNEA(7.0.0),R,NLD,B1GQ,Q,SA,XDC,Q,2022-Q4,199363320839.1,0,,,,,,,,,L,,,O,OL,true,2010,,F
dataflow,IMF.STA:QNEA(7.0.0),R,NLD,B1GQ,Q,SA,XDC,Q,2023-Q1,198442411423.09,0,,,,,,,,,L,,,O,OL,true,2010,,F
dataflow,IMF.STA:QNEA(7.0.0),R,NLD,B1GQ,Q,SA,XDC,Q,2023-Q2,197554573339.7,0,,,,,,,,,L,,,O,OL,true,2010,,F
dataflow,IMF.STA:QNEA(7.0.0),R,NLD,B1GQ,Q,SA,XDC,Q,2023-Q3,196238503898.04,0,,,,,,,,,L,,,O,OL,true,2010,,F
dataflow,IMF.STA:QNEA(7.0.0),R,NLD,B1GQ,Q,SA,XDC,Q,2023-Q4,196722702126.9,0,,,,,,,,,L,,,O,OL,true,2010,,F
dataflow,IMF.STA:QNEA(7.0.0),R,NLD,B1GQ,Q,SA,XDC,Q,2024-Q1,197334945771.8,0,,,,,,,,,L,,,O,OL,true,2010,,F
dataflow,IMF.STA:QNEA(7.0.0),R,NLD,B1GQ,Q,SA,XDC,Q,2024-Q2,198974944676.54,0,,,,,,,,,L,,,O,OL,true,2010,,F
dataflow,IMF.STA:QNEA(7.0.0),R,NLD,B1GQ,Q,SA,XDC,Q,2024-Q3,200181624325.69,0,,,,,,,,,L,,,O,OL,true,2010,,F
dataflow,IMF.STA:QNEA(7.0.0),R,NLD,B1GQ,Q,SA,XDC,Q,2024-Q4,200863402567.38,0,,,,,,,,,L,,,O,OL,true,2010,,F
dataflow,IMF.STA:QNEA(7.0.0),R,NLD,B1GQ,Q,SA,XDC,Q,2025-Q1,201357776590.89,0,,,,,,,,,L,,,O,OL,true,2010,,F
dataflow,IMF.STA:QNEA(7.0.0),R,NLD,B1GQ,Q,SA,XDC,Q,2025-Q2,202021747191.93,0,,,,,,,,,L,,,O,OL,true,2010,,F
dataflow,IMF.STA:QNEA(7.0.0),R,NLD,B1GQ,Q,SA,XDC,Q,2025-Q3,202833266815.43,0,,,,,,,,,L,,,O,OL,true,2010,,F
dataflow,IMF.STA:QNEA(7.0.0),R,NLD,B1GQ,Q,SA,XDC,Q,2025-Q4,203702449275.29,0,,,,,,,,,L,,,O,OL,true,2010,,F
dataflow,IMF.STA:QNEA(7.0.0),R,NLD,B1GQ,Q,SA,XDC,Q,2026-Q1,204227350682.75,0,,,,,,,,,L,,,O,OL,true,2010,,F
dataflow,IMF.STA:QNEA(7.0.0),R,NLD,B1GQ,Q,SA,XDC,Q,2026-Q2,205054133998.23,0,,,,,,,,,L,,,O,OL,true,2010,,F
dataflow,IMF.STA:QNEA(7.0.0),R,NOR,B1GQ,Q,SA,XDC,Q,1978-Q1,270805060855.22,0,,,,,,,,,L,,,O,OL,true,2010,,F
dataflow,IMF.STA:QNEA(7.0.0),R,NOR,B1GQ,Q,SA,XDC,Q,1978-Q2,274029156138.98,0,,,,,,,,,L,,,O,OL,true,2010,,F
dataflow,IMF.STA:QNEA(7.0.0),R,NOR,B1GQ,Q,SA,XDC,Q,1978-Q3,276453857644.97,0,,,,,,,,,L,,,O,OL,true,2010,,F
dataflow,IMF.STA:QNEA(7.0.0),R,NOR,B1GQ,Q,SA,XDC,Q,1978-Q4,276722847968.3,0,,,,,,,,,L,,,O,OL,true,2010,,F
dataflow,IMF.STA:QNEA(7.0.0),R,NOR,B1GQ,Q,SA,XDC,Q,1979-Q1,278655031980.89,0,,,,,,,,,L,,,O,OL,true,2010,,F
dataflow,IMF.STA:QNEA(7.0.0),R,NOR,B1GQ,Q,SA,XDC,Q,1979-Q2,284750883110.82,0,,,,,,,,,L,,,O,OL,true,2010,,F
dataflow,IMF.STA:QNEA(7.0.0),R,NOR,B1GQ,Q,SA,XDC,Q,1979-Q3,290224773047.15,0,,,,,,,,,L,,,O,OL,true,2010,,F
dataflow,IMF.STA:QNEA(7.0.0),R,NOR,B1GQ,Q,SA,XDC,Q,1979-Q4,292157588492.42,0,,,,,,,,,L,,,O,OL,true,2010,,F
dataflow,IMF.STA:QNEA(7.0.0),R,NOR,B1GQ,Q,SA,XDC,Q,1980-Q1,303693232193.75,0,,,,,,,,,L,,,O,OL,true,2010,,F
dataflow,IMF.STA:QNEA(7.0.0),R,NOR,B1GQ,Q,SA,XDC,Q,1980-Q2,299080616438.2,0,,,,,,,,,L,,,O,OL,true,2010,,F
dataflow,IMF.STA:QNEA(7.0.0),R,NOR,B1GQ,Q,SA,XDC,Q,1980-Q3,295095644770.4,0,,,,,,,,,L,,,O,OL,true,2010,,F
dataflow,IMF.STA:QNEA(7.0.0),R,NOR,B1GQ,Q,SA,XDC,Q,1980-Q4,299786558178.75,0,,,,,,,,,L,,,O,OL,true,2010,,F
dataflow,IMF.STA:QNEA(7.0.0),R,NOR,B1GQ,Q,SA,XDC,Q,1981-Q1,305151841693.46,0,,,,,,,,,L,,,O,OL,true,2010,,F
dataflow,IMF.STA:QNEA(7.0.0),R,NOR,B1GQ,Q,SA,XDC,Q,1981-Q2,306088256363.61,0,,,,,,,,,L,,,O,OL,true,2010,,F
dataflow,IMF.STA:QNEA(7.0.0),R,NOR,B1GQ,Q,SA,XDC,Q,1981-Q3,303261963670.68,0,,,,,,,,,L,,,O,OL,true,2010,,F
dataflow,IMF.STA:QNEA(7.0.0),R,NOR,B1GQ,Q,SA,XDC,Q,1981-Q4,303205134729.14,0,,,,,,,,,L,,,O,OL,true,2010,,F
dataflow,IMF.STA:QNEA(7.0.0),R,NOR,B1GQ,Q,SA,XDC,Q,1982-Q1,305000929282.02,0,,,,,,,,,L,,,O,OL,true,2010,,F
dataflow,IMF.STA:QNEA(7.0.0),R,NOR,B1GQ,Q,SA,XDC,Q,1982-Q2,305023660858.63,0,,,,,,,,,L,,,O,OL,true,2010,,F
dataflow,IMF.STA:QNEA(7.0.0),R,NOR,B1GQ,Q,SA,XDC,Q,1982-Q3,304956728994.15,0,,,,,,,,,L,,,O,OL,true,2010,,F
dataflow,IMF.STA:QNEA(7.0.0),R,NOR,B1GQ,Q,SA,XDC,Q,1982-Q4,305677193686.42,0,,,,,,,,,L,,,O,OL,true,2010,,F
dataflow,IMF.STA:QNEA(7.0.0),R,NOR,B1GQ,Q,SA,XDC,Q,1983-Q1,313655977079.6,0,,,,,,,,,L,,,O,OL,true,2010,,F
dataflow,IMF.STA:QNEA(7.0.0),R,NOR,B1GQ,Q,SA,XDC,Q,1983-Q2,316194967901.38,0,,,,,,,,,L,,,O,OL,true,2010,,F
dataflow,IMF.STA:QNEA(7.0.0),R,NOR,B1GQ,Q,SA,XDC,Q,1983-Q3,319412748858.3,0,,,,,,,,,L,,,O,OL,true,2010,,F
dataflow,IMF.STA:QNEA(7.0.0),R,NOR,B1GQ,Q,SA,XDC,Q,1983-Q4,319501149434.04,0,,,,,,,,,L,,,O,OL,true,2010,,F
dataflow,IMF.STA:QNEA(7.0.0),R,NOR,B1GQ,Q,SA,XDC,Q,1984-Q1,330499443921.41,0,,,,,,,,,L,,,O,OL,true,2010,,F
dataflow,IMF.STA:QNEA(7.0.0),R,NOR,B1GQ,Q,SA,XDC,Q,1984-Q2,332003516574.35,0,,,,,,,,,L,,,O,OL,true,2010,,F
dataflow,IMF.STA:QNEA(7.0.0),R,NOR,B1GQ,Q,SA,XDC,Q,1984-Q3,339066091143.26,0,,,,,,,,,L,,,O,OL,true,2010,,F
dataflow,IMF.STA:QNEA(7.0.0),R,NOR,B1GQ,Q,SA,XDC,Q,1984-Q4,344279199381.16,0,,,,,,,,,L,,,O,OL,true,2010,,F
dataflow,IMF.STA:QNEA(7.0.0),R,NOR,B1GQ,Q,SA,XDC,Q,1985-Q1,353480436450.28,0,,,,,,,,,L,,,O,OL,true,2010,,F
dataflow,IMF.STA:QNEA(7.0.0),R,NOR,B1GQ,Q,SA,XDC,Q,1985-Q2,349891373075.25,0,,,,,,,,,L,,,O,OL,true,2010,,F
dataflow,IMF.STA:QNEA(7.0.0),R,NOR,B1GQ,Q,SA,XDC,Q,1985-Q3,357380796138.44,0,,,,,,,,,L,,,O,OL,true,2010,,F
dataflow,IMF.STA:QNEA(7.0.0),R,NOR,B1GQ,Q,SA,XDC,Q,1985-Q4,359939361373.42,0,,,,,,,,,L,,,O,OL,true,2010,,F
dataflow,IMF.STA:QNEA(7.0.0),R,NOR,B1GQ,Q,SA,XDC,Q,1986-Q1,368434656701.99,0,,,,,,,,,L,,,O,OL,true,2010,,F
dataflow,IMF.STA:QNEA(7.0.0),R,NOR,B1GQ,Q,SA,XDC,Q,1986-Q2,364736986905.34,0,,,,,,,,,L,,,O,OL,true,2010,,F
dataflow,IMF.STA:QNEA(7.0.0),R,NOR,B1GQ,Q,SA,XDC,Q,1986-Q3,371757886917.12,0,,,,,,,,,L,,,O,OL,true,2010,,F
dataflow,IMF.STA:QNEA(7.0.0),R,NOR,B1GQ,Q,SA,XDC,Q,1986-Q4,373268905329.58,0,,,,,,,,,L,,,O,OL,true,2010,,F
dataflow,IMF.STA:QNEA(7.0.0),R,NOR,B1GQ,Q,SA,XDC,Q,1987-Q1,373876343571.45,0,,,,,,,,,L,,,O,OL,true,2010,,F
dataflow,IMF.STA:QNEA(7.0.0),R,NOR,B1GQ,Q,SA,XDC,Q,1987-Q2,379948831692.07,0,,,,,,,,,L,,,O,OL,true,2010,,F
dataflow,IMF.STA:QNEA(7.0.0),R,NOR,B1GQ,Q,SA,XDC,Q,1987-Q3,372583800867.6,0,,,,,,,,,L,,,O,OL,true,2010,,F
dataflow,IMF.STA:QNEA(7.0.0),R,NOR,B1GQ,Q,SA,XDC,Q,1987-Q4,377572119070.04,0,,,,,,,,,L,,,O,OL,true,2010,,F
dataflow,IMF.STA:QNEA(7.0.0),R,NOR,B1GQ,Q,SA,XDC,Q,1988-Q1,376702636264.38,0,,,,,,,,,L,,,O,OL,true,2010,,F
dataflow,IMF.STA:QNEA(7.0.0),R,NOR,B1GQ,Q,SA,XDC,Q,1988-Q2,372425311263.95,0,,,,,,,,,L,,,O,OL,true,2010,,F
dataflow,IMF.STA:QNEA(7.0.0),R,NOR,B1GQ,Q,SA,XDC,Q,1988-Q3,374747089242.48,0,,,,,,,,,L,,,O,OL,true,2010,,F
dataflow,IMF.STA:QNEA(7.0.0),R,NOR,B1GQ,Q,SA,XDC,Q,1988-Q4,375142997535.26,0,,,,,,,,,L,,,O,OL,true,2010,,F
dataflow,IMF.STA:QNEA(7.0.0),R,NOR,B1GQ,Q,SA,XDC,Q,1989-Q1,374325292209.67,0,,,,,,,,,L,,,O,OL,true,2010,,F
dataflow,IMF.STA:QNEA(7.0.0),R,NOR,B1GQ,Q,SA,XDC,Q,1989-Q2,377575907666.15,0,,,,,,,,,L,,,O,OL,true,2010,,F
dataflow,IMF.STA:QNEA(7.0.0),R,NOR,B1GQ,Q,SA,XDC,Q,1989-Q3,380289805341.35,0,,,,,,,,,L,,,O,OL,true,2010,,F
dataflow,IMF.STA:QNEA(7.0.0),R,NOR,B1GQ,Q,SA,XDC,Q,1989-Q4,382260506747.66,0,,,,,,,,,L,,,O,OL,true,2010,,F
dataflow,IMF.STA:QNEA(7.0.0),R,NOR,B1GQ,Q,SA,XDC,Q,1990-Q1,383252487494,0,,,,,,,,,L,,,O,OL,true,2010,,F
dataflow,IMF.STA:QNEA(7.0.0),R,NOR,B1GQ,Q,SA,XDC,Q,1990-Q2,386304201655.06,0,,,,,,,,,L,,,O,OL,true,2010,,F
dataflow,IMF.STA:QNEA(7.0.0),R,NOR,B1GQ,Q,SA,XDC,Q,1990-Q3,383495589077.28,0,,,,,,,,,L,,,O,OL,true,2010,,F
dataflow,IMF.STA:QNEA(7.0.0),R,NOR,B1GQ,Q,SA,XDC,Q,1990-Q4,391066466956.69,0,,,,,,,,,L,,,O,OL,true,2010,,F
dataflow,IMF.STA:QNEA(7.0.0),R,NOR,B1GQ,Q,SA,XDC,Q,1991-Q1,395737805951.84,0,,,,,,,,,L,,,O,OL,true,2010,,F
dataflow,IMF.STA:QNEA(7.0.0),R,NOR,B1GQ,Q,SA,XDC,Q,1991-Q2,397269030210.19,0,,,,,,,,,L,,,O,OL,true,2010,,F
dataflow,IMF.STA:QNEA(7.0.0),R,NOR,B1GQ,Q,SA,XDC,Q,1991-Q3,396549828383.28,0,,,,,,,,,L,,,O,OL,true,2010,,F
dataflow,IMF.STA:QNEA(7.0.0),R,NOR,B1GQ,Q,SA,XDC,Q,1991-Q4,398703013835.22,0,,,,,,,,,L,,,O,OL,true,2010,,F
dataflow,IMF.STA:QNEA(7.0.0),R,NOR,B1GQ,Q,SA,XDC,Q,1992-Q1,408597563991.21,0,,,,,,,,,L,,,O,OL,true,2010,,F
dataflow,IMF.STA:QNEA(7.0.0),R,NOR,B1GQ,Q,SA,XDC,Q,1992-Q2,410172357104.74,0,,,,,,,,,L,,,O,OL,true,2010,,F
dataflow,IMF.STA:QNEA(7.0.0),R,NOR,B1GQ,Q,SA,XDC,Q,1992-Q3,414150383013.02,0,,,,,,,,,L,,,O,OL,true,2010,,F
dataflow,IMF.STA:QNEA(7.0.0),R,NOR,B1GQ,Q,SA,XDC,Q,1992-Q4,411948577244.43,0,,,,,,,,,L,,,O,OL,true,2010,,F
dataflow,IMF.STA:QNEA(7.0.0),R,NOR,B1GQ,Q,SA,XDC,Q,1993-Q1,413207022583.35,0,,,,,,,,,L,,,O,OL,true,2010,,F
dataflow,IMF.STA:QNEA(7.0.0),R,NOR,B1GQ,Q,SA,XDC,Q,1993-Q2,418473802599.37,0,,,,,,,,,L,,,O,OL,true,2010,,F
dataflow,IMF.STA:QNEA(7.0.0),R,NOR,B1GQ,Q,SA,XDC,Q,1993-Q3,424623325507.43,0,,,,,,,,,L,,,O,OL,true,2010,,F
dataflow,IMF.STA:QNEA(7.0.0),R,NOR,B1GQ,Q,SA,XDC,Q,1993-Q4,435823047020.95,0,,,,,,,,,L,,,O,OL,true,2010,,F
dataflow,IMF.STA:QNEA(7.0.0),R,NOR,B1GQ,Q,SA,XDC,Q,1994-Q1,437745128110.6,0,,,,,,,,,L,,,O,OL,true,2010,,F
dataflow,IMF.STA:QNEA(7.0.0),R,NOR,B1GQ,Q,SA,XDC,Q,1994-Q2,445252231288.94,0,,,,,,,,,L,,,O,OL,true,2010,,F
dataflow,IMF.STA:QNEA(7.0.0),R,NOR,B1GQ,Q,SA,XDC,Q,1994-Q3,440770953531.63,0,,,,,,,,,L,,,O,OL,true,2010,,F
dataflow,IMF.STA:QNEA(7.0.0),R,NOR,B1GQ,Q,SA,XDC,Q,1994-Q4,453630080138.31,0,,,,,,,,,L,,,O,OL,true,2010,,F
dataflow,IMF.STA:QNEA(7.0.0),R,NOR,B1GQ,Q,SA,XDC,Q,1995-Q1,455539532574.29,0,,,,,,,,,L,,,O,OL,true,2010,,F
dataflow,IMF.STA:QNEA(7.0.0),R,NOR,B1GQ,Q,SA,XDC,Q,1995-Q2,458471905958.11,0,,,,,,,,,L,,,O,OL,true,2010,,F
dataflow,IMF.STA:QNEA(7.0.0),R,NOR,B1GQ,Q,SA,XDC,Q,1995-Q3,466460160841.54,0,,,,,,,,,L,,,O,OL,true,2010,,F
dataflow,IMF.STA:QNEA(7.0.0),R,NOR,B1GQ,Q,SA,XDC,Q,1995-Q4,470741274438.08,0,,,,,,,,,L,,,O,OL,true,2010,,F
dataflow,IMF.STA:QNEA(7.0.0),R,NOR,B1GQ,Q,SA,XDC,Q,1996-Q1,481711785887.36,0,,,,,,,,,L,,,O,OL,true,2010,,F
dataflow,IMF.STA:QNEA(7.0.0),R,NOR,B1GQ,Q,SA,XDC,Q,1996-Q2,481223056990.05,0,,,,,,,,,L,,,O,OL,true,2010,,F
dataflow,IMF.STA:QNEA(7.0.0),R,NOR,B1GQ,Q,SA,XDC,Q,1996-Q3,493087677119.67,0,,,,,,,,,L,,,O,OL,true,2010,,F
dataflow,IMF.STA:QNEA(7.0.0),R,NOR,B1GQ,Q,SA,XDC,Q,1996-Q4,487185675823.69,0,,,,,,,,,L,,,O,OL,true,2010,,F
dataflow,IMF.STA:QNEA(7.0.0),R,NOR,B1GQ,Q,SA,XDC,Q,1997-Q1,502675982423.99,0,,,,,,,,,L,,,O,OL,true,2010,,F
dataflow,IMF.STA:QNEA(7.0.0),R,NOR,B1GQ,Q,SA,XDC,Q,1997-Q2,511642957967.4,0,,,,,,,,,L,,,O,OL,true,2010,,F
dataflow,IMF.STA:QNEA(7.0.0),R,NOR,B1GQ,Q,SA,XDC,Q,1997-Q3,511233158155.58,0,,,,,,,,,L,,,O,OL,true,2010,,F
dataflow,IMF.STA:QNEA(7.0.0),R,NOR,B1GQ,Q,SA,XDC,Q,1997-Q4,516606018862.5,0,,,,,,,,,L,,,O,OL,true,2010,,F
dataflow,IMF.STA:QNEA(7.0.0),R,NOR,B1GQ,Q,SA,XDC,Q,1998-Q1,524184473934.11,0,,,,,,,,,L,,,O,OL,true,2010,,F
dataflow,IMF.STA:QNEA(7.0.0),R,NOR,B1GQ,Q,SA,XDC,Q,1998-Q2,528598188394.25,0,,,,,,,,,L,,,O,OL,true,2010,,F
dataflow,IMF.STA:QNEA(7.0.0),R,NOR,B1GQ,Q,SA,XDC,Q,1998-Q3,521532456661.93,0,,,,,,,,,L,,,O,OL,true,2010,,F
dataflow,IMF.STA:QNEA(7.0.0),R,NOR,B1GQ,Q,SA,XDC,Q,1998-Q4,523510735260.44,0,,,,,,,,,L,,,O,OL,true,2010,,F
dataflow,IMF.STA:QNEA(7.0.0),R,NOR,B1GQ,Q,SA,XDC,Q,1999-Q1,530017649067.56,0,,,,,,,,,L,,,O,OL,true,2010,,F
dataflow,IMF.STA:QNEA(7.0.0),R,NOR,B1GQ,Q,SA,XDC,Q,1999-Q2,530196344517.09,0,,,,,,,,,L,,,O,OL,true,2010,,F
dataflow,IMF.STA:QNEA(7.0.0),R,NOR,B1GQ,Q,SA,XDC,Q,1999-Q3,538256582726.48,0,,,,,,,,,L,,,O,OL,true,2010,,F
dataflow,IMF.STA:QNEA(7.0.0),R,NOR,B1GQ,Q,SA,XDC,Q,1999-Q4,545142987576.6,0,,,,,,,,,L,,,O,OL,true,2010,,F
dataflow,IMF.STA:QNEA(7.0.0),R,NOR,B1GQ,Q,SA,XDC,Q,2000-Q1,556816915035.69,0,,,,,,,,,L,,,O,OL,true,2010,,F
dataflow,IMF.STA:QNEA(7.0.0),R,NOR,B1GQ,Q,SA,XDC,Q,2000-Q2,550846087577.17,0,,,,,,,,,L,,,O,OL,true,2010,,F
dataflow,IMF.STA:QNEA(7.0.0),R,NOR,B1GQ,Q,SA,XDC,Q,2000-Q3,554800750476.14,0,,,,,,,,,L,,,O,OL,true,2010,,F
dataflow,IMF.STA:QNEA(7.0.0),R,NOR,B1GQ,Q,SA,XDC,Q,2000-Q4,554962397243.21,0,,,,,,,,,L,,,O,OL,true,2010,,F
dataflow,IMF.STA:QNEA(7.0.0),R,NOR,B1GQ,Q,SA,XDC,Q,2001-Q1,563432435264.43,0,,,,,,,,,L,,,O,OL,true,2010,,F
dataflow,IMF.STA:QNEA(7.0.0),R,NOR,B1GQ,Q,SA,XDC,Q,2001-Q2,562693027591.64,0,,,,,,,,,L,,,O,OL,true,2010,,F
dataflow,IMF.STA:QNEA(7.0.0),R,NOR,B1GQ,Q,SA,XDC,Q,2001-Q3,567808263763.54,0,,,,,,,,,L,,,O,OL,true,2010,,F
dataflow,IMF.STA:QNEA(7.0.0),R,NOR,B1GQ,Q,SA,XDC,Q,2001-Q4,571464890435.74,0,,,,,,,,,L,,,O,OL,true,2010,,F
dataflow,IMF.STA:QNEA(7.0.0),R,NOR,B1GQ,Q,SA,XDC,Q,2002-Q1,570050481223.9,0,,,,,,,,,L,,,O,OL,true,2010,,F
dataflow,IMF.STA:QNEA(7.0.0),R,NOR,B1GQ,Q,SA,XDC,Q,2002-Q2,578773092318.66,0,,,,,,,,,L,,,O,OL,true,2010,,F
dataflow,IMF.STA:QNEA(7.0.0),R,NOR,B1GQ,Q,SA,XDC,Q,2002-Q3,572413302326.88,0,,,,,,,,,L,,,O,OL,true,2010,,F
dataflow,IMF.STA:QNEA(7.0.0),R,NOR,B1GQ,Q,SA,XDC,Q,2002-Q4,577180619089.98,0,,,,,,,,,L,,,O,OL,true,2010,,F
dataflow,IMF.STA:QNEA(7.0.0),R,NOR,B1GQ,Q,SA,XDC,Q,2003-Q1,579412102194.72,0,,,,,,,,,L,,,O,OL,true,2010,,F
dataflow,IMF.STA:QNEA(7.0.0),R,NOR,B1GQ,Q,SA,XDC,Q,2003-Q2,577382677548.82,0,,,,,,,,,L,,,O,OL,true,2010,,F
dataflow,IMF.STA:QNEA(7.0.0),R,NOR,B1GQ,Q,SA,XDC,Q,2003-Q3,583342139219.03,0,,,,,,,,,L,,,O,OL,true,2010,,F
dataflow,IMF.STA:QNEA(7.0.0),R,NOR,B1GQ,Q,SA,XDC,Q,2003-Q4,583479791544.11,0,,,,,,,,,L,,,O,OL,true,2010,,F
dataflow,IMF.STA:QNEA(7.0.0),R,NOR,B1GQ,Q,SA,XDC,Q,2004-Q1,606863638125.28,0,,,,,,,,,L,,,O,OL,true,2010,,F
dataflow,IMF.STA:QNEA(7.0.0),R,NOR,B1GQ,Q,SA,XDC,Q,2004-Q2,607781109814.92,0,,,,,,,,,L,,,O,OL,true,2010,,F
dataflow,IMF.STA:QNEA(7.0.0),R,NOR,B1GQ,Q,SA,XDC,Q,2004-Q3,602626093383.93,0,,,,,,,,,L,,,O,OL,true,2010,,F
dataflow,IMF.STA:QNEA(7.0.0),R,NOR,B1GQ,Q,SA,XDC,Q,2004-Q4,606961510191.27,0,,,,,,,,,L,,,O,OL,true,2010,,F
dataflow,IMF.STA:QNEA(7.0.0),R,NOR,B1GQ,Q,SA,XDC,Q,2005-Q1,620128775947.68,0,,,,,,,,,L,,,O,OL,true,2010,,F
dataflow,IMF.STA:QNEA(7.0.0),R,NOR,B1GQ,Q,SA,XDC,Q,2005-Q2,622503594271.66,0,,,,,,,,,L,,,O,OL,true,2010,,F
dataflow,IMF.STA:QNEA(7.0.0),R,NOR,B1GQ,Q,SA,XDC,Q,2005-Q3,626280193153.79,0,,,,,,,,,L,,,O,OL,true,2010,,F
dataflow,IMF.STA:QNEA(7.0.0),R,NOR,B1GQ,Q,SA,XDC,Q,2005-Q4,627313217024.57,0,,,,,,,,,L,,,O,OL,true,2010,,F
dataflow,IMF.STA:QNEA(7.0.0),R,NOR,B1GQ,Q,SA,XDC,Q,2006-Q1,636869319262.02,0,,,,,,,,,L,,,O,OL,true,2010,,F
dataflow,IMF.STA:QNEA(7.0.0),R,NOR,B1GQ,Q,SA,XDC,Q,2006-Q2,637447711600.43,0,,,,,,,,,L,,,O,OL,true,2010,,F
dataflow,IMF.STA:QNEA(7.0.0),R,NOR,B1GQ,Q,SA,XDC,Q,2006-Q3,642205556873.27,0,,,,,,,,,L,,,O,OL,true,2010,,F
dataflow,IMF.STA:QNEA(7.0.0),R,NOR,B1GQ,Q,SA,XDC,Q,2006-Q4,650777255556.59,0,,,,,,,,,L,,,O,OL,true,2010,,F
dataflow,IMF.STA:QNEA(7.0.0),R,NOR,B1GQ,Q,SA,XDC,Q,2007-Q1,659405783181.46,0,,,,,,,,,L,,,O,OL,true,2010,,F
dataflow,IMF.STA:QNEA(7.0.0),R,NOR,B1GQ,Q,SA,XDC,Q,2007-Q2,659398205989.25,0,,,,,,,,,L,,,O,OL,true,2010,,F
dataflow,IMF.STA:QNEA(7.0.0),R,NOR,B1GQ,Q,SA,XDC,Q,2007-Q3,665522471589.95,0,,,,,,,,,L,,,O,OL,true,2010,,F
dataflow,IMF.STA:QNEA(7.0.0),R,NOR,B1GQ,Q,SA,XDC,Q,2007-Q4,670782305846.45,0,,,,,,,,,L,,,O,OL,true,2010,,F
dataflow,IMF.STA:QNEA(7.0.0),R,NOR,B1GQ,Q,SA,XDC,Q,2008-Q1,669122269320.6,0,,,,,,,,,L,,,O,OL,true,2010,,F
dataflow,IMF.STA:QNEA(7.0.0),R,NOR,B1GQ,Q,SA,XDC,Q,2008-Q2,669362845173.15,0,,,,,,,,,L,,,O,OL,true,2010,,F
dataflow,IMF.STA:QNEA(7.0.0),R,NOR,B1GQ,Q,SA,XDC,Q,2008-Q3,668480102281.12,0,,,,,,,,,L,,,O,OL,true,2010,,F
dataflow,IMF.STA:QNEA(7.0.0),R,NOR,B1GQ,Q,SA,XDC,Q,2008-Q4,669989857828.22,0,,,,,,,,,L,,,O,OL,true,2010,,F
dataflow,IMF.STA:QNEA(7.0.0),R,NOR,B1GQ,Q,SA,XDC,Q,2009-Q1,661388481808.76,0,,,,,,,,,L,,,O,OL,true,2010,,F
dataflow,IMF.STA:QNEA(7.0.0),R,NOR,B1GQ,Q,SA,XDC,Q,2009-Q2,657171774345.98,0,,,,,,,,,L,,,O,OL,true,2010,,F
dataflow,IMF.STA:QNEA(7.0.0),R,NOR,B1GQ,Q,SA,XDC,Q,2009-Q3,657477387764.96,0,,,,,,,,,L,,,O,OL,true,2010,,F
dataflow,IMF.STA:QNEA(7.0.0),R,NOR,B1GQ,Q,SA,XDC,Q,2009-Q4,657731223703.87,0,,,,,,,,,L,,,O,OL,true,2010,,F
dataflow,IMF.STA:QNEA(7.0.0),R,NOR,B1GQ,Q,SA,XDC,Q,2010-Q1,671594959710.57,0,,,,,,,,,L,,,O,OL,true,2010,,F
dataflow,IMF.STA:QNEA(7.0.0),R,NOR,B1GQ,Q,SA,XDC,Q,2010-Q2,666439943279.59,0,,,,,,,,,L,,,O,OL,true,2010,,F
dataflow,IMF.STA:QNEA(7.0.0),R,NOR,B1GQ,Q,SA,XDC,Q,2010-Q3,654532385727.47,0,,,,,,,,,L,,,O,OL,true,2010,,F
dataflow,IMF.STA:QNEA(7.0.0),R,NOR,B1GQ,Q,SA,XDC,Q,2010-Q4,667668711282.37,0,,,,,,,,,L,,,O,OL,true,2010,,F
dataflow,IMF.STA:QNEA(7.0.0),R,NOR,B1GQ,Q,SA,XDC,Q,2011-Q1,671837429861.17,0,,,,,,,,,L,,,O,OL,true,2010,,F
dataflow,IMF.STA:QNEA(7.0.0),R,NOR,B1GQ,Q,SA,XDC,Q,2011-Q2,669846522608.98,0,,,,,,,,,L,,,O,OL,true,2010,,F
dataflow,IMF.STA:QNEA(7.0.0),R,NOR,B1GQ,Q,SA,XDC,Q,2011-Q3,677573364361.3,0,,,,,,,,,L,,,O,OL,true,2010,,F
dataflow,IMF.STA:QNEA(7.0.0),R,NOR,B1GQ,Q,SA,XDC,Q,2011-Q4,677824674569.48,0,,,,,,,,,L,,,O,OL,true,2010,,F
dataflow,IMF.STA:QNEA(7.0.0),R,NOR,B1GQ,Q,SA,XDC,Q,2012-Q1,695043843858.18,0,,,,,,,,,L,,,O,OL,true,2010,,F
dataflow,IMF.STA:QNEA(7.0.0),R,NOR,B1GQ,Q,SA,XDC,Q,2012-Q2,696218308650.15,0,,,,,,,,,L,,,O,OL,true,2010,,F
dataflow,IMF.STA:QNEA(7.0.0),R,NOR,B1GQ,Q,SA,XDC,Q,2012-Q3,688981458660.49,0,,,,,,,,,L,,,O,OL,true,2010,,F
dataflow,IMF.STA:QNEA(7.0.0),R,NOR,B1GQ,Q,SA,XDC,Q,2012-Q4,693002421991.28,0,,,,,,,,,L,,,O,OL,true,2010,,F
dataflow,IMF.STA:QNEA(7.0.0),R,NOR,B1GQ,Q,SA,XDC,Q,2013-Q1,697215340857.95,0,,,,,,,,,L,,,O,OL,true,2010,,F
dataflow,IMF.STA:QNEA(7.0.0),R,NOR,B1GQ,Q,SA,XDC,Q,2013-Q2,700803772800.29,0,,,,,,,,,L,,,O,OL,true,2010,,F
dataflow,IMF.STA:QNEA(7.0.0),R,NOR,B1GQ,Q,SA,XDC,Q,2013-Q3,705711899051.89,0,,,,,,,,,L,,,O,OL,true,2010,,F
dataflow,IMF.STA:QNEA(7.0.0),R,NOR,B1GQ,Q,SA,XDC,Q,2013-Q4,704816527506.19,0,,,,,,,,,L,,,O,OL,true,2010,,F
dataflow,IMF.STA:QNEA(7.0.0),R,NOR,B1GQ,Q,SA,XDC,Q,2014-Q1,711396687504.63,0,,,,,,,,,L,,,O,OL,true,2010,,F
dataflow,IMF.STA:QNEA(7.0.0),R,NOR,B1GQ,Q,SA,XDC,Q,2014-Q2,715143609050.62,0,,,,,,,,,L,,,O,OL,true,2010,,F
dataflow,IMF.STA:QNEA(7.0.0),R,NOR,B1GQ,Q,SA,XDC,Q,2014-Q3,717290480175.72,0,,,,,,,,,L,,,O,OL,true,2010,,F
dataflow,IMF.STA:QNEA(7.0.0),R,NOR,B1GQ,Q,SA,XDC,Q,2014-Q4,723561238159.08,0,,,,,,,,,L,,,O,OL,true,2010,,F
dataflow,IMF.STA:QNEA(7.0.0),R,NOR,B1GQ,Q,SA,XDC,Q,2015-Q1,727549998422.98,0,,,,,,,,,L,,,O,OL,true,2010,,F
dataflow,IMF.STA:QNEA(7.0.0),R,NOR,B1GQ,Q,SA,XDC,Q,2015-Q2,730294836299.7,0,,,,,,,,,L,,,O,OL,true,2010,,F
dataflow,IMF.STA:QNEA(7.0.0),R,NOR,B1GQ,Q,SA,XDC,Q,2015-Q3,736395107458.41,0,,,,,,,,,L,,,O,OL,true,2010,,F
dataflow,IMF.STA:QNEA(7.0.0),R,NOR,B1GQ,Q,SA,XDC,Q,2015-Q4,731769863049.18,0,,,,,,,,,L,,,O,OL,true,2010,,F
dataflow,IMF.STA:QNEA(7.0.0),R,NOR,B1GQ,Q,SA,XDC,Q,2016-Q1,734901137728.41,0,,,,,,,,,L,,,O,OL,true,2010,,F
dataflow,IMF.STA:QNEA(7.0.0),R,NOR,B1GQ,Q,SA,XDC,Q,2016-Q2,737656709960.75,0,,,,,,,,,L,,,O,OL,true,2010,,F
dataflow,IMF.STA:QNEA(7.0.0),R,NOR,B1GQ,Q,SA,XDC,Q,2016-Q3,732285112119.2,0,,,,,,,,,L,,,O,OL,true,2010,,F
dataflow,IMF.STA:QNEA(7.0.0),R,NOR,B1GQ,Q,SA,XDC,Q,2016-Q4,750088356640.47,0,,,,,,,,,L,,,O,OL,true,2010,,F
dataflow,IMF.STA:QNEA(7.0.0),R,NOR,B1GQ,Q,SA,XDC,Q,2017-Q1,752948746698.33,0,,,,,,,,,L,,,O,OL,true,2010,,F
dataflow,IMF.STA:QNEA(7.0.0),R,NOR,B1GQ,Q,SA,XDC,Q,2017-Q2,764008921588.72,0,,,,,,,,,L,,,O,OL,true,2010,,F
dataflow,IMF.STA:QNEA(7.0.0),R,NOR,B1GQ,Q,SA,XDC,Q,2017-Q3,769583840754.46,0,,,,,,,,,L,,,O,OL,true,2010,,F
dataflow,IMF.STA:QNEA(7.0.0),R,NOR,B1GQ,Q,SA,XDC,Q,2017-Q4,760577084951.97,0,,,,,,,,,L,,,O,OL,true,2010,,F
dataflow,IMF.STA:QNEA(7.0.0),R,NOR,B1GQ,Q,SA,XDC,Q,2018-Q1,767233016872.47,0,,,,,,,,,L,,,O,OL,true,2010,,F
dataflow,IMF.STA:QNEA(7.0.0),R,NOR,B1GQ,Q,SA,XDC,Q,2018-Q2,769399462410.78,0,,,,,,,,,L,,,O,OL,true,2010,,F
dataflow,IMF.STA:QNEA(7.0.0),R,NOR,B1GQ,Q,SA,XDC,Q,2018-Q3,776773333292.82,0,,,,,,,,,L,,,O,OL,true,2010,,F
dataflow,IMF.STA:QNEA(7.0.0),R,NOR,B1GQ,Q,SA,XDC,Q,2018-Q4,771855735550.97,0,,,,,,,,,L,,,O,OL,true,2010,,F
dataflow,IMF.STA:QNEA(7.0.0),R,NOR,B1GQ,Q,SA,XDC,Q,2019-Q1,774815260540.19,0,,,,,,,,,L,,,O,OL,true,2010,,F
dataflow,IMF.STA:QNEA(7.0.0),R,NOR,B1GQ,Q,SA,XDC,Q,2019-Q2,776501817238.77,0,,,,,,,,,L,,,O,OL,true,2010,,F
dataflow,IMF.STA:QNEA(7.0.0),R,NOR,B1GQ,Q,SA,XDC,Q,2019-Q3,778887369918.37,0,,,,,,,,,L,,,O,OL,true,2010,,F
dataflow,IMF.STA:QNEA(7.0.0),R,NOR,B1GQ,Q,SA,XDC,Q,2019-Q4,799161410531.55,0,,,,,,,,,L,,,O,OL,true,2010,,F
dataflow,IMF.STA:QNEA(7.0.0),R,NOR,B1GQ,Q,SA,XDC,Q,2020-Q1,775459953310.41,0,,,,,,,,,L,,,O,OL,true,2010,,F
dataflow,IMF.STA:QNEA(7.0.0),R,NOR,B1GQ,Q,SA,XDC,Q,2020-Q2,750566351182.15,0,,,,,,,,,L,,,O,OL,true,2010,,F
dataflow,IMF.STA:QNEA(7.0.0),R,NOR,B1GQ,Q,SA,XDC,Q,2020-Q3,776340801904.38,0,,,,,,,,,L,,,O,OL,true,2010,,F
dataflow,IMF.STA:QNEA(7.0.0),R,NOR,B1GQ,Q,SA,XDC,Q,2020-Q4,770242425043.72,0,,,,,,,,,L,,,O,OL,true,2010,,F
dataflow,IMF.STA:QNEA(7.0.0),R,NOR,B1GQ,Q,SA,XDC,Q,2021-Q1,782281952026.77,0,,,,,,,,,L,,,O,OL,true,2010,,F
dataflow,IMF.STA:QNEA(7.0.0),R,NOR,B1GQ,Q,SA,XDC,Q,2021-Q2,786150108648.06,0,,,,,,,,,L,,,O,OL,true,2010,,F
dataflow,IMF.STA:QNEA(7.0.0),R,NOR,B1GQ,Q,SA,XDC,Q,2021-Q3,816904668947.85,0,,,,,,,,,L,,,O,OL,true,2010,,F
dataflow,IMF.STA:QNEA(7.0.0),R,NOR,B1GQ,Q,SA,XDC,Q,2021-Q4,817195759415.11,0,,,,,,,,,L,,,O,OL,true,2010,,F
dataflow,IMF.STA:QNEA(7.0.0),R,NOR,B1GQ,Q,SA,XDC,Q,2022-Q1,818166271450.19,0,,,,,,,,,L,,,O,OL,true,2010,,F
dataflow,IMF.STA:QNEA(7.0.0),R,NOR,B1GQ,Q,SA,XDC,Q,2022-Q2,830488048842.92,0,,,,,,,,,L,,,O,OL,true,2010,,F
dataflow,IMF.STA:QNEA(7.0.0),R,NOR,B1GQ,Q,SA,XDC,Q,2022-Q3,844625195201.73,0,,,,,,,,,L,,,O,OL,true,2010,,F
dataflow,IMF.STA:QNEA(7.0.0),R,NOR,B1GQ,Q,SA,XDC,Q,2022-Q4,838340545699.33,0,,,,,,,,,L,,,O,OL,true,2010,,F
dataflow,IMF.STA:QNEA(7.0.0),R,NOR,B1GQ,Q,SA,XDC,Q,2023-Q1,841382156937.45,0,,,,,,,,,L,,,O,OL,true,2010,,F
dataflow,IMF.STA:QNEA(7.0.0),R,NOR,B1GQ,Q,SA,XDC,Q,2023-Q2,835838177973.21,0,,,,,,,,,L,,,O,OL,true,2010,,F
dataflow,IMF.STA:QNEA(7.0.0),R,NOR,B1GQ,Q,SA,XDC,Q,2023-Q3,828398638092.05,0,,,,,,,,,L,,,O,OL,true,2010,,F
dataflow,IMF.STA:QNEA(7.0.0),R,NOR,B1GQ,Q,SA,XDC,Q,2023-Q4,845483943651.77,0,,,,,,,,,L,,,O,OL,true,2010,,F
dataflow,IMF.STA:QNEA(7.0.0),R,NOR,B1GQ,Q,SA,XDC,Q,2024-Q1,847193863359.65,0,,,,,,,,,L,,,O,OL,true,2010,,F
dataflow,IMF.STA:QNEA(7.0.0),R,NOR,B1GQ,Q,SA,XDC,Q,2024-Q2,856662196454.04,0,,,,,,,,,L,,,O,OL,true,2010,,F
dataflow,IMF.STA:QNEA(7.0.0),R,NOR,B1GQ,Q,SA,XDC,Q,2024-Q3,849073638459.48,0,,,,,,,,,L,,,O,OL,true,2010,,F
dataflow,IMF.STA:QNEA(7.0.0),R,NOR,B1GQ,Q,SA,XDC,Q,2024-Q4,846516967522.55,0,,,,,,,,,L,,,O,OL,true,2010,,F
dataflow,IMF.STA:QNEA(7.0.0),R,NOR,B1GQ,Q,SA,XDC,Q,2025-Q1,849959538514.93,0,,,,,,,,,L,,,O,OL,true,2010,,F
dataflow,IMF.STA:QNEA(7.0.0),R,NOR,B1GQ,Q,SA,XDC,Q,2025-Q2,858280558422.76,0,,,,,,,,,L,,,O,OL,true,2010,,F
dataflow,IMF.STA:QNEA(7.0.0),R,NOR,B1GQ,Q,SA,XDC,Q,2025-Q3,868218046001.25,0,,,,,,,,,L,,,O,OL,true,2010,,F
dataflow,IMF.STA:QNEA(7.0.0),R,NOR,B1GQ,Q,SA,XDC,Q,2025-Q4,863183633212.88,0,,,,,,,,,L,,,O,OL,true,2010,,F
dataflow,IMF.STA:QNEA(7.0.0),R,NOR,B1GQ,Q,SA,XDC,Q,2026-Q1,866221455854.9,0,,,,,,,,,L,,,O,OL,true,2010,,F
dataflow,IMF.STA:QNEA(7.0.0),R,NOR,B1GQ,Q,SA,XDC,Q,2026-Q2,872032530844.41,0,,,,,,,,,L,,,O,OL,true,2010,,F
dataflow,IMF.STA:QNEA(7.0.0),R,NZL,B1GQ,Q,SA,XDC,Q,1987-Q2,26450000000,0,,,,,,,,,L,,,O,OL,true,2009-2010,,F
dataflow,IMF.STA:QNEA(7.0.0),R,NZL,B1GQ,Q,SA,XDC,Q,1987-Q3,26830000000,0,,,,,,,,,L,,,O,OL,true,2009-2010,,F
dataflow,IMF.STA:QNEA(7.0.0),R,NZL,B1GQ,Q,SA,XDC,Q,1987-Q4,26885000000,0,,,,,,,,,L,,,O,OL,true,2009-2010,,F
dataflow,IMF.STA:QNEA(7.0.0),R,NZL,B1GQ,Q,SA,XDC,Q,1988-Q1,26882000000,0,,,,,,,,,L,,,O,OL,true,2009-2010,,F
dataflow,IMF.STA:QNEA(7.0.0),R,NZL,B1GQ,Q,SA,XDC,Q,1988-Q2,26818000000,0,,,,,,,,,L,,,O,OL,true,2009-2010,,F
dataflow,IMF.STA:QNEA(7.0.0),R,NZL,B1GQ,Q,SA,XDC,Q,1988-Q3,27491000000,0,,,,,,,,,L,,,O,OL,true,2009-2010,,F
dataflow,IMF.STA:QNEA(7.0.0),R,NZL,B1GQ,Q,SA,XDC,Q,1988-Q4,27296000000,0,,,,,,,,,L,,,O,OL,true,2009-2010,,F
dataflow,IMF.STA:QNEA(7.0.0),R,NZL,B1GQ,Q,SA,XDC,Q,1989-Q1,27720000000,0,,,,,,,,,L,,,O,OL,true,2009-2010,,F
dataflow,IMF.STA:QNEA(7.0.0),R,NZL,B1GQ,Q,SA,XDC,Q,1989-Q2,27796000000,0,,,,,,,,,L,,,O,OL,true,2009-2010,,F
dataflow,IMF.STA:QNEA(7.0.0),R,NZL,B1GQ,Q,SA,XDC,Q,1989-Q3,27107000000,0,,,,,,,,,L,,,O,OL,true,2009-2010,,F
dataflow,IMF.STA:QNEA(7.0.0),R,NZL,B1GQ,Q,SA,XDC,Q,1989-Q4,27373000000,0,,,,,,,,,L,,,O,OL,true,2009-2010,,F
dataflow,IMF.STA:QNEA(7.0.0),R,NZL,B1GQ,Q,SA,XDC,Q,1990-Q1,27540000000,0,,,,,,,,,L,,,O,OL,true,2009-2010,,F
dataflow,IMF.STA:QNEA(7.0.0),R,NZL,B1GQ,Q,SA,XDC,Q,1990-Q2,27429000000,0,,,,,,,,,L,,,O,OL,true,2009-2010,,F
dataflow,IMF.STA:QNEA(7.0.0),R,NZL,B1GQ,Q,SA,XDC,Q,1990-Q3,27751000000,0,,,,,,,,,L,,,O,OL,true,2009-2010,,F
dataflow,IMF.STA:QNEA(7.0.0),R,NZL,B1GQ,Q,SA,XDC,Q,1990-Q4,28215000000,0,,,,,,,,,L,,,O,OL,true,2009-2010,,F
dataflow,IMF.STA:QNEA(7.0.0),R,NZL,B1GQ,Q,SA,XDC,Q,1991-Q1,27136000000,0,,,,,,,,,L,,,O,OL,true,2009-2010,,F
dataflow,IMF.STA:QNEA(7.0.0),R,NZL,B1GQ,Q,SA,XDC,Q,1991-Q2,26872000000,0,,,,,,,,,L,,,O,OL,true,2009-2010,,F
dataflow,IMF.STA:QNEA(7.0.0),R,NZL,B1GQ,Q,SA,XDC,Q,1991-Q3,27280000000,0,,,,,,,,,L,,,O,OL,true,2009-2010,,F
dataflow,IMF.STA:QNEA(7.0.0),R,NZL,B1GQ,Q,SA,XDC,Q,1991-Q4,27270000000,0,,,,,,,,,L,,,O,OL,true,2009-2010,,F
dataflow,IMF.STA:QNEA(7.0.0),R,NZL,B1GQ,Q,SA,XDC,Q,1992-Q1,27387000000,0,,,,,,,,,L,,,O,OL,true,2009-2010,,F
dataflow,IMF.STA:QNEA(7.0.0),R,NZL,B1GQ,Q,SA,XDC,Q,1992-Q2,27631000000,0,,,,,,,,,L,,,O,OL,true,2009-2010,,F
dataflow,IMF.STA:QNEA(7.0.0),R,NZL,B1GQ,Q,SA,XDC,Q,1992-Q3,27103000000,0,,,,,,,,,L,,,O,OL,true,2009-2010,,F
dataflow,IMF.STA:QNEA(7.0.0),R,NZL,B1GQ,Q,SA,XDC,Q,1992-Q4,27460000000,0,,,,,,,,,L,,,O,OL,true,2009-2010,,F
dataflow,IMF.STA:QNEA(7.0.0),R,NZL,B1GQ,Q,SA,XDC,Q,1993-Q1,28037000000,0,,,,,,,,,L,,,O,OL,true,2009-2010,,F
dataflow,IMF.STA:QNEA(7.0.0),R,NZL,B1GQ,Q,SA,XDC,Q,1993-Q2,28258000000,0,,,,,,,,,L,,,O,OL,true,2009-2010,,F
dataflow,IMF.STA:QNEA(7.0.0),R,NZL,B1GQ,Q,SA,XDC,Q,1993-Q3,29031000000,0,,,,,,,,,L,,,O,OL,true,2009-2010,,F
dataflow,IMF.STA:QNEA(7.0.0),R,NZL,B1GQ,Q,SA,XDC,Q,1993-Q4,29569000000,0,,,,,,,,,L,,,O,OL,true,2009-2010,,F
dataflow,IMF.STA:QNEA(7.0.0),R,NZL,B1GQ,Q,SA,XDC,Q,1994-Q1,30495000000,0,,,,,,,,,L,,,O,OL,true,2009-2010,,F
dataflow,IMF.STA:QNEA(7.0.0),R,NZL,B1GQ,Q,SA,XDC,Q,1994-Q2,30768000000,0,,,,,,,,,L,,,O,OL,true,2009-2010,,F
dataflow,IMF.STA:QNEA(7.0.0),R,NZL,B1GQ,Q,SA,XDC,Q,1994-Q3,30734000000,0,,,,,,,,,L,,,O,OL,true,2009-2010,,F
dataflow,IMF.STA:QNEA(7.0.0),R,NZL,B1GQ,Q,SA,XDC,Q,1994-Q4,31160000000,0,,,,,,,,,L,,,O,OL,true,2009-2010,,F
dataflow,IMF.STA:QNEA(7.0.0),R,NZL,B1GQ,Q,SA,XDC,Q,1995-Q1,31503000000,0,,,,,,,,,L,,,O,OL,true,2009-2010,,F
dataflow,IMF.STA:QNEA(7.0.0),R,NZL,B1GQ,Q,SA,XDC,Q,1995-Q2,32066000000,0,,,,,,,,,L,,,O,OL,true,2009-2010,,F
dataflow,IMF.STA:QNEA(7.0.0),R,NZL,B1GQ,Q,SA,XDC,Q,1995-Q3,31989000000,0,,,,,,,,,L,,,O,OL,true,2009-2010,,F
dataflow,IMF.STA:QNEA(7.0.0),R,NZL,B1GQ,Q,SA,XDC,Q,1995-Q4,32414000000,0,,,,,,,,,L,,,O,OL,true,2009-2010,,F
dataflow,IMF.STA:QNEA(7.0.0),R,NZL,B1GQ,Q,SA,XDC,Q,1996-Q1,32584000000,0,,,,,,,,,L,,,O,OL,true,2009-2010,,F
dataflow,IMF.STA:QNEA(7.0.0),R,NZL,B1GQ,Q,SA,XDC,Q,1996-Q2,33028000000,0,,,,,,,,,L,,,O,OL,true,2009-2010,,F
dataflow,IMF.STA:QNEA(7.0.0),R,NZL,B1GQ,Q,SA,XDC,Q,1996-Q3,33431000000,0,,,,,,,,,L,,,O,OL,true,2009-2010,,F
dataflow,IMF.STA:QNEA(7.0.0),R,NZL,B1GQ,Q,SA,XDC,Q,1996-Q4,33594000000,0,,,,,,,,,L,,,O,OL,true,2009-2010,,F
dataflow,IMF.STA:QNEA(7.0.0),R,NZL,B1GQ,Q,SA,XDC,Q,1997-Q1,33389000000,0,,,,,,,,,L,,,O,OL,true,2009-2010,,F
dataflow,IMF.STA:QNEA(7.0.0),R,NZL,B1GQ,Q,SA,XDC,Q,1997-Q2,34232000000,0,,,,,,,,,L,,,O,OL,true,2009-2010,,F
dataflow,IMF.STA:QNEA(7.0.0),R,NZL,B1GQ,Q,SA,XDC,Q,1997-Q3,34891000000,0,,,,,,,,,L,,,O,OL,true,2009-2010,,F
dataflow,IMF.STA:QNEA(7.0.0),R,NZL,B1GQ,Q,SA,XDC,Q,1997-Q4,34315000000,0,,,,,,,,,L,,,O,OL,true,2009-2010,,F
dataflow,IMF.STA:QNEA(7.0.0),R,NZL,B1GQ,Q,SA,XDC,Q,1998-Q1,34249000000,0,,,,,,,,,L,,,O,OL,true,2009-2010,,F
dataflow,IMF.STA:QNEA(7.0.0),R,NZL,B1GQ,Q,SA,XDC,Q,1998-Q2,34208000000,0,,,,,,,,,L,,,O,OL,true,2009-2010,,F
dataflow,IMF.STA:QNEA(7.0.0),R,NZL,B1GQ,Q,SA,XDC,Q,1998-Q3,34372000000,0,,,,,,,,,L,,,O,OL,true,2009-2010,,F
dataflow,IMF.STA:QNEA(7.0.0),R,NZL,B1GQ,Q,SA,XDC,Q,1998-Q4,35241000000,0,,,,,,,,,L,,,O,OL,true,2009-2010,,F
dataflow,IMF.STA:QNEA(7.0.0),R,NZL,B1GQ,Q,SA,XDC,Q,1999-Q1,35497000000,0,,,,,,,,,L,,,O,OL,true,2009-2010,,F
dataflow,IMF.STA:QNEA(7.0.0),R,NZL,B1GQ,Q,SA,XDC,Q,1999-Q2,35879000000,0,,,,,,,,,L,,,O,OL,true,2009-2010,,F
dataflow,IMF.STA:QNEA(7.0.0),R,NZL,B1GQ,Q,SA,XDC,Q,1999-Q3,36384000000,0,,,,,,,,,L,,,O,OL,true,2009-2010,,F
dataflow,IMF.STA:QNEA(7.0.0),R,NZL,B1GQ,Q,SA,XDC,Q,1999-Q4,36740000000,0,,,,,,,,,L,,,O,OL,true,2009-2010,,F
dataflow,IMF.STA:QNEA(7.0.0),R,NZL,B1GQ,Q,SA,XDC,Q,2000-Q1,37571000000,0,,,,,,,,,L,,,O,OL,true,2009-2010,,F
dataflow,IMF.STA:QNEA(7.0.0),R,NZL,B1GQ,Q,SA,XDC,Q,2000-Q2,37353000000,0,,,,,,,,,L,,,O,OL,true,2009-2010,,F
dataflow,IMF.STA:QNEA(7.0.0),R,NZL,B1GQ,Q,SA,XDC,Q,2000-Q3,37510000000,0,,,,,,,,,L,,,O,OL,true,2009-2010,,F
dataflow,IMF.STA:QNEA(7.0.0),R,NZL,B1GQ,Q,SA,XDC,Q,2000-Q4,37687000000,0,,,,,,,,,L,,,O,OL,true,2009-2010,,F
dataflow,IMF.STA:QNEA(7.0.0),R,NZL,B1GQ,Q,SA,XDC,Q,2001-Q1,37355000000,0,,,,,,,,,L,,,O,OL,true,2009-2010,,F
dataflow,IMF.STA:QNEA(7.0.0),R,NZL,B1GQ,Q,SA,XDC,Q,2001-Q2,38619000000,0,,,,,,,,,L,,,O,OL,true,2009-2010,,F
dataflow,IMF.STA:QNEA(7.0.0),R,NZL,B1GQ,Q,SA,XDC,Q,2001-Q3,38616000000,0,,,,,,,,,L,,,O,OL,true,2009-2010,,F
dataflow,IMF.STA:QNEA(7.0.0),R,NZL,B1GQ,Q,SA,XDC,Q,2001-Q4,39032000000,0,,,,,,,,,L,,,O,OL,true,2009-2010,,F
dataflow,IMF.STA:QNEA(7.0.0),R,NZL,B1GQ,Q,SA,XDC,Q,2002-Q1,39486000000,0,,,,,,,,,L,,,O,OL,true,2009-2010,,F
dataflow,IMF.STA:QNEA(7.0.0),R,NZL,B1GQ,Q,SA,XDC,Q,2002-Q2,39864000000,0,,,,,,,,,L,,,O,OL,true,2009-2010,,F
dataflow,IMF.STA:QNEA(7.0.0),R,NZL,B1GQ,Q,SA,XDC,Q,2002-Q3,40707000000,0,,,,,,,,,L,,,O,OL,true,2009-2010,,F
dataflow,IMF.STA:QNEA(7.0.0),R,NZL,B1GQ,Q,SA,XDC,Q,2002-Q4,41405000000,0,,,,,,,,,L,,,O,OL,true,2009-2010,,F
dataflow,IMF.STA:QNEA(7.0.0),R,NZL,B1GQ,Q,SA,XDC,Q,2003-Q1,41625000000,0,,,,,,,,,L,,,O,OL,true,2009-2010,,F
dataflow,IMF.STA:QNEA(7.0.0),R,NZL,B1GQ,Q,SA,XDC,Q,2003-Q2,41812000000,0,,,,,,,,,L,,,O,OL,true,2009-2010,,F
dataflow,IMF.STA:QNEA(7.0.0),R,NZL,B1GQ,Q,SA,XDC,Q,2003-Q3,42432000000,0,,,,,,,,,L,,,O,OL,true,2009-2010,,F
dataflow,IMF.STA:QNEA(7.0.0),R,NZL,B1GQ,Q,SA,XDC,Q,2003-Q4,42944000000,0,,,,,,,,,L,,,O,OL,true,2009-2010,,F
dataflow,IMF.STA:QNEA(7.0.0),R,NZL,B1GQ,Q,SA,XDC,Q,2004-Q1,44088000000,0,,,,,,,,,L,,,O,OL,true,2009-2010,,F
dataflow,IMF.STA:QNEA(7.0.0),R,NZL,B1GQ,Q,SA,XDC,Q,2004-Q2,44106000000,0,,,,,,,,,L,,,O,OL,true,2009-2010,,F
dataflow,IMF.STA:QNEA(7.0.0),R,NZL,B1GQ,Q,SA,XDC,Q,2004-Q3,44189000000,0,,,,,,,,,L,,,O,OL,true,2009-2010,,F
dataflow,IMF.STA:QNEA(7.0.0),R,NZL,B1GQ,Q,SA,XDC,Q,2004-Q4,44232000000,0,,,,,,,,,L,,,O,OL,true,2009-2010,,F
dataflow,IMF.STA:QNEA(7.0.0),R,NZL,B1GQ,Q,SA,XDC,Q,2005-Q1,44325000000,0,,,,,,,,,L,,,O,OL,true,2009-2010,,F
dataflow,IMF.STA:QNEA(7.0.0),R,NZL,B1GQ,Q,SA,XDC,Q,2005-Q2,45447000000,0,,,,,,,,,L,,,O,OL,true,2009-2010,,F
dataflow,IMF.STA:QNEA(7.0.0),R,NZL,B1GQ,Q,SA,XDC,Q,2005-Q3,45557000000,0,,,,,,,,,L,,,O,OL,true,2009-2010,,F
dataflow,IMF.STA:QNEA(7.0.0),R,NZL,B1GQ,Q,SA,XDC,Q,2005-Q4,45549000000,0,,,,,,,,,L,,,O,OL,true,2009-2010,,F
dataflow,IMF.STA:QNEA(7.0.0),R,NZL,B1GQ,Q,SA,XDC,Q,2006-Q1,45961000000,0,,,,,,,,,L,,,O,OL,true,2009-2010,,F
dataflow,IMF.STA:QNEA(7.0.0),R,NZL,B1GQ,Q,SA,XDC,Q,2006-Q2,45769000000,0,,,,,,,,,L,,,O,OL,true,2009-2010,,F
dataflow,IMF.STA:QNEA(7.0.0),R,NZL,B1GQ,Q,SA,XDC,Q,2006-Q3,46586000000,0,,,,,,,,,L,,,O,OL,true,2009-2010,,F
dataflow,IMF.STA:QNEA(7.0.0),R,NZL,B1GQ,Q,SA,XDC,Q,2006-Q4,46933000000,0,,,,,,,,,L,,,O,OL,true,2009-2010,,F
dataflow,IMF.STA:QNEA(7.0.0),R,NZL,B1GQ,Q,SA,XDC,Q,2007-Q1,47283000000,0,,,,,,,,,L,,,O,OL,true,2009-2010,,F
dataflow,IMF.STA:QNEA(7.0.0),R,NZL,B1GQ,Q,SA,XDC,Q,2007-Q2,47951000000,0,,,,,,,,,L,,,O,OL,true,2009-2010,,F
dataflow,IMF.STA:QNEA(7.0.0),R,NZL,B1GQ,Q,SA,XDC,Q,2007-Q3,48416000000,0,,,,,,,,,L,,,O,OL,true,2009-2010,,F
dataflow,IMF.STA:QNEA(7.0.0),R,NZL,B1GQ,Q,SA,XDC,Q,2007-Q4,48666000000,0,,,,,,,,,L,,,O,OL,true,2009-2010,,F
dataflow,IMF.STA:QNEA(7.0.0),R,NZL,B1GQ,Q,SA,XDC,Q,2008-Q1,48425000000,0,,,,,,,,,L,,,O,OL,true,2009-2010,,F
dataflow,IMF.STA:QNEA(7.0.0),R,NZL,B1GQ,Q,SA,XDC,Q,2008-Q2,47755000000,0,,,,,,,,,L,,,O,OL,true,2009-2010,,F
dataflow,IMF.STA:QNEA(7.0.0),R,NZL,B1GQ,Q,SA,XDC,Q,2008-Q3,47804000000,0,,,,,,,,,L,,,O,OL,true,2009-2010,,F
dataflow,IMF.STA:QNEA(7.0.0),R,NZL,B1GQ,Q,SA,XDC,Q,2008-Q4,47799000000,0,,,,,,,,,L,,,O,OL,true,2009-2010,,F
dataflow,IMF.STA:QNEA(7.0.0),R,NZL,B1GQ,Q,SA,XDC,Q,2009-Q1,47446000000,0,,,,,,,,,L,,,O,OL,true,2009-2010,,F
dataflow,IMF.STA:QNEA(7.0.0),R,NZL,B1GQ,Q,SA,XDC,Q,2009-Q2,48035000000,0,,,,,,,,,L,,,O,OL,true,2009-2010,,F
dataflow,IMF.STA:QNEA(7.0.0),R,NZL,B1GQ,Q,SA,XDC,Q,2009-Q3,48321000000,0,,,,,,,,,L,,,O,OL,true,2009-2010,,F
dataflow,IMF.STA:QNEA(7.0.0),R,NZL,B1GQ,Q,SA,XDC,Q,2009-Q4,48900000000,0,,,,,,,,,L,,,O,OL,true,2009-2010,,F
dataflow,IMF.STA:QNEA(7.0.0),R,NZL,B1GQ,Q,SA,XDC,Q,2010-Q1,49469000000,0,,,,,,,,,L,,,O,OL,true,2009-2010,,F
dataflow,IMF.STA:QNEA(7.0.0),R,NZL,B1GQ,Q,SA,XDC,Q,2010-Q2,49743000000,0,,,,,,,,,L,,,O,OL,true,2009-2010,,F
dataflow,IMF.STA:QNEA(7.0.0),R,NZL,B1GQ,Q,SA,XDC,Q,2010-Q3,49043000000,0,,,,,,,,,L,,,O,OL,true,2009-2010,,F
dataflow,IMF.STA:QNEA(7.0.0),R,NZL,B1GQ,Q,SA,XDC,Q,2010-Q4,48461000000,0,,,,,,,,,L,,,O,OL,true,2009-2010,,F
dataflow,IMF.STA:QNEA(7.0.0),R,NZL,B1GQ,Q,SA,XDC,Q,2011-Q1,49282000000,0,,,,,,,,,L,,,O,OL,true,2009-2010,,F
dataflow,IMF.STA:QNEA(7.0.0),R,NZL,B1GQ,Q,SA,XDC,Q,2011-Q2,49700000000,0,,,,,,,,,L,,,O,OL,true,2009-2010,,F
dataflow,IMF.STA:QNEA(7.0.0),R,NZL,B1GQ,Q,SA,XDC,Q,2011-Q3,50230000000,0,,,,,,,,,L,,,O,OL,true,2009-2010,,F
dataflow,IMF.STA:QNEA(7.0.0),R,NZL,B1GQ,Q,SA,XDC,Q,2011-Q4,50647000000,0,,,,,,,,,L,,,O,OL,true,2009-2010,,F
dataflow,IMF.STA:QNEA(7.0.0),R,NZL,B1GQ,Q,SA,XDC,Q,2012-Q1,50746000000,0,,,,,,,,,L,,,O,OL,true,2009-2010,,F
dataflow,IMF.STA:QNEA(7.0.0),R,NZL,B1GQ,Q,SA,XDC,Q,2012-Q2,51073000000,0,,,,,,,,,L,,,O,OL,true,2009-2010,,F
dataflow,IMF.STA:QNEA(7.0.0),R,NZL,B1GQ,Q,SA,XDC,Q,2012-Q3,51392000000,0,,,,,,,,,L,,,O,OL,true,2009-2010,,F
dataflow,IMF.STA:QNEA(7.0.0),R,NZL,B1GQ,Q,SA,XDC,Q,2012-Q4,51967000000,0,,,,,,,,,L,,,O,OL,true,2009-2010,,F
dataflow,IMF.STA:QNEA(7.0.0),R,NZL,B1GQ,Q,SA,XDC,Q,2013-Q1,52238000000,0,,,,,,,,,L,,,O,OL,true,2009-2010,,F
dataflow,IMF.STA:QNEA(7.0.0),R,NZL,B1GQ,Q,SA,XDC,Q,2013-Q2,51999000000,0,,,,,,,,,L,,,O,OL,true,2009-2010,,F
dataflow,IMF.STA:QNEA(7.0.0),R,NZL,B1GQ,Q,SA,XDC,Q,2013-Q3,52465000000,0,,,,,,,,,L,,,O,OL,true,2009-2010,,F
dataflow,IMF.STA:QNEA(7.0.0),R,NZL,B1GQ,Q,SA,XDC,Q,2013-Q4,52759000000,0,,,,,,,,,L,,,O,OL,true,2009-2010,,F
dataflow,IMF.STA:QNEA(7.0.0),R,NZL,B1GQ,Q,SA,XDC,Q,2014-Q1,53345000000,0,,,,,,,,,L,,,O,OL,true,2009-2010,,F
dataflow,IMF.STA:QNEA(7.0.0),R,NZL,B1GQ,Q,SA,XDC,Q,2014-Q2,53594000000,0,,,,,,,,,L,,,O,OL,true,2009-2010,,F
dataflow,IMF.STA:QNEA(7.0.0),R,NZL,B1GQ,Q,SA,XDC,Q,2014-Q3,54273000000,0,,,,,,,,,L,,,O,OL,true,2009-2010,,F
dataflow,IMF.STA:QNEA(7.0.0),R,NZL,B1GQ,Q,SA,XDC,Q,2014-Q4,54982000000,0,,,,,,,,,L,,,O,OL,true,2009-2010,,F
dataflow,IMF.STA:QNEA(7.0.0),R,NZL,B1GQ,Q,SA,XDC,Q,2015-Q1,55423000000,0,,,,,,,,,L,,,O,OL,true,2009-2010,,F
dataflow,IMF.STA:QNEA(7.0.0),R,NZL,B1GQ,Q,SA,XDC,Q,2015-Q2,55875000000,0,,,,,,,,,L,,,O,OL,true,2009-2010,,F
dataflow,IMF.STA:QNEA(7.0.0),R,NZL,B1GQ,Q,SA,XDC,Q,2015-Q3,56655000000,0,,,,,,,,,L,,,O,OL,true,2009-2010,,F
dataflow,IMF.STA:QNEA(7.0.0),R,NZL,B1GQ,Q,SA,XDC,Q,2015-Q4,57213000000,0,,,,,,,,,L,,,O,OL,true,2009-2010,,F
dataflow,IMF.STA:QNEA(7.0.0),R,NZL,B1GQ,Q,SA,XDC,Q,2016-Q1,57782000000,0,,,,,,,,,L,,,O,OL,true,2009-2010,,F
dataflow,IMF.STA:QNEA(7.0.0),R,NZL,B1GQ,Q,SA,XDC,Q,2016-Q2,58462000000,0,,,,,,,,,L,,,O,OL,true,2009-2010,,F
dataflow,IMF.STA:QNEA(7.0.0),R,NZL,B1GQ,Q,SA,XDC,Q,2016-Q3,58926000000,0,,,,,,,,,L,,,O,OL,true,2009-2010,,F
dataflow,IMF.STA:QNEA(7.0.0),R,NZL,B1GQ,Q,SA,XDC,Q,2016-Q4,59028000000,0,,,,,,,,,L,,,O,OL,true,2009-2010,,F
dataflow,IMF.STA:QNEA(7.0.0),R,NZL,B1GQ,Q,SA,XDC,Q,2017-Q1,59900000000,0,,,,,,,,,L,,,O,OL,true,2009-2010,,F
dataflow,IMF.STA:QNEA(7.0.0),R,NZL,B1GQ,Q,SA,XDC,Q,2017-Q2,60538000000,0,,,,,,,,,L,,,O,OL,true,2009-2010,,F
dataflow,IMF.STA:QNEA(7.0.0),R,NZL,B1GQ,Q,SA,XDC,Q,2017-Q3,61180000000,0,,,,,,,,,L,,,O,OL,true,2009-2010,,F
dataflow,IMF.STA:QNEA(7.0.0),R,NZL,B1GQ,Q,SA,XDC,Q,2017-Q4,61965000000,0,,,,,,,,,L,,,O,OL,true,2009-2010,,F
dataflow,IMF.STA:QNEA(7.0.0),R,NZL,B1GQ,Q,SA,XDC,Q,2018-Q1,62660000000,0,,,,,,,,,L,,,O,OL,true,2009-2010,,F
dataflow,IMF.STA:QNEA(7.0.0),R,NZL,B1GQ,Q,SA,XDC,Q,2018-Q2,63196000000,0,,,,,,,,,L,,,O,OL,true,2009-2010,,F
dataflow,IMF.STA:QNEA(7.0.0),R,NZL,B1GQ,Q,SA,XDC,Q,2018-Q3,63235000000,0,,,,,,,,,L,,,O,OL,true,2009-2010,,F
dataflow,IMF.STA:QNEA(7.0.0),R,NZL,B1GQ,Q,SA,XDC,Q,2018-Q4,64250000000,0,,,,,,,,,L,,,O,OL,true,2009-2010,,F
dataflow,IMF.STA:QNEA(7.0.0),R,NZL,B1GQ,Q,SA,XDC,Q,2019-Q1,65072000000,0,,,,,,,,,L,,,O,OL,true,2009-2010,,F
dataflow,IMF.STA:QNEA(7.0.0),R,NZL,B1GQ,Q,SA,XDC,Q,2019-Q2,65045000000,0,,,,,,,,,L,,,O,OL,true,2009-2010,,F
dataflow,IMF.STA:QNEA(7.0.0),R,NZL,B1GQ,Q,SA,XDC,Q,2019-Q3,65595000000,0,,,,,,,,,L,,,O,OL,true,2009-2010,,F
dataflow,IMF.STA:QNEA(7.0.0),R,NZL,B1GQ,Q,SA,XDC,Q,2019-Q4,66053000000,0,,,,,,,,,L,,,O,OL,true,2009-2010,,F
dataflow,IMF.STA:QNEA(7.0.0),R,NZL,B1GQ,Q,SA,XDC,Q,2020-Q1,65545000000,0,,,,,,,,,L,,,O,OL,true,2009-2010,,F
dataflow,IMF.STA:QNEA(7.0.0),R,NZL,B1GQ,Q,SA,XDC,Q,2020-Q2,58987000000,0,,,,,,,,,L,,,O,OL,true,2009-2010,,F
dataflow,IMF.STA:QNEA(7.0.0),R,NZL,B1GQ,Q,SA,XDC,Q,2020-Q3,67265000000,0,,,,,,,,,L,,,O,OL,true,2009-2010,,F
dataflow,IMF.STA:QNEA(7.0.0),R,NZL,B1GQ,Q,SA,XDC,Q,2020-Q4,67571000000,0,,,,,,,,,L,,,O,OL,true,2009-2010,,F
dataflow,IMF.STA:QNEA(7.0.0),R,NZL,B1GQ,Q,SA,XDC,Q,2021-Q1,68970000000,0,,,,,,,,,L,,,O,OL,true,2009-2010,,F
dataflow,IMF.STA:QNEA(7.0.0),R,NZL,B1GQ,Q,SA,XDC,Q,2021-Q2,69490000000,0,,,,,,,,,L,,,O,OL,true,2009-2010,,F
dataflow,IMF.STA:QNEA(7.0.0),R,NZL,B1GQ,Q,SA,XDC,Q,2021-Q3,66455000000,0,,,,,,,,,L,,,O,OL,true,2009-2010,,F
dataflow,IMF.STA:QNEA(7.0.0),R,NZL,B1GQ,Q,SA,XDC,Q,2021-Q4,69147000000,0,,,,,,,,,L,,,O,OL,true,2009-2010,,F
dataflow,IMF.STA:QNEA(7.0.0),R,NZL,B1GQ,Q,SA,XDC,Q,2022-Q1,69179000000,0,,,,,,,,,L,,,O,OL,true,2009-2010,,F
dataflow,IMF.STA:QNEA(7.0.0),R,NZL,B1GQ,Q,SA,XDC,Q,2022-Q2,70094000000,0,,,,,,,,,L,,,O,OL,true,2009-2010,,F
dataflow,IMF.STA:QNEA(7.0.0),R,NZL,B1GQ,Q,SA,XDC,Q,2022-Q3,71718000000,0,,,,,,,,,L,,,O,OL,true,2009-2010,,F
dataflow,IMF.STA:QNEA(7.0.0),R,NZL,B1GQ,Q,SA,XDC,Q,2022-Q4,71904000000,0,,,,,,,,,L,,,O,OL,true,2009-2010,,F
dataflow,IMF.STA:QNEA(7.0.0),R,NZL,B1GQ,Q,SA,XDC,Q,2023-Q1,71657000000,0,,,,,,,,,L,,,O,OL,true,2009-2010,,F
dataflow,IMF.STA:QNEA(7.0.0),R,NZL,B1GQ,Q,SA,XDC,Q,2023-Q2,72277000000,0,,,,,,,,,L,,,O,OL,true,2009-2010,,F
dataflow,IMF.STA:QNEA(7.0.0),R,NZL,B1GQ,Q,SA,XDC,Q,2023-Q3,72261000000,0,,,,,,,,,L,,,O,OL,true,2009-2010,,F
dataflow,IMF.STA:QNEA(7.0.0),R,NZL,B1GQ,Q,SA,XDC,Q,2023-Q4,72560000000,0,,,,,,,,,L,,,O,OL,true,2009-2010,,F
dataflow,IMF.STA:QNEA(7.0.0),R,NZL,B1GQ,Q,SA,XDC,Q,2024-Q1,72419000000,0,,,,,,,,,L,,,O,OL,true,2009-2010,,F
dataflow,IMF.STA:QNEA(7.0.0),R,NZL,B1GQ,Q,SA,XDC,Q,2024-Q2,72317000000,0,,,,,,,,,L,,,O,OL,true,2009-2010,,F
dataflow,IMF.STA:QNEA(7.0.0),R,NZL,B1GQ,Q,SA,XDC,Q,2024-Q3,71472000000,0,,,,,,,,,L,,,O,OL,true,2009-2010,,F
dataflow,IMF.STA:QNEA(7.0.0),R,NZL,B1GQ,Q,SA,XDC,Q,2024-Q4,71622000000,0,,,,,,,,,L,,,O,OL,true,2009-2010,,F
dataflow,IMF.STA:QNEA(7.0.0),R,NZL,B1GQ,Q,SA,XDC,Q,2025-Q1,72159000000,0,,,,,,,,,L,,,O,OL,true,2009-2010,,F
dataflow,IMF.STA:QNEA(7.0.0),R,NZL,B1GQ,Q,SA,XDC,Q,2025-Q2,71907000000,0,,,,,,,,,L,,,O,OL,true,2009-2010,,F
dataflow,IMF.STA:QNEA(7.0.0),R,NZL,B1GQ,Q,SA,XDC,Q,2025-Q3,72694000000,0,,,,,,,,,L,,,O,OL,true,2009-2010,,F
dataflow,IMF.STA:QNEA(7.0.0),R,NZL,B1GQ,Q,SA,XDC,Q,2025-Q4,72963000000,0,,,,,,,,,L,,,O,OL,true,2009-2010,,F
dataflow,IMF.STA:QNEA(7.0.0),R,NZL,B1GQ,Q,SA,XDC,Q,2026-Q1,73699000000,0,,,,,,,,,L,,,O,OL,true,2009-2010,,F
dataflow,IMF.STA:QNEA(7.0.0),R,PHL,B1GQ,Q,SA,XDC,Q,2000-Q1,1734316504578.56,0,,,,,,,,,FB,,,O,OL,true,2018,,F
dataflow,IMF.STA:QNEA(7.0.0),R,PHL,B1GQ,Q,SA,XDC,Q,2000-Q2,1736763522985.62,0,,,,,,,,,FB,,,O,OL,true,2018,,F
dataflow,IMF.STA:QNEA(7.0.0),R,PHL,B1GQ,Q,SA,XDC,Q,2000-Q3,1765785691533.46,0,,,,,,,,,FB,,,O,OL,true,2018,,F
dataflow,IMF.STA:QNEA(7.0.0),R,PHL,B1GQ,Q,SA,XDC,Q,2000-Q4,1759253152155.81,0,,,,,,,,,FB,,,O,OL,true,2018,,F
dataflow,IMF.STA:QNEA(7.0.0),R,PHL,B1GQ,Q,SA,XDC,Q,2001-Q1,1775078565876.66,0,,,,,,,,,FB,,,O,OL,true,2018,,F
dataflow,IMF.STA:QNEA(7.0.0),R,PHL,B1GQ,Q,SA,XDC,Q,2001-Q2,1793391372277.5,0,,,,,,,,,FB,,,O,OL,true,2018,,F
dataflow,IMF.STA:QNEA(7.0.0),R,PHL,B1GQ,Q,SA,XDC,Q,2001-Q3,1823239674220.99,0,,,,,,,,,FB,,,O,OL,true,2018,,F
dataflow,IMF.STA:QNEA(7.0.0),R,PHL,B1GQ,Q,SA,XDC,Q,2001-Q4,1816874281307.88,0,,,,,,,,,FB,,,O,OL,true,2018,,F
dataflow,IMF.STA:QNEA(7.0.0),R,PHL,B1GQ,Q,SA,XDC,Q,2002-Q1,1838485705474.87,0,,,,,,,,,FB,,,O,OL,true,2018,,F
dataflow,IMF.STA:QNEA(7.0.0),R,PHL,B1GQ,Q,SA,XDC,Q,2002-Q2,1855318334024.17,0,,,,,,,,,FB,,,O,OL,true,2018,,F
dataflow,IMF.STA:QNEA(7.0.0),R,PHL,B1GQ,Q,SA,XDC,Q,2002-Q3,1869093946255.37,0,,,,,,,,,FB,,,O,OL,true,2018,,F
dataflow,IMF.STA:QNEA(7.0.0),R,PHL,B1GQ,Q,SA,XDC,Q,2002-Q4,1901927896678.7,0,,,,,,,,,FB,,,O,OL,true,2018,,F
dataflow,IMF.STA:QNEA(7.0.0),R,PHL,B1GQ,Q,SA,XDC,Q,2003-Q1,1919876824415.03,0,,,,,,,,,FB,,,O,OL,true,2018,,F
dataflow,IMF.STA:QNEA(7.0.0),R,PHL,B1GQ,Q,SA,XDC,Q,2003-Q2,1932255109596,0,,,,,,,,,FB,,,O,OL,true,2018,,F
dataflow,IMF.STA:QNEA(7.0.0),R,PHL,B1GQ,Q,SA,XDC,Q,2003-Q3,1977786636962.86,0,,,,,,,,,FB,,,O,OL,true,2018,,F
dataflow,IMF.STA:QNEA(7.0.0),R,PHL,B1GQ,Q,SA,XDC,Q,2003-Q4,2016147102409.39,0,,,,,,,,,FB,,,O,OL,true,2018,,F
dataflow,IMF.STA:QNEA(7.0.0),R,PHL,B1GQ,Q,SA,XDC,Q,2004-Q1,2056049598122.25,0,,,,,,,,,FB,,,O,OL,true,2018,,F
dataflow,IMF.STA:QNEA(7.0.0),R,PHL,B1GQ,Q,SA,XDC,Q,2004-Q2,2069048364356.19,0,,,,,,,,,FB,,,O,OL,true,2018,,F
dataflow,IMF.STA:QNEA(7.0.0),R,PHL,B1GQ,Q,SA,XDC,Q,2004-Q3,2104290256854.26,0,,,,,,,,,FB,,,O,OL,true,2018,,F
dataflow,IMF.STA:QNEA(7.0.0),R,PHL,B1GQ,Q,SA,XDC,Q,2004-Q4,2130405782020.43,0,,,,,,,,,FB,,,O,OL,true,2018,,F
dataflow,IMF.STA:QNEA(7.0.0),R,PHL,B1GQ,Q,SA,XDC,Q,2005-Q1,2163759084378.22,0,,,,,,,,,FB,,,O,OL,true,2018,,F
dataflow,IMF.STA:QNEA(7.0.0),R,PHL,B1GQ,Q,SA,XDC,Q,2005-Q2,2175670550552.61,0,,,,,,,,,FB,,,O,OL,true,2018,,F
dataflow,IMF.STA:QNEA(7.0.0),R,PHL,B1GQ,Q,SA,XDC,Q,2005-Q3,2206919226110.83,0,,,,,,,,,FB,,,O,OL,true,2018,,F
dataflow,IMF.STA:QNEA(7.0.0),R,PHL,B1GQ,Q,SA,XDC,Q,2005-Q4,2226321962387.21,0,,,,,,,,,FB,,,O,OL,true,2018,,F
dataflow,IMF.STA:QNEA(7.0.0),R,PHL,B1GQ,Q,SA,XDC,Q,2006-Q1,2269825878449.52,0,,,,,,,,,FB,,,O,OL,true,2018,,F
dataflow,IMF.STA:QNEA(7.0.0),R,PHL,B1GQ,Q,SA,XDC,Q,2006-Q2,2294687311376.72,0,,,,,,,,,FB,,,O,OL,true,2018,,F
dataflow,IMF.STA:QNEA(7.0.0),R,PHL,B1GQ,Q,SA,XDC,Q,2006-Q3,2314198320103.65,0,,,,,,,,,FB,,,O,OL,true,2018,,F
dataflow,IMF.STA:QNEA(7.0.0),R,PHL,B1GQ,Q,SA,XDC,Q,2006-Q4,2357753284540.36,0,,,,,,,,,FB,,,O,OL,true,2018,,F
dataflow,IMF.STA:QNEA(7.0.0),R,PHL,B1GQ,Q,SA,XDC,Q,2007-Q1,2417845621973.28,0,,,,,,,,,FB,,,O,OL,true,2018,,F
dataflow,IMF.STA:QNEA(7.0.0),R,PHL,B1GQ,Q,SA,XDC,Q,2007-Q2,2439910526547.69,0,,,,,,,,,FB,,,O,OL,true,2018,,F
dataflow,IMF.STA:QNEA(7.0.0),R,PHL,B1GQ,Q,SA,XDC,Q,2007-Q3,2465002622921.86,0,,,,,,,,,FB,,,O,OL,true,2018,,F
dataflow,IMF.STA:QNEA(7.0.0),R,PHL,B1GQ,Q,SA,XDC,Q,2007-Q4,2513610450670.08,0,,,,,,,,,FB,,,O,OL,true,2018,,F
dataflow,IMF.STA:QNEA(7.0.0),R,PHL,B1GQ,Q,SA,XDC,Q,2008-Q1,2518105956719.4,0,,,,,,,,,FB,,,O,OL,true,2018,,F
dataflow,IMF.STA:QNEA(7.0.0),R,PHL,B1GQ,Q,SA,XDC,Q,2008-Q2,2558195306287.14,0,,,,,,,,,FB,,,O,OL,true,2018,,F
dataflow,IMF.STA:QNEA(7.0.0),R,PHL,B1GQ,Q,SA,XDC,Q,2008-Q3,2602240719309.62,0,,,,,,,,,FB,,,O,OL,true,2018,,F
dataflow,IMF.STA:QNEA(7.0.0),R,PHL,B1GQ,Q,SA,XDC,Q,2008-Q4,2597115207291.01,0,,,,,,,,,FB,,,O,OL,true,2018,,F
dataflow,IMF.STA:QNEA(7.0.0),R,PHL,B1GQ,Q,SA,XDC,Q,2009-Q1,2542819397398.2,0,,,,,,,,,FB,,,O,OL,true,2018,,F
dataflow,IMF.STA:QNEA(7.0.0),R,PHL,B1GQ,Q,SA,XDC,Q,2009-Q2,2597499204194.53,0,,,,,,,,,FB,,,O,OL,true,2018,,F
dataflow,IMF.STA:QNEA(7.0.0),R,PHL,B1GQ,Q,SA,XDC,Q,2009-Q3,2633073464691.3,0,,,,,,,,,FB,,,O,OL,true,2018,,F
dataflow,IMF.STA:QNEA(7.0.0),R,PHL,B1GQ,Q,SA,XDC,Q,2009-Q4,2653580964909.29,0,,,,,,,,,FB,,,O,OL,true,2018,,F
dataflow,IMF.STA:QNEA(7.0.0),R,PHL,B1GQ,Q,SA,XDC,Q,2010-Q1,2739135847732.15,0,,,,,,,,,FB,,,O,OL,true,2018,,F
dataflow,IMF.STA:QNEA(7.0.0),R,PHL,B1GQ,Q,SA,XDC,Q,2010-Q2,2790882630837.33,0,,,,,,,,,FB,,,O,OL,true,2018,,F
dataflow,IMF.STA:QNEA(7.0.0),R,PHL,B1GQ,Q,SA,XDC,Q,2010-Q3,2809564215409.72,0,,,,,,,,,FB,,,O,OL,true,2018,,F
dataflow,IMF.STA:QNEA(7.0.0),R,PHL,B1GQ,Q,SA,XDC,Q,2010-Q4,2825890484226.45,0,,,,,,,,,FB,,,O,OL,true,2018,,F
dataflow,IMF.STA:QNEA(7.0.0),R,PHL,B1GQ,Q,SA,XDC,Q,2011-Q1,2863201849253.97,0,,,,,,,,,FB,,,O,OL,true,2018,,F
dataflow,IMF.STA:QNEA(7.0.0),R,PHL,B1GQ,Q,SA,XDC,Q,2011-Q2,2894574271439.39,0,,,,,,,,,FB,,,O,OL,true,2018,,F
dataflow,IMF.STA:QNEA(7.0.0),R,PHL,B1GQ,Q,SA,XDC,Q,2011-Q3,2899799187526.46,0,,,,,,,,,FB,,,O,OL,true,2018,,F
dataflow,IMF.STA:QNEA(7.0.0),R,PHL,B1GQ,Q,SA,XDC,Q,2011-Q4,2946025274433.15,0,,,,,,,,,FB,,,O,OL,true,2018,,F
dataflow,IMF.STA:QNEA(7.0.0),R,PHL,B1GQ,Q,SA,XDC,Q,2012-Q1,3031625054101.13,0,,,,,,,,,FB,,,O,OL,true,2018,,F
dataflow,IMF.STA:QNEA(7.0.0),R,PHL,B1GQ,Q,SA,XDC,Q,2012-Q2,3069314342736.1,0,,,,,,,,,FB,,,O,OL,true,2018,,F
dataflow,IMF.STA:QNEA(7.0.0),R,PHL,B1GQ,Q,SA,XDC,Q,2012-Q3,3122330499265.86,0,,,,,,,,,FB,,,O,OL,true,2018,,F
dataflow,IMF.STA:QNEA(7.0.0),R,PHL,B1GQ,Q,SA,XDC,Q,2012-Q4,3194456484020.52,0,,,,,,,,,FB,,,O,OL,true,2018,,F
dataflow,IMF.STA:QNEA(7.0.0),R,PHL,B1GQ,Q,SA,XDC,Q,2013-Q1,3262011913577.78,0,,,,,,,,,FB,,,O,OL,true,2018,,F
dataflow,IMF.STA:QNEA(7.0.0),R,PHL,B1GQ,Q,SA,XDC,Q,2013-Q2,3288623631142.46,0,,,,,,,,,FB,,,O,OL,true,2018,,F
dataflow,IMF.STA:QNEA(7.0.0),R,PHL,B1GQ,Q,SA,XDC,Q,2013-Q3,3336796904227.42,0,,,,,,,,,FB,,,O,OL,true,2018,,F
dataflow,IMF.STA:QNEA(7.0.0),R,PHL,B1GQ,Q,SA,XDC,Q,2013-Q4,3367405328193.74,0,,,,,,,,,FB,,,O,OL,true,2018,,F
dataflow,IMF.STA:QNEA(7.0.0),R,PHL,B1GQ,Q,SA,XDC,Q,2014-Q1,3452080791548.96,0,,,,,,,,,FB,,,O,OL,true,2018,,F
dataflow,IMF.STA:QNEA(7.0.0),R,PHL,B1GQ,Q,SA,XDC,Q,2014-Q2,3505975335519.46,0,,,,,,,,,FB,,,O,OL,true,2018,,F
dataflow,IMF.STA:QNEA(7.0.0),R,PHL,B1GQ,Q,SA,XDC,Q,2014-Q3,3539318837817.47,0,,,,,,,,,FB,,,O,OL,true,2018,,F
dataflow,IMF.STA:QNEA(7.0.0),R,PHL,B1GQ,Q,SA,XDC,Q,2014-Q4,3592786776125.69,0,,,,,,,,,FB,,,O,OL,true,2018,,F
dataflow,IMF.STA:QNEA(7.0.0),R,PHL,B1GQ,Q,SA,XDC,Q,2015-Q1,3646293162764.72,0,,,,,,,,,FB,,,O,OL,true,2018,,F
dataflow,IMF.STA:QNEA(7.0.0),R,PHL,B1GQ,Q,SA,XDC,Q,2015-Q2,3713056927160.93,0,,,,,,,,,FB,,,O,OL,true,2018,,F
dataflow,IMF.STA:QNEA(7.0.0),R,PHL,B1GQ,Q,SA,XDC,Q,2015-Q3,3760393516444.25,0,,,,,,,,,FB,,,O,OL,true,2018,,F
dataflow,IMF.STA:QNEA(7.0.0),R,PHL,B1GQ,Q,SA,XDC,Q,2015-Q4,3845525833625.64,0,,,,,,,,,FB,,,O,OL,true,2018,,F
dataflow,IMF.STA:QNEA(7.0.0),R,PHL,B1GQ,Q,SA,XDC,Q,2016-Q1,3912695487982.12,0,,,,,,,,,FB,,,O,OL,true,2018,,F
dataflow,IMF.STA:QNEA(7.0.0),R,PHL,B1GQ,Q,SA,XDC,Q,2016-Q2,3984253374346.51,0,,,,,,,,,FB,,,O,OL,true,2018,,F
dataflow,IMF.STA:QNEA(7.0.0),R,PHL,B1GQ,Q,SA,XDC,Q,2016-Q3,4041502468912.69,0,,,,,,,,,FB,,,O,OL,true,2018,,F
dataflow,IMF.STA:QNEA(7.0.0),R,PHL,B1GQ,Q,SA,XDC,Q,2016-Q4,4102643198060.31,0,,,,,,,,,FB,,,O,OL,true,2018,,F
dataflow,IMF.STA:QNEA(7.0.0),R,PHL,B1GQ,Q,SA,XDC,Q,2017-Q1,4178642107981.35,0,,,,,,,,,FB,,,O,OL,true,2018,,F
dataflow,IMF.STA:QNEA(7.0.0),R,PHL,B1GQ,Q,SA,XDC,Q,2017-Q2,4274065614253.21,0,,,,,,,,,FB,,,O,OL,true,2018,,F
dataflow,IMF.STA:QNEA(7.0.0),R,PHL,B1GQ,Q,SA,XDC,Q,2017-Q3,4351364054804.46,0,,,,,,,,,FB,,,O,OL,true,2018,,F
dataflow,IMF.STA:QNEA(7.0.0),R,PHL,B1GQ,Q,SA,XDC,Q,2017-Q4,4363234540249.93,0,,,,,,,,,FB,,,O,OL,true,2018,,F
dataflow,IMF.STA:QNEA(7.0.0),R,PHL,B1GQ,Q,SA,XDC,Q,2018-Q1,4460038098848.69,0,,,,,,,,,FB,,,O,OL,true,2018,,F
dataflow,IMF.STA:QNEA(7.0.0),R,PHL,B1GQ,Q,SA,XDC,Q,2018-Q2,4551866783635.44,0,,,,,,,,,FB,,,O,OL,true,2018,,F
dataflow,IMF.STA:QNEA(7.0.0),R,PHL,B1GQ,Q,SA,XDC,Q,2018-Q3,4612868011074.25,0,,,,,,,,,FB,,,O,OL,true,2018,,F
dataflow,IMF.STA:QNEA(7.0.0),R,PHL,B1GQ,Q,SA,XDC,Q,2018-Q4,4619710728319.81,0,,,,,,,,,FB,,,O,OL,true,2018,,F
dataflow,IMF.STA:QNEA(7.0.0),R,PHL,B1GQ,Q,SA,XDC,Q,2019-Q1,4733169723594.59,0,,,,,,,,,FB,,,O,OL,true,2018,,F
dataflow,IMF.STA:QNEA(7.0.0),R,PHL,B1GQ,Q,SA,XDC,Q,2019-Q2,4824636499092.71,0,,,,,,,,,FB,,,O,OL,true,2018,,F
dataflow,IMF.STA:QNEA(7.0.0),R,PHL,B1GQ,Q,SA,XDC,Q,2019-Q3,4905251698666.04,0,,,,,,,,,FB,,,O,OL,true,2018,,F
dataflow,IMF.STA:QNEA(7.0.0),R,PHL,B1GQ,Q,SA,XDC,Q,2019-Q4,4885802526128.2,0,,,,,,,,,FB,,,O,OL,true,2018,,F
dataflow,IMF.STA:QNEA(7.0.0),R,PHL,B1GQ,Q,SA,XDC,Q,2020-Q1,4718344914230.64,0,,,,,,,,,FB,,,O,OL,true,2018,,F
dataflow,IMF.STA:QNEA(7.0.0),R,PHL,B1GQ,Q,SA,XDC,Q,2020-Q2,4060365478036.02,0,,,,,,,,,FB,,,O,OL,true,2018,,F
dataflow,IMF.STA:QNEA(7.0.0),R,PHL,B1GQ,Q,SA,XDC,Q,2020-Q3,4337006934199.69,0,,,,,,,,,FB,,,O,OL,true,2018,,F
dataflow,IMF.STA:QNEA(7.0.0),R,PHL,B1GQ,Q,SA,XDC,Q,2020-Q4,4438096437105.33,0,,,,,,,,,FB,,,O,OL,true,2018,,F
dataflow,IMF.STA:QNEA(7.0.0),R,PHL,B1GQ,Q,SA,XDC,Q,2021-Q1,4504292124376.44,0,,,,,,,,,FB,,,O,OL,true,2018,,F
dataflow,IMF.STA:QNEA(7.0.0),R,PHL,B1GQ,Q,SA,XDC,Q,2021-Q2,4570396394666.79,0,,,,,,,,,FB,,,O,OL,true,2018,,F
dataflow,IMF.STA:QNEA(7.0.0),R,PHL,B1GQ,Q,SA,XDC,Q,2021-Q3,4653690288109.54,0,,,,,,,,,FB,,,O,OL,true,2018,,F
dataflow,IMF.STA:QNEA(7.0.0),R,PHL,B1GQ,Q,SA,XDC,Q,2021-Q4,4780060192530.14,0,,,,,,,,,FB,,,O,OL,true,2018,,F
dataflow,IMF.STA:QNEA(7.0.0),R,PHL,B1GQ,Q,SA,XDC,Q,2022-Q1,4855345720319.99,0,,,,,,,,,FB,,,O,OL,true,2018,,F
dataflow,IMF.STA:QNEA(7.0.0),R,PHL,B1GQ,Q,SA,XDC,Q,2022-Q2,4939760592915.55,0,,,,,,,,,FB,,,O,OL,true,2018,,F
dataflow,IMF.STA:QNEA(7.0.0),R,PHL,B1GQ,Q,SA,XDC,Q,2022-Q3,5025171559995.97,0,,,,,,,,,FB,,,O,OL,true,2018,,F
dataflow,IMF.STA:QNEA(7.0.0),R,PHL,B1GQ,Q,SA,XDC,Q,2022-Q4,5107024387725.85,0,,,,,,,,,FB,,,O,OL,true,2018,,F
dataflow,IMF.STA:QNEA(7.0.0),R,PHL,B1GQ,Q,SA,XDC,Q,2023-Q1,5155896663139.7,0,,,,,,,,,FB,,,O,OL,true,2018,,F
dataflow,IMF.STA:QNEA(7.0.0),R,PHL,B1GQ,Q,SA,XDC,Q,2023-Q2,5172727173983.04,0,,,,,,,,,FB,,,O,OL,true,2018,,F
dataflow,IMF.STA:QNEA(7.0.0),R,PHL,B1GQ,Q,SA,XDC,Q,2023-Q3,5311883889532.21,0,,,,,,,,,FB,,,O,OL,true,2018,,F
dataflow,IMF.STA:QNEA(7.0.0),R,PHL,B1GQ,Q,SA,XDC,Q,2023-Q4,5395984527259.33,0,,,,,,,,,FB,,,O,OL,true,2018,,F
dataflow,IMF.STA:QNEA(7.0.0),R,PHL,B1GQ,Q,SA,XDC,Q,2024-Q1,5453303797571.87,0,,,,,,,,,FB,,,O,OL,true,2018,,F
dataflow,IMF.STA:QNEA(7.0.0),R,PHL,B1GQ,Q,SA,XDC,Q,2024-Q2,5504683702153.52,0,,,,,,,,,FB,,,O,OL,true,2018,,F
dataflow,IMF.STA:QNEA(7.0.0),R,PHL,B1GQ,Q,SA,XDC,Q,2024-Q3,5586445575784.5,0,,,,,,,,,FB,,,O,OL,true,2018,,F
dataflow,IMF.STA:QNEA(7.0.0),R,PHL,B1GQ,Q,SA,XDC,Q,2024-Q4,5679285358940.33,0,,,,,,,,,FB,,,O,OL,true,2018,,F
dataflow,IMF.STA:QNEA(7.0.0),R,PHL,B1GQ,Q,SA,XDC,Q,2025-Q1,5747257998852.95,0,,,,,,,,,FB,,,O,OL,true,2018,,F
dataflow,IMF.STA:QNEA(7.0.0),R,PHL,B1GQ,Q,SA,XDC,Q,2025-Q2,5799896693072.53,0,,,,,,,,,FB,,,O,OL,true,2018,,F
dataflow,IMF.STA:QNEA(7.0.0),R,PHL,B1GQ,Q,SA,XDC,Q,2025-Q3,5820253025364.56,0,,,,,,,,,FB,,,O,OL,true,2018,,F
dataflow,IMF.STA:QNEA(7.0.0),R,PHL,B1GQ,Q,SA,XDC,Q,2025-Q4,5854198132335.99,0,,,,,,,,,FB,,,O,OL,true,2018,,F
dataflow,IMF.STA:QNEA(7.0.0),R,PHL,B1GQ,Q,SA,XDC,Q,2026-Q1,5908667750533.58,0,,,,,,,,,FB,,,O,OL,true,2018,,F
dataflow,IMF.STA:QNEA(7.0.0),R,POL,B1GQ,Q,SA,XDC,Q,1995-Q1,186192560876.8,0,,,,,,,,,L,,,O,OL,true,2010,,F
dataflow,IMF.STA:QNEA(7.0.0),R,POL,B1GQ,Q,SA,XDC,Q,1995-Q2,189615443067.17,0,,,,,,,,,L,,,O,OL,true,2010,,F
dataflow,IMF.STA:QNEA(7.0.0),R,POL,B1GQ,Q,SA,XDC,Q,1995-Q3,194941494458.92,0,,,,,,,,,L,,,O,OL,true,2010,,F
dataflow,IMF.STA:QNEA(7.0.0),R,POL,B1GQ,Q,SA,XDC,Q,1995-Q4,197224591907.55,0,,,,,,,,,L,,,O,OL,true,2010,,F
dataflow,IMF.STA:QNEA(7.0.0),R,POL,B1GQ,Q,SA,XDC,Q,1996-Q1,201303675616.27,0,,,,,,,,,L,,,O,OL,true,2010,,F
dataflow,IMF.STA:QNEA(7.0.0),R,POL,B1GQ,Q,SA,XDC,Q,1996-Q2,205525977910.34,0,,,,,,,,,L,,,O,OL,true,2010,,F
dataflow,IMF.STA:QNEA(7.0.0),R,POL,B1GQ,Q,SA,XDC,Q,1996-Q3,207703320403.56,0,,,,,,,,,L,,,O,OL,true,2010,,F
dataflow,IMF.STA:QNEA(7.0.0),R,POL,B1GQ,Q,SA,XDC,Q,1996-Q4,200616646402.42,0,,,,,,,,,L,,,O,OL,true,2010,,F
dataflow,IMF.STA:QNEA(7.0.0),R,POL,B1GQ,Q,SA,XDC,Q,1997-Q1,213110430994.65,0,,,,,,,,,L,,,O,OL,true,2010,,F
dataflow,IMF.STA:QNEA(7.0.0),R,POL,B1GQ,Q,SA,XDC,Q,1997-Q2,215809912330.43,0,,,,,,,,,L,,,O,OL,true,2010,,F
dataflow,IMF.STA:QNEA(7.0.0),R,POL,B1GQ,Q,SA,XDC,Q,1997-Q3,216717691363.81,0,,,,,,,,,L,,,O,OL,true,2010,,F
dataflow,IMF.STA:QNEA(7.0.0),R,POL,B1GQ,Q,SA,XDC,Q,1997-Q4,220420626787.95,0,,,,,,,,,L,,,O,OL,true,2010,,F
dataflow,IMF.STA:QNEA(7.0.0),R,POL,B1GQ,Q,SA,XDC,Q,1998-Q1,224705508463.89,0,,,,,,,,,L,,,O,OL,true,2010,,F
dataflow,IMF.STA:QNEA(7.0.0),R,POL,B1GQ,Q,SA,XDC,Q,1998-Q2,224726004261.44,0,,,,,,,,,L,,,O,OL,true,2010,,F
dataflow,IMF.STA:QNEA(7.0.0),R,POL,B1GQ,Q,SA,XDC,Q,1998-Q3,226839927381.09,0,,,,,,,,,L,,,O,OL,true,2010,,F
dataflow,IMF.STA:QNEA(7.0.0),R,POL,B1GQ,Q,SA,XDC,Q,1998-Q4,227563412234.85,0,,,,,,,,,L,,,O,OL,true,2010,,F
dataflow,IMF.STA:QNEA(7.0.0),R,POL,B1GQ,Q,SA,XDC,Q,1999-Q1,229520928899.41,0,,,,,,,,,L,,,O,OL,true,2010,,F
dataflow,IMF.STA:QNEA(7.0.0),R,POL,B1GQ,Q,SA,XDC,Q,1999-Q2,234247226215.25,0,,,,,,,,,L,,,O,OL,true,2010,,F
dataflow,IMF.STA:QNEA(7.0.0),R,POL,B1GQ,Q,SA,XDC,Q,1999-Q3,238897504281.98,0,,,,,,,,,L,,,O,OL,true,2010,,F
dataflow,IMF.STA:QNEA(7.0.0),R,POL,B1GQ,Q,SA,XDC,Q,1999-Q4,242559112114.32,0,,,,,,,,,L,,,O,OL,true,2010,,F
dataflow,IMF.STA:QNEA(7.0.0),R,POL,B1GQ,Q,SA,XDC,Q,2000-Q1,244144176457.8,0,,,,,,,,,L,,,O,OL,true,2010,,F
dataflow,IMF.STA:QNEA(7.0.0),R,POL,B1GQ,Q,SA,XDC,Q,2000-Q2,247111279150.14,0,,,,,,,,,L,,,O,OL,true,2010,,F
dataflow,IMF.STA:QNEA(7.0.0),R,POL,B1GQ,Q,SA,XDC,Q,2000-Q3,247977310595.89,0,,,,,,,,,L,,,O,OL,true,2010,,F
dataflow,IMF.STA:QNEA(7.0.0),R,POL,B1GQ,Q,SA,XDC,Q,2000-Q4,252686052085.14,0,,,,,,,,,L,,,O,OL,true,2010,,F
dataflow,IMF.STA:QNEA(7.0.0),R,POL,B1GQ,Q,SA,XDC,Q,2001-Q1,251644882369.33,0,,,,,,,,,L,,,O,OL,true,2010,,F
dataflow,IMF.STA:QNEA(7.0.0),R,POL,B1GQ,Q,SA,XDC,Q,2001-Q2,250890821817.58,0,,,,,,,,,L,,,O,OL,true,2010,,F
dataflow,IMF.STA:QNEA(7.0.0),R,POL,B1GQ,Q,SA,XDC,Q,2001-Q3,252138545493.15,0,,,,,,,,,L,,,O,OL,true,2010,,F
dataflow,IMF.STA:QNEA(7.0.0),R,POL,B1GQ,Q,SA,XDC,Q,2001-Q4,251855048293.41,0,,,,,,,,,L,,,O,OL,true,2010,,F
dataflow,IMF.STA:QNEA(7.0.0),R,POL,B1GQ,Q,SA,XDC,Q,2002-Q1,253574343311.01,0,,,,,,,,,L,,,O,OL,true,2010,,F
dataflow,IMF.STA:QNEA(7.0.0),R,POL,B1GQ,Q,SA,XDC,Q,2002-Q2,255237106887.01,0,,,,,,,,,L,,,O,OL,true,2010,,F
dataflow,IMF.STA:QNEA(7.0.0),R,POL,B1GQ,Q,SA,XDC,Q,2002-Q3,257586563680.17,0,,,,,,,,,L,,,O,OL,true,2010,,F
dataflow,IMF.STA:QNEA(7.0.0),R,POL,B1GQ,Q,SA,XDC,Q,2002-Q4,258985653860.61,0,,,,,,,,,L,,,O,OL,true,2010,,F
dataflow,IMF.STA:QNEA(7.0.0),R,POL,B1GQ,Q,SA,XDC,Q,2003-Q1,260077055080.26,0,,,,,,,,,L,,,O,OL,true,2010,,F
dataflow,IMF.STA:QNEA(7.0.0),R,POL,B1GQ,Q,SA,XDC,Q,2003-Q2,264256937793.33,0,,,,,,,,,L,,,O,OL,true,2010,,F
dataflow,IMF.STA:QNEA(7.0.0),R,POL,B1GQ,Q,SA,XDC,Q,2003-Q3,267708127704.09,0,,,,,,,,,L,,,O,OL,true,2010,,F
dataflow,IMF.STA:QNEA(7.0.0),R,POL,B1GQ,Q,SA,XDC,Q,2003-Q4,269739563638.51,0,,,,,,,,,L,,,O,OL,true,2010,,F
dataflow,IMF.STA:QNEA(7.0.0),R,POL,B1GQ,Q,SA,XDC,Q,2004-Q1,275904682742.34,0,,,,,,,,,L,,,O,OL,true,2010,,F
dataflow,IMF.STA:QNEA(7.0.0),R,POL,B1GQ,Q,SA,XDC,Q,2004-Q2,278425329844.57,0,,,,,,,,,L,,,O,OL,true,2010,,F
dataflow,IMF.STA:QNEA(7.0.0),R,POL,B1GQ,Q,SA,XDC,Q,2004-Q3,278157792487.18,0,,,,,,,,,L,,,O,OL,true,2010,,F
dataflow,IMF.STA:QNEA(7.0.0),R,POL,B1GQ,Q,SA,XDC,Q,2004-Q4,280839381999.69,0,,,,,,,,,L,,,O,OL,true,2010,,F
dataflow,IMF.STA:QNEA(7.0.0),R,POL,B1GQ,Q,SA,XDC,Q,2005-Q1,282722391400.2,0,,,,,,,,,L,,,O,OL,true,2010,,F
dataflow,IMF.STA:QNEA(7.0.0),R,POL,B1GQ,Q,SA,XDC,Q,2005-Q2,283740629342.52,0,,,,,,,,,L,,,O,OL,true,2010,,F
dataflow,IMF.STA:QNEA(7.0.0),R,POL,B1GQ,Q,SA,XDC,Q,2005-Q3,289002253370.65,0,,,,,,,,,L,,,O,OL,true,2010,,F
dataflow,IMF.STA:QNEA(7.0.0),R,POL,B1GQ,Q,SA,XDC,Q,2005-Q4,294317720866.95,0,,,,,,,,,L,,,O,OL,true,2010,,F
dataflow,IMF.STA:QNEA(7.0.0),R,POL,B1GQ,Q,SA,XDC,Q,2006-Q1,298722637357.24,0,,,,,,,,,L,,,O,OL,true,2010,,F
dataflow,IMF.STA:QNEA(7.0.0),R,POL,B1GQ,Q,SA,XDC,Q,2006-Q2,305908262380.99,0,,,,,,,,,L,,,O,OL,true,2010,,F
dataflow,IMF.STA:QNEA(7.0.0),R,POL,B1GQ,Q,SA,XDC,Q,2006-Q3,310867657394.4,0,,,,,,,,,L,,,O,OL,true,2010,,F
dataflow,IMF.STA:QNEA(7.0.0),R,POL,B1GQ,Q,SA,XDC,Q,2006-Q4,306584035706.02,0,,,,,,,,,L,,,O,OL,true,2010,,F
dataflow,IMF.STA:QNEA(7.0.0),R,POL,B1GQ,Q,SA,XDC,Q,2007-Q1,319207431018.01,0,,,,,,,,,L,,,O,OL,true,2010,,F
dataflow,IMF.STA:QNEA(7.0.0),R,POL,B1GQ,Q,SA,XDC,Q,2007-Q2,323415957448.15,0,,,,,,,,,L,,,O,OL,true,2010,,F
dataflow,IMF.STA:QNEA(7.0.0),R,POL,B1GQ,Q,SA,XDC,Q,2007-Q3,329013494158.3,0,,,,,,,,,L,,,O,OL,true,2010,,F
dataflow,IMF.STA:QNEA(7.0.0),R,POL,B1GQ,Q,SA,XDC,Q,2007-Q4,333406986761.43,0,,,,,,,,,L,,,O,OL,true,2010,,F
dataflow,IMF.STA:QNEA(7.0.0),R,POL,B1GQ,Q,SA,XDC,Q,2008-Q1,338615775311.45,0,,,,,,,,,L,,,O,OL,true,2010,,F
dataflow,IMF.STA:QNEA(7.0.0),R,POL,B1GQ,Q,SA,XDC,Q,2008-Q2,340401765670.27,0,,,,,,,,,L,,,O,OL,true,2010,,F
dataflow,IMF.STA:QNEA(7.0.0),R,POL,B1GQ,Q,SA,XDC,Q,2008-Q3,340423605454.54,0,,,,,,,,,L,,,O,OL,true,2010,,F
dataflow,IMF.STA:QNEA(7.0.0),R,POL,B1GQ,Q,SA,XDC,Q,2008-Q4,341058639181.98,0,,,,,,,,,L,,,O,OL,true,2010,,F
dataflow,IMF.STA:QNEA(7.0.0),R,POL,B1GQ,Q,SA,XDC,Q,2009-Q1,345126551001.04,0,,,,,,,,,L,,,O,OL,true,2010,,F
dataflow,IMF.STA:QNEA(7.0.0),R,POL,B1GQ,Q,SA,XDC,Q,2009-Q2,345860199754.4,0,,,,,,,,,L,,,O,OL,true,2010,,F
dataflow,IMF.STA:QNEA(7.0.0),R,POL,B1GQ,Q,SA,XDC,Q,2009-Q3,348390506761.21,0,,,,,,,,,L,,,O,OL,true,2010,,F
dataflow,IMF.STA:QNEA(7.0.0),R,POL,B1GQ,Q,SA,XDC,Q,2009-Q4,354356043836.42,0,,,,,,,,,L,,,O,OL,true,2010,,F
dataflow,IMF.STA:QNEA(7.0.0),R,POL,B1GQ,Q,SA,XDC,Q,2010-Q1,353202651229.1,0,,,,,,,,,L,,,O,OL,true,2010,,F
dataflow,IMF.STA:QNEA(7.0.0),R,POL,B1GQ,Q,SA,XDC,Q,2010-Q2,358388340007.28,0,,,,,,,,,L,,,O,OL,true,2010,,F
dataflow,IMF.STA:QNEA(7.0.0),R,POL,B1GQ,Q,SA,XDC,Q,2010-Q3,362535211046.43,0,,,,,,,,,L,,,O,OL,true,2010,,F
dataflow,IMF.STA:QNEA(7.0.0),R,POL,B1GQ,Q,SA,XDC,Q,2010-Q4,365504497717.2,0,,,,,,,,,L,,,O,OL,true,2010,,F
dataflow,IMF.STA:QNEA(7.0.0),R,POL,B1GQ,Q,SA,XDC,Q,2011-Q1,372284910743.44,0,,,,,,,,,L,,,O,OL,true,2010,,F
dataflow,IMF.STA:QNEA(7.0.0),R,POL,B1GQ,Q,SA,XDC,Q,2011-Q2,376859841554.41,0,,,,,,,,,L,,,O,OL,true,2010,,F
dataflow,IMF.STA:QNEA(7.0.0),R,POL,B1GQ,Q,SA,XDC,Q,2011-Q3,381345397248.19,0,,,,,,,,,L,,,O,OL,true,2010,,F
dataflow,IMF.STA:QNEA(7.0.0),R,POL,B1GQ,Q,SA,XDC,Q,2011-Q4,385063536522.14,0,,,,,,,,,L,,,O,OL,true,2010,,F
dataflow,IMF.STA:QNEA(7.0.0),R,POL,B1GQ,Q,SA,XDC,Q,2012-Q1,385418433016.64,0,,,,,,,,,L,,,O,OL,true,2010,,F
dataflow,IMF.STA:QNEA(7.0.0),R,POL,B1GQ,Q,SA,XDC,Q,2012-Q2,384963997505.34,0,,,,,,,,,L,,,O,OL,true,2010,,F
dataflow,IMF.STA:QNEA(7.0.0),R,POL,B1GQ,Q,SA,XDC,Q,2012-Q3,385227670900.9,0,,,,,,,,,L,,,O,OL,true,2010,,F
dataflow,IMF.STA:QNEA(7.0.0),R,POL,B1GQ,Q,SA,XDC,Q,2012-Q4,384620776895.52,0,,,,,,,,,L,,,O,OL,true,2010,,F
dataflow,IMF.STA:QNEA(7.0.0),R,POL,B1GQ,Q,SA,XDC,Q,2013-Q1,383747101525.27,0,,,,,,,,,L,,,O,OL,true,2010,,F
dataflow,IMF.STA:QNEA(7.0.0),R,POL,B1GQ,Q,SA,XDC,Q,2013-Q2,386657924773.52,0,,,,,,,,,L,,,O,OL,true,2010,,F
dataflow,IMF.STA:QNEA(7.0.0),R,POL,B1GQ,Q,SA,XDC,Q,2013-Q3,389383193854.59,0,,,,,,,,,L,,,O,OL,true,2010,,F
dataflow,IMF.STA:QNEA(7.0.0),R,POL,B1GQ,Q,SA,XDC,Q,2013-Q4,391725594717.44,0,,,,,,,,,L,,,O,OL,true,2010,,F
dataflow,IMF.STA:QNEA(7.0.0),R,POL,B1GQ,Q,SA,XDC,Q,2014-Q1,396925731352.92,0,,,,,,,,,L,,,O,OL,true,2010,,F
dataflow,IMF.STA:QNEA(7.0.0),R,POL,B1GQ,Q,SA,XDC,Q,2014-Q2,401264204499.51,0,,,,,,,,,L,,,O,OL,true,2010,,F
dataflow,IMF.STA:QNEA(7.0.0),R,POL,B1GQ,Q,SA,XDC,Q,2014-Q3,404601995530.37,0,,,,,,,,,L,,,O,OL,true,2010,,F
dataflow,IMF.STA:QNEA(7.0.0),R,POL,B1GQ,Q,SA,XDC,Q,2014-Q4,407965490307.34,0,,,,,,,,,L,,,O,OL,true,2010,,F
dataflow,IMF.STA:QNEA(7.0.0),R,POL,B1GQ,Q,SA,XDC,Q,2015-Q1,414728851502.01,0,,,,,,,,,L,,,O,OL,true,2010,,F
dataflow,IMF.STA:QNEA(7.0.0),R,POL,B1GQ,Q,SA,XDC,Q,2015-Q2,416991537152.26,0,,,,,,,,,L,,,O,OL,true,2010,,F
dataflow,IMF.STA:QNEA(7.0.0),R,POL,B1GQ,Q,SA,XDC,Q,2015-Q3,422367484051.16,0,,,,,,,,,L,,,O,OL,true,2010,,F
dataflow,IMF.STA:QNEA(7.0.0),R,POL,B1GQ,Q,SA,XDC,Q,2015-Q4,425875625399.38,0,,,,,,,,,L,,,O,OL,true,2010,,F
dataflow,IMF.STA:QNEA(7.0.0),R,POL,B1GQ,Q,SA,XDC,Q,2016-Q1,425253359545.83,0,,,,,,,,,L,,,O,OL,true,2010,,F
dataflow,IMF.STA:QNEA(7.0.0),R,POL,B1GQ,Q,SA,XDC,Q,2016-Q2,431405206780.76,0,,,,,,,,,L,,,O,OL,true,2010,,F
dataflow,IMF.STA:QNEA(7.0.0),R,POL,B1GQ,Q,SA,XDC,Q,2016-Q3,434140303764.75,0,,,,,,,,,L,,,O,OL,true,2010,,F
dataflow,IMF.STA:QNEA(7.0.0),R,POL,B1GQ,Q,SA,XDC,Q,2016-Q4,442714687070.99,0,,,,,,,,,L,,,O,OL,true,2010,,F
dataflow,IMF.STA:QNEA(7.0.0),R,POL,B1GQ,Q,SA,XDC,Q,2017-Q1,447739685436.4,0,,,,,,,,,L,,,O,OL,true,2010,,F
dataflow,IMF.STA:QNEA(7.0.0),R,POL,B1GQ,Q,SA,XDC,Q,2017-Q2,452366947730.47,0,,,,,,,,,L,,,O,OL,true,2010,,F
dataflow,IMF.STA:QNEA(7.0.0),R,POL,B1GQ,Q,SA,XDC,Q,2017-Q3,459126612961.65,0,,,,,,,,,L,,,O,OL,true,2010,,F
dataflow,IMF.STA:QNEA(7.0.0),R,POL,B1GQ,Q,SA,XDC,Q,2017-Q4,465659816429.72,0,,,,,,,,,L,,,O,OL,true,2010,,F
dataflow,IMF.STA:QNEA(7.0.0),R,POL,B1GQ,Q,SA,XDC,Q,2018-Q1,474740294736.99,0,,,,,,,,,L,,,O,OL,true,2010,,F
dataflow,IMF.STA:QNEA(7.0.0),R,POL,B1GQ,Q,SA,XDC,Q,2018-Q2,481778165220.19,0,,,,,,,,,L,,,O,OL,true,2010,,F
dataflow,IMF.STA:QNEA(7.0.0),R,POL,B1GQ,Q,SA,XDC,Q,2018-Q3,487930180453.46,0,,,,,,,,,L,,,O,OL,true,2010,,F
dataflow,IMF.STA:QNEA(7.0.0),R,POL,B1GQ,Q,SA,XDC,Q,2018-Q4,492458071729.06,0,,,,,,,,,L,,,O,OL,true,2010,,F
dataflow,IMF.STA:QNEA(7.0.0),R,POL,B1GQ,Q,SA,XDC,Q,2019-Q1,499889394325.92,0,,,,,,,,,L,,,O,OL,true,2010,,F
dataflow,IMF.STA:QNEA(7.0.0),R,POL,B1GQ,Q,SA,XDC,Q,2019-Q2,504417957594.89,0,,,,,,,,,L,,,O,OL,true,2010,,F
dataflow,IMF.STA:QNEA(7.0.0),R,POL,B1GQ,Q,SA,XDC,Q,2019-Q3,508270663539.66,0,,,,,,,,,L,,,O,OL,true,2010,,F
dataflow,IMF.STA:QNEA(7.0.0),R,POL,B1GQ,Q,SA,XDC,Q,2019-Q4,512088173832.07,0,,,,,,,,,L,,,O,OL,true,2010,,F
dataflow,IMF.STA:QNEA(7.0.0),R,POL,B1GQ,Q,SA,XDC,Q,2020-Q1,514617052852.99,0,,,,,,,,,L,,,O,OL,true,2010,,F
dataflow,IMF.STA:QNEA(7.0.0),R,POL,B1GQ,Q,SA,XDC,Q,2020-Q2,468481180561.6,0,,,,,,,,,L,,,O,OL,true,2010,,F
dataflow,IMF.STA:QNEA(7.0.0),R,POL,B1GQ,Q,SA,XDC,Q,2020-Q3,499215384983.47,0,,,,,,,,,L,,,O,OL,true,2010,,F
dataflow,IMF.STA:QNEA(7.0.0),R,POL,B1GQ,Q,SA,XDC,Q,2020-Q4,499848570729.16,0,,,,,,,,,L,,,O,OL,true,2010,,F
dataflow,IMF.STA:QNEA(7.0.0),R,POL,B1GQ,Q,SA,XDC,Q,2021-Q1,512060538105.05,0,,,,,,,,,L,,,O,OL,true,2010,,F
dataflow,IMF.STA:QNEA(7.0.0),R,POL,B1GQ,Q,SA,XDC,Q,2021-Q2,524709049168.96,0,,,,,,,,,L,,,O,OL,true,2010,,F
dataflow,IMF.STA:QNEA(7.0.0),R,POL,B1GQ,Q,SA,XDC,Q,2021-Q3,535442967144.33,0,,,,,,,,,L,,,O,OL,true,2010,,F
dataflow,IMF.STA:QNEA(7.0.0),R,POL,B1GQ,Q,SA,XDC,Q,2021-Q4,546077178104.56,0,,,,,,,,,L,,,O,OL,true,2010,,F
dataflow,IMF.STA:QNEA(7.0.0),R,POL,B1GQ,Q,SA,XDC,Q,2022-Q1,564484924281.43,0,,,,,,,,,L,,,O,OL,true,2010,,F
dataflow,IMF.STA:QNEA(7.0.0),R,POL,B1GQ,Q,SA,XDC,Q,2022-Q2,557953736793.45,0,,,,,,,,,L,,,O,OL,true,2010,,F
dataflow,IMF.STA:QNEA(7.0.0),R,POL,B1GQ,Q,SA,XDC,Q,2022-Q3,561162169102.06,0,,,,,,,,,L,,,O,OL,true,2010,,F
dataflow,IMF.STA:QNEA(7.0.0),R,POL,B1GQ,Q,SA,XDC,Q,2022-Q4,552307396565.37,0,,,,,,,,,L,,,O,OL,true,2010,,F
dataflow,IMF.STA:QNEA(7.0.0),R,POL,B1GQ,Q,SA,XDC,Q,2023-Q1,557545836822.5,0,,,,,,,,,L,,,O,OL,true,2010,,F
dataflow,IMF.STA:QNEA(7.0.0),R,POL,B1GQ,Q,SA,XDC,Q,2023-Q2,554187549994.09,0,,,,,,,,,L,,,O,OL,true,2010,,F
dataflow,IMF.STA:QNEA(7.0.0),R,POL,B1GQ,Q,SA,XDC,Q,2023-Q3,564859056585.93,0,,,,,,,,,L,,,O,OL,true,2010,,F
dataflow,IMF.STA:QNEA(7.0.0),R,POL,B1GQ,Q,SA,XDC,Q,2023-Q4,562906831869.09,0,,,,,,,,,L,,,O,OL,true,2010,,F
dataflow,IMF.STA:QNEA(7.0.0),R,POL,B1GQ,Q,SA,XDC,Q,2024-Q1,568787697780.65,0,,,,,,,,,L,,,O,OL,true,2010,,F
dataflow,IMF.STA:QNEA(7.0.0),R,POL,B1GQ,Q,SA,XDC,Q,2024-Q2,577718909562.31,0,,,,,,,,,L,,,O,OL,true,2010,,F
dataflow,IMF.STA:QNEA(7.0.0),R,POL,B1GQ,Q,SA,XDC,Q,2024-Q3,577239694295.77,0,,,,,,,,,L,,,O,OL,true,2010,,F
dataflow,IMF.STA:QNEA(7.0.0),R,POL,B1GQ,Q,SA,XDC,Q,2024-Q4,585245319219.94,0,,,,,,,,,L,,,O,OL,true,2010,,F
dataflow,IMF.STA:QNEA(7.0.0),R,POL,B1GQ,Q,SA,XDC,Q,2025-Q1,590107527193.32,0,,,,,,,,,L,,,O,OL,true,2010,,F
dataflow,IMF.STA:QNEA(7.0.0),R,POL,B1GQ,Q,SA,XDC,Q,2025-Q2,594514123667.02,0,,,,,,,,,L,,,O,OL,true,2010,,F
dataflow,IMF.STA:QNEA(7.0.0),R,POL,B1GQ,Q,SA,XDC,Q,2025-Q3,601119062426.52,0,,,,,,,,,L,,,O,OL,true,2010,,F
dataflow,IMF.STA:QNEA(7.0.0),R,POL,B1GQ,Q,SA,XDC,Q,2025-Q4,607250917858.91,0,,,,,,,,,L,,,O,OL,true,2010,,F
dataflow,IMF.STA:QNEA(7.0.0),R,POL,B1GQ,Q,SA,XDC,Q,2026-Q1,610949737323.7,0,,,,,,,,,L,,,O,OL,true,2010,,F
dataflow,IMF.STA:QNEA(7.0.0),R,POL,B1GQ,Q,SA,XDC,Q,2026-Q2,616831191229.45,0,,,,,,,,,L,,,O,OL,true,2010,,F
dataflow,IMF.STA:QNEA(7.0.0),R,PRT,B1GQ,Q,SA,XDC,Q,1995-Q1,33794812187.514,0,,,,,,,,,L,,,O,OL,true,2010,,F
dataflow,IMF.STA:QNEA(7.0.0),R,PRT,B1GQ,Q,SA,XDC,Q,1995-Q2,34184385503.319,0,,,,,,,,,L,,,O,OL,true,2010,,F
dataflow,IMF.STA:QNEA(7.0.0),R,PRT,B1GQ,Q,SA,XDC,Q,1995-Q3,34342594002.826,0,,,,,,,,,L,,,O,OL,true,2010,,F
dataflow,IMF.STA:QNEA(7.0.0),R,PRT,B1GQ,Q,SA,XDC,Q,1995-Q4,34580352675.551,0,,,,,,,,,L,,,O,OL,true,2010,,F
dataflow,IMF.STA:QNEA(7.0.0),R,PRT,B1GQ,Q,SA,XDC,Q,1996-Q1,34808490549.555,0,,,,,,,,,L,,,O,OL,true,2010,,F
dataflow,IMF.STA:QNEA(7.0.0),R,PRT,B1GQ,Q,SA,XDC,Q,1996-Q2,35283292702.373,0,,,,,,,,,L,,,O,OL,true,2010,,F
dataflow,IMF.STA:QNEA(7.0.0),R,PRT,B1GQ,Q,SA,XDC,Q,1996-Q3,35765545207.208,0,,,,,,,,,L,,,O,OL,true,2010,,F
dataflow,IMF.STA:QNEA(7.0.0),R,PRT,B1GQ,Q,SA,XDC,Q,1996-Q4,35842204595.82,0,,,,,,,,,L,,,O,OL,true,2010,,F
dataflow,IMF.STA:QNEA(7.0.0),R,PRT,B1GQ,Q,SA,XDC,Q,1997-Q1,36436069170.883,0,,,,,,,,,L,,,O,OL,true,2010,,F
dataflow,IMF.STA:QNEA(7.0.0),R,PRT,B1GQ,Q,SA,XDC,Q,1997-Q2,36767934845.266,0,,,,,,,,,L,,,O,OL,true,2010,,F
dataflow,IMF.STA:QNEA(7.0.0),R,PRT,B1GQ,Q,SA,XDC,Q,1997-Q3,37256314509.996,0,,,,,,,,,L,,,O,OL,true,2010,,F
dataflow,IMF.STA:QNEA(7.0.0),R,PRT,B1GQ,Q,SA,XDC,Q,1997-Q4,37475223483.4,0,,,,,,,,,L,,,O,OL,true,2010,,F
dataflow,IMF.STA:QNEA(7.0.0),R,PRT,B1GQ,Q,SA,XDC,Q,1998-Q1,38043472328.133,0,,,,,,,,,L,,,O,OL,true,2010,,F
dataflow,IMF.STA:QNEA(7.0.0),R,PRT,B1GQ,Q,SA,XDC,Q,1998-Q2,38588042636.964,0,,,,,,,,,L,,,O,OL,true,2010,,F
dataflow,IMF.STA:QNEA(7.0.0),R,PRT,B1GQ,Q,SA,XDC,Q,1998-Q3,39043634063.965,0,,,,,,,,,L,,,O,OL,true,2010,,F
dataflow,IMF.STA:QNEA(7.0.0),R,PRT,B1GQ,Q,SA,XDC,Q,1998-Q4,39373078888.469,0,,,,,,,,,L,,,O,OL,true,2010,,F
dataflow,IMF.STA:QNEA(7.0.0),R,PRT,B1GQ,Q,SA,XDC,Q,1999-Q1,39865474437.004,0,,,,,,,,,L,,,O,OL,true,2010,,F
dataflow,IMF.STA:QNEA(7.0.0),R,PRT,B1GQ,Q,SA,XDC,Q,1999-Q2,40074985573.419,0,,,,,,,,,L,,,O,OL,true,2010,,F
dataflow,IMF.STA:QNEA(7.0.0),R,PRT,B1GQ,Q,SA,XDC,Q,1999-Q3,40462290682.377,0,,,,,,,,,L,,,O,OL,true,2010,,F
dataflow,IMF.STA:QNEA(7.0.0),R,PRT,B1GQ,Q,SA,XDC,Q,1999-Q4,40702556817.037,0,,,,,,,,,L,,,O,OL,true,2010,,F
dataflow,IMF.STA:QNEA(7.0.0),R,PRT,B1GQ,Q,SA,XDC,Q,2000-Q1,41631667509.354,0,,,,,,,,,L,,,O,OL,true,2010,,F
dataflow,IMF.STA:QNEA(7.0.0),R,PRT,B1GQ,Q,SA,XDC,Q,2000-Q2,41355610871.493,0,,,,,,,,,L,,,O,OL,true,2010,,F
dataflow,IMF.STA:QNEA(7.0.0),R,PRT,B1GQ,Q,SA,XDC,Q,2000-Q3,42014280131.405,0,,,,,,,,,L,,,O,OL,true,2010,,F
dataflow,IMF.STA:QNEA(7.0.0),R,PRT,B1GQ,Q,SA,XDC,Q,2000-Q4,42251813269.763,0,,,,,,,,,L,,,O,OL,true,2010,,F
dataflow,IMF.STA:QNEA(7.0.0),R,PRT,B1GQ,Q,SA,XDC,Q,2001-Q1,42100420538.883,0,,,,,,,,,L,,,O,OL,true,2010,,F
dataflow,IMF.STA:QNEA(7.0.0),R,PRT,B1GQ,Q,SA,XDC,Q,2001-Q2,42544730959.808,0,,,,,,,,,L,,,O,OL,true,2010,,F
dataflow,IMF.STA:QNEA(7.0.0),R,PRT,B1GQ,Q,SA,XDC,Q,2001-Q3,42630144169.022,0,,,,,,,,,L,,,O,OL,true,2010,,F
dataflow,IMF.STA:QNEA(7.0.0),R,PRT,B1GQ,Q,SA,XDC,Q,2001-Q4,43228933625.719,0,,,,,,,,,L,,,O,OL,true,2010,,F
dataflow,IMF.STA:QNEA(7.0.0),R,PRT,B1GQ,Q,SA,XDC,Q,2002-Q1,43328098428.506,0,,,,,,,,,L,,,O,OL,true,2010,,F
dataflow,IMF.STA:QNEA(7.0.0),R,PRT,B1GQ,Q,SA,XDC,Q,2002-Q2,43087175414.282,0,,,,,,,,,L,,,O,OL,true,2010,,F
dataflow,IMF.STA:QNEA(7.0.0),R,PRT,B1GQ,Q,SA,XDC,Q,2002-Q3,42859632676.593,0,,,,,,,,,L,,,O,OL,true,2010,,F
dataflow,IMF.STA:QNEA(7.0.0),R,PRT,B1GQ,Q,SA,XDC,Q,2002-Q4,42543781657.358,0,,,,,,,,,L,,,O,OL,true,2010,,F
dataflow,IMF.STA:QNEA(7.0.0),R,PRT,B1GQ,Q,SA,XDC,Q,2003-Q1,42614708356.831,0,,,,,,,,,L,,,O,OL,true,2010,,F
dataflow,IMF.STA:QNEA(7.0.0),R,PRT,B1GQ,Q,SA,XDC,Q,2003-Q2,42256342823.096,0,,,,,,,,,L,,,O,OL,true,2010,,F
dataflow,IMF.STA:QNEA(7.0.0),R,PRT,B1GQ,Q,SA,XDC,Q,2003-Q3,42614543708.167,0,,,,,,,,,L,,,O,OL,true,2010,,F
dataflow,IMF.STA:QNEA(7.0.0),R,PRT,B1GQ,Q,SA,XDC,Q,2003-Q4,42734284448.604,0,,,,,,,,,L,,,O,OL,true,2010,,F
dataflow,IMF.STA:QNEA(7.0.0),R,PRT,B1GQ,Q,SA,XDC,Q,2004-Q1,43156940997.66,0,,,,,,,,,L,,,O,OL,true,2010,,F
dataflow,IMF.STA:QNEA(7.0.0),R,PRT,B1GQ,Q,SA,XDC,Q,2004-Q2,43424637428.129,0,,,,,,,,,L,,,O,OL,true,2010,,F
dataflow,IMF.STA:QNEA(7.0.0),R,PRT,B1GQ,Q,SA,XDC,Q,2004-Q3,43446860709.959,0,,,,,,,,,L,,,O,OL,true,2010,,F
dataflow,IMF.STA:QNEA(7.0.0),R,PRT,B1GQ,Q,SA,XDC,Q,2004-Q4,43236223616.799,0,,,,,,,,,L,,,O,OL,true,2010,,F
dataflow,IMF.STA:QNEA(7.0.0),R,PRT,B1GQ,Q,SA,XDC,Q,2005-Q1,43632099031.703,0,,,,,,,,,L,,,O,OL,true,2010,,F
dataflow,IMF.STA:QNEA(7.0.0),R,PRT,B1GQ,Q,SA,XDC,Q,2005-Q2,43751309809.255,0,,,,,,,,,L,,,O,OL,true,2010,,F
dataflow,IMF.STA:QNEA(7.0.0),R,PRT,B1GQ,Q,SA,XDC,Q,2005-Q3,43585495742.063,0,,,,,,,,,L,,,O,OL,true,2010,,F
dataflow,IMF.STA:QNEA(7.0.0),R,PRT,B1GQ,Q,SA,XDC,Q,2005-Q4,43650423913.41,0,,,,,,,,,L,,,O,OL,true,2010,,F
dataflow,IMF.STA:QNEA(7.0.0),R,PRT,B1GQ,Q,SA,XDC,Q,2006-Q1,44024094912.477,0,,,,,,,,,L,,,O,OL,true,2010,,F
dataflow,IMF.STA:QNEA(7.0.0),R,PRT,B1GQ,Q,SA,XDC,Q,2006-Q2,44419863991.786,0,,,,,,,,,L,,,O,OL,true,2010,,F
dataflow,IMF.STA:QNEA(7.0.0),R,PRT,B1GQ,Q,SA,XDC,Q,2006-Q3,44361677840.187,0,,,,,,,,,L,,,O,OL,true,2010,,F
dataflow,IMF.STA:QNEA(7.0.0),R,PRT,B1GQ,Q,SA,XDC,Q,2006-Q4,44651317135.231,0,,,,,,,,,L,,,O,OL,true,2010,,F
dataflow,IMF.STA:QNEA(7.0.0),R,PRT,B1GQ,Q,SA,XDC,Q,2007-Q1,45180895840.244,0,,,,,,,,,L,,,O,OL,true,2010,,F
dataflow,IMF.STA:QNEA(7.0.0),R,PRT,B1GQ,Q,SA,XDC,Q,2007-Q2,45309427275.724,0,,,,,,,,,L,,,O,OL,true,2010,,F
dataflow,IMF.STA:QNEA(7.0.0),R,PRT,B1GQ,Q,SA,XDC,Q,2007-Q3,45437228082.76,0,,,,,,,,,L,,,O,OL,true,2010,,F
dataflow,IMF.STA:QNEA(7.0.0),R,PRT,B1GQ,Q,SA,XDC,Q,2007-Q4,45977502090.531,0,,,,,,,,,L,,,O,OL,true,2010,,F
dataflow,IMF.STA:QNEA(7.0.0),R,PRT,B1GQ,Q,SA,XDC,Q,2008-Q1,45967341895.929,0,,,,,,,,,L,,,O,OL,true,2010,,F
dataflow,IMF.STA:QNEA(7.0.0),R,PRT,B1GQ,Q,SA,XDC,Q,2008-Q2,45736999273.417,0,,,,,,,,,L,,,O,OL,true,2010,,F
dataflow,IMF.STA:QNEA(7.0.0),R,PRT,B1GQ,Q,SA,XDC,Q,2008-Q3,45674382186.174,0,,,,,,,,,L,,,O,OL,true,2010,,F
dataflow,IMF.STA:QNEA(7.0.0),R,PRT,B1GQ,Q,SA,XDC,Q,2008-Q4,45107056917.537,0,,,,,,,,,L,,,O,OL,true,2010,,F
dataflow,IMF.STA:QNEA(7.0.0),R,PRT,B1GQ,Q,SA,XDC,Q,2009-Q1,43965434538.425,0,,,,,,,,,L,,,O,OL,true,2010,,F
dataflow,IMF.STA:QNEA(7.0.0),R,PRT,B1GQ,Q,SA,XDC,Q,2009-Q2,44012616671.023,0,,,,,,,,,L,,,O,OL,true,2010,,F
dataflow,IMF.STA:QNEA(7.0.0),R,PRT,B1GQ,Q,SA,XDC,Q,2009-Q3,44388809710.293,0,,,,,,,,,L,,,O,OL,true,2010,,F
dataflow,IMF.STA:QNEA(7.0.0),R,PRT,B1GQ,Q,SA,XDC,Q,2009-Q4,44421570506.578,0,,,,,,,,,L,,,O,OL,true,2010,,F
dataflow,IMF.STA:QNEA(7.0.0),R,PRT,B1GQ,Q,SA,XDC,Q,2010-Q1,44817134632.603,0,,,,,,,,,L,,,O,OL,true,2010,,F
dataflow,IMF.STA:QNEA(7.0.0),R,PRT,B1GQ,Q,SA,XDC,Q,2010-Q2,44972444629.599,0,,,,,,,,,L,,,O,OL,true,2010,,F
dataflow,IMF.STA:QNEA(7.0.0),R,PRT,B1GQ,Q,SA,XDC,Q,2010-Q3,45137618968.131,0,,,,,,,,,L,,,O,OL,true,2010,,F
dataflow,IMF.STA:QNEA(7.0.0),R,PRT,B1GQ,Q,SA,XDC,Q,2010-Q4,44933152769.667,0,,,,,,,,,L,,,O,OL,true,2010,,F
dataflow,IMF.STA:QNEA(7.0.0),R,PRT,B1GQ,Q,SA,XDC,Q,2011-Q1,44731464159.852,0,,,,,,,,,L,,,O,OL,true,2010,,F
dataflow,IMF.STA:QNEA(7.0.0),R,PRT,B1GQ,Q,SA,XDC,Q,2011-Q2,44417542617.141,0,,,,,,,,,L,,,O,OL,true,2010,,F
dataflow,IMF.STA:QNEA(7.0.0),R,PRT,B1GQ,Q,SA,XDC,Q,2011-Q3,44109367484.291,0,,,,,,,,,L,,,O,OL,true,2010,,F
dataflow,IMF.STA:QNEA(7.0.0),R,PRT,B1GQ,Q,SA,XDC,Q,2011-Q4,43520019599.384,0,,,,,,,,,L,,,O,OL,true,2010,,F
dataflow,IMF.STA:QNEA(7.0.0),R,PRT,B1GQ,Q,SA,XDC,Q,2012-Q1,43288272317.963,0,,,,,,,,,L,,,O,OL,true,2010,,F
dataflow,IMF.STA:QNEA(7.0.0),R,PRT,B1GQ,Q,SA,XDC,Q,2012-Q2,42634131753.838,0,,,,,,,,,L,,,O,OL,true,2010,,F
dataflow,IMF.STA:QNEA(7.0.0),R,PRT,B1GQ,Q,SA,XDC,Q,2012-Q3,42194302863.72,0,,,,,,,,,L,,,O,OL,true,2010,,F
dataflow,IMF.STA:QNEA(7.0.0),R,PRT,B1GQ,Q,SA,XDC,Q,2012-Q4,41500566868.689,0,,,,,,,,,L,,,O,OL,true,2010,,F
dataflow,IMF.STA:QNEA(7.0.0),R,PRT,B1GQ,Q,SA,XDC,Q,2013-Q1,41648744662.908,0,,,,,,,,,L,,,O,OL,true,2010,,F
dataflow,IMF.STA:QNEA(7.0.0),R,PRT,B1GQ,Q,SA,XDC,Q,2013-Q2,42005193583.296,0,,,,,,,,,L,,,O,OL,true,2010,,F
dataflow,IMF.STA:QNEA(7.0.0),R,PRT,B1GQ,Q,SA,XDC,Q,2013-Q3,41886852356.497,0,,,,,,,,,L,,,O,OL,true,2010,,F
dataflow,IMF.STA:QNEA(7.0.0),R,PRT,B1GQ,Q,SA,XDC,Q,2013-Q4,42407268191.885,0,,,,,,,,,L,,,O,OL,true,2010,,F
dataflow,IMF.STA:QNEA(7.0.0),R,PRT,B1GQ,Q,SA,XDC,Q,2014-Q1,42103130381.468,0,,,,,,,,,L,,,O,OL,true,2010,,F
dataflow,IMF.STA:QNEA(7.0.0),R,PRT,B1GQ,Q,SA,XDC,Q,2014-Q2,42219645894.702,0,,,,,,,,,L,,,O,OL,true,2010,,F
dataflow,IMF.STA:QNEA(7.0.0),R,PRT,B1GQ,Q,SA,XDC,Q,2014-Q3,42264180785.509,0,,,,,,,,,L,,,O,OL,true,2010,,F
dataflow,IMF.STA:QNEA(7.0.0),R,PRT,B1GQ,Q,SA,XDC,Q,2014-Q4,42606253819.476,0,,,,,,,,,L,,,O,OL,true,2010,,F
dataflow,IMF.STA:QNEA(7.0.0),R,PRT,B1GQ,Q,SA,XDC,Q,2015-Q1,42861696787.701,0,,,,,,,,,L,,,O,OL,true,2010,,F
dataflow,IMF.STA:QNEA(7.0.0),R,PRT,B1GQ,Q,SA,XDC,Q,2015-Q2,42891947549.415,0,,,,,,,,,L,,,O,OL,true,2010,,F
dataflow,IMF.STA:QNEA(7.0.0),R,PRT,B1GQ,Q,SA,XDC,Q,2015-Q3,42962893114.88,0,,,,,,,,,L,,,O,OL,true,2010,,F
dataflow,IMF.STA:QNEA(7.0.0),R,PRT,B1GQ,Q,SA,XDC,Q,2015-Q4,43166504340.858,0,,,,,,,,,L,,,O,OL,true,2010,,F
dataflow,IMF.STA:QNEA(7.0.0),R,PRT,B1GQ,Q,SA,XDC,Q,2016-Q1,43315457355.866,0,,,,,,,,,L,,,O,OL,true,2010,,F
dataflow,IMF.STA:QNEA(7.0.0),R,PRT,B1GQ,Q,SA,XDC,Q,2016-Q2,43517371500.048,0,,,,,,,,,L,,,O,OL,true,2010,,F
dataflow,IMF.STA:QNEA(7.0.0),R,PRT,B1GQ,Q,SA,XDC,Q,2016-Q3,43998686708.065,0,,,,,,,,,L,,,O,OL,true,2010,,F
dataflow,IMF.STA:QNEA(7.0.0),R,PRT,B1GQ,Q,SA,XDC,Q,2016-Q4,44496304706.392,0,,,,,,,,,L,,,O,OL,true,2010,,F
dataflow,IMF.STA:QNEA(7.0.0),R,PRT,B1GQ,Q,SA,XDC,Q,2017-Q1,44927345474.103,0,,,,,,,,,L,,,O,OL,true,2010,,F
dataflow,IMF.STA:QNEA(7.0.0),R,PRT,B1GQ,Q,SA,XDC,Q,2017-Q2,45056227645.537,0,,,,,,,,,L,,,O,OL,true,2010,,F
dataflow,IMF.STA:QNEA(7.0.0),R,PRT,B1GQ,Q,SA,XDC,Q,2017-Q3,45364215833.551,0,,,,,,,,,L,,,O,OL,true,2010,,F
dataflow,IMF.STA:QNEA(7.0.0),R,PRT,B1GQ,Q,SA,XDC,Q,2017-Q4,45791658341.931,0,,,,,,,,,L,,,O,OL,true,2010,,F
dataflow,IMF.STA:QNEA(7.0.0),R,PRT,B1GQ,Q,SA,XDC,Q,2018-Q1,46060022800.05,0,,,,,,,,,L,,,O,OL,true,2010,,F
dataflow,IMF.STA:QNEA(7.0.0),R,PRT,B1GQ,Q,SA,XDC,Q,2018-Q2,46500291610.816,0,,,,,,,,,L,,,O,OL,true,2010,,F
dataflow,IMF.STA:QNEA(7.0.0),R,PRT,B1GQ,Q,SA,XDC,Q,2018-Q3,46812305973.176,0,,,,,,,,,L,,,O,OL,true,2010,,F
dataflow,IMF.STA:QNEA(7.0.0),R,PRT,B1GQ,Q,SA,XDC,Q,2018-Q4,47103708380.99,0,,,,,,,,,L,,,O,OL,true,2010,,F
dataflow,IMF.STA:QNEA(7.0.0),R,PRT,B1GQ,Q,SA,XDC,Q,2019-Q1,47491702098.681,0,,,,,,,,,L,,,O,OL,true,2010,,F
dataflow,IMF.STA:QNEA(7.0.0),R,PRT,B1GQ,Q,SA,XDC,Q,2019-Q2,47755051632.928,0,,,,,,,,,L,,,O,OL,true,2010,,F
dataflow,IMF.STA:QNEA(7.0.0),R,PRT,B1GQ,Q,SA,XDC,Q,2019-Q3,47952196111.142,0,,,,,,,,,L,,,O,OL,true,2010,,F
dataflow,IMF.STA:QNEA(7.0.0),R,PRT,B1GQ,Q,SA,XDC,Q,2019-Q4,48397430108.163,0,,,,,,,,,L,,,O,OL,true,2010,,F
dataflow,IMF.STA:QNEA(7.0.0),R,PRT,B1GQ,Q,SA,XDC,Q,2020-Q1,46338242166.708,0,,,,,,,,,L,,,O,OL,true,2010,,F
dataflow,IMF.STA:QNEA(7.0.0),R,PRT,B1GQ,Q,SA,XDC,Q,2020-Q2,39366614713.342,0,,,,,,,,,L,,,O,OL,true,2010,,F
dataflow,IMF.STA:QNEA(7.0.0),R,PRT,B1GQ,Q,SA,XDC,Q,2020-Q3,45008932316.984,0,,,,,,,,,L,,,O,OL,true,2010,,F
dataflow,IMF.STA:QNEA(7.0.0),R,PRT,B1GQ,Q,SA,XDC,Q,2020-Q4,45162813643.807,0,,,,,,,,,L,,,O,OL,true,2010,,F
dataflow,IMF.STA:QNEA(7.0.0),R,PRT,B1GQ,Q,SA,XDC,Q,2021-Q1,43846324951.198,0,,,,,,,,,L,,,O,OL,true,2010,,F
dataflow,IMF.STA:QNEA(7.0.0),R,PRT,B1GQ,Q,SA,XDC,Q,2021-Q2,45872367916.153,0,,,,,,,,,L,,,O,OL,true,2010,,F
dataflow,IMF.STA:QNEA(7.0.0),R,PRT,B1GQ,Q,SA,XDC,Q,2021-Q3,47501701074.8,0,,,,,,,,,L,,,O,OL,true,2010,,F
dataflow,IMF.STA:QNEA(7.0.0),R,PRT,B1GQ,Q,SA,XDC,Q,2021-Q4,48432760967.178,0,,,,,,,,,L,,,O,OL,true,2010,,F
dataflow,IMF.STA:QNEA(7.0.0),R,PRT,B1GQ,Q,SA,XDC,Q,2022-Q1,49143210516.631,0,,,,,,,,,L,,,O,OL,true,2010,,F
dataflow,IMF.STA:QNEA(7.0.0),R,PRT,B1GQ,Q,SA,XDC,Q,2022-Q2,49334358181.809,0,,,,,,,,,L,,,O,OL,true,2010,,F
dataflow,IMF.STA:QNEA(7.0.0),R,PRT,B1GQ,Q,SA,XDC,Q,2022-Q3,49893978407.527,0,,,,,,,,,L,,,O,OL,true,2010,,F
dataflow,IMF.STA:QNEA(7.0.0),R,PRT,B1GQ,Q,SA,XDC,Q,2022-Q4,50251043045.312,0,,,,,,,,,L,,,O,OL,true,2010,,F
dataflow,IMF.STA:QNEA(7.0.0),R,PRT,B1GQ,Q,SA,XDC,Q,2023-Q1,50889351611.399,0,,,,,,,,,L,,,O,OL,true,2010,,F
dataflow,IMF.STA:QNEA(7.0.0),R,PRT,B1GQ,Q,SA,XDC,Q,2023-Q2,51136469531.582,0,,,,,,,,,L,,,O,OL,true,2010,,F
dataflow,IMF.STA:QNEA(7.0.0),R,PRT,B1GQ,Q,SA,XDC,Q,2023-Q3,51188846672.527,0,,,,,,,,,L,,,O,OL,true,2010,,F
dataflow,IMF.STA:QNEA(7.0.0),R,PRT,B1GQ,Q,SA,XDC,Q,2023-Q4,51565181206.743,0,,,,,,,,,L,,,O,OL,true,2010,,F
dataflow,IMF.STA:QNEA(7.0.0),R,PRT,B1GQ,Q,SA,XDC,Q,2024-Q1,51933616892.842,0,,,,,,,,,L,,,O,OL,true,2010,,F
dataflow,IMF.STA:QNEA(7.0.0),R,PRT,B1GQ,Q,SA,XDC,Q,2024-Q2,52204420209.287,0,,,,,,,,,L,,,O,OL,true,2010,,F
dataflow,IMF.STA:QNEA(7.0.0),R,PRT,B1GQ,Q,SA,XDC,Q,2024-Q3,52279891897.905,0,,,,,,,,,L,,,O,OL,true,2010,,F
dataflow,IMF.STA:QNEA(7.0.0),R,PRT,B1GQ,Q,SA,XDC,Q,2024-Q4,52896976222.23,0,,,,,,,,,L,,,O,OL,true,2010,,F
dataflow,IMF.STA:QNEA(7.0.0),R,PRT,B1GQ,Q,SA,XDC,Q,2025-Q1,52747603867.656,0,,,,,,,,,L,,,O,OL,true,2010,,F
dataflow,IMF.STA:QNEA(7.0.0),R,PRT,B1GQ,Q,SA,XDC,Q,2025-Q2,53108963948.956,0,,,,,,,,,L,,,O,OL,true,2010,,F
dataflow,IMF.STA:QNEA(7.0.0),R,PRT,B1GQ,Q,SA,XDC,Q,2025-Q3,53427465640.162,0,,,,,,,,,L,,,O,OL,true,2010,,F
dataflow,IMF.STA:QNEA(7.0.0),R,PRT,B1GQ,Q,SA,XDC,Q,2025-Q4,53926808161.728,0,,,,,,,,,L,,,O,OL,true,2010,,F
dataflow,IMF.STA:QNEA(7.0.0),R,PRT,B1GQ,Q,SA,XDC,Q,2026-Q1,53993219886.136,0,,,,,,,,,L,,,O,OL,true,2010,,F
dataflow,IMF.STA:QNEA(7.0.0),R,PRT,B1GQ,Q,SA,XDC,Q,2026-Q2,54437641787.926,0,,,,,,,,,L,,,O,OL,true,2010,,F
dataflow,IMF.STA:QNEA(7.0.0),R,ROU,B1GQ,Q,SA,XDC,Q,1995-Q1,93596973474.209,0,,,,,,,,,L,,,O,OL,true,2010,,F
dataflow,IMF.STA:QNEA(7.0.0),R,ROU,B1GQ,Q,SA,XDC,Q,1995-Q2,91583673508.621,0,,,,,,,,,L,,,O,OL,true,2010,,F
dataflow,IMF.STA:QNEA(7.0.0),R,ROU,B1GQ,Q,SA,XDC,Q,1995-Q3,90528148376.107,0,,,,,,,,,L,,,O,OL,true,2010,,F
dataflow,IMF.STA:QNEA(7.0.0),R,ROU,B1GQ,Q,SA,XDC,Q,1995-Q4,85686323277.687,0,,,,,,,,,L,,,O,OL,true,2010,,F
dataflow,IMF.STA:QNEA(7.0.0),R,ROU,B1GQ,Q,SA,XDC,Q,1996-Q1,96060801624.401,0,,,,,,,,,L,,,O,OL,true,2010,,F
dataflow,IMF.STA:QNEA(7.0.0),R,ROU,B1GQ,Q,SA,XDC,Q,1996-Q2,95567323588.536,0,,,,,,,,,L,,,O,OL,true,2010,,F
dataflow,IMF.STA:QNEA(7.0.0),R,ROU,B1GQ,Q,SA,XDC,Q,1996-Q3,92626252035.254,0,,,,,,,,,L,,,O,OL,true,2010,,F
dataflow,IMF.STA:QNEA(7.0.0),R,ROU,B1GQ,Q,SA,XDC,Q,1996-Q4,91262953885.646,0,,,,,,,,,L,,,O,OL,true,2010,,F
dataflow,IMF.STA:QNEA(7.0.0),R,ROU,B1GQ,Q,SA,XDC,Q,1997-Q1,92626663038.615,0,,,,,,,,,L,,,O,OL,true,2010,,F
dataflow,IMF.STA:QNEA(7.0.0),R,ROU,B1GQ,Q,SA,XDC,Q,1997-Q2,88545947664.861,0,,,,,,,,,L,,,O,OL,true,2010,,F
dataflow,IMF.STA:QNEA(7.0.0),R,ROU,B1GQ,Q,SA,XDC,Q,1997-Q3,89094705652.828,0,,,,,,,,,L,,,O,OL,true,2010,,F
dataflow,IMF.STA:QNEA(7.0.0),R,ROU,B1GQ,Q,SA,XDC,Q,1997-Q4,87040990356.707,0,,,,,,,,,L,,,O,OL,true,2010,,F
dataflow,IMF.STA:QNEA(7.0.0),R,ROU,B1GQ,Q,SA,XDC,Q,1998-Q1,83626305930.025,0,,,,,,,,,L,,,O,OL,true,2010,,F
dataflow,IMF.STA:QNEA(7.0.0),R,ROU,B1GQ,Q,SA,XDC,Q,1998-Q2,85087148877.394,0,,,,,,,,,L,,,O,OL,true,2010,,F
dataflow,IMF.STA:QNEA(7.0.0),R,ROU,B1GQ,Q,SA,XDC,Q,1998-Q3,89772244694.018,0,,,,,,,,,L,,,O,OL,true,2010,,F
dataflow,IMF.STA:QNEA(7.0.0),R,ROU,B1GQ,Q,SA,XDC,Q,1998-Q4,91569836395.456,0,,,,,,,,,L,,,O,OL,true,2010,,F
dataflow,IMF.STA:QNEA(7.0.0),R,ROU,B1GQ,Q,SA,XDC,Q,1999-Q1,89078813522.855,0,,,,,,,,,L,,,O,OL,true,2010,,F
dataflow,IMF.STA:QNEA(7.0.0),R,ROU,B1GQ,Q,SA,XDC,Q,1999-Q2,87816211196.779,0,,,,,,,,,L,,,O,OL,true,2010,,F
dataflow,IMF.STA:QNEA(7.0.0),R,ROU,B1GQ,Q,SA,XDC,Q,1999-Q3,86498602920.841,0,,,,,,,,,L,,,O,OL,true,2010,,F
dataflow,IMF.STA:QNEA(7.0.0),R,ROU,B1GQ,Q,SA,XDC,Q,1999-Q4,85343409473.198,0,,,,,,,,,L,,,O,OL,true,2010,,F
dataflow,IMF.STA:QNEA(7.0.0),R,ROU,B1GQ,Q,SA,XDC,Q,2000-Q1,87863613584.455,0,,,,,,,,,L,,,O,OL,true,2010,,F
dataflow,IMF.STA:QNEA(7.0.0),R,ROU,B1GQ,Q,SA,XDC,Q,2000-Q2,92772363730.215,0,,,,,,,,,L,,,O,OL,true,2010,,F
dataflow,IMF.STA:QNEA(7.0.0),R,ROU,B1GQ,Q,SA,XDC,Q,2000-Q3,87638315241.873,0,,,,,,,,,L,,,O,OL,true,2010,,F
dataflow,IMF.STA:QNEA(7.0.0),R,ROU,B1GQ,Q,SA,XDC,Q,2000-Q4,89046001754.507,0,,,,,,,,,L,,,O,OL,true,2010,,F
dataflow,IMF.STA:QNEA(7.0.0),R,ROU,B1GQ,Q,SA,XDC,Q,2001-Q1,92820793626.294,0,,,,,,,,,L,,,O,OL,true,2010,,F
dataflow,IMF.STA:QNEA(7.0.0),R,ROU,B1GQ,Q,SA,XDC,Q,2001-Q2,91877883414.79,0,,,,,,,,,L,,,O,OL,true,2010,,F
dataflow,IMF.STA:QNEA(7.0.0),R,ROU,B1GQ,Q,SA,XDC,Q,2001-Q3,94454394986.552,0,,,,,,,,,L,,,O,OL,true,2010,,F
dataflow,IMF.STA:QNEA(7.0.0),R,ROU,B1GQ,Q,SA,XDC,Q,2001-Q4,96812800774.556,0,,,,,,,,,L,,,O,OL,true,2010,,F
dataflow,IMF.STA:QNEA(7.0.0),R,ROU,B1GQ,Q,SA,XDC,Q,2002-Q1,98105200844.331,0,,,,,,,,,L,,,O,OL,true,2010,,F
dataflow,IMF.STA:QNEA(7.0.0),R,ROU,B1GQ,Q,SA,XDC,Q,2002-Q2,100227622202.36,0,,,,,,,,,L,,,O,OL,true,2010,,F
dataflow,IMF.STA:QNEA(7.0.0),R,ROU,B1GQ,Q,SA,XDC,Q,2002-Q3,99031328418.58,0,,,,,,,,,L,,,O,OL,true,2010,,F
dataflow,IMF.STA:QNEA(7.0.0),R,ROU,B1GQ,Q,SA,XDC,Q,2002-Q4,100043081693.11,0,,,,,,,,,L,,,O,OL,true,2010,,F
dataflow,IMF.STA:QNEA(7.0.0),R,ROU,B1GQ,Q,SA,XDC,Q,2003-Q1,100027395064.82,0,,,,,,,,,L,,,O,OL,true,2010,,F
dataflow,IMF.STA:QNEA(7.0.0),R,ROU,B1GQ,Q,SA,XDC,Q,2003-Q2,102546708668.79,0,,,,,,,,,L,,,O,OL,true,2010,,F
dataflow,IMF.STA:QNEA(7.0.0),R,ROU,B1GQ,Q,SA,XDC,Q,2003-Q3,102806531293.73,0,,,,,,,,,L,,,O,OL,true,2010,,F
dataflow,IMF.STA:QNEA(7.0.0),R,ROU,B1GQ,Q,SA,XDC,Q,2003-Q4,101330344220.87,0,,,,,,,,,L,,,O,OL,true,2010,,F
dataflow,IMF.STA:QNEA(7.0.0),R,ROU,B1GQ,Q,SA,XDC,Q,2004-Q1,107289139454.33,0,,,,,,,,,L,,,O,OL,true,2010,,F
dataflow,IMF.STA:QNEA(7.0.0),R,ROU,B1GQ,Q,SA,XDC,Q,2004-Q2,110049369528.61,0,,,,,,,,,L,,,O,OL,true,2010,,F
dataflow,IMF.STA:QNEA(7.0.0),R,ROU,B1GQ,Q,SA,XDC,Q,2004-Q3,114865849419.75,0,,,,,,,,,L,,,O,OL,true,2010,,F
dataflow,IMF.STA:QNEA(7.0.0),R,ROU,B1GQ,Q,SA,XDC,Q,2004-Q4,116919016711.39,0,,,,,,,,,L,,,O,OL,true,2010,,F
dataflow,IMF.STA:QNEA(7.0.0),R,ROU,B1GQ,Q,SA,XDC,Q,2005-Q1,115239999479.7,0,,,,,,,,,L,,,O,OL,true,2010,,F
dataflow,IMF.STA:QNEA(7.0.0),R,ROU,B1GQ,Q,SA,XDC,Q,2005-Q2,116413619578.04,0,,,,,,,,,L,,,O,OL,true,2010,,F
dataflow,IMF.STA:QNEA(7.0.0),R,ROU,B1GQ,Q,SA,XDC,Q,2005-Q3,117426674363.22,0,,,,,,,,,L,,,O,OL,true,2010,,F
dataflow,IMF.STA:QNEA(7.0.0),R,ROU,B1GQ,Q,SA,XDC,Q,2005-Q4,121008774159.09,0,,,,,,,,,L,,,O,OL,true,2010,,F
dataflow,IMF.STA:QNEA(7.0.0),R,ROU,B1GQ,Q,SA,XDC,Q,2006-Q1,124133427213.78,0,,,,,,,,,L,,,O,OL,true,2010,,F
dataflow,IMF.STA:QNEA(7.0.0),R,ROU,B1GQ,Q,SA,XDC,Q,2006-Q2,126033769755.55,0,,,,,,,,,L,,,O,OL,true,2010,,F
dataflow,IMF.STA:QNEA(7.0.0),R,ROU,B1GQ,Q,SA,XDC,Q,2006-Q3,128830373627.32,0,,,,,,,,,L,,,O,OL,true,2010,,F
dataflow,IMF.STA:QNEA(7.0.0),R,ROU,B1GQ,Q,SA,XDC,Q,2006-Q4,128834072657.57,0,,,,,,,,,L,,,O,OL,true,2010,,F
dataflow,IMF.STA:QNEA(7.0.0),R,ROU,B1GQ,Q,SA,XDC,Q,2007-Q1,132791281521.24,0,,,,,,,,,L,,,O,OL,true,2010,,F
dataflow,IMF.STA:QNEA(7.0.0),R,ROU,B1GQ,Q,SA,XDC,Q,2007-Q2,134686760523.24,0,,,,,,,,,L,,,O,OL,true,2010,,F
dataflow,IMF.STA:QNEA(7.0.0),R,ROU,B1GQ,Q,SA,XDC,Q,2007-Q3,136014849384.89,0,,,,,,,,,L,,,O,OL,true,2010,,F
dataflow,IMF.STA:QNEA(7.0.0),R,ROU,B1GQ,Q,SA,XDC,Q,2007-Q4,141074300763.15,0,,,,,,,,,L,,,O,OL,true,2010,,F
dataflow,IMF.STA:QNEA(7.0.0),R,ROU,B1GQ,Q,SA,XDC,Q,2008-Q1,142782636234.61,0,,,,,,,,,L,,,O,OL,true,2010,,F
dataflow,IMF.STA:QNEA(7.0.0),R,ROU,B1GQ,Q,SA,XDC,Q,2008-Q2,148422218857.42,0,,,,,,,,,L,,,O,OL,true,2010,,F
dataflow,IMF.STA:QNEA(7.0.0),R,ROU,B1GQ,Q,SA,XDC,Q,2008-Q3,151862248491.38,0,,,,,,,,,L,,,O,OL,true,2010,,F
dataflow,IMF.STA:QNEA(7.0.0),R,ROU,B1GQ,Q,SA,XDC,Q,2008-Q4,152185502635.09,0,,,,,,,,,L,,,O,OL,true,2010,,F
dataflow,IMF.STA:QNEA(7.0.0),R,ROU,B1GQ,Q,SA,XDC,Q,2009-Q1,137439866539.26,0,,,,,,,,,L,,,O,OL,true,2010,,F
dataflow,IMF.STA:QNEA(7.0.0),R,ROU,B1GQ,Q,SA,XDC,Q,2009-Q2,138364418600.63,0,,,,,,,,,L,,,O,OL,true,2010,,F
dataflow,IMF.STA:QNEA(7.0.0),R,ROU,B1GQ,Q,SA,XDC,Q,2009-Q3,142656732204.92,0,,,,,,,,,L,,,O,OL,true,2010,,F
dataflow,IMF.STA:QNEA(7.0.0),R,ROU,B1GQ,Q,SA,XDC,Q,2009-Q4,143953173807.75,0,,,,,,,,,L,,,O,OL,true,2010,,F
dataflow,IMF.STA:QNEA(7.0.0),R,ROU,B1GQ,Q,SA,XDC,Q,2010-Q1,136184799274.81,0,,,,,,,,,L,,,O,OL,true,2010,,F
dataflow,IMF.STA:QNEA(7.0.0),R,ROU,B1GQ,Q,SA,XDC,Q,2010-Q2,137502339050.19,0,,,,,,,,,L,,,O,OL,true,2010,,F
dataflow,IMF.STA:QNEA(7.0.0),R,ROU,B1GQ,Q,SA,XDC,Q,2010-Q3,131490044879.2,0,,,,,,,,,L,,,O,OL,true,2010,,F
dataflow,IMF.STA:QNEA(7.0.0),R,ROU,B1GQ,Q,SA,XDC,Q,2010-Q4,135270316795.8,0,,,,,,,,,L,,,O,OL,true,2010,,F
dataflow,IMF.STA:QNEA(7.0.0),R,ROU,B1GQ,Q,SA,XDC,Q,2011-Q1,139629418446.31,0,,,,,,,,,L,,,O,OL,true,2010,,F
dataflow,IMF.STA:QNEA(7.0.0),R,ROU,B1GQ,Q,SA,XDC,Q,2011-Q2,141946586897.06,0,,,,,,,,,L,,,O,OL,true,2010,,F
dataflow,IMF.STA:QNEA(7.0.0),R,ROU,B1GQ,Q,SA,XDC,Q,2011-Q3,144857586704.4,0,,,,,,,,,L,,,O,OL,true,2010,,F
dataflow,IMF.STA:QNEA(7.0.0),R,ROU,B1GQ,Q,SA,XDC,Q,2011-Q4,138310166156.93,0,,,,,,,,,L,,,O,OL,true,2010,,F
dataflow,IMF.STA:QNEA(7.0.0),R,ROU,B1GQ,Q,SA,XDC,Q,2012-Q1,145909618308.35,0,,,,,,,,,L,,,O,OL,true,2010,,F
dataflow,IMF.STA:QNEA(7.0.0),R,ROU,B1GQ,Q,SA,XDC,Q,2012-Q2,145974145836.08,0,,,,,,,,,L,,,O,OL,true,2010,,F
dataflow,IMF.STA:QNEA(7.0.0),R,ROU,B1GQ,Q,SA,XDC,Q,2012-Q3,142483220285.87,0,,,,,,,,,L,,,O,OL,true,2010,,F
dataflow,IMF.STA:QNEA(7.0.0),R,ROU,B1GQ,Q,SA,XDC,Q,2012-Q4,141127457197.88,0,,,,,,,,,L,,,O,OL,true,2010,,F
dataflow,IMF.STA:QNEA(7.0.0),R,ROU,B1GQ,Q,SA,XDC,Q,2013-Q1,141318025756.43,0,,,,,,,,,L,,,O,OL,true,2010,,F
dataflow,IMF.STA:QNEA(7.0.0),R,ROU,B1GQ,Q,SA,XDC,Q,2013-Q2,143733972015.03,0,,,,,,,,,L,,,O,OL,true,2010,,F
dataflow,IMF.STA:QNEA(7.0.0),R,ROU,B1GQ,Q,SA,XDC,Q,2013-Q3,145306333874.44,0,,,,,,,,,L,,,O,OL,true,2010,,F
dataflow,IMF.STA:QNEA(7.0.0),R,ROU,B1GQ,Q,SA,XDC,Q,2013-Q4,146740324602.2,0,,,,,,,,,L,,,O,OL,true,2010,,F
dataflow,IMF.STA:QNEA(7.0.0),R,ROU,B1GQ,Q,SA,XDC,Q,2014-Q1,148343237711.48,0,,,,,,,,,L,,,O,OL,true,2010,,F
dataflow,IMF.STA:QNEA(7.0.0),R,ROU,B1GQ,Q,SA,XDC,Q,2014-Q2,148816782084.32,0,,,,,,,,,L,,,O,OL,true,2010,,F
dataflow,IMF.STA:QNEA(7.0.0),R,ROU,B1GQ,Q,SA,XDC,Q,2014-Q3,151791692914.35,0,,,,,,,,,L,,,O,OL,true,2010,,F
dataflow,IMF.STA:QNEA(7.0.0),R,ROU,B1GQ,Q,SA,XDC,Q,2014-Q4,151900197801.75,0,,,,,,,,,L,,,O,OL,true,2010,,F
dataflow,IMF.STA:QNEA(7.0.0),R,ROU,B1GQ,Q,SA,XDC,Q,2015-Q1,153744643886.38,0,,,,,,,,,L,,,O,OL,true,2010,,F
dataflow,IMF.STA:QNEA(7.0.0),R,ROU,B1GQ,Q,SA,XDC,Q,2015-Q2,155537920052.52,0,,,,,,,,,L,,,O,OL,true,2010,,F
dataflow,IMF.STA:QNEA(7.0.0),R,ROU,B1GQ,Q,SA,XDC,Q,2015-Q3,155455308376.89,0,,,,,,,,,L,,,O,OL,true,2010,,F
dataflow,IMF.STA:QNEA(7.0.0),R,ROU,B1GQ,Q,SA,XDC,Q,2015-Q4,155083213333.75,0,,,,,,,,,L,,,O,OL,true,2010,,F
dataflow,IMF.STA:QNEA(7.0.0),R,ROU,B1GQ,Q,SA,XDC,Q,2016-Q1,159116937323.19,0,,,,,,,,,L,,,O,OL,true,2010,,F
dataflow,IMF.STA:QNEA(7.0.0),R,ROU,B1GQ,Q,SA,XDC,Q,2016-Q2,158993362312.54,0,,,,,,,,,L,,,O,OL,true,2010,,F
dataflow,IMF.STA:QNEA(7.0.0),R,ROU,B1GQ,Q,SA,XDC,Q,2016-Q3,159572260547.01,0,,,,,,,,,L,,,O,OL,true,2010,,F
dataflow,IMF.STA:QNEA(7.0.0),R,ROU,B1GQ,Q,SA,XDC,Q,2016-Q4,159865031941.41,0,,,,,,,,,L,,,O,OL,true,2010,,F
dataflow,IMF.STA:QNEA(7.0.0),R,ROU,B1GQ,Q,SA,XDC,Q,2017-Q1,167481472231.76,0,,,,,,,,,L,,,O,OL,true,2010,,F
dataflow,IMF.STA:QNEA(7.0.0),R,ROU,B1GQ,Q,SA,XDC,Q,2017-Q2,172471943545.87,0,,,,,,,,,L,,,O,OL,true,2010,,F
dataflow,IMF.STA:QNEA(7.0.0),R,ROU,B1GQ,Q,SA,XDC,Q,2017-Q3,175049619627.16,0,,,,,,,,,L,,,O,OL,true,2010,,F
dataflow,IMF.STA:QNEA(7.0.0),R,ROU,B1GQ,Q,SA,XDC,Q,2017-Q4,174794592041.44,0,,,,,,,,,L,,,O,OL,true,2010,,F
dataflow,IMF.STA:QNEA(7.0.0),R,ROU,B1GQ,Q,SA,XDC,Q,2018-Q1,177126145609.84,0,,,,,,,,,L,,,O,OL,true,2010,,F
dataflow,IMF.STA:QNEA(7.0.0),R,ROU,B1GQ,Q,SA,XDC,Q,2018-Q2,180721945517.75,0,,,,,,,,,L,,,O,OL,true,2010,,F
dataflow,IMF.STA:QNEA(7.0.0),R,ROU,B1GQ,Q,SA,XDC,Q,2018-Q3,185203320668.27,0,,,,,,,,,L,,,O,OL,true,2010,,F
dataflow,IMF.STA:QNEA(7.0.0),R,ROU,B1GQ,Q,SA,XDC,Q,2018-Q4,183957569480,0,,,,,,,,,L,,,O,OL,true,2010,,F
dataflow,IMF.STA:QNEA(7.0.0),R,ROU,B1GQ,Q,SA,XDC,Q,2019-Q1,184413988712.79,0,,,,,,,,,L,,,O,OL,true,2010,,F
dataflow,IMF.STA:QNEA(7.0.0),R,ROU,B1GQ,Q,SA,XDC,Q,2019-Q2,188812067182.07,0,,,,,,,,,L,,,O,OL,true,2010,,F
dataflow,IMF.STA:QNEA(7.0.0),R,ROU,B1GQ,Q,SA,XDC,Q,2019-Q3,189572012397.21,0,,,,,,,,,L,,,O,OL,true,2010,,F
dataflow,IMF.STA:QNEA(7.0.0),R,ROU,B1GQ,Q,SA,XDC,Q,2019-Q4,193002520453.3,0,,,,,,,,,L,,,O,OL,true,2010,,F
dataflow,IMF.STA:QNEA(7.0.0),R,ROU,B1GQ,Q,SA,XDC,Q,2020-Q1,188334892279.54,0,,,,,,,,,L,,,O,OL,true,2010,,F
dataflow,IMF.STA:QNEA(7.0.0),R,ROU,B1GQ,Q,SA,XDC,Q,2020-Q2,172804445265.21,0,,,,,,,,,L,,,O,OL,true,2010,,F
dataflow,IMF.STA:QNEA(7.0.0),R,ROU,B1GQ,Q,SA,XDC,Q,2020-Q3,179304531925.57,0,,,,,,,,,L,,,O,OL,true,2010,,F
dataflow,IMF.STA:QNEA(7.0.0),R,ROU,B1GQ,Q,SA,XDC,Q,2020-Q4,188162818872.25,0,,,,,,,,,L,,,O,OL,true,2010,,F
dataflow,IMF.STA:QNEA(7.0.0),R,ROU,B1GQ,Q,SA,XDC,Q,2021-Q1,190699257616.28,0,,,,,,,,,L,,,O,OL,true,2010,,F
dataflow,IMF.STA:QNEA(7.0.0),R,ROU,B1GQ,Q,SA,XDC,Q,2021-Q2,192636453459.46,0,,,,,,,,,L,,,O,OL,true,2010,,F
dataflow,IMF.STA:QNEA(7.0.0),R,ROU,B1GQ,Q,SA,XDC,Q,2021-Q3,193048278827.53,0,,,,,,,,,L,,,O,OL,true,2010,,F
dataflow,IMF.STA:QNEA(7.0.0),R,ROU,B1GQ,Q,SA,XDC,Q,2021-Q4,192932512880.75,0,,,,,,,,,L,,,O,OL,true,2010,,F
dataflow,IMF.STA:QNEA(7.0.0),R,ROU,B1GQ,Q,SA,XDC,Q,2022-Q1,199133594595.73,0,,,,,,,,,L,,,O,OL,true,2010,,F
dataflow,IMF.STA:QNEA(7.0.0),R,ROU,B1GQ,Q,SA,XDC,Q,2022-Q2,199484591466.32,0,,,,,,,,,L,,,O,OL,true,2010,,F
dataflow,IMF.STA:QNEA(7.0.0),R,ROU,B1GQ,Q,SA,XDC,Q,2022-Q3,200300022135.25,0,,,,,,,,,L,,,O,OL,true,2010,,F
dataflow,IMF.STA:QNEA(7.0.0),R,ROU,B1GQ,Q,SA,XDC,Q,2022-Q4,202614998568.07,0,,,,,,,,,L,,,O,OL,true,2010,,F
dataflow,IMF.STA:QNEA(7.0.0),R,ROU,B1GQ,Q,SA,XDC,Q,2023-Q1,202288730399.71,0,,,,,,,,,L,,,O,OL,true,2010,,F
dataflow,IMF.STA:QNEA(7.0.0),R,ROU,B1GQ,Q,SA,XDC,Q,2023-Q2,204274219137.85,0,,,,,,,,,L,,,O,OL,true,2010,,F
dataflow,IMF.STA:QNEA(7.0.0),R,ROU,B1GQ,Q,SA,XDC,Q,2023-Q3,206079414401.47,0,,,,,,,,,L,,,O,OL,true,2010,,F
dataflow,IMF.STA:QNEA(7.0.0),R,ROU,B1GQ,Q,SA,XDC,Q,2023-Q4,206987389327.26,0,,,,,,,,,L,,,O,OL,true,2010,,F
dataflow,IMF.STA:QNEA(7.0.0),R,ROU,B1GQ,Q,SA,XDC,Q,2024-Q1,206474388631.73,0,,,,,,,,,L,,,O,OL,true,2010,,F
dataflow,IMF.STA:QNEA(7.0.0),R,ROU,B1GQ,Q,SA,XDC,Q,2024-Q2,205389545259.44,0,,,,,,,,,L,,,O,OL,true,2010,,F
dataflow,IMF.STA:QNEA(7.0.0),R,ROU,B1GQ,Q,SA,XDC,Q,2024-Q3,206670231733.42,0,,,,,,,,,L,,,O,OL,true,2010,,F
dataflow,IMF.STA:QNEA(7.0.0),R,ROU,B1GQ,Q,SA,XDC,Q,2024-Q4,208603454544.1,0,,,,,,,,,L,,,O,OL,true,2010,,F
dataflow,IMF.STA:QNEA(7.0.0),R,ROU,B1GQ,Q,SA,XDC,Q,2025-Q1,207857962947.17,0,,,,,,,,,L,,,O,OL,true,2010,,F
dataflow,IMF.STA:QNEA(7.0.0),R,ROU,B1GQ,Q,SA,XDC,Q,2025-Q2,209639114514.15,0,,,,,,,,,L,,,O,OL,true,2010,,F
dataflow,IMF.STA:QNEA(7.0.0),R,ROU,B1GQ,Q,SA,XDC,Q,2025-Q3,209614728314.71,0,,,,,,,,,L,,,O,OL,true,2010,,F
dataflow,IMF.STA:QNEA(7.0.0),R,ROU,B1GQ,Q,SA,XDC,Q,2025-Q4,205632311244.88,0,,,,,,,,,L,,,O,OL,true,2010,,F
dataflow,IMF.STA:QNEA(7.0.0),R,ROU,B1GQ,Q,SA,XDC,Q,2026-Q1,205502160180.45,0,,,,,,,,,L,,,O,OL,true,2010,,F
dataflow,IMF.STA:QNEA(7.0.0),R,ROU,B1GQ,Q,SA,XDC,Q,2026-Q2,205503256189.42,0,,,,,,,,,L,,,O,OL,true,2010,,F
dataflow,IMF.STA:QNEA(7.0.0),R,SAU,B1GQ,Q,SA,XDC,Q,2010-Q1,667114000000,0,,,,,,,,,FB,,,O,OL,true,2023,,F
dataflow,IMF.STA:QNEA(7.0.0),R,SAU,B1GQ,Q,SA,XDC,Q,2010-Q2,680383000000,0,,,,,,,,,FB,,,O,OL,true,2023,,F
dataflow,IMF.STA:QNEA(7.0.0),R,SAU,B1GQ,Q,SA,XDC,Q,2010-Q3,679255000000,0,,,,,,,,,FB,,,O,OL,true,2023,,F
dataflow,IMF.STA:QNEA(7.0.0),R,SAU,B1GQ,Q,SA,XDC,Q,2010-Q4,741909000000,0,,,,,,,,,FB,,,O,OL,true,2023,,F
dataflow,IMF.STA:QNEA(7.0.0),R,SAU,B1GQ,Q,SA,XDC,Q,2011-Q1,745909000000,0,,,,,,,,,FB,,,O,OL,true,2023,,F
dataflow,IMF.STA:QNEA(7.0.0),R,SAU,B1GQ,Q,SA,XDC,Q,2011-Q2,768835000000,0,,,,,,,,,FB,,,O,OL,true,2023,,F
dataflow,IMF.STA:QNEA(7.0.0),R,SAU,B1GQ,Q,SA,XDC,Q,2011-Q3,780920000000,0,,,,,,,,,FB,,,O,OL,true,2023,,F
dataflow,IMF.STA:QNEA(7.0.0),R,SAU,B1GQ,Q,SA,XDC,Q,2011-Q4,798561000000,0,,,,,,,,,FB,,,O,OL,true,2023,,F
dataflow,IMF.STA:QNEA(7.0.0),R,SAU,B1GQ,Q,SA,XDC,Q,2012-Q1,819035000000,0,,,,,,,,,FB,,,O,OL,true,2023,,F
dataflow,IMF.STA:QNEA(7.0.0),R,SAU,B1GQ,Q,SA,XDC,Q,2012-Q2,822395000000,0,,,,,,,,,FB,,,O,OL,true,2023,,F
dataflow,IMF.STA:QNEA(7.0.0),R,SAU,B1GQ,Q,SA,XDC,Q,2012-Q3,820184000000,0,,,,,,,,,FB,,,O,OL,true,2023,,F
dataflow,IMF.STA:QNEA(7.0.0),R,SAU,B1GQ,Q,SA,XDC,Q,2012-Q4,810885000000,0,,,,,,,,,FB,,,O,OL,true,2023,,F
dataflow,IMF.STA:QNEA(7.0.0),R,SAU,B1GQ,Q,SA,XDC,Q,2013-Q1,819716000000,0,,,,,,,,,FB,,,O,OL,true,2023,,F
dataflow,IMF.STA:QNEA(7.0.0),R,SAU,B1GQ,Q,SA,XDC,Q,2013-Q2,837473000000,0,,,,,,,,,FB,,,O,OL,true,2023,,F
dataflow,IMF.STA:QNEA(7.0.0),R,SAU,B1GQ,Q,SA,XDC,Q,2013-Q3,855967000000,0,,,,,,,,,FB,,,O,OL,true,2023,,F
dataflow,IMF.STA:QNEA(7.0.0),R,SAU,B1GQ,Q,SA,XDC,Q,2013-Q4,855741000000,0,,,,,,,,,FB,,,O,OL,true,2023,,F
dataflow,IMF.STA:QNEA(7.0.0),R,SAU,B1GQ,Q,SA,XDC,Q,2014-Q1,874856000000,0,,,,,,,,,FB,,,O,OL,true,2023,,F
dataflow,IMF.STA:QNEA(7.0.0),R,SAU,B1GQ,Q,SA,XDC,Q,2014-Q2,872687000000,0,,,,,,,,,FB,,,O,OL,true,2023,,F
dataflow,IMF.STA:QNEA(7.0.0),R,SAU,B1GQ,Q,SA,XDC,Q,2014-Q3,877696000000,0,,,,,,,,,FB,,,O,OL,true,2023,,F
dataflow,IMF.STA:QNEA(7.0.0),R,SAU,B1GQ,Q,SA,XDC,Q,2014-Q4,879244000000,0,,,,,,,,,FB,,,O,OL,true,2023,,F
dataflow,IMF.STA:QNEA(7.0.0),R,SAU,B1GQ,Q,SA,XDC,Q,2015-Q1,905172000000,0,,,,,,,,,FB,,,O,OL,true,2023,,F
dataflow,IMF.STA:QNEA(7.0.0),R,SAU,B1GQ,Q,SA,XDC,Q,2015-Q2,920840000000,0,,,,,,,,,FB,,,O,OL,true,2023,,F
dataflow,IMF.STA:QNEA(7.0.0),R,SAU,B1GQ,Q,SA,XDC,Q,2015-Q3,920533000000,0,,,,,,,,,FB,,,O,OL,true,2023,,F
dataflow,IMF.STA:QNEA(7.0.0),R,SAU,B1GQ,Q,SA,XDC,Q,2015-Q4,921077000000,0,,,,,,,,,FB,,,O,OL,true,2023,,F
dataflow,IMF.STA:QNEA(7.0.0),R,SAU,B1GQ,Q,SA,XDC,Q,2016-Q1,932383000000,0,,,,,,,,,FB,,,O,OL,true,2023,,F
dataflow,IMF.STA:QNEA(7.0.0),R,SAU,B1GQ,Q,SA,XDC,Q,2016-Q2,931118000000,0,,,,,,,,,FB,,,O,OL,true,2023,,F
dataflow,IMF.STA:QNEA(7.0.0),R,SAU,B1GQ,Q,SA,XDC,Q,2016-Q3,930071000000,0,,,,,,,,,FB,,,O,OL,true,2023,,F
dataflow,IMF.STA:QNEA(7.0.0),R,SAU,B1GQ,Q,SA,XDC,Q,2016-Q4,936547000000,0,,,,,,,,,FB,,,O,OL,true,2023,,F
dataflow,IMF.STA:QNEA(7.0.0),R,SAU,B1GQ,Q,SA,XDC,Q,2017-Q1,932195000000,0,,,,,,,,,FB,,,O,OL,true,2023,,F
dataflow,IMF.STA:QNEA(7.0.0),R,SAU,B1GQ,Q,SA,XDC,Q,2017-Q2,937151000000,0,,,,,,,,,FB,,,O,OL,true,2023,,F
dataflow,IMF.STA:QNEA(7.0.0),R,SAU,B1GQ,Q,SA,XDC,Q,2017-Q3,947595000000,0,,,,,,,,,FB,,,O,OL,true,2023,,F
dataflow,IMF.STA:QNEA(7.0.0),R,SAU,B1GQ,Q,SA,XDC,Q,2017-Q4,957271000000,0,,,,,,,,,FB,,,O,OL,true,2023,,F
dataflow,IMF.STA:QNEA(7.0.0),R,SAU,B1GQ,Q,SA,XDC,Q,2018-Q1,959422000000,0,,,,,,,,,FB,,,O,OL,true,2023,,F
dataflow,IMF.STA:QNEA(7.0.0),R,SAU,B1GQ,Q,SA,XDC,Q,2018-Q2,971629000000,0,,,,,,,,,FB,,,O,OL,true,2023,,F
dataflow,IMF.STA:QNEA(7.0.0),R,SAU,B1GQ,Q,SA,XDC,Q,2018-Q3,975625000000,0,,,,,,,,,FB,,,O,OL,true,2023,,F
dataflow,IMF.STA:QNEA(7.0.0),R,SAU,B1GQ,Q,SA,XDC,Q,2018-Q4,989329000000,0,,,,,,,,,FB,,,O,OL,true,2023,,F
dataflow,IMF.STA:QNEA(7.0.0),R,SAU,B1GQ,Q,SA,XDC,Q,2019-Q1,990924000000,0,,,,,,,,,FB,,,O,OL,true,2023,,F
dataflow,IMF.STA:QNEA(7.0.0),R,SAU,B1GQ,Q,SA,XDC,Q,2019-Q2,989752000000,0,,,,,,,,,FB,,,O,OL,true,2023,,F
dataflow,IMF.STA:QNEA(7.0.0),R,SAU,B1GQ,Q,SA,XDC,Q,2019-Q3,984230000000,0,,,,,,,,,FB,,,O,OL,true,2023,,F
dataflow,IMF.STA:QNEA(7.0.0),R,SAU,B1GQ,Q,SA,XDC,Q,2019-Q4,995444000000,0,,,,,,,,,FB,,,O,OL,true,2023,,F
dataflow,IMF.STA:QNEA(7.0.0),R,SAU,B1GQ,Q,SA,XDC,Q,2020-Q1,973145000000,0,,,,,,,,,FB,,,O,OL,true,2023,,F
dataflow,IMF.STA:QNEA(7.0.0),R,SAU,B1GQ,Q,SA,XDC,Q,2020-Q2,923804000000,0,,,,,,,,,FB,,,O,OL,true,2023,,F
dataflow,IMF.STA:QNEA(7.0.0),R,SAU,B1GQ,Q,SA,XDC,Q,2020-Q3,947207000000,0,,,,,,,,,FB,,,O,OL,true,2023,,F
dataflow,IMF.STA:QNEA(7.0.0),R,SAU,B1GQ,Q,SA,XDC,Q,2020-Q4,965512000000,0,,,,,,,,,FB,,,O,OL,true,2023,,F
dataflow,IMF.STA:QNEA(7.0.0),R,SAU,B1GQ,Q,SA,XDC,Q,2021-Q1,980961000000,0,,,,,,,,,FB,,,O,OL,true,2023,,F
dataflow,IMF.STA:QNEA(7.0.0),R,SAU,B1GQ,Q,SA,XDC,Q,2021-Q2,990419000000,0,,,,,,,,,FB,,,O,OL,true,2023,,F
dataflow,IMF.STA:QNEA(7.0.0),R,SAU,B1GQ,Q,SA,XDC,Q,2021-Q3,1030507000000,0,,,,,,,,,FB,,,O,OL,true,2023,,F
dataflow,IMF.STA:QNEA(7.0.0),R,SAU,B1GQ,Q,SA,XDC,Q,2021-Q4,1056156000000,0,,,,,,,,,FB,,,O,OL,true,2023,,F
dataflow,IMF.STA:QNEA(7.0.0),R,SAU,B1GQ,Q,SA,XDC,Q,2022-Q1,1100384000000,0,,,,,,,,,FB,,,O,OL,true,2023,,F
dataflow,IMF.STA:QNEA(7.0.0),R,SAU,B1GQ,Q,SA,XDC,Q,2022-Q2,1129342000000,0,,,,,,,,,FB,,,O,OL,true,2023,,F
dataflow,IMF.STA:QNEA(7.0.0),R,SAU,B1GQ,Q,SA,XDC,Q,2022-Q3,1155685000000,0,,,,,,,,,FB,,,O,OL,true,2023,,F
dataflow,IMF.STA:QNEA(7.0.0),R,SAU,B1GQ,Q,SA,XDC,Q,2022-Q4,1159621000000,0,,,,,,,,,FB,,,O,OL,true,2023,,F
dataflow,IMF.STA:QNEA(7.0.0),R,SAU,B1GQ,Q,SA,XDC,Q,2023-Q1,1160053000000,0,,,,,,,,,FB,,,O,OL,true,2023,,F
dataflow,IMF.STA:QNEA(7.0.0),R,SAU,B1GQ,Q,SA,XDC,Q,2023-Q2,1155682000000,0,,,,,,,,,FB,,,O,OL,true,2023,,F
dataflow,IMF.STA:QNEA(7.0.0),R,SAU,B1GQ,Q,SA,XDC,Q,2023-Q3,1125440000000,0,,,,,,,,,FB,,,O,OL,true,2023,,F
dataflow,IMF.STA:QNEA(7.0.0),R,SAU,B1GQ,Q,SA,XDC,Q,2023-Q4,1128518000000,0,,,,,,,,,FB,,,O,OL,true,2023,,F
dataflow,IMF.STA:QNEA(7.0.0),R,SAU,B1GQ,Q,SA,XDC,Q,2024-Q1,1158246000000,0,,,,,,,,,FB,,,O,OL,true,2023,,F
dataflow,IMF.STA:QNEA(7.0.0),R,SAU,B1GQ,Q,SA,XDC,Q,2024-Q2,1170660000000,0,,,,,,,,,FB,,,O,OL,true,2023,,F
dataflow,IMF.STA:QNEA(7.0.0),R,SAU,B1GQ,Q,SA,XDC,Q,2024-Q3,1175111000000,0,,,,,,,,,FB,,,O,OL,true,2023,,F
dataflow,IMF.STA:QNEA(7.0.0),R,SAU,B1GQ,Q,SA,XDC,Q,2024-Q4,1186724000000,0,,,,,,,,,FB,,,O,OL,true,2023,,F
dataflow,IMF.STA:QNEA(7.0.0),R,SAU,B1GQ,Q,SA,XDC,Q,2025-Q1,1199300000000,0,,,,,,,,,FB,,,O,OL,true,2023,,F
dataflow,IMF.STA:QNEA(7.0.0),R,SAU,B1GQ,Q,SA,XDC,Q,2025-Q2,1220692000000,0,,,,,,,,,FB,,,O,OL,true,2023,,F
dataflow,IMF.STA:QNEA(7.0.0),R,SAU,B1GQ,Q,SA,XDC,Q,2025-Q3,1235192000000,0,,,,,,,,,FB,,,O,OL,true,2023,,F
dataflow,IMF.STA:QNEA(7.0.0),R,SAU,B1GQ,Q,SA,XDC,Q,2025-Q4,1251078000000,0,,,,,,,,,FB,,,O,OL,true,2023,,F
dataflow,IMF.STA:QNEA(7.0.0),R,SAU,B1GQ,Q,SA,XDC,Q,2026-Q1,1236279000000,0,,,,,,,,,FB,,,O,OL,true,2023,,F
dataflow,IMF.STA:QNEA(7.0.0),R,SAU,B1GQ,Q,SA,XDC,Q,2026-Q2,1176072200000,0,,,,,,,,,FB,,,O,OL,true,2023,,F
dataflow,IMF.STA:QNEA(7.0.0),R,SEN,B1GQ,Q,SA,XDC,Q,2014-Q1,2309798576412.09,0,,,,,,,,,L,,,O,OL,true,2014,,F
dataflow,IMF.STA:QNEA(7.0.0),R,SEN,B1GQ,Q,SA,XDC,Q,2014-Q2,2444989908064.93,0,,,,,,,,,L,,,O,OL,true,2014,,F
dataflow,IMF.STA:QNEA(7.0.0),R,SEN,B1GQ,Q,SA,XDC,Q,2014-Q3,2466010623410.91,0,,,,,,,,,L,,,O,OL,true,2014,,F
dataflow,IMF.STA:QNEA(7.0.0),R,SEN,B1GQ,Q,SA,XDC,Q,2014-Q4,2554239892112.07,0,,,,,,,,,L,,,O,OL,true,2014,,F
dataflow,IMF.STA:QNEA(7.0.0),R,SEN,B1GQ,Q,SA,XDC,Q,2015-Q1,2535978555702.64,0,,,,,,,,,L,,,O,OL,true,2014,,F
dataflow,IMF.STA:QNEA(7.0.0),R,SEN,B1GQ,Q,SA,XDC,Q,2015-Q2,2623117012920.63,0,,,,,,,,,L,,,O,OL,true,2014,,F
dataflow,IMF.STA:QNEA(7.0.0),R,SEN,B1GQ,Q,SA,XDC,Q,2015-Q3,2575056683114.7,0,,,,,,,,,L,,,O,OL,true,2014,,F
dataflow,IMF.STA:QNEA(7.0.0),R,SEN,B1GQ,Q,SA,XDC,Q,2015-Q4,2663267748262.02,0,,,,,,,,,L,,,O,OL,true,2014,,F
dataflow,IMF.STA:QNEA(7.0.0),R,SEN,B1GQ,Q,SA,XDC,Q,2016-Q1,2703464495473.45,0,,,,,,,,,L,,,O,OL,true,2014,,F
dataflow,IMF.STA:QNEA(7.0.0),R,SEN,B1GQ,Q,SA,XDC,Q,2016-Q2,2752746491514.31,0,,,,,,,,,L,,,O,OL,true,2014,,F
dataflow,IMF.STA:QNEA(7.0.0),R,SEN,B1GQ,Q,SA,XDC,Q,2016-Q3,2796231650468.95,0,,,,,,,,,L,,,O,OL,true,2014,,F
dataflow,IMF.STA:QNEA(7.0.0),R,SEN,B1GQ,Q,SA,XDC,Q,2016-Q4,2805844507470.57,0,,,,,,,,,L,,,O,OL,true,2014,,F
dataflow,IMF.STA:QNEA(7.0.0),R,SEN,B1GQ,Q,SA,XDC,Q,2017-Q1,2856749415055.58,0,,,,,,,,,L,,,O,OL,true,2014,,F
dataflow,IMF.STA:QNEA(7.0.0),R,SEN,B1GQ,Q,SA,XDC,Q,2017-Q2,2960601971017.94,0,,,,,,,,,L,,,O,OL,true,2014,,F
dataflow,IMF.STA:QNEA(7.0.0),R,SEN,B1GQ,Q,SA,XDC,Q,2017-Q3,2991012087881.59,0,,,,,,,,,L,,,O,OL,true,2014,,F
dataflow,IMF.STA:QNEA(7.0.0),R,SEN,B1GQ,Q,SA,XDC,Q,2017-Q4,3069064763629.42,0,,,,,,,,,L,,,O,OL,true,2014,,F
dataflow,IMF.STA:QNEA(7.0.0),R,SEN,B1GQ,Q,SA,XDC,Q,2018-Q1,3040646246582.29,0,,,,,,,,,L,,,O,OL,true,2014,,F
dataflow,IMF.STA:QNEA(7.0.0),R,SEN,B1GQ,Q,SA,XDC,Q,2018-Q2,3132137118328.34,0,,,,,,,,,L,,,O,OL,true,2014,,F
dataflow,IMF.STA:QNEA(7.0.0),R,SEN,B1GQ,Q,SA,XDC,Q,2018-Q3,3198472359205.25,0,,,,,,,,,L,,,O,OL,true,2014,,F
dataflow,IMF.STA:QNEA(7.0.0),R,SEN,B1GQ,Q,SA,XDC,Q,2018-Q4,3243670661367.44,0,,,,,,,,,L,,,O,OL,true,2014,,F
dataflow,IMF.STA:QNEA(7.0.0),R,SEN,B1GQ,Q,SA,XDC,Q,2019-Q1,3292687401089.63,0,,,,,,,,,L,,,O,OL,true,2014,,F
dataflow,IMF.STA:QNEA(7.0.0),R,SEN,B1GQ,Q,SA,XDC,Q,2019-Q2,3305405435574.45,0,,,,,,,,,L,,,O,OL,true,2014,,F
dataflow,IMF.STA:QNEA(7.0.0),R,SEN,B1GQ,Q,SA,XDC,Q,2019-Q3,3305431566533.69,0,,,,,,,,,L,,,O,OL,true,2014,,F
dataflow,IMF.STA:QNEA(7.0.0),R,SEN,B1GQ,Q,SA,XDC,Q,2019-Q4,3293407770500.58,0,,,,,,,,,L,,,O,OL,true,2014,,F
dataflow,IMF.STA:QNEA(7.0.0),R,SEN,B1GQ,Q,SA,XDC,Q,2020-Q1,3329840529034.48,0,,,,,,,,,L,,,O,OL,true,2014,,F
dataflow,IMF.STA:QNEA(7.0.0),R,SEN,B1GQ,Q,SA,XDC,Q,2020-Q2,3300136969459.22,0,,,,,,,,,L,,,O,OL,true,2014,,F
dataflow,IMF.STA:QNEA(7.0.0),R,SEN,B1GQ,Q,SA,XDC,Q,2020-Q3,3328764526179.77,0,,,,,,,,,L,,,O,OL,true,2014,,F
dataflow,IMF.STA:QNEA(7.0.0),R,SEN,B1GQ,Q,SA,XDC,Q,2020-Q4,3415302714549.51,0,,,,,,,,,L,,,O,OL,true,2014,,F
dataflow,IMF.STA:QNEA(7.0.0),R,SEN,B1GQ,Q,SA,XDC,Q,2021-Q1,3423926854996.19,0,,,,,,,,,L,,,O,OL,true,2014,,F
dataflow,IMF.STA:QNEA(7.0.0),R,SEN,B1GQ,Q,SA,XDC,Q,2021-Q2,3578414704899.06,0,,,,,,,,,L,,,O,OL,true,2014,,F
dataflow,IMF.STA:QNEA(7.0.0),R,SEN,B1GQ,Q,SA,XDC,Q,2021-Q3,3602413920932.64,0,,,,,,,,,L,,,O,OL,true,2014,,F
dataflow,IMF.STA:QNEA(7.0.0),R,SEN,B1GQ,Q,SA,XDC,Q,2021-Q4,3644486893136.71,0,,,,,,,,,L,,,O,OL,true,2014,,F
dataflow,IMF.STA:QNEA(7.0.0),R,SEN,B1GQ,Q,SA,XDC,Q,2022-Q1,3631161245117.33,0,,,,,,,,,L,,,O,OL,true,2014,,F
dataflow,IMF.STA:QNEA(7.0.0),R,SEN,B1GQ,Q,SA,XDC,Q,2022-Q2,3673490344209.12,0,,,,,,,,,L,,,O,OL,true,2014,,F
dataflow,IMF.STA:QNEA(7.0.0),R,SEN,B1GQ,Q,SA,XDC,Q,2022-Q3,3672875657019.02,0,,,,,,,,,L,,,O,OL,true,2014,,F
dataflow,IMF.STA:QNEA(7.0.0),R,SEN,B1GQ,Q,SA,XDC,Q,2022-Q4,3820389299124.88,0,,,,,,,,,L,,,O,OL,true,2014,,F
dataflow,IMF.STA:QNEA(7.0.0),R,SEN,B1GQ,Q,SA,XDC,Q,2023-Q1,3794917427909.64,0,,,,,,,,,L,,,O,OL,true,2014,,F
dataflow,IMF.STA:QNEA(7.0.0),R,SEN,B1GQ,Q,SA,XDC,Q,2023-Q2,3803643717126.75,0,,,,,,,,,L,,,O,OL,true,2014,,F
dataflow,IMF.STA:QNEA(7.0.0),R,SEN,B1GQ,Q,SA,XDC,Q,2023-Q3,3856333971033.51,0,,,,,,,,,L,,,O,OL,true,2014,,F
dataflow,IMF.STA:QNEA(7.0.0),R,SEN,B1GQ,Q,SA,XDC,Q,2023-Q4,3973014983847.09,0,,,,,,,,,L,,,O,OL,true,2014,,F
dataflow,IMF.STA:QNEA(7.0.0),R,SEN,B1GQ,Q,SA,XDC,Q,2024-Q1,3897221996899.31,0,,,,,,,,,L,,,O,OL,true,2014,,F
dataflow,IMF.STA:QNEA(7.0.0),R,SEN,B1GQ,Q,SA,XDC,Q,2024-Q2,3922621592630.53,0,,,,,,,,,L,,,O,OL,true,2014,,F
dataflow,IMF.STA:QNEA(7.0.0),R,SEN,B1GQ,Q,SA,XDC,Q,2024-Q3,4247808549595.82,0,,,,,,,,,L,,,O,OL,true,2014,,F
dataflow,IMF.STA:QNEA(7.0.0),R,SEN,B1GQ,Q,SA,XDC,Q,2024-Q4,4421855504351.41,0,,,,,,,,,L,,,O,OL,true,2014,,F
dataflow,IMF.STA:QNEA(7.0.0),R,SEN,B1GQ,Q,SA,XDC,Q,2025-Q1,4372265535191.59,0,,,,,,,,,L,,,O,OL,true,2014,,F
dataflow,IMF.STA:QNEA(7.0.0),R,SEN,B1GQ,Q,SA,XDC,Q,2025-Q2,4391256797468,0,,,,,,,,,L,,,O,OL,true,2014,,F
dataflow,IMF.STA:QNEA(7.0.0),R,SEN,B1GQ,Q,SA,XDC,Q,2025-Q3,4425652525651.22,0,,,,,,,,,L,,,O,OL,true,2014,,F
dataflow,IMF.STA:QNEA(7.0.0),R,SGP,B1GQ,Q,SA,XDC,Q,1975-Q1,7546000000,0,,,,,,,,,FB,,,O,OL,true,2015,,F
dataflow,IMF.STA:QNEA(7.0.0),R,SGP,B1GQ,Q,SA,XDC,Q,1975-Q2,7681500000,0,,,,,,,,,FB,,,O,OL,true,2015,,F
dataflow,IMF.STA:QNEA(7.0.0),R,SGP,B1GQ,Q,SA,XDC,Q,1975-Q3,7836600000,0,,,,,,,,,FB,,,O,OL,true,2015,,F
dataflow,IMF.STA:QNEA(7.0.0),R,SGP,B1GQ,Q,SA,XDC,Q,1975-Q4,7948100000,0,,,,,,,,,FB,,,O,OL,true,2015,,F
dataflow,IMF.STA:QNEA(7.0.0),R,SGP,B1GQ,Q,SA,XDC,Q,1976-Q1,8169700000,0,,,,,,,,,FB,,,O,OL,true,2015,,F
dataflow,IMF.STA:QNEA(7.0.0),R,SGP,B1GQ,Q,SA,XDC,Q,1976-Q2,8247100000,0,,,,,,,,,FB,,,O,OL,true,2015,,F
dataflow,IMF.STA:QNEA(7.0.0),R,SGP,B1GQ,Q,SA,XDC,Q,1976-Q3,8408200000,0,,,,,,,,,FB,,,O,OL,true,2015,,F
dataflow,IMF.STA:QNEA(7.0.0),R,SGP,B1GQ,Q,SA,XDC,Q,1976-Q4,8496300000,0,,,,,,,,,FB,,,O,OL,true,2015,,F
dataflow,IMF.STA:QNEA(7.0.0),R,SGP,B1GQ,Q,SA,XDC,Q,1977-Q1,8683500000,0,,,,,,,,,FB,,,O,OL,true,2015,,F
dataflow,IMF.STA:QNEA(7.0.0),R,SGP,B1GQ,Q,SA,XDC,Q,1977-Q2,8863500000,0,,,,,,,,,FB,,,O,OL,true,2015,,F
dataflow,IMF.STA:QNEA(7.0.0),R,SGP,B1GQ,Q,SA,XDC,Q,1977-Q3,8953800000,0,,,,,,,,,FB,,,O,OL,true,2015,,F
dataflow,IMF.STA:QNEA(7.0.0),R,SGP,B1GQ,Q,SA,XDC,Q,1977-Q4,9103700000,0,,,,,,,,,FB,,,O,OL,true,2015,,F
dataflow,IMF.STA:QNEA(7.0.0),R,SGP,B1GQ,Q,SA,XDC,Q,1978-Q1,9177000000,0,,,,,,,,,FB,,,O,OL,true,2015,,F
dataflow,IMF.STA:QNEA(7.0.0),R,SGP,B1GQ,Q,SA,XDC,Q,1978-Q2,9396300000,0,,,,,,,,,FB,,,O,OL,true,2015,,F
dataflow,IMF.STA:QNEA(7.0.0),R,SGP,B1GQ,Q,SA,XDC,Q,1978-Q3,9762400000,0,,,,,,,,,FB,,,O,OL,true,2015,,F
dataflow,IMF.STA:QNEA(7.0.0),R,SGP,B1GQ,Q,SA,XDC,Q,1978-Q4,10028300000,0,,,,,,,,,FB,,,O,OL,true,2015,,F
dataflow,IMF.STA:QNEA(7.0.0),R,SGP,B1GQ,Q,SA,XDC,Q,1979-Q1,10053300000,0,,,,,,,,,FB,,,O,OL,true,2015,,F
dataflow,IMF.STA:QNEA(7.0.0),R,SGP,B1GQ,Q,SA,XDC,Q,1979-Q2,10384700000,0,,,,,,,,,FB,,,O,OL,true,2015,,F
dataflow,IMF.STA:QNEA(7.0.0),R,SGP,B1GQ,Q,SA,XDC,Q,1979-Q3,10575100000,0,,,,,,,,,FB,,,O,OL,true,2015,,F
dataflow,IMF.STA:QNEA(7.0.0),R,SGP,B1GQ,Q,SA,XDC,Q,1979-Q4,11026300000,0,,,,,,,,,FB,,,O,OL,true,2015,,F
dataflow,IMF.STA:QNEA(7.0.0),R,SGP,B1GQ,Q,SA,XDC,Q,1980-Q1,11205900000,0,,,,,,,,,FB,,,O,OL,true,2015,,F
dataflow,IMF.STA:QNEA(7.0.0),R,SGP,B1GQ,Q,SA,XDC,Q,1980-Q2,11432500000,0,,,,,,,,,FB,,,O,OL,true,2015,,F
dataflow,IMF.STA:QNEA(7.0.0),R,SGP,B1GQ,Q,SA,XDC,Q,1980-Q3,11686600000,0,,,,,,,,,FB,,,O,OL,true,2015,,F
dataflow,IMF.STA:QNEA(7.0.0),R,SGP,B1GQ,Q,SA,XDC,Q,1980-Q4,11983000000,0,,,,,,,,,FB,,,O,OL,true,2015,,F
dataflow,IMF.STA:QNEA(7.0.0),R,SGP,B1GQ,Q,SA,XDC,Q,1981-Q1,12337700000,0,,,,,,,,,FB,,,O,OL,true,2015,,F
dataflow,IMF.STA:QNEA(7.0.0),R,SGP,B1GQ,Q,SA,XDC,Q,1981-Q2,12723600000,0,,,,,,,,,FB,,,O,OL,true,2015,,F
dataflow,IMF.STA:QNEA(7.0.0),R,SGP,B1GQ,Q,SA,XDC,Q,1981-Q3,13001600000,0,,,,,,,,,FB,,,O,OL,true,2015,,F
dataflow,IMF.STA:QNEA(7.0.0),R,SGP,B1GQ,Q,SA,XDC,Q,1981-Q4,13259300000,0,,,,,,,,,FB,,,O,OL,true,2015,,F
dataflow,IMF.STA:QNEA(7.0.0),R,SGP,B1GQ,Q,SA,XDC,Q,1982-Q1,13429900000,0,,,,,,,,,FB,,,O,OL,true,2015,,F
dataflow,IMF.STA:QNEA(7.0.0),R,SGP,B1GQ,Q,SA,XDC,Q,1982-Q2,13643700000,0,,,,,,,,,FB,,,O,OL,true,2015,,F
dataflow,IMF.STA:QNEA(7.0.0),R,SGP,B1GQ,Q,SA,XDC,Q,1982-Q3,13848000000,0,,,,,,,,,FB,,,O,OL,true,2015,,F
dataflow,IMF.STA:QNEA(7.0.0),R,SGP,B1GQ,Q,SA,XDC,Q,1982-Q4,14052000000,0,,,,,,,,,FB,,,O,OL,true,2015,,F
dataflow,IMF.STA:QNEA(7.0.0),R,SGP,B1GQ,Q,SA,XDC,Q,1983-Q1,14418300000,0,,,,,,,,,FB,,,O,OL,true,2015,,F
dataflow,IMF.STA:QNEA(7.0.0),R,SGP,B1GQ,Q,SA,XDC,Q,1983-Q2,14726500000,0,,,,,,,,,FB,,,O,OL,true,2015,,F
dataflow,IMF.STA:QNEA(7.0.0),R,SGP,B1GQ,Q,SA,XDC,Q,1983-Q3,15031800000,0,,,,,,,,,FB,,,O,OL,true,2015,,F
dataflow,IMF.STA:QNEA(7.0.0),R,SGP,B1GQ,Q,SA,XDC,Q,1983-Q4,15484200000,0,,,,,,,,,FB,,,O,OL,true,2015,,F
dataflow,IMF.STA:QNEA(7.0.0),R,SGP,B1GQ,Q,SA,XDC,Q,1984-Q1,15973600000,0,,,,,,,,,FB,,,O,OL,true,2015,,F
dataflow,IMF.STA:QNEA(7.0.0),R,SGP,B1GQ,Q,SA,XDC,Q,1984-Q2,16163500000,0,,,,,,,,,FB,,,O,OL,true,2015,,F
dataflow,IMF.STA:QNEA(7.0.0),R,SGP,B1GQ,Q,SA,XDC,Q,1984-Q3,16354800000,0,,,,,,,,,FB,,,O,OL,true,2015,,F
dataflow,IMF.STA:QNEA(7.0.0),R,SGP,B1GQ,Q,SA,XDC,Q,1984-Q4,16413100000,0,,,,,,,,,FB,,,O,OL,true,2015,,F
dataflow,IMF.STA:QNEA(7.0.0),R,SGP,B1GQ,Q,SA,XDC,Q,1985-Q1,16603200000,0,,,,,,,,,FB,,,O,OL,true,2015,,F
dataflow,IMF.STA:QNEA(7.0.0),R,SGP,B1GQ,Q,SA,XDC,Q,1985-Q2,16148500000,0,,,,,,,,,FB,,,O,OL,true,2015,,F
dataflow,IMF.STA:QNEA(7.0.0),R,SGP,B1GQ,Q,SA,XDC,Q,1985-Q3,15967700000,0,,,,,,,,,FB,,,O,OL,true,2015,,F
dataflow,IMF.STA:QNEA(7.0.0),R,SGP,B1GQ,Q,SA,XDC,Q,1985-Q4,15797100000,0,,,,,,,,,FB,,,O,OL,true,2015,,F
dataflow,IMF.STA:QNEA(7.0.0),R,SGP,B1GQ,Q,SA,XDC,Q,1986-Q1,15949600000,0,,,,,,,,,FB,,,O,OL,true,2015,,F
dataflow,IMF.STA:QNEA(7.0.0),R,SGP,B1GQ,Q,SA,XDC,Q,1986-Q2,16156200000,0,,,,,,,,,FB,,,O,OL,true,2015,,F
dataflow,IMF.STA:QNEA(7.0.0),R,SGP,B1GQ,Q,SA,XDC,Q,1986-Q3,16413000000,0,,,,,,,,,FB,,,O,OL,true,2015,,F
dataflow,IMF.STA:QNEA(7.0.0),R,SGP,B1GQ,Q,SA,XDC,Q,1986-Q4,16833600000,0,,,,,,,,,FB,,,O,OL,true,2015,,F
dataflow,IMF.STA:QNEA(7.0.0),R,SGP,B1GQ,Q,SA,XDC,Q,1987-Q1,17245900000,0,,,,,,,,,FB,,,O,OL,true,2015,,F
dataflow,IMF.STA:QNEA(7.0.0),R,SGP,B1GQ,Q,SA,XDC,Q,1987-Q2,17794400000,0,,,,,,,,,FB,,,O,OL,true,2015,,F
dataflow,IMF.STA:QNEA(7.0.0),R,SGP,B1GQ,Q,SA,XDC,Q,1987-Q3,18413200000,0,,,,,,,,,FB,,,O,OL,true,2015,,F
dataflow,IMF.STA:QNEA(7.0.0),R,SGP,B1GQ,Q,SA,XDC,Q,1987-Q4,18947900000,0,,,,,,,,,FB,,,O,OL,true,2015,,F
dataflow,IMF.STA:QNEA(7.0.0),R,SGP,B1GQ,Q,SA,XDC,Q,1988-Q1,19161100000,0,,,,,,,,,FB,,,O,OL,true,2015,,F
dataflow,IMF.STA:QNEA(7.0.0),R,SGP,B1GQ,Q,SA,XDC,Q,1988-Q2,19936000000,0,,,,,,,,,FB,,,O,OL,true,2015,,F
dataflow,IMF.STA:QNEA(7.0.0),R,SGP,B1GQ,Q,SA,XDC,Q,1988-Q3,20467200000,0,,,,,,,,,FB,,,O,OL,true,2015,,F
dataflow,IMF.STA:QNEA(7.0.0),R,SGP,B1GQ,Q,SA,XDC,Q,1988-Q4,21002300000,0,,,,,,,,,FB,,,O,OL,true,2015,,F
dataflow,IMF.STA:QNEA(7.0.0),R,SGP,B1GQ,Q,SA,XDC,Q,1989-Q1,21030400000,0,,,,,,,,,FB,,,O,OL,true,2015,,F
dataflow,IMF.STA:QNEA(7.0.0),R,SGP,B1GQ,Q,SA,XDC,Q,1989-Q2,22231900000,0,,,,,,,,,FB,,,O,OL,true,2015,,F
dataflow,IMF.STA:QNEA(7.0.0),R,SGP,B1GQ,Q,SA,XDC,Q,1989-Q3,22488500000,0,,,,,,,,,FB,,,O,OL,true,2015,,F
dataflow,IMF.STA:QNEA(7.0.0),R,SGP,B1GQ,Q,SA,XDC,Q,1989-Q4,23001200000,0,,,,,,,,,FB,,,O,OL,true,2015,,F
dataflow,IMF.STA:QNEA(7.0.0),R,SGP,B1GQ,Q,SA,XDC,Q,1990-Q1,23950000000,0,,,,,,,,,FB,,,O,OL,true,2015,,F
dataflow,IMF.STA:QNEA(7.0.0),R,SGP,B1GQ,Q,SA,XDC,Q,1990-Q2,24200600000,0,,,,,,,,,FB,,,O,OL,true,2015,,F
dataflow,IMF.STA:QNEA(7.0.0),R,SGP,B1GQ,Q,SA,XDC,Q,1990-Q3,24472500000,0,,,,,,,,,FB,,,O,OL,true,2015,,F
dataflow,IMF.STA:QNEA(7.0.0),R,SGP,B1GQ,Q,SA,XDC,Q,1990-Q4,24863600000,0,,,,,,,,,FB,,,O,OL,true,2015,,F
dataflow,IMF.STA:QNEA(7.0.0),R,SGP,B1GQ,Q,SA,XDC,Q,1991-Q1,25457600000,0,,,,,,,,,FB,,,O,OL,true,2015,,F
dataflow,IMF.STA:QNEA(7.0.0),R,SGP,B1GQ,Q,SA,XDC,Q,1991-Q2,25819200000,0,,,,,,,,,FB,,,O,OL,true,2015,,F
dataflow,IMF.STA:QNEA(7.0.0),R,SGP,B1GQ,Q,SA,XDC,Q,1991-Q3,26244200000,0,,,,,,,,,FB,,,O,OL,true,2015,,F
dataflow,IMF.STA:QNEA(7.0.0),R,SGP,B1GQ,Q,SA,XDC,Q,1991-Q4,26456100000,0,,,,,,,,,FB,,,O,OL,true,2015,,F
dataflow,IMF.STA:QNEA(7.0.0),R,SGP,B1GQ,Q,SA,XDC,Q,1992-Q1,26919100000,0,,,,,,,,,FB,,,O,OL,true,2015,,F
dataflow,IMF.STA:QNEA(7.0.0),R,SGP,B1GQ,Q,SA,XDC,Q,1992-Q2,27242400000,0,,,,,,,,,FB,,,O,OL,true,2015,,F
dataflow,IMF.STA:QNEA(7.0.0),R,SGP,B1GQ,Q,SA,XDC,Q,1992-Q3,27973800000,0,,,,,,,,,FB,,,O,OL,true,2015,,F
dataflow,IMF.STA:QNEA(7.0.0),R,SGP,B1GQ,Q,SA,XDC,Q,1992-Q4,28725100000,0,,,,,,,,,FB,,,O,OL,true,2015,,F
dataflow,IMF.STA:QNEA(7.0.0),R,SGP,B1GQ,Q,SA,XDC,Q,1993-Q1,29362800000,0,,,,,,,,,FB,,,O,OL,true,2015,,F
dataflow,IMF.STA:QNEA(7.0.0),R,SGP,B1GQ,Q,SA,XDC,Q,1993-Q2,30626700000,0,,,,,,,,,FB,,,O,OL,true,2015,,F
dataflow,IMF.STA:QNEA(7.0.0),R,SGP,B1GQ,Q,SA,XDC,Q,1993-Q3,31160600000,0,,,,,,,,,FB,,,O,OL,true,2015,,F
dataflow,IMF.STA:QNEA(7.0.0),R,SGP,B1GQ,Q,SA,XDC,Q,1993-Q4,32391300000,0,,,,,,,,,FB,,,O,OL,true,2015,,F
dataflow,IMF.STA:QNEA(7.0.0),R,SGP,B1GQ,Q,SA,XDC,Q,1994-Q1,33391200000,0,,,,,,,,,FB,,,O,OL,true,2015,,F
dataflow,IMF.STA:QNEA(7.0.0),R,SGP,B1GQ,Q,SA,XDC,Q,1994-Q2,33772900000,0,,,,,,,,,FB,,,O,OL,true,2015,,F
dataflow,IMF.STA:QNEA(7.0.0),R,SGP,B1GQ,Q,SA,XDC,Q,1994-Q3,34809200000,0,,,,,,,,,FB,,,O,OL,true,2015,,F
dataflow,IMF.STA:QNEA(7.0.0),R,SGP,B1GQ,Q,SA,XDC,Q,1994-Q4,35324400000,0,,,,,,,,,FB,,,O,OL,true,2015,,F
dataflow,IMF.STA:QNEA(7.0.0),R,SGP,B1GQ,Q,SA,XDC,Q,1995-Q1,35181300000,0,,,,,,,,,FB,,,O,OL,true,2015,,F
dataflow,IMF.STA:QNEA(7.0.0),R,SGP,B1GQ,Q,SA,XDC,Q,1995-Q2,36239200000,0,,,,,,,,,FB,,,O,OL,true,2015,,F
dataflow,IMF.STA:QNEA(7.0.0),R,SGP,B1GQ,Q,SA,XDC,Q,1995-Q3,37676200000,0,,,,,,,,,FB,,,O,OL,true,2015,,F
dataflow,IMF.STA:QNEA(7.0.0),R,SGP,B1GQ,Q,SA,XDC,Q,1995-Q4,38043300000,0,,,,,,,,,FB,,,O,OL,true,2015,,F
dataflow,IMF.STA:QNEA(7.0.0),R,SGP,B1GQ,Q,SA,XDC,Q,1996-Q1,39337500000,0,,,,,,,,,FB,,,O,OL,true,2015,,F
dataflow,IMF.STA:QNEA(7.0.0),R,SGP,B1GQ,Q,SA,XDC,Q,1996-Q2,39287400000,0,,,,,,,,,FB,,,O,OL,true,2015,,F
dataflow,IMF.STA:QNEA(7.0.0),R,SGP,B1GQ,Q,SA,XDC,Q,1996-Q3,39277000000,0,,,,,,,,,FB,,,O,OL,true,2015,,F
dataflow,IMF.STA:QNEA(7.0.0),R,SGP,B1GQ,Q,SA,XDC,Q,1996-Q4,40335000000,0,,,,,,,,,FB,,,O,OL,true,2015,,F
dataflow,IMF.STA:QNEA(7.0.0),R,SGP,B1GQ,Q,SA,XDC,Q,1997-Q1,41566800000,0,,,,,,,,,FB,,,O,OL,true,2015,,F
dataflow,IMF.STA:QNEA(7.0.0),R,SGP,B1GQ,Q,SA,XDC,Q,1997-Q2,42937100000,0,,,,,,,,,FB,,,O,OL,true,2015,,F
dataflow,IMF.STA:QNEA(7.0.0),R,SGP,B1GQ,Q,SA,XDC,Q,1997-Q3,43615300000,0,,,,,,,,,FB,,,O,OL,true,2015,,F
dataflow,IMF.STA:QNEA(7.0.0),R,SGP,B1GQ,Q,SA,XDC,Q,1997-Q4,43258700000,0,,,,,,,,,FB,,,O,OL,true,2015,,F
dataflow,IMF.STA:QNEA(7.0.0),R,SGP,B1GQ,Q,SA,XDC,Q,1998-Q1,42144300000,0,,,,,,,,,FB,,,O,OL,true,2015,,F
dataflow,IMF.STA:QNEA(7.0.0),R,SGP,B1GQ,Q,SA,XDC,Q,1998-Q2,41830600000,0,,,,,,,,,FB,,,O,OL,true,2015,,F
dataflow,IMF.STA:QNEA(7.0.0),R,SGP,B1GQ,Q,SA,XDC,Q,1998-Q3,41485700000,0,,,,,,,,,FB,,,O,OL,true,2015,,F
dataflow,IMF.STA:QNEA(7.0.0),R,SGP,B1GQ,Q,SA,XDC,Q,1998-Q4,42225700000,0,,,,,,,,,FB,,,O,OL,true,2015,,F
dataflow,IMF.STA:QNEA(7.0.0),R,SGP,B1GQ,Q,SA,XDC,Q,1999-Q1,42973100000,0,,,,,,,,,FB,,,O,OL,true,2015,,F
dataflow,IMF.STA:QNEA(7.0.0),R,SGP,B1GQ,Q,SA,XDC,Q,1999-Q2,44059200000,0,,,,,,,,,FB,,,O,OL,true,2015,,F
dataflow,IMF.STA:QNEA(7.0.0),R,SGP,B1GQ,Q,SA,XDC,Q,1999-Q3,44901500000,0,,,,,,,,,FB,,,O,OL,true,2015,,F
dataflow,IMF.STA:QNEA(7.0.0),R,SGP,B1GQ,Q,SA,XDC,Q,1999-Q4,45276700000,0,,,,,,,,,FB,,,O,OL,true,2015,,F
dataflow,IMF.STA:QNEA(7.0.0),R,SGP,B1GQ,Q,SA,XDC,Q,2000-Q1,46764000000,0,,,,,,,,,FB,,,O,OL,true,2015,,F
dataflow,IMF.STA:QNEA(7.0.0),R,SGP,B1GQ,Q,SA,XDC,Q,2000-Q2,47666100000,0,,,,,,,,,FB,,,O,OL,true,2015,,F
dataflow,IMF.STA:QNEA(7.0.0),R,SGP,B1GQ,Q,SA,XDC,Q,2000-Q3,49242200000,0,,,,,,,,,FB,,,O,OL,true,2015,,F
dataflow,IMF.STA:QNEA(7.0.0),R,SGP,B1GQ,Q,SA,XDC,Q,2000-Q4,49548700000,0,,,,,,,,,FB,,,O,OL,true,2015,,F
dataflow,IMF.STA:QNEA(7.0.0),R,SGP,B1GQ,Q,SA,XDC,Q,2001-Q1,49193900000,0,,,,,,,,,FB,,,O,OL,true,2015,,F
dataflow,IMF.STA:QNEA(7.0.0),R,SGP,B1GQ,Q,SA,XDC,Q,2001-Q2,47929500000,0,,,,,,,,,FB,,,O,OL,true,2015,,F
dataflow,IMF.STA:QNEA(7.0.0),R,SGP,B1GQ,Q,SA,XDC,Q,2001-Q3,46878800000,0,,,,,,,,,FB,,,O,OL,true,2015,,F
dataflow,IMF.STA:QNEA(7.0.0),R,SGP,B1GQ,Q,SA,XDC,Q,2001-Q4,47181200000,0,,,,,,,,,FB,,,O,OL,true,2015,,F
dataflow,IMF.STA:QNEA(7.0.0),R,SGP,B1GQ,Q,SA,XDC,Q,2002-Q1,48589800000,0,,,,,,,,,FB,,,O,OL,true,2015,,F
dataflow,IMF.STA:QNEA(7.0.0),R,SGP,B1GQ,Q,SA,XDC,Q,2002-Q2,50000000000,0,,,,,,,,,FB,,,O,OL,true,2015,,F
dataflow,IMF.STA:QNEA(7.0.0),R,SGP,B1GQ,Q,SA,XDC,Q,2002-Q3,50040600000,0,,,,,,,,,FB,,,O,OL,true,2015,,F
dataflow,IMF.STA:QNEA(7.0.0),R,SGP,B1GQ,Q,SA,XDC,Q,2002-Q4,49966300000,0,,,,,,,,,FB,,,O,OL,true,2015,,F
dataflow,IMF.STA:QNEA(7.0.0),R,SGP,B1GQ,Q,SA,XDC,Q,2003-Q1,50602000000,0,,,,,,,,,FB,,,O,OL,true,2015,,F
dataflow,IMF.STA:QNEA(7.0.0),R,SGP,B1GQ,Q,SA,XDC,Q,2003-Q2,49921500000,0,,,,,,,,,FB,,,O,OL,true,2015,,F
dataflow,IMF.STA:QNEA(7.0.0),R,SGP,B1GQ,Q,SA,XDC,Q,2003-Q3,52758600000,0,,,,,,,,,FB,,,O,OL,true,2015,,F
dataflow,IMF.STA:QNEA(7.0.0),R,SGP,B1GQ,Q,SA,XDC,Q,2003-Q4,54270400000,0,,,,,,,,,FB,,,O,OL,true,2015,,F
dataflow,IMF.STA:QNEA(7.0.0),R,SGP,B1GQ,Q,SA,XDC,Q,2004-Q1,55875500000,0,,,,,,,,,FB,,,O,OL,true,2015,,F
dataflow,IMF.STA:QNEA(7.0.0),R,SGP,B1GQ,Q,SA,XDC,Q,2004-Q2,56744000000,0,,,,,,,,,FB,,,O,OL,true,2015,,F
dataflow,IMF.STA:QNEA(7.0.0),R,SGP,B1GQ,Q,SA,XDC,Q,2004-Q3,57157000000,0,,,,,,,,,FB,,,O,OL,true,2015,,F
dataflow,IMF.STA:QNEA(7.0.0),R,SGP,B1GQ,Q,SA,XDC,Q,2004-Q4,58475200000,0,,,,,,,,,FB,,,O,OL,true,2015,,F
dataflow,IMF.STA:QNEA(7.0.0),R,SGP,B1GQ,Q,SA,XDC,Q,2005-Q1,58907900000,0,,,,,,,,,FB,,,O,OL,true,2015,,F
dataflow,IMF.STA:QNEA(7.0.0),R,SGP,B1GQ,Q,SA,XDC,Q,2005-Q2,60391400000,0,,,,,,,,,FB,,,O,OL,true,2015,,F
dataflow,IMF.STA:QNEA(7.0.0),R,SGP,B1GQ,Q,SA,XDC,Q,2005-Q3,61871100000,0,,,,,,,,,FB,,,O,OL,true,2015,,F
dataflow,IMF.STA:QNEA(7.0.0),R,SGP,B1GQ,Q,SA,XDC,Q,2005-Q4,63863900000,0,,,,,,,,,FB,,,O,OL,true,2015,,F
dataflow,IMF.STA:QNEA(7.0.0),R,SGP,B1GQ,Q,SA,XDC,Q,2006-Q1,64987400000,0,,,,,,,,,FB,,,O,OL,true,2015,,F
dataflow,IMF.STA:QNEA(7.0.0),R,SGP,B1GQ,Q,SA,XDC,Q,2006-Q2,65714200000,0,,,,,,,,,FB,,,O,OL,true,2015,,F
dataflow,IMF.STA:QNEA(7.0.0),R,SGP,B1GQ,Q,SA,XDC,Q,2006-Q3,66961600000,0,,,,,,,,,FB,,,O,OL,true,2015,,F
dataflow,IMF.STA:QNEA(7.0.0),R,SGP,B1GQ,Q,SA,XDC,Q,2006-Q4,69557600000,0,,,,,,,,,FB,,,O,OL,true,2015,,F
dataflow,IMF.STA:QNEA(7.0.0),R,SGP,B1GQ,Q,SA,XDC,Q,2007-Q1,70566900000,0,,,,,,,,,FB,,,O,OL,true,2015,,F
dataflow,IMF.STA:QNEA(7.0.0),R,SGP,B1GQ,Q,SA,XDC,Q,2007-Q2,72209600000,0,,,,,,,,,FB,,,O,OL,true,2015,,F
dataflow,IMF.STA:QNEA(7.0.0),R,SGP,B1GQ,Q,SA,XDC,Q,2007-Q3,74131000000,0,,,,,,,,,FB,,,O,OL,true,2015,,F
dataflow,IMF.STA:QNEA(7.0.0),R,SGP,B1GQ,Q,SA,XDC,Q,2007-Q4,74448500000,0,,,,,,,,,FB,,,O,OL,true,2015,,F
dataflow,IMF.STA:QNEA(7.0.0),R,SGP,B1GQ,Q,SA,XDC,Q,2008-Q1,76342400000,0,,,,,,,,,FB,,,O,OL,true,2015,,F
dataflow,IMF.STA:QNEA(7.0.0),R,SGP,B1GQ,Q,SA,XDC,Q,2008-Q2,74425300000,0,,,,,,,,,FB,,,O,OL,true,2015,,F
dataflow,IMF.STA:QNEA(7.0.0),R,SGP,B1GQ,Q,SA,XDC,Q,2008-Q3,73949100000,0,,,,,,,,,FB,,,O,OL,true,2015,,F
dataflow,IMF.STA:QNEA(7.0.0),R,SGP,B1GQ,Q,SA,XDC,Q,2008-Q4,72247500000,0,,,,,,,,,FB,,,O,OL,true,2015,,F
dataflow,IMF.STA:QNEA(7.0.0),R,SGP,B1GQ,Q,SA,XDC,Q,2009-Q1,70353200000,0,,,,,,,,,FB,,,O,OL,true,2015,,F
dataflow,IMF.STA:QNEA(7.0.0),R,SGP,B1GQ,Q,SA,XDC,Q,2009-Q2,73328500000,0,,,,,,,,,FB,,,O,OL,true,2015,,F
dataflow,IMF.STA:QNEA(7.0.0),R,SGP,B1GQ,Q,SA,XDC,Q,2009-Q3,76172400000,0,,,,,,,,,FB,,,O,OL,true,2015,,F
dataflow,IMF.STA:QNEA(7.0.0),R,SGP,B1GQ,Q,SA,XDC,Q,2009-Q4,77291000000,0,,,,,,,,,FB,,,O,OL,true,2015,,F
dataflow,IMF.STA:QNEA(7.0.0),R,SGP,B1GQ,Q,SA,XDC,Q,2010-Q1,81783900000,0,,,,,,,,,FB,,,O,OL,true,2015,,F
dataflow,IMF.STA:QNEA(7.0.0),R,SGP,B1GQ,Q,SA,XDC,Q,2010-Q2,86694300000,0,,,,,,,,,FB,,,O,OL,true,2015,,F
dataflow,IMF.STA:QNEA(7.0.0),R,SGP,B1GQ,Q,SA,XDC,Q,2010-Q3,84280900000,0,,,,,,,,,FB,,,O,OL,true,2015,,F
dataflow,IMF.STA:QNEA(7.0.0),R,SGP,B1GQ,Q,SA,XDC,Q,2010-Q4,87552200000,0,,,,,,,,,FB,,,O,OL,true,2015,,F
dataflow,IMF.STA:QNEA(7.0.0),R,SGP,B1GQ,Q,SA,XDC,Q,2011-Q1,89202800000,0,,,,,,,,,FB,,,O,OL,true,2015,,F
dataflow,IMF.STA:QNEA(7.0.0),R,SGP,B1GQ,Q,SA,XDC,Q,2011-Q2,88982100000,0,,,,,,,,,FB,,,O,OL,true,2015,,F
dataflow,IMF.STA:QNEA(7.0.0),R,SGP,B1GQ,Q,SA,XDC,Q,2011-Q3,91290600000,0,,,,,,,,,FB,,,O,OL,true,2015,,F
dataflow,IMF.STA:QNEA(7.0.0),R,SGP,B1GQ,Q,SA,XDC,Q,2011-Q4,91868400000,0,,,,,,,,,FB,,,O,OL,true,2015,,F
dataflow,IMF.STA:QNEA(7.0.0),R,SGP,B1GQ,Q,SA,XDC,Q,2012-Q1,93564100000,0,,,,,,,,,FB,,,O,OL,true,2015,,F
dataflow,IMF.STA:QNEA(7.0.0),R,SGP,B1GQ,Q,SA,XDC,Q,2012-Q2,94389200000,0,,,,,,,,,FB,,,O,OL,true,2015,,F
dataflow,IMF.STA:QNEA(7.0.0),R,SGP,B1GQ,Q,SA,XDC,Q,2012-Q3,93471500000,0,,,,,,,,,FB,,,O,OL,true,2015,,F
dataflow,IMF.STA:QNEA(7.0.0),R,SGP,B1GQ,Q,SA,XDC,Q,2012-Q4,95913300000,0,,,,,,,,,FB,,,O,OL,true,2015,,F
dataflow,IMF.STA:QNEA(7.0.0),R,SGP,B1GQ,Q,SA,XDC,Q,2013-Q1,96815500000,0,,,,,,,,,FB,,,O,OL,true,2015,,F
dataflow,IMF.STA:QNEA(7.0.0),R,SGP,B1GQ,Q,SA,XDC,Q,2013-Q2,98765100000,0,,,,,,,,,FB,,,O,OL,true,2015,,F
dataflow,IMF.STA:QNEA(7.0.0),R,SGP,B1GQ,Q,SA,XDC,Q,2013-Q3,99443900000,0,,,,,,,,,FB,,,O,OL,true,2015,,F
dataflow,IMF.STA:QNEA(7.0.0),R,SGP,B1GQ,Q,SA,XDC,Q,2013-Q4,100368500000,0,,,,,,,,,FB,,,O,OL,true,2015,,F
dataflow,IMF.STA:QNEA(7.0.0),R,SGP,B1GQ,Q,SA,XDC,Q,2014-Q1,101132700000,0,,,,,,,,,FB,,,O,OL,true,2015,,F
dataflow,IMF.STA:QNEA(7.0.0),R,SGP,B1GQ,Q,SA,XDC,Q,2014-Q2,102156700000,0,,,,,,,,,FB,,,O,OL,true,2015,,F
dataflow,IMF.STA:QNEA(7.0.0),R,SGP,B1GQ,Q,SA,XDC,Q,2014-Q3,103078700000,0,,,,,,,,,FB,,,O,OL,true,2015,,F
dataflow,IMF.STA:QNEA(7.0.0),R,SGP,B1GQ,Q,SA,XDC,Q,2014-Q4,104638500000,0,,,,,,,,,FB,,,O,OL,true,2015,,F
dataflow,IMF.STA:QNEA(7.0.0),R,SGP,B1GQ,Q,SA,XDC,Q,2015-Q1,104258100000,0,,,,,,,,,FB,,,O,OL,true,2015,,F
dataflow,IMF.STA:QNEA(7.0.0),R,SGP,B1GQ,Q,SA,XDC,Q,2015-Q2,105500500000,0,,,,,,,,,FB,,,O,OL,true,2015,,F
dataflow,IMF.STA:QNEA(7.0.0),R,SGP,B1GQ,Q,SA,XDC,Q,2015-Q3,106784400000,0,,,,,,,,,FB,,,O,OL,true,2015,,F
dataflow,IMF.STA:QNEA(7.0.0),R,SGP,B1GQ,Q,SA,XDC,Q,2015-Q4,106757100000,0,,,,,,,,,FB,,,O,OL,true,2015,,F
dataflow,IMF.STA:QNEA(7.0.0),R,SGP,B1GQ,Q,SA,XDC,Q,2016-Q1,107974400000,0,,,,,,,,,FB,,,O,OL,true,2015,,F
dataflow,IMF.STA:QNEA(7.0.0),R,SGP,B1GQ,Q,SA,XDC,Q,2016-Q2,109286000000,0,,,,,,,,,FB,,,O,OL,true,2015,,F
dataflow,IMF.STA:QNEA(7.0.0),R,SGP,B1GQ,Q,SA,XDC,Q,2016-Q3,110361600000,0,,,,,,,,,FB,,,O,OL,true,2015,,F
dataflow,IMF.STA:QNEA(7.0.0),R,SGP,B1GQ,Q,SA,XDC,Q,2016-Q4,112311300000,0,,,,,,,,,FB,,,O,OL,true,2015,,F
dataflow,IMF.STA:QNEA(7.0.0),R,SGP,B1GQ,Q,SA,XDC,Q,2017-Q1,112842800000,0,,,,,,,,,FB,,,O,OL,true,2015,,F
dataflow,IMF.STA:QNEA(7.0.0),R,SGP,B1GQ,Q,SA,XDC,Q,2017-Q2,113231200000,0,,,,,,,,,FB,,,O,OL,true,2015,,F
dataflow,IMF.STA:QNEA(7.0.0),R,SGP,B1GQ,Q,SA,XDC,Q,2017-Q3,115917700000,0,,,,,,,,,FB,,,O,OL,true,2015,,F
dataflow,IMF.STA:QNEA(7.0.0),R,SGP,B1GQ,Q,SA,XDC,Q,2017-Q4,117031900000,0,,,,,,,,,FB,,,O,OL,true,2015,,F
dataflow,IMF.STA:QNEA(7.0.0),R,SGP,B1GQ,Q,SA,XDC,Q,2018-Q1,117663400000,0,,,,,,,,,FB,,,O,OL,true,2015,,F
dataflow,IMF.STA:QNEA(7.0.0),R,SGP,B1GQ,Q,SA,XDC,Q,2018-Q2,118441800000,0,,,,,,,,,FB,,,O,OL,true,2015,,F
dataflow,IMF.STA:QNEA(7.0.0),R,SGP,B1GQ,Q,SA,XDC,Q,2018-Q3,119276400000,0,,,,,,,,,FB,,,O,OL,true,2015,,F
dataflow,IMF.STA:QNEA(7.0.0),R,SGP,B1GQ,Q,SA,XDC,Q,2018-Q4,118364900000,0,,,,,,,,,FB,,,O,OL,true,2015,,F
dataflow,IMF.STA:QNEA(7.0.0),R,SGP,B1GQ,Q,SA,XDC,Q,2019-Q1,118989500000,0,,,,,,,,,FB,,,O,OL,true,2015,,F
dataflow,IMF.STA:QNEA(7.0.0),R,SGP,B1GQ,Q,SA,XDC,Q,2019-Q2,119757300000,0,,,,,,,,,FB,,,O,OL,true,2015,,F
dataflow,IMF.STA:QNEA(7.0.0),R,SGP,B1GQ,Q,SA,XDC,Q,2019-Q3,120204300000,0,,,,,,,,,FB,,,O,OL,true,2015,,F
dataflow,IMF.STA:QNEA(7.0.0),R,SGP,B1GQ,Q,SA,XDC,Q,2019-Q4,120377700000,0,,,,,,,,,FB,,,O,OL,true,2015,,F
dataflow,IMF.STA:QNEA(7.0.0),R,SGP,B1GQ,Q,SA,XDC,Q,2020-Q1,120316000000,0,,,,,,,,,FB,,,O,OL,true,2015,,F
dataflow,IMF.STA:QNEA(7.0.0),R,SGP,B1GQ,Q,SA,XDC,Q,2020-Q2,105741100000,0,,,,,,,,,FB,,,O,OL,true,2015,,F
dataflow,IMF.STA:QNEA(7.0.0),R,SGP,B1GQ,Q,SA,XDC,Q,2020-Q3,115643700000,0,,,,,,,,,FB,,,O,OL,true,2015,,F
dataflow,IMF.STA:QNEA(7.0.0),R,SGP,B1GQ,Q,SA,XDC,Q,2020-Q4,120034600000,0,,,,,,,,,FB,,,O,OL,true,2015,,F
dataflow,IMF.STA:QNEA(7.0.0),R,SGP,B1GQ,Q,SA,XDC,Q,2021-Q1,126219200000,0,,,,,,,,,FB,,,O,OL,true,2015,,F
dataflow,IMF.STA:QNEA(7.0.0),R,SGP,B1GQ,Q,SA,XDC,Q,2021-Q2,125820400000,0,,,,,,,,,FB,,,O,OL,true,2015,,F
dataflow,IMF.STA:QNEA(7.0.0),R,SGP,B1GQ,Q,SA,XDC,Q,2021-Q3,127014100000,0,,,,,,,,,FB,,,O,OL,true,2015,,F
dataflow,IMF.STA:QNEA(7.0.0),R,SGP,B1GQ,Q,SA,XDC,Q,2021-Q4,129539600000,0,,,,,,,,,FB,,,O,OL,true,2015,,F
dataflow,IMF.STA:QNEA(7.0.0),R,SGP,B1GQ,Q,SA,XDC,Q,2022-Q1,131743300000,0,,,,,,,,,FB,,,O,OL,true,2015,,F
dataflow,IMF.STA:QNEA(7.0.0),R,SGP,B1GQ,Q,SA,XDC,Q,2022-Q2,132233600000,0,,,,,,,,,FB,,,O,OL,true,2015,,F
dataflow,IMF.STA:QNEA(7.0.0),R,SGP,B1GQ,Q,SA,XDC,Q,2022-Q3,132527100000,0,,,,,,,,,FB,,,O,OL,true,2015,,F
dataflow,IMF.STA:QNEA(7.0.0),R,SGP,B1GQ,Q,SA,XDC,Q,2022-Q4,132421300000,0,,,,,,,,,FB,,,O,OL,true,2015,,F
dataflow,IMF.STA:QNEA(7.0.0),R,SGP,B1GQ,Q,SA,XDC,Q,2023-Q1,132503500000,0,,,,,,,,,FB,,,O,OL,true,2015,,F
dataflow,IMF.STA:QNEA(7.0.0),R,SGP,B1GQ,Q,SA,XDC,Q,2023-Q2,133127600000,0,,,,,,,,,FB,,,O,OL,true,2015,,F
dataflow,IMF.STA:QNEA(7.0.0),R,SGP,B1GQ,Q,SA,XDC,Q,2023-Q3,134501800000,0,,,,,,,,,FB,,,O,OL,true,2015,,F
dataflow,IMF.STA:QNEA(7.0.0),R,SGP,B1GQ,Q,SA,XDC,Q,2023-Q4,136534000000,0,,,,,,,,,FB,,,O,OL,true,2015,,F
dataflow,IMF.STA:QNEA(7.0.0),R,SGP,B1GQ,Q,SA,XDC,Q,2024-Q1,138274900000,0,,,,,,,,,FB,,,O,OL,true,2015,,F
dataflow,IMF.STA:QNEA(7.0.0),R,SGP,B1GQ,Q,SA,XDC,Q,2024-Q2,139612400000,0,,,,,,,,,FB,,,O,OL,true,2015,,F
dataflow,IMF.STA:QNEA(7.0.0),R,SGP,B1GQ,Q,SA,XDC,Q,2024-Q3,143708800000,0,,,,,,,,,FB,,,O,OL,true,2015,,F
dataflow,IMF.STA:QNEA(7.0.0),R,SGP,B1GQ,Q,SA,XDC,Q,2024-Q4,143729600000,0,,,,,,,,,FB,,,O,OL,true,2015,,F
dataflow,IMF.STA:QNEA(7.0.0),R,SGP,B1GQ,Q,SA,XDC,Q,2025-Q1,144628300000,0,,,,,,,,,FB,,,O,OL,true,2015,,F
dataflow,IMF.STA:QNEA(7.0.0),R,SGP,B1GQ,Q,SA,XDC,Q,2025-Q2,147189700000,0,,,,,,,,,FB,,,O,OL,true,2015,,F
dataflow,IMF.STA:QNEA(7.0.0),R,SGP,B1GQ,Q,SA,XDC,Q,2025-Q3,149977000000,0,,,,,,,,,FB,,,O,OL,true,2015,,F
dataflow,IMF.STA:QNEA(7.0.0),R,SGP,B1GQ,Q,SA,XDC,Q,2025-Q4,151904200000,0,,,,,,,,,FB,,,O,OL,true,2015,,F
dataflow,IMF.STA:QNEA(7.0.0),R,SRB,B1GQ,Q,SA,XDC,Q,1995-Q1,470188846631.07,0,,,,,,,,,L,,,O,OL,true,2010,,F
dataflow,IMF.STA:QNEA(7.0.0),R,SRB,B1GQ,Q,SA,XDC,Q,1995-Q2,494438433379.32,0,,,,,,,,,L,,,O,OL,true,2010,,F
dataflow,IMF.STA:QNEA(7.0.0),R,SRB,B1GQ,Q,SA,XDC,Q,1995-Q3,463188856897.29,0,,,,,,,,,L,,,O,OL,true,2010,,F
dataflow,IMF.STA:QNEA(7.0.0),R,SRB,B1GQ,Q,SA,XDC,Q,1995-Q4,443152472564.08,0,,,,,,,,,L,,,O,OL,true,2010,,F
dataflow,IMF.STA:QNEA(7.0.0),R,SRB,B1GQ,Q,SA,XDC,Q,1996-Q1,484905552005.54,0,,,,,,,,,L,,,O,OL,true,2010,,F
dataflow,IMF.STA:QNEA(7.0.0),R,SRB,B1GQ,Q,SA,XDC,Q,1996-Q2,497525596789.29,0,,,,,,,,,L,,,O,OL,true,2010,,F
dataflow,IMF.STA:QNEA(7.0.0),R,SRB,B1GQ,Q,SA,XDC,Q,1996-Q3,496362007209.48,0,,,,,,,,,L,,,O,OL,true,2010,,F
dataflow,IMF.STA:QNEA(7.0.0),R,SRB,B1GQ,Q,SA,XDC,Q,1996-Q4,507654514354.25,0,,,,,,,,,L,,,O,OL,true,2010,,F
dataflow,IMF.STA:QNEA(7.0.0),R,SRB,B1GQ,Q,SA,XDC,Q,1997-Q1,513637196299.93,0,,,,,,,,,L,,,O,OL,true,2010,,F
dataflow,IMF.STA:QNEA(7.0.0),R,SRB,B1GQ,Q,SA,XDC,Q,1997-Q2,522648365989.39,0,,,,,,,,,L,,,O,OL,true,2010,,F
dataflow,IMF.STA:QNEA(7.0.0),R,SRB,B1GQ,Q,SA,XDC,Q,1997-Q3,560959590142.11,0,,,,,,,,,L,,,O,OL,true,2010,,F
dataflow,IMF.STA:QNEA(7.0.0),R,SRB,B1GQ,Q,SA,XDC,Q,1997-Q4,566334049882.28,0,,,,,,,,,L,,,O,OL,true,2010,,F
dataflow,IMF.STA:QNEA(7.0.0),R,SRB,B1GQ,Q,SA,XDC,Q,1998-Q1,569809007697.43,0,,,,,,,,,L,,,O,OL,true,2010,,F
dataflow,IMF.STA:QNEA(7.0.0),R,SRB,B1GQ,Q,SA,XDC,Q,1998-Q2,569889746694.71,0,,,,,,,,,L,,,O,OL,true,2010,,F
dataflow,IMF.STA:QNEA(7.0.0),R,SRB,B1GQ,Q,SA,XDC,Q,1998-Q3,565713445821.41,0,,,,,,,,,L,,,O,OL,true,2010,,F
dataflow,IMF.STA:QNEA(7.0.0),R,SRB,B1GQ,Q,SA,XDC,Q,1998-Q4,573766107993.08,0,,,,,,,,,L,,,O,OL,true,2010,,F
dataflow,IMF.STA:QNEA(7.0.0),R,SRB,B1GQ,Q,SA,XDC,Q,1999-Q1,555011294434.42,0,,,,,,,,,L,,,O,OL,true,2010,,F
dataflow,IMF.STA:QNEA(7.0.0),R,SRB,B1GQ,Q,SA,XDC,Q,1999-Q2,449832300366.72,0,,,,,,,,,L,,,O,OL,true,2010,,F
dataflow,IMF.STA:QNEA(7.0.0),R,SRB,B1GQ,Q,SA,XDC,Q,1999-Q3,512826131277.19,0,,,,,,,,,L,,,O,OL,true,2010,,F
dataflow,IMF.STA:QNEA(7.0.0),R,SRB,B1GQ,Q,SA,XDC,Q,1999-Q4,525585853834.71,0,,,,,,,,,L,,,O,OL,true,2010,,F
dataflow,IMF.STA:QNEA(7.0.0),R,SRB,B1GQ,Q,SA,XDC,Q,2000-Q1,552174522854.9,0,,,,,,,,,L,,,O,OL,true,2010,,F
dataflow,IMF.STA:QNEA(7.0.0),R,SRB,B1GQ,Q,SA,XDC,Q,2000-Q2,559172556021.59,0,,,,,,,,,L,,,O,OL,true,2010,,F
dataflow,IMF.STA:QNEA(7.0.0),R,SRB,B1GQ,Q,SA,XDC,Q,2000-Q3,550923091905.27,0,,,,,,,,,L,,,O,OL,true,2010,,F
dataflow,IMF.STA:QNEA(7.0.0),R,SRB,B1GQ,Q,SA,XDC,Q,2000-Q4,504926212069.78,0,,,,,,,,,L,,,O,OL,true,2010,,F
dataflow,IMF.STA:QNEA(7.0.0),R,SRB,B1GQ,Q,SA,XDC,Q,2001-Q1,570838003213.45,0,,,,,,,,,L,,,O,OL,true,2010,,F
dataflow,IMF.STA:QNEA(7.0.0),R,SRB,B1GQ,Q,SA,XDC,Q,2001-Q2,569228564511.94,0,,,,,,,,,L,,,O,OL,true,2010,,F
dataflow,IMF.STA:QNEA(7.0.0),R,SRB,B1GQ,Q,SA,XDC,Q,2001-Q3,579228450537.55,0,,,,,,,,,L,,,O,OL,true,2010,,F
dataflow,IMF.STA:QNEA(7.0.0),R,SRB,B1GQ,Q,SA,XDC,Q,2001-Q4,594296292576.19,0,,,,,,,,,L,,,O,OL,true,2010,,F
dataflow,IMF.STA:QNEA(7.0.0),R,SRB,B1GQ,Q,SA,XDC,Q,2002-Q1,600327975981.76,0,,,,,,,,,L,,,O,OL,true,2010,,F
dataflow,IMF.STA:QNEA(7.0.0),R,SRB,B1GQ,Q,SA,XDC,Q,2002-Q2,610484690082.02,0,,,,,,,,,L,,,O,OL,true,2010,,F
dataflow,IMF.STA:QNEA(7.0.0),R,SRB,B1GQ,Q,SA,XDC,Q,2002-Q3,626501620223.64,0,,,,,,,,,L,,,O,OL,true,2010,,F
dataflow,IMF.STA:QNEA(7.0.0),R,SRB,B1GQ,Q,SA,XDC,Q,2002-Q4,627184790217.63,0,,,,,,,,,L,,,O,OL,true,2010,,F
dataflow,IMF.STA:QNEA(7.0.0),R,SRB,B1GQ,Q,SA,XDC,Q,2003-Q1,633059833807.41,0,,,,,,,,,L,,,O,OL,true,2010,,F
dataflow,IMF.STA:QNEA(7.0.0),R,SRB,B1GQ,Q,SA,XDC,Q,2003-Q2,645801410820.55,0,,,,,,,,,L,,,O,OL,true,2010,,F
dataflow,IMF.STA:QNEA(7.0.0),R,SRB,B1GQ,Q,SA,XDC,Q,2003-Q3,648155552821.66,0,,,,,,,,,L,,,O,OL,true,2010,,F
dataflow,IMF.STA:QNEA(7.0.0),R,SRB,B1GQ,Q,SA,XDC,Q,2003-Q4,650023131496.56,0,,,,,,,,,L,,,O,OL,true,2010,,F
dataflow,IMF.STA:QNEA(7.0.0),R,SRB,B1GQ,Q,SA,XDC,Q,2004-Q1,665305181215.37,0,,,,,,,,,L,,,O,OL,true,2010,,F
dataflow,IMF.STA:QNEA(7.0.0),R,SRB,B1GQ,Q,SA,XDC,Q,2004-Q2,675142896097.61,0,,,,,,,,,L,,,O,OL,true,2010,,F
dataflow,IMF.STA:QNEA(7.0.0),R,SRB,B1GQ,Q,SA,XDC,Q,2004-Q3,686935611605.32,0,,,,,,,,,L,,,O,OL,true,2010,,F
dataflow,IMF.STA:QNEA(7.0.0),R,SRB,B1GQ,Q,SA,XDC,Q,2004-Q4,722805078383.18,0,,,,,,,,,L,,,O,OL,true,2010,,F
dataflow,IMF.STA:QNEA(7.0.0),R,SRB,B1GQ,Q,SA,XDC,Q,2005-Q1,696198069754.79,0,,,,,,,,,L,,,O,OL,true,2010,,F
dataflow,IMF.STA:QNEA(7.0.0),R,SRB,B1GQ,Q,SA,XDC,Q,2005-Q2,721166001044.35,0,,,,,,,,,L,,,O,OL,true,2010,,F
dataflow,IMF.STA:QNEA(7.0.0),R,SRB,B1GQ,Q,SA,XDC,Q,2005-Q3,740269682321.65,0,,,,,,,,,L,,,O,OL,true,2010,,F
dataflow,IMF.STA:QNEA(7.0.0),R,SRB,B1GQ,Q,SA,XDC,Q,2005-Q4,755579876995.01,0,,,,,,,,,L,,,O,OL,true,2010,,F
dataflow,IMF.STA:QNEA(7.0.0),R,SRB,B1GQ,Q,SA,XDC,Q,2006-Q1,739947857404.65,0,,,,,,,,,L,,,O,OL,true,2010,,F
dataflow,IMF.STA:QNEA(7.0.0),R,SRB,B1GQ,Q,SA,XDC,Q,2006-Q2,752521542855.26,0,,,,,,,,,L,,,O,OL,true,2010,,F
dataflow,IMF.STA:QNEA(7.0.0),R,SRB,B1GQ,Q,SA,XDC,Q,2006-Q3,760438157815.79,0,,,,,,,,,L,,,O,OL,true,2010,,F
dataflow,IMF.STA:QNEA(7.0.0),R,SRB,B1GQ,Q,SA,XDC,Q,2006-Q4,774289259269.32,0,,,,,,,,,L,,,O,OL,true,2010,,F
dataflow,IMF.STA:QNEA(7.0.0),R,SRB,B1GQ,Q,SA,XDC,Q,2007-Q1,803055032699.12,0,,,,,,,,,L,,,O,OL,true,2010,,F
dataflow,IMF.STA:QNEA(7.0.0),R,SRB,B1GQ,Q,SA,XDC,Q,2007-Q2,811170093030.39,0,,,,,,,,,L,,,O,OL,true,2010,,F
dataflow,IMF.STA:QNEA(7.0.0),R,SRB,B1GQ,Q,SA,XDC,Q,2007-Q3,816212069708.53,0,,,,,,,,,L,,,O,OL,true,2010,,F
dataflow,IMF.STA:QNEA(7.0.0),R,SRB,B1GQ,Q,SA,XDC,Q,2007-Q4,834609774882.44,0,,,,,,,,,L,,,O,OL,true,2010,,F
dataflow,IMF.STA:QNEA(7.0.0),R,SRB,B1GQ,Q,SA,XDC,Q,2008-Q1,854495076983.64,0,,,,,,,,,L,,,O,OL,true,2010,,F
dataflow,IMF.STA:QNEA(7.0.0),R,SRB,B1GQ,Q,SA,XDC,Q,2008-Q2,867181633978.71,0,,,,,,,,,L,,,O,OL,true,2010,,F
dataflow,IMF.STA:QNEA(7.0.0),R,SRB,B1GQ,Q,SA,XDC,Q,2008-Q3,860205516265.51,0,,,,,,,,,L,,,O,OL,true,2010,,F
dataflow,IMF.STA:QNEA(7.0.0),R,SRB,B1GQ,Q,SA,XDC,Q,2008-Q4,851893135210.88,0,,,,,,,,,L,,,O,OL,true,2010,,F
dataflow,IMF.STA:QNEA(7.0.0),R,SRB,B1GQ,Q,SA,XDC,Q,2009-Q1,828935966565.42,0,,,,,,,,,L,,,O,OL,true,2010,,F
dataflow,IMF.STA:QNEA(7.0.0),R,SRB,B1GQ,Q,SA,XDC,Q,2009-Q2,828298993788.15,0,,,,,,,,,L,,,O,OL,true,2010,,F
dataflow,IMF.STA:QNEA(7.0.0),R,SRB,B1GQ,Q,SA,XDC,Q,2009-Q3,834850041972.64,0,,,,,,,,,L,,,O,OL,true,2010,,F
dataflow,IMF.STA:QNEA(7.0.0),R,SRB,B1GQ,Q,SA,XDC,Q,2009-Q4,833772004998.33,0,,,,,,,,,L,,,O,OL,true,2010,,F
dataflow,IMF.STA:QNEA(7.0.0),R,SRB,B1GQ,Q,SA,XDC,Q,2010-Q1,840628720620.73,0,,,,,,,,,L,,,O,OL,true,2010,,F
dataflow,IMF.STA:QNEA(7.0.0),R,SRB,B1GQ,Q,SA,XDC,Q,2010-Q2,840668263090.08,0,,,,,,,,,L,,,O,OL,true,2010,,F
dataflow,IMF.STA:QNEA(7.0.0),R,SRB,B1GQ,Q,SA,XDC,Q,2010-Q3,850845793189.34,0,,,,,,,,,L,,,O,OL,true,2010,,F
dataflow,IMF.STA:QNEA(7.0.0),R,SRB,B1GQ,Q,SA,XDC,Q,2010-Q4,847304899697.86,0,,,,,,,,,L,,,O,OL,true,2010,,F
dataflow,IMF.STA:QNEA(7.0.0),R,SRB,B1GQ,Q,SA,XDC,Q,2011-Q1,854391948383.63,0,,,,,,,,,L,,,O,OL,true,2010,,F
dataflow,IMF.STA:QNEA(7.0.0),R,SRB,B1GQ,Q,SA,XDC,Q,2011-Q2,843873009410.39,0,,,,,,,,,L,,,O,OL,true,2010,,F
dataflow,IMF.STA:QNEA(7.0.0),R,SRB,B1GQ,Q,SA,XDC,Q,2011-Q3,842990322555.74,0,,,,,,,,,L,,,O,OL,true,2010,,F
dataflow,IMF.STA:QNEA(7.0.0),R,SRB,B1GQ,Q,SA,XDC,Q,2011-Q4,840588605319.34,0,,,,,,,,,L,,,O,OL,true,2010,,F
dataflow,IMF.STA:QNEA(7.0.0),R,SRB,B1GQ,Q,SA,XDC,Q,2012-Q1,835821976686.95,0,,,,,,,,,L,,,O,OL,true,2010,,F
dataflow,IMF.STA:QNEA(7.0.0),R,SRB,B1GQ,Q,SA,XDC,Q,2012-Q2,848819808282.67,0,,,,,,,,,L,,,O,OL,true,2010,,F
dataflow,IMF.STA:QNEA(7.0.0),R,SRB,B1GQ,Q,SA,XDC,Q,2012-Q3,839431545858.14,0,,,,,,,,,L,,,O,OL,true,2010,,F
dataflow,IMF.STA:QNEA(7.0.0),R,SRB,B1GQ,Q,SA,XDC,Q,2012-Q4,843126510698.52,0,,,,,,,,,L,,,O,OL,true,2010,,F
dataflow,IMF.STA:QNEA(7.0.0),R,SRB,B1GQ,Q,SA,XDC,Q,2013-Q1,836958509417.74,0,,,,,,,,,L,,,O,OL,true,2010,,F
dataflow,IMF.STA:QNEA(7.0.0),R,SRB,B1GQ,Q,SA,XDC,Q,2013-Q2,839722113246.28,0,,,,,,,,,L,,,O,OL,true,2010,,F
dataflow,IMF.STA:QNEA(7.0.0),R,SRB,B1GQ,Q,SA,XDC,Q,2013-Q3,858076460223.23,0,,,,,,,,,L,,,O,OL,true,2010,,F
dataflow,IMF.STA:QNEA(7.0.0),R,SRB,B1GQ,Q,SA,XDC,Q,2013-Q4,847753427481.21,0,,,,,,,,,L,,,O,OL,true,2010,,F
dataflow,IMF.STA:QNEA(7.0.0),R,SRB,B1GQ,Q,SA,XDC,Q,2014-Q1,840492729575.66,0,,,,,,,,,L,,,O,OL,true,2010,,F
dataflow,IMF.STA:QNEA(7.0.0),R,SRB,B1GQ,Q,SA,XDC,Q,2014-Q2,831702205347.3,0,,,,,,,,,L,,,O,OL,true,2010,,F
dataflow,IMF.STA:QNEA(7.0.0),R,SRB,B1GQ,Q,SA,XDC,Q,2014-Q3,818846436350.53,0,,,,,,,,,L,,,O,OL,true,2010,,F
dataflow,IMF.STA:QNEA(7.0.0),R,SRB,B1GQ,Q,SA,XDC,Q,2014-Q4,830552877628.88,0,,,,,,,,,L,,,O,OL,true,2010,,F
dataflow,IMF.STA:QNEA(7.0.0),R,SRB,B1GQ,Q,SA,XDC,Q,2015-Q1,839452761671.75,0,,,,,,,,,L,,,O,OL,true,2010,,F
dataflow,IMF.STA:QNEA(7.0.0),R,SRB,B1GQ,Q,SA,XDC,Q,2015-Q2,840488767318.05,0,,,,,,,,,L,,,O,OL,true,2010,,F
dataflow,IMF.STA:QNEA(7.0.0),R,SRB,B1GQ,Q,SA,XDC,Q,2015-Q3,838257571939.3,0,,,,,,,,,L,,,O,OL,true,2010,,F
dataflow,IMF.STA:QNEA(7.0.0),R,SRB,B1GQ,Q,SA,XDC,Q,2015-Q4,846191917384.35,0,,,,,,,,,L,,,O,OL,true,2010,,F
dataflow,IMF.STA:QNEA(7.0.0),R,SRB,B1GQ,Q,SA,XDC,Q,2016-Q1,858065168857.8,0,,,,,,,,,L,,,O,OL,true,2010,,F
dataflow,IMF.STA:QNEA(7.0.0),R,SRB,B1GQ,Q,SA,XDC,Q,2016-Q2,864516272590.27,0,,,,,,,,,L,,,O,OL,true,2010,,F
dataflow,IMF.STA:QNEA(7.0.0),R,SRB,B1GQ,Q,SA,XDC,Q,2016-Q3,869955102445.79,0,,,,,,,,,L,,,O,OL,true,2010,,F
dataflow,IMF.STA:QNEA(7.0.0),R,SRB,B1GQ,Q,SA,XDC,Q,2016-Q4,871065310476.54,0,,,,,,,,,L,,,O,OL,true,2010,,F
dataflow,IMF.STA:QNEA(7.0.0),R,SRB,B1GQ,Q,SA,XDC,Q,2017-Q1,876955521689.25,0,,,,,,,,,L,,,O,OL,true,2010,,F
dataflow,IMF.STA:QNEA(7.0.0),R,SRB,B1GQ,Q,SA,XDC,Q,2017-Q2,881748016210.56,0,,,,,,,,,L,,,O,OL,true,2010,,F
dataflow,IMF.STA:QNEA(7.0.0),R,SRB,B1GQ,Q,SA,XDC,Q,2017-Q3,890386819283.29,0,,,,,,,,,L,,,O,OL,true,2010,,F
dataflow,IMF.STA:QNEA(7.0.0),R,SRB,B1GQ,Q,SA,XDC,Q,2017-Q4,895552855640.86,0,,,,,,,,,L,,,O,OL,true,2010,,F
dataflow,IMF.STA:QNEA(7.0.0),R,SRB,B1GQ,Q,SA,XDC,Q,2018-Q1,919215960527.79,0,,,,,,,,,L,,,O,OL,true,2010,,F
dataflow,IMF.STA:QNEA(7.0.0),R,SRB,B1GQ,Q,SA,XDC,Q,2018-Q2,929806812951.81,0,,,,,,,,,L,,,O,OL,true,2010,,F
dataflow,IMF.STA:QNEA(7.0.0),R,SRB,B1GQ,Q,SA,XDC,Q,2018-Q3,930150651121.84,0,,,,,,,,,L,,,O,OL,true,2010,,F
dataflow,IMF.STA:QNEA(7.0.0),R,SRB,B1GQ,Q,SA,XDC,Q,2018-Q4,929457914160.78,0,,,,,,,,,L,,,O,OL,true,2010,,F
dataflow,IMF.STA:QNEA(7.0.0),R,SRB,B1GQ,Q,SA,XDC,Q,2019-Q1,945628399730.2,0,,,,,,,,,L,,,O,OL,true,2010,,F
dataflow,IMF.STA:QNEA(7.0.0),R,SRB,B1GQ,Q,SA,XDC,Q,2019-Q2,960702419267.38,0,,,,,,,,,L,,,O,OL,true,2010,,F
dataflow,IMF.STA:QNEA(7.0.0),R,SRB,B1GQ,Q,SA,XDC,Q,2019-Q3,982169253334.34,0,,,,,,,,,L,,,O,OL,true,2010,,F
dataflow,IMF.STA:QNEA(7.0.0),R,SRB,B1GQ,Q,SA,XDC,Q,2019-Q4,996033064678.85,0,,,,,,,,,L,,,O,OL,true,2010,,F
dataflow,IMF.STA:QNEA(7.0.0),R,SRB,B1GQ,Q,SA,XDC,Q,2020-Q1,998245729452.31,0,,,,,,,,,L,,,O,OL,true,2010,,F
dataflow,IMF.STA:QNEA(7.0.0),R,SRB,B1GQ,Q,SA,XDC,Q,2020-Q2,893875228311.42,0,,,,,,,,,L,,,O,OL,true,2010,,F
dataflow,IMF.STA:QNEA(7.0.0),R,SRB,B1GQ,Q,SA,XDC,Q,2020-Q3,969363258366.86,0,,,,,,,,,L,,,O,OL,true,2010,,F
dataflow,IMF.STA:QNEA(7.0.0),R,SRB,B1GQ,Q,SA,XDC,Q,2020-Q4,985751052177.78,0,,,,,,,,,L,,,O,OL,true,2010,,F
dataflow,IMF.STA:QNEA(7.0.0),R,SRB,B1GQ,Q,SA,XDC,Q,2021-Q1,1014726963226.7,0,,,,,,,,,L,,,O,OL,true,2010,,F
dataflow,IMF.STA:QNEA(7.0.0),R,SRB,B1GQ,Q,SA,XDC,Q,2021-Q2,1025377922757.7,0,,,,,,,,,L,,,O,OL,true,2010,,F
dataflow,IMF.STA:QNEA(7.0.0),R,SRB,B1GQ,Q,SA,XDC,Q,2021-Q3,1050439432207.3,0,,,,,,,,,L,,,O,OL,true,2010,,F
dataflow,IMF.STA:QNEA(7.0.0),R,SRB,B1GQ,Q,SA,XDC,Q,2021-Q4,1062622435980.8,0,,,,,,,,,L,,,O,OL,true,2010,,F
dataflow,IMF.STA:QNEA(7.0.0),R,SRB,B1GQ,Q,SA,XDC,Q,2022-Q1,1063489288234,0,,,,,,,,,L,,,O,OL,true,2010,,F
dataflow,IMF.STA:QNEA(7.0.0),R,SRB,B1GQ,Q,SA,XDC,Q,2022-Q2,1069165347003.9,0,,,,,,,,,L,,,O,OL,true,2010,,F
dataflow,IMF.STA:QNEA(7.0.0),R,SRB,B1GQ,Q,SA,XDC,Q,2022-Q3,1061761420456.1,0,,,,,,,,,L,,,O,OL,true,2010,,F
dataflow,IMF.STA:QNEA(7.0.0),R,SRB,B1GQ,Q,SA,XDC,Q,2022-Q4,1070874335471.7,0,,,,,,,,,L,,,O,OL,true,2010,,F
dataflow,IMF.STA:QNEA(7.0.0),R,SRB,B1GQ,Q,SA,XDC,Q,2023-Q1,1088268503739.8,0,,,,,,,,,L,,,O,OL,true,2010,,F
dataflow,IMF.STA:QNEA(7.0.0),R,SRB,B1GQ,Q,SA,XDC,Q,2023-Q2,1098649995091.3,0,,,,,,,,,L,,,O,OL,true,2010,,F
dataflow,IMF.STA:QNEA(7.0.0),R,SRB,B1GQ,Q,SA,XDC,Q,2023-Q3,1113454990182.2,0,,,,,,,,,L,,,O,OL,true,2010,,F
dataflow,IMF.STA:QNEA(7.0.0),R,SRB,B1GQ,Q,SA,XDC,Q,2023-Q4,1125115486451.3,0,,,,,,,,,L,,,O,OL,true,2010,,F
dataflow,IMF.STA:QNEA(7.0.0),R,SRB,B1GQ,Q,SA,XDC,Q,2024-Q1,1136350754788.3,0,,,,,,,,,L,,,O,OL,true,2010,,F
dataflow,IMF.STA:QNEA(7.0.0),R,SRB,B1GQ,Q,SA,XDC,Q,2024-Q2,1146473415295.1,0,,,,,,,,,L,,,O,OL,true,2010,,F
dataflow,IMF.STA:QNEA(7.0.0),R,SRB,B1GQ,Q,SA,XDC,Q,2024-Q3,1153892447124.6,0,,,,,,,,,L,,,O,OL,true,2010,,F
dataflow,IMF.STA:QNEA(7.0.0),R,SRB,B1GQ,Q,SA,XDC,Q,2024-Q4,1163806382952.1,0,,,,,,,,,L,,,O,OL,true,2010,,F
dataflow,IMF.STA:QNEA(7.0.0),R,SRB,B1GQ,Q,SA,XDC,Q,2025-Q1,1158271642479.6,0,,,,,,,,,L,,,O,OL,true,2010,,F
dataflow,IMF.STA:QNEA(7.0.0),R,SRB,B1GQ,Q,SA,XDC,Q,2025-Q2,1168846650237,0,,,,,,,,,L,,,O,OL,true,2010,,F
dataflow,IMF.STA:QNEA(7.0.0),R,SRB,B1GQ,Q,SA,XDC,Q,2025-Q3,1177855770419,0,,,,,,,,,L,,,O,OL,true,2010,,F
dataflow,IMF.STA:QNEA(7.0.0),R,SRB,B1GQ,Q,SA,XDC,Q,2025-Q4,1189454162546.9,0,,,,,,,,,L,,,O,OL,true,2010,,F
dataflow,IMF.STA:QNEA(7.0.0),R,SRB,B1GQ,Q,SA,XDC,Q,2026-Q1,1195092986547.3,0,,,,,,,,,L,,,O,OL,true,2010,,F
dataflow,IMF.STA:QNEA(7.0.0),R,SRB,B1GQ,Q,SA,XDC,Q,2026-Q2,1213040689437,0,,,,,,,,,L,,,O,OL,true,2010,,F
dataflow,IMF.STA:QNEA(7.0.0),R,SVK,B1GQ,Q,SA,XDC,Q,1995-Q1,8915206032.0875,0,,,,,,,,,L,,,O,OL,true,2010,,F
dataflow,IMF.STA:QNEA(7.0.0),R,SVK,B1GQ,Q,SA,XDC,Q,1995-Q2,9053502321.2244,0,,,,,,,,,L,,,O,OL,true,2010,,F
dataflow,IMF.STA:QNEA(7.0.0),R,SVK,B1GQ,Q,SA,XDC,Q,1995-Q3,9093062492.489,0,,,,,,,,,L,,,O,OL,true,2010,,F
dataflow,IMF.STA:QNEA(7.0.0),R,SVK,B1GQ,Q,SA,XDC,Q,1995-Q4,9256652689.5853,0,,,,,,,,,L,,,O,OL,true,2010,,F
dataflow,IMF.STA:QNEA(7.0.0),R,SVK,B1GQ,Q,SA,XDC,Q,1996-Q1,9402009831.8048,0,,,,,,,,,L,,,O,OL,true,2010,,F
dataflow,IMF.STA:QNEA(7.0.0),R,SVK,B1GQ,Q,SA,XDC,Q,1996-Q2,9500171312.6002,0,,,,,,,,,L,,,O,OL,true,2010,,F
dataflow,IMF.STA:QNEA(7.0.0),R,SVK,B1GQ,Q,SA,XDC,Q,1996-Q3,9728625465.4953,0,,,,,,,,,L,,,O,OL,true,2010,,F
dataflow,IMF.STA:QNEA(7.0.0),R,SVK,B1GQ,Q,SA,XDC,Q,1996-Q4,9910153318.096,0,,,,,,,,,L,,,O,OL,true,2010,,F
dataflow,IMF.STA:QNEA(7.0.0),R,SVK,B1GQ,Q,SA,XDC,Q,1997-Q1,9994325977.5499,0,,,,,,,,,L,,,O,OL,true,2010,,F
dataflow,IMF.STA:QNEA(7.0.0),R,SVK,B1GQ,Q,SA,XDC,Q,1997-Q2,10133808353.528,0,,,,,,,,,L,,,O,OL,true,2010,,F
dataflow,IMF.STA:QNEA(7.0.0),R,SVK,B1GQ,Q,SA,XDC,Q,1997-Q3,10296405505.926,0,,,,,,,,,L,,,O,OL,true,2010,,F
dataflow,IMF.STA:QNEA(7.0.0),R,SVK,B1GQ,Q,SA,XDC,Q,1997-Q4,10230715509.329,0,,,,,,,,,L,,,O,OL,true,2010,,F
dataflow,IMF.STA:QNEA(7.0.0),R,SVK,B1GQ,Q,SA,XDC,Q,1998-Q1,10412374451.013,0,,,,,,,,,L,,,O,OL,true,2010,,F
dataflow,IMF.STA:QNEA(7.0.0),R,SVK,B1GQ,Q,SA,XDC,Q,1998-Q2,10403858149.959,0,,,,,,,,,L,,,O,OL,true,2010,,F
dataflow,IMF.STA:QNEA(7.0.0),R,SVK,B1GQ,Q,SA,XDC,Q,1998-Q3,10306476020.699,0,,,,,,,,,L,,,O,OL,true,2010,,F
dataflow,IMF.STA:QNEA(7.0.0),R,SVK,B1GQ,Q,SA,XDC,Q,1998-Q4,11088059662.175,0,,,,,,,,,L,,,O,OL,true,2010,,F
dataflow,IMF.STA:QNEA(7.0.0),R,SVK,B1GQ,Q,SA,XDC,Q,1999-Q1,10699124637.492,0,,,,,,,,,L,,,O,OL,true,2010,,F
dataflow,IMF.STA:QNEA(7.0.0),R,SVK,B1GQ,Q,SA,XDC,Q,1999-Q2,10506130979.466,0,,,,,,,,,L,,,O,OL,true,2010,,F
dataflow,IMF.STA:QNEA(7.0.0),R,SVK,B1GQ,Q,SA,XDC,Q,1999-Q3,10431231525.841,0,,,,,,,,,L,,,O,OL,true,2010,,F
dataflow,IMF.STA:QNEA(7.0.0),R,SVK,B1GQ,Q,SA,XDC,Q,1999-Q4,10374513948.478,0,,,,,,,,,L,,,O,OL,true,2010,,F
dataflow,IMF.STA:QNEA(7.0.0),R,SVK,B1GQ,Q,SA,XDC,Q,2000-Q1,10475549512.528,0,,,,,,,,,L,,,O,OL,true,2010,,F
dataflow,IMF.STA:QNEA(7.0.0),R,SVK,B1GQ,Q,SA,XDC,Q,2000-Q2,10569779218.699,0,,,,,,,,,L,,,O,OL,true,2010,,F
dataflow,IMF.STA:QNEA(7.0.0),R,SVK,B1GQ,Q,SA,XDC,Q,2000-Q3,10623467381.222,0,,,,,,,,,L,,,O,OL,true,2010,,F
dataflow,IMF.STA:QNEA(7.0.0),R,SVK,B1GQ,Q,SA,XDC,Q,2000-Q4,10673766082.861,0,,,,,,,,,L,,,O,OL,true,2010,,F
dataflow,IMF.STA:QNEA(7.0.0),R,SVK,B1GQ,Q,SA,XDC,Q,2001-Q1,10738067971.769,0,,,,,,,,,L,,,O,OL,true,2010,,F
dataflow,IMF.STA:QNEA(7.0.0),R,SVK,B1GQ,Q,SA,XDC,Q,2001-Q2,10845490986.078,0,,,,,,,,,L,,,O,OL,true,2010,,F
dataflow,IMF.STA:QNEA(7.0.0),R,SVK,B1GQ,Q,SA,XDC,Q,2001-Q3,10879615449.743,0,,,,,,,,,L,,,O,OL,true,2010,,F
dataflow,IMF.STA:QNEA(7.0.0),R,SVK,B1GQ,Q,SA,XDC,Q,2001-Q4,11117975807.122,0,,,,,,,,,L,,,O,OL,true,2010,,F
dataflow,IMF.STA:QNEA(7.0.0),R,SVK,B1GQ,Q,SA,XDC,Q,2002-Q1,11159980879.575,0,,,,,,,,,L,,,O,OL,true,2010,,F
dataflow,IMF.STA:QNEA(7.0.0),R,SVK,B1GQ,Q,SA,XDC,Q,2002-Q2,11265601867.925,0,,,,,,,,,L,,,O,OL,true,2010,,F
dataflow,IMF.STA:QNEA(7.0.0),R,SVK,B1GQ,Q,SA,XDC,Q,2002-Q3,11511887727.613,0,,,,,,,,,L,,,O,OL,true,2010,,F
dataflow,IMF.STA:QNEA(7.0.0),R,SVK,B1GQ,Q,SA,XDC,Q,2002-Q4,11568769615.266,0,,,,,,,,,L,,,O,OL,true,2010,,F
dataflow,IMF.STA:QNEA(7.0.0),R,SVK,B1GQ,Q,SA,XDC,Q,2003-Q1,11737008087.592,0,,,,,,,,,L,,,O,OL,true,2010,,F
dataflow,IMF.STA:QNEA(7.0.0),R,SVK,B1GQ,Q,SA,XDC,Q,2003-Q2,11901740375.879,0,,,,,,,,,L,,,O,OL,true,2010,,F
dataflow,IMF.STA:QNEA(7.0.0),R,SVK,B1GQ,Q,SA,XDC,Q,2003-Q3,11937364283.166,0,,,,,,,,,L,,,O,OL,true,2010,,F
dataflow,IMF.STA:QNEA(7.0.0),R,SVK,B1GQ,Q,SA,XDC,Q,2003-Q4,12140228230.859,0,,,,,,,,,L,,,O,OL,true,2010,,F
dataflow,IMF.STA:QNEA(7.0.0),R,SVK,B1GQ,Q,SA,XDC,Q,2004-Q1,12318558766.849,0,,,,,,,,,L,,,O,OL,true,2010,,F
dataflow,IMF.STA:QNEA(7.0.0),R,SVK,B1GQ,Q,SA,XDC,Q,2004-Q2,12398763736.861,0,,,,,,,,,L,,,O,OL,true,2010,,F
dataflow,IMF.STA:QNEA(7.0.0),R,SVK,B1GQ,Q,SA,XDC,Q,2004-Q3,12690038292.45,0,,,,,,,,,L,,,O,OL,true,2010,,F
dataflow,IMF.STA:QNEA(7.0.0),R,SVK,B1GQ,Q,SA,XDC,Q,2004-Q4,12880651695.959,0,,,,,,,,,L,,,O,OL,true,2010,,F
dataflow,IMF.STA:QNEA(7.0.0),R,SVK,B1GQ,Q,SA,XDC,Q,2005-Q1,13019579188.01,0,,,,,,,,,L,,,O,OL,true,2010,,F
dataflow,IMF.STA:QNEA(7.0.0),R,SVK,B1GQ,Q,SA,XDC,Q,2005-Q2,13294007000.671,0,,,,,,,,,L,,,O,OL,true,2010,,F
dataflow,IMF.STA:QNEA(7.0.0),R,SVK,B1GQ,Q,SA,XDC,Q,2005-Q3,13515105798.981,0,,,,,,,,,L,,,O,OL,true,2010,,F
dataflow,IMF.STA:QNEA(7.0.0),R,SVK,B1GQ,Q,SA,XDC,Q,2005-Q4,13720463132.866,0,,,,,,,,,L,,,O,OL,true,2010,,F
dataflow,IMF.STA:QNEA(7.0.0),R,SVK,B1GQ,Q,SA,XDC,Q,2006-Q1,14080290095.991,0,,,,,,,,,L,,,O,OL,true,2010,,F
dataflow,IMF.STA:QNEA(7.0.0),R,SVK,B1GQ,Q,SA,XDC,Q,2006-Q2,14421798706.549,0,,,,,,,,,L,,,O,OL,true,2010,,F
dataflow,IMF.STA:QNEA(7.0.0),R,SVK,B1GQ,Q,SA,XDC,Q,2006-Q3,14703087147.185,0,,,,,,,,,L,,,O,OL,true,2010,,F
dataflow,IMF.STA:QNEA(7.0.0),R,SVK,B1GQ,Q,SA,XDC,Q,2006-Q4,15123611049.431,0,,,,,,,,,L,,,O,OL,true,2010,,F
dataflow,IMF.STA:QNEA(7.0.0),R,SVK,B1GQ,Q,SA,XDC,Q,2007-Q1,15433280276.575,0,,,,,,,,,L,,,O,OL,true,2010,,F
dataflow,IMF.STA:QNEA(7.0.0),R,SVK,B1GQ,Q,SA,XDC,Q,2007-Q2,15812758929.861,0,,,,,,,,,L,,,O,OL,true,2010,,F
dataflow,IMF.STA:QNEA(7.0.0),R,SVK,B1GQ,Q,SA,XDC,Q,2007-Q3,16183250797.986,0,,,,,,,,,L,,,O,OL,true,2010,,F
dataflow,IMF.STA:QNEA(7.0.0),R,SVK,B1GQ,Q,SA,XDC,Q,2007-Q4,17209871361.378,0,,,,,,,,,L,,,O,OL,true,2010,,F
dataflow,IMF.STA:QNEA(7.0.0),R,SVK,B1GQ,Q,SA,XDC,Q,2008-Q1,16702794545.161,0,,,,,,,,,L,,,O,OL,true,2010,,F
dataflow,IMF.STA:QNEA(7.0.0),R,SVK,B1GQ,Q,SA,XDC,Q,2008-Q2,16905735709.711,0,,,,,,,,,L,,,O,OL,true,2010,,F
dataflow,IMF.STA:QNEA(7.0.0),R,SVK,B1GQ,Q,SA,XDC,Q,2008-Q3,17144878112.237,0,,,,,,,,,L,,,O,OL,true,2010,,F
dataflow,IMF.STA:QNEA(7.0.0),R,SVK,B1GQ,Q,SA,XDC,Q,2008-Q4,17352595947.489,0,,,,,,,,,L,,,O,OL,true,2010,,F
dataflow,IMF.STA:QNEA(7.0.0),R,SVK,B1GQ,Q,SA,XDC,Q,2009-Q1,15662322534.604,0,,,,,,,,,L,,,O,OL,true,2010,,F
dataflow,IMF.STA:QNEA(7.0.0),R,SVK,B1GQ,Q,SA,XDC,Q,2009-Q2,15929271984.43,0,,,,,,,,,L,,,O,OL,true,2010,,F
dataflow,IMF.STA:QNEA(7.0.0),R,SVK,B1GQ,Q,SA,XDC,Q,2009-Q3,16216187379.069,0,,,,,,,,,L,,,O,OL,true,2010,,F
dataflow,IMF.STA:QNEA(7.0.0),R,SVK,B1GQ,Q,SA,XDC,Q,2009-Q4,16548755893.728,0,,,,,,,,,L,,,O,OL,true,2010,,F
dataflow,IMF.STA:QNEA(7.0.0),R,SVK,B1GQ,Q,SA,XDC,Q,2010-Q1,16895649931.141,0,,,,,,,,,L,,,O,OL,true,2010,,F
dataflow,IMF.STA:QNEA(7.0.0),R,SVK,B1GQ,Q,SA,XDC,Q,2010-Q2,17106714129.495,0,,,,,,,,,L,,,O,OL,true,2010,,F
dataflow,IMF.STA:QNEA(7.0.0),R,SVK,B1GQ,Q,SA,XDC,Q,2010-Q3,17304257297.004,0,,,,,,,,,L,,,O,OL,true,2010,,F
dataflow,IMF.STA:QNEA(7.0.0),R,SVK,B1GQ,Q,SA,XDC,Q,2010-Q4,17420099642.36,0,,,,,,,,,L,,,O,OL,true,2010,,F
dataflow,IMF.STA:QNEA(7.0.0),R,SVK,B1GQ,Q,SA,XDC,Q,2011-Q1,17454215127.321,0,,,,,,,,,L,,,O,OL,true,2010,,F
dataflow,IMF.STA:QNEA(7.0.0),R,SVK,B1GQ,Q,SA,XDC,Q,2011-Q2,17574652773.551,0,,,,,,,,,L,,,O,OL,true,2010,,F
dataflow,IMF.STA:QNEA(7.0.0),R,SVK,B1GQ,Q,SA,XDC,Q,2011-Q3,17657669873.758,0,,,,,,,,,L,,,O,OL,true,2010,,F
dataflow,IMF.STA:QNEA(7.0.0),R,SVK,B1GQ,Q,SA,XDC,Q,2011-Q4,17801254619.744,0,,,,,,,,,L,,,O,OL,true,2010,,F
dataflow,IMF.STA:QNEA(7.0.0),R,SVK,B1GQ,Q,SA,XDC,Q,2012-Q1,17863209475.341,0,,,,,,,,,L,,,O,OL,true,2010,,F
dataflow,IMF.STA:QNEA(7.0.0),R,SVK,B1GQ,Q,SA,XDC,Q,2012-Q2,17900636306.457,0,,,,,,,,,L,,,O,OL,true,2010,,F
dataflow,IMF.STA:QNEA(7.0.0),R,SVK,B1GQ,Q,SA,XDC,Q,2012-Q3,17923848052.883,0,,,,,,,,,L,,,O,OL,true,2010,,F
dataflow,IMF.STA:QNEA(7.0.0),R,SVK,B1GQ,Q,SA,XDC,Q,2012-Q4,17906172575.545,0,,,,,,,,,L,,,O,OL,true,2010,,F
dataflow,IMF.STA:QNEA(7.0.0),R,SVK,B1GQ,Q,SA,XDC,Q,2013-Q1,17911972818.54,0,,,,,,,,,L,,,O,OL,true,2010,,F
dataflow,IMF.STA:QNEA(7.0.0),R,SVK,B1GQ,Q,SA,XDC,Q,2013-Q2,17971076037.643,0,,,,,,,,,L,,,O,OL,true,2010,,F
dataflow,IMF.STA:QNEA(7.0.0),R,SVK,B1GQ,Q,SA,XDC,Q,2013-Q3,18054555541.123,0,,,,,,,,,L,,,O,OL,true,2010,,F
dataflow,IMF.STA:QNEA(7.0.0),R,SVK,B1GQ,Q,SA,XDC,Q,2013-Q4,18159796730.28,0,,,,,,,,,L,,,O,OL,true,2010,,F
dataflow,IMF.STA:QNEA(7.0.0),R,SVK,B1GQ,Q,SA,XDC,Q,2014-Q1,18270367678.326,0,,,,,,,,,L,,,O,OL,true,2010,,F
dataflow,IMF.STA:QNEA(7.0.0),R,SVK,B1GQ,Q,SA,XDC,Q,2014-Q2,18408963856.187,0,,,,,,,,,L,,,O,OL,true,2010,,F
dataflow,IMF.STA:QNEA(7.0.0),R,SVK,B1GQ,Q,SA,XDC,Q,2014-Q3,18584704933.849,0,,,,,,,,,L,,,O,OL,true,2010,,F
dataflow,IMF.STA:QNEA(7.0.0),R,SVK,B1GQ,Q,SA,XDC,Q,2014-Q4,18785728247.155,0,,,,,,,,,L,,,O,OL,true,2010,,F
dataflow,IMF.STA:QNEA(7.0.0),R,SVK,B1GQ,Q,SA,XDC,Q,2015-Q1,19146800556.57,0,,,,,,,,,L,,,O,OL,true,2010,,F
dataflow,IMF.STA:QNEA(7.0.0),R,SVK,B1GQ,Q,SA,XDC,Q,2015-Q2,19381864831.591,0,,,,,,,,,L,,,O,OL,true,2010,,F
dataflow,IMF.STA:QNEA(7.0.0),R,SVK,B1GQ,Q,SA,XDC,Q,2015-Q3,19605591696.658,0,,,,,,,,,L,,,O,OL,true,2010,,F
dataflow,IMF.STA:QNEA(7.0.0),R,SVK,B1GQ,Q,SA,XDC,Q,2015-Q4,19748974421.796,0,,,,,,,,,L,,,O,OL,true,2010,,F
dataflow,IMF.STA:QNEA(7.0.0),R,SVK,B1GQ,Q,SA,XDC,Q,2016-Q1,19748604499.178,0,,,,,,,,,L,,,O,OL,true,2010,,F
dataflow,IMF.STA:QNEA(7.0.0),R,SVK,B1GQ,Q,SA,XDC,Q,2016-Q2,19797892198.71,0,,,,,,,,,L,,,O,OL,true,2010,,F
dataflow,IMF.STA:QNEA(7.0.0),R,SVK,B1GQ,Q,SA,XDC,Q,2016-Q3,19868617452.694,0,,,,,,,,,L,,,O,OL,true,2010,,F
dataflow,IMF.STA:QNEA(7.0.0),R,SVK,B1GQ,Q,SA,XDC,Q,2016-Q4,19985141281.708,0,,,,,,,,,L,,,O,OL,true,2010,,F
dataflow,IMF.STA:QNEA(7.0.0),R,SVK,B1GQ,Q,SA,XDC,Q,2017-Q1,20134484968.649,0,,,,,,,,,L,,,O,OL,true,2010,,F
dataflow,IMF.STA:QNEA(7.0.0),R,SVK,B1GQ,Q,SA,XDC,Q,2017-Q2,20321961212.866,0,,,,,,,,,L,,,O,OL,true,2010,,F
dataflow,IMF.STA:QNEA(7.0.0),R,SVK,B1GQ,Q,SA,XDC,Q,2017-Q3,20490080268.425,0,,,,,,,,,L,,,O,OL,true,2010,,F
dataflow,IMF.STA:QNEA(7.0.0),R,SVK,B1GQ,Q,SA,XDC,Q,2017-Q4,20736274545.329,0,,,,,,,,,L,,,O,OL,true,2010,,F
dataflow,IMF.STA:QNEA(7.0.0),R,SVK,B1GQ,Q,SA,XDC,Q,2018-Q1,20936967442.316,0,,,,,,,,,L,,,O,OL,true,2010,,F
dataflow,IMF.STA:QNEA(7.0.0),R,SVK,B1GQ,Q,SA,XDC,Q,2018-Q2,21184375640.045,0,,,,,,,,,L,,,O,OL,true,2010,,F
dataflow,IMF.STA:QNEA(7.0.0),R,SVK,B1GQ,Q,SA,XDC,Q,2018-Q3,21390686512.329,0,,,,,,,,,L,,,O,OL,true,2010,,F
dataflow,IMF.STA:QNEA(7.0.0),R,SVK,B1GQ,Q,SA,XDC,Q,2018-Q4,21488823750.623,0,,,,,,,,,L,,,O,OL,true,2010,,F
dataflow,IMF.STA:QNEA(7.0.0),R,SVK,B1GQ,Q,SA,XDC,Q,2019-Q1,21629987837.922,0,,,,,,,,,L,,,O,OL,true,2010,,F
dataflow,IMF.STA:QNEA(7.0.0),R,SVK,B1GQ,Q,SA,XDC,Q,2019-Q2,21674502458.234,0,,,,,,,,,L,,,O,OL,true,2010,,F
dataflow,IMF.STA:QNEA(7.0.0),R,SVK,B1GQ,Q,SA,XDC,Q,2019-Q3,21749508758.44,0,,,,,,,,,L,,,O,OL,true,2010,,F
dataflow,IMF.STA:QNEA(7.0.0),R,SVK,B1GQ,Q,SA,XDC,Q,2019-Q4,21881388865.465,0,,,,,,,,,L,,,O,OL,true,2010,,F
dataflow,IMF.STA:QNEA(7.0.0),R,SVK,B1GQ,Q,SA,XDC,Q,2020-Q1,21385995139.318,0,,,,,,,,,L,,,O,OL,true,2010,,F
dataflow,IMF.STA:QNEA(7.0.0),R,SVK,B1GQ,Q,SA,XDC,Q,2020-Q2,19732726558.446,0,,,,,,,,,L,,,O,OL,true,2010,,F
dataflow,IMF.STA:QNEA(7.0.0),R,SVK,B1GQ,Q,SA,XDC,Q,2020-Q3,21693002180.629,0,,,,,,,,,L,,,O,OL,true,2010,,F
dataflow,IMF.STA:QNEA(7.0.0),R,SVK,B1GQ,Q,SA,XDC,Q,2020-Q4,21875938791.939,0,,,,,,,,,L,,,O,OL,true,2010,,F
dataflow,IMF.STA:QNEA(7.0.0),R,SVK,B1GQ,Q,SA,XDC,Q,2021-Q1,22107188913.361,0,,,,,,,,,L,,,O,OL,true,2010,,F
dataflow,IMF.STA:QNEA(7.0.0),R,SVK,B1GQ,Q,SA,XDC,Q,2021-Q2,22339098071.681,0,,,,,,,,,L,,,O,OL,true,2010,,F
dataflow,IMF.STA:QNEA(7.0.0),R,SVK,B1GQ,Q,SA,XDC,Q,2021-Q3,22478750145.172,0,,,,,,,,,L,,,O,OL,true,2010,,F
dataflow,IMF.STA:QNEA(7.0.0),R,SVK,B1GQ,Q,SA,XDC,Q,2021-Q4,22552440167.324,0,,,,,,,,,L,,,O,OL,true,2010,,F
dataflow,IMF.STA:QNEA(7.0.0),R,SVK,B1GQ,Q,SA,XDC,Q,2022-Q1,22495924610.808,0,,,,,,,,,L,,,O,OL,true,2010,,F
dataflow,IMF.STA:QNEA(7.0.0),R,SVK,B1GQ,Q,SA,XDC,Q,2022-Q2,22429789270.477,0,,,,,,,,,L,,,O,OL,true,2010,,F
dataflow,IMF.STA:QNEA(7.0.0),R,SVK,B1GQ,Q,SA,XDC,Q,2022-Q3,22474959336.205,0,,,,,,,,,L,,,O,OL,true,2010,,F
dataflow,IMF.STA:QNEA(7.0.0),R,SVK,B1GQ,Q,SA,XDC,Q,2022-Q4,22564090934.059,0,,,,,,,,,L,,,O,OL,true,2010,,F
dataflow,IMF.STA:QNEA(7.0.0),R,SVK,B1GQ,Q,SA,XDC,Q,2023-Q1,22689793692.506,0,,,,,,,,,L,,,O,OL,true,2010,,F
dataflow,IMF.STA:QNEA(7.0.0),R,SVK,B1GQ,Q,SA,XDC,Q,2023-Q2,22902932869.431,0,,,,,,,,,L,,,O,OL,true,2010,,F
dataflow,IMF.STA:QNEA(7.0.0),R,SVK,B1GQ,Q,SA,XDC,Q,2023-Q3,23081855102.036,0,,,,,,,,,L,,,O,OL,true,2010,,F
dataflow,IMF.STA:QNEA(7.0.0),R,SVK,B1GQ,Q,SA,XDC,Q,2023-Q4,23190810781.173,0,,,,,,,,,L,,,O,OL,true,2010,,F
dataflow,IMF.STA:QNEA(7.0.0),R,SVK,B1GQ,Q,SA,XDC,Q,2024-Q1,23336782964.639,0,,,,,,,,,L,,,O,OL,true,2010,,F
dataflow,IMF.STA:QNEA(7.0.0),R,SVK,B1GQ,Q,SA,XDC,Q,2024-Q2,23397671150.162,0,,,,,,,,,L,,,O,OL,true,2010,,F
dataflow,IMF.STA:QNEA(7.0.0),R,SVK,B1GQ,Q,SA,XDC,Q,2024-Q3,23423708494.84,0,,,,,,,,,L,,,O,OL,true,2010,,F
dataflow,IMF.STA:QNEA(7.0.0),R,SVK,B1GQ,Q,SA,XDC,Q,2024-Q4,23488200732.279,0,,,,,,,,,L,,,O,OL,true,2010,,F
dataflow,IMF.STA:QNEA(7.0.0),R,SVK,B1GQ,Q,SA,XDC,Q,2025-Q1,23522288383.257,0,,,,,,,,,L,,,O,OL,true,2010,,F
dataflow,IMF.STA:QNEA(7.0.0),R,SVK,B1GQ,Q,SA,XDC,Q,2025-Q2,23566156536.857,0,,,,,,,,,L,,,O,OL,true,2010,,F
dataflow,IMF.STA:QNEA(7.0.0),R,SVK,B1GQ,Q,SA,XDC,Q,2025-Q3,23628501068.222,0,,,,,,,,,L,,,O,OL,true,2010,,F
dataflow,IMF.STA:QNEA(7.0.0),R,SVK,B1GQ,Q,SA,XDC,Q,2025-Q4,23685535593.848,0,,,,,,,,,L,,,O,OL,true,2010,,F
dataflow,IMF.STA:QNEA(7.0.0),R,SVK,B1GQ,Q,SA,XDC,Q,2026-Q1,23731537087.597,0,,,,,,,,,L,,,O,OL,true,2010,,F
dataflow,IMF.STA:QNEA(7.0.0),R,SVK,B1GQ,Q,SA,XDC,Q,2026-Q2,23780556323.87,0,,,,,,,,,L,,,O,OL,true,2010,,F
dataflow,IMF.STA:QNEA(7.0.0),R,SVN,B1GQ,Q,SA,XDC,Q,1996-Q1,5770654227,0,,,,,,,,,L,,,O,OL,true,2010,,F
dataflow,IMF.STA:QNEA(7.0.0),R,SVN,B1GQ,Q,SA,XDC,Q,1996-Q2,5812580569,0,,,,,,,,,L,,,O,OL,true,2010,,F
dataflow,IMF.STA:QNEA(7.0.0),R,SVN,B1GQ,Q,SA,XDC,Q,1996-Q3,5888219028,0,,,,,,,,,L,,,O,OL,true,2010,,F
dataflow,IMF.STA:QNEA(7.0.0),R,SVN,B1GQ,Q,SA,XDC,Q,1996-Q4,5973994533,0,,,,,,,,,L,,,O,OL,true,2010,,F
dataflow,IMF.STA:QNEA(7.0.0),R,SVN,B1GQ,Q,SA,XDC,Q,1997-Q1,6029325027,0,,,,,,,,,L,,,O,OL,true,2010,,F
dataflow,IMF.STA:QNEA(7.0.0),R,SVN,B1GQ,Q,SA,XDC,Q,1997-Q2,6146462544,0,,,,,,,,,L,,,O,OL,true,2010,,F
dataflow,IMF.STA:QNEA(7.0.0),R,SVN,B1GQ,Q,SA,XDC,Q,1997-Q3,6196102692,0,,,,,,,,,L,,,O,OL,true,2010,,F
dataflow,IMF.STA:QNEA(7.0.0),R,SVN,B1GQ,Q,SA,XDC,Q,1997-Q4,6228481608,0,,,,,,,,,L,,,O,OL,true,2010,,F
dataflow,IMF.STA:QNEA(7.0.0),R,SVN,B1GQ,Q,SA,XDC,Q,1998-Q1,6266813258,0,,,,,,,,,L,,,O,OL,true,2010,,F
dataflow,IMF.STA:QNEA(7.0.0),R,SVN,B1GQ,Q,SA,XDC,Q,1998-Q2,6300125537,0,,,,,,,,,L,,,O,OL,true,2010,,F
dataflow,IMF.STA:QNEA(7.0.0),R,SVN,B1GQ,Q,SA,XDC,Q,1998-Q3,6351547508,0,,,,,,,,,L,,,O,OL,true,2010,,F
dataflow,IMF.STA:QNEA(7.0.0),R,SVN,B1GQ,Q,SA,XDC,Q,1998-Q4,6409337509,0,,,,,,,,,L,,,O,OL,true,2010,,F
dataflow,IMF.STA:QNEA(7.0.0),R,SVN,B1GQ,Q,SA,XDC,Q,1999-Q1,6488933745,0,,,,,,,,,L,,,O,OL,true,2010,,F
dataflow,IMF.STA:QNEA(7.0.0),R,SVN,B1GQ,Q,SA,XDC,Q,1999-Q2,6775165739,0,,,,,,,,,L,,,O,OL,true,2010,,F
dataflow,IMF.STA:QNEA(7.0.0),R,SVN,B1GQ,Q,SA,XDC,Q,1999-Q3,6628401530,0,,,,,,,,,L,,,O,OL,true,2010,,F
dataflow,IMF.STA:QNEA(7.0.0),R,SVN,B1GQ,Q,SA,XDC,Q,1999-Q4,6722128177,0,,,,,,,,,L,,,O,OL,true,2010,,F
dataflow,IMF.STA:QNEA(7.0.0),R,SVN,B1GQ,Q,SA,XDC,Q,2000-Q1,6816690028,0,,,,,,,,,L,,,O,OL,true,2010,,F
dataflow,IMF.STA:QNEA(7.0.0),R,SVN,B1GQ,Q,SA,XDC,Q,2000-Q2,6887562500,0,,,,,,,,,L,,,O,OL,true,2010,,F
dataflow,IMF.STA:QNEA(7.0.0),R,SVN,B1GQ,Q,SA,XDC,Q,2000-Q3,6961120710,0,,,,,,,,,L,,,O,OL,true,2010,,F
dataflow,IMF.STA:QNEA(7.0.0),R,SVN,B1GQ,Q,SA,XDC,Q,2000-Q4,7006240565,0,,,,,,,,,L,,,O,OL,true,2010,,F
dataflow,IMF.STA:QNEA(7.0.0),R,SVN,B1GQ,Q,SA,XDC,Q,2001-Q1,7048940575,0,,,,,,,,,L,,,O,OL,true,2010,,F
dataflow,IMF.STA:QNEA(7.0.0),R,SVN,B1GQ,Q,SA,XDC,Q,2001-Q2,7106836246,0,,,,,,,,,L,,,O,OL,true,2010,,F
dataflow,IMF.STA:QNEA(7.0.0),R,SVN,B1GQ,Q,SA,XDC,Q,2001-Q3,7145366836,0,,,,,,,,,L,,,O,OL,true,2010,,F
dataflow,IMF.STA:QNEA(7.0.0),R,SVN,B1GQ,Q,SA,XDC,Q,2001-Q4,7184286131,0,,,,,,,,,L,,,O,OL,true,2010,,F
dataflow,IMF.STA:QNEA(7.0.0),R,SVN,B1GQ,Q,SA,XDC,Q,2002-Q1,7271401128,0,,,,,,,,,L,,,O,OL,true,2010,,F
dataflow,IMF.STA:QNEA(7.0.0),R,SVN,B1GQ,Q,SA,XDC,Q,2002-Q2,7294281264,0,,,,,,,,,L,,,O,OL,true,2010,,F
dataflow,IMF.STA:QNEA(7.0.0),R,SVN,B1GQ,Q,SA,XDC,Q,2002-Q3,7361001435,0,,,,,,,,,L,,,O,OL,true,2010,,F
dataflow,IMF.STA:QNEA(7.0.0),R,SVN,B1GQ,Q,SA,XDC,Q,2002-Q4,7463888783,0,,,,,,,,,L,,,O,OL,true,2010,,F
dataflow,IMF.STA:QNEA(7.0.0),R,SVN,B1GQ,Q,SA,XDC,Q,2003-Q1,7469070862,0,,,,,,,,,L,,,O,OL,true,2010,,F
dataflow,IMF.STA:QNEA(7.0.0),R,SVN,B1GQ,Q,SA,XDC,Q,2003-Q2,7542147965,0,,,,,,,,,L,,,O,OL,true,2010,,F
dataflow,IMF.STA:QNEA(7.0.0),R,SVN,B1GQ,Q,SA,XDC,Q,2003-Q3,7620645636,0,,,,,,,,,L,,,O,OL,true,2010,,F
dataflow,IMF.STA:QNEA(7.0.0),R,SVN,B1GQ,Q,SA,XDC,Q,2003-Q4,7676663252,0,,,,,,,,,L,,,O,OL,true,2010,,F
dataflow,IMF.STA:QNEA(7.0.0),R,SVN,B1GQ,Q,SA,XDC,Q,2004-Q1,7787829140,0,,,,,,,,,L,,,O,OL,true,2010,,F
dataflow,IMF.STA:QNEA(7.0.0),R,SVN,B1GQ,Q,SA,XDC,Q,2004-Q2,7843837455,0,,,,,,,,,L,,,O,OL,true,2010,,F
dataflow,IMF.STA:QNEA(7.0.0),R,SVN,B1GQ,Q,SA,XDC,Q,2004-Q3,7922936908,0,,,,,,,,,L,,,O,OL,true,2010,,F
dataflow,IMF.STA:QNEA(7.0.0),R,SVN,B1GQ,Q,SA,XDC,Q,2004-Q4,7978045024,0,,,,,,,,,L,,,O,OL,true,2010,,F
dataflow,IMF.STA:QNEA(7.0.0),R,SVN,B1GQ,Q,SA,XDC,Q,2005-Q1,8048804623,0,,,,,,,,,L,,,O,OL,true,2010,,F
dataflow,IMF.STA:QNEA(7.0.0),R,SVN,B1GQ,Q,SA,XDC,Q,2005-Q2,8165694353,0,,,,,,,,,L,,,O,OL,true,2010,,F
dataflow,IMF.STA:QNEA(7.0.0),R,SVN,B1GQ,Q,SA,XDC,Q,2005-Q3,8247939379,0,,,,,,,,,L,,,O,OL,true,2010,,F
dataflow,IMF.STA:QNEA(7.0.0),R,SVN,B1GQ,Q,SA,XDC,Q,2005-Q4,8384801133,0,,,,,,,,,L,,,O,OL,true,2010,,F
dataflow,IMF.STA:QNEA(7.0.0),R,SVN,B1GQ,Q,SA,XDC,Q,2006-Q1,8482925667,0,,,,,,,,,L,,,O,OL,true,2010,,F
dataflow,IMF.STA:QNEA(7.0.0),R,SVN,B1GQ,Q,SA,XDC,Q,2006-Q2,8651872927,0,,,,,,,,,L,,,O,OL,true,2010,,F
dataflow,IMF.STA:QNEA(7.0.0),R,SVN,B1GQ,Q,SA,XDC,Q,2006-Q3,8802256929,0,,,,,,,,,L,,,O,OL,true,2010,,F
dataflow,IMF.STA:QNEA(7.0.0),R,SVN,B1GQ,Q,SA,XDC,Q,2006-Q4,8995416364,0,,,,,,,,,L,,,O,OL,true,2010,,F
dataflow,IMF.STA:QNEA(7.0.0),R,SVN,B1GQ,Q,SA,XDC,Q,2007-Q1,9156473257,0,,,,,,,,,L,,,O,OL,true,2010,,F
dataflow,IMF.STA:QNEA(7.0.0),R,SVN,B1GQ,Q,SA,XDC,Q,2007-Q2,9291267304,0,,,,,,,,,L,,,O,OL,true,2010,,F
dataflow,IMF.STA:QNEA(7.0.0),R,SVN,B1GQ,Q,SA,XDC,Q,2007-Q3,9478289221,0,,,,,,,,,L,,,O,OL,true,2010,,F
dataflow,IMF.STA:QNEA(7.0.0),R,SVN,B1GQ,Q,SA,XDC,Q,2007-Q4,9544637483,0,,,,,,,,,L,,,O,OL,true,2010,,F
dataflow,IMF.STA:QNEA(7.0.0),R,SVN,B1GQ,Q,SA,XDC,Q,2008-Q1,9675130917,0,,,,,,,,,L,,,O,OL,true,2010,,F
dataflow,IMF.STA:QNEA(7.0.0),R,SVN,B1GQ,Q,SA,XDC,Q,2008-Q2,9767391991,0,,,,,,,,,L,,,O,OL,true,2010,,F
dataflow,IMF.STA:QNEA(7.0.0),R,SVN,B1GQ,Q,SA,XDC,Q,2008-Q3,9752292678,0,,,,,,,,,L,,,O,OL,true,2010,,F
dataflow,IMF.STA:QNEA(7.0.0),R,SVN,B1GQ,Q,SA,XDC,Q,2008-Q4,9414876909,0,,,,,,,,,L,,,O,OL,true,2010,,F
dataflow,IMF.STA:QNEA(7.0.0),R,SVN,B1GQ,Q,SA,XDC,Q,2009-Q1,8932532287,0,,,,,,,,,L,,,O,OL,true,2010,,F
dataflow,IMF.STA:QNEA(7.0.0),R,SVN,B1GQ,Q,SA,XDC,Q,2009-Q2,8859400165,0,,,,,,,,,L,,,O,OL,true,2010,,F
dataflow,IMF.STA:QNEA(7.0.0),R,SVN,B1GQ,Q,SA,XDC,Q,2009-Q3,8877993307,0,,,,,,,,,L,,,O,OL,true,2010,,F
dataflow,IMF.STA:QNEA(7.0.0),R,SVN,B1GQ,Q,SA,XDC,Q,2009-Q4,8872971124,0,,,,,,,,,L,,,O,OL,true,2010,,F
dataflow,IMF.STA:QNEA(7.0.0),R,SVN,B1GQ,Q,SA,XDC,Q,2010-Q1,8868732843,0,,,,,,,,,L,,,O,OL,true,2010,,F
dataflow,IMF.STA:QNEA(7.0.0),R,SVN,B1GQ,Q,SA,XDC,Q,2010-Q2,8991641419,0,,,,,,,,,L,,,O,OL,true,2010,,F
dataflow,IMF.STA:QNEA(7.0.0),R,SVN,B1GQ,Q,SA,XDC,Q,2010-Q3,9009878684,0,,,,,,,,,L,,,O,OL,true,2010,,F
dataflow,IMF.STA:QNEA(7.0.0),R,SVN,B1GQ,Q,SA,XDC,Q,2010-Q4,9052814415,0,,,,,,,,,L,,,O,OL,true,2010,,F
dataflow,IMF.STA:QNEA(7.0.0),R,SVN,B1GQ,Q,SA,XDC,Q,2011-Q1,9104565622,0,,,,,,,,,L,,,O,OL,true,2010,,F
dataflow,IMF.STA:QNEA(7.0.0),R,SVN,B1GQ,Q,SA,XDC,Q,2011-Q2,9063274851,0,,,,,,,,,L,,,O,OL,true,2010,,F
dataflow,IMF.STA:QNEA(7.0.0),R,SVN,B1GQ,Q,SA,XDC,Q,2011-Q3,9054706448,0,,,,,,,,,L,,,O,OL,true,2010,,F
dataflow,IMF.STA:QNEA(7.0.0),R,SVN,B1GQ,Q,SA,XDC,Q,2011-Q4,9058345861,0,,,,,,,,,L,,,O,OL,true,2010,,F
dataflow,IMF.STA:QNEA(7.0.0),R,SVN,B1GQ,Q,SA,XDC,Q,2012-Q1,9024812173,0,,,,,,,,,L,,,O,OL,true,2010,,F
dataflow,IMF.STA:QNEA(7.0.0),R,SVN,B1GQ,Q,SA,XDC,Q,2012-Q2,8801513863,0,,,,,,,,,L,,,O,OL,true,2010,,F
dataflow,IMF.STA:QNEA(7.0.0),R,SVN,B1GQ,Q,SA,XDC,Q,2012-Q3,8822140046,0,,,,,,,,,L,,,O,OL,true,2010,,F
dataflow,IMF.STA:QNEA(7.0.0),R,SVN,B1GQ,Q,SA,XDC,Q,2012-Q4,8665549986,0,,,,,,,,,L,,,O,OL,true,2010,,F
dataflow,IMF.STA:QNEA(7.0.0),R,SVN,B1GQ,Q,SA,XDC,Q,2013-Q1,8673178982,0,,,,,,,,,L,,,O,OL,true,2010,,F
dataflow,IMF.STA:QNEA(7.0.0),R,SVN,B1GQ,Q,SA,XDC,Q,2013-Q2,8710085482,0,,,,,,,,,L,,,O,OL,true,2010,,F
dataflow,IMF.STA:QNEA(7.0.0),R,SVN,B1GQ,Q,SA,XDC,Q,2013-Q3,8716086134,0,,,,,,,,,L,,,O,OL,true,2010,,F
dataflow,IMF.STA:QNEA(7.0.0),R,SVN,B1GQ,Q,SA,XDC,Q,2013-Q4,8887488010,0,,,,,,,,,L,,,O,OL,true,2010,,F
dataflow,IMF.STA:QNEA(7.0.0),R,SVN,B1GQ,Q,SA,XDC,Q,2014-Q1,8875902168,0,,,,,,,,,L,,,O,OL,true,2010,,F
dataflow,IMF.STA:QNEA(7.0.0),R,SVN,B1GQ,Q,SA,XDC,Q,2014-Q2,8972306221,0,,,,,,,,,L,,,O,OL,true,2010,,F
dataflow,IMF.STA:QNEA(7.0.0),R,SVN,B1GQ,Q,SA,XDC,Q,2014-Q3,9025170336,0,,,,,,,,,L,,,O,OL,true,2010,,F
dataflow,IMF.STA:QNEA(7.0.0),R,SVN,B1GQ,Q,SA,XDC,Q,2014-Q4,9033272043,0,,,,,,,,,L,,,O,OL,true,2010,,F
dataflow,IMF.STA:QNEA(7.0.0),R,SVN,B1GQ,Q,SA,XDC,Q,2015-Q1,9078681033,0,,,,,,,,,L,,,O,OL,true,2010,,F
dataflow,IMF.STA:QNEA(7.0.0),R,SVN,B1GQ,Q,SA,XDC,Q,2015-Q2,9160151822,0,,,,,,,,,L,,,O,OL,true,2010,,F
dataflow,IMF.STA:QNEA(7.0.0),R,SVN,B1GQ,Q,SA,XDC,Q,2015-Q3,9219329326,0,,,,,,,,,L,,,O,OL,true,2010,,F
dataflow,IMF.STA:QNEA(7.0.0),R,SVN,B1GQ,Q,SA,XDC,Q,2015-Q4,9234052262,0,,,,,,,,,L,,,O,OL,true,2010,,F
dataflow,IMF.STA:QNEA(7.0.0),R,SVN,B1GQ,Q,SA,XDC,Q,2016-Q1,9350869217,0,,,,,,,,,L,,,O,OL,true,2010,,F
dataflow,IMF.STA:QNEA(7.0.0),R,SVN,B1GQ,Q,SA,XDC,Q,2016-Q2,9437146432,0,,,,,,,,,L,,,O,OL,true,2010,,F
dataflow,IMF.STA:QNEA(7.0.0),R,SVN,B1GQ,Q,SA,XDC,Q,2016-Q3,9516718576,0,,,,,,,,,L,,,O,OL,true,2010,,F
dataflow,IMF.STA:QNEA(7.0.0),R,SVN,B1GQ,Q,SA,XDC,Q,2016-Q4,9583055631,0,,,,,,,,,L,,,O,OL,true,2010,,F
dataflow,IMF.STA:QNEA(7.0.0),R,SVN,B1GQ,Q,SA,XDC,Q,2017-Q1,9782977701,0,,,,,,,,,L,,,O,OL,true,2010,,F
dataflow,IMF.STA:QNEA(7.0.0),R,SVN,B1GQ,Q,SA,XDC,Q,2017-Q2,9912884307,0,,,,,,,,,L,,,O,OL,true,2010,,F
dataflow,IMF.STA:QNEA(7.0.0),R,SVN,B1GQ,Q,SA,XDC,Q,2017-Q3,9993276370,0,,,,,,,,,L,,,O,OL,true,2010,,F
dataflow,IMF.STA:QNEA(7.0.0),R,SVN,B1GQ,Q,SA,XDC,Q,2017-Q4,10189040706,0,,,,,,,,,L,,,O,OL,true,2010,,F
dataflow,IMF.STA:QNEA(7.0.0),R,SVN,B1GQ,Q,SA,XDC,Q,2018-Q1,10220448426,0,,,,,,,,,L,,,O,OL,true,2010,,F
dataflow,IMF.STA:QNEA(7.0.0),R,SVN,B1GQ,Q,SA,XDC,Q,2018-Q2,10369706283,0,,,,,,,,,L,,,O,OL,true,2010,,F
dataflow,IMF.STA:QNEA(7.0.0),R,SVN,B1GQ,Q,SA,XDC,Q,2018-Q3,10495740357,0,,,,,,,,,L,,,O,OL,true,2010,,F
dataflow,IMF.STA:QNEA(7.0.0),R,SVN,B1GQ,Q,SA,XDC,Q,2018-Q4,10569011568,0,,,,,,,,,L,,,O,OL,true,2010,,F
dataflow,IMF.STA:QNEA(7.0.0),R,SVN,B1GQ,Q,SA,XDC,Q,2019-Q1,10712435039,0,,,,,,,,,L,,,O,OL,true,2010,,F
dataflow,IMF.STA:QNEA(7.0.0),R,SVN,B1GQ,Q,SA,XDC,Q,2019-Q2,10706055576,0,,,,,,,,,L,,,O,OL,true,2010,,F
dataflow,IMF.STA:QNEA(7.0.0),R,SVN,B1GQ,Q,SA,XDC,Q,2019-Q3,10824232091,0,,,,,,,,,L,,,O,OL,true,2010,,F
dataflow,IMF.STA:QNEA(7.0.0),R,SVN,B1GQ,Q,SA,XDC,Q,2019-Q4,10846561126,0,,,,,,,,,L,,,O,OL,true,2010,,F
dataflow,IMF.STA:QNEA(7.0.0),R,SVN,B1GQ,Q,SA,XDC,Q,2020-Q1,10590491896,0,,,,,,,,,L,,,O,OL,true,2010,,F
dataflow,IMF.STA:QNEA(7.0.0),R,SVN,B1GQ,Q,SA,XDC,Q,2020-Q2,9540666854,0,,,,,,,,,L,,,O,OL,true,2010,,F
dataflow,IMF.STA:QNEA(7.0.0),R,SVN,B1GQ,Q,SA,XDC,Q,2020-Q3,10644430657,0,,,,,,,,,L,,,O,OL,true,2010,,F
dataflow,IMF.STA:QNEA(7.0.0),R,SVN,B1GQ,Q,SA,XDC,Q,2020-Q4,10408217615,0,,,,,,,,,L,,,O,OL,true,2010,,F
dataflow,IMF.STA:QNEA(7.0.0),R,SVN,B1GQ,Q,SA,XDC,Q,2021-Q1,10865554339,0,,,,,,,,,L,,,O,OL,true,2010,,F
dataflow,IMF.STA:QNEA(7.0.0),R,SVN,B1GQ,Q,SA,XDC,Q,2021-Q2,10998480477,0,,,,,,,,,L,,,O,OL,true,2010,,F
dataflow,IMF.STA:QNEA(7.0.0),R,SVN,B1GQ,Q,SA,XDC,Q,2021-Q3,11296032216,0,,,,,,,,,L,,,O,OL,true,2010,,F
dataflow,IMF.STA:QNEA(7.0.0),R,SVN,B1GQ,Q,SA,XDC,Q,2021-Q4,11438676285,0,,,,,,,,,L,,,O,OL,true,2010,,F
dataflow,IMF.STA:QNEA(7.0.0),R,SVN,B1GQ,Q,SA,XDC,Q,2022-Q1,11419917763,0,,,,,,,,,L,,,O,OL,true,2010,,F
dataflow,IMF.STA:QNEA(7.0.0),R,SVN,B1GQ,Q,SA,XDC,Q,2022-Q2,11499779374,0,,,,,,,,,L,,,O,OL,true,2010,,F
dataflow,IMF.STA:QNEA(7.0.0),R,SVN,B1GQ,Q,SA,XDC,Q,2022-Q3,11471532676,0,,,,,,,,,L,,,O,OL,true,2010,,F
dataflow,IMF.STA:QNEA(7.0.0),R,SVN,B1GQ,Q,SA,XDC,Q,2022-Q4,11541595395,0,,,,,,,,,L,,,O,OL,true,2010,,F
dataflow,IMF.STA:QNEA(7.0.0),R,SVN,B1GQ,Q,SA,XDC,Q,2023-Q1,11639792391,0,,,,,,,,,L,,,O,OL,true,2010,,F
dataflow,IMF.STA:QNEA(7.0.0),R,SVN,B1GQ,Q,SA,XDC,Q,2023-Q2,11793367590,0,,,,,,,,,L,,,O,OL,true,2010,,F
dataflow,IMF.STA:QNEA(7.0.0),R,SVN,B1GQ,Q,SA,XDC,Q,2023-Q3,11788472938,0,,,,,,,,,L,,,O,OL,true,2010,,F
dataflow,IMF.STA:QNEA(7.0.0),R,SVN,B1GQ,Q,SA,XDC,Q,2023-Q4,11886823938,0,,,,,,,,,L,,,O,OL,true,2010,,F
dataflow,IMF.STA:QNEA(7.0.0),R,SVN,B1GQ,Q,SA,XDC,Q,2024-Q1,12008940539,0,,,,,,,,,L,,,O,OL,true,2010,,F
dataflow,IMF.STA:QNEA(7.0.0),R,SVN,B1GQ,Q,SA,XDC,Q,2024-Q2,11920595968,0,,,,,,,,,L,,,O,OL,true,2010,,F
dataflow,IMF.STA:QNEA(7.0.0),R,SVN,B1GQ,Q,SA,XDC,Q,2024-Q3,11945265202,0,,,,,,,,,L,,,O,OL,true,2010,,F
dataflow,IMF.STA:QNEA(7.0.0),R,SVN,B1GQ,Q,SA,XDC,Q,2024-Q4,12029637531,0,,,,,,,,,L,,,O,OL,true,2010,,F
dataflow,IMF.STA:QNEA(7.0.0),R,SVN,B1GQ,Q,SA,XDC,Q,2025-Q1,11951699436,0,,,,,,,,,L,,,O,OL,true,2010,,F
dataflow,IMF.STA:QNEA(7.0.0),R,SVN,B1GQ,Q,SA,XDC,Q,2025-Q2,12013127980,0,,,,,,,,,L,,,O,OL,true,2010,,F
dataflow,IMF.STA:QNEA(7.0.0),R,SVN,B1GQ,Q,SA,XDC,Q,2025-Q3,12153931471,0,,,,,,,,,L,,,O,OL,true,2010,,F
dataflow,IMF.STA:QNEA(7.0.0),R,SVN,B1GQ,Q,SA,XDC,Q,2025-Q4,12235736499,0,,,,,,,,,L,,,O,OL,true,2010,,F
dataflow,IMF.STA:QNEA(7.0.0),R,SVN,B1GQ,Q,SA,XDC,Q,2026-Q1,12365893798,0,,,,,,,,,L,,,O,OL,true,2010,,F
dataflow,IMF.STA:QNEA(7.0.0),R,SVN,B1GQ,Q,SA,XDC,Q,2026-Q2,12592808642,0,,,,,,,,,L,,,O,OL,true,2010,,F
dataflow,IMF.STA:QNEA(7.0.0),R,SWE,B1GQ,Q,SA,XDC,Q,1993-Q1,555556993128.28,0,,,,,,,,,L,,,O,OL,true,2010,,F
dataflow,IMF.STA:QNEA(7.0.0),R,SWE,B1GQ,Q,SA,XDC,Q,1993-Q2,559868079105.7,0,,,,,,,,,L,,,O,OL,true,2010,,F
dataflow,IMF.STA:QNEA(7.0.0),R,SWE,B1GQ,Q,SA,XDC,Q,1993-Q3,562590468075.32,0,,,,,,,,,L,,,O,OL,true,2010,,F
dataflow,IMF.STA:QNEA(7.0.0),R,SWE,B1GQ,Q,SA,XDC,Q,1993-Q4,564189585046,0,,,,,,,,,L,,,O,OL,true,2010,,F
dataflow,IMF.STA:QNEA(7.0.0),R,SWE,B1GQ,Q,SA,XDC,Q,1994-Q1,572228239079.3,0,,,,,,,,,L,,,O,OL,true,2010,,F
dataflow,IMF.STA:QNEA(7.0.0),R,SWE,B1GQ,Q,SA,XDC,Q,1994-Q2,579332569773.96,0,,,,,,,,,L,,,O,OL,true,2010,,F
dataflow,IMF.STA:QNEA(7.0.0),R,SWE,B1GQ,Q,SA,XDC,Q,1994-Q3,581298469438.17,0,,,,,,,,,L,,,O,OL,true,2010,,F
dataflow,IMF.STA:QNEA(7.0.0),R,SWE,B1GQ,Q,SA,XDC,Q,1994-Q4,595416129818.3,0,,,,,,,,,L,,,O,OL,true,2010,,F
dataflow,IMF.STA:QNEA(7.0.0),R,SWE,B1GQ,Q,SA,XDC,Q,1995-Q1,603622197921.95,0,,,,,,,,,L,,,O,OL,true,2010,,F
dataflow,IMF.STA:QNEA(7.0.0),R,SWE,B1GQ,Q,SA,XDC,Q,1995-Q2,606191760769.27,0,,,,,,,,,L,,,O,OL,true,2010,,F
dataflow,IMF.STA:QNEA(7.0.0),R,SWE,B1GQ,Q,SA,XDC,Q,1995-Q3,604743385928.32,0,,,,,,,,,L,,,O,OL,true,2010,,F
dataflow,IMF.STA:QNEA(7.0.0),R,SWE,B1GQ,Q,SA,XDC,Q,1995-Q4,614755580931.95,0,,,,,,,,,L,,,O,OL,true,2010,,F
dataflow,IMF.STA:QNEA(7.0.0),R,SWE,B1GQ,Q,SA,XDC,Q,1996-Q1,619723124571.09,0,,,,,,,,,L,,,O,OL,true,2010,,F
dataflow,IMF.STA:QNEA(7.0.0),R,SWE,B1GQ,Q,SA,XDC,Q,1996-Q2,612510426262.44,0,,,,,,,,,L,,,O,OL,true,2010,,F
dataflow,IMF.STA:QNEA(7.0.0),R,SWE,B1GQ,Q,SA,XDC,Q,1996-Q3,614977178809.3,0,,,,,,,,,L,,,O,OL,true,2010,,F
dataflow,IMF.STA:QNEA(7.0.0),R,SWE,B1GQ,Q,SA,XDC,Q,1996-Q4,623998088010.51,0,,,,,,,,,L,,,O,OL,true,2010,,F
dataflow,IMF.STA:QNEA(7.0.0),R,SWE,B1GQ,Q,SA,XDC,Q,1997-Q1,625214445011.23,0,,,,,,,,,L,,,O,OL,true,2010,,F
dataflow,IMF.STA:QNEA(7.0.0),R,SWE,B1GQ,Q,SA,XDC,Q,1997-Q2,636067878351.74,0,,,,,,,,,L,,,O,OL,true,2010,,F
dataflow,IMF.STA:QNEA(7.0.0),R,SWE,B1GQ,Q,SA,XDC,Q,1997-Q3,639261249643.74,0,,,,,,,,,L,,,O,OL,true,2010,,F
dataflow,IMF.STA:QNEA(7.0.0),R,SWE,B1GQ,Q,SA,XDC,Q,1997-Q4,651572088459.7,0,,,,,,,,,L,,,O,OL,true,2010,,F
dataflow,IMF.STA:QNEA(7.0.0),R,SWE,B1GQ,Q,SA,XDC,Q,1998-Q1,653317084910.76,0,,,,,,,,,L,,,O,OL,true,2010,,F
dataflow,IMF.STA:QNEA(7.0.0),R,SWE,B1GQ,Q,SA,XDC,Q,1998-Q2,660078251494.42,0,,,,,,,,,L,,,O,OL,true,2010,,F
dataflow,IMF.STA:QNEA(7.0.0),R,SWE,B1GQ,Q,SA,XDC,Q,1998-Q3,667237460660.27,0,,,,,,,,,L,,,O,OL,true,2010,,F
dataflow,IMF.STA:QNEA(7.0.0),R,SWE,B1GQ,Q,SA,XDC,Q,1998-Q4,677505292086.66,0,,,,,,,,,L,,,O,OL,true,2010,,F
dataflow,IMF.STA:QNEA(7.0.0),R,SWE,B1GQ,Q,SA,XDC,Q,1999-Q1,680402041768.56,0,,,,,,,,,L,,,O,OL,true,2010,,F
dataflow,IMF.STA:QNEA(7.0.0),R,SWE,B1GQ,Q,SA,XDC,Q,1999-Q2,684422758113.6,0,,,,,,,,,L,,,O,OL,true,2010,,F
dataflow,IMF.STA:QNEA(7.0.0),R,SWE,B1GQ,Q,SA,XDC,Q,1999-Q3,694976096523.03,0,,,,,,,,,L,,,O,OL,true,2010,,F
dataflow,IMF.STA:QNEA(7.0.0),R,SWE,B1GQ,Q,SA,XDC,Q,1999-Q4,703725392025.05,0,,,,,,,,,L,,,O,OL,true,2010,,F
dataflow,IMF.STA:QNEA(7.0.0),R,SWE,B1GQ,Q,SA,XDC,Q,2000-Q1,704138717219.47,0,,,,,,,,,L,,,O,OL,true,2010,,F
dataflow,IMF.STA:QNEA(7.0.0),R,SWE,B1GQ,Q,SA,XDC,Q,2000-Q2,725305135158.88,0,,,,,,,,,L,,,O,OL,true,2010,,F
dataflow,IMF.STA:QNEA(7.0.0),R,SWE,B1GQ,Q,SA,XDC,Q,2000-Q3,732807508435.72,0,,,,,,,,,L,,,O,OL,true,2010,,F
dataflow,IMF.STA:QNEA(7.0.0),R,SWE,B1GQ,Q,SA,XDC,Q,2000-Q4,733858535358.67,0,,,,,,,,,L,,,O,OL,true,2010,,F
dataflow,IMF.STA:QNEA(7.0.0),R,SWE,B1GQ,Q,SA,XDC,Q,2001-Q1,733198604375.99,0,,,,,,,,,L,,,O,OL,true,2010,,F
dataflow,IMF.STA:QNEA(7.0.0),R,SWE,B1GQ,Q,SA,XDC,Q,2001-Q2,730385909061.36,0,,,,,,,,,L,,,O,OL,true,2010,,F
dataflow,IMF.STA:QNEA(7.0.0),R,SWE,B1GQ,Q,SA,XDC,Q,2001-Q3,736718467838.38,0,,,,,,,,,L,,,O,OL,true,2010,,F
dataflow,IMF.STA:QNEA(7.0.0),R,SWE,B1GQ,Q,SA,XDC,Q,2001-Q4,739691630581.42,0,,,,,,,,,L,,,O,OL,true,2010,,F
dataflow,IMF.STA:QNEA(7.0.0),R,SWE,B1GQ,Q,SA,XDC,Q,2002-Q1,745606696178.86,0,,,,,,,,,L,,,O,OL,true,2010,,F
dataflow,IMF.STA:QNEA(7.0.0),R,SWE,B1GQ,Q,SA,XDC,Q,2002-Q2,754464359294.89,0,,,,,,,,,L,,,O,OL,true,2010,,F
dataflow,IMF.STA:QNEA(7.0.0),R,SWE,B1GQ,Q,SA,XDC,Q,2002-Q3,752942350049.56,0,,,,,,,,,L,,,O,OL,true,2010,,F
dataflow,IMF.STA:QNEA(7.0.0),R,SWE,B1GQ,Q,SA,XDC,Q,2002-Q4,753641876891.2,0,,,,,,,,,L,,,O,OL,true,2010,,F
dataflow,IMF.STA:QNEA(7.0.0),R,SWE,B1GQ,Q,SA,XDC,Q,2003-Q1,763429000696.53,0,,,,,,,,,L,,,O,OL,true,2010,,F
dataflow,IMF.STA:QNEA(7.0.0),R,SWE,B1GQ,Q,SA,XDC,Q,2003-Q2,761972289885.27,0,,,,,,,,,L,,,O,OL,true,2010,,F
dataflow,IMF.STA:QNEA(7.0.0),R,SWE,B1GQ,Q,SA,XDC,Q,2003-Q3,768479209374.55,0,,,,,,,,,L,,,O,OL,true,2010,,F
dataflow,IMF.STA:QNEA(7.0.0),R,SWE,B1GQ,Q,SA,XDC,Q,2003-Q4,772918808227.55,0,,,,,,,,,L,,,O,OL,true,2010,,F
dataflow,IMF.STA:QNEA(7.0.0),R,SWE,B1GQ,Q,SA,XDC,Q,2004-Q1,786220238181.72,0,,,,,,,,,L,,,O,OL,true,2010,,F
dataflow,IMF.STA:QNEA(7.0.0),R,SWE,B1GQ,Q,SA,XDC,Q,2004-Q2,791915095230.2,0,,,,,,,,,L,,,O,OL,true,2010,,F
dataflow,IMF.STA:QNEA(7.0.0),R,SWE,B1GQ,Q,SA,XDC,Q,2004-Q3,798456747929.1,0,,,,,,,,,L,,,O,OL,true,2010,,F
dataflow,IMF.STA:QNEA(7.0.0),R,SWE,B1GQ,Q,SA,XDC,Q,2004-Q4,802287820949.64,0,,,,,,,,,L,,,O,OL,true,2010,,F
dataflow,IMF.STA:QNEA(7.0.0),R,SWE,B1GQ,Q,SA,XDC,Q,2005-Q1,804974782045.46,0,,,,,,,,,L,,,O,OL,true,2010,,F
dataflow,IMF.STA:QNEA(7.0.0),R,SWE,B1GQ,Q,SA,XDC,Q,2005-Q2,812661241333.26,0,,,,,,,,,L,,,O,OL,true,2010,,F
dataflow,IMF.STA:QNEA(7.0.0),R,SWE,B1GQ,Q,SA,XDC,Q,2005-Q3,824169048342.92,0,,,,,,,,,L,,,O,OL,true,2010,,F
dataflow,IMF.STA:QNEA(7.0.0),R,SWE,B1GQ,Q,SA,XDC,Q,2005-Q4,825559071391.71,0,,,,,,,,,L,,,O,OL,true,2010,,F
dataflow,IMF.STA:QNEA(7.0.0),R,SWE,B1GQ,Q,SA,XDC,Q,2006-Q1,841012571013.63,0,,,,,,,,,L,,,O,OL,true,2010,,F
dataflow,IMF.STA:QNEA(7.0.0),R,SWE,B1GQ,Q,SA,XDC,Q,2006-Q2,854659249071.38,0,,,,,,,,,L,,,O,OL,true,2010,,F
dataflow,IMF.STA:QNEA(7.0.0),R,SWE,B1GQ,Q,SA,XDC,Q,2006-Q3,861885145999.69,0,,,,,,,,,L,,,O,OL,true,2010,,F
dataflow,IMF.STA:QNEA(7.0.0),R,SWE,B1GQ,Q,SA,XDC,Q,2006-Q4,870558723104.76,0,,,,,,,,,L,,,O,OL,true,2010,,F
dataflow,IMF.STA:QNEA(7.0.0),R,SWE,B1GQ,Q,SA,XDC,Q,2007-Q1,874873977067.33,0,,,,,,,,,L,,,O,OL,true,2010,,F
dataflow,IMF.STA:QNEA(7.0.0),R,SWE,B1GQ,Q,SA,XDC,Q,2007-Q2,884470068219.77,0,,,,,,,,,L,,,O,OL,true,2010,,F
dataflow,IMF.STA:QNEA(7.0.0),R,SWE,B1GQ,Q,SA,XDC,Q,2007-Q3,886715222889.28,0,,,,,,,,,L,,,O,OL,true,2010,,F
dataflow,IMF.STA:QNEA(7.0.0),R,SWE,B1GQ,Q,SA,XDC,Q,2007-Q4,897162277677.29,0,,,,,,,,,L,,,O,OL,true,2010,,F
dataflow,IMF.STA:QNEA(7.0.0),R,SWE,B1GQ,Q,SA,XDC,Q,2008-Q1,892768526660.99,0,,,,,,,,,L,,,O,OL,true,2010,,F
dataflow,IMF.STA:QNEA(7.0.0),R,SWE,B1GQ,Q,SA,XDC,Q,2008-Q2,887764165819.66,0,,,,,,,,,L,,,O,OL,true,2010,,F
dataflow,IMF.STA:QNEA(7.0.0),R,SWE,B1GQ,Q,SA,XDC,Q,2008-Q3,878957907853.86,0,,,,,,,,,L,,,O,OL,true,2010,,F
dataflow,IMF.STA:QNEA(7.0.0),R,SWE,B1GQ,Q,SA,XDC,Q,2008-Q4,845338939603.28,0,,,,,,,,,L,,,O,OL,true,2010,,F
dataflow,IMF.STA:QNEA(7.0.0),R,SWE,B1GQ,Q,SA,XDC,Q,2009-Q1,836327755700.75,0,,,,,,,,,L,,,O,OL,true,2010,,F
dataflow,IMF.STA:QNEA(7.0.0),R,SWE,B1GQ,Q,SA,XDC,Q,2009-Q2,840023369203.79,0,,,,,,,,,L,,,O,OL,true,2010,,F
dataflow,IMF.STA:QNEA(7.0.0),R,SWE,B1GQ,Q,SA,XDC,Q,2009-Q3,839093908514.5,0,,,,,,,,,L,,,O,OL,true,2010,,F
dataflow,IMF.STA:QNEA(7.0.0),R,SWE,B1GQ,Q,SA,XDC,Q,2009-Q4,842594321379.5,0,,,,,,,,,L,,,O,OL,true,2010,,F
dataflow,IMF.STA:QNEA(7.0.0),R,SWE,B1GQ,Q,SA,XDC,Q,2010-Q1,855035757063.6,0,,,,,,,,,L,,,O,OL,true,2010,,F
dataflow,IMF.STA:QNEA(7.0.0),R,SWE,B1GQ,Q,SA,XDC,Q,2010-Q2,882995990803.71,0,,,,,,,,,L,,,O,OL,true,2010,,F
dataflow,IMF.STA:QNEA(7.0.0),R,SWE,B1GQ,Q,SA,XDC,Q,2010-Q3,897104620549.33,0,,,,,,,,,L,,,O,OL,true,2010,,F
dataflow,IMF.STA:QNEA(7.0.0),R,SWE,B1GQ,Q,SA,XDC,Q,2010-Q4,906359631583.36,0,,,,,,,,,L,,,O,OL,true,2010,,F
dataflow,IMF.STA:QNEA(7.0.0),R,SWE,B1GQ,Q,SA,XDC,Q,2011-Q1,911654362057.07,0,,,,,,,,,L,,,O,OL,true,2010,,F
dataflow,IMF.STA:QNEA(7.0.0),R,SWE,B1GQ,Q,SA,XDC,Q,2011-Q2,917886194526.2,0,,,,,,,,,L,,,O,OL,true,2010,,F
dataflow,IMF.STA:QNEA(7.0.0),R,SWE,B1GQ,Q,SA,XDC,Q,2011-Q3,925286452166.78,0,,,,,,,,,L,,,O,OL,true,2010,,F
dataflow,IMF.STA:QNEA(7.0.0),R,SWE,B1GQ,Q,SA,XDC,Q,2011-Q4,901466417012.79,0,,,,,,,,,L,,,O,OL,true,2010,,F
dataflow,IMF.STA:QNEA(7.0.0),R,SWE,B1GQ,Q,SA,XDC,Q,2012-Q1,910186536618.74,0,,,,,,,,,L,,,O,OL,true,2010,,F
dataflow,IMF.STA:QNEA(7.0.0),R,SWE,B1GQ,Q,SA,XDC,Q,2012-Q2,913866867509.55,0,,,,,,,,,L,,,O,OL,true,2010,,F
dataflow,IMF.STA:QNEA(7.0.0),R,SWE,B1GQ,Q,SA,XDC,Q,2012-Q3,919125475445.27,0,,,,,,,,,L,,,O,OL,true,2010,,F
dataflow,IMF.STA:QNEA(7.0.0),R,SWE,B1GQ,Q,SA,XDC,Q,2012-Q4,909983000010.4,0,,,,,,,,,L,,,O,OL,true,2010,,F
dataflow,IMF.STA:QNEA(7.0.0),R,SWE,B1GQ,Q,SA,XDC,Q,2013-Q1,915836240494.72,0,,,,,,,,,L,,,O,OL,true,2010,,F
dataflow,IMF.STA:QNEA(7.0.0),R,SWE,B1GQ,Q,SA,XDC,Q,2013-Q2,918394688714.97,0,,,,,,,,,L,,,O,OL,true,2010,,F
dataflow,IMF.STA:QNEA(7.0.0),R,SWE,B1GQ,Q,SA,XDC,Q,2013-Q3,925607387023.62,0,,,,,,,,,L,,,O,OL,true,2010,,F
dataflow,IMF.STA:QNEA(7.0.0),R,SWE,B1GQ,Q,SA,XDC,Q,2013-Q4,933684247587.5,0,,,,,,,,,L,,,O,OL,true,2010,,F
dataflow,IMF.STA:QNEA(7.0.0),R,SWE,B1GQ,Q,SA,XDC,Q,2014-Q1,937465304786.2,0,,,,,,,,,L,,,O,OL,true,2010,,F
dataflow,IMF.STA:QNEA(7.0.0),R,SWE,B1GQ,Q,SA,XDC,Q,2014-Q2,942417565813.11,0,,,,,,,,,L,,,O,OL,true,2010,,F
dataflow,IMF.STA:QNEA(7.0.0),R,SWE,B1GQ,Q,SA,XDC,Q,2014-Q3,949778227594.73,0,,,,,,,,,L,,,O,OL,true,2010,,F
dataflow,IMF.STA:QNEA(7.0.0),R,SWE,B1GQ,Q,SA,XDC,Q,2014-Q4,953512047628.34,0,,,,,,,,,L,,,O,OL,true,2010,,F
dataflow,IMF.STA:QNEA(7.0.0),R,SWE,B1GQ,Q,SA,XDC,Q,2015-Q1,964837157955.42,0,,,,,,,,,L,,,O,OL,true,2010,,F
dataflow,IMF.STA:QNEA(7.0.0),R,SWE,B1GQ,Q,SA,XDC,Q,2015-Q2,987988926156.42,0,,,,,,,,,L,,,O,OL,true,2010,,F
dataflow,IMF.STA:QNEA(7.0.0),R,SWE,B1GQ,Q,SA,XDC,Q,2015-Q3,986996945689.81,0,,,,,,,,,L,,,O,OL,true,2010,,F
dataflow,IMF.STA:QNEA(7.0.0),R,SWE,B1GQ,Q,SA,XDC,Q,2015-Q4,997965693286.24,0,,,,,,,,,L,,,O,OL,true,2010,,F
dataflow,IMF.STA:QNEA(7.0.0),R,SWE,B1GQ,Q,SA,XDC,Q,2016-Q1,992579961803.33,0,,,,,,,,,L,,,O,OL,true,2010,,F
dataflow,IMF.STA:QNEA(7.0.0),R,SWE,B1GQ,Q,SA,XDC,Q,2016-Q2,1002879053118.4,0,,,,,,,,,L,,,O,OL,true,2010,,F
dataflow,IMF.STA:QNEA(7.0.0),R,SWE,B1GQ,Q,SA,XDC,Q,2016-Q3,1005381233539.1,0,,,,,,,,,L,,,O,OL,true,2010,,F
dataflow,IMF.STA:QNEA(7.0.0),R,SWE,B1GQ,Q,SA,XDC,Q,2016-Q4,1011667944479.4,0,,,,,,,,,L,,,O,OL,true,2010,,F
dataflow,IMF.STA:QNEA(7.0.0),R,SWE,B1GQ,Q,SA,XDC,Q,2017-Q1,1020147015610.6,0,,,,,,,,,L,,,O,OL,true,2010,,F
dataflow,IMF.STA:QNEA(7.0.0),R,SWE,B1GQ,Q,SA,XDC,Q,2017-Q2,1021777392469.9,0,,,,,,,,,L,,,O,OL,true,2010,,F
dataflow,IMF.STA:QNEA(7.0.0),R,SWE,B1GQ,Q,SA,XDC,Q,2017-Q3,1025138872496.5,0,,,,,,,,,L,,,O,OL,true,2010,,F
dataflow,IMF.STA:QNEA(7.0.0),R,SWE,B1GQ,Q,SA,XDC,Q,2017-Q4,1031720815718.5,0,,,,,,,,,L,,,O,OL,true,2010,,F
dataflow,IMF.STA:QNEA(7.0.0),R,SWE,B1GQ,Q,SA,XDC,Q,2018-Q1,1037019019513.2,0,,,,,,,,,L,,,O,OL,true,2010,,F
dataflow,IMF.STA:QNEA(7.0.0),R,SWE,B1GQ,Q,SA,XDC,Q,2018-Q2,1042635379507.9,0,,,,,,,,,L,,,O,OL,true,2010,,F
dataflow,IMF.STA:QNEA(7.0.0),R,SWE,B1GQ,Q,SA,XDC,Q,2018-Q3,1040827863279.6,0,,,,,,,,,L,,,O,OL,true,2010,,F
dataflow,IMF.STA:QNEA(7.0.0),R,SWE,B1GQ,Q,SA,XDC,Q,2018-Q4,1054728788431.7,0,,,,,,,,,L,,,O,OL,true,2010,,F
dataflow,IMF.STA:QNEA(7.0.0),R,SWE,B1GQ,Q,SA,XDC,Q,2019-Q1,1058143757601.1,0,,,,,,,,,L,,,O,OL,true,2010,,F
dataflow,IMF.STA:QNEA(7.0.0),R,SWE,B1GQ,Q,SA,XDC,Q,2019-Q2,1071454912853.9,0,,,,,,,,,L,,,O,OL,true,2010,,F
dataflow,IMF.STA:QNEA(7.0.0),R,SWE,B1GQ,Q,SA,XDC,Q,2019-Q3,1068462299513.5,0,,,,,,,,,L,,,O,OL,true,2010,,F
dataflow,IMF.STA:QNEA(7.0.0),R,SWE,B1GQ,Q,SA,XDC,Q,2019-Q4,1086676394635.6,0,,,,,,,,,L,,,O,OL,true,2010,,F
dataflow,IMF.STA:QNEA(7.0.0),R,SWE,B1GQ,Q,SA,XDC,Q,2020-Q1,1087459281180.3,0,,,,,,,,,L,,,O,OL,true,2010,,F
dataflow,IMF.STA:QNEA(7.0.0),R,SWE,B1GQ,Q,SA,XDC,Q,2020-Q2,991587981336.73,0,,,,,,,,,L,,,O,OL,true,2010,,F
dataflow,IMF.STA:QNEA(7.0.0),R,SWE,B1GQ,Q,SA,XDC,Q,2020-Q3,1050397557192.7,0,,,,,,,,,L,,,O,OL,true,2010,,F
dataflow,IMF.STA:QNEA(7.0.0),R,SWE,B1GQ,Q,SA,XDC,Q,2020-Q4,1065349509267.8,0,,,,,,,,,L,,,O,OL,true,2010,,F
dataflow,IMF.STA:QNEA(7.0.0),R,SWE,B1GQ,Q,SA,XDC,Q,2021-Q1,1093282651104.4,0,,,,,,,,,L,,,O,OL,true,2010,,F
dataflow,IMF.STA:QNEA(7.0.0),R,SWE,B1GQ,Q,SA,XDC,Q,2021-Q2,1097969550409.9,0,,,,,,,,,L,,,O,OL,true,2010,,F
dataflow,IMF.STA:QNEA(7.0.0),R,SWE,B1GQ,Q,SA,XDC,Q,2021-Q3,1095019311585.1,0,,,,,,,,,L,,,O,OL,true,2010,,F
dataflow,IMF.STA:QNEA(7.0.0),R,SWE,B1GQ,Q,SA,XDC,Q,2021-Q4,1118681657967.5,0,,,,,,,,,L,,,O,OL,true,2010,,F
dataflow,IMF.STA:QNEA(7.0.0),R,SWE,B1GQ,Q,SA,XDC,Q,2022-Q1,1112637384830.3,0,,,,,,,,,L,,,O,OL,true,2010,,F
dataflow,IMF.STA:QNEA(7.0.0),R,SWE,B1GQ,Q,SA,XDC,Q,2022-Q2,1124559906362.7,0,,,,,,,,,L,,,O,OL,true,2010,,F
dataflow,IMF.STA:QNEA(7.0.0),R,SWE,B1GQ,Q,SA,XDC,Q,2022-Q3,1118496182628.1,0,,,,,,,,,L,,,O,OL,true,2010,,F
dataflow,IMF.STA:QNEA(7.0.0),R,SWE,B1GQ,Q,SA,XDC,Q,2022-Q4,1107147453718.5,0,,,,,,,,,L,,,O,OL,true,2010,,F
dataflow,IMF.STA:QNEA(7.0.0),R,SWE,B1GQ,Q,SA,XDC,Q,2023-Q1,1121592995597.4,0,,,,,,,,,L,,,O,OL,true,2010,,F
dataflow,IMF.STA:QNEA(7.0.0),R,SWE,B1GQ,Q,SA,XDC,Q,2023-Q2,1109712153916.5,0,,,,,,,,,L,,,O,OL,true,2010,,F
dataflow,IMF.STA:QNEA(7.0.0),R,SWE,B1GQ,Q,SA,XDC,Q,2023-Q3,1125537298881.3,0,,,,,,,,,L,,,O,OL,true,2010,,F
dataflow,IMF.STA:QNEA(7.0.0),R,SWE,B1GQ,Q,SA,XDC,Q,2023-Q4,1107768483506.4,0,,,,,,,,,L,,,O,OL,true,2010,,F
dataflow,IMF.STA:QNEA(7.0.0),R,SWE,B1GQ,Q,SA,XDC,Q,2024-Q1,1142507250435,0,,,,,,,,,L,,,O,OL,true,2010,,F
dataflow,IMF.STA:QNEA(7.0.0),R,SWE,B1GQ,Q,SA,XDC,Q,2024-Q2,1125977715979.2,0,,,,,,,,,L,,,O,OL,true,2010,,F
dataflow,IMF.STA:QNEA(7.0.0),R,SWE,B1GQ,Q,SA,XDC,Q,2024-Q3,1133791298814.2,0,,,,,,,,,L,,,O,OL,true,2010,,F
dataflow,IMF.STA:QNEA(7.0.0),R,SWE,B1GQ,Q,SA,XDC,Q,2024-Q4,1148056228003.1,0,,,,,,,,,L,,,O,OL,true,2010,,F
dataflow,IMF.STA:QNEA(7.0.0),R,SWE,B1GQ,Q,SA,XDC,Q,2025-Q1,1143579811947.9,0,,,,,,,,,L,,,O,OL,true,2010,,F
dataflow,IMF.STA:QNEA(7.0.0),R,SWE,B1GQ,Q,SA,XDC,Q,2025-Q2,1151235011347.1,0,,,,,,,,,L,,,O,OL,true,2010,,F
dataflow,IMF.STA:QNEA(7.0.0),R,SWE,B1GQ,Q,SA,XDC,Q,2025-Q3,1158689452794.7,0,,,,,,,,,L,,,O,OL,true,2010,,F
dataflow,IMF.STA:QNEA(7.0.0),R,SWE,B1GQ,Q,SA,XDC,Q,2025-Q4,1171005154260,0,,,,,,,,,L,,,O,OL,true,2010,,F
dataflow,IMF.STA:QNEA(7.0.0),R,SWE,B1GQ,Q,SA,XDC,Q,2026-Q1,1170018036442.7,0,,,,,,,,,L,,,O,OL,true,2010,,F
dataflow,IMF.STA:QNEA(7.0.0),R,SWE,B1GQ,Q,SA,XDC,Q,2026-Q2,1188219627609.4,0,,,,,,,,,L,,,O,OL,true,2010,,F
dataflow,IMF.STA:QNEA(7.0.0),R,THA,B1GQ,Q,SA,XDC,Q,2003-Q1,1487800000000,0,,,,,,,,,L,,,O,OL,true,2002,,F
dataflow,IMF.STA:QNEA(7.0.0),R,THA,B1GQ,Q,SA,XDC,Q,2003-Q2,1502800000000,0,,,,,,,,,L,,,O,OL,true,2002,,F
dataflow,IMF.STA:QNEA(7.0.0),R,THA,B1GQ,Q,SA,XDC,Q,2003-Q3,1524200000000,0,,,,,,,,,L,,,O,OL,true,2002,,F
dataflow,IMF.STA:QNEA(7.0.0),R,THA,B1GQ,Q,SA,XDC,Q,2003-Q4,1535600000000,0,,,,,,,,,L,,,O,OL,true,2002,,F
dataflow,IMF.STA:QNEA(7.0.0),R,THA,B1GQ,Q,SA,XDC,Q,2004-Q1,1605528372567.55,0,,,,,,,,,L,,,O,OL,true,2002,,F
dataflow,IMF.STA:QNEA(7.0.0),R,THA,B1GQ,Q,SA,XDC,Q,2004-Q2,1630311253029.46,0,,,,,,,,,L,,,O,OL,true,2002,,F
dataflow,IMF.STA:QNEA(7.0.0),R,THA,B1GQ,Q,SA,XDC,Q,2004-Q3,1648704930162.71,0,,,,,,,,,L,,,O,OL,true,2002,,F
dataflow,IMF.STA:QNEA(7.0.0),R,THA,B1GQ,Q,SA,XDC,Q,2004-Q4,1687375669552.95,0,,,,,,,,,L,,,O,OL,true,2002,,F
dataflow,IMF.STA:QNEA(7.0.0),R,THA,B1GQ,Q,SA,XDC,Q,2005-Q1,1667251175520.83,0,,,,,,,,,L,,,O,OL,true,2002,,F
dataflow,IMF.STA:QNEA(7.0.0),R,THA,B1GQ,Q,SA,XDC,Q,2005-Q2,1703634685000.81,0,,,,,,,,,L,,,O,OL,true,2002,,F
dataflow,IMF.STA:QNEA(7.0.0),R,THA,B1GQ,Q,SA,XDC,Q,2005-Q3,1727030441744.46,0,,,,,,,,,L,,,O,OL,true,2002,,F
dataflow,IMF.STA:QNEA(7.0.0),R,THA,B1GQ,Q,SA,XDC,Q,2005-Q4,1750092832288.73,0,,,,,,,,,L,,,O,OL,true,2002,,F
dataflow,IMF.STA:QNEA(7.0.0),R,THA,B1GQ,Q,SA,XDC,Q,2006-Q1,1759028741601.16,0,,,,,,,,,L,,,O,OL,true,2002,,F
dataflow,IMF.STA:QNEA(7.0.0),R,THA,B1GQ,Q,SA,XDC,Q,2006-Q2,1782038757343.05,0,,,,,,,,,L,,,O,OL,true,2002,,F
dataflow,IMF.STA:QNEA(7.0.0),R,THA,B1GQ,Q,SA,XDC,Q,2006-Q3,1803807977449.85,0,,,,,,,,,L,,,O,OL,true,2002,,F
dataflow,IMF.STA:QNEA(7.0.0),R,THA,B1GQ,Q,SA,XDC,Q,2006-Q4,1843867853423.42,0,,,,,,,,,L,,,O,OL,true,2002,,F
dataflow,IMF.STA:QNEA(7.0.0),R,THA,B1GQ,Q,SA,XDC,Q,2007-Q1,1872883145574.81,0,,,,,,,,,L,,,O,OL,true,2002,,F
dataflow,IMF.STA:QNEA(7.0.0),R,THA,B1GQ,Q,SA,XDC,Q,2007-Q2,1876656252156.68,0,,,,,,,,,L,,,O,OL,true,2002,,F
dataflow,IMF.STA:QNEA(7.0.0),R,THA,B1GQ,Q,SA,XDC,Q,2007-Q3,1902482516308.31,0,,,,,,,,,L,,,O,OL,true,2002,,F
dataflow,IMF.STA:QNEA(7.0.0),R,THA,B1GQ,Q,SA,XDC,Q,2007-Q4,1930168228195.13,0,,,,,,,,,L,,,O,OL,true,2002,,F
dataflow,IMF.STA:QNEA(7.0.0),R,THA,B1GQ,Q,SA,XDC,Q,2008-Q1,1929934084439.76,0,,,,,,,,,L,,,O,OL,true,2002,,F
dataflow,IMF.STA:QNEA(7.0.0),R,THA,B1GQ,Q,SA,XDC,Q,2008-Q2,1943260797857.54,0,,,,,,,,,L,,,O,OL,true,2002,,F
dataflow,IMF.STA:QNEA(7.0.0),R,THA,B1GQ,Q,SA,XDC,Q,2008-Q3,1947130565816.27,0,,,,,,,,,L,,,O,OL,true,2002,,F
dataflow,IMF.STA:QNEA(7.0.0),R,THA,B1GQ,Q,SA,XDC,Q,2008-Q4,1896809503811.81,0,,,,,,,,,L,,,O,OL,true,2002,,F
dataflow,IMF.STA:QNEA(7.0.0),R,THA,B1GQ,Q,SA,XDC,Q,2009-Q1,1840467823933.43,0,,,,,,,,,L,,,O,OL,true,2002,,F
dataflow,IMF.STA:QNEA(7.0.0),R,THA,B1GQ,Q,SA,XDC,Q,2009-Q2,1882567453604.1,0,,,,,,,,,L,,,O,OL,true,2002,,F
dataflow,IMF.STA:QNEA(7.0.0),R,THA,B1GQ,Q,SA,XDC,Q,2009-Q3,1942165108893.84,0,,,,,,,,,L,,,O,OL,true,2002,,F
dataflow,IMF.STA:QNEA(7.0.0),R,THA,B1GQ,Q,SA,XDC,Q,2009-Q4,1998349226589.04,0,,,,,,,,,L,,,O,OL,true,2002,,F
dataflow,IMF.STA:QNEA(7.0.0),R,THA,B1GQ,Q,SA,XDC,Q,2010-Q1,2056191647582.32,0,,,,,,,,,L,,,O,OL,true,2002,,F
dataflow,IMF.STA:QNEA(7.0.0),R,THA,B1GQ,Q,SA,XDC,Q,2010-Q2,2050008758186.99,0,,,,,,,,,L,,,O,OL,true,2002,,F
dataflow,IMF.STA:QNEA(7.0.0),R,THA,B1GQ,Q,SA,XDC,Q,2010-Q3,2061031802007.7,0,,,,,,,,,L,,,O,OL,true,2002,,F
dataflow,IMF.STA:QNEA(7.0.0),R,THA,B1GQ,Q,SA,XDC,Q,2010-Q4,2069569219399.15,0,,,,,,,,,L,,,O,OL,true,2002,,F
dataflow,IMF.STA:QNEA(7.0.0),R,THA,B1GQ,Q,SA,XDC,Q,2011-Q1,2116327935906.62,0,,,,,,,,,L,,,O,OL,true,2002,,F
dataflow,IMF.STA:QNEA(7.0.0),R,THA,B1GQ,Q,SA,XDC,Q,2011-Q2,2086229460186.85,0,,,,,,,,,L,,,O,OL,true,2002,,F
dataflow,IMF.STA:QNEA(7.0.0),R,THA,B1GQ,Q,SA,XDC,Q,2011-Q3,2118250476505.3,0,,,,,,,,,L,,,O,OL,true,2002,,F
dataflow,IMF.STA:QNEA(7.0.0),R,THA,B1GQ,Q,SA,XDC,Q,2011-Q4,1985254924169.72,0,,,,,,,,,L,,,O,OL,true,2002,,F
dataflow,IMF.STA:QNEA(7.0.0),R,THA,B1GQ,Q,SA,XDC,Q,2012-Q1,2171512000000,0,,,,,,,,,L,,,O,OL,true,2002,,F
dataflow,IMF.STA:QNEA(7.0.0),R,THA,B1GQ,Q,SA,XDC,Q,2012-Q2,2212813000000,0,,,,,,,,,L,,,O,OL,true,2002,,F
dataflow,IMF.STA:QNEA(7.0.0),R,THA,B1GQ,Q,SA,XDC,Q,2012-Q3,2230645000000,0,,,,,,,,,L,,,O,OL,true,2002,,F
dataflow,IMF.STA:QNEA(7.0.0),R,THA,B1GQ,Q,SA,XDC,Q,2012-Q4,2288897000000,0,,,,,,,,,L,,,O,OL,true,2002,,F
dataflow,IMF.STA:QNEA(7.0.0),R,THA,B1GQ,Q,SA,XDC,Q,2013-Q1,2287227000000,0,,,,,,,,,L,,,O,OL,true,2002,,F
dataflow,IMF.STA:QNEA(7.0.0),R,THA,B1GQ,Q,SA,XDC,Q,2013-Q2,2273917000000,0,,,,,,,,,L,,,O,OL,true,2002,,F
dataflow,IMF.STA:QNEA(7.0.0),R,THA,B1GQ,Q,SA,XDC,Q,2013-Q3,2289937000000,0,,,,,,,,,L,,,O,OL,true,2002,,F
dataflow,IMF.STA:QNEA(7.0.0),R,THA,B1GQ,Q,SA,XDC,Q,2013-Q4,2288665000000,0,,,,,,,,,L,,,O,OL,true,2002,,F
dataflow,IMF.STA:QNEA(7.0.0),R,THA,B1GQ,Q,SA,XDC,Q,2014-Q1,2280152000000,0,,,,,,,,,L,,,O,OL,true,2002,,F
dataflow,IMF.STA:QNEA(7.0.0),R,THA,B1GQ,Q,SA,XDC,Q,2014-Q2,2294353000000,0,,,,,,,,,L,,,O,OL,true,2002,,F
dataflow,IMF.STA:QNEA(7.0.0),R,THA,B1GQ,Q,SA,XDC,Q,2014-Q3,2315589000000,0,,,,,,,,,L,,,O,OL,true,2002,,F
dataflow,IMF.STA:QNEA(7.0.0),R,THA,B1GQ,Q,SA,XDC,Q,2014-Q4,2340555000000,0,,,,,,,,,L,,,O,OL,true,2002,,F
dataflow,IMF.STA:QNEA(7.0.0),R,THA,B1GQ,Q,SA,XDC,Q,2015-Q1,2351841000000,0,,,,,,,,,L,,,O,OL,true,2002,,F
dataflow,IMF.STA:QNEA(7.0.0),R,THA,B1GQ,Q,SA,XDC,Q,2015-Q2,2361910000000,0,,,,,,,,,L,,,O,OL,true,2002,,F
dataflow,IMF.STA:QNEA(7.0.0),R,THA,B1GQ,Q,SA,XDC,Q,2015-Q3,2396346000000,0,,,,,,,,,L,,,O,OL,true,2002,,F
dataflow,IMF.STA:QNEA(7.0.0),R,THA,B1GQ,Q,SA,XDC,Q,2015-Q4,2411146000000,0,,,,,,,,,L,,,O,OL,true,2002,,F
dataflow,IMF.STA:QNEA(7.0.0),R,THA,B1GQ,Q,SA,XDC,Q,2016-Q1,2430210000000,0,,,,,,,,,L,,,O,OL,true,2002,,F
dataflow,IMF.STA:QNEA(7.0.0),R,THA,B1GQ,Q,SA,XDC,Q,2016-Q2,2453261000000,0,,,,,,,,,L,,,O,OL,true,2002,,F
dataflow,IMF.STA:QNEA(7.0.0),R,THA,B1GQ,Q,SA,XDC,Q,2016-Q3,2474198000000,0,,,,,,,,,L,,,O,OL,true,2002,,F
dataflow,IMF.STA:QNEA(7.0.0),R,THA,B1GQ,Q,SA,XDC,Q,2016-Q4,2490695000000,0,,,,,,,,,L,,,O,OL,true,2002,,F
dataflow,IMF.STA:QNEA(7.0.0),R,THA,B1GQ,Q,SA,XDC,Q,2017-Q1,2523163000000,0,,,,,,,,,L,,,O,OL,true,2002,,F
dataflow,IMF.STA:QNEA(7.0.0),R,THA,B1GQ,Q,SA,XDC,Q,2017-Q2,2561279000000,0,,,,,,,,,L,,,O,OL,true,2002,,F
dataflow,IMF.STA:QNEA(7.0.0),R,THA,B1GQ,Q,SA,XDC,Q,2017-Q3,2588921000000,0,,,,,,,,,L,,,O,OL,true,2002,,F
dataflow,IMF.STA:QNEA(7.0.0),R,THA,B1GQ,Q,SA,XDC,Q,2017-Q4,2586924000000,0,,,,,,,,,L,,,O,OL,true,2002,,F
dataflow,IMF.STA:QNEA(7.0.0),R,THA,B1GQ,Q,SA,XDC,Q,2018-Q1,2650217000000,0,,,,,,,,,L,,,O,OL,true,2002,,F
dataflow,IMF.STA:QNEA(7.0.0),R,THA,B1GQ,Q,SA,XDC,Q,2018-Q2,2683067000000,0,,,,,,,,,L,,,O,OL,true,2002,,F
dataflow,IMF.STA:QNEA(7.0.0),R,THA,B1GQ,Q,SA,XDC,Q,2018-Q3,2678402000000,0,,,,,,,,,L,,,O,OL,true,2002,,F
dataflow,IMF.STA:QNEA(7.0.0),R,THA,B1GQ,Q,SA,XDC,Q,2018-Q4,2679843000000,0,,,,,,,,,L,,,O,OL,true,2002,,F
dataflow,IMF.STA:QNEA(7.0.0),R,THA,B1GQ,Q,SA,XDC,Q,2019-Q1,2720293000000,0,,,,,,,,,L,,,O,OL,true,2002,,F
dataflow,IMF.STA:QNEA(7.0.0),R,THA,B1GQ,Q,SA,XDC,Q,2019-Q2,2746453000000,0,,,,,,,,,L,,,O,OL,true,2002,,F
dataflow,IMF.STA:QNEA(7.0.0),R,THA,B1GQ,Q,SA,XDC,Q,2019-Q3,2749435000000,0,,,,,,,,,L,,,O,OL,true,2002,,F
dataflow,IMF.STA:QNEA(7.0.0),R,THA,B1GQ,Q,SA,XDC,Q,2019-Q4,2703949000000,0,,,,,,,,,L,,,O,OL,true,2002,,F
dataflow,IMF.STA:QNEA(7.0.0),R,THA,B1GQ,Q,SA,XDC,Q,2020-Q1,2661730000000,0,,,,,,,,,L,,,O,OL,true,2002,,F
dataflow,IMF.STA:QNEA(7.0.0),R,THA,B1GQ,Q,SA,XDC,Q,2020-Q2,2415430000000,0,,,,,,,,,L,,,O,OL,true,2002,,F
dataflow,IMF.STA:QNEA(7.0.0),R,THA,B1GQ,Q,SA,XDC,Q,2020-Q3,2580620000000,0,,,,,,,,,L,,,O,OL,true,2002,,F
dataflow,IMF.STA:QNEA(7.0.0),R,THA,B1GQ,Q,SA,XDC,Q,2020-Q4,2591020000000,0,,,,,,,,,L,,,O,OL,true,2002,,F
dataflow,IMF.STA:QNEA(7.0.0),R,THA,B1GQ,Q,SA,XDC,Q,2021-Q1,2593150000000,0,,,,,,,,,L,,,O,OL,true,2002,,F
dataflow,IMF.STA:QNEA(7.0.0),R,THA,B1GQ,Q,SA,XDC,Q,2021-Q2,2604930000000,0,,,,,,,,,L,,,O,OL,true,2002,,F
dataflow,IMF.STA:QNEA(7.0.0),R,THA,B1GQ,Q,SA,XDC,Q,2021-Q3,2577440000000,0,,,,,,,,,L,,,O,OL,true,2002,,F
dataflow,IMF.STA:QNEA(7.0.0),R,THA,B1GQ,Q,SA,XDC,Q,2021-Q4,2641350000000,0,,,,,,,,,L,,,O,OL,true,2002,,F
dataflow,IMF.STA:QNEA(7.0.0),R,THA,B1GQ,Q,SA,XDC,Q,2022-Q1,2647930000000,0,,,,,,,,,L,,,O,OL,true,2002,,F
dataflow,IMF.STA:QNEA(7.0.0),R,THA,B1GQ,Q,SA,XDC,Q,2022-Q2,2669390000000,0,,,,,,,,,L,,,O,OL,true,2002,,F
dataflow,IMF.STA:QNEA(7.0.0),R,THA,B1GQ,Q,SA,XDC,Q,2022-Q3,2692950000000,0,,,,,,,,,L,,,O,OL,true,2002,,F
dataflow,IMF.STA:QNEA(7.0.0),R,THA,B1GQ,Q,SA,XDC,Q,2022-Q4,2680290000000,0,,,,,,,,,L,,,O,OL,true,2002,,F
dataflow,IMF.STA:QNEA(7.0.0),R,THA,B1GQ,Q,SA,XDC,Q,2023-Q1,2717000000000,0,,,,,,,,,L,,,O,OL,true,2002,,F
dataflow,IMF.STA:QNEA(7.0.0),R,THA,B1GQ,Q,SA,XDC,Q,2023-Q2,2725125000000,0,,,,,,,,,L,,,O,OL,true,2002,,F
dataflow,IMF.STA:QNEA(7.0.0),R,THA,B1GQ,Q,SA,XDC,Q,2023-Q3,2744165000000,0,,,,,,,,,L,,,O,OL,true,2002,,F
dataflow,IMF.STA:QNEA(7.0.0),R,THA,B1GQ,Q,SA,XDC,Q,2023-Q4,2742066000000,0,,,,,,,,,L,,,O,OL,true,2002,,F
dataflow,IMF.STA:QNEA(7.0.0),R,THA,B1GQ,Q,SA,XDC,Q,2024-Q1,2773629000000,0,,,,,,,,,L,,,O,OL,true,2002,,F
dataflow,IMF.STA:QNEA(7.0.0),R,THA,B1GQ,Q,SA,XDC,Q,2024-Q2,2798764000000,0,,,,,,,,,L,,,O,OL,true,2002,,F
dataflow,IMF.STA:QNEA(7.0.0),R,THA,B1GQ,Q,SA,XDC,Q,2024-Q3,2835407000000,0,,,,,,,,,L,,,O,OL,true,2002,,F
dataflow,IMF.STA:QNEA(7.0.0),R,THA,B1GQ,Q,SA,XDC,Q,2024-Q4,2847233000000,0,,,,,,,,,L,,,O,OL,true,2002,,F
dataflow,IMF.STA:QNEA(7.0.0),R,THA,B1GQ,Q,SA,XDC,Q,2025-Q1,2858028000000,0,,,,,,,,,L,,,O,OL,true,2002,,F
dataflow,IMF.STA:QNEA(7.0.0),R,THA,B1GQ,Q,SA,XDC,Q,2025-Q2,2878270000000,0,,,,,,,,,L,,,O,OL,true,2002,,F
dataflow,IMF.STA:QNEA(7.0.0),R,THA,B1GQ,Q,SA,XDC,Q,2025-Q3,2868360000000,0,,,,,,,,,L,,,O,OL,true,2002,,F
dataflow,IMF.STA:QNEA(7.0.0),R,THA,B1GQ,Q,SA,XDC,Q,2025-Q4,2921349000000,0,,,,,,,,,L,,,O,OL,true,2002,,F
dataflow,IMF.STA:QNEA(7.0.0),R,THA,B1GQ,Q,SA,XDC,Q,2026-Q1,2938332000000,0,,,,,,,,,L,,,O,OL,true,2002,,F
dataflow,IMF.STA:QNEA(7.0.0),R,THA,B1GQ,Q,SA,XDC,Q,2026-Q2,2932896000000,0,,,,,,,,,L,,,O,OL,true,2002,,F
dataflow,IMF.STA:QNEA(7.0.0),R,TUR,B1GQ,Q,SA,XDC,Q,1995-Q1,156645133994.12,0,,,,,,,,,L,,,O,OL,true,2010,,F
dataflow,IMF.STA:QNEA(7.0.0),R,TUR,B1GQ,Q,SA,XDC,Q,1995-Q2,159225051614.66,0,,,,,,,,,L,,,O,OL,true,2010,,F
dataflow,IMF.STA:QNEA(7.0.0),R,TUR,B1GQ,Q,SA,XDC,Q,1995-Q3,163479271944.23,0,,,,,,,,,L,,,O,OL,true,2010,,F
dataflow,IMF.STA:QNEA(7.0.0),R,TUR,B1GQ,Q,SA,XDC,Q,1995-Q4,165227767244.24,0,,,,,,,,,L,,,O,OL,true,2010,,F
dataflow,IMF.STA:QNEA(7.0.0),R,TUR,B1GQ,Q,SA,XDC,Q,1996-Q1,169459033371.69,0,,,,,,,,,L,,,O,OL,true,2010,,F
dataflow,IMF.STA:QNEA(7.0.0),R,TUR,B1GQ,Q,SA,XDC,Q,1996-Q2,171715897842.32,0,,,,,,,,,L,,,O,OL,true,2010,,F
dataflow,IMF.STA:QNEA(7.0.0),R,TUR,B1GQ,Q,SA,XDC,Q,1996-Q3,173727736856.17,0,,,,,,,,,L,,,O,OL,true,2010,,F
dataflow,IMF.STA:QNEA(7.0.0),R,TUR,B1GQ,Q,SA,XDC,Q,1996-Q4,176849631523.95,0,,,,,,,,,L,,,O,OL,true,2010,,F
dataflow,IMF.STA:QNEA(7.0.0),R,TUR,B1GQ,Q,SA,XDC,Q,1997-Q1,179281535638.14,0,,,,,,,,,L,,,O,OL,true,2010,,F
dataflow,IMF.STA:QNEA(7.0.0),R,TUR,B1GQ,Q,SA,XDC,Q,1997-Q2,184996720687.14,0,,,,,,,,,L,,,O,OL,true,2010,,F
dataflow,IMF.STA:QNEA(7.0.0),R,TUR,B1GQ,Q,SA,XDC,Q,1997-Q3,186511367966.52,0,,,,,,,,,L,,,O,OL,true,2010,,F
dataflow,IMF.STA:QNEA(7.0.0),R,TUR,B1GQ,Q,SA,XDC,Q,1997-Q4,191138923611.68,0,,,,,,,,,L,,,O,OL,true,2010,,F
dataflow,IMF.STA:QNEA(7.0.0),R,TUR,B1GQ,Q,SA,XDC,Q,1998-Q1,193536170246.25,0,,,,,,,,,L,,,O,OL,true,2010,,F
dataflow,IMF.STA:QNEA(7.0.0),R,TUR,B1GQ,Q,SA,XDC,Q,1998-Q2,190282189005.41,0,,,,,,,,,L,,,O,OL,true,2010,,F
dataflow,IMF.STA:QNEA(7.0.0),R,TUR,B1GQ,Q,SA,XDC,Q,1998-Q3,189789166016.78,0,,,,,,,,,L,,,O,OL,true,2010,,F
dataflow,IMF.STA:QNEA(7.0.0),R,TUR,B1GQ,Q,SA,XDC,Q,1998-Q4,184278409175.33,0,,,,,,,,,L,,,O,OL,true,2010,,F
dataflow,IMF.STA:QNEA(7.0.0),R,TUR,B1GQ,Q,SA,XDC,Q,1999-Q1,183904241996.31,0,,,,,,,,,L,,,O,OL,true,2010,,F
dataflow,IMF.STA:QNEA(7.0.0),R,TUR,B1GQ,Q,SA,XDC,Q,1999-Q2,182385816799.92,0,,,,,,,,,L,,,O,OL,true,2010,,F
dataflow,IMF.STA:QNEA(7.0.0),R,TUR,B1GQ,Q,SA,XDC,Q,1999-Q3,182812852030.97,0,,,,,,,,,L,,,O,OL,true,2010,,F
dataflow,IMF.STA:QNEA(7.0.0),R,TUR,B1GQ,Q,SA,XDC,Q,1999-Q4,185770866360.35,0,,,,,,,,,L,,,O,OL,true,2010,,F
dataflow,IMF.STA:QNEA(7.0.0),R,TUR,B1GQ,Q,SA,XDC,Q,2000-Q1,189971906755.87,0,,,,,,,,,L,,,O,OL,true,2010,,F
dataflow,IMF.STA:QNEA(7.0.0),R,TUR,B1GQ,Q,SA,XDC,Q,2000-Q2,195170271888.53,0,,,,,,,,,L,,,O,OL,true,2010,,F
dataflow,IMF.STA:QNEA(7.0.0),R,TUR,B1GQ,Q,SA,XDC,Q,2000-Q3,198639507346.61,0,,,,,,,,,L,,,O,OL,true,2010,,F
dataflow,IMF.STA:QNEA(7.0.0),R,TUR,B1GQ,Q,SA,XDC,Q,2000-Q4,201682108903.57,0,,,,,,,,,L,,,O,OL,true,2010,,F
dataflow,IMF.STA:QNEA(7.0.0),R,TUR,B1GQ,Q,SA,XDC,Q,2001-Q1,195679945563.03,0,,,,,,,,,L,,,O,OL,true,2010,,F
dataflow,IMF.STA:QNEA(7.0.0),R,TUR,B1GQ,Q,SA,XDC,Q,2001-Q2,182091978256.31,0,,,,,,,,,L,,,O,OL,true,2010,,F
dataflow,IMF.STA:QNEA(7.0.0),R,TUR,B1GQ,Q,SA,XDC,Q,2001-Q3,183782198946.36,0,,,,,,,,,L,,,O,OL,true,2010,,F
dataflow,IMF.STA:QNEA(7.0.0),R,TUR,B1GQ,Q,SA,XDC,Q,2001-Q4,180731903189.91,0,,,,,,,,,L,,,O,OL,true,2010,,F
dataflow,IMF.STA:QNEA(7.0.0),R,TUR,B1GQ,Q,SA,XDC,Q,2002-Q1,191660407024.2,0,,,,,,,,,L,,,O,OL,true,2010,,F
dataflow,IMF.STA:QNEA(7.0.0),R,TUR,B1GQ,Q,SA,XDC,Q,2002-Q2,196380556674.9,0,,,,,,,,,L,,,O,OL,true,2010,,F
dataflow,IMF.STA:QNEA(7.0.0),R,TUR,B1GQ,Q,SA,XDC,Q,2002-Q3,198844331620.19,0,,,,,,,,,L,,,O,OL,true,2010,,F
dataflow,IMF.STA:QNEA(7.0.0),R,TUR,B1GQ,Q,SA,XDC,Q,2002-Q4,202686429927.52,0,,,,,,,,,L,,,O,OL,true,2010,,F
dataflow,IMF.STA:QNEA(7.0.0),R,TUR,B1GQ,Q,SA,XDC,Q,2003-Q1,204633488842.74,0,,,,,,,,,L,,,O,OL,true,2010,,F
dataflow,IMF.STA:QNEA(7.0.0),R,TUR,B1GQ,Q,SA,XDC,Q,2003-Q2,204515602065.7,0,,,,,,,,,L,,,O,OL,true,2010,,F
dataflow,IMF.STA:QNEA(7.0.0),R,TUR,B1GQ,Q,SA,XDC,Q,2003-Q3,211409071338.44,0,,,,,,,,,L,,,O,OL,true,2010,,F
dataflow,IMF.STA:QNEA(7.0.0),R,TUR,B1GQ,Q,SA,XDC,Q,2003-Q4,216930172233.66,0,,,,,,,,,L,,,O,OL,true,2010,,F
dataflow,IMF.STA:QNEA(7.0.0),R,TUR,B1GQ,Q,SA,XDC,Q,2004-Q1,222039176508.61,0,,,,,,,,,L,,,O,OL,true,2010,,F
dataflow,IMF.STA:QNEA(7.0.0),R,TUR,B1GQ,Q,SA,XDC,Q,2004-Q2,228993075250.67,0,,,,,,,,,L,,,O,OL,true,2010,,F
dataflow,IMF.STA:QNEA(7.0.0),R,TUR,B1GQ,Q,SA,XDC,Q,2004-Q3,231644647377.17,0,,,,,,,,,L,,,O,OL,true,2010,,F
dataflow,IMF.STA:QNEA(7.0.0),R,TUR,B1GQ,Q,SA,XDC,Q,2004-Q4,235644083462.6,0,,,,,,,,,L,,,O,OL,true,2010,,F
dataflow,IMF.STA:QNEA(7.0.0),R,TUR,B1GQ,Q,SA,XDC,Q,2005-Q1,242917802925.61,0,,,,,,,,,L,,,O,OL,true,2010,,F
dataflow,IMF.STA:QNEA(7.0.0),R,TUR,B1GQ,Q,SA,XDC,Q,2005-Q2,244970676229.43,0,,,,,,,,,L,,,O,OL,true,2010,,F
dataflow,IMF.STA:QNEA(7.0.0),R,TUR,B1GQ,Q,SA,XDC,Q,2005-Q3,252919000826.17,0,,,,,,,,,L,,,O,OL,true,2010,,F
dataflow,IMF.STA:QNEA(7.0.0),R,TUR,B1GQ,Q,SA,XDC,Q,2005-Q4,260437634855.75,0,,,,,,,,,L,,,O,OL,true,2010,,F
dataflow,IMF.STA:QNEA(7.0.0),R,TUR,B1GQ,Q,SA,XDC,Q,2006-Q1,259853826529.53,0,,,,,,,,,L,,,O,OL,true,2010,,F
dataflow,IMF.STA:QNEA(7.0.0),R,TUR,B1GQ,Q,SA,XDC,Q,2006-Q2,270455215575.92,0,,,,,,,,,L,,,O,OL,true,2010,,F
dataflow,IMF.STA:QNEA(7.0.0),R,TUR,B1GQ,Q,SA,XDC,Q,2006-Q3,268652226258.68,0,,,,,,,,,L,,,O,OL,true,2010,,F
dataflow,IMF.STA:QNEA(7.0.0),R,TUR,B1GQ,Q,SA,XDC,Q,2006-Q4,274888331609.6,0,,,,,,,,,L,,,O,OL,true,2010,,F
dataflow,IMF.STA:QNEA(7.0.0),R,TUR,B1GQ,Q,SA,XDC,Q,2007-Q1,277955046783.03,0,,,,,,,,,L,,,O,OL,true,2010,,F
dataflow,IMF.STA:QNEA(7.0.0),R,TUR,B1GQ,Q,SA,XDC,Q,2007-Q2,277521632358.56,0,,,,,,,,,L,,,O,OL,true,2010,,F
dataflow,IMF.STA:QNEA(7.0.0),R,TUR,B1GQ,Q,SA,XDC,Q,2007-Q3,280405588472.85,0,,,,,,,,,L,,,O,OL,true,2010,,F
dataflow,IMF.STA:QNEA(7.0.0),R,TUR,B1GQ,Q,SA,XDC,Q,2007-Q4,292662429491.25,0,,,,,,,,,L,,,O,OL,true,2010,,F
dataflow,IMF.STA:QNEA(7.0.0),R,TUR,B1GQ,Q,SA,XDC,Q,2008-Q1,295937391867.55,0,,,,,,,,,L,,,O,OL,true,2010,,F
dataflow,IMF.STA:QNEA(7.0.0),R,TUR,B1GQ,Q,SA,XDC,Q,2008-Q2,285444301962.49,0,,,,,,,,,L,,,O,OL,true,2010,,F
dataflow,IMF.STA:QNEA(7.0.0),R,TUR,B1GQ,Q,SA,XDC,Q,2008-Q3,281550924123.9,0,,,,,,,,,L,,,O,OL,true,2010,,F
dataflow,IMF.STA:QNEA(7.0.0),R,TUR,B1GQ,Q,SA,XDC,Q,2008-Q4,276930510011.05,0,,,,,,,,,L,,,O,OL,true,2010,,F
dataflow,IMF.STA:QNEA(7.0.0),R,TUR,B1GQ,Q,SA,XDC,Q,2009-Q1,257899691687.46,0,,,,,,,,,L,,,O,OL,true,2010,,F
dataflow,IMF.STA:QNEA(7.0.0),R,TUR,B1GQ,Q,SA,XDC,Q,2009-Q2,269618649827.49,0,,,,,,,,,L,,,O,OL,true,2010,,F
dataflow,IMF.STA:QNEA(7.0.0),R,TUR,B1GQ,Q,SA,XDC,Q,2009-Q3,275440996896.02,0,,,,,,,,,L,,,O,OL,true,2010,,F
dataflow,IMF.STA:QNEA(7.0.0),R,TUR,B1GQ,Q,SA,XDC,Q,2009-Q4,279634089963.23,0,,,,,,,,,L,,,O,OL,true,2010,,F
dataflow,IMF.STA:QNEA(7.0.0),R,TUR,B1GQ,Q,SA,XDC,Q,2010-Q1,280779382278.94,0,,,,,,,,,L,,,O,OL,true,2010,,F
dataflow,IMF.STA:QNEA(7.0.0),R,TUR,B1GQ,Q,SA,XDC,Q,2010-Q2,289897341844.29,0,,,,,,,,,L,,,O,OL,true,2010,,F
dataflow,IMF.STA:QNEA(7.0.0),R,TUR,B1GQ,Q,SA,XDC,Q,2010-Q3,298168803014.41,0,,,,,,,,,L,,,O,OL,true,2010,,F
dataflow,IMF.STA:QNEA(7.0.0),R,TUR,B1GQ,Q,SA,XDC,Q,2010-Q4,307202441838.36,0,,,,,,,,,L,,,O,OL,true,2010,,F
dataflow,IMF.STA:QNEA(7.0.0),R,TUR,B1GQ,Q,SA,XDC,Q,2011-Q1,315332390947.8,0,,,,,,,,,L,,,O,OL,true,2010,,F
dataflow,IMF.STA:QNEA(7.0.0),R,TUR,B1GQ,Q,SA,XDC,Q,2011-Q2,321434478790.51,0,,,,,,,,,L,,,O,OL,true,2010,,F
dataflow,IMF.STA:QNEA(7.0.0),R,TUR,B1GQ,Q,SA,XDC,Q,2011-Q3,330258482989.47,0,,,,,,,,,L,,,O,OL,true,2010,,F
dataflow,IMF.STA:QNEA(7.0.0),R,TUR,B1GQ,Q,SA,XDC,Q,2011-Q4,335656647727.16,0,,,,,,,,,L,,,O,OL,true,2010,,F
dataflow,IMF.STA:QNEA(7.0.0),R,TUR,B1GQ,Q,SA,XDC,Q,2012-Q1,334083591674.48,0,,,,,,,,,L,,,O,OL,true,2010,,F
dataflow,IMF.STA:QNEA(7.0.0),R,TUR,B1GQ,Q,SA,XDC,Q,2012-Q2,337759725844.62,0,,,,,,,,,L,,,O,OL,true,2010,,F
dataflow,IMF.STA:QNEA(7.0.0),R,TUR,B1GQ,Q,SA,XDC,Q,2012-Q3,343758684332.97,0,,,,,,,,,L,,,O,OL,true,2010,,F
dataflow,IMF.STA:QNEA(7.0.0),R,TUR,B1GQ,Q,SA,XDC,Q,2012-Q4,349749279316.67,0,,,,,,,,,L,,,O,OL,true,2010,,F
dataflow,IMF.STA:QNEA(7.0.0),R,TUR,B1GQ,Q,SA,XDC,Q,2013-Q1,360816545473.48,0,,,,,,,,,L,,,O,OL,true,2010,,F
dataflow,IMF.STA:QNEA(7.0.0),R,TUR,B1GQ,Q,SA,XDC,Q,2013-Q2,371307791272.18,0,,,,,,,,,L,,,O,OL,true,2010,,F
dataflow,IMF.STA:QNEA(7.0.0),R,TUR,B1GQ,Q,SA,XDC,Q,2013-Q3,375251259370.42,0,,,,,,,,,L,,,O,OL,true,2010,,F
dataflow,IMF.STA:QNEA(7.0.0),R,TUR,B1GQ,Q,SA,XDC,Q,2013-Q4,376521989560.95,0,,,,,,,,,L,,,O,OL,true,2010,,F
dataflow,IMF.STA:QNEA(7.0.0),R,TUR,B1GQ,Q,SA,XDC,Q,2014-Q1,386022817206.1,0,,,,,,,,,L,,,O,OL,true,2010,,F
dataflow,IMF.STA:QNEA(7.0.0),R,TUR,B1GQ,Q,SA,XDC,Q,2014-Q2,382733340566.79,0,,,,,,,,,L,,,O,OL,true,2010,,F
dataflow,IMF.STA:QNEA(7.0.0),R,TUR,B1GQ,Q,SA,XDC,Q,2014-Q3,389418422709.53,0,,,,,,,,,L,,,O,OL,true,2010,,F
dataflow,IMF.STA:QNEA(7.0.0),R,TUR,B1GQ,Q,SA,XDC,Q,2014-Q4,393245948349.94,0,,,,,,,,,L,,,O,OL,true,2010,,F
dataflow,IMF.STA:QNEA(7.0.0),R,TUR,B1GQ,Q,SA,XDC,Q,2015-Q1,399751115424.2,0,,,,,,,,,L,,,O,OL,true,2010,,F
dataflow,IMF.STA:QNEA(7.0.0),R,TUR,B1GQ,Q,SA,XDC,Q,2015-Q2,408913452388.23,0,,,,,,,,,L,,,O,OL,true,2010,,F
dataflow,IMF.STA:QNEA(7.0.0),R,TUR,B1GQ,Q,SA,XDC,Q,2015-Q3,412442559923.97,0,,,,,,,,,L,,,O,OL,true,2010,,F
dataflow,IMF.STA:QNEA(7.0.0),R,TUR,B1GQ,Q,SA,XDC,Q,2015-Q4,419524755377.9,0,,,,,,,,,L,,,O,OL,true,2010,,F
dataflow,IMF.STA:QNEA(7.0.0),R,TUR,B1GQ,Q,SA,XDC,Q,2016-Q1,418574042581.57,0,,,,,,,,,L,,,O,OL,true,2010,,F
dataflow,IMF.STA:QNEA(7.0.0),R,TUR,B1GQ,Q,SA,XDC,Q,2016-Q2,425032200111.89,0,,,,,,,,,L,,,O,OL,true,2010,,F
dataflow,IMF.STA:QNEA(7.0.0),R,TUR,B1GQ,Q,SA,XDC,Q,2016-Q3,413390688571.87,0,,,,,,,,,L,,,O,OL,true,2010,,F
dataflow,IMF.STA:QNEA(7.0.0),R,TUR,B1GQ,Q,SA,XDC,Q,2016-Q4,437162383340.43,0,,,,,,,,,L,,,O,OL,true,2010,,F
dataflow,IMF.STA:QNEA(7.0.0),R,TUR,B1GQ,Q,SA,XDC,Q,2017-Q1,440597647135.7,0,,,,,,,,,L,,,O,OL,true,2010,,F
dataflow,IMF.STA:QNEA(7.0.0),R,TUR,B1GQ,Q,SA,XDC,Q,2017-Q2,451321375403.53,0,,,,,,,,,L,,,O,OL,true,2010,,F
dataflow,IMF.STA:QNEA(7.0.0),R,TUR,B1GQ,Q,SA,XDC,Q,2017-Q3,462992951898.89,0,,,,,,,,,L,,,O,OL,true,2010,,F
dataflow,IMF.STA:QNEA(7.0.0),R,TUR,B1GQ,Q,SA,XDC,Q,2017-Q4,470462393808.52,0,,,,,,,,,L,,,O,OL,true,2010,,F
dataflow,IMF.STA:QNEA(7.0.0),R,TUR,B1GQ,Q,SA,XDC,Q,2018-Q1,477342341582.18,0,,,,,,,,,L,,,O,OL,true,2010,,F
dataflow,IMF.STA:QNEA(7.0.0),R,TUR,B1GQ,Q,SA,XDC,Q,2018-Q2,478205871638.31,0,,,,,,,,,L,,,O,OL,true,2010,,F
dataflow,IMF.STA:QNEA(7.0.0),R,TUR,B1GQ,Q,SA,XDC,Q,2018-Q3,474857326313.98,0,,,,,,,,,L,,,O,OL,true,2010,,F
dataflow,IMF.STA:QNEA(7.0.0),R,TUR,B1GQ,Q,SA,XDC,Q,2018-Q4,460392219484.61,0,,,,,,,,,L,,,O,OL,true,2010,,F
dataflow,IMF.STA:QNEA(7.0.0),R,TUR,B1GQ,Q,SA,XDC,Q,2019-Q1,469765288837.92,0,,,,,,,,,L,,,O,OL,true,2010,,F
dataflow,IMF.STA:QNEA(7.0.0),R,TUR,B1GQ,Q,SA,XDC,Q,2019-Q2,480036397349.62,0,,,,,,,,,L,,,O,OL,true,2010,,F
dataflow,IMF.STA:QNEA(7.0.0),R,TUR,B1GQ,Q,SA,XDC,Q,2019-Q3,480154869616.33,0,,,,,,,,,L,,,O,OL,true,2010,,F
dataflow,IMF.STA:QNEA(7.0.0),R,TUR,B1GQ,Q,SA,XDC,Q,2019-Q4,487657727183.59,0,,,,,,,,,L,,,O,OL,true,2010,,F
dataflow,IMF.STA:QNEA(7.0.0),R,TUR,B1GQ,Q,SA,XDC,Q,2020-Q1,489378488747.62,0,,,,,,,,,L,,,O,OL,true,2010,,F
dataflow,IMF.STA:QNEA(7.0.0),R,TUR,B1GQ,Q,SA,XDC,Q,2020-Q2,438578169821.43,0,,,,,,,,,L,,,O,OL,true,2010,,F
dataflow,IMF.STA:QNEA(7.0.0),R,TUR,B1GQ,Q,SA,XDC,Q,2020-Q3,507325703082.92,0,,,,,,,,,L,,,O,OL,true,2010,,F
dataflow,IMF.STA:QNEA(7.0.0),R,TUR,B1GQ,Q,SA,XDC,Q,2020-Q4,513761922620.14,0,,,,,,,,,L,,,O,OL,true,2010,,F
dataflow,IMF.STA:QNEA(7.0.0),R,TUR,B1GQ,Q,SA,XDC,Q,2021-Q1,527533848918.94,0,,,,,,,,,L,,,O,OL,true,2010,,F
dataflow,IMF.STA:QNEA(7.0.0),R,TUR,B1GQ,Q,SA,XDC,Q,2021-Q2,535987621156.67,0,,,,,,,,,L,,,O,OL,true,2010,,F
dataflow,IMF.STA:QNEA(7.0.0),R,TUR,B1GQ,Q,SA,XDC,Q,2021-Q3,554800911873.98,0,,,,,,,,,L,,,O,OL,true,2010,,F
dataflow,IMF.STA:QNEA(7.0.0),R,TUR,B1GQ,Q,SA,XDC,Q,2021-Q4,564979858852.35,0,,,,,,,,,L,,,O,OL,true,2010,,F
dataflow,IMF.STA:QNEA(7.0.0),R,TUR,B1GQ,Q,SA,XDC,Q,2022-Q1,563316787627.4,0,,,,,,,,,L,,,O,OL,true,2010,,F
dataflow,IMF.STA:QNEA(7.0.0),R,TUR,B1GQ,Q,SA,XDC,Q,2022-Q2,572781914336.17,0,,,,,,,,,L,,,O,OL,true,2010,,F
dataflow,IMF.STA:QNEA(7.0.0),R,TUR,B1GQ,Q,SA,XDC,Q,2022-Q3,577948968952.94,0,,,,,,,,,L,,,O,OL,true,2010,,F
dataflow,IMF.STA:QNEA(7.0.0),R,TUR,B1GQ,Q,SA,XDC,Q,2022-Q4,583565514266.15,0,,,,,,,,,L,,,O,OL,true,2010,,F
dataflow,IMF.STA:QNEA(7.0.0),R,TUR,B1GQ,Q,SA,XDC,Q,2023-Q1,579018072642.3,0,,,,,,,,,L,,,O,OL,true,2010,,F
dataflow,IMF.STA:QNEA(7.0.0),R,TUR,B1GQ,Q,SA,XDC,Q,2023-Q2,606512359118.95,0,,,,,,,,,L,,,O,OL,true,2010,,F
dataflow,IMF.STA:QNEA(7.0.0),R,TUR,B1GQ,Q,SA,XDC,Q,2023-Q3,611237570067.63,0,,,,,,,,,L,,,O,OL,true,2010,,F
dataflow,IMF.STA:QNEA(7.0.0),R,TUR,B1GQ,Q,SA,XDC,Q,2023-Q4,615333928893.78,0,,,,,,,,,L,,,O,OL,true,2010,,F
dataflow,IMF.STA:QNEA(7.0.0),R,TUR,B1GQ,Q,SA,XDC,Q,2024-Q1,620567124632.73,0,,,,,,,,,L,,,O,OL,true,2010,,F
dataflow,IMF.STA:QNEA(7.0.0),R,TUR,B1GQ,Q,SA,XDC,Q,2024-Q2,619799305164.61,0,,,,,,,,,L,,,O,OL,true,2010,,F
dataflow,IMF.STA:QNEA(7.0.0),R,TUR,B1GQ,Q,SA,XDC,Q,2024-Q3,623709150049.54,0,,,,,,,,,L,,,O,OL,true,2010,,F
dataflow,IMF.STA:QNEA(7.0.0),R,TUR,B1GQ,Q,SA,XDC,Q,2024-Q4,631909722529.43,0,,,,,,,,,L,,,O,OL,true,2010,,F
dataflow,IMF.STA:QNEA(7.0.0),R,TUR,B1GQ,Q,SA,XDC,Q,2025-Q1,636569601546.55,0,,,,,,,,,L,,,O,OL,true,2010,,F
dataflow,IMF.STA:QNEA(7.0.0),R,TUR,B1GQ,Q,SA,XDC,Q,2025-Q2,644798006424.31,0,,,,,,,,,L,,,O,OL,true,2010,,F
dataflow,IMF.STA:QNEA(7.0.0),R,TUR,B1GQ,Q,SA,XDC,Q,2025-Q3,651240653953.94,0,,,,,,,,,L,,,O,OL,true,2010,,F
dataflow,IMF.STA:QNEA(7.0.0),R,TUR,B1GQ,Q,SA,XDC,Q,2025-Q4,653741001666.49,0,,,,,,,,,L,,,O,OL,true,2010,,F
dataflow,IMF.STA:QNEA(7.0.0),R,TUR,B1GQ,Q,SA,XDC,Q,2026-Q1,654599392795.95,0,,,,,,,,,L,,,O,OL,true,2010,,F
dataflow,IMF.STA:QNEA(7.0.0),R,UGA,B1GQ,Q,SA,XDC,Q,2016-Q3,25517200573705,,,,,,,,,,FB,,,O,OL,true,2016,,F
dataflow,IMF.STA:QNEA(7.0.0),R,UGA,B1GQ,Q,SA,XDC,Q,2016-Q4,27823406847858.2,,,,,,,,,,FB,,,O,OL,true,2016,,F
dataflow,IMF.STA:QNEA(7.0.0),R,UGA,B1GQ,Q,SA,XDC,Q,2017-Q1,28019564893880.3,,,,,,,,,,FB,,,O,OL,true,2016,,F
dataflow,IMF.STA:QNEA(7.0.0),R,UGA,B1GQ,Q,SA,XDC,Q,2017-Q2,27095956468602.7,,,,,,,,,,FB,,,O,OL,true,2016,,F
dataflow,IMF.STA:QNEA(7.0.0),R,UGA,B1GQ,Q,SA,XDC,Q,2017-Q3,30337414478611.9,,,,,,,,,,FB,,,O,OL,true,2016,,F
dataflow,IMF.STA:QNEA(7.0.0),R,UGA,B1GQ,Q,SA,XDC,Q,2017-Q4,29649710170224,,,,,,,,,,FB,,,O,OL,true,2016,,F
dataflow,IMF.STA:QNEA(7.0.0),R,UGA,B1GQ,Q,SA,XDC,Q,2018-Q1,27495042116923.9,,,,,,,,,,FB,,,O,OL,true,2016,,F
dataflow,IMF.STA:QNEA(7.0.0),R,UGA,B1GQ,Q,SA,XDC,Q,2018-Q2,31863511602723.4,,,,,,,,,,FB,,,O,OL,true,2016,,F
dataflow,IMF.STA:QNEA(7.0.0),R,UGA,B1GQ,Q,SA,XDC,Q,2018-Q3,29915577624653.2,,,,,,,,,,FB,,,O,OL,true,2016,,F
dataflow,IMF.STA:QNEA(7.0.0),R,UGA,B1GQ,Q,SA,XDC,Q,2018-Q4,30624507974775.8,,,,,,,,,,FB,,,O,OL,true,2016,,F
dataflow,IMF.STA:QNEA(7.0.0),R,UGA,B1GQ,Q,SA,XDC,Q,2019-Q1,33787943818314.7,,,,,,,,,,FB,,,O,OL,true,2016,,F
dataflow,IMF.STA:QNEA(7.0.0),R,UGA,B1GQ,Q,SA,XDC,Q,2019-Q2,33641466899597.4,,,,,,,,,,FB,,,O,OL,true,2016,,F
dataflow,IMF.STA:QNEA(7.0.0),R,UGA,B1GQ,Q,SA,XDC,Q,2019-Q3,33908157355431.1,,,,,,,,,,FB,,,O,OL,true,2016,,F
dataflow,IMF.STA:QNEA(7.0.0),R,UGA,B1GQ,Q,SA,XDC,Q,2019-Q4,34616006408482.5,,,,,,,,,,FB,,,O,OL,true,2016,,F
dataflow,IMF.STA:QNEA(7.0.0),R,UGA,B1GQ,Q,SA,XDC,Q,2020-Q1,32896481466419.9,,,,,,,,,,FB,,,O,OL,true,2016,,F
dataflow,IMF.STA:QNEA(7.0.0),R,UGA,B1GQ,Q,SA,XDC,Q,2020-Q2,29570368397935,,,,,,,,,,FB,,,O,OL,true,2016,,F
dataflow,IMF.STA:QNEA(7.0.0),R,UGA,B1GQ,Q,SA,XDC,Q,2020-Q3,32086509023216.5,,,,,,,,,,FB,,,O,OL,true,2016,,F
dataflow,IMF.STA:QNEA(7.0.0),R,UGA,B1GQ,Q,SA,XDC,Q,2020-Q4,33639677876792.1,,,,,,,,,,FB,,,O,OL,true,2016,,F
dataflow,IMF.STA:QNEA(7.0.0),R,UGA,B1GQ,Q,SA,XDC,Q,2021-Q1,34697208354256.1,,,,,,,,,,FB,,,O,OL,true,2016,,F
dataflow,IMF.STA:QNEA(7.0.0),R,UGA,B1GQ,Q,SA,XDC,Q,2021-Q2,33557143208841.3,,,,,,,,,,FB,,,O,OL,true,2016,,F
dataflow,IMF.STA:QNEA(7.0.0),R,UGA,B1GQ,Q,SA,XDC,Q,2021-Q3,33362655351319.6,,,,,,,,,,FB,,,O,OL,true,2016,,F
dataflow,IMF.STA:QNEA(7.0.0),R,UGA,B1GQ,Q,SA,XDC,Q,2021-Q4,34238275641381.7,,,,,,,,,,FB,,,O,OL,true,2016,,F
dataflow,IMF.STA:QNEA(7.0.0),R,UGA,B1GQ,Q,SA,XDC,Q,2022-Q1,34950907542343.6,,,,,,,,,,FB,,,O,OL,true,2016,,F
dataflow,IMF.STA:QNEA(7.0.0),R,UGA,B1GQ,Q,SA,XDC,Q,2022-Q2,35117582025305.8,,,,,,,,,,FB,,,O,OL,true,2016,,F
dataflow,IMF.STA:QNEA(7.0.0),R,UGA,B1GQ,Q,SA,XDC,Q,2022-Q3,35571217197180.7,,,,,,,,,,FB,,,O,OL,true,2016,,F
dataflow,IMF.STA:QNEA(7.0.0),R,UGA,B1GQ,Q,SA,XDC,Q,2022-Q4,35748020438552,,,,,,,,,,FB,,,O,OL,true,2016,,F
dataflow,IMF.STA:QNEA(7.0.0),R,UGA,B1GQ,Q,SA,XDC,Q,2023-Q1,35729195153008.4,,,,,,,,,,FB,,,O,OL,true,2016,,F
dataflow,IMF.STA:QNEA(7.0.0),R,UGA,B1GQ,Q,SA,XDC,Q,2023-Q2,36908371198471.7,,,,,,,,,,FB,,,O,OL,true,2016,,F
dataflow,IMF.STA:QNEA(7.0.0),R,UGA,B1GQ,Q,SA,XDC,Q,2023-Q3,37564531361117.4,,,,,,,,,,FB,,,O,OL,true,2016,,F
dataflow,IMF.STA:QNEA(7.0.0),R,UGA,B1GQ,Q,SA,XDC,Q,2023-Q4,37865622130289.8,,,,,,,,,,FB,,,O,OL,true,2016,,F
dataflow,IMF.STA:QNEA(7.0.0),R,UGA,B1GQ,Q,SA,XDC,Q,2024-Q1,38327538873403.9,,,,,,,,,,FB,,,O,OL,true,2016,,F
dataflow,IMF.STA:QNEA(7.0.0),R,UGA,B1GQ,Q,SA,XDC,Q,2024-Q2,39258814896248.2,,,,,,,,,,FB,,,O,OL,true,2016,,F
dataflow,IMF.STA:QNEA(7.0.0),R,UGA,B1GQ,Q,SA,XDC,Q,2024-Q3,40025781062350.3,,,,,,,,,,FB,,,O,OL,true,2016,,F
dataflow,IMF.STA:QNEA(7.0.0),R,UKR,B1GQ,Q,SA,XDC,Q,2010-Q1,1344866000000,0,,,,,,,,,L,,,O,OL,true,2021,,F
dataflow,IMF.STA:QNEA(7.0.0),R,UKR,B1GQ,Q,SA,XDC,Q,2010-Q2,1365246000000,0,,,,,,,,,L,,,O,OL,true,2021,,F
dataflow,IMF.STA:QNEA(7.0.0),R,UKR,B1GQ,Q,SA,XDC,Q,2010-Q3,1377055000000,0,,,,,,,,,L,,,O,OL,true,2021,,F
dataflow,IMF.STA:QNEA(7.0.0),R,UKR,B1GQ,Q,SA,XDC,Q,2010-Q4,1398852000000,0,,,,,,,,,L,,,O,OL,true,2021,,F
dataflow,IMF.STA:QNEA(7.0.0),R,UKR,B1GQ,Q,SA,XDC,Q,2011-Q1,1424640000000,0,,,,,,,,,L,,,O,OL,true,2021,,F
dataflow,IMF.STA:QNEA(7.0.0),R,UKR,B1GQ,Q,SA,XDC,Q,2011-Q2,1431222000000,0,,,,,,,,,L,,,O,OL,true,2021,,F
dataflow,IMF.STA:QNEA(7.0.0),R,UKR,B1GQ,Q,SA,XDC,Q,2011-Q3,1461261000000,0,,,,,,,,,L,,,O,OL,true,2021,,F
dataflow,IMF.STA:QNEA(7.0.0),R,UKR,B1GQ,Q,SA,XDC,Q,2011-Q4,1468736000000,0,,,,,,,,,L,,,O,OL,true,2021,,F
dataflow,IMF.STA:QNEA(7.0.0),R,UKR,B1GQ,Q,SA,XDC,Q,2012-Q1,1454288000000,0,,,,,,,,,L,,,O,OL,true,2021,,F
dataflow,IMF.STA:QNEA(7.0.0),R,UKR,B1GQ,Q,SA,XDC,Q,2012-Q2,1460083000000,0,,,,,,,,,L,,,O,OL,true,2021,,F
dataflow,IMF.STA:QNEA(7.0.0),R,UKR,B1GQ,Q,SA,XDC,Q,2012-Q3,1443754000000,0,,,,,,,,,L,,,O,OL,true,2021,,F
dataflow,IMF.STA:QNEA(7.0.0),R,UKR,B1GQ,Q,SA,XDC,Q,2012-Q4,1441544000000,0,,,,,,,,,L,,,O,OL,true,2021,,F
dataflow,IMF.STA:QNEA(7.0.0),R,UKR,B1GQ,Q,SA,XDC,Q,2013-Q1,1445118000000,0,,,,,,,,,L,,,O,OL,true,2021,,F
dataflow,IMF.STA:QNEA(7.0.0),R,UKR,B1GQ,Q,SA,XDC,Q,2013-Q2,1436053000000,0,,,,,,,,,L,,,O,OL,true,2021,,F
dataflow,IMF.STA:QNEA(7.0.0),R,UKR,B1GQ,Q,SA,XDC,Q,2013-Q3,1418491000000,0,,,,,,,,,L,,,O,OL,true,2021,,F
dataflow,IMF.STA:QNEA(7.0.0),R,UKR,B1GQ,Q,SA,XDC,Q,2013-Q4,1498456000000,0,,,,,,,,,L,,,O,OL,true,2021,,F
dataflow,IMF.STA:QNEA(7.0.0),R,UKR,B1GQ,Q,SA,XDC,Q,2014-Q1,1441530000000,0,,,,,,,,,L,,,O,OL,true,2021,,F
dataflow,IMF.STA:QNEA(7.0.0),R,UKR,B1GQ,Q,SA,XDC,Q,2014-Q2,1383198000000,0,,,,,,,,,L,,,O,OL,true,2021,,F
dataflow,IMF.STA:QNEA(7.0.0),R,UKR,B1GQ,Q,SA,XDC,Q,2014-Q3,1321021000000,0,,,,,,,,,L,,,O,OL,true,2021,,F
dataflow,IMF.STA:QNEA(7.0.0),R,UKR,B1GQ,Q,SA,XDC,Q,2014-Q4,1272443000000,0,,,,,,,,,L,,,O,OL,true,2021,,F
dataflow,IMF.STA:QNEA(7.0.0),R,UKR,B1GQ,Q,SA,XDC,Q,2015-Q1,1234897000000,0,,,,,,,,,L,,,O,OL,true,2021,,F
dataflow,IMF.STA:QNEA(7.0.0),R,UKR,B1GQ,Q,SA,XDC,Q,2015-Q2,1213435000000,0,,,,,,,,,L,,,O,OL,true,2021,,F
dataflow,IMF.STA:QNEA(7.0.0),R,UKR,B1GQ,Q,SA,XDC,Q,2015-Q3,1220738000000,0,,,,,,,,,L,,,O,OL,true,2021,,F
dataflow,IMF.STA:QNEA(7.0.0),R,UKR,B1GQ,Q,SA,XDC,Q,2015-Q4,1219602000000,0,,,,,,,,,L,,,O,OL,true,2021,,F
dataflow,IMF.STA:QNEA(7.0.0),R,UKR,B1GQ,Q,SA,XDC,Q,2016-Q1,1237529000000,0,,,,,,,,,L,,,O,OL,true,2021,,F
dataflow,IMF.STA:QNEA(7.0.0),R,UKR,B1GQ,Q,SA,XDC,Q,2016-Q2,1245866000000,0,,,,,,,,,L,,,O,OL,true,2021,,F
dataflow,IMF.STA:QNEA(7.0.0),R,UKR,B1GQ,Q,SA,XDC,Q,2016-Q3,1254241000000,0,,,,,,,,,L,,,O,OL,true,2021,,F
dataflow,IMF.STA:QNEA(7.0.0),R,UKR,B1GQ,Q,SA,XDC,Q,2016-Q4,1270368000000,0,,,,,,,,,L,,,O,OL,true,2021,,F
dataflow,IMF.STA:QNEA(7.0.0),R,UKR,B1GQ,Q,SA,XDC,Q,2017-Q1,1266140000000,0,,,,,,,,,L,,,O,OL,true,2021,,F
dataflow,IMF.STA:QNEA(7.0.0),R,UKR,B1GQ,Q,SA,XDC,Q,2017-Q2,1276242000000,0,,,,,,,,,L,,,O,OL,true,2021,,F
dataflow,IMF.STA:QNEA(7.0.0),R,UKR,B1GQ,Q,SA,XDC,Q,2017-Q3,1288967000000,0,,,,,,,,,L,,,O,OL,true,2021,,F
dataflow,IMF.STA:QNEA(7.0.0),R,UKR,B1GQ,Q,SA,XDC,Q,2017-Q4,1294842000000,0,,,,,,,,,L,,,O,OL,true,2021,,F
dataflow,IMF.STA:QNEA(7.0.0),R,UKR,B1GQ,Q,SA,XDC,Q,2018-Q1,1310501000000,0,,,,,,,,,L,,,O,OL,true,2021,,F
dataflow,IMF.STA:QNEA(7.0.0),R,UKR,B1GQ,Q,SA,XDC,Q,2018-Q2,1318349000000,0,,,,,,,,,L,,,O,OL,true,2021,,F
dataflow,IMF.STA:QNEA(7.0.0),R,UKR,B1GQ,Q,SA,XDC,Q,2018-Q3,1329288000000,0,,,,,,,,,L,,,O,OL,true,2021,,F
dataflow,IMF.STA:QNEA(7.0.0),R,UKR,B1GQ,Q,SA,XDC,Q,2018-Q4,1346873000000,0,,,,,,,,,L,,,O,OL,true,2021,,F
dataflow,IMF.STA:QNEA(7.0.0),R,UKR,B1GQ,Q,SA,XDC,Q,2019-Q1,1362078000000,0,,,,,,,,,L,,,O,OL,true,2021,,F
dataflow,IMF.STA:QNEA(7.0.0),R,UKR,B1GQ,Q,SA,XDC,Q,2019-Q2,1378408000000,0,,,,,,,,,L,,,O,OL,true,2021,,F
dataflow,IMF.STA:QNEA(7.0.0),R,UKR,B1GQ,Q,SA,XDC,Q,2019-Q3,1375052000000,0,,,,,,,,,L,,,O,OL,true,2021,,F
dataflow,IMF.STA:QNEA(7.0.0),R,UKR,B1GQ,Q,SA,XDC,Q,2019-Q4,1359207000000,0,,,,,,,,,L,,,O,OL,true,2021,,F
dataflow,IMF.STA:QNEA(7.0.0),R,UKR,B1GQ,Q,SA,XDC,Q,2020-Q1,1357563000000,0,,,,,,,,,L,,,O,OL,true,2021,,F
dataflow,IMF.STA:QNEA(7.0.0),R,UKR,B1GQ,Q,SA,XDC,Q,2020-Q2,1245939000000,0,,,,,,,,,L,,,O,OL,true,2021,,F
dataflow,IMF.STA:QNEA(7.0.0),R,UKR,B1GQ,Q,SA,XDC,Q,2020-Q3,1330577000000,0,,,,,,,,,L,,,O,OL,true,2021,,F
dataflow,IMF.STA:QNEA(7.0.0),R,UKR,B1GQ,Q,SA,XDC,Q,2020-Q4,1335210000000,0,,,,,,,,,L,,,O,OL,true,2021,,F
dataflow,IMF.STA:QNEA(7.0.0),R,UKR,B1GQ,Q,SA,XDC,Q,2021-Q1,1330109000000,0,,,,,,,,,L,,,O,OL,true,2021,,F
dataflow,IMF.STA:QNEA(7.0.0),R,UKR,B1GQ,Q,SA,XDC,Q,2021-Q2,1349300000000,0,,,,,,,,,L,,,O,OL,true,2021,,F
dataflow,IMF.STA:QNEA(7.0.0),R,UKR,B1GQ,Q,SA,XDC,Q,2021-Q3,1365865000000,0,,,,,,,,,L,,,O,OL,true,2021,,F
dataflow,IMF.STA:QNEA(7.0.0),R,UKR,B1GQ,Q,SA,XDC,Q,2021-Q4,1405575000000,0,,,,,,,,,L,,,O,OL,true,2021,,F
dataflow,IMF.STA:QNEA(7.0.0),R,UKR,B1GQ,Q,SA,XDC,Q,2022-Q1,1126554000000,0,,,,,,,,,L,,,O,OL,true,2021,,F
dataflow,IMF.STA:QNEA(7.0.0),R,UKR,B1GQ,Q,SA,XDC,Q,2022-Q2,856384000000,0,,,,,,,,,L,,,O,OL,true,2021,,F
dataflow,IMF.STA:QNEA(7.0.0),R,UKR,B1GQ,Q,SA,XDC,Q,2022-Q3,928896000000,0,,,,,,,,,L,,,O,OL,true,2021,,F
dataflow,IMF.STA:QNEA(7.0.0),R,UKR,B1GQ,Q,SA,XDC,Q,2022-Q4,971428000000,0,,,,,,,,,L,,,O,OL,true,2021,,F
dataflow,IMF.STA:QNEA(7.0.0),R,UKR,B1GQ,Q,SA,XDC,Q,2023-Q1,999556000000,0,,,,,,,,,L,,,O,OL,true,2021,,F
dataflow,IMF.STA:QNEA(7.0.0),R,UKR,B1GQ,Q,SA,XDC,Q,2023-Q2,1022619000000,0,,,,,,,,,L,,,O,OL,true,2021,,F
dataflow,IMF.STA:QNEA(7.0.0),R,UKR,B1GQ,Q,SA,XDC,Q,2023-Q3,1032946000000,0,,,,,,,,,L,,,O,OL,true,2021,,F
dataflow,IMF.STA:QNEA(7.0.0),R,UKR,B1GQ,Q,SA,XDC,Q,2023-Q4,1043069000000,0,,,,,,,,,L,,,O,OL,true,2021,,F
dataflow,IMF.STA:QNEA(7.0.0),R,UKR,B1GQ,Q,SA,XDC,Q,2024-Q1,1057208000000,0,,,,,,,,,L,,,O,OL,true,2021,,F
dataflow,IMF.STA:QNEA(7.0.0),R,UKR,B1GQ,Q,SA,XDC,Q,2024-Q2,1058175000000,0,,,,,,,,,L,,,O,OL,true,2021,,F
dataflow,IMF.STA:QNEA(7.0.0),R,UKR,B1GQ,Q,SA,XDC,Q,2024-Q3,1058980000000,0,,,,,,,,,L,,,O,OL,true,2021,,F
dataflow,IMF.STA:QNEA(7.0.0),R,UKR,B1GQ,Q,SA,XDC,Q,2024-Q4,1056941000000,0,,,,,,,,,L,,,O,OL,true,2021,,F
dataflow,IMF.STA:QNEA(7.0.0),R,UKR,B1GQ,Q,SA,XDC,Q,2025-Q1,1073629000000,0,,,,,,,,,L,,,O,OL,true,2021,,F
dataflow,IMF.STA:QNEA(7.0.0),R,UKR,B1GQ,Q,SA,XDC,Q,2025-Q2,1075574000000,0,,,,,,,,,L,,,O,OL,true,2021,,F
dataflow,IMF.STA:QNEA(7.0.0),R,UKR,B1GQ,Q,SA,XDC,Q,2025-Q3,1079175000000,0,,,,,,,,,L,,,O,OL,true,2021,,F
dataflow,IMF.STA:QNEA(7.0.0),R,UKR,B1GQ,Q,SA,XDC,Q,2025-Q4,1080000000000,0,,,,,,,,,L,,,O,OL,true,2021,,F
dataflow,IMF.STA:QNEA(7.0.0),R,UKR,B1GQ,Q,SA,XDC,Q,2026-Q1,1072070000000,0,,,,,,,,,L,,,O,OL,true,2021,,F
dataflow,IMF.STA:QNEA(7.0.0),R,USA,B1GQ,Q,SA,XDC,Q,1950-Q1,586526000000,0,,,,,,,,,L,,,O,OL,true,2017,,F
dataflow,IMF.STA:QNEA(7.0.0),R,USA,B1GQ,Q,SA,XDC,Q,1950-Q2,604420500000,0,,,,,,,,,L,,,O,OL,true,2017,,F
dataflow,IMF.STA:QNEA(7.0.0),R,USA,B1GQ,Q,SA,XDC,Q,1950-Q3,627781800000,0,,,,,,,,,L,,,O,OL,true,2017,,F
dataflow,IMF.STA:QNEA(7.0.0),R,USA,B1GQ,Q,SA,XDC,Q,1950-Q4,639803500000,0,,,,,,,,,L,,,O,OL,true,2017,,F
dataflow,IMF.STA:QNEA(7.0.0),R,USA,B1GQ,Q,SA,XDC,Q,1951-Q1,648491800000,0,,,,,,,,,L,,,O,OL,true,2017,,F
dataflow,IMF.STA:QNEA(7.0.0),R,USA,B1GQ,Q,SA,XDC,Q,1951-Q2,659724500000,0,,,,,,,,,L,,,O,OL,true,2017,,F
dataflow,IMF.STA:QNEA(7.0.0),R,USA,B1GQ,Q,SA,XDC,Q,1951-Q3,673314800000,0,,,,,,,,,L,,,O,OL,true,2017,,F
dataflow,IMF.STA:QNEA(7.0.0),R,USA,B1GQ,Q,SA,XDC,Q,1951-Q4,674789000000,0,,,,,,,,,L,,,O,OL,true,2017,,F
dataflow,IMF.STA:QNEA(7.0.0),R,USA,B1GQ,Q,SA,XDC,Q,1952-Q1,681988500000,0,,,,,,,,,L,,,O,OL,true,2017,,F
dataflow,IMF.STA:QNEA(7.0.0),R,USA,B1GQ,Q,SA,XDC,Q,1952-Q2,683450000000,0,,,,,,,,,L,,,O,OL,true,2017,,F
dataflow,IMF.STA:QNEA(7.0.0),R,USA,B1GQ,Q,SA,XDC,Q,1952-Q3,688379300000,0,,,,,,,,,L,,,O,OL,true,2017,,F
dataflow,IMF.STA:QNEA(7.0.0),R,USA,B1GQ,Q,SA,XDC,Q,1952-Q4,710985300000,0,,,,,,,,,L,,,O,OL,true,2017,,F
dataflow,IMF.STA:QNEA(7.0.0),R,USA,B1GQ,Q,SA,XDC,Q,1953-Q1,724202800000,0,,,,,,,,,L,,,O,OL,true,2017,,F
dataflow,IMF.STA:QNEA(7.0.0),R,USA,B1GQ,Q,SA,XDC,Q,1953-Q2,729801500000,0,,,,,,,,,L,,,O,OL,true,2017,,F
dataflow,IMF.STA:QNEA(7.0.0),R,USA,B1GQ,Q,SA,XDC,Q,1953-Q3,725696300000,0,,,,,,,,,L,,,O,OL,true,2017,,F
dataflow,IMF.STA:QNEA(7.0.0),R,USA,B1GQ,Q,SA,XDC,Q,1953-Q4,714711300000,0,,,,,,,,,L,,,O,OL,true,2017,,F
dataflow,IMF.STA:QNEA(7.0.0),R,USA,B1GQ,Q,SA,XDC,Q,1954-Q1,711298000000,0,,,,,,,,,L,,,O,OL,true,2017,,F
dataflow,IMF.STA:QNEA(7.0.0),R,USA,B1GQ,Q,SA,XDC,Q,1954-Q2,712076300000,0,,,,,,,,,L,,,O,OL,true,2017,,F
dataflow,IMF.STA:QNEA(7.0.0),R,USA,B1GQ,Q,SA,XDC,Q,1954-Q3,720120500000,0,,,,,,,,,L,,,O,OL,true,2017,,F
dataflow,IMF.STA:QNEA(7.0.0),R,USA,B1GQ,Q,SA,XDC,Q,1954-Q4,734213000000,0,,,,,,,,,L,,,O,OL,true,2017,,F
dataflow,IMF.STA:QNEA(7.0.0),R,USA,B1GQ,Q,SA,XDC,Q,1955-Q1,755186500000,0,,,,,,,,,L,,,O,OL,true,2017,,F
dataflow,IMF.STA:QNEA(7.0.0),R,USA,B1GQ,Q,SA,XDC,Q,1955-Q2,767477500000,0,,,,,,,,,L,,,O,OL,true,2017,,F
dataflow,IMF.STA:QNEA(7.0.0),R,USA,B1GQ,Q,SA,XDC,Q,1955-Q3,777844800000,0,,,,,,,,,L,,,O,OL,true,2017,,F
dataflow,IMF.STA:QNEA(7.0.0),R,USA,B1GQ,Q,SA,XDC,Q,1955-Q4,782517000000,0,,,,,,,,,L,,,O,OL,true,2017,,F
dataflow,IMF.STA:QNEA(7.0.0),R,USA,B1GQ,Q,SA,XDC,Q,1956-Q1,779480500000,0,,,,,,,,,L,,,O,OL,true,2017,,F
dataflow,IMF.STA:QNEA(7.0.0),R,USA,B1GQ,Q,SA,XDC,Q,1956-Q2,785923500000,0,,,,,,,,,L,,,O,OL,true,2017,,F
dataflow,IMF.STA:QNEA(7.0.0),R,USA,B1GQ,Q,SA,XDC,Q,1956-Q3,785218500000,0,,,,,,,,,L,,,O,OL,true,2017,,F
dataflow,IMF.STA:QNEA(7.0.0),R,USA,B1GQ,Q,SA,XDC,Q,1956-Q4,798142500000,0,,,,,,,,,L,,,O,OL,true,2017,,F
dataflow,IMF.STA:QNEA(7.0.0),R,USA,B1GQ,Q,SA,XDC,Q,1957-Q1,803252800000,0,,,,,,,,,L,,,O,OL,true,2017,,F
dataflow,IMF.STA:QNEA(7.0.0),R,USA,B1GQ,Q,SA,XDC,Q,1957-Q2,801492500000,0,,,,,,,,,L,,,O,OL,true,2017,,F
dataflow,IMF.STA:QNEA(7.0.0),R,USA,B1GQ,Q,SA,XDC,Q,1957-Q3,809346500000,0,,,,,,,,,L,,,O,OL,true,2017,,F
dataflow,IMF.STA:QNEA(7.0.0),R,USA,B1GQ,Q,SA,XDC,Q,1957-Q4,800973500000,0,,,,,,,,,L,,,O,OL,true,2017,,F
dataflow,IMF.STA:QNEA(7.0.0),R,USA,B1GQ,Q,SA,XDC,Q,1958-Q1,780181000000,0,,,,,,,,,L,,,O,OL,true,2017,,F
dataflow,IMF.STA:QNEA(7.0.0),R,USA,B1GQ,Q,SA,XDC,Q,1958-Q2,785306000000,0,,,,,,,,,L,,,O,OL,true,2017,,F
dataflow,IMF.STA:QNEA(7.0.0),R,USA,B1GQ,Q,SA,XDC,Q,1958-Q3,803471000000,0,,,,,,,,,L,,,O,OL,true,2017,,F
dataflow,IMF.STA:QNEA(7.0.0),R,USA,B1GQ,Q,SA,XDC,Q,1958-Q4,822258000000,0,,,,,,,,,L,,,O,OL,true,2017,,F
dataflow,IMF.STA:QNEA(7.0.0),R,USA,B1GQ,Q,SA,XDC,Q,1959-Q1,838032300000,0,,,,,,,,,L,,,O,OL,true,2017,,F
dataflow,IMF.STA:QNEA(7.0.0),R,USA,B1GQ,Q,SA,XDC,Q,1959-Q2,856916800000,0,,,,,,,,,L,,,O,OL,true,2017,,F
dataflow,IMF.STA:QNEA(7.0.0),R,USA,B1GQ,Q,SA,XDC,Q,1959-Q3,857514300000,0,,,,,,,,,L,,,O,OL,true,2017,,F
dataflow,IMF.STA:QNEA(7.0.0),R,USA,B1GQ,Q,SA,XDC,Q,1959-Q4,859958000000,0,,,,,,,,,L,,,O,OL,true,2017,,F
dataflow,IMF.STA:QNEA(7.0.0),R,USA,B1GQ,Q,SA,XDC,Q,1960-Q1,879295300000,0,,,,,,,,,L,,,O,OL,true,2017,,F
dataflow,IMF.STA:QNEA(7.0.0),R,USA,B1GQ,Q,SA,XDC,Q,1960-Q2,874561500000,0,,,,,,,,,L,,,O,OL,true,2017,,F
dataflow,IMF.STA:QNEA(7.0.0),R,USA,B1GQ,Q,SA,XDC,Q,1960-Q3,878846300000,0,,,,,,,,,L,,,O,OL,true,2017,,F
dataflow,IMF.STA:QNEA(7.0.0),R,USA,B1GQ,Q,SA,XDC,Q,1960-Q4,867569500000,0,,,,,,,,,L,,,O,OL,true,2017,,F
dataflow,IMF.STA:QNEA(7.0.0),R,USA,B1GQ,Q,SA,XDC,Q,1961-Q1,873425800000,0,,,,,,,,,L,,,O,OL,true,2017,,F
dataflow,IMF.STA:QNEA(7.0.0),R,USA,B1GQ,Q,SA,XDC,Q,1961-Q2,888255300000,0,,,,,,,,,L,,,O,OL,true,2017,,F
dataflow,IMF.STA:QNEA(7.0.0),R,USA,B1GQ,Q,SA,XDC,Q,1961-Q3,905313000000,0,,,,,,,,,L,,,O,OL,true,2017,,F
dataflow,IMF.STA:QNEA(7.0.0),R,USA,B1GQ,Q,SA,XDC,Q,1961-Q4,923072300000,0,,,,,,,,,L,,,O,OL,true,2017,,F
dataflow,IMF.STA:QNEA(7.0.0),R,USA,B1GQ,Q,SA,XDC,Q,1962-Q1,939536800000,0,,,,,,,,,L,,,O,OL,true,2017,,F
dataflow,IMF.STA:QNEA(7.0.0),R,USA,B1GQ,Q,SA,XDC,Q,1962-Q2,948037300000,0,,,,,,,,,L,,,O,OL,true,2017,,F
dataflow,IMF.STA:QNEA(7.0.0),R,USA,B1GQ,Q,SA,XDC,Q,1962-Q3,959694000000,0,,,,,,,,,L,,,O,OL,true,2017,,F
dataflow,IMF.STA:QNEA(7.0.0),R,USA,B1GQ,Q,SA,XDC,Q,1962-Q4,962855300000,0,,,,,,,,,L,,,O,OL,true,2017,,F
dataflow,IMF.STA:QNEA(7.0.0),R,USA,B1GQ,Q,SA,XDC,Q,1963-Q1,973370500000,0,,,,,,,,,L,,,O,OL,true,2017,,F
dataflow,IMF.STA:QNEA(7.0.0),R,USA,B1GQ,Q,SA,XDC,Q,1963-Q2,984295800000,0,,,,,,,,,L,,,O,OL,true,2017,,F
dataflow,IMF.STA:QNEA(7.0.0),R,USA,B1GQ,Q,SA,XDC,Q,1963-Q3,1005938800000,0,,,,,,,,,L,,,O,OL,true,2017,,F
dataflow,IMF.STA:QNEA(7.0.0),R,USA,B1GQ,Q,SA,XDC,Q,1963-Q4,1012536800000,0,,,,,,,,,L,,,O,OL,true,2017,,F
dataflow,IMF.STA:QNEA(7.0.0),R,USA,B1GQ,Q,SA,XDC,Q,1964-Q1,1033888300000,0,,,,,,,,,L,,,O,OL,true,2017,,F
dataflow,IMF.STA:QNEA(7.0.0),R,USA,B1GQ,Q,SA,XDC,Q,1964-Q2,1045148000000,0,,,,,,,,,L,,,O,OL,true,2017,,F
dataflow,IMF.STA:QNEA(7.0.0),R,USA,B1GQ,Q,SA,XDC,Q,1964-Q3,1061479500000,0,,,,,,,,,L,,,O,OL,true,2017,,F
dataflow,IMF.STA:QNEA(7.0.0),R,USA,B1GQ,Q,SA,XDC,Q,1964-Q4,1064761500000,0,,,,,,,,,L,,,O,OL,true,2017,,F
dataflow,IMF.STA:QNEA(7.0.0),R,USA,B1GQ,Q,SA,XDC,Q,1965-Q1,1090527800000,0,,,,,,,,,L,,,O,OL,true,2017,,F
dataflow,IMF.STA:QNEA(7.0.0),R,USA,B1GQ,Q,SA,XDC,Q,1965-Q2,1104306300000,0,,,,,,,,,L,,,O,OL,true,2017,,F
dataflow,IMF.STA:QNEA(7.0.0),R,USA,B1GQ,Q,SA,XDC,Q,1965-Q3,1128856800000,0,,,,,,,,,L,,,O,OL,true,2017,,F
dataflow,IMF.STA:QNEA(7.0.0),R,USA,B1GQ,Q,SA,XDC,Q,1965-Q4,1154864500000,0,,,,,,,,,L,,,O,OL,true,2017,,F
dataflow,IMF.STA:QNEA(7.0.0),R,USA,B1GQ,Q,SA,XDC,Q,1966-Q1,1182972000000,0,,,,,,,,,L,,,O,OL,true,2017,,F
dataflow,IMF.STA:QNEA(7.0.0),R,USA,B1GQ,Q,SA,XDC,Q,1966-Q2,1187011500000,0,,,,,,,,,L,,,O,OL,true,2017,,F
dataflow,IMF.STA:QNEA(7.0.0),R,USA,B1GQ,Q,SA,XDC,Q,1966-Q3,1197063500000,0,,,,,,,,,L,,,O,OL,true,2017,,F
dataflow,IMF.STA:QNEA(7.0.0),R,USA,B1GQ,Q,SA,XDC,Q,1966-Q4,1206884300000,0,,,,,,,,,L,,,O,OL,true,2017,,F
dataflow,IMF.STA:QNEA(7.0.0),R,USA,B1GQ,Q,SA,XDC,Q,1967-Q1,1217574800000,0,,,,,,,,,L,,,O,OL,true,2017,,F
dataflow,IMF.STA:QNEA(7.0.0),R,USA,B1GQ,Q,SA,XDC,Q,1967-Q2,1218321800000,0,,,,,,,,,L,,,O,OL,true,2017,,F
dataflow,IMF.STA:QNEA(7.0.0),R,USA,B1GQ,Q,SA,XDC,Q,1967-Q3,1229848000000,0,,,,,,,,,L,,,O,OL,true,2017,,F
dataflow,IMF.STA:QNEA(7.0.0),R,USA,B1GQ,Q,SA,XDC,Q,1967-Q4,1239119300000,0,,,,,,,,,L,,,O,OL,true,2017,,F
dataflow,IMF.STA:QNEA(7.0.0),R,USA,B1GQ,Q,SA,XDC,Q,1968-Q1,1264388300000,0,,,,,,,,,L,,,O,OL,true,2017,,F
dataflow,IMF.STA:QNEA(7.0.0),R,USA,B1GQ,Q,SA,XDC,Q,1968-Q2,1285508300000,0,,,,,,,,,L,,,O,OL,true,2017,,F
dataflow,IMF.STA:QNEA(7.0.0),R,USA,B1GQ,Q,SA,XDC,Q,1968-Q3,1295464800000,0,,,,,,,,,L,,,O,OL,true,2017,,F
dataflow,IMF.STA:QNEA(7.0.0),R,USA,B1GQ,Q,SA,XDC,Q,1968-Q4,1300553000000,0,,,,,,,,,L,,,O,OL,true,2017,,F
dataflow,IMF.STA:QNEA(7.0.0),R,USA,B1GQ,Q,SA,XDC,Q,1969-Q1,1320899300000,0,,,,,,,,,L,,,O,OL,true,2017,,F
dataflow,IMF.STA:QNEA(7.0.0),R,USA,B1GQ,Q,SA,XDC,Q,1969-Q2,1324906300000,0,,,,,,,,,L,,,O,OL,true,2017,,F
dataflow,IMF.STA:QNEA(7.0.0),R,USA,B1GQ,Q,SA,XDC,Q,1969-Q3,1333650000000,0,,,,,,,,,L,,,O,OL,true,2017,,F
dataflow,IMF.STA:QNEA(7.0.0),R,USA,B1GQ,Q,SA,XDC,Q,1969-Q4,1327139000000,0,,,,,,,,,L,,,O,OL,true,2017,,F
dataflow,IMF.STA:QNEA(7.0.0),R,USA,B1GQ,Q,SA,XDC,Q,1970-Q1,1325163000000,0,,,,,,,,,L,,,O,OL,true,2017,,F
dataflow,IMF.STA:QNEA(7.0.0),R,USA,B1GQ,Q,SA,XDC,Q,1970-Q2,1327041000000,0,,,,,,,,,L,,,O,OL,true,2017,,F
dataflow,IMF.STA:QNEA(7.0.0),R,USA,B1GQ,Q,SA,XDC,Q,1970-Q3,1339269300000,0,,,,,,,,,L,,,O,OL,true,2017,,F
dataflow,IMF.STA:QNEA(7.0.0),R,USA,B1GQ,Q,SA,XDC,Q,1970-Q4,1324918000000,0,,,,,,,,,L,,,O,OL,true,2017,,F
dataflow,IMF.STA:QNEA(7.0.0),R,USA,B1GQ,Q,SA,XDC,Q,1971-Q1,1360904800000,0,,,,,,,,,L,,,O,OL,true,2017,,F
dataflow,IMF.STA:QNEA(7.0.0),R,USA,B1GQ,Q,SA,XDC,Q,1971-Q2,1368264800000,0,,,,,,,,,L,,,O,OL,true,2017,,F
dataflow,IMF.STA:QNEA(7.0.0),R,USA,B1GQ,Q,SA,XDC,Q,1971-Q3,1379518000000,0,,,,,,,,,L,,,O,OL,true,2017,,F
dataflow,IMF.STA:QNEA(7.0.0),R,USA,B1GQ,Q,SA,XDC,Q,1971-Q4,1382758000000,0,,,,,,,,,L,,,O,OL,true,2017,,F
dataflow,IMF.STA:QNEA(7.0.0),R,USA,B1GQ,Q,SA,XDC,Q,1972-Q1,1408162300000,0,,,,,,,,,L,,,O,OL,true,2017,,F
dataflow,IMF.STA:QNEA(7.0.0),R,USA,B1GQ,Q,SA,XDC,Q,1972-Q2,1440117500000,0,,,,,,,,,L,,,O,OL,true,2017,,F
dataflow,IMF.STA:QNEA(7.0.0),R,USA,B1GQ,Q,SA,XDC,Q,1972-Q3,1453713500000,0,,,,,,,,,L,,,O,OL,true,2017,,F
dataflow,IMF.STA:QNEA(7.0.0),R,USA,B1GQ,Q,SA,XDC,Q,1972-Q4,1478055000000,0,,,,,,,,,L,,,O,OL,true,2017,,F
dataflow,IMF.STA:QNEA(7.0.0),R,USA,B1GQ,Q,SA,XDC,Q,1973-Q1,1514636000000,0,,,,,,,,,L,,,O,OL,true,2017,,F
dataflow,IMF.STA:QNEA(7.0.0),R,USA,B1GQ,Q,SA,XDC,Q,1973-Q2,1531126500000,0,,,,,,,,,L,,,O,OL,true,2017,,F
dataflow,IMF.STA:QNEA(7.0.0),R,USA,B1GQ,Q,SA,XDC,Q,1973-Q3,1523075300000,0,,,,,,,,,L,,,O,OL,true,2017,,F
dataflow,IMF.STA:QNEA(7.0.0),R,USA,B1GQ,Q,SA,XDC,Q,1973-Q4,1537532800000,0,,,,,,,,,L,,,O,OL,true,2017,,F
dataflow,IMF.STA:QNEA(7.0.0),R,USA,B1GQ,Q,SA,XDC,Q,1974-Q1,1524314500000,0,,,,,,,,,L,,,O,OL,true,2017,,F
dataflow,IMF.STA:QNEA(7.0.0),R,USA,B1GQ,Q,SA,XDC,Q,1974-Q2,1527937800000,0,,,,,,,,,L,,,O,OL,true,2017,,F
dataflow,IMF.STA:QNEA(7.0.0),R,USA,B1GQ,Q,SA,XDC,Q,1974-Q3,1513494500000,0,,,,,,,,,L,,,O,OL,true,2017,,F
dataflow,IMF.STA:QNEA(7.0.0),R,USA,B1GQ,Q,SA,XDC,Q,1974-Q4,1507616000000,0,,,,,,,,,L,,,O,OL,true,2017,,F
dataflow,IMF.STA:QNEA(7.0.0),R,USA,B1GQ,Q,SA,XDC,Q,1975-Q1,1489258800000,0,,,,,,,,,L,,,O,OL,true,2017,,F
dataflow,IMF.STA:QNEA(7.0.0),R,USA,B1GQ,Q,SA,XDC,Q,1975-Q2,1499902500000,0,,,,,,,,,L,,,O,OL,true,2017,,F
dataflow,IMF.STA:QNEA(7.0.0),R,USA,B1GQ,Q,SA,XDC,Q,1975-Q3,1525581500000,0,,,,,,,,,L,,,O,OL,true,2017,,F
dataflow,IMF.STA:QNEA(7.0.0),R,USA,B1GQ,Q,SA,XDC,Q,1975-Q4,1546132500000,0,,,,,,,,,L,,,O,OL,true,2017,,F
dataflow,IMF.STA:QNEA(7.0.0),R,USA,B1GQ,Q,SA,XDC,Q,1976-Q1,1580912300000,0,,,,,,,,,L,,,O,OL,true,2017,,F
dataflow,IMF.STA:QNEA(7.0.0),R,USA,B1GQ,Q,SA,XDC,Q,1976-Q2,1592506300000,0,,,,,,,,,L,,,O,OL,true,2017,,F
dataflow,IMF.STA:QNEA(7.0.0),R,USA,B1GQ,Q,SA,XDC,Q,1976-Q3,1601223800000,0,,,,,,,,,L,,,O,OL,true,2017,,F
dataflow,IMF.STA:QNEA(7.0.0),R,USA,B1GQ,Q,SA,XDC,Q,1976-Q4,1612794300000,0,,,,,,,,,L,,,O,OL,true,2017,,F
dataflow,IMF.STA:QNEA(7.0.0),R,USA,B1GQ,Q,SA,XDC,Q,1977-Q1,1631925800000,0,,,,,,,,,L,,,O,OL,true,2017,,F
dataflow,IMF.STA:QNEA(7.0.0),R,USA,B1GQ,Q,SA,XDC,Q,1977-Q2,1663616500000,0,,,,,,,,,L,,,O,OL,true,2017,,F
dataflow,IMF.STA:QNEA(7.0.0),R,USA,B1GQ,Q,SA,XDC,Q,1977-Q3,1693614300000,0,,,,,,,,,L,,,O,OL,true,2017,,F
dataflow,IMF.STA:QNEA(7.0.0),R,USA,B1GQ,Q,SA,XDC,Q,1977-Q4,1693648000000,0,,,,,,,,,L,,,O,OL,true,2017,,F
dataflow,IMF.STA:QNEA(7.0.0),R,USA,B1GQ,Q,SA,XDC,Q,1978-Q1,1699065000000,0,,,,,,,,,L,,,O,OL,true,2017,,F
dataflow,IMF.STA:QNEA(7.0.0),R,USA,B1GQ,Q,SA,XDC,Q,1978-Q2,1764730000000,0,,,,,,,,,L,,,O,OL,true,2017,,F
dataflow,IMF.STA:QNEA(7.0.0),R,USA,B1GQ,Q,SA,XDC,Q,1978-Q3,1782478800000,0,,,,,,,,,L,,,O,OL,true,2017,,F
dataflow,IMF.STA:QNEA(7.0.0),R,USA,B1GQ,Q,SA,XDC,Q,1978-Q4,1806437500000,0,,,,,,,,,L,,,O,OL,true,2017,,F
dataflow,IMF.STA:QNEA(7.0.0),R,USA,B1GQ,Q,SA,XDC,Q,1979-Q1,1809681800000,0,,,,,,,,,L,,,O,OL,true,2017,,F
dataflow,IMF.STA:QNEA(7.0.0),R,USA,B1GQ,Q,SA,XDC,Q,1979-Q2,1811613500000,0,,,,,,,,,L,,,O,OL,true,2017,,F
dataflow,IMF.STA:QNEA(7.0.0),R,USA,B1GQ,Q,SA,XDC,Q,1979-Q3,1825070300000,0,,,,,,,,,L,,,O,OL,true,2017,,F
dataflow,IMF.STA:QNEA(7.0.0),R,USA,B1GQ,Q,SA,XDC,Q,1979-Q4,1829633800000,0,,,,,,,,,L,,,O,OL,true,2017,,F
dataflow,IMF.STA:QNEA(7.0.0),R,USA,B1GQ,Q,SA,XDC,Q,1980-Q1,1835389300000,0,,,,,,,,,L,,,O,OL,true,2017,,F
dataflow,IMF.STA:QNEA(7.0.0),R,USA,B1GQ,Q,SA,XDC,Q,1980-Q2,1797572300000,0,,,,,,,,,L,,,O,OL,true,2017,,F
dataflow,IMF.STA:QNEA(7.0.0),R,USA,B1GQ,Q,SA,XDC,Q,1980-Q3,1795435800000,0,,,,,,,,,L,,,O,OL,true,2017,,F
dataflow,IMF.STA:QNEA(7.0.0),R,USA,B1GQ,Q,SA,XDC,Q,1980-Q4,1828919300000,0,,,,,,,,,L,,,O,OL,true,2017,,F
dataflow,IMF.STA:QNEA(7.0.0),R,USA,B1GQ,Q,SA,XDC,Q,1981-Q1,1864755500000,0,,,,,,,,,L,,,O,OL,true,2017,,F
dataflow,IMF.STA:QNEA(7.0.0),R,USA,B1GQ,Q,SA,XDC,Q,1981-Q2,1850936300000,0,,,,,,,,,L,,,O,OL,true,2017,,F
dataflow,IMF.STA:QNEA(7.0.0),R,USA,B1GQ,Q,SA,XDC,Q,1981-Q3,1873101300000,0,,,,,,,,,L,,,O,OL,true,2017,,F
dataflow,IMF.STA:QNEA(7.0.0),R,USA,B1GQ,Q,SA,XDC,Q,1981-Q4,1852692000000,0,,,,,,,,,L,,,O,OL,true,2017,,F
dataflow,IMF.STA:QNEA(7.0.0),R,USA,B1GQ,Q,SA,XDC,Q,1982-Q1,1823907800000,0,,,,,,,,,L,,,O,OL,true,2017,,F
dataflow,IMF.STA:QNEA(7.0.0),R,USA,B1GQ,Q,SA,XDC,Q,1982-Q2,1832228000000,0,,,,,,,,,L,,,O,OL,true,2017,,F
dataflow,IMF.STA:QNEA(7.0.0),R,USA,B1GQ,Q,SA,XDC,Q,1982-Q3,1825224000000,0,,,,,,,,,L,,,O,OL,true,2017,,F
dataflow,IMF.STA:QNEA(7.0.0),R,USA,B1GQ,Q,SA,XDC,Q,1982-Q4,1825954300000,0,,,,,,,,,L,,,O,OL,true,2017,,F
dataflow,IMF.STA:QNEA(7.0.0),R,USA,B1GQ,Q,SA,XDC,Q,1983-Q1,1850016500000,0,,,,,,,,,L,,,O,OL,true,2017,,F
dataflow,IMF.STA:QNEA(7.0.0),R,USA,B1GQ,Q,SA,XDC,Q,1983-Q2,1892114000000,0,,,,,,,,,L,,,O,OL,true,2017,,F
dataflow,IMF.STA:QNEA(7.0.0),R,USA,B1GQ,Q,SA,XDC,Q,1983-Q3,1929936500000,0,,,,,,,,,L,,,O,OL,true,2017,,F
dataflow,IMF.STA:QNEA(7.0.0),R,USA,B1GQ,Q,SA,XDC,Q,1983-Q4,1970198500000,0,,,,,,,,,L,,,O,OL,true,2017,,F
dataflow,IMF.STA:QNEA(7.0.0),R,USA,B1GQ,Q,SA,XDC,Q,1984-Q1,2008711800000,0,,,,,,,,,L,,,O,OL,true,2017,,F
dataflow,IMF.STA:QNEA(7.0.0),R,USA,B1GQ,Q,SA,XDC,Q,1984-Q2,2043417500000,0,,,,,,,,,L,,,O,OL,true,2017,,F
dataflow,IMF.STA:QNEA(7.0.0),R,USA,B1GQ,Q,SA,XDC,Q,1984-Q3,2063116300000,0,,,,,,,,,L,,,O,OL,true,2017,,F
dataflow,IMF.STA:QNEA(7.0.0),R,USA,B1GQ,Q,SA,XDC,Q,1984-Q4,2080049800000,0,,,,,,,,,L,,,O,OL,true,2017,,F
dataflow,IMF.STA:QNEA(7.0.0),R,USA,B1GQ,Q,SA,XDC,Q,1985-Q1,2100205000000,0,,,,,,,,,L,,,O,OL,true,2017,,F
dataflow,IMF.STA:QNEA(7.0.0),R,USA,B1GQ,Q,SA,XDC,Q,1985-Q2,2118696800000,0,,,,,,,,,L,,,O,OL,true,2017,,F
dataflow,IMF.STA:QNEA(7.0.0),R,USA,B1GQ,Q,SA,XDC,Q,1985-Q3,2151055000000,0,,,,,,,,,L,,,O,OL,true,2017,,F
dataflow,IMF.STA:QNEA(7.0.0),R,USA,B1GQ,Q,SA,XDC,Q,1985-Q4,2167047000000,0,,,,,,,,,L,,,O,OL,true,2017,,F
dataflow,IMF.STA:QNEA(7.0.0),R,USA,B1GQ,Q,SA,XDC,Q,1986-Q1,2187281800000,0,,,,,,,,,L,,,O,OL,true,2017,,F
dataflow,IMF.STA:QNEA(7.0.0),R,USA,B1GQ,Q,SA,XDC,Q,1986-Q2,2197131000000,0,,,,,,,,,L,,,O,OL,true,2017,,F
dataflow,IMF.STA:QNEA(7.0.0),R,USA,B1GQ,Q,SA,XDC,Q,1986-Q3,2218150300000,0,,,,,,,,,L,,,O,OL,true,2017,,F
dataflow,IMF.STA:QNEA(7.0.0),R,USA,B1GQ,Q,SA,XDC,Q,1986-Q4,2230048300000,0,,,,,,,,,L,,,O,OL,true,2017,,F
dataflow,IMF.STA:QNEA(7.0.0),R,USA,B1GQ,Q,SA,XDC,Q,1987-Q1,2246591800000,0,,,,,,,,,L,,,O,OL,true,2017,,F
dataflow,IMF.STA:QNEA(7.0.0),R,USA,B1GQ,Q,SA,XDC,Q,1987-Q2,2270814000000,0,,,,,,,,,L,,,O,OL,true,2017,,F
dataflow,IMF.STA:QNEA(7.0.0),R,USA,B1GQ,Q,SA,XDC,Q,1987-Q3,2290506000000,0,,,,,,,,,L,,,O,OL,true,2017,,F
dataflow,IMF.STA:QNEA(7.0.0),R,USA,B1GQ,Q,SA,XDC,Q,1987-Q4,2329833000000,0,,,,,,,,,L,,,O,OL,true,2017,,F
dataflow,IMF.STA:QNEA(7.0.0),R,USA,B1GQ,Q,SA,XDC,Q,1988-Q1,2341875500000,0,,,,,,,,,L,,,O,OL,true,2017,,F
dataflow,IMF.STA:QNEA(7.0.0),R,USA,B1GQ,Q,SA,XDC,Q,1988-Q2,2372648500000,0,,,,,,,,,L,,,O,OL,true,2017,,F
dataflow,IMF.STA:QNEA(7.0.0),R,USA,B1GQ,Q,SA,XDC,Q,1988-Q3,2386551500000,0,,,,,,,,,L,,,O,OL,true,2017,,F
dataflow,IMF.STA:QNEA(7.0.0),R,USA,B1GQ,Q,SA,XDC,Q,1988-Q4,2418351300000,0,,,,,,,,,L,,,O,OL,true,2017,,F
dataflow,IMF.STA:QNEA(7.0.0),R,USA,B1GQ,Q,SA,XDC,Q,1989-Q1,2442931300000,0,,,,,,,,,L,,,O,OL,true,2017,,F
dataflow,IMF.STA:QNEA(7.0.0),R,USA,B1GQ,Q,SA,XDC,Q,1989-Q2,2461573300000,0,,,,,,,,,L,,,O,OL,true,2017,,F
dataflow,IMF.STA:QNEA(7.0.0),R,USA,B1GQ,Q,SA,XDC,Q,1989-Q3,2479807000000,0,,,,,,,,,L,,,O,OL,true,2017,,F
dataflow,IMF.STA:QNEA(7.0.0),R,USA,B1GQ,Q,SA,XDC,Q,1989-Q4,2484691800000,0,,,,,,,,,L,,,O,OL,true,2017,,F
dataflow,IMF.STA:QNEA(7.0.0),R,USA,B1GQ,Q,SA,XDC,Q,1990-Q1,2511846500000,0,,,,,,,,,L,,,O,OL,true,2017,,F
dataflow,IMF.STA:QNEA(7.0.0),R,USA,B1GQ,Q,SA,XDC,Q,1990-Q2,2520963800000,0,,,,,,,,,L,,,O,OL,true,2017,,F
dataflow,IMF.STA:QNEA(7.0.0),R,USA,B1GQ,Q,SA,XDC,Q,1990-Q3,2522642300000,0,,,,,,,,,L,,,O,OL,true,2017,,F
dataflow,IMF.STA:QNEA(7.0.0),R,USA,B1GQ,Q,SA,XDC,Q,1990-Q4,2499676000000,0,,,,,,,,,L,,,O,OL,true,2017,,F
dataflow,IMF.STA:QNEA(7.0.0),R,USA,B1GQ,Q,SA,XDC,Q,1991-Q1,2487979000000,0,,,,,,,,,L,,,O,OL,true,2017,,F
dataflow,IMF.STA:QNEA(7.0.0),R,USA,B1GQ,Q,SA,XDC,Q,1991-Q2,2507377500000,0,,,,,,,,,L,,,O,OL,true,2017,,F
dataflow,IMF.STA:QNEA(7.0.0),R,USA,B1GQ,Q,SA,XDC,Q,1991-Q3,2520048800000,0,,,,,,,,,L,,,O,OL,true,2017,,F
dataflow,IMF.STA:QNEA(7.0.0),R,USA,B1GQ,Q,SA,XDC,Q,1991-Q4,2528832300000,0,,,,,,,,,L,,,O,OL,true,2017,,F
dataflow,IMF.STA:QNEA(7.0.0),R,USA,B1GQ,Q,SA,XDC,Q,1992-Q1,2559108800000,0,,,,,,,,,L,,,O,OL,true,2017,,F
dataflow,IMF.STA:QNEA(7.0.0),R,USA,B1GQ,Q,SA,XDC,Q,1992-Q2,2586857300000,0,,,,,,,,,L,,,O,OL,true,2017,,F
dataflow,IMF.STA:QNEA(7.0.0),R,USA,B1GQ,Q,SA,XDC,Q,1992-Q3,2612418300000,0,,,,,,,,,L,,,O,OL,true,2017,,F
dataflow,IMF.STA:QNEA(7.0.0),R,USA,B1GQ,Q,SA,XDC,Q,1992-Q4,2639662000000,0,,,,,,,,,L,,,O,OL,true,2017,,F
dataflow,IMF.STA:QNEA(7.0.0),R,USA,B1GQ,Q,SA,XDC,Q,1993-Q1,2644068800000,0,,,,,,,,,L,,,O,OL,true,2017,,F
dataflow,IMF.STA:QNEA(7.0.0),R,USA,B1GQ,Q,SA,XDC,Q,1993-Q2,2659461800000,0,,,,,,,,,L,,,O,OL,true,2017,,F
dataflow,IMF.STA:QNEA(7.0.0),R,USA,B1GQ,Q,SA,XDC,Q,1993-Q3,2672151500000,0,,,,,,,,,L,,,O,OL,true,2017,,F
dataflow,IMF.STA:QNEA(7.0.0),R,USA,B1GQ,Q,SA,XDC,Q,1993-Q4,2708496800000,0,,,,,,,,,L,,,O,OL,true,2017,,F
dataflow,IMF.STA:QNEA(7.0.0),R,USA,B1GQ,Q,SA,XDC,Q,1994-Q1,2734779000000,0,,,,,,,,,L,,,O,OL,true,2017,,F
dataflow,IMF.STA:QNEA(7.0.0),R,USA,B1GQ,Q,SA,XDC,Q,1994-Q2,2771840300000,0,,,,,,,,,L,,,O,OL,true,2017,,F
dataflow,IMF.STA:QNEA(7.0.0),R,USA,B1GQ,Q,SA,XDC,Q,1994-Q3,2788044000000,0,,,,,,,,,L,,,O,OL,true,2017,,F
dataflow,IMF.STA:QNEA(7.0.0),R,USA,B1GQ,Q,SA,XDC,Q,1994-Q4,2819983000000,0,,,,,,,,,L,,,O,OL,true,2017,,F
dataflow,IMF.STA:QNEA(7.0.0),R,USA,B1GQ,Q,SA,XDC,Q,1995-Q1,2829987800000,0,,,,,,,,,L,,,O,OL,true,2017,,F
dataflow,IMF.STA:QNEA(7.0.0),R,USA,B1GQ,Q,SA,XDC,Q,1995-Q2,2838430300000,0,,,,,,,,,L,,,O,OL,true,2017,,F
dataflow,IMF.STA:QNEA(7.0.0),R,USA,B1GQ,Q,SA,XDC,Q,1995-Q3,2862577500000,0,,,,,,,,,L,,,O,OL,true,2017,,F
dataflow,IMF.STA:QNEA(7.0.0),R,USA,B1GQ,Q,SA,XDC,Q,1995-Q4,2882016800000,0,,,,,,,,,L,,,O,OL,true,2017,,F
dataflow,IMF.STA:QNEA(7.0.0),R,USA,B1GQ,Q,SA,XDC,Q,1996-Q1,2903604500000,0,,,,,,,,,L,,,O,OL,true,2017,,F
dataflow,IMF.STA:QNEA(7.0.0),R,USA,B1GQ,Q,SA,XDC,Q,1996-Q2,2952035000000,0,,,,,,,,,L,,,O,OL,true,2017,,F
dataflow,IMF.STA:QNEA(7.0.0),R,USA,B1GQ,Q,SA,XDC,Q,1996-Q3,2978515800000,0,,,,,,,,,L,,,O,OL,true,2017,,F
dataflow,IMF.STA:QNEA(7.0.0),R,USA,B1GQ,Q,SA,XDC,Q,1996-Q4,3009443800000,0,,,,,,,,,L,,,O,OL,true,2017,,F
dataflow,IMF.STA:QNEA(7.0.0),R,USA,B1GQ,Q,SA,XDC,Q,1997-Q1,3028868000000,0,,,,,,,,,L,,,O,OL,true,2017,,F
dataflow,IMF.STA:QNEA(7.0.0),R,USA,B1GQ,Q,SA,XDC,Q,1997-Q2,3079305300000,0,,,,,,,,,L,,,O,OL,true,2017,,F
dataflow,IMF.STA:QNEA(7.0.0),R,USA,B1GQ,Q,SA,XDC,Q,1997-Q3,3117752500000,0,,,,,,,,,L,,,O,OL,true,2017,,F
dataflow,IMF.STA:QNEA(7.0.0),R,USA,B1GQ,Q,SA,XDC,Q,1997-Q4,3144373800000,0,,,,,,,,,L,,,O,OL,true,2017,,F
dataflow,IMF.STA:QNEA(7.0.0),R,USA,B1GQ,Q,SA,XDC,Q,1998-Q1,3175935500000,0,,,,,,,,,L,,,O,OL,true,2017,,F
dataflow,IMF.STA:QNEA(7.0.0),R,USA,B1GQ,Q,SA,XDC,Q,1998-Q2,3205334800000,0,,,,,,,,,L,,,O,OL,true,2017,,F
dataflow,IMF.STA:QNEA(7.0.0),R,USA,B1GQ,Q,SA,XDC,Q,1998-Q3,3245688000000,0,,,,,,,,,L,,,O,OL,true,2017,,F
dataflow,IMF.STA:QNEA(7.0.0),R,USA,B1GQ,Q,SA,XDC,Q,1998-Q4,3297917500000,0,,,,,,,,,L,,,O,OL,true,2017,,F
dataflow,IMF.STA:QNEA(7.0.0),R,USA,B1GQ,Q,SA,XDC,Q,1999-Q1,3328899300000,0,,,,,,,,,L,,,O,OL,true,2017,,F
dataflow,IMF.STA:QNEA(7.0.0),R,USA,B1GQ,Q,SA,XDC,Q,1999-Q2,3356687000000,0,,,,,,,,,L,,,O,OL,true,2017,,F
dataflow,IMF.STA:QNEA(7.0.0),R,USA,B1GQ,Q,SA,XDC,Q,1999-Q3,3401192800000,0,,,,,,,,,L,,,O,OL,true,2017,,F
dataflow,IMF.STA:QNEA(7.0.0),R,USA,B1GQ,Q,SA,XDC,Q,1999-Q4,3456995000000,0,,,,,,,,,L,,,O,OL,true,2017,,F
dataflow,IMF.STA:QNEA(7.0.0),R,USA,B1GQ,Q,SA,XDC,Q,2000-Q1,3469536800000,0,,,,,,,,,L,,,O,OL,true,2017,,F
dataflow,IMF.STA:QNEA(7.0.0),R,USA,B1GQ,Q,SA,XDC,Q,2000-Q2,3532727000000,0,,,,,,,,,L,,,O,OL,true,2017,,F
dataflow,IMF.STA:QNEA(7.0.0),R,USA,B1GQ,Q,SA,XDC,Q,2000-Q3,3536328000000,0,,,,,,,,,L,,,O,OL,true,2017,,F
dataflow,IMF.STA:QNEA(7.0.0),R,USA,B1GQ,Q,SA,XDC,Q,2000-Q4,3557441300000,0,,,,,,,,,L,,,O,OL,true,2017,,F
dataflow,IMF.STA:QNEA(7.0.0),R,USA,B1GQ,Q,SA,XDC,Q,2001-Q1,3545780000000,0,,,,,,,,,L,,,O,OL,true,2017,,F
dataflow,IMF.STA:QNEA(7.0.0),R,USA,B1GQ,Q,SA,XDC,Q,2001-Q2,3567923500000,0,,,,,,,,,L,,,O,OL,true,2017,,F
dataflow,IMF.STA:QNEA(7.0.0),R,USA,B1GQ,Q,SA,XDC,Q,2001-Q3,3553629000000,0,,,,,,,,,L,,,O,OL,true,2017,,F
dataflow,IMF.STA:QNEA(7.0.0),R,USA,B1GQ,Q,SA,XDC,Q,2001-Q4,3563393500000,0,,,,,,,,,L,,,O,OL,true,2017,,F
dataflow,IMF.STA:QNEA(7.0.0),R,USA,B1GQ,Q,SA,XDC,Q,2002-Q1,3593196300000,0,,,,,,,,,L,,,O,OL,true,2017,,F
dataflow,IMF.STA:QNEA(7.0.0),R,USA,B1GQ,Q,SA,XDC,Q,2002-Q2,3615212000000,0,,,,,,,,,L,,,O,OL,true,2017,,F
dataflow,IMF.STA:QNEA(7.0.0),R,USA,B1GQ,Q,SA,XDC,Q,2002-Q3,3629908300000,0,,,,,,,,,L,,,O,OL,true,2017,,F
dataflow,IMF.STA:QNEA(7.0.0),R,USA,B1GQ,Q,SA,XDC,Q,2002-Q4,3634395000000,0,,,,,,,,,L,,,O,OL,true,2017,,F
dataflow,IMF.STA:QNEA(7.0.0),R,USA,B1GQ,Q,SA,XDC,Q,2003-Q1,3653535300000,0,,,,,,,,,L,,,O,OL,true,2017,,F
dataflow,IMF.STA:QNEA(7.0.0),R,USA,B1GQ,Q,SA,XDC,Q,2003-Q2,3685891800000,0,,,,,,,,,L,,,O,OL,true,2017,,F
dataflow,IMF.STA:QNEA(7.0.0),R,USA,B1GQ,Q,SA,XDC,Q,2003-Q3,3747195500000,0,,,,,,,,,L,,,O,OL,true,2017,,F
dataflow,IMF.STA:QNEA(7.0.0),R,USA,B1GQ,Q,SA,XDC,Q,2003-Q4,3790690000000,0,,,,,,,,,L,,,O,OL,true,2017,,F
dataflow,IMF.STA:QNEA(7.0.0),R,USA,B1GQ,Q,SA,XDC,Q,2004-Q1,3812170000000,0,,,,,,,,,L,,,O,OL,true,2017,,F
dataflow,IMF.STA:QNEA(7.0.0),R,USA,B1GQ,Q,SA,XDC,Q,2004-Q2,3841712500000,0,,,,,,,,,L,,,O,OL,true,2017,,F
dataflow,IMF.STA:QNEA(7.0.0),R,USA,B1GQ,Q,SA,XDC,Q,2004-Q3,3878154800000,0,,,,,,,,,L,,,O,OL,true,2017,,F
dataflow,IMF.STA:QNEA(7.0.0),R,USA,B1GQ,Q,SA,XDC,Q,2004-Q4,3917720000000,0,,,,,,,,,L,,,O,OL,true,2017,,F
dataflow,IMF.STA:QNEA(7.0.0),R,USA,B1GQ,Q,SA,XDC,Q,2005-Q1,3961181800000,0,,,,,,,,,L,,,O,OL,true,2017,,F
dataflow,IMF.STA:QNEA(7.0.0),R,USA,B1GQ,Q,SA,XDC,Q,2005-Q2,3980695500000,0,,,,,,,,,L,,,O,OL,true,2017,,F
dataflow,IMF.STA:QNEA(7.0.0),R,USA,B1GQ,Q,SA,XDC,Q,2005-Q3,4011896800000,0,,,,,,,,,L,,,O,OL,true,2017,,F
dataflow,IMF.STA:QNEA(7.0.0),R,USA,B1GQ,Q,SA,XDC,Q,2005-Q4,4034183500000,0,,,,,,,,,L,,,O,OL,true,2017,,F
dataflow,IMF.STA:QNEA(7.0.0),R,USA,B1GQ,Q,SA,XDC,Q,2006-Q1,4088458800000,0,,,,,,,,,L,,,O,OL,true,2017,,F
dataflow,IMF.STA:QNEA(7.0.0),R,USA,B1GQ,Q,SA,XDC,Q,2006-Q2,4099037800000,0,,,,,,,,,L,,,O,OL,true,2017,,F
dataflow,IMF.STA:QNEA(7.0.0),R,USA,B1GQ,Q,SA,XDC,Q,2006-Q3,4105184500000,0,,,,,,,,,L,,,O,OL,true,2017,,F
dataflow,IMF.STA:QNEA(7.0.0),R,USA,B1GQ,Q,SA,XDC,Q,2006-Q4,4140466500000,0,,,,,,,,,L,,,O,OL,true,2017,,F
dataflow,IMF.STA:QNEA(7.0.0),R,USA,B1GQ,Q,SA,XDC,Q,2007-Q1,4152922500000,0,,,,,,,,,L,,,O,OL,true,2017,,F
dataflow,IMF.STA:QNEA(7.0.0),R,USA,B1GQ,Q,SA,XDC,Q,2007-Q2,4178328500000,0,,,,,,,,,L,,,O,OL,true,2017,,F
dataflow,IMF.STA:QNEA(7.0.0),R,USA,B1GQ,Q,SA,XDC,Q,2007-Q3,4202396800000,0,,,,,,,,,L,,,O,OL,true,2017,,F
dataflow,IMF.STA:QNEA(7.0.0),R,USA,B1GQ,Q,SA,XDC,Q,2007-Q4,4228797800000,0,,,,,,,,,L,,,O,OL,true,2017,,F
dataflow,IMF.STA:QNEA(7.0.0),R,USA,B1GQ,Q,SA,XDC,Q,2008-Q1,4210750800000,0,,,,,,,,,L,,,O,OL,true,2017,,F
dataflow,IMF.STA:QNEA(7.0.0),R,USA,B1GQ,Q,SA,XDC,Q,2008-Q2,4235822800000,0,,,,,,,,,L,,,O,OL,true,2017,,F
dataflow,IMF.STA:QNEA(7.0.0),R,USA,B1GQ,Q,SA,XDC,Q,2008-Q3,4213573800000,0,,,,,,,,,L,,,O,OL,true,2017,,F
dataflow,IMF.STA:QNEA(7.0.0),R,USA,B1GQ,Q,SA,XDC,Q,2008-Q4,4121337500000,0,,,,,,,,,L,,,O,OL,true,2017,,F
dataflow,IMF.STA:QNEA(7.0.0),R,USA,B1GQ,Q,SA,XDC,Q,2009-Q1,4074565500000,0,,,,,,,,,L,,,O,OL,true,2017,,F
dataflow,IMF.STA:QNEA(7.0.0),R,USA,B1GQ,Q,SA,XDC,Q,2009-Q2,4067286300000,0,,,,,,,,,L,,,O,OL,true,2017,,F
dataflow,IMF.STA:QNEA(7.0.0),R,USA,B1GQ,Q,SA,XDC,Q,2009-Q3,4081570300000,0,,,,,,,,,L,,,O,OL,true,2017,,F
dataflow,IMF.STA:QNEA(7.0.0),R,USA,B1GQ,Q,SA,XDC,Q,2009-Q4,4125688500000,0,,,,,,,,,L,,,O,OL,true,2017,,F
dataflow,IMF.STA:QNEA(7.0.0),R,USA,B1GQ,Q,SA,XDC,Q,2010-Q1,4145677500000,0,,,,,,,,,L,,,O,OL,true,2017,,F
dataflow,IMF.STA:QNEA(7.0.0),R,USA,B1GQ,Q,SA,XDC,Q,2010-Q2,4185790500000,0,,,,,,,,,L,,,O,OL,true,2017,,F
dataflow,IMF.STA:QNEA(7.0.0),R,USA,B1GQ,Q,SA,XDC,Q,2010-Q3,4218066500000,0,,,,,,,,,L,,,O,OL,true,2017,,F
dataflow,IMF.STA:QNEA(7.0.0),R,USA,B1GQ,Q,SA,XDC,Q,2010-Q4,4240216000000,0,,,,,,,,,L,,,O,OL,true,2017,,F
dataflow,IMF.STA:QNEA(7.0.0),R,USA,B1GQ,Q,SA,XDC,Q,2011-Q1,4230158000000,0,,,,,,,,,L,,,O,OL,true,2017,,F
dataflow,IMF.STA:QNEA(7.0.0),R,USA,B1GQ,Q,SA,XDC,Q,2011-Q2,4258778500000,0,,,,,,,,,L,,,O,OL,true,2017,,F
dataflow,IMF.STA:QNEA(7.0.0),R,USA,B1GQ,Q,SA,XDC,Q,2011-Q3,4257828300000,0,,,,,,,,,L,,,O,OL,true,2017,,F
dataflow,IMF.STA:QNEA(7.0.0),R,USA,B1GQ,Q,SA,XDC,Q,2011-Q4,4305645800000,0,,,,,,,,,L,,,O,OL,true,2017,,F
dataflow,IMF.STA:QNEA(7.0.0),R,USA,B1GQ,Q,SA,XDC,Q,2012-Q1,4341752500000,0,,,,,,,,,L,,,O,OL,true,2017,,F
dataflow,IMF.STA:QNEA(7.0.0),R,USA,B1GQ,Q,SA,XDC,Q,2012-Q2,4361131300000,0,,,,,,,,,L,,,O,OL,true,2017,,F
dataflow,IMF.STA:QNEA(7.0.0),R,USA,B1GQ,Q,SA,XDC,Q,2012-Q3,4367412500000,0,,,,,,,,,L,,,O,OL,true,2017,,F
dataflow,IMF.STA:QNEA(7.0.0),R,USA,B1GQ,Q,SA,XDC,Q,2012-Q4,4372463000000,0,,,,,,,,,L,,,O,OL,true,2017,,F
dataflow,IMF.STA:QNEA(7.0.0),R,USA,B1GQ,Q,SA,XDC,Q,2013-Q1,4415600000000,0,,,,,,,,,L,,,O,OL,true,2017,,F
dataflow,IMF.STA:QNEA(7.0.0),R,USA,B1GQ,Q,SA,XDC,Q,2013-Q2,4427417800000,0,,,,,,,,,L,,,O,OL,true,2017,,F
dataflow,IMF.STA:QNEA(7.0.0),R,USA,B1GQ,Q,SA,XDC,Q,2013-Q3,4465112500000,0,,,,,,,,,L,,,O,OL,true,2017,,F
dataflow,IMF.STA:QNEA(7.0.0),R,USA,B1GQ,Q,SA,XDC,Q,2013-Q4,4504036800000,0,,,,,,,,,L,,,O,OL,true,2017,,F
dataflow,IMF.STA:QNEA(7.0.0),R,USA,B1GQ,Q,SA,XDC,Q,2014-Q1,4488493500000,0,,,,,,,,,L,,,O,OL,true,2017,,F
dataflow,IMF.STA:QNEA(7.0.0),R,USA,B1GQ,Q,SA,XDC,Q,2014-Q2,4546477800000,0,,,,,,,,,L,,,O,OL,true,2017,,F
dataflow,IMF.STA:QNEA(7.0.0),R,USA,B1GQ,Q,SA,XDC,Q,2014-Q3,4601735300000,0,,,,,,,,,L,,,O,OL,true,2017,,F
dataflow,IMF.STA:QNEA(7.0.0),R,USA,B1GQ,Q,SA,XDC,Q,2014-Q4,4625007800000,0,,,,,,,,,L,,,O,OL,true,2017,,F
dataflow,IMF.STA:QNEA(7.0.0),R,USA,B1GQ,Q,SA,XDC,Q,2015-Q1,4666655300000,0,,,,,,,,,L,,,O,OL,true,2017,,F
dataflow,IMF.STA:QNEA(7.0.0),R,USA,B1GQ,Q,SA,XDC,Q,2015-Q2,4695560800000,0,,,,,,,,,L,,,O,OL,true,2017,,F
dataflow,IMF.STA:QNEA(7.0.0),R,USA,B1GQ,Q,SA,XDC,Q,2015-Q3,4714354500000,0,,,,,,,,,L,,,O,OL,true,2017,,F
dataflow,IMF.STA:QNEA(7.0.0),R,USA,B1GQ,Q,SA,XDC,Q,2015-Q4,4723051500000,0,,,,,,,,,L,,,O,OL,true,2017,,F
dataflow,IMF.STA:QNEA(7.0.0),R,USA,B1GQ,Q,SA,XDC,Q,2016-Q1,4750422500000,0,,,,,,,,,L,,,O,OL,true,2017,,F
dataflow,IMF.STA:QNEA(7.0.0),R,USA,B1GQ,Q,SA,XDC,Q,2016-Q2,4765677300000,0,,,,,,,,,L,,,O,OL,true,2017,,F
dataflow,IMF.STA:QNEA(7.0.0),R,USA,B1GQ,Q,SA,XDC,Q,2016-Q3,4799484500000,0,,,,,,,,,L,,,O,OL,true,2017,,F
dataflow,IMF.STA:QNEA(7.0.0),R,USA,B1GQ,Q,SA,XDC,Q,2016-Q4,4826088000000,0,,,,,,,,,L,,,O,OL,true,2017,,F
dataflow,IMF.STA:QNEA(7.0.0),R,USA,B1GQ,Q,SA,XDC,Q,2017-Q1,4849585800000,0,,,,,,,,,L,,,O,OL,true,2017,,F
dataflow,IMF.STA:QNEA(7.0.0),R,USA,B1GQ,Q,SA,XDC,Q,2017-Q2,4876737300000,0,,,,,,,,,L,,,O,OL,true,2017,,F
dataflow,IMF.STA:QNEA(7.0.0),R,USA,B1GQ,Q,SA,XDC,Q,2017-Q3,4915191500000,0,,,,,,,,,L,,,O,OL,true,2017,,F
dataflow,IMF.STA:QNEA(7.0.0),R,USA,B1GQ,Q,SA,XDC,Q,2017-Q4,4970588000000,0,,,,,,,,,L,,,O,OL,true,2017,,F
dataflow,IMF.STA:QNEA(7.0.0),R,USA,B1GQ,Q,SA,XDC,Q,2018-Q1,5011019300000,0,,,,,,,,,L,,,O,OL,true,2017,,F
dataflow,IMF.STA:QNEA(7.0.0),R,USA,B1GQ,Q,SA,XDC,Q,2018-Q2,5037619000000,0,,,,,,,,,L,,,O,OL,true,2017,,F
dataflow,IMF.STA:QNEA(7.0.0),R,USA,B1GQ,Q,SA,XDC,Q,2018-Q3,5069038500000,0,,,,,,,,,L,,,O,OL,true,2017,,F
dataflow,IMF.STA:QNEA(7.0.0),R,USA,B1GQ,Q,SA,XDC,Q,2018-Q4,5076218500000,0,,,,,,,,,L,,,O,OL,true,2017,,F
dataflow,IMF.STA:QNEA(7.0.0),R,USA,B1GQ,Q,SA,XDC,Q,2019-Q1,5107910300000,0,,,,,,,,,L,,,O,OL,true,2017,,F
dataflow,IMF.STA:QNEA(7.0.0),R,USA,B1GQ,Q,SA,XDC,Q,2019-Q2,5150568800000,0,,,,,,,,,L,,,O,OL,true,2017,,F
dataflow,IMF.STA:QNEA(7.0.0),R,USA,B1GQ,Q,SA,XDC,Q,2019-Q3,5210830500000,0,,,,,,,,,L,,,O,OL,true,2017,,F
dataflow,IMF.STA:QNEA(7.0.0),R,USA,B1GQ,Q,SA,XDC,Q,2019-Q4,5246362000000,0,,,,,,,,,L,,,O,OL,true,2017,,F
dataflow,IMF.STA:QNEA(7.0.0),R,USA,B1GQ,Q,SA,XDC,Q,2020-Q1,5177303000000,0,,,,,,,,,L,,,O,OL,true,2017,,F
dataflow,IMF.STA:QNEA(7.0.0),R,USA,B1GQ,Q,SA,XDC,Q,2020-Q2,4769498000000,0,,,,,,,,,L,,,O,OL,true,2017,,F
dataflow,IMF.STA:QNEA(7.0.0),R,USA,B1GQ,Q,SA,XDC,Q,2020-Q3,5139719800000,0,,,,,,,,,L,,,O,OL,true,2017,,F
dataflow,IMF.STA:QNEA(7.0.0),R,USA,B1GQ,Q,SA,XDC,Q,2020-Q4,5197979300000,0,,,,,,,,,L,,,O,OL,true,2017,,F
dataflow,IMF.STA:QNEA(7.0.0),R,USA,B1GQ,Q,SA,XDC,Q,2021-Q1,5270533500000,0,,,,,,,,,L,,,O,OL,true,2017,,F
dataflow,IMF.STA:QNEA(7.0.0),R,USA,B1GQ,Q,SA,XDC,Q,2021-Q2,5360232300000,0,,,,,,,,,L,,,O,OL,true,2017,,F
dataflow,IMF.STA:QNEA(7.0.0),R,USA,B1GQ,Q,SA,XDC,Q,2021-Q3,5404457000000,0,,,,,,,,,L,,,O,OL,true,2017,,F
dataflow,IMF.STA:QNEA(7.0.0),R,USA,B1GQ,Q,SA,XDC,Q,2021-Q4,5497184300000,0,,,,,,,,,L,,,O,OL,true,2017,,F
dataflow,IMF.STA:QNEA(7.0.0),R,USA,B1GQ,Q,SA,XDC,Q,2022-Q1,5483177500000,0,,,,,,,,,L,,,O,OL,true,2017,,F
dataflow,IMF.STA:QNEA(7.0.0),R,USA,B1GQ,Q,SA,XDC,Q,2022-Q2,5491761300000,0,,,,,,,,,L,,,O,OL,true,2017,,F
dataflow,IMF.STA:QNEA(7.0.0),R,USA,B1GQ,Q,SA,XDC,Q,2022-Q3,5531406300000,0,,,,,,,,,L,,,O,OL,true,2017,,F
dataflow,IMF.STA:QNEA(7.0.0),R,USA,B1GQ,Q,SA,XDC,Q,2022-Q4,5569586300000,0,,,,,,,,,L,,,O,OL,true,2017,,F
dataflow,IMF.STA:QNEA(7.0.0),R,USA,B1GQ,Q,SA,XDC,Q,2023-Q1,5609901800000,0,,,,,,,,,L,,,O,OL,true,2017,,F
dataflow,IMF.STA:QNEA(7.0.0),R,USA,B1GQ,Q,SA,XDC,Q,2023-Q2,5645124800000,0,,,,,,,,,L,,,O,OL,true,2017,,F
dataflow,IMF.STA:QNEA(7.0.0),R,USA,B1GQ,Q,SA,XDC,Q,2023-Q3,5710247300000,0,,,,,,,,,L,,,O,OL,true,2017,,F
dataflow,IMF.STA:QNEA(7.0.0),R,USA,B1GQ,Q,SA,XDC,Q,2023-Q4,5758445000000,0,,,,,,,,,L,,,O,OL,true,2017,,F
dataflow,IMF.STA:QNEA(7.0.0),R,USA,B1GQ,Q,SA,XDC,Q,2024-Q1,5770529800000,0,,,,,,,,,L,,,O,OL,true,2017,,F
dataflow,IMF.STA:QNEA(7.0.0),R,USA,B1GQ,Q,SA,XDC,Q,2024-Q2,5821627000000,0,,,,,,,,,L,,,O,OL,true,2017,,F
dataflow,IMF.STA:QNEA(7.0.0),R,USA,B1GQ,Q,SA,XDC,Q,2024-Q3,5869642500000,0,,,,,,,,,L,,,O,OL,true,2017,,F
dataflow,IMF.STA:QNEA(7.0.0),R,USA,B1GQ,Q,SA,XDC,Q,2024-Q4,5896635500000,0,,,,,,,,,L,,,O,OL,true,2017,,F
dataflow,IMF.STA:QNEA(7.0.0),R,USA,B1GQ,Q,SA,XDC,Q,2025-Q1,5887052500000,0,,,,,,,,,L,,,O,OL,true,2017,,F
dataflow,IMF.STA:QNEA(7.0.0),R,USA,B1GQ,Q,SA,XDC,Q,2025-Q2,5942744000000,0,,,,,,,,,L,,,O,OL,true,2017,,F
dataflow,IMF.STA:QNEA(7.0.0),R,USA,B1GQ,Q,SA,XDC,Q,2025-Q3,6006708500000,0,,,,,,,,,L,,,O,OL,true,2017,,F
dataflow,IMF.STA:QNEA(7.0.0),R,USA,B1GQ,Q,SA,XDC,Q,2025-Q4,6013937300000,0,,,,,,,,,L,,,O,OL,true,2017,,F
dataflow,IMF.STA:QNEA(7.0.0),R,USA,B1GQ,Q,SA,XDC,Q,2026-Q1,6045104800000,0,,,,,,,,,L,,,O,OL,true,2017,,F
dataflow,IMF.STA:QNEA(7.0.0),R,USA,B1GQ,Q,SA,XDC,Q,2026-Q2,6067403300000,0,,,,,,,,,L,,,O,OL,true,2017,,F
dataflow,IMF.STA:QNEA(7.0.0),R,ZAF,B1GQ,Q,SA,XDC,Q,1993-Q1,570937300000,0,,,,,,,,,FB,,,O,OL,true,2015,,F
dataflow,IMF.STA:QNEA(7.0.0),R,ZAF,B1GQ,Q,SA,XDC,Q,1993-Q2,574835400000,0,,,,,,,,,FB,,,O,OL,true,2015,,F
dataflow,IMF.STA:QNEA(7.0.0),R,ZAF,B1GQ,Q,SA,XDC,Q,1993-Q3,582207000000,0,,,,,,,,,FB,,,O,OL,true,2015,,F
dataflow,IMF.STA:QNEA(7.0.0),R,ZAF,B1GQ,Q,SA,XDC,Q,1993-Q4,587176100000,0,,,,,,,,,FB,,,O,OL,true,2015,,F
dataflow,IMF.STA:QNEA(7.0.0),R,ZAF,B1GQ,Q,SA,XDC,Q,1994-Q1,586899400000,0,,,,,,,,,FB,,,O,OL,true,2015,,F
dataflow,IMF.STA:QNEA(7.0.0),R,ZAF,B1GQ,Q,SA,XDC,Q,1994-Q2,592625500000,0,,,,,,,,,FB,,,O,OL,true,2015,,F
dataflow,IMF.STA:QNEA(7.0.0),R,ZAF,B1GQ,Q,SA,XDC,Q,1994-Q3,599289700000,0,,,,,,,,,FB,,,O,OL,true,2015,,F
dataflow,IMF.STA:QNEA(7.0.0),R,ZAF,B1GQ,Q,SA,XDC,Q,1994-Q4,610426200000,0,,,,,,,,,FB,,,O,OL,true,2015,,F
dataflow,IMF.STA:QNEA(7.0.0),R,ZAF,B1GQ,Q,SA,XDC,Q,1995-Q1,611952000000,0,,,,,,,,,FB,,,O,OL,true,2015,,F
dataflow,IMF.STA:QNEA(7.0.0),R,ZAF,B1GQ,Q,SA,XDC,Q,1995-Q2,613711200000,0,,,,,,,,,FB,,,O,OL,true,2015,,F
dataflow,IMF.STA:QNEA(7.0.0),R,ZAF,B1GQ,Q,SA,XDC,Q,1995-Q3,617783000000,0,,,,,,,,,FB,,,O,OL,true,2015,,F
dataflow,IMF.STA:QNEA(7.0.0),R,ZAF,B1GQ,Q,SA,XDC,Q,1995-Q4,619861000000,0,,,,,,,,,FB,,,O,OL,true,2015,,F
dataflow,IMF.STA:QNEA(7.0.0),R,ZAF,B1GQ,Q,SA,XDC,Q,1996-Q1,631343900000,0,,,,,,,,,FB,,,O,OL,true,2015,,F
dataflow,IMF.STA:QNEA(7.0.0),R,ZAF,B1GQ,Q,SA,XDC,Q,1996-Q2,638865500000,0,,,,,,,,,FB,,,O,OL,true,2015,,F
dataflow,IMF.STA:QNEA(7.0.0),R,ZAF,B1GQ,Q,SA,XDC,Q,1996-Q3,646477500000,0,,,,,,,,,FB,,,O,OL,true,2015,,F
dataflow,IMF.STA:QNEA(7.0.0),R,ZAF,B1GQ,Q,SA,XDC,Q,1996-Q4,652542500000,0,,,,,,,,,FB,,,O,OL,true,2015,,F
dataflow,IMF.STA:QNEA(7.0.0),R,ZAF,B1GQ,Q,SA,XDC,Q,1997-Q1,655571800000,0,,,,,,,,,FB,,,O,OL,true,2015,,F
dataflow,IMF.STA:QNEA(7.0.0),R,ZAF,B1GQ,Q,SA,XDC,Q,1997-Q2,659684900000,0,,,,,,,,,FB,,,O,OL,true,2015,,F
dataflow,IMF.STA:QNEA(7.0.0),R,ZAF,B1GQ,Q,SA,XDC,Q,1997-Q3,660340800000,0,,,,,,,,,FB,,,O,OL,true,2015,,F
dataflow,IMF.STA:QNEA(7.0.0),R,ZAF,B1GQ,Q,SA,XDC,Q,1997-Q4,660432000000,0,,,,,,,,,FB,,,O,OL,true,2015,,F
dataflow,IMF.STA:QNEA(7.0.0),R,ZAF,B1GQ,Q,SA,XDC,Q,1998-Q1,662167000000,0,,,,,,,,,FB,,,O,OL,true,2015,,F
dataflow,IMF.STA:QNEA(7.0.0),R,ZAF,B1GQ,Q,SA,XDC,Q,1998-Q2,663103500000,0,,,,,,,,,FB,,,O,OL,true,2015,,F
dataflow,IMF.STA:QNEA(7.0.0),R,ZAF,B1GQ,Q,SA,XDC,Q,1998-Q3,661651000000,0,,,,,,,,,FB,,,O,OL,true,2015,,F
dataflow,IMF.STA:QNEA(7.0.0),R,ZAF,B1GQ,Q,SA,XDC,Q,1998-Q4,662288100000,0,,,,,,,,,FB,,,O,OL,true,2015,,F
dataflow,IMF.STA:QNEA(7.0.0),R,ZAF,B1GQ,Q,SA,XDC,Q,1999-Q1,668653100000,0,,,,,,,,,FB,,,O,OL,true,2015,,F
dataflow,IMF.STA:QNEA(7.0.0),R,ZAF,B1GQ,Q,SA,XDC,Q,1999-Q2,673974900000,0,,,,,,,,,FB,,,O,OL,true,2015,,F
dataflow,IMF.STA:QNEA(7.0.0),R,ZAF,B1GQ,Q,SA,XDC,Q,1999-Q3,681334000000,0,,,,,,,,,FB,,,O,OL,true,2015,,F
dataflow,IMF.STA:QNEA(7.0.0),R,ZAF,B1GQ,Q,SA,XDC,Q,1999-Q4,688828600000,0,,,,,,,,,FB,,,O,OL,true,2015,,F
dataflow,IMF.STA:QNEA(7.0.0),R,ZAF,B1GQ,Q,SA,XDC,Q,2000-Q1,696879900000,0,,,,,,,,,FB,,,O,OL,true,2015,,F
dataflow,IMF.STA:QNEA(7.0.0),R,ZAF,B1GQ,Q,SA,XDC,Q,2000-Q2,703291100000,0,,,,,,,,,FB,,,O,OL,true,2015,,F
dataflow,IMF.STA:QNEA(7.0.0),R,ZAF,B1GQ,Q,SA,XDC,Q,2000-Q3,710256400000,0,,,,,,,,,FB,,,O,OL,true,2015,,F
dataflow,IMF.STA:QNEA(7.0.0),R,ZAF,B1GQ,Q,SA,XDC,Q,2000-Q4,716300400000,0,,,,,,,,,FB,,,O,OL,true,2015,,F
dataflow,IMF.STA:QNEA(7.0.0),R,ZAF,B1GQ,Q,SA,XDC,Q,2001-Q1,720702200000,0,,,,,,,,,FB,,,O,OL,true,2015,,F
dataflow,IMF.STA:QNEA(7.0.0),R,ZAF,B1GQ,Q,SA,XDC,Q,2001-Q2,724303500000,0,,,,,,,,,FB,,,O,OL,true,2015,,F
dataflow,IMF.STA:QNEA(7.0.0),R,ZAF,B1GQ,Q,SA,XDC,Q,2001-Q3,726228400000,0,,,,,,,,,FB,,,O,OL,true,2015,,F
dataflow,IMF.STA:QNEA(7.0.0),R,ZAF,B1GQ,Q,SA,XDC,Q,2001-Q4,731815400000,0,,,,,,,,,FB,,,O,OL,true,2015,,F
dataflow,IMF.STA:QNEA(7.0.0),R,ZAF,B1GQ,Q,SA,XDC,Q,2002-Q1,739763000000,0,,,,,,,,,FB,,,O,OL,true,2015,,F
dataflow,IMF.STA:QNEA(7.0.0),R,ZAF,B1GQ,Q,SA,XDC,Q,2002-Q2,749149500000,0,,,,,,,,,FB,,,O,OL,true,2015,,F
dataflow,IMF.STA:QNEA(7.0.0),R,ZAF,B1GQ,Q,SA,XDC,Q,2002-Q3,757628600000,0,,,,,,,,,FB,,,O,OL,true,2015,,F
dataflow,IMF.STA:QNEA(7.0.0),R,ZAF,B1GQ,Q,SA,XDC,Q,2002-Q4,763932000000,0,,,,,,,,,FB,,,O,OL,true,2015,,F
dataflow,IMF.STA:QNEA(7.0.0),R,ZAF,B1GQ,Q,SA,XDC,Q,2003-Q1,768781200000,0,,,,,,,,,FB,,,O,OL,true,2015,,F
dataflow,IMF.STA:QNEA(7.0.0),R,ZAF,B1GQ,Q,SA,XDC,Q,2003-Q2,772535700000,0,,,,,,,,,FB,,,O,OL,true,2015,,F
dataflow,IMF.STA:QNEA(7.0.0),R,ZAF,B1GQ,Q,SA,XDC,Q,2003-Q3,776728100000,0,,,,,,,,,FB,,,O,OL,true,2015,,F
dataflow,IMF.STA:QNEA(7.0.0),R,ZAF,B1GQ,Q,SA,XDC,Q,2003-Q4,781209300000,0,,,,,,,,,FB,,,O,OL,true,2015,,F
dataflow,IMF.STA:QNEA(7.0.0),R,ZAF,B1GQ,Q,SA,XDC,Q,2004-Q1,793035100000,0,,,,,,,,,FB,,,O,OL,true,2015,,F
dataflow,IMF.STA:QNEA(7.0.0),R,ZAF,B1GQ,Q,SA,XDC,Q,2004-Q2,804117400000,0,,,,,,,,,FB,,,O,OL,true,2015,,F
dataflow,IMF.STA:QNEA(7.0.0),R,ZAF,B1GQ,Q,SA,XDC,Q,2004-Q3,817265700000,0,,,,,,,,,FB,,,O,OL,true,2015,,F
dataflow,IMF.STA:QNEA(7.0.0),R,ZAF,B1GQ,Q,SA,XDC,Q,2004-Q4,825993500000,0,,,,,,,,,FB,,,O,OL,true,2015,,F
dataflow,IMF.STA:QNEA(7.0.0),R,ZAF,B1GQ,Q,SA,XDC,Q,2005-Q1,834390500000,0,,,,,,,,,FB,,,O,OL,true,2015,,F
dataflow,IMF.STA:QNEA(7.0.0),R,ZAF,B1GQ,Q,SA,XDC,Q,2005-Q2,849364100000,0,,,,,,,,,FB,,,O,OL,true,2015,,F
dataflow,IMF.STA:QNEA(7.0.0),R,ZAF,B1GQ,Q,SA,XDC,Q,2005-Q3,860946200000,0,,,,,,,,,FB,,,O,OL,true,2015,,F
dataflow,IMF.STA:QNEA(7.0.0),R,ZAF,B1GQ,Q,SA,XDC,Q,2005-Q4,866709000000,0,,,,,,,,,FB,,,O,OL,true,2015,,F
dataflow,IMF.STA:QNEA(7.0.0),R,ZAF,B1GQ,Q,SA,XDC,Q,2006-Q1,881938500000,0,,,,,,,,,FB,,,O,OL,true,2015,,F
dataflow,IMF.STA:QNEA(7.0.0),R,ZAF,B1GQ,Q,SA,XDC,Q,2006-Q2,894464200000,0,,,,,,,,,FB,,,O,OL,true,2015,,F
dataflow,IMF.STA:QNEA(7.0.0),R,ZAF,B1GQ,Q,SA,XDC,Q,2006-Q3,906818100000,0,,,,,,,,,FB,,,O,OL,true,2015,,F
dataflow,IMF.STA:QNEA(7.0.0),R,ZAF,B1GQ,Q,SA,XDC,Q,2006-Q4,919357800000,0,,,,,,,,,FB,,,O,OL,true,2015,,F
dataflow,IMF.STA:QNEA(7.0.0),R,ZAF,B1GQ,Q,SA,XDC,Q,2007-Q1,934285100000,0,,,,,,,,,FB,,,O,OL,true,2015,,F
dataflow,IMF.STA:QNEA(7.0.0),R,ZAF,B1GQ,Q,SA,XDC,Q,2007-Q2,941942100000,0,,,,,,,,,FB,,,O,OL,true,2015,,F
dataflow,IMF.STA:QNEA(7.0.0),R,ZAF,B1GQ,Q,SA,XDC,Q,2007-Q3,952981100000,0,,,,,,,,,FB,,,O,OL,true,2015,,F
dataflow,IMF.STA:QNEA(7.0.0),R,ZAF,B1GQ,Q,SA,XDC,Q,2007-Q4,966485600000,0,,,,,,,,,FB,,,O,OL,true,2015,,F
dataflow,IMF.STA:QNEA(7.0.0),R,ZAF,B1GQ,Q,SA,XDC,Q,2008-Q1,970544900000,0,,,,,,,,,FB,,,O,OL,true,2015,,F
dataflow,IMF.STA:QNEA(7.0.0),R,ZAF,B1GQ,Q,SA,XDC,Q,2008-Q2,982394100000,0,,,,,,,,,FB,,,O,OL,true,2015,,F
dataflow,IMF.STA:QNEA(7.0.0),R,ZAF,B1GQ,Q,SA,XDC,Q,2008-Q3,984741400000,0,,,,,,,,,FB,,,O,OL,true,2015,,F
dataflow,IMF.STA:QNEA(7.0.0),R,ZAF,B1GQ,Q,SA,XDC,Q,2008-Q4,979135800000,0,,,,,,,,,FB,,,O,OL,true,2015,,F
dataflow,IMF.STA:QNEA(7.0.0),R,ZAF,B1GQ,Q,SA,XDC,Q,2009-Q1,963904900000,0,,,,,,,,,FB,,,O,OL,true,2015,,F
dataflow,IMF.STA:QNEA(7.0.0),R,ZAF,B1GQ,Q,SA,XDC,Q,2009-Q2,960596700000,0,,,,,,,,,FB,,,O,OL,true,2015,,F
dataflow,IMF.STA:QNEA(7.0.0),R,ZAF,B1GQ,Q,SA,XDC,Q,2009-Q3,962824400000,0,,,,,,,,,FB,,,O,OL,true,2015,,F
dataflow,IMF.STA:QNEA(7.0.0),R,ZAF,B1GQ,Q,SA,XDC,Q,2009-Q4,969246100000,0,,,,,,,,,FB,,,O,OL,true,2015,,F
dataflow,IMF.STA:QNEA(7.0.0),R,ZAF,B1GQ,Q,SA,XDC,Q,2010-Q1,980554600000,0,,,,,,,,,FB,,,O,OL,true,2015,,F
dataflow,IMF.STA:QNEA(7.0.0),R,ZAF,B1GQ,Q,SA,XDC,Q,2010-Q2,988785500000,0,,,,,,,,,FB,,,O,OL,true,2015,,F
dataflow,IMF.STA:QNEA(7.0.0),R,ZAF,B1GQ,Q,SA,XDC,Q,2010-Q3,997588100000,0,,,,,,,,,FB,,,O,OL,true,2015,,F
dataflow,IMF.STA:QNEA(7.0.0),R,ZAF,B1GQ,Q,SA,XDC,Q,2010-Q4,1006873500000,0,,,,,,,,,FB,,,O,OL,true,2015,,F
dataflow,IMF.STA:QNEA(7.0.0),R,ZAF,B1GQ,Q,SA,XDC,Q,2011-Q1,1016789200000,0,,,,,,,,,FB,,,O,OL,true,2015,,F
dataflow,IMF.STA:QNEA(7.0.0),R,ZAF,B1GQ,Q,SA,XDC,Q,2011-Q2,1022479800000,0,,,,,,,,,FB,,,O,OL,true,2015,,F
dataflow,IMF.STA:QNEA(7.0.0),R,ZAF,B1GQ,Q,SA,XDC,Q,2011-Q3,1026710600000,0,,,,,,,,,FB,,,O,OL,true,2015,,F
dataflow,IMF.STA:QNEA(7.0.0),R,ZAF,B1GQ,Q,SA,XDC,Q,2011-Q4,1033734200000,0,,,,,,,,,FB,,,O,OL,true,2015,,F
dataflow,IMF.STA:QNEA(7.0.0),R,ZAF,B1GQ,Q,SA,XDC,Q,2012-Q1,1039593800000,0,,,,,,,,,FB,,,O,OL,true,2015,,F
dataflow,IMF.STA:QNEA(7.0.0),R,ZAF,B1GQ,Q,SA,XDC,Q,2012-Q2,1048271700000,0,,,,,,,,,FB,,,O,OL,true,2015,,F
dataflow,IMF.STA:QNEA(7.0.0),R,ZAF,B1GQ,Q,SA,XDC,Q,2012-Q3,1052533500000,0,,,,,,,,,FB,,,O,OL,true,2015,,F
dataflow,IMF.STA:QNEA(7.0.0),R,ZAF,B1GQ,Q,SA,XDC,Q,2012-Q4,1057553500000,0,,,,,,,,,FB,,,O,OL,true,2015,,F
dataflow,IMF.STA:QNEA(7.0.0),R,ZAF,B1GQ,Q,SA,XDC,Q,2013-Q1,1065760300000,0,,,,,,,,,FB,,,O,OL,true,2015,,F
dataflow,IMF.STA:QNEA(7.0.0),R,ZAF,B1GQ,Q,SA,XDC,Q,2013-Q2,1073512500000,0,,,,,,,,,FB,,,O,OL,true,2015,,F
dataflow,IMF.STA:QNEA(7.0.0),R,ZAF,B1GQ,Q,SA,XDC,Q,2013-Q3,1078605800000,0,,,,,,,,,FB,,,O,OL,true,2015,,F
dataflow,IMF.STA:QNEA(7.0.0),R,ZAF,B1GQ,Q,SA,XDC,Q,2013-Q4,1084412500000,0,,,,,,,,,FB,,,O,OL,true,2015,,F
dataflow,IMF.STA:QNEA(7.0.0),R,ZAF,B1GQ,Q,SA,XDC,Q,2014-Q1,1082916700000,0,,,,,,,,,FB,,,O,OL,true,2015,,F
dataflow,IMF.STA:QNEA(7.0.0),R,ZAF,B1GQ,Q,SA,XDC,Q,2014-Q2,1087190700000,0,,,,,,,,,FB,,,O,OL,true,2015,,F
dataflow,IMF.STA:QNEA(7.0.0),R,ZAF,B1GQ,Q,SA,XDC,Q,2014-Q3,1092415500000,0,,,,,,,,,FB,,,O,OL,true,2015,,F
dataflow,IMF.STA:QNEA(7.0.0),R,ZAF,B1GQ,Q,SA,XDC,Q,2014-Q4,1100595200000,0,,,,,,,,,FB,,,O,OL,true,2015,,F
dataflow,IMF.STA:QNEA(7.0.0),R,ZAF,B1GQ,Q,SA,XDC,Q,2015-Q1,1108545400000,0,,,,,,,,,FB,,,O,OL,true,2015,,F
dataflow,IMF.STA:QNEA(7.0.0),R,ZAF,B1GQ,Q,SA,XDC,Q,2015-Q2,1099186400000,0,,,,,,,,,FB,,,O,OL,true,2015,,F
dataflow,IMF.STA:QNEA(7.0.0),R,ZAF,B1GQ,Q,SA,XDC,Q,2015-Q3,1104137400000,0,,,,,,,,,FB,,,O,OL,true,2015,,F
dataflow,IMF.STA:QNEA(7.0.0),R,ZAF,B1GQ,Q,SA,XDC,Q,2015-Q4,1108923400000,0,,,,,,,,,FB,,,O,OL,true,2015,,F
dataflow,IMF.STA:QNEA(7.0.0),R,ZAF,B1GQ,Q,SA,XDC,Q,2016-Q1,1111572200000,0,,,,,,,,,FB,,,O,OL,true,2015,,F
dataflow,IMF.STA:QNEA(7.0.0),R,ZAF,B1GQ,Q,SA,XDC,Q,2016-Q2,1112641700000,0,,,,,,,,,FB,,,O,OL,true,2015,,F
dataflow,IMF.STA:QNEA(7.0.0),R,ZAF,B1GQ,Q,SA,XDC,Q,2016-Q3,1112506200000,0,,,,,,,,,FB,,,O,OL,true,2015,,F
dataflow,IMF.STA:QNEA(7.0.0),R,ZAF,B1GQ,Q,SA,XDC,Q,2016-Q4,1113450800000,0,,,,,,,,,FB,,,O,OL,true,2015,,F
dataflow,IMF.STA:QNEA(7.0.0),R,ZAF,B1GQ,Q,SA,XDC,Q,2017-Q1,1118707700000,0,,,,,,,,,FB,,,O,OL,true,2015,,F
dataflow,IMF.STA:QNEA(7.0.0),R,ZAF,B1GQ,Q,SA,XDC,Q,2017-Q2,1124808100000,0,,,,,,,,,FB,,,O,OL,true,2015,,F
dataflow,IMF.STA:QNEA(7.0.0),R,ZAF,B1GQ,Q,SA,XDC,Q,2017-Q3,1126876600000,0,,,,,,,,,FB,,,O,OL,true,2015,,F
dataflow,IMF.STA:QNEA(7.0.0),R,ZAF,B1GQ,Q,SA,XDC,Q,2017-Q4,1131309200000,0,,,,,,,,,FB,,,O,OL,true,2015,,F
dataflow,IMF.STA:QNEA(7.0.0),R,ZAF,B1GQ,Q,SA,XDC,Q,2018-Q1,1137294200000,0,,,,,,,,,FB,,,O,OL,true,2015,,F
dataflow,IMF.STA:QNEA(7.0.0),R,ZAF,B1GQ,Q,SA,XDC,Q,2018-Q2,1134466200000,0,,,,,,,,,FB,,,O,OL,true,2015,,F
dataflow,IMF.STA:QNEA(7.0.0),R,ZAF,B1GQ,Q,SA,XDC,Q,2018-Q3,1148418100000,0,,,,,,,,,FB,,,O,OL,true,2015,,F
dataflow,IMF.STA:QNEA(7.0.0),R,ZAF,B1GQ,Q,SA,XDC,Q,2018-Q4,1151604900000,0,,,,,,,,,FB,,,O,OL,true,2015,,F
dataflow,IMF.STA:QNEA(7.0.0),R,ZAF,B1GQ,Q,SA,XDC,Q,2019-Q1,1141546400000,0,,,,,,,,,FB,,,O,OL,true,2015,,F
dataflow,IMF.STA:QNEA(7.0.0),R,ZAF,B1GQ,Q,SA,XDC,Q,2019-Q2,1146708600000,0,,,,,,,,,FB,,,O,OL,true,2015,,F
dataflow,IMF.STA:QNEA(7.0.0),R,ZAF,B1GQ,Q,SA,XDC,Q,2019-Q3,1147913900000,0,,,,,,,,,FB,,,O,OL,true,2015,,F
dataflow,IMF.STA:QNEA(7.0.0),R,ZAF,B1GQ,Q,SA,XDC,Q,2019-Q4,1147498200000,0,,,,,,,,,FB,,,O,OL,true,2015,,F
dataflow,IMF.STA:QNEA(7.0.0),R,ZAF,B1GQ,Q,SA,XDC,Q,2020-Q1,1147036800000,0,,,,,,,,,FB,,,O,OL,true,2015,,F
dataflow,IMF.STA:QNEA(7.0.0),R,ZAF,B1GQ,Q,SA,XDC,Q,2020-Q2,953846200000,0,,,,,,,,,FB,,,O,OL,true,2015,,F
dataflow,IMF.STA:QNEA(7.0.0),R,ZAF,B1GQ,Q,SA,XDC,Q,2020-Q3,1085060900000,0,,,,,,,,,FB,,,O,OL,true,2015,,F
dataflow,IMF.STA:QNEA(7.0.0),R,ZAF,B1GQ,Q,SA,XDC,Q,2020-Q4,1114960500000,0,,,,,,,,,FB,,,O,OL,true,2015,,F
dataflow,IMF.STA:QNEA(7.0.0),R,ZAF,B1GQ,Q,SA,XDC,Q,2021-Q1,1121207800000,0,,,,,,,,,FB,,,O,OL,true,2015,,F
dataflow,IMF.STA:QNEA(7.0.0),R,ZAF,B1GQ,Q,SA,XDC,Q,2021-Q2,1136768600000,0,,,,,,,,,FB,,,O,OL,true,2015,,F
dataflow,IMF.STA:QNEA(7.0.0),R,ZAF,B1GQ,Q,SA,XDC,Q,2021-Q3,1117010000000,0,,,,,,,,,FB,,,O,OL,true,2015,,F
dataflow,IMF.STA:QNEA(7.0.0),R,ZAF,B1GQ,Q,SA,XDC,Q,2021-Q4,1134883900000,0,,,,,,,,,FB,,,O,OL,true,2015,,F
dataflow,IMF.STA:QNEA(7.0.0),R,ZAF,B1GQ,Q,SA,XDC,Q,2022-Q1,1152147100000,0,,,,,,,,,FB,,,O,OL,true,2015,,F
dataflow,IMF.STA:QNEA(7.0.0),R,ZAF,B1GQ,Q,SA,XDC,Q,2022-Q2,1141637000000,0,,,,,,,,,FB,,,O,OL,true,2015,,F
dataflow,IMF.STA:QNEA(7.0.0),R,ZAF,B1GQ,Q,SA,XDC,Q,2022-Q3,1162811000000,0,,,,,,,,,FB,,,O,OL,true,2015,,F
dataflow,IMF.STA:QNEA(7.0.0),R,ZAF,B1GQ,Q,SA,XDC,Q,2022-Q4,1146094500000,0,,,,,,,,,FB,,,O,OL,true,2015,,F
dataflow,IMF.STA:QNEA(7.0.0),R,ZAF,B1GQ,Q,SA,XDC,Q,2023-Q1,1154024400000,0,,,,,,,,,FB,,,O,OL,true,2015,,F
dataflow,IMF.STA:QNEA(7.0.0),R,ZAF,B1GQ,Q,SA,XDC,Q,2023-Q2,1163383400000,0,,,,,,,,,FB,,,O,OL,true,2015,,F
dataflow,IMF.STA:QNEA(7.0.0),R,ZAF,B1GQ,Q,SA,XDC,Q,2023-Q3,1158936100000,0,,,,,,,,,FB,,,O,OL,true,2015,,F
dataflow,IMF.STA:QNEA(7.0.0),R,ZAF,B1GQ,Q,SA,XDC,Q,2023-Q4,1163448000000,0,,,,,,,,,FB,,,O,OL,true,2015,,F
dataflow,IMF.STA:QNEA(7.0.0),R,ZAF,B1GQ,Q,SA,XDC,Q,2024-Q1,1164447900000,0,,,,,,,,,FB,,,O,OL,true,2015,,F
dataflow,IMF.STA:QNEA(7.0.0),R,ZAF,B1GQ,Q,SA,XDC,Q,2024-Q2,1167433100000,0,,,,,,,,,FB,,,O,OL,true,2015,,F
dataflow,IMF.STA:QNEA(7.0.0),R,ZAF,B1GQ,Q,SA,XDC,Q,2024-Q3,1164042300000,0,,,,,,,,,FB,,,O,OL,true,2015,,F
dataflow,IMF.STA:QNEA(7.0.0),R,ZAF,B1GQ,Q,SA,XDC,Q,2024-Q4,1168684400000,0,,,,,,,,,FB,,,O,OL,true,2015,,F
dataflow,IMF.STA:QNEA(7.0.0),R,ZAF,B1GQ,Q,SA,XDC,Q,2025-Q1,1169274000000,0,,,,,,,,,FB,,,O,OL,true,2015,,F
dataflow,IMF.STA:QNEA(7.0.0),R,ZAF,B1GQ,Q,SA,XDC,Q,2025-Q2,1178624500000,0,,,,,,,,,FB,,,O,OL,true,2015,,F
dataflow,IMF.STA:QNEA(7.0.0),R,ZAF,B1GQ,Q,SA,XDC,Q,2025-Q3,1182149300000,0,,,,,,,,,FB,,,O,OL,true,2015,,F
dataflow,IMF.STA:QNEA(7.0.0),R,ZAF,B1GQ,Q,SA,XDC,Q,2025-Q4,1186552800000,0,,,,,,,,,FB,,,O,OL,true,2015,,F
dataflow,IMF.STA:QNEA(7.0.0),R,ZAF,B1GQ,Q,SA,XDC,Q,2026-Q1,1193022700000,0,,,,,,,,,FB,,,O,OL,true,2015,,F
