country,country_name,iso3,year,quarter,time,period,t,realGDPsa_usd_pa_empl,y
ALB,Albania,ALB,2002,1,2002.0,2002-Q1,2002q1,0.0016686581766862,-6.395735462536428
ALB,Albania,ALB,2002,2,2002.25,2002-Q2,2002q2,0.0016855139521761,-6.385684745557525
ALB,Albania,ALB,2002,3,2002.5,2002-Q3,2002q3,0.0017125027561469,-6.369799378400343
ALB,Albania,ALB,2002,4,2002.75,2002-Q4,2002q4,0.0017616937713393,-6.3414795626341265
ALB,Albania,ALB,2003,1,2003.0,2003-Q1,2003q1,0.001784374398833,-6.328687402026155
ALB,Albania,ALB,2003,2,2003.25,2003-Q2,2003q2,0.0018049306353516,-6.317233117103801
ALB,Albania,ALB,2003,3,2003.5,2003-Q3,2003q3,0.0018315821352954,-6.302575130834819
ALB,Albania,ALB,2003,4,2003.75,2003-Q4,2003q4,0.0018379894402582,-6.299083000300075
ALB,Albania,ALB,2004,1,2004.0,2004-Q1,2004q1,0.0018733951773915,-6.280002891447121
ALB,Albania,ALB,2004,2,2004.25,2004-Q2,2004q2,0.0019051536938433,-6.263192594475028
ALB,Albania,ALB,2004,3,2004.5,2004-Q3,2004q3,0.0019383767437747,-6.245904386173891
ALB,Albania,ALB,2004,4,2004.75,2004-Q4,2004q4,0.0019852661965117,-6.222002269798005
ALB,Albania,ALB,2005,1,2005.0,2005-Q1,2005q1,0.0019933267568841,-6.217950298915173
ALB,Albania,ALB,2005,2,2005.25,2005-Q2,2005q2,0.0020477518003199,-6.191012770399177
ALB,Albania,ALB,2005,3,2005.5,2005-Q3,2005q3,0.0020690324921753,-6.180674176052386
ALB,Albania,ALB,2005,4,2005.75,2005-Q4,2005q4,0.0020794776012382,-6.175638570064035
ALB,Albania,ALB,2006,1,2006.0,2006-Q1,2006q1,0.0023079921015879,-6.0713773525310915
ALB,Albania,ALB,2006,2,2006.25,2006-Q2,2006q2,0.0023343834385846,-6.060007474727174
ALB,Albania,ALB,2006,3,2006.5,2006-Q3,2006q3,0.0023777514238099,-6.041600017796407
ALB,Albania,ALB,2006,4,2006.75,2006-Q4,2006q4,0.0024161125239691,-6.025595425503605
ALB,Albania,ALB,2007,1,2007.0,2007-Q1,2007q1,0.0026467662485863,-5.93441666768858
ALB,Albania,ALB,2007,2,2007.25,2007-Q2,2007q2,0.0026928932406864,-5.917139109203845
ALB,Albania,ALB,2007,3,2007.5,2007-Q3,2007q3,0.0027551280061247,-5.894291374253482
ALB,Albania,ALB,2007,4,2007.75,2007-Q4,2007q4,0.0028768053691851,-5.8510748473145835
ALB,Albania,ALB,2008,1,2008.0,2008-Q1,2008q1,0.0025029641907941,-5.990279573149381
ALB,Albania,ALB,2008,2,2008.25,2008-Q2,2008q2,0.0025388299846301,-5.976051940049435
ALB,Albania,ALB,2008,3,2008.5,2008-Q3,2008q3,0.0026177509398093,-5.945439749782613
ALB,Albania,ALB,2008,4,2008.75,2008-Q4,2008q4,0.0026209726301466,-5.944209797218627
ALB,Albania,ALB,2009,1,2009.0,2009-Q1,2009q1,0.0025644486060536,-5.966011791868579
ALB,Albania,ALB,2009,2,2009.25,2009-Q2,2009q2,0.0025789136137286,-5.960387048677823
ALB,Albania,ALB,2009,3,2009.5,2009-Q3,2009q3,0.0025354522993299,-5.977383236027881
ALB,Albania,ALB,2009,4,2009.75,2009-Q4,2009q4,0.0025108067400155,-5.98715116711495
ALB,Albania,ALB,2010,1,2010.0,2010-Q1,2010q1,0.0025677197226033,-5.96473704139931
ALB,Albania,ALB,2010,2,2010.25,2010-Q2,2010q2,0.0026058341591605,-5.9500024403856315
ALB,Albania,ALB,2010,3,2010.5,2010-Q3,2010q3,0.0026025434437574,-5.9512660645280615
ALB,Albania,ALB,2010,4,2010.75,2010-Q4,2010q4,0.0025961884918346,-5.953710874211222
ALB,Albania,ALB,2011,1,2011.0,2011-Q1,2011q1,0.0027281529463666,-5.904130475188875
ALB,Albania,ALB,2011,2,2011.25,2011-Q2,2011q2,0.0026238801709392,-5.943101075505848
ALB,Albania,ALB,2011,3,2011.5,2011-Q3,2011q3,0.0026640825845234,-5.927895526588019
ALB,Albania,ALB,2011,4,2011.75,2011-Q4,2011q4,0.002698709290134,-5.914981660960843
ALB,Albania,ALB,2012,1,2012.0,2012-Q1,2012q1,0.0026955762142714,-5.916143288839957
ALB,Albania,ALB,2012,2,2012.25,2012-Q2,2012q2,0.0026995911446194,-5.9146549453569595
ALB,Albania,ALB,2012,3,2012.5,2012-Q3,2012q3,0.0028677179999192,-5.854238687467125
ALB,Albania,ALB,2012,4,2012.75,2012-Q4,2012q4,0.0028098900550221,-5.874609922728592
ALB,Albania,ALB,2013,1,2013.0,2013-Q1,2013q1,0.0028802864080421,-5.849865542541991
ALB,Albania,ALB,2013,2,2013.25,2013-Q2,2013q2,0.0031603917262834,-5.7570592950524855
ALB,Albania,ALB,2013,3,2013.5,2013-Q3,2013q3,0.0031314892527067,-5.766246588000001
ALB,Albania,ALB,2013,4,2013.75,2013-Q4,2013q4,0.0033024165703772,-5.713100784452469
ALB,Albania,ALB,2014,1,2014.0,2014-Q1,2014q1,0.0034416434783584,-5.671806166348831
ALB,Albania,ALB,2014,2,2014.25,2014-Q2,2014q2,0.0031637870781125,-5.755985526501549
ALB,Albania,ALB,2014,3,2014.5,2014-Q3,2014q3,0.0030670556642526,-5.787037244600766
ALB,Albania,ALB,2014,4,2014.75,2014-Q4,2014q4,0.0030877671306933,-5.780307060708079
ALB,Albania,ALB,2015,1,2015.0,2015-Q1,2015q1,0.0030719742645709,-5.785434841150129
ALB,Albania,ALB,2015,2,2015.25,2015-Q2,2015q2,0.0030866179441244,-5.780679303957648
ALB,Albania,ALB,2015,3,2015.5,2015-Q3,2015q3,0.0030928786022143,-5.77865303525274
ALB,Albania,ALB,2015,4,2015.75,2015-Q4,2015q4,0.0030690429305241,-5.786389515001808
ALB,Albania,ALB,2016,1,2016.0,2016-Q1,2016q1,0.0030343549019726,-5.797756429955302
ALB,Albania,ALB,2016,2,2016.25,2016-Q2,2016q2,0.0030097527299414,-5.805897353116939
ALB,Albania,ALB,2016,3,2016.5,2016-Q3,2016q3,0.0029635557297837,-5.821365471519679
ALB,Albania,ALB,2016,4,2016.75,2016-Q4,2016q4,0.0030339724758044,-5.797882470013756
ALB,Albania,ALB,2017,1,2017.0,2017-Q1,2017q1,0.0030232041171945,-5.801438044063523
ALB,Albania,ALB,2017,2,2017.25,2017-Q2,2017q2,0.00300866240776,-5.806259681792639
ALB,Albania,ALB,2017,3,2017.5,2017-Q3,2017q3,0.0029811408912104,-5.815449202333492
ALB,Albania,ALB,2017,4,2017.75,2017-Q4,2017q4,0.0030091636972932,-5.806093080257265
ALB,Albania,ALB,2018,1,2018.0,2018-Q1,2018q1,0.0029883140480753,-5.813045914130327
ALB,Albania,ALB,2018,2,2018.25,2018-Q2,2018q2,0.003041839389235,-5.795292884292009
ALB,Albania,ALB,2018,3,2018.5,2018-Q3,2018q3,0.0030404434656418,-5.795751897347145
ALB,Albania,ALB,2018,4,2018.75,2018-Q4,2018q4,0.0030130558121496,-5.8048004952253835
ALB,Albania,ALB,2019,1,2019.0,2019-Q1,2019q1,0.0030018669574894,-5.808520864711165
ALB,Albania,ALB,2019,2,2019.25,2019-Q2,2019q2,0.0029790398878136,-5.816154215675107
ALB,Albania,ALB,2019,3,2019.5,2019-Q3,2019q3,0.003020489924076,-5.802336234237425
ALB,Albania,ALB,2019,4,2019.75,2019-Q4,2019q4,0.0029799987754565,-5.815832389385546
ARG,Argentina,ARG,2003,3,2003.5,2003-Q3,2003q3,0.0082384547971398,-4.798942477264653
ARG,Argentina,ARG,2003,4,2003.75,2003-Q4,2003q4,0.0083314923140542,-4.787712689502471
ARG,Argentina,ARG,2004,1,2004.0,2004-Q1,2004q1,0.0077966347964982,-4.854063074728414
ARG,Argentina,ARG,2004,2,2004.25,2004-Q2,2004q2,0.0076817348769529,-4.868909861896513
ARG,Argentina,ARG,2004,3,2004.5,2004-Q3,2004q3,0.0079809454363158,-4.830698398809318
ARG,Argentina,ARG,2004,4,2004.75,2004-Q4,2004q4,0.0080089581618691,-4.827194593543723
ARG,Argentina,ARG,2005,1,2005.0,2005-Q1,2005q1,0.0082482409430021,-4.797755320400005
ARG,Argentina,ARG,2005,2,2005.25,2005-Q2,2005q2,0.0083877917769777,-4.780977990168357
ARG,Argentina,ARG,2005,3,2005.5,2005-Q3,2005q3,0.0082689863946491,-4.795243341587626
ARG,Argentina,ARG,2005,4,2005.75,2005-Q4,2005q4,0.0083756440183631,-4.782427306512488
ARG,Argentina,ARG,2006,1,2006.0,2006-Q1,2006q1,0.0085559210899713,-4.76113171057551
ARG,Argentina,ARG,2006,2,2006.25,2006-Q2,2006q2,0.0085219529457787,-4.765109745419461
ARG,Argentina,ARG,2006,3,2006.5,2006-Q3,2006q3,0.0086491473600414,-4.750294533990278
ARG,Argentina,ARG,2006,4,2006.75,2006-Q4,2006q4,0.0087754413279554,-4.735798217110807
ARG,Argentina,ARG,2007,1,2007.0,2007-Q1,2007q1,0.0089233240234551,-4.719086753436972
ARG,Argentina,ARG,2007,2,2007.25,2007-Q2,2007q2,0.0090309195393461,-4.707101085137939
ARG,Argentina,ARG,2007,3,2007.5,2007-Q3,2007q3,0.0092518243771559,-4.682934516942275
ARG,Argentina,ARG,2007,4,2007.75,2007-Q4,2007q4,0.0095232151340053,-4.65402276303461
ARG,Argentina,ARG,2008,1,2008.0,2008-Q1,2008q1,0.0095332852920452,-4.652965889133095
ARG,Argentina,ARG,2008,2,2008.25,2008-Q2,2008q2,0.0095826881598308,-4.647797125125583
ARG,Argentina,ARG,2008,3,2008.5,2008-Q3,2008q3,0.0096360536741974,-4.642243624070949
ARG,Argentina,ARG,2008,4,2008.75,2008-Q4,2008q4,0.0090538023914879,-4.704570455754607
ARG,Argentina,ARG,2009,1,2009.0,2009-Q1,2009q1,0.0086561921900328,-4.749480354024589
ARG,Argentina,ARG,2009,2,2009.25,2009-Q2,2009q2,0.0085538065986595,-4.761378878895316
ARG,Argentina,ARG,2009,3,2009.5,2009-Q3,2009q3,0.0089298839006973,-4.718351885219979
ARG,Argentina,ARG,2009,4,2009.75,2009-Q4,2009q4,0.0090123864531562,-4.709155375268055
ARG,Argentina,ARG,2010,1,2010.0,2010-Q1,2010q1,0.0092222470869105,-4.686136552354375
ARG,Argentina,ARG,2010,2,2010.25,2010-Q2,2010q2,0.0096241454358363,-4.643480188637127
ARG,Argentina,ARG,2010,3,2010.5,2010-Q3,2010q3,0.009624963249989,-4.643395216998539
ARG,Argentina,ARG,2010,4,2010.75,2010-Q4,2010q4,0.0097650465185026,-4.628945950865292
ARG,Argentina,ARG,2011,1,2011.0,2011-Q1,2011q1,0.0098972269322827,-4.615500668929356
ARG,Argentina,ARG,2011,2,2011.25,2011-Q2,2011q2,0.0098741196895238,-4.6178381175333145
ARG,Argentina,ARG,2011,3,2011.5,2011-Q3,2011q3,0.0099113479963856,-4.614074916037406
ARG,Argentina,ARG,2011,4,2011.75,2011-Q4,2011q4,0.0099725302324105,-4.607920942611418
ARG,Argentina,ARG,2012,1,2012.0,2012-Q1,2012q1,0.009905087588664,-4.6147067559970205
ARG,Argentina,ARG,2012,2,2012.25,2012-Q2,2012q2,0.0094896207060571,-4.6575566349085475
ARG,Argentina,ARG,2012,3,2012.5,2012-Q3,2012q3,0.0096786140940008,-4.637836560051111
ARG,Argentina,ARG,2012,4,2012.75,2012-Q4,2012q4,0.0098935084903056,-4.615876444962076
ARG,Argentina,ARG,2013,1,2013.0,2013-Q1,2013q1,0.0099374929168486,-4.611440511771893
ARG,Argentina,ARG,2013,2,2013.25,2013-Q2,2013q2,0.0098571016360848,-4.619563105295405
ARG,Argentina,ARG,2013,3,2013.5,2013-Q3,2013q3,0.0099489411559784,-4.610289149958854
ARG,Argentina,ARG,2013,4,2013.75,2013-Q4,2013q4,0.0097971002667476,-4.625668828238238
ARG,Argentina,ARG,2014,1,2014.0,2014-Q1,2014q1,0.0096111480773533,-4.64483159618931
ARG,Argentina,ARG,2014,2,2014.25,2014-Q2,2014q2,0.0095819985603532,-4.647869090766136
ARG,Argentina,ARG,2014,3,2014.5,2014-Q3,2014q3,0.0095392031011205,-4.652345329388271
ARG,Argentina,ARG,2014,4,2014.75,2014-Q4,2014q4,0.0094474908687305,-4.662006089268697
ARG,Argentina,ARG,2015,1,2015.0,2015-Q1,2015q1,0.0095843828606839,-4.647620290505865
ARG,Argentina,ARG,2015,2,2015.25,2015-Q2,2015q2,0.009796730161466,-4.625706605974756
ARG,Argentina,ARG,2015,3,2015.5,2015-Q3,2015q3,0.0097237874586476,-4.633180080166602
ARG,Argentina,ARG,2015,4,2015.75,2015-Q4,2015q4,0.0095457769298531,-4.651656428589641
ARG,Argentina,ARG,2016,1,2016.0,2016-Q1,2016q1,0.0094360803090403,-4.663214606553013
ARG,Argentina,ARG,2016,2,2016.25,2016-Q2,2016q2,0.0092434700056604,-4.683837922088555
ARG,Argentina,ARG,2016,3,2016.5,2016-Q3,2016q3,0.0092349144650464,-4.684763927415364
ARG,Argentina,ARG,2016,4,2016.75,2016-Q4,2016q4,0.0093593369114745,-4.671380833793291
ARG,Argentina,ARG,2017,1,2017.0,2017-Q1,2017q1,0.0094267437927281,-4.664204544965659
ARG,Argentina,ARG,2017,2,2017.25,2017-Q2,2017q2,0.0094565629866297,-4.661046282587541
ARG,Argentina,ARG,2017,3,2017.5,2017-Q3,2017q3,0.0094234334709836,-4.664555769437686
ARG,Argentina,ARG,2017,4,2017.75,2017-Q4,2017q4,0.0094005453277173,-4.666987577801955
ARG,Argentina,ARG,2018,1,2018.0,2018-Q1,2018q1,0.009346991323543,-4.672700771043274
ARG,Argentina,ARG,2018,2,2018.25,2018-Q2,2018q2,0.0090149292068606,-4.7088732751740405
ARG,Argentina,ARG,2018,3,2018.5,2018-Q3,2018q3,0.0089412787124232,-4.7170766673153866
ARG,Argentina,ARG,2018,4,2018.75,2018-Q4,2018q4,0.0088647446514748,-4.725673143990971
ARG,Argentina,ARG,2019,1,2019.0,2019-Q1,2019q1,0.0086701301239893,-4.747871479768369
ARG,Argentina,ARG,2019,2,2019.25,2019-Q2,2019q2,0.0086226785647568,-4.7533595042048455
ARG,Argentina,ARG,2019,3,2019.5,2019-Q3,2019q3,0.0087919070053472,-4.733923639126565
ARG,Argentina,ARG,2019,4,2019.75,2019-Q4,2019q4,0.0084907853693967,-4.768773777707933
AUS,Australia,AUS,1990,1,1990.0,1990-Q1,1990q1,0.0193564528676383,-3.944729433567258
AUS,Australia,AUS,1990,2,1990.25,1990-Q2,1990q2,0.019291528294647,-3.948089227901261
AUS,Australia,AUS,1990,3,1990.5,1990-Q3,1990q3,0.0192170418690114,-3.951957796285644
AUS,Australia,AUS,1990,4,1990.75,1990-Q4,1990q4,0.0194480558676226,-3.940008169305709
AUS,Australia,AUS,1991,1,1991.0,1991-Q1,1991q1,0.0194108820498758,-3.9419214397695397
AUS,Australia,AUS,1991,2,1991.25,1991-Q2,1991q2,0.0194949793394556,-3.9375983163349755
AUS,Australia,AUS,1991,3,1991.5,1991-Q3,1991q3,0.0197342664471302,-3.925398740706104
AUS,Australia,AUS,1991,4,1991.75,1991-Q4,1991q4,0.0197903748009257,-3.922559580642216
AUS,Australia,AUS,1992,1,1992.0,1992-Q1,1992q1,0.0198908437077688,-3.917495768324662
AUS,Australia,AUS,1992,2,1992.25,1992-Q2,1992q2,0.02004705900294,-3.9096728191337204
AUS,Australia,AUS,1992,3,1992.5,1992-Q3,1992q3,0.0201826792348884,-3.902930506026577
AUS,Australia,AUS,1992,4,1992.75,1992-Q4,1992q4,0.0207297342579578,-3.876186171817879
AUS,Australia,AUS,1993,1,1993.0,1993-Q1,1993q1,0.0208471910722605,-3.8705360605678747
AUS,Australia,AUS,1993,2,1993.25,1993-Q2,1993q2,0.0210013268778452,-3.8631696585954853
AUS,Australia,AUS,1993,3,1993.5,1993-Q3,1993q3,0.020904876624626,-3.8677728159070726
AUS,Australia,AUS,1993,4,1993.75,1993-Q4,1993q4,0.0210534805398131,-3.86068938621253
AUS,Australia,AUS,1994,1,1994.0,1994-Q1,1994q1,0.0212700406709781,-3.8504557376430886
AUS,Australia,AUS,1994,2,1994.25,1994-Q2,1994q2,0.0213272676178975,-3.8477688551311844
AUS,Australia,AUS,1994,3,1994.5,1994-Q3,1994q3,0.0212341971389521,-3.8521423243163007
AUS,Australia,AUS,1994,4,1994.75,1994-Q4,1994q4,0.0213301456393632,-3.847633918610177
AUS,Australia,AUS,1995,1,1995.0,1995-Q1,1995q1,0.0211037300069941,-3.858305476540773
AUS,Australia,AUS,1995,2,1995.25,1995-Q2,1995q2,0.0209381681748671,-3.866181557076582
AUS,Australia,AUS,1995,3,1995.5,1995-Q3,1995q3,0.0213240746811208,-3.847918577818001
AUS,Australia,AUS,1995,4,1995.75,1995-Q4,1995q4,0.0212128002511488,-3.853150494077709
AUS,Australia,AUS,1996,1,1996.0,1996-Q1,1996q1,0.0214928755826858,-3.840033767010281
AUS,Australia,AUS,1996,2,1996.25,1996-Q2,1996q2,0.0216168488119298,-3.8342822307738813
AUS,Australia,AUS,1996,3,1996.5,1996-Q3,1996q3,0.0217229101272019,-3.8293878091344307
AUS,Australia,AUS,1996,4,1996.75,1996-Q4,1996q4,0.0219356954641899,-3.8196400391820564
AUS,Australia,AUS,1997,1,1997.0,1997-Q1,1997q1,0.0220031947717244,-3.8165676192702103
AUS,Australia,AUS,1997,2,1997.25,1997-Q2,1997q2,0.0226660170467874,-3.786888522585393
AUS,Australia,AUS,1997,3,1997.5,1997-Q3,1997q3,0.0226584815666813,-3.7872210350413957
AUS,Australia,AUS,1997,4,1997.75,1997-Q4,1997q4,0.0227982368299295,-3.7810720780326528
AUS,Australia,AUS,1998,1,1998.0,1998-Q1,1998q1,0.0228551235258766,-3.7785799624492373
AUS,Australia,AUS,1998,2,1998.25,1998-Q2,1998q2,0.0229738259049592,-3.7733997152035768
AUS,Australia,AUS,1998,3,1998.5,1998-Q3,1998q3,0.0232881385369319,-3.7598111237016525
AUS,Australia,AUS,1998,4,1998.75,1998-Q4,1998q4,0.0235616179721945,-3.7481362480153773
AUS,Australia,AUS,1999,1,1999.0,1999-Q1,1999q1,0.0236493905268127,-3.744417934912722
AUS,Australia,AUS,1999,2,1999.25,1999-Q2,1999q2,0.023652734590628,-3.744276543217843
AUS,Australia,AUS,1999,3,1999.5,1999-Q3,1999q3,0.0237757208568193,-3.7390903510599847
AUS,Australia,AUS,1999,4,1999.75,1999-Q4,1999q4,0.0239652899302605,-3.731148748373183
AUS,Australia,AUS,2000,1,2000.0,2000-Q1,2000q1,0.0239856328908301,-3.7303002574331456
AUS,Australia,AUS,2000,2,2000.25,2000-Q2,2000q2,0.0239594505448817,-3.7313924381814036
AUS,Australia,AUS,2000,3,2000.5,2000-Q3,2000q3,0.0237508650798599,-3.740136324749686
AUS,Australia,AUS,2000,4,2000.75,2000-Q4,2000q4,0.0237846077313536,-3.7387166415040785
AUS,Australia,AUS,2001,1,2001.0,2001-Q1,2001q1,0.0239707887674686,-3.7309193246330024
AUS,Australia,AUS,2001,2,2001.25,2001-Q2,2001q2,0.0240302918276669,-3.7284400850017625
AUS,Australia,AUS,2001,3,2001.5,2001-Q3,2001q3,0.0242401485089854,-3.7197449911914826
AUS,Australia,AUS,2001,4,2001.75,2001-Q4,2001q4,0.0244670673723315,-3.7104272545481596
AUS,Australia,AUS,2002,1,2002.0,2002-Q1,2002q1,0.0244937505393302,-3.709337273997238
AUS,Australia,AUS,2002,2,2002.25,2002-Q2,2002q2,0.0248527692496125,-3.6947860940321235
AUS,Australia,AUS,2002,3,2002.5,2002-Q3,2002q3,0.02472532532254,-3.6999272439243307
AUS,Australia,AUS,2002,4,2002.75,2002-Q4,2002q4,0.02472940006531,-3.6997624571320773
AUS,Australia,AUS,2003,1,2003.0,2003-Q1,2003q1,0.0245329409902093,-3.707738534290197
AUS,Australia,AUS,2003,2,2003.25,2003-Q2,2003q2,0.0246766006593021,-3.7018998260886415
AUS,Australia,AUS,2003,3,2003.5,2003-Q3,2003q3,0.0250337241012422,-3.6875313990988405
AUS,Australia,AUS,2003,4,2003.75,2003-Q4,2003q4,0.0253041014578487,-3.6767887834291018
AUS,Australia,AUS,2004,1,2004.0,2004-Q1,2004q1,0.0254097201641182,-3.672623494535649
AUS,Australia,AUS,2004,2,2004.25,2004-Q2,2004q2,0.025476673532841,-3.6699920088871427
AUS,Australia,AUS,2004,3,2004.5,2004-Q3,2004q3,0.0255537209589415,-3.666972338535242
AUS,Australia,AUS,2004,4,2004.75,2004-Q4,2004q4,0.0254467628183984,-3.671166741781287
AUS,Australia,AUS,2005,1,2005.0,2005-Q1,2005q1,0.0253728564238948,-3.6740753210940995
AUS,Australia,AUS,2005,2,2005.25,2005-Q2,2005q2,0.0252751893158096,-3.677932023863907
AUS,Australia,AUS,2005,3,2005.5,2005-Q3,2005q3,0.0253892949563902,-3.6734276522060383
AUS,Australia,AUS,2005,4,2005.75,2005-Q4,2005q4,0.0255185919446512,-3.6683479966103545
AUS,Australia,AUS,2006,1,2006.0,2006-Q1,2006q1,0.0254338027679802,-3.671676172073546
AUS,Australia,AUS,2006,2,2006.25,2006-Q2,2006q2,0.0253007016093915,-3.6769231520366743
AUS,Australia,AUS,2006,3,2006.5,2006-Q3,2006q3,0.025403654820474,-3.6728622247390588
AUS,Australia,AUS,2006,4,2006.75,2006-Q4,2006q4,0.0255876299923855,-3.665646247699456
AUS,Australia,AUS,2007,1,2007.0,2007-Q1,2007q1,0.0257707551423582,-3.658514951590103
AUS,Australia,AUS,2007,2,2007.25,2007-Q2,2007q2,0.0257044727516605,-3.6610902651940584
AUS,Australia,AUS,2007,3,2007.5,2007-Q3,2007q3,0.0258124004297874,-3.656900265709976
AUS,Australia,AUS,2007,4,2007.75,2007-Q4,2007q4,0.0257201364040345,-3.660481076203978
AUS,Australia,AUS,2008,1,2008.0,2008-Q1,2008q1,0.0257671681150844,-3.6586541511174753
AUS,Australia,AUS,2008,2,2008.25,2008-Q2,2008q2,0.0257167980050249,-3.6606108817241805
AUS,Australia,AUS,2008,3,2008.5,2008-Q3,2008q3,0.0257468411570913,-3.65944333290842
AUS,Australia,AUS,2008,4,2008.75,2008-Q4,2008q4,0.0255924907054692,-3.665456302344422
AUS,Australia,AUS,2009,1,2009.0,2009-Q1,2009q1,0.0258624096782292,-3.654964728300172
AUS,Australia,AUS,2009,2,2009.25,2009-Q2,2009q2,0.0260405372088335,-3.6481008317150314
AUS,Australia,AUS,2009,3,2009.5,2009-Q3,2009q3,0.0260811597329723,-3.6465420746235546
AUS,Australia,AUS,2009,4,2009.75,2009-Q4,2009q4,0.0261485215438592,-3.6439626275892354
AUS,Australia,AUS,2010,1,2010.0,2010-Q1,2010q1,0.0261248601564608,-3.644867921574233
AUS,Australia,AUS,2010,2,2010.25,2010-Q2,2010q2,0.0261792914592029,-3.642786583068195
AUS,Australia,AUS,2010,3,2010.5,2010-Q3,2010q3,0.0261346375335842,-3.644493735917284
AUS,Australia,AUS,2010,4,2010.75,2010-Q4,2010q4,0.0261266072242298,-3.6448010500447916
AUS,Australia,AUS,2011,1,2011.0,2011-Q1,2011q1,0.025979837036889,-3.650434540396424
AUS,Australia,AUS,2011,2,2011.25,2011-Q2,2011q2,0.0262824048078427,-3.6388555824045072
AUS,Australia,AUS,2011,3,2011.5,2011-Q3,2011q3,0.0265542301710641,-3.6285662155086325
AUS,Australia,AUS,2011,4,2011.75,2011-Q4,2011q4,0.0267842061535965,-3.619942887811156
AUS,Australia,AUS,2012,1,2012.0,2012-Q1,2012q1,0.0269914938876429,-3.6122335038121225
AUS,Australia,AUS,2012,2,2012.25,2012-Q2,2012q2,0.0270500472447381,-3.610066527120447
AUS,Australia,AUS,2012,3,2012.5,2012-Q3,2012q3,0.0271466484598184,-3.606501685532748
AUS,Australia,AUS,2012,4,2012.75,2012-Q4,2012q4,0.0271825703592114,-3.6051793066946747
AUS,Australia,AUS,2013,1,2013.0,2013-Q1,2013q1,0.0272649919519514,-3.6021517457829053
AUS,Australia,AUS,2013,2,2013.25,2013-Q2,2013q2,0.0272858302111062,-3.601387751425273
AUS,Australia,AUS,2013,3,2013.5,2013-Q3,2013q3,0.0274963839916802,-3.593700774166968
AUS,Australia,AUS,2013,4,2013.75,2013-Q4,2013q4,0.0277342537721716,-3.585087031473405
AUS,Australia,AUS,2014,1,2014.0,2014-Q1,2014q1,0.0278995410925804,-3.5791450385847012
AUS,Australia,AUS,2014,2,2014.25,2014-Q2,2014q2,0.0279298278064043,-3.5780600642282923
AUS,Australia,AUS,2014,3,2014.5,2014-Q3,2014q3,0.027952149668338,-3.5772611711278826
AUS,Australia,AUS,2014,4,2014.75,2014-Q4,2014q4,0.0279973644145397,-3.57564490128941
AUS,Australia,AUS,2015,1,2015.0,2015-Q1,2015q1,0.028066732538108,-3.573170299441252
AUS,Australia,AUS,2015,2,2015.25,2015-Q2,2015q2,0.0279833639272358,-3.576145090837153
AUS,Australia,AUS,2015,3,2015.5,2015-Q3,2015q3,0.0281520747502613,-3.5701342237283384
AUS,Australia,AUS,2015,4,2015.75,2015-Q4,2015q4,0.0279753221788399,-3.5764325081805843
AUS,Australia,AUS,2016,1,2016.0,2016-Q1,2016q1,0.0281737757282413,-3.5693636724141764
AUS,Australia,AUS,2016,2,2016.25,2016-Q2,2016q2,0.0283062533564971,-3.564672532081807
AUS,Australia,AUS,2016,3,2016.5,2016-Q3,2016q3,0.0282906511956884,-3.5652238753514567
AUS,Australia,AUS,2016,4,2016.75,2016-Q4,2016q4,0.0285164735697291,-3.5572733387062465
AUS,Australia,AUS,2017,1,2017.0,2017-Q1,2017q1,0.0285199649675758,-3.557150911782666
AUS,Australia,AUS,2017,2,2017.25,2017-Q2,2017q2,0.028377053523622,-3.5621744349226696
AUS,Australia,AUS,2017,3,2017.5,2017-Q3,2017q3,0.0284003843678403,-3.5613525998276776
AUS,Australia,AUS,2017,4,2017.75,2017-Q4,2017q4,0.0282935833596946,-3.5651202364480814
AUS,Australia,AUS,2018,1,2018.0,2018-Q1,2018q1,0.028351603599846,-3.563071686039614
AUS,Australia,AUS,2018,2,2018.25,2018-Q2,2018q2,0.0284331006430027,-3.5602012969023007
AUS,Australia,AUS,2018,3,2018.5,2018-Q3,2018q3,0.0283855650110995,-3.561874537287183
AUS,Australia,AUS,2018,4,2018.75,2018-Q4,2018q4,0.0282592319130066,-3.566335081394249
AUS,Australia,AUS,2019,1,2019.0,2019-Q1,2019q1,0.0283198443926203,-3.5641925047825787
AUS,Australia,AUS,2019,2,2019.25,2019-Q2,2019q2,0.0282215820653099,-3.5676682722823165
AUS,Australia,AUS,2019,3,2019.5,2019-Q3,2019q3,0.0282177319388372,-3.567804706487679
AUS,Australia,AUS,2019,4,2019.75,2019-Q4,2019q4,0.0283330104794173,-3.5637277060689474
AUT,Austria,AUT,1995,1,1995.0,1995-Q1,1995q1,0.0192901597173477,-3.9481601722984814
AUT,Austria,AUT,1995,2,1995.25,1995-Q2,1995q2,0.0196797409394384,-3.928165551091094
AUT,Austria,AUT,1995,3,1995.5,1995-Q3,1995q3,0.0197909206898473,-3.9225319974661295
AUT,Austria,AUT,1995,4,1995.75,1995-Q4,1995q4,0.019956060324853,-3.9142224060949005
AUT,Austria,AUT,1996,1,1996.0,1996-Q1,1996q1,0.0201550298817656,-3.904301399815963
AUT,Austria,AUT,1996,2,1996.25,1996-Q2,1996q2,0.0204006184225164,-3.892190063762216
AUT,Austria,AUT,1996,3,1996.5,1996-Q3,1996q3,0.0205436588407907,-3.8852029578823952
AUT,Austria,AUT,1996,4,1996.75,1996-Q4,1996q4,0.0205183427758294,-3.8864360233527693
AUT,Austria,AUT,1997,1,1997.0,1997-Q1,1997q1,0.0207656745251578,-3.8744539186727174
AUT,Austria,AUT,1997,2,1997.25,1997-Q2,1997q2,0.0208122133179225,-3.872215285850578
AUT,Austria,AUT,1997,3,1997.5,1997-Q3,1997q3,0.0209687835239965,-3.864720446051567
AUT,Austria,AUT,1997,4,1997.75,1997-Q4,1997q4,0.0211311701851292,-3.8570060686164616
AUT,Austria,AUT,1998,1,1998.0,1998-Q1,1998q1,0.0212635722992251,-3.8507598910573493
AUT,Austria,AUT,1998,2,1998.25,1998-Q2,1998q2,0.0215702374778235,-3.8364408090068376
AUT,Austria,AUT,1998,3,1998.5,1998-Q3,1998q3,0.0215571998700984,-3.8370454175309696
AUT,Austria,AUT,1998,4,1998.75,1998-Q4,1998q4,0.0217204159086013,-3.8295026354532666
AUT,Austria,AUT,1999,1,1999.0,1999-Q1,1999q1,0.0215590546652225,-3.8369593805991795
AUT,Austria,AUT,1999,2,1999.25,1999-Q2,1999q2,0.0217658284274631,-3.8274140423331464
AUT,Austria,AUT,1999,3,1999.5,1999-Q3,1999q3,0.0220707126072638,-3.813503770731637
AUT,Austria,AUT,1999,4,1999.75,1999-Q4,1999q4,0.0222940225263094,-3.80343668459495
AUT,Austria,AUT,2000,1,2000.0,2000-Q1,2000q1,0.0222393707643412,-3.805891102970279
AUT,Austria,AUT,2000,2,2000.25,2000-Q2,2000q2,0.0224460083616879,-3.79664248186351
AUT,Austria,AUT,2000,3,2000.5,2000-Q3,2000q3,0.0227304500374967,-3.7840498420397464
AUT,Austria,AUT,2000,4,2000.75,2000-Q4,2000q4,0.0228000184150189,-3.7809939353458004
AUT,Austria,AUT,2001,1,2001.0,2001-Q1,2001q1,0.0227734620818933,-3.7821593647069918
AUT,Austria,AUT,2001,2,2001.25,2001-Q2,2001q2,0.0226166633850507,-3.7890683264666216
AUT,Austria,AUT,2001,3,2001.5,2001-Q3,2001q3,0.0227171235145839,-3.784636299016574
AUT,Austria,AUT,2001,4,2001.75,2001-Q4,2001q4,0.0226494223745329,-3.7876209296064096
AUT,Austria,AUT,2002,1,2002.0,2002-Q1,2002q1,0.0232677874718544,-3.760685386899421
AUT,Austria,AUT,2002,2,2002.25,2002-Q2,2002q2,0.0232561887006032,-3.761184001697456
AUT,Austria,AUT,2002,3,2002.5,2002-Q3,2002q3,0.0232100370082844,-3.7631704641996735
AUT,Austria,AUT,2002,4,2002.75,2002-Q4,2002q4,0.0229647529100756,-3.7737947206754745
AUT,Austria,AUT,2003,1,2003.0,2003-Q1,2003q1,0.0228181591887613,-3.780198604376808
AUT,Austria,AUT,2003,2,2003.25,2003-Q2,2003q2,0.0228717108599908,-3.7778544657003574
AUT,Austria,AUT,2003,3,2003.5,2003-Q3,2003q3,0.023017911009789,-3.7714826265572654
AUT,Austria,AUT,2003,4,2003.75,2003-Q4,2003q4,0.0230319551491597,-3.770872673001368
AUT,Austria,AUT,2004,1,2004.0,2004-Q1,2004q1,0.0241121884800226,-3.7250378202729335
AUT,Austria,AUT,2004,2,2004.25,2004-Q2,2004q2,0.0241530415484968,-3.723344962776705
AUT,Austria,AUT,2004,3,2004.5,2004-Q3,2004q3,0.0243098963578021,-3.71687175401975
AUT,Austria,AUT,2004,4,2004.75,2004-Q4,2004q4,0.0242897308951057,-3.7177016148641036
AUT,Austria,AUT,2005,1,2005.0,2005-Q1,2005q1,0.0242775668907274,-3.7182025282435665
AUT,Austria,AUT,2005,2,2005.25,2005-Q2,2005q2,0.0243810628842999,-3.71394855931246
AUT,Austria,AUT,2005,3,2005.5,2005-Q3,2005q3,0.024197429182582,-3.721508883587239
AUT,Austria,AUT,2005,4,2005.75,2005-Q4,2005q4,0.0244558388808558,-3.7108862825386373
AUT,Austria,AUT,2006,1,2006.0,2006-Q1,2006q1,0.0246533408530781,-3.7028428561119764
AUT,Austria,AUT,2006,2,2006.25,2006-Q2,2006q2,0.0245643310479356,-3.706459845650269
AUT,Austria,AUT,2006,3,2006.5,2006-Q3,2006q3,0.0245346714790704,-3.7076679994190376
AUT,Austria,AUT,2006,4,2006.75,2006-Q4,2006q4,0.0248362894716215,-3.6954494102236293
AUT,Austria,AUT,2007,1,2007.0,2007-Q1,2007q1,0.0249021704313363,-3.6928003133930822
AUT,Austria,AUT,2007,2,2007.25,2007-Q2,2007q2,0.0250165034787739,-3.688219532758984
AUT,Austria,AUT,2007,3,2007.5,2007-Q3,2007q3,0.024915602633025,-3.692261059982584
AUT,Austria,AUT,2007,4,2007.75,2007-Q4,2007q4,0.0248720838906849,-3.6940092333347456
AUT,Austria,AUT,2008,1,2008.0,2008-Q1,2008q1,0.0252082312943746,-3.6805846991338957
AUT,Austria,AUT,2008,2,2008.25,2008-Q2,2008q2,0.0249868450997967,-3.6894057886117717
AUT,Austria,AUT,2008,3,2008.5,2008-Q3,2008q3,0.0248919064818367,-3.6932125692388076
AUT,Austria,AUT,2008,4,2008.75,2008-Q4,2008q4,0.0242257077940694,-3.7203409041266853
AUT,Austria,AUT,2009,1,2009.0,2009-Q1,2009q1,0.0240401067403401,-3.728031729211007
AUT,Austria,AUT,2009,2,2009.25,2009-Q2,2009q2,0.0239561007425817,-3.7315322592714444
AUT,Austria,AUT,2009,3,2009.5,2009-Q3,2009q3,0.0240425439765864,-3.7279303522606075
AUT,Austria,AUT,2009,4,2009.75,2009-Q4,2009q4,0.0240026475604705,-3.7295911396988415
AUT,Austria,AUT,2010,1,2010.0,2010-Q1,2010q1,0.0238760345270104,-3.734880062579845
AUT,Austria,AUT,2010,2,2010.25,2010-Q2,2010q2,0.024181115532612,-3.7221833003430294
AUT,Austria,AUT,2010,3,2010.5,2010-Q3,2010q3,0.0243222016146005,-3.7163656990653458
AUT,Austria,AUT,2010,4,2010.75,2010-Q4,2010q4,0.0244740104790831,-3.710143521246688
AUT,Austria,AUT,2011,1,2011.0,2011-Q1,2011q1,0.0247119683016601,-3.7004676060770993
AUT,Austria,AUT,2011,2,2011.25,2011-Q2,2011q2,0.0246655476754178,-3.702347839985167
AUT,Austria,AUT,2011,3,2011.5,2011-Q3,2011q3,0.0246690366062433,-3.702206400429848
AUT,Austria,AUT,2011,4,2011.75,2011-Q4,2011q4,0.0248763146483197,-3.6938391471502956
AUT,Austria,AUT,2012,1,2012.0,2012-Q1,2012q1,0.0248032866515708,-3.696779108319015
AUT,Austria,AUT,2012,2,2012.25,2012-Q2,2012q2,0.0246807863914028,-3.7017302169435533
AUT,Austria,AUT,2012,3,2012.5,2012-Q3,2012q3,0.0247971796933203,-3.6970253543215787
AUT,Austria,AUT,2012,4,2012.75,2012-Q4,2012q4,0.0245782184110708,-3.7058946587131745
AUT,Austria,AUT,2013,1,2013.0,2013-Q1,2013q1,0.0244669615770015,-3.7104315785465007
AUT,Austria,AUT,2013,2,2013.25,2013-Q2,2013q2,0.0244762928153566,-3.7100502700869793
AUT,Austria,AUT,2013,3,2013.5,2013-Q3,2013q3,0.0245073588609755,-3.708781844858523
AUT,Austria,AUT,2013,4,2013.75,2013-Q4,2013q4,0.0246116221980948,-3.7045365005347772
AUT,Austria,AUT,2014,1,2014.0,2014-Q1,2014q1,0.0245897303311012,-3.7054263894224984
AUT,Austria,AUT,2014,2,2014.25,2014-Q2,2014q2,0.024660552829891,-3.7025503634156713
AUT,Austria,AUT,2014,3,2014.5,2014-Q3,2014q3,0.0247250326515414,-3.6999390808861077
AUT,Austria,AUT,2014,4,2014.75,2014-Q4,2014q4,0.0247486197164315,-3.6989855605556587
AUT,Austria,AUT,2015,1,2015.0,2015-Q1,2015q1,0.0247125125489509,-3.700445582687821
AUT,Austria,AUT,2015,2,2015.25,2015-Q2,2015q2,0.0248807663001778,-3.6936602117390893
AUT,Austria,AUT,2015,3,2015.5,2015-Q3,2015q3,0.0247787944773309,-3.697767052982666
AUT,Austria,AUT,2015,4,2015.75,2015-Q4,2015q4,0.0247558171989434,-3.698694779243474
AUT,Austria,AUT,2016,1,2016.0,2016-Q1,2016q1,0.0249205459644073,-3.692062676618795
AUT,Austria,AUT,2016,2,2016.25,2016-Q2,2016q2,0.0248286052251177,-3.6957588540113204
AUT,Austria,AUT,2016,3,2016.5,2016-Q3,2016q3,0.0248214766000166,-3.696046008629723
AUT,Austria,AUT,2016,4,2016.75,2016-Q4,2016q4,0.0249780158302531,-3.6897592077736046
AUT,Austria,AUT,2017,1,2017.0,2017-Q1,2017q1,0.0252177626115149,-3.6802066672294935
AUT,Austria,AUT,2017,2,2017.25,2017-Q2,2017q2,0.0251573801230254,-3.6826039812272504
AUT,Austria,AUT,2017,3,2017.5,2017-Q3,2017q3,0.0252993369407423,-3.676977091467893
AUT,Austria,AUT,2017,4,2017.75,2017-Q4,2017q4,0.0253013379156076,-3.676898002607042
AUT,Austria,AUT,2018,1,2018.0,2018-Q1,2018q1,0.0253344747094347,-3.67558917405904
AUT,Austria,AUT,2018,2,2018.25,2018-Q2,2018q2,0.0254535893332962,-3.6708985112229446
AUT,Austria,AUT,2018,3,2018.5,2018-Q3,2018q3,0.0255013102225869,-3.669025446859812
AUT,Austria,AUT,2018,4,2018.75,2018-Q4,2018q4,0.0256665414290933,-3.6625670251944427
AUT,Austria,AUT,2019,1,2019.0,2019-Q1,2019q1,0.0258905588636278,-3.6538768993710256
AUT,Austria,AUT,2019,2,2019.25,2019-Q2,2019q2,0.025734659848922,-3.659916563414858
AUT,Austria,AUT,2019,3,2019.5,2019-Q3,2019q3,0.0257540094767586,-3.659164956158313
AUT,Austria,AUT,2019,4,2019.75,2019-Q4,2019q4,0.0254524041908375,-3.670945073223875
AZE,Azerbaijan,AZE,2001,1,2001.0,2001-Q1,2001q1,0.0009478413758312,-6.9613233947822275
AZE,Azerbaijan,AZE,2001,2,2001.25,2001-Q2,2001q2,0.0009589948513332,-6.949624851882318
AZE,Azerbaijan,AZE,2001,3,2001.5,2001-Q3,2001q3,0.0009676908657887,-6.940597875215963
AZE,Azerbaijan,AZE,2001,4,2001.75,2001-Q4,2001q4,0.0009718624440528,-6.936296281982715
AZE,Azerbaijan,AZE,2002,1,2002.0,2002-Q1,2002q1,0.0010068131802454,-6.900965203563733
AZE,Azerbaijan,AZE,2002,2,2002.25,2002-Q2,2002q2,0.0010321402207846,-6.876120748299352
AZE,Azerbaijan,AZE,2002,3,2002.5,2002-Q3,2002q3,0.0010498173567666,-6.859139075879625
AZE,Azerbaijan,AZE,2002,4,2002.75,2002-Q4,2002q4,0.0010739705819785,-6.836392674352078
AZE,Azerbaijan,AZE,2003,1,2003.0,2003-Q1,2003q1,0.0010864733137855,-6.824818320202658
AZE,Azerbaijan,AZE,2003,2,2003.25,2003-Q2,2003q2,0.0011128387296263,-6.800841114198726
AZE,Azerbaijan,AZE,2003,3,2003.5,2003-Q3,2003q3,0.0011491538001536,-6.768729433413162
AZE,Azerbaijan,AZE,2003,4,2003.75,2003-Q4,2003q4,0.0011893155383847,-6.734377315164905
AZE,Azerbaijan,AZE,2004,1,2004.0,2004-Q1,2004q1,0.0011652414301544,-6.75482697725089
AZE,Azerbaijan,AZE,2004,2,2004.25,2004-Q2,2004q2,0.0012109653055799,-6.716337464218858
AZE,Azerbaijan,AZE,2004,3,2004.5,2004-Q3,2004q3,0.0012503331539263,-6.68434524003787
AZE,Azerbaijan,AZE,2004,4,2004.75,2004-Q4,2004q4,0.0012772189063857,-6.66307029423783
AZE,Azerbaijan,AZE,2005,1,2005.0,2005-Q1,2005q1,0.0014042806589133,-6.568230093844865
AZE,Azerbaijan,AZE,2005,2,2005.25,2005-Q2,2005q2,0.0015073457358551,-6.4974049657068464
AZE,Azerbaijan,AZE,2005,3,2005.5,2005-Q3,2005q3,0.001596148981376,-6.440161437584238
AZE,Azerbaijan,AZE,2005,4,2005.75,2005-Q4,2005q4,0.0016718700851259,-6.393812467622003
AZE,Azerbaijan,AZE,2006,1,2006.0,2006-Q1,2006q1,0.001935539646755,-6.247369104170315
AZE,Azerbaijan,AZE,2006,2,2006.25,2006-Q2,2006q2,0.0020242736273989,-6.202544345291834
AZE,Azerbaijan,AZE,2006,3,2006.5,2006-Q3,2006q3,0.0021107870387289,-6.160694396905991
AZE,Azerbaijan,AZE,2006,4,2006.75,2006-Q4,2006q4,0.0021457932238847,-6.144245993616973
AZE,Azerbaijan,AZE,2007,1,2007.0,2007-Q1,2007q1,0.0024584346316265,-6.008230460187955
AZE,Azerbaijan,AZE,2007,2,2007.25,2007-Q2,2007q2,0.0025208677942917,-5.983152073923904
AZE,Azerbaijan,AZE,2007,3,2007.5,2007-Q3,2007q3,0.0025991443644462,-5.95257297871451
AZE,Azerbaijan,AZE,2007,4,2007.75,2007-Q4,2007q4,0.0025985122143834,-5.9528162229751995
AZE,Azerbaijan,AZE,2008,1,2008.0,2008-Q1,2008q1,0.0026818061315431,-5.92126478176774
AZE,Azerbaijan,AZE,2008,2,2008.25,2008-Q2,2008q2,0.0027746382026542,-5.887234917705524
AZE,Azerbaijan,AZE,2008,3,2008.5,2008-Q3,2008q3,0.0028487243259129,-5.860883989849415
AZE,Azerbaijan,AZE,2008,4,2008.75,2008-Q4,2008q4,0.0027996186771699,-5.8782720578002685
AZE,Azerbaijan,AZE,2009,1,2009.0,2009-Q1,2009q1,0.0028598288524918,-5.856993497727051
AZE,Azerbaijan,AZE,2009,2,2009.25,2009-Q2,2009q2,0.0029404542916399,-5.829191188602729
AZE,Azerbaijan,AZE,2009,3,2009.5,2009-Q3,2009q3,0.0030153376219066,-5.804043474340489
AZE,Azerbaijan,AZE,2009,4,2009.75,2009-Q4,2009q4,0.0031449942171282,-5.761943227582393
AZE,Azerbaijan,AZE,2010,1,2010.0,2010-Q1,2010q1,0.0030199337142589,-5.802520396757134
AZE,Azerbaijan,AZE,2010,2,2010.25,2010-Q2,2010q2,0.0030515675617062,-5.792099865734505
AZE,Azerbaijan,AZE,2010,3,2010.5,2010-Q3,2010q3,0.0030869504590817,-5.7805715818313494
AZE,Azerbaijan,AZE,2010,4,2010.75,2010-Q4,2010q4,0.0032173276777381,-5.739204177740819
AZE,Azerbaijan,AZE,2011,1,2011.0,2011-Q1,2011q1,0.0029653296456418,-5.820767073743805
AZE,Azerbaijan,AZE,2011,2,2011.25,2011-Q2,2011q2,0.0030497440116755,-5.7926976224833835
AZE,Azerbaijan,AZE,2011,3,2011.5,2011-Q3,2011q3,0.0030448254412024,-5.794311705833808
AZE,Azerbaijan,AZE,2011,4,2011.75,2011-Q4,2011q4,0.0030200211777335,-5.802491435125409
AZE,Azerbaijan,AZE,2012,1,2012.0,2012-Q1,2012q1,0.0030242448832097,-5.801093844046158
AZE,Azerbaijan,AZE,2012,2,2012.25,2012-Q2,2012q2,0.0030062511506389,-5.80706144136137
AZE,Azerbaijan,AZE,2012,3,2012.5,2012-Q3,2012q3,0.0030466179828208,-5.793723161692341
AZE,Azerbaijan,AZE,2012,4,2012.75,2012-Q4,2012q4,0.0030667458285256,-5.787138270278766
AZE,Azerbaijan,AZE,2013,1,2013.0,2013-Q1,2013q1,0.0030885238983998,-5.780062004992044
AZE,Azerbaijan,AZE,2013,2,2013.25,2013-Q2,2013q2,0.0031713507604371,-5.753597674457516
AZE,Azerbaijan,AZE,2013,3,2013.5,2013-Q3,2013q3,0.0031896418578084,-5.747846638767662
AZE,Azerbaijan,AZE,2013,4,2013.75,2013-Q4,2013q4,0.003183062852877,-5.749911384450184
AZE,Azerbaijan,AZE,2014,1,2014.0,2014-Q1,2014q1,0.003128684199445,-5.767142746379915
AZE,Azerbaijan,AZE,2014,2,2014.25,2014-Q2,2014q2,0.0031824939998336,-5.750090112897066
AZE,Azerbaijan,AZE,2014,3,2014.5,2014-Q3,2014q3,0.0032208528608741,-5.738109090870501
AZE,Azerbaijan,AZE,2014,4,2014.75,2014-Q4,2014q4,0.0032128916192732,-5.740583931358465
AZE,Azerbaijan,AZE,2015,1,2015.0,2015-Q1,2015q1,0.0032008695846961,-5.744332760874969
AZE,Azerbaijan,AZE,2015,2,2015.25,2015-Q2,2015q2,0.003184791513434,-5.749368450990961
AZE,Azerbaijan,AZE,2015,3,2015.5,2015-Q3,2015q3,0.003151832023938,-5.759771400304411
AZE,Azerbaijan,AZE,2015,4,2015.75,2015-Q4,2015q4,0.0031522516271306,-5.7596382792303755
AZE,Azerbaijan,AZE,2016,1,2016.0,2016-Q1,2016q1,0.0030670817195715,-5.7870287494148025
AZE,Azerbaijan,AZE,2016,2,2016.25,2016-Q2,2016q2,0.0030476782718708,-5.793375200577099
AZE,Azerbaijan,AZE,2016,3,2016.5,2016-Q3,2016q3,0.0030270142538349,-5.800178540055426
AZE,Azerbaijan,AZE,2016,4,2016.75,2016-Q4,2016q4,0.0030109838633334,-5.8054883887352275
AZE,Azerbaijan,AZE,2017,1,2017.0,2017-Q1,2017q1,0.0029506677000414,-5.82572379524413
AZE,Azerbaijan,AZE,2017,2,2017.25,2017-Q2,2017q2,0.0029205578979966,-5.835980619994027
BEL,Belgium,BEL,1995,1,1995.0,1995-Q1,1995q1,0.0231289945238233,-3.76666827433549
BEL,Belgium,BEL,1995,2,1995.25,1995-Q2,1995q2,0.0232094079077961,-3.7631975692410835
BEL,Belgium,BEL,1995,3,1995.5,1995-Q3,1995q3,0.023353061576889,-3.75702718667903
BEL,Belgium,BEL,1995,4,1995.75,1995-Q4,1995q4,0.0233844423299496,-3.7556843354288323
BEL,Belgium,BEL,1996,1,1996.0,1996-Q1,1996q1,0.023406156494845,-3.75475619315241
BEL,Belgium,BEL,1996,2,1996.25,1996-Q2,1996q2,0.0235376353450899,-3.7491546348257057
BEL,Belgium,BEL,1996,3,1996.5,1996-Q3,1996q3,0.0236409286084203,-3.744775805979674
BEL,Belgium,BEL,1996,4,1996.75,1996-Q4,1996q4,0.0237655699730647,-3.7395173854854984
BEL,Belgium,BEL,1997,1,1997.0,1997-Q1,1997q1,0.0238348598899797,-3.7366060686736637
BEL,Belgium,BEL,1997,2,1997.25,1997-Q2,1997q2,0.0241442780664671,-3.723707860022173
BEL,Belgium,BEL,1997,3,1997.5,1997-Q3,1997q3,0.0243548326490994,-3.715024983063215
BEL,Belgium,BEL,1997,4,1997.75,1997-Q4,1997q4,0.0243765914931777,-3.7141319722018546
BEL,Belgium,BEL,1998,1,1998.0,1998-Q1,1998q1,0.024506958306754,-3.7087981892348054
BEL,Belgium,BEL,1998,2,1998.25,1998-Q2,1998q2,0.0245083226743739,-3.7087425181219222
BEL,Belgium,BEL,1998,3,1998.5,1998-Q3,1998q3,0.0246136215003494,-3.704455269763511
BEL,Belgium,BEL,1998,4,1998.75,1998-Q4,1998q4,0.0244946595022594,-3.7093001646920563
BEL,Belgium,BEL,1999,1,1999.0,1999-Q1,1999q1,0.0239549265455442,-3.7315812750034874
BEL,Belgium,BEL,1999,2,1999.25,1999-Q2,1999q2,0.0243987479009497,-3.7132234635345163
BEL,Belgium,BEL,1999,3,1999.5,1999-Q3,1999q3,0.0245738734748954,-3.7060714542887037
BEL,Belgium,BEL,1999,4,1999.75,1999-Q4,1999q4,0.0248652292665295,-3.6942848664063246
BEL,Belgium,BEL,2000,1,2000.0,2000-Q1,2000q1,0.0247713621178114,-3.698067046366581
BEL,Belgium,BEL,2000,2,2000.25,2000-Q2,2000q2,0.0245723757246032,-3.7061324050353854
BEL,Belgium,BEL,2000,3,2000.5,2000-Q3,2000q3,0.0247576464748136,-3.698620889204874
BEL,Belgium,BEL,2000,4,2000.75,2000-Q4,2000q4,0.0252202272229807,-3.680108938851505
BEL,Belgium,BEL,2001,1,2001.0,2001-Q1,2001q1,0.0252294570563199,-3.679743036326087
BEL,Belgium,BEL,2001,2,2001.25,2001-Q2,2001q2,0.0254498560604191,-3.6710451917808093
BEL,Belgium,BEL,2001,3,2001.5,2001-Q3,2001q3,0.0252127481925088,-3.680405531724129
BEL,Belgium,BEL,2001,4,2001.75,2001-Q4,2001q4,0.0254436858420426,-3.6712876672767596
BEL,Belgium,BEL,2002,1,2002.0,2002-Q1,2002q1,0.0254893456005376,-3.669494733715442
BEL,Belgium,BEL,2002,2,2002.25,2002-Q2,2002q2,0.0257197790715412,-3.660494969403063
BEL,Belgium,BEL,2002,3,2002.5,2002-Q3,2002q3,0.0256568505831443,-3.6629446637597916
BEL,Belgium,BEL,2002,4,2002.75,2002-Q4,2002q4,0.0258435144137699,-3.6556956025909706
BEL,Belgium,BEL,2003,1,2003.0,2003-Q1,2003q1,0.025985831544675,-3.650203830084165
BEL,Belgium,BEL,2003,2,2003.25,2003-Q2,2003q2,0.0259201574221065,-3.652734334132768
BEL,Belgium,BEL,2003,3,2003.5,2003-Q3,2003q3,0.0260042372920866,-3.649495781466713
BEL,Belgium,BEL,2003,4,2003.75,2003-Q4,2003q4,0.0258574743136659,-3.6551555780932246
BEL,Belgium,BEL,2004,1,2004.0,2004-Q1,2004q1,0.0261834180984793,-3.642628965583546
BEL,Belgium,BEL,2004,2,2004.25,2004-Q2,2004q2,0.026259822036089,-3.6397151871263
BEL,Belgium,BEL,2004,3,2004.5,2004-Q3,2004q3,0.0266052117766637,-3.6266481509330215
BEL,Belgium,BEL,2004,4,2004.75,2004-Q4,2004q4,0.0266386743210753,-3.625391197270553
BEL,Belgium,BEL,2005,1,2005.0,2005-Q1,2005q1,0.0262329552870009,-3.6407388232455595
BEL,Belgium,BEL,2005,2,2005.25,2005-Q2,2005q2,0.0264223997590816,-3.6335431528591253
BEL,Belgium,BEL,2005,3,2005.5,2005-Q3,2005q3,0.0264141672865065,-3.633854773129027
BEL,Belgium,BEL,2005,4,2005.75,2005-Q4,2005q4,0.0265983475727281,-3.6269061864501047
BEL,Belgium,BEL,2006,1,2006.0,2006-Q1,2006q1,0.026948474937072,-3.613828571834189
BEL,Belgium,BEL,2006,2,2006.25,2006-Q2,2006q2,0.0269328182220791,-3.6144097277239453
BEL,Belgium,BEL,2006,3,2006.5,2006-Q3,2006q3,0.0269007840820786,-3.6155998447664777
BEL,Belgium,BEL,2006,4,2006.75,2006-Q4,2006q4,0.0268561037266695,-3.6172621569842813
BEL,Belgium,BEL,2007,1,2007.0,2007-Q1,2007q1,0.0271114482541892,-3.6077991954971367
BEL,Belgium,BEL,2007,2,2007.25,2007-Q2,2007q2,0.0271301908781565,-3.6071081166502195
BEL,Belgium,BEL,2007,3,2007.5,2007-Q3,2007q3,0.0272452999675626,-3.602874251003552
BEL,Belgium,BEL,2007,4,2007.75,2007-Q4,2007q4,0.027158768651375,-3.6060553141612504
BEL,Belgium,BEL,2008,1,2008.0,2008-Q1,2008q1,0.0270542479689974,-3.60991124465161
BEL,Belgium,BEL,2008,2,2008.25,2008-Q2,2008q2,0.0271392035195967,-3.606775972110076
BEL,Belgium,BEL,2008,3,2008.5,2008-Q3,2008q3,0.0268388291078229,-3.6179055927250743
BEL,Belgium,BEL,2008,4,2008.75,2008-Q4,2008q4,0.0264739585221933,-3.6315937264292146
BEL,Belgium,BEL,2009,1,2009.0,2009-Q1,2009q1,0.0262555228647183,-3.6398789172279846
BEL,Belgium,BEL,2009,2,2009.25,2009-Q2,2009q2,0.0262974912861888,-3.6382817327060173
BEL,Belgium,BEL,2009,3,2009.5,2009-Q3,2009q3,0.0266939801081131,-3.623317203112402
BEL,Belgium,BEL,2009,4,2009.75,2009-Q4,2009q4,0.026815764664423,-3.618765330659853
BEL,Belgium,BEL,2010,1,2010.0,2010-Q1,2010q1,0.026618213335515,-3.6261595856412345
BEL,Belgium,BEL,2010,2,2010.25,2010-Q2,2010q2,0.0269473661475001,-3.613869717479187
BEL,Belgium,BEL,2010,3,2010.5,2010-Q3,2010q3,0.0269014334858751,-3.615575704356439
BEL,Belgium,BEL,2010,4,2010.75,2010-Q4,2010q4,0.0268214201573284,-3.6185544511013843
BEL,Belgium,BEL,2011,1,2011.0,2011-Q1,2011q1,0.0273772830360804,-3.598041695744661
BEL,Belgium,BEL,2011,2,2011.25,2011-Q2,2011q2,0.026892741018198,-3.6158988794151847
BEL,Belgium,BEL,2011,3,2011.5,2011-Q3,2011q3,0.0273903698314915,-3.5975637933707243
BEL,Belgium,BEL,2011,4,2011.75,2011-Q4,2011q4,0.0272046783091489,-3.604366323810029
BEL,Belgium,BEL,2012,1,2012.0,2012-Q1,2012q1,0.0272409661448103,-3.603033330458639
BEL,Belgium,BEL,2012,2,2012.25,2012-Q2,2012q2,0.0270975857740364,-3.608310640893775
BEL,Belgium,BEL,2012,3,2012.5,2012-Q3,2012q3,0.0271516894304241,-3.606316008739828
BEL,Belgium,BEL,2012,4,2012.75,2012-Q4,2012q4,0.0272460035100284,-3.6028484288109843
BEL,Belgium,BEL,2013,1,2013.0,2013-Q1,2013q1,0.0271630644884518,-3.605897151712104
BEL,Belgium,BEL,2013,2,2013.25,2013-Q2,2013q2,0.027047246345505,-3.6101700775589154
BEL,Belgium,BEL,2013,3,2013.5,2013-Q3,2013q3,0.0271843885779776,-3.6051124197912165
BEL,Belgium,BEL,2013,4,2013.75,2013-Q4,2013q4,0.0275241905906518,-3.5926900031399445
BEL,Belgium,BEL,2014,1,2014.0,2014-Q1,2014q1,0.0275633432549026,-3.5912685319608872
BEL,Belgium,BEL,2014,2,2014.25,2014-Q2,2014q2,0.0274790994292359,-3.5943295840268643
BEL,Belgium,BEL,2014,3,2014.5,2014-Q3,2014q3,0.027735763363925,-3.585032602366233
BEL,Belgium,BEL,2014,4,2014.75,2014-Q4,2014q4,0.0277364891388153,-3.585006435233744
BEL,Belgium,BEL,2015,1,2015.0,2015-Q1,2015q1,0.0276853377725818,-3.586852328218808
BEL,Belgium,BEL,2015,2,2015.25,2015-Q2,2015q2,0.0281162335856257,-3.571408161777761
BEL,Belgium,BEL,2015,3,2015.5,2015-Q3,2015q3,0.0280152226966212,-3.5750072488042224
BEL,Belgium,BEL,2015,4,2015.75,2015-Q4,2015q4,0.0281380517385466,-3.570632464285946
BEL,Belgium,BEL,2016,1,2016.0,2016-Q1,2016q1,0.0281465233039254,-3.5703314381011917
BEL,Belgium,BEL,2016,2,2016.25,2016-Q2,2016q2,0.028201513921274,-3.568379617327505
BEL,Belgium,BEL,2016,3,2016.5,2016-Q3,2016q3,0.0283017458773176,-3.5648317844577977
BEL,Belgium,BEL,2016,4,2016.75,2016-Q4,2016q4,0.0277871862895157,-3.583180289381616
BEL,Belgium,BEL,2017,1,2017.0,2017-Q1,2017q1,0.0284044592491616,-3.5612091303251203
BEL,Belgium,BEL,2017,2,2017.25,2017-Q2,2017q2,0.0282204719944512,-3.5677076071675304
BEL,Belgium,BEL,2017,3,2017.5,2017-Q3,2017q3,0.0281799354635089,-3.5691450626665
BEL,Belgium,BEL,2017,4,2017.75,2017-Q4,2017q4,0.0280252133726802,-3.574650696397939
BEL,Belgium,BEL,2018,1,2018.0,2018-Q1,2018q1,0.0279023875665759,-3.579043017953287
BEL,Belgium,BEL,2018,2,2018.25,2018-Q2,2018q2,0.0281607819116296,-3.569824981329574
BEL,Belgium,BEL,2018,3,2018.5,2018-Q3,2018q3,0.0279411446934304,-3.5776549562921125
BEL,Belgium,BEL,2018,4,2018.75,2018-Q4,2018q4,0.0280897210576284,-3.5723515682239984
BEL,Belgium,BEL,2019,1,2019.0,2019-Q1,2019q1,0.0282276669647509,-3.567452683959385
BEL,Belgium,BEL,2019,2,2019.25,2019-Q2,2019q2,0.0278907947131211,-3.5794585831943415
BEL,Belgium,BEL,2019,3,2019.5,2019-Q3,2019q3,0.0283192237584348,-3.564214420192058
BEL,Belgium,BEL,2019,4,2019.75,2019-Q4,2019q4,0.0285671158014187,-3.555499019833397
BGR,Bulgaria,BGR,2000,1,2000.0,2000-Q1,2000q1,0.0028593831193211,-5.857149369960428
BGR,Bulgaria,BGR,2000,2,2000.25,2000-Q2,2000q2,0.0028876805475235,-5.847301677808108
BGR,Bulgaria,BGR,2000,3,2000.5,2000-Q3,2000q3,0.0029621647165342,-5.8218349547791926
BGR,Bulgaria,BGR,2000,4,2000.75,2000-Q4,2000q4,0.0029889881407681,-5.812820363313467
BGR,Bulgaria,BGR,2001,1,2001.0,2001-Q1,2001q1,0.0030542345326668,-5.791226279893043
BGR,Bulgaria,BGR,2001,2,2001.25,2001-Q2,2001q2,0.0031178588775415,-5.770608769941241
BGR,Bulgaria,BGR,2001,3,2001.5,2001-Q3,2001q3,0.0031520127588328,-5.759714059141651
BGR,Bulgaria,BGR,2001,4,2001.75,2001-Q4,2001q4,0.0032422171281243,-5.731497884399773
BGR,Bulgaria,BGR,2002,1,2002.0,2002-Q1,2002q1,0.0032033248138386,-5.743566004243299
BGR,Bulgaria,BGR,2002,2,2002.25,2002-Q2,2002q2,0.003248012464454,-5.729712019111867
BGR,Bulgaria,BGR,2002,3,2002.5,2002-Q3,2002q3,0.0033162139862298,-5.708931512358763
BGR,Bulgaria,BGR,2002,4,2002.75,2002-Q4,2002q4,0.0033355956441552,-5.703104011617748
BGR,Bulgaria,BGR,2003,1,2003.0,2003-Q1,2003q1,0.0033192876828976,-5.708005072417698
BGR,Bulgaria,BGR,2003,2,2003.25,2003-Q2,2003q2,0.0033172267356763,-5.708626165707809
BGR,Bulgaria,BGR,2003,3,2003.5,2003-Q3,2003q3,0.0033201379795883,-5.70774893680038
BGR,Bulgaria,BGR,2003,4,2003.75,2003-Q4,2003q4,0.0033794318578594,-5.690047673006525
BGR,Bulgaria,BGR,2004,1,2004.0,2004-Q1,2004q1,0.0034002531950113,-5.683905381011738
BGR,Bulgaria,BGR,2004,2,2004.25,2004-Q2,2004q2,0.0034203459254527,-5.678013585229529
BGR,Bulgaria,BGR,2004,3,2004.5,2004-Q3,2004q3,0.0034590873339548,-5.6667505010212365
BGR,Bulgaria,BGR,2004,4,2004.75,2004-Q4,2004q4,0.0035090485681249,-5.652410341460914
BGR,Bulgaria,BGR,2005,1,2005.0,2005-Q1,2005q1,0.0035970564246021,-5.627639427818956
BGR,Bulgaria,BGR,2005,2,2005.25,2005-Q2,2005q2,0.0036118323334151,-5.623540063825102
BGR,Bulgaria,BGR,2005,3,2005.5,2005-Q3,2005q3,0.0035825701918084,-5.631674805485736
BGR,Bulgaria,BGR,2005,4,2005.75,2005-Q4,2005q4,0.0036631380375116,-5.6094351116171435
BGR,Bulgaria,BGR,2006,1,2006.0,2006-Q1,2006q1,0.0036920989832289,-5.601560152508909
BGR,Bulgaria,BGR,2006,2,2006.25,2006-Q2,2006q2,0.0036732962127525,-5.606665869397818
BGR,Bulgaria,BGR,2006,3,2006.5,2006-Q3,2006q3,0.0037064103186552,-5.597691439855566
BGR,Bulgaria,BGR,2006,4,2006.75,2006-Q4,2006q4,0.0037201842496829,-5.593982082438976
BGR,Bulgaria,BGR,2007,1,2007.0,2007-Q1,2007q1,0.0037256137506333,-5.592523675452236
BGR,Bulgaria,BGR,2007,2,2007.25,2007-Q2,2007q2,0.0037896561207466,-5.5754799973165605
BGR,Bulgaria,BGR,2007,3,2007.5,2007-Q3,2007q3,0.0037970844613986,-5.573521753734783
BGR,Bulgaria,BGR,2007,4,2007.75,2007-Q4,2007q4,0.0038157131422549,-5.568627700586749
BGR,Bulgaria,BGR,2008,1,2008.0,2008-Q1,2008q1,0.003816519117044,-5.568416497687069
BGR,Bulgaria,BGR,2008,2,2008.25,2008-Q2,2008q2,0.0038765806929744,-5.552801778586297
BGR,Bulgaria,BGR,2008,3,2008.5,2008-Q3,2008q3,0.0039096127368865,-5.544316954164623
BGR,Bulgaria,BGR,2008,4,2008.75,2008-Q4,2008q4,0.0039296805407613,-5.539197143743054
BGR,Bulgaria,BGR,2009,1,2009.0,2009-Q1,2009q1,0.0037849654961074,-5.576718508090049
BGR,Bulgaria,BGR,2009,2,2009.25,2009-Q2,2009q2,0.0038410303615495,-5.562014625054583
BGR,Bulgaria,BGR,2009,3,2009.5,2009-Q3,2009q3,0.0039559782644529,-5.532527359561108
BGR,Bulgaria,BGR,2009,4,2009.75,2009-Q4,2009q4,0.0039121155792205,-5.543676982455488
BGR,Bulgaria,BGR,2010,1,2010.0,2010-Q1,2010q1,0.0040281318513872,-5.514452570950733
BGR,Bulgaria,BGR,2010,2,2010.25,2010-Q2,2010q2,0.0041180993087923,-5.492363554884829
BGR,Bulgaria,BGR,2010,3,2010.5,2010-Q3,2010q3,0.0041893116922048,-5.475218832479333
BGR,Bulgaria,BGR,2010,4,2010.75,2010-Q4,2010q4,0.004280899313282,-5.45359217153483
BGR,Bulgaria,BGR,2011,1,2011.0,2011-Q1,2011q1,0.0043408013755561,-5.439696299169659
BGR,Bulgaria,BGR,2011,2,2011.25,2011-Q2,2011q2,0.0044414324521781,-5.4167783302056165
BGR,Bulgaria,BGR,2011,3,2011.5,2011-Q3,2011q3,0.0044241874927195,-5.420668634846514
BGR,Bulgaria,BGR,2011,4,2011.75,2011-Q4,2011q4,0.0044229449086694,-5.420949535821405
BGR,Bulgaria,BGR,2012,1,2012.0,2012-Q1,2012q1,0.0044912667362623,-5.405620493128281
BGR,Bulgaria,BGR,2012,2,2012.25,2012-Q2,2012q2,0.0045047106644935,-5.402631615402023
BGR,Bulgaria,BGR,2012,3,2012.5,2012-Q3,2012q3,0.0044625667170769,-5.412031181382671
BGR,Bulgaria,BGR,2012,4,2012.75,2012-Q4,2012q4,0.0044403045797697,-5.4170323058435805
BGR,Bulgaria,BGR,2013,1,2013.0,2013-Q1,2013q1,0.0044473327010976,-5.415450755523569
BGR,Bulgaria,BGR,2013,2,2013.25,2013-Q2,2013q2,0.0044210320860725,-5.421382106513949
BGR,Bulgaria,BGR,2013,3,2013.5,2013-Q3,2013q3,0.0044509572487877,-5.414636093850152
BGR,Bulgaria,BGR,2013,4,2013.75,2013-Q4,2013q4,0.0044659552089777,-5.4112721549521945
BGR,Bulgaria,BGR,2014,1,2014.0,2014-Q1,2014q1,0.0044136513659021,-5.423052957977414
BGR,Bulgaria,BGR,2014,2,2014.25,2014-Q2,2014q2,0.0044187252829973,-5.421904021999013
BGR,Bulgaria,BGR,2014,3,2014.5,2014-Q3,2014q3,0.0044192724202395,-5.421780207247919
BGR,Bulgaria,BGR,2014,4,2014.75,2014-Q4,2014q4,0.0044539975494897,-5.413953260329039
BGR,Bulgaria,BGR,2015,1,2015.0,2015-Q1,2015q1,0.004471220169369,-5.410093939066867
BGR,Bulgaria,BGR,2015,2,2015.25,2015-Q2,2015q2,0.0045113809544402,-5.40115197401292
BGR,Bulgaria,BGR,2015,3,2015.5,2015-Q3,2015q3,0.004509889695012,-5.401482583635385
BGR,Bulgaria,BGR,2015,4,2015.75,2015-Q4,2015q4,0.0044995668066975,-5.403774152017986
BGR,Bulgaria,BGR,2016,1,2016.0,2016-Q1,2016q1,0.0045825377353562,-5.385502343618481
BGR,Bulgaria,BGR,2016,2,2016.25,2016-Q2,2016q2,0.0046325227147806,-5.374653696464249
BGR,Bulgaria,BGR,2016,3,2016.5,2016-Q3,2016q3,0.0047001762875403,-5.360155262982233
BGR,Bulgaria,BGR,2016,4,2016.75,2016-Q4,2016q4,0.0047216623739564,-5.355594343519666
BGR,Bulgaria,BGR,2017,1,2017.0,2017-Q1,2017q1,0.0046243760922624,-5.376413816087725
BGR,Bulgaria,BGR,2017,2,2017.25,2017-Q2,2017q2,0.0045478775736488,-5.393094622178942
BGR,Bulgaria,BGR,2017,3,2017.5,2017-Q3,2017q3,0.0045700601296264,-5.388228916695099
BGR,Bulgaria,BGR,2017,4,2017.75,2017-Q4,2017q4,0.0046004178024723,-5.381608152987162
BGR,Bulgaria,BGR,2018,1,2018.0,2018-Q1,2018q1,0.004650056613785,-5.37087588444946
BGR,Bulgaria,BGR,2018,2,2018.25,2018-Q2,2018q2,0.0046816630161367,-5.364101886844426
BGR,Bulgaria,BGR,2018,3,2018.5,2018-Q3,2018q3,0.004695007346943,-5.361255601479046
BGR,Bulgaria,BGR,2018,4,2018.75,2018-Q4,2018q4,0.0047208126362792,-5.355774325500783
BGR,Bulgaria,BGR,2019,1,2019.0,2019-Q1,2019q1,0.0050899238575595,-5.280492407753698
BGR,Bulgaria,BGR,2019,2,2019.25,2019-Q2,2019q2,0.00498526103231,-5.3012695133866
BGR,Bulgaria,BGR,2019,3,2019.5,2019-Q3,2019q3,0.0050119616373038,-5.295927896146843
BGR,Bulgaria,BGR,2019,4,2019.75,2019-Q4,2019q4,0.005074139637747,-5.2835982979340175
BLR,Belarus,BLR,2009,1,2009.0,2009-Q1,2009q1,0.0027398642126166,-5.8998469172493655
BLR,Belarus,BLR,2009,2,2009.25,2009-Q2,2009q2,0.0026476269142116,-5.934091544258409
BLR,Belarus,BLR,2009,3,2009.5,2009-Q3,2009q3,0.0028612033813858,-5.856512979923879
BLR,Belarus,BLR,2009,4,2009.75,2009-Q4,2009q4,0.0028425968804994,-5.863037250070997
BLR,Belarus,BLR,2010,1,2010.0,2010-Q1,2010q1,0.0028345616234322,-5.865867983941547
BLR,Belarus,BLR,2010,2,2010.25,2010-Q2,2010q2,0.0028560467327808,-5.858316871620184
BLR,Belarus,BLR,2010,3,2010.5,2010-Q3,2010q3,0.0030452818214176,-5.794161829913278
BLR,Belarus,BLR,2010,4,2010.75,2010-Q4,2010q4,0.0031219360217808,-5.769301949802014
BLR,Belarus,BLR,2011,1,2011.0,2011-Q1,2011q1,0.0030930889413566,-5.778585030000239
BLR,Belarus,BLR,2011,2,2011.25,2011-Q2,2011q2,0.003131191363013,-5.766341719689514
BLR,Belarus,BLR,2011,3,2011.5,2011-Q3,2011q3,0.0030843124979484,-5.7814264996374245
BLR,Belarus,BLR,2011,4,2011.75,2011-Q4,2011q4,0.0031329565654037,-5.765778130688234
BLR,Belarus,BLR,2012,1,2012.0,2012-Q1,2012q1,0.0031376569842341,-5.764278940960285
BLR,Belarus,BLR,2012,2,2012.25,2012-Q2,2012q2,0.003178638555727,-5.751302300992512
BLR,Belarus,BLR,2012,3,2012.5,2012-Q3,2012q3,0.0031160418054567,-5.7711917346783
BLR,Belarus,BLR,2012,4,2012.75,2012-Q4,2012q4,0.0031231534607011,-5.7689120630152395
BLR,Belarus,BLR,2013,1,2013.0,2013-Q1,2013q1,0.0032032733763407,-5.743582061906469
BLR,Belarus,BLR,2013,2,2013.25,2013-Q2,2013q2,0.003143889723275,-5.762294480324541
BLR,Belarus,BLR,2013,3,2013.5,2013-Q3,2013q3,0.0031352048717979,-5.7650607571766725
BLR,Belarus,BLR,2013,4,2013.75,2013-Q4,2013q4,0.0030936529726842,-5.778402694503786
BLR,Belarus,BLR,2014,1,2014.0,2014-Q1,2014q1,0.0031795059427198,-5.751029458184868
BLR,Belarus,BLR,2014,2,2014.25,2014-Q2,2014q2,0.0031662088802593,-5.755220343622795
BLR,Belarus,BLR,2014,3,2014.5,2014-Q3,2014q3,0.0031712127030279,-5.753641208088678
BLR,Belarus,BLR,2014,4,2014.75,2014-Q4,2014q4,0.0031574787386165,-5.7579814373754425
BLR,Belarus,BLR,2015,1,2015.0,2015-Q1,2015q1,0.0030802618466265,-5.782740670471762
BLR,Belarus,BLR,2015,2,2015.25,2015-Q2,2015q2,0.0030076103900882,-5.806609405855317
BLR,Belarus,BLR,2015,3,2015.5,2015-Q3,2015q3,0.0030201380130049,-5.80245274896906
BLR,Belarus,BLR,2015,4,2015.75,2015-Q4,2015q4,0.0029912542463133,-5.812062499164496
BLR,Belarus,BLR,2016,1,2016.0,2016-Q1,2016q1,0.0029452096436746,-5.827575278105047
BLR,Belarus,BLR,2016,2,2016.25,2016-Q2,2016q2,0.0029334172269764,-5.8315872464694705
BLR,Belarus,BLR,2016,3,2016.5,2016-Q3,2016q3,0.0029087087970955,-5.8400460086065005
BLR,Belarus,BLR,2016,4,2016.75,2016-Q4,2016q4,0.0029162429968417,-5.837459136057424
BLR,Belarus,BLR,2017,1,2017.0,2017-Q1,2017q1,0.0029242394196328,-5.834720859587288
BLR,Belarus,BLR,2017,2,2017.25,2017-Q2,2017q2,0.0029591740549897,-5.822845085060263
BLR,Belarus,BLR,2017,3,2017.5,2017-Q3,2017q3,0.0029850131184543,-5.814151137355168
BLR,Belarus,BLR,2017,4,2017.75,2017-Q4,2017q4,0.0030227497999543,-5.801588332089955
BLR,Belarus,BLR,2018,1,2018.0,2018-Q1,2018q1,0.0030671999552311,-5.78699020026891
BLR,Belarus,BLR,2018,2,2018.25,2018-Q2,2018q2,0.0030837271826406,-5.781616289372857
BLR,Belarus,BLR,2018,3,2018.5,2018-Q3,2018q3,0.0030643544573002,-5.787918349297273
BLR,Belarus,BLR,2018,4,2018.75,2018-Q4,2018q4,0.0030722107340628,-5.785357867721735
BLR,Belarus,BLR,2019,1,2019.0,2019-Q1,2019q1,0.0030928072926796,-5.778676091559159
BLR,Belarus,BLR,2019,2,2019.25,2019-Q2,2019q2,0.0030980933212038,-5.776968414392797
BLR,Belarus,BLR,2019,3,2019.5,2019-Q3,2019q3,0.0031122321524758,-5.772415076323754
BLR,Belarus,BLR,2019,4,2019.75,2019-Q4,2019q4,0.0031250674210119,-5.768299421302696
BOL,Bolivia,BOL,1997,1,1997.0,1997-Q1,1997q1,0.0008794362559055,-7.0362294740647995
BOL,Bolivia,BOL,1997,2,1997.25,1997-Q2,1997q2,0.000897979557144,-7.0153632547942495
BOL,Bolivia,BOL,1997,3,1997.5,1997-Q3,1997q3,0.0008977878325616,-7.015576784212622
BOL,Bolivia,BOL,1997,4,1997.75,1997-Q4,1997q4,0.0009057145388274,-7.006786380125926
BOL,Bolivia,BOL,1998,1,1998.0,1998-Q1,1998q1,0.0009277913204565,-6.982703720662904
BOL,Bolivia,BOL,1998,2,1998.25,1998-Q2,1998q2,0.0009311025755366,-6.97914110895118
BOL,Bolivia,BOL,1998,3,1998.5,1998-Q3,1998q3,0.0009350074176462,-6.974956095395612
BOL,Bolivia,BOL,1998,4,1998.75,1998-Q4,1998q4,0.0009250391037065,-6.985674547068084
BOL,Bolivia,BOL,1999,1,1999.0,1999-Q1,1999q1,0.000926329821897,-6.984280207580404
BOL,Bolivia,BOL,1999,2,1999.25,1999-Q2,1999q2,0.0009120019946155,-6.999868380813935
BOL,Bolivia,BOL,1999,3,1999.5,1999-Q3,1999q3,0.0009226267068351,-6.988285839898692
BOL,Bolivia,BOL,1999,4,1999.75,1999-Q4,1999q4,0.0009310375395161,-6.979210959785712
BOL,Bolivia,BOL,2000,1,2000.0,2000-Q1,2000q1,0.0009421104326248,-6.96738805817328
BOL,Bolivia,BOL,2000,2,2000.25,2000-Q2,2000q2,0.0009430603018825,-6.966380330522201
BOL,Bolivia,BOL,2000,3,2000.5,2000-Q3,2000q3,0.0009251686838435,-6.985534476165687
BOL,Bolivia,BOL,2000,4,2000.75,2000-Q4,2000q4,0.0009320670212879,-6.978105834611061
BOL,Bolivia,BOL,2001,1,2001.0,2001-Q1,2001q1,0.0009162546516245,-6.995216227969205
BOL,Bolivia,BOL,2001,2,2001.25,2001-Q2,2001q2,0.0009138347573543,-6.997860793495532
BOL,Bolivia,BOL,2001,3,2001.5,2001-Q3,2001q3,0.0009160383891837,-6.995452284579134
BOL,Bolivia,BOL,2001,4,2001.75,2001-Q4,2001q4,0.0009240321955042,-6.986763643310351
BOL,Bolivia,BOL,2002,1,2002.0,2002-Q1,2002q1,0.0009015595200301,-7.011384494172448
BOL,Bolivia,BOL,2002,2,2002.25,2002-Q2,2002q2,0.0009116249511859,-7.000281890206129
BOL,Bolivia,BOL,2002,3,2002.5,2002-Q3,2002q3,0.0009151279769861,-6.9964466369104485
BOL,Bolivia,BOL,2002,4,2002.75,2002-Q4,2002q4,0.0009002411558783,-7.012847879556526
BOL,Bolivia,BOL,2003,1,2003.0,2003-Q1,2003q1,0.000899693061275,-7.01345689583614
BOL,Bolivia,BOL,2003,2,2003.25,2003-Q2,2003q2,0.0009056447949255,-7.0068633873774795
BOL,Bolivia,BOL,2003,3,2003.5,2003-Q3,2003q3,0.0008891425802585,-7.025252952567337
BOL,Bolivia,BOL,2003,4,2003.75,2003-Q4,2003q4,0.0008990996640467,-7.014116668628716
BOL,Bolivia,BOL,2004,1,2004.0,2004-Q1,2004q1,0.0009047419651249,-7.007860776328135
BOL,Bolivia,BOL,2004,2,2004.25,2004-Q2,2004q2,0.0009059627303106,-7.0065123892899415
BOL,Bolivia,BOL,2004,3,2004.5,2004-Q3,2004q3,0.0009073124375955,-7.005023693522129
BOL,Bolivia,BOL,2004,4,2004.75,2004-Q4,2004q4,0.0008912628304808,-7.022871190288002
BOL,Bolivia,BOL,2005,1,2005.0,2005-Q1,2005q1,0.0009107658235842,-7.001224747991889
BOL,Bolivia,BOL,2005,2,2005.25,2005-Q2,2005q2,0.0009104309964318,-7.001592448124563
BOL,Bolivia,BOL,2005,3,2005.5,2005-Q3,2005q3,0.0009048425542826,-7.0077496025678325
BOL,Bolivia,BOL,2005,4,2005.75,2005-Q4,2005q4,0.000905553344713,-7.006964370489793
BOL,Bolivia,BOL,2006,1,2006.0,2006-Q1,2006q1,0.0009186303497248,-6.992626747510152
BOL,Bolivia,BOL,2006,2,2006.25,2006-Q2,2006q2,0.0009147053707211,-6.996908543753543
BOL,Bolivia,BOL,2006,3,2006.5,2006-Q3,2006q3,0.0009176626454583,-6.993680723491786
BOL,Bolivia,BOL,2006,4,2006.75,2006-Q4,2006q4,0.0009172242404899,-6.994158578535712
BOL,Bolivia,BOL,2007,1,2007.0,2007-Q1,2007q1,0.0009115821278876,-7.000328865998181
BOL,Bolivia,BOL,2007,2,2007.25,2007-Q2,2007q2,0.0009198203399577,-6.991332189646003
BOL,Bolivia,BOL,2007,3,2007.5,2007-Q3,2007q3,0.0009279394074468,-6.982544121009369
BOL,Bolivia,BOL,2007,4,2007.75,2007-Q4,2007q4,0.0009373746265167,-6.972427540778112
BOL,Bolivia,BOL,2008,1,2008.0,2008-Q1,2008q1,0.0009388916738181,-6.97081044875688
BOL,Bolivia,BOL,2008,2,2008.25,2008-Q2,2008q2,0.0009501121381843,-6.958930540141883
BOL,Bolivia,BOL,2008,3,2008.5,2008-Q3,2008q3,0.0009547149854131,-6.9540977066206064
BOL,Bolivia,BOL,2008,4,2008.75,2008-Q4,2008q4,0.0009409862242276,-6.968582057989135
BOL,Bolivia,BOL,2009,1,2009.0,2009-Q1,2009q1,0.0009364561380467,-6.973407873218937
BOL,Bolivia,BOL,2009,2,2009.25,2009-Q2,2009q2,0.0009436021353565,-6.96580594744423
BOL,Bolivia,BOL,2009,3,2009.5,2009-Q3,2009q3,0.0009572441061074,-6.9514521247348355
BOL,Bolivia,BOL,2009,4,2009.75,2009-Q4,2009q4,0.0009526705972395,-6.956241362287367
BOL,Bolivia,BOL,2010,1,2010.0,2010-Q1,2010q1,0.0009568797335358,-6.951832844695012
BOL,Bolivia,BOL,2010,2,2010.25,2010-Q2,2010q2,0.0009766490434833,-6.931383188999121
BOL,Bolivia,BOL,2010,3,2010.5,2010-Q3,2010q3,0.000986173751599,-6.92167800022608
BOL,Bolivia,BOL,2010,4,2010.75,2010-Q4,2010q4,0.0009951360500679,-6.912631096416304
BOL,Bolivia,BOL,2011,1,2011.0,2011-Q1,2011q1,0.0010066453313344,-6.9011319305267405
BOL,Bolivia,BOL,2011,2,2011.25,2011-Q2,2011q2,0.0010159963823343,-6.891885490526773
BOL,Bolivia,BOL,2011,3,2011.5,2011-Q3,2011q3,0.0010309418241442,-6.877282502169618
BOL,Bolivia,BOL,2011,4,2011.75,2011-Q4,2011q4,0.0010348246992607,-6.873523239304955
BOL,Bolivia,BOL,2012,1,2012.0,2012-Q1,2012q1,0.0010793102974606,-6.83143305530885
BOL,Bolivia,BOL,2012,2,2012.25,2012-Q2,2012q2,0.0010892125475706,-6.822300277243326
BOL,Bolivia,BOL,2012,3,2012.5,2012-Q3,2012q3,0.0011020861377428,-6.8105504063852615
BOL,Bolivia,BOL,2012,4,2012.75,2012-Q4,2012q4,0.0011198913323137,-6.794523623102247
BOL,Bolivia,BOL,2013,1,2013.0,2013-Q1,2013q1,0.0010954170598041,-6.816620111695303
BOL,Bolivia,BOL,2013,2,2013.25,2013-Q2,2013q2,0.0011103966924161,-6.803037946948069
BOL,Bolivia,BOL,2013,3,2013.5,2013-Q3,2013q3,0.0011217668509935,-6.792850291163067
BOL,Bolivia,BOL,2013,4,2013.75,2013-Q4,2013q4,0.001124097584811,-6.7907747120523405
BOL,Bolivia,BOL,2014,1,2014.0,2014-Q1,2014q1,0.0011274175502652,-6.787825615411887
BOL,Bolivia,BOL,2014,2,2014.25,2014-Q2,2014q2,0.0011367772445574,-6.779557998484648
BOL,Bolivia,BOL,2014,3,2014.5,2014-Q3,2014q3,0.0011561935274599,-6.762622111446167
BOL,Bolivia,BOL,2014,4,2014.75,2014-Q4,2014q4,0.0011488357614727,-6.769006230739174
BOL,Bolivia,BOL,2015,1,2015.0,2015-Q1,2015q1,0.0012168077813491,-6.711524422111055
BOL,Bolivia,BOL,2015,2,2015.25,2015-Q2,2015q2,0.0012364902515365,-6.695478354950986
BOL,Bolivia,BOL,2015,3,2015.5,2015-Q3,2015q3,0.001237463318945,-6.694691705217305
BOL,Bolivia,BOL,2015,4,2015.75,2015-Q4,2015q4,0.0012794151585641,-6.661352212836388
BOL,Bolivia,BOL,2016,1,2016.0,2016-Q1,2016q1,0.0013057227357678,-6.640998570997737
BOL,Bolivia,BOL,2016,2,2016.25,2016-Q2,2016q2,0.0012985104282596,-6.646537495889022
BOL,Bolivia,BOL,2016,3,2016.5,2016-Q3,2016q3,0.0013180587589324,-6.6315952620045175
BOL,Bolivia,BOL,2016,4,2016.75,2016-Q4,2016q4,0.0013092069680847,-6.638333692952466
BOL,Bolivia,BOL,2017,1,2017.0,2017-Q1,2017q1,0.0013024524438522,-6.643506296441161
BOL,Bolivia,BOL,2017,2,2017.25,2017-Q2,2017q2,0.0013304804858426,-6.622215134439057
BOL,Bolivia,BOL,2017,3,2017.5,2017-Q3,2017q3,0.0013204402324886,-6.629790088524715
BOL,Bolivia,BOL,2017,4,2017.75,2017-Q4,2017q4,0.0012935047052534,-6.650399918731045
BOL,Bolivia,BOL,2018,1,2018.0,2018-Q1,2018q1,0.0013056007901578,-6.641091968547967
BOL,Bolivia,BOL,2018,2,2018.25,2018-Q2,2018q2,0.0012890719766236,-6.6538327174656455
BOL,Bolivia,BOL,2018,3,2018.5,2018-Q3,2018q3,0.0012829949107867,-6.658558160007557
BOL,Bolivia,BOL,2018,4,2018.75,2018-Q4,2018q4,0.0012578811489527,-6.678326601357267
BOL,Bolivia,BOL,2019,1,2019.0,2019-Q1,2019q1,0.0012537764929081,-6.681595087977705
BOL,Bolivia,BOL,2019,2,2019.25,2019-Q2,2019q2,0.0012790785240355,-6.661615363402545
BOL,Bolivia,BOL,2019,3,2019.5,2019-Q3,2019q3,0.001263156648735,-6.6741414142192435
BOL,Bolivia,BOL,2019,4,2019.75,2019-Q4,2019q4,0.0012183216872293,-6.7102810335399115
BRA,Brazil,BRA,1990,1,1990.0,1990-Q1,1990q1,0.0050887103577614,-5.280730848349593
BRA,Brazil,BRA,1990,2,1990.25,1990-Q2,1990q2,0.0046860317659486,-5.363169160014559
BRA,Brazil,BRA,1990,3,1990.5,1990-Q3,1990q3,0.0049948101620547,-5.299355873198506
BRA,Brazil,BRA,1990,4,1990.75,1990-Q4,1990q4,0.0049171569551478,-5.315024770145018
BRA,Brazil,BRA,1991,1,1991.0,1991-Q1,1991q1,0.0045628577314926,-5.3898061562447
BRA,Brazil,BRA,1991,2,1991.25,1991-Q2,1991q2,0.0047857692850937,-5.342108496864828
BRA,Brazil,BRA,1991,3,1991.5,1991-Q3,1991q3,0.0049461681475557,-5.309142113785554
BRA,Brazil,BRA,1991,4,1991.75,1991-Q4,1991q4,0.0047696975273643,-5.345472387546503
BRA,Brazil,BRA,1992,1,1992.0,1992-Q1,1992q1,0.0045796455843523,-5.38613366717948
BRA,Brazil,BRA,1992,2,1992.25,1992-Q2,1992q2,0.0045200525425783,-5.399231660741335
BRA,Brazil,BRA,1992,3,1992.5,1992-Q3,1992q3,0.0045138490224472,-5.400605047657615
BRA,Brazil,BRA,1992,4,1992.75,1992-Q4,1992q4,0.0045584934019619,-5.390763104354667
BRA,Brazil,BRA,1993,1,1993.0,1993-Q1,1993q1,0.0046566180666796,-5.369465831083025
BRA,Brazil,BRA,1993,2,1993.25,1993-Q2,1993q2,0.0047401059661525,-5.351695787796662
BRA,Brazil,BRA,1993,3,1993.5,1993-Q3,1993q3,0.0047525304153233,-5.3490780837645575
BRA,Brazil,BRA,1993,4,1993.75,1993-Q4,1993q4,0.0047219743550388,-5.355528271286803
BRA,Brazil,BRA,1994,1,1994.0,1994-Q1,1994q1,0.0047733898717045,-5.344698561557063
BRA,Brazil,BRA,1994,2,1994.25,1994-Q2,1994q2,0.0048257143573061,-5.333796501822311
BRA,Brazil,BRA,1994,3,1994.5,1994-Q3,1994q3,0.0049921224040365,-5.299894128176259
BRA,Brazil,BRA,1994,4,1994.75,1994-Q4,1994q4,0.0051784316236011,-5.263253043923044
BRA,Brazil,BRA,1995,1,1995.0,1995-Q1,1995q1,0.0052117808115774,-5.256833675174578
BRA,Brazil,BRA,1995,2,1995.25,1995-Q2,1995q2,0.005122523661829,-5.2741080586663776
BRA,Brazil,BRA,1995,3,1995.5,1995-Q3,1995q3,0.0050242474967737,-5.293479588136762
BRA,Brazil,BRA,1995,4,1995.75,1995-Q4,1995q4,0.005041990862081,-5.289954262578028
BRA,Brazil,BRA,1996,1,1996.0,1996-Q1,1996q1,0.0051387036480482,-5.270954439875922
BRA,Brazil,BRA,1996,2,1996.25,1996-Q2,1996q2,0.0051866440427539,-5.261668410846423
BRA,Brazil,BRA,1996,3,1996.5,1996-Q3,1996q3,0.0053651839625218,-5.227824614107697
BRA,Brazil,BRA,1996,4,1996.75,1996-Q4,1996q4,0.0053014346940282,-5.239777798069427
BRA,Brazil,BRA,1997,1,1997.0,1997-Q1,1997q1,0.0052863633597423,-5.242624725143173
BRA,Brazil,BRA,1997,2,1997.25,1997-Q2,1997q2,0.0052993518448673,-5.240170759323775
BRA,Brazil,BRA,1997,3,1997.5,1997-Q3,1997q3,0.0053536369156533,-5.229979151713382
BRA,Brazil,BRA,1997,4,1997.75,1997-Q4,1997q4,0.0053860389289705,-5.22394505681148
BRA,Brazil,BRA,1998,1,1998.0,1998-Q1,1998q1,0.0052444927732242,-5.250576748535879
BRA,Brazil,BRA,1998,2,1998.25,1998-Q2,1998q2,0.0053212269984471,-5.236051363415779
BRA,Brazil,BRA,1998,3,1998.5,1998-Q3,1998q3,0.0053072932214377,-5.238673324837248
BRA,Brazil,BRA,1998,4,1998.75,1998-Q4,1998q4,0.0052345040104594,-5.252483184046136
BRA,Brazil,BRA,1999,1,1999.0,1999-Q1,1999q1,0.0051784517900815,-5.263249149608588
BRA,Brazil,BRA,1999,2,1999.25,1999-Q2,1999q2,0.0051934873255777,-5.260349875738839
BRA,Brazil,BRA,1999,3,1999.5,1999-Q3,1999q3,0.0051812252479411,-5.262713716329021
BRA,Brazil,BRA,1999,4,1999.75,1999-Q4,1999q4,0.0052431463468155,-5.250833512980324
BRA,Brazil,BRA,2000,1,2000.0,2000-Q1,2000q1,0.0050964687915616,-5.2792073728786075
BRA,Brazil,BRA,2000,2,2000.25,2000-Q2,2000q2,0.0051568682247842,-5.267425816928524
BRA,Brazil,BRA,2000,3,2000.5,2000-Q3,2000q3,0.0052068184457555,-5.257786272750238
BRA,Brazil,BRA,2000,4,2000.75,2000-Q4,2000q4,0.0052595190742875,-5.2477156871563855
BRA,Brazil,BRA,2001,1,2001.0,2001-Q1,2001q1,0.0050743558502503,-5.283555688169134
BRA,Brazil,BRA,2001,2,2001.25,2001-Q2,2001q2,0.0050397467790993,-5.290399440403246
BRA,Brazil,BRA,2001,3,2001.5,2001-Q3,2001q3,0.0050033037652362,-5.297656831701978
BRA,Brazil,BRA,2001,4,2001.75,2001-Q4,2001q4,0.0049777471765401,-5.302777864486383
BRA,Brazil,BRA,2002,1,2002.0,2002-Q1,2002q1,0.0049510026006843,-5.308165177318339
BRA,Brazil,BRA,2002,2,2002.25,2002-Q2,2002q2,0.0049520166171248,-5.307960387966377
BRA,Brazil,BRA,2002,3,2002.5,2002-Q3,2002q3,0.0050101539086524,-5.296288644067322
BRA,Brazil,BRA,2002,4,2002.75,2002-Q4,2002q4,0.0050510832741887,-5.288152548958457
BRA,Brazil,BRA,2003,1,2003.0,2003-Q1,2003q1,0.0049832024127277,-5.301682539852097
BRA,Brazil,BRA,2003,2,2003.25,2003-Q2,2003q2,0.004930885293578,-5.312236734314918
BRA,Brazil,BRA,2003,3,2003.5,2003-Q3,2003q3,0.0049669284892528,-5.30495364013133
BRA,Brazil,BRA,2003,4,2003.75,2003-Q4,2003q4,0.0050088593250879,-5.296547069431478
BRA,Brazil,BRA,2004,1,2004.0,2004-Q1,2004q1,0.0048360582354044,-5.331655304241632
BRA,Brazil,BRA,2004,2,2004.25,2004-Q2,2004q2,0.0049597913847565,-5.306391598654726
BRA,Brazil,BRA,2004,3,2004.5,2004-Q3,2004q3,0.0050127112462981,-5.295778343337608
BRA,Brazil,BRA,2004,4,2004.75,2004-Q4,2004q4,0.0050414372178362,-5.290064075280805
BRA,Brazil,BRA,2005,1,2005.0,2005-Q1,2005q1,0.004989975667426,-5.300324245497934
BRA,Brazil,BRA,2005,2,2005.25,2005-Q2,2005q2,0.0050334033787745,-5.291658907613384
BRA,Brazil,BRA,2005,3,2005.5,2005-Q3,2005q3,0.0049945649443841,-5.299404968896292
BRA,Brazil,BRA,2005,4,2005.75,2005-Q4,2005q4,0.0050494841545702,-5.288469188522153
BRA,Brazil,BRA,2006,1,2006.0,2006-Q1,2006q1,0.0050407814525747,-5.290194158803859
BRA,Brazil,BRA,2006,2,2006.25,2006-Q2,2006q2,0.0050473227155862,-5.28889733160636
BRA,Brazil,BRA,2006,3,2006.5,2006-Q3,2006q3,0.0051226877704561,-5.274076022504274
BRA,Brazil,BRA,2006,4,2006.75,2006-Q4,2006q4,0.0051737518607865,-5.264157155242252
BRA,Brazil,BRA,2007,1,2007.0,2007-Q1,2007q1,0.0052098009976536,-5.257213620174072
BRA,Brazil,BRA,2007,2,2007.25,2007-Q2,2007q2,0.0052882418172457,-5.242269448044555
BRA,Brazil,BRA,2007,3,2007.5,2007-Q3,2007q3,0.0053340736529328,-5.233640045118772
BRA,Brazil,BRA,2007,4,2007.75,2007-Q4,2007q4,0.005405100369001,-5.22041225840547
BRA,Brazil,BRA,2008,1,2008.0,2008-Q1,2008q1,0.0053490913543034,-5.2308285728158435
BRA,Brazil,BRA,2008,2,2008.25,2008-Q2,2008q2,0.005447961565707,-5.212513764912564
BRA,Brazil,BRA,2008,3,2008.5,2008-Q3,2008q3,0.0055273024568506,-5.198055384116328
BRA,Brazil,BRA,2008,4,2008.75,2008-Q4,2008q4,0.0053104434825643,-5.238079928842064
BRA,Brazil,BRA,2009,1,2009.0,2009-Q1,2009q1,0.0052261337006883,-5.254083528458908
BRA,Brazil,BRA,2009,2,2009.25,2009-Q2,2009q2,0.0053131272309472,-5.237574684699136
BRA,Brazil,BRA,2009,3,2009.5,2009-Q3,2009q3,0.0054283908288609,-5.216112537232198
BRA,Brazil,BRA,2009,4,2009.75,2009-Q4,2009q4,0.0055600261085571,-5.1921524749470205
BRA,Brazil,BRA,2010,1,2010.0,2010-Q1,2010q1,0.005666092596872,-5.173255535160227
BRA,Brazil,BRA,2010,2,2010.25,2010-Q2,2010q2,0.0057283899370026,-5.162320776046801
BRA,Brazil,BRA,2010,3,2010.5,2010-Q3,2010q3,0.0057699015048149,-5.155100268830548
BRA,Brazil,BRA,2010,4,2010.75,2010-Q4,2010q4,0.0058443028730501,-5.142287960110458
BRA,Brazil,BRA,2011,1,2011.0,2011-Q1,2011q1,0.0059124443172776,-5.130695943005033
BRA,Brazil,BRA,2011,2,2011.25,2011-Q2,2011q2,0.0059613887574961,-5.12245181204549
BRA,Brazil,BRA,2011,3,2011.5,2011-Q3,2011q3,0.0059402458039715,-5.126004765323776
BRA,Brazil,BRA,2011,4,2011.75,2011-Q4,2011q4,0.0059876827834623,-5.118050789201697
BRA,Brazil,BRA,2012,1,2012.0,2012-Q1,2012q1,0.0060905763084385,-5.101012569810146
BRA,Brazil,BRA,2012,2,2012.25,2012-Q2,2012q2,0.0061037655473902,-5.09884939540505
BRA,Brazil,BRA,2012,3,2012.5,2012-Q3,2012q3,0.0062016371435644,-5.082941966373973
BRA,Brazil,BRA,2012,4,2012.75,2012-Q4,2012q4,0.0062250520747182,-5.079173471249777
BRA,Brazil,BRA,2013,1,2013.0,2013-Q1,2013q1,0.0062182061437336,-5.080273815155713
BRA,Brazil,BRA,2013,2,2013.25,2013-Q2,2013q2,0.0062398272562903,-5.076802780270801
BRA,Brazil,BRA,2013,3,2013.5,2013-Q3,2013q3,0.0062724695283144,-5.071585137716461
BRA,Brazil,BRA,2013,4,2013.75,2013-Q4,2013q4,0.0062730699238835,-5.071489423128524
BRA,Brazil,BRA,2014,1,2014.0,2014-Q1,2014q1,0.0062713947402354,-5.0717565024663696
BRA,Brazil,BRA,2014,2,2014.25,2014-Q2,2014q2,0.0061504414146775,-5.091231424995085
BRA,Brazil,BRA,2014,3,2014.5,2014-Q3,2014q3,0.0061742274461268,-5.087371514233977
BRA,Brazil,BRA,2014,4,2014.75,2014-Q4,2014q4,0.006208588543564,-5.08182169654136
BRA,Brazil,BRA,2015,1,2015.0,2015-Q1,2015q1,0.0061202635682866,-5.09615011667175
BRA,Brazil,BRA,2015,2,2015.25,2015-Q2,2015q2,0.0059772419320249,-5.119796032792577
BRA,Brazil,BRA,2015,3,2015.5,2015-Q3,2015q3,0.0059288341018946,-5.127927695438627
BRA,Brazil,BRA,2015,4,2015.75,2015-Q4,2015q4,0.0059030245965536,-5.132290415943582
BRA,Brazil,BRA,2016,1,2016.0,2016-Q1,2016q1,0.0058187898922024,-5.146662961159622
BRA,Brazil,BRA,2016,2,2016.25,2016-Q2,2016q2,0.0058595569897848,-5.139681277263798
BRA,Brazil,BRA,2016,3,2016.5,2016-Q3,2016q3,0.0059347984158596,-5.126922216811645
BRA,Brazil,BRA,2016,4,2016.75,2016-Q4,2016q4,0.0059303977481875,-5.127663994328517
BRA,Brazil,BRA,2017,1,2017.0,2017-Q1,2017q1,0.0059736054228482,-5.12040461044083
BRA,Brazil,BRA,2017,2,2017.25,2017-Q2,2017q2,0.0059635089937651,-5.122096213811347
BRA,Brazil,BRA,2017,3,2017.5,2017-Q3,2017q3,0.0059630974971857,-5.122165218616675
BRA,Brazil,BRA,2017,4,2017.75,2017-Q4,2017q4,0.0059498232078275,-5.124393772836206
BRA,Brazil,BRA,2018,1,2018.0,2018-Q1,2018q1,0.0059644148909542,-5.121944318611546
BRA,Brazil,BRA,2018,2,2018.25,2018-Q2,2018q2,0.0059606256165107,-5.122579834200557
BRA,Brazil,BRA,2018,3,2018.5,2018-Q3,2018q3,0.0059784841084115,-5.119588236731197
BRA,Brazil,BRA,2018,4,2018.75,2018-Q4,2018q4,0.0059291808153131,-5.127869217958034
BRA,Brazil,BRA,2019,1,2019.0,2019-Q1,2019q1,0.005901417591461,-5.132562687191462
BRA,Brazil,BRA,2019,2,2019.25,2019-Q2,2019q2,0.0058898164891418,-5.134530438146659
BRA,Brazil,BRA,2019,3,2019.5,2019-Q3,2019q3,0.0059042400512275,-5.132084533427275
BRA,Brazil,BRA,2019,4,2019.75,2019-Q4,2019q4,0.0058998894382965,-5.132821667517825
CAN,Canada,CAN,1990,1,1990.0,1990-Q1,1990q1,0.0194896605169711,-3.937871183932937
CAN,Canada,CAN,1990,2,1990.25,1990-Q2,1990q2,0.0194103017639345,-3.941951335093913
CAN,Canada,CAN,1990,3,1990.5,1990-Q3,1990q3,0.0193150487886019,-3.946870756923417
CAN,Canada,CAN,1990,4,1990.75,1990-Q4,1990q4,0.0192943609753239,-3.9479424032078003
CAN,Canada,CAN,1991,1,1991.0,1991-Q1,1991q1,0.0192211306608713,-3.9517450498616484
CAN,Canada,CAN,1991,2,1991.25,1991-Q2,1991q2,0.0192923968771022,-3.948044204879291
CAN,Canada,CAN,1991,3,1991.5,1991-Q3,1991q3,0.0193242795726874,-3.946392964754009
CAN,Canada,CAN,1991,4,1991.75,1991-Q4,1991q4,0.0194021114930711,-3.9423733789864555
CAN,Canada,CAN,1992,1,1992.0,1992-Q1,1992q1,0.019524113493051,-3.936104987972134
CAN,Canada,CAN,1992,2,1992.25,1992-Q2,1992q2,0.0195918561477796,-3.9326413017551225
CAN,Canada,CAN,1992,3,1992.5,1992-Q3,1992q3,0.0197374353948453,-3.9252381726244643
CAN,Canada,CAN,1992,4,1992.75,1992-Q4,1992q4,0.0198398566203185,-3.9200624039499865
CAN,Canada,CAN,1993,1,1993.0,1993-Q1,1993q1,0.0199081999324144,-3.9166235752185767
CAN,Canada,CAN,1993,2,1993.25,1993-Q2,1993q2,0.0200710767882385,-3.908475465981872
CAN,Canada,CAN,1993,3,1993.5,1993-Q3,1993q3,0.0201993179994047,-3.902106437550649
CAN,Canada,CAN,1993,4,1993.75,1993-Q4,1993q4,0.0202142962719072,-3.9013651886691325
CAN,Canada,CAN,1994,1,1994.0,1994-Q1,1994q1,0.0204732040325294,-3.8886383682291807
CAN,Canada,CAN,1994,2,1994.25,1994-Q2,1994q2,0.0205554572740313,-3.884628812514804
CAN,Canada,CAN,1994,3,1994.5,1994-Q3,1994q3,0.0206384565908926,-3.88059911873779
CAN,Canada,CAN,1994,4,1994.75,1994-Q4,1994q4,0.02063038245306,-3.880990413386376
CAN,Canada,CAN,1995,1,1995.0,1995-Q1,1995q1,0.0207453524549307,-3.875433035467894
CAN,Canada,CAN,1995,2,1995.25,1995-Q2,1995q2,0.0207483151086302,-3.875290235186381
CAN,Canada,CAN,1995,3,1995.5,1995-Q3,1995q3,0.0207435945929595,-3.875517774276532
CAN,Canada,CAN,1995,4,1995.75,1995-Q4,1995q4,0.0207590480657974,-3.8747730759844674
CAN,Canada,CAN,1996,1,1996.0,1996-Q1,1996q1,0.0207199554994665,-3.876658009302307
CAN,Canada,CAN,1996,2,1996.25,1996-Q2,1996q2,0.020817227859589,-3.8719743726147087
CAN,Canada,CAN,1996,3,1996.5,1996-Q3,1996q3,0.0209594380571681,-3.8651662301383105
CAN,Canada,CAN,1996,4,1996.75,1996-Q4,1996q4,0.0211163480729831,-3.8577077483063165
CAN,Canada,CAN,1997,1,1997.0,1997-Q1,1997q1,0.0212335399697186,-3.8521732734215886
CAN,Canada,CAN,1997,2,1997.25,1997-Q2,1997q2,0.0213132390104525,-3.8484268495623213
CAN,Canada,CAN,1997,3,1997.5,1997-Q3,1997q3,0.0213695790014266,-3.8457869102931204
CAN,Canada,CAN,1997,4,1997.75,1997-Q4,1997q4,0.0214473822354357,-3.842152681361663
CAN,Canada,CAN,1998,1,1998.0,1998-Q1,1998q1,0.0216722497635006,-3.831722649556422
CAN,Canada,CAN,1998,2,1998.25,1998-Q2,1998q2,0.0215411161476485,-3.837791791156794
CAN,Canada,CAN,1998,3,1998.5,1998-Q3,1998q3,0.0215919974362121,-3.835432522004302
CAN,Canada,CAN,1998,4,1998.75,1998-Q4,1998q4,0.0217391604299661,-3.8286400167116064
CAN,Canada,CAN,1999,1,1999.0,1999-Q1,1999q1,0.0220050565984714,-3.8164830066491615
CAN,Canada,CAN,1999,2,1999.25,1999-Q2,1999q2,0.0220694217130018,-3.8135622614581495
CAN,Canada,CAN,1999,3,1999.5,1999-Q3,1999q3,0.0222774565785341,-3.8041800275968343
CAN,Canada,CAN,1999,4,1999.75,1999-Q4,1999q4,0.0223935475082022,-3.798982419287267
CAN,Canada,CAN,2000,1,2000.0,2000-Q1,2000q1,0.0225699809114119,-3.79113453390352
CAN,Canada,CAN,2000,2,2000.25,2000-Q2,2000q2,0.022748743383119,-3.7832453710175935
CAN,Canada,CAN,2000,3,2000.5,2000-Q3,2000q3,0.0229331438857344,-3.7751720835415346
CAN,Canada,CAN,2000,4,2000.75,2000-Q4,2000q4,0.0227921604840707,-3.7813386405656764
CAN,Canada,CAN,2001,1,2001.0,2001-Q1,2001q1,0.022899627713061,-3.776634625625663
CAN,Canada,CAN,2001,2,2001.25,2001-Q2,2001q2,0.022920144930786,-3.775739063822868
CAN,Canada,CAN,2001,3,2001.5,2001-Q3,2001q3,0.0228886410968626,-3.777114513452602
CAN,Canada,CAN,2001,4,2001.75,2001-Q4,2001q4,0.0229766445106379,-3.7732770350370086
CAN,Canada,CAN,2002,1,2002.0,2002-Q1,2002q1,0.0231663325821897,-3.7650552360961576
CAN,Canada,CAN,2002,2,2002.25,2002-Q2,2002q2,0.0230682069820688,-3.769299930576803
CAN,Canada,CAN,2002,3,2002.5,2002-Q3,2002q3,0.0230142032645635,-3.7716437204062867
CAN,Canada,CAN,2002,4,2002.75,2002-Q4,2002q4,0.0229816025038206,-3.773061274274838
CAN,Canada,CAN,2003,1,2003.0,2003-Q1,2003q1,0.0229615271081191,-3.7739351980649136
CAN,Canada,CAN,2003,2,2003.25,2003-Q2,2003q2,0.0229189441318072,-3.775791455744419
CAN,Canada,CAN,2003,3,2003.5,2003-Q3,2003q3,0.0229104031422679,-3.7761641858898916
CAN,Canada,CAN,2003,4,2003.75,2003-Q4,2003q4,0.0228808800195604,-3.777453650816825
CAN,Canada,CAN,2004,1,2004.0,2004-Q1,2004q1,0.0230020066309947,-3.772173822032739
CAN,Canada,CAN,2004,2,2004.25,2004-Q2,2004q2,0.0231794787903418,-3.7644879266407676
CAN,Canada,CAN,2004,3,2004.5,2004-Q3,2004q3,0.023369879872925,-3.7563072706702982
CAN,Canada,CAN,2004,4,2004.75,2004-Q4,2004q4,0.0234417352649592,-3.753237286938365
CAN,Canada,CAN,2005,1,2005.0,2005-Q1,2005q1,0.023486669510385,-3.751322273659175
CAN,Canada,CAN,2005,2,2005.25,2005-Q2,2005q2,0.0235916469949315,-3.7468625704951672
CAN,Canada,CAN,2005,3,2005.5,2005-Q3,2005q3,0.0237659045549257,-3.7395033071567982
CAN,Canada,CAN,2005,4,2005.75,2005-Q4,2005q4,0.0238917779014841,-3.7342209000918287
CAN,Canada,CAN,2006,1,2006.0,2006-Q1,2006q1,0.0239761767558468,-3.7306945767958
CAN,Canada,CAN,2006,2,2006.25,2006-Q2,2006q2,0.0238275151128339,-3.736914268892537
CAN,Canada,CAN,2006,3,2006.5,2006-Q3,2006q3,0.0238646597609584,-3.73535658544726
CAN,Canada,CAN,2006,4,2006.75,2006-Q4,2006q4,0.0238544210931276,-3.7357857080457957
CAN,Canada,CAN,2007,1,2007.0,2007-Q1,2007q1,0.0238160980847164,-3.7373935368392686
CAN,Canada,CAN,2007,2,2007.25,2007-Q2,2007q2,0.0239596692675005,-3.7313833093568483
CAN,Canada,CAN,2007,3,2007.5,2007-Q3,2007q3,0.0239022223418725,-3.7337838393519247
CAN,Canada,CAN,2007,4,2007.75,2007-Q4,2007q4,0.023814016905387,-3.7374809260606114
CAN,Canada,CAN,2008,1,2008.0,2008-Q1,2008q1,0.0237129454410736,-3.741734158823173
CAN,Canada,CAN,2008,2,2008.25,2008-Q2,2008q2,0.0237639369799355,-3.7395861004053255
CAN,Canada,CAN,2008,3,2008.5,2008-Q3,2008q3,0.0239428859232174,-3.732084037946504
CAN,Canada,CAN,2008,4,2008.75,2008-Q4,2008q4,0.0236591850164693,-3.7440038666519864
CAN,Canada,CAN,2009,1,2009.0,2009-Q1,2009q1,0.0234338111274418,-3.753575379534728
CAN,Canada,CAN,2009,2,2009.25,2009-Q2,2009q2,0.0232564984277236,-3.761170683734572
CAN,Canada,CAN,2009,3,2009.5,2009-Q3,2009q3,0.0233906317839883,-3.7554196878919948
CAN,Canada,CAN,2009,4,2009.75,2009-Q4,2009q4,0.0235499764939532,-3.7486304566538307
CAN,Canada,CAN,2010,1,2010.0,2010-Q1,2010q1,0.0237646293417209,-3.73955696585156
CAN,Canada,CAN,2010,2,2010.25,2010-Q2,2010q2,0.0237229178764641,-3.741313699076476
CAN,Canada,CAN,2010,3,2010.5,2010-Q3,2010q3,0.0237884810844795,-3.738553803511807
CAN,Canada,CAN,2010,4,2010.75,2010-Q4,2010q4,0.0239800993514223,-3.730530986296176
CAN,Canada,CAN,2011,1,2011.0,2011-Q1,2011q1,0.0240300407221828,-3.728450534595878
CAN,Canada,CAN,2011,2,2011.25,2011-Q2,2011q2,0.0240325217300821,-3.7283472938290556
CAN,Canada,CAN,2011,3,2011.5,2011-Q3,2011q3,0.0243077249001153,-3.7169610820301324
CAN,Canada,CAN,2011,4,2011.75,2011-Q4,2011q4,0.0244961875456905,-3.7092377839199866
CAN,Canada,CAN,2012,1,2012.0,2012-Q1,2012q1,0.024463433405089,-3.710575790418075
CAN,Canada,CAN,2012,2,2012.25,2012-Q2,2012q2,0.0243568717782945,-3.7149412607126933
CAN,Canada,CAN,2012,3,2012.5,2012-Q3,2012q3,0.024318120796875,-3.716533494734978
CAN,Canada,CAN,2012,4,2012.75,2012-Q4,2012q4,0.0242373426583605,-3.7198607500956857
CAN,Canada,CAN,2013,1,2013.0,2013-Q1,2013q1,0.0243418070157225,-3.7155599535982335
CAN,Canada,CAN,2013,2,2013.25,2013-Q2,2013q2,0.0244435147047342,-3.7113903454956647
CAN,Canada,CAN,2013,3,2013.5,2013-Q3,2013q3,0.0246409928721204,-3.7033438459938886
CAN,Canada,CAN,2013,4,2013.75,2013-Q4,2013q4,0.0248819192910011,-3.6936138721651774
CAN,Canada,CAN,2014,1,2014.0,2014-Q1,2014q1,0.0249184228967378,-3.69214787371333
CAN,Canada,CAN,2014,2,2014.25,2014-Q2,2014q2,0.0251207020261483,-3.6840629908718383
CAN,Canada,CAN,2014,3,2014.5,2014-Q3,2014q3,0.0252877821122262,-3.6774339203576725
CAN,Canada,CAN,2014,4,2014.75,2014-Q4,2014q4,0.0253991813073848,-3.6730383374698325
CAN,Canada,CAN,2015,1,2015.0,2015-Q1,2015q1,0.0252263145552299,-3.679867600909828
CAN,Canada,CAN,2015,2,2015.25,2015-Q2,2015q2,0.0251440951726573,-3.6831321943899415
CAN,Canada,CAN,2015,3,2015.5,2015-Q3,2015q3,0.0251566356645842,-3.6826335737147353
CAN,Canada,CAN,2015,4,2015.75,2015-Q4,2015q4,0.025180609786857,-3.6816810335480854
CAN,Canada,CAN,2016,1,2016.0,2016-Q1,2016q1,0.0253357846073489,-3.6755374712285374
CAN,Canada,CAN,2016,2,2016.25,2016-Q2,2016q2,0.0251260302398892,-3.6838509088708573
CAN,Canada,CAN,2016,3,2016.5,2016-Q3,2016q3,0.0253281053071153,-3.675840618116997
CAN,Canada,CAN,2016,4,2016.75,2016-Q4,2016q4,0.0253405562507252,-3.6753491528413136
CAN,Canada,CAN,2017,1,2017.0,2017-Q1,2017q1,0.0254560504074689,-3.6708018272083986
CAN,Canada,CAN,2017,2,2017.25,2017-Q2,2017q2,0.0255900743812662,-3.6655507221610413
CAN,Canada,CAN,2017,3,2017.5,2017-Q3,2017q3,0.0254434573303995,-3.6712966483917864
CAN,Canada,CAN,2017,4,2017.75,2017-Q4,2017q4,0.0254164818292071,-3.67235742448266
CAN,Canada,CAN,2018,1,2018.0,2018-Q1,2018q1,0.0256285097025662,-3.664049886899694
CAN,Canada,CAN,2018,2,2018.25,2018-Q2,2018q2,0.0257599278900537,-3.65893517704906
CAN,Canada,CAN,2018,3,2018.5,2018-Q3,2018q3,0.0257551464926514,-3.6591208080502113
CAN,Canada,CAN,2018,4,2018.75,2018-Q4,2018q4,0.025683447632762,-3.661908555559359
CAN,Canada,CAN,2019,1,2019.0,2019-Q1,2019q1,0.0256044008664184,-3.6649910334267837
CAN,Canada,CAN,2019,2,2019.25,2019-Q2,2019q2,0.0257102962705487,-3.660863734217693
CAN,Canada,CAN,2019,3,2019.5,2019-Q3,2019q3,0.0257092820476866,-3.6609031831161634
CAN,Canada,CAN,2019,4,2019.75,2019-Q4,2019q4,0.02576305855795,-3.658813651954496
CHE,Switzerland,CHE,1990,1,1990.0,1990-Q1,1990q1,0.0309552647687769,-3.475212188703089
CHE,Switzerland,CHE,1990,2,1990.25,1990-Q2,1990q2,0.0310497939905428,-3.472163105389787
CHE,Switzerland,CHE,1990,3,1990.5,1990-Q3,1990q3,0.0309224756323826,-3.4762719927376495
CHE,Switzerland,CHE,1990,4,1990.75,1990-Q4,1990q4,0.0308285017888465,-3.479315634150511
CHE,Switzerland,CHE,1991,1,1991.0,1991-Q1,1991q1,0.0309928719132768,-3.473998039218244
CHE,Switzerland,CHE,1991,2,1991.25,1991-Q2,1991q2,0.0306567019292826,-3.484903980493312
CHE,Switzerland,CHE,1991,3,1991.5,1991-Q3,1991q3,0.0306177566099244,-3.486175156951854
CHE,Switzerland,CHE,1991,4,1991.75,1991-Q4,1991q4,0.0307059861179166,-3.483297655842301
CHE,Switzerland,CHE,1992,1,1992.0,1992-Q1,1992q1,0.0308603595013498,-3.4782827826869207
CHE,Switzerland,CHE,1992,2,1992.25,1992-Q2,1992q2,0.0308123666340846,-3.479839155494166
CHE,Switzerland,CHE,1992,3,1992.5,1992-Q3,1992q3,0.0304991954884524,-3.490054973144452
CHE,Switzerland,CHE,1992,4,1992.75,1992-Q4,1992q4,0.0302708112735759,-3.497571355066299
CHE,Switzerland,CHE,1993,1,1993.0,1993-Q1,1993q1,0.0302406516791351,-3.498568177667059
CHE,Switzerland,CHE,1993,2,1993.25,1993-Q2,1993q2,0.0305920109887235,-3.4870163829106904
CHE,Switzerland,CHE,1993,3,1993.5,1993-Q3,1993q3,0.0306826209512023,-3.484058877474721
CHE,Switzerland,CHE,1993,4,1993.75,1993-Q4,1993q4,0.0307997220658182,-3.4802496128803946
CHE,Switzerland,CHE,1994,1,1994.0,1994-Q1,1994q1,0.0312388460631687,-3.466092892491566
CHE,Switzerland,CHE,1994,2,1994.25,1994-Q2,1994q2,0.0309652342820998,-3.4748901785913535
CHE,Switzerland,CHE,1994,3,1994.5,1994-Q3,1994q3,0.0312444299832156,-3.46591415922356
CHE,Switzerland,CHE,1994,4,1994.75,1994-Q4,1994q4,0.031412967492964,-3.4605344938367293
CHE,Switzerland,CHE,1995,1,1995.0,1995-Q1,1995q1,0.030892599361449,-3.477238626629557
CHE,Switzerland,CHE,1995,2,1995.25,1995-Q2,1995q2,0.0310050964481089,-3.473603686457545
CHE,Switzerland,CHE,1995,3,1995.5,1995-Q3,1995q3,0.0311207421907483,-3.469880730639232
CHE,Switzerland,CHE,1995,4,1995.75,1995-Q4,1995q4,0.0310379299003228,-3.4725452772466663
CHE,Switzerland,CHE,1996,1,1996.0,1996-Q1,1996q1,0.0297036909027911,-3.5164839680734614
CHE,Switzerland,CHE,1996,2,1996.25,1996-Q2,1996q2,0.0295848957564254,-3.520491326387644
CHE,Switzerland,CHE,1996,3,1996.5,1996-Q3,1996q3,0.0295624141651248,-3.521251516239493
CHE,Switzerland,CHE,1996,4,1996.75,1996-Q4,1996q4,0.0296561974389189,-3.518084155517653
CHE,Switzerland,CHE,1997,1,1997.0,1997-Q1,1997q1,0.0301848740099344,-3.500414340672079
CHE,Switzerland,CHE,1997,2,1997.25,1997-Q2,1997q2,0.030226138356661,-3.4990482204391067
CHE,Switzerland,CHE,1997,3,1997.5,1997-Q3,1997q3,0.0305265075271966,-3.4891598735645015
CHE,Switzerland,CHE,1997,4,1997.75,1997-Q4,1997q4,0.0307088369596864,-3.4832048169597973
CHE,Switzerland,CHE,1998,1,1998.0,1998-Q1,1998q1,0.0305783835303255,-3.487461940233987
CHE,Switzerland,CHE,1998,2,1998.25,1998-Q2,1998q2,0.0308797088231926,-3.4776559831707754
CHE,Switzerland,CHE,1998,3,1998.5,1998-Q3,1998q3,0.0308262070514016,-3.47939007250207
CHE,Switzerland,CHE,1998,4,1998.75,1998-Q4,1998q4,0.0307326853258258,-3.4824285221529654
CHE,Switzerland,CHE,1999,1,1999.0,1999-Q1,1999q1,0.0306576326154068,-3.484873622628999
CHE,Switzerland,CHE,1999,2,1999.25,1999-Q2,1999q2,0.0308307442593546,-3.47924289662442
CHE,Switzerland,CHE,1999,3,1999.5,1999-Q3,1999q3,0.0309386947609304,-3.4757476208637805
CHE,Switzerland,CHE,1999,4,1999.75,1999-Q4,1999q4,0.0316452698972944,-3.4531665918832157
CHE,Switzerland,CHE,2000,1,2000.0,2000-Q1,2000q1,0.0318470163642532,-3.446811579083451
CHE,Switzerland,CHE,2000,2,2000.25,2000-Q2,2000q2,0.0319547009234016,-3.4434359752289136
CHE,Switzerland,CHE,2000,3,2000.5,2000-Q3,2000q3,0.0322136292193732,-3.4353656483018735
CHE,Switzerland,CHE,2000,4,2000.75,2000-Q4,2000q4,0.032597584918949,-3.423517075594528
CHE,Switzerland,CHE,2001,1,2001.0,2001-Q1,2001q1,0.0321627261027132,-3.4369470713884693
CHE,Switzerland,CHE,2001,2,2001.25,2001-Q2,2001q2,0.0322681676908016,-3.4336740551066818
CHE,Switzerland,CHE,2001,3,2001.5,2001-Q3,2001q3,0.0322309614865378,-3.4348277515632133
CHE,Switzerland,CHE,2001,4,2001.75,2001-Q4,2001q4,0.0320660016987398,-3.4399589472391376
CHE,Switzerland,CHE,2002,1,2002.0,2002-Q1,2002q1,0.0319804987418903,-3.44262897626672
CHE,Switzerland,CHE,2002,2,2002.25,2002-Q2,2002q2,0.0320390766688702,-3.4407989752724393
CHE,Switzerland,CHE,2002,3,2002.5,2002-Q3,2002q3,0.0319736449445868,-3.442843311005164
CHE,Switzerland,CHE,2002,4,2002.75,2002-Q4,2002q4,0.0318027862375114,-3.448201375502393
CHE,Switzerland,CHE,2003,1,2003.0,2003-Q1,2003q1,0.0317835671441764,-3.448805879233088
CHE,Switzerland,CHE,2003,2,2003.25,2003-Q2,2003q2,0.0316778691559106,-3.4521369757907885
CHE,Switzerland,CHE,2003,3,2003.5,2003-Q3,2003q3,0.0319568773134943,-3.443367868943524
CHE,Switzerland,CHE,2003,4,2003.75,2003-Q4,2003q4,0.0322970042612544,-3.432780800384411
CHE,Switzerland,CHE,2004,1,2004.0,2004-Q1,2004q1,0.032622379579678,-3.422756735961898
CHE,Switzerland,CHE,2004,2,2004.25,2004-Q2,2004q2,0.032877977331153,-3.4149522273788144
CHE,Switzerland,CHE,2004,3,2004.5,2004-Q3,2004q3,0.0327757381901708,-3.4180667266212277
CHE,Switzerland,CHE,2004,4,2004.75,2004-Q4,2004q4,0.0328173860350366,-3.416796841981502
CHE,Switzerland,CHE,2005,1,2005.0,2005-Q1,2005q1,0.0331045461804893,-3.408084659187757
CHE,Switzerland,CHE,2005,2,2005.25,2005-Q2,2005q2,0.0334380665220707,-3.3980603117533046
CHE,Switzerland,CHE,2005,3,2005.5,2005-Q3,2005q3,0.0337367398577895,-3.389167831968849
CHE,Switzerland,CHE,2005,4,2005.75,2005-Q4,2005q4,0.0340330683467842,-3.3804226285985517
CHE,Switzerland,CHE,2006,1,2006.0,2006-Q1,2006q1,0.0339598765801366,-3.3825755518171907
CHE,Switzerland,CHE,2006,2,2006.25,2006-Q2,2006q2,0.0342025916282377,-3.375453859181189
CHE,Switzerland,CHE,2006,3,2006.5,2006-Q3,2006q3,0.0343508489918252,-3.3711285446999923
CHE,Switzerland,CHE,2006,4,2006.75,2006-Q4,2006q4,0.0347251325231866,-3.360291573986547
CHE,Switzerland,CHE,2007,1,2007.0,2007-Q1,2007q1,0.0345104417937238,-3.3664933400496833
CHE,Switzerland,CHE,2007,2,2007.25,2007-Q2,2007q2,0.0350141071535382,-3.3520042371705387
CHE,Switzerland,CHE,2007,3,2007.5,2007-Q3,2007q3,0.035228124227688,-3.3459105316545434
CHE,Switzerland,CHE,2007,4,2007.75,2007-Q4,2007q4,0.0354330617430441,-3.340109947156439
CHE,Switzerland,CHE,2008,1,2008.0,2008-Q1,2008q1,0.0350838828137067,-3.3500134330619966
CHE,Switzerland,CHE,2008,2,2008.25,2008-Q2,2008q2,0.035409876948443,-3.3407644879153935
CHE,Switzerland,CHE,2008,3,2008.5,2008-Q3,2008q3,0.0355056429790945,-3.3380636379755257
CHE,Switzerland,CHE,2008,4,2008.75,2008-Q4,2008q4,0.0343285991180039,-3.3717764786951556
CHE,Switzerland,CHE,2009,1,2009.0,2009-Q1,2009q1,0.0336537918446053,-3.3916295444076066
CHE,Switzerland,CHE,2009,2,2009.25,2009-Q2,2009q2,0.0337697076954829,-3.388191100367372
CHE,Switzerland,CHE,2009,3,2009.5,2009-Q3,2009q3,0.0341603268765094,-3.376690341123083
CHE,Switzerland,CHE,2009,4,2009.75,2009-Q4,2009q4,0.0342479298951206,-3.3741291571189116
CHE,Switzerland,CHE,2010,1,2010.0,2010-Q1,2010q1,0.0354529858635691,-3.3395478020877722
CHE,Switzerland,CHE,2010,2,2010.25,2010-Q2,2010q2,0.0354877385147686,-3.338568036113176
CHE,Switzerland,CHE,2010,3,2010.5,2010-Q3,2010q3,0.0354075898572377,-3.3408290790765647
CHE,Switzerland,CHE,2010,4,2010.75,2010-Q4,2010q4,0.0358556206705636,-3.3282549412252984
CHE,Switzerland,CHE,2011,1,2011.0,2011-Q1,2011q1,0.0355350212907293,-3.337236553555314
CHE,Switzerland,CHE,2011,2,2011.25,2011-Q2,2011q2,0.0356014065126458,-3.335370133122418
CHE,Switzerland,CHE,2011,3,2011.5,2011-Q3,2011q3,0.0353858776828622,-3.3414424739507167
CHE,Switzerland,CHE,2011,4,2011.75,2011-Q4,2011q4,0.0353256713779971,-3.3431453448455963
CHE,Switzerland,CHE,2012,1,2012.0,2012-Q1,2012q1,0.0353656905558722,-3.3420131221509006
CHE,Switzerland,CHE,2012,2,2012.25,2012-Q2,2012q2,0.0354007279657802,-3.3410228950487544
CHE,Switzerland,CHE,2012,3,2012.5,2012-Q3,2012q3,0.0353689480066936,-3.3419210187376396
CHE,Switzerland,CHE,2012,4,2012.75,2012-Q4,2012q4,0.0356764337879379,-3.3332649261552842
CHE,Switzerland,CHE,2013,1,2013.0,2013-Q1,2013q1,0.0355925536647805,-3.3356188297222102
CHE,Switzerland,CHE,2013,2,2013.25,2013-Q2,2013q2,0.0357829568751599,-3.330283563870041
CHE,Switzerland,CHE,2013,3,2013.5,2013-Q3,2013q3,0.0358631835032749,-3.328044038859414
CHE,Switzerland,CHE,2013,4,2013.75,2013-Q4,2013q4,0.0358351207826787,-3.328826839019298
CHE,Switzerland,CHE,2014,1,2014.0,2014-Q1,2014q1,0.0360313941271589,-3.323364661460887
CHE,Switzerland,CHE,2014,2,2014.25,2014-Q2,2014q2,0.0359476226152455,-3.325692327314847
CHE,Switzerland,CHE,2014,3,2014.5,2014-Q3,2014q3,0.0360423697914252,-3.323060093924674
CHE,Switzerland,CHE,2014,4,2014.75,2014-Q4,2014q4,0.0358483087136307,-3.3284588897960683
CHE,Switzerland,CHE,2015,1,2015.0,2015-Q1,2015q1,0.0356536782503452,-3.3339029607164092
CHE,Switzerland,CHE,2015,2,2015.25,2015-Q2,2015q2,0.0359545206609539,-3.325500454154597
CHE,Switzerland,CHE,2015,3,2015.5,2015-Q3,2015q3,0.0361544193673565,-3.3199560870234808
CHE,Switzerland,CHE,2015,4,2015.75,2015-Q4,2015q4,0.0361308619665669,-3.3206078767430163
CHE,Switzerland,CHE,2016,1,2016.0,2016-Q1,2016q1,0.0359524150734226,-3.3255590183949
CHE,Switzerland,CHE,2016,2,2016.25,2016-Q2,2016q2,0.0362059427690536,-3.3185320087330092
CHE,Switzerland,CHE,2016,3,2016.5,2016-Q3,2016q3,0.0363546608942743,-3.3144328605463866
CHE,Switzerland,CHE,2016,4,2016.75,2016-Q4,2016q4,0.0362747194674597,-3.316634213737042
CHE,Switzerland,CHE,2017,1,2017.0,2017-Q1,2017q1,0.0363358962172526,-3.314949149819276
CHE,Switzerland,CHE,2017,2,2017.25,2017-Q2,2017q2,0.0362455259700688,-3.317439326813859
CHE,Switzerland,CHE,2017,3,2017.5,2017-Q3,2017q3,0.0364333364452851,-3.312271087052796
CHE,Switzerland,CHE,2017,4,2017.75,2017-Q4,2017q4,0.0368332371643454,-3.301354657618597
CHE,Switzerland,CHE,2018,1,2018.0,2018-Q1,2018q1,0.0371018854963584,-3.2940874886558724
CHE,Switzerland,CHE,2018,2,2018.25,2018-Q2,2018q2,0.0373411326973756,-3.287659806637282
CHE,Switzerland,CHE,2018,3,2018.5,2018-Q3,2018q3,0.037071695054338,-3.294901537093698
CHE,Switzerland,CHE,2018,4,2018.75,2018-Q4,2018q4,0.0372790907993367,-3.289322677891959
CHE,Switzerland,CHE,2019,1,2019.0,2019-Q1,2019q1,0.0371549284217769,-3.292658853850757
CHE,Switzerland,CHE,2019,2,2019.25,2019-Q2,2019q2,0.0371065305572417,-3.293962299057808
CHE,Switzerland,CHE,2019,3,2019.5,2019-Q3,2019q3,0.0375891107361423,-3.281040878612129
CHE,Switzerland,CHE,2019,4,2019.75,2019-Q4,2019q4,0.03769538640588,-3.278217568518644
CHL,Chile,CHL,1996,1,1996.0,1996-Q1,1996q1,0.0058023489527668,-5.149492451560485
CHL,Chile,CHL,1996,2,1996.25,1996-Q2,1996q2,0.0058370578849652,-5.143528395906246
CHL,Chile,CHL,1996,3,1996.5,1996-Q3,1996q3,0.0058728521581949,-5.13741487589075
CHL,Chile,CHL,1996,4,1996.75,1996-Q4,1996q4,0.0059293181195977,-5.1278460608476175
CHL,Chile,CHL,1997,1,1997.0,1997-Q1,1997q1,0.0060257545750704,-5.111712566771792
CHL,Chile,CHL,1997,2,1997.25,1997-Q2,1997q2,0.0061225057175827,-5.095783835274329
CHL,Chile,CHL,1997,3,1997.5,1997-Q3,1997q3,0.0062418896166658,-5.0764723192588646
CHL,Chile,CHL,1997,4,1997.75,1997-Q4,1997q4,0.0063433217616361,-5.0603527105735795
CHL,Chile,CHL,1998,1,1998.0,1998-Q1,1998q1,0.0063407951900458,-5.060751094100527
CHL,Chile,CHL,1998,2,1998.25,1998-Q2,1998q2,0.0064152453466103,-5.04907803587655
CHL,Chile,CHL,1998,3,1998.5,1998-Q3,1998q3,0.0063563909271423,-5.058294526984703
CHL,Chile,CHL,1998,4,1998.75,1998-Q4,1998q4,0.006122323735841,-5.095813559125102
CHL,Chile,CHL,1999,1,1999.0,1999-Q1,1999q1,0.0062881665384514,-5.069085739083278
CHL,Chile,CHL,1999,2,1999.25,1999-Q2,1999q2,0.006275015681415,-5.071179294937133
CHL,Chile,CHL,1999,3,1999.5,1999-Q3,1999q3,0.0063910862460438,-5.052851033483471
CHL,Chile,CHL,1999,4,1999.75,1999-Q4,1999q4,0.0065308577127352,-5.031216994742797
CHL,Chile,CHL,2000,1,2000.0,2000-Q1,2000q1,0.0065483805059433,-5.028537510907568
CHL,Chile,CHL,2000,2,2000.25,2000-Q2,2000q2,0.0065347120905574,-5.0306269894093845
CHL,Chile,CHL,2000,3,2000.5,2000-Q3,2000q3,0.0066132762186065,-5.018676102130233
CHL,Chile,CHL,2000,4,2000.75,2000-Q4,2000q4,0.0066635625833677,-5.011101015022257
CHL,Chile,CHL,2001,1,2001.0,2001-Q1,2001q1,0.0067246409527021,-5.001976744852301
CHL,Chile,CHL,2001,2,2001.25,2001-Q2,2001q2,0.0067646793347541,-4.996040419110458
CHL,Chile,CHL,2001,3,2001.5,2001-Q3,2001q3,0.0067161856333771,-5.003234899681725
CHL,Chile,CHL,2001,4,2001.75,2001-Q4,2001q4,0.0067264067446216,-5.001714194013232
CHL,Chile,CHL,2002,1,2002.0,2002-Q1,2002q1,0.0067538379107575,-4.997644356306224
CHL,Chile,CHL,2002,2,2002.25,2002-Q2,2002q2,0.0067813538938892,-4.993578507600911
CHL,Chile,CHL,2002,3,2002.5,2002-Q3,2002q3,0.0068141892985028,-4.988748179309929
CHL,Chile,CHL,2002,4,2002.75,2002-Q4,2002q4,0.0068744760939846,-4.979939842844544
CHL,Chile,CHL,2003,1,2003.0,2003-Q1,2003q1,0.0068235226210743,-4.987379427119871
CHL,Chile,CHL,2003,2,2003.25,2003-Q2,2003q2,0.0068628351479454,-4.981634635751332
CHL,Chile,CHL,2003,3,2003.5,2003-Q3,2003q3,0.0068618696405631,-4.981775332021128
CHL,Chile,CHL,2003,4,2003.75,2003-Q4,2003q4,0.0068558045648355,-4.982659603805396
CHL,Chile,CHL,2004,1,2004.0,2004-Q1,2004q1,0.0069420847938375,-4.970153147004996
CHL,Chile,CHL,2004,2,2004.25,2004-Q2,2004q2,0.0070369915341781,-4.95657453904263
CHL,Chile,CHL,2004,3,2004.5,2004-Q3,2004q3,0.0071716470192682,-4.937619940949558
CHL,Chile,CHL,2004,4,2004.75,2004-Q4,2004q4,0.0072406340791646,-4.928046496424305
CHL,Chile,CHL,2005,1,2005.0,2005-Q1,2005q1,0.0071200517759918,-4.944840281675732
CHL,Chile,CHL,2005,2,2005.25,2005-Q2,2005q2,0.0071972159581412,-4.934061000217596
CHL,Chile,CHL,2005,3,2005.5,2005-Q3,2005q3,0.0073226631161489,-4.9167812034915235
CHL,Chile,CHL,2005,4,2005.75,2005-Q4,2005q4,0.0073634400095753,-4.911228062829913
CHL,Chile,CHL,2006,1,2006.0,2006-Q1,2006q1,0.0074466867188336,-4.899986081241967
CHL,Chile,CHL,2006,2,2006.25,2006-Q2,2006q2,0.0075582793663778,-4.8851117117348055
CHL,Chile,CHL,2006,3,2006.5,2006-Q3,2006q3,0.0076149875684509,-4.877636925144434
CHL,Chile,CHL,2006,4,2006.75,2006-Q4,2006q4,0.0077262029300967,-4.86313774921492
CHL,Chile,CHL,2007,1,2007.0,2007-Q1,2007q1,0.0077267756033982,-4.863063631037571
CHL,Chile,CHL,2007,2,2007.25,2007-Q2,2007q2,0.007767440419751,-4.857814587180175
CHL,Chile,CHL,2007,3,2007.5,2007-Q3,2007q3,0.0077440764820539,-4.860827052758349
CHL,Chile,CHL,2007,4,2007.75,2007-Q4,2007q4,0.007834384325226,-4.849232986322225
CHL,Chile,CHL,2008,1,2008.0,2008-Q1,2008q1,0.007896849263751,-4.841291426435242
CHL,Chile,CHL,2008,2,2008.25,2008-Q2,2008q2,0.0078818498653655,-4.843192648174865
CHL,Chile,CHL,2008,3,2008.5,2008-Q3,2008q3,0.0077709804310413,-4.857358940961612
CHL,Chile,CHL,2008,4,2008.75,2008-Q4,2008q4,0.007648879995015,-4.873196047742471
CHL,Chile,CHL,2009,1,2009.0,2009-Q1,2009q1,0.00778076757313,-4.856100285873047
CHL,Chile,CHL,2009,2,2009.25,2009-Q2,2009q2,0.0077451630802634,-4.860686749135707
CHL,Chile,CHL,2009,3,2009.5,2009-Q3,2009q3,0.0077791224371582,-4.8563117444343655
CHL,Chile,CHL,2009,4,2009.75,2009-Q4,2009q4,0.0078006390336009,-4.853549621257725
CHL,Chile,CHL,2010,1,2010.0,2010-Q1,2010q1,0.0073135474851708,-4.918026830847544
CHL,Chile,CHL,2010,2,2010.25,2010-Q2,2010q2,0.0074262841498024,-4.902729659779072
CHL,Chile,CHL,2010,3,2010.5,2010-Q3,2010q3,0.0074220378104281,-4.903301621984826
CHL,Chile,CHL,2010,4,2010.75,2010-Q4,2010q4,0.0074026481019843,-4.905917491166132
CHL,Chile,CHL,2011,1,2011.0,2011-Q1,2011q1,0.0074316289705641,-4.902010201945533
CHL,Chile,CHL,2011,2,2011.25,2011-Q2,2011q2,0.0074032069973031,-4.905841994639209
CHL,Chile,CHL,2011,3,2011.5,2011-Q3,2011q3,0.0074522760501693,-4.899235783159535
CHL,Chile,CHL,2011,4,2011.75,2011-Q4,2011q4,0.0075858741871849,-4.881467420721811
CHL,Chile,CHL,2012,1,2012.0,2012-Q1,2012q1,0.0076750335568815,-4.869782613286318
CHL,Chile,CHL,2012,2,2012.25,2012-Q2,2012q2,0.0078013193681077,-4.8534624098334005
CHL,Chile,CHL,2012,3,2012.5,2012-Q3,2012q3,0.0077940557244415,-4.854393922432274
CHL,Chile,CHL,2012,4,2012.75,2012-Q4,2012q4,0.007834715198844,-4.849190753695195
CHL,Chile,CHL,2013,1,2013.0,2013-Q1,2013q1,0.0078566398823527,-4.846396259827318
CHL,Chile,CHL,2013,2,2013.25,2013-Q2,2013q2,0.007858287094794,-4.846186623161525
CHL,Chile,CHL,2013,3,2013.5,2013-Q3,2013q3,0.0078813530492146,-4.8432556830991444
CHL,Chile,CHL,2013,4,2013.75,2013-Q4,2013q4,0.0078598163406917,-4.84599203913823
CHL,Chile,CHL,2014,1,2014.0,2014-Q1,2014q1,0.0078512152204025,-4.847086954022085
CHL,Chile,CHL,2014,2,2014.25,2014-Q2,2014q2,0.0078999015261633,-4.8409049846294705
CHL,Chile,CHL,2014,3,2014.5,2014-Q3,2014q3,0.0078855485170207,-4.842723496367656
CHL,Chile,CHL,2014,4,2014.75,2014-Q4,2014q4,0.0079174349162366,-4.8386879998269325
CHL,Chile,CHL,2015,1,2015.0,2015-Q1,2015q1,0.0079371207628498,-4.836204693813414
CHL,Chile,CHL,2015,2,2015.25,2015-Q2,2015q2,0.0079774070470236,-4.831141851772759
CHL,Chile,CHL,2015,3,2015.5,2015-Q3,2015q3,0.0078583127642914,-4.846183356615628
CHL,Chile,CHL,2015,4,2015.75,2015-Q4,2015q4,0.0079024288206588,-4.840585121107879
CHL,Chile,CHL,2016,1,2016.0,2016-Q1,2016q1,0.0079870069199552,-4.829939192644956
CHL,Chile,CHL,2016,2,2016.25,2016-Q2,2016q2,0.0079328595581652,-4.83674170831511
CHL,Chile,CHL,2016,3,2016.5,2016-Q3,2016q3,0.0079484941691466,-4.834772780942707
CHL,Chile,CHL,2016,4,2016.75,2016-Q4,2016q4,0.0079371894787292,-4.836196036318587
CHL,Chile,CHL,2017,1,2017.0,2017-Q1,2017q1,0.0078358750656633,-4.849042722663582
CHL,Chile,CHL,2017,2,2017.25,2017-Q2,2017q2,0.0078505442773525,-4.8471724148967725
CHL,Chile,CHL,2017,3,2017.5,2017-Q3,2017q3,0.0079099005134968,-4.83964007458928
CHL,Chile,CHL,2017,4,2017.75,2017-Q4,2017q4,0.0079639264602328,-4.832833126846829
CHL,Chile,CHL,2018,1,2018.0,2018-Q1,2018q1,0.0079978014698008,-4.828588591346113
CHL,Chile,CHL,2018,2,2018.25,2018-Q2,2018q2,0.0080072310647098,-4.827410262469903
CHL,Chile,CHL,2018,3,2018.5,2018-Q3,2018q3,0.0080021949029544,-4.82803941206361
CHL,Chile,CHL,2018,4,2018.75,2018-Q4,2018q4,0.0081185096373233,-4.813608683856046
CHL,Chile,CHL,2019,1,2019.0,2019-Q1,2019q1,0.0080475196339608,-4.822391355035256
CHL,Chile,CHL,2019,2,2019.25,2019-Q2,2019q2,0.0079720734784049,-4.831810659613742
CHL,Chile,CHL,2019,3,2019.5,2019-Q3,2019q3,0.0078755842848362,-4.843987902122911
CHL,Chile,CHL,2019,4,2019.75,2019-Q4,2019q4,0.0077209903666504,-4.8638126373378325
CMR,Cameroon,CMR,2007,1,2007.0,2007-Q1,2007q1,0.0007501092944578,-7.195291636107179
CMR,Cameroon,CMR,2007,2,2007.25,2007-Q2,2007q2,0.0007488011318931,-7.197037121192659
CMR,Cameroon,CMR,2007,3,2007.5,2007-Q3,2007q3,0.0007828577034844,-7.1525596109480745
CMR,Cameroon,CMR,2007,4,2007.75,2007-Q4,2007q4,0.000775430000648,-7.16209284293167
CMR,Cameroon,CMR,2008,1,2008.0,2008-Q1,2008q1,0.0007763183941832,-7.16094782014934
CMR,Cameroon,CMR,2008,2,2008.25,2008-Q2,2008q2,0.0008267971978247,-7.097951119343947
CMR,Cameroon,CMR,2008,3,2008.5,2008-Q3,2008q3,0.0008067442807059,-7.122503816358974
CMR,Cameroon,CMR,2008,4,2008.75,2008-Q4,2008q4,0.0007801411911309,-7.156035640391359
CMR,Cameroon,CMR,2009,1,2009.0,2009-Q1,2009q1,0.0008139317840927,-7.11363399879935
CMR,Cameroon,CMR,2009,2,2009.25,2009-Q2,2009q2,0.0008180566668207,-7.108578948918987
CMR,Cameroon,CMR,2009,3,2009.5,2009-Q3,2009q3,0.0008264867550957,-7.09832666612416
CMR,Cameroon,CMR,2009,4,2009.75,2009-Q4,2009q4,0.0008286055474414,-7.095766333386348
CMR,Cameroon,CMR,2010,1,2010.0,2010-Q1,2010q1,0.0008345462754577,-7.088622363484681
CMR,Cameroon,CMR,2010,2,2010.25,2010-Q2,2010q2,0.0008509776622159,-7.06912467860039
CMR,Cameroon,CMR,2010,3,2010.5,2010-Q3,2010q3,0.0008572956782903,-7.061727683362724
CMR,Cameroon,CMR,2010,4,2010.75,2010-Q4,2010q4,0.0008848404097128,-7.03010325722553
CMR,Cameroon,CMR,2011,1,2011.0,2011-Q1,2011q1,0.0008562516526601,-7.062946238275717
CMR,Cameroon,CMR,2011,2,2011.25,2011-Q2,2011q2,0.0008674635375192,-7.0499370787047715
CMR,Cameroon,CMR,2011,3,2011.5,2011-Q3,2011q3,0.0008986774252365,-7.01458640296951
CMR,Cameroon,CMR,2011,4,2011.75,2011-Q4,2011q4,0.0008992828669515,-7.013912926763706
CMR,Cameroon,CMR,2012,1,2012.0,2012-Q1,2012q1,0.0009122539092526,-6.99959219737041
CMR,Cameroon,CMR,2012,2,2012.25,2012-Q2,2012q2,0.0009245332292396,-6.986221564852145
CMR,Cameroon,CMR,2012,3,2012.5,2012-Q3,2012q3,0.0008993108422393,-7.013881818806796
CMR,Cameroon,CMR,2012,4,2012.75,2012-Q4,2012q4,0.0008964567300505,-7.017060531504423
CMR,Cameroon,CMR,2013,1,2013.0,2013-Q1,2013q1,0.000925920090337,-6.984722622574166
CMR,Cameroon,CMR,2013,2,2013.25,2013-Q2,2013q2,0.0009319888345103,-6.978189723489608
CMR,Cameroon,CMR,2013,3,2013.5,2013-Q3,2013q3,0.0009603460240911,-6.9482168966843565
CMR,Cameroon,CMR,2013,4,2013.75,2013-Q4,2013q4,0.0009596256336381,-6.948967314518813
CMR,Cameroon,CMR,2014,1,2014.0,2014-Q1,2014q1,0.0009551496027154,-6.953642577694186
CMR,Cameroon,CMR,2014,2,2014.25,2014-Q2,2014q2,0.0009749224595602,-6.933152618785203
CMR,Cameroon,CMR,2014,3,2014.5,2014-Q3,2014q3,0.0009711315850125,-6.937048583908338
CMR,Cameroon,CMR,2014,4,2014.75,2014-Q4,2014q4,0.0010456136535005,-6.863151337686247
CMR,Cameroon,CMR,2015,1,2015.0,2015-Q1,2015q1,0.0009338621524822,-6.976181718976486
CMR,Cameroon,CMR,2015,2,2015.25,2015-Q2,2015q2,0.0010434646013011,-6.8652087550688
CMR,Cameroon,CMR,2015,3,2015.5,2015-Q3,2015q3,0.001080048322439,-6.830749495847873
CMR,Cameroon,CMR,2015,4,2015.75,2015-Q4,2015q4,0.0010555741954292,-6.853670399040113
CMR,Cameroon,CMR,2016,1,2016.0,2016-Q1,2016q1,0.0009935909654066,-6.914184939613638
CMR,Cameroon,CMR,2016,2,2016.25,2016-Q2,2016q2,0.0010716893609554,-6.838519033554652
CMR,Cameroon,CMR,2016,3,2016.5,2016-Q3,2016q3,0.0010885369891467,-6.822920696106175
CMR,Cameroon,CMR,2016,4,2016.75,2016-Q4,2016q4,0.0010833192535661,-6.827725568101274
CMR,Cameroon,CMR,2017,1,2017.0,2017-Q1,2017q1,0.001003563061738,-6.904198549910615
CMR,Cameroon,CMR,2017,2,2017.25,2017-Q2,2017q2,0.0011033716504978,-6.809384650316442
CMR,Cameroon,CMR,2017,3,2017.5,2017-Q3,2017q3,0.001114863382764,-6.799023408246119
CMR,Cameroon,CMR,2017,4,2017.75,2017-Q4,2017q4,0.0011142019880505,-6.799616836094014
CMR,Cameroon,CMR,2018,1,2018.0,2018-Q1,2018q1,0.0010280817912492,-6.880060551642185
CMR,Cameroon,CMR,2018,2,2018.25,2018-Q2,2018q2,0.0011332343966975,-6.782679436870357
CMR,Cameroon,CMR,2018,3,2018.5,2018-Q3,2018q3,0.0011766164720167,-6.745112355957683
CMR,Cameroon,CMR,2018,4,2018.75,2018-Q4,2018q4,0.0011098512947164,-6.803529241356469
CMR,Cameroon,CMR,2019,1,2019.0,2019-Q1,2019q1,0.0010670457527401,-6.842861427787924
CMR,Cameroon,CMR,2019,2,2019.25,2019-Q2,2019q2,0.0011797505251212,-6.7424522822456066
CMR,Cameroon,CMR,2019,3,2019.5,2019-Q3,2019q3,0.0011522228115904,-6.7660623225714005
CMR,Cameroon,CMR,2019,4,2019.75,2019-Q4,2019q4,0.0011574106500978,-6.7615699671234815
COL,Colombia,COL,2000,1,2000.0,2000-Q1,2000q1,0.0035268549857739,-5.647348744033112
COL,Colombia,COL,2000,2,2000.25,2000-Q2,2000q2,0.0034272017503011,-5.676011167002204
COL,Colombia,COL,2000,3,2000.5,2000-Q3,2000q3,0.0033660857785352,-5.694004699719097
COL,Colombia,COL,2000,4,2000.75,2000-Q4,2000q4,0.0033021708285767,-5.713175199941513
COL,Colombia,COL,2001,1,2001.0,2001-Q1,2001q1,0.0031881543195831,-5.748313112832025
COL,Colombia,COL,2001,2,2001.25,2001-Q2,2001q2,0.0031117087294092,-5.7725832729945665
COL,Colombia,COL,2001,3,2001.5,2001-Q3,2001q3,0.0030518169861209,-5.792018132586976
COL,Colombia,COL,2001,4,2001.75,2001-Q4,2001q4,0.0029942157998353,-5.811072918148854
COL,Colombia,COL,2002,1,2002.0,2002-Q1,2002q1,0.0031107634856824,-5.77288708913111
COL,Colombia,COL,2002,2,2002.25,2002-Q2,2002q2,0.0031686674108633,-5.754444154597326
COL,Colombia,COL,2002,3,2002.5,2002-Q3,2002q3,0.0031200789644306,-5.769896968368644
COL,Colombia,COL,2002,4,2002.75,2002-Q4,2002q4,0.0031190257021514,-5.770234600880196
COL,Colombia,COL,2003,1,2003.0,2003-Q1,2003q1,0.0031174023288044,-5.770755210875407
COL,Colombia,COL,2003,2,2003.25,2003-Q2,2003q2,0.0031064889114306,-5.774262157940387
COL,Colombia,COL,2003,3,2003.5,2003-Q3,2003q3,0.0031174056413004,-5.770754148293844
COL,Colombia,COL,2003,4,2003.75,2003-Q4,2003q4,0.0031236812670697,-5.768743079396221
COL,Colombia,COL,2004,1,2004.0,2004-Q1,2004q1,0.0032480002843179,-5.72971576914641
COL,Colombia,COL,2004,2,2004.25,2004-Q2,2004q2,0.0032429856917411,-5.731260863710753
COL,Colombia,COL,2004,3,2004.5,2004-Q3,2004q3,0.003223078261571,-5.73741839423111
COL,Colombia,COL,2004,4,2004.75,2004-Q4,2004q4,0.0033402417812141,-5.7017120850284675
COL,Colombia,COL,2005,1,2005.0,2005-Q1,2005q1,0.0033109591692076,-5.710517352354256
COL,Colombia,COL,2005,2,2005.25,2005-Q2,2005q2,0.0033478111764407,-5.699448526857961
COL,Colombia,COL,2005,3,2005.5,2005-Q3,2005q3,0.0032917204386974,-5.716344921189684
COL,Colombia,COL,2005,4,2005.75,2005-Q4,2005q4,0.0033322146056802,-5.704118149284565
COL,Colombia,COL,2006,1,2006.0,2006-Q1,2006q1,0.0034061423971448,-5.682174889880739
COL,Colombia,COL,2006,2,2006.25,2006-Q2,2006q2,0.0034545958434749,-5.66804980589145
COL,Colombia,COL,2006,3,2006.5,2006-Q3,2006q3,0.00353525386007,-5.644970168896636
COL,Colombia,COL,2006,4,2006.75,2006-Q4,2006q4,0.0035963973684489,-5.627822665572059
COL,Colombia,COL,2007,1,2007.0,2007-Q1,2007q1,0.0037470515232597,-5.586786008728775
COL,Colombia,COL,2007,2,2007.25,2007-Q2,2007q2,0.0037043086110976,-5.598258647338098
COL,Colombia,COL,2007,3,2007.5,2007-Q3,2007q3,0.0037618092511121,-5.582855253505728
COL,Colombia,COL,2007,4,2007.75,2007-Q4,2007q4,0.0037746556229999,-5.5794461261378565
COL,Colombia,COL,2008,1,2008.0,2008-Q1,2008q1,0.003756223135637,-5.5843413116166145
COL,Colombia,COL,2008,2,2008.25,2008-Q2,2008q2,0.0037747644376666,-5.579417298846268
COL,Colombia,COL,2008,3,2008.5,2008-Q3,2008q3,0.0038067912065333,-5.570968647705367
COL,Colombia,COL,2008,4,2008.75,2008-Q4,2008q4,0.0038238127357768,-5.5665072557617545
COL,Colombia,COL,2009,1,2009.0,2009-Q1,2009q1,0.0036719605975599,-5.607029536793475
COL,Colombia,COL,2009,2,2009.25,2009-Q2,2009q2,0.0036053199297181,-5.625344766075272
COL,Colombia,COL,2009,3,2009.5,2009-Q3,2009q3,0.0036532671333714,-5.612133406722091
COL,Colombia,COL,2009,4,2009.75,2009-Q4,2009q4,0.0036397875287315,-5.615829970264764
COL,Colombia,COL,2010,1,2010.0,2010-Q1,2010q1,0.0036870702068827,-5.602923118174861
COL,Colombia,COL,2010,2,2010.25,2010-Q2,2010q2,0.0037205879411867,-5.59387357447936
COL,Colombia,COL,2010,3,2010.5,2010-Q3,2010q3,0.0037031234863021,-5.598578629969063
COL,Colombia,COL,2010,4,2010.75,2010-Q4,2010q4,0.0037937465904611,-5.574401201882115
COL,Colombia,COL,2011,1,2011.0,2011-Q1,2011q1,0.0038218800899235,-5.567012807302608
COL,Colombia,COL,2011,2,2011.25,2011-Q2,2011q2,0.0038630874053702,-5.556288569260875
COL,Colombia,COL,2011,3,2011.5,2011-Q3,2011q3,0.0038910910073325,-5.549065696064732
COL,Colombia,COL,2011,4,2011.75,2011-Q4,2011q4,0.0038397728640936,-5.562342064107555
COL,Colombia,COL,2012,1,2012.0,2012-Q1,2012q1,0.0038714692475493,-5.554121193459939
COL,Colombia,COL,2012,2,2012.25,2012-Q2,2012q2,0.0038760487548656,-5.552939006378033
COL,Colombia,COL,2012,3,2012.5,2012-Q3,2012q3,0.0038821220988521,-5.551373342166287
COL,Colombia,COL,2012,4,2012.75,2012-Q4,2012q4,0.0039342755587312,-5.538028516035901
COL,Colombia,COL,2013,1,2013.0,2013-Q1,2013q1,0.0039666033961791,-5.529845118203059
COL,Colombia,COL,2013,2,2013.25,2013-Q2,2013q2,0.0040665470191177,-5.504961037872292
COL,Colombia,COL,2013,3,2013.5,2013-Q3,2013q3,0.0040413202084373,-5.511183856124769
COL,Colombia,COL,2013,4,2013.75,2013-Q4,2013q4,0.0040953921601993,-5.497892800645904
COL,Colombia,COL,2014,1,2014.0,2014-Q1,2014q1,0.0041259242816396,-5.490465216018773
COL,Colombia,COL,2014,2,2014.25,2014-Q2,2014q2,0.0041066603644216,-5.495145144183648
COL,Colombia,COL,2014,3,2014.5,2014-Q3,2014q3,0.0041212768679435,-5.491592244232038
COL,Colombia,COL,2014,4,2014.75,2014-Q4,2014q4,0.004154326657977,-5.4836049196490695
COL,Colombia,COL,2015,1,2015.0,2015-Q1,2015q1,0.0041508830836515,-5.48443417613505
COL,Colombia,COL,2015,2,2015.25,2015-Q2,2015q2,0.0041741274898048,-5.478849926997509
COL,Colombia,COL,2015,3,2015.5,2015-Q3,2015q3,0.0041997618149389,-5.472727466029762
COL,Colombia,COL,2015,4,2015.75,2015-Q4,2015q4,0.0041617495692758,-5.481819723586092
COL,Colombia,COL,2016,1,2016.0,2016-Q1,2016q1,0.004225657231974,-5.466580472407201
COL,Colombia,COL,2016,2,2016.25,2016-Q2,2016q2,0.0042420599114991,-5.462706299530824
COL,Colombia,COL,2016,3,2016.5,2016-Q3,2016q3,0.0042540129400091,-5.459892520363607
COL,Colombia,COL,2016,4,2016.75,2016-Q4,2016q4,0.0042512610789852,-5.460539615592704
COL,Colombia,COL,2017,1,2017.0,2017-Q1,2017q1,0.0042396926756114,-5.4632644945323525
COL,Colombia,COL,2017,2,2017.25,2017-Q2,2017q2,0.0042381420903048,-5.463630292018787
COL,Colombia,COL,2017,3,2017.5,2017-Q3,2017q3,0.0042722300667382,-5.4556193242008
COL,Colombia,COL,2017,4,2017.75,2017-Q4,2017q4,0.004291307925217,-5.451163714835005
COL,Colombia,COL,2018,1,2018.0,2018-Q1,2018q1,0.0043087230087369,-5.447113704443646
COL,Colombia,COL,2018,2,2018.25,2018-Q2,2018q2,0.0043304279466165,-5.442088908914555
COL,Colombia,COL,2018,3,2018.5,2018-Q3,2018q3,0.0043292603343637,-5.4423585750323165
COL,Colombia,COL,2018,4,2018.75,2018-Q4,2018q4,0.0043857981743926,-5.429383645915563
COL,Colombia,COL,2019,1,2019.0,2019-Q1,2019q1,0.0044233256674668,-5.420863452359599
COL,Colombia,COL,2019,2,2019.25,2019-Q2,2019q2,0.0044700838972696,-5.410348101568678
COL,Colombia,COL,2019,3,2019.5,2019-Q3,2019q3,0.0045169805389469,-5.399911530721232
COL,Colombia,COL,2019,4,2019.75,2019-Q4,2019q4,0.0044660253026259,-5.411256459967614
CRI,Costa Rica,CRI,1991,1,1991.0,1991-Q1,1991q1,0.0035952701321933,-5.628136149549101
CRI,Costa Rica,CRI,1991,2,1991.25,1991-Q2,1991q2,0.0035985309555525,-5.62722958470452
CRI,Costa Rica,CRI,1991,3,1991.5,1991-Q3,1991q3,0.0035892881554169,-5.629801381542291
CRI,Costa Rica,CRI,1991,4,1991.75,1991-Q4,1991q4,0.0037010761059943,-5.599131662159635
CRI,Costa Rica,CRI,1992,1,1992.0,1992-Q1,1992q1,0.003738087996419,-5.589181029182781
CRI,Costa Rica,CRI,1992,2,1992.25,1992-Q2,1992q2,0.003785990238076,-5.5764478046251655
CRI,Costa Rica,CRI,1992,3,1992.5,1992-Q3,1992q3,0.0039163511933611,-5.542594876680002
CRI,Costa Rica,CRI,1992,4,1992.75,1992-Q4,1992q4,0.0038462248261019,-5.560663176399321
CRI,Costa Rica,CRI,1993,1,1993.0,1993-Q1,1993q1,0.0038566917097217,-5.557945533020186
CRI,Costa Rica,CRI,1993,2,1993.25,1993-Q2,1993q2,0.0038558810707771,-5.558155745350275
CRI,Costa Rica,CRI,1993,3,1993.5,1993-Q3,1993q3,0.0039018843436476,-5.5462956774953325
CRI,Costa Rica,CRI,1993,4,1993.75,1993-Q4,1993q4,0.0039107697962442,-5.544021045528123
CRI,Costa Rica,CRI,1994,1,1994.0,1994-Q1,1994q1,0.0038514393851933,-5.559308334269055
CRI,Costa Rica,CRI,1994,2,1994.25,1994-Q2,1994q2,0.0039252583303338,-5.540323113268031
CRI,Costa Rica,CRI,1994,3,1994.5,1994-Q3,1994q3,0.003920566221383,-5.541519191380472
CRI,Costa Rica,CRI,1994,4,1994.75,1994-Q4,1994q4,0.0038627871853272,-5.556366287333988
CRI,Costa Rica,CRI,1995,1,1995.0,1995-Q1,1995q1,0.0039835738302376,-5.525575915303405
CRI,Costa Rica,CRI,1995,2,1995.25,1995-Q2,1995q2,0.0039190185444616,-5.541914027838711
CRI,Costa Rica,CRI,1995,3,1995.5,1995-Q3,1995q3,0.0038844167150023,-5.550782444142866
CRI,Costa Rica,CRI,1995,4,1995.75,1995-Q4,1995q4,0.0038546000002211,-5.558488038641963
CRI,Costa Rica,CRI,1996,1,1996.0,1996-Q1,1996q1,0.0040293014833529,-5.514162247239614
CRI,Costa Rica,CRI,1996,2,1996.25,1996-Q2,1996q2,0.0039846374622978,-5.525308946462478
CRI,Costa Rica,CRI,1996,3,1996.5,1996-Q3,1996q3,0.0040148669880458,-5.517751060887897
CRI,Costa Rica,CRI,1996,4,1996.75,1996-Q4,1996q4,0.0040260154272682,-5.514978119862242
CRI,Costa Rica,CRI,1997,1,1997.0,1997-Q1,1997q1,0.0038549150033604,-5.558406320624855
CRI,Costa Rica,CRI,1997,2,1997.25,1997-Q2,1997q2,0.0039233013469437,-5.540821799271866
CRI,Costa Rica,CRI,1997,3,1997.5,1997-Q3,1997q3,0.0039303882245518,-5.53901707310664
CRI,Costa Rica,CRI,1997,4,1997.75,1997-Q4,1997q4,0.0040074535288157,-5.519599269601276
CRI,Costa Rica,CRI,1998,1,1998.0,1998-Q1,1998q1,0.003961875314173,-5.531037801626777
CRI,Costa Rica,CRI,1998,2,1998.25,1998-Q2,1998q2,0.0039237332029203,-5.540711730691361
CRI,Costa Rica,CRI,1998,3,1998.5,1998-Q3,1998q3,0.0039176797562529,-5.542255699336159
CRI,Costa Rica,CRI,1998,4,1998.75,1998-Q4,1998q4,0.0039788952786405,-5.526751066395747
CRI,Costa Rica,CRI,1999,1,1999.0,1999-Q1,1999q1,0.0040324029549428,-5.513392813984736
CRI,Costa Rica,CRI,1999,2,1999.25,1999-Q2,1999q2,0.0040769864488212,-5.502397178961877
CRI,Costa Rica,CRI,1999,3,1999.5,1999-Q3,1999q3,0.0040780612545098,-5.502133586219339
CRI,Costa Rica,CRI,1999,4,1999.75,1999-Q4,1999q4,0.0041101152988253,-5.494304197625313
CRI,Costa Rica,CRI,2000,1,2000.0,2000-Q1,2000q1,0.0041601432070305,-5.482205780534537
CRI,Costa Rica,CRI,2000,2,2000.25,2000-Q2,2000q2,0.0041372119081183,-5.487733170161012
CRI,Costa Rica,CRI,2000,3,2000.5,2000-Q3,2000q3,0.0041372253157066,-5.487729929435887
CRI,Costa Rica,CRI,2000,4,2000.75,2000-Q4,2000q4,0.0041509728983827,-5.4844125388695035
CRI,Costa Rica,CRI,2001,1,2001.0,2001-Q1,2001q1,0.0040406527921834,-5.511349017838466
CRI,Costa Rica,CRI,2001,2,2001.25,2001-Q2,2001q2,0.0040272302660689,-5.514676418199043
CRI,Costa Rica,CRI,2001,3,2001.5,2001-Q3,2001q3,0.0040453121110888,-5.51019657172305
CRI,Costa Rica,CRI,2001,4,2001.75,2001-Q4,2001q4,0.0040464752889854,-5.509909075809699
CRI,Costa Rica,CRI,2002,1,2002.0,2002-Q1,2002q1,0.0040717734138048,-5.503676646222035
CRI,Costa Rica,CRI,2002,2,2002.25,2002-Q2,2002q2,0.0041234512074224,-5.491064794567372
CRI,Costa Rica,CRI,2002,3,2002.5,2002-Q3,2002q3,0.0041222808851932,-5.491348655896823
CRI,Costa Rica,CRI,2002,4,2002.75,2002-Q4,2002q4,0.0041211618146146,-5.491620161534996
CRI,Costa Rica,CRI,2003,1,2003.0,2003-Q1,2003q1,0.0041274293291212,-5.490100504273884
CRI,Costa Rica,CRI,2003,2,2003.25,2003-Q2,2003q2,0.004156763042503,-5.483018622380337
CRI,Costa Rica,CRI,2003,3,2003.5,2003-Q3,2003q3,0.0041788440509175,-5.477720613533198
CRI,Costa Rica,CRI,2003,4,2003.75,2003-Q4,2003q4,0.0042011865754937,-5.472388275618812
CRI,Costa Rica,CRI,2004,1,2004.0,2004-Q1,2004q1,0.0042901019004659,-5.451444793301956
CRI,Costa Rica,CRI,2004,2,2004.25,2004-Q2,2004q2,0.0043214173154981,-5.444171848242117
CRI,Costa Rica,CRI,2004,3,2004.5,2004-Q3,2004q3,0.0043072000157749,-5.447467234291471
CRI,Costa Rica,CRI,2004,4,2004.75,2004-Q4,2004q4,0.0043436958401174,-5.439029717191085
CRI,Costa Rica,CRI,2005,1,2005.0,2005-Q1,2005q1,0.004175820858641,-5.478444327156947
CRI,Costa Rica,CRI,2005,2,2005.25,2005-Q2,2005q2,0.0041901497803787,-5.4750187985799155
CRI,Costa Rica,CRI,2005,3,2005.5,2005-Q3,2005q3,0.0042310525977794,-5.465304475797157
CRI,Costa Rica,CRI,2005,4,2005.75,2005-Q4,2005q4,0.0042757790523772,-5.4547889587219
CRI,Costa Rica,CRI,2006,1,2006.0,2006-Q1,2006q1,0.0042828969956432,-5.453125630219421
CRI,Costa Rica,CRI,2006,2,2006.25,2006-Q2,2006q2,0.0043597978847663,-5.435329579400676
CRI,Costa Rica,CRI,2006,3,2006.5,2006-Q3,2006q3,0.0044266326446107,-5.420116109336909
CRI,Costa Rica,CRI,2006,4,2006.75,2006-Q4,2006q4,0.0045447068586966,-5.393792050969252
CRI,Costa Rica,CRI,2007,1,2007.0,2007-Q1,2007q1,0.0044367871930204,-5.417824769642177
CRI,Costa Rica,CRI,2007,2,2007.25,2007-Q2,2007q2,0.0045201124230941,-5.399218413081358
CRI,Costa Rica,CRI,2007,3,2007.5,2007-Q3,2007q3,0.004557463269686,-5.390989110755836
CRI,Costa Rica,CRI,2007,4,2007.75,2007-Q4,2007q4,0.0046373225241867,-5.373618121498041
CRI,Costa Rica,CRI,2008,1,2008.0,2008-Q1,2008q1,0.0047189619073864,-5.356166438449657
CRI,Costa Rica,CRI,2008,2,2008.25,2008-Q2,2008q2,0.0046815466241789,-5.364126748395598
CRI,Costa Rica,CRI,2008,3,2008.5,2008-Q3,2008q3,0.0047100327362833,-5.358060420599345
CRI,Costa Rica,CRI,2008,4,2008.75,2008-Q4,2008q4,0.004665311735385,-5.367600622610008
CRI,Costa Rica,CRI,2009,1,2009.0,2009-Q1,2009q1,0.0046520152918938,-5.3704547571656445
CRI,Costa Rica,CRI,2009,2,2009.25,2009-Q2,2009q2,0.0046886694835825,-5.362606428972087
CRI,Costa Rica,CRI,2009,3,2009.5,2009-Q3,2009q3,0.0047669846074077,-5.346041331754026
CRI,Costa Rica,CRI,2009,4,2009.75,2009-Q4,2009q4,0.0048514050971214,-5.3284869052441195
CRI,Costa Rica,CRI,2010,1,2010.0,2010-Q1,2010q1,0.0049058642226334,-5.317324009306766
CRI,Costa Rica,CRI,2010,2,2010.25,2010-Q2,2010q2,0.0049380165450849,-5.310791537500789
CRI,Costa Rica,CRI,2010,3,2010.5,2010-Q3,2010q3,0.0049141391886988,-5.315638680355762
CRI,Costa Rica,CRI,2010,4,2010.75,2010-Q4,2010q4,0.0049885385638289,-5.300612285094557
CRI,Costa Rica,CRI,2011,1,2011.0,2011-Q1,2011q1,0.0051563237832502,-5.267531398504836
CRI,Costa Rica,CRI,2011,2,2011.25,2011-Q2,2011q2,0.0053121285119193,-5.2377626743447525
CRI,Costa Rica,CRI,2011,3,2011.5,2011-Q3,2011q3,0.0052037659309332,-5.258372698026539
CRI,Costa Rica,CRI,2011,4,2011.75,2011-Q4,2011q4,0.0050618004653464,-5.286033035781833
CRI,Costa Rica,CRI,2012,1,2012.0,2012-Q1,2012q1,0.004902143338944,-5.318082753393075
CRI,Costa Rica,CRI,2012,2,2012.25,2012-Q2,2012q2,0.0049659252148271,-5.30515565144832
CRI,Costa Rica,CRI,2012,3,2012.5,2012-Q3,2012q3,0.0049960401625148,-5.29910964781701
CRI,Costa Rica,CRI,2012,4,2012.75,2012-Q4,2012q4,0.0051276264507251,-5.273112407039502
CRI,Costa Rica,CRI,2013,1,2013.0,2013-Q1,2013q1,0.005116267796471,-5.275330051742797
CRI,Costa Rica,CRI,2013,2,2013.25,2013-Q2,2013q2,0.0049645395138184,-5.305434732247771
CRI,Costa Rica,CRI,2013,3,2013.5,2013-Q3,2013q3,0.0050725193621492,-5.2839176691894405
CRI,Costa Rica,CRI,2013,4,2013.75,2013-Q4,2013q4,0.0049961035919769,-5.299096951950406
CRI,Costa Rica,CRI,2014,1,2014.0,2014-Q1,2014q1,0.0050214207740487,-5.294042362603009
CRI,Costa Rica,CRI,2014,2,2014.25,2014-Q2,2014q2,0.0050878163269927,-5.28090655285049
CRI,Costa Rica,CRI,2014,3,2014.5,2014-Q3,2014q3,0.0051005570489513,-5.278405519931935
CRI,Costa Rica,CRI,2014,4,2014.75,2014-Q4,2014q4,0.005180613192935,-5.262831852702273
CRI,Costa Rica,CRI,2015,1,2015.0,2015-Q1,2015q1,0.0051855319374016,-5.261882850971367
CRI,Costa Rica,CRI,2015,2,2015.25,2015-Q2,2015q2,0.0052038364710388,-5.258359142530686
CRI,Costa Rica,CRI,2015,3,2015.5,2015-Q3,2015q3,0.0053834021156112,-5.224434741169484
CRI,Costa Rica,CRI,2015,4,2015.75,2015-Q4,2015q4,0.0054494156973419,-5.212246887551447
CRI,Costa Rica,CRI,2016,1,2016.0,2016-Q1,2016q1,0.0056401137621413,-5.177851043083164
CRI,Costa Rica,CRI,2016,2,2016.25,2016-Q2,2016q2,0.0057289244312436,-5.162227474209353
CRI,Costa Rica,CRI,2016,3,2016.5,2016-Q3,2016q3,0.0057950422959406,-5.1507525035215265
CRI,Costa Rica,CRI,2016,4,2016.75,2016-Q4,2016q4,0.0056369910415863,-5.178404859100513
CRI,Costa Rica,CRI,2017,1,2017.0,2017-Q1,2017q1,0.005630806351418,-5.179502623033192
CRI,Costa Rica,CRI,2017,2,2017.25,2017-Q2,2017q2,0.0057390097524536,-5.160468600527577
CRI,Costa Rica,CRI,2017,3,2017.5,2017-Q3,2017q3,0.0057797061060541,-5.153402444294032
CRI,Costa Rica,CRI,2017,4,2017.75,2017-Q4,2017q4,0.006101324149977,-5.099249457593251
CRI,Costa Rica,CRI,2018,1,2018.0,2018-Q1,2018q1,0.0060364341189456,-5.109941819034938
CRI,Costa Rica,CRI,2018,2,2018.25,2018-Q2,2018q2,0.0056439335374637,-5.177174020846925
CRI,Costa Rica,CRI,2018,3,2018.5,2018-Q3,2018q3,0.0056819947215773,-5.17045292452324
CRI,Costa Rica,CRI,2018,4,2018.75,2018-Q4,2018q4,0.0056539220644734,-5.175405803945571
CRI,Costa Rica,CRI,2019,1,2019.0,2019-Q1,2019q1,0.0056783707280925,-5.171090931042271
CRI,Costa Rica,CRI,2019,2,2019.25,2019-Q2,2019q2,0.0057185012295871,-5.16404853072386
CRI,Costa Rica,CRI,2019,3,2019.5,2019-Q3,2019q3,0.0057722468948098,-5.154693864416746
CRI,Costa Rica,CRI,2019,4,2019.75,2019-Q4,2019q4,0.0058258896390461,-5.14544356345883
CZE,Czech Republic,CZE,1998,1,1998.0,1998-Q1,1998q1,0.0074957471112735,-4.893419471104766
CZE,Czech Republic,CZE,1998,2,1998.25,1998-Q2,1998q2,0.0075623728336411,-4.8845702711528585
CZE,Czech Republic,CZE,1998,3,1998.5,1998-Q3,1998q3,0.0076141647275789,-4.877744986428056
CZE,Czech Republic,CZE,1998,4,1998.75,1998-Q4,1998q4,0.007639321071299,-4.874446544765657
CZE,Czech Republic,CZE,1999,1,1999.0,1999-Q1,1999q1,0.0077013054831267,-4.8663654212301255
CZE,Czech Republic,CZE,1999,2,1999.25,1999-Q2,1999q2,0.0077789485913388,-4.856334092425847
CZE,Czech Republic,CZE,1999,3,1999.5,1999-Q3,1999q3,0.0078797739438997,-4.8434560628462116
CZE,Czech Republic,CZE,1999,4,1999.75,1999-Q4,1999q4,0.0079816218214216,-4.830613652402892
CZE,Czech Republic,CZE,2000,1,2000.0,2000-Q1,2000q1,0.0081138815214902,-4.814178916043433
CZE,Czech Republic,CZE,2000,2,2000.25,2000-Q2,2000q2,0.0081952149202086,-4.804204841357373
CZE,Czech Republic,CZE,2000,3,2000.5,2000-Q3,2000q3,0.0082823703649365,-4.793626075595598
CZE,Czech Republic,CZE,2000,4,2000.75,2000-Q4,2000q4,0.0083194001829394,-4.78916512014458
CZE,Czech Republic,CZE,2001,1,2001.0,2001-Q1,2001q1,0.0084039652163402,-4.779051634948905
CZE,Czech Republic,CZE,2001,2,2001.25,2001-Q2,2001q2,0.0084443396101656,-4.77425893069474
CZE,Czech Republic,CZE,2001,3,2001.5,2001-Q3,2001q3,0.0084966451950889,-4.768083876324392
CZE,Czech Republic,CZE,2001,4,2001.75,2001-Q4,2001q4,0.008550275669606,-4.761791754494051
CZE,Czech Republic,CZE,2002,1,2002.0,2002-Q1,2002q1,0.008505520990464,-4.767039798048185
CZE,Czech Republic,CZE,2002,2,2002.25,2002-Q2,2002q2,0.00849964620672,-4.76773073909094
CZE,Czech Republic,CZE,2002,3,2002.5,2002-Q3,2002q3,0.0085395939309933,-4.763041821376167
CZE,Czech Republic,CZE,2002,4,2002.75,2002-Q4,2002q4,0.0085730124034134,-4.759136102486915
CZE,Czech Republic,CZE,2003,1,2003.0,2003-Q1,2003q1,0.008692993747576,-4.745237894133599
CZE,Czech Republic,CZE,2003,2,2003.25,2003-Q2,2003q2,0.008815682442451,-4.731223047813462
CZE,Czech Republic,CZE,2003,3,2003.5,2003-Q3,2003q3,0.008946653344753,-4.716475744584424
CZE,Czech Republic,CZE,2003,4,2003.75,2003-Q4,2003q4,0.0090258889408251,-4.707658282015413
CZE,Czech Republic,CZE,2004,1,2004.0,2004-Q1,2004q1,0.0091520814472217,-4.693773944993811
CZE,Czech Republic,CZE,2004,2,2004.25,2004-Q2,2004q2,0.0092648364545361,-4.681529071366494
CZE,Czech Republic,CZE,2004,3,2004.5,2004-Q3,2004q3,0.0093807669870691,-4.669093750962599
CZE,Czech Republic,CZE,2004,4,2004.75,2004-Q4,2004q4,0.0095206859446772,-4.654288379762246
CZE,Czech Republic,CZE,2005,1,2005.0,2005-Q1,2005q1,0.0096713144146616,-4.6385910516950695
CZE,Czech Republic,CZE,2005,2,2005.25,2005-Q2,2005q2,0.0097608941546021,-4.6293712685524255
CZE,Czech Republic,CZE,2005,3,2005.5,2005-Q3,2005q3,0.0098222344842655,-4.623106638277466
CZE,Czech Republic,CZE,2005,4,2005.75,2005-Q4,2005q4,0.0099870695556698,-4.6064640671244055
CZE,Czech Republic,CZE,2006,1,2006.0,2006-Q1,2006q1,0.0101400292909501,-4.591264392169416
CZE,Czech Republic,CZE,2006,2,2006.25,2006-Q2,2006q2,0.0102973920327362,-4.575864616512481
CZE,Czech Republic,CZE,2006,3,2006.5,2006-Q3,2006q3,0.0104077485016121,-4.5652047020135305
CZE,Czech Republic,CZE,2006,4,2006.75,2006-Q4,2006q4,0.0105028782463617,-4.556105940681212
CZE,Czech Republic,CZE,2007,1,2007.0,2007-Q1,2007q1,0.0106026767658751,-4.546648784660651
CZE,Czech Republic,CZE,2007,2,2007.25,2007-Q2,2007q2,0.0106287286881192,-4.544194690382669
CZE,Czech Republic,CZE,2007,3,2007.5,2007-Q3,2007q3,0.0107263686906794,-4.535050205463829
CZE,Czech Republic,CZE,2007,4,2007.75,2007-Q4,2007q4,0.0108260750472645,-4.5257976984990576
CZE,Czech Republic,CZE,2008,1,2008.0,2008-Q1,2008q1,0.0108080488825826,-4.527464155519645
CZE,Czech Republic,CZE,2008,2,2008.25,2008-Q2,2008q2,0.010845209600808,-4.5240318079368125
CZE,Czech Republic,CZE,2008,3,2008.5,2008-Q3,2008q3,0.0108704088068223,-4.521710969832907
CZE,Czech Republic,CZE,2008,4,2008.75,2008-Q4,2008q4,0.010613790624603,-4.545601121113284
CZE,Czech Republic,CZE,2009,1,2009.0,2009-Q1,2009q1,0.0103419541250071,-4.5715464408130435
CZE,Czech Republic,CZE,2009,2,2009.25,2009-Q2,2009q2,0.0103718532833955,-4.568659556855487
CZE,Czech Republic,CZE,2009,3,2009.5,2009-Q3,2009q3,0.0104856855243412,-4.557744235330982
CZE,Czech Republic,CZE,2009,4,2009.75,2009-Q4,2009q4,0.0104878238347289,-4.557540329503063
CZE,Czech Republic,CZE,2010,1,2010.0,2010-Q1,2010q1,0.0106593440744875,-4.5413183936115455
CZE,Czech Republic,CZE,2010,2,2010.25,2010-Q2,2010q2,0.0107778197028204,-4.530264987870131
CZE,Czech Republic,CZE,2010,3,2010.5,2010-Q3,2010q3,0.0108531673196767,-4.523298322731478
CZE,Czech Republic,CZE,2010,4,2010.75,2010-Q4,2010q4,0.0108958102340171,-4.5193769458410795
CZE,Czech Republic,CZE,2011,1,2011.0,2011-Q1,2011q1,0.0109723027375674,-4.51238111445664
CZE,Czech Republic,CZE,2011,2,2011.25,2011-Q2,2011q2,0.0110258759967096,-4.507510405321783
CZE,Czech Republic,CZE,2011,3,2011.5,2011-Q3,2011q3,0.0110170238558306,-4.508313579261155
CZE,Czech Republic,CZE,2011,4,2011.75,2011-Q4,2011q4,0.0110475546703506,-4.505546172308976
CZE,Czech Republic,CZE,2012,1,2012.0,2012-Q1,2012q1,0.0110180575293149,-4.508219758551624
CZE,Czech Republic,CZE,2012,2,2012.25,2012-Q2,2012q2,0.0109157148853171,-4.517551795447735
CZE,Czech Republic,CZE,2012,3,2012.5,2012-Q3,2012q3,0.0108359473442071,-4.52488621410968
CZE,Czech Republic,CZE,2012,4,2012.75,2012-Q4,2012q4,0.010821224078005,-4.52624588090857
CZE,Czech Republic,CZE,2013,1,2013.0,2013-Q1,2013q1,0.0107413874510907,-4.5336510128549365
CZE,Czech Republic,CZE,2013,2,2013.25,2013-Q2,2013q2,0.0107190961232378,-4.5357284437564935
CZE,Czech Republic,CZE,2013,3,2013.5,2013-Q3,2013q3,0.0107974502526736,-4.528445260440463
CZE,Czech Republic,CZE,2013,4,2013.75,2013-Q4,2013q4,0.0109020696242086,-4.518802633990179
CZE,Czech Republic,CZE,2014,1,2014.0,2014-Q1,2014q1,0.0108422435518905,-4.524305334654321
CZE,Czech Republic,CZE,2014,2,2014.25,2014-Q2,2014q2,0.0109254659711729,-4.51665888708644
CZE,Czech Republic,CZE,2014,3,2014.5,2014-Q3,2014q3,0.0109920183808418,-4.510585871301776
CZE,Czech Republic,CZE,2014,4,2014.75,2014-Q4,2014q4,0.0110381762485633,-4.506395446655877
CZE,Czech Republic,CZE,2015,1,2015.0,2015-Q1,2015q1,0.0112302071352111,-4.489148065592352
CZE,Czech Republic,CZE,2015,2,2015.25,2015-Q2,2015q2,0.0113031603714241,-4.482672913479603
CZE,Czech Republic,CZE,2015,3,2015.5,2015-Q3,2015q3,0.0114138005208289,-4.472932083730617
CZE,Czech Republic,CZE,2015,4,2015.75,2015-Q4,2015q4,0.0114381687695039,-4.470799378439284
CZE,Czech Republic,CZE,2016,1,2016.0,2016-Q1,2016q1,0.0113772824227501,-4.476136681723694
CZE,Czech Republic,CZE,2016,2,2016.25,2016-Q2,2016q2,0.0113626749188844,-4.477421425195765
CZE,Czech Republic,CZE,2016,3,2016.5,2016-Q3,2016q3,0.0114372195112266,-4.470882372289809
CZE,Czech Republic,CZE,2016,4,2016.75,2016-Q4,2016q4,0.0114657765808677,-4.468388630045312
CZE,Czech Republic,CZE,2017,1,2017.0,2017-Q1,2017q1,0.0116305064191134,-4.45412376919379
CZE,Czech Republic,CZE,2017,2,2017.25,2017-Q2,2017q2,0.0118809055499615,-4.432822743208362
CZE,Czech Republic,CZE,2017,3,2017.5,2017-Q3,2017q3,0.011863953702613,-4.434250576496248
CZE,Czech Republic,CZE,2017,4,2017.75,2017-Q4,2017q4,0.0119446256807662,-4.427473835592303
CZE,Czech Republic,CZE,2018,1,2018.0,2018-Q1,2018q1,0.0119542765085826,-4.426666197796681
CZE,Czech Republic,CZE,2018,2,2018.25,2018-Q2,2018q2,0.0119239916645641,-4.429202802213512
CZE,Czech Republic,CZE,2018,3,2018.5,2018-Q3,2018q3,0.012017515015437,-4.421390108732657
CZE,Czech Republic,CZE,2018,4,2018.75,2018-Q4,2018q4,0.0120948279888653,-4.414977356694256
CZE,Czech Republic,CZE,2019,1,2019.0,2019-Q1,2019q1,0.0122667020592808,-4.400866837212067
CZE,Czech Republic,CZE,2019,2,2019.25,2019-Q2,2019q2,0.0123278795564088,-4.395891950933463
CZE,Czech Republic,CZE,2019,3,2019.5,2019-Q3,2019q3,0.012452105230262,-4.385865575566174
CZE,Czech Republic,CZE,2019,4,2019.75,2019-Q4,2019q4,0.0125431580267667,-4.378579939217505
DNK,Denmark,DNK,1991,1,1991.0,1991-Q1,1991q1,0.0228679639724475,-3.778018301038733
DNK,Denmark,DNK,1991,2,1991.25,1991-Q2,1991q2,0.0228285110546561,-3.7797450393734
DNK,Denmark,DNK,1991,3,1991.5,1991-Q3,1991q3,0.0230416604975982,-3.770451375543124
DNK,Denmark,DNK,1991,4,1991.75,1991-Q4,1991q4,0.0227505067342266,-3.783167859801302
DNK,Denmark,DNK,1992,1,1992.0,1992-Q1,1992q1,0.0232822976908018,-3.7600619629307364
DNK,Denmark,DNK,1992,2,1992.25,1992-Q2,1992q2,0.0230109534127773,-3.771784941078902
DNK,Denmark,DNK,1992,3,1992.5,1992-Q3,1992q3,0.023572282457408,-3.747683729327202
DNK,Denmark,DNK,1992,4,1992.75,1992-Q4,1992q4,0.0234140798541319,-3.7544177344012204
DNK,Denmark,DNK,1993,1,1993.0,1993-Q1,1993q1,0.0239298309642297,-3.732629440846532
DNK,Denmark,DNK,1993,2,1993.25,1993-Q2,1993q2,0.0237817469413138,-3.738836927788909
DNK,Denmark,DNK,1993,3,1993.5,1993-Q3,1993q3,0.0239569296620351,-3.731497658268482
DNK,Denmark,DNK,1993,4,1993.75,1993-Q4,1993q4,0.0240579270469857,-3.7272907297955298
DNK,Denmark,DNK,1994,1,1994.0,1994-Q1,1994q1,0.025092486282748,-3.6851868289438787
DNK,Denmark,DNK,1994,2,1994.25,1994-Q2,1994q2,0.0254656854315436,-3.6704234023950675
DNK,Denmark,DNK,1994,3,1994.5,1994-Q3,1994q3,0.0255353591222926,-3.66769115505769
DNK,Denmark,DNK,1994,4,1994.75,1994-Q4,1994q4,0.0258881669318447,-3.6539692898942784
DNK,Denmark,DNK,1995,1,1995.0,1995-Q1,1995q1,0.0257035393459228,-3.661126578822994
DNK,Denmark,DNK,1995,2,1995.25,1995-Q2,1995q2,0.0255456317287576,-3.6672889464696286
DNK,Denmark,DNK,1995,3,1995.5,1995-Q3,1995q3,0.0255853901015104,-3.6657337895671205
DNK,Denmark,DNK,1995,4,1995.75,1995-Q4,1995q4,0.0256732298727541,-3.662306469156539
DNK,Denmark,DNK,1996,1,1996.0,1996-Q1,1996q1,0.0257369701059665,-3.6598267952436117
DNK,Denmark,DNK,1996,2,1996.25,1996-Q2,1996q2,0.0263234759835723,-3.6372941149998512
DNK,Denmark,DNK,1996,3,1996.5,1996-Q3,1996q3,0.0263087460533261,-3.6378538455246408
DNK,Denmark,DNK,1996,4,1996.75,1996-Q4,1996q4,0.0262381794265044,-3.640539698925139
DNK,Denmark,DNK,1997,1,1997.0,1997-Q1,1997q1,0.0262876014096001,-3.638657880248916
DNK,Denmark,DNK,1997,2,1997.25,1997-Q2,1997q2,0.0266263686366895,-3.6258532520787874
DNK,Denmark,DNK,1997,3,1997.5,1997-Q3,1997q3,0.0264400585132397,-3.632875050943623
DNK,Denmark,DNK,1997,4,1997.75,1997-Q4,1997q4,0.0264540641819545,-3.632345477209209
DNK,Denmark,DNK,1998,1,1998.0,1998-Q1,1998q1,0.0270360849615249,-3.6105828252158667
DNK,Denmark,DNK,1998,2,1998.25,1998-Q2,1998q2,0.0267279021003541,-3.622047236746643
DNK,Denmark,DNK,1998,3,1998.5,1998-Q3,1998q3,0.0271126992854315,-3.6077530525405654
DNK,Denmark,DNK,1998,4,1998.75,1998-Q4,1998q4,0.0272514151401059,-3.602649827474285
DNK,Denmark,DNK,1999,1,1999.0,1999-Q1,1999q1,0.0273136324465559,-3.6003693444117477
DNK,Denmark,DNK,1999,2,1999.25,1999-Q2,1999q2,0.0273884450833691,-3.597634066819545
DNK,Denmark,DNK,1999,3,1999.5,1999-Q3,1999q3,0.0274769221404477,-3.5944088215235808
DNK,Denmark,DNK,1999,4,1999.75,1999-Q4,1999q4,0.0283064192690539,-3.5646666707596295
DNK,Denmark,DNK,2000,1,2000.0,2000-Q1,2000q1,0.0281812380624751,-3.569098839393103
DNK,Denmark,DNK,2000,2,2000.25,2000-Q2,2000q2,0.0283956167508565,-3.5615204854851568
DNK,Denmark,DNK,2000,3,2000.5,2000-Q3,2000q3,0.0286118829042521,-3.553933161284144
DNK,Denmark,DNK,2000,4,2000.75,2000-Q4,2000q4,0.0288329703648675,-3.546235742293354
DNK,Denmark,DNK,2001,1,2001.0,2001-Q1,2001q1,0.0283509543284784,-3.5630945869947506
DNK,Denmark,DNK,2001,2,2001.25,2001-Q2,2001q2,0.0286210201372376,-3.5536138612809096
DNK,Denmark,DNK,2001,3,2001.5,2001-Q3,2001q3,0.0285502677265273,-3.5560889654625343
DNK,Denmark,DNK,2001,4,2001.75,2001-Q4,2001q4,0.0285630279122375,-3.5556421277943593
DNK,Denmark,DNK,2002,1,2002.0,2002-Q1,2002q1,0.0287589735226179,-3.54880543791304
DNK,Denmark,DNK,2002,2,2002.25,2002-Q2,2002q2,0.0285513434476723,-3.556051288026714
DNK,Denmark,DNK,2002,3,2002.5,2002-Q3,2002q3,0.0289434280934306,-3.5424121095960457
DNK,Denmark,DNK,2002,4,2002.75,2002-Q4,2002q4,0.0289328123719547,-3.542778951723647
DNK,Denmark,DNK,2003,1,2003.0,2003-Q1,2003q1,0.0290934212414289,-3.5372432045410105
DNK,Denmark,DNK,2003,2,2003.25,2003-Q2,2003q2,0.0288569921396641,-3.545402953532812
DNK,Denmark,DNK,2003,3,2003.5,2003-Q3,2003q3,0.0288862584669549,-3.5443892825153567
DNK,Denmark,DNK,2003,4,2003.75,2003-Q4,2003q4,0.029535922623223,-3.5221480404097436
DNK,Denmark,DNK,2004,1,2004.0,2004-Q1,2004q1,0.0295261049908455,-3.522480491998845
DNK,Denmark,DNK,2004,2,2004.25,2004-Q2,2004q2,0.0294419307462594,-3.5253354048581915
DNK,Denmark,DNK,2004,3,2004.5,2004-Q3,2004q3,0.0294028194585272,-3.5266647092857024
DNK,Denmark,DNK,2004,4,2004.75,2004-Q4,2004q4,0.0298848967928154,-3.510402050189701
DNK,Denmark,DNK,2005,1,2005.0,2005-Q1,2005q1,0.0297219159064503,-3.515870595986607
DNK,Denmark,DNK,2005,2,2005.25,2005-Q2,2005q2,0.0303991922960458,-3.4933392401319483
DNK,Denmark,DNK,2005,3,2005.5,2005-Q3,2005q3,0.0303013923682645,-3.4965616147746057
DNK,Denmark,DNK,2005,4,2005.75,2005-Q4,2005q4,0.0300018508124433,-3.5064962054748525
DNK,Denmark,DNK,2006,1,2006.0,2006-Q1,2006q1,0.0302779849762705,-3.497334398985502
DNK,Denmark,DNK,2006,2,2006.25,2006-Q2,2006q2,0.0311673055619381,-3.4683856322521915
DNK,Denmark,DNK,2006,3,2006.5,2006-Q3,2006q3,0.0306648758541908,-3.4846373883653183
DNK,Denmark,DNK,2006,4,2006.75,2006-Q4,2006q4,0.0305493680477966,-3.4884112794116593
DNK,Denmark,DNK,2007,1,2007.0,2007-Q1,2007q1,0.0306734619708131,-3.484357429142984
DNK,Denmark,DNK,2007,2,2007.25,2007-Q2,2007q2,0.0304680690105469,-3.4910760614568668
DNK,Denmark,DNK,2007,3,2007.5,2007-Q3,2007q3,0.0312221109830899,-3.4666287498101425
DNK,Denmark,DNK,2007,4,2007.75,2007-Q4,2007q4,0.0315896620443199,-3.454925362410874
DNK,Denmark,DNK,2008,1,2008.0,2008-Q1,2008q1,0.031386243637992,-3.4613855827629707
DNK,Denmark,DNK,2008,2,2008.25,2008-Q2,2008q2,0.0308788596724668,-3.477683482212497
DNK,Denmark,DNK,2008,3,2008.5,2008-Q3,2008q3,0.0308374735503732,-3.479024654836857
DNK,Denmark,DNK,2008,4,2008.75,2008-Q4,2008q4,0.0302131867910832,-3.4994768011932558
DNK,Denmark,DNK,2009,1,2009.0,2009-Q1,2009q1,0.0299981720683258,-3.5066188302321604
DNK,Denmark,DNK,2009,2,2009.25,2009-Q2,2009q2,0.0299321109999429,-3.508823428367089
DNK,Denmark,DNK,2009,3,2009.5,2009-Q3,2009q3,0.0302215798583773,-3.4991990449342882
DNK,Denmark,DNK,2009,4,2009.75,2009-Q4,2009q4,0.0308082136702602,-3.4799739469489097
DNK,Denmark,DNK,2010,1,2010.0,2010-Q1,2010q1,0.03110439825832,-3.470406046699146
DNK,Denmark,DNK,2010,2,2010.25,2010-Q2,2010q2,0.0312013908756354,-3.4672926058130416
DNK,Denmark,DNK,2010,3,2010.5,2010-Q3,2010q3,0.0316675091093646,-3.4524640729499527
DNK,Denmark,DNK,2010,4,2010.75,2010-Q4,2010q4,0.0315389185786297,-3.456532985332794
DNK,Denmark,DNK,2011,1,2011.0,2011-Q1,2011q1,0.0317123172253995,-3.4510501175609454
DNK,Denmark,DNK,2011,2,2011.25,2011-Q2,2011q2,0.0319058227943878,-3.4449667531089823
DNK,Denmark,DNK,2011,3,2011.5,2011-Q3,2011q3,0.0315443083274884,-3.4563621079336455
DNK,Denmark,DNK,2011,4,2011.75,2011-Q4,2011q4,0.0320893268169103,-3.439231802051422
DNK,Denmark,DNK,2012,1,2012.0,2012-Q1,2012q1,0.0319299699646548,-3.444210212918125
DNK,Denmark,DNK,2012,2,2012.25,2012-Q2,2012q2,0.0319785759812364,-3.442689100984371
DNK,Denmark,DNK,2012,3,2012.5,2012-Q3,2012q3,0.0321241711378627,-3.4381465372556335
DNK,Denmark,DNK,2012,4,2012.75,2012-Q4,2012q4,0.0319169090447523,-3.4446193455268705
DNK,Denmark,DNK,2013,1,2013.0,2013-Q1,2013q1,0.0322838507510599,-3.433188150530948
DNK,Denmark,DNK,2013,2,2013.25,2013-Q2,2013q2,0.0324876522517735,-3.426895192553067
DNK,Denmark,DNK,2013,3,2013.5,2013-Q3,2013q3,0.0326197436230717,-3.4228375413213294
DNK,Denmark,DNK,2013,4,2013.75,2013-Q4,2013q4,0.0327641097455112,-3.4184215777582954
DNK,Denmark,DNK,2014,1,2014.0,2014-Q1,2014q1,0.0327187770357064,-3.4198061446054555
DNK,Denmark,DNK,2014,2,2014.25,2014-Q2,2014q2,0.0325197890094261,-3.4259064823486023
DNK,Denmark,DNK,2014,3,2014.5,2014-Q3,2014q3,0.0327637563053723,-3.418432365234226
DNK,Denmark,DNK,2014,4,2014.75,2014-Q4,2014q4,0.0324481903506367,-3.428110604701832
DNK,Denmark,DNK,2015,1,2015.0,2015-Q1,2015q1,0.0325901124014443,-3.4237463371835886
DNK,Denmark,DNK,2015,2,2015.25,2015-Q2,2015q2,0.032813817148395,-3.4169055977705782
DNK,Denmark,DNK,2015,3,2015.5,2015-Q3,2015q3,0.0328742889260067,-3.4150644183453047
DNK,Denmark,DNK,2015,4,2015.75,2015-Q4,2015q4,0.0326963809900846,-3.420490880289745
DNK,Denmark,DNK,2016,1,2016.0,2016-Q1,2016q1,0.0328907691832108,-3.4145632325173625
DNK,Denmark,DNK,2016,2,2016.25,2016-Q2,2016q2,0.0329723910585678,-3.4120847022785545
DNK,Denmark,DNK,2016,3,2016.5,2016-Q3,2016q3,0.0332462309891932,-3.403813872013766
DNK,Denmark,DNK,2016,4,2016.75,2016-Q4,2016q4,0.0333837487219118,-3.399686062622968
DNK,Denmark,DNK,2017,1,2017.0,2017-Q1,2017q1,0.0336235631360889,-3.3925281739853985
DNK,Denmark,DNK,2017,2,2017.25,2017-Q2,2017q2,0.0339171651286667,-3.3838340467672317
DNK,Denmark,DNK,2017,3,2017.5,2017-Q3,2017q3,0.0337519527808535,-3.3887170031639964
DNK,Denmark,DNK,2017,4,2017.75,2017-Q4,2017q4,0.0338700371297618,-3.385224515909721
DNK,Denmark,DNK,2018,1,2018.0,2018-Q1,2018q1,0.0339724365738384,-3.3822057721567673
DNK,Denmark,DNK,2018,2,2018.25,2018-Q2,2018q2,0.0338094843269372,-3.387013914465696
DNK,Denmark,DNK,2018,3,2018.5,2018-Q3,2018q3,0.0338876614095965,-3.3847043010673614
DNK,Denmark,DNK,2018,4,2018.75,2018-Q4,2018q4,0.033887071549895,-3.3847217075454323
DNK,Denmark,DNK,2019,1,2019.0,2019-Q1,2019q1,0.0338114206643687,-3.3869566440865944
DNK,Denmark,DNK,2019,2,2019.25,2019-Q2,2019q2,0.0339902564152131,-3.381681371459875
DNK,Denmark,DNK,2019,3,2019.5,2019-Q3,2019q3,0.0338985788078452,-3.384382188546942
DNK,Denmark,DNK,2019,4,2019.75,2019-Q4,2019q4,0.0339957287585054,-3.3815203870072668
DOM,Dominican Republic,DOM,2000,1,2000.0,2000-Q1,2000q1,0.0028045262665997,-5.876520643183579
DOM,Dominican Republic,DOM,2000,2,2000.25,2000-Q2,2000q2,0.0027910742543014,-5.8813287198727195
DOM,Dominican Republic,DOM,2000,3,2000.5,2000-Q3,2000q3,0.0027367199816183,-5.900995162663752
DOM,Dominican Republic,DOM,2000,4,2000.75,2000-Q4,2000q4,0.0028859048259506,-5.847916797015334
DOM,Dominican Republic,DOM,2001,1,2001.0,2001-Q1,2001q1,0.0028486566616459,-5.860907742611307
DOM,Dominican Republic,DOM,2001,2,2001.25,2001-Q2,2001q2,0.0028984261707221,-5.84358738905552
DOM,Dominican Republic,DOM,2001,3,2001.5,2001-Q3,2001q3,0.0028868623080538,-5.84758507321988
DOM,Dominican Republic,DOM,2001,4,2001.75,2001-Q4,2001q4,0.0030149083791688,-5.804185837600113
DOM,Dominican Republic,DOM,2002,1,2002.0,2002-Q1,2002q1,0.0029169717833584,-5.837209261314952
DOM,Dominican Republic,DOM,2002,2,2002.25,2002-Q2,2002q2,0.0029928246382013,-5.811537642472477
DOM,Dominican Republic,DOM,2002,3,2002.5,2002-Q3,2002q3,0.0028939836252748,-5.845121308952363
DOM,Dominican Republic,DOM,2002,4,2002.75,2002-Q4,2002q4,0.002951136683868,-5.825564866280349
DOM,Dominican Republic,DOM,2003,1,2003.0,2003-Q1,2003q1,0.0029479715300651,-5.82663796207444
DOM,Dominican Republic,DOM,2003,2,2003.25,2003-Q2,2003q2,0.0029291525169706,-5.833042141146832
DOM,Dominican Republic,DOM,2003,3,2003.5,2003-Q3,2003q3,0.0028703989549082,-5.853304250192603
DOM,Dominican Republic,DOM,2003,4,2003.75,2003-Q4,2003q4,0.0029312777498946,-5.832316858899493
DOM,Dominican Republic,DOM,2004,1,2004.0,2004-Q1,2004q1,0.0028460238021845,-5.861832415967686
DOM,Dominican Republic,DOM,2004,2,2004.25,2004-Q2,2004q2,0.0029294875911329,-5.832927754819465
DOM,Dominican Republic,DOM,2004,3,2004.5,2004-Q3,2004q3,0.0028918030276396,-5.845875086396732
DOM,Dominican Republic,DOM,2004,4,2004.75,2004-Q4,2004q4,0.0030016803013196,-5.808583046671867
DOM,Dominican Republic,DOM,2005,1,2005.0,2005-Q1,2005q1,0.0030278941898938,-5.7998878879098905
DOM,Dominican Republic,DOM,2005,2,2005.25,2005-Q2,2005q2,0.0031242543093977,-5.7685596452610275
DOM,Dominican Republic,DOM,2005,3,2005.5,2005-Q3,2005q3,0.0031570776003447,-5.7581084893014385
DOM,Dominican Republic,DOM,2005,4,2005.75,2005-Q4,2005q4,0.0032200752824414,-5.738350540058933
DOM,Dominican Republic,DOM,2006,1,2006.0,2006-Q1,2006q1,0.0031994556683294,-5.744774587292785
DOM,Dominican Republic,DOM,2006,2,2006.25,2006-Q2,2006q2,0.0033092233125452,-5.7110417659053825
DOM,Dominican Republic,DOM,2006,3,2006.5,2006-Q3,2006q3,0.0032601028031543,-5.725996549390821
DOM,Dominican Republic,DOM,2006,4,2006.75,2006-Q4,2006q4,0.0033716231304892,-5.692361009474991
DOM,Dominican Republic,DOM,2007,1,2007.0,2007-Q1,2007q1,0.0033317891074309,-5.704245849768598
DOM,Dominican Republic,DOM,2007,2,2007.25,2007-Q2,2007q2,0.0034248113416206,-5.676708891523569
DOM,Dominican Republic,DOM,2007,3,2007.5,2007-Q3,2007q3,0.0034502797734063,-5.669299957485832
DOM,Dominican Republic,DOM,2007,4,2007.75,2007-Q4,2007q4,0.0035453235321681,-5.642125858799028
DOM,Dominican Republic,DOM,2008,1,2008.0,2008-Q1,2008q1,0.0035209162873127,-5.64903401435096
DOM,Dominican Republic,DOM,2008,2,2008.25,2008-Q2,2008q2,0.0036023496443038,-5.626168967449083
DOM,Dominican Republic,DOM,2008,3,2008.5,2008-Q3,2008q3,0.0033316714589681,-5.704281161289283
DOM,Dominican Republic,DOM,2008,4,2008.75,2008-Q4,2008q4,0.0033714770541947,-5.692404335627805
DOM,Dominican Republic,DOM,2009,1,2009.0,2009-Q1,2009q1,0.0034913488977735,-5.657467113781072
DOM,Dominican Republic,DOM,2009,2,2009.25,2009-Q2,2009q2,0.0035978661520133,-5.6274143448090985
DOM,Dominican Republic,DOM,2009,3,2009.5,2009-Q3,2009q3,0.0034934432271914,-5.656867431086671
DOM,Dominican Republic,DOM,2009,4,2009.75,2009-Q4,2009q4,0.0036702078657997,-5.607506979337116
DOM,Dominican Republic,DOM,2010,1,2010.0,2010-Q1,2010q1,0.0036446918257382,-5.614483464218404
DOM,Dominican Republic,DOM,2010,2,2010.25,2010-Q2,2010q2,0.0037535522110589,-5.585052631081555
DOM,Dominican Republic,DOM,2010,3,2010.5,2010-Q3,2010q3,0.0036309614748211,-5.6182577966802825
DOM,Dominican Republic,DOM,2010,4,2010.75,2010-Q4,2010q4,0.0038083463702424,-5.570560207617439
DOM,Dominican Republic,DOM,2011,1,2011.0,2011-Q1,2011q1,0.0036915052176949,-5.601720986031162
DOM,Dominican Republic,DOM,2011,2,2011.25,2011-Q2,2011q2,0.0037462420553411,-5.587002060032053
DOM,Dominican Republic,DOM,2011,3,2011.5,2011-Q3,2011q3,0.0035963707462994,-5.627830068048845
DOM,Dominican Republic,DOM,2011,4,2011.75,2011-Q4,2011q4,0.0037313070958253,-5.590996678876706
DOM,Dominican Republic,DOM,2012,1,2012.0,2012-Q1,2012q1,0.0037217824728776,-5.593552566081579
DOM,Dominican Republic,DOM,2012,2,2012.25,2012-Q2,2012q2,0.0037533582892323,-5.585104295964634
DOM,Dominican Republic,DOM,2012,3,2012.5,2012-Q3,2012q3,0.0036283721972769,-5.6189711617826354
DOM,Dominican Republic,DOM,2012,4,2012.75,2012-Q4,2012q4,0.003753227346364,-5.585139183428701
DOM,Dominican Republic,DOM,2013,1,2013.0,2013-Q1,2013q1,0.0037628592356035,-5.582576175563605
DOM,Dominican Republic,DOM,2013,2,2013.25,2013-Q2,2013q2,0.0038806166754388,-5.551761201007334
DOM,Dominican Republic,DOM,2013,3,2013.5,2013-Q3,2013q3,0.0038329115867107,-5.5641305591918595
DOM,Dominican Republic,DOM,2013,4,2013.75,2013-Q4,2013q4,0.0039965429957141,-5.522325542613997
DOM,Dominican Republic,DOM,2014,1,2014.0,2014-Q1,2014q1,0.0038829590950155,-5.551157762664736
DOM,Dominican Republic,DOM,2014,2,2014.25,2014-Q2,2014q2,0.0040079640020174,-5.519471896772492
DOM,Dominican Republic,DOM,2014,3,2014.5,2014-Q3,2014q3,0.0039385116681833,-5.536952376229549
DOM,Dominican Republic,DOM,2014,4,2014.75,2014-Q4,2014q4,0.0041393069686298,-5.487226904039361
DOM,Dominican Republic,DOM,2015,1,2015.0,2015-Q1,2015q1,0.004056005700982,-5.507556607126689
DOM,Dominican Republic,DOM,2015,2,2015.25,2015-Q2,2015q2,0.0042410517796474,-5.462943979262778
DOM,Dominican Republic,DOM,2015,3,2015.5,2015-Q3,2015q3,0.0041439491802326,-5.486106037557536
DOM,Dominican Republic,DOM,2015,4,2015.75,2015-Q4,2015q4,0.0042366178501048,-5.4639900049138195
DOM,Dominican Republic,DOM,2016,1,2016.0,2016-Q1,2016q1,0.0042086473194483,-5.470613984710081
DOM,Dominican Republic,DOM,2016,2,2016.25,2016-Q2,2016q2,0.0043776780875134,-5.431236812161554
DOM,Dominican Republic,DOM,2016,3,2016.5,2016-Q3,2016q3,0.0042352049380233,-5.464323560544039
DOM,Dominican Republic,DOM,2016,4,2016.75,2016-Q4,2016q4,0.0043557277994072,-5.436263564521588
DOM,Dominican Republic,DOM,2017,1,2017.0,2017-Q1,2017q1,0.0042674410912749,-5.4567409074272994
DOM,Dominican Republic,DOM,2017,2,2017.25,2017-Q2,2017q2,0.0043448001896843,-5.438775507585865
DOM,Dominican Republic,DOM,2017,3,2017.5,2017-Q3,2017q3,0.0042809058664267,-5.453590640749076
DOM,Dominican Republic,DOM,2017,4,2017.75,2017-Q4,2017q4,0.0044697166417354,-5.410430263476609
DOM,Dominican Republic,DOM,2018,1,2018.0,2018-Q1,2018q1,0.0043947076128515,-5.4273542772818075
DOM,Dominican Republic,DOM,2018,2,2018.25,2018-Q2,2018q2,0.0044890680708228,-5.40611015538045
DOM,Dominican Republic,DOM,2018,3,2018.5,2018-Q3,2018q3,0.0044466163679547,-5.41561183878116
DOM,Dominican Republic,DOM,2018,4,2018.75,2018-Q4,2018q4,0.0046236945608211,-5.376561204979549
DOM,Dominican Republic,DOM,2019,1,2019.0,2019-Q1,2019q1,0.0045126254630023,-5.4008761522742335
DOM,Dominican Republic,DOM,2019,2,2019.25,2019-Q2,2019q2,0.0045398384673035,-5.3948638474509565
DOM,Dominican Republic,DOM,2019,3,2019.5,2019-Q3,2019q3,0.0045829410409095,-5.3854143382750825
DOM,Dominican Republic,DOM,2019,4,2019.75,2019-Q4,2019q4,0.0046970031771139,-5.360830595524074
ECU,Ecuador,ECU,1996,1,1996.0,1996-Q1,1996q1,0.0039313691733405,-5.538767523611751
ECU,Ecuador,ECU,1996,2,1996.25,1996-Q2,1996q2,0.003876816835015,-5.552740865408604
ECU,Ecuador,ECU,1996,3,1996.5,1996-Q3,1996q3,0.0038543580714611,-5.558550804260307
ECU,Ecuador,ECU,1996,4,1996.75,1996-Q4,1996q4,0.0038078959055888,-5.570678498143873
ECU,Ecuador,ECU,1997,1,1997.0,1997-Q1,1997q1,0.0037467967919968,-5.586853992827807
ECU,Ecuador,ECU,1997,2,1997.25,1997-Q2,1997q2,0.0037760248648665,-5.579083445745326
ECU,Ecuador,ECU,1997,3,1997.5,1997-Q3,1997q3,0.0038187692039732,-5.567827106193327
ECU,Ecuador,ECU,1997,4,1997.75,1997-Q4,1997q4,0.0037917591027714,-5.574925224357493
ECU,Ecuador,ECU,1998,1,1998.0,1998-Q1,1998q1,0.0037374667685607,-5.589347231659858
ECU,Ecuador,ECU,1998,2,1998.25,1998-Q2,1998q2,0.0037253441914137,-5.59259603103975
ECU,Ecuador,ECU,1998,3,1998.5,1998-Q3,1998q3,0.0036925696377826,-5.601432684486038
ECU,Ecuador,ECU,1998,4,1998.75,1998-Q4,1998q4,0.0036621162885181,-5.609714077767573
ECU,Ecuador,ECU,1999,1,1999.0,1999-Q1,1999q1,0.0028274142697936,-5.8683926705773946
ECU,Ecuador,ECU,1999,2,1999.25,1999-Q2,1999q2,0.002724227489729,-5.905570381065524
ECU,Ecuador,ECU,1999,3,1999.5,1999-Q3,1999q3,0.0026947351188365,-5.916455365597588
ECU,Ecuador,ECU,1999,4,1999.75,1999-Q4,1999q4,0.0026787677623443,-5.922398380365322
ECU,Ecuador,ECU,2000,1,2000.0,2000-Q1,2000q1,0.002133779042199,-6.149860673075843
ECU,Ecuador,ECU,2000,2,2000.25,2000-Q2,2000q2,0.0021705617036279,-6.132769295327435
ECU,Ecuador,ECU,2000,3,2000.5,2000-Q3,2000q3,0.0022304396550027,-6.105556558232815
ECU,Ecuador,ECU,2000,4,2000.75,2000-Q4,2000q4,0.0022349347819359,-6.103543231684238
ECU,Ecuador,ECU,2001,1,2001.0,2001-Q1,2001q1,0.0020570594314127,-6.18647777645222
ECU,Ecuador,ECU,2001,2,2001.25,2001-Q2,2001q2,0.0020713024257795,-6.179577678364826
ECU,Ecuador,ECU,2001,3,2001.5,2001-Q3,2001q3,0.0020587391343499,-6.185661554276321
ECU,Ecuador,ECU,2001,4,2001.75,2001-Q4,2001q4,0.002053909007885,-6.18801046841566
ECU,Ecuador,ECU,2002,1,2002.0,2002-Q1,2002q1,0.0022196474608339,-6.110406897134402
ECU,Ecuador,ECU,2002,2,2002.25,2002-Q2,2002q2,0.0022435512342708,-6.099695296049107
ECU,Ecuador,ECU,2002,3,2002.5,2002-Q3,2002q3,0.0022448373994725,-6.099122188262836
ECU,Ecuador,ECU,2002,4,2002.75,2002-Q4,2002q4,0.0022147997817869,-6.112593271540435
ECU,Ecuador,ECU,2003,1,2003.0,2003-Q1,2003q1,0.0023803680569261,-6.040500157487909
ECU,Ecuador,ECU,2003,2,2003.25,2003-Q2,2003q2,0.0023388444480533,-6.058098297202802
ECU,Ecuador,ECU,2003,3,2003.5,2003-Q3,2003q3,0.0023589037440607,-6.049558283093756
ECU,Ecuador,ECU,2003,4,2003.75,2003-Q4,2003q4,0.0023958983106713,-6.033997040918698
ECU,Ecuador,ECU,2004,1,2004.0,2004-Q1,2004q1,0.0023995322607042,-6.032481451995278
ECU,Ecuador,ECU,2004,2,2004.25,2004-Q2,2004q2,0.0023566739187735,-6.050504010473445
ECU,Ecuador,ECU,2004,3,2004.5,2004-Q3,2004q3,0.0024562495626009,-6.009119660422688
ECU,Ecuador,ECU,2004,4,2004.75,2004-Q4,2004q4,0.0023395180820298,-6.05781031867321
ECU,Ecuador,ECU,2005,1,2005.0,2005-Q1,2005q1,0.0024018125225601,-6.031531608928275
ECU,Ecuador,ECU,2005,2,2005.25,2005-Q2,2005q2,0.0024229772344067,-6.022758232814381
ECU,Ecuador,ECU,2005,3,2005.5,2005-Q3,2005q3,0.002413613952623,-6.026630089301279
ECU,Ecuador,ECU,2005,4,2005.75,2005-Q4,2005q4,0.0024289609089528,-6.020291722565131
ECU,Ecuador,ECU,2006,1,2006.0,2006-Q1,2006q1,0.0024140085793613,-6.026466602310918
ECU,Ecuador,ECU,2006,2,2006.25,2006-Q2,2006q2,0.0024411471282892,-6.0152872156108925
ECU,Ecuador,ECU,2006,3,2006.5,2006-Q3,2006q3,0.0024567228680411,-6.008926984624749
ECU,Ecuador,ECU,2006,4,2006.75,2006-Q4,2006q4,0.0024314113964793,-6.019283368644838
ECU,Ecuador,ECU,2007,1,2007.0,2007-Q1,2007q1,0.0024716919456711,-6.002852364599058
ECU,Ecuador,ECU,2007,2,2007.25,2007-Q2,2007q2,0.0024887553321541,-5.99597256008526
ECU,Ecuador,ECU,2007,3,2007.5,2007-Q3,2007q3,0.0025109601784056,-5.987090057791224
ECU,Ecuador,ECU,2007,4,2007.75,2007-Q4,2007q4,0.0025207136686186,-5.983213215720097
ECU,Ecuador,ECU,2008,1,2008.0,2008-Q1,2008q1,0.0025799248344162,-5.959995014420222
ECU,Ecuador,ECU,2008,2,2008.25,2008-Q2,2008q2,0.0025439380335617,-5.97404199167761
ECU,Ecuador,ECU,2008,3,2008.5,2008-Q3,2008q3,0.002641849731349,-5.936275951354587
ECU,Ecuador,ECU,2008,4,2008.75,2008-Q4,2008q4,0.0026979895160654,-5.915248407021246
ECU,Ecuador,ECU,2009,1,2009.0,2009-Q1,2009q1,0.0026702126815657,-5.925597153725235
ECU,Ecuador,ECU,2009,2,2009.25,2009-Q2,2009q2,0.0026723527965902,-5.9247959973715245
ECU,Ecuador,ECU,2009,3,2009.5,2009-Q3,2009q3,0.0026283955885564,-5.941381661318016
ECU,Ecuador,ECU,2009,4,2009.75,2009-Q4,2009q4,0.0026033991882011,-5.950937307754541
ECU,Ecuador,ECU,2010,1,2010.0,2010-Q1,2010q1,0.002689854790802,-5.918268067939921
ECU,Ecuador,ECU,2010,2,2010.25,2010-Q2,2010q2,0.002696707863795,-5.9157235596402975
ECU,Ecuador,ECU,2010,3,2010.5,2010-Q3,2010q3,0.002755523469019,-5.894147847522836
ECU,Ecuador,ECU,2010,4,2010.75,2010-Q4,2010q4,0.0028235374700707,-5.869764758151162
ECU,Ecuador,ECU,2011,1,2011.0,2011-Q1,2011q1,0.0028584186936256,-5.857486711385051
ECU,Ecuador,ECU,2011,2,2011.25,2011-Q2,2011q2,0.0029307218733902,-5.83250651312733
ECU,Ecuador,ECU,2011,3,2011.5,2011-Q3,2011q3,0.0029467680520158,-5.827046284799903
ECU,Ecuador,ECU,2011,4,2011.75,2011-Q4,2011q4,0.0029304526593118,-5.8325983766530065
ECU,Ecuador,ECU,2012,1,2012.0,2012-Q1,2012q1,0.0029508265938151,-5.825669946586205
ECU,Ecuador,ECU,2012,2,2012.25,2012-Q2,2012q2,0.0029175877143593,-5.836998129350858
ECU,Ecuador,ECU,2012,3,2012.5,2012-Q3,2012q3,0.0029886322916032,-5.8129394237889
ECU,Ecuador,ECU,2012,4,2012.75,2012-Q4,2012q4,0.0030262972193725,-5.8004154465714475
ECU,Ecuador,ECU,2013,1,2013.0,2013-Q1,2013q1,0.0030479489927205,-5.793286375969515
ECU,Ecuador,ECU,2013,2,2013.25,2013-Q2,2013q2,0.0030546758979775,-5.791081781028153
ECU,Ecuador,ECU,2013,3,2013.5,2013-Q3,2013q3,0.0031391866902105,-5.7637915284689045
ECU,Ecuador,ECU,2013,4,2013.75,2013-Q4,2013q4,0.0031371639442559,-5.764436089661366
ECU,Ecuador,ECU,2014,1,2014.0,2014-Q1,2014q1,0.0031688571227496,-5.754384285200262
ECU,Ecuador,ECU,2014,2,2014.25,2014-Q2,2014q2,0.0032318844324817,-5.7346898962392965
ECU,Ecuador,ECU,2014,3,2014.5,2014-Q3,2014q3,0.0032194921304358,-5.738531655332617
ECU,Ecuador,ECU,2014,4,2014.75,2014-Q4,2014q4,0.0031172455942799,-5.770805489424081
ECU,Ecuador,ECU,2015,1,2015.0,2015-Q1,2015q1,0.003108362599777,-5.773659186686838
ECU,Ecuador,ECU,2015,2,2015.25,2015-Q2,2015q2,0.0029964825917623,-5.810316147606587
ECU,Ecuador,ECU,2015,3,2015.5,2015-Q3,2015q3,0.0030188155303009,-5.802890733038868
ECU,Ecuador,ECU,2015,4,2015.75,2015-Q4,2015q4,0.0029755492775226,-5.817326625926734
ECU,Ecuador,ECU,2016,1,2016.0,2016-Q1,2016q1,0.0028713859351175,-5.852960461549202
ECU,Ecuador,ECU,2016,2,2016.25,2016-Q2,2016q2,0.0028627042524489,-5.855988558080094
ECU,Ecuador,ECU,2016,3,2016.5,2016-Q3,2016q3,0.0028295280805568,-5.8676453372193125
ECU,Ecuador,ECU,2016,4,2016.75,2016-Q4,2016q4,0.0029205223267763,-5.835992799665914
ECU,Ecuador,ECU,2017,1,2017.0,2017-Q1,2017q1,0.0029620240885496,-5.821882430641037
ECU,Ecuador,ECU,2017,2,2017.25,2017-Q2,2017q2,0.002944989116542,-5.827650157456893
ECU,Ecuador,ECU,2017,3,2017.5,2017-Q3,2017q3,0.0029064652413335,-5.84081762983692
ECU,Ecuador,ECU,2017,4,2017.75,2017-Q4,2017q4,0.0029124922382078,-5.8387461250868995
ECU,Ecuador,ECU,2018,1,2018.0,2018-Q1,2018q1,0.0029537901669255,-5.82466613093505
ECU,Ecuador,ECU,2018,2,2018.25,2018-Q2,2018q2,0.0030131197852107,-5.804779263497211
ECU,Ecuador,ECU,2018,3,2018.5,2018-Q3,2018q3,0.00293357547599,-5.831533300940082
ECU,Ecuador,ECU,2018,4,2018.75,2018-Q4,2018q4,0.0029312658526781,-5.832320917621204
ECU,Ecuador,ECU,2019,1,2019.0,2019-Q1,2019q1,0.0029576248594794,-5.823368745089308
ECU,Ecuador,ECU,2019,2,2019.25,2019-Q2,2019q2,0.002956377555438,-5.823790558937996
ECU,Ecuador,ECU,2019,3,2019.5,2019-Q3,2019q3,0.0029275282011875,-5.83359682934068
ECU,Ecuador,ECU,2019,4,2019.75,2019-Q4,2019q4,0.0028973231676728,-5.843968013888726
EGY,"Egypt, Arab Rep.",EGY,2008,1,2008.0,2008-Q1,2008q1,0.0025956658988032,-5.9539121868805855
EGY,"Egypt, Arab Rep.",EGY,2008,2,2008.25,2008-Q2,2008q2,0.0025986069045123,-5.9527797835068155
EGY,"Egypt, Arab Rep.",EGY,2008,3,2008.5,2008-Q3,2008q3,0.002647571628818,-5.934112425588222
EGY,"Egypt, Arab Rep.",EGY,2008,4,2008.75,2008-Q4,2008q4,0.0026354066394161,-5.93871778653623
EGY,"Egypt, Arab Rep.",EGY,2009,1,2009.0,2009-Q1,2009q1,0.0027045747436168,-5.91281059027491
EGY,"Egypt, Arab Rep.",EGY,2009,2,2009.25,2009-Q2,2009q2,0.0026748776782759,-5.92385162742704
EGY,"Egypt, Arab Rep.",EGY,2009,3,2009.5,2009-Q3,2009q3,0.0026730233378707,-5.924545110898
EGY,"Egypt, Arab Rep.",EGY,2009,4,2009.75,2009-Q4,2009q4,0.0026817229267785,-5.921295807893898
EGY,"Egypt, Arab Rep.",EGY,2010,1,2010.0,2010-Q1,2010q1,0.0026354079377636,-5.93871729388088
EGY,"Egypt, Arab Rep.",EGY,2010,2,2010.25,2010-Q2,2010q2,0.0026390235015595,-5.937346316021445
EGY,"Egypt, Arab Rep.",EGY,2010,3,2010.5,2010-Q3,2010q3,0.002792711640961,-5.880742240828843
EGY,"Egypt, Arab Rep.",EGY,2010,4,2010.75,2010-Q4,2010q4,0.0028594928696626,-5.857110988172915
EGY,"Egypt, Arab Rep.",EGY,2011,1,2011.0,2011-Q1,2011q1,0.0026747460452572,-5.923900839493356
EGY,"Egypt, Arab Rep.",EGY,2011,2,2011.25,2011-Q2,2011q2,0.0027868320979024,-5.882849777039704
EGY,"Egypt, Arab Rep.",EGY,2011,3,2011.5,2011-Q3,2011q3,0.0028018607221385,-5.877471538891422
EGY,"Egypt, Arab Rep.",EGY,2011,4,2011.75,2011-Q4,2011q4,0.0027877036017343,-5.882537103882347
EGY,"Egypt, Arab Rep.",EGY,2012,1,2012.0,2012-Q1,2012q1,0.0026987340102661,-5.914972501019469
EGY,"Egypt, Arab Rep.",EGY,2012,2,2012.25,2012-Q2,2012q2,0.0027692978517926,-5.8891614740225275
EGY,"Egypt, Arab Rep.",EGY,2012,3,2012.5,2012-Q3,2012q3,0.0029026188980255,-5.842141881225889
EGY,"Egypt, Arab Rep.",EGY,2012,4,2012.75,2012-Q4,2012q4,0.0029662583000916,-5.820453952041528
EGY,"Egypt, Arab Rep.",EGY,2013,1,2013.0,2013-Q1,2013q1,0.0027539499914554,-5.894719037353468
EGY,"Egypt, Arab Rep.",EGY,2013,2,2013.25,2013-Q2,2013q2,0.0028050604654979,-5.876330183912574
EGY,"Egypt, Arab Rep.",EGY,2013,3,2013.5,2013-Q3,2013q3,0.0028826594492292,-5.849041991052875
EGY,"Egypt, Arab Rep.",EGY,2013,4,2013.75,2013-Q4,2013q4,0.0028824727246489,-5.849106768259966
EGY,"Egypt, Arab Rep.",EGY,2014,1,2014.0,2014-Q1,2014q1,0.0028808206777781,-5.849680067865137
EGY,"Egypt, Arab Rep.",EGY,2014,2,2014.25,2014-Q2,2014q2,0.00289615209162,-5.844372288013094
EGY,"Egypt, Arab Rep.",EGY,2014,3,2014.5,2014-Q3,2014q3,0.0029275232880735,-5.8335985075886025
EGY,"Egypt, Arab Rep.",EGY,2014,4,2014.75,2014-Q4,2014q4,0.002994024873501,-5.811136685236645
EGY,"Egypt, Arab Rep.",EGY,2015,1,2015.0,2015-Q1,2015q1,0.0029336136492469,-5.831520288488605
EGY,"Egypt, Arab Rep.",EGY,2015,2,2015.25,2015-Q2,2015q2,0.0030227486118598,-5.801588725140922
EGY,"Egypt, Arab Rep.",EGY,2015,3,2015.5,2015-Q3,2015q3,0.0030101619833461,-5.805761386604182
EGY,"Egypt, Arab Rep.",EGY,2015,4,2015.75,2015-Q4,2015q4,0.0029741800279173,-5.8177868988430905
EGY,"Egypt, Arab Rep.",EGY,2016,1,2016.0,2016-Q1,2016q1,0.0029444654785596,-5.827827979689944
EGY,"Egypt, Arab Rep.",EGY,2016,2,2016.25,2016-Q2,2016q2,0.0030163337931202,-5.803713160848883
EGY,"Egypt, Arab Rep.",EGY,2016,3,2016.5,2016-Q3,2016q3,0.0030848139541478,-5.781263930040449
EGY,"Egypt, Arab Rep.",EGY,2016,4,2016.75,2016-Q4,2016q4,0.0030897702383384,-5.779658547361856
EGY,"Egypt, Arab Rep.",EGY,2017,1,2017.0,2017-Q1,2017q1,0.0029669921467086,-5.82020658455643
EGY,"Egypt, Arab Rep.",EGY,2017,2,2017.25,2017-Q2,2017q2,0.0031391681731756,-5.763797427159024
EGY,"Egypt, Arab Rep.",EGY,2017,3,2017.5,2017-Q3,2017q3,0.0032294660399032,-5.735438468136694
EGY,"Egypt, Arab Rep.",EGY,2017,4,2017.75,2017-Q4,2017q4,0.003080497671103,-5.7826641135225945
EGY,"Egypt, Arab Rep.",EGY,2018,1,2018.0,2018-Q1,2018q1,0.0031887478085898,-5.748126975740226
EGY,"Egypt, Arab Rep.",EGY,2018,2,2018.25,2018-Q2,2018q2,0.0032485646547165,-5.729542024896852
EGY,"Egypt, Arab Rep.",EGY,2018,3,2018.5,2018-Q3,2018q3,0.0032550703570484,-5.727541388486574
EGY,"Egypt, Arab Rep.",EGY,2018,4,2018.75,2018-Q4,2018q4,0.0033799463279179,-5.689895448927518
EGY,"Egypt, Arab Rep.",EGY,2019,1,2019.0,2019-Q1,2019q1,0.0034142145695093,-5.6798078066993
EGY,"Egypt, Arab Rep.",EGY,2019,2,2019.25,2019-Q2,2019q2,0.0034802522810843,-5.660650493258904
EGY,"Egypt, Arab Rep.",EGY,2019,3,2019.5,2019-Q3,2019q3,0.0034445498844929,-5.670962040674765
EGY,"Egypt, Arab Rep.",EGY,2019,4,2019.75,2019-Q4,2019q4,0.0034111796298644,-5.680697114996013
ESP,Spain,ESP,1995,1,1995.0,1995-Q1,1995q1,0.0191321551852245,-3.956384841905717
ESP,Spain,ESP,1995,2,1995.25,1995-Q2,1995q2,0.0191140642692595,-3.957330865725705
ESP,Spain,ESP,1995,3,1995.5,1995-Q3,1995q3,0.0190994868608352,-3.9580938102153067
ESP,Spain,ESP,1995,4,1995.75,1995-Q4,1995q4,0.0191377294668187,-3.9560935276420706
ESP,Spain,ESP,1996,1,1996.0,1996-Q1,1996q1,0.019117594398272,-3.9571461952643356
ESP,Spain,ESP,1996,2,1996.25,1996-Q2,1996q2,0.0191278791090759,-3.956608368948767
ESP,Spain,ESP,1996,3,1996.5,1996-Q3,1996q3,0.0190156256658187,-3.9624942343399874
ESP,Spain,ESP,1996,4,1996.75,1996-Q4,1996q4,0.0189215494298477,-3.9674538249563516
ESP,Spain,ESP,1997,1,1997.0,1997-Q1,1997q1,0.0189596068289265,-3.965444519241238
ESP,Spain,ESP,1997,2,1997.25,1997-Q2,1997q2,0.0190170139495049,-3.9624212294841135
ESP,Spain,ESP,1997,3,1997.5,1997-Q3,1997q3,0.0190486537850844,-3.960758847356127
ESP,Spain,ESP,1997,4,1997.75,1997-Q4,1997q4,0.0190815294258171,-3.9590344575887224
ESP,Spain,ESP,1998,1,1998.0,1998-Q1,1998q1,0.0190500816955018,-3.960683888940838
ESP,Spain,ESP,1998,2,1998.25,1998-Q2,1998q2,0.019103790428703,-3.9578685118539445
ESP,Spain,ESP,1998,3,1998.5,1998-Q3,1998q3,0.019027682228675,-3.961860400747316
ESP,Spain,ESP,1998,4,1998.75,1998-Q4,1998q4,0.0190134960587363,-3.9626062330918943
ESP,Spain,ESP,1999,1,1999.0,1999-Q1,1999q1,0.01888108869983,-3.9695944557413867
ESP,Spain,ESP,1999,2,1999.25,1999-Q2,1999q2,0.0188052198122484,-3.9736207980960665
ESP,Spain,ESP,1999,3,1999.5,1999-Q3,1999q3,0.0188280352226346,-3.972408284686833
ESP,Spain,ESP,1999,4,1999.75,1999-Q4,1999q4,0.0187891139327214,-3.9744776229900305
ESP,Spain,ESP,2000,1,2000.0,2000-Q1,2000q1,0.0188314913051035,-3.972224741089913
ESP,Spain,ESP,2000,2,2000.25,2000-Q2,2000q2,0.0187850483395055,-3.9746940266560555
ESP,Spain,ESP,2000,3,2000.5,2000-Q3,2000q3,0.018728733262989,-3.9776963962607135
ESP,Spain,ESP,2000,4,2000.75,2000-Q4,2000q4,0.0187074074325415,-3.9788357141689223
ESP,Spain,ESP,2001,1,2001.0,2001-Q1,2001q1,0.0187380209388599,-3.977200613999399
ESP,Spain,ESP,2001,2,2001.25,2001-Q2,2001q2,0.0187548782692901,-3.9763013860430587
ESP,Spain,ESP,2001,3,2001.5,2001-Q3,2001q3,0.0187213116337103,-3.9780927444838636
ESP,Spain,ESP,2001,4,2001.75,2001-Q4,2001q4,0.0186857289072224,-3.9799952065180464
ESP,Spain,ESP,2002,1,2002.0,2002-Q1,2002q1,0.0185516679094606,-3.987195579714101
ESP,Spain,ESP,2002,2,2002.25,2002-Q2,2002q2,0.0185130415930352,-3.989279844284206
ESP,Spain,ESP,2002,3,2002.5,2002-Q3,2002q3,0.0184836656682325,-3.990867873768489
ESP,Spain,ESP,2002,4,2002.75,2002-Q4,2002q4,0.0184642561043735,-3.991918518281807
ESP,Spain,ESP,2003,1,2003.0,2003-Q1,2003q1,0.0184547115374859,-3.9924355732110146
ESP,Spain,ESP,2003,2,2003.25,2003-Q2,2003q2,0.0182992934172363,-4.000892830960172
ESP,Spain,ESP,2003,3,2003.5,2003-Q3,2003q3,0.0182358083963028,-4.004368123578946
ESP,Spain,ESP,2003,4,2003.75,2003-Q4,2003q4,0.0182122429220996,-4.005661223025113
ESP,Spain,ESP,2004,1,2004.0,2004-Q1,2004q1,0.0182061892165489,-4.005993675865664
ESP,Spain,ESP,2004,2,2004.25,2004-Q2,2004q2,0.0182725493393002,-4.002355381419081
ESP,Spain,ESP,2004,3,2004.5,2004-Q3,2004q3,0.0181873711207158,-4.007027820221743
ESP,Spain,ESP,2004,4,2004.75,2004-Q4,2004q4,0.0180400795934062,-4.015159352306051
ESP,Spain,ESP,2005,1,2005.0,2005-Q1,2005q1,0.0178803789836713,-4.02405131350663
ESP,Spain,ESP,2005,2,2005.25,2005-Q2,2005q2,0.0177634269757637,-4.030613599685511
ESP,Spain,ESP,2005,3,2005.5,2005-Q3,2005q3,0.0177257848690274,-4.03273492720424
ESP,Spain,ESP,2005,4,2005.75,2005-Q4,2005q4,0.0177452279330805,-4.031638648047576
ESP,Spain,ESP,2006,1,2006.0,2006-Q1,2006q1,0.0178048315763282,-4.02828542164405
ESP,Spain,ESP,2006,2,2006.25,2006-Q2,2006q2,0.0178055629606943,-4.028244344628436
ESP,Spain,ESP,2006,3,2006.5,2006-Q3,2006q3,0.0178298597769781,-4.026880711581193
ESP,Spain,ESP,2006,4,2006.75,2006-Q4,2006q4,0.0178314871731344,-4.026789442108971
ESP,Spain,ESP,2007,1,2007.0,2007-Q1,2007q1,0.0178408431208529,-4.026264892809505
ESP,Spain,ESP,2007,2,2007.25,2007-Q2,2007q2,0.017841649274055,-4.026219708006082
ESP,Spain,ESP,2007,3,2007.5,2007-Q3,2007q3,0.017870439349155,-4.0246073642621605
ESP,Spain,ESP,2007,4,2007.75,2007-Q4,2007q4,0.0179409807032777,-4.020667758111061
ESP,Spain,ESP,2008,1,2008.0,2008-Q1,2008q1,0.0179608503962853,-4.0195608677699415
ESP,Spain,ESP,2008,2,2008.25,2008-Q2,2008q2,0.0180593994555518,-4.014088984284178
ESP,Spain,ESP,2008,3,2008.5,2008-Q3,2008q3,0.0181613051193183,-4.008462040587485
ESP,Spain,ESP,2008,4,2008.75,2008-Q4,2008q4,0.0182553298377916,-4.003298195684352
ESP,Spain,ESP,2009,1,2009.0,2009-Q1,2009q1,0.018355953215474,-3.9978013311848746
ESP,Spain,ESP,2009,2,2009.25,2009-Q2,2009q2,0.0186212713747522,-3.9834507294023136
ESP,Spain,ESP,2009,3,2009.5,2009-Q3,2009q3,0.01879458211996,-3.9741866357880524
ESP,Spain,ESP,2009,4,2009.75,2009-Q4,2009q4,0.0189103379637961,-3.968046524245348
ESP,Spain,ESP,2010,1,2010.0,2010-Q1,2010q1,0.0189850995351315,-3.964100842481907
ESP,Spain,ESP,2010,2,2010.25,2010-Q2,2010q2,0.0190644193679612,-3.9599315415278773
ESP,Spain,ESP,2010,3,2010.5,2010-Q3,2010q3,0.0190814083449222,-3.959040803059065
ESP,Spain,ESP,2010,4,2010.75,2010-Q4,2010q4,0.0191415593453356,-3.955893425777667
ESP,Spain,ESP,2011,1,2011.0,2011-Q1,2011q1,0.0192118453630835,-3.9522282441874106
ESP,Spain,ESP,2011,2,2011.25,2011-Q2,2011q2,0.0191475762934864,-3.955579135674224
ESP,Spain,ESP,2011,3,2011.5,2011-Q3,2011q3,0.0192795956451425,-3.9487079627819877
ESP,Spain,ESP,2011,4,2011.75,2011-Q4,2011q4,0.0193947676298847,-3.9427519590908418
ESP,Spain,ESP,2012,1,2012.0,2012-Q1,2012q1,0.0194363608715324,-3.9406096954400107
ESP,Spain,ESP,2012,2,2012.25,2012-Q2,2012q2,0.0194776559499508,-3.9384873191194725
ESP,Spain,ESP,2012,3,2012.5,2012-Q3,2012q3,0.0195928852925506,-3.9325887739224297
ESP,Spain,ESP,2012,4,2012.75,2012-Q4,2012q4,0.0196668717854247,-3.928819694031559
ESP,Spain,ESP,2013,1,2013.0,2013-Q1,2013q1,0.0197454970892034,-3.9248298091133
ESP,Spain,ESP,2013,2,2013.25,2013-Q2,2013q2,0.0198337474508904,-3.920370375439817
ESP,Spain,ESP,2013,3,2013.5,2013-Q3,2013q3,0.0198320290669091,-3.920457018593348
ESP,Spain,ESP,2013,4,2013.75,2013-Q4,2013q4,0.019860818512142,-3.9190064071085473
ESP,Spain,ESP,2014,1,2014.0,2014-Q1,2014q1,0.0199069685125358,-3.916685432039838
ESP,Spain,ESP,2014,2,2014.25,2014-Q2,2014q2,0.0198272362253428,-3.920698719570626
ESP,Spain,ESP,2014,3,2014.5,2014-Q3,2014q3,0.0198916589340519,-3.9174547841618224
ESP,Spain,ESP,2014,4,2014.75,2014-Q4,2014q4,0.0198983427503198,-3.9171188295979706
ESP,Spain,ESP,2015,1,2015.0,2015-Q1,2015q1,0.0200214859220283,-3.9109492859698345
ESP,Spain,ESP,2015,2,2015.25,2015-Q2,2015q2,0.0200576265305681,-3.9091458219645823
ESP,Spain,ESP,2015,3,2015.5,2015-Q3,2015q3,0.0201211222966666,-3.905985155153838
ESP,Spain,ESP,2015,4,2015.75,2015-Q4,2015q4,0.0201309474193966,-3.905496975390937
ESP,Spain,ESP,2016,1,2016.0,2016-Q1,2016q1,0.0201022985219298,-3.906921116130199
ESP,Spain,ESP,2016,2,2016.25,2016-Q2,2016q2,0.0201365206258956,-3.9052201660058365
ESP,Spain,ESP,2016,3,2016.5,2016-Q3,2016q3,0.0201432124493954,-3.9048878984831665
ESP,Spain,ESP,2016,4,2016.75,2016-Q4,2016q4,0.0201472255520583,-3.904688689793699
ESP,Spain,ESP,2017,1,2017.0,2017-Q1,2017q1,0.0201342257542001,-3.905334138152085
ESP,Spain,ESP,2017,2,2017.25,2017-Q2,2017q2,0.0202058477644715,-3.901783223179407
ESP,Spain,ESP,2017,3,2017.5,2017-Q3,2017q3,0.0201748012121219,-3.90332091805326
ESP,Spain,ESP,2017,4,2017.75,2017-Q4,2017q4,0.0202226084854481,-3.900954068495229
ESP,Spain,ESP,2018,1,2018.0,2018-Q1,2018q1,0.0202055849457128,-3.9017962303281806
ESP,Spain,ESP,2018,2,2018.25,2018-Q2,2018q2,0.0201172374882102,-3.906178244956168
ESP,Spain,ESP,2018,3,2018.5,2018-Q3,2018q3,0.020114296445997,-3.906324450776868
ESP,Spain,ESP,2018,4,2018.75,2018-Q4,2018q4,0.0200897201576982,-3.9075470296849524
ESP,Spain,ESP,2019,1,2019.0,2019-Q1,2019q1,0.0200612493680289,-3.9089652168309885
ESP,Spain,ESP,2019,2,2019.25,2019-Q2,2019q2,0.0200519783934529,-3.9094274571072485
ESP,Spain,ESP,2019,3,2019.5,2019-Q3,2019q3,0.0200880412877077,-3.9076306017870848
ESP,Spain,ESP,2019,4,2019.75,2019-Q4,2019q4,0.0200274517524469,-3.9106513589430945
FIN,Finland,FIN,1990,1,1990.0,1990-Q1,1990q1,0.017687459327584,-4.034899403081876
FIN,Finland,FIN,1990,2,1990.25,1990-Q2,1990q2,0.017451707449693,-4.048317787000573
FIN,Finland,FIN,1990,3,1990.5,1990-Q3,1990q3,0.0171037365777161,-4.06845832602735
FIN,Finland,FIN,1990,4,1990.75,1990-Q4,1990q4,0.017067882720399,-4.070556784994791
FIN,Finland,FIN,1991,1,1991.0,1991-Q1,1991q1,0.017525800705334,-4.044081157785151
FIN,Finland,FIN,1991,2,1991.25,1991-Q2,1991q2,0.0173372413265358,-4.054898413335068
FIN,Finland,FIN,1991,3,1991.5,1991-Q3,1991q3,0.0170192918753869,-4.073407762143867
FIN,Finland,FIN,1991,4,1991.75,1991-Q4,1991q4,0.0168755946003296,-4.081886807269214
FIN,Finland,FIN,1992,1,1992.0,1992-Q1,1992q1,0.0180854451958881,-4.012647797022448
FIN,Finland,FIN,1992,2,1992.25,1992-Q2,1992q2,0.0179358037075347,-4.0209563567613555
FIN,Finland,FIN,1992,3,1992.5,1992-Q3,1992q3,0.0178277031030859,-4.027001677442045
FIN,Finland,FIN,1992,4,1992.75,1992-Q4,1992q4,0.017742450559031,-4.031795174153153
FIN,Finland,FIN,1993,1,1993.0,1993-Q1,1993q1,0.0187822931348095,-3.9748407075013223
FIN,Finland,FIN,1993,2,1993.25,1993-Q2,1993q2,0.0187896027271318,-3.974451608561978
FIN,Finland,FIN,1993,3,1993.5,1993-Q3,1993q3,0.0189741527171447,-3.9646776092852947
FIN,Finland,FIN,1993,4,1993.75,1993-Q4,1993q4,0.0191330468147097,-3.9563382392778066
FIN,Finland,FIN,1994,1,1994.0,1994-Q1,1994q1,0.0193060881462901,-3.9473347848202494
FIN,Finland,FIN,1994,2,1994.25,1994-Q2,1994q2,0.0194590231122755,-3.939444403264622
FIN,Finland,FIN,1994,3,1994.5,1994-Q3,1994q3,0.0200197332571626,-3.911036829001877
FIN,Finland,FIN,1994,4,1994.75,1994-Q4,1994q4,0.0205065541202166,-3.8870107307538455
FIN,Finland,FIN,1995,1,1995.0,1995-Q1,1995q1,0.0205106040139542,-3.8868132576018777
FIN,Finland,FIN,1995,2,1995.25,1995-Q2,1995q2,0.0213155267943297,-3.848319514346947
FIN,Finland,FIN,1995,3,1995.5,1995-Q3,1995q3,0.0210590261855432,-3.8604260133481065
FIN,Finland,FIN,1995,4,1995.75,1995-Q4,1995q4,0.0209594447507593,-3.865165910779074
FIN,Finland,FIN,1996,1,1996.0,1996-Q1,1996q1,0.0209053408312691,-3.8677506104907238
FIN,Finland,FIN,1996,2,1996.25,1996-Q2,1996q2,0.0212658674107428,-3.850651960572698
FIN,Finland,FIN,1996,3,1996.5,1996-Q3,1996q3,0.0212489163390901,-3.851449380719566
FIN,Finland,FIN,1996,4,1996.75,1996-Q4,1996q4,0.0214688600427681,-3.841151763854195
FIN,Finland,FIN,1997,1,1997.0,1997-Q1,1997q1,0.0212812651541,-3.8499281635456737
FIN,Finland,FIN,1997,2,1997.25,1997-Q2,1997q2,0.0218399473886396,-3.8240145370534075
FIN,Finland,FIN,1997,3,1997.5,1997-Q3,1997q3,0.0222192755181452,-3.806795100246166
FIN,Finland,FIN,1997,4,1997.75,1997-Q4,1997q4,0.022590125521469,-3.7902423920117307
FIN,Finland,FIN,1998,1,1998.0,1998-Q1,1998q1,0.0219673995182993,-3.8181957647119726
FIN,Finland,FIN,1998,2,1998.25,1998-Q2,1998q2,0.0227184666819726,-3.7845771749958104
FIN,Finland,FIN,1998,3,1998.5,1998-Q3,1998q3,0.0222540638529924,-3.8052306419691595
FIN,Finland,FIN,1998,4,1998.75,1998-Q4,1998q4,0.022315384213962,-3.8024789633049196
FIN,Finland,FIN,1999,1,1999.0,1999-Q1,1999q1,0.0224443654984376,-3.7967156763196823
FIN,Finland,FIN,1999,2,1999.25,1999-Q2,1999q2,0.0222139267484544,-3.807035855782287
FIN,Finland,FIN,1999,3,1999.5,1999-Q3,1999q3,0.0223006387234987,-3.8031399586168884
FIN,Finland,FIN,1999,4,1999.75,1999-Q4,1999q4,0.0224610622876842,-3.795972033921014
FIN,Finland,FIN,2000,1,2000.0,2000-Q1,2000q1,0.0232012371336769,-3.763549677004133
FIN,Finland,FIN,2000,2,2000.25,2000-Q2,2000q2,0.02305624608394,-3.7698185664673916
FIN,Finland,FIN,2000,3,2000.5,2000-Q3,2000q3,0.0232135075083144,-3.7630209495483213
FIN,Finland,FIN,2000,4,2000.75,2000-Q4,2000q4,0.0234831892710723,-3.751470463984177
FIN,Finland,FIN,2001,1,2001.0,2001-Q1,2001q1,0.0235759946978799,-3.747526258441581
FIN,Finland,FIN,2001,2,2001.25,2001-Q2,2001q2,0.023474613787198,-3.7518357061126895
FIN,Finland,FIN,2001,3,2001.5,2001-Q3,2001q3,0.0236465511363143,-3.744538004009645
FIN,Finland,FIN,2001,4,2001.75,2001-Q4,2001q4,0.023428804831702,-3.7537890379341317
FIN,Finland,FIN,2002,1,2002.0,2002-Q1,2002q1,0.0236646226483399,-3.7437740613103268
FIN,Finland,FIN,2002,2,2002.25,2002-Q2,2002q2,0.0238864099937564,-3.734445601278155
FIN,Finland,FIN,2002,3,2002.5,2002-Q3,2002q3,0.0238263264631806,-3.736964155727018
FIN,Finland,FIN,2002,4,2002.75,2002-Q4,2002q4,0.0241085097175954,-3.7251904004956113
FIN,Finland,FIN,2003,1,2003.0,2003-Q1,2003q1,0.0239074018426737,-3.7335671674617017
FIN,Finland,FIN,2003,2,2003.25,2003-Q2,2003q2,0.0243284198013616,-3.7161100728630907
FIN,Finland,FIN,2003,3,2003.5,2003-Q3,2003q3,0.0246584649472925,-3.70263503187396
FIN,Finland,FIN,2003,4,2003.75,2003-Q4,2003q4,0.0248251573353962,-3.6958977312906742
FIN,Finland,FIN,2004,1,2004.0,2004-Q1,2004q1,0.025134229836657,-3.683524623378977
FIN,Finland,FIN,2004,2,2004.25,2004-Q2,2004q2,0.0253524130493457,-3.6748813641518594
FIN,Finland,FIN,2004,3,2004.5,2004-Q3,2004q3,0.0253987523201764,-3.673055227417032
FIN,Finland,FIN,2004,4,2004.75,2004-Q4,2004q4,0.0257598426417454,-3.658938486392538
FIN,Finland,FIN,2005,1,2005.0,2005-Q1,2005q1,0.0258890756681634,-3.6539341881285927
FIN,Finland,FIN,2005,2,2005.25,2005-Q2,2005q2,0.0255329678303263,-3.667784805745337
FIN,Finland,FIN,2005,3,2005.5,2005-Q3,2005q3,0.0258416354835759,-3.655768309362589
FIN,Finland,FIN,2005,4,2005.75,2005-Q4,2005q4,0.0256411188673222,-3.66355801031069
FIN,Finland,FIN,2006,1,2006.0,2006-Q1,2006q1,0.0261956563789848,-3.6421616690209286
FIN,Finland,FIN,2006,2,2006.25,2006-Q2,2006q2,0.0263143024886142,-3.6376426667555384
FIN,Finland,FIN,2006,3,2006.5,2006-Q3,2006q3,0.0262800230243226,-3.638946209250335
FIN,Finland,FIN,2006,4,2006.75,2006-Q4,2006q4,0.0263744007358045,-3.6353614083613954
FIN,Finland,FIN,2007,1,2007.0,2007-Q1,2007q1,0.0268523474120328,-3.6174020349574194
FIN,Finland,FIN,2007,2,2007.25,2007-Q2,2007q2,0.0271183259377517,-3.607545545774199
FIN,Finland,FIN,2007,3,2007.5,2007-Q3,2007q3,0.0271935720278623,-3.604774656113811
FIN,Finland,FIN,2007,4,2007.75,2007-Q4,2007q4,0.0274330325622076,-3.5960074237378614
FIN,Finland,FIN,2008,1,2008.0,2008-Q1,2008q1,0.0272559634573891,-3.6024829393424103
FIN,Finland,FIN,2008,2,2008.25,2008-Q2,2008q2,0.026974254730312,-3.6128723963822726
FIN,Finland,FIN,2008,3,2008.5,2008-Q3,2008q3,0.0271090967645698,-3.607885933453019
FIN,Finland,FIN,2008,4,2008.75,2008-Q4,2008q4,0.026423288948384,-3.6335095005660345
FIN,Finland,FIN,2009,1,2009.0,2009-Q1,2009q1,0.0250842808355115,-3.685513890561472
FIN,Finland,FIN,2009,2,2009.25,2009-Q2,2009q2,0.0254398656255249,-3.671437822539696
FIN,Finland,FIN,2009,3,2009.5,2009-Q3,2009q3,0.0258382053138933,-3.6559010562764613
FIN,Finland,FIN,2009,4,2009.75,2009-Q4,2009q4,0.0256837538351874,-3.6618966334605623
FIN,Finland,FIN,2010,1,2010.0,2010-Q1,2010q1,0.0258691058401188,-3.654705846964108
FIN,Finland,FIN,2010,2,2010.25,2010-Q2,2010q2,0.0265852522192454,-3.6273986447943525
FIN,Finland,FIN,2010,3,2010.5,2010-Q3,2010q3,0.0263475691057265,-3.6363792623025577
FIN,Finland,FIN,2010,4,2010.75,2010-Q4,2010q4,0.0268940464831588,-3.615850337197971
FIN,Finland,FIN,2011,1,2011.0,2011-Q1,2011q1,0.0269329463314115,-3.614404971109667
FIN,Finland,FIN,2011,2,2011.25,2011-Q2,2011q2,0.0267249569262841,-3.6221574338109948
FIN,Finland,FIN,2011,3,2011.5,2011-Q3,2011q3,0.0267482989601427,-3.621284397937108
FIN,Finland,FIN,2011,4,2011.75,2011-Q4,2011q4,0.0266767717703172,-3.6239620633696243
FIN,Finland,FIN,2012,1,2012.0,2012-Q1,2012q1,0.0264871978079415,-3.6310937643082424
FIN,Finland,FIN,2012,2,2012.25,2012-Q2,2012q2,0.0262541559899724,-3.6399309790488155
FIN,Finland,FIN,2012,3,2012.5,2012-Q3,2012q3,0.0260893056560315,-3.6462297936015373
FIN,Finland,FIN,2012,4,2012.75,2012-Q4,2012q4,0.0262094017399724,-3.641637087547453
FIN,Finland,FIN,2013,1,2013.0,2013-Q1,2013q1,0.0261144886608499,-3.6452649975708518
FIN,Finland,FIN,2013,2,2013.25,2013-Q2,2013q2,0.0261935341974524,-3.6422426850286285
FIN,Finland,FIN,2013,3,2013.5,2013-Q3,2013q3,0.0264247665676158,-3.633453581035306
FIN,Finland,FIN,2013,4,2013.75,2013-Q4,2013q4,0.0263968232589291,-3.634511607171405
FIN,Finland,FIN,2014,1,2014.0,2014-Q1,2014q1,0.0261991251779983,-3.642029258925286
FIN,Finland,FIN,2014,2,2014.25,2014-Q2,2014q2,0.0261824011870422,-3.6426678043318406
FIN,Finland,FIN,2014,3,2014.5,2014-Q3,2014q3,0.0263235465291917,-3.637291435052685
FIN,Finland,FIN,2014,4,2014.75,2014-Q4,2014q4,0.0263209767172961,-3.6373890638937936
FIN,Finland,FIN,2015,1,2015.0,2015-Q1,2015q1,0.0261472101262828,-3.644012781494145
FIN,Finland,FIN,2015,2,2015.25,2015-Q2,2015q2,0.0266489180699796,-3.6250067269437527
FIN,Finland,FIN,2015,3,2015.5,2015-Q3,2015q3,0.026492980794742,-3.6308754567458297
FIN,Finland,FIN,2015,4,2015.75,2015-Q4,2015q4,0.0266853052057384,-3.623642231909624
FIN,Finland,FIN,2016,1,2016.0,2016-Q1,2016q1,0.026927727823547,-3.61459874914764
FIN,Finland,FIN,2016,2,2016.25,2016-Q2,2016q2,0.0269113508662528,-3.615207116088451
FIN,Finland,FIN,2016,3,2016.5,2016-Q3,2016q3,0.0270877405654834,-3.608674031107563
FIN,Finland,FIN,2016,4,2016.75,2016-Q4,2016q4,0.0272773928055875,-3.601697022216823
FIN,Finland,FIN,2017,1,2017.0,2017-Q1,2017q1,0.0274836140129054,-3.594165305977368
FIN,Finland,FIN,2017,2,2017.25,2017-Q2,2017q2,0.0277602568304778,-3.5841498915679666
FIN,Finland,FIN,2017,3,2017.5,2017-Q3,2017q3,0.0277734692793209,-3.583674056430729
FIN,Finland,FIN,2017,4,2017.75,2017-Q4,2017q4,0.0276355778098514,-3.5886512852905104
FIN,Finland,FIN,2018,1,2018.0,2018-Q1,2018q1,0.0275396565634869,-3.592128256221008
FIN,Finland,FIN,2018,2,2018.25,2018-Q2,2018q2,0.0272544134507282,-3.602539809492618
FIN,Finland,FIN,2018,3,2018.5,2018-Q3,2018q3,0.0271607606106231,-3.6059819718743764
FIN,Finland,FIN,2018,4,2018.75,2018-Q4,2018q4,0.0270755249781386,-3.609125096508783
FIN,Finland,FIN,2019,1,2019.0,2019-Q1,2019q1,0.0272400491726126,-3.603066992540465
FIN,Finland,FIN,2019,2,2019.25,2019-Q2,2019q2,0.0274768690018241,-3.594410755461986
FIN,Finland,FIN,2019,3,2019.5,2019-Q3,2019q3,0.0273553471714849,-3.5988432602112983
FIN,Finland,FIN,2019,4,2019.75,2019-Q4,2019q4,0.0273153014821003,-3.600308239959404
FRA,France,FRA,1990,1,1990.0,1990-Q1,1990q1,0.0212028339316207,-3.853620430218169
FRA,France,FRA,1990,2,1990.25,1990-Q2,1990q2,0.0212936558002329,-3.8493461003871294
FRA,France,FRA,1990,3,1990.5,1990-Q3,1990q3,0.0214238521177947,-3.843250392699288
FRA,France,FRA,1990,4,1990.75,1990-Q4,1990q4,0.0214191392850699,-3.8434703975397295
FRA,France,FRA,1991,1,1991.0,1991-Q1,1991q1,0.0213052729600655,-3.848800680093302
FRA,France,FRA,1991,2,1991.25,1991-Q2,1991q2,0.021371046119486,-3.8457182581357956
FRA,France,FRA,1991,3,1991.5,1991-Q3,1991q3,0.0214587314821296,-3.841623654331469
FRA,France,FRA,1991,4,1991.75,1991-Q4,1991q4,0.0215765877084274,-3.8361464545266486
FRA,France,FRA,1992,1,1992.0,1992-Q1,1992q1,0.0218244456321818,-3.8247245781663888
FRA,France,FRA,1992,2,1992.25,1992-Q2,1992q2,0.0218476205409702,-3.8236632630973078
FRA,France,FRA,1992,3,1992.5,1992-Q3,1992q3,0.0218296830067554,-3.8244846295172223
FRA,France,FRA,1992,4,1992.75,1992-Q4,1992q4,0.0218479240124406,-3.8236493728266407
FRA,France,FRA,1993,1,1993.0,1993-Q1,1993q1,0.0218303276891037,-3.824455097579961
FRA,France,FRA,1993,2,1993.25,1993-Q2,1993q2,0.0218372061767578,-3.8241400585978136
FRA,France,FRA,1993,3,1993.5,1993-Q3,1993q3,0.0218689729149579,-3.8226864085897776
FRA,France,FRA,1993,4,1993.75,1993-Q4,1993q4,0.0219315578734609,-3.8198286806139428
FRA,France,FRA,1994,1,1994.0,1994-Q1,1994q1,0.0223188785216584,-3.802322388176784
FRA,France,FRA,1994,2,1994.25,1994-Q2,1994q2,0.0225483402829256,-3.7920938173862813
FRA,France,FRA,1994,3,1994.5,1994-Q3,1994q3,0.0227471290829837,-3.7833163357028923
FRA,France,FRA,1994,4,1994.75,1994-Q4,1994q4,0.0229472677498008,-3.7745564018591313
FRA,France,FRA,1995,1,1995.0,1995-Q1,1995q1,0.0227465286955661,-3.7833427300377056
FRA,France,FRA,1995,2,1995.25,1995-Q2,1995q2,0.0228887917318344,-3.7771079322634655
FRA,France,FRA,1995,3,1995.5,1995-Q3,1995q3,0.0229045088629844,-3.776421494222835
FRA,France,FRA,1995,4,1995.75,1995-Q4,1995q4,0.0228619262513928,-3.7782823611998326
FRA,France,FRA,1996,1,1996.0,1996-Q1,1996q1,0.0229855707518187,-3.772888618541326
FRA,France,FRA,1996,2,1996.25,1996-Q2,1996q2,0.023006148667183,-3.771993765424399
FRA,France,FRA,1996,3,1996.5,1996-Q3,1996q3,0.0230596252350028,-3.769672016007769
FRA,France,FRA,1996,4,1996.75,1996-Q4,1996q4,0.0230974539895389,-3.7680328844317965
FRA,France,FRA,1997,1,1997.0,1997-Q1,1997q1,0.0233986394086094,-3.7550774032401857
FRA,France,FRA,1997,2,1997.25,1997-Q2,1997q2,0.0236007036828601,-3.7464787503247496
FRA,France,FRA,1997,3,1997.5,1997-Q3,1997q3,0.0237880252459099,-3.738572965850733
FRA,France,FRA,1997,4,1997.75,1997-Q4,1997q4,0.0239651297902263,-3.731155430561035
FRA,France,FRA,1998,1,1998.0,1998-Q1,1998q1,0.0240397931989225,-3.728044771726403
FRA,France,FRA,1998,2,1998.25,1998-Q2,1998q2,0.0241571695116224,-3.723174068754714
FRA,France,FRA,1998,3,1998.5,1998-Q3,1998q3,0.0242312245966803,-3.720113204915755
FRA,France,FRA,1998,4,1998.75,1998-Q4,1998q4,0.0243420327041549,-3.7155506820028252
FRA,France,FRA,1999,1,1999.0,1999-Q1,1999q1,0.0243861745127337,-3.713738925602398
FRA,France,FRA,1999,2,1999.25,1999-Q2,1999q2,0.0244868588327327,-3.7096186795057173
FRA,France,FRA,1999,3,1999.5,1999-Q3,1999q3,0.0248030014233413,-3.6967906079994215
FRA,France,FRA,1999,4,1999.75,1999-Q4,1999q4,0.0251117087684118,-3.684421056817324
FRA,France,FRA,2000,1,2000.0,2000-Q1,2000q1,0.024797774852719,-3.697001353517296
FRA,France,FRA,2000,2,2000.25,2000-Q2,2000q2,0.0250390572034612,-3.687318385078041
FRA,France,FRA,2000,3,2000.5,2000-Q3,2000q3,0.0252057354210857,-3.6806837142859874
FRA,France,FRA,2000,4,2000.75,2000-Q4,2000q4,0.0253266800216091,-3.675896892583361
FRA,France,FRA,2001,1,2001.0,2001-Q1,2001q1,0.0249234517125327,-3.6919460829158774
FRA,France,FRA,2001,2,2001.25,2001-Q2,2001q2,0.0249187316851718,-3.692135481816698
FRA,France,FRA,2001,3,2001.5,2001-Q3,2001q3,0.0250564072533085,-3.6866257055818368
FRA,France,FRA,2001,4,2001.75,2001-Q4,2001q4,0.0249232749959673,-3.691953173313866
FRA,France,FRA,2002,1,2002.0,2002-Q1,2002q1,0.0248489796865261,-3.6949385861747484
FRA,France,FRA,2002,2,2002.25,2002-Q2,2002q2,0.0249999422871874,-3.688881762629105
FRA,France,FRA,2002,3,2002.5,2002-Q3,2002q3,0.0251176754779005,-3.684183478371707
FRA,France,FRA,2002,4,2002.75,2002-Q4,2002q4,0.0251031409672417,-3.6847623025364027
FRA,France,FRA,2003,1,2003.0,2003-Q1,2003q1,0.0243689880986061,-3.714443934627861
FRA,France,FRA,2003,2,2003.25,2003-Q2,2003q2,0.0242272379786569,-3.720277742452463
FRA,France,FRA,2003,3,2003.5,2003-Q3,2003q3,0.0244411190540283,-3.7114883579189404
FRA,France,FRA,2003,4,2003.75,2003-Q4,2003q4,0.0246614538531302,-3.7025138270579725
FRA,France,FRA,2004,1,2004.0,2004-Q1,2004q1,0.024875180785731,-3.69388472819581
FRA,France,FRA,2004,2,2004.25,2004-Q2,2004q2,0.0248664978182157,-3.694233850615768
FRA,France,FRA,2004,3,2004.5,2004-Q3,2004q3,0.024864440060741,-3.6943166062428947
FRA,France,FRA,2004,4,2004.75,2004-Q4,2004q4,0.0251282562999559,-3.683762317022423
FRA,France,FRA,2005,1,2005.0,2005-Q1,2005q1,0.025156220129879,-3.682650091747697
FRA,France,FRA,2005,2,2005.25,2005-Q2,2005q2,0.0250990213644886,-3.6849264230671133
FRA,France,FRA,2005,3,2005.5,2005-Q3,2005q3,0.0253365643208644,-3.6755066965148306
FRA,France,FRA,2005,4,2005.75,2005-Q4,2005q4,0.0255575012816052,-3.666824413187153
FRA,France,FRA,2006,1,2006.0,2006-Q1,2006q1,0.0257424118059728,-3.6596153824478685
FRA,France,FRA,2006,2,2006.25,2006-Q2,2006q2,0.0259730786427072,-3.6506947142146404
FRA,France,FRA,2006,3,2006.5,2006-Q3,2006q3,0.0258360929619409,-3.655982812663062
FRA,France,FRA,2006,4,2006.75,2006-Q4,2006q4,0.025873268782478,-3.6545449365923464
FRA,France,FRA,2007,1,2007.0,2007-Q1,2007q1,0.0261102104527759,-3.6454288360670493
FRA,France,FRA,2007,2,2007.25,2007-Q2,2007q2,0.0261100814594041,-3.6454337764213474
FRA,France,FRA,2007,3,2007.5,2007-Q3,2007q3,0.0260470914948617,-3.647849167885216
FRA,France,FRA,2007,4,2007.75,2007-Q4,2007q4,0.0259118069850973,-3.653056546002487
FRA,France,FRA,2008,1,2008.0,2008-Q1,2008q1,0.0260659341906465,-3.647126020596872
FRA,France,FRA,2008,2,2008.25,2008-Q2,2008q2,0.0258350968940794,-3.6560213667534325
FRA,France,FRA,2008,3,2008.5,2008-Q3,2008q3,0.0257712843291024,-3.658494417410639
FRA,France,FRA,2008,4,2008.75,2008-Q4,2008q4,0.0254096419478261,-3.672626572743987
FRA,France,FRA,2009,1,2009.0,2009-Q1,2009q1,0.0251326409983978,-3.683587839498594
FRA,France,FRA,2009,2,2009.25,2009-Q2,2009q2,0.0252095898316924,-3.680530807978436
FRA,France,FRA,2009,3,2009.5,2009-Q3,2009q3,0.0253435417617263,-3.6752313442535463
FRA,France,FRA,2009,4,2009.75,2009-Q4,2009q4,0.0255790409005124,-3.665981977650375
FRA,France,FRA,2010,1,2010.0,2010-Q1,2010q1,0.0255589769743064,-3.6667666747532093
FRA,France,FRA,2010,2,2010.25,2010-Q2,2010q2,0.0256350776058557,-3.6637936464112584
FRA,France,FRA,2010,3,2010.5,2010-Q3,2010q3,0.0257636005629282,-3.6587926141077785
FRA,France,FRA,2010,4,2010.75,2010-Q4,2010q4,0.025947198070979,-3.651691649343258
FRA,France,FRA,2011,1,2011.0,2011-Q1,2011q1,0.0263191936291955,-3.63745681018297
FRA,France,FRA,2011,2,2011.25,2011-Q2,2011q2,0.0262462057588452,-3.640233842911964
FRA,France,FRA,2011,3,2011.5,2011-Q3,2011q3,0.0263439749096409,-3.6365156863211867
FRA,France,FRA,2011,4,2011.75,2011-Q4,2011q4,0.0264352132976226,-3.6330583205690914
FRA,France,FRA,2012,1,2012.0,2012-Q1,2012q1,0.0264192898800894,-3.6336608583684313
FRA,France,FRA,2012,2,2012.25,2012-Q2,2012q2,0.0262639912519136,-3.639556431865691
FRA,France,FRA,2012,3,2012.5,2012-Q3,2012q3,0.0263482865885324,-3.636352031212124
FRA,France,FRA,2012,4,2012.75,2012-Q4,2012q4,0.026321336836183,-3.6373753821665824
FRA,France,FRA,2013,1,2013.0,2013-Q1,2013q1,0.026451989130211,-3.6324239200948396
FRA,France,FRA,2013,2,2013.25,2013-Q2,2013q2,0.0266156345575207,-3.626256470540538
FRA,France,FRA,2013,3,2013.5,2013-Q3,2013q3,0.0265171508722232,-3.6299635526099197
FRA,France,FRA,2013,4,2013.75,2013-Q4,2013q4,0.026700506661119,-3.623072737684104
FRA,France,FRA,2014,1,2014.0,2014-Q1,2014q1,0.0260696014768665,-3.646985337810013
FRA,France,FRA,2014,2,2014.25,2014-Q2,2014q2,0.0261508932670797,-3.64387192970167
FRA,France,FRA,2014,3,2014.5,2014-Q3,2014q3,0.026423814793381,-3.633489599948601
FRA,France,FRA,2014,4,2014.75,2014-Q4,2014q4,0.0262884837490555,-3.638624315960026
FRA,France,FRA,2015,1,2015.0,2015-Q1,2015q1,0.0264362926951965,-3.633017489593927
FRA,France,FRA,2015,2,2015.25,2015-Q2,2015q2,0.0264134536539216,-3.633881790532887
FRA,France,FRA,2015,3,2015.5,2015-Q3,2015q3,0.0264517982512973,-3.6324311361722943
FRA,France,FRA,2015,4,2015.75,2015-Q4,2015q4,0.0264908083227273,-3.630957461904468
FRA,France,FRA,2016,1,2016.0,2016-Q1,2016q1,0.026492503502086,-3.6308934727236903
FRA,France,FRA,2016,2,2016.25,2016-Q2,2016q2,0.0263920968761876,-3.6346906743977105
FRA,France,FRA,2016,3,2016.5,2016-Q3,2016q3,0.0264299198656518,-3.633258582317119
FRA,France,FRA,2016,4,2016.75,2016-Q4,2016q4,0.0266160935401484,-3.6262392258391496
FRA,France,FRA,2017,1,2017.0,2017-Q1,2017q1,0.026800032812377,-3.61935216712365
FRA,France,FRA,2017,2,2017.25,2017-Q2,2017q2,0.0267285181216565,-3.6220241891388953
FRA,France,FRA,2017,3,2017.5,2017-Q3,2017q3,0.0269788558851523,-3.612701835137556
FRA,France,FRA,2017,4,2017.75,2017-Q4,2017q4,0.0269473017616074,-3.61387210680248
FRA,France,FRA,2018,1,2018.0,2018-Q1,2018q1,0.0269446221561622,-3.6139715504761365
FRA,France,FRA,2018,2,2018.25,2018-Q2,2018q2,0.0269860517135384,-3.6124351496654983
FRA,France,FRA,2018,3,2018.5,2018-Q3,2018q3,0.0271000617571556,-3.6082192722372484
FRA,France,FRA,2018,4,2018.75,2018-Q4,2018q4,0.0272395529419726,-3.6030852096573582
FRA,France,FRA,2019,1,2019.0,2019-Q1,2019q1,0.0274716243741023,-3.594601647965693
FRA,France,FRA,2019,2,2019.25,2019-Q2,2019q2,0.0275635238201382,-3.591261981063106
FRA,France,FRA,2019,3,2019.5,2019-Q3,2019q3,0.0277329966974825,-3.585132358208683
FRA,France,FRA,2019,4,2019.75,2019-Q4,2019q4,0.0273265598404362,-3.5998961618118916
GBR,United Kingdom,GBR,1990,1,1990.0,1990-Q1,1990q1,0.0157948114128361,-4.148073784474194
GBR,United Kingdom,GBR,1990,2,1990.25,1990-Q2,1990q2,0.0158493077847217,-4.144629452500757
GBR,United Kingdom,GBR,1990,3,1990.5,1990-Q3,1990q3,0.0156329581727185,-4.15837388996665
GBR,United Kingdom,GBR,1990,4,1990.75,1990-Q4,1990q4,0.0155090592087335,-4.166330960710548
GBR,United Kingdom,GBR,1991,1,1991.0,1991-Q1,1991q1,0.0159082456681873,-4.140917708696638
GBR,United Kingdom,GBR,1991,2,1991.25,1991-Q2,1991q2,0.0158409823332739,-4.145154878529255
GBR,United Kingdom,GBR,1991,3,1991.5,1991-Q3,1991q3,0.0157669529292069,-4.149839116130697
GBR,United Kingdom,GBR,1991,4,1991.75,1991-Q4,1991q4,0.0157422105123948,-4.151409606692494
GBR,United Kingdom,GBR,1992,1,1992.0,1992-Q1,1992q1,0.0161481588923303,-4.125949236286924
GBR,United Kingdom,GBR,1992,2,1992.25,1992-Q2,1992q2,0.016076567064526,-4.130392529035832
GBR,United Kingdom,GBR,1992,3,1992.5,1992-Q3,1992q3,0.0161101804749379,-4.1283038791907085
GBR,United Kingdom,GBR,1992,4,1992.75,1992-Q4,1992q4,0.0161877258514687,-4.1235019874054295
GBR,United Kingdom,GBR,1993,1,1993.0,1993-Q1,1993q1,0.0165938115425242,-4.098725451769449
GBR,United Kingdom,GBR,1993,2,1993.25,1993-Q2,1993q2,0.0166186114284766,-4.097232041271621
GBR,United Kingdom,GBR,1993,3,1993.5,1993-Q3,1993q3,0.0167254662598966,-4.090822795335706
GBR,United Kingdom,GBR,1993,4,1993.75,1993-Q4,1993q4,0.0167909757276639,-4.086913695962165
GBR,United Kingdom,GBR,1994,1,1994.0,1994-Q1,1994q1,0.0169730418301511,-4.076128968294432
GBR,United Kingdom,GBR,1994,2,1994.25,1994-Q2,1994q2,0.0170764596091238,-4.070054394945955
GBR,United Kingdom,GBR,1994,3,1994.5,1994-Q3,1994q3,0.0172004471955602,-4.062819895758845
GBR,United Kingdom,GBR,1994,4,1994.75,1994-Q4,1994q4,0.0172266088162512,-4.061300066371292
GBR,United Kingdom,GBR,1995,1,1995.0,1995-Q1,1995q1,0.0172587347492977,-4.059436901384758
GBR,United Kingdom,GBR,1995,2,1995.25,1995-Q2,1995q2,0.0172407691975925,-4.060478397712172
GBR,United Kingdom,GBR,1995,3,1995.5,1995-Q3,1995q3,0.0173844722309441,-4.0521778717085075
GBR,United Kingdom,GBR,1995,4,1995.75,1995-Q4,1995q4,0.0173977952814992,-4.0514117887496015
GBR,United Kingdom,GBR,1996,1,1996.0,1996-Q1,1996q1,0.0174768619486686,-4.0468774472582005
GBR,United Kingdom,GBR,1996,2,1996.25,1996-Q2,1996q2,0.0174721599357786,-4.047146525628056
GBR,United Kingdom,GBR,1996,3,1996.5,1996-Q3,1996q3,0.0175780320447093,-4.0411053358404745
GBR,United Kingdom,GBR,1996,4,1996.75,1996-Q4,1996q4,0.0177809482512586,-4.029627717851766
GBR,United Kingdom,GBR,1997,1,1997.0,1997-Q1,1997q1,0.0178981134716387,-4.023059964335506
GBR,United Kingdom,GBR,1997,2,1997.25,1997-Q2,1997q2,0.0180245503241059,-4.016020543467341
GBR,United Kingdom,GBR,1997,3,1997.5,1997-Q3,1997q3,0.0181505425666887,-4.009054825236607
GBR,United Kingdom,GBR,1997,4,1997.75,1997-Q4,1997q4,0.0183909399030715,-3.9958971322063994
GBR,United Kingdom,GBR,1998,1,1998.0,1998-Q1,1998q1,0.0184434849623165,-3.9930440894302768
GBR,United Kingdom,GBR,1998,2,1998.25,1998-Q2,1998q2,0.0184648107280531,-3.9918884810386697
GBR,United Kingdom,GBR,1998,3,1998.5,1998-Q3,1998q3,0.0184830258677579,-3.9909024887393225
GBR,United Kingdom,GBR,1998,4,1998.75,1998-Q4,1998q4,0.0185792083222479,-3.985712155640521
GBR,United Kingdom,GBR,1999,1,1999.0,1999-Q1,1999q1,0.0192942762440607,-3.9479467947214326
GBR,United Kingdom,GBR,1999,2,1999.25,1999-Q2,1999q2,0.0189140847188462,-3.96784841123811
GBR,United Kingdom,GBR,1999,3,1999.5,1999-Q3,1999q3,0.0190941947519053,-3.958370929819404
GBR,United Kingdom,GBR,1999,4,1999.75,1999-Q4,1999q4,0.0193462748898096,-3.9452553901937324
GBR,United Kingdom,GBR,2000,1,2000.0,2000-Q1,2000q1,0.0195711846299414,-3.933696966450582
GBR,United Kingdom,GBR,2000,2,2000.25,2000-Q2,2000q2,0.0196484754537549,-3.9297555287273838
GBR,United Kingdom,GBR,2000,3,2000.5,2000-Q3,2000q3,0.019650379955237,-3.929658604709431
GBR,United Kingdom,GBR,2000,4,2000.75,2000-Q4,2000q4,0.0198009835120652,-3.9220236701887514
GBR,United Kingdom,GBR,2001,1,2001.0,2001-Q1,2001q1,0.0198825551637143,-3.9179125566510136
GBR,United Kingdom,GBR,2001,2,2001.25,2001-Q2,2001q2,0.0199314512635786,-3.9154563293664615
GBR,United Kingdom,GBR,2001,3,2001.5,2001-Q3,2001q3,0.0199822260096672,-3.912912100072319
GBR,United Kingdom,GBR,2001,4,2001.75,2001-Q4,2001q4,0.0199939445825975,-3.9123258221426247
GBR,United Kingdom,GBR,2002,1,2002.0,2002-Q1,2002q1,0.0200521905343569,-3.9094168776134115
GBR,United Kingdom,GBR,2002,2,2002.25,2002-Q2,2002q2,0.0201080904614192,-3.9066330343843667
GBR,United Kingdom,GBR,2002,3,2002.5,2002-Q3,2002q3,0.0201675293329193,-3.9036814266893805
GBR,United Kingdom,GBR,2002,4,2002.75,2002-Q4,2002q4,0.0202356349667299,-3.9003101215207474
GBR,United Kingdom,GBR,2003,1,2003.0,2003-Q1,2003q1,0.0203868432750353,-3.892865523691887
GBR,United Kingdom,GBR,2003,2,2003.25,2003-Q2,2003q2,0.020491966425642,-3.887722351319465
GBR,United Kingdom,GBR,2003,3,2003.5,2003-Q3,2003q3,0.0206613238338581,-3.879491740196445
GBR,United Kingdom,GBR,2003,4,2003.75,2003-Q4,2003q4,0.0207876515713054,-3.873396143025794
GBR,United Kingdom,GBR,2004,1,2004.0,2004-Q1,2004q1,0.0207432623119147,-3.875533792893974
GBR,United Kingdom,GBR,2004,2,2004.25,2004-Q2,2004q2,0.0208327645785375,-3.871228311510749
GBR,United Kingdom,GBR,2004,3,2004.5,2004-Q3,2004q3,0.0208937029438561,-3.868307459962034
GBR,United Kingdom,GBR,2004,4,2004.75,2004-Q4,2004q4,0.0208710916296076,-3.869390253098628
GBR,United Kingdom,GBR,2005,1,2005.0,2005-Q1,2005q1,0.0209225522990289,-3.866927644405505
GBR,United Kingdom,GBR,2005,2,2005.25,2005-Q2,2005q2,0.0210437850311588,-3.8611500103739442
GBR,United Kingdom,GBR,2005,3,2005.5,2005-Q3,2005q3,0.0211314719762336,-3.856991786920431
GBR,United Kingdom,GBR,2005,4,2005.75,2005-Q4,2005q4,0.0214096765037204,-3.8439122860827206
GBR,United Kingdom,GBR,2006,1,2006.0,2006-Q1,2006q1,0.0213705205121616,-3.845742852803977
GBR,United Kingdom,GBR,2006,2,2006.25,2006-Q2,2006q2,0.0213739030551328,-3.8455845845342957
GBR,United Kingdom,GBR,2006,3,2006.5,2006-Q3,2006q3,0.0213380201487183,-3.847264813948701
GBR,United Kingdom,GBR,2006,4,2006.75,2006-Q4,2006q4,0.0214109258455655,-3.843853933711343
GBR,United Kingdom,GBR,2007,1,2007.0,2007-Q1,2007q1,0.0216565893668725,-3.832445512094368
GBR,United Kingdom,GBR,2007,2,2007.25,2007-Q2,2007q2,0.0217795978556733,-3.8267816255746285
GBR,United Kingdom,GBR,2007,3,2007.5,2007-Q3,2007q3,0.0218962267890631,-3.821440949740625
GBR,United Kingdom,GBR,2007,4,2007.75,2007-Q4,2007q4,0.0219772803170447,-3.8177460721007654
GBR,United Kingdom,GBR,2008,1,2008.0,2008-Q1,2008q1,0.021964537327988,-3.818326065833244
GBR,United Kingdom,GBR,2008,2,2008.25,2008-Q2,2008q2,0.0218534553453131,-3.8233962305696534
GBR,United Kingdom,GBR,2008,3,2008.5,2008-Q3,2008q3,0.0215702737901903,-3.8364391255605486
GBR,United Kingdom,GBR,2008,4,2008.75,2008-Q4,2008q4,0.0211741402814494,-3.854974639908181
GBR,United Kingdom,GBR,2009,1,2009.0,2009-Q1,2009q1,0.0208231064984764,-3.8716920195060185
GBR,United Kingdom,GBR,2009,2,2009.25,2009-Q2,2009q2,0.0210127311686949,-3.8626267788233313
GBR,United Kingdom,GBR,2009,3,2009.5,2009-Q3,2009q3,0.0210175047019896,-3.862399631237012
GBR,United Kingdom,GBR,2009,4,2009.75,2009-Q4,2009q4,0.0210959986593492,-3.8586718934811532
GBR,United Kingdom,GBR,2010,1,2010.0,2010-Q1,2010q1,0.0213059577888882,-3.848768536979352
GBR,United Kingdom,GBR,2010,2,2010.25,2010-Q2,2010q2,0.0214710467544593,-3.8410499139967453
GBR,United Kingdom,GBR,2010,3,2010.5,2010-Q3,2010q3,0.0214131544560223,-3.8437498515947808
GBR,United Kingdom,GBR,2010,4,2010.75,2010-Q4,2010q4,0.0214931865199747,-3.8400193001215412
GBR,United Kingdom,GBR,2011,1,2011.0,2011-Q1,2011q1,0.0214089084313893,-3.8439481617349567
GBR,United Kingdom,GBR,2011,2,2011.25,2011-Q2,2011q2,0.0214328956407008,-3.8428283577333455
GBR,United Kingdom,GBR,2011,3,2011.5,2011-Q3,2011q3,0.021531974690267,-3.8382162537314977
GBR,United Kingdom,GBR,2011,4,2011.75,2011-Q4,2011q4,0.0215460765210576,-3.8375615429960863
GBR,United Kingdom,GBR,2012,1,2012.0,2012-Q1,2012q1,0.0216633336274046,-3.832134142169381
GBR,United Kingdom,GBR,2012,2,2012.25,2012-Q2,2012q2,0.0215607396927864,-3.8368812249590682
GBR,United Kingdom,GBR,2012,3,2012.5,2012-Q3,2012q3,0.0216819886104485,-3.831273381043032
GBR,United Kingdom,GBR,2012,4,2012.75,2012-Q4,2012q4,0.0215702348269745,-3.8364409319006705
GBR,United Kingdom,GBR,2013,1,2013.0,2013-Q1,2013q1,0.0216480149048856,-3.832841519042966
GBR,United Kingdom,GBR,2013,2,2013.25,2013-Q2,2013q2,0.0216742747955754,-3.8316292149802074
GBR,United Kingdom,GBR,2013,3,2013.5,2013-Q3,2013q3,0.0217688720433922,-3.827274217508299
GBR,United Kingdom,GBR,2013,4,2013.75,2013-Q4,2013q4,0.0217776498173686,-3.826871072838176
GBR,United Kingdom,GBR,2014,1,2014.0,2014-Q1,2014q1,0.0217522493894586,-3.828038106589952
GBR,United Kingdom,GBR,2014,2,2014.25,2014-Q2,2014q2,0.0218577540336927,-3.8231995447101434
GBR,United Kingdom,GBR,2014,3,2014.5,2014-Q3,2014q3,0.0219167553620846,-3.8205038496613404
GBR,United Kingdom,GBR,2014,4,2014.75,2014-Q4,2014q4,0.0219836550753004,-3.817456052871489
GBR,United Kingdom,GBR,2015,1,2015.0,2015-Q1,2015q1,0.0219284640332424,-3.8199697585290524
GBR,United Kingdom,GBR,2015,2,2015.25,2015-Q2,2015q2,0.0220986055709684,-3.812240768785359
GBR,United Kingdom,GBR,2015,3,2015.5,2015-Q3,2015q3,0.0219421962395078,-3.8193437270707378
GBR,United Kingdom,GBR,2015,4,2015.75,2015-Q4,2015q4,0.0219333660238745,-3.8197462388698806
GBR,United Kingdom,GBR,2016,1,2016.0,2016-Q1,2016q1,0.0219742103555284,-3.81788576982088
GBR,United Kingdom,GBR,2016,2,2016.25,2016-Q2,2016q2,0.0220706037335317,-3.8135087036942728
GBR,United Kingdom,GBR,2016,3,2016.5,2016-Q3,2016q3,0.0220931322234574,-3.8124884778736257
GBR,United Kingdom,GBR,2016,4,2016.75,2016-Q4,2016q4,0.0222091364345466,-3.8072515236621287
GBR,United Kingdom,GBR,2017,1,2017.0,2017-Q1,2017q1,0.0223633630384176,-3.800331237782208
GBR,United Kingdom,GBR,2017,2,2017.25,2017-Q2,2017q2,0.0224751587164952,-3.795344636736365
GBR,United Kingdom,GBR,2017,3,2017.5,2017-Q3,2017q3,0.0225889305508565,-3.7902952913290986
GBR,United Kingdom,GBR,2017,4,2017.75,2017-Q4,2017q4,0.0227028172047886,-3.785266256257461
GBR,United Kingdom,GBR,2018,1,2018.0,2018-Q1,2018q1,0.0225898820488194,-3.7902531699049935
GBR,United Kingdom,GBR,2018,2,2018.25,2018-Q2,2018q2,0.0226396486167506,-3.7880525462291446
GBR,United Kingdom,GBR,2018,3,2018.5,2018-Q3,2018q3,0.0226233526635697,-3.788772602496915
GBR,United Kingdom,GBR,2018,4,2018.75,2018-Q4,2018q4,0.0225505318162989,-3.7919966294401966
GBR,United Kingdom,GBR,2019,1,2019.0,2019-Q1,2019q1,0.0225957858300539,-3.7899918577878893
GBR,United Kingdom,GBR,2019,2,2019.25,2019-Q2,2019q2,0.0226088796512497,-3.7894125449482705
GBR,United Kingdom,GBR,2019,3,2019.5,2019-Q3,2019q3,0.0227021946825171,-3.7852936771189767
GBR,United Kingdom,GBR,2019,4,2019.75,2019-Q4,2019q4,0.0226128469912156,-3.789237083272185
GEO,Georgia,GEO,2003,1,2003.0,2003-Q1,2003q1,0.0010720661714963,-6.838167491096497
GEO,Georgia,GEO,2003,2,2003.25,2003-Q2,2003q2,0.0011160817876765,-6.797931131259862
GEO,Georgia,GEO,2003,3,2003.5,2003-Q3,2003q3,0.0011476102715546,-6.770073523431278
GEO,Georgia,GEO,2003,4,2003.75,2003-Q4,2003q4,0.0011923952960777,-6.73179114108788
GEO,Georgia,GEO,2004,1,2004.0,2004-Q1,2004q1,0.001187943717648,-6.73553143488112
GEO,Georgia,GEO,2004,2,2004.25,2004-Q2,2004q2,0.0012105958988185,-6.71664256223876
GEO,Georgia,GEO,2004,3,2004.5,2004-Q3,2004q3,0.0012134414899526,-6.714294749903513
GEO,Georgia,GEO,2004,4,2004.75,2004-Q4,2004q4,0.0012709092273432,-6.668022707623261
GEO,Georgia,GEO,2005,1,2005.0,2005-Q1,2005q1,0.001315633908367,-6.633436669911132
GEO,Georgia,GEO,2005,2,2005.25,2005-Q2,2005q2,0.0013638736927165,-6.597426324496299
GEO,Georgia,GEO,2005,3,2005.5,2005-Q3,2005q3,0.0013937699404341,-6.5757430158202705
GEO,Georgia,GEO,2005,4,2005.75,2005-Q4,2005q4,0.0013951060647297,-6.574784834534798
GEO,Georgia,GEO,2006,1,2006.0,2006-Q1,2006q1,0.0014492062102452,-6.536739313660511
GEO,Georgia,GEO,2006,2,2006.25,2006-Q2,2006q2,0.0014797250163852,-6.515899008208753
GEO,Georgia,GEO,2006,3,2006.5,2006-Q3,2006q3,0.0015496848096225,-6.469703717359763
GEO,Georgia,GEO,2006,4,2006.75,2006-Q4,2006q4,0.0015697879961439,-6.456814703043121
GEO,Georgia,GEO,2007,1,2007.0,2007-Q1,2007q1,0.0016311031759164,-6.418498698045211
GEO,Georgia,GEO,2007,2,2007.25,2007-Q2,2007q2,0.0016989753865714,-6.377729923406462
GEO,Georgia,GEO,2007,3,2007.5,2007-Q3,2007q3,0.0017884459193706,-6.326408237703592
GEO,Georgia,GEO,2007,4,2007.75,2007-Q4,2007q4,0.0017669834338905,-6.338481460962719
GEO,Georgia,GEO,2008,1,2008.0,2008-Q1,2008q1,0.0019275193699796,-6.2515214033012265
GEO,Georgia,GEO,2008,2,2008.25,2008-Q2,2008q2,0.0019663448667055,-6.231578857225846
GEO,Georgia,GEO,2008,3,2008.5,2008-Q3,2008q3,0.0018084566998939,-6.315281449411196
GEO,Georgia,GEO,2008,4,2008.75,2008-Q4,2008q4,0.0018607450516995,-6.286778306032103
GEO,Georgia,GEO,2009,1,2009.0,2009-Q1,2009q1,0.0018180954794809,-6.309965765639531
GEO,Georgia,GEO,2009,2,2009.25,2009-Q2,2009q2,0.001777441097277,-6.332580534795446
GEO,Georgia,GEO,2009,3,2009.5,2009-Q3,2009q3,0.0017728004737151,-6.335194794198405
GEO,Georgia,GEO,2009,4,2009.75,2009-Q4,2009q4,0.0018404674457532,-6.297735693020617
GEO,Georgia,GEO,2010,1,2010.0,2010-Q1,2010q1,0.001851200177854,-6.291921105449888
GEO,Georgia,GEO,2010,2,2010.25,2010-Q2,2010q2,0.0018792514139381,-6.276881765512087
GEO,Georgia,GEO,2010,3,2010.5,2010-Q3,2010q3,0.0019004232413248,-6.265678659024753
GEO,Georgia,GEO,2010,4,2010.75,2010-Q4,2010q4,0.0019861426545688,-6.221560885843749
GEO,Georgia,GEO,2011,1,2011.0,2011-Q1,2011q1,0.001978188636,-6.225573683291352
GEO,Georgia,GEO,2011,2,2011.25,2011-Q2,2011q2,0.0020216051305046,-6.20386346404992
GEO,Georgia,GEO,2011,3,2011.5,2011-Q3,2011q3,0.0020650785856102,-6.182586997307682
GEO,Georgia,GEO,2011,4,2011.75,2011-Q4,2011q4,0.0020861788220704,-6.172421201211759
GEO,Georgia,GEO,2012,1,2012.0,2012-Q1,2012q1,0.0021120215173362,-6.16010972505735
GEO,Georgia,GEO,2012,2,2012.25,2012-Q2,2012q2,0.0021447465446174,-6.144733894601249
GEO,Georgia,GEO,2012,3,2012.5,2012-Q3,2012q3,0.0021870988440002,-6.125179342149608
GEO,Georgia,GEO,2012,4,2012.75,2012-Q4,2012q4,0.0021725424219563,-6.131857174223059
GEO,Georgia,GEO,2013,1,2013.0,2013-Q1,2013q1,0.0022184861700839,-6.110930221068775
GEO,Georgia,GEO,2013,2,2013.25,2013-Q2,2013q2,0.0022748286344611,-6.085850554927936
GEO,Georgia,GEO,2013,3,2013.5,2013-Q3,2013q3,0.0023021139798725,-6.073927456497031
GEO,Georgia,GEO,2013,4,2013.75,2013-Q4,2013q4,0.0023483079183832,-6.054060244906131
GEO,Georgia,GEO,2014,1,2014.0,2014-Q1,2014q1,0.00232920355116,-6.06222889337599
GEO,Georgia,GEO,2014,2,2014.25,2014-Q2,2014q2,0.0022652476663843,-6.090071181042836
GEO,Georgia,GEO,2014,3,2014.5,2014-Q3,2014q3,0.0022791989636033,-6.083931229500186
GEO,Georgia,GEO,2014,4,2014.75,2014-Q4,2014q4,0.0023721417988091,-6.0439620193597765
GEO,Georgia,GEO,2015,1,2015.0,2015-Q1,2015q1,0.0023167578274227,-6.067586558881103
GEO,Georgia,GEO,2015,2,2015.25,2015-Q2,2015q2,0.0023780926138667,-6.041456535354728
GEO,Georgia,GEO,2015,3,2015.5,2015-Q3,2015q3,0.0023532599285344,-6.051953708472478
GEO,Georgia,GEO,2015,4,2015.75,2015-Q4,2015q4,0.0022872899292219,-6.080387599251552
GEO,Georgia,GEO,2016,1,2016.0,2016-Q1,2016q1,0.0023671139985914,-6.046083787974452
GEO,Georgia,GEO,2016,2,2016.25,2016-Q2,2016q2,0.0024565028916062,-6.009016529231818
GEO,Georgia,GEO,2016,3,2016.5,2016-Q3,2016q3,0.0024146796904377,-6.026188634033313
GEO,Georgia,GEO,2016,4,2016.75,2016-Q4,2016q4,0.0024922294982203,-5.994577588308437
GEO,Georgia,GEO,2017,1,2017.0,2017-Q1,2017q1,0.0025619259920509,-5.96699596271214
GEO,Georgia,GEO,2017,2,2017.25,2017-Q2,2017q2,0.0025314262033113,-5.9789724183474595
GEO,Georgia,GEO,2017,3,2017.5,2017-Q3,2017q3,0.0025865226000326,-5.957440930869877
GEO,Georgia,GEO,2017,4,2017.75,2017-Q4,2017q4,0.0026167769308873,-5.945811897551162
GEO,Georgia,GEO,2018,1,2018.0,2018-Q1,2018q1,0.0026919785145182,-5.917478848465458
GEO,Georgia,GEO,2018,2,2018.25,2018-Q2,2018q2,0.0027542427855916,-5.894612725120645
GEO,Georgia,GEO,2018,3,2018.5,2018-Q3,2018q3,0.0027861797474683,-5.883083887590759
GEO,Georgia,GEO,2018,4,2018.75,2018-Q4,2018q4,0.0027597462507023,-5.89261654163099
GEO,Georgia,GEO,2019,1,2019.0,2019-Q1,2019q1,0.0028077003548134,-5.875389509761412
GEO,Georgia,GEO,2019,2,2019.25,2019-Q2,2019q2,0.0028829549750315,-5.848939477849316
GEO,Georgia,GEO,2019,3,2019.5,2019-Q3,2019q3,0.0029636775492261,-5.821324366526276
GEO,Georgia,GEO,2019,4,2019.75,2019-Q4,2019q4,0.002956967560143,-5.823591008701903
GHA,Ghana,GHA,2017,1,2017.0,2017-Q1,2017q1,0.0014365838026223,-6.545487343187148
GHA,Ghana,GHA,2017,2,2017.25,2017-Q2,2017q2,0.0014772620449238,-6.517564874159411
GHA,Ghana,GHA,2017,3,2017.5,2017-Q3,2017q3,0.0015106384098921,-6.495222929496958
GHA,Ghana,GHA,2017,4,2017.75,2017-Q4,2017q4,0.0015411861331501,-6.475202942689746
GHA,Ghana,GHA,2018,1,2018.0,2018-Q1,2018q1,0.0015908458863588,-6.443489400214709
GHA,Ghana,GHA,2018,2,2018.25,2018-Q2,2018q2,0.0016127440414776,-6.429818177193627
GHA,Ghana,GHA,2018,3,2018.5,2018-Q3,2018q3,0.0016462302994576,-6.4092672718986
GHA,Ghana,GHA,2018,4,2018.75,2018-Q4,2018q4,0.0016721420675003,-6.393649799328596
GHA,Ghana,GHA,2019,1,2019.0,2019-Q1,2019q1,0.0017088109850236,-6.371957480717422
GHA,Ghana,GHA,2019,2,2019.25,2019-Q2,2019q2,0.0017566884536323,-6.344324802726656
GHA,Ghana,GHA,2019,3,2019.5,2019-Q3,2019q3,0.0017841289611517,-6.328824959795858
GHA,Ghana,GHA,2019,4,2019.75,2019-Q4,2019q4,0.0018153976919139,-6.311450721265141
GRC,Greece,GRC,1995,1,1995.0,1995-Q1,1995q1,0.0153180210144398,-4.178725299616854
GRC,Greece,GRC,1995,2,1995.25,1995-Q2,1995q2,0.0154378932828011,-4.170930189109466
GRC,Greece,GRC,1995,3,1995.5,1995-Q3,1995q3,0.0154690616614772,-4.16891327160347
GRC,Greece,GRC,1995,4,1995.75,1995-Q4,1995q4,0.0154861448380426,-4.167809536223773
GRC,Greece,GRC,1996,1,1996.0,1996-Q1,1996q1,0.0140006835861176,-4.2686491229790775
GRC,Greece,GRC,1996,2,1996.25,1996-Q2,1996q2,0.0139432747422828,-4.27275798428844
GRC,Greece,GRC,1996,3,1996.5,1996-Q3,1996q3,0.0139585425632853,-4.2716635880088605
GRC,Greece,GRC,1996,4,1996.75,1996-Q4,1996q4,0.0139883934491445,-4.269527332556872
GRC,Greece,GRC,1997,1,1997.0,1997-Q1,1997q1,0.0140311564460223,-4.266474961605905
GRC,Greece,GRC,1997,2,1997.25,1997-Q2,1997q2,0.0142228440784607,-4.252905869087849
GRC,Greece,GRC,1997,3,1997.5,1997-Q3,1997q3,0.0142954330328163,-4.2478151610597275
GRC,Greece,GRC,1997,4,1997.75,1997-Q4,1997q4,0.0143694066708552,-4.24265386917612
GRC,Greece,GRC,1998,1,1998.0,1998-Q1,1998q1,0.0143060038191564,-4.247075982334119
GRC,Greece,GRC,1998,2,1998.25,1998-Q2,1998q2,0.0141656800369342,-4.2569331385968665
GRC,Greece,GRC,1998,3,1998.5,1998-Q3,1998q3,0.0141442339396256,-4.258448233374536
GRC,Greece,GRC,1998,4,1998.75,1998-Q4,1998q4,0.0141922440859361,-4.255059654722895
GRC,Greece,GRC,1999,1,1999.0,1999-Q1,1999q1,0.014268352603998,-4.249711298866965
GRC,Greece,GRC,1999,2,1999.25,1999-Q2,1999q2,0.0144039911969516,-4.240249944348736
GRC,Greece,GRC,1999,3,1999.5,1999-Q3,1999q3,0.0145816613274106,-4.227990613254349
GRC,Greece,GRC,1999,4,1999.75,1999-Q4,1999q4,0.0147296986560529,-4.217889506554411
GRC,Greece,GRC,2000,1,2000.0,2000-Q1,2000q1,0.0146797512032538,-4.221286203946621
GRC,Greece,GRC,2000,2,2000.25,2000-Q2,2000q2,0.0148582526116468,-4.209199836670923
GRC,Greece,GRC,2000,3,2000.5,2000-Q3,2000q3,0.0150116821569398,-4.198926570532772
GRC,Greece,GRC,2000,4,2000.75,2000-Q4,2000q4,0.0150375596021562,-4.197204234121035
GRC,Greece,GRC,2001,1,2001.0,2001-Q1,2001q1,0.0148121858846802,-4.212305066409179
GRC,Greece,GRC,2001,2,2001.25,2001-Q2,2001q2,0.0150524592403402,-4.196213896462575
GRC,Greece,GRC,2001,3,2001.5,2001-Q3,2001q3,0.0153179468379416,-4.178730142062085
GRC,Greece,GRC,2001,4,2001.75,2001-Q4,2001q4,0.0155119500301709,-4.166144582412956
GRC,Greece,GRC,2002,1,2002.0,2002-Q1,2002q1,0.0156610558668872,-4.156578166242393
GRC,Greece,GRC,2002,2,2002.25,2002-Q2,2002q2,0.0157228924285113,-4.1526375121817605
GRC,Greece,GRC,2002,3,2002.5,2002-Q3,2002q3,0.0157428434343522,-4.151369402095192
GRC,Greece,GRC,2002,4,2002.75,2002-Q4,2002q4,0.0157370708506082,-4.1517361492061555
GRC,Greece,GRC,2003,1,2003.0,2003-Q1,2003q1,0.0160553521102583,-4.131713020179545
GRC,Greece,GRC,2003,2,2003.25,2003-Q2,2003q2,0.0162730693209858,-4.11824372643528
GRC,Greece,GRC,2003,3,2003.5,2003-Q3,2003q3,0.0163201989334282,-4.115351739972171
GRC,Greece,GRC,2003,4,2003.75,2003-Q4,2003q4,0.0166376779730959,-4.0960853982124314
GRC,Greece,GRC,2004,1,2004.0,2004-Q1,2004q1,0.0170194061365491,-4.073401048540299
GRC,Greece,GRC,2004,2,2004.25,2004-Q2,2004q2,0.0168884123735733,-4.081127550592757
GRC,Greece,GRC,2004,3,2004.5,2004-Q3,2004q3,0.0170968264027029,-4.068862423182779
GRC,Greece,GRC,2004,4,2004.75,2004-Q4,2004q4,0.0170878752587831,-4.069386116161762
GRC,Greece,GRC,2005,1,2005.0,2005-Q1,2005q1,0.0168594615376513,-4.082843264187039
GRC,Greece,GRC,2005,2,2005.25,2005-Q2,2005q2,0.0169425776962755,-4.077925435084309
GRC,Greece,GRC,2005,3,2005.5,2005-Q3,2005q3,0.0171461690708724,-4.06598050811442
GRC,Greece,GRC,2005,4,2005.75,2005-Q4,2005q4,0.0171145721217375,-4.067825007503121
GRC,Greece,GRC,2006,1,2006.0,2006-Q1,2006q1,0.0174650021924738,-4.047556275188062
GRC,Greece,GRC,2006,2,2006.25,2006-Q2,2006q2,0.0176296782743029,-4.038171531502176
GRC,Greece,GRC,2006,3,2006.5,2006-Q3,2006q3,0.017623234853192,-4.038537085472671
GRC,Greece,GRC,2006,4,2006.75,2006-Q4,2006q4,0.0180828472063168,-4.012791458191014
GRC,Greece,GRC,2007,1,2007.0,2007-Q1,2007q1,0.0180149219369261,-4.016554868017886
GRC,Greece,GRC,2007,2,2007.25,2007-Q2,2007q2,0.0184290931789731,-3.9938247120392565
GRC,Greece,GRC,2007,3,2007.5,2007-Q3,2007q3,0.0182564244741483,-4.0032382349195155
GRC,Greece,GRC,2007,4,2007.75,2007-Q4,2007q4,0.0179661552284293,-4.019265556090589
GRC,Greece,GRC,2008,1,2008.0,2008-Q1,2008q1,0.0181145704795932,-4.011038665675616
GRC,Greece,GRC,2008,2,2008.25,2008-Q2,2008q2,0.0179368778439768,-4.020896470720169
GRC,Greece,GRC,2008,3,2008.5,2008-Q3,2008q3,0.017973173391801,-4.018874999909919
GRC,Greece,GRC,2008,4,2008.75,2008-Q4,2008q4,0.0178607766789957,-4.0251482174134905
GRC,Greece,GRC,2009,1,2009.0,2009-Q1,2009q1,0.0170624184136697,-4.0708769876648185
GRC,Greece,GRC,2009,2,2009.25,2009-Q2,2009q2,0.0175539883708402,-4.042474097291627
GRC,Greece,GRC,2009,3,2009.5,2009-Q3,2009q3,0.0175453360876544,-4.042967114379251
GRC,Greece,GRC,2009,4,2009.75,2009-Q4,2009q4,0.0176682657069053,-4.035985146482442
GRC,Greece,GRC,2010,1,2010.0,2010-Q1,2010q1,0.017602243262881,-4.039728926941888
GRC,Greece,GRC,2010,2,2010.25,2010-Q2,2010q2,0.0170692631415844,-4.070475909974264
GRC,Greece,GRC,2010,3,2010.5,2010-Q3,2010q3,0.0167439721222465,-4.0897169587797135
GRC,Greece,GRC,2010,4,2010.75,2010-Q4,2010q4,0.016918950409834,-4.079320959243877
GRC,Greece,GRC,2011,1,2011.0,2011-Q1,2011q1,0.0166745998046056,-4.093868687192249
GRC,Greece,GRC,2011,2,2011.25,2011-Q2,2011q2,0.0167311589825329,-4.090482490678557
GRC,Greece,GRC,2011,3,2011.5,2011-Q3,2011q3,0.0168030410859827,-4.086195391931748
GRC,Greece,GRC,2011,4,2011.75,2011-Q4,2011q4,0.0164990626352565,-4.104451709673805
GRC,Greece,GRC,2012,1,2012.0,2012-Q1,2012q1,0.0167161402342834,-4.091380545206759
GRC,Greece,GRC,2012,2,2012.25,2012-Q2,2012q2,0.0167548881176093,-4.089065235367572
GRC,Greece,GRC,2012,3,2012.5,2012-Q3,2012q3,0.0169142217989013,-4.079600484375858
GRC,Greece,GRC,2012,4,2012.75,2012-Q4,2012q4,0.0167709690776709,-4.0881059184319195
GRC,Greece,GRC,2013,1,2013.0,2013-Q1,2013q1,0.0169787987361307,-4.075789846412452
GRC,Greece,GRC,2013,2,2013.25,2013-Q2,2013q2,0.0171210575077168,-4.067446139865687
GRC,Greece,GRC,2013,3,2013.5,2013-Q3,2013q3,0.0173606773209457,-4.053547554327537
GRC,Greece,GRC,2013,4,2013.75,2013-Q4,2013q4,0.0174215289843245,-4.050048539634267
GRC,Greece,GRC,2014,1,2014.0,2014-Q1,2014q1,0.0172440535805173,-4.060287914904367
GRC,Greece,GRC,2014,2,2014.25,2014-Q2,2014q2,0.0172731752125109,-4.058600546600391
GRC,Greece,GRC,2014,3,2014.5,2014-Q3,2014q3,0.017340170789963,-4.054729458199412
GRC,Greece,GRC,2014,4,2014.75,2014-Q4,2014q4,0.017158861843706,-4.065240513246355
GRC,Greece,GRC,2015,1,2015.0,2015-Q1,2015q1,0.0171882598521564,-4.063528694952553
GRC,Greece,GRC,2015,2,2015.25,2015-Q2,2015q2,0.0169705484963912,-4.076275878726735
GRC,Greece,GRC,2015,3,2015.5,2015-Q3,2015q3,0.0165024364882671,-4.104247243021565
GRC,Greece,GRC,2015,4,2015.75,2015-Q4,2015q4,0.0167342018760948,-4.090300637353674
GRC,Greece,GRC,2016,1,2016.0,2016-Q1,2016q1,0.0165419263235596,-4.101857131623949
GRC,Greece,GRC,2016,2,2016.25,2016-Q2,2016q2,0.0165057306007172,-4.1040476492390825
GRC,Greece,GRC,2016,3,2016.5,2016-Q3,2016q3,0.0165013602424563,-4.104312462536759
GRC,Greece,GRC,2016,4,2016.75,2016-Q4,2016q4,0.0166950544049904,-4.092642746832296
GRC,Greece,GRC,2017,1,2017.0,2017-Q1,2017q1,0.0164645066595003,-4.1065483265847735
GRC,Greece,GRC,2017,2,2017.25,2017-Q2,2017q2,0.0163835076818608,-4.111480079291062
GRC,Greece,GRC,2017,3,2017.5,2017-Q3,2017q3,0.0164724176494521,-4.106067954463216
GRC,Greece,GRC,2017,4,2017.75,2017-Q4,2017q4,0.0163954034282196,-4.110754262204516
GRC,Greece,GRC,2018,1,2018.0,2018-Q1,2018q1,0.0165502398628309,-4.10135468404168
GRC,Greece,GRC,2018,2,2018.25,2018-Q2,2018q2,0.018245062917866,-4.003860760600577
GRC,Greece,GRC,2018,3,2018.5,2018-Q3,2018q3,0.0179700278643915,-4.019050027581778
GRC,Greece,GRC,2018,4,2018.75,2018-Q4,2018q4,0.0177655070126269,-4.030496509943035
GRC,Greece,GRC,2019,1,2019.0,2019-Q1,2019q1,0.0178241150649126,-4.027202959641371
GRC,Greece,GRC,2019,2,2019.25,2019-Q2,2019q2,0.0179730192246754,-4.0188835775708265
GRC,Greece,GRC,2019,3,2019.5,2019-Q3,2019q3,0.0180383109175367,-4.0152573985795055
GRC,Greece,GRC,2019,4,2019.75,2019-Q4,2019q4,0.0181645828793082,-4.008281576451335
GTM,Guatemala,GTM,2002,1,2002.0,2002-Q1,2002q1,0.0016950709508369,-6.380030680124957
GTM,Guatemala,GTM,2002,2,2002.25,2002-Q2,2002q2,0.0017380250470864,-6.355005840800663
GTM,Guatemala,GTM,2002,3,2002.5,2002-Q3,2002q3,0.0017513952389088,-6.347342529328629
GTM,Guatemala,GTM,2002,4,2002.75,2002-Q4,2002q4,0.0017677203296662,-6.338064511857127
GTM,Guatemala,GTM,2003,1,2003.0,2003-Q1,2003q1,0.0017566445592938,-6.344349790018405
GTM,Guatemala,GTM,2003,2,2003.25,2003-Q2,2003q2,0.0017509434551293,-6.347600519101448
GTM,Guatemala,GTM,2003,3,2003.5,2003-Q3,2003q3,0.0017531679542347,-6.346330868029121
GTM,Guatemala,GTM,2003,4,2003.75,2003-Q4,2003q4,0.001751192047745,-6.347458552797796
GTM,Guatemala,GTM,2004,1,2004.0,2004-Q1,2004q1,0.0017907715821584,-6.325108700520336
GTM,Guatemala,GTM,2004,2,2004.25,2004-Q2,2004q2,0.0017855079408655,-6.32805234352129
GTM,Guatemala,GTM,2004,3,2004.5,2004-Q3,2004q3,0.0018022453373608,-6.318721981804142
GTM,Guatemala,GTM,2004,4,2004.75,2004-Q4,2004q4,0.0018118647301242,-6.313398726397305
GTM,Guatemala,GTM,2005,1,2005.0,2005-Q1,2005q1,0.0018000769199198,-6.319925881704282
GTM,Guatemala,GTM,2005,2,2005.25,2005-Q2,2005q2,0.0018250407819998,-6.3061529458960965
GTM,Guatemala,GTM,2005,3,2005.5,2005-Q3,2005q3,0.0018004997634769,-6.319691006240585
GTM,Guatemala,GTM,2005,4,2005.75,2005-Q4,2005q4,0.0018075878022038,-6.315762028511546
GTM,Guatemala,GTM,2006,1,2006.0,2006-Q1,2006q1,0.0018429545796402,-6.296385245394558
GTM,Guatemala,GTM,2006,2,2006.25,2006-Q2,2006q2,0.0018287377271313,-6.304129316722152
GTM,Guatemala,GTM,2006,3,2006.5,2006-Q3,2006q3,0.0018619477389876,-6.286132167659927
GTM,Guatemala,GTM,2006,4,2006.75,2006-Q4,2006q4,0.001886222695677,-6.2731790234398686
GTM,Guatemala,GTM,2007,1,2007.0,2007-Q1,2007q1,0.0019280870850253,-6.251226915232266
GTM,Guatemala,GTM,2007,2,2007.25,2007-Q2,2007q2,0.0019158912279802,-6.257572371410206
GTM,Guatemala,GTM,2007,3,2007.5,2007-Q3,2007q3,0.0019281720829274,-6.2511828321463465
GTM,Guatemala,GTM,2007,4,2007.75,2007-Q4,2007q4,0.0019129324205609,-6.25911791556678
GTM,Guatemala,GTM,2008,1,2008.0,2008-Q1,2008q1,0.0019378040832451,-6.246199862860518
GTM,Guatemala,GTM,2008,2,2008.25,2008-Q2,2008q2,0.0019629165754312,-6.2333238630976755
GTM,Guatemala,GTM,2008,3,2008.5,2008-Q3,2008q3,0.0019261756424695,-6.252218774297227
GTM,Guatemala,GTM,2008,4,2008.75,2008-Q4,2008q4,0.0019046755190397,-6.2634436161242375
GTM,Guatemala,GTM,2009,1,2009.0,2009-Q1,2009q1,0.00187608954727,-6.278565696450937
GTM,Guatemala,GTM,2009,2,2009.25,2009-Q2,2009q2,0.0018814771142519,-6.275698111570053
GTM,Guatemala,GTM,2009,3,2009.5,2009-Q3,2009q3,0.0019057054296626,-6.262903034664354
GTM,Guatemala,GTM,2009,4,2009.75,2009-Q4,2009q4,0.0019016100447389,-6.265054359675773
GTM,Guatemala,GTM,2010,1,2010.0,2010-Q1,2010q1,0.0019015812321084,-6.265069511493498
GTM,Guatemala,GTM,2010,2,2010.25,2010-Q2,2010q2,0.0018978440330097,-6.2670367565598895
GTM,Guatemala,GTM,2010,3,2010.5,2010-Q3,2010q3,0.0018825385786062,-6.275134105216704
GTM,Guatemala,GTM,2010,4,2010.75,2010-Q4,2010q4,0.001899112965363,-6.2663683621582225
GTM,Guatemala,GTM,2011,1,2011.0,2011-Q1,2011q1,0.0019352026977275,-6.247543204639095
GTM,Guatemala,GTM,2011,2,2011.25,2011-Q2,2011q2,0.0019194605438127,-6.255711099185222
GTM,Guatemala,GTM,2011,3,2011.5,2011-Q3,2011q3,0.001933120359376,-6.248619815109263
GTM,Guatemala,GTM,2011,4,2011.75,2011-Q4,2011q4,0.001905826052893,-6.262839740825123
GTM,Guatemala,GTM,2012,1,2012.0,2012-Q1,2012q1,0.0017738002015148,-6.33463102741566
GTM,Guatemala,GTM,2012,2,2012.25,2012-Q2,2012q2,0.0017379593707446,-6.355043629429099
GTM,Guatemala,GTM,2012,3,2012.5,2012-Q3,2012q3,0.0017527317339399,-6.346579717303687
GTM,Guatemala,GTM,2012,4,2012.75,2012-Q4,2012q4,0.0017320962046969,-6.358422924947475
GTM,Guatemala,GTM,2013,1,2013.0,2013-Q1,2013q1,0.0018962065054027,-6.2678999647286275
GTM,Guatemala,GTM,2013,2,2013.25,2013-Q2,2013q2,0.0019124273399143,-6.2593819851869785
GTM,Guatemala,GTM,2013,3,2013.5,2013-Q3,2013q3,0.0018976060888621,-6.267162140448636
GTM,Guatemala,GTM,2013,4,2013.75,2013-Q4,2013q4,0.0019163350520216,-6.257340744146597
GTM,Guatemala,GTM,2014,1,2014.0,2014-Q1,2014q1,0.0018791690649782,-6.276925586558921
GTM,Guatemala,GTM,2014,2,2014.25,2014-Q2,2014q2,0.0019017314425963,-6.2649905222013595
GTM,Guatemala,GTM,2014,3,2014.5,2014-Q3,2014q3,0.0018851763152717,-6.273733926503221
GTM,Guatemala,GTM,2014,4,2014.75,2014-Q4,2014q4,0.0019105079114197,-6.260386150065376
GTM,Guatemala,GTM,2015,1,2015.0,2015-Q1,2015q1,0.0019075404697661,-6.2619405789017035
GTM,Guatemala,GTM,2015,2,2015.25,2015-Q2,2015q2,0.0019146569790671,-6.258216795596564
GTM,Guatemala,GTM,2015,3,2015.5,2015-Q3,2015q3,0.0019214171780849,-6.254692251628424
GTM,Guatemala,GTM,2015,4,2015.75,2015-Q4,2015q4,0.0019165857561392,-6.257209927920275
GTM,Guatemala,GTM,2016,1,2016.0,2016-Q1,2016q1,0.0018869287912425,-6.272804749798224
GTM,Guatemala,GTM,2016,2,2016.25,2016-Q2,2016q2,0.0018765180675748,-6.278337311098327
GTM,Guatemala,GTM,2016,3,2016.5,2016-Q3,2016q3,0.0019185432152406,-6.2561891229950755
GTM,Guatemala,GTM,2016,4,2016.75,2016-Q4,2016q4,0.0018981980416645,-6.26685024194869
GTM,Guatemala,GTM,2017,1,2017.0,2017-Q1,2017q1,0.00193086294383,-6.249788254838781
GTM,Guatemala,GTM,2017,2,2017.25,2017-Q2,2017q2,0.0019013769834203,-6.265176927182401
GTM,Guatemala,GTM,2017,3,2017.5,2017-Q3,2017q3,0.0018850234653661,-6.273815009689565
GTM,Guatemala,GTM,2017,4,2017.75,2017-Q4,2017q4,0.0018491202619589,-6.29304528707036
GTM,Guatemala,GTM,2018,1,2018.0,2018-Q1,2018q1,0.0018668277734199,-6.283514666444162
GTM,Guatemala,GTM,2018,2,2018.25,2018-Q2,2018q2,0.0019077606168698,-6.261825176683664
GTM,Guatemala,GTM,2018,3,2018.5,2018-Q3,2018q3,0.0018860255720587,-6.273283535976949
GTM,Guatemala,GTM,2018,4,2018.75,2018-Q4,2018q4,0.0019025580698284,-6.264555945788387
GTM,Guatemala,GTM,2019,1,2019.0,2019-Q1,2019q1,0.0018802564246491,-6.276347115351434
GTM,Guatemala,GTM,2019,2,2019.25,2019-Q2,2019q2,0.0019554702222438,-6.2371245915789455
GTM,Guatemala,GTM,2019,3,2019.5,2019-Q3,2019q3,0.0019069373913726,-6.262256783855817
GTM,Guatemala,GTM,2019,4,2019.75,2019-Q4,2019q4,0.0019137683118478,-6.258681042469746
HND,Honduras,HND,2005,1,2005.0,2005-Q1,2005q1,0.0012814315800963,-6.659777404068264
HND,Honduras,HND,2005,2,2005.25,2005-Q2,2005q2,0.0013136818913892,-6.634921480017707
HND,Honduras,HND,2005,3,2005.5,2005-Q3,2005q3,0.0013130077003933,-6.6354348189465355
HND,Honduras,HND,2005,4,2005.75,2005-Q4,2005q4,0.0013223757173481,-6.628325374187987
HND,Honduras,HND,2006,1,2006.0,2006-Q1,2006q1,0.0013501009302058,-6.607575926211014
HND,Honduras,HND,2006,2,2006.25,2006-Q2,2006q2,0.0013544017894223,-6.604395405954328
HND,Honduras,HND,2006,3,2006.5,2006-Q3,2006q3,0.0013669971794784,-6.595138784535504
HND,Honduras,HND,2006,4,2006.75,2006-Q4,2006q4,0.0013927314649593,-6.576488377384322
HND,Honduras,HND,2007,1,2007.0,2007-Q1,2007q1,0.0013928642744005,-6.576393022958392
HND,Honduras,HND,2007,2,2007.25,2007-Q2,2007q2,0.0014343374230539,-6.547052262493713
HND,Honduras,HND,2007,3,2007.5,2007-Q3,2007q3,0.0014224763904596,-6.555355989317974
HND,Honduras,HND,2007,4,2007.75,2007-Q4,2007q4,0.001425437916909,-6.553276202360025
HND,Honduras,HND,2008,1,2008.0,2008-Q1,2008q1,0.0013809179121546,-6.5850068471945065
HND,Honduras,HND,2008,2,2008.25,2008-Q2,2008q2,0.0014196079800667,-6.557374515858973
HND,Honduras,HND,2008,3,2008.5,2008-Q3,2008q3,0.0013779590292802,-6.587151838849946
HND,Honduras,HND,2008,4,2008.75,2008-Q4,2008q4,0.0013429969364385,-6.612851642576549
HND,Honduras,HND,2009,1,2009.0,2009-Q1,2009q1,0.0012891012607657,-6.653810000495602
HND,Honduras,HND,2009,2,2009.25,2009-Q2,2009q2,0.0012899599048656,-6.653144142591131
HND,Honduras,HND,2009,3,2009.5,2009-Q3,2009q3,0.0012673322776054,-6.67084115661534
HND,Honduras,HND,2009,4,2009.75,2009-Q4,2009q4,0.0012873659272018,-6.65515706506092
HND,Honduras,HND,2010,1,2010.0,2010-Q1,2010q1,0.0012638287666762,-6.67360946183602
HND,Honduras,HND,2010,2,2010.25,2010-Q2,2010q2,0.0012830706767905,-6.658499107733766
HND,Honduras,HND,2010,3,2010.5,2010-Q3,2010q3,0.0012645647555402,-6.673027282773845
HND,Honduras,HND,2010,4,2010.75,2010-Q4,2010q4,0.001287962108516,-6.654694070586755
HND,Honduras,HND,2011,1,2011.0,2011-Q1,2011q1,0.0013132802187516,-6.6352272877331515
HND,Honduras,HND,2011,2,2011.25,2011-Q2,2011q2,0.0013201059704136,-6.63004326498981
HND,Honduras,HND,2011,3,2011.5,2011-Q3,2011q3,0.001340452692048,-6.614747892184417
HND,Honduras,HND,2011,4,2011.75,2011-Q4,2011q4,0.0013389402386612,-6.615876844590095
HND,Honduras,HND,2012,1,2012.0,2012-Q1,2012q1,0.0013673449238772,-6.594884431285229
HND,Honduras,HND,2012,2,2012.25,2012-Q2,2012q2,0.0013770483602937,-6.587812939813316
HND,Honduras,HND,2012,3,2012.5,2012-Q3,2012q3,0.0013757472360252,-6.58875825109406
HND,Honduras,HND,2012,4,2012.75,2012-Q4,2012q4,0.0013756596160169,-6.588821942153246
HND,Honduras,HND,2013,1,2013.0,2013-Q1,2013q1,0.0013040679060334,-6.642266741654553
HND,Honduras,HND,2013,2,2013.25,2013-Q2,2013q2,0.0013311175498402,-6.6217364265340874
HND,Honduras,HND,2013,3,2013.5,2013-Q3,2013q3,0.001314620844161,-6.634206986364411
HND,Honduras,HND,2013,4,2013.75,2013-Q4,2013q4,0.0013186617150089,-6.631137908945694
HND,Honduras,HND,2014,1,2014.0,2014-Q1,2014q1,0.0013652991569479,-6.596381711758634
HND,Honduras,HND,2014,2,2014.25,2014-Q2,2014q2,0.0013800339786585,-6.5856471578998415
HND,Honduras,HND,2014,3,2014.5,2014-Q3,2014q3,0.0013663714615949,-6.595596620983195
HND,Honduras,HND,2014,4,2014.75,2014-Q4,2014q4,0.0013617294894741,-6.5989997037018595
HND,Honduras,HND,2015,1,2015.0,2015-Q1,2015q1,0.0013493775636841,-6.608111856792163
HND,Honduras,HND,2015,2,2015.25,2015-Q2,2015q2,0.0013516937456244,-6.606396846529363
HND,Honduras,HND,2015,3,2015.5,2015-Q3,2015q3,0.0013581927832962,-6.601600298731037
HND,Honduras,HND,2015,4,2015.75,2015-Q4,2015q4,0.0013596356445643,-6.600538523536648
HND,Honduras,HND,2016,1,2016.0,2016-Q1,2016q1,0.0013822959374138,-6.584009439502983
HND,Honduras,HND,2016,2,2016.25,2016-Q2,2016q2,0.001385847881973,-6.58144313750399
HND,Honduras,HND,2016,3,2016.5,2016-Q3,2016q3,0.0013867149941353,-6.5808176424444955
HND,Honduras,HND,2016,4,2016.75,2016-Q4,2016q4,0.0014164823755409,-6.559578681029563
HND,Honduras,HND,2017,1,2017.0,2017-Q1,2017q1,0.0013823262144597,-6.583987536295791
HND,Honduras,HND,2017,2,2017.25,2017-Q2,2017q2,0.0013938561275534,-6.57568118032496
HND,Honduras,HND,2017,3,2017.5,2017-Q3,2017q3,0.0014109804775571,-6.563470442098672
HND,Honduras,HND,2017,4,2017.75,2017-Q4,2017q4,0.0014099942189411,-6.564169674642239
HND,Honduras,HND,2018,1,2018.0,2018-Q1,2018q1,0.0013455233023669,-6.610972269205624
HND,Honduras,HND,2018,2,2018.25,2018-Q2,2018q2,0.0013532824384253,-6.605222201818671
HND,Honduras,HND,2018,3,2018.5,2018-Q3,2018q3,0.0013619877377196,-6.598810074438076
HND,Honduras,HND,2018,4,2018.75,2018-Q4,2018q4,0.001379379909582,-6.586121221679499
HND,Honduras,HND,2019,1,2019.0,2019-Q1,2019q1,0.0014211126384064,-6.556315166009059
HND,Honduras,HND,2019,2,2019.25,2019-Q2,2019q2,0.0014074547790943,-6.5659723269963655
HND,Honduras,HND,2019,3,2019.5,2019-Q3,2019q3,0.0014274551568616,-6.551862030684729
HND,Honduras,HND,2019,4,2019.75,2019-Q4,2019q4,0.0014469970994768,-6.5382648358428845
HRV,Croatia,HRV,1995,1,1995.0,1995-Q1,1995q1,0.0056574368310776,-5.174784346037679
HRV,Croatia,HRV,1995,2,1995.25,1995-Q2,1995q2,0.0056663473054342,-5.173210583046748
HRV,Croatia,HRV,1995,3,1995.5,1995-Q3,1995q3,0.0055262544942261,-5.198244999573557
HRV,Croatia,HRV,1995,4,1995.75,1995-Q4,1995q4,0.0059469664338718,-5.124874032485514
HRV,Croatia,HRV,1996,1,1996.0,1996-Q1,1996q1,0.0061746059122522,-5.087310218382857
HRV,Croatia,HRV,1996,2,1996.25,1996-Q2,1996q2,0.0061429815587399,-5.092445058800636
HRV,Croatia,HRV,1996,3,1996.5,1996-Q3,1996q3,0.0059755066766524,-5.1200863853201
HRV,Croatia,HRV,1996,4,1996.75,1996-Q4,1996q4,0.0062857717245997,-5.069466656156443
HRV,Croatia,HRV,1997,1,1997.0,1997-Q1,1997q1,0.00639061623974,-5.052924577098578
HRV,Croatia,HRV,1997,2,1997.25,1997-Q2,1997q2,0.0066278046446073,-5.016481654111806
HRV,Croatia,HRV,1997,3,1997.5,1997-Q3,1997q3,0.006738044215096,-4.999985571968846
HRV,Croatia,HRV,1997,4,1997.75,1997-Q4,1997q4,0.0067138192496565,-5.003587302196199
HRV,Croatia,HRV,1998,1,1998.0,1998-Q1,1998q1,0.0067057360562042,-5.00479199106191
HRV,Croatia,HRV,1998,2,1998.25,1998-Q2,1998q2,0.006824957694048,-4.987169136604611
HRV,Croatia,HRV,1998,3,1998.5,1998-Q3,1998q3,0.0069692399982923,-4.96624909913734
HRV,Croatia,HRV,1998,4,1998.75,1998-Q4,1998q4,0.0070198979208628,-4.959006602237777
HRV,Croatia,HRV,1999,1,1999.0,1999-Q1,1999q1,0.0068482295813976,-4.983765115383746
HRV,Croatia,HRV,1999,2,1999.25,1999-Q2,1999q2,0.0069922315862207,-4.96295551957834
HRV,Croatia,HRV,1999,3,1999.5,1999-Q3,1999q3,0.0069277297642013,-4.972223114804753
HRV,Croatia,HRV,1999,4,1999.75,1999-Q4,1999q4,0.006979725497855,-4.964745689936052
HRV,Croatia,HRV,2000,1,2000.0,2000-Q1,2000q1,0.007245263673809,-4.92740730997125
HRV,Croatia,HRV,2000,2,2000.25,2000-Q2,2000q2,0.0071748523530683,-4.937173095517757
HRV,Croatia,HRV,2000,3,2000.5,2000-Q3,2000q3,0.0072487921317546,-4.926920426511901
HRV,Croatia,HRV,2000,4,2000.75,2000-Q4,2000q4,0.0073484006246486,-4.9132725915247875
HRV,Croatia,HRV,2001,1,2001.0,2001-Q1,2001q1,0.0075117822389631,-4.89128252591979
HRV,Croatia,HRV,2001,2,2001.25,2001-Q2,2001q2,0.0075679243292294,-4.883836446063018
HRV,Croatia,HRV,2001,3,2001.5,2001-Q3,2001q3,0.0075848884010773,-4.881597379397685
HRV,Croatia,HRV,2001,4,2001.75,2001-Q4,2001q4,0.0077085164669695,-4.865429526656848
HRV,Croatia,HRV,2002,1,2002.0,2002-Q1,2002q1,0.0078962167472072,-4.841371526973504
HRV,Croatia,HRV,2002,2,2002.25,2002-Q2,2002q2,0.0080992432062032,-4.815984653001661
HRV,Croatia,HRV,2002,3,2002.5,2002-Q3,2002q3,0.0082206386646404,-4.801107376503987
HRV,Croatia,HRV,2002,4,2002.75,2002-Q4,2002q4,0.0082691787126561,-4.795220084109452
HRV,Croatia,HRV,2003,1,2003.0,2003-Q1,2003q1,0.0083399046060299,-4.786703500802809
HRV,Croatia,HRV,2003,2,2003.25,2003-Q2,2003q2,0.0085302439031472,-4.764137324317912
HRV,Croatia,HRV,2003,3,2003.5,2003-Q3,2003q3,0.0085959565043616,-4.756463360200529
HRV,Croatia,HRV,2003,4,2003.75,2003-Q4,2003q4,0.0086404499739375,-4.751300617205465
HRV,Croatia,HRV,2004,1,2004.0,2004-Q1,2004q1,0.0085136136247607,-4.76608879377099
HRV,Croatia,HRV,2004,2,2004.25,2004-Q2,2004q2,0.0085726120935801,-4.759182797762837
HRV,Croatia,HRV,2004,3,2004.5,2004-Q3,2004q3,0.0088780980281365,-4.724167930939824
HRV,Croatia,HRV,2004,4,2004.75,2004-Q4,2004q4,0.0090071049851455,-4.709741570298034
HRV,Croatia,HRV,2005,1,2005.0,2005-Q1,2005q1,0.0087165041939346,-4.742537016632196
HRV,Croatia,HRV,2005,2,2005.25,2005-Q2,2005q2,0.0090948584104646,-4.700046034976596
HRV,Croatia,HRV,2005,3,2005.5,2005-Q3,2005q3,0.0091881436463326,-4.689841360153356
HRV,Croatia,HRV,2005,4,2005.75,2005-Q4,2005q4,0.0092283663071791,-4.685473244272171
HRV,Croatia,HRV,2006,1,2006.0,2006-Q1,2006q1,0.009331133855546,-4.674398743581189
HRV,Croatia,HRV,2006,2,2006.25,2006-Q2,2006q2,0.009575568063662,-4.648540417877654
HRV,Croatia,HRV,2006,3,2006.5,2006-Q3,2006q3,0.0094235724943287,-4.66454101660688
HRV,Croatia,HRV,2006,4,2006.75,2006-Q4,2006q4,0.0094101820145245,-4.665962982901937
HRV,Croatia,HRV,2007,1,2007.0,2007-Q1,2007q1,0.0091021903010665,-4.699240201996218
HRV,Croatia,HRV,2007,2,2007.25,2007-Q2,2007q2,0.0090868887104059,-4.700922705465537
HRV,Croatia,HRV,2007,3,2007.5,2007-Q3,2007q3,0.0089972670180982,-4.710834412417121
HRV,Croatia,HRV,2007,4,2007.75,2007-Q4,2007q4,0.0090566290758902,-4.704258294840015
HRV,Croatia,HRV,2008,1,2008.0,2008-Q1,2008q1,0.0092990151143997,-4.677846786108357
HRV,Croatia,HRV,2008,2,2008.25,2008-Q2,2008q2,0.0091391094982938,-4.695192327333299
HRV,Croatia,HRV,2008,3,2008.5,2008-Q3,2008q3,0.0088782801138081,-4.724147421614088
HRV,Croatia,HRV,2008,4,2008.75,2008-Q4,2008q4,0.0088643936093999,-4.725712744570512
HRV,Croatia,HRV,2009,1,2009.0,2009-Q1,2009q1,0.0084241842280244,-4.776648634965996
HRV,Croatia,HRV,2009,2,2009.25,2009-Q2,2009q2,0.0084659912299521,-4.771698172797938
HRV,Croatia,HRV,2009,3,2009.5,2009-Q3,2009q3,0.0085198643181332,-4.765354863369455
HRV,Croatia,HRV,2009,4,2009.75,2009-Q4,2009q4,0.0085750871976168,-4.75889411716355
HRV,Croatia,HRV,2010,1,2010.0,2010-Q1,2010q1,0.0085021248065362,-4.767439169485417
HRV,Croatia,HRV,2010,2,2010.25,2010-Q2,2010q2,0.0087325037632438,-4.74070315033648
HRV,Croatia,HRV,2010,3,2010.5,2010-Q3,2010q3,0.0089146881676077,-4.720055006673889
HRV,Croatia,HRV,2010,4,2010.75,2010-Q4,2010q4,0.0087252602314252,-4.741532985387119
HRV,Croatia,HRV,2011,1,2011.0,2011-Q1,2011q1,0.0087651734224941,-4.73696897500957
HRV,Croatia,HRV,2011,2,2011.25,2011-Q2,2011q2,0.0092393226723358,-4.684286699875165
HRV,Croatia,HRV,2011,3,2011.5,2011-Q3,2011q3,0.0091140703788752,-4.697935864108027
HRV,Croatia,HRV,2011,4,2011.75,2011-Q4,2011q4,0.0091175391829834,-4.697555337732856
HRV,Croatia,HRV,2012,1,2012.0,2012-Q1,2012q1,0.0092261865506333,-4.68570947395194
HRV,Croatia,HRV,2012,2,2012.25,2012-Q2,2012q2,0.0091363391997438,-4.695495498939861
HRV,Croatia,HRV,2012,3,2012.5,2012-Q3,2012q3,0.009154206240359,-4.693541806923755
HRV,Croatia,HRV,2012,4,2012.75,2012-Q4,2012q4,0.0095424991443878,-4.65199986300821
HRV,Croatia,HRV,2013,1,2013.0,2013-Q1,2013q1,0.0095590469800457,-4.650267245167773
HRV,Croatia,HRV,2013,2,2013.25,2013-Q2,2013q2,0.0095575608114649,-4.65042272971817
HRV,Croatia,HRV,2013,3,2013.5,2013-Q3,2013q3,0.0095894378712456,-4.647093007941843
HRV,Croatia,HRV,2013,4,2013.75,2013-Q4,2013q4,0.0094364863081706,-4.6631715812307455
HRV,Croatia,HRV,2014,1,2014.0,2014-Q1,2014q1,0.0093506304704457,-4.672311507960648
HRV,Croatia,HRV,2014,2,2014.25,2014-Q2,2014q2,0.0093638240783295,-4.670901516551576
HRV,Croatia,HRV,2014,3,2014.5,2014-Q3,2014q3,0.0090983502760113,-4.6996621702444585
HRV,Croatia,HRV,2014,4,2014.75,2014-Q4,2014q4,0.0093947439722789,-4.6676048979751155
HRV,Croatia,HRV,2015,1,2015.0,2015-Q1,2015q1,0.0092867536720584,-4.679166230491965
HRV,Croatia,HRV,2015,2,2015.25,2015-Q2,2015q2,0.0094066543569806,-4.666337929839411
HRV,Croatia,HRV,2015,3,2015.5,2015-Q3,2015q3,0.0095755198018625,-4.648545457988152
HRV,Croatia,HRV,2015,4,2015.75,2015-Q4,2015q4,0.0094091014070918,-4.666077823346143
HRV,Croatia,HRV,2016,1,2016.0,2016-Q1,2016q1,0.0097741242640617,-4.628016766478376
HRV,Croatia,HRV,2016,2,2016.25,2016-Q2,2016q2,0.0096712952241345,-4.638593035969937
HRV,Croatia,HRV,2016,3,2016.5,2016-Q3,2016q3,0.0097981038882627,-4.625566392814954
HRV,Croatia,HRV,2016,4,2016.75,2016-Q4,2016q4,0.009925346616322,-4.612663529459804
HRV,Croatia,HRV,2017,1,2017.0,2017-Q1,2017q1,0.0100960634879176,-4.595609684780151
HRV,Croatia,HRV,2017,2,2017.25,2017-Q2,2017q2,0.0099546222585695,-4.609718287080981
HRV,Croatia,HRV,2017,3,2017.5,2017-Q3,2017q3,0.0099519311301073,-4.6099886632155185
HRV,Croatia,HRV,2017,4,2017.75,2017-Q4,2017q4,0.0100096049128805,-4.604210155676646
HRV,Croatia,HRV,2018,1,2018.0,2018-Q1,2018q1,0.0100359741765555,-4.601579223562629
HRV,Croatia,HRV,2018,2,2018.25,2018-Q2,2018q2,0.0102111614525716,-4.584273896902008
HRV,Croatia,HRV,2018,3,2018.5,2018-Q3,2018q3,0.0102820197895509,-4.577358560671538
HRV,Croatia,HRV,2018,4,2018.75,2018-Q4,2018q4,0.0103032892295464,-4.575292092051158
HRV,Croatia,HRV,2019,1,2019.0,2019-Q1,2019q1,0.0102753529711996,-4.578007166761685
HRV,Croatia,HRV,2019,2,2019.25,2019-Q2,2019q2,0.0105640514143393,-4.5502984176205015
HRV,Croatia,HRV,2019,3,2019.5,2019-Q3,2019q3,0.0105136763412248,-4.555078360659162
HRV,Croatia,HRV,2019,4,2019.75,2019-Q4,2019q4,0.0104077462141425,-4.565204921798804
HUN,Hungary,HUN,1995,1,1995.0,1995-Q1,1995q1,0.0065235647562758,-5.0323343106923035
HUN,Hungary,HUN,1995,2,1995.25,1995-Q2,1995q2,0.0065070206938738,-5.034873578226337
HUN,Hungary,HUN,1995,3,1995.5,1995-Q3,1995q3,0.0064926488672404,-5.037084685581205
HUN,Hungary,HUN,1995,4,1995.75,1995-Q4,1995q4,0.0064615646020109,-5.041883792059237
HUN,Hungary,HUN,1996,1,1996.0,1996-Q1,1996q1,0.0065194951263541,-5.032958340650056
HUN,Hungary,HUN,1996,2,1996.25,1996-Q2,1996q2,0.0064571963732759,-5.042560053336899
HUN,Hungary,HUN,1996,3,1996.5,1996-Q3,1996q3,0.0064410630248165,-5.045061686522467
HUN,Hungary,HUN,1996,4,1996.75,1996-Q4,1996q4,0.006519901613214,-5.032895993155283
HUN,Hungary,HUN,1997,1,1997.0,1997-Q1,1997q1,0.0066046510827674,-5.019981168630697
HUN,Hungary,HUN,1997,2,1997.25,1997-Q2,1997q2,0.0066626337093608,-5.011240420744341
HUN,Hungary,HUN,1997,3,1997.5,1997-Q3,1997q3,0.0067128210041237,-5.0037359984472
HUN,Hungary,HUN,1997,4,1997.75,1997-Q4,1997q4,0.0067680946715433,-4.995535668663858
HUN,Hungary,HUN,1998,1,1998.0,1998-Q1,1998q1,0.0067301086148205,-5.00116399655224
HUN,Hungary,HUN,1998,2,1998.25,1998-Q2,1998q2,0.0068183381320478,-4.988139512473317
HUN,Hungary,HUN,1998,3,1998.5,1998-Q3,1998q3,0.0068740935305187,-4.979995494228862
HUN,Hungary,HUN,1998,4,1998.75,1998-Q4,1998q4,0.0068758733690216,-4.979736608003776
HUN,Hungary,HUN,1999,1,1999.0,1999-Q1,1999q1,0.0066417092158664,-5.014385936590514
HUN,Hungary,HUN,1999,2,1999.25,1999-Q2,1999q2,0.0066930478323909,-5.006685928259721
HUN,Hungary,HUN,1999,3,1999.5,1999-Q3,1999q3,0.0068036208089432,-4.990300336609525
HUN,Hungary,HUN,1999,4,1999.75,1999-Q4,1999q4,0.0068530173059529,-4.983066241071133
HUN,Hungary,HUN,2000,1,2000.0,2000-Q1,2000q1,0.0069217493774606,-4.9730867410900785
HUN,Hungary,HUN,2000,2,2000.25,2000-Q2,2000q2,0.0069806963778623,-4.964606599582264
HUN,Hungary,HUN,2000,3,2000.5,2000-Q3,2000q3,0.0069911588863285,-4.9631089444428484
HUN,Hungary,HUN,2000,4,2000.75,2000-Q4,2000q4,0.0070707396402316,-4.9517901878226045
HUN,Hungary,HUN,2001,1,2001.0,2001-Q1,2001q1,0.0070811709598827,-4.950315995137956
HUN,Hungary,HUN,2001,2,2001.25,2001-Q2,2001q2,0.0071842234145426,-4.935867849559536
HUN,Hungary,HUN,2001,3,2001.5,2001-Q3,2001q3,0.0072241019216522,-4.930332354211139
HUN,Hungary,HUN,2001,4,2001.75,2001-Q4,2001q4,0.0073212818108957,-4.916969855560918
HUN,Hungary,HUN,2002,1,2002.0,2002-Q1,2002q1,0.0074600817663743,-4.898188904186548
HUN,Hungary,HUN,2002,2,2002.25,2002-Q2,2002q2,0.0074924285699252,-4.893862292362417
HUN,Hungary,HUN,2002,3,2002.5,2002-Q3,2002q3,0.0075630021290551,-4.884487060598949
HUN,Hungary,HUN,2002,4,2002.75,2002-Q4,2002q4,0.0076373658205288,-4.8747025231456185
HUN,Hungary,HUN,2003,1,2003.0,2003-Q1,2003q1,0.0076688002554904,-4.870595096243344
HUN,Hungary,HUN,2003,2,2003.25,2003-Q2,2003q2,0.0076719919779936,-4.870178987022819
HUN,Hungary,HUN,2003,3,2003.5,2003-Q3,2003q3,0.0077493087396836,-4.860151634474517
HUN,Hungary,HUN,2003,4,2003.75,2003-Q4,2003q4,0.0078128252800337,-4.851988628942051
HUN,Hungary,HUN,2004,1,2004.0,2004-Q1,2004q1,0.0079817168476469,-4.83060174684513
HUN,Hungary,HUN,2004,2,2004.25,2004-Q2,2004q2,0.0081194913961754,-4.813487762709253
HUN,Hungary,HUN,2004,3,2004.5,2004-Q3,2004q3,0.0082345393958604,-4.799417849417069
HUN,Hungary,HUN,2004,4,2004.75,2004-Q4,2004q4,0.0082438610285269,-4.798286473382897
HUN,Hungary,HUN,2005,1,2005.0,2005-Q1,2005q1,0.0083118346787538,-4.790074914849587
HUN,Hungary,HUN,2005,2,2005.25,2005-Q2,2005q2,0.0084990891669044,-4.767796278062346
HUN,Hungary,HUN,2005,3,2005.5,2005-Q3,2005q3,0.0085346950776217,-4.7636156494873765
HUN,Hungary,HUN,2005,4,2005.75,2005-Q4,2005q4,0.0086319880769087,-4.7522804322936265
HUN,Hungary,HUN,2006,1,2006.0,2006-Q1,2006q1,0.0086432603774076,-4.750975408851733
HUN,Hungary,HUN,2006,2,2006.25,2006-Q2,2006q2,0.0087427952432614,-4.739525318563354
HUN,Hungary,HUN,2006,3,2006.5,2006-Q3,2006q3,0.0088456838685298,-4.727825637397088
HUN,Hungary,HUN,2006,4,2006.75,2006-Q4,2006q4,0.0088972362743043,-4.722014581445816
HUN,Hungary,HUN,2007,1,2007.0,2007-Q1,2007q1,0.0087871826979444,-4.734461130839307
HUN,Hungary,HUN,2007,2,2007.25,2007-Q2,2007q2,0.0088055054452601,-4.7323781343362645
HUN,Hungary,HUN,2007,3,2007.5,2007-Q3,2007q3,0.0089057536953423,-4.721057728501183
HUN,Hungary,HUN,2007,4,2007.75,2007-Q4,2007q4,0.0090024245699553,-4.7102613412649825
HUN,Hungary,HUN,2008,1,2008.0,2008-Q1,2008q1,0.009112367619778,-4.698122709074913
HUN,Hungary,HUN,2008,2,2008.25,2008-Q2,2008q2,0.0091912684668543,-4.689501325278186
HUN,Hungary,HUN,2008,3,2008.5,2008-Q3,2008q3,0.009129681872733,-4.696224429151774
HUN,Hungary,HUN,2008,4,2008.75,2008-Q4,2008q4,0.0088758428587511,-4.724421978129898
HUN,Hungary,HUN,2009,1,2009.0,2009-Q1,2009q1,0.0086144695229065,-4.754311986881118
HUN,Hungary,HUN,2009,2,2009.25,2009-Q2,2009q2,0.0086560331258705,-4.749498729959444
HUN,Hungary,HUN,2009,3,2009.5,2009-Q3,2009q3,0.0087634488227993,-4.737165750281036
HUN,Hungary,HUN,2009,4,2009.75,2009-Q4,2009q4,0.0087242143940475,-4.74165285574441
HUN,Hungary,HUN,2010,1,2010.0,2010-Q1,2010q1,0.0087377973002229,-4.740097146224488
HUN,Hungary,HUN,2010,2,2010.25,2010-Q2,2010q2,0.0088102921070309,-4.73183468328054
HUN,Hungary,HUN,2010,3,2010.5,2010-Q3,2010q3,0.008852238895315,-4.7270848694355125
HUN,Hungary,HUN,2010,4,2010.75,2010-Q4,2010q4,0.0088513444877656,-4.727185911979364
HUN,Hungary,HUN,2011,1,2011.0,2011-Q1,2011q1,0.0089541879972539,-4.715633923487649
HUN,Hungary,HUN,2011,2,2011.25,2011-Q2,2011q2,0.0088882570977194,-4.723024300677097
HUN,Hungary,HUN,2011,3,2011.5,2011-Q3,2011q3,0.0088819959386888,-4.723728979364211
HUN,Hungary,HUN,2011,4,2011.75,2011-Q4,2011q4,0.0089496881362683,-4.716136592412165
HUN,Hungary,HUN,2012,1,2012.0,2012-Q1,2012q1,0.0088092638758727,-4.731951398044563
HUN,Hungary,HUN,2012,2,2012.25,2012-Q2,2012q2,0.0086505989049191,-4.750126722872257
HUN,Hungary,HUN,2012,3,2012.5,2012-Q3,2012q3,0.0085946538220722,-4.756614917622535
HUN,Hungary,HUN,2012,4,2012.75,2012-Q4,2012q4,0.0085776005295171,-4.758601063158455
HUN,Hungary,HUN,2013,1,2013.0,2013-Q1,2013q1,0.0087035475732771,-4.744024569392642
HUN,Hungary,HUN,2013,2,2013.25,2013-Q2,2013q2,0.0086351258213306,-4.751916996403306
HUN,Hungary,HUN,2013,3,2013.5,2013-Q3,2013q3,0.0087238040860702,-4.741699887787372
HUN,Hungary,HUN,2013,4,2013.75,2013-Q4,2013q4,0.008678202857381,-4.746940815826993
HUN,Hungary,HUN,2014,1,2014.0,2014-Q1,2014q1,0.0084929685775583,-4.768516683995855
HUN,Hungary,HUN,2014,2,2014.25,2014-Q2,2014q2,0.0086294599397445,-4.752573355248855
HUN,Hungary,HUN,2014,3,2014.5,2014-Q3,2014q3,0.0086180655478899,-4.7538946338891375
HUN,Hungary,HUN,2014,4,2014.75,2014-Q4,2014q4,0.0086315590057507,-4.752330140636418
HUN,Hungary,HUN,2015,1,2015.0,2015-Q1,2015q1,0.0087147906633753,-4.742733620565391
HUN,Hungary,HUN,2015,2,2015.25,2015-Q2,2015q2,0.0086457876232195,-4.750683056626231
HUN,Hungary,HUN,2015,3,2015.5,2015-Q3,2015q3,0.0086330051153187,-4.752162617198092
HUN,Hungary,HUN,2015,4,2015.75,2015-Q4,2015q4,0.0086926882626853,-4.7452730362569335
HUN,Hungary,HUN,2016,1,2016.0,2016-Q1,2016q1,0.0085752891888546,-4.75887056185103
HUN,Hungary,HUN,2016,2,2016.25,2016-Q2,2016q2,0.0086044138354058,-4.755479970708477
HUN,Hungary,HUN,2016,3,2016.5,2016-Q3,2016q3,0.0085956691797334,-4.756496786315488
HUN,Hungary,HUN,2016,4,2016.75,2016-Q4,2016q4,0.008597366988196,-4.756299286763746
HUN,Hungary,HUN,2017,1,2017.0,2017-Q1,2017q1,0.0087078037670097,-4.743535670658225
HUN,Hungary,HUN,2017,2,2017.25,2017-Q2,2017q2,0.0087829701244316,-4.734940645575018
HUN,Hungary,HUN,2017,3,2017.5,2017-Q3,2017q3,0.0088358855874407,-4.728933941964334
HUN,Hungary,HUN,2017,4,2017.75,2017-Q4,2017q4,0.0089447527275263,-4.716688206056281
HUN,Hungary,HUN,2018,1,2018.0,2018-Q1,2018q1,0.0090817935541543,-4.701483577884458
HUN,Hungary,HUN,2018,2,2018.25,2018-Q2,2018q2,0.0091688029952148,-4.691948536107159
HUN,Hungary,HUN,2018,3,2018.5,2018-Q3,2018q3,0.0093052047309607,-4.677181386877342
HUN,Hungary,HUN,2018,4,2018.75,2018-Q4,2018q4,0.009391430076781,-4.667957699511353
HUN,Hungary,HUN,2019,1,2019.0,2019-Q1,2019q1,0.0094815767960328,-4.658404647850848
HUN,Hungary,HUN,2019,2,2019.25,2019-Q2,2019q2,0.0095642529023402,-4.649722786580068
HUN,Hungary,HUN,2019,3,2019.5,2019-Q3,2019q3,0.0097108954984511,-4.63450677658001
HUN,Hungary,HUN,2019,4,2019.75,2019-Q4,2019q4,0.0097583291323592,-4.629634088667751
IDN,Indonesia,IDN,1990,1,1990.0,1990-Q1,1990q1,0.0009307667755559,-6.979501821676962
IDN,Indonesia,IDN,1990,2,1990.25,1990-Q2,1990q2,0.000951865317079,-6.957087006837763
IDN,Indonesia,IDN,1990,3,1990.5,1990-Q3,1990q3,0.0009734595148085,-6.934654321270517
IDN,Indonesia,IDN,1990,4,1990.75,1990-Q4,1990q4,0.0009880962990698,-6.919730396272041
IDN,Indonesia,IDN,1991,1,1991.0,1991-Q1,1991q1,0.0010051795317832,-6.902589114834822
IDN,Indonesia,IDN,1991,2,1991.25,1991-Q2,1991q2,0.0010307344747433,-6.87748364858791
IDN,Indonesia,IDN,1991,3,1991.5,1991-Q3,1991q3,0.0010476832672046,-6.861173964712562
IDN,Indonesia,IDN,1991,4,1991.75,1991-Q4,1991q4,0.0010595102568384,-6.849948499473709
IDN,Indonesia,IDN,1992,1,1992.0,1992-Q1,1992q1,0.0010504749035265,-6.85851292799172
IDN,Indonesia,IDN,1992,2,1992.25,1992-Q2,1992q2,0.0010607155676868,-6.848811534755801
IDN,Indonesia,IDN,1992,3,1992.5,1992-Q3,1992q3,0.0010944731858857,-6.817482140263818
IDN,Indonesia,IDN,1992,4,1992.75,1992-Q4,1992q4,0.0010959232712979,-6.816158100846856
IDN,Indonesia,IDN,1993,1,1993.0,1993-Q1,1993q1,0.001117693451258,-6.796488135713072
IDN,Indonesia,IDN,1993,2,1993.25,1993-Q2,1993q2,0.0011258176637893,-6.789245695068716
IDN,Indonesia,IDN,1993,3,1993.5,1993-Q3,1993q3,0.0011585001772288,-6.760629061110586
IDN,Indonesia,IDN,1993,4,1993.75,1993-Q4,1993q4,0.0011927954624614,-6.731455598627789
IDN,Indonesia,IDN,1994,1,1994.0,1994-Q1,1994q1,0.0011749803289417,-6.746503872852365
IDN,Indonesia,IDN,1994,2,1994.25,1994-Q2,1994q2,0.001197969776096,-6.727127008241517
IDN,Indonesia,IDN,1994,3,1994.5,1994-Q3,1994q3,0.0011940995967989,-6.730362853086076
IDN,Indonesia,IDN,1994,4,1994.75,1994-Q4,1994q4,0.0011918565483985,-6.7322430628843275
IDN,Indonesia,IDN,1995,1,1995.0,1995-Q1,1995q1,0.00124041266544,-6.692311160019391
IDN,Indonesia,IDN,1995,2,1995.25,1995-Q2,1995q2,0.0012568389002469,-6.679155519682239
IDN,Indonesia,IDN,1995,3,1995.5,1995-Q3,1995q3,0.0012600531498489,-6.676601376488642
IDN,Indonesia,IDN,1995,4,1995.75,1995-Q4,1995q4,0.0012708106898191,-6.668100243722722
IDN,Indonesia,IDN,1996,1,1996.0,1996-Q1,1996q1,0.0012814178336255,-6.6597881315583205
IDN,Indonesia,IDN,1996,2,1996.25,1996-Q2,1996q2,0.0013135670605592,-6.635008895281485
IDN,Indonesia,IDN,1996,3,1996.5,1996-Q3,1996q3,0.0013323560805509,-6.620806414848717
IDN,Indonesia,IDN,1996,4,1996.75,1996-Q4,1996q4,0.0013695754836666,-6.593254453097261
IDN,Indonesia,IDN,1997,1,1997.0,1997-Q1,1997q1,0.0013496682883657,-6.607896429045721
IDN,Indonesia,IDN,1997,2,1997.25,1997-Q2,1997q2,0.0013620528097825,-6.598762298304221
IDN,Indonesia,IDN,1997,3,1997.5,1997-Q3,1997q3,0.0013752893627833,-6.589091124343603
IDN,Indonesia,IDN,1997,4,1997.75,1997-Q4,1997q4,0.0013665609406109,-6.5954579574610745
IDN,Indonesia,IDN,1998,1,1998.0,1998-Q1,1998q1,0.0012491052464039,-6.685327786854005
IDN,Indonesia,IDN,1998,2,1998.25,1998-Q2,1998q2,0.0011500172533925,-6.767978333769522
IDN,Indonesia,IDN,1998,3,1998.5,1998-Q3,1998q3,0.001123613069917,-6.791205830622237
IDN,Indonesia,IDN,1998,4,1998.75,1998-Q4,1998q4,0.001098679483151,-6.813646290181682
IDN,Indonesia,IDN,1999,1,1999.0,1999-Q1,1999q1,0.0011505329778748,-6.767529984949374
IDN,Indonesia,IDN,1999,2,1999.25,1999-Q2,1999q2,0.0011492641357614,-6.768633423365415
IDN,Indonesia,IDN,1999,3,1999.5,1999-Q3,1999q3,0.0011433539188038,-6.773789301849818
IDN,Indonesia,IDN,1999,4,1999.75,1999-Q4,1999q4,0.00115161604994,-6.766589062244527
IDN,Indonesia,IDN,2000,1,2000.0,2000-Q1,2000q1,0.0011803339349122,-6.741957884851986
IDN,Indonesia,IDN,2000,2,2000.25,2000-Q2,2000q2,0.0011802859603782,-6.74199853056043
IDN,Indonesia,IDN,2000,3,2000.5,2000-Q3,2000q3,0.0011899519262217,-6.733842370807751
IDN,Indonesia,IDN,2000,4,2000.75,2000-Q4,2000q4,0.0012152920630648,-6.712770849953246
IDN,Indonesia,IDN,2001,1,2001.0,2001-Q1,2001q1,0.0012135655854709,-6.714192487722521
IDN,Indonesia,IDN,2001,2,2001.25,2001-Q2,2001q2,0.001226544038178,-6.703554789343259
IDN,Indonesia,IDN,2001,3,2001.5,2001-Q3,2001q3,0.0012193360275524,-6.709448808100307
IDN,Indonesia,IDN,2001,4,2001.75,2001-Q4,2001q4,0.0012254351917038,-6.704459239541104
IDN,Indonesia,IDN,2002,1,2002.0,2002-Q1,2002q1,0.0012458157036411,-6.687964779957099
IDN,Indonesia,IDN,2002,2,2002.25,2002-Q2,2002q2,0.0012622427175232,-6.674865205682812
IDN,Indonesia,IDN,2002,3,2002.5,2002-Q3,2002q3,0.0012747617372721,-6.664995990562396
IDN,Indonesia,IDN,2002,4,2002.75,2002-Q4,2002q4,0.0012732043364419,-6.6662184566228495
IDN,Indonesia,IDN,2003,1,2003.0,2003-Q1,2003q1,0.0012923623855777,-6.651283428756798
IDN,Indonesia,IDN,2003,2,2003.25,2003-Q2,2003q2,0.001306521530051,-6.640386993957604
IDN,Indonesia,IDN,2003,3,2003.5,2003-Q3,2003q3,0.00131659158099,-6.632709017459526
IDN,Indonesia,IDN,2003,4,2003.75,2003-Q4,2003q4,0.0013146168727164,-6.634210007349981
IDN,Indonesia,IDN,2004,1,2004.0,2004-Q1,2004q1,0.0013337678572087,-6.61974736671539
IDN,Indonesia,IDN,2004,2,2004.25,2004-Q2,2004q2,0.0013505801313532,-6.607221051909676
IDN,Indonesia,IDN,2004,3,2004.5,2004-Q3,2004q3,0.0013634685570227,-6.59772341643393
IDN,Indonesia,IDN,2004,4,2004.75,2004-Q4,2004q4,0.0013904186049997,-6.57815042250146
IDN,Indonesia,IDN,2005,1,2005.0,2005-Q1,2005q1,0.0014133327879638,-6.561804684281125
IDN,Indonesia,IDN,2005,2,2005.25,2005-Q2,2005q2,0.0014273987558071,-6.55190154307747
IDN,Indonesia,IDN,2005,3,2005.5,2005-Q3,2005q3,0.0014383413612216,-6.544264661748091
IDN,Indonesia,IDN,2005,4,2005.75,2005-Q4,2005q4,0.0014540030885556,-6.5334347756945235
IDN,Indonesia,IDN,2006,1,2006.0,2006-Q1,2006q1,0.0014664806873415,-6.52488983885169
IDN,Indonesia,IDN,2006,2,2006.25,2006-Q2,2006q2,0.0014761500342094,-6.518317908776425
IDN,Indonesia,IDN,2006,3,2006.5,2006-Q3,2006q3,0.0014953035273024,-6.505426064451023
IDN,Indonesia,IDN,2006,4,2006.75,2006-Q4,2006q4,0.0015151773635116,-6.492222775248334
IDN,Indonesia,IDN,2007,1,2007.0,2007-Q1,2007q1,0.0014909028544025,-6.508373399981817
IDN,Indonesia,IDN,2007,2,2007.25,2007-Q2,2007q2,0.0015061636217618,-6.498189508917868
IDN,Indonesia,IDN,2007,3,2007.5,2007-Q3,2007q3,0.0015197685610485,-6.489197218185151
IDN,Indonesia,IDN,2007,4,2007.75,2007-Q4,2007q4,0.0015304424032882,-6.4821984328983655
IDN,Indonesia,IDN,2008,1,2008.0,2008-Q1,2008q1,0.0015567882133792,-6.46513041761772
IDN,Indonesia,IDN,2008,2,2008.25,2008-Q2,2008q2,0.0015847866814052,-6.44730546657461
IDN,Indonesia,IDN,2008,3,2008.5,2008-Q3,2008q3,0.0016023235973042,-6.436300454914029
IDN,Indonesia,IDN,2008,4,2008.75,2008-Q4,2008q4,0.0016015309002123,-6.436795294557146
IDN,Indonesia,IDN,2009,1,2009.0,2009-Q1,2009q1,0.0016023921527738,-6.436257670795276
IDN,Indonesia,IDN,2009,2,2009.25,2009-Q2,2009q2,0.0016131950836626,-6.429538542538141
IDN,Indonesia,IDN,2009,3,2009.5,2009-Q3,2009q3,0.001627932691345,-6.42044435663917
IDN,Indonesia,IDN,2009,4,2009.75,2009-Q4,2009q4,0.0016502368102222,-6.406836480021063
IDN,Indonesia,IDN,2010,1,2010.0,2010-Q1,2010q1,0.0016601851590292,-6.400826141250129
IDN,Indonesia,IDN,2010,2,2010.25,2010-Q2,2010q2,0.0016704923160631,-6.394636895960682
IDN,Indonesia,IDN,2010,3,2010.5,2010-Q3,2010q3,0.0016725139195086,-6.3934274434203795
IDN,Indonesia,IDN,2010,4,2010.75,2010-Q4,2010q4,0.0017047349545344,-6.374345632216536
IDN,Indonesia,IDN,2011,1,2011.0,2011-Q1,2011q1,0.0017119155358434,-6.370142339019744
IDN,Indonesia,IDN,2011,2,2011.25,2011-Q2,2011q2,0.0017427457833027,-6.352293373165921
IDN,Indonesia,IDN,2011,3,2011.5,2011-Q3,2011q3,0.0017703519970546,-6.336576883775668
IDN,Indonesia,IDN,2011,4,2011.75,2011-Q4,2011q4,0.0017738430253634,-6.334606885276294
IDN,Indonesia,IDN,2012,1,2012.0,2012-Q1,2012q1,0.0017773316264581,-6.332642125691653
IDN,Indonesia,IDN,2012,2,2012.25,2012-Q2,2012q2,0.0017874601383148,-6.326959583888234
IDN,Indonesia,IDN,2012,3,2012.5,2012-Q3,2012q3,0.0017920709116841,-6.324383393960032
IDN,Indonesia,IDN,2012,4,2012.75,2012-Q4,2012q4,0.0018140739597588,-6.312180156478216
IDN,Indonesia,IDN,2013,1,2013.0,2013-Q1,2013q1,0.0018498511703326,-6.29265009159692
IDN,Indonesia,IDN,2013,2,2013.25,2013-Q2,2013q2,0.0018743468467584,-6.279495028642679
IDN,Indonesia,IDN,2013,3,2013.5,2013-Q3,2013q3,0.0018917706233439,-6.27024205072109
IDN,Indonesia,IDN,2013,4,2013.75,2013-Q4,2013q4,0.0018998654498394,-6.265972211191305
IDN,Indonesia,IDN,2014,1,2014.0,2014-Q1,2014q1,0.0019118524225998,-6.259682652164571
IDN,Indonesia,IDN,2014,2,2014.25,2014-Q2,2014q2,0.0019326286819528,-6.248874191386975
IDN,Indonesia,IDN,2014,3,2014.5,2014-Q3,2014q3,0.0019513691914903,-6.239224003315895
IDN,Indonesia,IDN,2014,4,2014.75,2014-Q4,2014q4,0.001957260739769,-6.236209365018486
IDN,Indonesia,IDN,2015,1,2015.0,2015-Q1,2015q1,0.0019629695332587,-6.233296884308156
IDN,Indonesia,IDN,2015,2,2015.25,2015-Q2,2015q2,0.0020004559580935,-6.2143801453587155
IDN,Indonesia,IDN,2015,3,2015.5,2015-Q3,2015q3,0.0020415163362618,-6.194062445149077
IDN,Indonesia,IDN,2015,4,2015.75,2015-Q4,2015q4,0.0020295552426962,-6.19993860220054
IDN,Indonesia,IDN,2016,1,2016.0,2016-Q1,2016q1,0.0020647700242173,-6.182736427188836
IDN,Indonesia,IDN,2016,2,2016.25,2016-Q2,2016q2,0.0020751970727807,-6.177699154975227
IDN,Indonesia,IDN,2016,3,2016.5,2016-Q3,2016q3,0.0020823494112375,-6.174258498068493
IDN,Indonesia,IDN,2016,4,2016.75,2016-Q4,2016q4,0.0020962343577391,-6.1676127068754
IDN,Indonesia,IDN,2017,1,2017.0,2017-Q1,2017q1,0.002098870304082,-6.166356029437153
IDN,Indonesia,IDN,2017,2,2017.25,2017-Q2,2017q2,0.0021227560648812,-6.15504000400199
IDN,Indonesia,IDN,2017,3,2017.5,2017-Q3,2017q3,0.002145766949814,-6.1442582381479305
IDN,Indonesia,IDN,2017,4,2017.75,2017-Q4,2017q4,0.0021426136382624,-6.145728868869787
IDN,Indonesia,IDN,2018,1,2018.0,2018-Q1,2018q1,0.0021571837492654,-6.138951727783146
IDN,Indonesia,IDN,2018,2,2018.25,2018-Q2,2018q2,0.0021681053221276,-6.133901616267564
IDN,Indonesia,IDN,2018,3,2018.5,2018-Q3,2018q3,0.0021711332620235,-6.132506007186088
IDN,Indonesia,IDN,2018,4,2018.75,2018-Q4,2018q4,0.0021782881217269,-6.1292159759263
IDN,Indonesia,IDN,2019,1,2019.0,2019-Q1,2019q1,0.0021541095189433,-6.140377857091404
IDN,Indonesia,IDN,2019,2,2019.25,2019-Q2,2019q2,0.00218972408457,-6.123979731871803
IDN,Indonesia,IDN,2019,3,2019.5,2019-Q3,2019q3,0.0022181977105564,-6.111060254911918
IDN,Indonesia,IDN,2019,4,2019.75,2019-Q4,2019q4,0.0021883849758553,-6.124591461154001
IND,India,IND,1996,2,1996.25,1996-Q2,1996q2,0.000493258871078,-7.614476428270413
IND,India,IND,1996,3,1996.5,1996-Q3,1996q3,0.0004844927208649,-7.632408150760969
IND,India,IND,1996,4,1996.75,1996-Q4,1996q4,0.0005023326964108,-7.596247915934761
IND,India,IND,1997,1,1997.0,1997-Q1,1997q1,0.0005016477458656,-7.5976123860431946
IND,India,IND,1997,2,1997.25,1997-Q2,1997q2,0.0004968503865778,-7.607221610229843
IND,India,IND,1997,3,1997.5,1997-Q3,1997q3,0.000494762007507,-7.611433703928709
IND,India,IND,1997,4,1997.75,1997-Q4,1997q4,0.0005077854667246,-7.585451509180848
IND,India,IND,1998,1,1998.0,1998-Q1,1998q1,0.0005134547070692,-7.574348736830197
IND,India,IND,1998,2,1998.25,1998-Q2,1998q2,0.0005152502495133,-7.570857853937055
IND,India,IND,1998,3,1998.5,1998-Q3,1998q3,0.0005179600157572,-7.565612508341981
IND,India,IND,1998,4,1998.75,1998-Q4,1998q4,0.0005234815261047,-7.555008817474642
IND,India,IND,1999,1,1999.0,1999-Q1,1999q1,0.0005308634666129,-7.541005694807429
IND,India,IND,1999,2,1999.25,1999-Q2,1999q2,0.0005411967558154,-7.5217276561139155
IND,India,IND,1999,3,1999.5,1999-Q3,1999q3,0.0005419074935855,-7.520415247132954
IND,India,IND,1999,4,1999.75,1999-Q4,1999q4,0.0005460083065923,-7.512876368796083
IND,India,IND,2000,1,2000.0,2000-Q1,2000q1,0.0005586509352065,-7.489985724925072
IND,India,IND,2000,2,2000.25,2000-Q2,2000q2,0.0005554868056953,-7.495665701290348
IND,India,IND,2000,3,2000.5,2000-Q3,2000q3,0.0005592502465172,-7.48891351679449
IND,India,IND,2000,4,2000.75,2000-Q4,2000q4,0.0005539443938401,-7.498446248384393
IND,India,IND,2001,1,2001.0,2001-Q1,2001q1,0.0005532139585296,-7.499765726153607
IND,India,IND,2001,2,2001.25,2001-Q2,2001q2,0.0005613609381432,-7.4851464758245445
IND,India,IND,2001,3,2001.5,2001-Q3,2001q3,0.0005643227313644,-7.47988425138972
IND,India,IND,2001,4,2001.75,2001-Q4,2001q4,0.0005743688372193,-7.462238794453908
IND,India,IND,2002,1,2002.0,2002-Q1,2002q1,0.0005738060118771,-7.463219177167783
IND,India,IND,2002,2,2002.25,2002-Q2,2002q2,0.0005751032656874,-7.4609609407919
IND,India,IND,2002,3,2002.5,2002-Q3,2002q3,0.0005739368578232,-7.462991171487903
IND,India,IND,2002,4,2002.75,2002-Q4,2002q4,0.0005729659169172,-7.464684324838544
IND,India,IND,2003,1,2003.0,2003-Q1,2003q1,0.0005765945222306,-7.45837127292546
IND,India,IND,2003,2,2003.25,2003-Q2,2003q2,0.0005879982237239,-7.438786630947931
IND,India,IND,2003,3,2003.5,2003-Q3,2003q3,0.0006000485671135,-7.418499960834846
IND,India,IND,2003,4,2003.75,2003-Q4,2003q4,0.000624741449621,-7.3781726744237
IND,India,IND,2004,1,2004.0,2004-Q1,2004q1,0.0006093617851252,-7.403098402395695
IND,India,IND,2004,2,2004.25,2004-Q2,2004q2,0.0006212507022478,-7.383775850175322
IND,India,IND,2004,3,2004.5,2004-Q3,2004q3,0.0006356456532771,-7.360869298824671
IND,India,IND,2004,4,2004.75,2004-Q4,2004q4,0.0006410135919317,-7.3524598970067885
IND,India,IND,2005,1,2005.0,2005-Q1,2005q1,0.0006465484216876,-7.343862464355081
IND,India,IND,2005,2,2005.25,2005-Q2,2005q2,0.0006612934003372,-7.321312943165303
IND,India,IND,2005,3,2005.5,2005-Q3,2005q3,0.0006698150564162,-7.308508918883692
IND,India,IND,2005,4,2005.75,2005-Q4,2005q4,0.0006845537203477,-7.286743435164488
IND,India,IND,2006,1,2006.0,2006-Q1,2006q1,0.0007087657485813,-7.2519854829486485
IND,India,IND,2006,2,2006.25,2006-Q2,2006q2,0.0007103101871027,-7.249808800091372
IND,India,IND,2006,3,2006.5,2006-Q3,2006q3,0.0007360717501026,-7.214182957434457
IND,India,IND,2006,4,2006.75,2006-Q4,2006q4,0.0007521254797454,-7.192607386570679
IND,India,IND,2007,1,2007.0,2007-Q1,2007q1,0.0007752623821571,-7.162309028286562
IND,India,IND,2007,2,2007.25,2007-Q2,2007q2,0.0007856143484748,-7.149044536738976
IND,India,IND,2007,3,2007.5,2007-Q3,2007q3,0.0008011889097175,-7.129413796358404
IND,India,IND,2007,4,2007.75,2007-Q4,2007q4,0.0008334180199362,-7.089975217016013
IND,India,IND,2008,1,2008.0,2008-Q1,2008q1,0.0008423172490543,-7.079353834336314
IND,India,IND,2008,2,2008.25,2008-Q2,2008q2,0.0008470863928005,-7.073707869929897
IND,India,IND,2008,3,2008.5,2008-Q3,2008q3,0.0008513828762401,-7.068648617245936
IND,India,IND,2008,4,2008.75,2008-Q4,2008q4,0.0008492207275588,-7.071191420097206
IND,India,IND,2009,1,2009.0,2009-Q1,2009q1,0.0008431339764857,-7.07838468437463
IND,India,IND,2009,2,2009.25,2009-Q2,2009q2,0.000886572524052,-7.0281476263749
IND,India,IND,2009,3,2009.5,2009-Q3,2009q3,0.0009077286674562,-7.004565048407329
IND,India,IND,2009,4,2009.75,2009-Q4,2009q4,0.0009218599571319,-6.9891172362566545
IND,India,IND,2010,1,2010.0,2010-Q1,2010q1,0.0009522760738029,-6.956655571722452
IND,India,IND,2010,2,2010.25,2010-Q2,2010q2,0.0009764812284411,-6.931555031138916
IND,India,IND,2010,3,2010.5,2010-Q3,2010q3,0.0009924366169859,-6.915347409421134
IND,India,IND,2010,4,2010.75,2010-Q4,2010q4,0.0010227162958584,-6.885293156126131
IND,India,IND,2011,1,2011.0,2011-Q1,2011q1,0.0010231204097346,-6.884898096363686
IND,India,IND,2011,2,2011.25,2011-Q2,2011q2,0.0010322813662609,-6.875984007357089
IND,India,IND,2011,3,2011.5,2011-Q3,2011q3,0.0010295528047023,-6.878630741211702
IND,India,IND,2011,4,2011.75,2011-Q4,2011q4,0.0010616210870617,-6.847958211671718
IND,India,IND,2012,1,2012.0,2012-Q1,2012q1,0.0010549543222846,-6.8542578094041255
IND,India,IND,2012,2,2012.25,2012-Q2,2012q2,0.0010559390812378,-6.853324783583877
IND,India,IND,2012,3,2012.5,2012-Q3,2012q3,0.0010728847426499,-6.837404237086403
IND,India,IND,2012,4,2012.75,2012-Q4,2012q4,0.0010953105521285,-6.816717346673403
IND,India,IND,2013,1,2013.0,2013-Q1,2013q1,0.0011276355398764,-6.787632281061727
IND,India,IND,2013,2,2013.25,2013-Q2,2013q2,0.0011456153226376,-6.771813386639938
IND,India,IND,2013,3,2013.5,2013-Q3,2013q3,0.0011673208905586,-6.753043992987942
IND,India,IND,2013,4,2013.75,2013-Q4,2013q4,0.0011982831269921,-6.726865474162637
IND,India,IND,2014,1,2014.0,2014-Q1,2014q1,0.0012185554188535,-6.710089204723978
IND,India,IND,2014,2,2014.25,2014-Q2,2014q2,0.0012602399247541,-6.676453159674158
IND,India,IND,2014,3,2014.5,2014-Q3,2014q3,0.0012859513391688,-6.656256492787129
IND,India,IND,2014,4,2014.75,2014-Q4,2014q4,0.001304151961715,-6.642202287209843
IND,India,IND,2015,1,2015.0,2015-Q1,2015q1,0.0013371069741607,-6.617246973471609
IND,India,IND,2015,2,2015.25,2015-Q2,2015q2,0.0013827872007691,-6.583654105984302
IND,India,IND,2015,3,2015.5,2015-Q3,2015q3,0.0014107137560711,-6.563659492693606
IND,India,IND,2015,4,2015.75,2015-Q4,2015q4,0.0014329597616882,-6.548013210301316
IND,India,IND,2016,1,2016.0,2016-Q1,2016q1,0.0014921053355628,-6.5075671794494845
IND,India,IND,2016,2,2016.25,2016-Q2,2016q2,0.0015371880199497,-6.4778004927272566
IND,India,IND,2016,3,2016.5,2016-Q3,2016q3,0.0015739080687449,-6.454193536826748
IND,India,IND,2016,4,2016.75,2016-Q4,2016q4,0.0015902528835856,-6.443862229116264
IND,India,IND,2017,1,2017.0,2017-Q1,2017q1,0.0016206265794589,-6.424942427073193
IND,India,IND,2017,2,2017.25,2017-Q2,2017q2,0.0016711898356483,-6.39421942980821
IND,India,IND,2017,3,2017.5,2017-Q3,2017q3,0.0017209420966293,-6.364883407507997
IND,India,IND,2017,4,2017.75,2017-Q4,2017q4,0.0017639103015961,-6.340222172125731
IND,India,IND,2018,1,2018.0,2018-Q1,2018q1,0.0017784391395922,-6.332019187238766
IND,India,IND,2018,2,2018.25,2018-Q2,2018q2,0.0018083268765891,-6.315353238779904
IND,India,IND,2018,3,2018.5,2018-Q3,2018q3,0.0018730361249742,-6.280194568480234
IND,India,IND,2018,4,2018.75,2018-Q4,2018q4,0.0018949318031829,-6.268572428861602
IND,India,IND,2019,1,2019.0,2019-Q1,2019q1,0.0018647573951323,-6.284624317386871
IND,India,IND,2019,2,2019.25,2019-Q2,2019q2,0.0017696270598797,-6.336986455229834
IND,India,IND,2019,3,2019.5,2019-Q3,2019q3,0.0017276951268791,-6.360967055370313
IND,India,IND,2019,4,2019.75,2019-Q4,2019q4,0.0016880249441661,-6.384196105567971
IRL,Ireland,IRL,1995,1,1995.0,1995-Q1,1995q1,0.0209552306784949,-3.865366989386289
IRL,Ireland,IRL,1995,2,1995.25,1995-Q2,1995q2,0.0209643832298294,-3.8649303178320165
IRL,Ireland,IRL,1995,3,1995.5,1995-Q3,1995q3,0.0208898590918723,-3.8684914486794804
IRL,Ireland,IRL,1995,4,1995.75,1995-Q4,1995q4,0.0210199193301302,-3.862284751308051
IRL,Ireland,IRL,1996,1,1996.0,1996-Q1,1996q1,0.0217567704572962,-3.827830284493761
IRL,Ireland,IRL,1996,2,1996.25,1996-Q2,1996q2,0.0219979335614368,-3.8168067590610284
IRL,Ireland,IRL,1996,3,1996.5,1996-Q3,1996q3,0.0215372349134773,-3.8379719853418592
IRL,Ireland,IRL,1996,4,1996.75,1996-Q4,1996q4,0.0215411322672995,-3.8377910428369364
IRL,Ireland,IRL,1997,1,1997.0,1997-Q1,1997q1,0.0225132271854941,-3.7936522675916766
IRL,Ireland,IRL,1997,2,1997.25,1997-Q2,1997q2,0.0229006450768405,-3.776590199524345
IRL,Ireland,IRL,1997,3,1997.5,1997-Q3,1997q3,0.0231119035484678,-3.767407489050007
IRL,Ireland,IRL,1997,4,1997.75,1997-Q4,1997q4,0.0234303474540336,-3.75372319712153
IRL,Ireland,IRL,1998,1,1998.0,1998-Q1,1998q1,0.0218574874707804,-3.823211740132295
IRL,Ireland,IRL,1998,2,1998.25,1998-Q2,1998q2,0.0228680752104921,-3.778013436689017
IRL,Ireland,IRL,1998,3,1998.5,1998-Q3,1998q3,0.0219964412295509,-3.816874601001893
IRL,Ireland,IRL,1998,4,1998.75,1998-Q4,1998q4,0.0215787340653607,-3.8360469832750463
IRL,Ireland,IRL,1999,1,1999.0,1999-Q1,1999q1,0.0225851290354036,-3.790463596568729
IRL,Ireland,IRL,1999,2,1999.25,1999-Q2,1999q2,0.0231792530724203,-3.764497664522389
IRL,Ireland,IRL,1999,3,1999.5,1999-Q3,1999q3,0.0233843274203265,-3.755689249375627
IRL,Ireland,IRL,1999,4,1999.75,1999-Q4,1999q4,0.0239358016679236,-3.732379963156735
IRL,Ireland,IRL,2000,1,2000.0,2000-Q1,2000q1,0.02421567910803,-3.7207549585881297
IRL,Ireland,IRL,2000,2,2000.25,2000-Q2,2000q2,0.0244520133087304,-3.7110427225359763
IRL,Ireland,IRL,2000,3,2000.5,2000-Q3,2000q3,0.0246062130588439,-3.7047563045649397
IRL,Ireland,IRL,2000,4,2000.75,2000-Q4,2000q4,0.0247852135933732,-3.6975080296983087
IRL,Ireland,IRL,2001,1,2001.0,2001-Q1,2001q1,0.0251817335743911,-3.6816364054605386
IRL,Ireland,IRL,2001,2,2001.25,2001-Q2,2001q2,0.025261087536421,-3.678490109288199
IRL,Ireland,IRL,2001,3,2001.5,2001-Q3,2001q3,0.0247947265318018,-3.69712428826896
IRL,Ireland,IRL,2001,4,2001.75,2001-Q4,2001q4,0.0251197720318954,-3.6841000125867183
IRL,Ireland,IRL,2002,1,2002.0,2002-Q1,2002q1,0.0260489256494649,-3.647778753496382
IRL,Ireland,IRL,2002,2,2002.25,2002-Q2,2002q2,0.0256527392015563,-3.6631049215834866
IRL,Ireland,IRL,2002,3,2002.5,2002-Q3,2002q3,0.0263444718785327,-3.6364968218861122
IRL,Ireland,IRL,2002,4,2002.75,2002-Q4,2002q4,0.0265441861607773,-3.6289445322683576
IRL,Ireland,IRL,2003,1,2003.0,2003-Q1,2003q1,0.0258969176825087,-3.6536313257560535
IRL,Ireland,IRL,2003,2,2003.25,2003-Q2,2003q2,0.0261594530304019,-3.643544661235508
IRL,Ireland,IRL,2003,3,2003.5,2003-Q3,2003q3,0.0262648146533002,-3.6395250813953166
IRL,Ireland,IRL,2003,4,2003.75,2003-Q4,2003q4,0.0276880411790278,-3.586754685398401
IRL,Ireland,IRL,2004,1,2004.0,2004-Q1,2004q1,0.0270373065056405,-3.6105376442467185
IRL,Ireland,IRL,2004,2,2004.25,2004-Q2,2004q2,0.0278424626862331,-3.581192988870922
IRL,Ireland,IRL,2004,3,2004.5,2004-Q3,2004q3,0.0272282392213408,-3.6035006375770577
IRL,Ireland,IRL,2004,4,2004.75,2004-Q4,2004q4,0.0278113105289886,-3.5823124874672727
IRL,Ireland,IRL,2005,1,2005.0,2005-Q1,2005q1,0.0278597176102753,-3.580573446709295
IRL,Ireland,IRL,2005,2,2005.25,2005-Q2,2005q2,0.0279438653246782,-3.577557590961085
IRL,Ireland,IRL,2005,3,2005.5,2005-Q3,2005q3,0.0272419220123365,-3.6029982417341375
IRL,Ireland,IRL,2005,4,2005.75,2005-Q4,2005q4,0.028039251215886,-3.5741499213133223
IRL,Ireland,IRL,2006,1,2006.0,2006-Q1,2006q1,0.0278593454216648,-3.5805868061805515
IRL,Ireland,IRL,2006,2,2006.25,2006-Q2,2006q2,0.0278682965506355,-3.580265560610817
IRL,Ireland,IRL,2006,3,2006.5,2006-Q3,2006q3,0.0277591774442742,-3.5841887747524885
IRL,Ireland,IRL,2006,4,2006.75,2006-Q4,2006q4,0.0278460597024227,-3.5810638054758415
IRL,Ireland,IRL,2007,1,2007.0,2007-Q1,2007q1,0.0274188084737453,-3.5965260604330935
IRL,Ireland,IRL,2007,2,2007.25,2007-Q2,2007q2,0.0270538794252183,-3.609924867144084
IRL,Ireland,IRL,2007,3,2007.5,2007-Q3,2007q3,0.0261297086383898,-3.6446823499752425
IRL,Ireland,IRL,2007,4,2007.75,2007-Q4,2007q4,0.0271356303074175,-3.606907643160263
IRL,Ireland,IRL,2008,1,2008.0,2008-Q1,2008q1,0.0263494698315448,-3.6363071244421596
IRL,Ireland,IRL,2008,2,2008.25,2008-Q2,2008q2,0.0259874811476389,-3.6501403512378494
IRL,Ireland,IRL,2008,3,2008.5,2008-Q3,2008q3,0.0263187356445774,-3.637474211498881
IRL,Ireland,IRL,2008,4,2008.75,2008-Q4,2008q4,0.0255628177627262,-3.6666164144406834
IRL,Ireland,IRL,2009,1,2009.0,2009-Q1,2009q1,0.0265478714625034,-3.6288057054118745
IRL,Ireland,IRL,2009,2,2009.25,2009-Q2,2009q2,0.027195689748767,-3.604696783355969
IRL,Ireland,IRL,2009,3,2009.5,2009-Q3,2009q3,0.0274464579102873,-3.5955181572293013
IRL,Ireland,IRL,2009,4,2009.75,2009-Q4,2009q4,0.0271748414970291,-3.605463678667896
IRL,Ireland,IRL,2010,1,2010.0,2010-Q1,2010q1,0.0281005529672994,-3.571966024284477
IRL,Ireland,IRL,2010,2,2010.25,2010-Q2,2010q2,0.0286639523011687,-3.5521149630483855
IRL,Ireland,IRL,2010,3,2010.5,2010-Q3,2010q3,0.029156198775506,-3.5350877378318915
IRL,Ireland,IRL,2010,4,2010.75,2010-Q4,2010q4,0.0291985758116946,-3.533635344469473
IRL,Ireland,IRL,2011,1,2011.0,2011-Q1,2011q1,0.029794854542687,-3.5134195667321144
IRL,Ireland,IRL,2011,2,2011.25,2011-Q2,2011q2,0.0300158999320919,-3.50602803998278
IRL,Ireland,IRL,2011,3,2011.5,2011-Q3,2011q3,0.0299784736056894,-3.5072757013566895
IRL,Ireland,IRL,2011,4,2011.75,2011-Q4,2011q4,0.0293406072039479,-3.5287828110503683
IRL,Ireland,IRL,2012,1,2012.0,2012-Q1,2012q1,0.0294116900166306,-3.526363064053945
IRL,Ireland,IRL,2012,2,2012.25,2012-Q2,2012q2,0.0304996707582664,-3.4900393902379734
IRL,Ireland,IRL,2012,3,2012.5,2012-Q3,2012q3,0.0298108334159204,-3.5128834140875123
IRL,Ireland,IRL,2012,4,2012.75,2012-Q4,2012q4,0.0293597877200701,-3.5281293055048044
IRL,Ireland,IRL,2013,1,2013.0,2013-Q1,2013q1,0.0290991607160356,-3.537045946593958
IRL,Ireland,IRL,2013,2,2013.25,2013-Q2,2013q2,0.029492276597347,-3.5236268601740757
IRL,Ireland,IRL,2013,3,2013.5,2013-Q3,2013q3,0.0302895536343438,-3.496952390454881
IRL,Ireland,IRL,2013,4,2013.75,2013-Q4,2013q4,0.0292797037779076,-3.5308607068149427
IRL,Ireland,IRL,2014,1,2014.0,2014-Q1,2014q1,0.030883870500893,-3.4775212216251448
IRL,Ireland,IRL,2014,2,2014.25,2014-Q2,2014q2,0.0318293029680185,-3.4473679365135714
IRL,Ireland,IRL,2014,3,2014.5,2014-Q3,2014q3,0.0318916283728775,-3.4454117370851387
IRL,Ireland,IRL,2014,4,2014.75,2014-Q4,2014q4,0.0314229321502225,-3.4602173293686906
IRL,Ireland,IRL,2015,1,2015.0,2015-Q1,2015q1,0.0383318559745107,-3.261473979825047
IRL,Ireland,IRL,2015,2,2015.25,2015-Q2,2015q2,0.0372476022708966,-3.2901677047948477
IRL,Ireland,IRL,2015,3,2015.5,2015-Q3,2015q3,0.0381637839488671,-3.265868277232472
IRL,Ireland,IRL,2015,4,2015.75,2015-Q4,2015q4,0.0382821125376305,-3.262772527461623
IRL,Ireland,IRL,2016,1,2016.0,2016-Q1,2016q1,0.0366725487303482,-3.3057267948051425
IRL,Ireland,IRL,2016,2,2016.25,2016-Q2,2016q2,0.0359857183099804,-3.3246331328493453
IRL,Ireland,IRL,2016,3,2016.5,2016-Q3,2016q3,0.0357833666115154,-3.3302721133347744
IRL,Ireland,IRL,2016,4,2016.75,2016-Q4,2016q4,0.038960396844698,-3.2452096143074716
IRL,Ireland,IRL,2017,1,2017.0,2017-Q1,2017q1,0.0384301336531037,-3.2589133965789134
IRL,Ireland,IRL,2017,2,2017.25,2017-Q2,2017q2,0.0384041609942322,-3.259589466034096
IRL,Ireland,IRL,2017,3,2017.5,2017-Q3,2017q3,0.0402164810427756,-3.2134783911859888
IRL,Ireland,IRL,2017,4,2017.75,2017-Q4,2017q4,0.0411739730445904,-3.189948944465891
IRL,Ireland,IRL,2018,1,2018.0,2018-Q1,2018q1,0.041666117181929,-3.178067018068607
IRL,Ireland,IRL,2018,2,2018.25,2018-Q2,2018q2,0.0411137868001321,-3.1914117684704415
IRL,Ireland,IRL,2018,3,2018.5,2018-Q3,2018q3,0.0414839739807132,-3.182448095467429
IRL,Ireland,IRL,2018,4,2018.75,2018-Q4,2018q4,0.0416190850405492,-3.179196441906798
IRL,Ireland,IRL,2019,1,2019.0,2019-Q1,2019q1,0.041356360901749,-3.185529038587455
IRL,Ireland,IRL,2019,2,2019.25,2019-Q2,2019q2,0.0422336726697356,-3.1645374455550628
IRL,Ireland,IRL,2019,3,2019.5,2019-Q3,2019q3,0.0427816580538164,-3.151645818392719
IRL,Ireland,IRL,2019,4,2019.75,2019-Q4,2019q4,0.0427823475350678,-3.1516297022409177
ISR,Israel,ISR,1995,1,1995.0,1995-Q1,1995q1,0.0153068838309709,-4.179452628176149
ISR,Israel,ISR,1995,2,1995.25,1995-Q2,1995q2,0.0154515089616443,-4.170048612987191
ISR,Israel,ISR,1995,3,1995.5,1995-Q3,1995q3,0.015500593735952,-4.1668769502452845
ISR,Israel,ISR,1995,4,1995.75,1995-Q4,1995q4,0.015512930728267,-4.166081362308804
ISR,Israel,ISR,1996,1,1996.0,1996-Q1,1996q1,0.0157076901437768,-4.153604868474634
ISR,Israel,ISR,1996,2,1996.25,1996-Q2,1996q2,0.0158690148703689,-4.143386821331552
ISR,Israel,ISR,1996,3,1996.5,1996-Q3,1996q3,0.0159758307367561,-4.13667827776976
ISR,Israel,ISR,1996,4,1996.75,1996-Q4,1996q4,0.0161566225598417,-4.1254252477425295
ISR,Israel,ISR,1997,1,1997.0,1997-Q1,1997q1,0.0164893131121342,-4.105042798091181
ISR,Israel,ISR,1997,2,1997.25,1997-Q2,1997q2,0.0163972638043448,-4.110640799270013
ISR,Israel,ISR,1997,3,1997.5,1997-Q3,1997q3,0.0163228471790139,-4.115189485164064
ISR,Israel,ISR,1997,4,1997.75,1997-Q4,1997q4,0.0165308575034065,-4.102526492910515
ISR,Israel,ISR,1998,1,1998.0,1998-Q1,1998q1,0.0169964236011855,-4.074752333458993
ISR,Israel,ISR,1998,2,1998.25,1998-Q2,1998q2,0.016823329802182,-4.084988677194155
ISR,Israel,ISR,1998,3,1998.5,1998-Q3,1998q3,0.0168933707092199,-4.080833999736068
ISR,Israel,ISR,1998,4,1998.75,1998-Q4,1998q4,0.0168588602311461,-4.082878930642172
ISR,Israel,ISR,1999,1,1999.0,1999-Q1,1999q1,0.0166799387220474,-4.09354855579645
ISR,Israel,ISR,1999,2,1999.25,1999-Q2,1999q2,0.0171215227797389,-4.067418964809472
ISR,Israel,ISR,1999,3,1999.5,1999-Q3,1999q3,0.0170922228633391,-4.069131722241422
ISR,Israel,ISR,1999,4,1999.75,1999-Q4,1999q4,0.0173105492087206,-4.056439182468301
ISR,Israel,ISR,2000,1,2000.0,2000-Q1,2000q1,0.0171770140587979,-4.064183180861152
ISR,Israel,ISR,2000,2,2000.25,2000-Q2,2000q2,0.0176864778421713,-4.034954895090483
ISR,Israel,ISR,2000,3,2000.5,2000-Q3,2000q3,0.0181577979167587,-4.008655173251969
ISR,Israel,ISR,2000,4,2000.75,2000-Q4,2000q4,0.0180800629408227,-4.012945442783972
ISR,Israel,ISR,2001,1,2001.0,2001-Q1,2001q1,0.0178898360697904,-4.023522544734884
ISR,Israel,ISR,2001,2,2001.25,2001-Q2,2001q2,0.0176275116141545,-4.038294437505631
ISR,Israel,ISR,2001,3,2001.5,2001-Q3,2001q3,0.0173521752530608,-4.05403740563185
ISR,Israel,ISR,2001,4,2001.75,2001-Q4,2001q4,0.0171595510885368,-4.065200345606187
ISR,Israel,ISR,2002,1,2002.0,2002-Q1,2002q1,0.0176203890837267,-4.03869857678109
ISR,Israel,ISR,2002,2,2002.25,2002-Q2,2002q2,0.0175136255594374,-4.044776097610626
ISR,Israel,ISR,2002,3,2002.5,2002-Q3,2002q3,0.0174366187205742,-4.049182759999617
ISR,Israel,ISR,2002,4,2002.75,2002-Q4,2002q4,0.017313355114079,-4.056277103383378
ISR,Israel,ISR,2003,1,2003.0,2003-Q1,2003q1,0.0175833873254523,-4.040800724656949
ISR,Israel,ISR,2003,2,2003.25,2003-Q2,2003q2,0.0173967084573889,-4.051474259771968
ISR,Israel,ISR,2003,3,2003.5,2003-Q3,2003q3,0.0174105640060164,-4.050678130206005
ISR,Israel,ISR,2003,4,2003.75,2003-Q4,2003q4,0.0173942007129012,-4.051618420677897
ISR,Israel,ISR,2004,1,2004.0,2004-Q1,2004q1,0.0174540245361159,-4.048185024483102
ISR,Israel,ISR,2004,2,2004.25,2004-Q2,2004q2,0.0175644264245478,-4.041879648249675
ISR,Israel,ISR,2004,3,2004.5,2004-Q3,2004q3,0.0176838974411833,-4.035100802560897
ISR,Israel,ISR,2004,4,2004.75,2004-Q4,2004q4,0.0177509647881783,-4.031315410274286
ISR,Israel,ISR,2005,1,2005.0,2005-Q1,2005q1,0.0176227653149958,-4.038563728960954
ISR,Israel,ISR,2005,2,2005.25,2005-Q2,2005q2,0.0176678701299788,-4.036007535853387
ISR,Israel,ISR,2005,3,2005.5,2005-Q3,2005q3,0.0177287055437674,-4.032570170937116
ISR,Israel,ISR,2005,4,2005.75,2005-Q4,2005q4,0.0179095991676606,-4.022418443525086
ISR,Israel,ISR,2006,1,2006.0,2006-Q1,2006q1,0.0180527845620017,-4.014455336738567
ISR,Israel,ISR,2006,2,2006.25,2006-Q2,2006q2,0.0182668121428909,-4.002669409701116
ISR,Israel,ISR,2006,3,2006.5,2006-Q3,2006q3,0.0180186986047709,-4.0163452489009694
ISR,Israel,ISR,2006,4,2006.75,2006-Q4,2006q4,0.0181762824217366,-4.007637698396386
ISR,Israel,ISR,2007,1,2007.0,2007-Q1,2007q1,0.0182736679055453,-4.002294167628447
ISR,Israel,ISR,2007,2,2007.25,2007-Q2,2007q2,0.0183769555950951,-3.996657812602231
ISR,Israel,ISR,2007,3,2007.5,2007-Q3,2007q3,0.0186152280267141,-3.983775322110452
ISR,Israel,ISR,2007,4,2007.75,2007-Q4,2007q4,0.018765395526435,-3.975740768736393
ISR,Israel,ISR,2008,1,2008.0,2008-Q1,2008q1,0.0186175179932545,-3.9836523139099795
ISR,Israel,ISR,2008,2,2008.25,2008-Q2,2008q2,0.0185049789395993,-3.9897154512371107
ISR,Israel,ISR,2008,3,2008.5,2008-Q3,2008q3,0.0184411493728108,-3.9931707323834154
ISR,Israel,ISR,2008,4,2008.75,2008-Q4,2008q4,0.018160459190273,-4.008508620320686
ISR,Israel,ISR,2009,1,2009.0,2009-Q1,2009q1,0.0183767131015094,-3.996671008214767
ISR,Israel,ISR,2009,2,2009.25,2009-Q2,2009q2,0.0183972771512966,-3.9955526062252456
ISR,Israel,ISR,2009,3,2009.5,2009-Q3,2009q3,0.0184156333851804,-3.9945553346084326
ISR,Israel,ISR,2009,4,2009.75,2009-Q4,2009q4,0.018477720969287,-3.9911895445464314
ISR,Israel,ISR,2010,1,2010.0,2010-Q1,2010q1,0.0185965388591814,-3.984779798418251
ISR,Israel,ISR,2010,2,2010.25,2010-Q2,2010q2,0.0187568555523825,-3.9761959639314797
ISR,Israel,ISR,2010,3,2010.5,2010-Q3,2010q3,0.0188325719494,-3.9721673577805503
ISR,Israel,ISR,2010,4,2010.75,2010-Q4,2010q4,0.0190121361036385,-3.962677761427969
ISR,Israel,ISR,2011,1,2011.0,2011-Q1,2011q1,0.0192172300203239,-3.9519480054763867
ISR,Israel,ISR,2011,2,2011.25,2011-Q2,2011q2,0.0192614555634727,-3.94964930104031
ISR,Israel,ISR,2011,3,2011.5,2011-Q3,2011q3,0.0195461825662892,-3.934975276768932
ISR,Israel,ISR,2011,4,2011.75,2011-Q4,2011q4,0.0195233177886662,-3.9361457437585603
ISR,Israel,ISR,2012,1,2012.0,2012-Q1,2012q1,0.0194291963812519,-3.940978376136652
ISR,Israel,ISR,2012,2,2012.25,2012-Q2,2012q2,0.0192301745817078,-3.951274640810709
ISR,Israel,ISR,2012,3,2012.5,2012-Q3,2012q3,0.0193240154534129,-3.946406632589774
ISR,Israel,ISR,2012,4,2012.75,2012-Q4,2012q4,0.0192741971678079,-3.948988011875786
ISR,Israel,ISR,2013,1,2013.0,2013-Q1,2013q1,0.0194478156612325,-3.940020520559488
ISR,Israel,ISR,2013,2,2013.25,2013-Q2,2013q2,0.019699646757322,-3.9271545744993643
ISR,Israel,ISR,2013,3,2013.5,2013-Q3,2013q3,0.0196765170615236,-3.9283293816017046
ISR,Israel,ISR,2013,4,2013.75,2013-Q4,2013q4,0.0197177207884976,-3.9262375151639697
ISR,Israel,ISR,2014,1,2014.0,2014-Q1,2014q1,0.0197731630132901,-3.9234296640408375
ISR,Israel,ISR,2014,2,2014.25,2014-Q2,2014q2,0.0197605331804872,-3.924068604208267
ISR,Israel,ISR,2014,3,2014.5,2014-Q3,2014q3,0.0198453612311604,-3.919784990284384
ISR,Israel,ISR,2014,4,2014.75,2014-Q4,2014q4,0.0199281895601783,-3.915619988814473
ISR,Israel,ISR,2015,1,2015.0,2015-Q1,2015q1,0.0198662363148182,-3.9187336558193624
ISR,Israel,ISR,2015,2,2015.25,2015-Q2,2015q2,0.0197571483747725,-3.9242399100941268
ISR,Israel,ISR,2015,3,2015.5,2015-Q3,2015q3,0.0196145974888644,-3.9314812201090756
ISR,Israel,ISR,2015,4,2015.75,2015-Q4,2015q4,0.0196348783646514,-3.9304477857943008
ISR,Israel,ISR,2016,1,2016.0,2016-Q1,2016q1,0.0196364020176303,-3.93037018949671
ISR,Israel,ISR,2016,2,2016.25,2016-Q2,2016q2,0.020011716529314,-3.911437350491782
ISR,Israel,ISR,2016,3,2016.5,2016-Q3,2016q3,0.0200401834432895,-3.910015848950608
ISR,Israel,ISR,2016,4,2016.75,2016-Q4,2016q4,0.0202133950176871,-3.9014097746542085
ISR,Israel,ISR,2017,1,2017.0,2017-Q1,2017q1,0.0201972295866874,-3.902209833154677
ISR,Israel,ISR,2017,2,2017.25,2017-Q2,2017q2,0.0203057749166604,-3.8968499547375535
ISR,Israel,ISR,2017,3,2017.5,2017-Q3,2017q3,0.0205163981894901,-3.886530800914173
ISR,Israel,ISR,2017,4,2017.75,2017-Q4,2017q4,0.0206999935657964,-3.877621889541954
ISR,Israel,ISR,2018,1,2018.0,2018-Q1,2018q1,0.0208306100349147,-3.8713317377763703
ISR,Israel,ISR,2018,2,2018.25,2018-Q2,2018q2,0.0208043851181414,-3.8725914915073405
ISR,Israel,ISR,2018,3,2018.5,2018-Q3,2018q3,0.0208849104466151,-3.8687283689706042
ISR,Israel,ISR,2018,4,2018.75,2018-Q4,2018q4,0.0209778936065357,-3.8642860811242055
ISR,Israel,ISR,2019,1,2019.0,2019-Q1,2019q1,0.0212375222437897,-3.8519857446019534
ISR,Israel,ISR,2019,2,2019.25,2019-Q2,2019q2,0.0211320881513294,-3.8569626282270324
ISR,Israel,ISR,2019,3,2019.5,2019-Q3,2019q3,0.0213182720907812,-3.8481907293675603
ISR,Israel,ISR,2019,4,2019.75,2019-Q4,2019q4,0.021444091048831,-3.8423061471374527
ITA,Italy,ITA,1990,1,1990.0,1990-Q1,1990q1,0.0218604257776409,-3.823077318946717
ITA,Italy,ITA,1990,2,1990.25,1990-Q2,1990q2,0.0218536855364411,-3.8233856972278075
ITA,Italy,ITA,1990,3,1990.5,1990-Q3,1990q3,0.0218294201962641,-3.824496668724261
ITA,Italy,ITA,1990,4,1990.75,1990-Q4,1990q4,0.0216302760959237,-3.833661274608404
ITA,Italy,ITA,1991,1,1991.0,1991-Q1,1991q1,0.0216905574792391,-3.8308782523418317
ITA,Italy,ITA,1991,2,1991.25,1991-Q2,1991q2,0.0215270154457851,-3.8384466002625315
ITA,Italy,ITA,1991,3,1991.5,1991-Q3,1991q3,0.0214969063242632,-3.8398462460966867
ITA,Italy,ITA,1991,4,1991.75,1991-Q4,1991q4,0.0217295941848767,-3.8290801602274995
ITA,Italy,ITA,1992,1,1992.0,1992-Q1,1992q1,0.0225975831847926,-3.789912317148241
ITA,Italy,ITA,1992,2,1992.25,1992-Q2,1992q2,0.0225091288365038,-3.7938343259894918
ITA,Italy,ITA,1992,3,1992.5,1992-Q3,1992q3,0.0225139868340171,-3.793618525840621
ITA,Italy,ITA,1992,4,1992.75,1992-Q4,1992q4,0.0224834557665678,-3.7949755395005096
ITA,Italy,ITA,1993,1,1993.0,1993-Q1,1993q1,0.0226725491673927,-3.786600374053318
ITA,Italy,ITA,1993,2,1993.25,1993-Q2,1993q2,0.022646852573598,-3.7877343959318677
ITA,Italy,ITA,1993,3,1993.5,1993-Q3,1993q3,0.0226202821352876,-3.7889083355475623
ITA,Italy,ITA,1993,4,1993.75,1993-Q4,1993q4,0.0228110212794631,-3.7805114703666494
ITA,Italy,ITA,1994,1,1994.0,1994-Q1,1994q1,0.0232091805511067,-3.763207365174004
ITA,Italy,ITA,1994,2,1994.25,1994-Q2,1994q2,0.0234216467135481,-3.754094611006472
ITA,Italy,ITA,1994,3,1994.5,1994-Q3,1994q3,0.0235912508967136,-3.746879360401494
ITA,Italy,ITA,1994,4,1994.75,1994-Q4,1994q4,0.0238315098960059,-3.7367466287370528
ITA,Italy,ITA,1995,1,1995.0,1995-Q1,1995q1,0.0242841733186206,-3.717930444586536
ITA,Italy,ITA,1995,2,1995.25,1995-Q2,1995q2,0.0243457439929499,-3.7153982294139434
ITA,Italy,ITA,1995,3,1995.5,1995-Q3,1995q3,0.0244886331656044,-3.7095462215149926
ITA,Italy,ITA,1995,4,1995.75,1995-Q4,1995q4,0.0246790593700571,-3.7018001937159584
ITA,Italy,ITA,1996,1,1996.0,1996-Q1,1996q1,0.0245371952420707,-3.7075651395455025
ITA,Italy,ITA,1996,2,1996.25,1996-Q2,1996q2,0.0245947003014471,-3.705224294153776
ITA,Italy,ITA,1996,3,1996.5,1996-Q3,1996q3,0.024686079482632,-3.701515777920303
ITA,Italy,ITA,1996,4,1996.75,1996-Q4,1996q4,0.0245668937800559,-3.7063555237192936
ITA,Italy,ITA,1997,1,1997.0,1997-Q1,1997q1,0.0246536892653145,-3.7028287237565873
ITA,Italy,ITA,1997,2,1997.25,1997-Q2,1997q2,0.0249077917358371,-3.692574603343121
ITA,Italy,ITA,1997,3,1997.5,1997-Q3,1997q3,0.0249366959171464,-3.6914148287758555
ITA,Italy,ITA,1997,4,1997.75,1997-Q4,1997q4,0.0253920968351701,-3.6733173015959473
ITA,Italy,ITA,1998,1,1998.0,1998-Q1,1998q1,0.0250814609231356,-3.685626314390165
ITA,Italy,ITA,1998,2,1998.25,1998-Q2,1998q2,0.0251766570697726,-3.6818380205070387
ITA,Italy,ITA,1998,3,1998.5,1998-Q3,1998q3,0.025092092792022,-3.685202510682503
ITA,Italy,ITA,1998,4,1998.75,1998-Q4,1998q4,0.0249599117371757,-3.6904842716580077
ITA,Italy,ITA,1999,1,1999.0,1999-Q1,1999q1,0.0249710154443037,-3.6900395089452833
ITA,Italy,ITA,1999,2,1999.25,1999-Q2,1999q2,0.0250112811289068,-3.6884283107381424
ITA,Italy,ITA,1999,3,1999.5,1999-Q3,1999q3,0.0251841644726253,-3.6815398759304263
ITA,Italy,ITA,1999,4,1999.75,1999-Q4,1999q4,0.0254957112270908,-3.669245028135715
ITA,Italy,ITA,2000,1,2000.0,2000-Q1,2000q1,0.0257733186457039,-3.6584154831872615
ITA,Italy,ITA,2000,2,2000.25,2000-Q2,2000q2,0.0257352524307239,-3.6598935370767243
ITA,Italy,ITA,2000,3,2000.5,2000-Q3,2000q3,0.0257310957136054,-3.6600550685347515
ITA,Italy,ITA,2000,4,2000.75,2000-Q4,2000q4,0.0257115895356835,-3.6608134340346172
ITA,Italy,ITA,2001,1,2001.0,2001-Q1,2001q1,0.0258367053850588,-3.6559591087748453
ITA,Italy,ITA,2001,2,2001.25,2001-Q2,2001q2,0.0258773689576886,-3.654386477667076
ITA,Italy,ITA,2001,3,2001.5,2001-Q3,2001q3,0.0255839399323417,-3.6657904707536098
ITA,Italy,ITA,2001,4,2001.75,2001-Q4,2001q4,0.0254418136442907,-3.671361252002139
ITA,Italy,ITA,2002,1,2002.0,2002-Q1,2002q1,0.0252934870808627,-3.677208344022729
ITA,Italy,ITA,2002,2,2002.25,2002-Q2,2002q2,0.0254187546547899,-3.672268005184492
ITA,Italy,ITA,2002,3,2002.5,2002-Q3,2002q3,0.0253588936754349,-3.674625775150391
ITA,Italy,ITA,2002,4,2002.75,2002-Q4,2002q4,0.0254394165721376,-3.6714554742583494
ITA,Italy,ITA,2003,1,2003.0,2003-Q1,2003q1,0.0252521187102749,-3.6788452174631403
ITA,Italy,ITA,2003,2,2003.25,2003-Q2,2003q2,0.0251395083181697,-3.683314633761104
ITA,Italy,ITA,2003,3,2003.5,2003-Q3,2003q3,0.0249945232978121,-3.6890985462003707
ITA,Italy,ITA,2003,4,2003.75,2003-Q4,2003q4,0.0252331485282453,-3.6795967310812734
ITA,Italy,ITA,2004,1,2004.0,2004-Q1,2004q1,0.0251911978790566,-3.6812606359945264
ITA,Italy,ITA,2004,2,2004.25,2004-Q2,2004q2,0.0251388489404016,-3.68334086285068
ITA,Italy,ITA,2004,3,2004.5,2004-Q3,2004q3,0.0250800450666265,-3.685682766304099
ITA,Italy,ITA,2004,4,2004.75,2004-Q4,2004q4,0.0250468779501773,-3.68700609194602
ITA,Italy,ITA,2005,1,2005.0,2005-Q1,2005q1,0.025077555779446,-3.6857820249265436
ITA,Italy,ITA,2005,2,2005.25,2005-Q2,2005q2,0.0253335097087552,-3.6756272652004465
ITA,Italy,ITA,2005,3,2005.5,2005-Q3,2005q3,0.0255256782340543,-3.6680703439208826
ITA,Italy,ITA,2005,4,2005.75,2005-Q4,2005q4,0.0254668916964701,-3.6703760352679855
ITA,Italy,ITA,2006,1,2006.0,2006-Q1,2006q1,0.0252828458817853,-3.6776291416017974
ITA,Italy,ITA,2006,2,2006.25,2006-Q2,2006q2,0.0252671231587286,-3.678251208196976
ITA,Italy,ITA,2006,3,2006.5,2006-Q3,2006q3,0.0254373881293134,-3.6715352136538235
ITA,Italy,ITA,2006,4,2006.75,2006-Q4,2006q4,0.0257570732959224,-3.659045998489303
ITA,Italy,ITA,2007,1,2007.0,2007-Q1,2007q1,0.0257683738101645,-3.6586073602995164
ITA,Italy,ITA,2007,2,2007.25,2007-Q2,2007q2,0.0257258342454347,-3.660259568422064
ITA,Italy,ITA,2007,3,2007.5,2007-Q3,2007q3,0.0254927581663934,-3.6693608606263086
ITA,Italy,ITA,2007,4,2007.75,2007-Q4,2007q4,0.0254441938173668,-3.671267702785112
ITA,Italy,ITA,2008,1,2008.0,2008-Q1,2008q1,0.025664053585604,-3.662663959332476
ITA,Italy,ITA,2008,2,2008.25,2008-Q2,2008q2,0.0253613691646332,-3.6745281617287855
ITA,Italy,ITA,2008,3,2008.5,2008-Q3,2008q3,0.0249536092629566,-3.690736807408895
ITA,Italy,ITA,2008,4,2008.75,2008-Q4,2008q4,0.0244985881353867,-3.709139790219036
ITA,Italy,ITA,2009,1,2009.0,2009-Q1,2009q1,0.0240805770146802,-3.726349696424948
ITA,Italy,ITA,2009,2,2009.25,2009-Q2,2009q2,0.0240505046671639,-3.7275992985688706
ITA,Italy,ITA,2009,3,2009.5,2009-Q3,2009q3,0.0242524180970931,-3.719238951225844
ITA,Italy,ITA,2009,4,2009.75,2009-Q4,2009q4,0.0243815049205628,-3.71393042916539
ITA,Italy,ITA,2010,1,2010.0,2010-Q1,2010q1,0.0244619812352197,-3.7106351530164465
ITA,Italy,ITA,2010,2,2010.25,2010-Q2,2010q2,0.0246903428524176,-3.701343089434804
ITA,Italy,ITA,2010,3,2010.5,2010-Q3,2010q3,0.0248764043305234,-3.693835542032604
ITA,Italy,ITA,2010,4,2010.75,2010-Q4,2010q4,0.0249286585032628,-3.691737193433507
ITA,Italy,ITA,2011,1,2011.0,2011-Q1,2011q1,0.0249265726293319,-3.6918208706679607
ITA,Italy,ITA,2011,2,2011.25,2011-Q2,2011q2,0.0249701898333453,-3.6900725722625936
ITA,Italy,ITA,2011,3,2011.5,2011-Q3,2011q3,0.0249201901717861,-3.692076953800426
ITA,Italy,ITA,2011,4,2011.75,2011-Q4,2011q4,0.0246786653961539,-3.7018161577380067
ITA,Italy,ITA,2012,1,2012.0,2012-Q1,2012q1,0.0243755518781484,-3.714174621199727
ITA,Italy,ITA,2012,2,2012.25,2012-Q2,2012q2,0.0241422898858472,-3.7237902092428916
ITA,Italy,ITA,2012,3,2012.5,2012-Q3,2012q3,0.0240238923142852,-3.728706430733515
ITA,Italy,ITA,2012,4,2012.75,2012-Q4,2012q4,0.0239392756753258,-3.732234835144371
ITA,Italy,ITA,2013,1,2013.0,2013-Q1,2013q1,0.0239312040083343,-3.7325720645651472
ITA,Italy,ITA,2013,2,2013.25,2013-Q2,2013q2,0.0240912497198048,-3.7259065865815924
ITA,Italy,ITA,2013,3,2013.5,2013-Q3,2013q3,0.0241906750622256,-3.721788048084616
ITA,Italy,ITA,2013,4,2013.75,2013-Q4,2013q4,0.0241017296455437,-3.725471671536202
ITA,Italy,ITA,2014,1,2014.0,2014-Q1,2014q1,0.0240652365547938,-3.726986946448084
ITA,Italy,ITA,2014,2,2014.25,2014-Q2,2014q2,0.0240496761983106,-3.727633746208712
ITA,Italy,ITA,2014,3,2014.5,2014-Q3,2014q3,0.0239864562966172,-3.7302659288974853
ITA,Italy,ITA,2014,4,2014.75,2014-Q4,2014q4,0.0238981220205207,-3.7339553996792216
ITA,Italy,ITA,2015,1,2015.0,2015-Q1,2015q1,0.0239696135630159,-3.7309683523589205
ITA,Italy,ITA,2015,2,2015.25,2015-Q2,2015q2,0.0240324799858033,-3.728349030821766
ITA,Italy,ITA,2015,3,2015.5,2015-Q3,2015q3,0.0239113863673348,-3.7334005164519426
ITA,Italy,ITA,2015,4,2015.75,2015-Q4,2015q4,0.0239974954392613,-3.7298058107771763
ITA,Italy,ITA,2016,1,2016.0,2016-Q1,2016q1,0.0239630299930924,-3.7312430532506915
ITA,Italy,ITA,2016,2,2016.25,2016-Q2,2016q2,0.0238387831819188,-3.7364414791145215
ITA,Italy,ITA,2016,3,2016.5,2016-Q3,2016q3,0.0240637733027391,-3.7270477518566922
ITA,Italy,ITA,2016,4,2016.75,2016-Q4,2016q4,0.0240910281144684,-3.725915785205915
ITA,Italy,ITA,2017,1,2017.0,2017-Q1,2017q1,0.0240557520392852,-3.7273811409943107
ITA,Italy,ITA,2017,2,2017.25,2017-Q2,2017q2,0.0241593520846238,-3.723083723964536
ITA,Italy,ITA,2017,3,2017.5,2017-Q3,2017q3,0.0240703411163132,-3.726774855442408
ITA,Italy,ITA,2017,4,2017.75,2017-Q4,2017q4,0.0241799912752284,-3.722229794621511
ITA,Italy,ITA,2018,1,2018.0,2018-Q1,2018q1,0.0243582887543378,-3.714883086787853
ITA,Italy,ITA,2018,2,2018.25,2018-Q2,2018q2,0.0242139952255532,-3.720824497873729
ITA,Italy,ITA,2018,3,2018.5,2018-Q3,2018q3,0.0243068616722943,-3.7169965951500394
ITA,Italy,ITA,2018,4,2018.75,2018-Q4,2018q4,0.0244066339132664,-3.712900301944864
ITA,Italy,ITA,2019,1,2019.0,2019-Q1,2019q1,0.0243508017094105,-3.715190505584426
ITA,Italy,ITA,2019,2,2019.25,2019-Q2,2019q2,0.0243052885056059,-3.717061318338921
ITA,Italy,ITA,2019,3,2019.5,2019-Q3,2019q3,0.024220796781328,-3.7205436437381914
ITA,Italy,ITA,2019,4,2019.75,2019-Q4,2019q4,0.0241768258292028,-3.7223607149847466
JOR,Jordan,JOR,2017,1,2017.0,2017-Q1,2017q1,0.0041224693142942,-5.491302947028399
JOR,Jordan,JOR,2017,2,2017.25,2017-Q2,2017q2,0.0042082530841244,-5.4707076617895956
JOR,Jordan,JOR,2017,3,2017.5,2017-Q3,2017q3,0.0041299485877176,-5.489490320581207
JOR,Jordan,JOR,2017,4,2017.75,2017-Q4,2017q4,0.0042708034662158,-5.4559533040523736
JOR,Jordan,JOR,2018,1,2018.0,2018-Q1,2018q1,0.0042769035349181,-5.4545260043714014
JOR,Jordan,JOR,2018,2,2018.25,2018-Q2,2018q2,0.0043839254265152,-5.429810739856283
JOR,Jordan,JOR,2018,3,2018.5,2018-Q3,2018q3,0.0041959153684017,-5.473643758241176
JOR,Jordan,JOR,2018,4,2018.75,2018-Q4,2018q4,0.0039697517174375,-5.529051725927013
JOR,Jordan,JOR,2019,1,2019.0,2019-Q1,2019q1,0.0040746157348115,-5.502978834941433
JOR,Jordan,JOR,2019,2,2019.25,2019-Q2,2019q2,0.0041861336602049,-5.475977725175472
JOR,Jordan,JOR,2019,3,2019.5,2019-Q3,2019q3,0.0039286755998498,-5.539452907391072
JOR,Jordan,JOR,2019,4,2019.75,2019-Q4,2019q4,0.0038585638462084,-5.557460225304875
KAZ,Kazakhstan,KAZ,2002,1,2002.0,2002-Q1,2002q1,0.0030070953796375,-5.806780656277757
KAZ,Kazakhstan,KAZ,2002,2,2002.25,2002-Q2,2002q2,0.0030332459690646,-5.798121955949486
KAZ,Kazakhstan,KAZ,2002,3,2002.5,2002-Q3,2002q3,0.0031498000838383,-5.760416293606771
KAZ,Kazakhstan,KAZ,2002,4,2002.75,2002-Q4,2002q4,0.0032256447610517,-5.736622422809418
KAZ,Kazakhstan,KAZ,2003,1,2003.0,2003-Q1,2003q1,0.0032056387122569,-5.742843922268759
KAZ,Kazakhstan,KAZ,2003,2,2003.25,2003-Q2,2003q2,0.0032600284395588,-5.72601935985053
KAZ,Kazakhstan,KAZ,2003,3,2003.5,2003-Q3,2003q3,0.0032944399540776,-5.715519093887409
KAZ,Kazakhstan,KAZ,2003,4,2003.75,2003-Q4,2003q4,0.0032760371817448,-5.7211207633167716
KAZ,Kazakhstan,KAZ,2004,1,2004.0,2004-Q1,2004q1,0.0034097543640733,-5.681115024277385
KAZ,Kazakhstan,KAZ,2004,2,2004.25,2004-Q2,2004q2,0.0034527455816255,-5.66858554367529
KAZ,Kazakhstan,KAZ,2004,3,2004.5,2004-Q3,2004q3,0.0034766338310304,-5.661690743256356
KAZ,Kazakhstan,KAZ,2004,4,2004.75,2004-Q4,2004q4,0.00355694040517,-5.6388545403957
KAZ,Kazakhstan,KAZ,2005,1,2005.0,2005-Q1,2005q1,0.0036467815514656,-5.613910267094446
KAZ,Kazakhstan,KAZ,2005,2,2005.25,2005-Q2,2005q2,0.003665746497988,-5.6087232814405565
KAZ,Kazakhstan,KAZ,2005,3,2005.5,2005-Q3,2005q3,0.0037310439101452,-5.591067215810709
KAZ,Kazakhstan,KAZ,2005,4,2005.75,2005-Q4,2005q4,0.0038611227739846,-5.556797263711789
KAZ,Kazakhstan,KAZ,2006,1,2006.0,2006-Q1,2006q1,0.0038499070310252,-5.559706278759669
KAZ,Kazakhstan,KAZ,2006,2,2006.25,2006-Q2,2006q2,0.0039861648639457,-5.52492569729782
KAZ,Kazakhstan,KAZ,2006,3,2006.5,2006-Q3,2006q3,0.0041343175371496,-5.488433009557337
KAZ,Kazakhstan,KAZ,2006,4,2006.75,2006-Q4,2006q4,0.0041613112904584,-5.481925040325977
KAZ,Kazakhstan,KAZ,2007,1,2007.0,2007-Q1,2007q1,0.0041895736392534,-5.475156306967091
KAZ,Kazakhstan,KAZ,2007,2,2007.25,2007-Q2,2007q2,0.0042873708169456,-5.452081597102461
KAZ,Kazakhstan,KAZ,2007,3,2007.5,2007-Q3,2007q3,0.0044042269501494,-5.425190528717998
KAZ,Kazakhstan,KAZ,2007,4,2007.75,2007-Q4,2007q4,0.0042971859631075,-5.449794897697863
KAZ,Kazakhstan,KAZ,2008,1,2008.0,2008-Q1,2008q1,0.0043706230327168,-5.43284970962109
KAZ,Kazakhstan,KAZ,2008,2,2008.25,2008-Q2,2008q2,0.0044097782833882,-5.423930866662948
KAZ,Kazakhstan,KAZ,2008,3,2008.5,2008-Q3,2008q3,0.0043788846736694,-5.430961227734983
KAZ,Kazakhstan,KAZ,2008,4,2008.75,2008-Q4,2008q4,0.0041941929215152,-5.474054348152815
KAZ,Kazakhstan,KAZ,2009,1,2009.0,2009-Q1,2009q1,0.0042676307364202,-5.456696468399917
KAZ,Kazakhstan,KAZ,2009,2,2009.25,2009-Q2,2009q2,0.0042759862447343,-5.454740502678043
KAZ,Kazakhstan,KAZ,2009,3,2009.5,2009-Q3,2009q3,0.0043925191660033,-5.427852374565177
KAZ,Kazakhstan,KAZ,2009,4,2009.75,2009-Q4,2009q4,0.0045192367691961,-5.399412155768384
KAZ,Kazakhstan,KAZ,2010,1,2010.0,2010-Q1,2010q1,0.0044761112829313,-5.409000626703156
KAZ,Kazakhstan,KAZ,2010,2,2010.25,2010-Q2,2010q2,0.0045372592361834,-5.395432141695167
KAZ,Kazakhstan,KAZ,2010,3,2010.5,2010-Q3,2010q3,0.0045745772313804,-5.387240992966018
KAZ,Kazakhstan,KAZ,2010,4,2010.75,2010-Q4,2010q4,0.0046584435439137,-5.3690738900881545
KAZ,Kazakhstan,KAZ,2011,1,2011.0,2011-Q1,2011q1,0.0046919197956154,-5.36191344219562
KAZ,Kazakhstan,KAZ,2011,2,2011.25,2011-Q2,2011q2,0.0047596941158521,-5.347571874179269
KAZ,Kazakhstan,KAZ,2011,3,2011.5,2011-Q3,2011q3,0.0048150265231152,-5.336013725312079
KAZ,Kazakhstan,KAZ,2011,4,2011.75,2011-Q4,2011q4,0.0049084888431802,-5.316789155793393
KAZ,Kazakhstan,KAZ,2012,1,2012.0,2012-Q1,2012q1,0.0048526808710509,-5.328223969828866
KAZ,Kazakhstan,KAZ,2012,2,2012.25,2012-Q2,2012q2,0.00491137119956,-5.3162021094505665
KAZ,Kazakhstan,KAZ,2012,3,2012.5,2012-Q3,2012q3,0.0049094286519005,-5.316597708121595
KAZ,Kazakhstan,KAZ,2012,4,2012.75,2012-Q4,2012q4,0.0049769840830589,-5.302931177210311
KAZ,Kazakhstan,KAZ,2013,1,2013.0,2013-Q1,2013q1,0.0050584433113804,-5.286696488987746
KAZ,Kazakhstan,KAZ,2013,2,2013.25,2013-Q2,2013q2,0.0051587798839461,-5.2670551840485285
KAZ,Kazakhstan,KAZ,2013,3,2013.5,2013-Q3,2013q3,0.0052071369302624,-5.257725107804643
KAZ,Kazakhstan,KAZ,2013,4,2013.75,2013-Q4,2013q4,0.0052302334926306,-5.253299357039411
KAZ,Kazakhstan,KAZ,2014,1,2014.0,2014-Q1,2014q1,0.0052657225324884,-5.246536909670608
KAZ,Kazakhstan,KAZ,2014,2,2014.25,2014-Q2,2014q2,0.0053295335355076,-5.23449156142452
KAZ,Kazakhstan,KAZ,2014,3,2014.5,2014-Q3,2014q3,0.0053944433977679,-5.222385855609649
KAZ,Kazakhstan,KAZ,2014,4,2014.75,2014-Q4,2014q4,0.0054844116638943,-5.205845453743772
KAZ,Kazakhstan,KAZ,2015,1,2015.0,2015-Q1,2015q1,0.005381477407339,-5.224792331477597
KAZ,Kazakhstan,KAZ,2015,2,2015.25,2015-Q2,2015q2,0.0053747658560627,-5.226040267580001
KAZ,Kazakhstan,KAZ,2015,3,2015.5,2015-Q3,2015q3,0.0053890378969647,-5.22338840777406
KAZ,Kazakhstan,KAZ,2015,4,2015.75,2015-Q4,2015q4,0.005474093150674,-5.207728651578586
KAZ,Kazakhstan,KAZ,2016,1,2016.0,2016-Q1,2016q1,0.0054021359030503,-5.220960866014377
KAZ,Kazakhstan,KAZ,2016,2,2016.25,2016-Q2,2016q2,0.0053799705758192,-5.2250723740019875
KAZ,Kazakhstan,KAZ,2016,3,2016.5,2016-Q3,2016q3,0.0054783676035749,-5.20694810495736
KAZ,Kazakhstan,KAZ,2016,4,2016.75,2016-Q4,2016q4,0.0055997874608563,-5.185026635379801
KAZ,Kazakhstan,KAZ,2017,1,2017.0,2017-Q1,2017q1,0.0056051062450489,-5.184077267231974
KAZ,Kazakhstan,KAZ,2017,2,2017.25,2017-Q2,2017q2,0.0056756416410269,-5.171571657507847
KAZ,Kazakhstan,KAZ,2017,3,2017.5,2017-Q3,2017q3,0.005719241693096,-5.163919053515824
KAZ,Kazakhstan,KAZ,2017,4,2017.75,2017-Q4,2017q4,0.0057620886443843,-5.156455258129859
KAZ,Kazakhstan,KAZ,2018,1,2018.0,2018-Q1,2018q1,0.0058163399875403,-5.14708408317951
KAZ,Kazakhstan,KAZ,2018,2,2018.25,2018-Q2,2018q2,0.0058887739021672,-5.134707469003949
KAZ,Kazakhstan,KAZ,2018,3,2018.5,2018-Q3,2018q3,0.0059134247493127,-5.130530131590782
KAZ,Kazakhstan,KAZ,2018,4,2018.75,2018-Q4,2018q4,0.0059422691156185,-5.125664212556917
KAZ,Kazakhstan,KAZ,2019,1,2019.0,2019-Q1,2019q1,0.006015946337865,-5.11334161227714
KAZ,Kazakhstan,KAZ,2019,2,2019.25,2019-Q2,2019q2,0.0061245688066805,-5.095446923938772
KAZ,Kazakhstan,KAZ,2019,3,2019.5,2019-Q3,2019q3,0.0061633810913706,-5.089129773546145
KAZ,Kazakhstan,KAZ,2019,4,2019.75,2019-Q4,2019q4,0.0061780239425842,-5.0867568090345
KEN,Kenya,KEN,2009,1,2009.0,2009-Q1,2009q1,0.0007609028474411,-7.1810048725873274
KEN,Kenya,KEN,2009,2,2009.25,2009-Q2,2009q2,0.0007587200356895,-7.183877708048143
KEN,Kenya,KEN,2009,3,2009.5,2009-Q3,2009q3,0.0007626184070153,-7.178752773649705
KEN,Kenya,KEN,2009,4,2009.75,2009-Q4,2009q4,0.0007658469001305,-7.174528277481541
KEN,Kenya,KEN,2010,1,2010.0,2010-Q1,2010q1,0.0007802693017975,-7.155871439153968
KEN,Kenya,KEN,2010,2,2010.25,2010-Q2,2010q2,0.0007841840468812,-7.150866811489198
KEN,Kenya,KEN,2010,3,2010.5,2010-Q3,2010q3,0.0007809272590859,-7.155028550636481
KEN,Kenya,KEN,2010,4,2010.75,2010-Q4,2010q4,0.0007930973331543,-7.139564603439852
KEN,Kenya,KEN,2011,1,2011.0,2011-Q1,2011q1,0.0007894224635994,-7.144208938591889
KEN,Kenya,KEN,2011,2,2011.25,2011-Q2,2011q2,0.0007856863687007,-7.14895286717482
KEN,Kenya,KEN,2011,3,2011.5,2011-Q3,2011q3,0.0007840321368005,-7.151060547637003
KEN,Kenya,KEN,2011,4,2011.75,2011-Q4,2011q4,0.0007852325335891,-7.149530662914072
KEN,Kenya,KEN,2012,1,2012.0,2012-Q1,2012q1,0.0007845903047938,-7.150348881142813
KEN,Kenya,KEN,2012,2,2012.25,2012-Q2,2012q2,0.0007816521124114,-7.154100785441682
KEN,Kenya,KEN,2012,3,2012.5,2012-Q3,2012q3,0.0007841290976481,-7.1509368858022455
KEN,Kenya,KEN,2012,4,2012.75,2012-Q4,2012q4,0.000783450099404,-7.151803187534038
KEN,Kenya,KEN,2013,1,2013.0,2013-Q1,2013q1,0.0007766613121973,-7.160506194262969
KEN,Kenya,KEN,2013,2,2013.25,2013-Q2,2013q2,0.0007762801823231,-7.160997043252705
KEN,Kenya,KEN,2013,3,2013.5,2013-Q3,2013q3,0.0007749973652569,-7.162650928285222
KEN,Kenya,KEN,2013,4,2013.75,2013-Q4,2013q4,0.0007728726304112,-7.165396296030788
KEN,Kenya,KEN,2014,1,2014.0,2014-Q1,2014q1,0.0007767536781461,-7.160387274399979
KEN,Kenya,KEN,2014,2,2014.25,2014-Q2,2014q2,0.0007794617381877,-7.156906955741456
KEN,Kenya,KEN,2014,3,2014.5,2014-Q3,2014q3,0.0007771469063401,-7.159881156819074
KEN,Kenya,KEN,2014,4,2014.75,2014-Q4,2014q4,0.0007711897245595,-7.1675761387200065
KEN,Kenya,KEN,2015,1,2015.0,2015-Q1,2015q1,0.000773495376671,-7.164590865123509
KEN,Kenya,KEN,2015,2,2015.25,2015-Q2,2015q2,0.0007777425852603,-7.159114955809215
KEN,Kenya,KEN,2015,3,2015.5,2015-Q3,2015q3,0.0007776112698345,-7.159283811823146
KEN,Kenya,KEN,2015,4,2015.75,2015-Q4,2015q4,0.0007779644750914,-7.158829696664663
KEN,Kenya,KEN,2016,1,2016.0,2016-Q1,2016q1,0.0007598987752978,-7.182325323952158
KEN,Kenya,KEN,2016,2,2016.25,2016-Q2,2016q2,0.0007690780379364,-7.170318113846104
KEN,Kenya,KEN,2016,3,2016.5,2016-Q3,2016q3,0.0007778032213662,-7.159036994612993
KEN,Kenya,KEN,2016,4,2016.75,2016-Q4,2016q4,0.0007795651269746,-7.156774323277754
KEN,Kenya,KEN,2017,1,2017.0,2017-Q1,2017q1,0.000800106578511,-7.130765616031011
KEN,Kenya,KEN,2017,2,2017.25,2017-Q2,2017q2,0.0008043458429009,-7.125481228412712
KEN,Kenya,KEN,2017,3,2017.5,2017-Q3,2017q3,0.0008185171164645,-7.1080162493809
KEN,Kenya,KEN,2017,4,2017.75,2017-Q4,2017q4,0.0008133015515674,-7.114408605050342
KEN,Kenya,KEN,2018,1,2018.0,2018-Q1,2018q1,0.0008439044936517,-7.07747122895175
KEN,Kenya,KEN,2018,2,2018.25,2018-Q2,2018q2,0.000862805434741,-7.055321344511068
KEN,Kenya,KEN,2018,3,2018.5,2018-Q3,2018q3,0.0008807619428728,-7.034723180945222
KEN,Kenya,KEN,2018,4,2018.75,2018-Q4,2018q4,0.0008652976220947,-7.0524370384257375
KEN,Kenya,KEN,2019,1,2019.0,2019-Q1,2019q1,0.0009616132552295,-6.946898209721868
KEN,Kenya,KEN,2019,2,2019.25,2019-Q2,2019q2,0.000872640466962,-7.043986923193057
KEN,Kenya,KEN,2019,3,2019.5,2019-Q3,2019q3,0.0008874841730064,-7.027119870005943
KEN,Kenya,KEN,2019,4,2019.75,2019-Q4,2019q4,0.0009487874497289,-6.9603257573284285
KOR,"Korea, Rep.",KOR,1990,1,1990.0,1990-Q1,1990q1,0.0050486331468211,-5.288637736326801
KOR,"Korea, Rep.",KOR,1990,2,1990.25,1990-Q2,1990q2,0.0051118501477175,-5.276193876163342
KOR,"Korea, Rep.",KOR,1990,3,1990.5,1990-Q3,1990q3,0.0052442796677347,-5.250617383508318
KOR,"Korea, Rep.",KOR,1990,4,1990.75,1990-Q4,1990q4,0.0053179492580018,-5.236667527763467
KOR,"Korea, Rep.",KOR,1991,1,1991.0,1991-Q1,1991q1,0.0054685434095186,-5.2087429851170715
KOR,"Korea, Rep.",KOR,1991,2,1991.25,1991-Q2,1991q2,0.0055289990075321,-5.1977484911286
KOR,"Korea, Rep.",KOR,1991,3,1991.5,1991-Q3,1991q3,0.005597466674393,-5.185441163168221
KOR,"Korea, Rep.",KOR,1991,4,1991.75,1991-Q4,1991q4,0.0056864202140088,-5.169674365211302
KOR,"Korea, Rep.",KOR,1992,1,1992.0,1992-Q1,1992q1,0.0057665873484874,-5.155674820838669
KOR,"Korea, Rep.",KOR,1992,2,1992.25,1992-Q2,1992q2,0.0058051511916775,-5.1490096190934995
KOR,"Korea, Rep.",KOR,1992,3,1992.5,1992-Q3,1992q3,0.0058044293100542,-5.149133978733216
KOR,"Korea, Rep.",KOR,1992,4,1992.75,1992-Q4,1992q4,0.0058737317754229,-5.137265110267891
KOR,"Korea, Rep.",KOR,1993,1,1993.0,1993-Q1,1993q1,0.006022433303957,-5.112263898014445
KOR,"Korea, Rep.",KOR,1993,2,1993.25,1993-Q2,1993q2,0.0061333676983146,-5.094011300064928
KOR,"Korea, Rep.",KOR,1993,3,1993.5,1993-Q3,1993q3,0.0061806034934085,-5.086339359625151
KOR,"Korea, Rep.",KOR,1993,4,1993.75,1993-Q4,1993q4,0.0062454207332987,-5.0759067664491635
KOR,"Korea, Rep.",KOR,1994,1,1994.0,1994-Q1,1994q1,0.0063546779778755,-5.058564047870785
KOR,"Korea, Rep.",KOR,1994,2,1994.25,1994-Q2,1994q2,0.0064505235301927,-5.043593983996621
KOR,"Korea, Rep.",KOR,1994,3,1994.5,1994-Q3,1994q3,0.0065142813912789,-5.033758375136797
KOR,"Korea, Rep.",KOR,1994,4,1994.75,1994-Q4,1994q4,0.0067371132837424,-5.000123741983581
KOR,"Korea, Rep.",KOR,1995,1,1995.0,1995-Q1,1995q1,0.0068041240531375,-4.990226372231205
KOR,"Korea, Rep.",KOR,1995,2,1995.25,1995-Q2,1995q2,0.006908648182739,-4.974981292361403
KOR,"Korea, Rep.",KOR,1995,3,1995.5,1995-Q3,1995q3,0.0070037014699653,-4.961316488258841
KOR,"Korea, Rep.",KOR,1995,4,1995.75,1995-Q4,1995q4,0.007086480563573,-4.949566456101074
KOR,"Korea, Rep.",KOR,1996,1,1996.0,1996-Q1,1996q1,0.0072318840186035,-4.929255693271482
KOR,"Korea, Rep.",KOR,1996,2,1996.25,1996-Q2,1996q2,0.0073199695785349,-4.917149106955408
KOR,"Korea, Rep.",KOR,1996,3,1996.5,1996-Q3,1996q3,0.0073869690246894,-4.908037773663578
KOR,"Korea, Rep.",KOR,1996,4,1996.75,1996-Q4,1996q4,0.0074532019652269,-4.8991115449354625
KOR,"Korea, Rep.",KOR,1997,1,1997.0,1997-Q1,1997q1,0.0074789154534322,-4.89566749036489
KOR,"Korea, Rep.",KOR,1997,2,1997.25,1997-Q2,1997q2,0.0077104002525565,-4.865185179322902
KOR,"Korea, Rep.",KOR,1997,3,1997.5,1997-Q3,1997q3,0.0077698623017667,-4.857502836539961
KOR,"Korea, Rep.",KOR,1997,4,1997.75,1997-Q4,1997q4,0.0077501284975656,-4.860045855423288
KOR,"Korea, Rep.",KOR,1998,1,1998.0,1998-Q1,1998q1,0.0075923977581456,-4.880607827299597
KOR,"Korea, Rep.",KOR,1998,2,1998.25,1998-Q2,1998q2,0.0076233285675691,-4.876542184770658
KOR,"Korea, Rep.",KOR,1998,3,1998.5,1998-Q3,1998q3,0.007838832511175,-4.848665370099614
KOR,"Korea, Rep.",KOR,1998,4,1998.75,1998-Q4,1998q4,0.0080153060525773,-4.826402308674314
KOR,"Korea, Rep.",KOR,1999,1,1999.0,1999-Q1,1999q1,0.0083633778842907,-4.783892880348197
KOR,"Korea, Rep.",KOR,1999,2,1999.25,1999-Q2,1999q2,0.00848404324365,-4.769568145209947
KOR,"Korea, Rep.",KOR,1999,3,1999.5,1999-Q3,1999q3,0.0085764266968685,-4.758737921125968
KOR,"Korea, Rep.",KOR,1999,4,1999.75,1999-Q4,1999q4,0.0086405840695556,-4.751285097807984
KOR,"Korea, Rep.",KOR,2000,1,2000.0,2000-Q1,2000q1,0.0087174843591171,-4.742424573609699
KOR,"Korea, Rep.",KOR,2000,2,2000.25,2000-Q2,2000q2,0.0087792136339911,-4.7353684386729
KOR,"Korea, Rep.",KOR,2000,3,2000.5,2000-Q3,2000q3,0.0089369076068239,-4.717565654912713
KOR,"Korea, Rep.",KOR,2000,4,2000.75,2000-Q4,2000q4,0.0088831441984669,-4.723599708244385
KOR,"Korea, Rep.",KOR,2001,1,2001.0,2001-Q1,2001q1,0.0090429574475499,-4.7057690068027185
KOR,"Korea, Rep.",KOR,2001,2,2001.25,2001-Q2,2001q2,0.0089892350329111,-4.711727525007686
KOR,"Korea, Rep.",KOR,2001,3,2001.5,2001-Q3,2001q3,0.0090658475953791,-4.703240937174037
KOR,"Korea, Rep.",KOR,2001,4,2001.75,2001-Q4,2001q4,0.0091434795603017,-4.694714270086908
KOR,"Korea, Rep.",KOR,2002,1,2002.0,2002-Q1,2002q1,0.0093151350341603,-4.676114778612798
KOR,"Korea, Rep.",KOR,2002,2,2002.25,2002-Q2,2002q2,0.0094315498988468,-4.663694837533868
KOR,"Korea, Rep.",KOR,2002,3,2002.5,2002-Q3,2002q3,0.0095822962215942,-4.64783802661852
KOR,"Korea, Rep.",KOR,2002,4,2002.75,2002-Q4,2002q4,0.0096792253653911,-4.637773405132218
KOR,"Korea, Rep.",KOR,2003,1,2003.0,2003-Q1,2003q1,0.009680548223002,-4.637636744689686
KOR,"Korea, Rep.",KOR,2003,2,2003.25,2003-Q2,2003q2,0.0097115759900278,-4.634436703975977
KOR,"Korea, Rep.",KOR,2003,3,2003.5,2003-Q3,2003q3,0.0098264950338407,-4.622672966508709
KOR,"Korea, Rep.",KOR,2003,4,2003.75,2003-Q4,2003q4,0.0100155189198707,-4.603619496940997
KOR,"Korea, Rep.",KOR,2004,1,2004.0,2004-Q1,2004q1,0.0100019396314834,-4.6049762416481705
KOR,"Korea, Rep.",KOR,2004,2,2004.25,2004-Q2,2004q2,0.010108446243738,-4.594383942850729
KOR,"Korea, Rep.",KOR,2004,3,2004.5,2004-Q3,2004q3,0.0101178523361495,-4.593453857392688
KOR,"Korea, Rep.",KOR,2004,4,2004.75,2004-Q4,2004q4,0.0101537441295289,-4.589912761757209
KOR,"Korea, Rep.",KOR,2005,1,2005.0,2005-Q1,2005q1,0.0102467789380661,-4.5807918727293515
KOR,"Korea, Rep.",KOR,2005,2,2005.25,2005-Q2,2005q2,0.0104238885133413,-4.563655134406608
KOR,"Korea, Rep.",KOR,2005,3,2005.5,2005-Q3,2005q3,0.0105616921868649,-4.550521768573608
KOR,"Korea, Rep.",KOR,2005,4,2005.75,2005-Q4,2005q4,0.0106437499829602,-4.542782415154196
KOR,"Korea, Rep.",KOR,2006,1,2006.0,2006-Q1,2006q1,0.0107447344489999,-4.533339463106515
KOR,"Korea, Rep.",KOR,2006,2,2006.25,2006-Q2,2006q2,0.0107861320399628,-4.529494040350562
KOR,"Korea, Rep.",KOR,2006,3,2006.5,2006-Q3,2006q3,0.010917511702226,-4.517387200727321
KOR,"Korea, Rep.",KOR,2006,4,2006.75,2006-Q4,2006q4,0.0109651524164209,-4.51303299694251
KOR,"Korea, Rep.",KOR,2007,1,2007.0,2007-Q1,2007q1,0.0110910399644853,-4.501617707040328
KOR,"Korea, Rep.",KOR,2007,2,2007.25,2007-Q2,2007q2,0.0112558374106191,-4.486868403959956
KOR,"Korea, Rep.",KOR,2007,3,2007.5,2007-Q3,2007q3,0.0113626270888147,-4.477425634606903
KOR,"Korea, Rep.",KOR,2007,4,2007.75,2007-Q4,2007q4,0.011541948199946,-4.461767210665139
KOR,"Korea, Rep.",KOR,2008,1,2008.0,2008-Q1,2008q1,0.011591507323425,-4.457482576296832
KOR,"Korea, Rep.",KOR,2008,2,2008.25,2008-Q2,2008q2,0.0116226139085326,-4.454802603756436
KOR,"Korea, Rep.",KOR,2008,3,2008.5,2008-Q3,2008q3,0.0117056627869735,-4.447682555381484
KOR,"Korea, Rep.",KOR,2008,4,2008.75,2008-Q4,2008q4,0.0113222188213604,-4.480988216460246
KOR,"Korea, Rep.",KOR,2009,1,2009.0,2009-Q1,2009q1,0.0113839865064002,-4.47554760350799
KOR,"Korea, Rep.",KOR,2009,2,2009.25,2009-Q2,2009q2,0.0115578831223754,-4.460387553408367
KOR,"Korea, Rep.",KOR,2009,3,2009.5,2009-Q3,2009q3,0.0118444193131929,-4.435898466364322
KOR,"Korea, Rep.",KOR,2009,4,2009.75,2009-Q4,2009q4,0.0119314195338374,-4.428580061364355
KOR,"Korea, Rep.",KOR,2010,1,2010.0,2010-Q1,2010q1,0.0121658365801961,-4.4091235356745715
KOR,"Korea, Rep.",KOR,2010,2,2010.25,2010-Q2,2010q2,0.0122641694767707,-4.401073318462876
KOR,"Korea, Rep.",KOR,2010,3,2010.5,2010-Q3,2010q3,0.0123393883913663,-4.394958824831541
KOR,"Korea, Rep.",KOR,2010,4,2010.75,2010-Q4,2010q4,0.0124830867105442,-4.383380614046858
KOR,"Korea, Rep.",KOR,2011,1,2011.0,2011-Q1,2011q1,0.0125234482638903,-4.380152530792908
KOR,"Korea, Rep.",KOR,2011,2,2011.25,2011-Q2,2011q2,0.0124918717699906,-4.382677104584323
KOR,"Korea, Rep.",KOR,2011,3,2011.5,2011-Q3,2011q3,0.0125214009952556,-4.380316018991067
KOR,"Korea, Rep.",KOR,2011,4,2011.75,2011-Q4,2011q4,0.0125281938110436,-4.37977366962318
KOR,"Korea, Rep.",KOR,2012,1,2012.0,2012-Q1,2012q1,0.0125941068502412,-4.3745262847336
KOR,"Korea, Rep.",KOR,2012,2,2012.25,2012-Q2,2012q2,0.0125849497368095,-4.375253644299575
KOR,"Korea, Rep.",KOR,2012,3,2012.5,2012-Q3,2012q3,0.0126194374663341,-4.372516997637983
KOR,"Korea, Rep.",KOR,2012,4,2012.75,2012-Q4,2012q4,0.0127202812701128,-4.364557608884385
KOR,"Korea, Rep.",KOR,2013,1,2013.0,2013-Q1,2013q1,0.0128138066650902,-4.35723204366669
KOR,"Korea, Rep.",KOR,2013,2,2013.25,2013-Q2,2013q2,0.012843316551282,-4.354931715687158
KOR,"Korea, Rep.",KOR,2013,3,2013.5,2013-Q3,2013q3,0.0128846324195871,-4.3517199630622185
KOR,"Korea, Rep.",KOR,2013,4,2013.75,2013-Q4,2013q4,0.0129019486725457,-4.350376919135643
KOR,"Korea, Rep.",KOR,2014,1,2014.0,2014-Q1,2014q1,0.0128794008497061,-4.352126077267881
KOR,"Korea, Rep.",KOR,2014,2,2014.25,2014-Q2,2014q2,0.0129825051817363,-4.344152583113486
KOR,"Korea, Rep.",KOR,2014,3,2014.5,2014-Q3,2014q3,0.012953608798941,-4.34638085792545
KOR,"Korea, Rep.",KOR,2014,4,2014.75,2014-Q4,2014q4,0.0130077704753987,-4.342208371212529
KOR,"Korea, Rep.",KOR,2015,1,2015.0,2015-Q1,2015q1,0.0130836032808058,-4.336395490706853
KOR,"Korea, Rep.",KOR,2015,2,2015.25,2015-Q2,2015q2,0.0131304905850496,-4.332818227690677
KOR,"Korea, Rep.",KOR,2015,3,2015.5,2015-Q3,2015q3,0.013277083804907,-4.321715752051914
KOR,"Korea, Rep.",KOR,2015,4,2015.75,2015-Q4,2015q4,0.0133294864741334,-4.317776669604603
KOR,"Korea, Rep.",KOR,2016,1,2016.0,2016-Q1,2016q1,0.013400484804107,-4.31246439326876
KOR,"Korea, Rep.",KOR,2016,2,2016.25,2016-Q2,2016q2,0.013543442770307,-4.301852777178189
KOR,"Korea, Rep.",KOR,2016,3,2016.5,2016-Q3,2016q3,0.0135357624192501,-4.302420028041652
KOR,"Korea, Rep.",KOR,2016,4,2016.75,2016-Q4,2016q4,0.013597606472279,-4.29786149641438
KOR,"Korea, Rep.",KOR,2017,1,2017.0,2017-Q1,2017q1,0.0136971943513396,-4.290564258993799
KOR,"Korea, Rep.",KOR,2017,2,2017.25,2017-Q2,2017q2,0.0137631102900199,-4.285763433500908
KOR,"Korea, Rep.",KOR,2017,3,2017.5,2017-Q3,2017q3,0.0139299073459498,-4.273717142616004
KOR,"Korea, Rep.",KOR,2017,4,2017.75,2017-Q4,2017q4,0.0138836443549404,-4.277043796771612
KOR,"Korea, Rep.",KOR,2018,1,2018.0,2018-Q1,2018q1,0.0140806620138413,-4.2629529113290525
KOR,"Korea, Rep.",KOR,2018,2,2018.25,2018-Q2,2018q2,0.014202484002602,-4.254338399912644
KOR,"Korea, Rep.",KOR,2018,3,2018.5,2018-Q3,2018q3,0.0143036918072982,-4.247237606693456
KOR,"Korea, Rep.",KOR,2018,4,2018.75,2018-Q4,2018q4,0.0143218191304746,-4.245971091266785
KOR,"Korea, Rep.",KOR,2019,1,2019.0,2019-Q1,2019q1,0.0142628531848719,-4.250096800919343
KOR,"Korea, Rep.",KOR,2019,2,2019.25,2019-Q2,2019q2,0.0144337137814158,-4.238188573999647
KOR,"Korea, Rep.",KOR,2019,3,2019.5,2019-Q3,2019q3,0.0144234457263757,-4.238900220998076
KOR,"Korea, Rep.",KOR,2019,4,2019.75,2019-Q4,2019q4,0.0144483942864004,-4.237171992646624
LKA,Sri Lanka,LKA,2010,1,2010.0,2010-Q1,2010q1,0.0017219984107969,-6.364269795859196
LKA,Sri Lanka,LKA,2010,2,2010.25,2010-Q2,2010q2,0.0018260098593859,-6.305622097379304
LKA,Sri Lanka,LKA,2010,3,2010.5,2010-Q3,2010q3,0.0018879844469345,-6.272245449145249
LKA,Sri Lanka,LKA,2010,4,2010.75,2010-Q4,2010q4,0.0018533966824475,-6.290735278795211
LKA,Sri Lanka,LKA,2011,1,2011.0,2011-Q1,2011q1,0.0019414206701157,-6.244335269727426
LKA,Sri Lanka,LKA,2011,2,2011.25,2011-Q2,2011q2,0.0019440270659418,-6.242993650231243
LKA,Sri Lanka,LKA,2011,3,2011.5,2011-Q3,2011q3,0.0020491130786673,-6.1903482240020145
LKA,Sri Lanka,LKA,2011,4,2011.75,2011-Q4,2011q4,0.0020800249644941,-6.175375383180311
LKA,Sri Lanka,LKA,2012,1,2012.0,2012-Q1,2012q1,0.0020596145606798,-6.1852364201533625
LKA,Sri Lanka,LKA,2012,2,2012.25,2012-Q2,2012q2,0.0020208079446128,-6.20425787495614
LKA,Sri Lanka,LKA,2012,3,2012.5,2012-Q3,2012q3,0.0020354715850962,-6.197027749786474
LKA,Sri Lanka,LKA,2012,4,2012.75,2012-Q4,2012q4,0.0020766753436949,-6.176987056515361
LKA,Sri Lanka,LKA,2013,1,2013.0,2013-Q1,2013q1,0.0022829162650821,-6.082301589688327
LKA,Sri Lanka,LKA,2013,2,2013.25,2013-Q2,2013q2,0.0023392425958528,-6.0579280789932115
LKA,Sri Lanka,LKA,2013,3,2013.5,2013-Q3,2013q3,0.0023083224737526,-6.07123422009942
LKA,Sri Lanka,LKA,2013,4,2013.75,2013-Q4,2013q4,0.0023048768092126,-6.072728048988833
LKA,Sri Lanka,LKA,2014,1,2014.0,2014-Q1,2014q1,0.0022907739216774,-6.078865561446247
LKA,Sri Lanka,LKA,2014,2,2014.25,2014-Q2,2014q2,0.0024237878768324,-6.022423724161845
LKA,Sri Lanka,LKA,2014,3,2014.5,2014-Q3,2014q3,0.0023765209983213,-6.04211762613132
LKA,Sri Lanka,LKA,2014,4,2014.75,2014-Q4,2014q4,0.0025612174826721,-5.967272554373808
LKA,Sri Lanka,LKA,2015,1,2015.0,2015-Q1,2015q1,0.0022629969007212,-6.091065281875996
LKA,Sri Lanka,LKA,2015,2,2015.25,2015-Q2,2015q2,0.0021776002483735,-6.129531812008712
LKA,Sri Lanka,LKA,2015,3,2015.5,2015-Q3,2015q3,0.0022495316239516,-6.097033251568216
LKA,Sri Lanka,LKA,2015,4,2015.75,2015-Q4,2015q4,0.0021855368413447,-6.125893786633139
LKA,Sri Lanka,LKA,2016,1,2016.0,2016-Q1,2016q1,0.0023131358325758,-6.069151171743417
LKA,Sri Lanka,LKA,2016,2,2016.25,2016-Q2,2016q2,0.0023127084927688,-6.069335933606618
LKA,Sri Lanka,LKA,2016,3,2016.5,2016-Q3,2016q3,0.0022576283634447,-6.093440413406064
LKA,Sri Lanka,LKA,2016,4,2016.75,2016-Q4,2016q4,0.0022938290501212,-6.077532783487141
LKA,Sri Lanka,LKA,2017,1,2017.0,2017-Q1,2017q1,0.0023647591965006,-6.047079081883695
LKA,Sri Lanka,LKA,2017,2,2017.25,2017-Q2,2017q2,0.0023352591265501,-6.05963241905062
LKA,Sri Lanka,LKA,2017,3,2017.5,2017-Q3,2017q3,0.0023412327490772,-6.05707767248632
LKA,Sri Lanka,LKA,2017,4,2017.75,2017-Q4,2017q4,0.0024049494979192,-6.030226374431085
LKA,Sri Lanka,LKA,2018,1,2018.0,2018-Q1,2018q1,0.0025086302286925,-5.988018400421386
LKA,Sri Lanka,LKA,2018,2,2018.25,2018-Q2,2018q2,0.0025286256283916,-5.980079353730262
LKA,Sri Lanka,LKA,2018,3,2018.5,2018-Q3,2018q3,0.0024765199628532,-6.0009009450546005
LKA,Sri Lanka,LKA,2018,4,2018.75,2018-Q4,2018q4,0.0023932312716768,-6.0351108296455855
LKA,Sri Lanka,LKA,2019,1,2019.0,2019-Q1,2019q1,0.0024066216654893,-6.029531313470485
LKA,Sri Lanka,LKA,2019,2,2019.25,2019-Q2,2019q2,0.002443201034414,-6.01444620011509
LKA,Sri Lanka,LKA,2019,3,2019.5,2019-Q3,2019q3,0.0024678031829644,-6.00442692370231
LKA,Sri Lanka,LKA,2019,4,2019.75,2019-Q4,2019q4,0.0023677666867784,-6.04580809435744
LTU,Lithuania,LTU,1997,1,1997.0,1997-Q1,1997q1,0.0033982007533019,-5.6845091776359
LTU,Lithuania,LTU,1997,2,1997.25,1997-Q2,1997q2,0.0034341467232823,-5.673986790779453
LTU,Lithuania,LTU,1997,3,1997.5,1997-Q3,1997q3,0.003593935094132,-5.6285075502908
LTU,Lithuania,LTU,1997,4,1997.75,1997-Q4,1997q4,0.003632249099533,-5.6179032359217285
LTU,Lithuania,LTU,1998,1,1998.0,1998-Q1,1998q1,0.0039683262227311,-5.529410879548952
LTU,Lithuania,LTU,1998,2,1998.25,1998-Q2,1998q2,0.004004423958211,-5.520355539465362
LTU,Lithuania,LTU,1998,3,1998.5,1998-Q3,1998q3,0.0040970240129302,-5.497494419333725
LTU,Lithuania,LTU,1998,4,1998.75,1998-Q4,1998q4,0.003979456490239,-5.5266100292524465
LTU,Lithuania,LTU,1999,1,1999.0,1999-Q1,1999q1,0.0039059930293581,-5.545243231127783
LTU,Lithuania,LTU,1999,2,1999.25,1999-Q2,1999q2,0.0039856486420693,-5.5250552090774745
LTU,Lithuania,LTU,1999,3,1999.5,1999-Q3,1999q3,0.0038715428855847,-5.554102172945923
LTU,Lithuania,LTU,1999,4,1999.75,1999-Q4,1999q4,0.0040501814383057,-5.508993599285506
LTU,Lithuania,LTU,2000,1,2000.0,2000-Q1,2000q1,0.0041451715961911,-5.485811092894445
LTU,Lithuania,LTU,2000,2,2000.25,2000-Q2,2000q2,0.0042502442744038,-5.460778821367207
LTU,Lithuania,LTU,2000,3,2000.5,2000-Q3,2000q3,0.0042731785950113,-5.455397327029093
LTU,Lithuania,LTU,2000,4,2000.75,2000-Q4,2000q4,0.0044596527541998,-5.412684373783976
LTU,Lithuania,LTU,2001,1,2001.0,2001-Q1,2001q1,0.0045820231981021,-5.385614632086718
LTU,Lithuania,LTU,2001,2,2001.25,2001-Q2,2001q2,0.0046507520229445,-5.3707263470946005
LTU,Lithuania,LTU,2001,3,2001.5,2001-Q3,2001q3,0.0047146987481497,-5.35707025716491
LTU,Lithuania,LTU,2001,4,2001.75,2001-Q4,2001q4,0.0049376764941542,-5.310860403742273
LTU,Lithuania,LTU,2002,1,2002.0,2002-Q1,2002q1,0.0048934161790692,-5.319864614279701
LTU,Lithuania,LTU,2002,2,2002.25,2002-Q2,2002q2,0.0048571855844452,-5.327296106662439
LTU,Lithuania,LTU,2002,3,2002.5,2002-Q3,2002q3,0.0049452151037397,-5.30933481561395
LTU,Lithuania,LTU,2002,4,2002.75,2002-Q4,2002q4,0.0050195052697917,-5.294423901969373
LTU,Lithuania,LTU,2003,1,2003.0,2003-Q1,2003q1,0.0052825561062312,-5.243345187379269
LTU,Lithuania,LTU,2003,2,2003.25,2003-Q2,2003q2,0.0051498571431608,-5.268786303883308
LTU,Lithuania,LTU,2003,3,2003.5,2003-Q3,2003q3,0.005402969837186,-5.22080650674064
LTU,Lithuania,LTU,2003,4,2003.75,2003-Q4,2003q4,0.005479845358963,-5.206678397587717
LTU,Lithuania,LTU,2004,1,2004.0,2004-Q1,2004q1,0.0055747516373764,-5.189507511977831
LTU,Lithuania,LTU,2004,2,2004.25,2004-Q2,2004q2,0.0056928975394663,-5.168535926809738
LTU,Lithuania,LTU,2004,3,2004.5,2004-Q3,2004q3,0.005754068858014,-5.157848046942459
LTU,Lithuania,LTU,2004,4,2004.75,2004-Q4,2004q4,0.0058288088927522,-5.144942606053679
LTU,Lithuania,LTU,2005,1,2005.0,2005-Q1,2005q1,0.0059579078143608,-5.123035897392017
LTU,Lithuania,LTU,2005,2,2005.25,2005-Q2,2005q2,0.0060618292928163,-5.105743660951494
LTU,Lithuania,LTU,2005,3,2005.5,2005-Q3,2005q3,0.0061891314867862,-5.0849605112112615
LTU,Lithuania,LTU,2005,4,2005.75,2005-Q4,2005q4,0.0062674883858471,-5.072379581009394
LTU,Lithuania,LTU,2006,1,2006.0,2006-Q1,2006q1,0.0063071283497325,-5.066074801145789
LTU,Lithuania,LTU,2006,2,2006.25,2006-Q2,2006q2,0.0065100083760357,-5.034414536121059
LTU,Lithuania,LTU,2006,3,2006.5,2006-Q3,2006q3,0.0066868343683223,-5.007614705422635
LTU,Lithuania,LTU,2006,4,2006.75,2006-Q4,2006q4,0.0068703531134418,-4.980539774732273
LTU,Lithuania,LTU,2007,1,2007.0,2007-Q1,2007q1,0.006952007270483,-4.968724845207884
LTU,Lithuania,LTU,2007,2,2007.25,2007-Q2,2007q2,0.0070857266028423,-4.949672856003723
LTU,Lithuania,LTU,2007,3,2007.5,2007-Q3,2007q3,0.0072877708280214,-4.921557564631209
LTU,Lithuania,LTU,2007,4,2007.75,2007-Q4,2007q4,0.0075193171768869,-4.890279946088935
LTU,Lithuania,LTU,2008,1,2008.0,2008-Q1,2008q1,0.0074584513415854,-4.898407481279027
LTU,Lithuania,LTU,2008,2,2008.25,2008-Q2,2008q2,0.0075396173976164,-4.88758384127144
LTU,Lithuania,LTU,2008,3,2008.5,2008-Q3,2008q3,0.007479303371604,-4.895615623471321
LTU,Lithuania,LTU,2008,4,2008.75,2008-Q4,2008q4,0.0074937093713277,-4.893691360877516
LTU,Lithuania,LTU,2009,1,2009.0,2009-Q1,2009q1,0.0068258926493355,-4.987032155352097
LTU,Lithuania,LTU,2009,2,2009.25,2009-Q2,2009q2,0.0069164753523585,-4.973848981256057
LTU,Lithuania,LTU,2009,3,2009.5,2009-Q3,2009q3,0.0069875186377361,-4.963629773207718
LTU,Lithuania,LTU,2009,4,2009.75,2009-Q4,2009q4,0.0070220842777237,-4.958695199353533
LTU,Lithuania,LTU,2010,1,2010.0,2010-Q1,2010q1,0.0072793834022913,-4.922709117848036
LTU,Lithuania,LTU,2010,2,2010.25,2010-Q2,2010q2,0.0074108497292041,-4.904810172941726
LTU,Lithuania,LTU,2010,3,2010.5,2010-Q3,2010q3,0.0073667239119543,-4.910782188303208
LTU,Lithuania,LTU,2010,4,2010.75,2010-Q4,2010q4,0.0073224311986044,-4.916812875195308
LTU,Lithuania,LTU,2011,1,2011.0,2011-Q1,2011q1,0.0076361783581385,-4.874858015856256
LTU,Lithuania,LTU,2011,2,2011.25,2011-Q2,2011q2,0.0077566291493509,-4.8592074271310395
LTU,Lithuania,LTU,2011,3,2011.5,2011-Q3,2011q3,0.0078370947943423,-4.848887075241
LTU,Lithuania,LTU,2011,4,2011.75,2011-Q4,2011q4,0.0078533447257064,-4.846815758226182
LTU,Lithuania,LTU,2012,1,2012.0,2012-Q1,2012q1,0.0078780243475116,-4.843678123868054
LTU,Lithuania,LTU,2012,2,2012.25,2012-Q2,2012q2,0.0078515553001997,-4.84704363939849
LTU,Lithuania,LTU,2012,3,2012.5,2012-Q3,2012q3,0.0080129674603236,-4.8266941170551005
LTU,Lithuania,LTU,2012,4,2012.75,2012-Q4,2012q4,0.0081366059394102,-4.8113821466804145
LTU,Lithuania,LTU,2013,1,2013.0,2013-Q1,2013q1,0.0081023623087336,-4.815599616769782
LTU,Lithuania,LTU,2013,2,2013.25,2013-Q2,2013q2,0.0081443754983459,-4.8104277128761375
LTU,Lithuania,LTU,2013,3,2013.5,2013-Q3,2013q3,0.0082404568886281,-4.79869948894888
LTU,Lithuania,LTU,2013,4,2013.75,2013-Q4,2013q4,0.0082569520351325,-4.796699762558207
LTU,Lithuania,LTU,2014,1,2014.0,2014-Q1,2014q1,0.0083131276011728,-4.789919374957245
LTU,Lithuania,LTU,2014,2,2014.25,2014-Q2,2014q2,0.0084263563754065,-4.776390821588342
LTU,Lithuania,LTU,2014,3,2014.5,2014-Q3,2014q3,0.0082458822046864,-4.798041329945424
LTU,Lithuania,LTU,2014,4,2014.75,2014-Q4,2014q4,0.0083270566829632,-4.788245224622621
LTU,Lithuania,LTU,2015,1,2015.0,2015-Q1,2015q1,0.0083867479236101,-4.78110244704021
LTU,Lithuania,LTU,2015,2,2015.25,2015-Q2,2015q2,0.0084667400655791,-4.771609724500447
LTU,Lithuania,LTU,2015,3,2015.5,2015-Q3,2015q3,0.0085174477645888,-4.765638541164271
LTU,Lithuania,LTU,2015,4,2015.75,2015-Q4,2015q4,0.0084824077790874,-4.769760933267446
LTU,Lithuania,LTU,2016,1,2016.0,2016-Q1,2016q1,0.0083590297988796,-4.784412911385768
LTU,Lithuania,LTU,2016,2,2016.25,2016-Q2,2016q2,0.0084429305864299,-4.774425804762906
LTU,Lithuania,LTU,2016,3,2016.5,2016-Q3,2016q3,0.0085791026882521,-4.758425952740122
LTU,Lithuania,LTU,2016,4,2016.75,2016-Q4,2016q4,0.0086848272437543,-4.746177770822045
LTU,Lithuania,LTU,2017,1,2017.0,2017-Q1,2017q1,0.0088374946661908,-4.728751851302395
LTU,Lithuania,LTU,2017,2,2017.25,2017-Q2,2017q2,0.0088849153478678,-4.723400344954078
LTU,Lithuania,LTU,2017,3,2017.5,2017-Q3,2017q3,0.0090074406433115,-4.709704305059936
LTU,Lithuania,LTU,2017,4,2017.75,2017-Q4,2017q4,0.0091132379250163,-4.6980272055003605
LTU,Lithuania,LTU,2018,1,2018.0,2018-Q1,2018q1,0.009229527700158,-4.685347401856999
LTU,Lithuania,LTU,2018,2,2018.25,2018-Q2,2018q2,0.0092932410444471,-4.6784679124621364
LTU,Lithuania,LTU,2018,3,2018.5,2018-Q3,2018q3,0.0091048565429638,-4.698947321779102
LTU,Lithuania,LTU,2018,4,2018.75,2018-Q4,2018q4,0.0094087940834749,-4.666110486256518
LTU,Lithuania,LTU,2019,1,2019.0,2019-Q1,2019q1,0.0094865827429787,-4.657876821516212
LTU,Lithuania,LTU,2019,2,2019.25,2019-Q2,2019q2,0.0096583065908883,-4.639936947275032
LTU,Lithuania,LTU,2019,3,2019.5,2019-Q3,2019q3,0.0097343923281525,-4.632090063456807
LTU,Lithuania,LTU,2019,4,2019.75,2019-Q4,2019q4,0.0098008778147354,-4.625283324384843
MAR,Morocco,MAR,1999,1,1999.0,1999-Q1,1999q1,0.0017394308718515,-6.354197304402528
MAR,Morocco,MAR,1999,2,1999.25,1999-Q2,1999q2,0.0017914700797236,-6.3247187226014905
MAR,Morocco,MAR,1999,3,1999.5,1999-Q3,1999q3,0.001823719841583,-6.306876994750368
MAR,Morocco,MAR,1999,4,1999.75,1999-Q4,1999q4,0.0018291329199778,-6.303913238634016
MAR,Morocco,MAR,2000,1,2000.0,2000-Q1,2000q1,0.0018055380086825,-6.316896665857986
MAR,Morocco,MAR,2000,2,2000.25,2000-Q2,2000q2,0.0017763557327702,-6.333191354486301
MAR,Morocco,MAR,2000,3,2000.5,2000-Q3,2000q3,0.0018481676085011,-6.293560612634535
MAR,Morocco,MAR,2000,4,2000.75,2000-Q4,2000q4,0.0018238459001398,-6.306807875471498
MAR,Morocco,MAR,2001,1,2001.0,2001-Q1,2001q1,0.0019048337644135,-6.263360536986156
MAR,Morocco,MAR,2001,2,2001.25,2001-Q2,2001q2,0.0019419430505412,-6.244066234702006
MAR,Morocco,MAR,2001,3,2001.5,2001-Q3,2001q3,0.0019341251055679,-6.248100196572703
MAR,Morocco,MAR,2001,4,2001.75,2001-Q4,2001q4,0.0019733748195741,-6.2280100955425
MAR,Morocco,MAR,2002,1,2002.0,2002-Q1,2002q1,0.0019338107369511,-6.248262747675044
MAR,Morocco,MAR,2002,2,2002.25,2002-Q2,2002q2,0.0019470988518787,-6.241414782499953
MAR,Morocco,MAR,2002,3,2002.5,2002-Q3,2002q3,0.0019587809800969,-6.235432948160332
MAR,Morocco,MAR,2002,4,2002.75,2002-Q4,2002q4,0.0019784212823908,-6.225456084439877
MAR,Morocco,MAR,2003,1,2003.0,2003-Q1,2003q1,0.0019322475936383,-6.249071397345749
MAR,Morocco,MAR,2003,2,2003.25,2003-Q2,2003q2,0.0020208443335214,-6.204239868009427
MAR,Morocco,MAR,2003,3,2003.5,2003-Q3,2003q3,0.0019967322250123,-6.216243322165933
MAR,Morocco,MAR,2003,4,2003.75,2003-Q4,2003q4,0.0019936728572796,-6.21777668445324
MAR,Morocco,MAR,2004,1,2004.0,2004-Q1,2004q1,0.0020017964361915,-6.213710283482919
MAR,Morocco,MAR,2004,2,2004.25,2004-Q2,2004q2,0.0020638623950835,-6.183176102633992
MAR,Morocco,MAR,2004,3,2004.5,2004-Q3,2004q3,0.0020462343079697,-6.191754097985329
MAR,Morocco,MAR,2004,4,2004.75,2004-Q4,2004q4,0.0020278850456859,-6.20076187844661
MAR,Morocco,MAR,2005,1,2005.0,2005-Q1,2005q1,0.002029046884861,-6.200189111031848
MAR,Morocco,MAR,2005,2,2005.25,2005-Q2,2005q2,0.0020594105061021,-6.185335499219189
MAR,Morocco,MAR,2005,3,2005.5,2005-Q3,2005q3,0.0020971629444231,-6.167169826493568
MAR,Morocco,MAR,2005,4,2005.75,2005-Q4,2005q4,0.0021194086978598,-6.156618145306415
MAR,Morocco,MAR,2006,1,2006.0,2006-Q1,2006q1,0.0021879435855466,-6.124793178325828
MAR,Morocco,MAR,2006,2,2006.25,2006-Q2,2006q2,0.0022469736071205,-6.098171031677701
MAR,Morocco,MAR,2006,3,2006.5,2006-Q3,2006q3,0.002224312313393,-6.1083074837690825
MAR,Morocco,MAR,2006,4,2006.75,2006-Q4,2006q4,0.0022771503669119,-6.0848304567897715
MAR,Morocco,MAR,2007,1,2007.0,2007-Q1,2007q1,0.0022027857785447,-6.118032456677821
MAR,Morocco,MAR,2007,2,2007.25,2007-Q2,2007q2,0.0022507116363962,-6.0965088299299275
MAR,Morocco,MAR,2007,3,2007.5,2007-Q3,2007q3,0.0022845272362257,-6.081596174849613
MAR,Morocco,MAR,2007,4,2007.75,2007-Q4,2007q4,0.0023119991586581,-6.069642692074278
MAR,Morocco,MAR,2008,1,2008.0,2008-Q1,2008q1,0.0023440680155804,-6.055867390802517
MAR,Morocco,MAR,2008,2,2008.25,2008-Q2,2008q2,0.0023635439041206,-6.047593132011573
MAR,Morocco,MAR,2008,3,2008.5,2008-Q3,2008q3,0.0023834855816967,-6.0391913325524165
MAR,Morocco,MAR,2008,4,2008.75,2008-Q4,2008q4,0.0023713608779177,-6.044291278538774
MAR,Morocco,MAR,2009,1,2009.0,2009-Q1,2009q1,0.0023582775151317,-6.049823792896441
MAR,Morocco,MAR,2009,2,2009.25,2009-Q2,2009q2,0.0024458175757083,-6.013375825157345
MAR,Morocco,MAR,2009,3,2009.5,2009-Q3,2009q3,0.0024666220470166,-6.004905656651056
MAR,Morocco,MAR,2009,4,2009.75,2009-Q4,2009q4,0.0024919091747063,-5.9947061254682
MAR,Morocco,MAR,2010,1,2010.0,2010-Q1,2010q1,0.0024410428264878,-6.015329943076387
MAR,Morocco,MAR,2010,2,2010.25,2010-Q2,2010q2,0.0024973851311679,-5.992511042025667
MAR,Morocco,MAR,2010,3,2010.5,2010-Q3,2010q3,0.002527708470945,-5.980442129384972
MAR,Morocco,MAR,2010,4,2010.75,2010-Q4,2010q4,0.0025654100112698,-5.965636964685541
MAR,Morocco,MAR,2011,1,2011.0,2011-Q1,2011q1,0.0025702398852099,-5.963756043882367
MAR,Morocco,MAR,2011,2,2011.25,2011-Q2,2011q2,0.0026145075692878,-5.946679509221595
MAR,Morocco,MAR,2011,3,2011.5,2011-Q3,2011q3,0.0026120621763917,-5.9476152637196815
MAR,Morocco,MAR,2011,4,2011.75,2011-Q4,2011q4,0.002653074006583,-5.932036308782887
MAR,Morocco,MAR,2012,1,2012.0,2012-Q1,2012q1,0.0026260629360654,-5.942269536874863
MAR,Morocco,MAR,2012,2,2012.25,2012-Q2,2012q2,0.0026783624099772,-5.922549712274323
MAR,Morocco,MAR,2012,3,2012.5,2012-Q3,2012q3,0.0027041922432334,-5.912952027458271
MAR,Morocco,MAR,2012,4,2012.75,2012-Q4,2012q4,0.0027546504298688,-5.894464730137987
MAR,Morocco,MAR,2013,1,2013.0,2013-Q1,2013q1,0.0027234834496341,-5.9058435380328484
MAR,Morocco,MAR,2013,2,2013.25,2013-Q2,2013q2,0.0027815226378522,-5.8847567897611395
MAR,Morocco,MAR,2013,3,2013.5,2013-Q3,2013q3,0.0027976793243628,-5.878965018183716
MAR,Morocco,MAR,2013,4,2013.75,2013-Q4,2013q4,0.0028278678920263,-5.868232246315371
MAR,Morocco,MAR,2014,1,2014.0,2014-Q1,2014q1,0.0027925987534962,-5.8807826638158724
MAR,Morocco,MAR,2014,2,2014.25,2014-Q2,2014q2,0.0028379555133066,-5.864671375734799
MAR,Morocco,MAR,2014,3,2014.5,2014-Q3,2014q3,0.0028386217583269,-5.864436640967182
MAR,Morocco,MAR,2014,4,2014.75,2014-Q4,2014q4,0.0028182426498217,-5.87164176210772
MAR,Morocco,MAR,2015,1,2015.0,2015-Q1,2015q1,0.0028962691351538,-5.8443318753672475
MAR,Morocco,MAR,2015,2,2015.25,2015-Q2,2015q2,0.0029355200242136,-5.8308706610853775
MAR,Morocco,MAR,2015,3,2015.5,2015-Q3,2015q3,0.0029516328439962,-5.825396755319206
MAR,Morocco,MAR,2015,4,2015.75,2015-Q4,2015q4,0.0029736373361526,-5.817969383184148
MAR,Morocco,MAR,2016,1,2016.0,2016-Q1,2016q1,0.0029124129187368,-5.838773359683469
MAR,Morocco,MAR,2016,2,2016.25,2016-Q2,2016q2,0.0029167942335063,-5.837270131035007
MAR,Morocco,MAR,2016,3,2016.5,2016-Q3,2016q3,0.0029733495712843,-5.81806615987897
MAR,Morocco,MAR,2016,4,2016.75,2016-Q4,2016q4,0.0029951394471637,-5.810764488510727
MAR,Morocco,MAR,2017,1,2017.0,2017-Q1,2017q1,0.0030543532176235,-5.791187421498413
MAR,Morocco,MAR,2017,2,2017.25,2017-Q2,2017q2,0.0030969965859047,-5.777322480379571
MAR,Morocco,MAR,2017,3,2017.5,2017-Q3,2017q3,0.0031014891412248,-5.775872914693842
MAR,Morocco,MAR,2017,4,2017.75,2017-Q4,2017q4,0.0031199311432337,-5.769944346880659
MAR,Morocco,MAR,2018,1,2018.0,2018-Q1,2018q1,0.003148143853319,-5.760942252736927
MAR,Morocco,MAR,2018,2,2018.25,2018-Q2,2018q2,0.0031824585766947,-5.75010124358138
MAR,Morocco,MAR,2018,3,2018.5,2018-Q3,2018q3,0.0031908180157225,-5.747477963797288
MAR,Morocco,MAR,2018,4,2018.75,2018-Q4,2018q4,0.0032086673790169,-5.741899574761178
MAR,Morocco,MAR,2019,1,2019.0,2019-Q1,2019q1,0.003229472431661,-5.735436488939081
MAR,Morocco,MAR,2019,2,2019.25,2019-Q2,2019q2,0.0033050728789316,-5.712296754807661
MAR,Morocco,MAR,2019,3,2019.5,2019-Q3,2019q3,0.0032767967987825,-5.720888919493669
MAR,Morocco,MAR,2019,4,2019.75,2019-Q4,2019q4,0.0032642665567266,-5.724720179550949
MDA,Moldova,MDA,2016,1,2016.0,2016-Q1,2016q1,0.0013176950062457,-6.6318712761707985
MDA,Moldova,MDA,2016,2,2016.25,2016-Q2,2016q2,0.0013860911091334,-6.5812676450694125
MDA,Moldova,MDA,2016,3,2016.5,2016-Q3,2016q3,0.0014034790826619,-6.568801065969943
MDA,Moldova,MDA,2016,4,2016.75,2016-Q4,2016q4,0.0014011336597138,-6.570473613098765
MDA,Moldova,MDA,2017,1,2017.0,2017-Q1,2017q1,0.0014477993923412,-6.53771053581716
MDA,Moldova,MDA,2017,2,2017.25,2017-Q2,2017q2,0.0014713761842535,-6.521557136370174
MDA,Moldova,MDA,2017,3,2017.5,2017-Q3,2017q3,0.001536434289264,-6.478290943813943
MDA,Moldova,MDA,2017,4,2017.75,2017-Q4,2017q4,0.0015340787607773,-6.479825233953992
MDA,Moldova,MDA,2018,1,2018.0,2018-Q1,2018q1,0.001554884080129,-6.466354282670507
MDA,Moldova,MDA,2018,2,2018.25,2018-Q2,2018q2,0.0016137531288266,-6.429192676950708
MDA,Moldova,MDA,2018,3,2018.5,2018-Q3,2018q3,0.0016496153603268,-6.407213133198616
MDA,Moldova,MDA,2018,4,2018.75,2018-Q4,2018q4,0.0016452356013637,-6.4098716823067
MDA,Moldova,MDA,2019,1,2019.0,2019-Q1,2019q1,0.0016042819391635,-6.435079012438175
MDA,Moldova,MDA,2019,2,2019.25,2019-Q2,2019q2,0.0016856365871196,-6.385611990014796
MDA,Moldova,MDA,2019,3,2019.5,2019-Q3,2019q3,0.0017052148009034,-6.374064193247295
MDA,Moldova,MDA,2019,4,2019.75,2019-Q4,2019q4,0.0016310698281992,-6.418519143139421
MEX,Mexico,MEX,1991,1,1991.0,1991-Q1,1991q1,0.0059674086918194,-5.121442500778379
MEX,Mexico,MEX,1991,2,1991.25,1991-Q2,1991q2,0.005983834921687,-5.118693625306956
MEX,Mexico,MEX,1991,3,1991.5,1991-Q3,1991q3,0.0059594940464422,-5.122769693044913
MEX,Mexico,MEX,1991,4,1991.75,1991-Q4,1991q4,0.0060057952857952,-5.115030394951088
MEX,Mexico,MEX,1992,1,1992.0,1992-Q1,1992q1,0.0059575294148714,-5.1230994115513795
MEX,Mexico,MEX,1992,2,1992.25,1992-Q2,1992q2,0.0059957436956168,-5.11670544554988
MEX,Mexico,MEX,1992,3,1992.5,1992-Q3,1992q3,0.0060232211404953,-5.112133089590037
MEX,Mexico,MEX,1992,4,1992.75,1992-Q4,1992q4,0.0059579227698759,-5.12303338719938
MEX,Mexico,MEX,1993,1,1993.0,1993-Q1,1993q1,0.0059725172964884,-5.120586782747004
MEX,Mexico,MEX,1993,2,1993.25,1993-Q2,1993q2,0.0059526671034358,-5.123915907181532
MEX,Mexico,MEX,1993,3,1993.5,1993-Q3,1993q3,0.0059427206948572,-5.125588221033808
MEX,Mexico,MEX,1993,4,1993.75,1993-Q4,1993q4,0.0059131667195921,-5.130573767108474
MEX,Mexico,MEX,1994,1,1994.0,1994-Q1,1994q1,0.0059216207402656,-5.129145093861888
MEX,Mexico,MEX,1994,2,1994.25,1994-Q2,1994q2,0.0060815086250126,-5.102502484669084
MEX,Mexico,MEX,1994,3,1994.5,1994-Q3,1994q3,0.0059899757132543,-5.117667921411529
MEX,Mexico,MEX,1994,4,1994.75,1994-Q4,1994q4,0.0059856966726725,-5.118382543626635
MEX,Mexico,MEX,1995,1,1995.0,1995-Q1,1995q1,0.0059716496287681,-5.120732070020241
MEX,Mexico,MEX,1995,2,1995.25,1995-Q2,1995q2,0.0054508134095936,-5.211990431976862
MEX,Mexico,MEX,1995,3,1995.5,1995-Q3,1995q3,0.0056314426428787,-5.179389627580561
MEX,Mexico,MEX,1995,4,1995.75,1995-Q4,1995q4,0.0057020385148416,-5.166931533894757
MEX,Mexico,MEX,1996,1,1996.0,1996-Q1,1996q1,0.0057441563212393,-5.159572232906092
MEX,Mexico,MEX,1996,2,1996.25,1996-Q2,1996q2,0.0057066320209697,-5.166126268046838
MEX,Mexico,MEX,1996,3,1996.5,1996-Q3,1996q3,0.0057854843776744,-5.152403191906579
MEX,Mexico,MEX,1996,4,1996.75,1996-Q4,1996q4,0.0059220420923938,-5.1290739415276265
MEX,Mexico,MEX,1997,1,1997.0,1997-Q1,1997q1,0.005756616277454,-5.157405428722673
MEX,Mexico,MEX,1997,2,1997.25,1997-Q2,1997q2,0.0058273737737632,-5.1451888477328485
MEX,Mexico,MEX,1997,3,1997.5,1997-Q3,1997q3,0.0059079369775807,-5.131458581671745
MEX,Mexico,MEX,1997,4,1997.75,1997-Q4,1997q4,0.0060425348663702,-5.10893167521376
MEX,Mexico,MEX,1998,1,1998.0,1998-Q1,1998q1,0.0061166533403609,-5.096740171839632
MEX,Mexico,MEX,1998,2,1998.25,1998-Q2,1998q2,0.0060763209803605,-5.103355868066502
MEX,Mexico,MEX,1998,3,1998.5,1998-Q3,1998q3,0.0060895614026638,-5.101179219120871
MEX,Mexico,MEX,1998,4,1998.75,1998-Q4,1998q4,0.006080771927566,-5.102623629292301
MEX,Mexico,MEX,1999,1,1999.0,1999-Q1,1999q1,0.0061743202439404,-5.087356484480531
MEX,Mexico,MEX,1999,2,1999.25,1999-Q2,1999q2,0.0061445436854992,-5.092190796573432
MEX,Mexico,MEX,1999,3,1999.5,1999-Q3,1999q3,0.0061910517231584,-5.084650299907433
MEX,Mexico,MEX,1999,4,1999.75,1999-Q4,1999q4,0.0062346300076787,-5.07763604280116
MEX,Mexico,MEX,2000,1,2000.0,2000-Q1,2000q1,0.0065798808792904,-5.023738637260088
MEX,Mexico,MEX,2000,2,2000.25,2000-Q2,2000q2,0.0062979857148466,-5.067525424510608
MEX,Mexico,MEX,2000,3,2000.5,2000-Q3,2000q3,0.0063007714429097,-5.067083201825685
MEX,Mexico,MEX,2000,4,2000.75,2000-Q4,2000q4,0.0061914754061231,-5.084581867517107
MEX,Mexico,MEX,2001,1,2001.0,2001-Q1,2001q1,0.0062866010504417,-5.069334727862867
MEX,Mexico,MEX,2001,2,2001.25,2001-Q2,2001q2,0.0063016274174692,-5.066947358710371
MEX,Mexico,MEX,2001,3,2001.5,2001-Q3,2001q3,0.0061552976877581,-5.0904421553230605
MEX,Mexico,MEX,2001,4,2001.75,2001-Q4,2001q4,0.0060595211415762,-5.106124501565003
MEX,Mexico,MEX,2002,1,2002.0,2002-Q1,2002q1,0.0060020984786194,-5.1156461244645435
MEX,Mexico,MEX,2002,2,2002.25,2002-Q2,2002q2,0.0060605796802652,-5.105949826666296
MEX,Mexico,MEX,2002,3,2002.5,2002-Q3,2002q3,0.0060969712791923,-5.099963142713396
MEX,Mexico,MEX,2002,4,2002.75,2002-Q4,2002q4,0.0060987340652431,-5.099674059628278
MEX,Mexico,MEX,2003,1,2003.0,2003-Q1,2003q1,0.0060413880687419,-5.1091214807326955
MEX,Mexico,MEX,2003,2,2003.25,2003-Q2,2003q2,0.0060619969376546,-5.105716005517455
MEX,Mexico,MEX,2003,3,2003.5,2003-Q3,2003q3,0.0059990876386085,-5.116147881548328
MEX,Mexico,MEX,2003,4,2003.75,2003-Q4,2003q4,0.0060117235906589,-5.114043784419325
MEX,Mexico,MEX,2004,1,2004.0,2004-Q1,2004q1,0.0060576209834992,-5.10643813295976
MEX,Mexico,MEX,2004,2,2004.25,2004-Q2,2004q2,0.0060614641438138,-5.105803900193334
MEX,Mexico,MEX,2004,3,2004.5,2004-Q3,2004q3,0.006083674752888,-5.102146365434215
MEX,Mexico,MEX,2004,4,2004.75,2004-Q4,2004q4,0.0061489280108785,-5.0914775195312
MEX,Mexico,MEX,2005,1,2005.0,2005-Q1,2005q1,0.0060477139399753,-5.108074939508011
MEX,Mexico,MEX,2005,2,2005.25,2005-Q2,2005q2,0.0060283800071915,-5.1112769598612005
MEX,Mexico,MEX,2005,3,2005.5,2005-Q3,2005q3,0.006004553421072,-5.115237194063742
MEX,Mexico,MEX,2005,4,2005.75,2005-Q4,2005q4,0.0060500674334554,-5.107685860975818
MEX,Mexico,MEX,2006,1,2006.0,2006-Q1,2006q1,0.0061396147722623,-5.092993279465257
MEX,Mexico,MEX,2006,2,2006.25,2006-Q2,2006q2,0.0061555213196291,-5.090405824373692
MEX,Mexico,MEX,2006,3,2006.5,2006-Q3,2006q3,0.0061179292434047,-5.096531598634998
MEX,Mexico,MEX,2006,4,2006.75,2006-Q4,2006q4,0.0061155632019791,-5.0969184123704325
MEX,Mexico,MEX,2007,1,2007.0,2007-Q1,2007q1,0.0061512959586924,-5.091092494372469
MEX,Mexico,MEX,2007,2,2007.25,2007-Q2,2007q2,0.0061590772022754,-5.0898283174839944
MEX,Mexico,MEX,2007,3,2007.5,2007-Q3,2007q3,0.0061782570915303,-5.086719071313015
MEX,Mexico,MEX,2007,4,2007.75,2007-Q4,2007q4,0.006064599418606,-5.105286786812569
MEX,Mexico,MEX,2008,1,2008.0,2008-Q1,2008q1,0.0060561696509572,-5.106677749541017
MEX,Mexico,MEX,2008,2,2008.25,2008-Q2,2008q2,0.0060754851377594,-5.103493434876619
MEX,Mexico,MEX,2008,3,2008.5,2008-Q3,2008q3,0.0061223241255294,-5.095813495474697
MEX,Mexico,MEX,2008,4,2008.75,2008-Q4,2008q4,0.0060719301005602,-5.104078750720517
MEX,Mexico,MEX,2009,1,2009.0,2009-Q1,2009q1,0.0056365455369602,-5.1784838945696805
MEX,Mexico,MEX,2009,2,2009.25,2009-Q2,2009q2,0.0055553096874127,-5.193001108135261
MEX,Mexico,MEX,2009,3,2009.5,2009-Q3,2009q3,0.0056766380307659,-5.171396117480581
MEX,Mexico,MEX,2009,4,2009.75,2009-Q4,2009q4,0.0057352156932463,-5.161129919126123
MEX,Mexico,MEX,2010,1,2010.0,2010-Q1,2010q1,0.0057647871200155,-5.15598705221949
MEX,Mexico,MEX,2010,2,2010.25,2010-Q2,2010q2,0.0057764401350346,-5.15396767963085
MEX,Mexico,MEX,2010,3,2010.5,2010-Q3,2010q3,0.0058588920549521,-5.139794762389838
MEX,Mexico,MEX,2010,4,2010.75,2010-Q4,2010q4,0.0059769246269281,-5.119849119738506
MEX,Mexico,MEX,2011,1,2011.0,2011-Q1,2011q1,0.006005324063569,-5.115108859282802
MEX,Mexico,MEX,2011,2,2011.25,2011-Q2,2011q2,0.0060040619178995,-5.115319052489364
MEX,Mexico,MEX,2011,3,2011.5,2011-Q3,2011q3,0.0060591505492323,-5.106185662120132
MEX,Mexico,MEX,2011,4,2011.75,2011-Q4,2011q4,0.0059927356105085,-5.117207274863611
MEX,Mexico,MEX,2012,1,2012.0,2012-Q1,2012q1,0.0060158608335181,-5.113355825328544
MEX,Mexico,MEX,2012,2,2012.25,2012-Q2,2012q2,0.0059912931466977,-5.117448005897721
MEX,Mexico,MEX,2012,3,2012.5,2012-Q3,2012q3,0.0059716476127865,-5.120732407612374
MEX,Mexico,MEX,2012,4,2012.75,2012-Q4,2012q4,0.0060832336676023,-5.102218871163797
MEX,Mexico,MEX,2013,1,2013.0,2013-Q1,2013q1,0.0060527823551687,-5.107237219241639
MEX,Mexico,MEX,2013,2,2013.25,2013-Q2,2013q2,0.0059903205371337,-5.1176103562441435
MEX,Mexico,MEX,2013,3,2013.5,2013-Q3,2013q3,0.0060226856137912,-5.112222003893522
MEX,Mexico,MEX,2013,4,2013.75,2013-Q4,2013q4,0.0059950286528468,-5.116824711056733
MEX,Mexico,MEX,2014,1,2014.0,2014-Q1,2014q1,0.0060539932408892,-5.107037184853468
MEX,Mexico,MEX,2014,2,2014.25,2014-Q2,2014q2,0.0061630183119641,-5.089188635732049
MEX,Mexico,MEX,2014,3,2014.5,2014-Q3,2014q3,0.0061601658956536,-5.089651570686747
MEX,Mexico,MEX,2014,4,2014.75,2014-Q4,2014q4,0.006180370424834,-5.086377070015298
MEX,Mexico,MEX,2015,1,2015.0,2015-Q1,2015q1,0.0061416720695494,-5.092658249865697
MEX,Mexico,MEX,2015,2,2015.25,2015-Q2,2015q2,0.0061716765151087,-5.087784757535142
MEX,Mexico,MEX,2015,3,2015.5,2015-Q3,2015q3,0.0062062567157816,-5.082197348071623
MEX,Mexico,MEX,2015,4,2015.75,2015-Q4,2015q4,0.0060980001560127,-5.099794404831834
MEX,Mexico,MEX,2016,1,2016.0,2016-Q1,2016q1,0.0061192397856296,-5.09631740820798
MEX,Mexico,MEX,2016,2,2016.25,2016-Q2,2016q2,0.0061050149816603,-5.098644717424069
MEX,Mexico,MEX,2016,3,2016.5,2016-Q3,2016q3,0.0061013215845778,-5.099249878059314
MEX,Mexico,MEX,2016,4,2016.75,2016-Q4,2016q4,0.0061575352486266,-5.0900787034830675
MEX,Mexico,MEX,2017,1,2017.0,2017-Q1,2017q1,0.0061673669817508,-5.088483277405702
MEX,Mexico,MEX,2017,2,2017.25,2017-Q2,2017q2,0.0061731694373292,-5.087542887813393
MEX,Mexico,MEX,2017,3,2017.5,2017-Q3,2017q3,0.0061169553327443,-5.096690800899048
MEX,Mexico,MEX,2017,4,2017.75,2017-Q4,2017q4,0.006150711153814,-5.091187569082391
MEX,Mexico,MEX,2018,1,2018.0,2018-Q1,2018q1,0.0061675850749706,-5.088447915578786
MEX,Mexico,MEX,2018,2,2018.25,2018-Q2,2018q2,0.0060897958245474,-5.101140724169248
MEX,Mexico,MEX,2018,3,2018.5,2018-Q3,2018q3,0.0060861745929706,-5.101735540279898
MEX,Mexico,MEX,2018,4,2018.75,2018-Q4,2018q4,0.006050373875231,-5.107635211289934
MEX,Mexico,MEX,2019,1,2019.0,2019-Q1,2019q1,0.0059905168575312,-5.117577583844176
MEX,Mexico,MEX,2019,2,2019.25,2019-Q2,2019q2,0.0059412274923665,-5.125839518409904
MEX,Mexico,MEX,2019,3,2019.5,2019-Q3,2019q3,0.0059070183179267,-5.131614089607725
MEX,Mexico,MEX,2019,4,2019.75,2019-Q4,2019q4,0.005819005616232,-5.1466258881539195
MYS,Malaysia,MYS,2005,1,2005.0,2005-Q1,2005q1,0.0050135123311775,-5.295618545408725
MYS,Malaysia,MYS,2005,2,2005.25,2005-Q2,2005q2,0.0050111454590614,-5.296090755475064
MYS,Malaysia,MYS,2005,3,2005.5,2005-Q3,2005q3,0.0050120227893659,-5.295915694998178
MYS,Malaysia,MYS,2005,4,2005.75,2005-Q4,2005q4,0.0050572511779469,-5.286932188759082
MYS,Malaysia,MYS,2006,1,2006.0,2006-Q1,2006q1,0.0051141680476437,-5.27574054233944
MYS,Malaysia,MYS,2006,2,2006.25,2006-Q2,2006q2,0.0051189173116835,-5.274812324853897
MYS,Malaysia,MYS,2006,3,2006.5,2006-Q3,2006q3,0.0051201684333309,-5.274567943336878
MYS,Malaysia,MYS,2006,4,2006.75,2006-Q4,2006q4,0.0051507595375893,-5.268611092153996
MYS,Malaysia,MYS,2007,1,2007.0,2007-Q1,2007q1,0.0051998687262614,-5.259121898663145
MYS,Malaysia,MYS,2007,2,2007.25,2007-Q2,2007q2,0.0052435136450264,-5.250763462418689
MYS,Malaysia,MYS,2007,3,2007.5,2007-Q3,2007q3,0.0052669062782579,-5.246312132780478
MYS,Malaysia,MYS,2007,4,2007.75,2007-Q4,2007q4,0.0053495659283454,-5.230739856254545
MYS,Malaysia,MYS,2008,1,2008.0,2008-Q1,2008q1,0.0055382051144666,-5.1960848172763034
MYS,Malaysia,MYS,2008,2,2008.25,2008-Q2,2008q2,0.0055282483252873,-5.197884272164035
MYS,Malaysia,MYS,2008,3,2008.5,2008-Q3,2008q3,0.0054696580728382,-5.208539174038028
MYS,Malaysia,MYS,2008,4,2008.75,2008-Q4,2008q4,0.0052899494124063,-5.241946596029809
MYS,Malaysia,MYS,2009,1,2009.0,2009-Q1,2009q1,0.0051126842287903,-5.276030723291253
MYS,Malaysia,MYS,2009,2,2009.25,2009-Q2,2009q2,0.0052080578896113,-5.257548258620883
MYS,Malaysia,MYS,2009,3,2009.5,2009-Q3,2009q3,0.0052982010842299,-5.240387934109242
MYS,Malaysia,MYS,2009,4,2009.75,2009-Q4,2009q4,0.00539735758732,-5.221845780857166
MYS,Malaysia,MYS,2010,1,2010.0,2010-Q1,2010q1,0.005217363168802,-5.255763144790064
MYS,Malaysia,MYS,2010,2,2010.25,2010-Q2,2010q2,0.0052779930927532,-5.244209349588258
MYS,Malaysia,MYS,2010,3,2010.5,2010-Q3,2010q3,0.0052189568625581,-5.2554577318162
MYS,Malaysia,MYS,2010,4,2010.75,2010-Q4,2010q4,0.0052240464217403,-5.254483000803175
MYS,Malaysia,MYS,2011,1,2011.0,2011-Q1,2011q1,0.0052338336435823,-5.252611259180923
MYS,Malaysia,MYS,2011,2,2011.25,2011-Q2,2011q2,0.0052656247239195,-5.246555484420167
MYS,Malaysia,MYS,2011,3,2011.5,2011-Q3,2011q3,0.00527300765816,-5.245154366100325
MYS,Malaysia,MYS,2011,4,2011.75,2011-Q4,2011q4,0.0052547986272058,-5.248613595614711
MYS,Malaysia,MYS,2012,1,2012.0,2012-Q1,2012q1,0.0053043772168238,-5.239222909316763
MYS,Malaysia,MYS,2012,2,2012.25,2012-Q2,2012q2,0.0053302664236638,-5.234354056375615
MYS,Malaysia,MYS,2012,3,2012.5,2012-Q3,2012q3,0.0053398065811302,-5.232565847428156
MYS,Malaysia,MYS,2012,4,2012.75,2012-Q4,2012q4,0.0053976751776452,-5.221786940771692
MYS,Malaysia,MYS,2013,1,2013.0,2013-Q1,2013q1,0.0052350772563987,-5.252373677099246
MYS,Malaysia,MYS,2013,2,2013.25,2013-Q2,2013q2,0.0052671642907726,-5.246263146491073
MYS,Malaysia,MYS,2013,3,2013.5,2013-Q3,2013q3,0.0053143449638312,-5.237345517712479
MYS,Malaysia,MYS,2013,4,2013.75,2013-Q4,2013q4,0.0053637739276511,-5.22808746067551
MYS,Malaysia,MYS,2014,1,2014.0,2014-Q1,2014q1,0.0054254641125871,-5.2166518325075675
MYS,Malaysia,MYS,2014,2,2014.25,2014-Q2,2014q2,0.0054802609090079,-5.206602568022759
MYS,Malaysia,MYS,2014,3,2014.5,2014-Q3,2014q3,0.0054983046195932,-5.203315485245866
MYS,Malaysia,MYS,2014,4,2014.75,2014-Q4,2014q4,0.0055487533429851,-5.19418199934086
MYS,Malaysia,MYS,2015,1,2015.0,2015-Q1,2015q1,0.0056383797903562,-5.178158525955888
MYS,Malaysia,MYS,2015,2,2015.25,2015-Q2,2015q2,0.0056841044955497,-5.1700816847590385
MYS,Malaysia,MYS,2015,3,2015.5,2015-Q3,2015q3,0.0056910390982807,-5.168862429189582
MYS,Malaysia,MYS,2015,4,2015.75,2015-Q4,2015q4,0.0057293086918104,-5.16216040268745
MYS,Malaysia,MYS,2016,1,2016.0,2016-Q1,2016q1,0.0058308256514531,-5.144596667471579
MYS,Malaysia,MYS,2016,2,2016.25,2016-Q2,2016q2,0.0058763663185753,-5.1368166811270495
MYS,Malaysia,MYS,2016,3,2016.5,2016-Q3,2016q3,0.0059167251544392,-5.129972166520351
MYS,Malaysia,MYS,2016,4,2016.75,2016-Q4,2016q4,0.0059666670263068,-5.121566794528657
MYS,Malaysia,MYS,2017,1,2017.0,2017-Q1,2017q1,0.0060223994344811,-5.112269521915853
MYS,Malaysia,MYS,2017,2,2017.25,2017-Q2,2017q2,0.006078746934226,-5.10295670058924
MYS,Malaysia,MYS,2017,3,2017.5,2017-Q3,2017q3,0.0061452207179445,-5.09208061831065
MYS,Malaysia,MYS,2017,4,2017.75,2017-Q4,2017q4,0.0061758753370018,-5.087104651534335
MYS,Malaysia,MYS,2018,1,2018.0,2018-Q1,2018q1,0.0062214450059484,-5.079753083143373
MYS,Malaysia,MYS,2018,2,2018.25,2018-Q2,2018q2,0.0062736423488445,-5.071398176123101
MYS,Malaysia,MYS,2018,3,2018.5,2018-Q3,2018q3,0.0062953863709905,-5.067938235928439
MYS,Malaysia,MYS,2018,4,2018.75,2018-Q4,2018q4,0.0062982612373253,-5.067481677753373
MYS,Malaysia,MYS,2019,1,2019.0,2019-Q1,2019q1,0.006349326277813,-5.05940656968853
MYS,Malaysia,MYS,2019,2,2019.25,2019-Q2,2019q2,0.0064830132327868,-5.038569871639611
MYS,Malaysia,MYS,2019,3,2019.5,2019-Q3,2019q3,0.0064928707092709,-5.037050517979483
MYS,Malaysia,MYS,2019,4,2019.75,2019-Q4,2019q4,0.0063541913441885,-5.05864062961459
NGA,Nigeria,NGA,2010,1,2010.0,2010-Q1,2010q1,0.0026125951911587,-5.947411225547854
NGA,Nigeria,NGA,2010,2,2010.25,2010-Q2,2010q2,0.0026201548764932,-5.9445218497909025
NGA,Nigeria,NGA,2010,3,2010.5,2010-Q3,2010q3,0.0026708912230155,-5.925343070874359
NGA,Nigeria,NGA,2010,4,2010.75,2010-Q4,2010q4,0.0026722957533646,-5.92481734329355
NGA,Nigeria,NGA,2011,1,2011.0,2011-Q1,2011q1,0.0027119473514963,-5.910088322257507
NGA,Nigeria,NGA,2011,2,2011.25,2011-Q2,2011q2,0.0027103010791729,-5.910695550935807
NGA,Nigeria,NGA,2011,3,2011.5,2011-Q3,2011q3,0.0027098790772549,-5.910851266025222
NGA,Nigeria,NGA,2011,4,2011.75,2011-Q4,2011q4,0.0027293555957225,-5.903689743171292
NGA,Nigeria,NGA,2012,1,2012.0,2012-Q1,2012q1,0.0027199982799607,-5.907124031041821
NGA,Nigeria,NGA,2012,2,2012.25,2012-Q2,2012q2,0.0027359794972974,-5.901265772927761
NGA,Nigeria,NGA,2012,3,2012.5,2012-Q3,2012q3,0.0027370885888683,-5.900860482305164
NGA,Nigeria,NGA,2012,4,2012.75,2012-Q4,2012q4,0.0027279202514752,-5.904215772758429
NGA,Nigeria,NGA,2013,1,2013.0,2013-Q1,2013q1,0.0027963811602427,-5.879429140495935
NGA,Nigeria,NGA,2013,2,2013.25,2013-Q2,2013q2,0.0028375419065732,-5.864817127447304
NGA,Nigeria,NGA,2013,3,2013.5,2013-Q3,2013q3,0.0028286114143537,-5.867969354049206
NGA,Nigeria,NGA,2013,4,2013.75,2013-Q4,2013q4,0.0028260624634296,-5.868870891839656
NGA,Nigeria,NGA,2014,1,2014.0,2014-Q1,2014q1,0.0028306178126884,-5.867260282782336
NGA,Nigeria,NGA,2014,2,2014.25,2014-Q2,2014q2,0.0028524521994358,-5.859576233796742
NGA,Nigeria,NGA,2014,3,2014.5,2014-Q3,2014q3,0.0028464925721295,-5.861667719051511
NGA,Nigeria,NGA,2014,4,2014.75,2014-Q4,2014q4,0.0028315294160682,-5.866938283600454
NGA,Nigeria,NGA,2015,1,2015.0,2015-Q1,2015q1,0.0027952868127879,-5.8798205612577
NGA,Nigeria,NGA,2015,2,2015.25,2015-Q2,2015q2,0.0027729106983496,-5.887857716852054
NGA,Nigeria,NGA,2015,3,2015.5,2015-Q3,2015q3,0.0027599144823094,-5.89255558440362
NGA,Nigeria,NGA,2015,4,2015.75,2015-Q4,2015q4,0.0027141396705227,-5.909280255915483
NGA,Nigeria,NGA,2016,1,2016.0,2016-Q1,2016q1,0.002633405123588,-5.9394775464268506
NGA,Nigeria,NGA,2016,2,2016.25,2016-Q2,2016q2,0.0025799397119242,-5.959989247792875
NGA,Nigeria,NGA,2016,3,2016.5,2016-Q3,2016q3,0.002541800065442,-5.974882761769983
NGA,Nigeria,NGA,2016,4,2016.75,2016-Q4,2016q4,0.0025036251245238,-5.990015547605478
NGA,Nigeria,NGA,2017,1,2017.0,2017-Q1,2017q1,0.0024703668417356,-6.003388620448799
NGA,Nigeria,NGA,2017,2,2017.25,2017-Q2,2017q2,0.0024451540075948,-6.013647169247683
NGA,Nigeria,NGA,2017,3,2017.5,2017-Q3,2017q3,0.0024140507968311,-6.0264491139303855
NGA,Nigeria,NGA,2017,4,2017.75,2017-Q4,2017q4,0.0023962960220726,-6.033831057916091
NGA,Nigeria,NGA,2018,1,2018.0,2018-Q1,2018q1,0.0023310872578982,-6.061420485953378
NGA,Nigeria,NGA,2018,2,2018.25,2018-Q2,2018q2,0.0023208568124033,-6.065818845793094
NGA,Nigeria,NGA,2018,3,2018.5,2018-Q3,2018q3,0.00231531537278,-6.068209370579874
NGA,Nigeria,NGA,2018,4,2018.75,2018-Q4,2018q4,0.0023005350688475,-6.074613544473855
NGA,Nigeria,NGA,2019,1,2019.0,2019-Q1,2019q1,0.0022356287144943,-6.103232786450868
NGA,Nigeria,NGA,2019,2,2019.25,2019-Q2,2019q2,0.0023637791626705,-6.047493600607956
NGA,Nigeria,NGA,2019,3,2019.5,2019-Q3,2019q3,0.0023409461820703,-6.0572000800283945
NGA,Nigeria,NGA,2019,4,2019.75,2019-Q4,2019q4,0.0023046199502515,-6.072839496712856
NIC,Nicaragua,NIC,2006,1,2006.0,2006-Q1,2006q1,0.0009548872176619,-6.9539173211466165
NIC,Nicaragua,NIC,2006,2,2006.25,2006-Q2,2006q2,0.0009384214622804,-6.971311389743753
NIC,Nicaragua,NIC,2006,3,2006.5,2006-Q3,2006q3,0.0009357886833521,-6.974120872625049
NIC,Nicaragua,NIC,2006,4,2006.75,2006-Q4,2006q4,0.0009419458711823,-6.967562746628807
NIC,Nicaragua,NIC,2007,1,2007.0,2007-Q1,2007q1,0.0009387157773989,-6.970997811050953
NIC,Nicaragua,NIC,2007,2,2007.25,2007-Q2,2007q2,0.0009311183486175,-6.979124168876353
NIC,Nicaragua,NIC,2007,3,2007.5,2007-Q3,2007q3,0.0009304497294174,-6.979842508685398
NIC,Nicaragua,NIC,2007,4,2007.75,2007-Q4,2007q4,0.0009469916358381,-6.962220297089535
NIC,Nicaragua,NIC,2008,1,2008.0,2008-Q1,2008q1,0.0009417548055388,-6.967765608629672
NIC,Nicaragua,NIC,2008,2,2008.25,2008-Q2,2008q2,0.0009468723546716,-6.962346263016608
NIC,Nicaragua,NIC,2008,3,2008.5,2008-Q3,2008q3,0.000913166000919,-6.998592874708021
NIC,Nicaragua,NIC,2008,4,2008.75,2008-Q4,2008q4,0.0008709278155544,-7.045951459914207
NIC,Nicaragua,NIC,2009,1,2009.0,2009-Q1,2009q1,0.000844413631424,-7.076868098794972
NIC,Nicaragua,NIC,2009,2,2009.25,2009-Q2,2009q2,0.000839391363342,-7.0828334962027775
NIC,Nicaragua,NIC,2009,3,2009.5,2009-Q3,2009q3,0.0008385443827965,-7.083843046919347
NIC,Nicaragua,NIC,2009,4,2009.75,2009-Q4,2009q4,0.0008353231398192,-7.087691914180755
NIC,Nicaragua,NIC,2010,1,2010.0,2010-Q1,2010q1,0.0008279632063967,-7.096541841285316
NIC,Nicaragua,NIC,2010,2,2010.25,2010-Q2,2010q2,0.0008187429881109,-7.107740335190844
NIC,Nicaragua,NIC,2010,3,2010.5,2010-Q3,2010q3,0.0008335427313448,-7.089825589727264
NIC,Nicaragua,NIC,2010,4,2010.75,2010-Q4,2010q4,0.0008376825775549,-7.084871314973638
NIC,Nicaragua,NIC,2011,1,2011.0,2011-Q1,2011q1,0.0008233129322929,-7.102174195908975
NIC,Nicaragua,NIC,2011,2,2011.25,2011-Q2,2011q2,0.0008305412802415,-7.093432924858413
NIC,Nicaragua,NIC,2011,3,2011.5,2011-Q3,2011q3,0.0008497539720067,-7.070563695075113
NIC,Nicaragua,NIC,2011,4,2011.75,2011-Q4,2011q4,0.0008364547711818,-7.08633810811837
NIC,Nicaragua,NIC,2012,1,2012.0,2012-Q1,2012q1,0.0008678936242055,-7.049441403572767
NIC,Nicaragua,NIC,2012,2,2012.25,2012-Q2,2012q2,0.0008416286728127,-7.080171647154453
NIC,Nicaragua,NIC,2012,3,2012.5,2012-Q3,2012q3,0.0008222994658137,-7.103405915612225
NIC,Nicaragua,NIC,2012,4,2012.75,2012-Q4,2012q4,0.000834811710821,-7.088304354564224
NIC,Nicaragua,NIC,2013,1,2013.0,2013-Q1,2013q1,0.0009007151744445,-7.012321471926129
NIC,Nicaragua,NIC,2013,2,2013.25,2013-Q2,2013q2,0.0009152126480367,-6.996354117464065
NIC,Nicaragua,NIC,2013,3,2013.5,2013-Q3,2013q3,0.0009341388353348,-6.975885484813412
NIC,Nicaragua,NIC,2013,4,2013.75,2013-Q4,2013q4,0.0009411071284385,-6.968453579546878
NIC,Nicaragua,NIC,2014,1,2014.0,2014-Q1,2014q1,0.0009835418110364,-6.924350408546264
NIC,Nicaragua,NIC,2014,2,2014.25,2014-Q2,2014q2,0.0009973153808419,-6.910443508192774
NIC,Nicaragua,NIC,2014,3,2014.5,2014-Q3,2014q3,0.0010142569268096,-6.893599026411662
NIC,Nicaragua,NIC,2014,4,2014.75,2014-Q4,2014q4,0.0010461966757493,-6.862593904485211
NLD,Netherlands,NLD,1990,1,1990.0,1990-Q1,1990q1,0.0220200617235013,-3.8158013446260775
NLD,Netherlands,NLD,1990,2,1990.25,1990-Q2,1990q2,0.0220950749094326,-3.812400550071051
NLD,Netherlands,NLD,1990,3,1990.5,1990-Q3,1990q3,0.0223053977430579,-3.8029265785475417
NLD,Netherlands,NLD,1990,4,1990.75,1990-Q4,1990q4,0.022378551318672,-3.799652309262673
NLD,Netherlands,NLD,1991,1,1991.0,1991-Q1,1991q1,0.022084784596008,-3.81286638738814
NLD,Netherlands,NLD,1991,2,1991.25,1991-Q2,1991q2,0.0222316130692273,-3.8062399909203015
NLD,Netherlands,NLD,1991,3,1991.5,1991-Q3,1991q3,0.0222408717878466,-3.805823611274198
NLD,Netherlands,NLD,1991,4,1991.75,1991-Q4,1991q4,0.0224017890595489,-3.7986144545806186
NLD,Netherlands,NLD,1992,1,1992.0,1992-Q1,1992q1,0.0221134255517821,-3.8115703638755454
NLD,Netherlands,NLD,1992,2,1992.25,1992-Q2,1992q2,0.0218138246179431,-3.8252113533931587
NLD,Netherlands,NLD,1992,3,1992.5,1992-Q3,1992q3,0.0218082087968624,-3.8254688297495822
NLD,Netherlands,NLD,1992,4,1992.75,1992-Q4,1992q4,0.0218189182456684,-3.824977876081665
NLD,Netherlands,NLD,1993,1,1993.0,1993-Q1,1993q1,0.0221018279444254,-3.8120949614614745
NLD,Netherlands,NLD,1993,2,1993.25,1993-Q2,1993q2,0.0220744013035145,-3.8133366538784905
NLD,Netherlands,NLD,1993,3,1993.5,1993-Q3,1993q3,0.0221837564556748,-3.8083949491063662
NLD,Netherlands,NLD,1993,4,1993.75,1993-Q4,1993q4,0.0219737841784574,-3.817905164429236
NLD,Netherlands,NLD,1994,1,1994.0,1994-Q1,1994q1,0.0222973159368651,-3.8032889693356555
NLD,Netherlands,NLD,1994,2,1994.25,1994-Q2,1994q2,0.0224807894262241,-3.7950941377483125
NLD,Netherlands,NLD,1994,3,1994.5,1994-Q3,1994q3,0.0225678256386728,-3.7912300313547904
NLD,Netherlands,NLD,1994,4,1994.75,1994-Q4,1994q4,0.0226894281131087,-3.785856184866387
NLD,Netherlands,NLD,1995,1,1995.0,1995-Q1,1995q1,0.0228586714695861,-3.7784247382453846
NLD,Netherlands,NLD,1995,2,1995.25,1995-Q2,1995q2,0.0229553429985266,-3.774204559178401
NLD,Netherlands,NLD,1995,3,1995.5,1995-Q3,1995q3,0.0230341861490104,-3.7707758122793904
NLD,Netherlands,NLD,1995,4,1995.75,1995-Q4,1995q4,0.0230767930016315,-3.768927798399327
NLD,Netherlands,NLD,1996,1,1996.0,1996-Q1,1996q1,0.0229346201525264,-3.7751077129831057
NLD,Netherlands,NLD,1996,2,1996.25,1996-Q2,1996q2,0.023161337673147,-3.765270870037365
NLD,Netherlands,NLD,1996,3,1996.5,1996-Q3,1996q3,0.0233763636953526,-3.75602986560096
NLD,Netherlands,NLD,1996,4,1996.75,1996-Q4,1996q4,0.0233709514785442,-3.7562614175868845
NLD,Netherlands,NLD,1997,1,1997.0,1997-Q1,1997q1,0.0231210080065153,-3.767013637230644
NLD,Netherlands,NLD,1997,2,1997.25,1997-Q2,1997q2,0.0232855504911366,-3.759922261378396
NLD,Netherlands,NLD,1997,3,1997.5,1997-Q3,1997q3,0.0235008483848561,-3.7507187570004286
NLD,Netherlands,NLD,1997,4,1997.75,1997-Q4,1997q4,0.0236137977840368,-3.745924085926923
NLD,Netherlands,NLD,1998,1,1998.0,1998-Q1,1998q1,0.0236637252888892,-3.7438119819008358
NLD,Netherlands,NLD,1998,2,1998.25,1998-Q2,1998q2,0.0237018578056304,-3.74220184549004
NLD,Netherlands,NLD,1998,3,1998.5,1998-Q3,1998q3,0.0237714941924292,-3.7392681391553277
NLD,Netherlands,NLD,1998,4,1998.75,1998-Q4,1998q4,0.0238150557278574,-3.7374373047002476
NLD,Netherlands,NLD,1999,1,1999.0,1999-Q1,1999q1,0.0240208482116866,-3.7288331502274428
NLD,Netherlands,NLD,1999,2,1999.25,1999-Q2,1999q2,0.0241389893990104,-3.7239269283560064
NLD,Netherlands,NLD,1999,3,1999.5,1999-Q3,1999q3,0.0243342619627023,-3.715869964379259
NLD,Netherlands,NLD,1999,4,1999.75,1999-Q4,1999q4,0.0245049941049059,-3.7088783411876456
NLD,Netherlands,NLD,2000,1,2000.0,2000-Q1,2000q1,0.0244973450704872,-3.7091905317732192
NLD,Netherlands,NLD,2000,2,2000.25,2000-Q2,2000q2,0.0244294789226327,-3.711964723345092
NLD,Netherlands,NLD,2000,3,2000.5,2000-Q3,2000q3,0.0243999566703732,-3.713173922488935
NLD,Netherlands,NLD,2000,4,2000.75,2000-Q4,2000q4,0.0244633538176008,-3.710579043747906
NLD,Netherlands,NLD,2001,1,2001.0,2001-Q1,2001q1,0.0244542227626823,-3.710952367843778
NLD,Netherlands,NLD,2001,2,2001.25,2001-Q2,2001q2,0.0244451226114949,-3.7113245671533117
NLD,Netherlands,NLD,2001,3,2001.5,2001-Q3,2001q3,0.0244170855219948,-3.712472165415778
NLD,Netherlands,NLD,2001,4,2001.75,2001-Q4,2001q4,0.0242987556487632,-3.7173301378166292
NLD,Netherlands,NLD,2002,1,2002.0,2002-Q1,2002q1,0.024244584325859,-3.719562013308482
NLD,Netherlands,NLD,2002,2,2002.25,2002-Q2,2002q2,0.0241551404115011,-3.7232580680553364
NLD,Netherlands,NLD,2002,3,2002.5,2002-Q3,2002q3,0.0241159427082943,-3.7248821340297895
NLD,Netherlands,NLD,2002,4,2002.75,2002-Q4,2002q4,0.0241425621503708,-3.7237789318127197
NLD,Netherlands,NLD,2003,1,2003.0,2003-Q1,2003q1,0.0243207605751653,-3.7164249487232923
NLD,Netherlands,NLD,2003,2,2003.25,2003-Q2,2003q2,0.0242734719747103,-3.718371213244856
NLD,Netherlands,NLD,2003,3,2003.5,2003-Q3,2003q3,0.0242718589703602,-3.7184376667768144
NLD,Netherlands,NLD,2003,4,2003.75,2003-Q4,2003q4,0.0245033594265066,-3.7089450513822193
NLD,Netherlands,NLD,2004,1,2004.0,2004-Q1,2004q1,0.024722521083238,-3.7000406660249414
NLD,Netherlands,NLD,2004,2,2004.25,2004-Q2,2004q2,0.0248373027234541,-3.6954086138250615
NLD,Netherlands,NLD,2004,3,2004.5,2004-Q3,2004q3,0.0248039208583363,-3.6967535391810866
NLD,Netherlands,NLD,2004,4,2004.75,2004-Q4,2004q4,0.0249023796007293,-3.692791913783293
NLD,Netherlands,NLD,2005,1,2005.0,2005-Q1,2005q1,0.0260005768598286,-3.6496365542902964
NLD,Netherlands,NLD,2005,2,2005.25,2005-Q2,2005q2,0.0261157072514072,-3.645218335270003
NLD,Netherlands,NLD,2005,3,2005.5,2005-Q3,2005q3,0.0263482948301782,-3.6363517184159018
NLD,Netherlands,NLD,2005,4,2005.75,2005-Q4,2005q4,0.0264171370677835,-3.6337423480690583
NLD,Netherlands,NLD,2006,1,2006.0,2006-Q1,2006q1,0.0264950606619234,-3.630796953478855
NLD,Netherlands,NLD,2006,2,2006.25,2006-Q2,2006q2,0.0268746858180499,-3.616570483093811
NLD,Netherlands,NLD,2006,3,2006.5,2006-Q3,2006q3,0.0268319994799928,-3.6181600932813973
NLD,Netherlands,NLD,2006,4,2006.75,2006-Q4,2006q4,0.0268112686945001,-3.6189330061642333
NLD,Netherlands,NLD,2007,1,2007.0,2007-Q1,2007q1,0.0269142750853519,-3.6150984608131886
NLD,Netherlands,NLD,2007,2,2007.25,2007-Q2,2007q2,0.0268721444476232,-3.616665051291267
NLD,Netherlands,NLD,2007,3,2007.5,2007-Q3,2007q3,0.0270018742606273,-3.6118489983267903
NLD,Netherlands,NLD,2007,4,2007.75,2007-Q4,2007q4,0.0272459325368366,-3.6028510337172124
NLD,Netherlands,NLD,2008,1,2008.0,2008-Q1,2008q1,0.0272357759213483,-3.6032238786919164
NLD,Netherlands,NLD,2008,2,2008.25,2008-Q2,2008q2,0.0271021381133365,-3.6081426570376114
NLD,Netherlands,NLD,2008,3,2008.5,2008-Q3,2008q3,0.0269570833133061,-3.6135091844987572
NLD,Netherlands,NLD,2008,4,2008.75,2008-Q4,2008q4,0.0265494087781425,-3.6287477997853506
NLD,Netherlands,NLD,2009,1,2009.0,2009-Q1,2009q1,0.0258338007751862,-3.6560715369313126
NLD,Netherlands,NLD,2009,2,2009.25,2009-Q2,2009q2,0.025784762922171,-3.65797154593021
NLD,Netherlands,NLD,2009,3,2009.5,2009-Q3,2009q3,0.0259091430005079,-3.653159360967959
NLD,Netherlands,NLD,2009,4,2009.75,2009-Q4,2009q4,0.0262950010925401,-3.6383764303914825
NLD,Netherlands,NLD,2010,1,2010.0,2010-Q1,2010q1,0.0263500735054389,-3.6362842144184326
NLD,Netherlands,NLD,2010,2,2010.25,2010-Q2,2010q2,0.0265854369762969,-3.6273916952116294
NLD,Netherlands,NLD,2010,3,2010.5,2010-Q3,2010q3,0.0265864779929458,-3.6273525385760395
NLD,Netherlands,NLD,2010,4,2010.75,2010-Q4,2010q4,0.0268022100961323,-3.619270928591889
NLD,Netherlands,NLD,2011,1,2011.0,2011-Q1,2011q1,0.0271414935236161,-3.6066915957425825
NLD,Netherlands,NLD,2011,2,2011.25,2011-Q2,2011q2,0.0271719553250317,-3.605569891809015
NLD,Netherlands,NLD,2011,3,2011.5,2011-Q3,2011q3,0.0270679919955692,-3.6094033563278365
NLD,Netherlands,NLD,2011,4,2011.75,2011-Q4,2011q4,0.0268103522833167,-3.618967186823705
NLD,Netherlands,NLD,2012,1,2012.0,2012-Q1,2012q1,0.0267333617808879,-3.6218429886553554
NLD,Netherlands,NLD,2012,2,2012.25,2012-Q2,2012q2,0.0266964289119705,-3.623225471136414
NLD,Netherlands,NLD,2012,3,2012.5,2012-Q3,2012q3,0.0265523445564243,-3.6286372279830865
NLD,Netherlands,NLD,2012,4,2012.75,2012-Q4,2012q4,0.026450213199979,-3.632491060219615
NLD,Netherlands,NLD,2013,1,2013.0,2013-Q1,2013q1,0.0264961498943123,-3.630755843552223
NLD,Netherlands,NLD,2013,2,2013.25,2013-Q2,2013q2,0.0266865651486839,-3.623595018164355
NLD,Netherlands,NLD,2013,3,2013.5,2013-Q3,2013q3,0.0269132462400946,-3.615136688293559
NLD,Netherlands,NLD,2013,4,2013.75,2013-Q4,2013q4,0.0271180657345384,-3.6075551409262836
NLD,Netherlands,NLD,2014,1,2014.0,2014-Q1,2014q1,0.027317356177942,-3.600233021365593
NLD,Netherlands,NLD,2014,2,2014.25,2014-Q2,2014q2,0.027410460216483,-3.596830578714159
NLD,Netherlands,NLD,2014,3,2014.5,2014-Q3,2014q3,0.0273086225310474,-3.600552783031212
NLD,Netherlands,NLD,2014,4,2014.75,2014-Q4,2014q4,0.0275521286841068,-3.59167548015732
NLD,Netherlands,NLD,2015,1,2015.0,2015-Q1,2015q1,0.027574944687097,-3.5908477197522166
NLD,Netherlands,NLD,2015,2,2015.25,2015-Q2,2015q2,0.027628659519593,-3.5889016566202834
NLD,Netherlands,NLD,2015,3,2015.5,2015-Q3,2015q3,0.0277552511568016,-3.584330225815864
NLD,Netherlands,NLD,2015,4,2015.75,2015-Q4,2015q4,0.0278200373962948,-3.5819987482643505
NLD,Netherlands,NLD,2016,1,2016.0,2016-Q1,2016q1,0.0278869402300033,-3.579596791858708
NLD,Netherlands,NLD,2016,2,2016.25,2016-Q2,2016q2,0.0279361092286849,-3.5778351893710734
NLD,Netherlands,NLD,2016,3,2016.5,2016-Q3,2016q3,0.0280458180763573,-3.5739157463150857
NLD,Netherlands,NLD,2016,4,2016.75,2016-Q4,2016q4,0.028123696619901,-3.571142761934915
NLD,Netherlands,NLD,2017,1,2017.0,2017-Q1,2017q1,0.0281393251199322,-3.5705872105283296
NLD,Netherlands,NLD,2017,2,2017.25,2017-Q2,2017q2,0.0281643581908085,-3.5696979943686116
NLD,Netherlands,NLD,2017,3,2017.5,2017-Q3,2017q3,0.0281859160042017,-3.5689328582711255
NLD,Netherlands,NLD,2017,4,2017.75,2017-Q4,2017q4,0.0282449833179244,-3.566839418825571
NLD,Netherlands,NLD,2018,1,2018.0,2018-Q1,2018q1,0.0283044265622396,-3.564737070937753
NLD,Netherlands,NLD,2018,2,2018.25,2018-Q2,2018q2,0.0282647438026248,-3.5661400530167904
NLD,Netherlands,NLD,2018,3,2018.5,2018-Q3,2018q3,0.0281206327833623,-3.5712517093283407
NLD,Netherlands,NLD,2018,4,2018.75,2018-Q4,2018q4,0.0280670840303193,-3.5731577760735997
NLD,Netherlands,NLD,2019,1,2019.0,2019-Q1,2019q1,0.0282635072396883,-3.5661838032802033
NLD,Netherlands,NLD,2019,2,2019.25,2019-Q2,2019q2,0.0282557968686004,-3.56645664355159
NLD,Netherlands,NLD,2019,3,2019.5,2019-Q3,2019q3,0.0282714926925512,-3.565901307377645
NLD,Netherlands,NLD,2019,4,2019.75,2019-Q4,2019q4,0.0281762544044752,-3.569275698149401
NOR,Norway,NOR,1990,1,1990.0,1990-Q1,1990q1,0.0318170913206733,-3.4477516706632123
NOR,Norway,NOR,1990,2,1990.25,1990-Q2,1990q2,0.0320792393779465,-3.439546206428676
NOR,Norway,NOR,1990,3,1990.5,1990-Q3,1990q3,0.0318537995345205,-3.4465986094315797
NOR,Norway,NOR,1990,4,1990.75,1990-Q4,1990q4,0.032499700634295,-3.4265244009413305
NOR,Norway,NOR,1991,1,1991.0,1991-Q1,1991q1,0.0331697723166243,-3.4061162901822692
NOR,Norway,NOR,1991,2,1991.25,1991-Q2,1991q2,0.0333148997936847,-3.401750540815933
NOR,Norway,NOR,1991,3,1991.5,1991-Q3,1991q3,0.033252063122908,-3.4036384649959586
NOR,Norway,NOR,1991,4,1991.75,1991-Q4,1991q4,0.0334242574847029,-3.39847337061027
NOR,Norway,NOR,1992,1,1992.0,1992-Q1,1992q1,0.0343308103170413,-3.3717120680322514
NOR,Norway,NOR,1992,2,1992.25,1992-Q2,1992q2,0.0344672694254469,-3.3677451175630635
NOR,Norway,NOR,1992,3,1992.5,1992-Q3,1992q3,0.0347669605735961,-3.359087751980419
NOR,Norway,NOR,1992,4,1992.75,1992-Q4,1992q4,0.0345270898780283,-3.3660110492080477
NOR,Norway,NOR,1993,1,1993.0,1993-Q1,1993q1,0.0347848975450125,-3.358571964989266
NOR,Norway,NOR,1993,2,1993.25,1993-Q2,1993q2,0.0351812272754621,-3.3472426546796754
NOR,Norway,NOR,1993,3,1993.5,1993-Q3,1993q3,0.0356273149460843,-3.3346426615617752
NOR,Norway,NOR,1993,4,1993.75,1993-Q4,1993q4,0.0364440705008145,-3.311976508635236
NOR,Norway,NOR,1994,1,1994.0,1994-Q1,1994q1,0.0363380317833514,-3.3148903786434727
NOR,Norway,NOR,1994,2,1994.25,1994-Q2,1994q2,0.036823971778907,-3.301606238845206
NOR,Norway,NOR,1994,3,1994.5,1994-Q3,1994q3,0.0363511981820094,-3.3145281131797097
NOR,Norway,NOR,1994,4,1994.75,1994-Q4,1994q4,0.0372340280255638,-3.290532203945284
NOR,Norway,NOR,1995,1,1995.0,1995-Q1,1995q1,0.0371324015159119,-3.2932653342983484
NOR,Norway,NOR,1995,2,1995.25,1995-Q2,1995q2,0.0372688973753458,-3.289596150706022
NOR,Norway,NOR,1995,3,1995.5,1995-Q3,1995q3,0.0376742608521024,-3.2787781537170466
NOR,Norway,NOR,1995,4,1995.75,1995-Q4,1995q4,0.0377976934148117,-3.2755071989906153
NOR,Norway,NOR,1996,1,1996.0,1996-Q1,1996q1,0.0380355294039338,-3.2692345717672753
NOR,Norway,NOR,1996,2,1996.25,1996-Q2,1996q2,0.0378188301949916,-3.2749481470871062
NOR,Norway,NOR,1996,3,1996.5,1996-Q3,1996q3,0.0385112056081904,-3.2568060252784257
NOR,Norway,NOR,1996,4,1996.75,1996-Q4,1996q4,0.0378227470609115,-3.274844583251832
NOR,Norway,NOR,1997,1,1997.0,1997-Q1,1997q1,0.0386320981746641,-3.2536717891358045
NOR,Norway,NOR,1997,2,1997.25,1997-Q2,1997q2,0.039105278559279,-3.241497819586615
NOR,Norway,NOR,1997,3,1997.5,1997-Q3,1997q3,0.0388601228905587,-3.2477866726456996
NOR,Norway,NOR,1997,4,1997.75,1997-Q4,1997q4,0.039050313385542,-3.2429043774906927
NOR,Norway,NOR,1998,1,1998.0,1998-Q1,1998q1,0.0390696798082712,-3.2424085652834926
NOR,Norway,NOR,1998,2,1998.25,1998-Q2,1998q2,0.03921423434749,-3.2387154769887956
NOR,Norway,NOR,1998,3,1998.5,1998-Q3,1998q3,0.0384874891593566,-3.2574220473981614
NOR,Norway,NOR,1998,4,1998.75,1998-Q4,1998q4,0.0384638133940687,-3.2580373915248844
NOR,Norway,NOR,1999,1,1999.0,1999-Q1,1999q1,0.0391513704356359,-3.240319852416319
NOR,Norway,NOR,1999,2,1999.25,1999-Q2,1999q2,0.0390726903013417,-3.242331513792278
NOR,Norway,NOR,1999,3,1999.5,1999-Q3,1999q3,0.0394417212291769,-3.232931108486564
NOR,Norway,NOR,1999,4,1999.75,1999-Q4,1999q4,0.0397977808299128,-3.2239441262886745
NOR,Norway,NOR,2000,1,2000.0,2000-Q1,2000q1,0.0410556638321616,-3.1928264786143505
NOR,Norway,NOR,2000,2,2000.25,2000-Q2,2000q2,0.0402986452474394,-3.2114374272834016
NOR,Norway,NOR,2000,3,2000.5,2000-Q3,2000q3,0.0406478696022805,-3.2028088526696634
NOR,Norway,NOR,2000,4,2000.75,2000-Q4,2000q4,0.0407008855482113,-3.2015054288289786
NOR,Norway,NOR,2001,1,2001.0,2001-Q1,2001q1,0.0412456087440755,-3.1882106265572285
NOR,Norway,NOR,2001,2,2001.25,2001-Q2,2001q2,0.0411067281590234,-3.191583468711666
NOR,Norway,NOR,2001,3,2001.5,2001-Q3,2001q3,0.0415063281556861,-3.1819093776910607
NOR,Norway,NOR,2001,4,2001.75,2001-Q4,2001q4,0.0415949458028581,-3.1797766142196533
NOR,Norway,NOR,2002,1,2002.0,2002-Q1,2002q1,0.0413959403870561,-3.184572461242565
NOR,Norway,NOR,2002,2,2002.25,2002-Q2,2002q2,0.0419599385881606,-3.1710399590356504
NOR,Norway,NOR,2002,3,2002.5,2002-Q3,2002q3,0.0416015944228686,-3.1796167849765955
NOR,Norway,NOR,2002,4,2002.75,2002-Q4,2002q4,0.0421636589502856,-3.166196591268962
NOR,Norway,NOR,2003,1,2003.0,2003-Q1,2003q1,0.0423783999870177,-3.161116480818399
NOR,Norway,NOR,2003,2,2003.25,2003-Q2,2003q2,0.0423536239826693,-3.161701289345182
NOR,Norway,NOR,2003,3,2003.5,2003-Q3,2003q3,0.0427795208517713,-3.151695775676452
NOR,Norway,NOR,2003,4,2003.75,2003-Q4,2003q4,0.042784139493086,-3.151587817664825
NOR,Norway,NOR,2004,1,2004.0,2004-Q1,2004q1,0.0445078013296624,-3.112090794396151
NOR,Norway,NOR,2004,2,2004.25,2004-Q2,2004q2,0.0443879299592078,-3.11478769426685
NOR,Norway,NOR,2004,3,2004.5,2004-Q3,2004q3,0.0439158243660035,-3.1254805599344464
NOR,Norway,NOR,2004,4,2004.75,2004-Q4,2004q4,0.0441619105937915,-3.1198926126912516
NOR,Norway,NOR,2005,1,2005.0,2005-Q1,2005q1,0.045156136822341,-3.0976290875949344
NOR,Norway,NOR,2005,2,2005.25,2005-Q2,2005q2,0.0452862582018141,-3.0947516434666875
NOR,Norway,NOR,2005,3,2005.5,2005-Q3,2005q3,0.0453022105122115,-3.0943994505046306
NOR,Norway,NOR,2005,4,2005.75,2005-Q4,2005q4,0.0451916404864072,-3.0968431542393766
NOR,Norway,NOR,2006,1,2006.0,2006-Q1,2006q1,0.0453300487941609,-3.0937851376090255
NOR,Norway,NOR,2006,2,2006.25,2006-Q2,2006q2,0.0450764493560931,-3.099395356087053
NOR,Norway,NOR,2006,3,2006.5,2006-Q3,2006q3,0.0449529680803687,-3.102138489535458
NOR,Norway,NOR,2006,4,2006.75,2006-Q4,2006q4,0.0451699601166187,-3.097323012277743
NOR,Norway,NOR,2007,1,2007.0,2007-Q1,2007q1,0.0454921658181018,-3.090215147671818
NOR,Norway,NOR,2007,2,2007.25,2007-Q2,2007q2,0.0451015787124183,-3.098838028376215
NOR,Norway,NOR,2007,3,2007.5,2007-Q3,2007q3,0.0450989908234514,-3.0988954091440064
NOR,Norway,NOR,2007,4,2007.75,2007-Q4,2007q4,0.0447900210961026,-3.105769907762758
NOR,Norway,NOR,2008,1,2008.0,2008-Q1,2008q1,0.0442621075973603,-3.11762632693534
NOR,Norway,NOR,2008,2,2008.25,2008-Q2,2008q2,0.0440515748586718,-3.1223941756233176
NOR,Norway,NOR,2008,3,2008.5,2008-Q3,2008q3,0.0438203194127399,-3.1276576556414764
NOR,Norway,NOR,2008,4,2008.75,2008-Q4,2008q4,0.0440664001372956,-3.1220576885725344
NOR,Norway,NOR,2009,1,2009.0,2009-Q1,2009q1,0.0436014173276705,-3.1326656216401276
NOR,Norway,NOR,2009,2,2009.25,2009-Q2,2009q2,0.0433741519390304,-3.137891592744169
NOR,Norway,NOR,2009,3,2009.5,2009-Q3,2009q3,0.0436984335379169,-3.1304430233373277
NOR,Norway,NOR,2009,4,2009.75,2009-Q4,2009q4,0.0436603430038797,-3.1313150716410916
NOR,Norway,NOR,2010,1,2010.0,2010-Q1,2010q1,0.0445713129669871,-3.1106648339207235
NOR,Norway,NOR,2010,2,2010.25,2010-Q2,2010q2,0.0441197933494258,-3.120846768437682
NOR,Norway,NOR,2010,3,2010.5,2010-Q3,2010q3,0.0433297336543874,-3.1389161901592644
NOR,Norway,NOR,2010,4,2010.75,2010-Q4,2010q4,0.0439777886471895,-3.1240705759930103
NOR,Norway,NOR,2011,1,2011.0,2011-Q1,2011q1,0.0441453700779222,-3.120267225428433
NOR,Norway,NOR,2011,2,2011.25,2011-Q2,2011q2,0.0439451650649765,-3.124812670800629
NOR,Norway,NOR,2011,3,2011.5,2011-Q3,2011q3,0.0440676237006749,-3.122029922601435
NOR,Norway,NOR,2011,4,2011.75,2011-Q4,2011q4,0.0438397280214432,-3.127214840252059
NOR,Norway,NOR,2012,1,2012.0,2012-Q1,2012q1,0.0446070842675055,-3.1098625924912695
NOR,Norway,NOR,2012,2,2012.25,2012-Q2,2012q2,0.0444879997868772,-3.1125357938874423
NOR,Norway,NOR,2012,3,2012.5,2012-Q3,2012q3,0.0440540245484055,-3.1223385675858983
NOR,Norway,NOR,2012,4,2012.75,2012-Q4,2012q4,0.0443356219819731,-3.1159668171074193
NOR,Norway,NOR,2013,1,2013.0,2013-Q1,2013q1,0.0444998767890036,-3.1122688586002116
NOR,Norway,NOR,2013,2,2013.25,2013-Q2,2013q2,0.0446902815971691,-3.1079992149340265
NOR,Norway,NOR,2013,3,2013.5,2013-Q3,2013q3,0.044778541939877,-3.106026228862469
NOR,Norway,NOR,2013,4,2013.75,2013-Q4,2013q4,0.0446558460212022,-3.1087700503040625
NOR,Norway,NOR,2014,1,2014.0,2014-Q1,2014q1,0.045052031155017,-3.099937209262322
NOR,Norway,NOR,2014,2,2014.25,2014-Q2,2014q2,0.0450734931466516,-3.09946094036499
NOR,Norway,NOR,2014,3,2014.5,2014-Q3,2014q3,0.0451825311918046,-3.0970447449032643
NOR,Norway,NOR,2014,4,2014.75,2014-Q4,2014q4,0.0453094368544938,-3.0942399491048076
NOR,Norway,NOR,2015,1,2015.0,2015-Q1,2015q1,0.0456532658134591,-3.0866801342271164
NOR,Norway,NOR,2015,2,2015.25,2015-Q2,2015q2,0.0457119185853813,-3.0853962145291414
NOR,Norway,NOR,2015,3,2015.5,2015-Q3,2015q3,0.046100305410709,-3.0769357040403293
NOR,Norway,NOR,2015,4,2015.75,2015-Q4,2015q4,0.0458193149514398,-3.0830495529319357
NOR,Norway,NOR,2016,1,2016.0,2016-Q1,2016q1,0.0458794786492461,-3.081737350141108
NOR,Norway,NOR,2016,2,2016.25,2016-Q2,2016q2,0.0464408795421599,-3.069575183008798
NOR,Norway,NOR,2016,3,2016.5,2016-Q3,2016q3,0.0458503197079596,-3.0823731073931864
NOR,Norway,NOR,2016,4,2016.75,2016-Q4,2016q4,0.0471433390785948,-3.0545625507498944
NOR,Norway,NOR,2017,1,2017.0,2017-Q1,2017q1,0.0472400299714343,-3.0525136532028316
NOR,Norway,NOR,2017,2,2017.25,2017-Q2,2017q2,0.0478195920549315,-3.0403198478346134
NOR,Norway,NOR,2017,3,2017.5,2017-Q3,2017q3,0.0481819219531761,-3.032771391491495
NOR,Norway,NOR,2017,4,2017.75,2017-Q4,2017q4,0.0474466920260911,-3.048148471296524
NOR,Norway,NOR,2018,1,2018.0,2018-Q1,2018q1,0.0475933497790128,-3.045062238030128
NOR,Norway,NOR,2018,2,2018.25,2018-Q2,2018q2,0.0474793093759418,-3.0474612549247686
NOR,Norway,NOR,2018,3,2018.5,2018-Q3,2018q3,0.0477906242793052,-3.0409258035080406
NOR,Norway,NOR,2018,4,2018.75,2018-Q4,2018q4,0.0472065328374945,-3.053222988394036
NOR,Norway,NOR,2019,1,2019.0,2019-Q1,2019q1,0.0474619623714023,-3.0478266809278813
NOR,Norway,NOR,2019,2,2019.25,2019-Q2,2019q2,0.04750082481971,-3.0470082034668313
NOR,Norway,NOR,2019,3,2019.5,2019-Q3,2019q3,0.0472241044814902,-3.052850828580285
NOR,Norway,NOR,2019,4,2019.75,2019-Q4,2019q4,0.0484683029707727,-3.0268452416880076
NZL,New Zealand,NZL,1990,1,1990.0,1990-Q1,1990q1,0.013412557461114,-4.311563886888067
NZL,New Zealand,NZL,1990,2,1990.25,1990-Q2,1990q2,0.0132726787346795,-4.32204758705506
NZL,New Zealand,NZL,1990,3,1990.5,1990-Q3,1990q3,0.013497001022985,-4.305287764661485
NZL,New Zealand,NZL,1990,4,1990.75,1990-Q4,1990q4,0.013794142286596,-4.28351124891851
NZL,New Zealand,NZL,1991,1,1991.0,1991-Q1,1991q1,0.0133403686256703,-4.316960605767728
NZL,New Zealand,NZL,1991,2,1991.25,1991-Q2,1991q2,0.0132597597677036,-4.32302141145463
NZL,New Zealand,NZL,1991,3,1991.5,1991-Q3,1991q3,0.0135370848016629,-4.302322337362644
NZL,New Zealand,NZL,1991,4,1991.75,1991-Q4,1991q4,0.0135745361550345,-4.299559582804146
NZL,New Zealand,NZL,1992,1,1992.0,1992-Q1,1992q1,0.013558578342549,-4.300735843961105
NZL,New Zealand,NZL,1992,2,1992.25,1992-Q2,1992q2,0.0135902412471444,-4.298403299163224
NZL,New Zealand,NZL,1992,3,1992.5,1992-Q3,1992q3,0.0133998740201302,-4.312509973552286
NZL,New Zealand,NZL,1992,4,1992.75,1992-Q4,1992q4,0.0135009329033144,-4.304996491976106
NZL,New Zealand,NZL,1993,1,1993.0,1993-Q1,1993q1,0.0137238072412067,-4.288623199464438
NZL,New Zealand,NZL,1993,2,1993.25,1993-Q2,1993q2,0.013742654555438,-4.287250811762739
NZL,New Zealand,NZL,1993,3,1993.5,1993-Q3,1993q3,0.0139721801288815,-4.27068705998771
NZL,New Zealand,NZL,1993,4,1993.75,1993-Q4,1993q4,0.0140960873191874,-4.261858015199994
NZL,New Zealand,NZL,1994,1,1994.0,1994-Q1,1994q1,0.0143943268077195,-4.240921121713562
NZL,New Zealand,NZL,1994,2,1994.25,1994-Q2,1994q2,0.0143573769609811,-4.24349139493128
NZL,New Zealand,NZL,1994,3,1994.5,1994-Q3,1994q3,0.0141674133234397,-4.256810787924766
NZL,New Zealand,NZL,1994,4,1994.75,1994-Q4,1994q4,0.0141640826490044,-4.257045909603755
NZL,New Zealand,NZL,1995,1,1995.0,1995-Q1,1995q1,0.0141527743669464,-4.25784460577634
NZL,New Zealand,NZL,1995,2,1995.25,1995-Q2,1995q2,0.0142653126199236,-4.249924379385156
NZL,New Zealand,NZL,1995,3,1995.5,1995-Q3,1995q3,0.0140953642557101,-4.261909311847528
NZL,New Zealand,NZL,1995,4,1995.75,1995-Q4,1995q4,0.0141580158382134,-4.257474324954865
NZL,New Zealand,NZL,1996,1,1996.0,1996-Q1,1996q1,0.0141267149988178,-4.259687593474432
NZL,New Zealand,NZL,1996,2,1996.25,1996-Q2,1996q2,0.0141798386695716,-4.25593413526505
NZL,New Zealand,NZL,1996,3,1996.5,1996-Q3,1996q3,0.0142325341212119,-4.252224799726706
NZL,New Zealand,NZL,1996,4,1996.75,1996-Q4,1996q4,0.0143784348385816,-4.24202577554897
NZL,New Zealand,NZL,1997,1,1997.0,1997-Q1,1997q1,0.0142876508605422,-4.248359690998864
NZL,New Zealand,NZL,1997,2,1997.25,1997-Q2,1997q2,0.0145810898345823,-4.228029806595553
NZL,New Zealand,NZL,1997,3,1997.5,1997-Q3,1997q3,0.0148716854469595,-4.208296179475249
NZL,New Zealand,NZL,1997,4,1997.75,1997-Q4,1997q4,0.0146374342063211,-4.22417304493972
NZL,New Zealand,NZL,1998,1,1998.0,1998-Q1,1998q1,0.0146567385636684,-4.22285507905666
NZL,New Zealand,NZL,1998,2,1998.25,1998-Q2,1998q2,0.0147078078158569,-4.219376782268616
NZL,New Zealand,NZL,1998,3,1998.5,1998-Q3,1998q3,0.0147661523234277,-4.215417722576368
NZL,New Zealand,NZL,1998,4,1998.75,1998-Q4,1998q4,0.0151756506856745,-4.1880630641634555
NZL,New Zealand,NZL,1999,1,1999.0,1999-Q1,1999q1,0.0151297492499836,-4.191092324353999
NZL,New Zealand,NZL,1999,2,1999.25,1999-Q2,1999q2,0.0152430823142787,-4.183629497580642
NZL,New Zealand,NZL,1999,3,1999.5,1999-Q3,1999q3,0.0153765964782849,-4.174908634694129
NZL,New Zealand,NZL,1999,4,1999.75,1999-Q4,1999q4,0.0153607889477853,-4.175937188793579
NZL,New Zealand,NZL,2000,1,2000.0,2000-Q1,2000q1,0.0157265282049271,-4.152406297974391
NZL,New Zealand,NZL,2000,2,2000.25,2000-Q2,2000q2,0.0156444588967334,-4.157638488797962
NZL,New Zealand,NZL,2000,3,2000.5,2000-Q3,2000q3,0.0154909099801299,-4.1675018799825425
NZL,New Zealand,NZL,2000,4,2000.75,2000-Q4,2000q4,0.0154532287982885,-4.169937313764442
NZL,New Zealand,NZL,2001,1,2001.0,2001-Q1,2001q1,0.0152922255776372,-4.1804107119072285
NZL,New Zealand,NZL,2001,2,2001.25,2001-Q2,2001q2,0.0156720037575358,-4.1558793585788365
NZL,New Zealand,NZL,2001,3,2001.5,2001-Q3,2001q3,0.0156121312537289,-4.159707022465641
NZL,New Zealand,NZL,2001,4,2001.75,2001-Q4,2001q4,0.0156100936176438,-4.159837547186182
NZL,New Zealand,NZL,2002,1,2002.0,2002-Q1,2002q1,0.0155742065254985,-4.162139160999735
NZL,New Zealand,NZL,2002,2,2002.25,2002-Q2,2002q2,0.0156355494724164,-4.158208144947205
NZL,New Zealand,NZL,2002,3,2002.5,2002-Q3,2002q3,0.0159643500436941,-4.137397164969263
NZL,New Zealand,NZL,2002,4,2002.75,2002-Q4,2002q4,0.0161278081076263,-4.127210285252609
NZL,New Zealand,NZL,2003,1,2003.0,2003-Q1,2003q1,0.0161327260392234,-4.126905396833043
NZL,New Zealand,NZL,2003,2,2003.25,2003-Q2,2003q2,0.0160761717267778,-4.130417120268994
NZL,New Zealand,NZL,2003,3,2003.5,2003-Q3,2003q3,0.0160797072761744,-4.130197219615026
NZL,New Zealand,NZL,2003,4,2003.75,2003-Q4,2003q4,0.0162445378170435,-4.119998561047984
NZL,New Zealand,NZL,2004,1,2004.0,2004-Q1,2004q1,0.0165377630370441,-4.1021088441773585
NZL,New Zealand,NZL,2004,2,2004.25,2004-Q2,2004q2,0.0164233642140929,-4.109050310798219
NZL,New Zealand,NZL,2004,3,2004.5,2004-Q3,2004q3,0.0162596173611311,-4.119070707665129
NZL,New Zealand,NZL,2004,4,2004.75,2004-Q4,2004q4,0.0159898260744102,-4.135802629343011
NZL,New Zealand,NZL,2005,1,2005.0,2005-Q1,2005q1,0.0160553795968882,-4.1317113081892884
NZL,New Zealand,NZL,2005,2,2005.25,2005-Q2,2005q2,0.0163967667673058,-4.110671111923284
NZL,New Zealand,NZL,2005,3,2005.5,2005-Q3,2005q3,0.0162250495775431,-4.121198960769958
NZL,New Zealand,NZL,2005,4,2005.75,2005-Q4,2005q4,0.0161888870303728,-4.123430257919159
NZL,New Zealand,NZL,2006,1,2006.0,2006-Q1,2006q1,0.0161803227497893,-4.123959420097754
NZL,New Zealand,NZL,2006,2,2006.25,2006-Q2,2006q2,0.015987100191634,-4.1359731199499015
NZL,New Zealand,NZL,2006,3,2006.5,2006-Q3,2006q3,0.0163090110921013,-4.116037496186102
NZL,New Zealand,NZL,2006,4,2006.75,2006-Q4,2006q4,0.0164243126789446,-4.108992561517803
NZL,New Zealand,NZL,2007,1,2007.0,2007-Q1,2007q1,0.0163411254150719,-4.1140703170706425
NZL,New Zealand,NZL,2007,2,2007.25,2007-Q2,2007q2,0.0165319115154549,-4.102462734666422
NZL,New Zealand,NZL,2007,3,2007.5,2007-Q3,2007q3,0.0166952482924951,-4.092631133430258
NZL,New Zealand,NZL,2007,4,2007.75,2007-Q4,2007q4,0.0166744310157887,-4.0938788097543
NZL,New Zealand,NZL,2008,1,2008.0,2008-Q1,2008q1,0.0168288699781514,-4.0846594163401475
NZL,New Zealand,NZL,2008,2,2008.25,2008-Q2,2008q2,0.0163858695163884,-4.111335930409782
NZL,New Zealand,NZL,2008,3,2008.5,2008-Q3,2008q3,0.016366660300194,-4.112508921840031
NZL,New Zealand,NZL,2008,4,2008.75,2008-Q4,2008q4,0.0162715202735371,-4.118338921825307
NZL,New Zealand,NZL,2009,1,2009.0,2009-Q1,2009q1,0.0164226571762582,-4.1090933624559165
NZL,New Zealand,NZL,2009,2,2009.25,2009-Q2,2009q2,0.0166645600587399,-4.094470966686415
NZL,New Zealand,NZL,2009,3,2009.5,2009-Q3,2009q3,0.0169016625913249,-4.080343283707021
NZL,New Zealand,NZL,2009,4,2009.75,2009-Q4,2009q4,0.0170906417667182,-4.069224230381926
NZL,New Zealand,NZL,2010,1,2010.0,2010-Q1,2010q1,0.0172030999022336,-4.0626656845275955
NZL,New Zealand,NZL,2010,2,2010.25,2010-Q2,2010q2,0.0173149421659167,-4.056185441247872
NZL,New Zealand,NZL,2010,3,2010.5,2010-Q3,2010q3,0.016915432882074,-4.079528885467465
NZL,New Zealand,NZL,2010,4,2010.75,2010-Q4,2010q4,0.0167587831647922,-4.0888327900966495
NZL,New Zealand,NZL,2011,1,2011.0,2011-Q1,2011q1,0.0168836517036405,-4.0814094800569105
NZL,New Zealand,NZL,2011,2,2011.25,2011-Q2,2011q2,0.0169974273824471,-4.074693276821816
NZL,New Zealand,NZL,2011,3,2011.5,2011-Q3,2011q3,0.0171585474512139,-4.065258835870269
NZL,New Zealand,NZL,2011,4,2011.75,2011-Q4,2011q4,0.0172534291097293,-4.059744366290863
NZL,New Zealand,NZL,2012,1,2012.0,2012-Q1,2012q1,0.0172908541298863,-4.0575775802823175
NZL,New Zealand,NZL,2012,2,2012.25,2012-Q2,2012q2,0.017398724141506,-4.051358400650883
NZL,New Zealand,NZL,2012,3,2012.5,2012-Q3,2012q3,0.0175856424444478,-4.040672480061442
NZL,New Zealand,NZL,2012,4,2012.75,2012-Q4,2012q4,0.0180052715705081,-4.017090698934336
NZL,New Zealand,NZL,2013,1,2013.0,2013-Q1,2013q1,0.0177859418151175,-4.029346919396664
NZL,New Zealand,NZL,2013,2,2013.25,2013-Q2,2013q2,0.0176208230032573,-4.038673951094008
NZL,New Zealand,NZL,2013,3,2013.5,2013-Q3,2013q3,0.0175072420390565,-4.0451406528537905
NZL,New Zealand,NZL,2013,4,2013.75,2013-Q4,2013q4,0.0174309986333231,-4.049505127154374
NZL,New Zealand,NZL,2014,1,2014.0,2014-Q1,2014q1,0.0174661203417592,-4.047492254955979
NZL,New Zealand,NZL,2014,2,2014.25,2014-Q2,2014q2,0.0174761425003826,-4.046918613864473
NZL,New Zealand,NZL,2014,3,2014.5,2014-Q3,2014q3,0.017506527284216,-4.045181479925792
NZL,New Zealand,NZL,2014,4,2014.75,2014-Q4,2014q4,0.0174873815712891,-4.0462757112056575
NZL,New Zealand,NZL,2015,1,2015.0,2015-Q1,2015q1,0.0175109206061584,-4.044930558043695
NZL,New Zealand,NZL,2015,2,2015.25,2015-Q2,2015q2,0.0176291816071815,-4.038199704115987
NZL,New Zealand,NZL,2015,3,2015.5,2015-Q3,2015q3,0.0179566199079893,-4.019796434934317
NZL,New Zealand,NZL,2015,4,2015.75,2015-Q4,2015q4,0.0178876096177271,-4.023647005943524
NZL,New Zealand,NZL,2016,1,2016.0,2016-Q1,2016q1,0.0178544186688784,-4.025504256915586
NZL,New Zealand,NZL,2016,2,2016.25,2016-Q2,2016q2,0.0176017716903769,-4.039755717778374
NZL,New Zealand,NZL,2016,3,2016.5,2016-Q3,2016q3,0.0175835262633911,-4.040792823028706
NZL,New Zealand,NZL,2016,4,2016.75,2016-Q4,2016q4,0.0174085426974291,-4.050794233620534
NZL,New Zealand,NZL,2017,1,2017.0,2017-Q1,2017q1,0.0174788023967315,-4.046766423874653
NZL,New Zealand,NZL,2017,2,2017.25,2017-Q2,2017q2,0.0176760544890134,-4.03554440906319
NZL,New Zealand,NZL,2017,3,2017.5,2017-Q3,2017q3,0.0175420606175546,-4.043153817892016
NZL,New Zealand,NZL,2017,4,2017.75,2017-Q4,2017q4,0.0176243175472151,-4.038475651758856
NZL,New Zealand,NZL,2018,1,2018.0,2018-Q1,2018q1,0.0177623621611641,-4.030673545692386
NZL,New Zealand,NZL,2018,2,2018.25,2018-Q2,2018q2,0.0177914545263202,-4.029037019751737
NZL,New Zealand,NZL,2018,3,2018.5,2018-Q3,2018q3,0.0176626326548767,-4.036304020461737
NZL,New Zealand,NZL,2018,4,2018.75,2018-Q4,2018q4,0.0181283254021966,-4.010279624604027
NZL,New Zealand,NZL,2019,1,2019.0,2019-Q1,2019q1,0.0182069710484032,-4.00595073359706
NZL,New Zealand,NZL,2019,2,2019.25,2019-Q2,2019q2,0.0180839642757754,-4.012729685012059
NZL,New Zealand,NZL,2019,3,2019.5,2019-Q3,2019q3,0.0181864554513551,-4.0070781679276175
NZL,New Zealand,NZL,2019,4,2019.75,2019-Q4,2019q4,0.0182071847141706,-4.00593899828353
PER,Peru,PER,1997,1,1997.0,1997-Q1,1997q1,0.0017295554735373,-6.35989085520274
PER,Peru,PER,1997,2,1997.25,1997-Q2,1997q2,0.001778553855687,-6.331954685512171
PER,Peru,PER,1997,3,1997.5,1997-Q3,1997q3,0.0017726969496708,-6.335253191671012
PER,Peru,PER,1997,4,1997.75,1997-Q4,1997q4,0.0017649739283516,-6.339619360178157
PER,Peru,PER,1998,1,1998.0,1998-Q1,1998q1,0.0017498353393917,-6.348233587249795
PER,Peru,PER,1998,2,1998.25,1998-Q2,1998q2,0.0017029239867015,-6.375408513235217
PER,Peru,PER,1998,3,1998.5,1998-Q3,1998q3,0.0017578338632369,-6.343672987463082
PER,Peru,PER,1998,4,1998.75,1998-Q4,1998q4,0.0017201080065594,-6.365368195616989
PER,Peru,PER,1999,1,1999.0,1999-Q1,1999q1,0.001706334972375,-6.373407499611675
PER,Peru,PER,1999,2,1999.25,1999-Q2,1999q2,0.0016967271944573,-6.379054063191346
PER,Peru,PER,1999,3,1999.5,1999-Q3,1999q3,0.0017073176680069,-6.372831755233105
PER,Peru,PER,1999,4,1999.75,1999-Q4,1999q4,0.0017658977041394,-6.339096103653974
PER,Peru,PER,2000,1,2000.0,2000-Q1,2000q1,0.0017807478204923,-6.330721879033389
PER,Peru,PER,2000,2,2000.25,2000-Q2,2000q2,0.0017325479980365,-6.358162122789606
PER,Peru,PER,2000,3,2000.5,2000-Q3,2000q3,0.0017052108200086,-6.374066527791568
PER,Peru,PER,2000,4,2000.75,2000-Q4,2000q4,0.0016701604368426,-6.394835587202268
PER,Peru,PER,2001,1,2001.0,2001-Q1,2001q1,0.0016571966955443,-6.402627841762351
PER,Peru,PER,2001,2,2001.25,2001-Q2,2001q2,0.0016930485598608,-6.381224493513124
PER,Peru,PER,2001,3,2001.5,2001-Q3,2001q3,0.0017170942364974,-6.367121814183026
PER,Peru,PER,2001,4,2001.75,2001-Q4,2001q4,0.0017207296108579,-6.365006885741675
PER,Peru,PER,2002,1,2002.0,2002-Q1,2002q1,0.0016176314142011,-6.426792289633732
PER,Peru,PER,2002,2,2002.25,2002-Q2,2002q2,0.0016466918141931,-6.408986964789841
PER,Peru,PER,2002,3,2002.5,2002-Q3,2002q3,0.0016440407238673,-6.41059821144613
PER,Peru,PER,2002,4,2002.75,2002-Q4,2002q4,0.001654630384941,-6.40417762745743
PER,Peru,PER,2003,1,2003.0,2003-Q1,2003q1,0.0016719874056194,-6.393742296872279
PER,Peru,PER,2003,2,2003.25,2003-Q2,2003q2,0.001688418954231,-6.383962717969334
PER,Peru,PER,2003,3,2003.5,2003-Q3,2003q3,0.0016829539436729,-6.387204729761163
PER,Peru,PER,2003,4,2003.75,2003-Q4,2003q4,0.0016680690821192,-6.396088559764597
PER,Peru,PER,2004,1,2004.0,2004-Q1,2004q1,0.0017392453717611,-6.3543039542184845
PER,Peru,PER,2004,2,2004.25,2004-Q2,2004q2,0.0017561240006895,-6.344646170835541
PER,Peru,PER,2004,3,2004.5,2004-Q3,2004q3,0.0017600516415897,-6.34241212855021
PER,Peru,PER,2004,4,2004.75,2004-Q4,2004q4,0.0017780674147787,-6.332228226535711
PER,Peru,PER,2005,1,2005.0,2005-Q1,2005q1,0.0018391597180926,-6.298446486618679
PER,Peru,PER,2005,2,2005.25,2005-Q2,2005q2,0.0018689776711298,-6.2823636975411254
PER,Peru,PER,2005,3,2005.5,2005-Q3,2005q3,0.0018744087349443,-6.279462010653345
PER,Peru,PER,2005,4,2005.75,2005-Q4,2005q4,0.0019024418257007,-6.264617046514236
PER,Peru,PER,2006,1,2006.0,2006-Q1,2006q1,0.0019176981760399,-6.2566296788038365
PER,Peru,PER,2006,2,2006.25,2006-Q2,2006q2,0.0019257723110813,-6.252428191140101
PER,Peru,PER,2006,3,2006.5,2006-Q3,2006q3,0.0019365016117204,-6.246872226724556
PER,Peru,PER,2006,4,2006.75,2006-Q4,2006q4,0.0019467057004738,-6.241616719397888
PER,Peru,PER,2007,1,2007.0,2007-Q1,2007q1,0.0019719416843575,-6.228736595065774
PER,Peru,PER,2007,2,2007.25,2007-Q2,2007q2,0.0020013359109128,-6.213940365948748
PER,Peru,PER,2007,3,2007.5,2007-Q3,2007q3,0.0020241857219862,-6.202587771891993
PER,Peru,PER,2007,4,2007.75,2007-Q4,2007q4,0.0020636641598812,-6.183272157837908
PER,Peru,PER,2008,1,2008.0,2008-Q1,2008q1,0.0021061296715199,-6.162903294744252
PER,Peru,PER,2008,2,2008.25,2008-Q2,2008q2,0.002153503170109,-6.1406593813982875
PER,Peru,PER,2008,3,2008.5,2008-Q3,2008q3,0.0021576282533342,-6.138745691427401
PER,Peru,PER,2008,4,2008.75,2008-Q4,2008q4,0.0021437554030568,-6.145196126676851
PER,Peru,PER,2009,1,2009.0,2009-Q1,2009q1,0.0021257815504492,-6.153615755776666
PER,Peru,PER,2009,2,2009.25,2009-Q2,2009q2,0.0020976164046045,-6.166953624331101
PER,Peru,PER,2009,3,2009.5,2009-Q3,2009q3,0.0021210277431204,-6.155854523277499
PER,Peru,PER,2009,4,2009.75,2009-Q4,2009q4,0.0021449351308309,-6.144645969096333
PER,Peru,PER,2010,1,2010.0,2010-Q1,2010q1,0.0021820884394851,-6.127472861006244
PER,Peru,PER,2010,2,2010.25,2010-Q2,2010q2,0.0022367141850062,-6.102747371733077
PER,Peru,PER,2010,3,2010.5,2010-Q3,2010q3,0.0022474798612419,-6.097945752173928
PER,Peru,PER,2010,4,2010.75,2010-Q4,2010q4,0.0022724099153212,-6.086914373921169
PER,Peru,PER,2011,1,2011.0,2011-Q1,2011q1,0.0022983971252471,-6.075543301062638
PER,Peru,PER,2011,2,2011.25,2011-Q2,2011q2,0.0023164089538137,-6.067737157219618
PER,Peru,PER,2011,3,2011.5,2011-Q3,2011q3,0.0023563232013555,-6.050652840362243
PER,Peru,PER,2011,4,2011.75,2011-Q4,2011q4,0.0023980422522279,-6.033102602753934
PER,Peru,PER,2012,1,2012.0,2012-Q1,2012q1,0.0023681167196104,-6.045660272799095
PER,Peru,PER,2012,2,2012.25,2012-Q2,2012q2,0.0023876510245039,-6.037445231273274
PER,Peru,PER,2012,3,2012.5,2012-Q3,2012q3,0.0024497641193163,-6.011763536890591
PER,Peru,PER,2012,4,2012.75,2012-Q4,2012q4,0.0024787126348078,-6.00001595245153
PER,Peru,PER,2013,1,2013.0,2013-Q1,2013q1,0.0025142763347749,-5.985770256487558
PER,Peru,PER,2013,2,2013.25,2013-Q2,2013q2,0.0025643790547697,-5.9660389135768925
PER,Peru,PER,2013,3,2013.5,2013-Q3,2013q3,0.0025674165388215,-5.9648551234780385
PER,Peru,PER,2013,4,2013.75,2013-Q4,2013q4,0.002578510656124,-5.960543311798457
PER,Peru,PER,2014,1,2014.0,2014-Q1,2014q1,0.0025957274645728,-5.953888468481577
PER,Peru,PER,2014,2,2014.25,2014-Q2,2014q2,0.0025872171356215,-5.957172445933039
PER,Peru,PER,2014,3,2014.5,2014-Q3,2014q3,0.0026056978791779,-5.950054739779218
PER,Peru,PER,2014,4,2014.75,2014-Q4,2014q4,0.0026248067564819,-5.942748002226707
PER,Peru,PER,2015,1,2015.0,2015-Q1,2015q1,0.002659582100029,-5.929586273783108
PER,Peru,PER,2015,2,2015.25,2015-Q2,2015q2,0.0026662949595797,-5.927065425843734
PER,Peru,PER,2015,3,2015.5,2015-Q3,2015q3,0.0026653803986465,-5.927408492846401
PER,Peru,PER,2015,4,2015.75,2015-Q4,2015q4,0.0027013862070386,-5.913990227707386
PER,Peru,PER,2016,1,2016.0,2016-Q1,2016q1,0.0027181380480294,-5.907808174245176
PER,Peru,PER,2016,2,2016.25,2016-Q2,2016q2,0.002722518176122,-5.90619802691792
PER,Peru,PER,2016,3,2016.5,2016-Q3,2016q3,0.0027311577094779,-5.903029690271462
PER,Peru,PER,2016,4,2016.75,2016-Q4,2016q4,0.0027457397627676,-5.897704745694793
PER,Peru,PER,2017,1,2017.0,2017-Q1,2017q1,0.0027502264325124,-5.8960720315979165
PER,Peru,PER,2017,2,2017.25,2017-Q2,2017q2,0.0027713922809618,-5.8884054565522215
PER,Peru,PER,2017,3,2017.5,2017-Q3,2017q3,0.0027722107603961,-5.888110168655833
PER,Peru,PER,2017,4,2017.75,2017-Q4,2017q4,0.0027671837123302,-5.889925186333558
PER,Peru,PER,2018,1,2018.0,2018-Q1,2018q1,0.0028033294418645,-5.876947481824082
PER,Peru,PER,2018,2,2018.25,2018-Q2,2018q2,0.0028709057113015,-5.8531277201444425
PER,Peru,PER,2018,3,2018.5,2018-Q3,2018q3,0.002827559637845,-5.868341258120394
PER,Peru,PER,2018,4,2018.75,2018-Q4,2018q4,0.0028374255279239,-5.864858142184626
PER,Peru,PER,2019,1,2019.0,2019-Q1,2019q1,0.002856578241884,-5.858130789352543
PER,Peru,PER,2019,2,2019.25,2019-Q2,2019q2,0.0028662747475947,-5.8547420896926
PER,Peru,PER,2019,3,2019.5,2019-Q3,2019q3,0.0028563097152387,-5.858224796673364
PER,Peru,PER,2019,4,2019.75,2019-Q4,2019q4,0.0028580396434592,-5.857619328521258
PHL,Philippines,PHL,1990,1,1990.0,1990-Q1,1990q1,0.0010700433449614,-6.8400561220190825
PHL,Philippines,PHL,1990,2,1990.25,1990-Q2,1990q2,0.0010670839949421,-6.842825589102816
PHL,Philippines,PHL,1990,3,1990.5,1990-Q3,1990q3,0.0010626079282347,-6.84702908280954
PHL,Philippines,PHL,1990,4,1990.75,1990-Q4,1990q4,0.001057138266774,-6.8521897700775645
PHL,Philippines,PHL,1991,1,1991.0,1991-Q1,1991q1,0.0010489587211,-6.859957301057203
PHL,Philippines,PHL,1991,2,1991.25,1991-Q2,1991q2,0.0010390695742508,-6.869429606401655
PHL,Philippines,PHL,1991,3,1991.5,1991-Q3,1991q3,0.0010230468514413,-6.884969994976011
PHL,Philippines,PHL,1991,4,1991.75,1991-Q4,1991q4,0.0010454351263303,-6.863322091398313
PHL,Philippines,PHL,1992,1,1992.0,1992-Q1,1992q1,0.00102648508859,-6.881614848069637
PHL,Philippines,PHL,1992,2,1992.25,1992-Q2,1992q2,0.0009984871910923,-6.909269233340611
PHL,Philippines,PHL,1992,3,1992.5,1992-Q3,1992q3,0.0009860641341108,-6.921789160739836
PHL,Philippines,PHL,1992,4,1992.75,1992-Q4,1992q4,0.0010015980885265,-6.9061584660402895
PHL,Philippines,PHL,1993,1,1993.0,1993-Q1,1993q1,0.0010108981517024,-6.896916084174318
PHL,Philippines,PHL,1993,2,1993.25,1993-Q2,1993q2,0.0010025202458297,-6.905238203646126
PHL,Philippines,PHL,1993,3,1993.5,1993-Q3,1993q3,0.0009877684278952,-6.920062272410256
PHL,Philippines,PHL,1993,4,1993.75,1993-Q4,1993q4,0.0010096935644379,-6.898108395711164
PHL,Philippines,PHL,1994,1,1994.0,1994-Q1,1994q1,0.0010156515857602,-6.892224916040273
PHL,Philippines,PHL,1994,2,1994.25,1994-Q2,1994q2,0.0010186445628992,-6.889282395306001
PHL,Philippines,PHL,1994,3,1994.5,1994-Q3,1994q3,0.0010042307611034,-6.903533442385711
PHL,Philippines,PHL,1994,4,1994.75,1994-Q4,1994q4,0.0010268670164912,-6.881242843770267
PHL,Philippines,PHL,1995,1,1995.0,1995-Q1,1995q1,0.001042360168719,-6.866267744012828
PHL,Philippines,PHL,1995,2,1995.25,1995-Q2,1995q2,0.0010374680385875,-6.870972112514663
PHL,Philippines,PHL,1995,3,1995.5,1995-Q3,1995q3,0.0010371575139595,-6.8712714673837265
PHL,Philippines,PHL,1995,4,1995.75,1995-Q4,1995q4,0.0010482581050177,-6.860625439992232
PHL,Philippines,PHL,1996,1,1996.0,1996-Q1,1996q1,0.0010281229326864,-6.880020534773507
PHL,Philippines,PHL,1996,2,1996.25,1996-Q2,1996q2,0.0010331995802608,-6.8750949029943165
PHL,Philippines,PHL,1996,3,1996.5,1996-Q3,1996q3,0.0010255891757436,-6.882488025925716
PHL,Philippines,PHL,1996,4,1996.75,1996-Q4,1996q4,0.0010413000439742,-6.867285304198328
PHL,Philippines,PHL,1997,1,1997.0,1997-Q1,1997q1,0.0010654756799705,-6.844333931678588
PHL,Philippines,PHL,1997,2,1997.25,1997-Q2,1997q2,0.0010749328794707,-6.8354970570535
PHL,Philippines,PHL,1997,3,1997.5,1997-Q3,1997q3,0.0010526455530795,-6.8564487092571795
PHL,Philippines,PHL,1997,4,1997.75,1997-Q4,1997q4,0.0010794508697077,-6.831302821126916
PHL,Philippines,PHL,1998,1,1998.0,1998-Q1,1998q1,0.0010698500993812,-6.84023673435867
PHL,Philippines,PHL,1998,2,1998.25,1998-Q2,1998q2,0.0010456978700226,-6.863070798253266
PHL,Philippines,PHL,1998,3,1998.5,1998-Q3,1998q3,0.0010353654678731,-6.873000805537
PHL,Philippines,PHL,1998,4,1998.75,1998-Q4,1998q4,0.0010348633278391,-6.8734859113812306
PHL,Philippines,PHL,1999,1,1999.0,1999-Q1,1999q1,0.001051846263868,-6.8572083123532765
PHL,Philippines,PHL,1999,2,1999.25,1999-Q2,1999q2,0.0010537386306957,-6.855410838081788
PHL,Philippines,PHL,1999,3,1999.5,1999-Q3,1999q3,0.0010529985730833,-6.856113400927798
PHL,Philippines,PHL,1999,4,1999.75,1999-Q4,1999q4,0.0010606131699923,-6.848908075846072
PHL,Philippines,PHL,2000,1,2000.0,2000-Q1,2000q1,0.0010835313202923,-6.82752983081377
PHL,Philippines,PHL,2000,2,2000.25,2000-Q2,2000q2,0.0010779065346436,-6.8327345128111725
PHL,Philippines,PHL,2000,3,2000.5,2000-Q3,2000q3,0.0010878953159301,-6.823510352153547
PHL,Philippines,PHL,2000,4,2000.75,2000-Q4,2000q4,0.0010778111781796,-6.832822981225655
PHL,Philippines,PHL,2001,1,2001.0,2001-Q1,2001q1,0.0011272615688624,-6.787963977808314
PHL,Philippines,PHL,2001,2,2001.25,2001-Q2,2001q2,0.001105140694754,-6.807782626548402
PHL,Philippines,PHL,2001,3,2001.5,2001-Q3,2001q3,0.0011194026841,-6.794960053707496
PHL,Philippines,PHL,2001,4,2001.75,2001-Q4,2001q4,0.001094675168471,-6.817297609521102
PHL,Philippines,PHL,2002,1,2002.0,2002-Q1,2002q1,0.0011033030294389,-6.809446844403814
PHL,Philippines,PHL,2002,2,2002.25,2002-Q2,2002q2,0.0011052138966489,-6.807716391117028
PHL,Philippines,PHL,2002,3,2002.5,2002-Q3,2002q3,0.0011157674680026,-6.798212798738235
PHL,Philippines,PHL,2002,4,2002.75,2002-Q4,2002q4,0.0011319013093937,-6.783856485516162
PHL,Philippines,PHL,2003,1,2003.0,2003-Q1,2003q1,0.0011365609011668,-6.779748329510994
PHL,Philippines,PHL,2003,2,2003.25,2003-Q2,2003q2,0.0011428443852873,-6.774235049293532
PHL,Philippines,PHL,2003,3,2003.5,2003-Q3,2003q3,0.0011683670430633,-6.7521481947440085
PHL,Philippines,PHL,2003,4,2003.75,2003-Q4,2003q4,0.0011575097442915,-6.761484353644935
PHL,Philippines,PHL,2004,1,2004.0,2004-Q1,2004q1,0.0011615940626434,-6.757962025267515
PHL,Philippines,PHL,2004,2,2004.25,2004-Q2,2004q2,0.0011824928268881,-6.74013050367316
PHL,Philippines,PHL,2004,3,2004.5,2004-Q3,2004q3,0.0011971873979806,-6.727780308285201
PHL,Philippines,PHL,2004,4,2004.75,2004-Q4,2004q4,0.0012144715421479,-6.713446241539761
PHL,Philippines,PHL,2005,1,2005.0,2005-Q1,2005q1,0.001218292246146,-6.710305199110746
PHL,Philippines,PHL,2005,2,2005.25,2005-Q2,2005q2,0.0012179554784676,-6.710581663344774
PHL,Philippines,PHL,2005,3,2005.5,2005-Q3,2005q3,0.0012228532982073,-6.7065683818781
PHL,Philippines,PHL,2005,4,2005.75,2005-Q4,2005q4,0.0012239229757071,-6.705694025215947
PHL,Philippines,PHL,2006,1,2006.0,2006-Q1,2006q1,0.0012624281742569,-6.674718290110855
PHL,Philippines,PHL,2006,2,2006.25,2006-Q2,2006q2,0.0012663310302834,-6.671631512122326
PHL,Philippines,PHL,2006,3,2006.5,2006-Q3,2006q3,0.0012677351272729,-6.67052333495102
PHL,Philippines,PHL,2006,4,2006.75,2006-Q4,2006q4,0.001294363765574,-6.649736005273434
PHL,Philippines,PHL,2007,1,2007.0,2007-Q1,2007q1,0.001284314316309,-6.657530309038507
PHL,Philippines,PHL,2007,2,2007.25,2007-Q2,2007q2,0.0013063151352666,-6.6405449791754085
PHL,Philippines,PHL,2007,3,2007.5,2007-Q3,2007q3,0.0013356634329265,-6.618327157067426
PHL,Philippines,PHL,2007,4,2007.75,2007-Q4,2007q4,0.0013464451794558,-6.610287359905116
PHL,Philippines,PHL,2008,1,2008.0,2008-Q1,2008q1,0.0013327044284469,-6.620544996470555
PHL,Philippines,PHL,2008,2,2008.25,2008-Q2,2008q2,0.0013776591076709,-6.587369518946084
PHL,Philippines,PHL,2008,3,2008.5,2008-Q3,2008q3,0.0013575853581014,-6.602047629236919
PHL,Philippines,PHL,2008,4,2008.75,2008-Q4,2008q4,0.0013570344908529,-6.602453481464275
PHL,Philippines,PHL,2009,1,2009.0,2009-Q1,2009q1,0.0013247369858468,-6.6265413404956295
PHL,Philippines,PHL,2009,2,2009.25,2009-Q2,2009q2,0.0013404102965638,-6.614779520420835
PHL,Philippines,PHL,2009,3,2009.5,2009-Q3,2009q3,0.0013368734787056,-6.617421616076377
PHL,Philippines,PHL,2009,4,2009.75,2009-Q4,2009q4,0.0013506608130768,-6.607161315125521
PHL,Philippines,PHL,2010,1,2010.0,2010-Q1,2010q1,0.0013588431748142,-6.601121547959644
PHL,Philippines,PHL,2010,2,2010.25,2010-Q2,2010q2,0.0014235915111216,-6.554572367312017
PHL,Philippines,PHL,2010,3,2010.5,2010-Q3,2010q3,0.0013962947578033,-6.573933152371594
PHL,Philippines,PHL,2010,4,2010.75,2010-Q4,2010q4,0.0014043640728002,-6.568170695882579
PHL,Philippines,PHL,2011,1,2011.0,2011-Q1,2011q1,0.0014080867333997,-6.565523422717591
PHL,Philippines,PHL,2011,2,2011.25,2011-Q2,2011q2,0.0014186791760537,-6.5580289979427535
PHL,Philippines,PHL,2011,3,2011.5,2011-Q3,2011q3,0.0014051475110334,-6.567612991648139
PHL,Philippines,PHL,2011,4,2011.75,2011-Q4,2011q4,0.0013864293757709,-6.581023631262466
PHL,Philippines,PHL,2012,1,2012.0,2012-Q1,2012q1,0.0014503035743904,-6.535982382814193
PHL,Philippines,PHL,2012,2,2012.25,2012-Q2,2012q2,0.0014636065094072,-6.526851677297547
PHL,Philippines,PHL,2012,3,2012.5,2012-Q3,2012q3,0.0014945001229425,-6.505963493976986
PHL,Philippines,PHL,2012,4,2012.75,2012-Q4,2012q4,0.0015325368362118,-6.4808308537629795
PHL,Philippines,PHL,2013,1,2013.0,2013-Q1,2013q1,0.0015377836963884,-6.477413057328754
PHL,Philippines,PHL,2013,2,2013.25,2013-Q2,2013q2,0.001571007711126,-6.456038011301858
PHL,Philippines,PHL,2013,3,2013.5,2013-Q3,2013q3,0.0015724957472913,-6.4550912738185815
PHL,Philippines,PHL,2013,4,2013.75,2013-Q4,2013q4,0.0015818520087736,-6.449158960931803
PHL,Philippines,PHL,2014,1,2014.0,2014-Q1,2014q1,0.0016959541192533,-6.37950979430541
PHL,Philippines,PHL,2014,2,2014.25,2014-Q2,2014q2,0.0016373558766082,-6.4146726086134205
PHL,Philippines,PHL,2014,3,2014.5,2014-Q3,2014q3,0.00165549790544,-6.4036534661907005
PHL,Philippines,PHL,2014,4,2014.75,2014-Q4,2014q4,0.0016765154469631,-6.391037778284094
PHL,Philippines,PHL,2015,1,2015.0,2015-Q1,2015q1,0.0016960865485349,-6.379431711938695
PHL,Philippines,PHL,2015,2,2015.25,2015-Q2,2015q2,0.001716792605248,-6.367297493385094
PHL,Philippines,PHL,2015,3,2015.5,2015-Q3,2015q3,0.0017241511011099,-6.3630204649258975
PHL,Philippines,PHL,2015,4,2015.75,2015-Q4,2015q4,0.0017515418239446,-6.3472588366825695
PHL,Philippines,PHL,2016,1,2016.0,2016-Q1,2016q1,0.0017180361936798,-6.366573388307994
PHL,Philippines,PHL,2016,2,2016.25,2016-Q2,2016q2,0.0017754381315678,-6.333708051827343
PHL,Philippines,PHL,2016,3,2016.5,2016-Q3,2016q3,0.0017727248905506,-6.335237430003678
PHL,Philippines,PHL,2016,4,2016.75,2016-Q4,2016q4,0.0017822996541861,-6.32985080796125
PHL,Philippines,PHL,2017,1,2017.0,2017-Q1,2017q1,0.0018983450445729,-6.2667728015482345
PHL,Philippines,PHL,2017,2,2017.25,2017-Q2,2017q2,0.0019238292444328,-6.253437680971965
PHL,Philippines,PHL,2017,3,2017.5,2017-Q3,2017q3,0.0019463077446777,-6.241821165543834
PHL,Philippines,PHL,2017,4,2017.75,2017-Q4,2017q4,0.0018997664998086,-6.266024295199511
PHL,Philippines,PHL,2018,1,2018.0,2018-Q1,2018q1,0.0019073602456732,-6.262035063191848
PHL,Philippines,PHL,2018,2,2018.25,2018-Q2,2018q2,0.0020221241838209,-6.203606743938952
PHL,Philippines,PHL,2018,3,2018.5,2018-Q3,2018q3,0.0020399782147272,-6.194816150238328
PHL,Philippines,PHL,2018,4,2018.75,2018-Q4,2018q4,0.002018738832422,-6.2052823029357915
PHL,Philippines,PHL,2019,1,2019.0,2019-Q1,2019q1,0.002042166739036,-6.1937439078053576
PHL,Philippines,PHL,2019,2,2019.25,2019-Q2,2019q2,0.0020799507733967,-6.175411052185171
PHL,Philippines,PHL,2019,3,2019.5,2019-Q3,2019q3,0.0020529013368747,-6.1885012001251525
PHL,Philippines,PHL,2019,4,2019.75,2019-Q4,2019q4,0.0020414333014497,-6.194103119083111
POL,Poland,POL,1995,1,1995.0,1995-Q1,1995q1,0.0041809237906924,-5.477223054304949
POL,Poland,POL,1995,2,1995.25,1995-Q2,1995q2,0.0042548565078057,-5.4596942407203395
POL,Poland,POL,1995,3,1995.5,1995-Q3,1995q3,0.0043709997097247,-5.432763529510319
POL,Poland,POL,1995,4,1995.75,1995-Q4,1995q4,0.0044107237405645,-5.4237164894818415
POL,Poland,POL,1996,1,1996.0,1996-Q1,1996q1,0.0044698763507416,-5.410394532765748
POL,Poland,POL,1996,2,1996.25,1996-Q2,1996q2,0.0045561308924565,-5.391281504122336
POL,Poland,POL,1996,3,1996.5,1996-Q3,1996q3,0.004599965776398,-5.381706415428242
POL,Poland,POL,1996,4,1996.75,1996-Q4,1996q4,0.0044351316092803,-5.418197988513136
POL,Poland,POL,1997,1,1997.0,1997-Q1,1997q1,0.0046837165880349,-5.363663341474584
POL,Poland,POL,1997,2,1997.25,1997-Q2,1997q2,0.0047220958812986,-5.355502535294426
POL,Poland,POL,1997,3,1997.5,1997-Q3,1997q3,0.0047506637081474,-5.349470942665608
POL,Poland,POL,1997,4,1997.75,1997-Q4,1997q4,0.0048266953643551,-5.333593235056671
POL,Poland,POL,1998,1,1998.0,1998-Q1,1998q1,0.0048608879568756,-5.326534150582608
POL,Poland,POL,1998,2,1998.25,1998-Q2,1998q2,0.0048390482799418,-5.331037213964724
POL,Poland,POL,1998,3,1998.5,1998-Q3,1998q3,0.0049025938866866,-5.317990849299665
POL,Poland,POL,1998,4,1998.75,1998-Q4,1998q4,0.0049113299165757,-5.316210515078268
POL,Poland,POL,1999,1,1999.0,1999-Q1,1999q1,0.0050324888470893,-5.291840616629773
POL,Poland,POL,1999,2,1999.25,1999-Q2,1999q2,0.0052146003499901,-5.2562928281754635
POL,Poland,POL,1999,3,1999.5,1999-Q3,1999q3,0.0053354775928628,-5.233376877548597
POL,Poland,POL,1999,4,1999.75,1999-Q4,1999q4,0.005407564154981,-5.219956536133282
POL,Poland,POL,2000,1,2000.0,2000-Q1,2000q1,0.0055770768886924,-5.189090494921971
POL,Poland,POL,2000,2,2000.25,2000-Q2,2000q2,0.0056275222997003,-5.180086022561242
POL,Poland,POL,2000,3,2000.5,2000-Q3,2000q3,0.0056510198288099,-5.175919249437755
POL,Poland,POL,2000,4,2000.75,2000-Q4,2000q4,0.005795558780998,-5.150663382162882
POL,Poland,POL,2001,1,2001.0,2001-Q1,2001q1,0.0058108351577029,-5.14803097357721
POL,Poland,POL,2001,2,2001.25,2001-Q2,2001q2,0.0058211233559788,-5.146262019372874
POL,Poland,POL,2001,3,2001.5,2001-Q3,2001q3,0.00588588338302,-5.135198441969915
POL,Poland,POL,2001,4,2001.75,2001-Q4,2001q4,0.0059831945449904,-5.1188006488083175
POL,Poland,POL,2002,1,2002.0,2002-Q1,2002q1,0.0060429577601755,-5.108861691503779
POL,Poland,POL,2002,2,2002.25,2002-Q2,2002q2,0.0061077906008731,-5.098190174978137
POL,Poland,POL,2002,3,2002.5,2002-Q3,2002q3,0.0062285900154614,-5.078605293553204
POL,Poland,POL,2002,4,2002.75,2002-Q4,2002q4,0.0062973611038996,-5.067624605733086
POL,Poland,POL,2003,1,2003.0,2003-Q1,2003q1,0.0063580892154224,-5.058027384597258
POL,Poland,POL,2003,2,2003.25,2003-Q2,2003q2,0.0063999672707035,-5.051462402582166
POL,Poland,POL,2003,3,2003.5,2003-Q3,2003q3,0.0065396766201412,-5.029867561197136
POL,Poland,POL,2003,4,2003.75,2003-Q4,2003q4,0.0065631604637456,-5.026283014033903
POL,Poland,POL,2004,1,2004.0,2004-Q1,2004q1,0.0066869280233353,-5.0076006996387346
POL,Poland,POL,2004,2,2004.25,2004-Q2,2004q2,0.0067294752425982,-5.001258111233566
POL,Poland,POL,2004,3,2004.5,2004-Q3,2004q3,0.0066808298142583,-5.008513075457344
POL,Poland,POL,2004,4,2004.75,2004-Q4,2004q4,0.0066690152601184,-5.010283067117702
POL,Poland,POL,2005,1,2005.0,2005-Q1,2005q1,0.0067054295988826,-5.004837692879266
POL,Poland,POL,2005,2,2005.25,2005-Q2,2005q2,0.0067256889224745,-5.001820916737415
POL,Poland,POL,2005,3,2005.5,2005-Q3,2005q3,0.0067527063126536,-4.997811919242801
POL,Poland,POL,2005,4,2005.75,2005-Q4,2005q4,0.0068282169448943,-4.9866917017230685
POL,Poland,POL,2006,1,2006.0,2006-Q1,2006q1,0.0068884611926634,-4.977907558136573
POL,Poland,POL,2006,2,2006.25,2006-Q2,2006q2,0.0069590188769368,-4.967716780529799
POL,Poland,POL,2006,3,2006.5,2006-Q3,2006q3,0.0069631814823565,-4.967118799544565
POL,Poland,POL,2006,4,2006.75,2006-Q4,2006q4,0.006823290789614,-4.9874134030310735
POL,Poland,POL,2007,1,2007.0,2007-Q1,2007q1,0.0069950199868383,-4.96255681356523
POL,Poland,POL,2007,2,2007.25,2007-Q2,2007q2,0.0070182334680183,-4.959243735344199
POL,Poland,POL,2007,3,2007.5,2007-Q3,2007q3,0.0071065214297725,-4.946742405272622
POL,Poland,POL,2007,4,2007.75,2007-Q4,2007q4,0.0071059618117432,-4.946821155483979
POL,Poland,POL,2008,1,2008.0,2008-Q1,2008q1,0.0070921786036507,-4.948762707267387
POL,Poland,POL,2008,2,2008.25,2008-Q2,2008q2,0.0071369154045693,-4.942474612143278
POL,Poland,POL,2008,3,2008.5,2008-Q3,2008q3,0.0070902989422169,-4.949027775403575
POL,Poland,POL,2008,4,2008.75,2008-Q4,2008q4,0.0070515472576039,-4.95450821707412
POL,Poland,POL,2009,1,2009.0,2009-Q1,2009q1,0.0071468174481524,-4.941088133514556
POL,Poland,POL,2009,2,2009.25,2009-Q2,2009q2,0.0071968343934175,-4.934114017223161
POL,Poland,POL,2009,3,2009.5,2009-Q3,2009q3,0.0072517057123081,-4.92651856712417
POL,Poland,POL,2009,4,2009.75,2009-Q4,2009q4,0.0073826456779228,-4.908623211669529
POL,Poland,POL,2010,1,2010.0,2010-Q1,2010q1,0.0075653419501576,-4.884177731156295
POL,Poland,POL,2010,2,2010.25,2010-Q2,2010q2,0.0076238350490316,-4.876475748615657
POL,Poland,POL,2010,3,2010.5,2010-Q3,2010q3,0.0076923714569717,-4.867526161083618
POL,Poland,POL,2010,4,2010.75,2010-Q4,2010q4,0.0077584820810002,-4.858968572039304
POL,Poland,POL,2011,1,2011.0,2011-Q1,2011q1,0.0078832939150625,-4.843009452928294
POL,Poland,POL,2011,2,2011.25,2011-Q2,2011q2,0.0079677020659839,-4.8323591507161945
POL,Poland,POL,2011,3,2011.5,2011-Q3,2011q3,0.0080754273353954,-4.818929490481673
POL,Poland,POL,2011,4,2011.75,2011-Q4,2011q4,0.0081482783010002,-4.809948625457106
POL,Poland,POL,2012,1,2012.0,2012-Q1,2012q1,0.0081382862590334,-4.811175654421212
POL,Poland,POL,2012,2,2012.25,2012-Q2,2012q2,0.0081225544730458,-4.81311058400512
POL,Poland,POL,2012,3,2012.5,2012-Q3,2012q3,0.0081544685417437,-4.809189214653429
POL,Poland,POL,2012,4,2012.75,2012-Q4,2012q4,0.0081284296231868,-4.812387532359487
POL,Poland,POL,2013,1,2013.0,2013-Q1,2013q1,0.0081852464833171,-4.805421954584711
POL,Poland,POL,2013,2,2013.25,2013-Q2,2013q2,0.0082279009627159,-4.800224343880797
POL,Poland,POL,2013,3,2013.5,2013-Q3,2013q3,0.0082530714329071,-4.797169853022267
POL,Poland,POL,2013,4,2013.75,2013-Q4,2013q4,0.0082616191867788,-4.796134683205061
POL,Poland,POL,2014,1,2014.0,2014-Q1,2014q1,0.0083287876528096,-4.7880373732741415
POL,Poland,POL,2014,2,2014.25,2014-Q2,2014q2,0.0084035308957326,-4.779103316722894
POL,Poland,POL,2014,3,2014.5,2014-Q3,2014q3,0.0084070682129636,-4.7786824730325135
POL,Poland,POL,2014,4,2014.75,2014-Q4,2014q4,0.0084586222728221,-4.7725689705380985
POL,Poland,POL,2015,1,2015.0,2015-Q1,2015q1,0.0085620817609708,-4.760411922020838
POL,Poland,POL,2015,2,2015.25,2015-Q2,2015q2,0.0086222023137653,-4.753414738102369
POL,Poland,POL,2015,3,2015.5,2015-Q3,2015q3,0.0086512039095737,-4.750056787425491
POL,Poland,POL,2015,4,2015.75,2015-Q4,2015q4,0.0086455098786982,-4.7507151819796105
POL,Poland,POL,2016,1,2016.0,2016-Q1,2016q1,0.00868709617865,-4.74591655220469
POL,Poland,POL,2016,2,2016.25,2016-Q2,2016q2,0.0088118895986754,-4.731653378641244
POL,Poland,POL,2016,3,2016.5,2016-Q3,2016q3,0.0088680657528235,-4.725298572638566
POL,Poland,POL,2016,4,2016.75,2016-Q4,2016q4,0.0089448321099916,-4.71667933134331
POL,Poland,POL,2017,1,2017.0,2017-Q1,2017q1,0.008992273132393,-4.711389611248409
POL,Poland,POL,2017,2,2017.25,2017-Q2,2017q2,0.0090691693711957,-4.702874598850796
POL,Poland,POL,2017,3,2017.5,2017-Q3,2017q3,0.0092374958955343,-4.684484437034379
POL,Poland,POL,2017,4,2017.75,2017-Q4,2017q4,0.0093735501988588,-4.669863364539565
POL,Poland,POL,2018,1,2018.0,2018-Q1,2018q1,0.0095121713033885,-4.655183110568635
POL,Poland,POL,2018,2,2018.25,2018-Q2,2018q2,0.0096185828973163,-4.644058333126686
POL,Poland,POL,2018,3,2018.5,2018-Q3,2018q3,0.0097567322455638,-4.6297977455241694
POL,Poland,POL,2018,4,2018.75,2018-Q4,2018q4,0.0099042223751327,-4.614794110229291
POL,Poland,POL,2019,1,2019.0,2019-Q1,2019q1,0.0100675241333976,-4.598440468082601
POL,Poland,POL,2019,2,2019.25,2019-Q2,2019q2,0.0101122900666765,-4.594003756597785
POL,Poland,POL,2019,3,2019.5,2019-Q3,2019q3,0.010159262505864,-4.58936942747195
POL,Poland,POL,2019,4,2019.75,2019-Q4,2019q4,0.0102640608295735,-4.579106725188556
PRT,Portugal,PRT,1995,1,1995.0,1995-Q1,1995q1,0.010156573538996,-4.589634143812224
PRT,Portugal,PRT,1995,2,1995.25,1995-Q2,1995q2,0.0102649288703585,-4.579022157871975
PRT,Portugal,PRT,1995,3,1995.5,1995-Q3,1995q3,0.0103005488775103,-4.57555809608769
PRT,Portugal,PRT,1995,4,1995.75,1995-Q4,1995q4,0.0103600234798961,-4.569800775754131
PRT,Portugal,PRT,1996,1,1996.0,1996-Q1,1996q1,0.0104313620766783,-4.562938426292779
PRT,Portugal,PRT,1996,2,1996.25,1996-Q2,1996q2,0.0105657967745612,-4.550133214329851
PRT,Portugal,PRT,1996,3,1996.5,1996-Q3,1996q3,0.0106922505945149,-4.53823604340858
PRT,Portugal,PRT,1996,4,1996.75,1996-Q4,1996q4,0.0106909847457802,-4.538354439779947
PRT,Portugal,PRT,1997,1,1997.0,1997-Q1,1997q1,0.010802247886001,-4.5280010289169015
PRT,Portugal,PRT,1997,2,1997.25,1997-Q2,1997q2,0.0107903301053506,-4.529104906542386
PRT,Portugal,PRT,1997,3,1997.5,1997-Q3,1997q3,0.010887909843275,-4.520102294042438
PRT,Portugal,PRT,1997,4,1997.75,1997-Q4,1997q4,0.0108828416440649,-4.520567891135364
PRT,Portugal,PRT,1998,1,1998.0,1998-Q1,1998q1,0.0104941096937952,-4.556941160770991
PRT,Portugal,PRT,1998,2,1998.25,1998-Q2,1998q2,0.0105157821619585,-4.554878087243618
PRT,Portugal,PRT,1998,3,1998.5,1998-Q3,1998q3,0.0106897550734182,-4.538469465955257
PRT,Portugal,PRT,1998,4,1998.75,1998-Q4,1998q4,0.0106948452344986,-4.537993407380092
PRT,Portugal,PRT,1999,1,1999.0,1999-Q1,1999q1,0.010804067780939,-4.5278325693821655
PRT,Portugal,PRT,1999,2,1999.25,1999-Q2,1999q2,0.0108042334122566,-4.5278172390407265
PRT,Portugal,PRT,1999,3,1999.5,1999-Q3,1999q3,0.010865515628366,-4.522161208657903
PRT,Portugal,PRT,1999,4,1999.75,1999-Q4,1999q4,0.0108932832850292,-4.519608892066564
PRT,Portugal,PRT,2000,1,2000.0,2000-Q1,2000q1,0.0110633899130836,-4.504113827762993
PRT,Portugal,PRT,2000,2,2000.25,2000-Q2,2000q2,0.0109218553012497,-4.5169894237148025
PRT,Portugal,PRT,2000,3,2000.5,2000-Q3,2000q3,0.0110028916851009,-4.509597160267063
PRT,Portugal,PRT,2000,4,2000.75,2000-Q4,2000q4,0.0110088912208122,-4.509052039875361
PRT,Portugal,PRT,2001,1,2001.0,2001-Q1,2001q1,0.0109332761827192,-4.515944279464128
PRT,Portugal,PRT,2001,2,2001.25,2001-Q2,2001q2,0.0110202266570673,-4.508022907676932
PRT,Portugal,PRT,2001,3,2001.5,2001-Q3,2001q3,0.011014567384936,-4.508536574584364
PRT,Portugal,PRT,2001,4,2001.75,2001-Q4,2001q4,0.0111152881341457,-4.49943380890191
PRT,Portugal,PRT,2002,1,2002.0,2002-Q1,2002q1,0.0111564461103316,-4.495737821639606
PRT,Portugal,PRT,2002,2,2002.25,2002-Q2,2002q2,0.0110578603153834,-4.5046137631426175
PRT,Portugal,PRT,2002,3,2002.5,2002-Q3,2002q3,0.0110084199390387,-4.509094849986927
PRT,Portugal,PRT,2002,4,2002.75,2002-Q4,2002q4,0.0110700332863762,-4.503513525366727
PRT,Portugal,PRT,2003,1,2003.0,2003-Q1,2003q1,0.0110790889577117,-4.50269582507682
PRT,Portugal,PRT,2003,2,2003.25,2003-Q2,2003q2,0.0109940425592148,-4.510401738420108
PRT,Portugal,PRT,2003,3,2003.5,2003-Q3,2003q3,0.0110907978362614,-4.501639538254323
PRT,Portugal,PRT,2003,4,2003.75,2003-Q4,2003q4,0.0111514422927071,-4.4961864358354475
PRT,Portugal,PRT,2004,1,2004.0,2004-Q1,2004q1,0.0112886428567058,-4.4839581156009185
PRT,Portugal,PRT,2004,2,2004.25,2004-Q2,2004q2,0.0113726563157169,-4.476543373552638
PRT,Portugal,PRT,2004,3,2004.5,2004-Q3,2004q3,0.0114007807281995,-4.474073440996892
PRT,Portugal,PRT,2004,4,2004.75,2004-Q4,2004q4,0.0113250513545822,-4.480738073002376
PRT,Portugal,PRT,2005,1,2005.0,2005-Q1,2005q1,0.0114777410904128,-4.4673456765801065
PRT,Portugal,PRT,2005,2,2005.25,2005-Q2,2005q2,0.0114810184862364,-4.467060173712678
PRT,Portugal,PRT,2005,3,2005.5,2005-Q3,2005q3,0.011454893839936,-4.469338230693957
PRT,Portugal,PRT,2005,4,2005.75,2005-Q4,2005q4,0.011453331373121,-4.469474641681966
PRT,Portugal,PRT,2006,1,2006.0,2006-Q1,2006q1,0.011524510390394,-4.463279173397142
PRT,Portugal,PRT,2006,2,2006.25,2006-Q2,2006q2,0.0115623992886891,-4.459996886348956
PRT,Portugal,PRT,2006,3,2006.5,2006-Q3,2006q3,0.0115460558486263,-4.461411385301023
PRT,Portugal,PRT,2006,4,2006.75,2006-Q4,2006q4,0.0116937080402005,-4.448704356172748
PRT,Portugal,PRT,2007,1,2007.0,2007-Q1,2007q1,0.0118199925480779,-4.4379628974546455
PRT,Portugal,PRT,2007,2,2007.25,2007-Q2,2007q2,0.0118416381238962,-4.436133304037655
PRT,Portugal,PRT,2007,3,2007.5,2007-Q3,2007q3,0.0117888661438465,-4.4405997400629715
PRT,Portugal,PRT,2007,4,2007.75,2007-Q4,2007q4,0.0119138572609091,-4.430053080633956
PRT,Portugal,PRT,2008,1,2008.0,2008-Q1,2008q1,0.0119019912213535,-4.431049563337172
PRT,Portugal,PRT,2008,2,2008.25,2008-Q2,2008q2,0.0117909548638734,-4.440422578410075
PRT,Portugal,PRT,2008,3,2008.5,2008-Q3,2008q3,0.0118746705806597,-4.4333476700222345
PRT,Portugal,PRT,2008,4,2008.75,2008-Q4,2008q4,0.0117197453303425,-4.44648022456232
PRT,Portugal,PRT,2009,1,2009.0,2009-Q1,2009q1,0.011593101887237,-4.457345022646475
PRT,Portugal,PRT,2009,2,2009.25,2009-Q2,2009q2,0.0117054893887492,-4.447697368682684
PRT,Portugal,PRT,2009,3,2009.5,2009-Q3,2009q3,0.0119883905704262,-4.423816549942808
PRT,Portugal,PRT,2009,4,2009.75,2009-Q4,2009q4,0.0118918652200846,-4.431900707573092
PRT,Portugal,PRT,2010,1,2010.0,2010-Q1,2010q1,0.0120056325110373,-4.4223793633967805
PRT,Portugal,PRT,2010,2,2010.25,2010-Q2,2010q2,0.0121725264943992,-4.4085737933315
PRT,Portugal,PRT,2010,3,2010.5,2010-Q3,2010q3,0.0123295665016577,-4.395755120440349
PRT,Portugal,PRT,2010,4,2010.75,2010-Q4,2010q4,0.0121842087784531,-4.407614528075392
PRT,Portugal,PRT,2011,1,2011.0,2011-Q1,2011q1,0.0123537707650068,-4.393793937408609
PRT,Portugal,PRT,2011,2,2011.25,2011-Q2,2011q2,0.0123456014707518,-4.394455435561268
PRT,Portugal,PRT,2011,3,2011.5,2011-Q3,2011q3,0.0124260078451099,-4.387963595994472
PRT,Portugal,PRT,2011,4,2011.75,2011-Q4,2011q4,0.0124102307425434,-4.389234086663421
PRT,Portugal,PRT,2012,1,2012.0,2012-Q1,2012q1,0.0124433176638885,-4.386571533988798
PRT,Portugal,PRT,2012,2,2012.25,2012-Q2,2012q2,0.0123366943247566,-4.395177179312793
PRT,Portugal,PRT,2012,3,2012.5,2012-Q3,2012q3,0.012398880371502,-4.390149103068576
PRT,Portugal,PRT,2012,4,2012.75,2012-Q4,2012q4,0.0123416547488811,-4.394775173151319
PRT,Portugal,PRT,2013,1,2013.0,2013-Q1,2013q1,0.0125655896346415,-4.3767931823353985
PRT,Portugal,PRT,2013,2,2013.25,2013-Q2,2013q2,0.0126702009107112,-4.368502427575824
PRT,Portugal,PRT,2013,3,2013.5,2013-Q3,2013q3,0.0125877764691073,-4.375029057396548
PRT,Portugal,PRT,2013,4,2013.75,2013-Q4,2013q4,0.0125124181572693,-4.3810336752397685
PRT,Portugal,PRT,2014,1,2014.0,2014-Q1,2014q1,0.0124744215892091,-4.384075004013933
PRT,Portugal,PRT,2014,2,2014.25,2014-Q2,2014q2,0.0124661345252911,-4.3847395492778745
PRT,Portugal,PRT,2014,3,2014.5,2014-Q3,2014q3,0.0123916736549739,-4.3907305113520225
PRT,Portugal,PRT,2014,4,2014.75,2014-Q4,2014q4,0.0125109595538857,-4.381150254496341
PRT,Portugal,PRT,2015,1,2015.0,2015-Q1,2015q1,0.0125466571785442,-4.378301009159905
PRT,Portugal,PRT,2015,2,2015.25,2015-Q2,2015q2,0.012479685535333,-4.383653113847661
PRT,Portugal,PRT,2015,3,2015.5,2015-Q3,2015q3,0.0125473632982886,-4.378244731231446
PRT,Portugal,PRT,2015,4,2015.75,2015-Q4,2015q4,0.012442713595746,-4.386620080752749
PRT,Portugal,PRT,2016,1,2016.0,2016-Q1,2016q1,0.012573027008175,-4.376201473264357
PRT,Portugal,PRT,2016,2,2016.25,2016-Q2,2016q2,0.0125692421982485,-4.3765025447328085
PRT,Portugal,PRT,2016,3,2016.5,2016-Q3,2016q3,0.01257594873627,-4.375969119618003
PRT,Portugal,PRT,2016,4,2016.75,2016-Q4,2016q4,0.0126118812660154,-4.3731159517096865
PRT,Portugal,PRT,2017,1,2017.0,2017-Q1,2017q1,0.0126395080693491,-4.370927809584926
PRT,Portugal,PRT,2017,2,2017.25,2017-Q2,2017q2,0.0125617954261635,-4.377095180215214
PRT,Portugal,PRT,2017,3,2017.5,2017-Q3,2017q3,0.0125705276688476,-4.376400278832443
PRT,Portugal,PRT,2017,4,2017.75,2017-Q4,2017q4,0.0125608515612068,-4.377170320781223
PRT,Portugal,PRT,2018,1,2018.0,2018-Q1,2018q1,0.0125594187628341,-4.377284395857309
PRT,Portugal,PRT,2018,2,2018.25,2018-Q2,2018q2,0.0126382910482345,-4.371024101284206
PRT,Portugal,PRT,2018,3,2018.5,2018-Q3,2018q3,0.0126953123720307,-4.366522458217959
PRT,Portugal,PRT,2018,4,2018.75,2018-Q4,2018q4,0.0127229430655925,-4.3643483747516125
PRT,Portugal,PRT,2019,1,2019.0,2019-Q1,2019q1,0.0127660880347987,-4.360962996135804
PRT,Portugal,PRT,2019,2,2019.25,2019-Q2,2019q2,0.0128404290991781,-4.355156562339618
PRT,Portugal,PRT,2019,3,2019.5,2019-Q3,2019q3,0.0128711164574174,-4.352769512308483
PRT,Portugal,PRT,2019,4,2019.75,2019-Q4,2019q4,0.0130127788586211,-4.341823415213333
PRY,Paraguay,PRY,1994,1,1994.0,1994-Q1,1994q1,0.004035401211219,-5.512649549435305
PRY,Paraguay,PRY,1994,2,1994.25,1994-Q2,1994q2,0.0039428920567,-5.535840800393406
PRY,Paraguay,PRY,1994,3,1994.5,1994-Q3,1994q3,0.0041648996409752,-5.481063099457914
PRY,Paraguay,PRY,1994,4,1994.75,1994-Q4,1994q4,0.0042307158003853,-5.465384080290788
PRY,Paraguay,PRY,1995,1,1995.0,1995-Q1,1995q1,0.00381132512678,-5.569778348008266
PRY,Paraguay,PRY,1995,2,1995.25,1995-Q2,1995q2,0.0038630564836394,-5.5562965737017045
PRY,Paraguay,PRY,1995,3,1995.5,1995-Q3,1995q3,0.0037492266681462,-5.586205682094143
PRY,Paraguay,PRY,1995,4,1995.75,1995-Q4,1995q4,0.0036909519718328,-5.601870867256053
PRY,Paraguay,PRY,1996,1,1996.0,1996-Q1,1996q1,0.0033540851440498,-5.697576230080496
PRY,Paraguay,PRY,1996,2,1996.25,1996-Q2,1996q2,0.0033209569486468,-5.707502300041983
PRY,Paraguay,PRY,1996,3,1996.5,1996-Q3,1996q3,0.0032963562753224,-5.714937579535546
PRY,Paraguay,PRY,1996,4,1996.75,1996-Q4,1996q4,0.0032654632864128,-5.724353631553298
PRY,Paraguay,PRY,1997,1,1997.0,1997-Q1,1997q1,0.002944921918708,-5.827672975402224
PRY,Paraguay,PRY,1997,2,1997.25,1997-Q2,1997q2,0.0030010040448544,-5.808808364689294
PRY,Paraguay,PRY,1997,3,1997.5,1997-Q3,1997q3,0.0030860548505018,-5.780861751219279
PRY,Paraguay,PRY,1997,4,1997.75,1997-Q4,1997q4,0.0028680005344324,-5.8541401699015445
PRY,Paraguay,PRY,1998,1,1998.0,1998-Q1,1998q1,0.0026734159991573,-5.924398223871868
PRY,Paraguay,PRY,1998,2,1998.25,1998-Q2,1998q2,0.0025994961286015,-5.952437649427437
PRY,Paraguay,PRY,1998,3,1998.5,1998-Q3,1998q3,0.0025449319948501,-5.973651350417176
PRY,Paraguay,PRY,1998,4,1998.75,1998-Q4,1998q4,0.0024680650275415,-6.004320825011591
PRY,Paraguay,PRY,1999,1,1999.0,1999-Q1,1999q1,0.0024732897561768,-6.002206129422612
PRY,Paraguay,PRY,1999,2,1999.25,1999-Q2,1999q2,0.0024634928727774,-6.00617506911316
PRY,Paraguay,PRY,1999,3,1999.5,1999-Q3,1999q3,0.0025416877779891,-5.974926939097195
PRY,Paraguay,PRY,1999,4,1999.75,1999-Q4,1999q4,0.0025461032486098,-5.973191226405318
PRY,Paraguay,PRY,2000,1,2000.0,2000-Q1,2000q1,0.0023597272067296,-6.049209256994513
PRY,Paraguay,PRY,2000,2,2000.25,2000-Q2,2000q2,0.0023955832953075,-6.034128530670786
PRY,Paraguay,PRY,2000,3,2000.5,2000-Q3,2000q3,0.0022611814288733,-6.091867846148705
PRY,Paraguay,PRY,2000,4,2000.75,2000-Q4,2000q4,0.0023566668759667,-6.050506998929874
PRY,Paraguay,PRY,2001,1,2001.0,2001-Q1,2001q1,0.002288861172723,-6.07970088960065
PRY,Paraguay,PRY,2001,2,2001.25,2001-Q2,2001q2,0.0022266477733834,-6.107258065145145
PRY,Paraguay,PRY,2001,3,2001.5,2001-Q3,2001q3,0.0022039390003378,-6.11750906487221
PRY,Paraguay,PRY,2001,4,2001.75,2001-Q4,2001q4,0.0021770672748306,-6.1297765946667315
PRY,Paraguay,PRY,2002,1,2002.0,2002-Q1,2002q1,0.0023175862990534,-6.067229023222586
PRY,Paraguay,PRY,2002,2,2002.25,2002-Q2,2002q2,0.0022477344362433,-6.097832487272713
PRY,Paraguay,PRY,2002,3,2002.5,2002-Q3,2002q3,0.0021757531379283,-6.130380404067356
PRY,Paraguay,PRY,2002,4,2002.75,2002-Q4,2002q4,0.0021526090259114,-6.141074672115179
PRY,Paraguay,PRY,2003,1,2003.0,2003-Q1,2003q1,0.0021752283459416,-6.130621633312385
PRY,Paraguay,PRY,2003,2,2003.25,2003-Q2,2003q2,0.0021871690818099,-6.12514722806291
PRY,Paraguay,PRY,2003,3,2003.5,2003-Q3,2003q3,0.0022336435943421,-6.104121128062464
PRY,Paraguay,PRY,2003,4,2003.75,2003-Q4,2003q4,0.0022251704881013,-6.107921742433639
PRY,Paraguay,PRY,2004,1,2004.0,2004-Q1,2004q1,0.0020913638688668,-6.169938857000084
PRY,Paraguay,PRY,2004,2,2004.25,2004-Q2,2004q2,0.0021511596387502,-6.14174821538803
PRY,Paraguay,PRY,2004,3,2004.5,2004-Q3,2004q3,0.0021139263257868,-6.15920824276258
PRY,Paraguay,PRY,2004,4,2004.75,2004-Q4,2004q4,0.0021134540220433,-6.159431692609343
PRY,Paraguay,PRY,2005,1,2005.0,2005-Q1,2005q1,0.0020624419706844,-6.183864575576992
PRY,Paraguay,PRY,2005,2,2005.25,2005-Q2,2005q2,0.0020944611277687,-6.168458976943154
PRY,Paraguay,PRY,2005,3,2005.5,2005-Q3,2005q3,0.0020582763229992,-6.185886382848108
PRY,Paraguay,PRY,2005,4,2005.75,2005-Q4,2005q4,0.0021630477217723,-6.136237069484229
PRY,Paraguay,PRY,2006,1,2006.0,2006-Q1,2006q1,0.002255365873363,-6.094443069360194
PRY,Paraguay,PRY,2006,2,2006.25,2006-Q2,2006q2,0.0022172667568509,-6.111480032243475
PRY,Paraguay,PRY,2006,3,2006.5,2006-Q3,2006q3,0.0022598748045799,-6.092445863435953
PRY,Paraguay,PRY,2006,4,2006.75,2006-Q4,2006q4,0.0022523908459609,-6.095763028718823
PRY,Paraguay,PRY,2007,1,2007.0,2007-Q1,2007q1,0.0022294807700525,-6.105986559162691
PRY,Paraguay,PRY,2007,2,2007.25,2007-Q2,2007q2,0.002187032625472,-6.125209619487483
PRY,Paraguay,PRY,2007,3,2007.5,2007-Q3,2007q3,0.0022630833557057,-6.091027078848382
PRY,Paraguay,PRY,2007,4,2007.75,2007-Q4,2007q4,0.0022532803935551,-6.095368171855785
PRY,Paraguay,PRY,2008,1,2008.0,2008-Q1,2008q1,0.0023232899883724,-6.064770999419537
PRY,Paraguay,PRY,2008,2,2008.25,2008-Q2,2008q2,0.002367660336887,-6.04585301106332
PRY,Paraguay,PRY,2008,3,2008.5,2008-Q3,2008q3,0.0023471834447194,-6.054539203804504
PRY,Paraguay,PRY,2008,4,2008.75,2008-Q4,2008q4,0.002332509113909,-6.060810717893925
PRY,Paraguay,PRY,2009,1,2009.0,2009-Q1,2009q1,0.0020803065375978,-6.1752400222822725
PRY,Paraguay,PRY,2009,2,2009.25,2009-Q2,2009q2,0.0020989173308546,-6.166333623933735
PRY,Paraguay,PRY,2009,3,2009.5,2009-Q3,2009q3,0.002174711767853,-6.130859143750467
PRY,Paraguay,PRY,2009,4,2009.75,2009-Q4,2009q4,0.0022256872562779,-6.107689531831278
PRY,Paraguay,PRY,2010,1,2010.0,2010-Q1,2010q1,0.0023589869806488,-6.0495229975846305
PRY,Paraguay,PRY,2010,2,2010.25,2010-Q2,2010q2,0.0023896990310646,-6.0365878493932215
PRY,Paraguay,PRY,2010,3,2010.5,2010-Q3,2010q3,0.0024011686546264,-6.0317997207171015
PRY,Paraguay,PRY,2010,4,2010.75,2010-Q4,2010q4,0.0024439255605623,-6.014149696171709
PRY,Paraguay,PRY,2011,1,2011.0,2011-Q1,2011q1,0.0023952861769112,-6.034252565941797
PRY,Paraguay,PRY,2011,2,2011.25,2011-Q2,2011q2,0.0023840857289038,-6.038939570314929
PRY,Paraguay,PRY,2011,3,2011.5,2011-Q3,2011q3,0.0023524956981659,-6.05227851512877
PRY,Paraguay,PRY,2011,4,2011.75,2011-Q4,2011q4,0.0023884858601256,-6.037095645132689
PRY,Paraguay,PRY,2012,1,2012.0,2012-Q1,2012q1,0.0021787574760141,-6.129000529804157
PRY,Paraguay,PRY,2012,2,2012.25,2012-Q2,2012q2,0.0022032657041269,-6.117814608299978
PRY,Paraguay,PRY,2012,3,2012.5,2012-Q3,2012q3,0.002277444017595,-6.084701509771128
PRY,Paraguay,PRY,2012,4,2012.75,2012-Q4,2012q4,0.0021944928013724,-6.121804329145581
PRY,Paraguay,PRY,2013,1,2013.0,2013-Q1,2013q1,0.0023520651548918,-6.052461547419669
PRY,Paraguay,PRY,2013,2,2013.25,2013-Q2,2013q2,0.0023684980835122,-6.045499244757561
PRY,Paraguay,PRY,2013,3,2013.5,2013-Q3,2013q3,0.0023630476507186,-6.047803115632144
PRY,Paraguay,PRY,2013,4,2013.75,2013-Q4,2013q4,0.0023717952111544,-6.0441081375121
PRY,Paraguay,PRY,2014,1,2014.0,2014-Q1,2014q1,0.0024759850285721,-6.001116970796768
PRY,Paraguay,PRY,2014,2,2014.25,2014-Q2,2014q2,0.0024742027717304,-6.001837047282997
PRY,Paraguay,PRY,2014,3,2014.5,2014-Q3,2014q3,0.0025036255249495,-5.990015387667129
PRY,Paraguay,PRY,2014,4,2014.75,2014-Q4,2014q4,0.0025479213107655,-5.972477424494196
PRY,Paraguay,PRY,2015,1,2015.0,2015-Q1,2015q1,0.0025240811596516,-5.981878179649138
PRY,Paraguay,PRY,2015,2,2015.25,2015-Q2,2015q2,0.0024935449008695,-5.994049925973791
PRY,Paraguay,PRY,2015,3,2015.5,2015-Q3,2015q3,0.0025214604716401,-5.98291699309621
PRY,Paraguay,PRY,2015,4,2015.75,2015-Q4,2015q4,0.0025213181121077,-5.982973453846994
PRY,Paraguay,PRY,2016,1,2016.0,2016-Q1,2016q1,0.0026445159509355,-5.935267235736782
PRY,Paraguay,PRY,2016,2,2016.25,2016-Q2,2016q2,0.0027640106443566,-5.891072522014447
PRY,Paraguay,PRY,2016,3,2016.5,2016-Q3,2016q3,0.0027621925542147,-5.8917305109237095
PRY,Paraguay,PRY,2016,4,2016.75,2016-Q4,2016q4,0.0027562440614057,-5.893886373363475
PRY,Paraguay,PRY,2017,1,2017.0,2017-Q1,2017q1,0.0032131961399684,-5.740489154969832
PRY,Paraguay,PRY,2017,2,2017.25,2017-Q2,2017q2,0.0031616132458497,-5.756672860816232
PRY,Paraguay,PRY,2017,3,2017.5,2017-Q3,2017q3,0.0031819714227578,-5.750254330012653
PRY,Paraguay,PRY,2017,4,2017.75,2017-Q4,2017q4,0.0032422253023689,-5.731495363213198
PRY,Paraguay,PRY,2018,1,2018.0,2018-Q1,2018q1,0.0032632978541023,-5.725016983249984
PRY,Paraguay,PRY,2018,2,2018.25,2018-Q2,2018q2,0.003249233869582,-5.7293360428660565
PRY,Paraguay,PRY,2018,3,2018.5,2018-Q3,2018q3,0.0031660245981736,-5.755278548073524
PRY,Paraguay,PRY,2018,4,2018.75,2018-Q4,2018q4,0.0031517204408184,-5.759806803553685
PRY,Paraguay,PRY,2019,1,2019.0,2019-Q1,2019q1,0.0030422411841792,-5.795160803547866
PRY,Paraguay,PRY,2019,2,2019.25,2019-Q2,2019q2,0.0031673079387554,-5.754873282570132
PRY,Paraguay,PRY,2019,3,2019.5,2019-Q3,2019q3,0.0032211334834412,-5.7380219678769775
PRY,Paraguay,PRY,2019,4,2019.75,2019-Q4,2019q4,0.0031606219665914,-5.756986445880094
ROM,Romania,ROM,1995,1,1995.0,1995-Q1,1995q1,0.0026885513302726,-5.9187527693646835
ROM,Romania,ROM,1995,2,1995.25,1995-Q2,1995q2,0.0025965715381856,-5.953563343283745
ROM,Romania,ROM,1995,3,1995.5,1995-Q3,1995q3,0.0025515150651503,-5.971067953048794
ROM,Romania,ROM,1995,4,1995.75,1995-Q4,1995q4,0.0024011407059692,-6.0318113603908925
ROM,Romania,ROM,1996,1,1996.0,1996-Q1,1996q1,0.0027966699492358,-5.879325873428388
ROM,Romania,ROM,1996,2,1996.25,1996-Q2,1996q2,0.0027455964954198,-5.897756925106542
ROM,Romania,ROM,1996,3,1996.5,1996-Q3,1996q3,0.0026629896819045,-5.928305846771254
ROM,Romania,ROM,1996,4,1996.75,1996-Q4,1996q4,0.0026154299408643,-5.946326781647214
ROM,Romania,ROM,1997,1,1997.0,1997-Q1,1997q1,0.0026045605484507,-5.950491313419878
ROM,Romania,ROM,1997,2,1997.25,1997-Q2,1997q2,0.0025138082174405,-5.985956457547183
ROM,Romania,ROM,1997,3,1997.5,1997-Q3,1997q3,0.002501388680594,-5.990909229087979
ROM,Romania,ROM,1997,4,1997.75,1997-Q4,1997q4,0.002433642709718,-6.018366086597631
ROM,Romania,ROM,1998,1,1998.0,1998-Q1,1998q1,0.0023546030731903,-6.051383112135308
ROM,Romania,ROM,1998,2,1998.25,1998-Q2,1998q2,0.0024360361421211,-6.017383092577431
ROM,Romania,ROM,1998,3,1998.5,1998-Q3,1998q3,0.0025576952389034,-5.968648723305048
ROM,Romania,ROM,1998,4,1998.75,1998-Q4,1998q4,0.0025897916892955,-5.9561778353487
ROM,Romania,ROM,1999,1,1999.0,1999-Q1,1999q1,0.0027043122785217,-5.912907639850629
ROM,Romania,ROM,1999,2,1999.25,1999-Q2,1999q2,0.0025376963512476,-5.976498557805884
ROM,Romania,ROM,1999,3,1999.5,1999-Q3,1999q3,0.0025300932353425,-5.979499125007692
ROM,Romania,ROM,1999,4,1999.75,1999-Q4,1999q4,0.0025504217978289,-5.971496522577385
ROM,Romania,ROM,2000,1,2000.0,2000-Q1,2000q1,0.0026369782359797,-5.938121624970909
ROM,Romania,ROM,2000,2,2000.25,2000-Q2,2000q2,0.0027223856936458,-5.906246689843619
ROM,Romania,ROM,2000,3,2000.5,2000-Q3,2000q3,0.0025801106122551,-5.959923008000537
ROM,Romania,ROM,2000,4,2000.75,2000-Q4,2000q4,0.0026234539058348,-5.9432635447136795
ROM,Romania,ROM,2001,1,2001.0,2001-Q1,2001q1,0.0027558494069128,-5.894029569227567
ROM,Romania,ROM,2001,2,2001.25,2001-Q2,2001q2,0.0027266628762163,-5.904676807177278
ROM,Romania,ROM,2001,3,2001.5,2001-Q3,2001q3,0.0027881514577796,-5.882376462674324
ROM,Romania,ROM,2001,4,2001.75,2001-Q4,2001q4,0.0028913843415844,-5.84601988061805
ROM,Romania,ROM,2002,1,2002.0,2002-Q1,2002q1,0.0032268706846849,-5.736242439635953
ROM,Romania,ROM,2002,2,2002.25,2002-Q2,2002q2,0.0032945214477831,-5.715494357453081
ROM,Romania,ROM,2002,3,2002.5,2002-Q3,2002q3,0.0032471299007529,-5.729983780270255
ROM,Romania,ROM,2002,4,2002.75,2002-Q4,2002q4,0.0032679478593316,-5.723593057028553
ROM,Romania,ROM,2003,1,2003.0,2003-Q1,2003q1,0.0034474241521968,-5.67012794935195
ROM,Romania,ROM,2003,2,2003.25,2003-Q2,2003q2,0.0035130988731439,-5.651256761163139
ROM,Romania,ROM,2003,3,2003.5,2003-Q3,2003q3,0.0035196283462876,-5.649399878387478
ROM,Romania,ROM,2003,4,2003.75,2003-Q4,2003q4,0.0034918189019722,-5.657332503182304
ROM,Romania,ROM,2004,1,2004.0,2004-Q1,2004q1,0.0037057042694511,-5.597881952076564
ROM,Romania,ROM,2004,2,2004.25,2004-Q2,2004q2,0.0038006788041433,-5.572575595533423
ROM,Romania,ROM,2004,3,2004.5,2004-Q3,2004q3,0.0040072370147376,-5.5196532989058325
ROM,Romania,ROM,2004,4,2004.75,2004-Q4,2004q4,0.0040006732293293,-5.521292624692012
ROM,Romania,ROM,2005,1,2005.0,2005-Q1,2005q1,0.0039317919083667,-5.538660000690062
ROM,Romania,ROM,2005,2,2005.25,2005-Q2,2005q2,0.0040035142023817,-5.520582752966508
ROM,Romania,ROM,2005,3,2005.5,2005-Q3,2005q3,0.0041588420704796,-5.482518591897487
ROM,Romania,ROM,2005,4,2005.75,2005-Q4,2005q4,0.0041257565235134,-5.490505876371539
ROM,Romania,ROM,2006,1,2006.0,2006-Q1,2006q1,0.0042079165803016,-5.470787627816041
ROM,Romania,ROM,2006,2,2006.25,2006-Q2,2006q2,0.0042595196420799,-5.458598885133894
ROM,Romania,ROM,2006,3,2006.5,2006-Q3,2006q3,0.0043491573573619,-5.437773163597221
ROM,Romania,ROM,2006,4,2006.75,2006-Q4,2006q4,0.0043807159177332,-5.430543116413269
ROM,Romania,ROM,2007,1,2007.0,2007-Q1,2007q1,0.0044592552344359,-5.41277351468882
ROM,Romania,ROM,2007,2,2007.25,2007-Q2,2007q2,0.0045486552042494,-5.392923649211223
ROM,Romania,ROM,2007,3,2007.5,2007-Q3,2007q3,0.0045605899074689,-5.390303298149855
ROM,Romania,ROM,2007,4,2007.75,2007-Q4,2007q4,0.0047522012195401,-5.349147353638969
ROM,Romania,ROM,2008,1,2008.0,2008-Q1,2008q1,0.0047939482129076,-5.340400945508976
ROM,Romania,ROM,2008,2,2008.25,2008-Q2,2008q2,0.0049832797600371,-5.301667018365566
ROM,Romania,ROM,2008,3,2008.5,2008-Q3,2008q3,0.0051139912902512,-5.275775105233247
ROM,Romania,ROM,2008,4,2008.75,2008-Q4,2008q4,0.0051016895639938,-5.2781835070576895
ROM,Romania,ROM,2009,1,2009.0,2009-Q1,2009q1,0.0046597478632592,-5.368793938905135
ROM,Romania,ROM,2009,2,2009.25,2009-Q2,2009q2,0.0046992601483133,-5.360350197909694
ROM,Romania,ROM,2009,3,2009.5,2009-Q3,2009q3,0.0048418653876033,-5.330455221843369
ROM,Romania,ROM,2009,4,2009.75,2009-Q4,2009q4,0.0049471515419836,-5.308943314098088
ROM,Romania,ROM,2010,1,2010.0,2010-Q1,2010q1,0.0049569546245509,-5.306963713798205
ROM,Romania,ROM,2010,2,2010.25,2010-Q2,2010q2,0.0048743003468574,-5.323778703425459
ROM,Romania,ROM,2010,3,2010.5,2010-Q3,2010q3,0.0047340536489943,-5.3529734352561436
ROM,Romania,ROM,2010,4,2010.75,2010-Q4,2010q4,0.0049601367519297,-5.306321967671804
ROM,Romania,ROM,2011,1,2011.0,2011-Q1,2011q1,0.0050809678555168,-5.282253512799371
ROM,Romania,ROM,2011,2,2011.25,2011-Q2,2011q2,0.0052554129422239,-5.248496696917718
ROM,Romania,ROM,2011,3,2011.5,2011-Q3,2011q3,0.005390758899097,-5.223069106366162
ROM,Romania,ROM,2011,4,2011.75,2011-Q4,2011q4,0.0051130939013857,-5.275950597829816
ROM,Romania,ROM,2012,1,2012.0,2012-Q1,2012q1,0.0053545507653745,-5.229808469287813
ROM,Romania,ROM,2012,2,2012.25,2012-Q2,2012q2,0.0053379864905069,-5.232906758818499
ROM,Romania,ROM,2012,3,2012.5,2012-Q3,2012q3,0.0052078000658276,-5.257597764630826
ROM,Romania,ROM,2012,4,2012.75,2012-Q4,2012q4,0.0051506336587641,-5.2686355313386395
ROM,Romania,ROM,2013,1,2013.0,2013-Q1,2013q1,0.0052002874574241,-5.259041374648788
ROM,Romania,ROM,2013,2,2013.25,2013-Q2,2013q2,0.0052910681518312,-5.24173513443412
ROM,Romania,ROM,2013,3,2013.5,2013-Q3,2013q3,0.0053568200099963,-5.229384761677772
ROM,Romania,ROM,2013,4,2013.75,2013-Q4,2013q4,0.0053965885293502,-5.22198827887648
ROM,Romania,ROM,2014,1,2014.0,2014-Q1,2014q1,0.005414875350484,-5.218605418095332
ROM,Romania,ROM,2014,2,2014.25,2014-Q2,2014q2,0.0054542633756014,-5.211357705368723
ROM,Romania,ROM,2014,3,2014.5,2014-Q3,2014q3,0.0055328739796004,-5.197047891468613
ROM,Romania,ROM,2014,4,2014.75,2014-Q4,2014q4,0.0055499503184322,-5.193966302897698
ROM,Romania,ROM,2015,1,2015.0,2015-Q1,2015q1,0.0057195279746673,-5.163868998906862
ROM,Romania,ROM,2015,2,2015.25,2015-Q2,2015q2,0.0057120800321058,-5.165172042820005
ROM,Romania,ROM,2015,3,2015.5,2015-Q3,2015q3,0.0057105109053872,-5.165446783767495
ROM,Romania,ROM,2015,4,2015.75,2015-Q4,2015q4,0.0057080914938888,-5.165870550433502
ROM,Romania,ROM,2016,1,2016.0,2016-Q1,2016q1,0.0059120712484967,-5.130759043904001
ROM,Romania,ROM,2016,2,2016.25,2016-Q2,2016q2,0.0059382026251612,-5.1263487797533775
ROM,Romania,ROM,2016,3,2016.5,2016-Q3,2016q3,0.0059486215833837,-5.124595752921666
ROM,Romania,ROM,2016,4,2016.75,2016-Q4,2016q4,0.0059394585799575,-5.126137297917132
ROM,Romania,ROM,2017,1,2017.0,2017-Q1,2017q1,0.0061742054614254,-5.0873750749613285
ROM,Romania,ROM,2017,2,2017.25,2017-Q2,2017q2,0.0061343966621654,-5.09384354923063
ROM,Romania,ROM,2017,3,2017.5,2017-Q3,2017q3,0.0063454037169444,-5.060024552267925
ROM,Romania,ROM,2017,4,2017.75,2017-Q4,2017q4,0.0063793458839518,-5.054689712907955
ROM,Romania,ROM,2018,1,2018.0,2018-Q1,2018q1,0.0064246809866,-5.0476083013246
ROM,Romania,ROM,2018,2,2018.25,2018-Q2,2018q2,0.0065306246883442,-5.031252675898101
ROM,Romania,ROM,2018,3,2018.5,2018-Q3,2018q3,0.006686163367202,-5.007715057061682
ROM,Romania,ROM,2018,4,2018.75,2018-Q4,2018q4,0.0066837382753651,-5.008077825902968
ROM,Romania,ROM,2019,1,2019.0,2019-Q1,2019q1,0.0066968581146585,-5.00611680068175
ROM,Romania,ROM,2019,2,2019.25,2019-Q2,2019q2,0.0068377759914848,-4.985292747663312
ROM,Romania,ROM,2019,3,2019.5,2019-Q3,2019q3,0.0068853324814236,-4.978361857274144
ROM,Romania,ROM,2019,4,2019.75,2019-Q4,2019q4,0.0069741671831417,-4.96554235866991
SEN,Senegal,SEN,2014,1,2014.0,2014-Q1,2014q1,0.0012228214714769,-6.706594408830494
SEN,Senegal,SEN,2014,2,2014.25,2014-Q2,2014q2,0.0012815946129104,-6.659650185068502
SEN,Senegal,SEN,2014,3,2014.5,2014-Q3,2014q3,0.0013241749688973,-6.626965678463471
SEN,Senegal,SEN,2014,4,2014.75,2014-Q4,2014q4,0.0013455726811697,-6.610935571292872
SEN,Senegal,SEN,2015,1,2015.0,2015-Q1,2015q1,0.0014120711109675,-6.562697779304203
SEN,Senegal,SEN,2015,2,2015.25,2015-Q2,2015q2,0.0014277963916388,-6.551623008116644
SEN,Senegal,SEN,2015,3,2015.5,2015-Q3,2015q3,0.0014531682318581,-6.534009118674992
SEN,Senegal,SEN,2015,4,2015.75,2015-Q4,2015q4,0.0014497160755592,-6.5363875516820995
SEN,Senegal,SEN,2016,1,2016.0,2016-Q1,2016q1,0.0013483464908243,-6.6088762588504695
SEN,Senegal,SEN,2016,2,2016.25,2016-Q2,2016q2,0.0014447532131187,-6.539816758772528
SEN,Senegal,SEN,2016,3,2016.5,2016-Q3,2016q3,0.0013439526574744,-6.61214026259505
SEN,Senegal,SEN,2016,4,2016.75,2016-Q4,2016q4,0.0014881397748626,-6.510228412263337
SEN,Senegal,SEN,2017,1,2017.0,2017-Q1,2017q1,0.0014912425021202,-6.508145612480832
SEN,Senegal,SEN,2017,2,2017.25,2017-Q2,2017q2,0.001788595823323,-6.326324423220412
SEN,Senegal,SEN,2017,3,2017.5,2017-Q3,2017q3,0.0014167315698733,-6.55940277173514
SEN,Senegal,SEN,2017,4,2017.75,2017-Q4,2017q4,0.001479263900182,-6.516210679674875
SEN,Senegal,SEN,2018,1,2018.0,2018-Q1,2018q1,0.0014262322770428,-6.552719083127912
SEN,Senegal,SEN,2018,2,2018.25,2018-Q2,2018q2,0.0014204740432797,-6.55676462978334
SEN,Senegal,SEN,2018,3,2018.5,2018-Q3,2018q3,0.0014955190570931,-6.505281937017856
SEN,Senegal,SEN,2018,4,2018.75,2018-Q4,2018q4,0.0014541203177736,-6.5333541537939475
SEN,Senegal,SEN,2019,1,2019.0,2019-Q1,2019q1,0.0013781392032216,-6.587021093189628
SEN,Senegal,SEN,2019,2,2019.25,2019-Q2,2019q2,0.0013454076532569,-6.611058223926855
SEN,Senegal,SEN,2019,3,2019.5,2019-Q3,2019q3,0.0013336207535515,-6.619857664597562
SEN,Senegal,SEN,2019,4,2019.75,2019-Q4,2019q4,0.0013491884820904,-6.608251991656977
SGP,Singapore,SGP,1990,1,1990.0,1990-Q1,1990q1,0.0133243160018333,-4.318164642192726
SGP,Singapore,SGP,1990,2,1990.25,1990-Q2,1990q2,0.0133062823008022,-4.319519001834425
SGP,Singapore,SGP,1990,3,1990.5,1990-Q3,1990q3,0.0133020485280425,-4.31983723095016
SGP,Singapore,SGP,1990,4,1990.75,1990-Q4,1990q4,0.0133761314145857,-4.314283398033021
SGP,Singapore,SGP,1991,1,1991.0,1991-Q1,1991q1,0.0135552248318236,-4.300983209535085
SGP,Singapore,SGP,1991,2,1991.25,1991-Q2,1991q2,0.013597362853802,-4.297879412851357
SGP,Singapore,SGP,1991,3,1991.5,1991-Q3,1991q3,0.0136764620073271,-4.2920790254323835
SGP,Singapore,SGP,1991,4,1991.75,1991-Q4,1991q4,0.0136510448597513,-4.293939213778775
SGP,Singapore,SGP,1992,1,1992.0,1992-Q1,1992q1,0.0140627190311674,-4.264228023589114
SGP,Singapore,SGP,1992,2,1992.25,1992-Q2,1992q2,0.0140839181716111,-4.262721687730982
SGP,Singapore,SGP,1992,3,1992.5,1992-Q3,1992q3,0.0143184056811484,-4.246209458763187
SGP,Singapore,SGP,1992,4,1992.75,1992-Q4,1992q4,0.0145623817037494,-4.229313671036893
SGP,Singapore,SGP,1993,1,1993.0,1993-Q1,1993q1,0.0151992450030836,-4.186509523213307
SGP,Singapore,SGP,1993,2,1993.25,1993-Q2,1993q2,0.0156959865911869,-4.154350230441675
SGP,Singapore,SGP,1993,3,1993.5,1993-Q3,1993q3,0.0158165746797236,-4.146696858434809
SGP,Singapore,SGP,1993,4,1993.75,1993-Q4,1993q4,0.0162885203024074,-4.11729469521414
SGP,Singapore,SGP,1994,1,1994.0,1994-Q1,1994q1,0.0168517909294394,-4.083298341218174
SGP,Singapore,SGP,1994,2,1994.25,1994-Q2,1994q2,0.0168831150041298,-4.08144126868005
SGP,Singapore,SGP,1994,3,1994.5,1994-Q3,1994q3,0.0172428508653136,-4.0603576640003505
SGP,Singapore,SGP,1994,4,1994.75,1994-Q4,1994q4,0.0173406590108147,-4.054701303114626
SGP,Singapore,SGP,1995,1,1995.0,1995-Q1,1995q1,0.0181918848287163,-4.00677967286931
SGP,Singapore,SGP,1995,2,1995.25,1995-Q2,1995q2,0.0185645430183636,-3.9865018068802063
SGP,Singapore,SGP,1995,3,1995.5,1995-Q3,1995q3,0.0191228346439734,-3.956872126909694
SGP,Singapore,SGP,1995,4,1995.75,1995-Q4,1995q4,0.0191424584186756,-3.9558464571786183
SGP,Singapore,SGP,1996,1,1996.0,1996-Q1,1996q1,0.0191721276089472,-3.9542977417008944
SGP,Singapore,SGP,1996,2,1996.25,1996-Q2,1996q2,0.0189802702031225,-3.9643552496992394
SGP,Singapore,SGP,1996,3,1996.5,1996-Q3,1996q3,0.0188152716302725,-3.973086418141001
SGP,Singapore,SGP,1996,4,1996.75,1996-Q4,1996q4,0.0191623059372444,-3.9548101620503893
SGP,Singapore,SGP,1997,1,1997.0,1997-Q1,1997q1,0.0197747082252729,-3.9233515201643057
SGP,Singapore,SGP,1997,2,1997.25,1997-Q2,1997q2,0.0202554117130192,-3.8993332760458284
SGP,Singapore,SGP,1997,3,1997.5,1997-Q3,1997q3,0.0204098172849148,-3.891739254433929
SGP,Singapore,SGP,1997,4,1997.75,1997-Q4,1997q4,0.020082513912926,-3.907905797127999
SGP,Singapore,SGP,1998,1,1998.0,1998-Q1,1998q1,0.0201236796728117,-3.9058580641496143
SGP,Singapore,SGP,1998,2,1998.25,1998-Q2,1998q2,0.0198109091580752,-3.9215225254290003
SGP,Singapore,SGP,1998,3,1998.5,1998-Q3,1998q3,0.019491748824783,-3.937764040150854
SGP,Singapore,SGP,1998,4,1998.75,1998-Q4,1998q4,0.0196886655864405,-3.9277121597581672
SGP,Singapore,SGP,1999,1,1999.0,1999-Q1,1999q1,0.0201792300134042,-3.903101420711082
SGP,Singapore,SGP,1999,2,1999.25,1999-Q2,1999q2,0.0205261914612643,-3.886053576058558
SGP,Singapore,SGP,1999,3,1999.5,1999-Q3,1999q3,0.0207594853030362,-3.874752013716447
SGP,Singapore,SGP,1999,4,1999.75,1999-Q4,1999q4,0.0207796921077702,-3.8737791101787558
SGP,Singapore,SGP,2000,1,2000.0,2000-Q1,2000q1,0.0224851779643508,-3.7948989439875507
SGP,Singapore,SGP,2000,2,2000.25,2000-Q2,2000q2,0.0227414393972199,-3.7835664946322045
SGP,Singapore,SGP,2000,3,2000.5,2000-Q3,2000q3,0.0233126096493836,-3.75876087813035
SGP,Singapore,SGP,2000,4,2000.75,2000-Q4,2000q4,0.0232940664073194,-3.759556611472075
SGP,Singapore,SGP,2001,1,2001.0,2001-Q1,2001q1,0.0221428174254044,-3.8102421048112265
SGP,Singapore,SGP,2001,2,2001.25,2001-Q2,2001q2,0.021416467937067,-3.8435951231210668
SGP,Singapore,SGP,2001,3,2001.5,2001-Q3,2001q3,0.0208017817249271,-3.872716636091196
SGP,Singapore,SGP,2001,4,2001.75,2001-Q4,2001q4,0.0207929879443193,-3.873139467173505
SGP,Singapore,SGP,2002,1,2002.0,2002-Q1,2002q1,0.0219870515865891,-3.817301563141698
SGP,Singapore,SGP,2002,2,2002.25,2002-Q2,2002q2,0.0224654581334031,-3.795776343460603
SGP,Singapore,SGP,2002,3,2002.5,2002-Q3,2002q3,0.0223294981830907,-3.8018466861505806
SGP,Singapore,SGP,2002,4,2002.75,2002-Q4,2002q4,0.0221500028171805,-3.809917655304522
SGP,Singapore,SGP,2003,1,2003.0,2003-Q1,2003q1,0.0224358598036008,-3.7970947160807973
SGP,Singapore,SGP,2003,2,2003.25,2003-Q2,2003q2,0.0219844585836055,-3.8174195032796
SGP,Singapore,SGP,2003,3,2003.5,2003-Q3,2003q3,0.0230812183030404,-3.76873605264177
SGP,Singapore,SGP,2003,4,2003.75,2003-Q4,2003q4,0.0235919827551807,-3.7468483384298943
SGP,Singapore,SGP,2004,1,2004.0,2004-Q1,2004q1,0.024359033255691,-3.7148525226549105
SGP,Singapore,SGP,2004,2,2004.25,2004-Q2,2004q2,0.0245775194842196,-3.7059230959569707
SGP,Singapore,SGP,2004,3,2004.5,2004-Q3,2004q3,0.0245993922795297,-3.7050335404331296
SGP,Singapore,SGP,2004,4,2004.75,2004-Q4,2004q4,0.0250134916848607,-3.6883399322875867
SGP,Singapore,SGP,2005,1,2005.0,2005-Q1,2005q1,0.0254349425571404,-3.6716313591278715
SGP,Singapore,SGP,2005,2,2005.25,2005-Q2,2005q2,0.0259139983019615,-3.6529719813014325
SGP,Singapore,SGP,2005,3,2005.5,2005-Q3,2005q3,0.0263839103007773,-3.6350009129289624
SGP,Singapore,SGP,2005,4,2005.75,2005-Q4,2005q4,0.0270770727810589,-3.6090679320149355
SGP,Singapore,SGP,2006,1,2006.0,2006-Q1,2006q1,0.0257081563804873,-3.66094696854126
SGP,Singapore,SGP,2006,2,2006.25,2006-Q2,2006q2,0.0258454615637513,-3.6556202615749998
SGP,Singapore,SGP,2006,3,2006.5,2006-Q3,2006q3,0.0261919975653583,-3.6423013513070006
SGP,Singapore,SGP,2006,4,2006.75,2006-Q4,2006q4,0.0270535830340906,-3.609935822791022
SGP,Singapore,SGP,2007,1,2007.0,2007-Q1,2007q1,0.027806124807914,-3.582498965720296
SGP,Singapore,SGP,2007,2,2007.25,2007-Q2,2007q2,0.0282959175558062,-3.565037740717419
SGP,Singapore,SGP,2007,3,2007.5,2007-Q3,2007q3,0.028891602165009,-3.5442043086166732
SGP,Singapore,SGP,2007,4,2007.75,2007-Q4,2007q4,0.0288623783658545,-3.545216318572699
SGP,Singapore,SGP,2008,1,2008.0,2008-Q1,2008q1,0.0292777341904184,-3.5309279770903603
SGP,Singapore,SGP,2008,2,2008.25,2008-Q2,2008q2,0.0283919223091142,-3.5616506000070633
SGP,Singapore,SGP,2008,3,2008.5,2008-Q3,2008q3,0.0280644702621222,-3.573250906158164
SGP,Singapore,SGP,2008,4,2008.75,2008-Q4,2008q4,0.0272818619981446,-3.601533193272195
SGP,Singapore,SGP,2009,1,2009.0,2009-Q1,2009q1,0.0267213459147896,-3.6222925605197864
SGP,Singapore,SGP,2009,2,2009.25,2009-Q2,2009q2,0.0277106880073425,-3.585937091568765
SGP,Singapore,SGP,2009,3,2009.5,2009-Q3,2009q3,0.0286400548443118,-3.552949021936505
SGP,Singapore,SGP,2009,4,2009.75,2009-Q4,2009q4,0.0289252294988564,-3.5430410716605314
SGP,Singapore,SGP,2010,1,2010.0,2010-Q1,2010q1,0.0295705586891776,-3.5209760515127533
SGP,Singapore,SGP,2010,2,2010.25,2010-Q2,2010q2,0.0311954857104695,-3.467481883402133
SGP,Singapore,SGP,2010,3,2010.5,2010-Q3,2010q3,0.0301862380438771,-3.5003691523726914
SGP,Singapore,SGP,2010,4,2010.75,2010-Q4,2010q4,0.0312158209780036,-3.46683023006133
SGP,Singapore,SGP,2011,1,2011.0,2011-Q1,2011q1,0.031662082904353,-3.452635436915907
SGP,Singapore,SGP,2011,2,2011.25,2011-Q2,2011q2,0.0314388464433566,-3.459711002827185
SGP,Singapore,SGP,2011,3,2011.5,2011-Q3,2011q3,0.0321108603470598,-3.4385609774975303
SGP,Singapore,SGP,2011,4,2011.75,2011-Q4,2011q4,0.0321750216091854,-3.4365648538860185
SGP,Singapore,SGP,2012,1,2012.0,2012-Q1,2012q1,0.0325213893204525,-3.4258572731839525
SGP,Singapore,SGP,2012,2,2012.25,2012-Q2,2012q2,0.0326642624775463,-3.421473689314247
SGP,Singapore,SGP,2012,3,2012.5,2012-Q3,2012q3,0.0322095846976824,-3.4354912093054373
SGP,Singapore,SGP,2012,4,2012.75,2012-Q4,2012q4,0.032914978153856,-3.4138274617764472
SGP,Singapore,SGP,2013,1,2013.0,2013-Q1,2013q1,0.0333888947711104,-3.399531926170086
SGP,Singapore,SGP,2013,2,2013.25,2013-Q2,2013q2,0.0339181903893203,-3.3838038188530164
SGP,Singapore,SGP,2013,3,2013.5,2013-Q3,2013q3,0.0340111256825381,-3.3810675819357097
SGP,Singapore,SGP,2013,4,2013.75,2013-Q4,2013q4,0.0341941635911385,-3.3757003047067067
SGP,Singapore,SGP,2014,1,2014.0,2014-Q1,2014q1,0.0340818295420704,-3.3789908947157454
SGP,Singapore,SGP,2014,2,2014.25,2014-Q2,2014q2,0.0342886702749712,-3.3729402920585487
SGP,Singapore,SGP,2014,3,2014.5,2014-Q3,2014q3,0.0344640851741987,-3.367837506615011
SGP,Singapore,SGP,2014,4,2014.75,2014-Q4,2014q4,0.0348551569852417,-3.3565541761020685
SGP,Singapore,SGP,2015,1,2015.0,2015-Q1,2015q1,0.034400644295049,-3.369679985270941
SGP,Singapore,SGP,2015,2,2015.25,2015-Q2,2015q2,0.0346769774303013,-3.3616792868571053
SGP,Singapore,SGP,2015,3,2015.5,2015-Q3,2015q3,0.0349708584856686,-3.3532401790040445
SGP,Singapore,SGP,2015,4,2015.75,2015-Q4,2015q4,0.0348367006482344,-3.357083831590256
SGP,Singapore,SGP,2016,1,2016.0,2016-Q1,2016q1,0.0353294953817248,-3.3430371007098367
SGP,Singapore,SGP,2016,2,2016.25,2016-Q2,2016q2,0.0356279670431445,-3.334624358439761
SGP,Singapore,SGP,2016,3,2016.5,2016-Q3,2016q3,0.0358529345773483,-3.328329858177879
SGP,Singapore,SGP,2016,4,2016.75,2016-Q4,2016q4,0.0363629266391762,-3.3142055222856475
SGP,Singapore,SGP,2017,1,2017.0,2017-Q1,2017q1,0.0367428432345926,-3.303811814203808
SGP,Singapore,SGP,2017,2,2017.25,2017-Q2,2017q2,0.0367416710626021,-3.3038437167618318
SGP,Singapore,SGP,2017,3,2017.5,2017-Q3,2017q3,0.0374874741532773,-3.283748424383011
SGP,Singapore,SGP,2017,4,2017.75,2017-Q4,2017q4,0.0377270682699741,-3.277377450914578
SGP,Singapore,SGP,2018,1,2018.0,2018-Q1,2018q1,0.0378084774893638,-3.275221929296455
SGP,Singapore,SGP,2018,2,2018.25,2018-Q2,2018q2,0.0379343714063597,-3.2718976806111932
SGP,Singapore,SGP,2018,3,2018.5,2018-Q3,2018q3,0.0380804903743877,-3.268053191663218
SGP,Singapore,SGP,2018,4,2018.75,2018-Q4,2018q4,0.0376729718147582,-3.278812369634439
SGP,Singapore,SGP,2019,1,2019.0,2019-Q1,2019q1,0.0377675715529656,-3.2763044399836665
SGP,Singapore,SGP,2019,2,2019.25,2019-Q2,2019q2,0.0378953734671117,-3.272926246453033
SGP,Singapore,SGP,2019,3,2019.5,2019-Q3,2019q3,0.037920377328365,-3.2722666510022864
SGP,Singapore,SGP,2019,4,2019.75,2019-Q4,2019q4,0.0378602607078053,-3.273853247123103
SLV,El Salvador,SLV,1996,1,1996.0,1996-Q1,1996q1,0.0020147331638013,-6.20726851726495
SLV,El Salvador,SLV,1996,2,1996.25,1996-Q2,1996q2,0.0019786467082239,-6.225342148650107
SLV,El Salvador,SLV,1996,3,1996.5,1996-Q3,1996q3,0.0020117251145462,-6.208762659067381
SLV,El Salvador,SLV,1996,4,1996.75,1996-Q4,1996q4,0.0020137008102516,-6.207781050710427
SLV,El Salvador,SLV,1997,1,1997.0,1997-Q1,1997q1,0.0020448858856109,-6.1924132927016045
SLV,El Salvador,SLV,1997,2,1997.25,1997-Q2,1997q2,0.0020434810866248,-6.193100510385793
SLV,El Salvador,SLV,1997,3,1997.5,1997-Q3,1997q3,0.0020169382924366,-6.206174614213013
SLV,El Salvador,SLV,1997,4,1997.75,1997-Q4,1997q4,0.0020225310045914,-6.203405579314072
SLV,El Salvador,SLV,1998,1,1998.0,1998-Q1,1998q1,0.0019507466944671,-6.2395430594621875
SLV,El Salvador,SLV,1998,2,1998.25,1998-Q2,1998q2,0.0019744255808048,-6.227477768094835
SLV,El Salvador,SLV,1998,3,1998.5,1998-Q3,1998q3,0.0019525014776486,-6.2386439194524606
SLV,El Salvador,SLV,1998,4,1998.75,1998-Q4,1998q4,0.0019513307111319,-6.239243723181302
SLV,El Salvador,SLV,1999,1,1999.0,1999-Q1,1999q1,0.0019535006077674,-6.238132332352023
SLV,El Salvador,SLV,1999,2,1999.25,1999-Q2,1999q2,0.0019365202385537,-6.246862607964828
SLV,El Salvador,SLV,1999,3,1999.5,1999-Q3,1999q3,0.0019232064870687,-6.253761440569226
SLV,El Salvador,SLV,1999,4,1999.75,1999-Q4,1999q4,0.0019310282975197,-6.249702621308747
SLV,El Salvador,SLV,2000,1,2000.0,2000-Q1,2000q1,0.001921713197765,-6.254538200294363
SLV,El Salvador,SLV,2000,2,2000.25,2000-Q2,2000q2,0.0018907055287323,-6.270805223942507
SLV,El Salvador,SLV,2000,3,2000.5,2000-Q3,2000q3,0.0019324311405793,-6.2489764104380345
SLV,El Salvador,SLV,2000,4,2000.75,2000-Q4,2000q4,0.0019270558177308,-6.251761923840306
SLV,El Salvador,SLV,2001,1,2001.0,2001-Q1,2001q1,0.0019359541463003,-6.247154975170482
SLV,El Salvador,SLV,2001,2,2001.25,2001-Q2,2001q2,0.0019074941007426,-6.261964887474874
SLV,El Salvador,SLV,2001,3,2001.5,2001-Q3,2001q3,0.0018729287523795,-6.280251895549892
SLV,El Salvador,SLV,2001,4,2001.75,2001-Q4,2001q4,0.0018670631429324,-6.283388594462905
SLV,El Salvador,SLV,2002,1,2002.0,2002-Q1,2002q1,0.0018740661364495,-6.279644804193389
SLV,El Salvador,SLV,2002,2,2002.25,2002-Q2,2002q2,0.0018965170598328,-6.2677362014458815
SLV,El Salvador,SLV,2002,3,2002.5,2002-Q3,2002q3,0.0018923890483717,-6.269915201387576
SLV,El Salvador,SLV,2002,4,2002.75,2002-Q4,2002q4,0.0018806941155968,-6.276114359857846
SLV,El Salvador,SLV,2003,1,2003.0,2003-Q1,2003q1,0.0018359026965457,-6.300218985712386
SLV,El Salvador,SLV,2003,2,2003.25,2003-Q2,2003q2,0.0018247112770278,-6.306333508831642
SLV,El Salvador,SLV,2003,3,2003.5,2003-Q3,2003q3,0.0018395904600261,-6.298212308207745
SLV,El Salvador,SLV,2003,4,2003.75,2003-Q4,2003q4,0.0018345417151629,-6.300960575172687
SLV,El Salvador,SLV,2004,1,2004.0,2004-Q1,2004q1,0.0018121787382024,-6.313225434834039
SLV,El Salvador,SLV,2004,2,2004.25,2004-Q2,2004q2,0.0018208365533637,-6.308459238792372
SLV,El Salvador,SLV,2004,3,2004.5,2004-Q3,2004q3,0.0018464766968178,-6.294475943942031
SLV,El Salvador,SLV,2004,4,2004.75,2004-Q4,2004q4,0.001843518872596,-6.296079102970087
SLV,El Salvador,SLV,2005,1,2005.0,2005-Q1,2005q1,0.0019440374745851,-6.242988296079741
SLV,El Salvador,SLV,2005,2,2005.25,2005-Q2,2005q2,0.0019802211447045,-6.224546751267775
SLV,El Salvador,SLV,2005,3,2005.5,2005-Q3,2005q3,0.0019781029023501,-6.225617023701978
SLV,El Salvador,SLV,2005,4,2005.75,2005-Q4,2005q4,0.0019930086888745,-6.218109878064796
SLV,El Salvador,SLV,2006,1,2006.0,2006-Q1,2006q1,0.002166766441674,-6.1345193418055395
SLV,El Salvador,SLV,2006,2,2006.25,2006-Q2,2006q2,0.0021133406662553,-6.15948532937024
SLV,El Salvador,SLV,2006,3,2006.5,2006-Q3,2006q3,0.0021603091595749,-6.137503938095279
SLV,El Salvador,SLV,2006,4,2006.75,2006-Q4,2006q4,0.0022102488904584,-6.114650149676722
SLV,El Salvador,SLV,2007,1,2007.0,2007-Q1,2007q1,0.0020853653694139,-6.1728112019546355
SLV,El Salvador,SLV,2007,2,2007.25,2007-Q2,2007q2,0.0020893946542966,-6.170880894051456
SLV,El Salvador,SLV,2007,3,2007.5,2007-Q3,2007q3,0.0021532560252599,-6.140774152082304
SLV,El Salvador,SLV,2007,4,2007.75,2007-Q4,2007q4,0.0021919086500619,-6.122982585006597
SLV,El Salvador,SLV,2008,1,2008.0,2008-Q1,2008q1,0.0021834049826276,-6.126869702070878
SLV,El Salvador,SLV,2008,2,2008.25,2008-Q2,2008q2,0.0021773232813106,-6.129659009219586
SLV,El Salvador,SLV,2008,3,2008.5,2008-Q3,2008q3,0.0021660411699183,-6.134854123234806
SLV,El Salvador,SLV,2008,4,2008.75,2008-Q4,2008q4,0.0021378222174451,-6.14796762351069
SLV,El Salvador,SLV,2009,1,2009.0,2009-Q1,2009q1,0.0021280865063842,-6.152532056832654
SLV,El Salvador,SLV,2009,2,2009.25,2009-Q2,2009q2,0.0021132177804878,-6.159543478698627
SLV,El Salvador,SLV,2009,3,2009.5,2009-Q3,2009q3,0.0021012135193768,-6.165240234783331
SLV,El Salvador,SLV,2009,4,2009.75,2009-Q4,2009q4,0.0020977654477036,-6.16688257330194
SLV,El Salvador,SLV,2010,1,2010.0,2010-Q1,2010q1,0.0021467497454567,-6.143800326983156
SLV,El Salvador,SLV,2010,2,2010.25,2010-Q2,2010q2,0.0021061346484502,-6.162900931677776
SLV,El Salvador,SLV,2010,3,2010.5,2010-Q3,2010q3,0.0021052202270621,-6.163335196388067
SLV,El Salvador,SLV,2010,4,2010.75,2010-Q4,2010q4,0.0021366221021048,-6.148529153984415
SLV,El Salvador,SLV,2011,1,2011.0,2011-Q1,2011q1,0.0021530139732582,-6.140886570487112
SLV,El Salvador,SLV,2011,2,2011.25,2011-Q2,2011q2,0.0021440437063975,-6.145061650534767
SLV,El Salvador,SLV,2011,3,2011.5,2011-Q3,2011q3,0.0021361255385991,-6.148761586858852
SLV,El Salvador,SLV,2011,4,2011.75,2011-Q4,2011q4,0.0021395053421898,-6.14718062517675
SLV,El Salvador,SLV,2012,1,2012.0,2012-Q1,2012q1,0.0021308643479639,-6.151227584408056
SLV,El Salvador,SLV,2012,2,2012.25,2012-Q2,2012q2,0.0021251144578111,-6.153929615556948
SLV,El Salvador,SLV,2012,3,2012.5,2012-Q3,2012q3,0.0021152727425244,-6.15857151852173
SLV,El Salvador,SLV,2012,4,2012.75,2012-Q4,2012q4,0.002119785781255,-6.156440241981596
SLV,El Salvador,SLV,2013,1,2013.0,2013-Q1,2013q1,0.0020826153979007,-6.17413077230093
SLV,El Salvador,SLV,2013,2,2013.25,2013-Q2,2013q2,0.0021110395684324,-6.160574766363433
SLV,El Salvador,SLV,2013,3,2013.5,2013-Q3,2013q3,0.002126280900414,-6.153380881537228
SLV,El Salvador,SLV,2013,4,2013.75,2013-Q4,2013q4,0.0021272924903815,-6.152905239109729
SLV,El Salvador,SLV,2014,1,2014.0,2014-Q1,2014q1,0.0021604880693211,-6.137421124791704
SLV,El Salvador,SLV,2014,2,2014.25,2014-Q2,2014q2,0.0021437661870451,-6.145191096270321
SLV,El Salvador,SLV,2014,3,2014.5,2014-Q3,2014q3,0.0021227401262439,-6.155047512494088
SLV,El Salvador,SLV,2014,4,2014.75,2014-Q4,2014q4,0.0021184631045841,-6.157064403869898
SLV,El Salvador,SLV,2015,1,2015.0,2015-Q1,2015q1,0.0021827314622994,-6.127178222128388
SLV,El Salvador,SLV,2015,2,2015.25,2015-Q2,2015q2,0.0021533142947667,-6.140747091334435
SLV,El Salvador,SLV,2015,3,2015.5,2015-Q3,2015q3,0.0021702440770016,-6.1329156398740095
SLV,El Salvador,SLV,2015,4,2015.75,2015-Q4,2015q4,0.0021660545408427,-6.1348479502759
SLV,El Salvador,SLV,2016,1,2016.0,2016-Q1,2016q1,0.0021424989881507,-6.145782379767503
SLV,El Salvador,SLV,2016,2,2016.25,2016-Q2,2016q2,0.0021989780175473,-6.119762564027328
SLV,El Salvador,SLV,2016,3,2016.5,2016-Q3,2016q3,0.0021784028054681,-6.129163328748365
SLV,El Salvador,SLV,2016,4,2016.75,2016-Q4,2016q4,0.002174738718672,-6.130846751003804
SLV,El Salvador,SLV,2017,1,2017.0,2017-Q1,2017q1,0.0021956805229721,-6.121263247260685
SLV,El Salvador,SLV,2017,2,2017.25,2017-Q2,2017q2,0.0022054606955347,-6.11681885969134
SLV,El Salvador,SLV,2017,3,2017.5,2017-Q3,2017q3,0.0022028178514987,-6.11801789660538
SLV,El Salvador,SLV,2017,4,2017.75,2017-Q4,2017q4,0.0022045463079105,-6.117233547303668
SLV,El Salvador,SLV,2018,1,2018.0,2018-Q1,2018q1,0.0021987148760589,-6.119882236544296
SLV,El Salvador,SLV,2018,2,2018.25,2018-Q2,2018q2,0.0022218204702896,-6.109428387478233
SLV,El Salvador,SLV,2018,3,2018.5,2018-Q3,2018q3,0.0022170073818774,-6.111597018683953
SLV,El Salvador,SLV,2018,4,2018.75,2018-Q4,2018q4,0.0021863041020023,-6.125542785452894
SLV,El Salvador,SLV,2019,1,2019.0,2019-Q1,2019q1,0.0021838466535599,-6.1266674371360414
SLV,El Salvador,SLV,2019,2,2019.25,2019-Q2,2019q2,0.0021987694957573,-6.1198573952060284
SLV,El Salvador,SLV,2019,3,2019.5,2019-Q3,2019q3,0.0022020396007718,-6.118371256841633
SLV,El Salvador,SLV,2019,4,2019.75,2019-Q4,2019q4,0.0021634646589029,-6.136044333582789
SRB,"Serbia, Rep.",SRB,2005,1,2005.0,2005-Q1,2005q1,0.0032462438826112,-5.730256679436931
SRB,"Serbia, Rep.",SRB,2005,2,2005.25,2005-Q2,2005q2,0.0033834120938733,-5.6888705834560716
SRB,"Serbia, Rep.",SRB,2005,3,2005.5,2005-Q3,2005q3,0.0034948017134427,-5.656478639256976
SRB,"Serbia, Rep.",SRB,2005,4,2005.75,2005-Q4,2005q4,0.0035929142822882,-5.628791627999181
SRB,"Serbia, Rep.",SRB,2006,1,2006.0,2006-Q1,2006q1,0.0035785113405531,-5.632808391710554
SRB,"Serbia, Rep.",SRB,2006,2,2006.25,2006-Q2,2006q2,0.0036667255553737,-5.608456234424382
SRB,"Serbia, Rep.",SRB,2006,3,2006.5,2006-Q3,2006q3,0.0037363653123625,-5.589641981714246
SRB,"Serbia, Rep.",SRB,2006,4,2006.75,2006-Q4,2006q4,0.0038296500374258,-5.564981854004706
SRB,"Serbia, Rep.",SRB,2007,1,2007.0,2007-Q1,2007q1,0.0038450749309311,-5.560962188325964
SRB,"Serbia, Rep.",SRB,2007,2,2007.25,2007-Q2,2007q2,0.0039129828230647,-5.543455325473515
SRB,"Serbia, Rep.",SRB,2007,3,2007.5,2007-Q3,2007q3,0.0039762557230681,-5.527414675589011
SRB,"Serbia, Rep.",SRB,2007,4,2007.75,2007-Q4,2007q4,0.0040901155103974,-5.499182067175275
SRB,"Serbia, Rep.",SRB,2008,1,2008.0,2008-Q1,2008q1,0.0038399093816433,-5.562306511191342
SRB,"Serbia, Rep.",SRB,2008,2,2008.25,2008-Q2,2008q2,0.0039315091514191,-5.538731918818485
SRB,"Serbia, Rep.",SRB,2008,3,2008.5,2008-Q3,2008q3,0.003923643068381,-5.54073470258316
SRB,"Serbia, Rep.",SRB,2008,4,2008.75,2008-Q4,2008q4,0.0039650292029482,-5.530242058740052
SRB,"Serbia, Rep.",SRB,2009,1,2009.0,2009-Q1,2009q1,0.0040061630652144,-5.5199213373212155
SRB,"Serbia, Rep.",SRB,2009,2,2009.25,2009-Q2,2009q2,0.0040284178363041,-5.514381576560304
SRB,"Serbia, Rep.",SRB,2009,3,2009.5,2009-Q3,2009q3,0.0041180352616032,-5.492379107614949
SRB,"Serbia, Rep.",SRB,2009,4,2009.75,2009-Q4,2009q4,0.0042067285530368,-5.471069999146946
SRB,"Serbia, Rep.",SRB,2010,1,2010.0,2010-Q1,2010q1,0.0044267343969272,-5.420093123208348
SRB,"Serbia, Rep.",SRB,2010,2,2010.25,2010-Q2,2010q2,0.0044716172760633,-5.410005129067359
SRB,"Serbia, Rep.",SRB,2010,3,2010.5,2010-Q3,2010q3,0.0045926098044293,-5.383306831649814
SRB,"Serbia, Rep.",SRB,2010,4,2010.75,2010-Q4,2010q4,0.0046457422789677,-5.371804117767941
SRB,"Serbia, Rep.",SRB,2011,1,2011.0,2011-Q1,2011q1,0.0047942788433721,-5.340331979585935
SRB,"Serbia, Rep.",SRB,2011,2,2011.25,2011-Q2,2011q2,0.0047352287932391,-5.352725233925578
SRB,"Serbia, Rep.",SRB,2011,3,2011.5,2011-Q3,2011q3,0.0048437883204591,-5.330058153573323
SRB,"Serbia, Rep.",SRB,2011,4,2011.75,2011-Q4,2011q4,0.0049285238389047,-5.312715759921163
SRB,"Serbia, Rep.",SRB,2012,1,2012.0,2012-Q1,2012q1,0.0047639540650621,-5.346677269630006
SRB,"Serbia, Rep.",SRB,2012,2,2012.25,2012-Q2,2012q2,0.0050362383878559,-5.2910958271737805
SRB,"Serbia, Rep.",SRB,2012,3,2012.5,2012-Q3,2012q3,0.0048713970221294,-5.3243745201646755
SRB,"Serbia, Rep.",SRB,2012,4,2012.75,2012-Q4,2012q4,0.004763317219026,-5.346810958703836
SRB,"Serbia, Rep.",SRB,2013,1,2013.0,2013-Q1,2013q1,0.004625204113407,-5.376234776363024
SRB,"Serbia, Rep.",SRB,2013,2,2013.25,2013-Q2,2013q2,0.0048353764591066,-5.331796291865592
SRB,"Serbia, Rep.",SRB,2013,3,2013.5,2013-Q3,2013q3,0.0047894495328198,-5.341339794242505
SRB,"Serbia, Rep.",SRB,2013,4,2013.75,2013-Q4,2013q4,0.0045798672051838,-5.386085275777746
SRB,"Serbia, Rep.",SRB,2014,1,2014.0,2014-Q1,2014q1,0.0042787496809676,-5.454094442681939
SRB,"Serbia, Rep.",SRB,2014,2,2014.25,2014-Q2,2014q2,0.0042042769916024,-5.471652940506528
SRB,"Serbia, Rep.",SRB,2014,3,2014.5,2014-Q3,2014q3,0.0041122080004379,-5.493795168344508
SRB,"Serbia, Rep.",SRB,2014,4,2014.75,2014-Q4,2014q4,0.0041000892604713,-5.496746534662198
SRB,"Serbia, Rep.",SRB,2015,1,2015.0,2015-Q1,2015q1,0.004184377437119,-5.476397346651687
SRB,"Serbia, Rep.",SRB,2015,2,2015.25,2015-Q2,2015q2,0.0042065387395623,-5.471115121563227
SRB,"Serbia, Rep.",SRB,2015,3,2015.5,2015-Q3,2015q3,0.0042156969331496,-5.468940355253486
SRB,"Serbia, Rep.",SRB,2015,4,2015.75,2015-Q4,2015q4,0.0042043201880163,-5.471642666161598
SRB,"Serbia, Rep.",SRB,2016,1,2016.0,2016-Q1,2016q1,0.0041604607783002,-5.482129446828375
SRB,"Serbia, Rep.",SRB,2016,2,2016.25,2016-Q2,2016q2,0.0040743544187263,-5.503042969692295
SRB,"Serbia, Rep.",SRB,2016,3,2016.5,2016-Q3,2016q3,0.0040730729239888,-5.503357546231407
SRB,"Serbia, Rep.",SRB,2016,4,2016.75,2016-Q4,2016q4,0.0040774293098402,-5.502288560261888
SRB,"Serbia, Rep.",SRB,2017,1,2017.0,2017-Q1,2017q1,0.0041214685362619,-5.49154573829038
SRB,"Serbia, Rep.",SRB,2017,2,2017.25,2017-Q2,2017q2,0.0039932175208183,-5.523157976848027
SRB,"Serbia, Rep.",SRB,2017,3,2017.5,2017-Q3,2017q3,0.0040670107398717,-5.504847011324933
SRB,"Serbia, Rep.",SRB,2017,4,2017.75,2017-Q4,2017q4,0.0041382010813695,-5.4874941069850305
SRB,"Serbia, Rep.",SRB,2018,1,2018.0,2018-Q1,2018q1,0.0042675953314858,-5.456704764591282
SRB,"Serbia, Rep.",SRB,2018,2,2018.25,2018-Q2,2018q2,0.0041892618905295,-5.475230720344209
SRB,"Serbia, Rep.",SRB,2018,3,2018.5,2018-Q3,2018q3,0.0041776163752716,-5.47801444024741
SRB,"Serbia, Rep.",SRB,2018,4,2018.75,2018-Q4,2018q4,0.0042166757211636,-5.468708205167498
SRB,"Serbia, Rep.",SRB,2019,1,2019.0,2019-Q1,2019q1,0.0042103752842337,-5.4702034941125355
SRB,"Serbia, Rep.",SRB,2019,2,2019.25,2019-Q2,2019q2,0.0042940646153037,-5.450521531827005
SRB,"Serbia, Rep.",SRB,2019,3,2019.5,2019-Q3,2019q3,0.0043925315582087,-5.427849553362251
SRB,"Serbia, Rep.",SRB,2019,4,2019.75,2019-Q4,2019q4,0.004334436018294,-5.441163776799477
SVK,Slovak Republic,SVK,1995,1,1995.0,1995-Q1,1995q1,0.0055179973657251,-5.19974028058384
SVK,Slovak Republic,SVK,1995,2,1995.25,1995-Q2,1995q2,0.0055920871658326,-5.18640268657687
SVK,Slovak Republic,SVK,1995,3,1995.5,1995-Q3,1995q3,0.0056075446483954,-5.183642329337606
SVK,Slovak Republic,SVK,1995,4,1995.75,1995-Q4,1995q4,0.0057105181828205,-5.165445509375626
SVK,Slovak Republic,SVK,1996,1,1996.0,1996-Q1,1996q1,0.0056149697843774,-5.1823190720390855
SVK,Slovak Republic,SVK,1996,2,1996.25,1996-Q2,1996q2,0.0056616493679294,-5.174040021456662
SVK,Slovak Republic,SVK,1996,3,1996.5,1996-Q3,1996q3,0.0057882139947586,-5.151931498754231
SVK,Slovak Republic,SVK,1996,4,1996.75,1996-Q4,1996q4,0.0059004640596176,-5.132724276991066
SVK,Slovak Republic,SVK,1997,1,1997.0,1997-Q1,1997q1,0.0060196696054946,-5.11272290397573
SVK,Slovak Republic,SVK,1997,2,1997.25,1997-Q2,1997q2,0.0060911881924559,-5.100912110797354
SVK,Slovak Republic,SVK,1997,3,1997.5,1997-Q3,1997q3,0.006177937371476,-5.086770821883197
SVK,Slovak Republic,SVK,1997,4,1997.75,1997-Q4,1997q4,0.0061449557386387,-5.092123738815352
SVK,Slovak Republic,SVK,1998,1,1998.0,1998-Q1,1998q1,0.006247231130314,-5.075616932545564
SVK,Slovak Republic,SVK,1998,2,1998.25,1998-Q2,1998q2,0.0062438629682303,-5.076156222721229
SVK,Slovak Republic,SVK,1998,3,1998.5,1998-Q3,1998q3,0.0062372334617709,-5.077218550397336
SVK,Slovak Republic,SVK,1998,4,1998.75,1998-Q4,1998q4,0.0067243531798078,-5.002019539561185
SVK,Slovak Republic,SVK,1999,1,1999.0,1999-Q1,1999q1,0.0065333293750994,-5.030838607266091
SVK,Slovak Republic,SVK,1999,2,1999.25,1999-Q2,1999q2,0.0065252548449587,-5.032075269837422
SVK,Slovak Republic,SVK,1999,3,1999.5,1999-Q3,1999q3,0.0065313512668433,-5.03114142496603
SVK,Slovak Republic,SVK,1999,4,1999.75,1999-Q4,1999q4,0.0065315192198546,-5.031115710401766
SVK,Slovak Republic,SVK,2000,1,2000.0,2000-Q1,2000q1,0.0066202655426026,-5.017619797662072
SVK,Slovak Republic,SVK,2000,2,2000.25,2000-Q2,2000q2,0.0066678726444483,-5.01045441378884
SVK,Slovak Republic,SVK,2000,3,2000.5,2000-Q3,2000q3,0.0066953824604826,-5.00633717518497
SVK,Slovak Republic,SVK,2000,4,2000.75,2000-Q4,2000q4,0.0067268478430407,-5.001648619037841
SVK,Slovak Republic,SVK,2001,1,2001.0,2001-Q1,2001q1,0.0067121641833996,-5.0038338489424445
SVK,Slovak Republic,SVK,2001,2,2001.25,2001-Q2,2001q2,0.0067718834850505,-4.994976020256413
SVK,Slovak Republic,SVK,2001,3,2001.5,2001-Q3,2001q3,0.0067905765988654,-4.992219422185504
SVK,Slovak Republic,SVK,2001,4,2001.75,2001-Q4,2001q4,0.0069327546346543,-4.971498050582098
SVK,Slovak Republic,SVK,2002,1,2002.0,2002-Q1,2002q1,0.0069768745934303,-4.965154228469177
SVK,Slovak Republic,SVK,2002,2,2002.25,2002-Q2,2002q2,0.0070452772154267,-4.955397785161269
SVK,Slovak Republic,SVK,2002,3,2002.5,2002-Q3,2002q3,0.007175286811217,-4.937112544446598
SVK,Slovak Republic,SVK,2002,4,2002.75,2002-Q4,2002q4,0.0071673252307272,-4.938222744078892
SVK,Slovak Republic,SVK,2003,1,2003.0,2003-Q1,2003q1,0.007241368084524,-4.927945128484744
SVK,Slovak Republic,SVK,2003,2,2003.25,2003-Q2,2003q2,0.0072518633342855,-4.926496831511797
SVK,Slovak Republic,SVK,2003,3,2003.5,2003-Q3,2003q3,0.007278419385204,-4.922841557763974
SVK,Slovak Republic,SVK,2003,4,2003.75,2003-Q4,2003q4,0.0074490972265939,-4.899662431571675
SVK,Slovak Republic,SVK,2004,1,2004.0,2004-Q1,2004q1,0.0076049725818751,-4.8789529585535005
SVK,Slovak Republic,SVK,2004,2,2004.25,2004-Q2,2004q2,0.0076164523473093,-4.877444588914765
SVK,Slovak Republic,SVK,2004,3,2004.5,2004-Q3,2004q3,0.0076870958333408,-4.868212221756363
SVK,Slovak Republic,SVK,2004,4,2004.75,2004-Q4,2004q4,0.0077983037629232,-4.853849035227711
SVK,Slovak Republic,SVK,2005,1,2005.0,2005-Q1,2005q1,0.0078608937880629,-4.845854965511903
SVK,Slovak Republic,SVK,2005,2,2005.25,2005-Q2,2005q2,0.0080012485235087,-4.828157684040657
SVK,Slovak Republic,SVK,2005,3,2005.5,2005-Q3,2005q3,0.0080593556153543,-4.820921674126858
SVK,Slovak Republic,SVK,2005,4,2005.75,2005-Q4,2005q4,0.0081049307475983,-4.815282668235899
SVK,Slovak Republic,SVK,2006,1,2006.0,2006-Q1,2006q1,0.0081936345125278,-4.804397705132487
SVK,Slovak Republic,SVK,2006,2,2006.25,2006-Q2,2006q2,0.0083055850228418,-4.790827096153169
SVK,Slovak Republic,SVK,2006,3,2006.5,2006-Q3,2006q3,0.0084436712267268,-4.774338085480416
SVK,Slovak Republic,SVK,2006,4,2006.75,2006-Q4,2006q4,0.0086357743665231,-4.751841893752518
SVK,Slovak Republic,SVK,2007,1,2007.0,2007-Q1,2007q1,0.0087160291868259,-4.74259151325623
SVK,Slovak Republic,SVK,2007,2,2007.25,2007-Q2,2007q2,0.0089412702962613,-4.717077608586331
SVK,Slovak Republic,SVK,2007,3,2007.5,2007-Q3,2007q3,0.0091170351352409,-4.697610622570751
SVK,Slovak Republic,SVK,2007,4,2007.75,2007-Q4,2007q4,0.0095633486893888,-4.649817331936185
SVK,Slovak Republic,SVK,2008,1,2008.0,2008-Q1,2008q1,0.0091753900694233,-4.691230371566652
SVK,Slovak Republic,SVK,2008,2,2008.25,2008-Q2,2008q2,0.0092978645838511,-4.6779705198280706
SVK,Slovak Republic,SVK,2008,3,2008.5,2008-Q3,2008q3,0.0092458793437286,-4.683577303065537
SVK,Slovak Republic,SVK,2008,4,2008.75,2008-Q4,2008q4,0.0093747036210979,-4.669740321374945
SVK,Slovak Republic,SVK,2009,1,2009.0,2009-Q1,2009q1,0.0086053003801388,-4.7553769422999075
SVK,Slovak Republic,SVK,2009,2,2009.25,2009-Q2,2009q2,0.0088609988042591,-4.72609578886122
SVK,Slovak Republic,SVK,2009,3,2009.5,2009-Q3,2009q3,0.009137456014761,-4.695373267623872
SVK,Slovak Republic,SVK,2009,4,2009.75,2009-Q4,2009q4,0.009452159500611,-4.661512044999705
SVK,Slovak Republic,SVK,2010,1,2010.0,2010-Q1,2010q1,0.0097168789359909,-4.633890809192786
SVK,Slovak Republic,SVK,2010,2,2010.25,2010-Q2,2010q2,0.0097953494209499,-4.62584755482223
SVK,Slovak Republic,SVK,2010,3,2010.5,2010-Q3,2010q3,0.0098810889728528,-4.617132553371758
SVK,Slovak Republic,SVK,2010,4,2010.75,2010-Q4,2010q4,0.0098919581220265,-4.616033162851288
SVK,Slovak Republic,SVK,2011,1,2011.0,2011-Q1,2011q1,0.009996524093166,-4.605517837095135
SVK,Slovak Republic,SVK,2011,2,2011.25,2011-Q2,2011q2,0.0100450522672394,-4.600675077419727
SVK,Slovak Republic,SVK,2011,3,2011.5,2011-Q3,2011q3,0.0101003195831665,-4.595188213737845
SVK,Slovak Republic,SVK,2011,4,2011.75,2011-Q4,2011q4,0.0102013924319678,-4.585231055070936
SVK,Slovak Republic,SVK,2012,1,2012.0,2012-Q1,2012q1,0.0101210909758208,-4.593133816998383
SVK,Slovak Republic,SVK,2012,2,2012.25,2012-Q2,2012q2,0.0101684588764708,-4.588464616641337
SVK,Slovak Republic,SVK,2012,3,2012.5,2012-Q3,2012q3,0.010191199356044,-4.5862307393561546
SVK,Slovak Republic,SVK,2012,4,2012.75,2012-Q4,2012q4,0.0102599320521018,-4.5795090618636065
SVK,Slovak Republic,SVK,2013,1,2013.0,2013-Q1,2013q1,0.0101521078807167,-4.590073922078374
SVK,Slovak Republic,SVK,2013,2,2013.25,2013-Q2,2013q2,0.0102390946108825,-4.581542080185787
SVK,Slovak Republic,SVK,2013,3,2013.5,2013-Q3,2013q3,0.0102912277128629,-4.576463424993444
SVK,Slovak Republic,SVK,2013,4,2013.75,2013-Q4,2013q4,0.0103412043293666,-4.571618943824852
SVK,Slovak Republic,SVK,2014,1,2014.0,2014-Q1,2014q1,0.0103494053823414,-4.570826211902637
SVK,Slovak Republic,SVK,2014,2,2014.25,2014-Q2,2014q2,0.0103734249893055,-4.5685080326491265
SVK,Slovak Republic,SVK,2014,3,2014.5,2014-Q3,2014q3,0.0103991483777418,-4.56603136294331
SVK,Slovak Republic,SVK,2014,4,2014.75,2014-Q4,2014q4,0.0104128061299609,-4.564718871685013
SVK,Slovak Republic,SVK,2015,1,2015.0,2015-Q1,2015q1,0.0105714572917152,-4.549597618053101
SVK,Slovak Republic,SVK,2015,2,2015.25,2015-Q2,2015q2,0.0106268089448286,-4.544375325032234
SVK,Slovak Republic,SVK,2015,3,2015.5,2015-Q3,2015q3,0.0106959120518733,-4.537893661741235
SVK,Slovak Republic,SVK,2015,4,2015.75,2015-Q4,2015q4,0.0106860783659843,-4.538813471954422
SVK,Slovak Republic,SVK,2016,1,2016.0,2016-Q1,2016q1,0.0106052371379442,-4.546407330258945
SVK,Slovak Republic,SVK,2016,2,2016.25,2016-Q2,2016q2,0.0105279428857744,-4.553722329397326
SVK,Slovak Republic,SVK,2016,3,2016.5,2016-Q3,2016q3,0.0105409964204699,-4.552483203290786
SVK,Slovak Republic,SVK,2016,4,2016.75,2016-Q4,2016q4,0.0105547645381454,-4.551177906017333
SVK,Slovak Republic,SVK,2017,1,2017.0,2017-Q1,2017q1,0.0105981632403209,-4.5470745720937025
SVK,Slovak Republic,SVK,2017,2,2017.25,2017-Q2,2017q2,0.0106410947222443,-4.543031912932212
SVK,Slovak Republic,SVK,2017,3,2017.5,2017-Q3,2017q3,0.0107014821805577,-4.5373730255600515
SVK,Slovak Republic,SVK,2017,4,2017.75,2017-Q4,2017q4,0.0108444980633361,-4.524097418546524
SVK,Slovak Republic,SVK,2018,1,2018.0,2018-Q1,2018q1,0.0108868134006809,-4.520203001875346
SVK,Slovak Republic,SVK,2018,2,2018.25,2018-Q2,2018q2,0.0109516241312287,-4.51426751123168
SVK,Slovak Republic,SVK,2018,3,2018.5,2018-Q3,2018q3,0.0110150651686568,-4.508491382389744
SVK,Slovak Republic,SVK,2018,4,2018.75,2018-Q4,2018q4,0.0110400231935817,-4.506228137267487
SVK,Slovak Republic,SVK,2019,1,2019.0,2019-Q1,2019q1,0.0110464219660821,-4.505648707428672
SVK,Slovak Republic,SVK,2019,2,2019.25,2019-Q2,2019q2,0.0111443943126273,-4.496818659729022
SVK,Slovak Republic,SVK,2019,3,2019.5,2019-Q3,2019q3,0.0111846485613674,-4.493213105064086
SVK,Slovak Republic,SVK,2019,4,2019.75,2019-Q4,2019q4,0.011245816051609,-4.487759126029735
SWE,Sweden,SWE,1990,1,1990.0,1990-Q1,1990q1,0.0180582883307524,-4.014150512298171
SWE,Sweden,SWE,1990,2,1990.25,1990-Q2,1990q2,0.0182357119971146,-4.004373409850928
SWE,Sweden,SWE,1990,3,1990.5,1990-Q3,1990q3,0.0179448105341538,-4.020454312579636
SWE,Sweden,SWE,1990,4,1990.75,1990-Q4,1990q4,0.0180673535519274,-4.013648640447992
SWE,Sweden,SWE,1991,1,1991.0,1991-Q1,1991q1,0.018329166899794,-3.9992616682564814
SWE,Sweden,SWE,1991,2,1991.25,1991-Q2,1991q2,0.0182304788986212,-4.004660420827439
SWE,Sweden,SWE,1991,3,1991.5,1991-Q3,1991q3,0.0181186454667209,-4.010813734653709
SWE,Sweden,SWE,1991,4,1991.75,1991-Q4,1991q4,0.0182996989312274,-4.000870671115592
SWE,Sweden,SWE,1992,1,1992.0,1992-Q1,1992q1,0.0192463163569679,-3.950435594639227
SWE,Sweden,SWE,1992,2,1992.25,1992-Q2,1992q2,0.0189401228325389,-3.966472705894712
SWE,Sweden,SWE,1992,3,1992.5,1992-Q3,1992q3,0.0188813897840638,-3.9695785095299145
SWE,Sweden,SWE,1992,4,1992.75,1992-Q4,1992q4,0.0183473336301617,-3.998271021297753
SWE,Sweden,SWE,1993,1,1993.0,1993-Q1,1993q1,0.0194911333802797,-3.937795615266317
SWE,Sweden,SWE,1993,2,1993.25,1993-Q2,1993q2,0.0196009744696008,-3.932175996144781
SWE,Sweden,SWE,1993,3,1993.5,1993-Q3,1993q3,0.0196769148385607,-3.9283091659804534
SWE,Sweden,SWE,1993,4,1993.75,1993-Q4,1993q4,0.0196836637700004,-3.9279662375101707
SWE,Sweden,SWE,1994,1,1994.0,1994-Q1,1994q1,0.0202538385043134,-3.8994109476244505
SWE,Sweden,SWE,1994,2,1994.25,1994-Q2,1994q2,0.0204485667950049,-3.8898424823231244
SWE,Sweden,SWE,1994,3,1994.5,1994-Q3,1994q3,0.0205264090770459,-3.886042974256054
SWE,Sweden,SWE,1994,4,1994.75,1994-Q4,1994q4,0.0209652184818114,-3.864890477149157
SWE,Sweden,SWE,1995,1,1995.0,1995-Q1,1995q1,0.0206970556278265,-3.877763829029529
SWE,Sweden,SWE,1995,2,1995.25,1995-Q2,1995q2,0.0208229341184188,-3.8717002978467705
SWE,Sweden,SWE,1995,3,1995.5,1995-Q3,1995q3,0.0206907498134591,-3.8780685475015018
SWE,Sweden,SWE,1995,4,1995.75,1995-Q4,1995q4,0.0209767007046834,-3.8643429474518247
SWE,Sweden,SWE,1996,1,1996.0,1996-Q1,1996q1,0.0215900124175587,-3.8355244593023348
SWE,Sweden,SWE,1996,2,1996.25,1996-Q2,1996q2,0.0213561839891153,-3.8464139330453238
SWE,Sweden,SWE,1996,3,1996.5,1996-Q3,1996q3,0.0213722667065669,-3.8456611457127976
SWE,Sweden,SWE,1996,4,1996.75,1996-Q4,1996q4,0.021640020052073,-3.833210898383537
SWE,Sweden,SWE,1997,1,1997.0,1997-Q1,1997q1,0.0222399825643813,-3.8058635935757237
SWE,Sweden,SWE,1997,2,1997.25,1997-Q2,1997q2,0.0225408069447054,-3.7924279704476493
SWE,Sweden,SWE,1997,3,1997.5,1997-Q3,1997q3,0.0226291555570999,-3.788516135229566
SWE,Sweden,SWE,1997,4,1997.75,1997-Q4,1997q4,0.0230017681146452,-3.772184191457893
SWE,Sweden,SWE,1998,1,1998.0,1998-Q1,1998q1,0.0230413274124789,-3.770465831425193
SWE,Sweden,SWE,1998,2,1998.25,1998-Q2,1998q2,0.0232571399576302,-3.7611430991409383
SWE,Sweden,SWE,1998,3,1998.5,1998-Q3,1998q3,0.0234397547805104,-3.753321775910369
SWE,Sweden,SWE,1998,4,1998.75,1998-Q4,1998q4,0.0237194759620988,-3.741458797756912
SWE,Sweden,SWE,1999,1,1999.0,1999-Q1,1999q1,0.0233624343434734,-3.756625916542622
SWE,Sweden,SWE,1999,2,1999.25,1999-Q2,1999q2,0.0234704038248478,-3.752015063266042
SWE,Sweden,SWE,1999,3,1999.5,1999-Q3,1999q3,0.0237475814920189,-3.740274585601702
SWE,Sweden,SWE,1999,4,1999.75,1999-Q4,1999q4,0.0239584813599211,-3.7314328900507645
SWE,Sweden,SWE,2000,1,2000.0,2000-Q1,2000q1,0.0237241629043077,-3.7412612183833165
SWE,Sweden,SWE,2000,2,2000.25,2000-Q2,2000q2,0.0244838802156286,-3.7097403283583037
SWE,Sweden,SWE,2000,3,2000.5,2000-Q3,2000q3,0.0246116849171845,-3.704533952185494
SWE,Sweden,SWE,2000,4,2000.75,2000-Q4,2000q4,0.0245615607638449,-3.7065726287058625
SWE,Sweden,SWE,2001,1,2001.0,2001-Q1,2001q1,0.0236118732687163,-3.7460055888586408
SWE,Sweden,SWE,2001,2,2001.25,2001-Q2,2001q2,0.0234645836542062,-3.7522630731616036
SWE,Sweden,SWE,2001,3,2001.5,2001-Q3,2001q3,0.0236502457679611,-3.744381772218228
SWE,Sweden,SWE,2001,4,2001.75,2001-Q4,2001q4,0.0237425189658013,-3.7404877890351744
SWE,Sweden,SWE,2002,1,2002.0,2002-Q1,2002q1,0.0239114496436965,-3.7333978701696653
SWE,Sweden,SWE,2002,2,2002.25,2002-Q2,2002q2,0.0241897619284541,-3.7218257961426495
SWE,Sweden,SWE,2002,3,2002.5,2002-Q3,2002q3,0.024177538976839,-3.722331218262409
SWE,Sweden,SWE,2002,4,2002.75,2002-Q4,2002q4,0.0242052537875746,-3.721185570721893
SWE,Sweden,SWE,2003,1,2003.0,2003-Q1,2003q1,0.0245215604448577,-3.7082025302629558
SWE,Sweden,SWE,2003,2,2003.25,2003-Q2,2003q2,0.0244334543364315,-3.71180200639208
SWE,Sweden,SWE,2003,3,2003.5,2003-Q3,2003q3,0.0247336735598101,-3.6995896617840516
SWE,Sweden,SWE,2003,4,2003.75,2003-Q4,2003q4,0.024963631549315,-3.690335251300024
SWE,Sweden,SWE,2004,1,2004.0,2004-Q1,2004q1,0.0253704664471613,-3.67416951976301
SWE,Sweden,SWE,2004,2,2004.25,2004-Q2,2004q2,0.0256079903984183,-3.6648508512592604
SWE,Sweden,SWE,2004,3,2004.5,2004-Q3,2004q3,0.025810540794653,-3.656972312559345
SWE,Sweden,SWE,2004,4,2004.75,2004-Q4,2004q4,0.0259766698415526,-3.650556457574102
SWE,Sweden,SWE,2005,1,2005.0,2005-Q1,2005q1,0.0260438448818399,-3.647973819628948
SWE,Sweden,SWE,2005,2,2005.25,2005-Q2,2005q2,0.0259344934130807,-3.6521814043141863
SWE,Sweden,SWE,2005,3,2005.5,2005-Q3,2005q3,0.0263390236854166,-3.6367036492075417
SWE,Sweden,SWE,2005,4,2005.75,2005-Q4,2005q4,0.0261697048295478,-3.643152841466327
SWE,Sweden,SWE,2006,1,2006.0,2006-Q1,2006q1,0.0265964359727272,-3.626978058159107
SWE,Sweden,SWE,2006,2,2006.25,2006-Q2,2006q2,0.0268941199944636,-3.6158476038344967
SWE,Sweden,SWE,2006,3,2006.5,2006-Q3,2006q3,0.0268764675900865,-3.616504186022054
SWE,Sweden,SWE,2006,4,2006.75,2006-Q4,2006q4,0.02698495279993,-3.612475872035536
SWE,Sweden,SWE,2007,1,2007.0,2007-Q1,2007q1,0.0269246555560685,-3.6147128487394884
SWE,Sweden,SWE,2007,2,2007.25,2007-Q2,2007q2,0.0271032197835139,-3.6081027469541986
SWE,Sweden,SWE,2007,3,2007.5,2007-Q3,2007q3,0.0269955557453153,-3.6120830285515675
SWE,Sweden,SWE,2007,4,2007.75,2007-Q4,2007q4,0.0272362528085761,-3.603206369256746
SWE,Sweden,SWE,2008,1,2008.0,2008-Q1,2008q1,0.0269949110373788,-3.612106910839495
SWE,Sweden,SWE,2008,2,2008.25,2008-Q2,2008q2,0.0266712974952387,-3.624167291981384
SWE,Sweden,SWE,2008,3,2008.5,2008-Q3,2008q3,0.0265241537735751,-3.629699497966492
SWE,Sweden,SWE,2008,4,2008.75,2008-Q4,2008q4,0.0256368049064212,-3.6637262683287104
SWE,Sweden,SWE,2009,1,2009.0,2009-Q1,2009q1,0.0256021163973508,-3.6650802591422273
SWE,Sweden,SWE,2009,2,2009.25,2009-Q2,2009q2,0.0258246614116395,-3.6564253749379105
SWE,Sweden,SWE,2009,3,2009.5,2009-Q3,2009q3,0.0260208424516982,-3.6488574293389604
SWE,Sweden,SWE,2009,4,2009.75,2009-Q4,2009q4,0.0260817808193533,-3.646518261304196
SWE,Sweden,SWE,2010,1,2010.0,2010-Q1,2010q1,0.0265005397058743,-3.6305901799379425
SWE,Sweden,SWE,2010,2,2010.25,2010-Q2,2010q2,0.0270773873123556,-3.609056315933964
SWE,Sweden,SWE,2010,3,2010.5,2010-Q3,2010q3,0.0274285747954312,-3.5961699332595805
SWE,Sweden,SWE,2010,4,2010.75,2010-Q4,2010q4,0.0275304735313875,-3.5924617594166133
SWE,Sweden,SWE,2011,1,2011.0,2011-Q1,2011q1,0.0274765903262594,-3.5944208977011867
SWE,Sweden,SWE,2011,2,2011.25,2011-Q2,2011q2,0.0275171393960456,-3.592946217684414
SWE,Sweden,SWE,2011,3,2011.5,2011-Q3,2011q3,0.0277399089004656,-3.5848831481503898
SWE,Sweden,SWE,2011,4,2011.75,2011-Q4,2011q4,0.026888347245478,-3.6160622741277733
SWE,Sweden,SWE,2012,1,2012.0,2012-Q1,2012q1,0.0271653631714669,-3.605812529972971
SWE,Sweden,SWE,2012,2,2012.25,2012-Q2,2012q2,0.0272305760837166,-3.603414816305914
SWE,Sweden,SWE,2012,3,2012.5,2012-Q3,2012q3,0.0274133698450956,-3.5967244340463362
SWE,Sweden,SWE,2012,4,2012.75,2012-Q4,2012q4,0.027032919366053,-3.6106999198624163
SWE,Sweden,SWE,2013,1,2013.0,2013-Q1,2013q1,0.0271464163321987,-3.6065102364451196
SWE,Sweden,SWE,2013,2,2013.25,2013-Q2,2013q2,0.0271167472401006,-3.6076037626275763
SWE,Sweden,SWE,2013,3,2013.5,2013-Q3,2013q3,0.0272900132995507,-3.601234456920466
SWE,Sweden,SWE,2013,4,2013.75,2013-Q4,2013q4,0.0273787667845356,-3.597987500876316
SWE,Sweden,SWE,2014,1,2014.0,2014-Q1,2014q1,0.0274848131739069,-3.5941216750763925
SWE,Sweden,SWE,2014,2,2014.25,2014-Q2,2014q2,0.0274797899534864,-3.5943044552712333
SWE,Sweden,SWE,2014,3,2014.5,2014-Q3,2014q3,0.0274588654869409,-3.595066194610849
SWE,Sweden,SWE,2014,4,2014.75,2014-Q4,2014q4,0.0275786882170408,-3.5907119705820376
SWE,Sweden,SWE,2015,1,2015.0,2015-Q1,2015q1,0.0278291969218136,-3.5816695604250657
SWE,Sweden,SWE,2015,2,2015.25,2015-Q2,2015q2,0.0284457928004599,-3.559755009821119
SWE,Sweden,SWE,2015,3,2015.5,2015-Q3,2015q3,0.0282458405174474,-3.5668090705507587
SWE,Sweden,SWE,2015,4,2015.75,2015-Q4,2015q4,0.028397577078595,-3.5614514515884133
SWE,Sweden,SWE,2016,1,2016.0,2016-Q1,2016q1,0.0282425097467078,-3.566926998255423
SWE,Sweden,SWE,2016,2,2016.25,2016-Q2,2016q2,0.0282825655929757,-3.56550972095921
SWE,Sweden,SWE,2016,3,2016.5,2016-Q3,2016q3,0.0284520916542152,-3.559533600753228
SWE,Sweden,SWE,2016,4,2016.75,2016-Q4,2016q4,0.0283323671848343,-3.563750411100116
SWE,Sweden,SWE,2017,1,2017.0,2017-Q1,2017q1,0.0283314152674141,-3.563784009895646
SWE,Sweden,SWE,2017,2,2017.25,2017-Q2,2017q2,0.0283117781549215,-3.564477371695815
SWE,Sweden,SWE,2017,3,2017.5,2017-Q3,2017q3,0.0282658299498904,-3.5661016261198517
SWE,Sweden,SWE,2017,4,2017.75,2017-Q4,2017q4,0.0283102005856605,-3.564533094554553
SWE,Sweden,SWE,2018,1,2018.0,2018-Q1,2018q1,0.0282929257005584,-3.565143480827251
SWE,Sweden,SWE,2018,2,2018.25,2018-Q2,2018q2,0.0283960661414948,-3.561504659553773
SWE,Sweden,SWE,2018,3,2018.5,2018-Q3,2018q3,0.0283730958281904,-3.562313912808921
SWE,Sweden,SWE,2018,4,2018.75,2018-Q4,2018q4,0.0285815720976716,-3.5549931010768097
SWE,Sweden,SWE,2019,1,2019.0,2019-Q1,2019q1,0.0286515028429295,-3.5525493819465237
SWE,Sweden,SWE,2019,2,2019.25,2019-Q2,2019q2,0.0290747413745154,-3.53788547573252
SWE,Sweden,SWE,2019,3,2019.5,2019-Q3,2019q3,0.0289135672051062,-3.5434443405586706
SWE,Sweden,SWE,2019,4,2019.75,2019-Q4,2019q4,0.0292093410207773,-3.533266722892522
THA,Thailand,THA,1993,1,1993.0,1993-Q1,1993q1,0.0012832757958982,-6.658339254720683
THA,Thailand,THA,1993,2,1993.25,1993-Q2,1993q2,0.0012909166431118,-6.652402736892532
THA,Thailand,THA,1993,3,1993.5,1993-Q3,1993q3,0.0013689624655988,-6.593702150437518
THA,Thailand,THA,1993,4,1993.75,1993-Q4,1993q4,0.0013825721813434,-6.583809615194081
THA,Thailand,THA,1994,1,1994.0,1994-Q1,1994q1,0.001421169705588,-6.556275010123962
THA,Thailand,THA,1994,2,1994.25,1994-Q2,1994q2,0.0014253066732578,-6.5533682791120045
THA,Thailand,THA,1994,3,1994.5,1994-Q3,1994q3,0.0014336610193681,-6.547523952916089
THA,Thailand,THA,1994,4,1994.75,1994-Q4,1994q4,0.0014789327027681,-6.516434598135841
THA,Thailand,THA,1995,1,1995.0,1995-Q1,1995q1,0.0015079992223098,-6.496971525106187
THA,Thailand,THA,1995,2,1995.25,1995-Q2,1995q2,0.0015424538479425,-6.474380722928949
THA,Thailand,THA,1995,3,1995.5,1995-Q3,1995q3,0.0015349441288445,-6.479261296752311
THA,Thailand,THA,1995,4,1995.75,1995-Q4,1995q4,0.0015617806885322,-6.461928641691003
THA,Thailand,THA,1996,1,1996.0,1996-Q1,1996q1,0.0015792867147059,-6.450781980264533
THA,Thailand,THA,1996,2,1996.25,1996-Q2,1996q2,0.0016588081481851,-6.401655917507958
THA,Thailand,THA,1996,3,1996.5,1996-Q3,1996q3,0.001662091815122,-6.399678340319045
THA,Thailand,THA,1996,4,1996.75,1996-Q4,1996q4,0.0016528094675636,-6.405278731418549
THA,Thailand,THA,1997,1,1997.0,1997-Q1,1997q1,0.0015406805977621,-6.475531013587467
THA,Thailand,THA,1997,2,1997.25,1997-Q2,1997q2,0.0015848504254678,-6.447265244895939
THA,Thailand,THA,1997,3,1997.5,1997-Q3,1997q3,0.00156540802532,-6.459608769917014
THA,Thailand,THA,1997,4,1997.75,1997-Q4,1997q4,0.0015056107813105,-6.4985566283521425
THA,Thailand,THA,1998,1,1998.0,1998-Q1,1998q1,0.001494137221015,-6.506206348420345
THA,Thailand,THA,1998,2,1998.25,1998-Q2,1998q2,0.0014358069721085,-6.546028237928611
THA,Thailand,THA,1998,3,1998.5,1998-Q3,1998q3,0.0014561446153585,-6.531963010404685
THA,Thailand,THA,1998,4,1998.75,1998-Q4,1998q4,0.0015158022513895,-6.491810441306079
THA,Thailand,THA,1999,1,1999.0,1999-Q1,1999q1,0.0015104916267209,-6.495320100535302
THA,Thailand,THA,1999,2,1999.25,1999-Q2,1999q2,0.0015178989560082,-6.490428166118639
THA,Thailand,THA,1999,3,1999.5,1999-Q3,1999q3,0.0015756993244262,-6.453056089741559
THA,Thailand,THA,1999,4,1999.75,1999-Q4,1999q4,0.001582521769113,-6.448735647887004
THA,Thailand,THA,2000,1,2000.0,2000-Q1,2000q1,0.0015653510998077,-6.459645135226532
THA,Thailand,THA,2000,2,2000.25,2000-Q2,2000q2,0.0015627996715538,-6.461276404948597
THA,Thailand,THA,2000,3,2000.5,2000-Q3,2000q3,0.0015742193294437,-6.453995793431742
THA,Thailand,THA,2000,4,2000.75,2000-Q4,2000q4,0.0015817724521315,-6.449209255549954
THA,Thailand,THA,2001,1,2001.0,2001-Q1,2001q1,0.0016924784279069,-6.381561298956619
THA,Thailand,THA,2001,2,2001.25,2001-Q2,2001q2,0.0016839691844821,-6.386601662330559
THA,Thailand,THA,2001,3,2001.5,2001-Q3,2001q3,0.0016421957077593,-6.411721086406739
THA,Thailand,THA,2001,4,2001.75,2001-Q4,2001q4,0.0016637621046639,-6.398673912750901
THA,Thailand,THA,2002,1,2002.0,2002-Q1,2002q1,0.0016972897965229,-6.378722537408035
THA,Thailand,THA,2002,2,2002.25,2002-Q2,2002q2,0.0017340340869081,-6.357304742853853
THA,Thailand,THA,2002,3,2002.5,2002-Q3,2002q3,0.0017222707218431,-6.364111671719484
THA,Thailand,THA,2002,4,2002.75,2002-Q4,2002q4,0.0017398413405408,-6.353961353510417
THA,Thailand,THA,2003,1,2003.0,2003-Q1,2003q1,0.0017675986515484,-6.338133347579444
THA,Thailand,THA,2003,2,2003.25,2003-Q2,2003q2,0.0017893223794937,-6.325918289743066
THA,Thailand,THA,2003,3,2003.5,2003-Q3,2003q3,0.0018194594409259,-6.3092158324900565
THA,Thailand,THA,2003,4,2003.75,2003-Q4,2003q4,0.0018358264873699,-6.3002604970396066
THA,Thailand,THA,2004,1,2004.0,2004-Q1,2004q1,0.0018439551667228,-6.295842467200352
THA,Thailand,THA,2004,2,2004.25,2004-Q2,2004q2,0.0018582576056424,-6.288116001461341
THA,Thailand,THA,2004,3,2004.5,2004-Q3,2004q3,0.0018639522060664,-6.285056203569779
THA,Thailand,THA,2004,4,2004.75,2004-Q4,2004q4,0.0018987071600738,-6.266582066481935
THA,Thailand,THA,2005,1,2005.0,2005-Q1,2005q1,0.0018822738834936,-6.275274720514651
THA,Thailand,THA,2005,2,2005.25,2005-Q2,2005q2,0.0019205859215956,-6.255124971998868
THA,Thailand,THA,2005,3,2005.5,2005-Q3,2005q3,0.0019294530858032,-6.250518691455193
THA,Thailand,THA,2005,4,2005.75,2005-Q4,2005q4,0.0019450842212539,-6.24245000143332
THA,Thailand,THA,2006,1,2006.0,2006-Q1,2006q1,0.0019504804533865,-6.239679550402562
THA,Thailand,THA,2006,2,2006.25,2006-Q2,2006q2,0.0019637722181413,-6.23288805431902
THA,Thailand,THA,2006,3,2006.5,2006-Q3,2006q3,0.0019958303793293,-6.216695084999837
THA,Thailand,THA,2006,4,2006.75,2006-Q4,2006q4,0.002029231881358,-6.200097941101054
THA,Thailand,THA,2007,1,2007.0,2007-Q1,2007q1,0.0020423061064283,-6.1936756652694775
THA,Thailand,THA,2007,2,2007.25,2007-Q2,2007q2,0.0020527913843294,-6.188554761145323
THA,Thailand,THA,2007,3,2007.5,2007-Q3,2007q3,0.0020623499545349,-6.18390919171821
THA,Thailand,THA,2007,4,2007.75,2007-Q4,2007q4,0.0020850546555047,-6.172960210403626
THA,Thailand,THA,2008,1,2008.0,2008-Q1,2008q1,0.0020770400767213,-6.17681143878982
THA,Thailand,THA,2008,2,2008.25,2008-Q2,2008q2,0.0020698228313869,-6.180292264069762
THA,Thailand,THA,2008,3,2008.5,2008-Q3,2008q3,0.0020709840654956,-6.179731390709541
THA,Thailand,THA,2008,4,2008.75,2008-Q4,2008q4,0.0020127099726044,-6.208273219900625
THA,Thailand,THA,2009,1,2009.0,2009-Q1,2009q1,0.0019492922416422,-6.240288925293865
THA,Thailand,THA,2009,2,2009.25,2009-Q2,2009q2,0.0019595437536,-6.235043611612406
THA,Thailand,THA,2009,3,2009.5,2009-Q3,2009q3,0.0020359559878886,-6.196789797478099
THA,Thailand,THA,2009,4,2009.75,2009-Q4,2009q4,0.0020810474637015,-6.174883923708925
THA,Thailand,THA,2010,1,2010.0,2010-Q1,2010q1,0.0021279781702952,-6.152582965875281
THA,Thailand,THA,2010,2,2010.25,2010-Q2,2010q2,0.0021424436202048,-6.1458082227955035
THA,Thailand,THA,2010,3,2010.5,2010-Q3,2010q3,0.0021345788706274,-6.1494859020495625
THA,Thailand,THA,2010,4,2010.75,2010-Q4,2010q4,0.0021397516696818,-6.147065498886561
THA,Thailand,THA,2011,1,2011.0,2011-Q1,2011q1,0.0021821510975357,-6.127444146702149
THA,Thailand,THA,2011,2,2011.25,2011-Q2,2011q2,0.0021477900376963,-6.143315854926788
THA,Thailand,THA,2011,3,2011.5,2011-Q3,2011q3,0.0021608441116626,-6.1372563411891505
THA,Thailand,THA,2011,4,2011.75,2011-Q4,2011q4,0.0020273257807872,-6.201037703761829
THA,Thailand,THA,2012,1,2012.0,2012-Q1,2012q1,0.002213722729612,-6.113079687582519
THA,Thailand,THA,2012,2,2012.25,2012-Q2,2012q2,0.0022435545243034,-6.099693829610481
THA,Thailand,THA,2012,3,2012.5,2012-Q3,2012q3,0.0022574976180445,-6.09349832780348
THA,Thailand,THA,2012,4,2012.75,2012-Q4,2012q4,0.0022988955959012,-6.07532644706343
THA,Thailand,THA,2013,1,2013.0,2013-Q1,2013q1,0.0023052033977091,-6.072586364470392
THA,Thailand,THA,2013,2,2013.25,2013-Q2,2013q2,0.0022915929712534,-6.078508082613207
THA,Thailand,THA,2013,3,2013.5,2013-Q3,2013q3,0.0023373590096189,-6.058733615361137
THA,Thailand,THA,2013,4,2013.75,2013-Q4,2013q4,0.0023233477861583,-6.064746122169057
THA,Thailand,THA,2014,1,2014.0,2014-Q1,2014q1,0.0023475508718972,-6.054382676446928
THA,Thailand,THA,2014,2,2014.25,2014-Q2,2014q2,0.0023798374378359,-6.040723097061833
THA,Thailand,THA,2014,3,2014.5,2014-Q3,2014q3,0.0024006304776363,-6.032023877112457
THA,Thailand,THA,2014,4,2014.75,2014-Q4,2014q4,0.0024283369037389,-6.020548657693014
THA,Thailand,THA,2015,1,2015.0,2015-Q1,2015q1,0.0024386630693445,-6.016305312241155
THA,Thailand,THA,2015,2,2015.25,2015-Q2,2015q2,0.0024544000121292,-6.009872941849518
THA,Thailand,THA,2015,3,2015.5,2015-Q3,2015q3,0.0024894325083139,-5.995700502788236
THA,Thailand,THA,2015,4,2015.75,2015-Q4,2015q4,0.0024889834977327,-5.99588088569793
THA,Thailand,THA,2016,1,2016.0,2016-Q1,2016q1,0.0025229087446666,-5.982342779352453
THA,Thailand,THA,2016,2,2016.25,2016-Q2,2016q2,0.0025778875222992,-5.960785005246586
THA,Thailand,THA,2016,3,2016.5,2016-Q3,2016q3,0.0025723161432851,-5.962948562864558
THA,Thailand,THA,2016,4,2016.75,2016-Q4,2016q4,0.0026311442434056,-5.940336453871262
THA,Thailand,THA,2017,1,2017.0,2017-Q1,2017q1,0.0026400073843809,-5.936973564713846
THA,Thailand,THA,2017,2,2017.25,2017-Q2,2017q2,0.0026898441543893,-5.91827202221796
THA,Thailand,THA,2017,3,2017.5,2017-Q3,2017q3,0.0027340254462086,-5.901980233405258
THA,Thailand,THA,2017,4,2017.75,2017-Q4,2017q4,0.0027420942186227,-5.899033337154925
THA,Thailand,THA,2018,1,2018.0,2018-Q1,2018q1,0.0027836228949681,-5.884002000078381
THA,Thailand,THA,2018,2,2018.25,2018-Q2,2018q2,0.0027956292628618,-5.879698058945129
THA,Thailand,THA,2018,3,2018.5,2018-Q3,2018q3,0.0027735692774576,-5.887620240429541
THA,Thailand,THA,2018,4,2018.75,2018-Q4,2018q4,0.002786795443101,-5.882862929982247
THA,Thailand,THA,2019,1,2019.0,2019-Q1,2019q1,0.0028307736337198,-5.867205235879851
THA,Thailand,THA,2019,2,2019.25,2019-Q2,2019q2,0.0028700851520344,-5.853413579952347
THA,Thailand,THA,2019,3,2019.5,2019-Q3,2019q3,0.0029053295311345,-5.841208459264978
THA,Thailand,THA,2019,4,2019.75,2019-Q4,2019q4,0.0028515863295705,-5.859879832682881
TUN,Tunisia,TUN,2000,1,2000.0,2000-Q1,2000q1,0.0029979788242608,-5.809816942615269
TUN,Tunisia,TUN,2000,2,2000.25,2000-Q2,2000q2,0.0030111867305233,-5.805421015290117
TUN,Tunisia,TUN,2000,3,2000.5,2000-Q3,2000q3,0.0030605946420238,-5.789146054438224
TUN,Tunisia,TUN,2000,4,2000.75,2000-Q4,2000q4,0.0031054450327862,-5.774598246077705
TUN,Tunisia,TUN,2001,1,2001.0,2001-Q1,2001q1,0.0031073746265562,-5.773977080829767
TUN,Tunisia,TUN,2001,2,2001.25,2001-Q2,2001q2,0.0030927408893572,-5.77869756203209
TUN,Tunisia,TUN,2001,3,2001.5,2001-Q3,2001q3,0.0030633302238879,-5.788252646336082
TUN,Tunisia,TUN,2001,4,2001.75,2001-Q4,2001q4,0.0030701587878128,-5.786025996305996
TUN,Tunisia,TUN,2002,1,2002.0,2002-Q1,2002q1,0.0030509298946949,-5.792308851323824
TUN,Tunisia,TUN,2002,2,2002.25,2002-Q2,2002q2,0.0030489704058487,-5.7929513172059055
TUN,Tunisia,TUN,2002,3,2002.5,2002-Q3,2002q3,0.0030392599461058,-5.796141231981023
TUN,Tunisia,TUN,2002,4,2002.75,2002-Q4,2002q4,0.0030551370287671,-5.7909308334309015
TUN,Tunisia,TUN,2003,1,2003.0,2003-Q1,2003q1,0.003035822660124,-5.7972728334986945
TUN,Tunisia,TUN,2003,2,2003.25,2003-Q2,2003q2,0.0031066826785803,-5.7741997849165765
TUN,Tunisia,TUN,2003,3,2003.5,2003-Q3,2003q3,0.0031459689323396,-5.761633349684195
TUN,Tunisia,TUN,2003,4,2003.75,2003-Q4,2003q4,0.0031693174188329,-5.7542390395680725
TUN,Tunisia,TUN,2004,1,2004.0,2004-Q1,2004q1,0.0032099846853028,-5.741489112785301
TUN,Tunisia,TUN,2004,2,2004.25,2004-Q2,2004q2,0.0032097282938521,-5.741568989082471
TUN,Tunisia,TUN,2004,3,2004.5,2004-Q3,2004q3,0.0032483957735712,-5.729594012637027
TUN,Tunisia,TUN,2004,4,2004.75,2004-Q4,2004q4,0.0032477327941853,-5.729798127866979
TUN,Tunisia,TUN,2005,1,2005.0,2005-Q1,2005q1,0.0032174750746178,-5.739158365340534
TUN,Tunisia,TUN,2005,2,2005.25,2005-Q2,2005q2,0.0032577240215976,-5.726726480309908
TUN,Tunisia,TUN,2005,3,2005.5,2005-Q3,2005q3,0.0032747783972436,-5.721505077148085
TUN,Tunisia,TUN,2005,4,2005.75,2005-Q4,2005q4,0.0032932525753205,-5.715879577854947
TUN,Tunisia,TUN,2006,1,2006.0,2006-Q1,2006q1,0.0033133161133269,-5.70980574418031
TUN,Tunisia,TUN,2006,2,2006.25,2006-Q2,2006q2,0.0033309409901672,-5.704500435278098
TUN,Tunisia,TUN,2006,3,2006.5,2006-Q3,2006q3,0.003342328097084,-5.7010876797545444
TUN,Tunisia,TUN,2006,4,2006.75,2006-Q4,2006q4,0.0033847036278898,-5.688488930988746
TUN,Tunisia,TUN,2007,1,2007.0,2007-Q1,2007q1,0.0034506370588653,-5.669196410241892
TUN,Tunisia,TUN,2007,2,2007.25,2007-Q2,2007q2,0.0034814365049541,-5.66031028158969
TUN,Tunisia,TUN,2007,3,2007.5,2007-Q3,2007q3,0.0034714377305149,-5.663186439274498
TUN,Tunisia,TUN,2007,4,2007.75,2007-Q4,2007q4,0.0034945117361694,-5.656561616583879
TUN,Tunisia,TUN,2008,1,2008.0,2008-Q1,2008q1,0.0035491862597584,-5.641036924373597
TUN,Tunisia,TUN,2008,2,2008.25,2008-Q2,2008q2,0.0035203715170594,-5.649188750322425
TUN,Tunisia,TUN,2008,3,2008.5,2008-Q3,2008q3,0.003553704251653,-5.639764768341721
TUN,Tunisia,TUN,2008,4,2008.75,2008-Q4,2008q4,0.0035429063204855,-5.642807894180653
TUN,Tunisia,TUN,2009,1,2009.0,2009-Q1,2009q1,0.0035499134013302,-5.640832069783844
TUN,Tunisia,TUN,2009,2,2009.25,2009-Q2,2009q2,0.0035896703508715,-5.629694904967833
TUN,Tunisia,TUN,2009,3,2009.5,2009-Q3,2009q3,0.0036163902914944,-5.622278907682036
TUN,Tunisia,TUN,2009,4,2009.75,2009-Q4,2009q4,0.0036400808958907,-5.615749373434643
TUN,Tunisia,TUN,2010,1,2010.0,2010-Q1,2010q1,0.0036541819038542,-5.611883040148771
TUN,Tunisia,TUN,2010,2,2010.25,2010-Q2,2010q2,0.0036486133812714,-5.613408079108411
TUN,Tunisia,TUN,2010,3,2010.5,2010-Q3,2010q3,0.0036733892677697,-5.606640536880875
TUN,Tunisia,TUN,2010,4,2010.75,2010-Q4,2010q4,0.0036267845993674,-5.619408808543233
TUN,Tunisia,TUN,2011,1,2011.0,2011-Q1,2011q1,0.0037103122267027,-5.596639247763002
TUN,Tunisia,TUN,2011,2,2011.25,2011-Q2,2011q2,0.0037311837711128,-5.591029730766405
TUN,Tunisia,TUN,2011,3,2011.5,2011-Q3,2011q3,0.003738364188634,-5.5891071459536
TUN,Tunisia,TUN,2011,4,2011.75,2011-Q4,2011q4,0.0037443130065327,-5.5875171216890624
TUN,Tunisia,TUN,2012,1,2012.0,2012-Q1,2012q1,0.0037368263517146,-5.589518596854495
TUN,Tunisia,TUN,2012,2,2012.25,2012-Q2,2012q2,0.0037504413903986,-5.585881741820109
TUN,Tunisia,TUN,2012,3,2012.5,2012-Q3,2012q3,0.0038007686146109,-5.572551965700141
TUN,Tunisia,TUN,2012,4,2012.75,2012-Q4,2012q4,0.0038155786642851,-5.5686629444152445
TUN,Tunisia,TUN,2013,1,2013.0,2013-Q1,2013q1,0.0037457457750728,-5.587134542967226
TUN,Tunisia,TUN,2013,2,2013.25,2013-Q2,2013q2,0.0037579801386024,-5.583873663102648
TUN,Tunisia,TUN,2013,3,2013.5,2013-Q3,2013q3,0.00376961828725,-5.580781532714664
TUN,Tunisia,TUN,2013,4,2013.75,2013-Q4,2013q4,0.0037856076492,-5.576548863577853
TUN,Tunisia,TUN,2014,1,2014.0,2014-Q1,2014q1,0.003891723905537,-5.5489030561425485
TUN,Tunisia,TUN,2014,2,2014.25,2014-Q2,2014q2,0.003891148578106,-5.549050900639104
TUN,Tunisia,TUN,2014,3,2014.5,2014-Q3,2014q3,0.0039041148181862,-5.5457242004677125
TUN,Tunisia,TUN,2014,4,2014.75,2014-Q4,2014q4,0.0039075265436009,-5.54485070270364
TUN,Tunisia,TUN,2015,1,2015.0,2015-Q1,2015q1,0.0038428127322401,-5.561550698162581
TUN,Tunisia,TUN,2015,2,2015.25,2015-Q2,2015q2,0.0038237857827983,-5.566514304504817
TUN,Tunisia,TUN,2015,3,2015.5,2015-Q3,2015q3,0.0038143319189761,-5.568989749115376
TUN,Tunisia,TUN,2015,4,2015.75,2015-Q4,2015q4,0.0038270983521924,-5.565648373314998
TUN,Tunisia,TUN,2016,1,2016.0,2016-Q1,2016q1,0.0038292642223529,-5.565082603291129
TUN,Tunisia,TUN,2016,2,2016.25,2016-Q2,2016q2,0.0038280359881648,-5.565403404138651
TUN,Tunisia,TUN,2016,3,2016.5,2016-Q3,2016q3,0.0038214906907918,-5.567114699293252
TUN,Tunisia,TUN,2016,4,2016.75,2016-Q4,2016q4,0.0038582532523862,-5.557540723214415
TUN,Tunisia,TUN,2017,1,2017.0,2017-Q1,2017q1,0.0038695318214176,-5.55462175563656
TUN,Tunisia,TUN,2017,2,2017.25,2017-Q2,2017q2,0.0038531217569108,-5.55887161328957
TUN,Tunisia,TUN,2017,3,2017.5,2017-Q3,2017q3,0.0038671790297428,-5.555229970624193
TUN,Tunisia,TUN,2017,4,2017.75,2017-Q4,2017q4,0.0039107959417056,-5.544014360047933
TUN,Tunisia,TUN,2018,1,2018.0,2018-Q1,2018q1,0.0039194826778406,-5.541795603827187
TUN,Tunisia,TUN,2018,2,2018.25,2018-Q2,2018q2,0.0039248161078652,-5.540435780344644
TUN,Tunisia,TUN,2018,3,2018.5,2018-Q3,2018q3,0.0039352816504508,-5.537772823956071
TUN,Tunisia,TUN,2018,4,2018.75,2018-Q4,2018q4,0.003955643145927,-5.532612075072308
TUN,Tunisia,TUN,2019,1,2019.0,2019-Q1,2019q1,0.0039431230736192,-5.535782211380972
TUN,Tunisia,TUN,2019,2,2019.25,2019-Q2,2019q2,0.0039510134705881,-5.5337831581463695
TUN,Tunisia,TUN,2019,3,2019.5,2019-Q3,2019q3,0.0039544542597993,-5.532912674692179
TUN,Tunisia,TUN,2019,4,2019.75,2019-Q4,2019q4,0.0039605815008642,-5.531364420843646
TUR,Turkey,TUR,1990,1,1990.0,1990-Q1,1990q1,0.0051815715884903,-5.262646873264393
TUR,Turkey,TUR,1990,2,1990.25,1990-Q2,1990q2,0.0053870006701068,-5.223766510890431
TUR,Turkey,TUR,1990,3,1990.5,1990-Q3,1990q3,0.0051295866797804,-5.272730192288922
TUR,Turkey,TUR,1990,4,1990.75,1990-Q4,1990q4,0.0054508080193354,-5.211991420867962
TUR,Turkey,TUR,1991,1,1991.0,1991-Q1,1991q1,0.0050340525117282,-5.291529950911381
TUR,Turkey,TUR,1991,2,1991.25,1991-Q2,1991q2,0.0052291346471565,-5.253509474029931
TUR,Turkey,TUR,1991,3,1991.5,1991-Q3,1991q3,0.0053281459125899,-5.234751960122436
TUR,Turkey,TUR,1991,4,1991.75,1991-Q4,1991q4,0.0052991854849181,-5.240202152325288
TUR,Turkey,TUR,1992,1,1992.0,1992-Q1,1992q1,0.0052795637244303,-5.243911812626651
TUR,Turkey,TUR,1992,2,1992.25,1992-Q2,1992q2,0.0053537365646847,-5.229960538552724
TUR,Turkey,TUR,1992,3,1992.5,1992-Q3,1992q3,0.0055343888923404,-5.19677412680485
TUR,Turkey,TUR,1992,4,1992.75,1992-Q4,1992q4,0.0054479276183423,-5.212519996136859
TUR,Turkey,TUR,1993,1,1993.0,1993-Q1,1993q1,0.0054545692661203,-5.211301624112547
TUR,Turkey,TUR,1993,2,1993.25,1993-Q2,1993q2,0.0057728965271355,-5.154581326650407
TUR,Turkey,TUR,1993,3,1993.5,1993-Q3,1993q3,0.0058234670104405,-5.1458594883400774
TUR,Turkey,TUR,1993,4,1993.75,1993-Q4,1993q4,0.005881400867587,-5.135960302660003
TUR,Turkey,TUR,1994,1,1994.0,1994-Q1,1994q1,0.0055345870392505,-5.196738324593092
TUR,Turkey,TUR,1994,2,1994.25,1994-Q2,1994q2,0.005079765340319,-5.28249021130926
TUR,Turkey,TUR,1994,3,1994.5,1994-Q3,1994q3,0.0054835111199755,-5.206009667868647
TUR,Turkey,TUR,1994,4,1994.75,1994-Q4,1994q4,0.0055006727412324,-5.202884877636067
TUR,Turkey,TUR,1995,1,1995.0,1995-Q1,1995q1,0.0053764068601587,-5.225734997791847
TUR,Turkey,TUR,1995,2,1995.25,1995-Q2,1995q2,0.0056652632060082,-5.173401923797158
TUR,Turkey,TUR,1995,3,1995.5,1995-Q3,1995q3,0.0060014725975104,-5.115750406949414
TUR,Turkey,TUR,1995,4,1995.75,1995-Q4,1995q4,0.0058466632566511,-5.1418841639473545
TUR,Turkey,TUR,1996,1,1996.0,1996-Q1,1996q1,0.00562673335555,-5.180226226262982
TUR,Turkey,TUR,1996,2,1996.25,1996-Q2,1996q2,0.0056261901491726,-5.180322771196855
TUR,Turkey,TUR,1996,3,1996.5,1996-Q3,1996q3,0.0052588252649328,-5.247847610838161
TUR,Turkey,TUR,1996,4,1996.75,1996-Q4,1996q4,0.0055829804120966,-5.1880325211507365
TUR,Turkey,TUR,1997,1,1997.0,1997-Q1,1997q1,0.005736359769993,-5.160930456244296
TUR,Turkey,TUR,1997,2,1997.25,1997-Q2,1997q2,0.0058787351715324,-5.13641364709265
TUR,Turkey,TUR,1997,3,1997.5,1997-Q3,1997q3,0.0057111778253284,-5.16533000244773
TUR,Turkey,TUR,1997,4,1997.75,1997-Q4,1997q4,0.0059577279082513,-5.123066094036779
TUR,Turkey,TUR,1998,1,1998.0,1998-Q1,1998q1,0.0059895927018998,-5.117731865510575
TUR,Turkey,TUR,1998,2,1998.25,1998-Q2,1998q2,0.0058665076406436,-5.1384957726820115
TUR,Turkey,TUR,1998,3,1998.5,1998-Q3,1998q3,0.0058349278951342,-5.143893370623449
TUR,Turkey,TUR,1998,4,1998.75,1998-Q4,1998q4,0.0056560205348273,-5.1750347197672815
TUR,Turkey,TUR,1999,1,1999.0,1999-Q1,1999q1,0.0055992404180198,-5.185124330080242
TUR,Turkey,TUR,1999,2,1999.25,1999-Q2,1999q2,0.0055354158933125,-5.196588576834469
TUR,Turkey,TUR,1999,3,1999.5,1999-Q3,1999q3,0.005538418266935,-5.196046330372654
TUR,Turkey,TUR,1999,4,1999.75,1999-Q4,1999q4,0.005624704127331,-5.18058693186066
TUR,Turkey,TUR,2000,1,2000.0,2000-Q1,2000q1,0.0056868321593255,-5.16960192413581
TUR,Turkey,TUR,2000,2,2000.25,2000-Q2,2000q2,0.0058310617761524,-5.14455617236291
TUR,Turkey,TUR,2000,3,2000.5,2000-Q3,2000q3,0.0059306921532795,-5.127614352163335
TUR,Turkey,TUR,2000,4,2000.75,2000-Q4,2000q4,0.0060255718859343,-5.111742885282656
TUR,Turkey,TUR,2001,1,2001.0,2001-Q1,2001q1,0.0058608684081749,-5.139457493851329
TUR,Turkey,TUR,2001,2,2001.25,2001-Q2,2001q2,0.0054524621214015,-5.211688006927476
TUR,Turkey,TUR,2001,3,2001.5,2001-Q3,2001q3,0.0055049061912832,-5.202115549591524
TUR,Turkey,TUR,2001,4,2001.75,2001-Q4,2001q4,0.0054216519283603,-5.217354726137425
TUR,Turkey,TUR,2002,1,2002.0,2002-Q1,2002q1,0.0057759751048578,-5.154048187501696
TUR,Turkey,TUR,2002,2,2002.25,2002-Q2,2002q2,0.0059270271135496,-5.128232521604548
TUR,Turkey,TUR,2002,3,2002.5,2002-Q3,2002q3,0.0060067436924852,-5.114872492164061
TUR,Turkey,TUR,2002,4,2002.75,2002-Q4,2002q4,0.0061328024713884,-5.094103460359262
TUR,Turkey,TUR,2003,1,2003.0,2003-Q1,2003q1,0.0062182249722002,-5.080270787202368
TUR,Turkey,TUR,2003,2,2003.25,2003-Q2,2003q2,0.0062372643999786,-5.07721359016438
TUR,Turkey,TUR,2003,3,2003.5,2003-Q3,2003q3,0.0064525964523364,-5.043272678426442
TUR,Turkey,TUR,2003,4,2003.75,2003-Q4,2003q4,0.0066244076316064,-5.016994325204677
TUR,Turkey,TUR,2004,1,2004.0,2004-Q1,2004q1,0.007256874398677,-4.925806066445534
TUR,Turkey,TUR,2004,2,2004.25,2004-Q2,2004q2,0.0075359918711076,-4.888064820383338
TUR,Turkey,TUR,2004,3,2004.5,2004-Q3,2004q3,0.0076243180122994,-4.876412401498662
TUR,Turkey,TUR,2004,4,2004.75,2004-Q4,2004q4,0.0077380321282725,-4.861607870699965
TUR,Turkey,TUR,2005,1,2005.0,2005-Q1,2005q1,0.007750445495771,-4.860004953943694
TUR,Turkey,TUR,2005,2,2005.25,2005-Q2,2005q2,0.0079088914363441,-4.8397676541360966
TUR,Turkey,TUR,2005,3,2005.5,2005-Q3,2005q3,0.0081596960765645,-4.808548356218809
TUR,Turkey,TUR,2005,4,2005.75,2005-Q4,2005q4,0.0083441143361546,-4.786198858578579
TUR,Turkey,TUR,2006,1,2006.0,2006-Q1,2006q1,0.0084009056563949,-4.779415762707134
TUR,Turkey,TUR,2006,2,2006.25,2006-Q2,2006q2,0.0085115802508783,-4.766327660230535
TUR,Turkey,TUR,2006,3,2006.5,2006-Q3,2006q3,0.0084107357093003,-4.778246328526158
TUR,Turkey,TUR,2006,4,2006.75,2006-Q4,2006q4,0.0085697625596888,-4.759515252743571
TUR,Turkey,TUR,2007,1,2007.0,2007-Q1,2007q1,0.0086254091727,-4.753042876876926
TUR,Turkey,TUR,2007,2,2007.25,2007-Q2,2007q2,0.00856870658467,-4.759638481371664
TUR,Turkey,TUR,2007,3,2007.5,2007-Q3,2007q3,0.008674602826994,-4.747355737829133
TUR,Turkey,TUR,2007,4,2007.75,2007-Q4,2007q4,0.0092052355316634,-4.6879828772628604
TUR,Turkey,TUR,2008,1,2008.0,2008-Q1,2008q1,0.009092715465336,-4.700281684343922
TUR,Turkey,TUR,2008,2,2008.25,2008-Q2,2008q2,0.0086093408973966,-4.754907514297679
TUR,Turkey,TUR,2008,3,2008.5,2008-Q3,2008q3,0.0085055474597997,-4.767036686034878
TUR,Turkey,TUR,2008,4,2008.75,2008-Q4,2008q4,0.0084805970352271,-4.769974426559113
TUR,Turkey,TUR,2009,1,2009.0,2009-Q1,2009q1,0.0079629503536149,-4.832955700359581
TUR,Turkey,TUR,2009,2,2009.25,2009-Q2,2009q2,0.008274152200204,-4.794618816115245
TUR,Turkey,TUR,2009,3,2009.5,2009-Q3,2009q3,0.0083014306891731,-4.791327406844434
TUR,Turkey,TUR,2009,4,2009.75,2009-Q4,2009q4,0.0082690957588886,-4.795230115841317
TUR,Turkey,TUR,2010,1,2010.0,2010-Q1,2010q1,0.0080824234479898,-4.818063519737742
TUR,Turkey,TUR,2010,2,2010.25,2010-Q2,2010q2,0.0082743361881032,-4.794596579897061
TUR,Turkey,TUR,2010,3,2010.5,2010-Q3,2010q3,0.0085466600584435,-4.762214708791115
TUR,Turkey,TUR,2010,4,2010.75,2010-Q4,2010q4,0.0086385219781016,-4.751523778149212
TUR,Turkey,TUR,2011,1,2011.0,2011-Q1,2011q1,0.0084972209560754,-4.768016115288545
TUR,Turkey,TUR,2011,2,2011.25,2011-Q2,2011q2,0.0086568392960958,-4.7494056003843825
TUR,Turkey,TUR,2011,3,2011.5,2011-Q3,2011q3,0.0087921822574087,-4.7338923321811315
TUR,Turkey,TUR,2011,4,2011.75,2011-Q4,2011q4,0.0088780182950422,-4.724176911855792
TUR,Turkey,TUR,2012,1,2012.0,2012-Q1,2012q1,0.0088370577698364,-4.728801289199741
TUR,Turkey,TUR,2012,2,2012.25,2012-Q2,2012q2,0.0088059202933229,-4.732331023095069
TUR,Turkey,TUR,2012,3,2012.5,2012-Q3,2012q3,0.0089393720228259,-4.7172899357956855
TUR,Turkey,TUR,2012,4,2012.75,2012-Q4,2012q4,0.0088593069753584,-4.726286736909959
TUR,Turkey,TUR,2013,1,2013.0,2013-Q1,2013q1,0.0091220700242291,-4.697058524310219
TUR,Turkey,TUR,2013,2,2013.25,2013-Q2,2013q2,0.0093765425810322,-4.669544178684441
TUR,Turkey,TUR,2013,3,2013.5,2013-Q3,2013q3,0.009496143684666,-4.6568694907165815
TUR,Turkey,TUR,2013,4,2013.75,2013-Q4,2013q4,0.0094656623202039,-4.660084521047548
TUR,Turkey,TUR,2014,1,2014.0,2014-Q1,2014q1,0.009632051331282,-4.642659061185479
TUR,Turkey,TUR,2014,2,2014.25,2014-Q2,2014q2,0.0095165355961372,-4.654724404378218
TUR,Turkey,TUR,2014,3,2014.5,2014-Q3,2014q3,0.0096947061690939,-4.636175298215199
TUR,Turkey,TUR,2014,4,2014.75,2014-Q4,2014q4,0.0097110844937118,-4.634487314582749
TUR,Turkey,TUR,2015,1,2015.0,2015-Q1,2015q1,0.0097897812992192,-4.626416161890549
TUR,Turkey,TUR,2015,2,2015.25,2015-Q2,2015q2,0.0099539051395162,-4.60979032847704
TUR,Turkey,TUR,2015,3,2015.5,2015-Q3,2015q3,0.0099346217813129,-4.611729473022297
TUR,Turkey,TUR,2015,4,2015.75,2015-Q4,2015q4,0.0100502576948782,-4.600157003524371
TUR,Turkey,TUR,2016,1,2016.0,2016-Q1,2016q1,0.0099395717365965,-4.61123134409128
TUR,Turkey,TUR,2016,2,2016.25,2016-Q2,2016q2,0.0100257351073086,-4.602599981065498
TUR,Turkey,TUR,2016,3,2016.5,2016-Q3,2016q3,0.0098351485781402,-4.621792720174371
TUR,Turkey,TUR,2016,4,2016.75,2016-Q4,2016q4,0.010331900574499,-4.572519026859208
TUR,Turkey,TUR,2017,1,2017.0,2017-Q1,2017q1,0.010288968670038,-4.57668296058892
TUR,Turkey,TUR,2017,2,2017.25,2017-Q2,2017q2,0.0103829211986499,-4.56759301514836
TUR,Turkey,TUR,2017,3,2017.5,2017-Q3,2017q3,0.0104979221560105,-4.5565779313052115
TUR,Turkey,TUR,2017,4,2017.75,2017-Q4,2017q4,0.0105715321503455,-4.549590536875625
TUR,Turkey,TUR,2018,1,2018.0,2018-Q1,2018q1,0.0106813240010543,-4.53925848299758
TUR,Turkey,TUR,2018,2,2018.25,2018-Q2,2018q2,0.0107215404809344,-4.535500432083863
TUR,Turkey,TUR,2018,3,2018.5,2018-Q3,2018q3,0.0105900799176704,-4.547837572875069
TUR,Turkey,TUR,2018,4,2018.75,2018-Q4,2018q4,0.0104416626030745,-4.561951456039028
TUR,Turkey,TUR,2019,1,2019.0,2019-Q1,2019q1,0.0108314848962799,-4.5252981178314275
TUR,Turkey,TUR,2019,2,2019.25,2019-Q2,2019q2,0.0110578757330757,-4.504612368869122
TUR,Turkey,TUR,2019,3,2019.5,2019-Q3,2019q3,0.0110084739526627,-4.509089943425242
TUR,Turkey,TUR,2019,4,2019.75,2019-Q4,2019q4,0.0111433078382996,-4.496916155138931
URY,Uruguay,URY,1997,1,1997.0,1997-Q1,1997q1,0.0068862338121496,-4.978230959929851
URY,Uruguay,URY,1997,2,1997.25,1997-Q2,1997q2,0.0076322520852286,-4.8753723153464374
URY,Uruguay,URY,1997,3,1997.5,1997-Q3,1997q3,0.0075248172915892,-4.889548748829448
URY,Uruguay,URY,1997,4,1997.75,1997-Q4,1997q4,0.0075385236387642,-4.8877289200117815
URY,Uruguay,URY,1998,1,1998.0,1998-Q1,1998q1,0.0079027782999457,-4.840540897797891
URY,Uruguay,URY,1998,2,1998.25,1998-Q2,1998q2,0.0078562105778681,-4.8464509035707675
URY,Uruguay,URY,1998,3,1998.5,1998-Q3,1998q3,0.0080850353048165,-4.817740419256788
URY,Uruguay,URY,1998,4,1998.75,1998-Q4,1998q4,0.0083713738703301,-4.7829372657367415
URY,Uruguay,URY,1999,1,1999.0,1999-Q1,1999q1,0.0081052393551267,-4.815244592444408
URY,Uruguay,URY,1999,2,1999.25,1999-Q2,1999q2,0.0082465502790605,-4.797960314076464
URY,Uruguay,URY,1999,3,1999.5,1999-Q3,1999q3,0.008258672635192,-4.796491402281188
URY,Uruguay,URY,1999,4,1999.75,1999-Q4,1999q4,0.0082571654683507,-4.796673913981295
URY,Uruguay,URY,2000,1,2000.0,2000-Q1,2000q1,0.0081698359305617,-4.8073064522504625
URY,Uruguay,URY,2000,2,2000.25,2000-Q2,2000q2,0.0084501226675771,-4.773574320845394
URY,Uruguay,URY,2000,3,2000.5,2000-Q3,2000q3,0.0080039875981145,-4.827815411722807
URY,Uruguay,URY,2000,4,2000.75,2000-Q4,2000q4,0.0079952851421222,-4.828903268276267
URY,Uruguay,URY,2001,1,2001.0,2001-Q1,2001q1,0.0082754909045758,-4.794457035662792
URY,Uruguay,URY,2001,2,2001.25,2001-Q2,2001q2,0.0080953175888823,-4.8164694599004045
URY,Uruguay,URY,2001,3,2001.5,2001-Q3,2001q3,0.0081345349260645,-4.811636709451889
URY,Uruguay,URY,2001,4,2001.75,2001-Q4,2001q4,0.0078465052979763,-4.847687031283241
URY,Uruguay,URY,2002,1,2002.0,2002-Q1,2002q1,0.007723767994101,-4.86345295188136
URY,Uruguay,URY,2002,2,2002.25,2002-Q2,2002q2,0.0079663868847606,-4.832524228397178
URY,Uruguay,URY,2002,3,2002.5,2002-Q3,2002q3,0.0078773786952342,-4.843760083342656
URY,Uruguay,URY,2002,4,2002.75,2002-Q4,2002q4,0.0079986408956093,-4.828483639783748
URY,Uruguay,URY,2003,1,2003.0,2003-Q1,2003q1,0.0079872970936248,-4.829902862590216
URY,Uruguay,URY,2003,2,2003.25,2003-Q2,2003q2,0.0082974636332583,-4.791805397235031
URY,Uruguay,URY,2003,3,2003.5,2003-Q3,2003q3,0.0080805934298358,-4.8182899648594235
URY,Uruguay,URY,2003,4,2003.75,2003-Q4,2003q4,0.0081861673951399,-4.805309452166703
URY,Uruguay,URY,2004,1,2004.0,2004-Q1,2004q1,0.0081811037560626,-4.805928203966203
URY,Uruguay,URY,2004,2,2004.25,2004-Q2,2004q2,0.007992687158593,-4.829228260527092
URY,Uruguay,URY,2004,3,2004.5,2004-Q3,2004q3,0.0080931171717587,-4.816741310412167
URY,Uruguay,URY,2004,4,2004.75,2004-Q4,2004q4,0.0082301099601923,-4.799955903484201
URY,Uruguay,URY,2005,1,2005.0,2005-Q1,2005q1,0.0085463702360911,-4.762248619963965
URY,Uruguay,URY,2005,2,2005.25,2005-Q2,2005q2,0.0086551968837356,-4.7495953426363124
URY,Uruguay,URY,2005,3,2005.5,2005-Q3,2005q3,0.0089631443795008,-4.714634178346514
URY,Uruguay,URY,2005,4,2005.75,2005-Q4,2005q4,0.0091420919599922,-4.6948660400559925
URY,Uruguay,URY,2006,1,2006.0,2006-Q1,2006q1,0.0067219423882466,-5.002378120342759
URY,Uruguay,URY,2006,2,2006.25,2006-Q2,2006q2,0.0066628454284634,-5.011208644160486
URY,Uruguay,URY,2006,3,2006.5,2006-Q3,2006q3,0.006619268372645,-5.017770432868096
URY,Uruguay,URY,2006,4,2006.75,2006-Q4,2006q4,0.0066442707939775,-5.0140003303889475
URY,Uruguay,URY,2007,1,2007.0,2007-Q1,2007q1,0.0068302502243055,-4.986393970008224
URY,Uruguay,URY,2007,2,2007.25,2007-Q2,2007q2,0.006891239082712,-4.977504372286268
URY,Uruguay,URY,2007,3,2007.5,2007-Q3,2007q3,0.006975688400027,-4.9653242608004
URY,Uruguay,URY,2007,4,2007.75,2007-Q4,2007q4,0.0070809997209321,-4.950340177723304
URY,Uruguay,URY,2008,1,2008.0,2008-Q1,2008q1,0.0071360569388637,-4.942594904635407
URY,Uruguay,URY,2008,2,2008.25,2008-Q2,2008q2,0.0072165143102411,-4.931383225169486
URY,Uruguay,URY,2008,3,2008.5,2008-Q3,2008q3,0.0074090562382718,-4.905052211041697
URY,Uruguay,URY,2008,4,2008.75,2008-Q4,2008q4,0.0073549759094733,-4.912378200328621
URY,Uruguay,URY,2009,1,2009.0,2009-Q1,2009q1,0.0071634785463197,-4.938759585495428
URY,Uruguay,URY,2009,2,2009.25,2009-Q2,2009q2,0.0073374357897795,-4.914765844833231
URY,Uruguay,URY,2009,3,2009.5,2009-Q3,2009q3,0.007445418738279,-4.900156370199605
URY,Uruguay,URY,2009,4,2009.75,2009-Q4,2009q4,0.0076643669458695,-4.871173360301411
URY,Uruguay,URY,2010,1,2010.0,2010-Q1,2010q1,0.007366539071606,-4.910807279873014
URY,Uruguay,URY,2010,2,2010.25,2010-Q2,2010q2,0.0080501809971014,-4.822060703692454
URY,Uruguay,URY,2010,3,2010.5,2010-Q3,2010q3,0.0079042622531589,-4.840353139284515
URY,Uruguay,URY,2010,4,2010.75,2010-Q4,2010q4,0.0072847360100213,-4.921974077462901
URY,Uruguay,URY,2011,1,2011.0,2011-Q1,2011q1,0.0070425232714254,-4.955788753792454
URY,Uruguay,URY,2011,2,2011.25,2011-Q2,2011q2,0.007053628037885,-4.954213179224167
URY,Uruguay,URY,2011,3,2011.5,2011-Q3,2011q3,0.0072414609991529,-4.92793229747937
URY,Uruguay,URY,2011,4,2011.75,2011-Q4,2011q4,0.0071669485083175,-4.938275306547929
URY,Uruguay,URY,2012,1,2012.0,2012-Q1,2012q1,0.0074509678825652,-4.899411337906322
URY,Uruguay,URY,2012,2,2012.25,2012-Q2,2012q2,0.0074483863887615,-4.899757862162678
URY,Uruguay,URY,2012,3,2012.5,2012-Q3,2012q3,0.0080934666261406,-4.816698132137328
URY,Uruguay,URY,2012,4,2012.75,2012-Q4,2012q4,0.0080401193548166,-4.823311350775007
URY,Uruguay,URY,2013,1,2013.0,2013-Q1,2013q1,0.007695886906813,-4.867069260787386
URY,Uruguay,URY,2013,2,2013.25,2013-Q2,2013q2,0.0078035369841478,-4.853178188562154
URY,Uruguay,URY,2013,3,2013.5,2013-Q3,2013q3,0.0078825199312652,-4.843107638002083
URY,Uruguay,URY,2013,4,2013.75,2013-Q4,2013q4,0.007980576670977,-4.830744605597917
URY,Uruguay,URY,2014,1,2014.0,2014-Q1,2014q1,0.0077225692680261,-4.863608163574199
URY,Uruguay,URY,2014,2,2014.25,2014-Q2,2014q2,0.0079465734358688,-4.835014457585409
URY,Uruguay,URY,2014,3,2014.5,2014-Q3,2014q3,0.0079847172486606,-4.8302259082538805
URY,Uruguay,URY,2014,4,2014.75,2014-Q4,2014q4,0.0080000365653987,-4.828309166637909
URY,Uruguay,URY,2015,1,2015.0,2015-Q1,2015q1,0.0080277273111714,-4.824853815843255
URY,Uruguay,URY,2015,2,2015.25,2015-Q2,2015q2,0.0077966768412055,-4.854057682069269
URY,Uruguay,URY,2015,3,2015.5,2015-Q3,2015q3,0.0081183183798916,-4.813632242328366
URY,Uruguay,URY,2015,4,2015.75,2015-Q4,2015q4,0.0079598704736601,-4.8333425514114925
URY,Uruguay,URY,2016,1,2016.0,2016-Q1,2016q1,0.0080282843191774,-4.824784432733795
URY,Uruguay,URY,2016,2,2016.25,2016-Q2,2016q2,0.0082346760344038,-4.799401256210916
URY,Uruguay,URY,2016,3,2016.5,2016-Q3,2016q3,0.0080818398811787,-4.8181357243040095
URY,Uruguay,URY,2016,4,2016.75,2016-Q4,2016q4,0.0082523563295471,-4.797256503713268
URY,Uruguay,URY,2017,1,2017.0,2017-Q1,2017q1,0.0084161560547551,-4.777602080530951
URY,Uruguay,URY,2017,2,2017.25,2017-Q2,2017q2,0.0083034105610977,-4.791088937604753
URY,Uruguay,URY,2017,3,2017.5,2017-Q3,2017q3,0.0082241361450808,-4.800682015800225
URY,Uruguay,URY,2017,4,2017.75,2017-Q4,2017q4,0.008318024129413,-4.789330536798469
URY,Uruguay,URY,2018,1,2018.0,2018-Q1,2018q1,0.008446210174917,-4.774037438229088
URY,Uruguay,URY,2018,2,2018.25,2018-Q2,2018q2,0.0083325466413897,-4.787586150271529
URY,Uruguay,URY,2018,3,2018.5,2018-Q3,2018q3,0.0083263388054519,-4.788331438573673
URY,Uruguay,URY,2018,4,2018.75,2018-Q4,2018q4,0.0083197308854401,-4.789125370172135
URY,Uruguay,URY,2019,1,2019.0,2019-Q1,2019q1,0.0084111524364305,-4.778196782705061
URY,Uruguay,URY,2019,2,2019.25,2019-Q2,2019q2,0.0085830184942001,-4.757969621500607
URY,Uruguay,URY,2019,3,2019.5,2019-Q3,2019q3,0.0084754136747622,-4.77058581572547
URY,Uruguay,URY,2019,4,2019.75,2019-Q4,2019q4,0.0083784858405464,-4.782088068099692
VNM,Vietnam,VNM,2004,1,2004.0,2004-Q1,2004q1,0.0004295515921195,-7.752768702404713
VNM,Vietnam,VNM,2004,2,2004.25,2004-Q2,2004q2,0.0004368331989022,-7.73595913160907
VNM,Vietnam,VNM,2004,3,2004.5,2004-Q3,2004q3,0.0004405495826391,-7.72748755901528
VNM,Vietnam,VNM,2004,4,2004.75,2004-Q4,2004q4,0.0005858791826644,-7.4423969625714665
VNM,Vietnam,VNM,2005,1,2005.0,2005-Q1,2005q1,0.0005868364784039,-7.440764348658455
VNM,Vietnam,VNM,2005,2,2005.25,2005-Q2,2005q2,0.000601693827609,-7.415761834043867
VNM,Vietnam,VNM,2005,3,2005.5,2005-Q3,2005q3,0.000608751430445,-7.404100533763254
VNM,Vietnam,VNM,2005,4,2005.75,2005-Q4,2005q4,0.0006160182050095,-7.392234041280602
VNM,Vietnam,VNM,2006,1,2006.0,2006-Q1,2006q1,0.0006190471018638,-7.387329194695157
VNM,Vietnam,VNM,2006,2,2006.25,2006-Q2,2006q2,0.0006352887906418,-7.3614308740442045
VNM,Vietnam,VNM,2006,3,2006.5,2006-Q3,2006q3,0.0006412926422371,-7.352024665074869
VNM,Vietnam,VNM,2006,4,2006.75,2006-Q4,2006q4,0.000641639604592,-7.351483775461693
VNM,Vietnam,VNM,2007,1,2007.0,2007-Q1,2007q1,0.0006561427530678,-7.329132181310266
VNM,Vietnam,VNM,2007,2,2007.25,2007-Q2,2007q2,0.0006742643369685,-7.301888332590969
VNM,Vietnam,VNM,2007,3,2007.5,2007-Q3,2007q3,0.0006756274617772,-7.299868725873906
VNM,Vietnam,VNM,2007,4,2007.75,2007-Q4,2007q4,0.0006614713393869,-7.32104390204948
VNM,Vietnam,VNM,2008,1,2008.0,2008-Q1,2008q1,0.0007094077162536,-7.2510801385291295
VNM,Vietnam,VNM,2008,2,2008.25,2008-Q2,2008q2,0.0007126072921474,-7.246580071688287
VNM,Vietnam,VNM,2008,3,2008.5,2008-Q3,2008q3,0.0007061853239973,-7.2556328563380115
VNM,Vietnam,VNM,2008,4,2008.75,2008-Q4,2008q4,0.0006606096270323,-7.322347471949528
VNM,Vietnam,VNM,2009,1,2009.0,2009-Q1,2009q1,0.0007710663968187,-7.167736070315484
VNM,Vietnam,VNM,2009,2,2009.25,2009-Q2,2009q2,0.0007464548258489,-7.200175457419059
VNM,Vietnam,VNM,2009,3,2009.5,2009-Q3,2009q3,0.0007376011818614,-7.212107283416503
VNM,Vietnam,VNM,2009,4,2009.75,2009-Q4,2009q4,0.0006588808573897,-7.324967832842154
VNM,Vietnam,VNM,2010,1,2010.0,2010-Q1,2010q1,0.00054991885398,-7.505739828840773
VNM,Vietnam,VNM,2010,2,2010.25,2010-Q2,2010q2,0.0006260863406915,-7.3760222719475586
VNM,Vietnam,VNM,2010,3,2010.5,2010-Q3,2010q3,0.0006337897080426,-7.363793349333146
VNM,Vietnam,VNM,2010,4,2010.75,2010-Q4,2010q4,0.0006570287562747,-7.3277827713740304
VNM,Vietnam,VNM,2011,1,2011.0,2011-Q1,2011q1,0.0006084527863288,-7.404591238803668
VNM,Vietnam,VNM,2011,2,2011.25,2011-Q2,2011q2,0.000649399214522,-7.3394629078404545
VNM,Vietnam,VNM,2011,3,2011.5,2011-Q3,2011q3,0.0006469920372855,-7.343176570671256
VNM,Vietnam,VNM,2011,4,2011.75,2011-Q4,2011q4,0.0006551061770149,-7.330713233153358
VNM,Vietnam,VNM,2012,1,2012.0,2012-Q1,2012q1,0.0006501400849279,-7.33832270302098
VNM,Vietnam,VNM,2012,2,2012.25,2012-Q2,2012q2,0.0006645174363514,-7.3164494403487605
VNM,Vietnam,VNM,2012,3,2012.5,2012-Q3,2012q3,0.0006726732783953,-7.304250816636362
VNM,Vietnam,VNM,2012,4,2012.75,2012-Q4,2012q4,0.0006781905263341,-7.296082297208255
VNM,Vietnam,VNM,2013,1,2013.0,2013-Q1,2013q1,0.0006819824829708,-7.290506585244221
VNM,Vietnam,VNM,2013,2,2013.25,2013-Q2,2013q2,0.0006944113732579,-7.272446016212658
VNM,Vietnam,VNM,2013,3,2013.5,2013-Q3,2013q3,0.0007015332651362,-7.262242239537214
VNM,Vietnam,VNM,2013,4,2013.75,2013-Q4,2013q4,0.0007099954112198,-7.250252051020503
VNM,Vietnam,VNM,2014,1,2014.0,2014-Q1,2014q1,0.0007147229469767,-7.243615577108528
VNM,Vietnam,VNM,2014,2,2014.25,2014-Q2,2014q2,0.0007264788560098,-7.227301179286893
VNM,Vietnam,VNM,2014,3,2014.5,2014-Q3,2014q3,0.0007363797738746,-7.213764575203902
VNM,Vietnam,VNM,2014,4,2014.75,2014-Q4,2014q4,0.0007473925832822,-7.198919964320169
VNM,Vietnam,VNM,2015,1,2015.0,2015-Q1,2015q1,0.0007656918873688,-7.1747307049531726
VNM,Vietnam,VNM,2015,2,2015.25,2015-Q2,2015q2,0.0007790986304343,-7.157372908510793
VNM,Vietnam,VNM,2015,3,2015.5,2015-Q3,2015q3,0.0007865055124578,-7.147910826643968
VNM,Vietnam,VNM,2015,4,2015.75,2015-Q4,2015q4,0.000797574781525,-7.1339349577640965
VNM,Vietnam,VNM,2016,1,2016.0,2016-Q1,2016q1,0.0007956616067984,-7.136336579595215
VNM,Vietnam,VNM,2016,2,2016.25,2016-Q2,2016q2,0.0008126622261835,-7.115195000695308
VNM,Vietnam,VNM,2016,3,2016.5,2016-Q3,2016q3,0.0008303014778949,-7.093721696744964
VNM,Vietnam,VNM,2016,4,2016.75,2016-Q4,2016q4,0.0008421708182778,-7.079527692233806
VNM,Vietnam,VNM,2017,1,2017.0,2017-Q1,2017q1,0.0008348708014966,-7.088233573831733
VNM,Vietnam,VNM,2017,2,2017.25,2017-Q2,2017q2,0.0008640054407565,-7.053931492008171
VNM,Vietnam,VNM,2017,3,2017.5,2017-Q3,2017q3,0.0008803889195212,-7.035146794123563
VNM,Vietnam,VNM,2017,4,2017.75,2017-Q4,2017q4,0.0008957419769025,-7.017858158668333
VNM,Vietnam,VNM,2018,1,2018.0,2018-Q1,2018q1,0.0009004192919224,-7.012650023214539
VNM,Vietnam,VNM,2018,2,2018.25,2018-Q2,2018q2,0.00091997290431,-6.9911663401918585
VNM,Vietnam,VNM,2018,3,2018.5,2018-Q3,2018q3,0.0009290829328289,-6.981312552059618
VNM,Vietnam,VNM,2018,4,2018.75,2018-Q4,2018q4,0.0009386473159704,-6.971070744655297
VNM,Vietnam,VNM,2019,1,2019.0,2019-Q1,2019q1,0.0009594174968462,-6.94918423178285
VNM,Vietnam,VNM,2019,2,2019.25,2019-Q2,2019q2,0.0009781860314849,-6.929810689776043
VNM,Vietnam,VNM,2019,3,2019.5,2019-Q3,2019q3,0.0009930507434719,-6.914728794044561
VNM,Vietnam,VNM,2019,4,2019.75,2019-Q4,2019q4,0.0009927951082537,-6.914986251308316
ZAF,South Africa,ZAF,2008,1,2008.0,2008-Q1,2008q1,0.0066241534739758,-5.01703269278718
ZAF,South Africa,ZAF,2008,2,2008.25,2008-Q2,2008q2,0.0066249207798344,-5.016916864942191
ZAF,South Africa,ZAF,2008,3,2008.5,2008-Q3,2008q3,0.0066756138901756,-5.00929411035904
ZAF,South Africa,ZAF,2008,4,2008.75,2008-Q4,2008q4,0.0066090684068951,-5.019312571980722
ZAF,South Africa,ZAF,2009,1,2009.0,2009-Q1,2009q1,0.0065128907927828,-5.033971867133638
ZAF,South Africa,ZAF,2009,2,2009.25,2009-Q2,2009q2,0.0065931622444043,-5.021722190568246
ZAF,South Africa,ZAF,2009,3,2009.5,2009-Q3,2009q3,0.0068748983525995,-4.979878420615239
ZAF,South Africa,ZAF,2009,4,2009.75,2009-Q4,2009q4,0.0069097065180705,-4.974828114163784
ZAF,South Africa,ZAF,2010,1,2010.0,2010-Q1,2010q1,0.0070109639024078,-4.96028008347862
ZAF,South Africa,ZAF,2010,2,2010.25,2010-Q2,2010q2,0.0070403186172151,-4.9561018517091595
ZAF,South Africa,ZAF,2010,3,2010.5,2010-Q3,2010q3,0.0072043486778858,-4.933070452244779
ZAF,South Africa,ZAF,2010,4,2010.75,2010-Q4,2010q4,0.0072185870054187,-4.9310960508509245
ZAF,South Africa,ZAF,2011,1,2011.0,2011-Q1,2011q1,0.0072266653260059,-4.929977576594607
ZAF,South Africa,ZAF,2011,2,2011.25,2011-Q2,2011q2,0.0072420341740092,-4.927853148786358
ZAF,South Africa,ZAF,2011,3,2011.5,2011-Q3,2011q3,0.0071908975261923,-4.934939285249466
ZAF,South Africa,ZAF,2011,4,2011.75,2011-Q4,2011q4,0.0071884352161097,-4.935281764299195
ZAF,South Africa,ZAF,2012,1,2012.0,2012-Q1,2012q1,0.0072009627980198,-4.933540539952916
ZAF,South Africa,ZAF,2012,2,2012.25,2012-Q2,2012q2,0.0072103265371953,-4.932241039224645
ZAF,South Africa,ZAF,2012,3,2012.5,2012-Q3,2012q3,0.0071516298873243,-4.94041499198517
ZAF,South Africa,ZAF,2012,4,2012.75,2012-Q4,2012q4,0.007257928052836,-4.925660883048878
ZAF,South Africa,ZAF,2013,1,2013.0,2013-Q1,2013q1,0.0072302621084669,-4.929479990568598
ZAF,South Africa,ZAF,2013,2,2013.25,2013-Q2,2013q2,0.0071911776396177,-4.934900332118961
ZAF,South Africa,ZAF,2013,3,2013.5,2013-Q3,2013q3,0.0070845688804367,-4.949836257311697
ZAF,South Africa,ZAF,2013,4,2013.75,2013-Q4,2013q4,0.0070990048566704,-4.94780066579068
ZAF,South Africa,ZAF,2014,1,2014.0,2014-Q1,2014q1,0.0070983055700632,-4.947899175520587
ZAF,South Africa,ZAF,2014,2,2014.25,2014-Q2,2014q2,0.0070837570830238,-4.949950850583462
ZAF,South Africa,ZAF,2014,3,2014.5,2014-Q3,2014q3,0.0071431508793295,-4.941601300348706
ZAF,South Africa,ZAF,2014,4,2014.75,2014-Q4,2014q4,0.0071308608115816,-4.943323320906215
ZAF,South Africa,ZAF,2015,1,2015.0,2015-Q1,2015q1,0.0070699860485518,-4.951896772406324
ZAF,South Africa,ZAF,2015,2,2015.25,2015-Q2,2015q2,0.0068935926490598,-4.977162900382009
ZAF,South Africa,ZAF,2015,3,2015.5,2015-Q3,2015q3,0.0068850633169795,-4.978400950477865
ZAF,South Africa,ZAF,2015,4,2015.75,2015-Q4,2015q4,0.0068807507338003,-4.979027514704924
ZAF,South Africa,ZAF,2016,1,2016.0,2016-Q1,2016q1,0.0070017788965509,-4.961591034133194
ZAF,South Africa,ZAF,2016,2,2016.25,2016-Q2,2016q2,0.0070235902936861,-4.958480753837155
ZAF,South Africa,ZAF,2016,3,2016.5,2016-Q3,2016q3,0.0069428140394263,-4.970048105463358
ZAF,South Africa,ZAF,2016,4,2016.75,2016-Q4,2016q4,0.0068753816749187,-4.979808120618666
ZAF,South Africa,ZAF,2017,1,2017.0,2017-Q1,2017q1,0.0068049209792237,-4.990109255110171
ZAF,South Africa,ZAF,2017,2,2017.25,2017-Q2,2017q2,0.0068602232227324,-4.98201529801684
ZAF,South Africa,ZAF,2017,3,2017.5,2017-Q3,2017q3,0.0068762297395658,-4.979684780215479
ZAF,South Africa,ZAF,2017,4,2017.75,2017-Q4,2017q4,0.0069356659453,-4.971078203106074
ZAF,South Africa,ZAF,2018,1,2018.0,2018-Q1,2018q1,0.0068551903053534,-4.982749204813685
ZAF,South Africa,ZAF,2018,2,2018.25,2018-Q2,2018q2,0.0068230199679397,-4.987453094590081
ZAF,South Africa,ZAF,2018,3,2018.5,2018-Q3,2018q3,0.0069146249466862,-4.974116552981131
ZAF,South Africa,ZAF,2018,4,2018.75,2018-Q4,2018q4,0.00690147934031,-4.9760194932123305
ZAF,South Africa,ZAF,2019,1,2019.0,2019-Q1,2019q1,0.0069129545950427,-4.974358150094578
ZAF,South Africa,ZAF,2019,2,2019.25,2019-Q2,2019q2,0.0068812681625977,-4.978952318063859
ZAF,South Africa,ZAF,2019,3,2019.5,2019-Q3,2019q3,0.0069183803957888,-4.973573583597127
ZAF,South Africa,ZAF,2019,4,2019.75,2019-Q4,2019q4,0.0069179944189581,-4.973629375209593
ZMB,Zambia,ZMB,2010,1,2010.0,2010-Q1,2010q1,0.0010701293288378,-6.839975769739569
ZMB,Zambia,ZMB,2010,2,2010.25,2010-Q2,2010q2,0.0010771855129931,-6.833403645879705
ZMB,Zambia,ZMB,2010,3,2010.5,2010-Q3,2010q3,0.0011585671875399,-6.760571220486582
ZMB,Zambia,ZMB,2010,4,2010.75,2010-Q4,2010q4,0.0011533444073228,-6.765089376901739
ZMB,Zambia,ZMB,2011,1,2011.0,2011-Q1,2011q1,0.0010620761305392,-6.847529672724929
ZMB,Zambia,ZMB,2011,2,2011.25,2011-Q2,2011q2,0.0010723050325427,-6.837944711526489
ZMB,Zambia,ZMB,2011,3,2011.5,2011-Q3,2011q3,0.0010851312303346,-6.826054349686387
ZMB,Zambia,ZMB,2011,4,2011.75,2011-Q4,2011q4,0.0011069203610904,-6.8061735690446135
ZMB,Zambia,ZMB,2012,1,2012.0,2012-Q1,2012q1,0.0010514109871055,-6.85762221965683
ZMB,Zambia,ZMB,2012,2,2012.25,2012-Q2,2012q2,0.0010724679519458,-6.837792789244185
ZMB,Zambia,ZMB,2012,3,2012.5,2012-Q3,2012q3,0.0010453972006993,-6.86335836942072
ZMB,Zambia,ZMB,2012,4,2012.75,2012-Q4,2012q4,0.0011034058984998,-6.809353611390912
ZMB,Zambia,ZMB,2013,1,2013.0,2013-Q1,2013q1,0.0011843326272822,-6.738575846770668
ZMB,Zambia,ZMB,2013,2,2013.25,2013-Q2,2013q2,0.0011816241502539,-6.740865388352466
ZMB,Zambia,ZMB,2013,3,2013.5,2013-Q3,2013q3,0.0011938244574774,-6.730593295358497
ZMB,Zambia,ZMB,2013,4,2013.75,2013-Q4,2013q4,0.0012163821601001,-6.711874268414536
ZMB,Zambia,ZMB,2014,1,2014.0,2014-Q1,2014q1,0.0012942630765172,-6.649813798685148
ZMB,Zambia,ZMB,2014,2,2014.25,2014-Q2,2014q2,0.0013314477717479,-6.621488378603233
ZMB,Zambia,ZMB,2014,3,2014.5,2014-Q3,2014q3,0.0013369671432256,-6.617351556163852
ZMB,Zambia,ZMB,2014,4,2014.75,2014-Q4,2014q4,0.0013568503975297,-6.602589149210738
ZMB,Zambia,ZMB,2015,1,2015.0,2015-Q1,2015q1,0.0014397187056798,-6.543307527754128
ZMB,Zambia,ZMB,2015,2,2015.25,2015-Q2,2015q2,0.0014585817548932,-6.5302907161354575
ZMB,Zambia,ZMB,2015,3,2015.5,2015-Q3,2015q3,0.0014684211277834,-6.523567518142599
ZMB,Zambia,ZMB,2015,4,2015.75,2015-Q4,2015q4,0.0014611548895821,-6.528528135691821
ZMB,Zambia,ZMB,2016,1,2016.0,2016-Q1,2016q1,0.0013607757866387,-6.59970031051631
ZMB,Zambia,ZMB,2016,2,2016.25,2016-Q2,2016q2,0.0013851267490453,-6.581963627973955
ZMB,Zambia,ZMB,2016,3,2016.5,2016-Q3,2016q3,0.0013688446471125,-6.593788218214773
ZMB,Zambia,ZMB,2016,4,2016.75,2016-Q4,2016q4,0.0013739556726115,-6.590061347266078
ZMB,Zambia,ZMB,2017,1,2017.0,2017-Q1,2017q1,0.0012704224249913,-6.668405815713389
ZMB,Zambia,ZMB,2017,2,2017.25,2017-Q2,2017q2,0.0012479942937487,-6.686217581362101
ZMB,Zambia,ZMB,2017,3,2017.5,2017-Q3,2017q3,0.0013207684638209,-6.6295415422175275
ZMB,Zambia,ZMB,2017,4,2017.75,2017-Q4,2017q4,0.0013015915554139,-6.644167489930907
ZMB,Zambia,ZMB,2018,1,2018.0,2018-Q1,2018q1,0.0013737017866829,-6.590246148998523
ZMB,Zambia,ZMB,2018,2,2018.25,2018-Q2,2018q2,0.0013978866626203,-6.572793709544009
ZMB,Zambia,ZMB,2018,3,2018.5,2018-Q3,2018q3,0.0013910125767753,-6.577723324546623
ZMB,Zambia,ZMB,2018,4,2018.75,2018-Q4,2018q4,0.0013636781810102,-6.597569685074346
ZMB,Zambia,ZMB,2019,1,2019.0,2019-Q1,2019q1,0.0013700995796088,-6.592871855937752
ZMB,Zambia,ZMB,2019,2,2019.25,2019-Q2,2019q2,0.0013706845737778,-6.592444975056118
ZMB,Zambia,ZMB,2019,3,2019.5,2019-Q3,2019q3,0.001352175974467,-6.606040151201826
ZMB,Zambia,ZMB,2019,4,2019.75,2019-Q4,2019q4,0.0013169615402588,-6.632428059184374
