country,country_name,iso3,year,quarter,time,period,t,realGDPsa_usd_pa_empl,y,tau,y_raw
ALB,Albania,ALB,2002,1,2002.0,2002-Q1,2002q1,0.0016686581766862,-2.23473691413691,-4.160998548399518,-6.395735462536428
ALB,Albania,ALB,2002,2,2002.25,2002-Q2,2002q2,0.0016855139521761,-2.232486539526941,-4.153198206030584,-6.385684745557525
ALB,Albania,ALB,2002,3,2002.5,2002-Q3,2002q3,0.0017125027561469,-2.2197786056287896,-4.150020772771553,-6.369799378400343
ALB,Albania,ALB,2002,4,2002.75,2002-Q4,2002q4,0.0017616937713393,-2.1960153319835536,-4.145464230650573,-6.3414795626341265
ALB,Albania,ALB,2003,1,2003.0,2003-Q1,2003q1,0.001784374398833,-2.187261632457324,-4.141425769568831,-6.328687402026155
ALB,Albania,ALB,2003,2,2003.25,2003-Q2,2003q2,0.0018049306353516,-2.1806451986080875,-4.136587918495714,-6.317233117103801
ALB,Albania,ALB,2003,3,2003.5,2003-Q3,2003q3,0.0018315821352954,-2.174077138547447,-4.128497992287372,-6.302575130834819
ALB,Albania,ALB,2003,4,2003.75,2003-Q4,2003q4,0.0018379894402582,-2.1796593132278472,-4.119423687072228,-6.299083000300075
ALB,Albania,ALB,2004,1,2004.0,2004-Q1,2004q1,0.0018733951773915,-2.1689169351909525,-4.111085956256169,-6.280002891447121
ALB,Albania,ALB,2004,2,2004.25,2004-Q2,2004q2,0.0019051536938433,-2.160490170777128,-4.102702423697901,-6.263192594475028
ALB,Albania,ALB,2004,3,2004.5,2004-Q3,2004q3,0.0019383767437747,-2.150097376306203,-4.095807009867689,-6.245904386173891
ALB,Albania,ALB,2004,4,2004.75,2004-Q4,2004q4,0.0019852661965117,-2.137847031400246,-4.084155238397759,-6.222002269798005
ALB,Albania,ALB,2005,1,2005.0,2005-Q1,2005q1,0.0019933267568841,-2.140020411466896,-4.077929887448277,-6.217950298915173
ALB,Albania,ALB,2005,2,2005.25,2005-Q2,2005q2,0.0020477518003199,-2.125532232895443,-4.065480537503734,-6.191012770399177
ALB,Albania,ALB,2005,3,2005.5,2005-Q3,2005q3,0.0020690324921753,-2.1215963458719473,-4.059077830180438,-6.180674176052386
ALB,Albania,ALB,2005,4,2005.75,2005-Q4,2005q4,0.0020794776012382,-2.126172610617055,-4.04946595944698,-6.175638570064035
ALB,Albania,ALB,2006,1,2006.0,2006-Q1,2006q1,0.0023079921015879,-2.0301282596871655,-4.041249092843926,-6.0713773525310915
ALB,Albania,ALB,2006,2,2006.25,2006-Q2,2006q2,0.0023343834385846,-2.026012829879418,-4.0339946448477555,-6.060007474727174
ALB,Albania,ALB,2006,3,2006.5,2006-Q3,2006q3,0.0023777514238099,-2.0146914230880792,-4.026908594708328,-6.041600017796407
ALB,Albania,ALB,2006,4,2006.75,2006-Q4,2006q4,0.0024161125239691,-2.008490694216494,-4.017104731287111,-6.025595425503605
ALB,Albania,ALB,2007,1,2007.0,2007-Q1,2007q1,0.0026467662485863,-1.9248797211699546,-4.009536946518625,-5.93441666768858
ALB,Albania,ALB,2007,2,2007.25,2007-Q2,2007q2,0.0026928932406864,-1.9157749054879822,-4.0013642037158625,-5.917139109203845
ALB,Albania,ALB,2007,3,2007.5,2007-Q3,2007q3,0.0027551280061247,-1.901772842801852,-3.9925185314516303,-5.894291374253482
ALB,Albania,ALB,2007,4,2007.75,2007-Q4,2007q4,0.0028768053691851,-1.8674779694513375,-3.983596877863246,-5.8510748473145835
ALB,Albania,ALB,2008,1,2008.0,2008-Q1,2008q1,0.0025029641907941,-2.008379273718422,-3.9819002994309596,-5.990279573149381
ALB,Albania,ALB,2008,2,2008.25,2008-Q2,2008q2,0.0025388299846301,-1.9974595453825676,-3.978592394666867,-5.976051940049435
ALB,Albania,ALB,2008,3,2008.5,2008-Q3,2008q3,0.0026177509398093,-1.9638596260086443,-3.981580123773969,-5.945439749782613
ALB,Albania,ALB,2008,4,2008.75,2008-Q4,2008q4,0.0026209726301466,-1.9488923066666008,-3.995317490552026,-5.944209797218627
ALB,Albania,ALB,2009,1,2009.0,2009-Q1,2009q1,0.0025644486060536,-1.9552611995273192,-4.010750592341259,-5.966011791868579
ALB,Albania,ALB,2009,2,2009.25,2009-Q2,2009q2,0.0025789136137286,-1.956384611536996,-4.004002437140827,-5.960387048677823
ALB,Albania,ALB,2009,3,2009.5,2009-Q3,2009q3,0.0025354522993299,-1.9851514681230045,-3.992231767904877,-5.977383236027881
ALB,Albania,ALB,2009,4,2009.75,2009-Q4,2009q4,0.0025108067400155,-2.001682537363683,-3.985468629751267,-5.98715116711495
ALB,Albania,ALB,2010,1,2010.0,2010-Q1,2010q1,0.0025677197226033,-1.9838267281170858,-3.9809103132822243,-5.96473704139931
ALB,Albania,ALB,2010,2,2010.25,2010-Q2,2010q2,0.0026058341591605,-1.9833966821960378,-3.9666057581895937,-5.9500024403856315
ALB,Albania,ALB,2010,3,2010.5,2010-Q3,2010q3,0.0026025434437574,-1.9905292444190827,-3.9607368201089788,-5.9512660645280615
ALB,Albania,ALB,2010,4,2010.75,2010-Q4,2010q4,0.0025961884918346,-2.0019616586255813,-3.9517492155856404,-5.953710874211222
ALB,Albania,ALB,2011,1,2011.0,2011-Q1,2011q1,0.0027281529463666,-1.954187551446048,-3.949942923742827,-5.904130475188875
ALB,Albania,ALB,2011,2,2011.25,2011-Q2,2011q2,0.0026238801709392,-1.9998879366293756,-3.9432131388764726,-5.943101075505848
ALB,Albania,ALB,2011,3,2011.5,2011-Q3,2011q3,0.0026640825845234,-1.9899996672653133,-3.9378958593227056,-5.927895526588019
ALB,Albania,ALB,2011,4,2011.75,2011-Q4,2011q4,0.002698709290134,-1.9771865565571414,-3.937795104403702,-5.914981660960843
ALB,Albania,ALB,2012,1,2012.0,2012-Q1,2012q1,0.0026955762142714,-1.9793967336985432,-3.936746555141414,-5.916143288839957
ALB,Albania,ALB,2012,2,2012.25,2012-Q2,2012q2,0.0026995911446194,-1.9796249017964116,-3.935030043560548,-5.9146549453569595
ALB,Albania,ALB,2012,3,2012.5,2012-Q3,2012q3,0.0028677179999192,-1.9230961302318197,-3.931142557235305,-5.854238687467125
ALB,Albania,ALB,2012,4,2012.75,2012-Q4,2012q4,0.0028098900550221,-1.9483868848839014,-3.9262230378446903,-5.874609922728592
ALB,Albania,ALB,2013,1,2013.0,2013-Q1,2013q1,0.0028802864080421,-1.9301695314691045,-3.9196960110728867,-5.849865542541991
ALB,Albania,ALB,2013,2,2013.25,2013-Q2,2013q2,0.0031603917262834,-1.8461466001782725,-3.910912694874213,-5.7570592950524855
ALB,Albania,ALB,2013,3,2013.5,2013-Q3,2013q3,0.0031314892527067,-1.8607270884364104,-3.905519499563591,-5.766246588000001
ALB,Albania,ALB,2013,4,2013.75,2013-Q4,2013q4,0.0033024165703772,-1.8102554566421043,-3.9028453278103648,-5.713100784452469
ALB,Albania,ALB,2014,1,2014.0,2014-Q1,2014q1,0.0034416434783584,-1.7730475831338381,-3.8987585832149927,-5.671806166348831
ALB,Albania,ALB,2014,2,2014.25,2014-Q2,2014q2,0.0031637870781125,-1.8620025241833518,-3.893983002318197,-5.755985526501549
ALB,Albania,ALB,2014,3,2014.5,2014-Q3,2014q3,0.0030670556642526,-1.8951125034088068,-3.8919247411919593,-5.787037244600766
ALB,Albania,ALB,2014,4,2014.75,2014-Q4,2014q4,0.0030877671306933,-1.8951217288572435,-3.8851853318508356,-5.780307060708079
ALB,Albania,ALB,2015,1,2015.0,2015-Q1,2015q1,0.0030719742645709,-1.9037973437012692,-3.8816374974488594,-5.785434841150129
ALB,Albania,ALB,2015,2,2015.25,2015-Q2,2015q2,0.0030866179441244,-1.9036328772707587,-3.877046426686889,-5.780679303957648
ALB,Albania,ALB,2015,3,2015.5,2015-Q3,2015q3,0.0030928786022143,-1.9056703446161256,-3.872982690636614,-5.77865303525274
ALB,Albania,ALB,2015,4,2015.75,2015-Q4,2015q4,0.0030690429305241,-1.9124974521013285,-3.8738920629004796,-5.786389515001808
ALB,Albania,ALB,2016,1,2016.0,2016-Q1,2016q1,0.0030343549019726,-1.9226132839353083,-3.875143146019994,-5.797756429955302
ALB,Albania,ALB,2016,2,2016.25,2016-Q2,2016q2,0.0030097527299414,-1.9380893606774654,-3.8678079924394737,-5.805897353116939
ALB,Albania,ALB,2016,3,2016.5,2016-Q3,2016q3,0.0029635557297837,-1.9540674099668083,-3.867298061552871,-5.821365471519679
ALB,Albania,ALB,2016,4,2016.75,2016-Q4,2016q4,0.0030339724758044,-1.9388639691639886,-3.8590185008497677,-5.797882470013756
ALB,Albania,ALB,2017,1,2017.0,2017-Q1,2017q1,0.0030232041171945,-1.947086805831585,-3.8543512382319376,-5.801438044063523
ALB,Albania,ALB,2017,2,2017.25,2017-Q2,2017q2,0.00300866240776,-1.9595768054518068,-3.8466828763408323,-5.806259681792639
ALB,Albania,ALB,2017,3,2017.5,2017-Q3,2017q3,0.0029811408912104,-1.972210916950802,-3.8432382853826903,-5.815449202333492
ALB,Albania,ALB,2017,4,2017.75,2017-Q4,2017q4,0.0030091636972932,-1.9683086119496758,-3.837784468307589,-5.806093080257265
ALB,Albania,ALB,2018,1,2018.0,2018-Q1,2018q1,0.0029883140480753,-1.9797179080499325,-3.8333280060803943,-5.813045914130327
ALB,Albania,ALB,2018,2,2018.25,2018-Q2,2018q2,0.003041839389235,-1.969600792404099,-3.8256920918879103,-5.795292884292009
ALB,Albania,ALB,2018,3,2018.5,2018-Q3,2018q3,0.0030404434656418,-1.9714938102782393,-3.824258087068906,-5.795751897347145
ALB,Albania,ALB,2018,4,2018.75,2018-Q4,2018q4,0.0030130558121496,-1.979821192436095,-3.8249793027892887,-5.8048004952253835
ALB,Albania,ALB,2019,1,2019.0,2019-Q1,2019q1,0.0030018669574894,-1.9871296159921727,-3.821391248718992,-5.808520864711165
ALB,Albania,ALB,2019,2,2019.25,2019-Q2,2019q2,0.0029790398878136,-2.0025872733408305,-3.8135669423342766,-5.816154215675107
ALB,Albania,ALB,2019,3,2019.5,2019-Q3,2019q3,0.003020489924076,-1.9902038117262988,-3.8121324225111266,-5.802336234237425
ALB,Albania,ALB,2019,4,2019.75,2019-Q4,2019q4,0.0029799987754565,-2.0005826439199357,-3.8152497454656107,-5.815832389385546
ALB,Albania,ALB,2020,1,2020.0,2020-Q1,2020q1,0.002845094316426,-2.0479524013153982,-3.8142066589943626,-5.862159060309761
ALB,Albania,ALB,2020,2,2020.25,2020-Q2,2020q2,0.0028265325010464,-1.9865162405523344,-3.8821883426730164,-5.868704583225351
ALB,Albania,ALB,2020,3,2020.5,2020-Q3,2020q3,0.0029967767181637,-1.9828237009845995,-3.8273942942189545,-5.810217995203554
ALB,Albania,ALB,2020,4,2020.75,2020-Q4,2020q4,0.0031279114448137,-1.9491011009259567,-3.8182886662554183,-5.767389767181375
ALB,Albania,ALB,2021,1,2021.0,2021-Q1,2021q1,0.0031626583778644,-1.9570548831364576,-3.799287463088877,-5.756342346225335
ALB,Albania,ALB,2021,2,2021.25,2021-Q2,2021q2,0.003228704815036,-1.941431099435345,-3.7942431087856,-5.735674208220945
ALB,Albania,ALB,2021,3,2021.5,2021-Q3,2021q3,0.0031596889274627,-1.96536030595776,-3.7919213909475182,-5.757281696905278
ALB,Albania,ALB,2021,4,2021.75,2021-Q4,2021q4,0.0032181542242199,-1.9553225788550708,-3.7836247272174144,-5.738947306072485
ALB,Albania,ALB,2022,1,2022.0,2022-Q1,2022q1,0.0032227528217856,-1.954831838049952,-3.7826875330083403,-5.737519371058292
ALB,Albania,ALB,2022,2,2022.25,2022-Q2,2022q2,0.0032105585169227,-1.9592180119553881,-3.7820923522090077,-5.741310364164396
ALB,Albania,ALB,2022,3,2022.5,2022-Q3,2022q3,0.0032009538694351,-1.9621139437578865,-3.782192485638369,-5.744306429396255
ALB,Albania,ALB,2022,4,2022.75,2022-Q4,2022q4,0.0032383285627528,-1.9512164729925607,-3.7814814849885647,-5.7326979579811255
ALB,Albania,ALB,2023,1,2023.0,2023-Q1,2023q1,0.0036909982863908,-1.8191932199977026,-3.7826650992036,-5.601858319201303
ALB,Albania,ALB,2023,2,2023.25,2023-Q2,2023q2,0.0037433254563261,-1.80688149512882,-3.780899408049487,-5.587780903178307
ALB,Albania,ALB,2023,3,2023.5,2023-Q3,2023q3,0.0037800182519544,-1.7973146362965986,-3.7807118045063346,-5.578026440802933
ALB,Albania,ALB,2023,4,2023.75,2023-Q4,2023q4,0.0038614643169308,-1.7779366200199203,-3.7787721907052205,-5.556708810725141
ALB,Albania,ALB,2024,1,2024.0,2024-Q1,2024q1,0.0037569639820548,-1.8083880817024593,-3.775756017623659,-5.584144099326118
ALB,Albania,ALB,2024,2,2024.25,2024-Q2,2024q2,0.0038203670838036,-1.796422359329426,-3.770986406414534,-5.56740876574396
ALB,Albania,ALB,2024,3,2024.5,2024-Q3,2024q3,0.003860017980996,-1.7919070002700557,-3.765176436957072,-5.557083437227128
ALB,Albania,ALB,2024,4,2024.75,2024-Q4,2024q4,0.0039463997634704,-1.772815884159849,-3.7621356838204347,-5.534951567980284
ARG,Argentina,ARG,2003,3,2003.5,2003-Q3,2003q3,0.0082384547971398,-0.6704444849772813,-4.128497992287372,-4.798942477264653
ARG,Argentina,ARG,2003,4,2003.75,2003-Q4,2003q4,0.0083314923140542,-0.6682890024302433,-4.119423687072228,-4.787712689502471
ARG,Argentina,ARG,2004,1,2004.0,2004-Q1,2004q1,0.0077966347964982,-0.7429771184722451,-4.111085956256169,-4.854063074728414
ARG,Argentina,ARG,2004,2,2004.25,2004-Q2,2004q2,0.0076817348769529,-0.7662074381986121,-4.102702423697901,-4.868909861896513
ARG,Argentina,ARG,2004,3,2004.5,2004-Q3,2004q3,0.0079809454363158,-0.7348913889416293,-4.095807009867689,-4.830698398809318
ARG,Argentina,ARG,2004,4,2004.75,2004-Q4,2004q4,0.0080089581618691,-0.7430393551459638,-4.084155238397759,-4.827194593543723
ARG,Argentina,ARG,2005,1,2005.0,2005-Q1,2005q1,0.0082482409430021,-0.719825432951728,-4.077929887448277,-4.797755320400005
ARG,Argentina,ARG,2005,2,2005.25,2005-Q2,2005q2,0.0083877917769777,-0.7154974526646232,-4.065480537503734,-4.780977990168357
ARG,Argentina,ARG,2005,3,2005.5,2005-Q3,2005q3,0.0082689863946491,-0.7361655114071874,-4.059077830180438,-4.795243341587626
ARG,Argentina,ARG,2005,4,2005.75,2005-Q4,2005q4,0.0083756440183631,-0.7329613470655074,-4.04946595944698,-4.782427306512488
ARG,Argentina,ARG,2006,1,2006.0,2006-Q1,2006q1,0.0085559210899713,-0.7198826177315842,-4.041249092843926,-4.76113171057551
ARG,Argentina,ARG,2006,2,2006.25,2006-Q2,2006q2,0.0085219529457787,-0.7311151005717056,-4.0339946448477555,-4.765109745419461
ARG,Argentina,ARG,2006,3,2006.5,2006-Q3,2006q3,0.0086491473600414,-0.7233859392819504,-4.026908594708328,-4.750294533990278
ARG,Argentina,ARG,2006,4,2006.75,2006-Q4,2006q4,0.0087754413279554,-0.718693485823696,-4.017104731287111,-4.735798217110807
ARG,Argentina,ARG,2007,1,2007.0,2007-Q1,2007q1,0.0089233240234551,-0.7095498069183472,-4.009536946518625,-4.719086753436972
ARG,Argentina,ARG,2007,2,2007.25,2007-Q2,2007q2,0.0090309195393461,-0.7057368814220766,-4.0013642037158625,-4.707101085137939
ARG,Argentina,ARG,2007,3,2007.5,2007-Q3,2007q3,0.0092518243771559,-0.6904159854906449,-3.9925185314516303,-4.682934516942275
ARG,Argentina,ARG,2007,4,2007.75,2007-Q4,2007q4,0.0095232151340053,-0.670425885171364,-3.983596877863246,-4.65402276303461
ARG,Argentina,ARG,2008,1,2008.0,2008-Q1,2008q1,0.0095332852920452,-0.6710655897021356,-3.9819002994309596,-4.652965889133095
ARG,Argentina,ARG,2008,2,2008.25,2008-Q2,2008q2,0.0095826881598308,-0.6692047304587163,-3.978592394666867,-4.647797125125583
ARG,Argentina,ARG,2008,3,2008.5,2008-Q3,2008q3,0.0096360536741974,-0.6606635002969803,-3.981580123773969,-4.642243624070949
ARG,Argentina,ARG,2008,4,2008.75,2008-Q4,2008q4,0.0090538023914879,-0.7092529652025807,-3.995317490552026,-4.704570455754607
ARG,Argentina,ARG,2009,1,2009.0,2009-Q1,2009q1,0.0086561921900328,-0.7387297616833299,-4.010750592341259,-4.749480354024589
ARG,Argentina,ARG,2009,2,2009.25,2009-Q2,2009q2,0.0085538065986595,-0.7573764417544888,-4.004002437140827,-4.761378878895316
ARG,Argentina,ARG,2009,3,2009.5,2009-Q3,2009q3,0.0089298839006973,-0.7261201173151024,-3.992231767904877,-4.718351885219979
ARG,Argentina,ARG,2009,4,2009.75,2009-Q4,2009q4,0.0090123864531562,-0.7236867455167877,-3.985468629751267,-4.709155375268055
ARG,Argentina,ARG,2010,1,2010.0,2010-Q1,2010q1,0.0092222470869105,-0.7052262390721507,-3.9809103132822243,-4.686136552354375
ARG,Argentina,ARG,2010,2,2010.25,2010-Q2,2010q2,0.0096241454358363,-0.6768744304475329,-3.9666057581895937,-4.643480188637127
ARG,Argentina,ARG,2010,3,2010.5,2010-Q3,2010q3,0.009624963249989,-0.6826583968895603,-3.9607368201089788,-4.643395216998539
ARG,Argentina,ARG,2010,4,2010.75,2010-Q4,2010q4,0.0097650465185026,-0.6771967352796517,-3.9517492155856404,-4.628945950865292
ARG,Argentina,ARG,2011,1,2011.0,2011-Q1,2011q1,0.0098972269322827,-0.6655577451865291,-3.949942923742827,-4.615500668929356
ARG,Argentina,ARG,2011,2,2011.25,2011-Q2,2011q2,0.0098741196895238,-0.6746249786568419,-3.9432131388764726,-4.6178381175333145
ARG,Argentina,ARG,2011,3,2011.5,2011-Q3,2011q3,0.0099113479963856,-0.6761790567147008,-3.9378958593227056,-4.614074916037406
ARG,Argentina,ARG,2011,4,2011.75,2011-Q4,2011q4,0.0099725302324105,-0.6701258382077162,-3.937795104403702,-4.607920942611418
ARG,Argentina,ARG,2012,1,2012.0,2012-Q1,2012q1,0.009905087588664,-0.6779602008556065,-3.936746555141414,-4.6147067559970205
ARG,Argentina,ARG,2012,2,2012.25,2012-Q2,2012q2,0.0094896207060571,-0.7225265913479997,-3.935030043560548,-4.6575566349085475
ARG,Argentina,ARG,2012,3,2012.5,2012-Q3,2012q3,0.0096786140940008,-0.7066940028158064,-3.931142557235305,-4.637836560051111
ARG,Argentina,ARG,2012,4,2012.75,2012-Q4,2012q4,0.0098935084903056,-0.6896534071173859,-3.9262230378446903,-4.615876444962076
ARG,Argentina,ARG,2013,1,2013.0,2013-Q1,2013q1,0.0099374929168486,-0.6917445006990066,-3.9196960110728867,-4.611440511771893
ARG,Argentina,ARG,2013,2,2013.25,2013-Q2,2013q2,0.0098571016360848,-0.7086504104211917,-3.910912694874213,-4.619563105295405
ARG,Argentina,ARG,2013,3,2013.5,2013-Q3,2013q3,0.0099489411559784,-0.7047696503952632,-3.905519499563591,-4.610289149958854
ARG,Argentina,ARG,2013,4,2013.75,2013-Q4,2013q4,0.0097971002667476,-0.7228235004278734,-3.9028453278103648,-4.625668828238238
ARG,Argentina,ARG,2014,1,2014.0,2014-Q1,2014q1,0.0096111480773533,-0.7460730129743176,-3.8987585832149927,-4.64483159618931
ARG,Argentina,ARG,2014,2,2014.25,2014-Q2,2014q2,0.0095819985603532,-0.7538860884479388,-3.893983002318197,-4.647869090766136
ARG,Argentina,ARG,2014,3,2014.5,2014-Q3,2014q3,0.0095392031011205,-0.7604205881963115,-3.8919247411919593,-4.652345329388271
ARG,Argentina,ARG,2014,4,2014.75,2014-Q4,2014q4,0.0094474908687305,-0.7768207574178616,-3.8851853318508356,-4.662006089268697
ARG,Argentina,ARG,2015,1,2015.0,2015-Q1,2015q1,0.0095843828606839,-0.7659827930570051,-3.8816374974488594,-4.647620290505865
ARG,Argentina,ARG,2015,2,2015.25,2015-Q2,2015q2,0.009796730161466,-0.7486601792878669,-3.877046426686889,-4.625706605974756
ARG,Argentina,ARG,2015,3,2015.5,2015-Q3,2015q3,0.0097237874586476,-0.7601973895299876,-3.872982690636614,-4.633180080166602
ARG,Argentina,ARG,2015,4,2015.75,2015-Q4,2015q4,0.0095457769298531,-0.7777643656891615,-3.8738920629004796,-4.651656428589641
ARG,Argentina,ARG,2016,1,2016.0,2016-Q1,2016q1,0.0094360803090403,-0.7880714605330192,-3.875143146019994,-4.663214606553013
ARG,Argentina,ARG,2016,2,2016.25,2016-Q2,2016q2,0.0092434700056604,-0.8160299296490816,-3.8678079924394737,-4.683837922088555
ARG,Argentina,ARG,2016,3,2016.5,2016-Q3,2016q3,0.0092349144650464,-0.8174658658624931,-3.867298061552871,-4.684763927415364
ARG,Argentina,ARG,2016,4,2016.75,2016-Q4,2016q4,0.0093593369114745,-0.8123623329435237,-3.8590185008497677,-4.671380833793291
ARG,Argentina,ARG,2017,1,2017.0,2017-Q1,2017q1,0.0094267437927281,-0.8098533067337215,-3.8543512382319376,-4.664204544965659
ARG,Argentina,ARG,2017,2,2017.25,2017-Q2,2017q2,0.0094565629866297,-0.8143634062467084,-3.8466828763408323,-4.661046282587541
ARG,Argentina,ARG,2017,3,2017.5,2017-Q3,2017q3,0.0094234334709836,-0.8213174840549957,-3.8432382853826903,-4.664555769437686
ARG,Argentina,ARG,2017,4,2017.75,2017-Q4,2017q4,0.0094005453277173,-0.8292031094943666,-3.837784468307589,-4.666987577801955
ARG,Argentina,ARG,2018,1,2018.0,2018-Q1,2018q1,0.009346991323543,-0.8393727649628802,-3.8333280060803943,-4.672700771043274
ARG,Argentina,ARG,2018,2,2018.25,2018-Q2,2018q2,0.0090149292068606,-0.8831811832861303,-3.8256920918879103,-4.7088732751740405
ARG,Argentina,ARG,2018,3,2018.5,2018-Q3,2018q3,0.0089412787124232,-0.8928185802464808,-3.824258087068906,-4.7170766673153866
ARG,Argentina,ARG,2018,4,2018.75,2018-Q4,2018q4,0.0088647446514748,-0.900693841201682,-3.8249793027892887,-4.725673143990971
ARG,Argentina,ARG,2019,1,2019.0,2019-Q1,2019q1,0.0086701301239893,-0.9264802310493772,-3.821391248718992,-4.747871479768369
ARG,Argentina,ARG,2019,2,2019.25,2019-Q2,2019q2,0.0086226785647568,-0.9397925618705689,-3.8135669423342766,-4.7533595042048455
ARG,Argentina,ARG,2019,3,2019.5,2019-Q3,2019q3,0.0087919070053472,-0.9217912166154383,-3.8121324225111266,-4.733923639126565
ARG,Argentina,ARG,2019,4,2019.75,2019-Q4,2019q4,0.0084907853693967,-0.9535240322423224,-3.8152497454656107,-4.768773777707933
ARG,Argentina,ARG,2020,1,2020.0,2020-Q1,2020q1,0.0081452965988021,-0.9961079637653274,-3.8142066589943626,-4.81031462275969
ARG,Argentina,ARG,2020,2,2020.25,2020-Q2,2020q2,0.0087969988410077,-0.8511563137871763,-3.8821883426730164,-4.733344656460193
ARG,Argentina,ARG,2020,3,2020.5,2020-Q3,2020q3,0.0088275064681577,-0.9024884032149019,-3.8273942942189545,-4.729882697433856
ARG,Argentina,ARG,2020,4,2020.75,2020-Q4,2020q4,0.0086091069535865,-0.936646021665823,-3.8182886662554183,-4.754934687921241
ARG,Argentina,ARG,2021,1,2021.0,2021-Q1,2021q1,0.0084427816634822,-0.9751559806039722,-3.799287463088877,-4.774443443692849
ARG,Argentina,ARG,2021,2,2021.25,2021-Q2,2021q2,0.008466799707446,-0.9773595714857377,-3.7942431087856,-4.771602680271338
ARG,Argentina,ARG,2021,3,2021.5,2021-Q3,2021q3,0.0084229835799614,-0.9848697781320706,-3.7919213909475182,-4.776791169079589
ARG,Argentina,ARG,2021,4,2021.75,2021-Q4,2021q4,0.0085108906973833,-0.9827839498640203,-3.7836247272174144,-4.766408677081435
ARG,Argentina,ARG,2022,1,2022.0,2022-Q1,2022q1,0.0086189047002083,-0.9711097343126611,-3.7826875330083403,-4.753797267321001
ARG,Argentina,ARG,2022,2,2022.25,2022-Q2,2022q2,0.0085214055365718,-0.9830816304566103,-3.7820923522090077,-4.765173982665618
ARG,Argentina,ARG,2022,3,2022.5,2022-Q3,2022q3,0.0085851557205628,-0.9755281604794153,-3.782192485638369,-4.757720646117784
ARG,Argentina,ARG,2022,4,2022.75,2022-Q4,2022q4,0.0083779770521572,-1.0006673105322563,-3.7814814849885647,-4.782148795520821
ARG,Argentina,ARG,2023,1,2023.0,2023-Q1,2023q1,0.00823764570151,-1.0163755925178672,-3.7826650992036,-4.799040691721467
ARG,Argentina,ARG,2023,2,2023.25,2023-Q2,2023q2,0.0080938758806992,-1.0357481593260824,-3.780899408049487,-4.816647567375569
ARG,Argentina,ARG,2023,3,2023.5,2023-Q3,2023q3,0.0081567582464505,-1.028196658153199,-3.7807118045063346,-4.8089084626595335
ARG,Argentina,ARG,2023,4,2023.75,2023-Q4,2023q4,0.0079395842891854,-1.0571221709142913,-3.7787721907052205,-4.835894361619512
ARG,Argentina,ARG,2024,1,2024.0,2024-Q1,2024q1,0.0079102227219385,-1.0638433229666568,-3.775756017623659,-4.839599340590316
ARG,Argentina,ARG,2024,2,2024.25,2024-Q2,2024q2,0.0077583085013761,-1.0880045387596247,-3.770986406414534,-4.858990945174159
ARG,Argentina,ARG,2024,3,2024.5,2024-Q3,2024q3,0.0080845391895147,-1.0526253463513338,-3.765176436957072,-4.817801783308406
ARG,Argentina,ARG,2024,4,2024.75,2024-Q4,2024q4,0.0081363329105528,-1.0492800190430325,-3.7621356838204347,-4.811415702863467
ARG,Argentina,ARG,2025,1,2025.0,2025-Q1,2025q1,0.0082894031364064,-1.0349365308146008,-3.757840779633255,-4.792777310447856
ARG,Argentina,ARG,2025,2,2025.25,2025-Q2,2025q2,0.0082766028777423,-1.0414601182408663,-3.7528625569980663,-4.7943226752389325
ARG,Argentina,ARG,2025,3,2025.5,2025-Q3,2025q3,0.0082079478983377,-1.054425729553388,-3.7482266086888907,-4.802652338242279
AUS,Australia,AUS,1995,1,1995.0,1995-Q1,1995q1,0.0211037300069941,0.395769092045962,-4.254074568586735,-3.858305476540773
AUS,Australia,AUS,1995,2,1995.25,1995-Q2,1995q2,0.0209381681748671,0.3842586495524887,-4.2504402066290705,-3.866181557076582
AUS,Australia,AUS,1995,3,1995.5,1995-Q3,1995q3,0.0213240746811208,0.39943246856008896,-4.24735104637809,-3.847918577818001
AUS,Australia,AUS,1995,4,1995.75,1995-Q4,1995q4,0.0212128002511488,0.39126899183706776,-4.244419485914777,-3.853150494077709
AUS,Australia,AUS,1996,1,1996.0,1996-Q1,1996q1,0.0214928755826858,0.4010411282291706,-4.241074895239452,-3.840033767010281
AUS,Australia,AUS,1996,2,1996.25,1996-Q2,1996q2,0.0216168488119298,0.40287415379852165,-4.237156384572403,-3.8342822307738813
AUS,Australia,AUS,1996,3,1996.5,1996-Q3,1996q3,0.0217229101272019,0.40730990647199805,-4.236697715606429,-3.8293878091344307
AUS,Australia,AUS,1996,4,1996.75,1996-Q4,1996q4,0.0219356954641899,0.41045928219956096,-4.230099321381617,-3.8196400391820564
AUS,Australia,AUS,1997,1,1997.0,1997-Q1,1997q1,0.0220031947717244,0.4108641719610251,-4.227431791231235,-3.8165676192702103
AUS,Australia,AUS,1997,2,1997.25,1997-Q2,1997q2,0.0226660170467874,0.42746855378971027,-4.214357076375103,-3.786888522585393
AUS,Australia,AUS,1997,3,1997.5,1997-Q3,1997q3,0.0226584815666813,0.4224378469760057,-4.2096588820174015,-3.7872210350413957
AUS,Australia,AUS,1997,4,1997.75,1997-Q4,1997q4,0.0227982368299295,0.42512001559312784,-4.206192093625781,-3.7810720780326528
AUS,Australia,AUS,1998,1,1998.0,1998-Q1,1998q1,0.0228551235258766,0.431930521090373,-4.21051048353961,-3.7785799624492373
AUS,Australia,AUS,1998,2,1998.25,1998-Q2,1998q2,0.0229738259049592,0.4378161219454073,-4.211215837148984,-3.7733997152035768
AUS,Australia,AUS,1998,3,1998.5,1998-Q3,1998q3,0.0232881385369319,0.44866094846044735,-4.2084720721621,-3.7598111237016525
AUS,Australia,AUS,1998,4,1998.75,1998-Q4,1998q4,0.0235616179721945,0.4581591712276265,-4.206295419243004,-3.7481362480153773
AUS,Australia,AUS,1999,1,1999.0,1999-Q1,1999q1,0.0236493905268127,0.46354133279910137,-4.207959267711823,-3.744417934912722
AUS,Australia,AUS,1999,2,1999.25,1999-Q2,1999q2,0.023652734590628,0.4603907808841856,-4.2046673241020285,-3.744276543217843
AUS,Australia,AUS,1999,3,1999.5,1999-Q3,1999q3,0.0237757208568193,0.4590208072226023,-4.198111158282587,-3.7390903510599847
AUS,Australia,AUS,1999,4,1999.75,1999-Q4,1999q4,0.0239652899302605,0.4572535351765943,-4.188402283549777,-3.731148748373183
AUS,Australia,AUS,2000,1,2000.0,2000-Q1,2000q1,0.0239856328908301,0.45402193679479996,-4.184322194227946,-3.7303002574331456
AUS,Australia,AUS,2000,2,2000.25,2000-Q2,2000q2,0.0239594505448817,0.4499057094472949,-4.181298147628699,-3.7313924381814036
AUS,Australia,AUS,2000,3,2000.5,2000-Q3,2000q3,0.0237508650798599,0.4383629011470638,-4.17849922589675,-3.740136324749686
AUS,Australia,AUS,2000,4,2000.75,2000-Q4,2000q4,0.0237846077313536,0.4344744368329403,-4.173191078337019,-3.7387166415040785
AUS,Australia,AUS,2001,1,2001.0,2001-Q1,2001q1,0.0239707887674686,0.4425172280059586,-4.173436552638961,-3.7309193246330024
AUS,Australia,AUS,2001,2,2001.25,2001-Q2,2001q2,0.0240302918276669,0.445375245899037,-4.1738153309007995,-3.7284400850017625
AUS,Australia,AUS,2001,3,2001.5,2001-Q3,2001q3,0.0242401485089854,0.4548026326597703,-4.174547623851253,-3.7197449911914826
AUS,Australia,AUS,2001,4,2001.75,2001-Q4,2001q4,0.0244670673723315,0.4603037211295504,-4.17073097567771,-3.7104272545481596
AUS,Australia,AUS,2002,1,2002.0,2002-Q1,2002q1,0.0244937505393302,0.4516612744022801,-4.160998548399518,-3.709337273997238
AUS,Australia,AUS,2002,2,2002.25,2002-Q2,2002q2,0.0248527692496125,0.45841211199846077,-4.153198206030584,-3.6947860940321235
AUS,Australia,AUS,2002,3,2002.5,2002-Q3,2002q3,0.02472532532254,0.4500935288472223,-4.150020772771553,-3.6999272439243307
AUS,Australia,AUS,2002,4,2002.75,2002-Q4,2002q4,0.02472940006531,0.4457017735184956,-4.145464230650573,-3.6997624571320773
AUS,Australia,AUS,2003,1,2003.0,2003-Q1,2003q1,0.0245329409902093,0.43368723527863384,-4.141425769568831,-3.707738534290197
AUS,Australia,AUS,2003,2,2003.25,2003-Q2,2003q2,0.0246766006593021,0.4346880924070722,-4.136587918495714,-3.7018998260886415
AUS,Australia,AUS,2003,3,2003.5,2003-Q3,2003q3,0.0250337241012422,0.44096659318853115,-4.128497992287372,-3.6875313990988405
AUS,Australia,AUS,2003,4,2003.75,2003-Q4,2003q4,0.0253041014578487,0.4426349036431261,-4.119423687072228,-3.6767887834291018
AUS,Australia,AUS,2004,1,2004.0,2004-Q1,2004q1,0.0254097201641182,0.4384624617205195,-4.111085956256169,-3.672623494535649
AUS,Australia,AUS,2004,2,2004.25,2004-Q2,2004q2,0.025476673532841,0.4327104148107579,-4.102702423697901,-3.6699920088871427
AUS,Australia,AUS,2004,3,2004.5,2004-Q3,2004q3,0.0255537209589415,0.4288346713324467,-4.095807009867689,-3.666972338535242
AUS,Australia,AUS,2004,4,2004.75,2004-Q4,2004q4,0.0254467628183984,0.4129884966164723,-4.084155238397759,-3.671166741781287
AUS,Australia,AUS,2005,1,2005.0,2005-Q1,2005q1,0.0253728564238948,0.40385456635417727,-4.077929887448277,-3.6740753210940995
AUS,Australia,AUS,2005,2,2005.25,2005-Q2,2005q2,0.0252751893158096,0.3875485136398269,-4.065480537503734,-3.677932023863907
AUS,Australia,AUS,2005,3,2005.5,2005-Q3,2005q3,0.0253892949563902,0.38565017797440015,-4.059077830180438,-3.6734276522060383
AUS,Australia,AUS,2005,4,2005.75,2005-Q4,2005q4,0.0255185919446512,0.3811179628366257,-4.04946595944698,-3.6683479966103545
AUS,Australia,AUS,2006,1,2006.0,2006-Q1,2006q1,0.0254338027679802,0.3695729207703802,-4.041249092843926,-3.671676172073546
AUS,Australia,AUS,2006,2,2006.25,2006-Q2,2006q2,0.0253007016093915,0.3570714928110812,-4.0339946448477555,-3.6769231520366743
AUS,Australia,AUS,2006,3,2006.5,2006-Q3,2006q3,0.025403654820474,0.35404636996926886,-4.026908594708328,-3.6728622247390588
AUS,Australia,AUS,2006,4,2006.75,2006-Q4,2006q4,0.0255876299923855,0.35145848358765486,-4.017104731287111,-3.665646247699456
AUS,Australia,AUS,2007,1,2007.0,2007-Q1,2007q1,0.0257707551423582,0.35102199492852204,-4.009536946518625,-3.658514951590103
AUS,Australia,AUS,2007,2,2007.25,2007-Q2,2007q2,0.0257044727516605,0.3402739385218041,-4.0013642037158625,-3.6610902651940584
AUS,Australia,AUS,2007,3,2007.5,2007-Q3,2007q3,0.0258124004297874,0.3356182657416542,-3.9925185314516303,-3.656900265709976
AUS,Australia,AUS,2007,4,2007.75,2007-Q4,2007q4,0.0257201364040345,0.3231158016592679,-3.983596877863246,-3.660481076203978
AUS,Australia,AUS,2008,1,2008.0,2008-Q1,2008q1,0.0257671681150844,0.3232461483134843,-3.9819002994309596,-3.6586541511174753
AUS,Australia,AUS,2008,2,2008.25,2008-Q2,2008q2,0.0257167980050249,0.3179815129426866,-3.978592394666867,-3.6606108817241805
AUS,Australia,AUS,2008,3,2008.5,2008-Q3,2008q3,0.0257468411570913,0.322136790865549,-3.981580123773969,-3.65944333290842
AUS,Australia,AUS,2008,4,2008.75,2008-Q4,2008q4,0.0255924907054692,0.3298611882076039,-3.995317490552026,-3.665456302344422
AUS,Australia,AUS,2009,1,2009.0,2009-Q1,2009q1,0.0258624096782292,0.3557858640410876,-4.010750592341259,-3.654964728300172
AUS,Australia,AUS,2009,2,2009.25,2009-Q2,2009q2,0.0260405372088335,0.35590160542579596,-4.004002437140827,-3.6481008317150314
AUS,Australia,AUS,2009,3,2009.5,2009-Q3,2009q3,0.0260811597329723,0.34568969328132226,-3.992231767904877,-3.6465420746235546
AUS,Australia,AUS,2009,4,2009.75,2009-Q4,2009q4,0.0261485215438592,0.34150600216203175,-3.985468629751267,-3.6439626275892354
AUS,Australia,AUS,2010,1,2010.0,2010-Q1,2010q1,0.0261248601564608,0.33604239170799133,-3.9809103132822243,-3.644867921574233
AUS,Australia,AUS,2010,2,2010.25,2010-Q2,2010q2,0.0261792914592029,0.3238191751213986,-3.9666057581895937,-3.642786583068195
AUS,Australia,AUS,2010,3,2010.5,2010-Q3,2010q3,0.0261346375335842,0.31624308419169456,-3.9607368201089788,-3.644493735917284
AUS,Australia,AUS,2010,4,2010.75,2010-Q4,2010q4,0.0261266072242298,0.3069481655408488,-3.9517492155856404,-3.6448010500447916
AUS,Australia,AUS,2011,1,2011.0,2011-Q1,2011q1,0.025979837036889,0.2995083833464034,-3.949942923742827,-3.650434540396424
AUS,Australia,AUS,2011,2,2011.25,2011-Q2,2011q2,0.0262824048078427,0.3043575564719654,-3.9432131388764726,-3.6388555824045072
AUS,Australia,AUS,2011,3,2011.5,2011-Q3,2011q3,0.0265542301710641,0.30932964381407313,-3.9378958593227056,-3.6285662155086325
AUS,Australia,AUS,2011,4,2011.75,2011-Q4,2011q4,0.0267842061535965,0.3178522165925459,-3.937795104403702,-3.619942887811156
AUS,Australia,AUS,2012,1,2012.0,2012-Q1,2012q1,0.0269914938876429,0.32451305132929154,-3.936746555141414,-3.6122335038121225
AUS,Australia,AUS,2012,2,2012.25,2012-Q2,2012q2,0.0270500472447381,0.3249635164401008,-3.935030043560548,-3.610066527120447
AUS,Australia,AUS,2012,3,2012.5,2012-Q3,2012q3,0.0271466484598184,0.32464087170255684,-3.931142557235305,-3.606501685532748
AUS,Australia,AUS,2012,4,2012.75,2012-Q4,2012q4,0.0271825703592114,0.3210437311500156,-3.9262230378446903,-3.6051793066946747
AUS,Australia,AUS,2013,1,2013.0,2013-Q1,2013q1,0.0272649919519514,0.31754426528998136,-3.9196960110728867,-3.6021517457829053
AUS,Australia,AUS,2013,2,2013.25,2013-Q2,2013q2,0.0272858302111062,0.30952494344894,-3.910912694874213,-3.601387751425273
AUS,Australia,AUS,2013,3,2013.5,2013-Q3,2013q3,0.0274963839916802,0.3118187253966229,-3.905519499563591,-3.593700774166968
AUS,Australia,AUS,2013,4,2013.75,2013-Q4,2013q4,0.0277342537721716,0.31775829633695984,-3.9028453278103648,-3.585087031473405
AUS,Australia,AUS,2014,1,2014.0,2014-Q1,2014q1,0.0278995410925804,0.31961354463029146,-3.8987585832149927,-3.5791450385847012
AUS,Australia,AUS,2014,2,2014.25,2014-Q2,2014q2,0.0279298278064043,0.3159229380899049,-3.893983002318197,-3.5780600642282923
AUS,Australia,AUS,2014,3,2014.5,2014-Q3,2014q3,0.027952149668338,0.31466357006407675,-3.8919247411919593,-3.5772611711278826
AUS,Australia,AUS,2014,4,2014.75,2014-Q4,2014q4,0.0279973644145397,0.3095404305614258,-3.8851853318508356,-3.57564490128941
AUS,Australia,AUS,2015,1,2015.0,2015-Q1,2015q1,0.028066732538108,0.30846719800760747,-3.8816374974488594,-3.573170299441252
AUS,Australia,AUS,2015,2,2015.25,2015-Q2,2015q2,0.0279833639272358,0.3009013358497361,-3.877046426686889,-3.576145090837153
AUS,Australia,AUS,2015,3,2015.5,2015-Q3,2015q3,0.0281520747502613,0.3028484669082756,-3.872982690636614,-3.5701342237283384
AUS,Australia,AUS,2015,4,2015.75,2015-Q4,2015q4,0.0279753221788399,0.29745955471989527,-3.8738920629004796,-3.5764325081805843
AUS,Australia,AUS,2016,1,2016.0,2016-Q1,2016q1,0.0281737757282413,0.3057794736058175,-3.875143146019994,-3.5693636724141764
AUS,Australia,AUS,2016,2,2016.25,2016-Q2,2016q2,0.0283062533564971,0.3031354603576668,-3.8678079924394737,-3.564672532081807
AUS,Australia,AUS,2016,3,2016.5,2016-Q3,2016q3,0.0282906511956884,0.30207418620141446,-3.867298061552871,-3.5652238753514567
AUS,Australia,AUS,2016,4,2016.75,2016-Q4,2016q4,0.0285164735697291,0.3017451621435212,-3.8590185008497677,-3.5572733387062465
AUS,Australia,AUS,2017,1,2017.0,2017-Q1,2017q1,0.0285199649675758,0.29720032644927175,-3.8543512382319376,-3.557150911782666
AUS,Australia,AUS,2017,2,2017.25,2017-Q2,2017q2,0.028377053523622,0.28450844141816267,-3.8466828763408323,-3.5621744349226696
AUS,Australia,AUS,2017,3,2017.5,2017-Q3,2017q3,0.0284003843678403,0.2818856855550127,-3.8432382853826903,-3.5613525998276776
AUS,Australia,AUS,2017,4,2017.75,2017-Q4,2017q4,0.0282935833596946,0.2726642318595074,-3.837784468307589,-3.5651202364480814
AUS,Australia,AUS,2018,1,2018.0,2018-Q1,2018q1,0.028351603599846,0.2702563200407804,-3.8333280060803943,-3.563071686039614
AUS,Australia,AUS,2018,2,2018.25,2018-Q2,2018q2,0.0284331006430027,0.26549079498560957,-3.8256920918879103,-3.5602012969023007
AUS,Australia,AUS,2018,3,2018.5,2018-Q3,2018q3,0.0283855650110995,0.2623835497817226,-3.824258087068906,-3.561874537287183
AUS,Australia,AUS,2018,4,2018.75,2018-Q4,2018q4,0.0282592319130066,0.2586442213950395,-3.8249793027892887,-3.566335081394249
AUS,Australia,AUS,2019,1,2019.0,2019-Q1,2019q1,0.0283198443926203,0.2571987439364132,-3.821391248718992,-3.5641925047825787
AUS,Australia,AUS,2019,2,2019.25,2019-Q2,2019q2,0.0282215820653099,0.2458986700519601,-3.8135669423342766,-3.5676682722823165
AUS,Australia,AUS,2019,3,2019.5,2019-Q3,2019q3,0.0282177319388372,0.24432771602344783,-3.8121324225111266,-3.567804706487679
AUS,Australia,AUS,2019,4,2019.75,2019-Q4,2019q4,0.0283330104794173,0.2515220393966633,-3.8152497454656107,-3.5637277060689474
AUS,Australia,AUS,2020,1,2020.0,2020-Q1,2020q1,0.028172915031801,0.24481243655395524,-3.8142066589943626,-3.5693942224404074
AUS,Australia,AUS,2020,2,2020.25,2020-Q2,2020q2,0.027766686213171,0.2982700281510571,-3.8821883426730164,-3.5839183145219593
AUS,Australia,AUS,2020,3,2020.5,2020-Q3,2020q3,0.028106629526372,0.2556444899557162,-3.8273942942189545,-3.5717498042632383
AUS,Australia,AUS,2020,4,2020.75,2020-Q4,2020q4,0.0285066596432571,0.26067111894413975,-3.8182886662554183,-3.5576175473112785
AUS,Australia,AUS,2021,1,2021.0,2021-Q1,2021q1,0.0287807125527666,0.2512376438684578,-3.799287463088877,-3.5480498192204193
AUS,Australia,AUS,2021,2,2021.25,2021-Q2,2021q2,0.0287379664609161,0.24470695154584288,-3.7942431087856,-3.549536157239757
AUS,Australia,AUS,2021,3,2021.5,2021-Q3,2021q3,0.0283761308797547,0.22971444176588385,-3.7919213909475182,-3.5622069491816344
AUS,Australia,AUS,2021,4,2021.75,2021-Q4,2021q4,0.0291994977391276,0.25002095664677126,-3.7836247272174144,-3.533603770570643
AUS,Australia,AUS,2022,1,2022.0,2022-Q1,2022q1,0.0288119367544695,0.23572202594017533,-3.7826875330083403,-3.546965507068165
AUS,Australia,AUS,2022,2,2022.25,2022-Q2,2022q2,0.0287718315789685,0.23373391157132284,-3.7820923522090077,-3.548358440637685
AUS,Australia,AUS,2022,3,2022.5,2022-Q3,2022q3,0.0286140464393357,0.22833493815759853,-3.782192485638369,-3.5538575474807703
AUS,Australia,AUS,2022,4,2022.75,2022-Q4,2022q4,0.02863700631804,0.22842601463404355,-3.7814814849885647,-3.553055470354521
AUS,Australia,AUS,2023,1,2023.0,2023-Q1,2023q1,0.0285711657053672,0.2273078373597155,-3.7826650992036,-3.5553572618438847
AUS,Australia,AUS,2023,2,2023.25,2023-Q2,2023q2,0.0284523947680687,0.22137646072176365,-3.780899408049487,-3.5595229473277232
AUS,Australia,AUS,2023,3,2023.5,2023-Q3,2023q3,0.0283590484571702,0.21790267433927468,-3.7807118045063346,-3.56280913016706
AUS,Australia,AUS,2023,4,2023.75,2023-Q4,2023q4,0.0281571072198568,0.20881671116860456,-3.7787721907052205,-3.569955479536616
AUS,Australia,AUS,2024,1,2024.0,2024-Q1,2024q1,0.0282368591827909,0.20862892634160168,-3.775756017623659,-3.567127091282057
AUS,Australia,AUS,2024,2,2024.25,2024-Q2,2024q2,0.0280444939606218,0.19702344639399172,-3.770986406414534,-3.5739629600205425
AUS,Australia,AUS,2024,3,2024.5,2024-Q3,2024q3,0.0278898611234456,0.18568438016291067,-3.765176436957072,-3.5794920567941615
AUS,Australia,AUS,2024,4,2024.75,2024-Q4,2024q4,0.0278782620346884,0.18222765143779718,-3.7621356838204347,-3.5799080323826376
AUS,Australia,AUS,2025,1,2025.0,2025-Q1,2025q1,0.0279473159426917,0.18040666496805935,-3.757840779633255,-3.577434114665196
AUS,Australia,AUS,2025,2,2025.25,2025-Q2,2025q2,0.0280770845270288,0.18006102439808913,-3.7528625569980663,-3.572801532599977
AUS,Australia,AUS,2025,3,2025.5,2025-Q3,2025q3,0.0281901670092186,0.17944455922879765,-3.7482266086888907,-3.568782049460093
AUS,Australia,AUS,2025,4,2025.75,2025-Q4,2025q4,0.0283941331866567,0.1855789869911888,-3.747151720080949,-3.5615727330897604
AUS,Australia,AUS,2026,1,2026.0,2026-Q1,2026q1,0.0282588667440694,0.1831901392137687,-3.7495381428027086,-3.56634800358894
AUT,Austria,AUT,1995,1,1995.0,1995-Q1,1995q1,0.0192901597173477,0.3059143962882538,-4.254074568586735,-3.9481601722984814
AUT,Austria,AUT,1995,2,1995.25,1995-Q2,1995q2,0.0196797409394384,0.3222746555379765,-4.2504402066290705,-3.928165551091094
AUT,Austria,AUT,1995,3,1995.5,1995-Q3,1995q3,0.0197909206898473,0.32481904891196045,-4.24735104637809,-3.9225319974661295
AUT,Austria,AUT,1995,4,1995.75,1995-Q4,1995q4,0.019956060324853,0.3301970798198761,-4.244419485914777,-3.9142224060949005
AUT,Austria,AUT,1996,1,1996.0,1996-Q1,1996q1,0.0201550298817656,0.3367734954234889,-4.241074895239452,-3.904301399815963
AUT,Austria,AUT,1996,2,1996.25,1996-Q2,1996q2,0.0204006184225164,0.34496632081018674,-4.237156384572403,-3.892190063762216
AUT,Austria,AUT,1996,3,1996.5,1996-Q3,1996q3,0.0205436588407907,0.3514947577240335,-4.236697715606429,-3.8852029578823952
AUT,Austria,AUT,1996,4,1996.75,1996-Q4,1996q4,0.0205183427758294,0.3436632980288481,-4.230099321381617,-3.8864360233527693
AUT,Austria,AUT,1997,1,1997.0,1997-Q1,1997q1,0.0207656745251578,0.352977872558518,-4.227431791231235,-3.8744539186727174
AUT,Austria,AUT,1997,2,1997.25,1997-Q2,1997q2,0.0208122133179225,0.3421417905245252,-4.214357076375103,-3.872215285850578
AUT,Austria,AUT,1997,3,1997.5,1997-Q3,1997q3,0.0209687835239965,0.3449384359658345,-4.2096588820174015,-3.864720446051567
AUT,Austria,AUT,1997,4,1997.75,1997-Q4,1997q4,0.0211311701851292,0.34918602500931906,-4.206192093625781,-3.8570060686164616
AUT,Austria,AUT,1998,1,1998.0,1998-Q1,1998q1,0.0212635722992251,0.35975059248226104,-4.21051048353961,-3.8507598910573493
AUT,Austria,AUT,1998,2,1998.25,1998-Q2,1998q2,0.0215702374778235,0.37477502814214647,-4.211215837148984,-3.8364408090068376
AUT,Austria,AUT,1998,3,1998.5,1998-Q3,1998q3,0.0215571998700984,0.3714266546311302,-4.2084720721621,-3.8370454175309696
AUT,Austria,AUT,1998,4,1998.75,1998-Q4,1998q4,0.0217204159086013,0.37679278378973713,-4.206295419243004,-3.8295026354532666
AUT,Austria,AUT,1999,1,1999.0,1999-Q1,1999q1,0.0215590546652225,0.37099988711264364,-4.207959267711823,-3.8369593805991795
AUT,Austria,AUT,1999,2,1999.25,1999-Q2,1999q2,0.0217658284274631,0.37725328176888206,-4.2046673241020285,-3.8274140423331464
AUT,Austria,AUT,1999,3,1999.5,1999-Q3,1999q3,0.0220707126072638,0.3846073875509499,-4.198111158282587,-3.813503770731637
AUT,Austria,AUT,1999,4,1999.75,1999-Q4,1999q4,0.0222940225263094,0.3849655989548273,-4.188402283549777,-3.80343668459495
AUT,Austria,AUT,2000,1,2000.0,2000-Q1,2000q1,0.0222393707643412,0.3784310912576667,-4.184322194227946,-3.805891102970279
AUT,Austria,AUT,2000,2,2000.25,2000-Q2,2000q2,0.0224460083616879,0.3846556657651887,-4.181298147628699,-3.79664248186351
AUT,Austria,AUT,2000,3,2000.5,2000-Q3,2000q3,0.0227304500374967,0.39444938385700334,-4.17849922589675,-3.7840498420397464
AUT,Austria,AUT,2000,4,2000.75,2000-Q4,2000q4,0.0228000184150189,0.39219714299121833,-4.173191078337019,-3.7809939353458004
AUT,Austria,AUT,2001,1,2001.0,2001-Q1,2001q1,0.0227734620818933,0.3912771879319692,-4.173436552638961,-3.7821593647069918
AUT,Austria,AUT,2001,2,2001.25,2001-Q2,2001q2,0.0226166633850507,0.38474700443417786,-4.1738153309007995,-3.7890683264666216
AUT,Austria,AUT,2001,3,2001.5,2001-Q3,2001q3,0.0227171235145839,0.38991132483467883,-4.174547623851253,-3.784636299016574
AUT,Austria,AUT,2001,4,2001.75,2001-Q4,2001q4,0.0226494223745329,0.3831100460713004,-4.17073097567771,-3.7876209296064096
AUT,Austria,AUT,2002,1,2002.0,2002-Q1,2002q1,0.0232677874718544,0.400313161500097,-4.160998548399518,-3.760685386899421
AUT,Austria,AUT,2002,2,2002.25,2002-Q2,2002q2,0.0232561887006032,0.3920142043331283,-4.153198206030584,-3.761184001697456
AUT,Austria,AUT,2002,3,2002.5,2002-Q3,2002q3,0.0232100370082844,0.3868503085718795,-4.150020772771553,-3.7631704641996735
AUT,Austria,AUT,2002,4,2002.75,2002-Q4,2002q4,0.0229647529100756,0.3716695099750984,-4.145464230650573,-3.7737947206754745
AUT,Austria,AUT,2003,1,2003.0,2003-Q1,2003q1,0.0228181591887613,0.3612271651920227,-4.141425769568831,-3.780198604376808
AUT,Austria,AUT,2003,2,2003.25,2003-Q2,2003q2,0.0228717108599908,0.3587334527953563,-4.136587918495714,-3.7778544657003574
AUT,Austria,AUT,2003,3,2003.5,2003-Q3,2003q3,0.023017911009789,0.3570153657301063,-4.128497992287372,-3.7714826265572654
AUT,Austria,AUT,2003,4,2003.75,2003-Q4,2003q4,0.0230319551491597,0.34855101407085964,-4.119423687072228,-3.770872673001368
AUT,Austria,AUT,2004,1,2004.0,2004-Q1,2004q1,0.0241121884800226,0.38604813598323506,-4.111085956256169,-3.7250378202729335
AUT,Austria,AUT,2004,2,2004.25,2004-Q2,2004q2,0.0241530415484968,0.3793574609211956,-4.102702423697901,-3.723344962776705
AUT,Austria,AUT,2004,3,2004.5,2004-Q3,2004q3,0.0243098963578021,0.37893525584793863,-4.095807009867689,-3.71687175401975
AUT,Austria,AUT,2004,4,2004.75,2004-Q4,2004q4,0.0242897308951057,0.36645362353365574,-4.084155238397759,-3.7177016148641036
AUT,Austria,AUT,2005,1,2005.0,2005-Q1,2005q1,0.0242775668907274,0.35972735920471033,-4.077929887448277,-3.7182025282435665
AUT,Austria,AUT,2005,2,2005.25,2005-Q2,2005q2,0.0243810628842999,0.3515319781912738,-4.065480537503734,-3.71394855931246
AUT,Austria,AUT,2005,3,2005.5,2005-Q3,2005q3,0.024197429182582,0.33756894659319947,-4.059077830180438,-3.721508883587239
AUT,Austria,AUT,2005,4,2005.75,2005-Q4,2005q4,0.0244558388808558,0.3385796769083429,-4.04946595944698,-3.7108862825386373
AUT,Austria,AUT,2006,1,2006.0,2006-Q1,2006q1,0.0246533408530781,0.3384062367319496,-4.041249092843926,-3.7028428561119764
AUT,Austria,AUT,2006,2,2006.25,2006-Q2,2006q2,0.0245643310479356,0.3275347991974864,-4.0339946448477555,-3.706459845650269
AUT,Austria,AUT,2006,3,2006.5,2006-Q3,2006q3,0.0245346714790704,0.31924059528929005,-4.026908594708328,-3.7076679994190376
AUT,Austria,AUT,2006,4,2006.75,2006-Q4,2006q4,0.0248362894716215,0.3216553210634814,-4.017104731287111,-3.6954494102236293
AUT,Austria,AUT,2007,1,2007.0,2007-Q1,2007q1,0.0249021704313363,0.3167366331255428,-4.009536946518625,-3.6928003133930822
AUT,Austria,AUT,2007,2,2007.25,2007-Q2,2007q2,0.0250165034787739,0.31314467095687837,-4.0013642037158625,-3.688219532758984
AUT,Austria,AUT,2007,3,2007.5,2007-Q3,2007q3,0.024915602633025,0.30025747146904624,-3.9925185314516303,-3.692261059982584
AUT,Austria,AUT,2007,4,2007.75,2007-Q4,2007q4,0.0248720838906849,0.2895876445285004,-3.983596877863246,-3.6940092333347456
AUT,Austria,AUT,2008,1,2008.0,2008-Q1,2008q1,0.0252082312943746,0.30131560029706383,-3.9819002994309596,-3.6805846991338957
AUT,Austria,AUT,2008,2,2008.25,2008-Q2,2008q2,0.0249868450997967,0.2891866060550954,-3.978592394666867,-3.6894057886117717
AUT,Austria,AUT,2008,3,2008.5,2008-Q3,2008q3,0.0248919064818367,0.2883675545351614,-3.981580123773969,-3.6932125692388076
AUT,Austria,AUT,2008,4,2008.75,2008-Q4,2008q4,0.0242257077940694,0.27497658642534084,-3.995317490552026,-3.7203409041266853
AUT,Austria,AUT,2009,1,2009.0,2009-Q1,2009q1,0.0240401067403401,0.28271886313025263,-4.010750592341259,-3.728031729211007
AUT,Austria,AUT,2009,2,2009.25,2009-Q2,2009q2,0.0239561007425817,0.272470177869383,-4.004002437140827,-3.7315322592714444
AUT,Austria,AUT,2009,3,2009.5,2009-Q3,2009q3,0.0240425439765864,0.26430141564426934,-3.992231767904877,-3.7279303522606075
AUT,Austria,AUT,2009,4,2009.75,2009-Q4,2009q4,0.0240026475604705,0.25587749005242566,-3.985468629751267,-3.7295911396988415
AUT,Austria,AUT,2010,1,2010.0,2010-Q1,2010q1,0.0238760345270104,0.2460302507023795,-3.9809103132822243,-3.734880062579845
AUT,Austria,AUT,2010,2,2010.25,2010-Q2,2010q2,0.024181115532612,0.24442245784656436,-3.9666057581895937,-3.7221833003430294
AUT,Austria,AUT,2010,3,2010.5,2010-Q3,2010q3,0.0243222016146005,0.244371121043633,-3.9607368201089788,-3.7163656990653458
AUT,Austria,AUT,2010,4,2010.75,2010-Q4,2010q4,0.0244740104790831,0.2416056943389524,-3.9517492155856404,-3.710143521246688
AUT,Austria,AUT,2011,1,2011.0,2011-Q1,2011q1,0.0247119683016601,0.24947531766572784,-3.949942923742827,-3.7004676060770993
AUT,Austria,AUT,2011,2,2011.25,2011-Q2,2011q2,0.0246655476754178,0.2408652988913058,-3.9432131388764726,-3.702347839985167
AUT,Austria,AUT,2011,3,2011.5,2011-Q3,2011q3,0.0246690366062433,0.23568945889285775,-3.9378958593227056,-3.702206400429848
AUT,Austria,AUT,2011,4,2011.75,2011-Q4,2011q4,0.0248763146483197,0.24395595725340646,-3.937795104403702,-3.6938391471502956
AUT,Austria,AUT,2012,1,2012.0,2012-Q1,2012q1,0.0248032866515708,0.23996744682239912,-3.936746555141414,-3.696779108319015
AUT,Austria,AUT,2012,2,2012.25,2012-Q2,2012q2,0.0246807863914028,0.23329982661699455,-3.935030043560548,-3.7017302169435533
AUT,Austria,AUT,2012,3,2012.5,2012-Q3,2012q3,0.0247971796933203,0.23411720291372617,-3.931142557235305,-3.6970253543215787
AUT,Austria,AUT,2012,4,2012.75,2012-Q4,2012q4,0.0245782184110708,0.22032837913151582,-3.9262230378446903,-3.7058946587131745
AUT,Austria,AUT,2013,1,2013.0,2013-Q1,2013q1,0.0244669615770015,0.20926443252638594,-3.9196960110728867,-3.7104315785465007
AUT,Austria,AUT,2013,2,2013.25,2013-Q2,2013q2,0.0244762928153566,0.2008624247872337,-3.910912694874213,-3.7100502700869793
AUT,Austria,AUT,2013,3,2013.5,2013-Q3,2013q3,0.0245073588609755,0.1967376547050681,-3.905519499563591,-3.708781844858523
AUT,Austria,AUT,2013,4,2013.75,2013-Q4,2013q4,0.0246116221980948,0.19830882727558752,-3.9028453278103648,-3.7045365005347772
AUT,Austria,AUT,2014,1,2014.0,2014-Q1,2014q1,0.0245897303311012,0.19333219379249433,-3.8987585832149927,-3.7054263894224984
AUT,Austria,AUT,2014,2,2014.25,2014-Q2,2014q2,0.024660552829891,0.19143263890252582,-3.893983002318197,-3.7025503634156713
AUT,Austria,AUT,2014,3,2014.5,2014-Q3,2014q3,0.0247250326515414,0.19198566030585162,-3.8919247411919593,-3.6999390808861077
AUT,Austria,AUT,2014,4,2014.75,2014-Q4,2014q4,0.0247486197164315,0.18619977129517684,-3.8851853318508356,-3.6989855605556587
AUT,Austria,AUT,2015,1,2015.0,2015-Q1,2015q1,0.0247125125489509,0.18119191476103857,-3.8816374974488594,-3.700445582687821
AUT,Austria,AUT,2015,2,2015.25,2015-Q2,2015q2,0.0248807663001778,0.1833862149477996,-3.877046426686889,-3.6936602117390893
AUT,Austria,AUT,2015,3,2015.5,2015-Q3,2015q3,0.0247787944773309,0.175215637653948,-3.872982690636614,-3.697767052982666
AUT,Austria,AUT,2015,4,2015.75,2015-Q4,2015q4,0.0247558171989434,0.1751972836570057,-3.8738920629004796,-3.698694779243474
AUT,Austria,AUT,2016,1,2016.0,2016-Q1,2016q1,0.0249205459644073,0.1830804694011987,-3.875143146019994,-3.692062676618795
AUT,Austria,AUT,2016,2,2016.25,2016-Q2,2016q2,0.0248286052251177,0.17204913842815328,-3.8678079924394737,-3.6957588540113204
AUT,Austria,AUT,2016,3,2016.5,2016-Q3,2016q3,0.0248214766000166,0.17125205292314805,-3.867298061552871,-3.696046008629723
AUT,Austria,AUT,2016,4,2016.75,2016-Q4,2016q4,0.0249780158302531,0.16925929307616316,-3.8590185008497677,-3.6897592077736046
AUT,Austria,AUT,2017,1,2017.0,2017-Q1,2017q1,0.0252177626115149,0.17414457100244407,-3.8543512382319376,-3.6802066672294935
AUT,Austria,AUT,2017,2,2017.25,2017-Q2,2017q2,0.0251573801230254,0.16407889511358187,-3.8466828763408323,-3.6826039812272504
AUT,Austria,AUT,2017,3,2017.5,2017-Q3,2017q3,0.0252993369407423,0.1662611939147971,-3.8432382853826903,-3.676977091467893
AUT,Austria,AUT,2017,4,2017.75,2017-Q4,2017q4,0.0253013379156076,0.16088646570054665,-3.837784468307589,-3.676898002607042
AUT,Austria,AUT,2018,1,2018.0,2018-Q1,2018q1,0.0253344747094347,0.1577388320213542,-3.8333280060803943,-3.67558917405904
AUT,Austria,AUT,2018,2,2018.25,2018-Q2,2018q2,0.0254535893332962,0.15479358066496562,-3.8256920918879103,-3.6708985112229446
AUT,Austria,AUT,2018,3,2018.5,2018-Q3,2018q3,0.0255013102225869,0.155232640209094,-3.824258087068906,-3.669025446859812
AUT,Austria,AUT,2018,4,2018.75,2018-Q4,2018q4,0.0256665414290933,0.162412277594846,-3.8249793027892887,-3.6625670251944427
AUT,Austria,AUT,2019,1,2019.0,2019-Q1,2019q1,0.0258905588636278,0.16751434934796627,-3.821391248718992,-3.6538768993710256
AUT,Austria,AUT,2019,2,2019.25,2019-Q2,2019q2,0.025734659848922,0.1536503789194188,-3.8135669423342766,-3.659916563414858
AUT,Austria,AUT,2019,3,2019.5,2019-Q3,2019q3,0.0257540094767586,0.15296746635281355,-3.8121324225111266,-3.659164956158313
AUT,Austria,AUT,2019,4,2019.75,2019-Q4,2019q4,0.0254524041908375,0.1443046722417356,-3.8152497454656107,-3.670945073223875
AUT,Austria,AUT,2020,1,2020.0,2020-Q1,2020q1,0.025406120019907,0.14144147067960144,-3.8142066589943626,-3.672765188314761
AUT,Austria,AUT,2020,2,2020.25,2020-Q2,2020q2,0.0224208881216854,0.08442609347116958,-3.8821883426730164,-3.797762249201847
AUT,Austria,AUT,2020,3,2020.5,2020-Q3,2020q3,0.0248336018244048,0.13183666361677426,-3.8273942942189545,-3.6955576306021802
AUT,Austria,AUT,2020,4,2020.75,2020-Q4,2020q4,0.0244944696188024,0.10898074949834635,-3.8182886662554183,-3.709307916757072
AUT,Austria,AUT,2021,1,2021.0,2021-Q1,2021q1,0.0247299591236953,0.09954761273515267,-3.799287463088877,-3.6997398503537244
AUT,Austria,AUT,2021,2,2021.25,2021-Q2,2021q2,0.0257824719859183,0.13618271045683583,-3.7942431087856,-3.658060398328764
AUT,Austria,AUT,2021,3,2021.5,2021-Q3,2021q3,0.0259237147817801,0.13932429037883276,-3.7919213909475182,-3.6525971005686855
AUT,Austria,AUT,2021,4,2021.75,2021-Q4,2021q4,0.0258726282613904,0.12905503422410813,-3.7836247272174144,-3.6545696929933063
AUT,Austria,AUT,2022,1,2022.0,2022-Q1,2022q1,0.0257166470102049,0.12207077981978642,-3.7826875330083403,-3.660616753188554
AUT,Austria,AUT,2022,2,2022.25,2022-Q2,2022q2,0.0263452079799759,0.14562347133317433,-3.7820923522090077,-3.6364688808758334
AUT,Austria,AUT,2022,3,2022.5,2022-Q3,2022q3,0.0262882462494438,0.1435591352780783,-3.782192485638369,-3.6386333503602906
AUT,Austria,AUT,2022,4,2022.75,2022-Q4,2022q4,0.0262231447006865,0.1403686123405108,-3.7814814849885647,-3.641112872648054
AUT,Austria,AUT,2023,1,2023.0,2023-Q1,2023q1,0.0261567223217474,0.1390160454493885,-3.7826650992036,-3.6436490537542117
AUT,Austria,AUT,2023,2,2023.25,2023-Q2,2023q2,0.0257583835068294,0.12190427627043343,-3.780899408049487,-3.6589951317790534
AUT,Austria,AUT,2023,3,2023.5,2023-Q3,2023q3,0.0255756784308048,0.11459836411874225,-3.7807118045063346,-3.6661134403875923
AUT,Austria,AUT,2023,4,2023.75,2023-Q4,2023q4,0.0254468825785675,0.10761015521558015,-3.7787721907052205,-3.6711620354896404
AUT,Austria,AUT,2024,1,2024.0,2024-Q1,2024q1,0.0254971068862202,0.10656572892700167,-3.775756017623659,-3.669190288696657
AUT,Austria,AUT,2024,2,2024.25,2024-Q2,2024q2,0.02546989510579,0.10072829807174122,-3.770986406414534,-3.670258108342793
AUT,Austria,AUT,2024,3,2024.5,2024-Q3,2024q3,0.0253991961838759,0.09213868519457291,-3.765176436957072,-3.6730377517624992
AUT,Austria,AUT,2024,4,2024.75,2024-Q4,2024q4,0.0255826300509441,0.09629401239426416,-3.7621356838204347,-3.6658416714261706
AUT,Austria,AUT,2025,1,2025.0,2025-Q1,2025q1,0.0256317992560314,0.09391923973483918,-3.757840779633255,-3.663921539898416
AUT,Austria,AUT,2025,2,2025.25,2025-Q2,2025q2,0.0256225992376214,0.08858202279753424,-3.7528625569980663,-3.664280534200532
AUT,Austria,AUT,2025,3,2025.5,2025-Q3,2025q3,0.0257066782144447,0.0872221405541902,-3.7482266086888907,-3.6610044681347005
AUT,Austria,AUT,2025,4,2025.75,2025-Q4,2025q4,0.0257019166355105,0.08596200747645888,-3.747151720080949,-3.6611897126044903
AUT,Austria,AUT,2026,1,2026.0,2026-Q1,2026q1,0.0257273238107447,0.08933647424011637,-3.7495381428027086,-3.660201668562592
AZE,Azerbaijan,AZE,2001,1,2001.0,2001-Q1,2001q1,0.0009478413758312,-2.7878868421432665,-4.173436552638961,-6.9613233947822275
AZE,Azerbaijan,AZE,2001,2,2001.25,2001-Q2,2001q2,0.0009589948513332,-2.775809520981518,-4.1738153309007995,-6.949624851882318
AZE,Azerbaijan,AZE,2001,3,2001.5,2001-Q3,2001q3,0.0009676908657887,-2.7660502513647103,-4.174547623851253,-6.940597875215963
AZE,Azerbaijan,AZE,2001,4,2001.75,2001-Q4,2001q4,0.0009718624440528,-2.765565306305005,-4.17073097567771,-6.936296281982715
AZE,Azerbaijan,AZE,2002,1,2002.0,2002-Q1,2002q1,0.0010068131802454,-2.7399666551642152,-4.160998548399518,-6.900965203563733
AZE,Azerbaijan,AZE,2002,2,2002.25,2002-Q2,2002q2,0.0010321402207846,-2.7229225422687673,-4.153198206030584,-6.876120748299352
AZE,Azerbaijan,AZE,2002,3,2002.5,2002-Q3,2002q3,0.0010498173567666,-2.709118303108072,-4.150020772771553,-6.859139075879625
AZE,Azerbaijan,AZE,2002,4,2002.75,2002-Q4,2002q4,0.0010739705819785,-2.6909284437015053,-4.145464230650573,-6.836392674352078
AZE,Azerbaijan,AZE,2003,1,2003.0,2003-Q1,2003q1,0.0010864733137855,-2.683392550633827,-4.141425769568831,-6.824818320202658
AZE,Azerbaijan,AZE,2003,2,2003.25,2003-Q2,2003q2,0.0011128387296263,-2.6642531957030124,-4.136587918495714,-6.800841114198726
AZE,Azerbaijan,AZE,2003,3,2003.5,2003-Q3,2003q3,0.0011491538001536,-2.64023144112579,-4.128497992287372,-6.768729433413162
AZE,Azerbaijan,AZE,2003,4,2003.75,2003-Q4,2003q4,0.0011893155383847,-2.6149536280926773,-4.119423687072228,-6.734377315164905
AZE,Azerbaijan,AZE,2004,1,2004.0,2004-Q1,2004q1,0.0011652414301544,-2.643741020994722,-4.111085956256169,-6.75482697725089
AZE,Azerbaijan,AZE,2004,2,2004.25,2004-Q2,2004q2,0.0012109653055799,-2.6136350405209576,-4.102702423697901,-6.716337464218858
AZE,Azerbaijan,AZE,2004,3,2004.5,2004-Q3,2004q3,0.0012503331539263,-2.5885382301701814,-4.095807009867689,-6.68434524003787
AZE,Azerbaijan,AZE,2004,4,2004.75,2004-Q4,2004q4,0.0012772189063857,-2.5789150558400706,-4.084155238397759,-6.66307029423783
AZE,Azerbaijan,AZE,2005,1,2005.0,2005-Q1,2005q1,0.0014042806589133,-2.4903002063965882,-4.077929887448277,-6.568230093844865
AZE,Azerbaijan,AZE,2005,2,2005.25,2005-Q2,2005q2,0.0015073457358551,-2.4319244282031125,-4.065480537503734,-6.4974049657068464
AZE,Azerbaijan,AZE,2005,3,2005.5,2005-Q3,2005q3,0.001596148981376,-2.3810836074037995,-4.059077830180438,-6.440161437584238
AZE,Azerbaijan,AZE,2005,4,2005.75,2005-Q4,2005q4,0.0016718700851259,-2.3443465081750228,-4.04946595944698,-6.393812467622003
AZE,Azerbaijan,AZE,2006,1,2006.0,2006-Q1,2006q1,0.001935539646755,-2.206120011326389,-4.041249092843926,-6.247369104170315
AZE,Azerbaijan,AZE,2006,2,2006.25,2006-Q2,2006q2,0.0020242736273989,-2.1685497004440784,-4.0339946448477555,-6.202544345291834
AZE,Azerbaijan,AZE,2006,3,2006.5,2006-Q3,2006q3,0.0021107870387289,-2.1337858021976635,-4.026908594708328,-6.160694396905991
AZE,Azerbaijan,AZE,2006,4,2006.75,2006-Q4,2006q4,0.0021457932238847,-2.1271412623298627,-4.017104731287111,-6.144245993616973
AZE,Azerbaijan,AZE,2007,1,2007.0,2007-Q1,2007q1,0.0024584346316265,-1.9986935136693296,-4.009536946518625,-6.008230460187955
AZE,Azerbaijan,AZE,2007,2,2007.25,2007-Q2,2007q2,0.0025208677942917,-1.9817878702080414,-4.0013642037158625,-5.983152073923904
AZE,Azerbaijan,AZE,2007,3,2007.5,2007-Q3,2007q3,0.0025991443644462,-1.96005444726288,-3.9925185314516303,-5.95257297871451
AZE,Azerbaijan,AZE,2007,4,2007.75,2007-Q4,2007q4,0.0025985122143834,-1.9692193451119535,-3.983596877863246,-5.9528162229751995
AZE,Azerbaijan,AZE,2008,1,2008.0,2008-Q1,2008q1,0.0026818061315431,-1.9393644823367806,-3.9819002994309596,-5.92126478176774
AZE,Azerbaijan,AZE,2008,2,2008.25,2008-Q2,2008q2,0.0027746382026542,-1.9086425230386572,-3.978592394666867,-5.887234917705524
AZE,Azerbaijan,AZE,2008,3,2008.5,2008-Q3,2008q3,0.0028487243259129,-1.8793038660754462,-3.981580123773969,-5.860883989849415
AZE,Azerbaijan,AZE,2008,4,2008.75,2008-Q4,2008q4,0.0027996186771699,-1.8829545672482424,-3.995317490552026,-5.8782720578002685
AZE,Azerbaijan,AZE,2009,1,2009.0,2009-Q1,2009q1,0.0028598288524918,-1.8462429053857914,-4.010750592341259,-5.856993497727051
AZE,Azerbaijan,AZE,2009,2,2009.25,2009-Q2,2009q2,0.0029404542916399,-1.8251887514619014,-4.004002437140827,-5.829191188602729
AZE,Azerbaijan,AZE,2009,3,2009.5,2009-Q3,2009q3,0.0030153376219066,-1.8118117064356118,-3.992231767904877,-5.804043474340489
AZE,Azerbaijan,AZE,2009,4,2009.75,2009-Q4,2009q4,0.0031449942171282,-1.7764745978311263,-3.985468629751267,-5.761943227582393
AZE,Azerbaijan,AZE,2010,1,2010.0,2010-Q1,2010q1,0.0030199337142589,-1.8216100834749098,-3.9809103132822243,-5.802520396757134
AZE,Azerbaijan,AZE,2010,2,2010.25,2010-Q2,2010q2,0.0030515675617062,-1.8254941075449111,-3.9666057581895937,-5.792099865734505
AZE,Azerbaijan,AZE,2010,3,2010.5,2010-Q3,2010q3,0.0030869504590817,-1.8198347617223707,-3.9607368201089788,-5.7805715818313494
AZE,Azerbaijan,AZE,2010,4,2010.75,2010-Q4,2010q4,0.0032173276777381,-1.787454962155179,-3.9517492155856404,-5.739204177740819
AZE,Azerbaijan,AZE,2011,1,2011.0,2011-Q1,2011q1,0.0029653296456418,-1.8708241500009777,-3.949942923742827,-5.820767073743805
AZE,Azerbaijan,AZE,2011,2,2011.25,2011-Q2,2011q2,0.0030497440116755,-1.8494844836069109,-3.9432131388764726,-5.7926976224833835
AZE,Azerbaijan,AZE,2011,3,2011.5,2011-Q3,2011q3,0.0030448254412024,-1.8564158465111023,-3.9378958593227056,-5.794311705833808
AZE,Azerbaijan,AZE,2011,4,2011.75,2011-Q4,2011q4,0.0030200211777335,-1.8646963307217073,-3.937795104403702,-5.802491435125409
AZE,Azerbaijan,AZE,2012,1,2012.0,2012-Q1,2012q1,0.0030242448832097,-1.864347288904744,-3.936746555141414,-5.801093844046158
AZE,Azerbaijan,AZE,2012,2,2012.25,2012-Q2,2012q2,0.0030062511506389,-1.8720313978008218,-3.935030043560548,-5.80706144136137
AZE,Azerbaijan,AZE,2012,3,2012.5,2012-Q3,2012q3,0.0030466179828208,-1.8625806044570363,-3.931142557235305,-5.793723161692341
AZE,Azerbaijan,AZE,2012,4,2012.75,2012-Q4,2012q4,0.0030667458285256,-1.8609152324340759,-3.9262230378446903,-5.787138270278766
AZE,Azerbaijan,AZE,2013,1,2013.0,2013-Q1,2013q1,0.0030885238983998,-1.8603659939191575,-3.9196960110728867,-5.780062004992044
AZE,Azerbaijan,AZE,2013,2,2013.25,2013-Q2,2013q2,0.0031713507604371,-1.8426849795833027,-3.910912694874213,-5.753597674457516
AZE,Azerbaijan,AZE,2013,3,2013.5,2013-Q3,2013q3,0.0031896418578084,-1.842327139204071,-3.905519499563591,-5.747846638767662
AZE,Azerbaijan,AZE,2013,4,2013.75,2013-Q4,2013q4,0.003183062852877,-1.847066056639819,-3.9028453278103648,-5.749911384450184
AZE,Azerbaijan,AZE,2014,1,2014.0,2014-Q1,2014q1,0.003128684199445,-1.8683841631649223,-3.8987585832149927,-5.767142746379915
AZE,Azerbaijan,AZE,2014,2,2014.25,2014-Q2,2014q2,0.0031824939998336,-1.856107110578869,-3.893983002318197,-5.750090112897066
AZE,Azerbaijan,AZE,2014,3,2014.5,2014-Q3,2014q3,0.0032208528608741,-1.8461843496785417,-3.8919247411919593,-5.738109090870501
AZE,Azerbaijan,AZE,2014,4,2014.75,2014-Q4,2014q4,0.0032128916192732,-1.8553985995076294,-3.8851853318508356,-5.740583931358465
AZE,Azerbaijan,AZE,2015,1,2015.0,2015-Q1,2015q1,0.0032008695846961,-1.8626952634261098,-3.8816374974488594,-5.744332760874969
AZE,Azerbaijan,AZE,2015,2,2015.25,2015-Q2,2015q2,0.003184791513434,-1.8723220243040717,-3.877046426686889,-5.749368450990961
AZE,Azerbaijan,AZE,2015,3,2015.5,2015-Q3,2015q3,0.003151832023938,-1.8867887096677967,-3.872982690636614,-5.759771400304411
AZE,Azerbaijan,AZE,2015,4,2015.75,2015-Q4,2015q4,0.0031522516271306,-1.885746216329896,-3.8738920629004796,-5.7596382792303755
AZE,Azerbaijan,AZE,2016,1,2016.0,2016-Q1,2016q1,0.0030670817195715,-1.9118856033948086,-3.875143146019994,-5.7870287494148025
AZE,Azerbaijan,AZE,2016,2,2016.25,2016-Q2,2016q2,0.0030476782718708,-1.9255672081376254,-3.8678079924394737,-5.793375200577099
AZE,Azerbaijan,AZE,2016,3,2016.5,2016-Q3,2016q3,0.0030270142538349,-1.9328804785025548,-3.867298061552871,-5.800178540055426
AZE,Azerbaijan,AZE,2016,4,2016.75,2016-Q4,2016q4,0.0030109838633334,-1.9464698878854598,-3.8590185008497677,-5.8054883887352275
AZE,Azerbaijan,AZE,2017,1,2017.0,2017-Q1,2017q1,0.0029506677000414,-1.9713725570121925,-3.8543512382319376,-5.82572379524413
AZE,Azerbaijan,AZE,2017,2,2017.25,2017-Q2,2017q2,0.0029205578979966,-1.9892977436531947,-3.8466828763408323,-5.835980619994027
BEL,Belgium,BEL,1995,1,1995.0,1995-Q1,1995q1,0.0231289945238233,0.48740629425124515,-4.254074568586735,-3.76666827433549
BEL,Belgium,BEL,1995,2,1995.25,1995-Q2,1995q2,0.0232094079077961,0.487242637387987,-4.2504402066290705,-3.7631975692410835
BEL,Belgium,BEL,1995,3,1995.5,1995-Q3,1995q3,0.023353061576889,0.49032385969906,-4.24735104637809,-3.75702718667903
BEL,Belgium,BEL,1995,4,1995.75,1995-Q4,1995q4,0.0233844423299496,0.4887351504859443,-4.244419485914777,-3.7556843354288323
BEL,Belgium,BEL,1996,1,1996.0,1996-Q1,1996q1,0.023406156494845,0.48631870208704164,-4.241074895239452,-3.75475619315241
BEL,Belgium,BEL,1996,2,1996.25,1996-Q2,1996q2,0.0235376353450899,0.4880017497466973,-4.237156384572403,-3.7491546348257057
BEL,Belgium,BEL,1996,3,1996.5,1996-Q3,1996q3,0.0236409286084203,0.49192190962675486,-4.236697715606429,-3.744775805979674
BEL,Belgium,BEL,1996,4,1996.75,1996-Q4,1996q4,0.0237655699730647,0.490581935896119,-4.230099321381617,-3.7395173854854984
BEL,Belgium,BEL,1997,1,1997.0,1997-Q1,1997q1,0.0238348598899797,0.4908257225575716,-4.227431791231235,-3.7366060686736637
BEL,Belgium,BEL,1997,2,1997.25,1997-Q2,1997q2,0.0241442780664671,0.49064921635293013,-4.214357076375103,-3.723707860022173
BEL,Belgium,BEL,1997,3,1997.5,1997-Q3,1997q3,0.0243548326490994,0.4946338989541865,-4.2096588820174015,-3.715024983063215
BEL,Belgium,BEL,1997,4,1997.75,1997-Q4,1997q4,0.0243765914931777,0.49206012142392597,-4.206192093625781,-3.7141319722018546
BEL,Belgium,BEL,1998,1,1998.0,1998-Q1,1998q1,0.024506958306754,0.5017122943048049,-4.21051048353961,-3.7087981892348054
BEL,Belgium,BEL,1998,2,1998.25,1998-Q2,1998q2,0.0245083226743739,0.5024733190270618,-4.211215837148984,-3.7087425181219222
BEL,Belgium,BEL,1998,3,1998.5,1998-Q3,1998q3,0.0246136215003494,0.5040168023985889,-4.2084720721621,-3.704455269763511
BEL,Belgium,BEL,1998,4,1998.75,1998-Q4,1998q4,0.0244946595022594,0.4969952545509475,-4.206295419243004,-3.7093001646920563
BEL,Belgium,BEL,1999,1,1999.0,1999-Q1,1999q1,0.0239549265455442,0.4763779927083358,-4.207959267711823,-3.7315812750034874
BEL,Belgium,BEL,1999,2,1999.25,1999-Q2,1999q2,0.0243987479009497,0.4914438605675122,-4.2046673241020285,-3.7132234635345163
BEL,Belgium,BEL,1999,3,1999.5,1999-Q3,1999q3,0.0245738734748954,0.4920397039938833,-4.198111158282587,-3.7060714542887037
BEL,Belgium,BEL,1999,4,1999.75,1999-Q4,1999q4,0.0248652292665295,0.4941174171434528,-4.188402283549777,-3.6942848664063246
BEL,Belgium,BEL,2000,1,2000.0,2000-Q1,2000q1,0.0247713621178114,0.4862551478613648,-4.184322194227946,-3.698067046366581
BEL,Belgium,BEL,2000,2,2000.25,2000-Q2,2000q2,0.0245723757246032,0.4751657425933131,-4.181298147628699,-3.7061324050353854
BEL,Belgium,BEL,2000,3,2000.5,2000-Q3,2000q3,0.0247576464748136,0.4798783366918755,-4.17849922589675,-3.698620889204874
BEL,Belgium,BEL,2000,4,2000.75,2000-Q4,2000q4,0.0252202272229807,0.4930821394855136,-4.173191078337019,-3.680108938851505
BEL,Belgium,BEL,2001,1,2001.0,2001-Q1,2001q1,0.0252294570563199,0.49369351631287417,-4.173436552638961,-3.679743036326087
BEL,Belgium,BEL,2001,2,2001.25,2001-Q2,2001q2,0.0254498560604191,0.5027701391199901,-4.1738153309007995,-3.6710451917808093
BEL,Belgium,BEL,2001,3,2001.5,2001-Q3,2001q3,0.0252127481925088,0.4941420921271238,-4.174547623851253,-3.680405531724129
BEL,Belgium,BEL,2001,4,2001.75,2001-Q4,2001q4,0.0254436858420426,0.4994433084009504,-4.17073097567771,-3.6712876672767596
BEL,Belgium,BEL,2002,1,2002.0,2002-Q1,2002q1,0.0254893456005376,0.491503814684076,-4.160998548399518,-3.669494733715442
BEL,Belgium,BEL,2002,2,2002.25,2002-Q2,2002q2,0.0257197790715412,0.49270323662752125,-4.153198206030584,-3.660494969403063
BEL,Belgium,BEL,2002,3,2002.5,2002-Q3,2002q3,0.0256568505831443,0.48707610901176146,-4.150020772771553,-3.6629446637597916
BEL,Belgium,BEL,2002,4,2002.75,2002-Q4,2002q4,0.0258435144137699,0.4897686280596023,-4.145464230650573,-3.6556956025909706
BEL,Belgium,BEL,2003,1,2003.0,2003-Q1,2003q1,0.025985831544675,0.49122193948466597,-4.141425769568831,-3.650203830084165
BEL,Belgium,BEL,2003,2,2003.25,2003-Q2,2003q2,0.0259201574221065,0.4838535843629459,-4.136587918495714,-3.652734334132768
BEL,Belgium,BEL,2003,3,2003.5,2003-Q3,2003q3,0.0260042372920866,0.47900221082065864,-4.128497992287372,-3.649495781466713
BEL,Belgium,BEL,2003,4,2003.75,2003-Q4,2003q4,0.0258574743136659,0.4642681089790033,-4.119423687072228,-3.6551555780932246
BEL,Belgium,BEL,2004,1,2004.0,2004-Q1,2004q1,0.0261834180984793,0.46845699067262236,-4.111085956256169,-3.642628965583546
BEL,Belgium,BEL,2004,2,2004.25,2004-Q2,2004q2,0.026259822036089,0.46298723657160057,-4.102702423697901,-3.6397151871263
BEL,Belgium,BEL,2004,3,2004.5,2004-Q3,2004q3,0.0266052117766637,0.46915885893466713,-4.095807009867689,-3.6266481509330215
BEL,Belgium,BEL,2004,4,2004.75,2004-Q4,2004q4,0.0266386743210753,0.4587640411272065,-4.084155238397759,-3.625391197270553
BEL,Belgium,BEL,2005,1,2005.0,2005-Q1,2005q1,0.0262329552870009,0.43719106420271725,-4.077929887448277,-3.6407388232455595
BEL,Belgium,BEL,2005,2,2005.25,2005-Q2,2005q2,0.0264223997590816,0.4319373846446086,-4.065480537503734,-3.6335431528591253
BEL,Belgium,BEL,2005,3,2005.5,2005-Q3,2005q3,0.0264141672865065,0.4252230570514115,-4.059077830180438,-3.633854773129027
BEL,Belgium,BEL,2005,4,2005.75,2005-Q4,2005q4,0.0265983475727281,0.4225597729968755,-4.04946595944698,-3.6269061864501047
BEL,Belgium,BEL,2006,1,2006.0,2006-Q1,2006q1,0.026948474937072,0.4274205210097368,-4.041249092843926,-3.613828571834189
BEL,Belgium,BEL,2006,2,2006.25,2006-Q2,2006q2,0.0269328182220791,0.4195849171238102,-4.0339946448477555,-3.6144097277239453
BEL,Belgium,BEL,2006,3,2006.5,2006-Q3,2006q3,0.0269007840820786,0.41130874994184996,-4.026908594708328,-3.6155998447664777
BEL,Belgium,BEL,2006,4,2006.75,2006-Q4,2006q4,0.0268561037266695,0.3998425743028293,-4.017104731287111,-3.6172621569842813
BEL,Belgium,BEL,2007,1,2007.0,2007-Q1,2007q1,0.0271114482541892,0.40173775102148834,-4.009536946518625,-3.6077991954971367
BEL,Belgium,BEL,2007,2,2007.25,2007-Q2,2007q2,0.0271301908781565,0.3942560870656431,-4.0013642037158625,-3.6071081166502195
BEL,Belgium,BEL,2007,3,2007.5,2007-Q3,2007q3,0.0272452999675626,0.3896442804480782,-3.9925185314516303,-3.602874251003552
BEL,Belgium,BEL,2007,4,2007.75,2007-Q4,2007q4,0.027158768651375,0.37754156370199565,-3.983596877863246,-3.6060553141612504
BEL,Belgium,BEL,2008,1,2008.0,2008-Q1,2008q1,0.0270542479689974,0.3719890547793496,-3.9819002994309596,-3.60991124465161
BEL,Belgium,BEL,2008,2,2008.25,2008-Q2,2008q2,0.0271392035195967,0.37181642255679126,-3.978592394666867,-3.606775972110076
BEL,Belgium,BEL,2008,3,2008.5,2008-Q3,2008q3,0.0268388291078229,0.3636745310488947,-3.981580123773969,-3.6179055927250743
BEL,Belgium,BEL,2008,4,2008.75,2008-Q4,2008q4,0.0264739585221933,0.3637237641228115,-3.995317490552026,-3.6315937264292146
BEL,Belgium,BEL,2009,1,2009.0,2009-Q1,2009q1,0.0262555228647183,0.3708716751132748,-4.010750592341259,-3.6398789172279846
BEL,Belgium,BEL,2009,2,2009.25,2009-Q2,2009q2,0.0262974912861888,0.3657207044348101,-4.004002437140827,-3.6382817327060173
BEL,Belgium,BEL,2009,3,2009.5,2009-Q3,2009q3,0.0266939801081131,0.36891456479247475,-3.992231767904877,-3.623317203112402
BEL,Belgium,BEL,2009,4,2009.75,2009-Q4,2009q4,0.026815764664423,0.3667032990914141,-3.985468629751267,-3.618765330659853
BEL,Belgium,BEL,2010,1,2010.0,2010-Q1,2010q1,0.026618213335515,0.3547507276409898,-3.9809103132822243,-3.6261595856412345
BEL,Belgium,BEL,2010,2,2010.25,2010-Q2,2010q2,0.0269473661475001,0.35273604071040676,-3.9666057581895937,-3.613869717479187
BEL,Belgium,BEL,2010,3,2010.5,2010-Q3,2010q3,0.0269014334858751,0.3451611157525396,-3.9607368201089788,-3.615575704356439
BEL,Belgium,BEL,2010,4,2010.75,2010-Q4,2010q4,0.0268214201573284,0.3331947644842561,-3.9517492155856404,-3.6185544511013843
BEL,Belgium,BEL,2011,1,2011.0,2011-Q1,2011q1,0.0273772830360804,0.35190122799816637,-3.949942923742827,-3.598041695744661
BEL,Belgium,BEL,2011,2,2011.25,2011-Q2,2011q2,0.026892741018198,0.3273142594612879,-3.9432131388764726,-3.6158988794151847
BEL,Belgium,BEL,2011,3,2011.5,2011-Q3,2011q3,0.0273903698314915,0.3403320659519813,-3.9378958593227056,-3.5975637933707243
BEL,Belgium,BEL,2011,4,2011.75,2011-Q4,2011q4,0.0272046783091489,0.33342878059367287,-3.937795104403702,-3.604366323810029
BEL,Belgium,BEL,2012,1,2012.0,2012-Q1,2012q1,0.0272409661448103,0.333713224682775,-3.936746555141414,-3.603033330458639
BEL,Belgium,BEL,2012,2,2012.25,2012-Q2,2012q2,0.0270975857740364,0.326719402666773,-3.935030043560548,-3.608310640893775
BEL,Belgium,BEL,2012,3,2012.5,2012-Q3,2012q3,0.0271516894304241,0.3248265484954769,-3.931142557235305,-3.606316008739828
BEL,Belgium,BEL,2012,4,2012.75,2012-Q4,2012q4,0.0272460035100284,0.32337460903370596,-3.9262230378446903,-3.6028484288109843
BEL,Belgium,BEL,2013,1,2013.0,2013-Q1,2013q1,0.0271630644884518,0.3137988593607828,-3.9196960110728867,-3.605897151712104
BEL,Belgium,BEL,2013,2,2013.25,2013-Q2,2013q2,0.027047246345505,0.3007426173152976,-3.910912694874213,-3.6101700775589154
BEL,Belgium,BEL,2013,3,2013.5,2013-Q3,2013q3,0.0271843885779776,0.30040707977237435,-3.905519499563591,-3.6051124197912165
BEL,Belgium,BEL,2013,4,2013.75,2013-Q4,2013q4,0.0275241905906518,0.3101553246704203,-3.9028453278103648,-3.5926900031399445
BEL,Belgium,BEL,2014,1,2014.0,2014-Q1,2014q1,0.0275633432549026,0.30749005125410545,-3.8987585832149927,-3.5912685319608872
BEL,Belgium,BEL,2014,2,2014.25,2014-Q2,2014q2,0.0274790994292359,0.29965341829133285,-3.893983002318197,-3.5943295840268643
BEL,Belgium,BEL,2014,3,2014.5,2014-Q3,2014q3,0.027735763363925,0.3068921388257264,-3.8919247411919593,-3.585032602366233
BEL,Belgium,BEL,2014,4,2014.75,2014-Q4,2014q4,0.0277364891388153,0.3001788966170915,-3.8851853318508356,-3.585006435233744
BEL,Belgium,BEL,2015,1,2015.0,2015-Q1,2015q1,0.0276853377725818,0.2947851692300514,-3.8816374974488594,-3.586852328218808
BEL,Belgium,BEL,2015,2,2015.25,2015-Q2,2015q2,0.0281162335856257,0.30563826490912804,-3.877046426686889,-3.571408161777761
BEL,Belgium,BEL,2015,3,2015.5,2015-Q3,2015q3,0.0280152226966212,0.29797544183239166,-3.872982690636614,-3.5750072488042224
BEL,Belgium,BEL,2015,4,2015.75,2015-Q4,2015q4,0.0281380517385466,0.30325959861453367,-3.8738920629004796,-3.570632464285946
BEL,Belgium,BEL,2016,1,2016.0,2016-Q1,2016q1,0.0281465233039254,0.3048117079188022,-3.875143146019994,-3.5703314381011917
BEL,Belgium,BEL,2016,2,2016.25,2016-Q2,2016q2,0.028201513921274,0.29942837511196885,-3.8678079924394737,-3.568379617327505
BEL,Belgium,BEL,2016,3,2016.5,2016-Q3,2016q3,0.0283017458773176,0.30246627709507345,-3.867298061552871,-3.5648317844577977
BEL,Belgium,BEL,2016,4,2016.75,2016-Q4,2016q4,0.0277871862895157,0.2758382114681517,-3.8590185008497677,-3.583180289381616
BEL,Belgium,BEL,2017,1,2017.0,2017-Q1,2017q1,0.0284044592491616,0.2931421079068173,-3.8543512382319376,-3.5612091303251203
BEL,Belgium,BEL,2017,2,2017.25,2017-Q2,2017q2,0.0282204719944512,0.27897526917330184,-3.8466828763408323,-3.5677076071675304
BEL,Belgium,BEL,2017,3,2017.5,2017-Q3,2017q3,0.0281799354635089,0.2740932227161905,-3.8432382853826903,-3.5691450626665
BEL,Belgium,BEL,2017,4,2017.75,2017-Q4,2017q4,0.0280252133726802,0.2631337719096498,-3.837784468307589,-3.574650696397939
BEL,Belgium,BEL,2018,1,2018.0,2018-Q1,2018q1,0.0279023875665759,0.2542849881271074,-3.8333280060803943,-3.579043017953287
BEL,Belgium,BEL,2018,2,2018.25,2018-Q2,2018q2,0.0281607819116296,0.2558671105583361,-3.8256920918879103,-3.569824981329574
BEL,Belgium,BEL,2018,3,2018.5,2018-Q3,2018q3,0.0279411446934304,0.2466031307767933,-3.824258087068906,-3.5776549562921125
BEL,Belgium,BEL,2018,4,2018.75,2018-Q4,2018q4,0.0280897210576284,0.2526277345652903,-3.8249793027892887,-3.5723515682239984
BEL,Belgium,BEL,2019,1,2019.0,2019-Q1,2019q1,0.0282276669647509,0.25393856475960686,-3.821391248718992,-3.567452683959385
BEL,Belgium,BEL,2019,2,2019.25,2019-Q2,2019q2,0.0278907947131211,0.2341083591399351,-3.8135669423342766,-3.5794585831943415
BEL,Belgium,BEL,2019,3,2019.5,2019-Q3,2019q3,0.0283192237584348,0.2479180023190688,-3.8121324225111266,-3.564214420192058
BEL,Belgium,BEL,2019,4,2019.75,2019-Q4,2019q4,0.0285671158014187,0.2597507256322138,-3.8152497454656107,-3.555499019833397
BEL,Belgium,BEL,2020,1,2020.0,2020-Q1,2020q1,0.027702770523364,0.2279838070979694,-3.8142066589943626,-3.5862228518963932
BEL,Belgium,BEL,2020,2,2020.25,2020-Q2,2020q2,0.0249939812674057,0.19306811027054227,-3.8821883426730164,-3.689120232402474
BEL,Belgium,BEL,2020,3,2020.5,2020-Q3,2020q3,0.0277768130437478,0.2438406247346503,-3.8273942942189545,-3.583553669484304
BEL,Belgium,BEL,2020,4,2020.75,2020-Q4,2020q4,0.0277667339926837,0.2343720724815248,-3.8182886662554183,-3.5839165937738935
BEL,Belgium,BEL,2021,1,2021.0,2021-Q1,2021q1,0.0285148089984822,0.24195575041057804,-3.799287463088877,-3.557331712678299
BEL,Belgium,BEL,2021,2,2021.25,2021-Q2,2021q2,0.0282204862027913,0.22653600509428795,-3.7942431087856,-3.567707103691312
BEL,Belgium,BEL,2021,3,2021.5,2021-Q3,2021q3,0.028460225157571,0.23267361596511815,-3.7919213909475182,-3.5592477749824
BEL,Belgium,BEL,2021,4,2021.75,2021-Q4,2021q4,0.0286187860979133,0.2299328069956248,-3.7836247272174144,-3.5536919202217896
BEL,Belgium,BEL,2022,1,2022.0,2022-Q1,2022q1,0.0285131729142444,0.2252984420331643,-3.7826875330083403,-3.557389090975176
BEL,Belgium,BEL,2022,2,2022.25,2022-Q2,2022q2,0.0288196181848318,0.2353934154395576,-3.7820923522090077,-3.54669893676945
BEL,Belgium,BEL,2022,3,2022.5,2022-Q3,2022q3,0.0289360383577087,0.23952502691023358,-3.782192485638369,-3.5426674587281353
BEL,Belgium,BEL,2022,4,2022.75,2022-Q4,2022q4,0.0288783163252092,0.23681721934300004,-3.7814814849885647,-3.5446642656455647
BEL,Belgium,BEL,2023,1,2023.0,2023-Q1,2023q1,0.0288319229371529,0.23639302882032043,-3.7826650992036,-3.5462720703832797
BEL,Belgium,BEL,2023,2,2023.25,2023-Q2,2023q2,0.0292184403844826,0.2479441590332616,-3.780899408049487,-3.5329552490162253
BEL,Belgium,BEL,2023,3,2023.5,2023-Q3,2023q3,0.0290458425026106,0.24183188335160555,-3.7807118045063346,-3.538879921154729
BEL,Belgium,BEL,2023,4,2023.75,2023-Q4,2023q4,0.0289687323688218,0.23723396586151635,-3.7787721907052205,-3.541538224843704
BEL,Belgium,BEL,2024,1,2024.0,2024-Q1,2024q1,0.0292233483237136,0.24296872853306306,-3.775756017623659,-3.532787289090596
BEL,Belgium,BEL,2024,2,2024.25,2024-Q2,2024q2,0.0291180131164747,0.23458811754275732,-3.770986406414534,-3.536398288871777
BEL,Belgium,BEL,2024,3,2024.5,2024-Q3,2024q3,0.0291740735426934,0.23070158046574418,-3.765176436957072,-3.534474856491328
BEL,Belgium,BEL,2024,4,2024.75,2024-Q4,2024q4,0.0289846477299667,0.22114670602730335,-3.7621356838204347,-3.5409889777931314
BEL,Belgium,BEL,2025,1,2025.0,2025-Q1,2025q1,0.0289641230884286,0.2161434298727296,-3.757840779633255,-3.5416973497605255
BEL,Belgium,BEL,2025,2,2025.25,2025-Q2,2025q2,0.0286957856669023,0.20185754912484333,-3.7528625569980663,-3.551005007873223
BEL,Belgium,BEL,2025,3,2025.5,2025-Q3,2025q3,0.0290208123016336,0.20848456786800584,-3.7482266086888907,-3.539742040820885
BEL,Belgium,BEL,2025,4,2025.75,2025-Q4,2025q4,0.0290896959613446,0.20978046189590982,-3.747151720080949,-3.5373712581850394
BEL,Belgium,BEL,2026,1,2026.0,2026-Q1,2026q1,0.0290127506686712,0.2095182754069369,-3.7495381428027086,-3.5400198673957717
BGR,Bulgaria,BGR,2000,1,2000.0,2000-Q1,2000q1,0.0028593831193211,-1.6728271757324826,-4.184322194227946,-5.857149369960428
BGR,Bulgaria,BGR,2000,2,2000.25,2000-Q2,2000q2,0.0028876805475235,-1.6660035301794096,-4.181298147628699,-5.847301677808108
BGR,Bulgaria,BGR,2000,3,2000.5,2000-Q3,2000q3,0.0029621647165342,-1.6433357288824428,-4.17849922589675,-5.8218349547791926
BGR,Bulgaria,BGR,2000,4,2000.75,2000-Q4,2000q4,0.0029889881407681,-1.639629284976448,-4.173191078337019,-5.812820363313467
BGR,Bulgaria,BGR,2001,1,2001.0,2001-Q1,2001q1,0.0030542345326668,-1.617789727254082,-4.173436552638961,-5.791226279893043
BGR,Bulgaria,BGR,2001,2,2001.25,2001-Q2,2001q2,0.0031178588775415,-1.5967934390404412,-4.1738153309007995,-5.770608769941241
BGR,Bulgaria,BGR,2001,3,2001.5,2001-Q3,2001q3,0.0031520127588328,-1.5851664352903985,-4.174547623851253,-5.759714059141651
BGR,Bulgaria,BGR,2001,4,2001.75,2001-Q4,2001q4,0.0032422171281243,-1.560766908722063,-4.17073097567771,-5.731497884399773
BGR,Bulgaria,BGR,2002,1,2002.0,2002-Q1,2002q1,0.0032033248138386,-1.5825674558437814,-4.160998548399518,-5.743566004243299
BGR,Bulgaria,BGR,2002,2,2002.25,2002-Q2,2002q2,0.003248012464454,-1.5765138130812826,-4.153198206030584,-5.729712019111867
BGR,Bulgaria,BGR,2002,3,2002.5,2002-Q3,2002q3,0.0033162139862298,-1.5589107395872102,-4.150020772771553,-5.708931512358763
BGR,Bulgaria,BGR,2002,4,2002.75,2002-Q4,2002q4,0.0033355956441552,-1.5576397809671754,-4.145464230650573,-5.703104011617748
BGR,Bulgaria,BGR,2003,1,2003.0,2003-Q1,2003q1,0.0033192876828976,-1.5665793028488668,-4.141425769568831,-5.708005072417698
BGR,Bulgaria,BGR,2003,2,2003.25,2003-Q2,2003q2,0.0033172267356763,-1.5720382472120953,-4.136587918495714,-5.708626165707809
BGR,Bulgaria,BGR,2003,3,2003.5,2003-Q3,2003q3,0.0033201379795883,-1.5792509445130083,-4.128497992287372,-5.70774893680038
BGR,Bulgaria,BGR,2003,4,2003.75,2003-Q4,2003q4,0.0033794318578594,-1.5706239859342972,-4.119423687072228,-5.690047673006525
BGR,Bulgaria,BGR,2004,1,2004.0,2004-Q1,2004q1,0.0034002531950113,-1.5728194247555694,-4.111085956256169,-5.683905381011738
BGR,Bulgaria,BGR,2004,2,2004.25,2004-Q2,2004q2,0.0034203459254527,-1.5753111615316282,-4.102702423697901,-5.678013585229529
BGR,Bulgaria,BGR,2004,3,2004.5,2004-Q3,2004q3,0.0034590873339548,-1.5709434911535478,-4.095807009867689,-5.6667505010212365
BGR,Bulgaria,BGR,2004,4,2004.75,2004-Q4,2004q4,0.0035090485681249,-1.568255103063155,-4.084155238397759,-5.652410341460914
BGR,Bulgaria,BGR,2005,1,2005.0,2005-Q1,2005q1,0.0035970564246021,-1.5497095403706789,-4.077929887448277,-5.627639427818956
BGR,Bulgaria,BGR,2005,2,2005.25,2005-Q2,2005q2,0.0036118323334151,-1.558059526321368,-4.065480537503734,-5.623540063825102
BGR,Bulgaria,BGR,2005,3,2005.5,2005-Q3,2005q3,0.0035825701918084,-1.5725969753052977,-4.059077830180438,-5.631674805485736
BGR,Bulgaria,BGR,2005,4,2005.75,2005-Q4,2005q4,0.0036631380375116,-1.5599691521701633,-4.04946595944698,-5.6094351116171435
BGR,Bulgaria,BGR,2006,1,2006.0,2006-Q1,2006q1,0.0036920989832289,-1.5603110596649827,-4.041249092843926,-5.601560152508909
BGR,Bulgaria,BGR,2006,2,2006.25,2006-Q2,2006q2,0.0036732962127525,-1.5726712245500627,-4.0339946448477555,-5.606665869397818
BGR,Bulgaria,BGR,2006,3,2006.5,2006-Q3,2006q3,0.0037064103186552,-1.5707828451472388,-4.026908594708328,-5.597691439855566
BGR,Bulgaria,BGR,2006,4,2006.75,2006-Q4,2006q4,0.0037201842496829,-1.5768773511518654,-4.017104731287111,-5.593982082438976
BGR,Bulgaria,BGR,2007,1,2007.0,2007-Q1,2007q1,0.0037256137506333,-1.5829867289336113,-4.009536946518625,-5.592523675452236
BGR,Bulgaria,BGR,2007,2,2007.25,2007-Q2,2007q2,0.0037896561207466,-1.574115793600698,-4.0013642037158625,-5.5754799973165605
BGR,Bulgaria,BGR,2007,3,2007.5,2007-Q3,2007q3,0.0037970844613986,-1.5810032222831532,-3.9925185314516303,-5.573521753734783
BGR,Bulgaria,BGR,2007,4,2007.75,2007-Q4,2007q4,0.0038157131422549,-1.5850308227235028,-3.983596877863246,-5.568627700586749
BGR,Bulgaria,BGR,2008,1,2008.0,2008-Q1,2008q1,0.003816519117044,-1.5865161982561098,-3.9819002994309596,-5.568416497687069
BGR,Bulgaria,BGR,2008,2,2008.25,2008-Q2,2008q2,0.0038765806929744,-1.5742093839194302,-3.978592394666867,-5.552801778586297
BGR,Bulgaria,BGR,2008,3,2008.5,2008-Q3,2008q3,0.0039096127368865,-1.5627368303906541,-3.981580123773969,-5.544316954164623
BGR,Bulgaria,BGR,2008,4,2008.75,2008-Q4,2008q4,0.0039296805407613,-1.5438796531910275,-3.995317490552026,-5.539197143743054
BGR,Bulgaria,BGR,2009,1,2009.0,2009-Q1,2009q1,0.0037849654961074,-1.5659679157487894,-4.010750592341259,-5.576718508090049
BGR,Bulgaria,BGR,2009,2,2009.25,2009-Q2,2009q2,0.0038410303615495,-1.5580121879137554,-4.004002437140827,-5.562014625054583
BGR,Bulgaria,BGR,2009,3,2009.5,2009-Q3,2009q3,0.0039559782644529,-1.540295591656231,-3.992231767904877,-5.532527359561108
BGR,Bulgaria,BGR,2009,4,2009.75,2009-Q4,2009q4,0.0039121155792205,-1.558208352704221,-3.985468629751267,-5.543676982455488
BGR,Bulgaria,BGR,2010,1,2010.0,2010-Q1,2010q1,0.0040281318513872,-1.533542257668509,-3.9809103132822243,-5.514452570950733
BGR,Bulgaria,BGR,2010,2,2010.25,2010-Q2,2010q2,0.0041180993087923,-1.5257577966952351,-3.9666057581895937,-5.492363554884829
BGR,Bulgaria,BGR,2010,3,2010.5,2010-Q3,2010q3,0.0041893116922048,-1.5144820123703546,-3.9607368201089788,-5.475218832479333
BGR,Bulgaria,BGR,2010,4,2010.75,2010-Q4,2010q4,0.004280899313282,-1.50184295594919,-3.9517492155856404,-5.45359217153483
BGR,Bulgaria,BGR,2011,1,2011.0,2011-Q1,2011q1,0.0043408013755561,-1.4897533754268322,-3.949942923742827,-5.439696299169659
BGR,Bulgaria,BGR,2011,2,2011.25,2011-Q2,2011q2,0.0044414324521781,-1.4735651913291439,-3.9432131388764726,-5.4167783302056165
BGR,Bulgaria,BGR,2011,3,2011.5,2011-Q3,2011q3,0.0044241874927195,-1.4827727755238085,-3.9378958593227056,-5.420668634846514
BGR,Bulgaria,BGR,2011,4,2011.75,2011-Q4,2011q4,0.0044229449086694,-1.4831544314177032,-3.937795104403702,-5.420949535821405
BGR,Bulgaria,BGR,2012,1,2012.0,2012-Q1,2012q1,0.0044912667362623,-1.4688739379868672,-3.936746555141414,-5.405620493128281
BGR,Bulgaria,BGR,2012,2,2012.25,2012-Q2,2012q2,0.0045047106644935,-1.4676015718414752,-3.935030043560548,-5.402631615402023
BGR,Bulgaria,BGR,2012,3,2012.5,2012-Q3,2012q3,0.0044625667170769,-1.4808886241473664,-3.931142557235305,-5.412031181382671
BGR,Bulgaria,BGR,2012,4,2012.75,2012-Q4,2012q4,0.0044403045797697,-1.4908092679988902,-3.9262230378446903,-5.4170323058435805
BGR,Bulgaria,BGR,2013,1,2013.0,2013-Q1,2013q1,0.0044473327010976,-1.4957547444506822,-3.9196960110728867,-5.415450755523569
BGR,Bulgaria,BGR,2013,2,2013.25,2013-Q2,2013q2,0.0044210320860725,-1.5104694116397361,-3.910912694874213,-5.421382106513949
BGR,Bulgaria,BGR,2013,3,2013.5,2013-Q3,2013q3,0.0044509572487877,-1.5091165942865614,-3.905519499563591,-5.414636093850152
BGR,Bulgaria,BGR,2013,4,2013.75,2013-Q4,2013q4,0.0044659552089777,-1.5084268271418297,-3.9028453278103648,-5.4112721549521945
BGR,Bulgaria,BGR,2014,1,2014.0,2014-Q1,2014q1,0.0044136513659021,-1.5242943747624214,-3.8987585832149927,-5.423052957977414
BGR,Bulgaria,BGR,2014,2,2014.25,2014-Q2,2014q2,0.0044187252829973,-1.5279210196808157,-3.893983002318197,-5.421904021999013
BGR,Bulgaria,BGR,2014,3,2014.5,2014-Q3,2014q3,0.0044192724202395,-1.52985546605596,-3.8919247411919593,-5.421780207247919
BGR,Bulgaria,BGR,2014,4,2014.75,2014-Q4,2014q4,0.0044539975494897,-1.528767928478203,-3.8851853318508356,-5.413953260329039
BGR,Bulgaria,BGR,2015,1,2015.0,2015-Q1,2015q1,0.004471220169369,-1.5284564416180073,-3.8816374974488594,-5.410093939066867
BGR,Bulgaria,BGR,2015,2,2015.25,2015-Q2,2015q2,0.0045113809544402,-1.5241055473260308,-3.877046426686889,-5.40115197401292
BGR,Bulgaria,BGR,2015,3,2015.5,2015-Q3,2015q3,0.004509889695012,-1.528499892998771,-3.872982690636614,-5.401482583635385
BGR,Bulgaria,BGR,2015,4,2015.75,2015-Q4,2015q4,0.0044995668066975,-1.5298820891175064,-3.8738920629004796,-5.403774152017986
BGR,Bulgaria,BGR,2016,1,2016.0,2016-Q1,2016q1,0.0045825377353562,-1.5103591975984871,-3.875143146019994,-5.385502343618481
BGR,Bulgaria,BGR,2016,2,2016.25,2016-Q2,2016q2,0.0046325227147806,-1.5068457040247756,-3.8678079924394737,-5.374653696464249
BGR,Bulgaria,BGR,2016,3,2016.5,2016-Q3,2016q3,0.0047001762875403,-1.492857201429362,-3.867298061552871,-5.360155262982233
BGR,Bulgaria,BGR,2016,4,2016.75,2016-Q4,2016q4,0.0047216623739564,-1.4965758426698983,-3.8590185008497677,-5.355594343519666
BGR,Bulgaria,BGR,2017,1,2017.0,2017-Q1,2017q1,0.0046243760922624,-1.5220625778557872,-3.8543512382319376,-5.376413816087725
BGR,Bulgaria,BGR,2017,2,2017.25,2017-Q2,2017q2,0.0045478775736488,-1.5464117458381095,-3.8466828763408323,-5.393094622178942
BGR,Bulgaria,BGR,2017,3,2017.5,2017-Q3,2017q3,0.0045700601296264,-1.5449906313124089,-3.8432382853826903,-5.388228916695099
BGR,Bulgaria,BGR,2017,4,2017.75,2017-Q4,2017q4,0.0046004178024723,-1.5438236846795736,-3.837784468307589,-5.381608152987162
BGR,Bulgaria,BGR,2018,1,2018.0,2018-Q1,2018q1,0.004650056613785,-1.537547878369066,-3.8333280060803943,-5.37087588444946
BGR,Bulgaria,BGR,2018,2,2018.25,2018-Q2,2018q2,0.0046816630161367,-1.5384097949565159,-3.8256920918879103,-5.364101886844426
BGR,Bulgaria,BGR,2018,3,2018.5,2018-Q3,2018q3,0.004695007346943,-1.5369975144101402,-3.824258087068906,-5.361255601479046
BGR,Bulgaria,BGR,2018,4,2018.75,2018-Q4,2018q4,0.0047208126362792,-1.5307950227114944,-3.8249793027892887,-5.355774325500783
BGR,Bulgaria,BGR,2019,1,2019.0,2019-Q1,2019q1,0.0050899238575595,-1.4591011590347063,-3.821391248718992,-5.280492407753698
BGR,Bulgaria,BGR,2019,2,2019.25,2019-Q2,2019q2,0.00498526103231,-1.4877025710523237,-3.8135669423342766,-5.3012695133866
BGR,Bulgaria,BGR,2019,3,2019.5,2019-Q3,2019q3,0.0050119616373038,-1.4837954736357162,-3.8121324225111266,-5.295927896146843
BGR,Bulgaria,BGR,2019,4,2019.75,2019-Q4,2019q4,0.005074139637747,-1.4683485524684068,-3.8152497454656107,-5.2835982979340175
BGR,Bulgaria,BGR,2020,1,2020.0,2020-Q1,2020q1,0.0051645424939194,-1.4517320994770273,-3.8142066589943626,-5.26593875847139
BGR,Bulgaria,BGR,2020,2,2020.25,2020-Q2,2020q2,0.0049812732426361,-1.4198814067388055,-3.8821883426730164,-5.302069749411822
BGR,Bulgaria,BGR,2020,3,2020.5,2020-Q3,2020q3,0.0050913285199481,-1.4528221823731475,-3.8273942942189545,-5.280216476592102
BGR,Bulgaria,BGR,2020,4,2020.75,2020-Q4,2020q4,0.0050602468967691,-1.4680513367898391,-3.8182886662554183,-5.286340003045257
BGR,Bulgaria,BGR,2021,1,2021.0,2021-Q1,2021q1,0.0054303064667671,-1.4164722439881157,-3.799287463088877,-5.215759707076993
BGR,Bulgaria,BGR,2021,2,2021.25,2021-Q2,2021q2,0.0054940305947994,-1.4098500137731431,-3.7942431087856,-5.204093122558743
BGR,Bulgaria,BGR,2021,3,2021.5,2021-Q3,2021q3,0.0056067576285428,-1.3918612984115057,-3.7919213909475182,-5.183782689359024
BGR,Bulgaria,BGR,2021,4,2021.75,2021-Q4,2021q4,0.005681864078263,-1.3868511900790748,-3.7836247272174144,-5.170475917296489
BGR,Bulgaria,BGR,2022,1,2022.0,2022-Q1,2022q1,0.0056766332497974,-1.3887094266909075,-3.7826875330083403,-5.171396959699248
BGR,Bulgaria,BGR,2022,2,2022.25,2022-Q2,2022q2,0.0056756765280267,-1.3894731585237632,-3.7820923522090077,-5.171565510732771
BGR,Bulgaria,BGR,2022,3,2022.5,2022-Q3,2022q3,0.0056561895978756,-1.3928123437633113,-3.782192485638369,-5.17500482940168
BGR,Bulgaria,BGR,2022,4,2022.75,2022-Q4,2022q4,0.0056318310984873,-1.39783916520271,-3.7814814849885647,-5.179320650191275
BGR,Bulgaria,BGR,2023,1,2023.0,2023-Q1,2023q1,0.0056926340101883,-1.3859171195648217,-3.7826650992036,-5.168582218768422
BGR,Bulgaria,BGR,2023,2,2023.25,2023-Q2,2023q2,0.0057649984447076,-1.3750509869935201,-3.780899408049487,-5.155950395043007
BGR,Bulgaria,BGR,2023,3,2023.5,2023-Q3,2023q3,0.0057973746467616,-1.3696383065091258,-3.7807118045063346,-5.15035011101546
BGR,Bulgaria,BGR,2023,4,2023.75,2023-Q4,2023q4,0.0058376523736515,-1.3646543630698469,-3.7787721907052205,-5.143426553775067
BGR,Bulgaria,BGR,2024,1,2024.0,2024-Q1,2024q1,0.0058700019805172,-1.3621442901220733,-3.775756017623659,-5.137900307745732
BGR,Bulgaria,BGR,2024,2,2024.25,2024-Q2,2024q2,0.0059206303506405,-1.3583259511913508,-3.770986406414534,-5.129312357605885
BGR,Bulgaria,BGR,2024,3,2024.5,2024-Q3,2024q3,0.0059898483755351,-1.3525127431504553,-3.765176436957072,-5.1176891801075275
BGR,Bulgaria,BGR,2024,4,2024.75,2024-Q4,2024q4,0.006039502646074,-1.3472979299706118,-3.7621356838204347,-5.1094336137910465
BGR,Bulgaria,BGR,2025,1,2025.0,2025-Q1,2025q1,0.00607279584788,-1.346095399352841,-3.757840779633255,-5.103936178986096
BGR,Bulgaria,BGR,2025,2,2025.25,2025-Q2,2025q2,0.0061193410000448,-1.3434383109889567,-3.7528625569980663,-5.096300867987023
BGR,Bulgaria,BGR,2025,3,2025.5,2025-Q3,2025q3,0.0061900626742777,-1.3365834585627492,-3.7482266086888907,-5.08481006725164
BGR,Bulgaria,BGR,2025,4,2025.75,2025-Q4,2025q4,0.0062340544058126,-1.3305766503222927,-3.747151720080949,-5.077728370403242
BLR,Belarus,BLR,2009,1,2009.0,2009-Q1,2009q1,0.0027398642126166,-1.889096324908106,-4.010750592341259,-5.8998469172493655
BLR,Belarus,BLR,2009,2,2009.25,2009-Q2,2009q2,0.0026476269142116,-1.9300891071175812,-4.004002437140827,-5.934091544258409
BLR,Belarus,BLR,2009,3,2009.5,2009-Q3,2009q3,0.0028612033813858,-1.8642812120190024,-3.992231767904877,-5.856512979923879
BLR,Belarus,BLR,2009,4,2009.75,2009-Q4,2009q4,0.0028425968804994,-1.87756862031973,-3.985468629751267,-5.863037250070997
BLR,Belarus,BLR,2010,1,2010.0,2010-Q1,2010q1,0.0028345616234322,-1.8849576706593223,-3.9809103132822243,-5.865867983941547
BLR,Belarus,BLR,2010,2,2010.25,2010-Q2,2010q2,0.0028560467327808,-1.8917111134305906,-3.9666057581895937,-5.858316871620184
BLR,Belarus,BLR,2010,3,2010.5,2010-Q3,2010q3,0.0030452818214176,-1.8334250098042997,-3.9607368201089788,-5.794161829913278
BLR,Belarus,BLR,2010,4,2010.75,2010-Q4,2010q4,0.0031219360217808,-1.817552734216374,-3.9517492155856404,-5.769301949802014
BLR,Belarus,BLR,2011,1,2011.0,2011-Q1,2011q1,0.0030930889413566,-1.828642106257412,-3.949942923742827,-5.778585030000239
BLR,Belarus,BLR,2011,2,2011.25,2011-Q2,2011q2,0.003131191363013,-1.8231285808130413,-3.9432131388764726,-5.766341719689514
BLR,Belarus,BLR,2011,3,2011.5,2011-Q3,2011q3,0.0030843124979484,-1.843530640314719,-3.9378958593227056,-5.7814264996374245
BLR,Belarus,BLR,2011,4,2011.75,2011-Q4,2011q4,0.0031329565654037,-1.8279830262845316,-3.937795104403702,-5.765778130688234
BLR,Belarus,BLR,2012,1,2012.0,2012-Q1,2012q1,0.0031376569842341,-1.8275323858188708,-3.936746555141414,-5.764278940960285
BLR,Belarus,BLR,2012,2,2012.25,2012-Q2,2012q2,0.003178638555727,-1.8162722574319639,-3.935030043560548,-5.751302300992512
BLR,Belarus,BLR,2012,3,2012.5,2012-Q3,2012q3,0.0031160418054567,-1.8400491774429955,-3.931142557235305,-5.7711917346783
BLR,Belarus,BLR,2012,4,2012.75,2012-Q4,2012q4,0.0031231534607011,-1.8426890251705492,-3.9262230378446903,-5.7689120630152395
BLR,Belarus,BLR,2013,1,2013.0,2013-Q1,2013q1,0.0032032733763407,-1.8238860508335826,-3.9196960110728867,-5.743582061906469
BLR,Belarus,BLR,2013,2,2013.25,2013-Q2,2013q2,0.003143889723275,-1.8513817854503278,-3.910912694874213,-5.762294480324541
BLR,Belarus,BLR,2013,3,2013.5,2013-Q3,2013q3,0.0031352048717979,-1.8595412576130816,-3.905519499563591,-5.7650607571766725
BLR,Belarus,BLR,2013,4,2013.75,2013-Q4,2013q4,0.0030936529726842,-1.875557366693421,-3.9028453278103648,-5.778402694503786
BLR,Belarus,BLR,2014,1,2014.0,2014-Q1,2014q1,0.0031795059427198,-1.852270874969875,-3.8987585832149927,-5.751029458184868
BLR,Belarus,BLR,2014,2,2014.25,2014-Q2,2014q2,0.0031662088802593,-1.8612373413045975,-3.893983002318197,-5.755220343622795
BLR,Belarus,BLR,2014,3,2014.5,2014-Q3,2014q3,0.0031712127030279,-1.8617164668967185,-3.8919247411919593,-5.753641208088678
BLR,Belarus,BLR,2014,4,2014.75,2014-Q4,2014q4,0.0031574787386165,-1.872796105524607,-3.8851853318508356,-5.7579814373754425
BLR,Belarus,BLR,2015,1,2015.0,2015-Q1,2015q1,0.0030802618466265,-1.9011031730229027,-3.8816374974488594,-5.782740670471762
BLR,Belarus,BLR,2015,2,2015.25,2015-Q2,2015q2,0.0030076103900882,-1.9295629791684283,-3.877046426686889,-5.806609405855317
BLR,Belarus,BLR,2015,3,2015.5,2015-Q3,2015q3,0.0030201380130049,-1.9294700583324458,-3.872982690636614,-5.80245274896906
BLR,Belarus,BLR,2015,4,2015.75,2015-Q4,2015q4,0.0029912542463133,-1.938170436264016,-3.8738920629004796,-5.812062499164496
BLR,Belarus,BLR,2016,1,2016.0,2016-Q1,2016q1,0.0029452096436746,-1.952432132085053,-3.875143146019994,-5.827575278105047
BLR,Belarus,BLR,2016,2,2016.25,2016-Q2,2016q2,0.0029334172269764,-1.9637792540299968,-3.8678079924394737,-5.8315872464694705
BLR,Belarus,BLR,2016,3,2016.5,2016-Q3,2016q3,0.0029087087970955,-1.9727479470536293,-3.867298061552871,-5.8400460086065005
BLR,Belarus,BLR,2016,4,2016.75,2016-Q4,2016q4,0.0029162429968417,-1.9784406352076562,-3.8590185008497677,-5.837459136057424
BLR,Belarus,BLR,2017,1,2017.0,2017-Q1,2017q1,0.0029242394196328,-1.9803696213553508,-3.8543512382319376,-5.834720859587288
BLR,Belarus,BLR,2017,2,2017.25,2017-Q2,2017q2,0.0029591740549897,-1.9761622087194306,-3.8466828763408323,-5.822845085060263
BLR,Belarus,BLR,2017,3,2017.5,2017-Q3,2017q3,0.0029850131184543,-1.9709128519724777,-3.8432382853826903,-5.814151137355168
BLR,Belarus,BLR,2017,4,2017.75,2017-Q4,2017q4,0.0030227497999543,-1.9638038637823665,-3.837784468307589,-5.801588332089955
BLR,Belarus,BLR,2018,1,2018.0,2018-Q1,2018q1,0.0030671999552311,-1.953662194188516,-3.8333280060803943,-5.78699020026891
BLR,Belarus,BLR,2018,2,2018.25,2018-Q2,2018q2,0.0030837271826406,-1.9559241974849466,-3.8256920918879103,-5.781616289372857
BLR,Belarus,BLR,2018,3,2018.5,2018-Q3,2018q3,0.0030643544573002,-1.9636602622283674,-3.824258087068906,-5.787918349297273
BLR,Belarus,BLR,2018,4,2018.75,2018-Q4,2018q4,0.0030722107340628,-1.960378564932446,-3.8249793027892887,-5.785357867721735
BLR,Belarus,BLR,2019,1,2019.0,2019-Q1,2019q1,0.0030928072926796,-1.9572848428401675,-3.821391248718992,-5.778676091559159
BLR,Belarus,BLR,2019,2,2019.25,2019-Q2,2019q2,0.0030980933212038,-1.96340147205852,-3.8135669423342766,-5.776968414392797
BLR,Belarus,BLR,2019,3,2019.5,2019-Q3,2019q3,0.0031122321524758,-1.9602826538126275,-3.8121324225111266,-5.772415076323754
BLR,Belarus,BLR,2019,4,2019.75,2019-Q4,2019q4,0.0031250674210119,-1.953049675837085,-3.8152497454656107,-5.768299421302696
BLR,Belarus,BLR,2020,1,2020.0,2020-Q1,2020q1,0.0031045722857051,-1.9606726642662506,-3.8142066589943626,-5.774879323260613
BLR,Belarus,BLR,2020,2,2020.25,2020-Q2,2020q2,0.0030242091379093,-1.9189173210216914,-3.8821883426730164,-5.801105663694708
BLR,Belarus,BLR,2020,3,2020.5,2020-Q3,2020q3,0.0031333489114741,-1.9382586124206402,-3.8273942942189545,-5.765652906639595
BLR,Belarus,BLR,2020,4,2020.75,2020-Q4,2020q4,0.0031392832674939,-1.9454720976214568,-3.8182886662554183,-5.763760763876875
BLR,Belarus,BLR,2021,1,2021.0,2021-Q1,2021q1,0.0031703962565578,-1.954611233747472,-3.799287463088877,-5.753898696836349
BLR,Belarus,BLR,2021,2,2021.25,2021-Q2,2021q2,0.003233591122886,-1.9399188478058473,-3.7942431087856,-5.734161956591447
BLR,Belarus,BLR,2021,3,2021.5,2021-Q3,2021q3,0.0031966401008136,-1.9537335983277533,-3.7919213909475182,-5.7456549892752715
BLR,Belarus,BLR,2021,4,2021.75,2021-Q4,2021q4,0.0032049942773772,-1.9594202469234179,-3.7836247272174144,-5.743044974140832
BLR,Belarus,BLR,2022,1,2022.0,2022-Q1,2022q1,0.0031663303670328,-1.9724944415593968,-3.7826875330083403,-5.755181974567737
BLR,Belarus,BLR,2022,2,2022.25,2022-Q2,2022q2,0.0029795705191704,-2.033883757726016,-3.7820923522090077,-5.815976109935024
BLR,Belarus,BLR,2022,3,2022.5,2022-Q3,2022q3,0.003025471035541,-2.0184959997547356,-3.782192485638369,-5.800688485393104
BLR,Belarus,BLR,2022,4,2022.75,2022-Q4,2022q4,0.0030585904369558,-2.008319625674892,-3.7814814849885647,-5.789801110663457
BLR,Belarus,BLR,2023,1,2023.0,2023-Q1,2023q1,0.0031425689303633,-1.9800495836559144,-3.7826650992036,-5.762714682859515
BLR,Belarus,BLR,2023,2,2023.25,2023-Q2,2023q2,0.0031869306703104,-1.9677975896373021,-3.780899408049487,-5.748696997686789
BLR,Belarus,BLR,2023,3,2023.5,2023-Q3,2023q3,0.0032429581961593,-1.9505575377180397,-3.7807118045063346,-5.731269342224374
BLR,Belarus,BLR,2023,4,2023.75,2023-Q4,2023q4,0.0032611328797171,-1.9469084441499334,-3.7787721907052205,-5.725680634855154
BLR,Belarus,BLR,2024,1,2024.0,2024-Q1,2024q1,0.0032872570134849,-1.9419457788341794,-3.775756017623659,-5.717701796457838
BLR,Belarus,BLR,2024,2,2024.25,2024-Q2,2024q2,0.0033686019419093,-1.9222710683119222,-3.770986406414534,-5.693257474726456
BLR,Belarus,BLR,2024,3,2024.5,2024-Q3,2024q3,0.0033769115431946,-1.925617294866211,-3.765176436957072,-5.690793731823283
BLR,Belarus,BLR,2024,4,2024.75,2024-Q4,2024q4,0.0033673493939618,-1.9314936902560857,-3.7621356838204347,-5.6936293740765205
BOL,Bolivia,BOL,1997,1,1997.0,1997-Q1,1997q1,0.0008794362559055,-2.808797682833564,-4.227431791231235,-7.0362294740647995
BOL,Bolivia,BOL,1997,2,1997.25,1997-Q2,1997q2,0.000897979557144,-2.8010061784191462,-4.214357076375103,-7.0153632547942495
BOL,Bolivia,BOL,1997,3,1997.5,1997-Q3,1997q3,0.0008977878325616,-2.8059179021952207,-4.2096588820174015,-7.015576784212622
BOL,Bolivia,BOL,1997,4,1997.75,1997-Q4,1997q4,0.0009057145388274,-2.8005942865001456,-4.206192093625781,-7.006786380125926
BOL,Bolivia,BOL,1998,1,1998.0,1998-Q1,1998q1,0.0009277913204565,-2.772193237123294,-4.21051048353961,-6.982703720662904
BOL,Bolivia,BOL,1998,2,1998.25,1998-Q2,1998q2,0.0009311025755366,-2.767925271802196,-4.211215837148984,-6.97914110895118
BOL,Bolivia,BOL,1998,3,1998.5,1998-Q3,1998q3,0.0009350074176462,-2.766484023233512,-4.2084720721621,-6.974956095395612
BOL,Bolivia,BOL,1998,4,1998.75,1998-Q4,1998q4,0.0009250391037065,-2.77937912782508,-4.206295419243004,-6.985674547068084
BOL,Bolivia,BOL,1999,1,1999.0,1999-Q1,1999q1,0.000926329821897,-2.7763209398685804,-4.207959267711823,-6.984280207580404
BOL,Bolivia,BOL,1999,2,1999.25,1999-Q2,1999q2,0.0009120019946155,-2.7952010567119068,-4.2046673241020285,-6.999868380813935
BOL,Bolivia,BOL,1999,3,1999.5,1999-Q3,1999q3,0.0009226267068351,-2.7901746816161053,-4.198111158282587,-6.988285839898692
BOL,Bolivia,BOL,1999,4,1999.75,1999-Q4,1999q4,0.0009310375395161,-2.790808676235935,-4.188402283549777,-6.979210959785712
BOL,Bolivia,BOL,2000,1,2000.0,2000-Q1,2000q1,0.0009421104326248,-2.7830658639453345,-4.184322194227946,-6.96738805817328
BOL,Bolivia,BOL,2000,2,2000.25,2000-Q2,2000q2,0.0009430603018825,-2.785082182893502,-4.181298147628699,-6.966380330522201
BOL,Bolivia,BOL,2000,3,2000.5,2000-Q3,2000q3,0.0009251686838435,-2.807035250268937,-4.17849922589675,-6.985534476165687
BOL,Bolivia,BOL,2000,4,2000.75,2000-Q4,2000q4,0.0009320670212879,-2.8049147562740426,-4.173191078337019,-6.978105834611061
BOL,Bolivia,BOL,2001,1,2001.0,2001-Q1,2001q1,0.0009162546516245,-2.8217796753302444,-4.173436552638961,-6.995216227969205
BOL,Bolivia,BOL,2001,2,2001.25,2001-Q2,2001q2,0.0009138347573543,-2.824045462594732,-4.1738153309007995,-6.997860793495532
BOL,Bolivia,BOL,2001,3,2001.5,2001-Q3,2001q3,0.0009160383891837,-2.820904660727881,-4.174547623851253,-6.995452284579134
BOL,Bolivia,BOL,2001,4,2001.75,2001-Q4,2001q4,0.0009240321955042,-2.8160326676326406,-4.17073097567771,-6.986763643310351
BOL,Bolivia,BOL,2002,1,2002.0,2002-Q1,2002q1,0.0009015595200301,-2.8503859457729304,-4.160998548399518,-7.011384494172448
BOL,Bolivia,BOL,2002,2,2002.25,2002-Q2,2002q2,0.0009116249511859,-2.8470836841755442,-4.153198206030584,-7.000281890206129
BOL,Bolivia,BOL,2002,3,2002.5,2002-Q3,2002q3,0.0009151279769861,-2.8464258641388955,-4.150020772771553,-6.9964466369104485
BOL,Bolivia,BOL,2002,4,2002.75,2002-Q4,2002q4,0.0009002411558783,-2.867383648905953,-4.145464230650573,-7.012847879556526
BOL,Bolivia,BOL,2003,1,2003.0,2003-Q1,2003q1,0.000899693061275,-2.8720311262673093,-4.141425769568831,-7.01345689583614
BOL,Bolivia,BOL,2003,2,2003.25,2003-Q2,2003q2,0.0009056447949255,-2.8702754688817658,-4.136587918495714,-7.0068633873774795
BOL,Bolivia,BOL,2003,3,2003.5,2003-Q3,2003q3,0.0008891425802585,-2.8967549602799654,-4.128497992287372,-7.025252952567337
BOL,Bolivia,BOL,2003,4,2003.75,2003-Q4,2003q4,0.0008990996640467,-2.8946929815564886,-4.119423687072228,-7.014116668628716
BOL,Bolivia,BOL,2004,1,2004.0,2004-Q1,2004q1,0.0009047419651249,-2.8967748200719665,-4.111085956256169,-7.007860776328135
BOL,Bolivia,BOL,2004,2,2004.25,2004-Q2,2004q2,0.0009059627303106,-2.903809965592041,-4.102702423697901,-7.0065123892899415
BOL,Bolivia,BOL,2004,3,2004.5,2004-Q3,2004q3,0.0009073124375955,-2.9092166836544404,-4.095807009867689,-7.005023693522129
BOL,Bolivia,BOL,2004,4,2004.75,2004-Q4,2004q4,0.0008912628304808,-2.9387159518902424,-4.084155238397759,-7.022871190288002
BOL,Bolivia,BOL,2005,1,2005.0,2005-Q1,2005q1,0.0009107658235842,-2.9232948605436126,-4.077929887448277,-7.001224747991889
BOL,Bolivia,BOL,2005,2,2005.25,2005-Q2,2005q2,0.0009104309964318,-2.936111910620829,-4.065480537503734,-7.001592448124563
BOL,Bolivia,BOL,2005,3,2005.5,2005-Q3,2005q3,0.0009048425542826,-2.948671772387394,-4.059077830180438,-7.0077496025678325
BOL,Bolivia,BOL,2005,4,2005.75,2005-Q4,2005q4,0.000905553344713,-2.9574984110428124,-4.04946595944698,-7.006964370489793
BOL,Bolivia,BOL,2006,1,2006.0,2006-Q1,2006q1,0.0009186303497248,-2.951377654666226,-4.041249092843926,-6.992626747510152
BOL,Bolivia,BOL,2006,2,2006.25,2006-Q2,2006q2,0.0009147053707211,-2.9629138989057875,-4.0339946448477555,-6.996908543753543
BOL,Bolivia,BOL,2006,3,2006.5,2006-Q3,2006q3,0.0009176626454583,-2.9667721287834583,-4.026908594708328,-6.993680723491786
BOL,Bolivia,BOL,2006,4,2006.75,2006-Q4,2006q4,0.0009172242404899,-2.9770538472486017,-4.017104731287111,-6.994158578535712
BOL,Bolivia,BOL,2007,1,2007.0,2007-Q1,2007q1,0.0009115821278876,-2.9907919194795562,-4.009536946518625,-7.000328865998181
BOL,Bolivia,BOL,2007,2,2007.25,2007-Q2,2007q2,0.0009198203399577,-2.9899679859301402,-4.0013642037158625,-6.991332189646003
BOL,Bolivia,BOL,2007,3,2007.5,2007-Q3,2007q3,0.0009279394074468,-2.9900255895577383,-3.9925185314516303,-6.982544121009369
BOL,Bolivia,BOL,2007,4,2007.75,2007-Q4,2007q4,0.0009373746265167,-2.9888306629148658,-3.983596877863246,-6.972427540778112
BOL,Bolivia,BOL,2008,1,2008.0,2008-Q1,2008q1,0.0009388916738181,-2.9889101493259203,-3.9819002994309596,-6.97081044875688
BOL,Bolivia,BOL,2008,2,2008.25,2008-Q2,2008q2,0.0009501121381843,-2.9803381454750157,-3.978592394666867,-6.958930540141883
BOL,Bolivia,BOL,2008,3,2008.5,2008-Q3,2008q3,0.0009547149854131,-2.9725175828466375,-3.981580123773969,-6.9540977066206064
BOL,Bolivia,BOL,2008,4,2008.75,2008-Q4,2008q4,0.0009409862242276,-2.9732645674371088,-3.995317490552026,-6.968582057989135
BOL,Bolivia,BOL,2009,1,2009.0,2009-Q1,2009q1,0.0009364561380467,-2.9626572808776777,-4.010750592341259,-6.973407873218937
BOL,Bolivia,BOL,2009,2,2009.25,2009-Q2,2009q2,0.0009436021353565,-2.961803510303403,-4.004002437140827,-6.96580594744423
BOL,Bolivia,BOL,2009,3,2009.5,2009-Q3,2009q3,0.0009572441061074,-2.9592203568299587,-3.992231767904877,-6.9514521247348355
BOL,Bolivia,BOL,2009,4,2009.75,2009-Q4,2009q4,0.0009526705972395,-2.9707727325360995,-3.985468629751267,-6.956241362287367
BOL,Bolivia,BOL,2010,1,2010.0,2010-Q1,2010q1,0.0009568797335358,-2.970922531412788,-3.9809103132822243,-6.951832844695012
BOL,Bolivia,BOL,2010,2,2010.25,2010-Q2,2010q2,0.0009766490434833,-2.964777430809527,-3.9666057581895937,-6.931383188999121
BOL,Bolivia,BOL,2010,3,2010.5,2010-Q3,2010q3,0.000986173751599,-2.960941180117101,-3.9607368201089788,-6.92167800022608
BOL,Bolivia,BOL,2010,4,2010.75,2010-Q4,2010q4,0.0009951360500679,-2.960881880830663,-3.9517492155856404,-6.912631096416304
BOL,Bolivia,BOL,2011,1,2011.0,2011-Q1,2011q1,0.0010066453313344,-2.9511890067839133,-3.949942923742827,-6.9011319305267405
BOL,Bolivia,BOL,2011,2,2011.25,2011-Q2,2011q2,0.0010159963823343,-2.9486723516503006,-3.9432131388764726,-6.891885490526773
BOL,Bolivia,BOL,2011,3,2011.5,2011-Q3,2011q3,0.0010309418241442,-2.9393866428469124,-3.9378958593227056,-6.877282502169618
BOL,Bolivia,BOL,2011,4,2011.75,2011-Q4,2011q4,0.0010348246992607,-2.935728134901253,-3.937795104403702,-6.873523239304955
BOL,Bolivia,BOL,2012,1,2012.0,2012-Q1,2012q1,0.0010793102974606,-2.8946865001674356,-3.936746555141414,-6.83143305530885
BOL,Bolivia,BOL,2012,2,2012.25,2012-Q2,2012q2,0.0010892125475706,-2.8872702336827785,-3.935030043560548,-6.822300277243326
BOL,Bolivia,BOL,2012,3,2012.5,2012-Q3,2012q3,0.0011020861377428,-2.8794078491499566,-3.931142557235305,-6.8105504063852615
BOL,Bolivia,BOL,2012,4,2012.75,2012-Q4,2012q4,0.0011198913323137,-2.8683005852575567,-3.9262230378446903,-6.794523623102247
BOL,Bolivia,BOL,2013,1,2013.0,2013-Q1,2013q1,0.0010954170598041,-2.8969241006224165,-3.9196960110728867,-6.816620111695303
BOL,Bolivia,BOL,2013,2,2013.25,2013-Q2,2013q2,0.0011103966924161,-2.892125252073856,-3.910912694874213,-6.803037946948069
BOL,Bolivia,BOL,2013,3,2013.5,2013-Q3,2013q3,0.0011217668509935,-2.8873307915994757,-3.905519499563591,-6.792850291163067
BOL,Bolivia,BOL,2013,4,2013.75,2013-Q4,2013q4,0.001124097584811,-2.8879293842419758,-3.9028453278103648,-6.7907747120523405
BOL,Bolivia,BOL,2014,1,2014.0,2014-Q1,2014q1,0.0011274175502652,-2.889067032196894,-3.8987585832149927,-6.787825615411887
BOL,Bolivia,BOL,2014,2,2014.25,2014-Q2,2014q2,0.0011367772445574,-2.885574996166451,-3.893983002318197,-6.779557998484648
BOL,Bolivia,BOL,2014,3,2014.5,2014-Q3,2014q3,0.0011561935274599,-2.870697370254208,-3.8919247411919593,-6.762622111446167
BOL,Bolivia,BOL,2014,4,2014.75,2014-Q4,2014q4,0.0011488357614727,-2.883820898888338,-3.8851853318508356,-6.769006230739174
BOL,Bolivia,BOL,2015,1,2015.0,2015-Q1,2015q1,0.0012168077813491,-2.829886924662196,-3.8816374974488594,-6.711524422111055
BOL,Bolivia,BOL,2015,2,2015.25,2015-Q2,2015q2,0.0012364902515365,-2.8184319282640975,-3.877046426686889,-6.695478354950986
BOL,Bolivia,BOL,2015,3,2015.5,2015-Q3,2015q3,0.001237463318945,-2.8217090145806907,-3.872982690636614,-6.694691705217305
BOL,Bolivia,BOL,2015,4,2015.75,2015-Q4,2015q4,0.0012794151585641,-2.787460149935908,-3.8738920629004796,-6.661352212836388
BOL,Bolivia,BOL,2016,1,2016.0,2016-Q1,2016q1,0.0013057227357678,-2.765855424977743,-3.875143146019994,-6.640998570997737
BOL,Bolivia,BOL,2016,2,2016.25,2016-Q2,2016q2,0.0012985104282596,-2.778729503449548,-3.8678079924394737,-6.646537495889022
BOL,Bolivia,BOL,2016,3,2016.5,2016-Q3,2016q3,0.0013180587589324,-2.7642972004516464,-3.867298061552871,-6.6315952620045175
BOL,Bolivia,BOL,2016,4,2016.75,2016-Q4,2016q4,0.0013092069680847,-2.7793151921026986,-3.8590185008497677,-6.638333692952466
BOL,Bolivia,BOL,2017,1,2017.0,2017-Q1,2017q1,0.0013024524438522,-2.7891550582092233,-3.8543512382319376,-6.643506296441161
BOL,Bolivia,BOL,2017,2,2017.25,2017-Q2,2017q2,0.0013304804858426,-2.7755322580982247,-3.8466828763408323,-6.622215134439057
BOL,Bolivia,BOL,2017,3,2017.5,2017-Q3,2017q3,0.0013204402324886,-2.786551803142025,-3.8432382853826903,-6.629790088524715
BOL,Bolivia,BOL,2017,4,2017.75,2017-Q4,2017q4,0.0012935047052534,-2.8126154504234564,-3.837784468307589,-6.650399918731045
BOL,Bolivia,BOL,2018,1,2018.0,2018-Q1,2018q1,0.0013056007901578,-2.8077639624675723,-3.8333280060803943,-6.641091968547967
BOL,Bolivia,BOL,2018,2,2018.25,2018-Q2,2018q2,0.0012890719766236,-2.8281406255777353,-3.8256920918879103,-6.6538327174656455
BOL,Bolivia,BOL,2018,3,2018.5,2018-Q3,2018q3,0.0012829949107867,-2.834300072938651,-3.824258087068906,-6.658558160007557
BOL,Bolivia,BOL,2018,4,2018.75,2018-Q4,2018q4,0.0012578811489527,-2.8533472985679786,-3.8249793027892887,-6.678326601357267
BOL,Bolivia,BOL,2019,1,2019.0,2019-Q1,2019q1,0.0012537764929081,-2.860203839258713,-3.821391248718992,-6.681595087977705
BOL,Bolivia,BOL,2019,2,2019.25,2019-Q2,2019q2,0.0012790785240355,-2.848048421068268,-3.8135669423342766,-6.661615363402545
BOL,Bolivia,BOL,2019,3,2019.5,2019-Q3,2019q3,0.001263156648735,-2.862008991708117,-3.8121324225111266,-6.6741414142192435
BOL,Bolivia,BOL,2019,4,2019.75,2019-Q4,2019q4,0.0012183216872293,-2.8950312880743008,-3.8152497454656107,-6.7102810335399115
BOL,Bolivia,BOL,2020,1,2020.0,2020-Q1,2020q1,0.0012500172931776,-2.8703912342271813,-3.8142066589943626,-6.684597893221544
BOL,Bolivia,BOL,2020,2,2020.25,2020-Q2,2020q2,0.0010224902166975,-3.00332589544208,-3.8821883426730164,-6.885514238115096
BOL,Bolivia,BOL,2020,3,2020.5,2020-Q3,2020q3,0.0011885901005527,-2.9075931695091453,-3.8273942942189545,-6.7349874637281
BOL,Bolivia,BOL,2020,4,2020.75,2020-Q4,2020q4,0.001263091128931,-2.855904619205113,-3.8182886662554183,-6.6741932854605315
BOL,Bolivia,BOL,2021,1,2021.0,2021-Q1,2021q1,0.0011459549087207,-2.972229545040868,-3.799287463088877,-6.771517008129745
BOL,Bolivia,BOL,2021,2,2021.25,2021-Q2,2021q2,0.0011192219796383,-3.00087838731554,-3.7942431087856,-6.79512149610114
BOL,Bolivia,BOL,2021,3,2021.5,2021-Q3,2021q3,0.0010953945907328,-3.0247192328454773,-3.7919213909475182,-6.8166406237929955
BOL,Bolivia,BOL,2021,4,2021.75,2021-Q4,2021q4,0.0010867517289099,-3.040937369979845,-3.7836247272174144,-6.824562097197259
BOL,Bolivia,BOL,2022,1,2022.0,2022-Q1,2022q1,0.0011198284968638,-3.011892200192231,-3.7826875330083403,-6.794579733200571
BOL,Bolivia,BOL,2022,2,2022.25,2022-Q2,2022q2,0.001105245671003,-3.0255952898147833,-3.7820923522090077,-6.807687642023791
BOL,Bolivia,BOL,2022,3,2022.5,2022-Q3,2022q3,0.0010962531103673,-3.0336646913643586,-3.782192485638369,-6.815857177002727
BOL,Bolivia,BOL,2022,4,2022.75,2022-Q4,2022q4,0.001096863749436,-3.033818823298526,-3.7814814849885647,-6.815300308287091
BOL,Bolivia,BOL,2023,1,2023.0,2023-Q1,2023q1,0.0011123957013167,-3.0185742007406753,-3.7826650992036,-6.8012392999442755
BOL,Bolivia,BOL,2023,2,2023.25,2023-Q2,2023q2,0.0011036987680736,-3.0281888153152434,-3.780899408049487,-6.80908822336473
BOL,Bolivia,BOL,2023,3,2023.5,2023-Q3,2023q3,0.0011039675824426,-3.028132890781551,-3.7807118045063346,-6.808844695287886
BOL,Bolivia,BOL,2023,4,2023.75,2023-Q4,2023q4,0.0011110281438663,-3.0236972459274023,-3.7787721907052205,-6.802469436632623
BOL,Bolivia,BOL,2024,1,2024.0,2024-Q1,2024q1,0.0010812075299812,-3.0539207614960557,-3.775756017623659,-6.829676779119715
BOL,Bolivia,BOL,2024,2,2024.25,2024-Q2,2024q2,0.001098361825526,-3.0429490523193805,-3.770986406414534,-6.813935458733915
BOL,Bolivia,BOL,2024,3,2024.5,2024-Q3,2024q3,0.0010843387338292,-3.061608502738617,-3.765176436957072,-6.826784939695689
BOL,Bolivia,BOL,2024,4,2024.75,2024-Q4,2024q4,0.0010448818546381,-3.1017157738990226,-3.7621356838204347,-6.863851457719457
BRA,Brazil,BRA,1995,1,1995.0,1995-Q1,1995q1,0.0052117808115774,-1.0027591065878427,-4.254074568586735,-5.256833675174578
BRA,Brazil,BRA,1995,2,1995.25,1995-Q2,1995q2,0.005122523661829,-1.023667852037307,-4.2504402066290705,-5.2741080586663776
BRA,Brazil,BRA,1995,3,1995.5,1995-Q3,1995q3,0.0050242474967737,-1.046128541758672,-4.24735104637809,-5.293479588136762
BRA,Brazil,BRA,1995,4,1995.75,1995-Q4,1995q4,0.005041990862081,-1.045534776663251,-4.244419485914777,-5.289954262578028
BRA,Brazil,BRA,1996,1,1996.0,1996-Q1,1996q1,0.0051387036480482,-1.0298795446364704,-4.241074895239452,-5.270954439875922
BRA,Brazil,BRA,1996,2,1996.25,1996-Q2,1996q2,0.0051866440427539,-1.02451202627402,-4.237156384572403,-5.261668410846423
BRA,Brazil,BRA,1996,3,1996.5,1996-Q3,1996q3,0.0053651839625218,-0.9911268985012684,-4.236697715606429,-5.227824614107697
BRA,Brazil,BRA,1996,4,1996.75,1996-Q4,1996q4,0.0053014346940282,-1.0096784766878093,-4.230099321381617,-5.239777798069427
BRA,Brazil,BRA,1997,1,1997.0,1997-Q1,1997q1,0.0052863633597423,-1.0151929339119379,-4.227431791231235,-5.242624725143173
BRA,Brazil,BRA,1997,2,1997.25,1997-Q2,1997q2,0.0052993518448673,-1.0258136829486721,-4.214357076375103,-5.240170759323775
BRA,Brazil,BRA,1997,3,1997.5,1997-Q3,1997q3,0.0053536369156533,-1.02032026969598,-4.2096588820174015,-5.229979151713382
BRA,Brazil,BRA,1997,4,1997.75,1997-Q4,1997q4,0.0053860389289705,-1.017752963185699,-4.206192093625781,-5.22394505681148
BRA,Brazil,BRA,1998,1,1998.0,1998-Q1,1998q1,0.0052444927732242,-1.0400662649962689,-4.21051048353961,-5.250576748535879
BRA,Brazil,BRA,1998,2,1998.25,1998-Q2,1998q2,0.0053212269984471,-1.024835526266795,-4.211215837148984,-5.236051363415779
BRA,Brazil,BRA,1998,3,1998.5,1998-Q3,1998q3,0.0053072932214377,-1.0302012526751483,-4.2084720721621,-5.238673324837248
BRA,Brazil,BRA,1998,4,1998.75,1998-Q4,1998q4,0.0052345040104594,-1.0461877648031326,-4.206295419243004,-5.252483184046136
BRA,Brazil,BRA,1999,1,1999.0,1999-Q1,1999q1,0.0051784517900815,-1.0552898818967646,-4.207959267711823,-5.263249149608588
BRA,Brazil,BRA,1999,2,1999.25,1999-Q2,1999q2,0.0051934873255777,-1.055682551636811,-4.2046673241020285,-5.260349875738839
BRA,Brazil,BRA,1999,3,1999.5,1999-Q3,1999q3,0.0051812252479411,-1.0646025580464338,-4.198111158282587,-5.262713716329021
BRA,Brazil,BRA,1999,4,1999.75,1999-Q4,1999q4,0.0052431463468155,-1.0624312294305467,-4.188402283549777,-5.250833512980324
BRA,Brazil,BRA,2000,1,2000.0,2000-Q1,2000q1,0.0050964687915616,-1.094885178650662,-4.184322194227946,-5.2792073728786075
BRA,Brazil,BRA,2000,2,2000.25,2000-Q2,2000q2,0.0051568682247842,-1.0861276692998256,-4.181298147628699,-5.267425816928524
BRA,Brazil,BRA,2000,3,2000.5,2000-Q3,2000q3,0.0052068184457555,-1.079287046853488,-4.17849922589675,-5.257786272750238
BRA,Brazil,BRA,2000,4,2000.75,2000-Q4,2000q4,0.0052595190742875,-1.0745246088193667,-4.173191078337019,-5.2477156871563855
BRA,Brazil,BRA,2001,1,2001.0,2001-Q1,2001q1,0.0050743558502503,-1.110119135530173,-4.173436552638961,-5.283555688169134
BRA,Brazil,BRA,2001,2,2001.25,2001-Q2,2001q2,0.0050397467790993,-1.1165841095024467,-4.1738153309007995,-5.290399440403246
BRA,Brazil,BRA,2001,3,2001.5,2001-Q3,2001q3,0.0050033037652362,-1.1231092078507254,-4.174547623851253,-5.297656831701978
BRA,Brazil,BRA,2001,4,2001.75,2001-Q4,2001q4,0.0049777471765401,-1.1320468888086728,-4.17073097567771,-5.302777864486383
BRA,Brazil,BRA,2002,1,2002.0,2002-Q1,2002q1,0.0049510026006843,-1.1471666289188214,-4.160998548399518,-5.308165177318339
BRA,Brazil,BRA,2002,2,2002.25,2002-Q2,2002q2,0.0049520166171248,-1.1547621819357925,-4.153198206030584,-5.307960387966377
BRA,Brazil,BRA,2002,3,2002.5,2002-Q3,2002q3,0.0050101539086524,-1.1462678712957688,-4.150020772771553,-5.296288644067322
BRA,Brazil,BRA,2002,4,2002.75,2002-Q4,2002q4,0.0050510832741887,-1.1426883183078838,-4.145464230650573,-5.288152548958457
BRA,Brazil,BRA,2003,1,2003.0,2003-Q1,2003q1,0.0049832024127277,-1.160256770283266,-4.141425769568831,-5.301682539852097
BRA,Brazil,BRA,2003,2,2003.25,2003-Q2,2003q2,0.004930885293578,-1.175648815819204,-4.136587918495714,-5.312236734314918
BRA,Brazil,BRA,2003,3,2003.5,2003-Q3,2003q3,0.0049669284892528,-1.1764556478439587,-4.128497992287372,-5.30495364013133
BRA,Brazil,BRA,2003,4,2003.75,2003-Q4,2003q4,0.0050088593250879,-1.17712338235925,-4.119423687072228,-5.296547069431478
BRA,Brazil,BRA,2004,1,2004.0,2004-Q1,2004q1,0.0048360582354044,-1.2205693479854638,-4.111085956256169,-5.331655304241632
BRA,Brazil,BRA,2004,2,2004.25,2004-Q2,2004q2,0.0049597913847565,-1.2036891749568257,-4.102702423697901,-5.306391598654726
BRA,Brazil,BRA,2004,3,2004.5,2004-Q3,2004q3,0.0050127112462981,-1.1999713334699198,-4.095807009867689,-5.295778343337608
BRA,Brazil,BRA,2004,4,2004.75,2004-Q4,2004q4,0.0050414372178362,-1.2059088368830455,-4.084155238397759,-5.290064075280805
BRA,Brazil,BRA,2005,1,2005.0,2005-Q1,2005q1,0.004989975667426,-1.222394358049657,-4.077929887448277,-5.300324245497934
BRA,Brazil,BRA,2005,2,2005.25,2005-Q2,2005q2,0.0050334033787745,-1.2261783701096505,-4.065480537503734,-5.291658907613384
BRA,Brazil,BRA,2005,3,2005.5,2005-Q3,2005q3,0.0049945649443841,-1.2403271387158536,-4.059077830180438,-5.299404968896292
BRA,Brazil,BRA,2005,4,2005.75,2005-Q4,2005q4,0.0050494841545702,-1.2390032290751725,-4.04946595944698,-5.288469188522153
BRA,Brazil,BRA,2006,1,2006.0,2006-Q1,2006q1,0.0050407814525747,-1.2489450659599326,-4.041249092843926,-5.290194158803859
BRA,Brazil,BRA,2006,2,2006.25,2006-Q2,2006q2,0.0050473227155862,-1.2549026867586042,-4.0339946448477555,-5.28889733160636
BRA,Brazil,BRA,2006,3,2006.5,2006-Q3,2006q3,0.0051226877704561,-1.2471674277959464,-4.026908594708328,-5.274076022504274
BRA,Brazil,BRA,2006,4,2006.75,2006-Q4,2006q4,0.0051737518607865,-1.2470524239551413,-4.017104731287111,-5.264157155242252
BRA,Brazil,BRA,2007,1,2007.0,2007-Q1,2007q1,0.0052098009976536,-1.2476766736554472,-4.009536946518625,-5.257213620174072
BRA,Brazil,BRA,2007,2,2007.25,2007-Q2,2007q2,0.0052882418172457,-1.240905244328692,-4.0013642037158625,-5.242269448044555
BRA,Brazil,BRA,2007,3,2007.5,2007-Q3,2007q3,0.0053340736529328,-1.2411215136671419,-3.9925185314516303,-5.233640045118772
BRA,Brazil,BRA,2007,4,2007.75,2007-Q4,2007q4,0.005405100369001,-1.236815380542224,-3.983596877863246,-5.22041225840547
BRA,Brazil,BRA,2008,1,2008.0,2008-Q1,2008q1,0.0053490913543034,-1.2489282733848839,-3.9819002994309596,-5.2308285728158435
BRA,Brazil,BRA,2008,2,2008.25,2008-Q2,2008q2,0.005447961565707,-1.2339213702456968,-3.978592394666867,-5.212513764912564
BRA,Brazil,BRA,2008,3,2008.5,2008-Q3,2008q3,0.0055273024568506,-1.2164752603423592,-3.981580123773969,-5.198055384116328
BRA,Brazil,BRA,2008,4,2008.75,2008-Q4,2008q4,0.0053104434825643,-1.2427624382900375,-3.995317490552026,-5.238079928842064
BRA,Brazil,BRA,2009,1,2009.0,2009-Q1,2009q1,0.0052261337006883,-1.2433329361176488,-4.010750592341259,-5.254083528458908
BRA,Brazil,BRA,2009,2,2009.25,2009-Q2,2009q2,0.0053131272309472,-1.2335722475583086,-4.004002437140827,-5.237574684699136
BRA,Brazil,BRA,2009,3,2009.5,2009-Q3,2009q3,0.0054283908288609,-1.2238807693273213,-3.992231767904877,-5.216112537232198
BRA,Brazil,BRA,2009,4,2009.75,2009-Q4,2009q4,0.0055600261085571,-1.2066838451957533,-3.985468629751267,-5.1921524749470205
BRA,Brazil,BRA,2010,1,2010.0,2010-Q1,2010q1,0.005666092596872,-1.192345221878003,-3.9809103132822243,-5.173255535160227
BRA,Brazil,BRA,2010,2,2010.25,2010-Q2,2010q2,0.0057283899370026,-1.1957150178572076,-3.9666057581895937,-5.162320776046801
BRA,Brazil,BRA,2010,3,2010.5,2010-Q3,2010q3,0.0057699015048149,-1.1943634487215693,-3.9607368201089788,-5.155100268830548
BRA,Brazil,BRA,2010,4,2010.75,2010-Q4,2010q4,0.0058443028730501,-1.190538744524818,-3.9517492155856404,-5.142287960110458
BRA,Brazil,BRA,2011,1,2011.0,2011-Q1,2011q1,0.0059124443172776,-1.1807530192622062,-3.949942923742827,-5.130695943005033
BRA,Brazil,BRA,2011,2,2011.25,2011-Q2,2011q2,0.0059613887574961,-1.1792386731690176,-3.9432131388764726,-5.12245181204549
BRA,Brazil,BRA,2011,3,2011.5,2011-Q3,2011q3,0.0059402458039715,-1.1881089060010703,-3.9378958593227056,-5.126004765323776
BRA,Brazil,BRA,2011,4,2011.75,2011-Q4,2011q4,0.0059876827834623,-1.180255684797995,-3.937795104403702,-5.118050789201697
BRA,Brazil,BRA,2012,1,2012.0,2012-Q1,2012q1,0.0060905763084385,-1.1642660146687316,-3.936746555141414,-5.101012569810146
BRA,Brazil,BRA,2012,2,2012.25,2012-Q2,2012q2,0.0061037655473902,-1.1638193518445017,-3.935030043560548,-5.09884939540505
BRA,Brazil,BRA,2012,3,2012.5,2012-Q3,2012q3,0.0062016371435644,-1.1517994091386679,-3.931142557235305,-5.082941966373973
BRA,Brazil,BRA,2012,4,2012.75,2012-Q4,2012q4,0.0062250520747182,-1.1529504334050866,-3.9262230378446903,-5.079173471249777
BRA,Brazil,BRA,2013,1,2013.0,2013-Q1,2013q1,0.0062182061437336,-1.160577804082826,-3.9196960110728867,-5.080273815155713
BRA,Brazil,BRA,2013,2,2013.25,2013-Q2,2013q2,0.0062398272562903,-1.1658900853965877,-3.910912694874213,-5.076802780270801
BRA,Brazil,BRA,2013,3,2013.5,2013-Q3,2013q3,0.0062724695283144,-1.1660656381528702,-3.905519499563591,-5.071585137716461
BRA,Brazil,BRA,2013,4,2013.75,2013-Q4,2013q4,0.0062730699238835,-1.1686440953181592,-3.9028453278103648,-5.071489423128524
BRA,Brazil,BRA,2014,1,2014.0,2014-Q1,2014q1,0.0062713947402354,-1.1729979192513769,-3.8987585832149927,-5.0717565024663696
BRA,Brazil,BRA,2014,2,2014.25,2014-Q2,2014q2,0.0061504414146775,-1.1972484226768878,-3.893983002318197,-5.091231424995085
BRA,Brazil,BRA,2014,3,2014.5,2014-Q3,2014q3,0.0061742274461268,-1.195446773042018,-3.8919247411919593,-5.087371514233977
BRA,Brazil,BRA,2014,4,2014.75,2014-Q4,2014q4,0.006208588543564,-1.1966363646905247,-3.8851853318508356,-5.08182169654136
BRA,Brazil,BRA,2015,1,2015.0,2015-Q1,2015q1,0.0061202635682866,-1.2145126192228908,-3.8816374974488594,-5.09615011667175
BRA,Brazil,BRA,2015,2,2015.25,2015-Q2,2015q2,0.0059772419320249,-1.2427496061056877,-3.877046426686889,-5.119796032792577
BRA,Brazil,BRA,2015,3,2015.5,2015-Q3,2015q3,0.0059288341018946,-1.2549450048020132,-3.872982690636614,-5.127927695438627
BRA,Brazil,BRA,2015,4,2015.75,2015-Q4,2015q4,0.0059030245965536,-1.2583983530431024,-3.8738920629004796,-5.132290415943582
BRA,Brazil,BRA,2016,1,2016.0,2016-Q1,2016q1,0.0058187898922024,-1.2715198151396283,-3.875143146019994,-5.146662961159622
BRA,Brazil,BRA,2016,2,2016.25,2016-Q2,2016q2,0.0058595569897848,-1.2718732848243244,-3.8678079924394737,-5.139681277263798
BRA,Brazil,BRA,2016,3,2016.5,2016-Q3,2016q3,0.0059347984158596,-1.2596241552587735,-3.867298061552871,-5.126922216811645
BRA,Brazil,BRA,2016,4,2016.75,2016-Q4,2016q4,0.0059303977481875,-1.2686454934787497,-3.8590185008497677,-5.127663994328517
BRA,Brazil,BRA,2017,1,2017.0,2017-Q1,2017q1,0.0059736054228482,-1.2660533722088925,-3.8543512382319376,-5.12040461044083
BRA,Brazil,BRA,2017,2,2017.25,2017-Q2,2017q2,0.0059635089937651,-1.275413337470515,-3.8466828763408323,-5.122096213811347
BRA,Brazil,BRA,2017,3,2017.5,2017-Q3,2017q3,0.0059630974971857,-1.2789269332339845,-3.8432382853826903,-5.122165218616675
BRA,Brazil,BRA,2017,4,2017.75,2017-Q4,2017q4,0.0059498232078275,-1.2866093045286173,-3.837784468307589,-5.124393772836206
BRA,Brazil,BRA,2018,1,2018.0,2018-Q1,2018q1,0.0059644148909542,-1.2886163125311518,-3.8333280060803943,-5.121944318611546
BRA,Brazil,BRA,2018,2,2018.25,2018-Q2,2018q2,0.0059606256165107,-1.2968877423126464,-3.8256920918879103,-5.122579834200557
BRA,Brazil,BRA,2018,3,2018.5,2018-Q3,2018q3,0.0059784841084115,-1.2953301496622909,-3.824258087068906,-5.119588236731197
BRA,Brazil,BRA,2018,4,2018.75,2018-Q4,2018q4,0.0059291808153131,-1.3028899151687456,-3.8249793027892887,-5.127869217958034
BRA,Brazil,BRA,2019,1,2019.0,2019-Q1,2019q1,0.005901417591461,-1.3111714384724702,-3.821391248718992,-5.132562687191462
BRA,Brazil,BRA,2019,2,2019.25,2019-Q2,2019q2,0.0058898164891418,-1.3209634958123826,-3.8135669423342766,-5.134530438146659
BRA,Brazil,BRA,2019,3,2019.5,2019-Q3,2019q3,0.0059042400512275,-1.319952110916148,-3.8121324225111266,-5.132084533427275
BRA,Brazil,BRA,2019,4,2019.75,2019-Q4,2019q4,0.0058998894382965,-1.3175719220522142,-3.8152497454656107,-5.132821667517825
BRA,Brazil,BRA,2020,1,2020.0,2020-Q1,2020q1,0.0058159867116009,-1.332938164559562,-3.8142066589943626,-5.1471448235539246
BRA,Brazil,BRA,2020,2,2020.25,2020-Q2,2020q2,0.0059352439373968,-1.244658807593093,-3.8821883426730164,-5.1268471502661095
BRA,Brazil,BRA,2020,3,2020.5,2020-Q3,2020q3,0.0064944060632574,-1.2094197840479475,-3.8273942942189545,-5.036814078266902
BRA,Brazil,BRA,2020,4,2020.75,2020-Q4,2020q4,0.006433444279644,-1.227956560092173,-3.8182886662554183,-5.046245226347591
BRA,Brazil,BRA,2021,1,2021.0,2021-Q1,2021q1,0.0064092089887494,-1.2507319552666214,-3.799287463088877,-5.0500194183554985
BRA,Brazil,BRA,2021,2,2021.25,2021-Q2,2021q2,0.0062761728460388,-1.2767517949084972,-3.7942431087856,-5.070994903694097
BRA,Brazil,BRA,2021,3,2021.5,2021-Q3,2021q3,0.0060696159478939,-1.312538555493064,-3.7919213909475182,-5.104459946440582
BRA,Brazil,BRA,2021,4,2021.75,2021-Q4,2021q4,0.0059531201956004,-1.3402150670362727,-3.7836247272174144,-5.123839794253687
BRA,Brazil,BRA,2022,1,2022.0,2022-Q1,2022q1,0.0059520729893894,-1.3413281855159442,-3.7826875330083403,-5.1240157185242845
BRA,Brazil,BRA,2022,2,2022.25,2022-Q2,2022q2,0.0059058809515053,-1.349714300866664,-3.7820923522090077,-5.131806653075672
BRA,Brazil,BRA,2022,3,2022.5,2022-Q3,2022q3,0.0059237273872316,-1.3465969163577274,-3.782192485638369,-5.128789401996096
BRA,Brazil,BRA,2022,4,2022.75,2022-Q4,2022q4,0.0060386961288877,-1.3280856780514259,-3.7814814849885647,-5.109567163039991
BRA,Brazil,BRA,2023,1,2023.0,2023-Q1,2023q1,0.0060323878927086,-1.3279472453200216,-3.7826650992036,-5.110612344523622
BRA,Brazil,BRA,2023,2,2023.25,2023-Q2,2023q2,0.006078046081232,-1.322172594822828,-3.780899408049487,-5.103072002872315
BRA,Brazil,BRA,2023,3,2023.5,2023-Q3,2023q3,0.0060457289674165,-1.3276914075361113,-3.7807118045063346,-5.108403212042446
BRA,Brazil,BRA,2023,4,2023.75,2023-Q4,2023q4,0.0061058450740249,-1.3197365670301622,-3.7787721907052205,-5.098508757735383
BRA,Brazil,BRA,2024,1,2024.0,2024-Q1,2024q1,0.006007219134023,-1.3390373263783988,-3.775756017623659,-5.114793344002058
BRA,Brazil,BRA,2024,2,2024.25,2024-Q2,2024q2,0.0060711918649325,-1.3332139334048505,-3.770986406414534,-5.104200339819385
BRA,Brazil,BRA,2024,3,2024.5,2024-Q3,2024q3,0.0060754438951954,-1.3383237862999073,-3.765176436957072,-5.1035002232569795
BRA,Brazil,BRA,2024,4,2024.75,2024-Q4,2024q4,0.0060239266991181,-1.3498802728792283,-3.7621356838204347,-5.112015956699663
BRA,Brazil,BRA,2025,1,2025.0,2025-Q1,2025q1,0.0061063358152071,-1.3405876089711897,-3.757840779633255,-5.098428388604445
BRA,Brazil,BRA,2025,2,2025.25,2025-Q2,2025q2,0.0061957293794127,-1.3310324770436153,-3.7528625569980663,-5.0838950340416815
BRA,Brazil,BRA,2025,3,2025.5,2025-Q3,2025q3,0.006225314070319,-1.3309047761518946,-3.7482266086888907,-5.079131384840785
BRA,Brazil,BRA,2025,4,2025.75,2025-Q4,2025q4,0.0061934051873159,-1.337118512423796,-3.747151720080949,-5.084270232504745
CAN,Canada,CAN,1995,1,1995.0,1995-Q1,1995q1,0.0207453524549307,0.3786415331188411,-4.254074568586735,-3.875433035467894
CAN,Canada,CAN,1995,2,1995.25,1995-Q2,1995q2,0.0207483151086302,0.37514997144268936,-4.2504402066290705,-3.875290235186381
CAN,Canada,CAN,1995,3,1995.5,1995-Q3,1995q3,0.0207435945929595,0.3718332721015578,-4.24735104637809,-3.875517774276532
CAN,Canada,CAN,1995,4,1995.75,1995-Q4,1995q4,0.0207590480657974,0.36964640993030917,-4.244419485914777,-3.8747730759844674
CAN,Canada,CAN,1996,1,1996.0,1996-Q1,1996q1,0.0207199554994665,0.36441688593714483,-4.241074895239452,-3.876658009302307
CAN,Canada,CAN,1996,2,1996.25,1996-Q2,1996q2,0.020817227859589,0.3651820119576943,-4.237156384572403,-3.8719743726147087
CAN,Canada,CAN,1996,3,1996.5,1996-Q3,1996q3,0.0209594380571681,0.3715314854681182,-4.236697715606429,-3.8651662301383105
CAN,Canada,CAN,1996,4,1996.75,1996-Q4,1996q4,0.0211163480729831,0.3723915730753009,-4.230099321381617,-3.8577077483063165
CAN,Canada,CAN,1997,1,1997.0,1997-Q1,1997q1,0.0212335399697186,0.3752585178096468,-4.227431791231235,-3.8521732734215886
CAN,Canada,CAN,1997,2,1997.25,1997-Q2,1997q2,0.0213132390104525,0.365930226812782,-4.214357076375103,-3.8484268495623213
CAN,Canada,CAN,1997,3,1997.5,1997-Q3,1997q3,0.0213695790014266,0.3638719717242811,-4.2096588820174015,-3.8457869102931204
CAN,Canada,CAN,1997,4,1997.75,1997-Q4,1997q4,0.0214473822354357,0.3640394122641175,-4.206192093625781,-3.842152681361663
CAN,Canada,CAN,1998,1,1998.0,1998-Q1,1998q1,0.0216722497635006,0.37878783398318827,-4.21051048353961,-3.831722649556422
CAN,Canada,CAN,1998,2,1998.25,1998-Q2,1998q2,0.0215411161476485,0.37342404599219003,-4.211215837148984,-3.837791791156794
CAN,Canada,CAN,1998,3,1998.5,1998-Q3,1998q3,0.0215919974362121,0.3730395501577979,-4.2084720721621,-3.835432522004302
CAN,Canada,CAN,1998,4,1998.75,1998-Q4,1998q4,0.0217391604299661,0.3776554025313974,-4.206295419243004,-3.8286400167116064
CAN,Canada,CAN,1999,1,1999.0,1999-Q1,1999q1,0.0220050565984714,0.39147626106266165,-4.207959267711823,-3.8164830066491615
CAN,Canada,CAN,1999,2,1999.25,1999-Q2,1999q2,0.0220694217130018,0.391105062643879,-4.2046673241020285,-3.8135622614581495
CAN,Canada,CAN,1999,3,1999.5,1999-Q3,1999q3,0.0222774565785341,0.3939311306857527,-4.198111158282587,-3.8041800275968343
CAN,Canada,CAN,1999,4,1999.75,1999-Q4,1999q4,0.0223935475082022,0.3894198642625102,-4.188402283549777,-3.798982419287267
CAN,Canada,CAN,2000,1,2000.0,2000-Q1,2000q1,0.0225699809114119,0.39318766032442554,-4.184322194227946,-3.79113453390352
CAN,Canada,CAN,2000,2,2000.25,2000-Q2,2000q2,0.022748743383119,0.39805277661110505,-4.181298147628699,-3.7832453710175935
CAN,Canada,CAN,2000,3,2000.5,2000-Q3,2000q3,0.0229331438857344,0.40332714235521516,-4.17849922589675,-3.7751720835415346
CAN,Canada,CAN,2000,4,2000.75,2000-Q4,2000q4,0.0227921604840707,0.3918524377713424,-4.173191078337019,-3.7813386405656764
CAN,Canada,CAN,2001,1,2001.0,2001-Q1,2001q1,0.022899627713061,0.3968019270132981,-4.173436552638961,-3.776634625625663
CAN,Canada,CAN,2001,2,2001.25,2001-Q2,2001q2,0.022920144930786,0.3980762670779314,-4.1738153309007995,-3.775739063822868
CAN,Canada,CAN,2001,3,2001.5,2001-Q3,2001q3,0.0228886410968626,0.39743311039865103,-4.174547623851253,-3.777114513452602
CAN,Canada,CAN,2001,4,2001.75,2001-Q4,2001q4,0.0229766445106379,0.3974539406407014,-4.17073097567771,-3.7732770350370086
CAN,Canada,CAN,2002,1,2002.0,2002-Q1,2002q1,0.0231663325821897,0.39594331230336044,-4.160998548399518,-3.7650552360961576
CAN,Canada,CAN,2002,2,2002.25,2002-Q2,2002q2,0.0230682069820688,0.3838982754537814,-4.153198206030584,-3.769299930576803
CAN,Canada,CAN,2002,3,2002.5,2002-Q3,2002q3,0.0230142032645635,0.3783770523652663,-4.150020772771553,-3.7716437204062867
CAN,Canada,CAN,2002,4,2002.75,2002-Q4,2002q4,0.0229816025038206,0.37240295637573473,-4.145464230650573,-3.773061274274838
CAN,Canada,CAN,2003,1,2003.0,2003-Q1,2003q1,0.0229615271081191,0.3674905715039172,-4.141425769568831,-3.7739351980649136
CAN,Canada,CAN,2003,2,2003.25,2003-Q2,2003q2,0.0229189441318072,0.36079646275129473,-4.136587918495714,-3.775791455744419
CAN,Canada,CAN,2003,3,2003.5,2003-Q3,2003q3,0.0229104031422679,0.35233380639748013,-4.128497992287372,-3.7761641858898916
CAN,Canada,CAN,2003,4,2003.75,2003-Q4,2003q4,0.0228808800195604,0.341970036255403,-4.119423687072228,-3.777453650816825
CAN,Canada,CAN,2004,1,2004.0,2004-Q1,2004q1,0.0230020066309947,0.33891213422342936,-4.111085956256169,-3.772173822032739
CAN,Canada,CAN,2004,2,2004.25,2004-Q2,2004q2,0.0231794787903418,0.338214497057133,-4.102702423697901,-3.7644879266407676
CAN,Canada,CAN,2004,3,2004.5,2004-Q3,2004q3,0.023369879872925,0.3394997391973904,-4.095807009867689,-3.7563072706702982
CAN,Canada,CAN,2004,4,2004.75,2004-Q4,2004q4,0.0234417352649592,0.3309179514593943,-4.084155238397759,-3.753237286938365
CAN,Canada,CAN,2005,1,2005.0,2005-Q1,2005q1,0.023486669510385,0.32660761378910186,-4.077929887448277,-3.751322273659175
CAN,Canada,CAN,2005,2,2005.25,2005-Q2,2005q2,0.0235916469949315,0.3186179670085667,-4.065480537503734,-3.7468625704951672
CAN,Canada,CAN,2005,3,2005.5,2005-Q3,2005q3,0.0237659045549257,0.3195745230236402,-4.059077830180438,-3.7395033071567982
CAN,Canada,CAN,2005,4,2005.75,2005-Q4,2005q4,0.0238917779014841,0.31524505935515146,-4.04946595944698,-3.7342209000918287
CAN,Canada,CAN,2006,1,2006.0,2006-Q1,2006q1,0.0239761767558468,0.3105545160481258,-4.041249092843926,-3.7306945767958
CAN,Canada,CAN,2006,2,2006.25,2006-Q2,2006q2,0.0238275151128339,0.2970803759552183,-4.0339946448477555,-3.736914268892537
CAN,Canada,CAN,2006,3,2006.5,2006-Q3,2006q3,0.0238646597609584,0.2915520092610677,-4.026908594708328,-3.73535658544726
CAN,Canada,CAN,2006,4,2006.75,2006-Q4,2006q4,0.0238544210931276,0.28131902324131497,-4.017104731287111,-3.7357857080457957
CAN,Canada,CAN,2007,1,2007.0,2007-Q1,2007q1,0.0238160980847164,0.27214340967935646,-4.009536946518625,-3.7373935368392686
CAN,Canada,CAN,2007,2,2007.25,2007-Q2,2007q2,0.0239596692675005,0.2699808943590143,-4.0013642037158625,-3.7313833093568483
CAN,Canada,CAN,2007,3,2007.5,2007-Q3,2007q3,0.0239022223418725,0.25873469209970557,-3.9925185314516303,-3.7337838393519247
CAN,Canada,CAN,2007,4,2007.75,2007-Q4,2007q4,0.023814016905387,0.24611595180263457,-3.983596877863246,-3.7374809260606114
CAN,Canada,CAN,2008,1,2008.0,2008-Q1,2008q1,0.0237129454410736,0.24016614060778663,-3.9819002994309596,-3.741734158823173
CAN,Canada,CAN,2008,2,2008.25,2008-Q2,2008q2,0.0237639369799355,0.23900629426154163,-3.978592394666867,-3.7395861004053255
CAN,Canada,CAN,2008,3,2008.5,2008-Q3,2008q3,0.0239428859232174,0.24949608582746485,-3.981580123773969,-3.732084037946504
CAN,Canada,CAN,2008,4,2008.75,2008-Q4,2008q4,0.0236591850164693,0.25131362390003975,-3.995317490552026,-3.7440038666519864
CAN,Canada,CAN,2009,1,2009.0,2009-Q1,2009q1,0.0234338111274418,0.2571752128065312,-4.010750592341259,-3.753575379534728
CAN,Canada,CAN,2009,2,2009.25,2009-Q2,2009q2,0.0232564984277236,0.2428317534062554,-4.004002437140827,-3.761170683734572
CAN,Canada,CAN,2009,3,2009.5,2009-Q3,2009q3,0.0233906317839883,0.23681208001288212,-3.992231767904877,-3.7554196878919948
CAN,Canada,CAN,2009,4,2009.75,2009-Q4,2009q4,0.0235499764939532,0.2368381730974365,-3.985468629751267,-3.7486304566538307
CAN,Canada,CAN,2010,1,2010.0,2010-Q1,2010q1,0.0237646293417209,0.2413533474306644,-3.9809103132822243,-3.73955696585156
CAN,Canada,CAN,2010,2,2010.25,2010-Q2,2010q2,0.0237229178764641,0.22529205911311756,-3.9666057581895937,-3.741313699076476
CAN,Canada,CAN,2010,3,2010.5,2010-Q3,2010q3,0.0237884810844795,0.22218301659717188,-3.9607368201089788,-3.738553803511807
CAN,Canada,CAN,2010,4,2010.75,2010-Q4,2010q4,0.0239800993514223,0.22121822928946422,-3.9517492155856404,-3.730530986296176
CAN,Canada,CAN,2011,1,2011.0,2011-Q1,2011q1,0.0240300407221828,0.22149238914694935,-3.949942923742827,-3.728450534595878
CAN,Canada,CAN,2011,2,2011.25,2011-Q2,2011q2,0.0240325217300821,0.21486584504741701,-3.9432131388764726,-3.7283472938290556
CAN,Canada,CAN,2011,3,2011.5,2011-Q3,2011q3,0.0243077249001153,0.22093477729257316,-3.9378958593227056,-3.7169610820301324
CAN,Canada,CAN,2011,4,2011.75,2011-Q4,2011q4,0.0244961875456905,0.22855732048371546,-3.937795104403702,-3.7092377839199866
CAN,Canada,CAN,2012,1,2012.0,2012-Q1,2012q1,0.024463433405089,0.22617076472333908,-3.936746555141414,-3.710575790418075
CAN,Canada,CAN,2012,2,2012.25,2012-Q2,2012q2,0.0243568717782945,0.2200887828478546,-3.935030043560548,-3.7149412607126933
CAN,Canada,CAN,2012,3,2012.5,2012-Q3,2012q3,0.024318120796875,0.21460906250032696,-3.931142557235305,-3.716533494734978
CAN,Canada,CAN,2012,4,2012.75,2012-Q4,2012q4,0.0242373426583605,0.20636228774900456,-3.9262230378446903,-3.7198607500956857
CAN,Canada,CAN,2013,1,2013.0,2013-Q1,2013q1,0.0243418070157225,0.20413605747465313,-3.9196960110728867,-3.7155599535982335
CAN,Canada,CAN,2013,2,2013.25,2013-Q2,2013q2,0.0244435147047342,0.1995223493785483,-3.910912694874213,-3.7113903454956647
CAN,Canada,CAN,2013,3,2013.5,2013-Q3,2013q3,0.0246409928721204,0.20217565356970235,-3.905519499563591,-3.7033438459938886
CAN,Canada,CAN,2013,4,2013.75,2013-Q4,2013q4,0.0248819192910011,0.2092314556451873,-3.9028453278103648,-3.6936138721651774
CAN,Canada,CAN,2014,1,2014.0,2014-Q1,2014q1,0.0249184228967378,0.20661070950166271,-3.8987585832149927,-3.69214787371333
CAN,Canada,CAN,2014,2,2014.25,2014-Q2,2014q2,0.0251207020261483,0.20992001144635886,-3.893983002318197,-3.6840629908718383
CAN,Canada,CAN,2014,3,2014.5,2014-Q3,2014q3,0.0252877821122262,0.21449082083428683,-3.8919247411919593,-3.6774339203576725
CAN,Canada,CAN,2014,4,2014.75,2014-Q4,2014q4,0.0253991813073848,0.21214699438100304,-3.8851853318508356,-3.6730383374698325
CAN,Canada,CAN,2015,1,2015.0,2015-Q1,2015q1,0.0252263145552299,0.20176989653903155,-3.8816374974488594,-3.679867600909828
CAN,Canada,CAN,2015,2,2015.25,2015-Q2,2015q2,0.0251440951726573,0.19391423229694738,-3.877046426686889,-3.6831321943899415
CAN,Canada,CAN,2015,3,2015.5,2015-Q3,2015q3,0.0251566356645842,0.19034911692187872,-3.872982690636614,-3.6826335737147353
CAN,Canada,CAN,2015,4,2015.75,2015-Q4,2015q4,0.025180609786857,0.1922110293523942,-3.8738920629004796,-3.6816810335480854
CAN,Canada,CAN,2016,1,2016.0,2016-Q1,2016q1,0.0253357846073489,0.19960567479145652,-3.875143146019994,-3.6755374712285374
CAN,Canada,CAN,2016,2,2016.25,2016-Q2,2016q2,0.0251260302398892,0.1839570835686164,-3.8678079924394737,-3.6838509088708573
CAN,Canada,CAN,2016,3,2016.5,2016-Q3,2016q3,0.0253281053071153,0.191457443435874,-3.867298061552871,-3.675840618116997
CAN,Canada,CAN,2016,4,2016.75,2016-Q4,2016q4,0.0253405562507252,0.18366934800845414,-3.8590185008497677,-3.6753491528413136
CAN,Canada,CAN,2017,1,2017.0,2017-Q1,2017q1,0.0254560504074689,0.18354941102353894,-3.8543512382319376,-3.6708018272083986
CAN,Canada,CAN,2017,2,2017.25,2017-Q2,2017q2,0.0255900743812662,0.181132154179791,-3.8466828763408323,-3.6655507221610413
CAN,Canada,CAN,2017,3,2017.5,2017-Q3,2017q3,0.0254434573303995,0.17194163699090392,-3.8432382853826903,-3.6712966483917864
CAN,Canada,CAN,2017,4,2017.75,2017-Q4,2017q4,0.0254164818292071,0.1654270438249288,-3.837784468307589,-3.67235742448266
CAN,Canada,CAN,2018,1,2018.0,2018-Q1,2018q1,0.0256285097025662,0.16927811918070024,-3.8333280060803943,-3.664049886899694
CAN,Canada,CAN,2018,2,2018.25,2018-Q2,2018q2,0.0257599278900537,0.16675691483885036,-3.8256920918879103,-3.65893517704906
CAN,Canada,CAN,2018,3,2018.5,2018-Q3,2018q3,0.0257551464926514,0.16513727901869446,-3.824258087068906,-3.6591208080502113
CAN,Canada,CAN,2018,4,2018.75,2018-Q4,2018q4,0.025683447632762,0.16307074722992976,-3.8249793027892887,-3.661908555559359
CAN,Canada,CAN,2019,1,2019.0,2019-Q1,2019q1,0.0256044008664184,0.15640021529220816,-3.821391248718992,-3.6649910334267837
CAN,Canada,CAN,2019,2,2019.25,2019-Q2,2019q2,0.0257102962705487,0.15270320811658378,-3.8135669423342766,-3.660863734217693
CAN,Canada,CAN,2019,3,2019.5,2019-Q3,2019q3,0.0257092820476866,0.15122923939496324,-3.8121324225111266,-3.6609031831161634
CAN,Canada,CAN,2019,4,2019.75,2019-Q4,2019q4,0.02576305855795,0.15643609351111465,-3.8152497454656107,-3.658813651954496
CAN,Canada,CAN,2020,1,2020.0,2020-Q1,2020q1,0.0256988367203387,0.15289710708891224,-3.8142066589943626,-3.6613095519054504
CAN,Canada,CAN,2020,2,2020.25,2020-Q2,2020q2,0.0257997870278474,0.22479930084978372,-3.8821883426730164,-3.6573890418232327
CAN,Canada,CAN,2020,3,2020.5,2020-Q3,2020q3,0.0258054954310334,0.17022648568569876,-3.8273942942189545,-3.6571678085332557
CAN,Canada,CAN,2020,4,2020.75,2020-Q4,2020q4,0.0256906410490793,0.15666015133712508,-3.8182886662554183,-3.661628514918293
CAN,Canada,CAN,2021,1,2021.0,2021-Q1,2021q1,0.026127949691814,0.15453779488190866,-3.799287463088877,-3.6447496682069684
CAN,Canada,CAN,2021,2,2021.25,2021-Q2,2021q2,0.0259133383999462,0.14124566208087508,-3.7942431087856,-3.652997446704725
CAN,Canada,CAN,2021,3,2021.5,2021-Q3,2021q3,0.0259458671395365,0.14017844644806177,-3.7919213909475182,-3.6517429444994565
CAN,Canada,CAN,2021,4,2021.75,2021-Q4,2021q4,0.0260027298439155,0.13407097474202523,-3.7836247272174144,-3.649553752475389
CAN,Canada,CAN,2022,1,2022.0,2022-Q1,2022q1,0.0261280644684326,0.13794225765912982,-3.7826875330083403,-3.6447452753492104
CAN,Canada,CAN,2022,2,2022.25,2022-Q2,2022q2,0.0260863415502114,0.1357489383274353,-3.7820923522090077,-3.6463434138815725
CAN,Canada,CAN,2022,3,2022.5,2022-Q3,2022q3,0.026276663359466,0.14311842719919277,-3.782192485638369,-3.639074058439176
CAN,Canada,CAN,2022,4,2022.75,2022-Q4,2022q4,0.0260953648271415,0.13548391173377405,-3.7814814849885647,-3.6459975732547907
CAN,Canada,CAN,2023,1,2023.0,2023-Q1,2023q1,0.026074906506494,0.1358832355407591,-3.7826650992036,-3.646781863662841
CAN,Canada,CAN,2023,2,2023.25,2023-Q2,2023q2,0.0259460727419774,0.1291643878034452,-3.780899408049487,-3.6517350202460417
CAN,Canada,CAN,2023,3,2023.5,2023-Q3,2023q3,0.0258014805842034,0.1233884027898271,-3.7807118045063346,-3.6573234017165075
CAN,Canada,CAN,2023,4,2023.75,2023-Q4,2023q4,0.0256972796959287,0.11740204961447587,-3.7787721907052205,-3.6613701410907447
CAN,Canada,CAN,2024,1,2024.0,2024-Q1,2024q1,0.0257699946671612,0.11721155636596814,-3.775756017623659,-3.6585444612576907
CAN,Canada,CAN,2024,2,2024.25,2024-Q2,2024q2,0.025842488750872,0.11525111559714896,-3.770986406414534,-3.6557352908173852
CAN,Canada,CAN,2024,3,2024.5,2024-Q3,2024q3,0.0259583605475354,0.11391489479406891,-3.765176436957072,-3.6512615421630032
CAN,Canada,CAN,2024,4,2024.75,2024-Q4,2024q4,0.02605197531494,0.11447399799167979,-3.7621356838204347,-3.647661685828755
CAN,Canada,CAN,2025,1,2025.0,2025-Q1,2025q1,0.0260717761813299,0.11093885751198407,-3.757840779633255,-3.646901922121271
CAN,Canada,CAN,2025,2,2025.25,2025-Q2,2025q2,0.0259700679605416,0.10205192057363144,-3.7528625569980663,-3.650810636424435
CAN,Canada,CAN,2025,3,2025.5,2025-Q3,2025q3,0.0260866929244287,0.10189666437913214,-3.7482266086888907,-3.6463299443097585
CAN,Canada,CAN,2025,4,2025.75,2025-Q4,2025q4,0.0259297100091097,0.09478585698136044,-3.747151720080949,-3.6523658630995888
CAN,Canada,CAN,2026,1,2026.0,2026-Q1,2026q1,0.0260083883554993,0.1002019788661559,-3.7495381428027086,-3.6493361639365527
CAN,Canada,CAN,2026,2,2026.25,2026-Q2,2026q2,0.0261551273546451,0.09959128932434291,-3.7433013222682665,-3.6437100329439236
CHE,Switzerland,CHE,1995,1,1995.0,1995-Q1,1995q1,0.030892599361449,0.7768359419571782,-4.254074568586735,-3.477238626629557
CHE,Switzerland,CHE,1995,2,1995.25,1995-Q2,1995q2,0.0310050964481089,0.7768365201715257,-4.2504402066290705,-3.473603686457545
CHE,Switzerland,CHE,1995,3,1995.5,1995-Q3,1995q3,0.0311207421907483,0.7774703157388578,-4.24735104637809,-3.469880730639232
CHE,Switzerland,CHE,1995,4,1995.75,1995-Q4,1995q4,0.0310379299003228,0.7718742086681103,-4.244419485914777,-3.4725452772466663
CHE,Switzerland,CHE,1996,1,1996.0,1996-Q1,1996q1,0.0297036909027911,0.7245909271659903,-4.241074895239452,-3.5164839680734614
CHE,Switzerland,CHE,1996,2,1996.25,1996-Q2,1996q2,0.0295848957564254,0.7166650581847591,-4.237156384572403,-3.520491326387644
CHE,Switzerland,CHE,1996,3,1996.5,1996-Q3,1996q3,0.0295624141651248,0.7154461993669359,-4.236697715606429,-3.521251516239493
CHE,Switzerland,CHE,1996,4,1996.75,1996-Q4,1996q4,0.0296561974389189,0.7120151658639644,-4.230099321381617,-3.518084155517653
CHE,Switzerland,CHE,1997,1,1997.0,1997-Q1,1997q1,0.0301848740099344,0.7270174505591562,-4.227431791231235,-3.500414340672079
CHE,Switzerland,CHE,1997,2,1997.25,1997-Q2,1997q2,0.030226138356661,0.7153088559359966,-4.214357076375103,-3.4990482204391067
CHE,Switzerland,CHE,1997,3,1997.5,1997-Q3,1997q3,0.0305265075271966,0.7204990084528999,-4.2096588820174015,-3.4891598735645015
CHE,Switzerland,CHE,1997,4,1997.75,1997-Q4,1997q4,0.0307088369596864,0.7229872766659833,-4.206192093625781,-3.4832048169597973
CHE,Switzerland,CHE,1998,1,1998.0,1998-Q1,1998q1,0.0305783835303255,0.7230485433056235,-4.21051048353961,-3.487461940233987
CHE,Switzerland,CHE,1998,2,1998.25,1998-Q2,1998q2,0.0308797088231926,0.7335598539782087,-4.211215837148984,-3.4776559831707754
CHE,Switzerland,CHE,1998,3,1998.5,1998-Q3,1998q3,0.0308262070514016,0.7290819996600297,-4.2084720721621,-3.47939007250207
CHE,Switzerland,CHE,1998,4,1998.75,1998-Q4,1998q4,0.0307326853258258,0.7238668970900384,-4.206295419243004,-3.4824285221529654
CHE,Switzerland,CHE,1999,1,1999.0,1999-Q1,1999q1,0.0306576326154068,0.7230856450828242,-4.207959267711823,-3.484873622628999
CHE,Switzerland,CHE,1999,2,1999.25,1999-Q2,1999q2,0.0308307442593546,0.7254244274776083,-4.2046673241020285,-3.47924289662442
CHE,Switzerland,CHE,1999,3,1999.5,1999-Q3,1999q3,0.0309386947609304,0.7223635374188064,-4.198111158282587,-3.4757476208637805
CHE,Switzerland,CHE,1999,4,1999.75,1999-Q4,1999q4,0.0316452698972944,0.7352356916665617,-4.188402283549777,-3.4531665918832157
CHE,Switzerland,CHE,2000,1,2000.0,2000-Q1,2000q1,0.0318470163642532,0.7375106151444948,-4.184322194227946,-3.446811579083451
CHE,Switzerland,CHE,2000,2,2000.25,2000-Q2,2000q2,0.0319547009234016,0.7378621723997849,-4.181298147628699,-3.4434359752289136
CHE,Switzerland,CHE,2000,3,2000.5,2000-Q3,2000q3,0.0322136292193732,0.7431335775948762,-4.17849922589675,-3.4353656483018735
CHE,Switzerland,CHE,2000,4,2000.75,2000-Q4,2000q4,0.032597584918949,0.7496740027424909,-4.173191078337019,-3.423517075594528
CHE,Switzerland,CHE,2001,1,2001.0,2001-Q1,2001q1,0.0321627261027132,0.7364894812504916,-4.173436552638961,-3.4369470713884693
CHE,Switzerland,CHE,2001,2,2001.25,2001-Q2,2001q2,0.0322681676908016,0.7401412757941177,-4.1738153309007995,-3.4336740551066818
CHE,Switzerland,CHE,2001,3,2001.5,2001-Q3,2001q3,0.0322309614865378,0.7397198722880396,-4.174547623851253,-3.4348277515632133
CHE,Switzerland,CHE,2001,4,2001.75,2001-Q4,2001q4,0.0320660016987398,0.7307720284385724,-4.17073097567771,-3.4399589472391376
CHE,Switzerland,CHE,2002,1,2002.0,2002-Q1,2002q1,0.0319804987418903,0.7183695721327981,-4.160998548399518,-3.44262897626672
CHE,Switzerland,CHE,2002,2,2002.25,2002-Q2,2002q2,0.0320390766688702,0.712399230758145,-4.153198206030584,-3.4407989752724393
CHE,Switzerland,CHE,2002,3,2002.5,2002-Q3,2002q3,0.0319736449445868,0.7071774617663888,-4.150020772771553,-3.442843311005164
CHE,Switzerland,CHE,2002,4,2002.75,2002-Q4,2002q4,0.0318027862375114,0.6972628551481801,-4.145464230650573,-3.448201375502393
CHE,Switzerland,CHE,2003,1,2003.0,2003-Q1,2003q1,0.0317835671441764,0.692619890335743,-4.141425769568831,-3.448805879233088
CHE,Switzerland,CHE,2003,2,2003.25,2003-Q2,2003q2,0.0316778691559106,0.6844509427049252,-4.136587918495714,-3.4521369757907885
CHE,Switzerland,CHE,2003,3,2003.5,2003-Q3,2003q3,0.0319568773134943,0.6851301233438476,-4.128497992287372,-3.443367868943524
CHE,Switzerland,CHE,2003,4,2003.75,2003-Q4,2003q4,0.0322970042612544,0.6866428866878169,-4.119423687072228,-3.432780800384411
CHE,Switzerland,CHE,2004,1,2004.0,2004-Q1,2004q1,0.032622379579678,0.6883292202942708,-4.111085956256169,-3.422756735961898
CHE,Switzerland,CHE,2004,2,2004.25,2004-Q2,2004q2,0.032877977331153,0.6877501963190862,-4.102702423697901,-3.4149522273788144
CHE,Switzerland,CHE,2004,3,2004.5,2004-Q3,2004q3,0.0327757381901708,0.677740283246461,-4.095807009867689,-3.4180667266212277
CHE,Switzerland,CHE,2004,4,2004.75,2004-Q4,2004q4,0.0328173860350366,0.6673583964162573,-4.084155238397759,-3.416796841981502
CHE,Switzerland,CHE,2005,1,2005.0,2005-Q1,2005q1,0.0331045461804893,0.6698452282605198,-4.077929887448277,-3.408084659187757
CHE,Switzerland,CHE,2005,2,2005.25,2005-Q2,2005q2,0.0334380665220707,0.6674202257504294,-4.065480537503734,-3.3980603117533046
CHE,Switzerland,CHE,2005,3,2005.5,2005-Q3,2005q3,0.0337367398577895,0.6699099982115895,-4.059077830180438,-3.389167831968849
CHE,Switzerland,CHE,2005,4,2005.75,2005-Q4,2005q4,0.0340330683467842,0.6690433308484285,-4.04946595944698,-3.3804226285985517
CHE,Switzerland,CHE,2006,1,2006.0,2006-Q1,2006q1,0.0339598765801366,0.6586735410267353,-4.041249092843926,-3.3825755518171907
CHE,Switzerland,CHE,2006,2,2006.25,2006-Q2,2006q2,0.0342025916282377,0.6585407856665664,-4.0339946448477555,-3.375453859181189
CHE,Switzerland,CHE,2006,3,2006.5,2006-Q3,2006q3,0.0343508489918252,0.6557800500083353,-4.026908594708328,-3.3711285446999923
CHE,Switzerland,CHE,2006,4,2006.75,2006-Q4,2006q4,0.0347251325231866,0.6568131573005638,-4.017104731287111,-3.360291573986547
CHE,Switzerland,CHE,2007,1,2007.0,2007-Q1,2007q1,0.0345104417937238,0.6430436064689418,-4.009536946518625,-3.3664933400496833
CHE,Switzerland,CHE,2007,2,2007.25,2007-Q2,2007q2,0.0350141071535382,0.6493599665453238,-4.0013642037158625,-3.3520042371705387
CHE,Switzerland,CHE,2007,3,2007.5,2007-Q3,2007q3,0.035228124227688,0.6466079997970868,-3.9925185314516303,-3.3459105316545434
CHE,Switzerland,CHE,2007,4,2007.75,2007-Q4,2007q4,0.0354330617430441,0.643486930706807,-3.983596877863246,-3.340109947156439
CHE,Switzerland,CHE,2008,1,2008.0,2008-Q1,2008q1,0.0350838828137067,0.631886866368963,-3.9819002994309596,-3.3500134330619966
CHE,Switzerland,CHE,2008,2,2008.25,2008-Q2,2008q2,0.035409876948443,0.6378279067514736,-3.978592394666867,-3.3407644879153935
CHE,Switzerland,CHE,2008,3,2008.5,2008-Q3,2008q3,0.0355056429790945,0.6435164857984432,-3.981580123773969,-3.3380636379755257
CHE,Switzerland,CHE,2008,4,2008.75,2008-Q4,2008q4,0.0343285991180039,0.6235410118568705,-3.995317490552026,-3.3717764786951556
CHE,Switzerland,CHE,2009,1,2009.0,2009-Q1,2009q1,0.0336537918446053,0.6191210479336529,-4.010750592341259,-3.3916295444076066
CHE,Switzerland,CHE,2009,2,2009.25,2009-Q2,2009q2,0.0337697076954829,0.6158113367734552,-4.004002437140827,-3.388191100367372
CHE,Switzerland,CHE,2009,3,2009.5,2009-Q3,2009q3,0.0341603268765094,0.6155414267817938,-3.992231767904877,-3.376690341123083
CHE,Switzerland,CHE,2009,4,2009.75,2009-Q4,2009q4,0.0342479298951206,0.6113394726323556,-3.985468629751267,-3.3741291571189116
CHE,Switzerland,CHE,2010,1,2010.0,2010-Q1,2010q1,0.0354529858635691,0.6413625111944521,-3.9809103132822243,-3.3395478020877722
CHE,Switzerland,CHE,2010,2,2010.25,2010-Q2,2010q2,0.0354877385147686,0.6280377220764177,-3.9666057581895937,-3.338568036113176
CHE,Switzerland,CHE,2010,3,2010.5,2010-Q3,2010q3,0.0354075898572377,0.6199077410324141,-3.9607368201089788,-3.3408290790765647
CHE,Switzerland,CHE,2010,4,2010.75,2010-Q4,2010q4,0.0358556206705636,0.623494274360342,-3.9517492155856404,-3.3282549412252984
CHE,Switzerland,CHE,2011,1,2011.0,2011-Q1,2011q1,0.0355350212907293,0.6127063701875133,-3.949942923742827,-3.337236553555314
CHE,Switzerland,CHE,2011,2,2011.25,2011-Q2,2011q2,0.0356014065126458,0.6078430057540545,-3.9432131388764726,-3.335370133122418
CHE,Switzerland,CHE,2011,3,2011.5,2011-Q3,2011q3,0.0353858776828622,0.5964533853719889,-3.9378958593227056,-3.3414424739507167
CHE,Switzerland,CHE,2011,4,2011.75,2011-Q4,2011q4,0.0353256713779971,0.5946497595581057,-3.937795104403702,-3.3431453448455963
CHE,Switzerland,CHE,2012,1,2012.0,2012-Q1,2012q1,0.0353656905558722,0.5947334329905134,-3.936746555141414,-3.3420131221509006
CHE,Switzerland,CHE,2012,2,2012.25,2012-Q2,2012q2,0.0354007279657802,0.5940071485117935,-3.935030043560548,-3.3410228950487544
CHE,Switzerland,CHE,2012,3,2012.5,2012-Q3,2012q3,0.0353689480066936,0.5892215384976653,-3.931142557235305,-3.3419210187376396
CHE,Switzerland,CHE,2012,4,2012.75,2012-Q4,2012q4,0.0356764337879379,0.592958111689406,-3.9262230378446903,-3.3332649261552842
CHE,Switzerland,CHE,2013,1,2013.0,2013-Q1,2013q1,0.0355925536647805,0.5840771813506764,-3.9196960110728867,-3.3356188297222102
CHE,Switzerland,CHE,2013,2,2013.25,2013-Q2,2013q2,0.0357829568751599,0.580629131004172,-3.910912694874213,-3.330283563870041
CHE,Switzerland,CHE,2013,3,2013.5,2013-Q3,2013q3,0.0358631835032749,0.5774754607041768,-3.905519499563591,-3.328044038859414
CHE,Switzerland,CHE,2013,4,2013.75,2013-Q4,2013q4,0.0358351207826787,0.5740184887910669,-3.9028453278103648,-3.328826839019298
CHE,Switzerland,CHE,2014,1,2014.0,2014-Q1,2014q1,0.0360313941271589,0.5753939217541055,-3.8987585832149927,-3.323364661460887
CHE,Switzerland,CHE,2014,2,2014.25,2014-Q2,2014q2,0.0359476226152455,0.5682906750033503,-3.893983002318197,-3.325692327314847
CHE,Switzerland,CHE,2014,3,2014.5,2014-Q3,2014q3,0.0360423697914252,0.5688646472672851,-3.8919247411919593,-3.323060093924674
CHE,Switzerland,CHE,2014,4,2014.75,2014-Q4,2014q4,0.0358483087136307,0.5567264420547673,-3.8851853318508356,-3.3284588897960683
CHE,Switzerland,CHE,2015,1,2015.0,2015-Q1,2015q1,0.0356536782503452,0.5477345367324502,-3.8816374974488594,-3.3339029607164092
CHE,Switzerland,CHE,2015,2,2015.25,2015-Q2,2015q2,0.0359545206609539,0.551545972532292,-3.877046426686889,-3.325500454154597
CHE,Switzerland,CHE,2015,3,2015.5,2015-Q3,2015q3,0.0361544193673565,0.5530266036131333,-3.872982690636614,-3.3199560870234808
CHE,Switzerland,CHE,2015,4,2015.75,2015-Q4,2015q4,0.0361308619665669,0.5532841861574633,-3.8738920629004796,-3.3206078767430163
CHE,Switzerland,CHE,2016,1,2016.0,2016-Q1,2016q1,0.0359524150734226,0.5495841276250939,-3.875143146019994,-3.3255590183949
CHE,Switzerland,CHE,2016,2,2016.25,2016-Q2,2016q2,0.0362059427690536,0.5492759837064645,-3.8678079924394737,-3.3185320087330092
CHE,Switzerland,CHE,2016,3,2016.5,2016-Q3,2016q3,0.0363546608942743,0.5528652010064845,-3.867298061552871,-3.3144328605463866
CHE,Switzerland,CHE,2016,4,2016.75,2016-Q4,2016q4,0.0362747194674597,0.5423842871127258,-3.8590185008497677,-3.316634213737042
CHE,Switzerland,CHE,2017,1,2017.0,2017-Q1,2017q1,0.0363358962172526,0.5394020884126616,-3.8543512382319376,-3.314949149819276
CHE,Switzerland,CHE,2017,2,2017.25,2017-Q2,2017q2,0.0362455259700688,0.5292435495269734,-3.8466828763408323,-3.317439326813859
CHE,Switzerland,CHE,2017,3,2017.5,2017-Q3,2017q3,0.0364333364452851,0.5309671983298943,-3.8432382853826903,-3.312271087052796
CHE,Switzerland,CHE,2017,4,2017.75,2017-Q4,2017q4,0.0368332371643454,0.536429810688992,-3.837784468307589,-3.301354657618597
CHE,Switzerland,CHE,2018,1,2018.0,2018-Q1,2018q1,0.0371018854963584,0.5392405174245218,-3.8333280060803943,-3.2940874886558724
CHE,Switzerland,CHE,2018,2,2018.25,2018-Q2,2018q2,0.0373411326973756,0.5380322852506283,-3.8256920918879103,-3.287659806637282
CHE,Switzerland,CHE,2018,3,2018.5,2018-Q3,2018q3,0.037071695054338,0.529356549975208,-3.824258087068906,-3.294901537093698
CHE,Switzerland,CHE,2018,4,2018.75,2018-Q4,2018q4,0.0372790907993367,0.5356566248973298,-3.8249793027892887,-3.289322677891959
CHE,Switzerland,CHE,2019,1,2019.0,2019-Q1,2019q1,0.0371549284217769,0.5287323948682348,-3.821391248718992,-3.292658853850757
CHE,Switzerland,CHE,2019,2,2019.25,2019-Q2,2019q2,0.0371065305572417,0.5196046432764687,-3.8135669423342766,-3.293962299057808
CHE,Switzerland,CHE,2019,3,2019.5,2019-Q3,2019q3,0.0375891107361423,0.5310915438989978,-3.8121324225111266,-3.281040878612129
CHE,Switzerland,CHE,2019,4,2019.75,2019-Q4,2019q4,0.03769538640588,0.5370321769469668,-3.8152497454656107,-3.278217568518644
CHE,Switzerland,CHE,2020,1,2020.0,2020-Q1,2020q1,0.0368757018233212,0.5140042269879399,-3.8142066589943626,-3.3002024320064227
CHE,Switzerland,CHE,2020,2,2020.25,2020-Q2,2020q2,0.0351204686863744,0.5332171776527566,-3.8821883426730164,-3.34897116502026
CHE,Switzerland,CHE,2020,3,2020.5,2020-Q3,2020q3,0.0372426387306026,0.5370933225629821,-3.8273942942189545,-3.2903009716559724
CHE,Switzerland,CHE,2020,4,2020.75,2020-Q4,2020q4,0.0371541213033016,0.5256080891158201,-3.8182886662554183,-3.292680577139598
CHE,Switzerland,CHE,2021,1,2021.0,2021-Q1,2021q1,0.0376370442531792,0.5195209689918396,-3.799287463088877,-3.2797664940970375
CHE,Switzerland,CHE,2021,2,2021.25,2021-Q2,2021q2,0.038563859158491,0.538803376449021,-3.7942431087856,-3.255439732336579
CHE,Switzerland,CHE,2021,3,2021.5,2021-Q3,2021q3,0.0390217622980658,0.5482856101093678,-3.7919213909475182,-3.2436357808381504
CHE,Switzerland,CHE,2021,4,2021.75,2021-Q4,2021q4,0.038966695334065,0.5385767637352106,-3.7836247272174144,-3.245047963482204
CHE,Switzerland,CHE,2022,1,2022.0,2022-Q1,2022q1,0.0391394353133723,0.542062788536259,-3.7826875330083403,-3.2406247444720813
CHE,Switzerland,CHE,2022,2,2022.25,2022-Q2,2022q2,0.0395365393166331,0.5515623635332898,-3.7820923522090077,-3.230529988675718
CHE,Switzerland,CHE,2022,3,2022.5,2022-Q3,2022q3,0.0394475747899722,0.5494097765190555,-3.782192485638369,-3.2327827091193133
CHE,Switzerland,CHE,2022,4,2022.75,2022-Q4,2022q4,0.0393665375582099,0.5466423608972195,-3.7814814849885647,-3.234839124091345
CHE,Switzerland,CHE,2023,1,2023.0,2023-Q1,2023q1,0.0390276292836698,0.5391796586947244,-3.7826650992036,-3.2434854405088758
CHE,Switzerland,CHE,2023,2,2023.25,2023-Q2,2023q2,0.0386914262431103,0.5287621604528883,-3.780899408049487,-3.2521372475965986
CHE,Switzerland,CHE,2023,3,2023.5,2023-Q3,2023q3,0.0389046049270704,0.5340691477303343,-3.7807118045063346,-3.2466426567760003
CHE,Switzerland,CHE,2023,4,2023.75,2023-Q4,2023q4,0.0388936335225595,0.5318474862941507,-3.7787721907052205,-3.24692470441107
CHE,Switzerland,CHE,2024,1,2024.0,2024-Q1,2024q1,0.03900082818869,0.5315836201531319,-3.775756017623659,-3.244172397470527
CHE,Switzerland,CHE,2024,2,2024.25,2024-Q2,2024q2,0.0392235011065793,0.5325072126146595,-3.770986406414534,-3.2384791937998747
CHL,Chile,CHL,1996,1,1996.0,1996-Q1,1996q1,0.0058023489527668,-0.9084175563210337,-4.241074895239452,-5.149492451560485
CHL,Chile,CHL,1996,2,1996.25,1996-Q2,1996q2,0.0058370578849652,-0.9063720113338434,-4.237156384572403,-5.143528395906246
CHL,Chile,CHL,1996,3,1996.5,1996-Q3,1996q3,0.0058728521581949,-0.9007171602843211,-4.236697715606429,-5.13741487589075
CHL,Chile,CHL,1996,4,1996.75,1996-Q4,1996q4,0.0059293181195977,-0.8977467394660001,-4.230099321381617,-5.1278460608476175
CHL,Chile,CHL,1997,1,1997.0,1997-Q1,1997q1,0.0060257545750704,-0.8842807755405566,-4.227431791231235,-5.111712566771792
CHL,Chile,CHL,1997,2,1997.25,1997-Q2,1997q2,0.0061225057175827,-0.8814267588992255,-4.214357076375103,-5.095783835274329
CHL,Chile,CHL,1997,3,1997.5,1997-Q3,1997q3,0.0062418896166658,-0.8668134372414631,-4.2096588820174015,-5.0764723192588646
CHL,Chile,CHL,1997,4,1997.75,1997-Q4,1997q4,0.0063433217616361,-0.8541606169477989,-4.206192093625781,-5.0603527105735795
CHL,Chile,CHL,1998,1,1998.0,1998-Q1,1998q1,0.0063407951900458,-0.8502406105609168,-4.21051048353961,-5.060751094100527
CHL,Chile,CHL,1998,2,1998.25,1998-Q2,1998q2,0.0064152453466103,-0.8378621987275663,-4.211215837148984,-5.04907803587655
CHL,Chile,CHL,1998,3,1998.5,1998-Q3,1998q3,0.0063563909271423,-0.8498224548226032,-4.2084720721621,-5.058294526984703
CHL,Chile,CHL,1998,4,1998.75,1998-Q4,1998q4,0.006122323735841,-0.8895181398820986,-4.206295419243004,-5.095813559125102
CHL,Chile,CHL,1999,1,1999.0,1999-Q1,1999q1,0.0062881665384514,-0.8611264713714553,-4.207959267711823,-5.069085739083278
CHL,Chile,CHL,1999,2,1999.25,1999-Q2,1999q2,0.006275015681415,-0.8665119708351048,-4.2046673241020285,-5.071179294937133
CHL,Chile,CHL,1999,3,1999.5,1999-Q3,1999q3,0.0063910862460438,-0.8547398752008837,-4.198111158282587,-5.052851033483471
CHL,Chile,CHL,1999,4,1999.75,1999-Q4,1999q4,0.0065308577127352,-0.8428147111930198,-4.188402283549777,-5.031216994742797
CHL,Chile,CHL,2000,1,2000.0,2000-Q1,2000q1,0.0065483805059433,-0.8442153166796222,-4.184322194227946,-5.028537510907568
CHL,Chile,CHL,2000,2,2000.25,2000-Q2,2000q2,0.0065347120905574,-0.8493288417806859,-4.181298147628699,-5.0306269894093845
CHL,Chile,CHL,2000,3,2000.5,2000-Q3,2000q3,0.0066132762186065,-0.8401768762334836,-4.17849922589675,-5.018676102130233
CHL,Chile,CHL,2000,4,2000.75,2000-Q4,2000q4,0.0066635625833677,-0.8379099366852385,-4.173191078337019,-5.011101015022257
CHL,Chile,CHL,2001,1,2001.0,2001-Q1,2001q1,0.0067246409527021,-0.8285401922133397,-4.173436552638961,-5.001976744852301
CHL,Chile,CHL,2001,2,2001.25,2001-Q2,2001q2,0.0067646793347541,-0.8222250882096587,-4.1738153309007995,-4.996040419110458
CHL,Chile,CHL,2001,3,2001.5,2001-Q3,2001q3,0.0067161856333771,-0.8286872758304717,-4.174547623851253,-5.003234899681725
CHL,Chile,CHL,2001,4,2001.75,2001-Q4,2001q4,0.0067264067446216,-0.8309832183355219,-4.17073097567771,-5.001714194013232
CHL,Chile,CHL,2002,1,2002.0,2002-Q1,2002q1,0.0067538379107575,-0.8366458079067058,-4.160998548399518,-4.997644356306224
CHL,Chile,CHL,2002,2,2002.25,2002-Q2,2002q2,0.0067813538938892,-0.8403803015703266,-4.153198206030584,-4.993578507600911
CHL,Chile,CHL,2002,3,2002.5,2002-Q3,2002q3,0.0068141892985028,-0.8387274065383759,-4.150020772771553,-4.988748179309929
CHL,Chile,CHL,2002,4,2002.75,2002-Q4,2002q4,0.0068744760939846,-0.8344756121939714,-4.145464230650573,-4.979939842844544
CHL,Chile,CHL,2003,1,2003.0,2003-Q1,2003q1,0.0068235226210743,-0.84595365755104,-4.141425769568831,-4.987379427119871
CHL,Chile,CHL,2003,2,2003.25,2003-Q2,2003q2,0.0068628351479454,-0.8450467172556184,-4.136587918495714,-4.981634635751332
CHL,Chile,CHL,2003,3,2003.5,2003-Q3,2003q3,0.0068618696405631,-0.8532773397337561,-4.128497992287372,-4.981775332021128
CHL,Chile,CHL,2003,4,2003.75,2003-Q4,2003q4,0.0068558045648355,-0.863235916733168,-4.119423687072228,-4.982659603805396
CHL,Chile,CHL,2004,1,2004.0,2004-Q1,2004q1,0.0069420847938375,-0.8590671907488279,-4.111085956256169,-4.970153147004996
CHL,Chile,CHL,2004,2,2004.25,2004-Q2,2004q2,0.0070369915341781,-0.8538721153447293,-4.102702423697901,-4.95657453904263
CHL,Chile,CHL,2004,3,2004.5,2004-Q3,2004q3,0.0071716470192682,-0.8418129310818694,-4.095807009867689,-4.937619940949558
CHL,Chile,CHL,2004,4,2004.75,2004-Q4,2004q4,0.0072406340791646,-0.8438912580265461,-4.084155238397759,-4.928046496424305
CHL,Chile,CHL,2005,1,2005.0,2005-Q1,2005q1,0.0071200517759918,-0.866910394227455,-4.077929887448277,-4.944840281675732
CHL,Chile,CHL,2005,2,2005.25,2005-Q2,2005q2,0.0071972159581412,-0.8685804627138625,-4.065480537503734,-4.934061000217596
CHL,Chile,CHL,2005,3,2005.5,2005-Q3,2005q3,0.0073226631161489,-0.857703373311085,-4.059077830180438,-4.9167812034915235
CHL,Chile,CHL,2005,4,2005.75,2005-Q4,2005q4,0.0073634400095753,-0.861762103382933,-4.04946595944698,-4.911228062829913
CHL,Chile,CHL,2006,1,2006.0,2006-Q1,2006q1,0.0074466867188336,-0.8587369883980411,-4.041249092843926,-4.899986081241967
CHL,Chile,CHL,2006,2,2006.25,2006-Q2,2006q2,0.0075582793663778,-0.85111706688705,-4.0339946448477555,-4.8851117117348055
CHL,Chile,CHL,2006,3,2006.5,2006-Q3,2006q3,0.0076149875684509,-0.8507283304361062,-4.026908594708328,-4.877636925144434
CHL,Chile,CHL,2006,4,2006.75,2006-Q4,2006q4,0.0077262029300967,-0.8460330179278097,-4.017104731287111,-4.86313774921492
CHL,Chile,CHL,2007,1,2007.0,2007-Q1,2007q1,0.0077267756033982,-0.853526684518946,-4.009536946518625,-4.863063631037571
CHL,Chile,CHL,2007,2,2007.25,2007-Q2,2007q2,0.007767440419751,-0.8564503834643125,-4.0013642037158625,-4.857814587180175
CHL,Chile,CHL,2007,3,2007.5,2007-Q3,2007q3,0.0077440764820539,-0.868308521306719,-3.9925185314516303,-4.860827052758349
CHL,Chile,CHL,2007,4,2007.75,2007-Q4,2007q4,0.007834384325226,-0.8656361084589794,-3.983596877863246,-4.849232986322225
CHL,Chile,CHL,2008,1,2008.0,2008-Q1,2008q1,0.007896849263751,-0.8593911270042822,-3.9819002994309596,-4.841291426435242
CHL,Chile,CHL,2008,2,2008.25,2008-Q2,2008q2,0.0078818498653655,-0.864600253507998,-3.978592394666867,-4.843192648174865
CHL,Chile,CHL,2008,3,2008.5,2008-Q3,2008q3,0.0077709804310413,-0.8757788171876433,-3.981580123773969,-4.857358940961612
CHL,Chile,CHL,2008,4,2008.75,2008-Q4,2008q4,0.007648879995015,-0.8778785571904453,-3.995317490552026,-4.873196047742471
CHL,Chile,CHL,2009,1,2009.0,2009-Q1,2009q1,0.00778076757313,-0.8453496935317872,-4.010750592341259,-4.856100285873047
CHL,Chile,CHL,2009,2,2009.25,2009-Q2,2009q2,0.0077451630802634,-0.8566843119948793,-4.004002437140827,-4.860686749135707
CHL,Chile,CHL,2009,3,2009.5,2009-Q3,2009q3,0.0077791224371582,-0.8640799765294886,-3.992231767904877,-4.8563117444343655
CHL,Chile,CHL,2009,4,2009.75,2009-Q4,2009q4,0.0078006390336009,-0.8680809915064582,-3.985468629751267,-4.853549621257725
CHL,Chile,CHL,2010,1,2010.0,2010-Q1,2010q1,0.0073135474851708,-0.9371165175653196,-3.9809103132822243,-4.918026830847544
CHL,Chile,CHL,2010,2,2010.25,2010-Q2,2010q2,0.0074262841498024,-0.9361239015894784,-3.9666057581895937,-4.902729659779072
CHL,Chile,CHL,2010,3,2010.5,2010-Q3,2010q3,0.0074220378104281,-0.9425648018758475,-3.9607368201089788,-4.903301621984826
CHL,Chile,CHL,2010,4,2010.75,2010-Q4,2010q4,0.0074026481019843,-0.9541682755804919,-3.9517492155856404,-4.905917491166132
CHL,Chile,CHL,2011,1,2011.0,2011-Q1,2011q1,0.0074316289705641,-0.9520672782027058,-3.949942923742827,-4.902010201945533
CHL,Chile,CHL,2011,2,2011.25,2011-Q2,2011q2,0.0074032069973031,-0.9626288557627363,-3.9432131388764726,-4.905841994639209
CHL,Chile,CHL,2011,3,2011.5,2011-Q3,2011q3,0.0074522760501693,-0.961339923836829,-3.9378958593227056,-4.899235783159535
CHL,Chile,CHL,2011,4,2011.75,2011-Q4,2011q4,0.0075858741871849,-0.9436723163181089,-3.937795104403702,-4.881467420721811
CHL,Chile,CHL,2012,1,2012.0,2012-Q1,2012q1,0.0076750335568815,-0.9330360581449035,-3.936746555141414,-4.869782613286318
CHL,Chile,CHL,2012,2,2012.25,2012-Q2,2012q2,0.0078013193681077,-0.9184323662728526,-3.935030043560548,-4.8534624098334005
CHL,Chile,CHL,2012,3,2012.5,2012-Q3,2012q3,0.0077940557244415,-0.9232513651969687,-3.931142557235305,-4.854393922432274
CHL,Chile,CHL,2012,4,2012.75,2012-Q4,2012q4,0.007834715198844,-0.922967715850505,-3.9262230378446903,-4.849190753695195
CHL,Chile,CHL,2013,1,2013.0,2013-Q1,2013q1,0.0078566398823527,-0.9267002487544316,-3.9196960110728867,-4.846396259827318
CHL,Chile,CHL,2013,2,2013.25,2013-Q2,2013q2,0.007858287094794,-0.9352739282873124,-3.910912694874213,-4.846186623161525
CHL,Chile,CHL,2013,3,2013.5,2013-Q3,2013q3,0.0078813530492146,-0.9377361835355535,-3.905519499563591,-4.8432556830991444
CHL,Chile,CHL,2013,4,2013.75,2013-Q4,2013q4,0.0078598163406917,-0.9431467113278655,-3.9028453278103648,-4.84599203913823
CHL,Chile,CHL,2014,1,2014.0,2014-Q1,2014q1,0.0078512152204025,-0.9483283708070926,-3.8987585832149927,-4.847086954022085
CHL,Chile,CHL,2014,2,2014.25,2014-Q2,2014q2,0.0078999015261633,-0.9469219823112733,-3.893983002318197,-4.8409049846294705
CHL,Chile,CHL,2014,3,2014.5,2014-Q3,2014q3,0.0078855485170207,-0.9507987551756965,-3.8919247411919593,-4.842723496367656
CHL,Chile,CHL,2014,4,2014.75,2014-Q4,2014q4,0.0079174349162366,-0.953502667976097,-3.8851853318508356,-4.8386879998269325
CHL,Chile,CHL,2015,1,2015.0,2015-Q1,2015q1,0.0079371207628498,-0.9545671963645548,-3.8816374974488594,-4.836204693813414
CHL,Chile,CHL,2015,2,2015.25,2015-Q2,2015q2,0.0079774070470236,-0.9540954250858698,-3.877046426686889,-4.831141851772759
CHL,Chile,CHL,2015,3,2015.5,2015-Q3,2015q3,0.0078583127642914,-0.9732006659790136,-3.872982690636614,-4.846183356615628
CHL,Chile,CHL,2015,4,2015.75,2015-Q4,2015q4,0.0079024288206588,-0.9666930582073996,-3.8738920629004796,-4.840585121107879
CHL,Chile,CHL,2016,1,2016.0,2016-Q1,2016q1,0.0079870069199552,-0.9547960466249625,-3.875143146019994,-4.829939192644956
CHL,Chile,CHL,2016,2,2016.25,2016-Q2,2016q2,0.0079328595581652,-0.9689337158756359,-3.8678079924394737,-4.83674170831511
CHL,Chile,CHL,2016,3,2016.5,2016-Q3,2016q3,0.0079484941691466,-0.9674747193898359,-3.867298061552871,-4.834772780942707
CHL,Chile,CHL,2016,4,2016.75,2016-Q4,2016q4,0.0079371894787292,-0.9771775354688197,-3.8590185008497677,-4.836196036318587
CHL,Chile,CHL,2017,1,2017.0,2017-Q1,2017q1,0.0078358750656633,-0.9946914844316446,-3.8543512382319376,-4.849042722663582
CHL,Chile,CHL,2017,2,2017.25,2017-Q2,2017q2,0.0078505442773525,-1.0004895385559402,-3.8466828763408323,-4.8471724148967725
CHL,Chile,CHL,2017,3,2017.5,2017-Q3,2017q3,0.0079099005134968,-0.9964017892065895,-3.8432382853826903,-4.83964007458928
CHL,Chile,CHL,2017,4,2017.75,2017-Q4,2017q4,0.0079639264602328,-0.9950486585392402,-3.837784468307589,-4.832833126846829
CHL,Chile,CHL,2018,1,2018.0,2018-Q1,2018q1,0.0079978014698008,-0.995260585265719,-3.8333280060803943,-4.828588591346113
CHL,Chile,CHL,2018,2,2018.25,2018-Q2,2018q2,0.0080072310647098,-1.0017181705819929,-3.8256920918879103,-4.827410262469903
CHL,Chile,CHL,2018,3,2018.5,2018-Q3,2018q3,0.0080021949029544,-1.0037813249947045,-3.824258087068906,-4.82803941206361
CHL,Chile,CHL,2018,4,2018.75,2018-Q4,2018q4,0.0081185096373233,-0.9886293810667572,-3.8249793027892887,-4.813608683856046
CHL,Chile,CHL,2019,1,2019.0,2019-Q1,2019q1,0.0080475196339608,-1.0010001063162641,-3.821391248718992,-4.822391355035256
CHL,Chile,CHL,2019,2,2019.25,2019-Q2,2019q2,0.0079720734784049,-1.0182437172794656,-3.8135669423342766,-4.831810659613742
CHL,Chile,CHL,2019,3,2019.5,2019-Q3,2019q3,0.0078755842848362,-1.0318554796117843,-3.8121324225111266,-4.843987902122911
CHL,Chile,CHL,2019,4,2019.75,2019-Q4,2019q4,0.0077209903666504,-1.0485628918722218,-3.8152497454656107,-4.8638126373378325
CHL,Chile,CHL,2020,1,2020.0,2020-Q1,2020q1,0.0079429525704209,-1.0212635535970973,-3.8142066589943626,-4.83547021259146
CHL,Chile,CHL,2020,2,2020.25,2020-Q2,2020q2,0.0084952413092496,-0.8860607755557552,-3.8821883426730164,-4.768249118228772
CHL,Chile,CHL,2020,3,2020.5,2020-Q3,2020q3,0.0086479577699927,-0.9230377876490334,-3.8273942942189545,-4.750432081867988
CHL,Chile,CHL,2020,4,2020.75,2020-Q4,2020q4,0.0087175403277507,-0.9241294871014163,-3.8182886662554183,-4.742418153356835
CHL,Chile,CHL,2021,1,2021.0,2021-Q1,2021q1,0.008884876175047,-0.9241172907881472,-3.799287463088877,-4.723404753877024
CHL,Chile,CHL,2021,2,2021.25,2021-Q2,2021q2,0.0088825922323021,-0.929418737740205,-3.7942431087856,-4.723661846525805
CHL,Chile,CHL,2021,3,2021.5,2021-Q3,2021q3,0.0089318575838253,-0.926209498672705,-3.7919213909475182,-4.718130889620223
CHL,Chile,CHL,2021,4,2021.75,2021-Q4,2021q4,0.0089602423185745,-0.931333280659818,-3.7836247272174144,-4.714958007877232
CHL,Chile,CHL,2022,1,2022.0,2022-Q1,2022q1,0.0086903931461765,-0.9628495665027601,-3.7826875330083403,-4.7455370995111
CHL,Chile,CHL,2022,2,2022.25,2022-Q2,2022q2,0.0085205039624334,-0.983187437160876,-3.7820923522090077,-4.765279789369884
CHL,Chile,CHL,2022,3,2022.5,2022-Q3,2022q3,0.0084370810707382,-0.9929263892532383,-3.782192485638369,-4.775118874891607
CHL,Chile,CHL,2022,4,2022.75,2022-Q4,2022q4,0.0084522337216982,-0.9918430417945747,-3.7814814849885647,-4.7733245267831395
CHL,Chile,CHL,2023,1,2023.0,2023-Q1,2023q1,0.0084500460478589,-0.9909182889735448,-3.7826650992036,-4.773583388177145
CHL,Chile,CHL,2023,2,2023.25,2023-Q2,2023q2,0.0083471596356602,-1.0049345533325647,-3.780899408049487,-4.7858339613820515
CHL,Chile,CHL,2023,3,2023.5,2023-Q3,2023q3,0.00841471498732,-0.9970615170061459,-3.7807118045063346,-4.7777733215124805
CHL,Chile,CHL,2023,4,2023.75,2023-Q4,2023q4,0.0083536164987332,-1.0062885295600408,-3.7787721907052205,-4.785060720265261
CHL,Chile,CHL,2024,1,2024.0,2024-Q1,2024q1,0.0083871673755224,-1.005296417012779,-3.775756017623659,-4.781052434636438
CHL,Chile,CHL,2024,2,2024.25,2024-Q2,2024q2,0.0082472299280343,-1.0268914949020105,-3.770986406414534,-4.797877901316545
CHL,Chile,CHL,2024,3,2024.5,2024-Q3,2024q3,0.0084265137336908,-1.011195710270964,-3.765176436957072,-4.776372147228036
CHL,Chile,CHL,2024,4,2024.75,2024-Q4,2024q4,0.0085261028263672,-1.002487216562157,-3.7621356838204347,-4.764622900382592
CHL,Chile,CHL,2025,1,2025.0,2025-Q1,2025q1,0.0085577120991134,-1.0030816230613575,-3.757840779633255,-4.760922402694613
CHL,Chile,CHL,2025,2,2025.25,2025-Q2,2025q2,0.0085809222527321,-1.0053513255972777,-3.7528625569980663,-4.758213882595344
CHL,Chile,CHL,2025,3,2025.5,2025-Q3,2025q3,0.008480811773072,-1.021722497114459,-3.7482266086888907,-4.76994910580335
CHL,Chile,CHL,2025,4,2025.75,2025-Q4,2025q4,0.0084939181285224,-1.021253165798921,-3.747151720080949,-4.76840488587987
CMR,Cameroon,CMR,2007,1,2007.0,2007-Q1,2007q1,0.0007501092944578,-3.1857546895885536,-4.009536946518625,-7.195291636107179
CMR,Cameroon,CMR,2007,2,2007.25,2007-Q2,2007q2,0.0007488011318931,-3.195672917476797,-4.0013642037158625,-7.197037121192659
CMR,Cameroon,CMR,2007,3,2007.5,2007-Q3,2007q3,0.0007828577034844,-3.160041079496444,-3.9925185314516303,-7.1525596109480745
CMR,Cameroon,CMR,2007,4,2007.75,2007-Q4,2007q4,0.000775430000648,-3.1784959650684237,-3.983596877863246,-7.16209284293167
CMR,Cameroon,CMR,2008,1,2008.0,2008-Q1,2008q1,0.0007763183941832,-3.17904752071838,-3.9819002994309596,-7.16094782014934
CMR,Cameroon,CMR,2008,2,2008.25,2008-Q2,2008q2,0.0008267971978247,-3.11935872467708,-3.978592394666867,-7.097951119343947
CMR,Cameroon,CMR,2008,3,2008.5,2008-Q3,2008q3,0.0008067442807059,-3.1409236925850053,-3.981580123773969,-7.122503816358974
CMR,Cameroon,CMR,2008,4,2008.75,2008-Q4,2008q4,0.0007801411911309,-3.1607181498393326,-3.995317490552026,-7.156035640391359
CMR,Cameroon,CMR,2009,1,2009.0,2009-Q1,2009q1,0.0008139317840927,-3.1028834064580906,-4.010750592341259,-7.11363399879935
CMR,Cameroon,CMR,2009,2,2009.25,2009-Q2,2009q2,0.0008180566668207,-3.104576511778159,-4.004002437140827,-7.108578948918987
CMR,Cameroon,CMR,2009,3,2009.5,2009-Q3,2009q3,0.0008264867550957,-3.1060948982192835,-3.992231767904877,-7.09832666612416
CMR,Cameroon,CMR,2009,4,2009.75,2009-Q4,2009q4,0.0008286055474414,-3.110297703635081,-3.985468629751267,-7.095766333386348
CMR,Cameroon,CMR,2010,1,2010.0,2010-Q1,2010q1,0.0008345462754577,-3.107712050202457,-3.9809103132822243,-7.088622363484681
CMR,Cameroon,CMR,2010,2,2010.25,2010-Q2,2010q2,0.0008509776622159,-3.102518920410796,-3.9666057581895937,-7.06912467860039
CMR,Cameroon,CMR,2010,3,2010.5,2010-Q3,2010q3,0.0008572956782903,-3.1009908632537453,-3.9607368201089788,-7.061727683362724
CMR,Cameroon,CMR,2010,4,2010.75,2010-Q4,2010q4,0.0008848404097128,-3.07835404163989,-3.9517492155856404,-7.03010325722553
CMR,Cameroon,CMR,2011,1,2011.0,2011-Q1,2011q1,0.0008562516526601,-3.1130033145328895,-3.949942923742827,-7.062946238275717
CMR,Cameroon,CMR,2011,2,2011.25,2011-Q2,2011q2,0.0008674635375192,-3.106723939828299,-3.9432131388764726,-7.0499370787047715
CMR,Cameroon,CMR,2011,3,2011.5,2011-Q3,2011q3,0.0008986774252365,-3.076690543646804,-3.9378958593227056,-7.01458640296951
CMR,Cameroon,CMR,2011,4,2011.75,2011-Q4,2011q4,0.0008992828669515,-3.076117822360004,-3.937795104403702,-7.013912926763706
CMR,Cameroon,CMR,2012,1,2012.0,2012-Q1,2012q1,0.0009122539092526,-3.0628456422289956,-3.936746555141414,-6.99959219737041
CMR,Cameroon,CMR,2012,2,2012.25,2012-Q2,2012q2,0.0009245332292396,-3.051191521291597,-3.935030043560548,-6.986221564852145
CMR,Cameroon,CMR,2012,3,2012.5,2012-Q3,2012q3,0.0008993108422393,-3.0827392615714913,-3.931142557235305,-7.013881818806796
CMR,Cameroon,CMR,2012,4,2012.75,2012-Q4,2012q4,0.0008964567300505,-3.090837493659733,-3.9262230378446903,-7.017060531504423
CMR,Cameroon,CMR,2013,1,2013.0,2013-Q1,2013q1,0.000925920090337,-3.0650266115012794,-3.9196960110728867,-6.984722622574166
CMR,Cameroon,CMR,2013,2,2013.25,2013-Q2,2013q2,0.0009319888345103,-3.067277028615395,-3.910912694874213,-6.978189723489608
CMR,Cameroon,CMR,2013,3,2013.5,2013-Q3,2013q3,0.0009603460240911,-3.0426973971207656,-3.905519499563591,-6.9482168966843565
CMR,Cameroon,CMR,2013,4,2013.75,2013-Q4,2013q4,0.0009596256336381,-3.0461219867084486,-3.9028453278103648,-6.948967314518813
CMR,Cameroon,CMR,2014,1,2014.0,2014-Q1,2014q1,0.0009551496027154,-3.0548839944791935,-3.8987585832149927,-6.953642577694186
CMR,Cameroon,CMR,2014,2,2014.25,2014-Q2,2014q2,0.0009749224595602,-3.039169616467006,-3.893983002318197,-6.933152618785203
CMR,Cameroon,CMR,2014,3,2014.5,2014-Q3,2014q3,0.0009711315850125,-3.0451238427163783,-3.8919247411919593,-6.937048583908338
CMR,Cameroon,CMR,2014,4,2014.75,2014-Q4,2014q4,0.0010456136535005,-2.9779660058354116,-3.8851853318508356,-6.863151337686247
CMR,Cameroon,CMR,2015,1,2015.0,2015-Q1,2015q1,0.0009338621524822,-3.0945442215276264,-3.8816374974488594,-6.976181718976486
CMR,Cameroon,CMR,2015,2,2015.25,2015-Q2,2015q2,0.0010434646013011,-2.9881623283819114,-3.877046426686889,-6.8652087550688
CMR,Cameroon,CMR,2015,3,2015.5,2015-Q3,2015q3,0.001080048322439,-2.957766805211259,-3.872982690636614,-6.830749495847873
CMR,Cameroon,CMR,2015,4,2015.75,2015-Q4,2015q4,0.0010555741954292,-2.9797783361396335,-3.8738920629004796,-6.853670399040113
CMR,Cameroon,CMR,2016,1,2016.0,2016-Q1,2016q1,0.0009935909654066,-3.0390417935936442,-3.875143146019994,-6.914184939613638
CMR,Cameroon,CMR,2016,2,2016.25,2016-Q2,2016q2,0.0010716893609554,-2.9707110411151785,-3.8678079924394737,-6.838519033554652
CMR,Cameroon,CMR,2016,3,2016.5,2016-Q3,2016q3,0.0010885369891467,-2.955622634553304,-3.867298061552871,-6.822920696106175
CMR,Cameroon,CMR,2016,4,2016.75,2016-Q4,2016q4,0.0010833192535661,-2.968707067251506,-3.8590185008497677,-6.827725568101274
CMR,Cameroon,CMR,2017,1,2017.0,2017-Q1,2017q1,0.001003563061738,-3.0498473116786773,-3.8543512382319376,-6.904198549910615
CMR,Cameroon,CMR,2017,2,2017.25,2017-Q2,2017q2,0.0011033716504978,-2.96270177397561,-3.8466828763408323,-6.809384650316442
CMR,Cameroon,CMR,2017,3,2017.5,2017-Q3,2017q3,0.001114863382764,-2.9557851228634284,-3.8432382853826903,-6.799023408246119
CMR,Cameroon,CMR,2017,4,2017.75,2017-Q4,2017q4,0.0011142019880505,-2.961832367786425,-3.837784468307589,-6.799616836094014
CMR,Cameroon,CMR,2018,1,2018.0,2018-Q1,2018q1,0.0010280817912492,-3.0467325455617904,-3.8333280060803943,-6.880060551642185
CMR,Cameroon,CMR,2018,2,2018.25,2018-Q2,2018q2,0.0011332343966975,-2.9569873449824464,-3.8256920918879103,-6.782679436870357
CMR,Cameroon,CMR,2018,3,2018.5,2018-Q3,2018q3,0.0011766164720167,-2.920854268888777,-3.824258087068906,-6.745112355957683
CMR,Cameroon,CMR,2018,4,2018.75,2018-Q4,2018q4,0.0011098512947164,-2.9785499385671805,-3.8249793027892887,-6.803529241356469
CMR,Cameroon,CMR,2019,1,2019.0,2019-Q1,2019q1,0.0010670457527401,-3.0214701790689324,-3.821391248718992,-6.842861427787924
CMR,Cameroon,CMR,2019,2,2019.25,2019-Q2,2019q2,0.0011797505251212,-2.92888533991133,-3.8135669423342766,-6.7424522822456066
CMR,Cameroon,CMR,2019,3,2019.5,2019-Q3,2019q3,0.0011522228115904,-2.953929900060274,-3.8121324225111266,-6.7660623225714005
CMR,Cameroon,CMR,2019,4,2019.75,2019-Q4,2019q4,0.0011574106500978,-2.9463202216578708,-3.8152497454656107,-6.7615699671234815
CMR,Cameroon,CMR,2020,1,2020.0,2020-Q1,2020q1,0.0010548333256954,-3.040165850663552,-3.8142066589943626,-6.854372509657915
CMR,Cameroon,CMR,2020,2,2020.25,2020-Q2,2020q2,0.0011240514946477,-2.908627372143534,-3.8821883426730164,-6.79081571481655
CMR,Cameroon,CMR,2020,3,2020.5,2020-Q3,2020q3,0.0011036232091407,-2.981762391231244,-3.8273942942189545,-6.809156685450199
CMR,Cameroon,CMR,2020,4,2020.75,2020-Q4,2020q4,0.0011345234697514,-2.963253900394521,-3.8182886662554183,-6.781542566649939
CMR,Cameroon,CMR,2021,1,2021.0,2021-Q1,2021q1,0.0010869665282622,-3.02507700099536,-3.799287463088877,-6.824364464084237
CMR,Cameroon,CMR,2021,2,2021.25,2021-Q2,2021q2,0.0011527549607092,-2.9713574747316107,-3.7942431087856,-6.765600583517211
CMR,Cameroon,CMR,2021,3,2021.5,2021-Q3,2021q3,0.0011329969121449,-2.990967631372075,-3.7919213909475182,-6.782889022319593
CMR,Cameroon,CMR,2021,4,2021.75,2021-Q4,2021q4,0.0011404110711833,-2.9927417655975392,-3.7836247272174144,-6.776366492814954
COL,Colombia,COL,2000,1,2000.0,2000-Q1,2000q1,0.0035268549857739,-1.463026549805166,-4.184322194227946,-5.647348744033112
COL,Colombia,COL,2000,2,2000.25,2000-Q2,2000q2,0.0034272017503011,-1.4947130193735054,-4.181298147628699,-5.676011167002204
COL,Colombia,COL,2000,3,2000.5,2000-Q3,2000q3,0.0033660857785352,-1.5155054738223477,-4.17849922589675,-5.694004699719097
COL,Colombia,COL,2000,4,2000.75,2000-Q4,2000q4,0.0033021708285767,-1.539984121604494,-4.173191078337019,-5.713175199941513
COL,Colombia,COL,2001,1,2001.0,2001-Q1,2001q1,0.0031881543195831,-1.574876560193064,-4.173436552638961,-5.748313112832025
COL,Colombia,COL,2001,2,2001.25,2001-Q2,2001q2,0.0031117087294092,-1.598767942093767,-4.1738153309007995,-5.7725832729945665
COL,Colombia,COL,2001,3,2001.5,2001-Q3,2001q3,0.0030518169861209,-1.6174705087357228,-4.174547623851253,-5.792018132586976
COL,Colombia,COL,2001,4,2001.75,2001-Q4,2001q4,0.0029942157998353,-1.640341942471144,-4.17073097567771,-5.811072918148854
COL,Colombia,COL,2002,1,2002.0,2002-Q1,2002q1,0.0031107634856824,-1.6118885407315924,-4.160998548399518,-5.77288708913111
COL,Colombia,COL,2002,2,2002.25,2002-Q2,2002q2,0.0031686674108633,-1.601245948566742,-4.153198206030584,-5.754444154597326
COL,Colombia,COL,2002,3,2002.5,2002-Q3,2002q3,0.0031200789644306,-1.619876195597091,-4.150020772771553,-5.769896968368644
COL,Colombia,COL,2002,4,2002.75,2002-Q4,2002q4,0.0031190257021514,-1.6247703702296228,-4.145464230650573,-5.770234600880196
COL,Colombia,COL,2003,1,2003.0,2003-Q1,2003q1,0.0031174023288044,-1.6293294413065764,-4.141425769568831,-5.770755210875407
COL,Colombia,COL,2003,2,2003.25,2003-Q2,2003q2,0.0031064889114306,-1.6376742394446735,-4.136587918495714,-5.774262157940387
COL,Colombia,COL,2003,3,2003.5,2003-Q3,2003q3,0.0031174056413004,-1.6422561560064723,-4.128497992287372,-5.770754148293844
COL,Colombia,COL,2003,4,2003.75,2003-Q4,2003q4,0.0031236812670697,-1.649319392323993,-4.119423687072228,-5.768743079396221
COL,Colombia,COL,2004,1,2004.0,2004-Q1,2004q1,0.0032480002843179,-1.6186298128902417,-4.111085956256169,-5.72971576914641
COL,Colombia,COL,2004,2,2004.25,2004-Q2,2004q2,0.0032429856917411,-1.6285584400128528,-4.102702423697901,-5.731260863710753
COL,Colombia,COL,2004,3,2004.5,2004-Q3,2004q3,0.003223078261571,-1.6416113843634212,-4.095807009867689,-5.73741839423111
COL,Colombia,COL,2004,4,2004.75,2004-Q4,2004q4,0.0033402417812141,-1.6175568466307082,-4.084155238397759,-5.7017120850284675
COL,Colombia,COL,2005,1,2005.0,2005-Q1,2005q1,0.0033109591692076,-1.6325874649059795,-4.077929887448277,-5.710517352354256
COL,Colombia,COL,2005,2,2005.25,2005-Q2,2005q2,0.0033478111764407,-1.6339679893542272,-4.065480537503734,-5.699448526857961
COL,Colombia,COL,2005,3,2005.5,2005-Q3,2005q3,0.0032917204386974,-1.6572670910092455,-4.059077830180438,-5.716344921189684
COL,Colombia,COL,2005,4,2005.75,2005-Q4,2005q4,0.0033322146056802,-1.6546521898375852,-4.04946595944698,-5.704118149284565
COL,Colombia,COL,2006,1,2006.0,2006-Q1,2006q1,0.0034061423971448,-1.6409257970368127,-4.041249092843926,-5.682174889880739
COL,Colombia,COL,2006,2,2006.25,2006-Q2,2006q2,0.0034545958434749,-1.6340551610436949,-4.0339946448477555,-5.66804980589145
COL,Colombia,COL,2006,3,2006.5,2006-Q3,2006q3,0.00353525386007,-1.6180615741883084,-4.026908594708328,-5.644970168896636
COL,Colombia,COL,2006,4,2006.75,2006-Q4,2006q4,0.0035963973684489,-1.6107179342849482,-4.017104731287111,-5.627822665572059
COL,Colombia,COL,2007,1,2007.0,2007-Q1,2007q1,0.0037470515232597,-1.57724906221015,-4.009536946518625,-5.586786008728775
COL,Colombia,COL,2007,2,2007.25,2007-Q2,2007q2,0.0037043086110976,-1.5968944436222356,-4.0013642037158625,-5.598258647338098
COL,Colombia,COL,2007,3,2007.5,2007-Q3,2007q3,0.0037618092511121,-1.5903367220540976,-3.9925185314516303,-5.582855253505728
COL,Colombia,COL,2007,4,2007.75,2007-Q4,2007q4,0.0037746556229999,-1.5958492482746105,-3.983596877863246,-5.5794461261378565
COL,Colombia,COL,2008,1,2008.0,2008-Q1,2008q1,0.003756223135637,-1.602441012185655,-3.9819002994309596,-5.5843413116166145
COL,Colombia,COL,2008,2,2008.25,2008-Q2,2008q2,0.0037747644376666,-1.600824904179401,-3.978592394666867,-5.579417298846268
COL,Colombia,COL,2008,3,2008.5,2008-Q3,2008q3,0.0038067912065333,-1.5893885239313983,-3.981580123773969,-5.570968647705367
COL,Colombia,COL,2008,4,2008.75,2008-Q4,2008q4,0.0038238127357768,-1.5711897652097284,-3.995317490552026,-5.5665072557617545
COL,Colombia,COL,2009,1,2009.0,2009-Q1,2009q1,0.0036719605975599,-1.5962789444522159,-4.010750592341259,-5.607029536793475
COL,Colombia,COL,2009,2,2009.25,2009-Q2,2009q2,0.0036053199297181,-1.6213423289344444,-4.004002437140827,-5.625344766075272
COL,Colombia,COL,2009,3,2009.5,2009-Q3,2009q3,0.0036532671333714,-1.6199016388172138,-3.992231767904877,-5.612133406722091
COL,Colombia,COL,2009,4,2009.75,2009-Q4,2009q4,0.0036397875287315,-1.6303613405134971,-3.985468629751267,-5.615829970264764
COL,Colombia,COL,2010,1,2010.0,2010-Q1,2010q1,0.0036870702068827,-1.6220128048926363,-3.9809103132822243,-5.602923118174861
COL,Colombia,COL,2010,2,2010.25,2010-Q2,2010q2,0.0037205879411867,-1.6272678162897667,-3.9666057581895937,-5.59387357447936
COL,Colombia,COL,2010,3,2010.5,2010-Q3,2010q3,0.0037031234863021,-1.6378418098600847,-3.9607368201089788,-5.598578629969063
COL,Colombia,COL,2010,4,2010.75,2010-Q4,2010q4,0.0037937465904611,-1.622651986296475,-3.9517492155856404,-5.574401201882115
COL,Colombia,COL,2011,1,2011.0,2011-Q1,2011q1,0.0038218800899235,-1.6170698835597808,-3.949942923742827,-5.567012807302608
COL,Colombia,COL,2011,2,2011.25,2011-Q2,2011q2,0.0038630874053702,-1.6130754303844026,-3.9432131388764726,-5.556288569260875
COL,Colombia,COL,2011,3,2011.5,2011-Q3,2011q3,0.0038910910073325,-1.6111698367420262,-3.9378958593227056,-5.549065696064732
COL,Colombia,COL,2011,4,2011.75,2011-Q4,2011q4,0.0038397728640936,-1.6245469597038529,-3.937795104403702,-5.562342064107555
COL,Colombia,COL,2012,1,2012.0,2012-Q1,2012q1,0.0038714692475493,-1.617374638318525,-3.936746555141414,-5.554121193459939
COL,Colombia,COL,2012,2,2012.25,2012-Q2,2012q2,0.0038760487548656,-1.6179089628174848,-3.935030043560548,-5.552939006378033
COL,Colombia,COL,2012,3,2012.5,2012-Q3,2012q3,0.0038821220988521,-1.6202307849309823,-3.931142557235305,-5.551373342166287
COL,Colombia,COL,2012,4,2012.75,2012-Q4,2012q4,0.0039342755587312,-1.6118054781912106,-3.9262230378446903,-5.538028516035901
COL,Colombia,COL,2013,1,2013.0,2013-Q1,2013q1,0.0039666033961791,-1.6101491071301721,-3.9196960110728867,-5.529845118203059
COL,Colombia,COL,2013,2,2013.25,2013-Q2,2013q2,0.0040665470191177,-1.5940483429980787,-3.910912694874213,-5.504961037872292
COL,Colombia,COL,2013,3,2013.5,2013-Q3,2013q3,0.0040413202084373,-1.6056643565611783,-3.905519499563591,-5.511183856124769
COL,Colombia,COL,2013,4,2013.75,2013-Q4,2013q4,0.0040953921601993,-1.5950474728355388,-3.9028453278103648,-5.497892800645904
COL,Colombia,COL,2014,1,2014.0,2014-Q1,2014q1,0.0041259242816396,-1.5917066328037803,-3.8987585832149927,-5.490465216018773
COL,Colombia,COL,2014,2,2014.25,2014-Q2,2014q2,0.0041066603644216,-1.601162141865451,-3.893983002318197,-5.495145144183648
COL,Colombia,COL,2014,3,2014.5,2014-Q3,2014q3,0.0041212768679435,-1.5996675030400787,-3.8919247411919593,-5.491592244232038
COL,Colombia,COL,2014,4,2014.75,2014-Q4,2014q4,0.004154326657977,-1.598419587798234,-3.8851853318508356,-5.4836049196490695
COL,Colombia,COL,2015,1,2015.0,2015-Q1,2015q1,0.0041508830836515,-1.6027966786861905,-3.8816374974488594,-5.48443417613505
COL,Colombia,COL,2015,2,2015.25,2015-Q2,2015q2,0.0041741274898048,-1.6018035003106204,-3.877046426686889,-5.478849926997509
COL,Colombia,COL,2015,3,2015.5,2015-Q3,2015q3,0.0041997618149389,-1.5997447753931482,-3.872982690636614,-5.472727466029762
COL,Colombia,COL,2015,4,2015.75,2015-Q4,2015q4,0.0041617495692758,-1.6079276606856125,-3.8738920629004796,-5.481819723586092
COL,Colombia,COL,2016,1,2016.0,2016-Q1,2016q1,0.004225657231974,-1.591437326387207,-3.875143146019994,-5.466580472407201
COL,Colombia,COL,2016,2,2016.25,2016-Q2,2016q2,0.0042420599114991,-1.5948983070913503,-3.8678079924394737,-5.462706299530824
COL,Colombia,COL,2016,3,2016.5,2016-Q3,2016q3,0.0042540129400091,-1.5925944588107361,-3.867298061552871,-5.459892520363607
COL,Colombia,COL,2016,4,2016.75,2016-Q4,2016q4,0.0042512610789852,-1.601521114742936,-3.8590185008497677,-5.460539615592704
COL,Colombia,COL,2017,1,2017.0,2017-Q1,2017q1,0.0042396926756114,-1.608913256300415,-3.8543512382319376,-5.4632644945323525
COL,Colombia,COL,2017,2,2017.25,2017-Q2,2017q2,0.0042381420903048,-1.6169474156779549,-3.8466828763408323,-5.463630292018787
COL,Colombia,COL,2017,3,2017.5,2017-Q3,2017q3,0.0042722300667382,-1.6123810388181097,-3.8432382853826903,-5.4556193242008
COL,Colombia,COL,2017,4,2017.75,2017-Q4,2017q4,0.004291307925217,-1.613379246527416,-3.837784468307589,-5.451163714835005
COL,Colombia,COL,2018,1,2018.0,2018-Q1,2018q1,0.0043087230087369,-1.6137856983632521,-3.8333280060803943,-5.447113704443646
COL,Colombia,COL,2018,2,2018.25,2018-Q2,2018q2,0.0043304279466165,-1.616396817026645,-3.8256920918879103,-5.442088908914555
COL,Colombia,COL,2018,3,2018.5,2018-Q3,2018q3,0.0043292603343637,-1.6181004879634107,-3.824258087068906,-5.4423585750323165
COL,Colombia,COL,2018,4,2018.75,2018-Q4,2018q4,0.0043857981743926,-1.6044043431262747,-3.8249793027892887,-5.429383645915563
COL,Colombia,COL,2019,1,2019.0,2019-Q1,2019q1,0.0044233256674668,-1.5994722036406075,-3.821391248718992,-5.420863452359599
COL,Colombia,COL,2019,2,2019.25,2019-Q2,2019q2,0.0044700838972696,-1.5967811592344012,-3.8135669423342766,-5.410348101568678
COL,Colombia,COL,2019,3,2019.5,2019-Q3,2019q3,0.0045169805389469,-1.5877791082101052,-3.8121324225111266,-5.399911530721232
COL,Colombia,COL,2019,4,2019.75,2019-Q4,2019q4,0.0044660253026259,-1.5960067145020034,-3.8152497454656107,-5.411256459967614
COL,Colombia,COL,2020,1,2020.0,2020-Q1,2020q1,0.0045528473764178,-1.5777957857393128,-3.8142066589943626,-5.392002444733675
COL,Colombia,COL,2020,2,2020.25,2020-Q2,2020q2,0.0047177349808954,-1.4742381288183797,-3.8821883426730164,-5.356426471491396
COL,Colombia,COL,2020,3,2020.5,2020-Q3,2020q3,0.0046978403644552,-1.5332580785726573,-3.8273942942189545,-5.360652372791612
COL,Colombia,COL,2020,4,2020.75,2020-Q4,2020q4,0.0046117640642065,-1.5608561685654787,-3.8182886662554183,-5.379144834820897
COL,Colombia,COL,2021,1,2021.0,2021-Q1,2021q1,0.0046367261808939,-1.5744592631453669,-3.799287463088877,-5.373746726234244
COL,Colombia,COL,2021,2,2021.25,2021-Q2,2021q2,0.0045917102064859,-1.5892596215143504,-3.7942431087856,-5.38350273029995
COL,Colombia,COL,2021,3,2021.5,2021-Q3,2021q3,0.0047494931244483,-1.5577959863245177,-3.7919213909475182,-5.349717377272036
COL,Colombia,COL,2021,4,2021.75,2021-Q4,2021q4,0.004913447742846,-1.5321546684245635,-3.7836247272174144,-5.315779395641978
COL,Colombia,COL,2022,1,2022.0,2022-Q1,2022q1,0.0047915742630241,-1.5582087323828842,-3.7826875330083403,-5.340896265391224
COL,Colombia,COL,2022,2,2022.25,2022-Q2,2022q2,0.0047793970033232,-1.5613485381597214,-3.7820923522090077,-5.343440890368729
COL,Colombia,COL,2022,3,2022.5,2022-Q3,2022q3,0.0047951932140373,-1.5579487909218948,-3.782192485638369,-5.340141276560264
COL,Colombia,COL,2022,4,2022.75,2022-Q4,2022q4,0.0047318145118032,-1.5719650473348161,-3.7814814849885647,-5.353446532323381
COL,Colombia,COL,2023,1,2023.0,2023-Q1,2023q1,0.0047345220388494,-1.5702094004003562,-3.7826650992036,-5.352874499603956
COL,Colombia,COL,2023,2,2023.25,2023-Q2,2023q2,0.004643529677278,-1.5913810875749674,-3.780899408049487,-5.372280495624454
COL,Colombia,COL,2023,3,2023.5,2023-Q3,2023q3,0.0045848279530187,-1.6042908933495585,-3.7807118045063346,-5.385002697855893
COL,Colombia,COL,2023,4,2023.75,2023-Q4,2023q4,0.0046577183473539,-1.5904573850761903,-3.7787721907052205,-5.369229575781411
COL,Colombia,COL,2024,1,2024.0,2024-Q1,2024q1,0.0047017967429497,-1.5840545399610604,-3.775756017623659,-5.359810557584719
COL,Colombia,COL,2024,2,2024.25,2024-Q2,2024q2,0.0046881350832817,-1.5917340060148315,-3.770986406414534,-5.362720412429366
COL,Colombia,COL,2024,3,2024.5,2024-Q3,2024q3,0.0046321308257692,-1.6095618582479543,-3.765176436957072,-5.374738295205026
COL,Colombia,COL,2024,4,2024.75,2024-Q4,2024q4,0.0046709461905562,-1.6042579336061378,-3.7621356838204347,-5.3663936174265725
COL,Colombia,COL,2025,1,2025.0,2025-Q1,2025q1,0.0046271756353352,-1.617967831351438,-3.757840779633255,-5.375808610984693
COL,Colombia,COL,2025,2,2025.25,2025-Q2,2025q2,0.0046397297656589,-1.6202365976016506,-3.7528625569980663,-5.373099154599717
COL,Colombia,COL,2025,3,2025.5,2025-Q3,2025q3,0.0046684144699156,-1.618709170197048,-3.7482266086888907,-5.366935778885939
COL,Colombia,COL,2025,4,2025.75,2025-Q4,2025q4,0.0046134549311385,-1.6316265398213936,-3.747151720080949,-5.378778259902343
CRI,Costa Rica,CRI,1995,1,1995.0,1995-Q1,1995q1,0.0039835738302376,-1.2715013467166703,-4.254074568586735,-5.525575915303405
CRI,Costa Rica,CRI,1995,2,1995.25,1995-Q2,1995q2,0.0039190185444616,-1.2914738212096406,-4.2504402066290705,-5.541914027838711
CRI,Costa Rica,CRI,1995,3,1995.5,1995-Q3,1995q3,0.0038844167150023,-1.3034313977647765,-4.24735104637809,-5.550782444142866
CRI,Costa Rica,CRI,1995,4,1995.75,1995-Q4,1995q4,0.0038546000002211,-1.3140685527271865,-4.244419485914777,-5.558488038641963
CRI,Costa Rica,CRI,1996,1,1996.0,1996-Q1,1996q1,0.0040293014833529,-1.2730873520001627,-4.241074895239452,-5.514162247239614
CRI,Costa Rica,CRI,1996,2,1996.25,1996-Q2,1996q2,0.0039846374622978,-1.288152561890075,-4.237156384572403,-5.525308946462478
CRI,Costa Rica,CRI,1996,3,1996.5,1996-Q3,1996q3,0.0040148669880458,-1.2810533452814683,-4.236697715606429,-5.517751060887897
CRI,Costa Rica,CRI,1996,4,1996.75,1996-Q4,1996q4,0.0040260154272682,-1.2848787984806247,-4.230099321381617,-5.514978119862242
CRI,Costa Rica,CRI,1997,1,1997.0,1997-Q1,1997q1,0.0038549150033604,-1.33097452939362,-4.227431791231235,-5.558406320624855
CRI,Costa Rica,CRI,1997,2,1997.25,1997-Q2,1997q2,0.0039233013469437,-1.3264647228967625,-4.214357076375103,-5.540821799271866
CRI,Costa Rica,CRI,1997,3,1997.5,1997-Q3,1997q3,0.0039303882245518,-1.3293581910892387,-4.2096588820174015,-5.53901707310664
CRI,Costa Rica,CRI,1997,4,1997.75,1997-Q4,1997q4,0.0040074535288157,-1.3134071759754953,-4.206192093625781,-5.519599269601276
CRI,Costa Rica,CRI,1998,1,1998.0,1998-Q1,1998q1,0.003961875314173,-1.3205273180871666,-4.21051048353961,-5.531037801626777
CRI,Costa Rica,CRI,1998,2,1998.25,1998-Q2,1998q2,0.0039237332029203,-1.3294958935423766,-4.211215837148984,-5.540711730691361
CRI,Costa Rica,CRI,1998,3,1998.5,1998-Q3,1998q3,0.0039176797562529,-1.3337836271740589,-4.2084720721621,-5.542255699336159
CRI,Costa Rica,CRI,1998,4,1998.75,1998-Q4,1998q4,0.0039788952786405,-1.3204556471527429,-4.206295419243004,-5.526751066395747
CRI,Costa Rica,CRI,1999,1,1999.0,1999-Q1,1999q1,0.0040324029549428,-1.305433546272913,-4.207959267711823,-5.513392813984736
CRI,Costa Rica,CRI,1999,2,1999.25,1999-Q2,1999q2,0.0040769864488212,-1.2977298548598482,-4.2046673241020285,-5.502397178961877
CRI,Costa Rica,CRI,1999,3,1999.5,1999-Q3,1999q3,0.0040780612545098,-1.3040224279367516,-4.198111158282587,-5.502133586219339
CRI,Costa Rica,CRI,1999,4,1999.75,1999-Q4,1999q4,0.0041101152988253,-1.3059019140755357,-4.188402283549777,-5.494304197625313
CRI,Costa Rica,CRI,2000,1,2000.0,2000-Q1,2000q1,0.0041601432070305,-1.2978835863065914,-4.184322194227946,-5.482205780534537
CRI,Costa Rica,CRI,2000,2,2000.25,2000-Q2,2000q2,0.0041372119081183,-1.3064350225323134,-4.181298147628699,-5.487733170161012
CRI,Costa Rica,CRI,2000,3,2000.5,2000-Q3,2000q3,0.0041372253157066,-1.3092307035391375,-4.17849922589675,-5.487729929435887
CRI,Costa Rica,CRI,2000,4,2000.75,2000-Q4,2000q4,0.0041509728983827,-1.3112214605324848,-4.173191078337019,-5.4844125388695035
CRI,Costa Rica,CRI,2001,1,2001.0,2001-Q1,2001q1,0.0040406527921834,-1.337912465199505,-4.173436552638961,-5.511349017838466
CRI,Costa Rica,CRI,2001,2,2001.25,2001-Q2,2001q2,0.0040272302660689,-1.3408610872982436,-4.1738153309007995,-5.514676418199043
CRI,Costa Rica,CRI,2001,3,2001.5,2001-Q3,2001q3,0.0040453121110888,-1.335648947871797,-4.174547623851253,-5.51019657172305
CRI,Costa Rica,CRI,2001,4,2001.75,2001-Q4,2001q4,0.0040464752889854,-1.3391781001319893,-4.17073097567771,-5.509909075809699
CRI,Costa Rica,CRI,2002,1,2002.0,2002-Q1,2002q1,0.0040717734138048,-1.3426780978225166,-4.160998548399518,-5.503676646222035
CRI,Costa Rica,CRI,2002,2,2002.25,2002-Q2,2002q2,0.0041234512074224,-1.3378665885367873,-4.153198206030584,-5.491064794567372
CRI,Costa Rica,CRI,2002,3,2002.5,2002-Q3,2002q3,0.0041222808851932,-1.3413278831252704,-4.150020772771553,-5.491348655896823
CRI,Costa Rica,CRI,2002,4,2002.75,2002-Q4,2002q4,0.0041211618146146,-1.3461559308844233,-4.145464230650573,-5.491620161534996
CRI,Costa Rica,CRI,2003,1,2003.0,2003-Q1,2003q1,0.0041274293291212,-1.3486747347050532,-4.141425769568831,-5.490100504273884
CRI,Costa Rica,CRI,2003,2,2003.25,2003-Q2,2003q2,0.004156763042503,-1.3464307038846233,-4.136587918495714,-5.483018622380337
CRI,Costa Rica,CRI,2003,3,2003.5,2003-Q3,2003q3,0.0041788440509175,-1.3492226212458265,-4.128497992287372,-5.477720613533198
CRI,Costa Rica,CRI,2003,4,2003.75,2003-Q4,2003q4,0.0042011865754937,-1.352964588546584,-4.119423687072228,-5.472388275618812
CRI,Costa Rica,CRI,2004,1,2004.0,2004-Q1,2004q1,0.0042901019004659,-1.3403588370457875,-4.111085956256169,-5.451444793301956
CRI,Costa Rica,CRI,2004,2,2004.25,2004-Q2,2004q2,0.0043214173154981,-1.3414694245442167,-4.102702423697901,-5.444171848242117
CRI,Costa Rica,CRI,2004,3,2004.5,2004-Q3,2004q3,0.0043072000157749,-1.3516602244237825,-4.095807009867689,-5.447467234291471
CRI,Costa Rica,CRI,2004,4,2004.75,2004-Q4,2004q4,0.0043436958401174,-1.3548744787933256,-4.084155238397759,-5.439029717191085
CRI,Costa Rica,CRI,2005,1,2005.0,2005-Q1,2005q1,0.004175820858641,-1.4005144397086706,-4.077929887448277,-5.478444327156947
CRI,Costa Rica,CRI,2005,2,2005.25,2005-Q2,2005q2,0.0041901497803787,-1.4095382610761815,-4.065480537503734,-5.4750187985799155
CRI,Costa Rica,CRI,2005,3,2005.5,2005-Q3,2005q3,0.0042310525977794,-1.4062266456167185,-4.059077830180438,-5.465304475797157
CRI,Costa Rica,CRI,2005,4,2005.75,2005-Q4,2005q4,0.0042757790523772,-1.4053229992749197,-4.04946595944698,-5.4547889587219
CRI,Costa Rica,CRI,2006,1,2006.0,2006-Q1,2006q1,0.0042828969956432,-1.4118765373754947,-4.041249092843926,-5.453125630219421
CRI,Costa Rica,CRI,2006,2,2006.25,2006-Q2,2006q2,0.0043597978847663,-1.4013349345529207,-4.0339946448477555,-5.435329579400676
CRI,Costa Rica,CRI,2006,3,2006.5,2006-Q3,2006q3,0.0044266326446107,-1.393207514628581,-4.026908594708328,-5.420116109336909
CRI,Costa Rica,CRI,2006,4,2006.75,2006-Q4,2006q4,0.0045447068586966,-1.3766873196821416,-4.017104731287111,-5.393792050969252
CRI,Costa Rica,CRI,2007,1,2007.0,2007-Q1,2007q1,0.0044367871930204,-1.408287823123552,-4.009536946518625,-5.417824769642177
CRI,Costa Rica,CRI,2007,2,2007.25,2007-Q2,2007q2,0.0045201124230941,-1.3978542093654953,-4.0013642037158625,-5.399218413081358
CRI,Costa Rica,CRI,2007,3,2007.5,2007-Q3,2007q3,0.004557463269686,-1.3984705793042056,-3.9925185314516303,-5.390989110755836
CRI,Costa Rica,CRI,2007,4,2007.75,2007-Q4,2007q4,0.0046373225241867,-1.3900212436347954,-3.983596877863246,-5.373618121498041
CRI,Costa Rica,CRI,2008,1,2008.0,2008-Q1,2008q1,0.0047189619073864,-1.3742661390186974,-3.9819002994309596,-5.356166438449657
CRI,Costa Rica,CRI,2008,2,2008.25,2008-Q2,2008q2,0.0046815466241789,-1.3855343537287306,-3.978592394666867,-5.364126748395598
CRI,Costa Rica,CRI,2008,3,2008.5,2008-Q3,2008q3,0.0047100327362833,-1.3764802968253758,-3.981580123773969,-5.358060420599345
CRI,Costa Rica,CRI,2008,4,2008.75,2008-Q4,2008q4,0.004665311735385,-1.3722831320579822,-3.995317490552026,-5.367600622610008
CRI,Costa Rica,CRI,2009,1,2009.0,2009-Q1,2009q1,0.0046520152918938,-1.359704164824385,-4.010750592341259,-5.3704547571656445
CRI,Costa Rica,CRI,2009,2,2009.25,2009-Q2,2009q2,0.0046886694835825,-1.3586039918312593,-4.004002437140827,-5.362606428972087
CRI,Costa Rica,CRI,2009,3,2009.5,2009-Q3,2009q3,0.0047669846074077,-1.3538095638491487,-3.992231767904877,-5.346041331754026
CRI,Costa Rica,CRI,2009,4,2009.75,2009-Q4,2009q4,0.0048514050971214,-1.3430182754928524,-3.985468629751267,-5.3284869052441195
CRI,Costa Rica,CRI,2010,1,2010.0,2010-Q1,2010q1,0.0049058642226334,-1.3364136960245419,-3.9809103132822243,-5.317324009306766
CRI,Costa Rica,CRI,2010,2,2010.25,2010-Q2,2010q2,0.0049380165450849,-1.344185779311195,-3.9666057581895937,-5.310791537500789
CRI,Costa Rica,CRI,2010,3,2010.5,2010-Q3,2010q3,0.0049141391886988,-1.354901860246783,-3.9607368201089788,-5.315638680355762
CRI,Costa Rica,CRI,2010,4,2010.75,2010-Q4,2010q4,0.0049885385638289,-1.3488630695089165,-3.9517492155856404,-5.300612285094557
CRI,Costa Rica,CRI,2011,1,2011.0,2011-Q1,2011q1,0.0051563237832502,-1.317588474762009,-3.949942923742827,-5.267531398504836
CRI,Costa Rica,CRI,2011,2,2011.25,2011-Q2,2011q2,0.0053121285119193,-1.2945495354682799,-3.9432131388764726,-5.2377626743447525
CRI,Costa Rica,CRI,2011,3,2011.5,2011-Q3,2011q3,0.0052037659309332,-1.3204768387038337,-3.9378958593227056,-5.258372698026539
CRI,Costa Rica,CRI,2011,4,2011.75,2011-Q4,2011q4,0.0050618004653464,-1.3482379313781312,-3.937795104403702,-5.286033035781833
CRI,Costa Rica,CRI,2012,1,2012.0,2012-Q1,2012q1,0.004902143338944,-1.3813361982516605,-3.936746555141414,-5.318082753393075
CRI,Costa Rica,CRI,2012,2,2012.25,2012-Q2,2012q2,0.0049659252148271,-1.3701256078877724,-3.935030043560548,-5.30515565144832
CRI,Costa Rica,CRI,2012,3,2012.5,2012-Q3,2012q3,0.0049960401625148,-1.3679670905817054,-3.931142557235305,-5.29910964781701
CRI,Costa Rica,CRI,2012,4,2012.75,2012-Q4,2012q4,0.0051276264507251,-1.3468893691948116,-3.9262230378446903,-5.273112407039502
CRI,Costa Rica,CRI,2013,1,2013.0,2013-Q1,2013q1,0.005116267796471,-1.3556340406699103,-3.9196960110728867,-5.275330051742797
CRI,Costa Rica,CRI,2013,2,2013.25,2013-Q2,2013q2,0.0049645395138184,-1.3945220373735578,-3.910912694874213,-5.305434732247771
CRI,Costa Rica,CRI,2013,3,2013.5,2013-Q3,2013q3,0.0050725193621492,-1.3783981696258496,-3.905519499563591,-5.2839176691894405
CRI,Costa Rica,CRI,2013,4,2013.75,2013-Q4,2013q4,0.0049961035919769,-1.3962516241400413,-3.9028453278103648,-5.299096951950406
CRI,Costa Rica,CRI,2014,1,2014.0,2014-Q1,2014q1,0.0050214207740487,-1.3952837793880164,-3.8987585832149927,-5.294042362603009
CRI,Costa Rica,CRI,2014,2,2014.25,2014-Q2,2014q2,0.0050878163269927,-1.3869235505322925,-3.893983002318197,-5.28090655285049
CRI,Costa Rica,CRI,2014,3,2014.5,2014-Q3,2014q3,0.0051005570489513,-1.3864807787399758,-3.8919247411919593,-5.278405519931935
CRI,Costa Rica,CRI,2014,4,2014.75,2014-Q4,2014q4,0.005180613192935,-1.377646520851437,-3.8851853318508356,-5.262831852702273
CRI,Costa Rica,CRI,2015,1,2015.0,2015-Q1,2015q1,0.0051855319374016,-1.3802453535225077,-3.8816374974488594,-5.261882850971367
CRI,Costa Rica,CRI,2015,2,2015.25,2015-Q2,2015q2,0.0052038364710388,-1.3813127158437974,-3.877046426686889,-5.258359142530686
CRI,Costa Rica,CRI,2015,3,2015.5,2015-Q3,2015q3,0.0053834021156112,-1.3514520505328695,-3.872982690636614,-5.224434741169484
CRI,Costa Rica,CRI,2015,4,2015.75,2015-Q4,2015q4,0.0054494156973419,-1.3383548246509673,-3.8738920629004796,-5.212246887551447
CRI,Costa Rica,CRI,2016,1,2016.0,2016-Q1,2016q1,0.0056401137621413,-1.3027078970631703,-3.875143146019994,-5.177851043083164
CRI,Costa Rica,CRI,2016,2,2016.25,2016-Q2,2016q2,0.0057289244312436,-1.2944194817698795,-3.8678079924394737,-5.162227474209353
CRI,Costa Rica,CRI,2016,3,2016.5,2016-Q3,2016q3,0.0057950422959406,-1.2834544419686553,-3.867298061552871,-5.1507525035215265
CRI,Costa Rica,CRI,2016,4,2016.75,2016-Q4,2016q4,0.0056369910415863,-1.3193863582507452,-3.8590185008497677,-5.178404859100513
CRI,Costa Rica,CRI,2017,1,2017.0,2017-Q1,2017q1,0.005630806351418,-1.3251513848012548,-3.8543512382319376,-5.179502623033192
CRI,Costa Rica,CRI,2017,2,2017.25,2017-Q2,2017q2,0.0057390097524536,-1.3137857241867446,-3.8466828763408323,-5.160468600527577
CRI,Costa Rica,CRI,2017,3,2017.5,2017-Q3,2017q3,0.0057797061060541,-1.3101641589113413,-3.8432382853826903,-5.153402444294032
CRI,Costa Rica,CRI,2017,4,2017.75,2017-Q4,2017q4,0.006101324149977,-1.261464989285662,-3.837784468307589,-5.099249457593251
CRI,Costa Rica,CRI,2018,1,2018.0,2018-Q1,2018q1,0.0060364341189456,-1.2766138129545435,-3.8333280060803943,-5.109941819034938
CRI,Costa Rica,CRI,2018,2,2018.25,2018-Q2,2018q2,0.0056439335374637,-1.3514819289590148,-3.8256920918879103,-5.177174020846925
CRI,Costa Rica,CRI,2018,3,2018.5,2018-Q3,2018q3,0.0056819947215773,-1.3461948374543344,-3.824258087068906,-5.17045292452324
CRI,Costa Rica,CRI,2018,4,2018.75,2018-Q4,2018q4,0.0056539220644734,-1.3504265011562824,-3.8249793027892887,-5.175405803945571
CRI,Costa Rica,CRI,2019,1,2019.0,2019-Q1,2019q1,0.0056783707280925,-1.3496996823232794,-3.821391248718992,-5.171090931042271
CRI,Costa Rica,CRI,2019,2,2019.25,2019-Q2,2019q2,0.0057185012295871,-1.350481588389583,-3.8135669423342766,-5.16404853072386
CRI,Costa Rica,CRI,2019,3,2019.5,2019-Q3,2019q3,0.0057722468948098,-1.3425614419056195,-3.8121324225111266,-5.154693864416746
CRI,Costa Rica,CRI,2019,4,2019.75,2019-Q4,2019q4,0.0058258896390461,-1.3301938179932193,-3.8152497454656107,-5.14544356345883
CRI,Costa Rica,CRI,2020,1,2020.0,2020-Q1,2020q1,0.005732934982785,-1.3473210069971087,-3.8142066589943626,-5.161527665991471
CRI,Costa Rica,CRI,2020,2,2020.25,2020-Q2,2020q2,0.0064965440511301,-1.1542965852433449,-3.8821883426730164,-5.036484927916361
CRI,Costa Rica,CRI,2020,3,2020.5,2020-Q3,2020q3,0.0062734844007322,-1.244029058682139,-3.8273942942189545,-5.0714233529010935
CRI,Costa Rica,CRI,2020,4,2020.75,2020-Q4,2020q4,0.0061851289342054,-1.2673187608254328,-3.8182886662554183,-5.085607427080851
CRI,Costa Rica,CRI,2021,1,2021.0,2021-Q1,2021q1,0.0062856569629685,-1.2701974505996336,-3.799287463088877,-5.069484913688511
CRI,Costa Rica,CRI,2021,2,2021.25,2021-Q2,2021q2,0.0064236346273604,-1.253528071358816,-3.7942431087856,-5.047771180144416
CRI,Costa Rica,CRI,2021,3,2021.5,2021-Q3,2021q3,0.0063365007150806,-1.2695072096436055,-3.7919213909475182,-5.061428600591124
CRI,Costa Rica,CRI,2021,4,2021.75,2021-Q4,2021q4,0.0063610841429145,-1.273931726217405,-3.7836247272174144,-5.057556453434819
CRI,Costa Rica,CRI,2022,1,2022.0,2022-Q1,2022q1,0.0063958338231081,-1.2694209327173316,-3.7826875330083403,-5.052108465725672
CRI,Costa Rica,CRI,2022,2,2022.25,2022-Q2,2022q2,0.0062036934887217,-1.3005180881078071,-3.7820923522090077,-5.082610440316815
CRI,Costa Rica,CRI,2022,3,2022.5,2022-Q3,2022q3,0.0063167820018662,-1.282352891779495,-3.782192485638369,-5.064545377417864
CRI,Costa Rica,CRI,2022,4,2022.75,2022-Q4,2022q4,0.0065196580534465,-1.2514518652207536,-3.7814814849885647,-5.032933350209318
CRI,Costa Rica,CRI,2023,1,2023.0,2023-Q1,2023q1,0.0067519139514298,-1.2152641667263668,-3.7826650992036,-4.997929265929967
CRI,Costa Rica,CRI,2023,2,2023.25,2023-Q2,2023q2,0.0066942070795441,-1.2256133335242816,-3.780899408049487,-5.0065127415737685
CRI,Costa Rica,CRI,2023,3,2023.5,2023-Q3,2023q3,0.0070218996199131,-1.178009691916742,-3.7807118045063346,-4.958721496423077
CRI,Costa Rica,CRI,2023,4,2023.75,2023-Q4,2023q4,0.0070836372744387,-1.1711955731626569,-3.7787721907052205,-4.949967763867877
CRI,Costa Rica,CRI,2024,1,2024.0,2024-Q1,2024q1,0.0068732480432258,-1.2043624803567918,-3.775756017623659,-4.980118497980451
CRI,Costa Rica,CRI,2024,2,2024.25,2024-Q2,2024q2,0.0068843889339426,-1.2075124975657867,-3.770986406414534,-4.978498903980321
CRI,Costa Rica,CRI,2024,3,2024.5,2024-Q3,2024q3,0.006785801617813,-1.227746410129106,-3.765176436957072,-4.992922847086178
CRI,Costa Rica,CRI,2024,4,2024.75,2024-Q4,2024q4,0.0069321856694561,-1.209444439267716,-3.7621356838204347,-4.971580123088151
CRI,Costa Rica,CRI,2025,1,2025.0,2025-Q1,2025q1,0.0070156465440702,-1.2017716241013203,-3.757840779633255,-4.9596124037345755
CRI,Costa Rica,CRI,2025,2,2025.25,2025-Q2,2025q2,0.0073256847958462,-1.1635060839630866,-3.7528625569980663,-4.916368640961153
CRI,Costa Rica,CRI,2025,3,2025.5,2025-Q3,2025q3,0.0073567711005363,-1.163907542979746,-3.7482266086888907,-4.912134151668637
CRI,Costa Rica,CRI,2025,4,2025.75,2025-Q4,2025q4,0.0073860379724188,-1.1610121013496153,-3.747151720080949,-4.9081638214305645
CRI,Costa Rica,CRI,2026,1,2026.0,2026-Q1,2026q1,0.0074872338444865,-1.1450177200158684,-3.7495381428027086,-4.894555862818577
CZE,Czech Republic,CZE,1998,1,1998.0,1998-Q1,1998q1,0.0074957471112735,-0.6829089875651553,-4.21051048353961,-4.893419471104766
CZE,Czech Republic,CZE,1998,2,1998.25,1998-Q2,1998q2,0.0075623728336411,-0.6733544340038744,-4.211215837148984,-4.8845702711528585
CZE,Czech Republic,CZE,1998,3,1998.5,1998-Q3,1998q3,0.0076141647275789,-0.6692729142659566,-4.2084720721621,-4.877744986428056
CZE,Czech Republic,CZE,1998,4,1998.75,1998-Q4,1998q4,0.007639321071299,-0.6681511255226535,-4.206295419243004,-4.874446544765657
CZE,Czech Republic,CZE,1999,1,1999.0,1999-Q1,1999q1,0.0077013054831267,-0.6584061535183023,-4.207959267711823,-4.8663654212301255
CZE,Czech Republic,CZE,1999,2,1999.25,1999-Q2,1999q2,0.0077789485913388,-0.6516667683238184,-4.2046673241020285,-4.856334092425847
CZE,Czech Republic,CZE,1999,3,1999.5,1999-Q3,1999q3,0.0078797739438997,-0.6453449045636246,-4.198111158282587,-4.8434560628462116
CZE,Czech Republic,CZE,1999,4,1999.75,1999-Q4,1999q4,0.0079816218214216,-0.6422113688531148,-4.188402283549777,-4.830613652402892
CZE,Czech Republic,CZE,2000,1,2000.0,2000-Q1,2000q1,0.0081138815214902,-0.6298567218154876,-4.184322194227946,-4.814178916043433
CZE,Czech Republic,CZE,2000,2,2000.25,2000-Q2,2000q2,0.0081952149202086,-0.622906693728674,-4.181298147628699,-4.804204841357373
CZE,Czech Republic,CZE,2000,3,2000.5,2000-Q3,2000q3,0.0082823703649365,-0.6151268496988482,-4.17849922589675,-4.793626075595598
CZE,Czech Republic,CZE,2000,4,2000.75,2000-Q4,2000q4,0.0083194001829394,-0.6159740418075614,-4.173191078337019,-4.78916512014458
CZE,Czech Republic,CZE,2001,1,2001.0,2001-Q1,2001q1,0.0084039652163402,-0.605615082309944,-4.173436552638961,-4.779051634948905
CZE,Czech Republic,CZE,2001,2,2001.25,2001-Q2,2001q2,0.0084443396101656,-0.6004435997939401,-4.1738153309007995,-4.77425893069474
CZE,Czech Republic,CZE,2001,3,2001.5,2001-Q3,2001q3,0.0084966451950889,-0.5935362524731387,-4.174547623851253,-4.768083876324392
CZE,Czech Republic,CZE,2001,4,2001.75,2001-Q4,2001q4,0.008550275669606,-0.5910607788163409,-4.17073097567771,-4.761791754494051
CZE,Czech Republic,CZE,2002,1,2002.0,2002-Q1,2002q1,0.008505520990464,-0.6060412496486673,-4.160998548399518,-4.767039798048185
CZE,Czech Republic,CZE,2002,2,2002.25,2002-Q2,2002q2,0.00849964620672,-0.6145325330603555,-4.153198206030584,-4.76773073909094
CZE,Czech Republic,CZE,2002,3,2002.5,2002-Q3,2002q3,0.0085395939309933,-0.6130210486046144,-4.150020772771553,-4.763041821376167
CZE,Czech Republic,CZE,2002,4,2002.75,2002-Q4,2002q4,0.0085730124034134,-0.6136718718363419,-4.145464230650573,-4.759136102486915
CZE,Czech Republic,CZE,2003,1,2003.0,2003-Q1,2003q1,0.008692993747576,-0.6038121245647678,-4.141425769568831,-4.745237894133599
CZE,Czech Republic,CZE,2003,2,2003.25,2003-Q2,2003q2,0.008815682442451,-0.5946351293177479,-4.136587918495714,-4.731223047813462
CZE,Czech Republic,CZE,2003,3,2003.5,2003-Q3,2003q3,0.008946653344753,-0.5879777522970526,-4.128497992287372,-4.716475744584424
CZE,Czech Republic,CZE,2003,4,2003.75,2003-Q4,2003q4,0.0090258889408251,-0.5882345949431853,-4.119423687072228,-4.707658282015413
CZE,Czech Republic,CZE,2004,1,2004.0,2004-Q1,2004q1,0.0091520814472217,-0.5826879887376428,-4.111085956256169,-4.693773944993811
CZE,Czech Republic,CZE,2004,2,2004.25,2004-Q2,2004q2,0.0092648364545361,-0.5788266476685937,-4.102702423697901,-4.681529071366494
CZE,Czech Republic,CZE,2004,3,2004.5,2004-Q3,2004q3,0.0093807669870691,-0.5732867410949103,-4.095807009867689,-4.669093750962599
CZE,Czech Republic,CZE,2004,4,2004.75,2004-Q4,2004q4,0.0095206859446772,-0.5701331413644866,-4.084155238397759,-4.654288379762246
CZE,Czech Republic,CZE,2005,1,2005.0,2005-Q1,2005q1,0.0096713144146616,-0.5606611642467927,-4.077929887448277,-4.6385910516950695
CZE,Czech Republic,CZE,2005,2,2005.25,2005-Q2,2005q2,0.0097608941546021,-0.5638907310486916,-4.065480537503734,-4.6293712685524255
CZE,Czech Republic,CZE,2005,3,2005.5,2005-Q3,2005q3,0.0098222344842655,-0.5640288080970279,-4.059077830180438,-4.623106638277466
CZE,Czech Republic,CZE,2005,4,2005.75,2005-Q4,2005q4,0.0099870695556698,-0.5569981076774253,-4.04946595944698,-4.6064640671244055
CZE,Czech Republic,CZE,2006,1,2006.0,2006-Q1,2006q1,0.0101400292909501,-0.5500152993254899,-4.041249092843926,-4.591264392169416
CZE,Czech Republic,CZE,2006,2,2006.25,2006-Q2,2006q2,0.0102973920327362,-0.5418699716647257,-4.0339946448477555,-4.575864616512481
CZE,Czech Republic,CZE,2006,3,2006.5,2006-Q3,2006q3,0.0104077485016121,-0.5382961073052028,-4.026908594708328,-4.5652047020135305
CZE,Czech Republic,CZE,2006,4,2006.75,2006-Q4,2006q4,0.0105028782463617,-0.539001209394101,-4.017104731287111,-4.556105940681212
CZE,Czech Republic,CZE,2007,1,2007.0,2007-Q1,2007q1,0.0106026767658751,-0.5371118381420263,-4.009536946518625,-4.546648784660651
CZE,Czech Republic,CZE,2007,2,2007.25,2007-Q2,2007q2,0.0106287286881192,-0.5428304866668068,-4.0013642037158625,-4.544194690382669
CZE,Czech Republic,CZE,2007,3,2007.5,2007-Q3,2007q3,0.0107263686906794,-0.5425316740121988,-3.9925185314516303,-4.535050205463829
CZE,Czech Republic,CZE,2007,4,2007.75,2007-Q4,2007q4,0.0108260750472645,-0.5422008206358115,-3.983596877863246,-4.5257976984990576
CZE,Czech Republic,CZE,2008,1,2008.0,2008-Q1,2008q1,0.0108080488825826,-0.5455638560886857,-3.9819002994309596,-4.527464155519645
CZE,Czech Republic,CZE,2008,2,2008.25,2008-Q2,2008q2,0.010845209600808,-0.5454394132699454,-3.978592394666867,-4.5240318079368125
CZE,Czech Republic,CZE,2008,3,2008.5,2008-Q3,2008q3,0.0108704088068223,-0.540130846058938,-3.981580123773969,-4.521710969832907
CZE,Czech Republic,CZE,2008,4,2008.75,2008-Q4,2008q4,0.010613790624603,-0.5502836305612582,-3.995317490552026,-4.545601121113284
CZE,Czech Republic,CZE,2009,1,2009.0,2009-Q1,2009q1,0.0103419541250071,-0.5607958484717841,-4.010750592341259,-4.5715464408130435
CZE,Czech Republic,CZE,2009,2,2009.25,2009-Q2,2009q2,0.0103718532833955,-0.5646571197146599,-4.004002437140827,-4.568659556855487
CZE,Czech Republic,CZE,2009,3,2009.5,2009-Q3,2009q3,0.0104856855243412,-0.565512467426105,-3.992231767904877,-4.557744235330982
CZE,Czech Republic,CZE,2009,4,2009.75,2009-Q4,2009q4,0.0104878238347289,-0.5720716997517963,-3.985468629751267,-4.557540329503063
CZE,Czech Republic,CZE,2010,1,2010.0,2010-Q1,2010q1,0.0106593440744875,-0.5604080803293212,-3.9809103132822243,-4.5413183936115455
CZE,Czech Republic,CZE,2010,2,2010.25,2010-Q2,2010q2,0.0107778197028204,-0.5636592296805376,-3.9666057581895937,-4.530264987870131
CZE,Czech Republic,CZE,2010,3,2010.5,2010-Q3,2010q3,0.0108531673196767,-0.5625615026224988,-3.9607368201089788,-4.523298322731478
CZE,Czech Republic,CZE,2010,4,2010.75,2010-Q4,2010q4,0.0108958102340171,-0.5676277302554391,-3.9517492155856404,-4.5193769458410795
CZE,Czech Republic,CZE,2011,1,2011.0,2011-Q1,2011q1,0.0109723027375674,-0.562438190713813,-3.949942923742827,-4.51238111445664
CZE,Czech Republic,CZE,2011,2,2011.25,2011-Q2,2011q2,0.0110258759967096,-0.5642972664453105,-3.9432131388764726,-4.507510405321783
CZE,Czech Republic,CZE,2011,3,2011.5,2011-Q3,2011q3,0.0110170238558306,-0.5704177199384493,-3.9378958593227056,-4.508313579261155
CZE,Czech Republic,CZE,2011,4,2011.75,2011-Q4,2011q4,0.0110475546703506,-0.5677510679052737,-3.937795104403702,-4.505546172308976
CZE,Czech Republic,CZE,2012,1,2012.0,2012-Q1,2012q1,0.0110180575293149,-0.5714732034102097,-3.936746555141414,-4.508219758551624
CZE,Czech Republic,CZE,2012,2,2012.25,2012-Q2,2012q2,0.0109157148853171,-0.5825217518871875,-3.935030043560548,-4.517551795447735
CZE,Czech Republic,CZE,2012,3,2012.5,2012-Q3,2012q3,0.0108359473442071,-0.5937436568743748,-3.931142557235305,-4.52488621410968
CZE,Czech Republic,CZE,2012,4,2012.75,2012-Q4,2012q4,0.010821224078005,-0.6000228430638801,-3.9262230378446903,-4.52624588090857
CZE,Czech Republic,CZE,2013,1,2013.0,2013-Q1,2013q1,0.0107413874510907,-0.6139550017820499,-3.9196960110728867,-4.5336510128549365
CZE,Czech Republic,CZE,2013,2,2013.25,2013-Q2,2013q2,0.0107190961232378,-0.6248157488822805,-3.910912694874213,-4.5357284437564935
CZE,Czech Republic,CZE,2013,3,2013.5,2013-Q3,2013q3,0.0107974502526736,-0.6229257608768717,-3.905519499563591,-4.528445260440463
CZE,Czech Republic,CZE,2013,4,2013.75,2013-Q4,2013q4,0.0109020696242086,-0.6159573061798138,-3.9028453278103648,-4.518802633990179
CZE,Czech Republic,CZE,2014,1,2014.0,2014-Q1,2014q1,0.0108422435518905,-0.6255467514393285,-3.8987585832149927,-4.524305334654321
CZE,Czech Republic,CZE,2014,2,2014.25,2014-Q2,2014q2,0.0109254659711729,-0.6226758847682432,-3.893983002318197,-4.51665888708644
CZE,Czech Republic,CZE,2014,3,2014.5,2014-Q3,2014q3,0.0109920183808418,-0.618661130109817,-3.8919247411919593,-4.510585871301776
CZE,Czech Republic,CZE,2014,4,2014.75,2014-Q4,2014q4,0.0110381762485633,-0.6212101148050415,-3.8851853318508356,-4.506395446655877
CZE,Czech Republic,CZE,2015,1,2015.0,2015-Q1,2015q1,0.0112302071352111,-0.6075105681434927,-3.8816374974488594,-4.489148065592352
CZE,Czech Republic,CZE,2015,2,2015.25,2015-Q2,2015q2,0.0113031603714241,-0.6056264867927141,-3.877046426686889,-4.482672913479603
CZE,Czech Republic,CZE,2015,3,2015.5,2015-Q3,2015q3,0.0114138005208289,-0.5999493930940032,-3.872982690636614,-4.472932083730617
CZE,Czech Republic,CZE,2015,4,2015.75,2015-Q4,2015q4,0.0114381687695039,-0.5969073155388043,-3.8738920629004796,-4.470799378439284
CZE,Czech Republic,CZE,2016,1,2016.0,2016-Q1,2016q1,0.0113772824227501,-0.6009935357037,-3.875143146019994,-4.476136681723694
CZE,Czech Republic,CZE,2016,2,2016.25,2016-Q2,2016q2,0.0113626749188844,-0.6096134327562917,-3.8678079924394737,-4.477421425195765
CZE,Czech Republic,CZE,2016,3,2016.5,2016-Q3,2016q3,0.0114372195112266,-0.6035843107369381,-3.867298061552871,-4.470882372289809
CZE,Czech Republic,CZE,2016,4,2016.75,2016-Q4,2016q4,0.0114657765808677,-0.6093701291955442,-3.8590185008497677,-4.468388630045312
CZE,Czech Republic,CZE,2017,1,2017.0,2017-Q1,2017q1,0.0116305064191134,-0.599772530961852,-3.8543512382319376,-4.45412376919379
CZE,Czech Republic,CZE,2017,2,2017.25,2017-Q2,2017q2,0.0118809055499615,-0.58613986686753,-3.8466828763408323,-4.432822743208362
CZE,Czech Republic,CZE,2017,3,2017.5,2017-Q3,2017q3,0.011863953702613,-0.5910122911135574,-3.8432382853826903,-4.434250576496248
CZE,Czech Republic,CZE,2017,4,2017.75,2017-Q4,2017q4,0.0119446256807662,-0.5896893672847141,-3.837784468307589,-4.427473835592303
CZE,Czech Republic,CZE,2018,1,2018.0,2018-Q1,2018q1,0.0119542765085826,-0.593338191716287,-3.8333280060803943,-4.426666197796681
CZE,Czech Republic,CZE,2018,2,2018.25,2018-Q2,2018q2,0.0119239916645641,-0.6035107103256014,-3.8256920918879103,-4.429202802213512
CZE,Czech Republic,CZE,2018,3,2018.5,2018-Q3,2018q3,0.012017515015437,-0.5971320216637515,-3.824258087068906,-4.421390108732657
CZE,Czech Republic,CZE,2018,4,2018.75,2018-Q4,2018q4,0.0120948279888653,-0.5899980539049672,-3.8249793027892887,-4.414977356694256
CZE,Czech Republic,CZE,2019,1,2019.0,2019-Q1,2019q1,0.0122667020592808,-0.5794755884930756,-3.821391248718992,-4.400866837212067
CZE,Czech Republic,CZE,2019,2,2019.25,2019-Q2,2019q2,0.0123278795564088,-0.5823250085991867,-3.8135669423342766,-4.395891950933463
CZE,Czech Republic,CZE,2019,3,2019.5,2019-Q3,2019q3,0.012452105230262,-0.5737331530550476,-3.8121324225111266,-4.385865575566174
CZE,Czech Republic,CZE,2019,4,2019.75,2019-Q4,2019q4,0.0125431580267667,-0.5633301937518942,-3.8152497454656107,-4.378579939217505
CZE,Czech Republic,CZE,2020,1,2020.0,2020-Q1,2020q1,0.0121482440519985,-0.5963639831148546,-3.8142066589943626,-4.410570642109217
CZE,Czech Republic,CZE,2020,2,2020.25,2020-Q2,2020q2,0.011190731106288,-0.6104810804369958,-3.8821883426730164,-4.492669423110012
CZE,Czech Republic,CZE,2020,3,2020.5,2020-Q3,2020q3,0.0120423659460256,-0.5919300570425245,-3.8273942942189545,-4.419324351261479
CZE,Czech Republic,CZE,2020,4,2020.75,2020-Q4,2020q4,0.0121780288991708,-0.5898331944793651,-3.8182886662554183,-4.408121860734783
CZE,Czech Republic,CZE,2021,1,2021.0,2021-Q1,2021q1,0.0122040645190744,-0.6066987623374391,-3.799287463088877,-4.405986225426316
CZE,Czech Republic,CZE,2021,2,2021.25,2021-Q2,2021q2,0.0123685464973072,-0.5983554929347763,-3.7942431087856,-4.392598601720376
CZE,Czech Republic,CZE,2021,3,2021.5,2021-Q3,2021q3,0.0124721539568164,-0.592335412159021,-3.7919213909475182,-4.384256803106539
CZE,Czech Republic,CZE,2021,4,2021.75,2021-Q4,2021q4,0.0125568229550478,-0.5938663721606443,-3.7836247272174144,-4.377491099378059
CZE,Czech Republic,CZE,2022,1,2022.0,2022-Q1,2022q1,0.0125914542794225,-0.5920493939114597,-3.7826875330083403,-4.3747369269198
CZE,Czech Republic,CZE,2022,2,2022.25,2022-Q2,2022q2,0.0132487711250647,-0.5417581239201437,-3.7820923522090077,-4.323850476129151
CZE,Czech Republic,CZE,2022,3,2022.5,2022-Q3,2022q3,0.0126624129570957,-0.586924797862034,-3.782192485638369,-4.369117283500403
CZE,Czech Republic,CZE,2022,4,2022.75,2022-Q4,2022q4,0.0130269887012137,-0.5592505346145393,-3.7814814849885647,-4.340732019603104
CZE,Czech Republic,CZE,2023,1,2023.0,2023-Q1,2023q1,0.0133215070466976,-0.5357103794223632,-3.7826650992036,-4.318375478625963
CZE,Czech Republic,CZE,2023,2,2023.25,2023-Q2,2023q2,0.0132664781290111,-0.5416154587924233,-3.780899408049487,-4.32251486684191
CZE,Czech Republic,CZE,2023,3,2023.5,2023-Q3,2023q3,0.0130733457172818,-0.556467995108302,-3.7807118045063346,-4.337179799614637
CZE,Czech Republic,CZE,2023,4,2023.75,2023-Q4,2023q4,0.0130434375509968,-0.5606979506449807,-3.7787721907052205,-4.339470141350201
CZE,Czech Republic,CZE,2024,1,2024.0,2024-Q1,2024q1,0.0126865944523609,-0.5914533803165951,-3.775756017623659,-4.367209397940254
CZE,Czech Republic,CZE,2024,2,2024.25,2024-Q2,2024q2,0.0133412053922081,-0.5459114769262858,-3.770986406414534,-4.31689788334082
CZE,Czech Republic,CZE,2024,3,2024.5,2024-Q3,2024q3,0.0129793969507551,-0.5792155917086075,-3.765176436957072,-4.34439202866568
CZE,Czech Republic,CZE,2024,4,2024.75,2024-Q4,2024q4,0.0129526604005476,-0.584318391779588,-3.7621356838204347,-4.346454075600023
CZE,Czech Republic,CZE,2025,1,2025.0,2025-Q1,2025q1,0.0131009217570633,-0.5772319084825424,-3.757840779633255,-4.3350726881157975
CZE,Czech Republic,CZE,2025,2,2025.25,2025-Q2,2025q2,0.0130828146667289,-0.5835932105169248,-3.7528625569980663,-4.336455767514991
CZE,Czech Republic,CZE,2025,3,2025.5,2025-Q3,2025q3,0.0132119929472988,-0.5784036965751089,-3.7482266086888907,-4.326630305264
CZE,Czech Republic,CZE,2025,4,2025.75,2025-Q4,2025q4,0.0133030021116863,-0.572613826461831,-3.747151720080949,-4.31976554654278
CZE,Czech Republic,CZE,2026,1,2026.0,2026-Q1,2026q1,0.0132361574718838,-0.575264848949689,-3.7495381428027086,-4.324802991752398
DEU,Germany,DEU,1995,1,1995.0,1995-Q1,1995q1,0.0207562280826292,0.3791656398061809,-4.254074568586735,-3.8749089287805543
DEU,Germany,DEU,1995,2,1995.25,1995-Q2,1995q2,0.0209572031418025,0.3851673403050455,-4.2504402066290705,-3.865272866324025
DEU,Germany,DEU,1995,3,1995.5,1995-Q3,1995q3,0.0210198152663106,0.3850613443337605,-4.24735104637809,-3.8622897020443294
DEU,Germany,DEU,1995,4,1995.75,1995-Q4,1995q4,0.0210305157521612,0.3826387209381181,-4.244419485914777,-3.8617807649766585
DEU,Germany,DEU,1996,1,1996.0,1996-Q1,1996q1,0.020927829377099,0.37439943864618286,-4.241074895239452,-3.866675456593269
DEU,Germany,DEU,1996,2,1996.25,1996-Q2,1996q2,0.0212390212060073,0.3852412183224754,-4.237156384572403,-3.8519151662499276
DEU,Germany,DEU,1996,3,1996.5,1996-Q3,1996q3,0.0213280116070561,0.3889637442773055,-4.236697715606429,-3.847733971329123
DEU,Germany,DEU,1996,4,1996.75,1996-Q4,1996q4,0.0215159483367354,0.39113848565196063,-4.230099321381617,-3.8389608357296567
DEU,Germany,DEU,1997,1,1997.0,1997-Q1,1997q1,0.0216012471746531,0.39242756483962626,-4.227431791231235,-3.835004226391609
DEU,Germany,DEU,1997,2,1997.25,1997-Q2,1997q2,0.0218548482808828,0.39102458360603265,-4.214357076375103,-3.8233324927690706
DEU,Germany,DEU,1997,3,1997.5,1997-Q3,1997q3,0.0219355041583231,0.3900101215845724,-4.2096588820174015,-3.819648760432829
DEU,Germany,DEU,1997,4,1997.75,1997-Q4,1997q4,0.0220816903105092,0.3931855870404255,-4.206192093625781,-3.813006506585355
DEU,Germany,DEU,1998,1,1998.0,1998-Q1,1998q1,0.0221677589890155,0.40139414003701335,-4.21051048353961,-3.809116343502597
DEU,Germany,DEU,1998,2,1998.25,1998-Q2,1998q2,0.0220672069665852,0.39755321703251756,-4.211215837148984,-3.8136626201164665
DEU,Germany,DEU,1998,3,1998.5,1998-Q3,1998q3,0.0221609278299092,0.39904752376327934,-4.2084720721621,-3.8094245483988205
DEU,Germany,DEU,1998,4,1998.75,1998-Q4,1998q4,0.022135979399322,0.39574445210365994,-4.206295419243004,-3.810550967139344
DEU,Germany,DEU,1999,1,1999.0,1999-Q1,1999q1,0.0220911523770714,0.3953811721650715,-4.207959267711823,-3.8125780955467516
DEU,Germany,DEU,1999,2,1999.25,1999-Q2,1999q2,0.0220562514966221,0.39050812141611724,-4.2046673241020285,-3.8141592026859112
DEU,Germany,DEU,1999,3,1999.5,1999-Q3,1999q3,0.0223418427181268,0.3968171546842325,-4.198111158282587,-3.8012940035983545
DEU,Germany,DEU,1999,4,1999.75,1999-Q4,1999q4,0.0224346838650594,0.39125515274673583,-4.188402283549777,-3.7971471308030416
DEU,Germany,DEU,2000,1,2000.0,2000-Q1,2000q1,0.0226666466072283,0.39746144677819206,-4.184322194227946,-3.7868607474497535
DEU,Germany,DEU,2000,2,2000.25,2000-Q2,2000q2,0.0228404688284775,0.4020767798645739,-4.181298147628699,-3.7792213677641247
DEU,Germany,DEU,2000,3,2000.5,2000-Q3,2000q3,0.0228447142622219,0.39946371417913307,-4.17849922589675,-3.7790355117176166
DEU,Germany,DEU,2000,4,2000.75,2000-Q4,2000q4,0.0227419817936291,0.3896484339955366,-4.173191078337019,-3.783542644341482
DEU,Germany,DEU,2001,1,2001.0,2001-Q1,2001q1,0.0231104043843983,0.40596419603313194,-4.173436552638961,-3.767472356605829
DEU,Germany,DEU,2001,2,2001.25,2001-Q2,2001q2,0.0230509042090523,0.40376504875036723,-4.1738153309007995,-3.7700502821504323
DEU,Germany,DEU,2001,3,2001.5,2001-Q3,2001q3,0.0230495156412221,0.4044371006949845,-4.174547623851253,-3.7701105231562684
DEU,Germany,DEU,2001,4,2001.75,2001-Q4,2001q4,0.0229754042599427,0.39739996042747094,-4.17073097567771,-3.773331015250239
DEU,Germany,DEU,2002,1,2002.0,2002-Q1,2002q1,0.0230198653113502,0.38960082175352273,-4.160998548399518,-3.7713977266459953
DEU,Germany,DEU,2002,2,2002.25,2002-Q2,2002q2,0.023116940023708,0.38600861017759236,-4.153198206030584,-3.767189595852992
DEU,Germany,DEU,2002,3,2002.5,2002-Q3,2002q3,0.0232863643882887,0.3901334636666163,-4.150020772771553,-3.7598873091049367
DEU,Germany,DEU,2002,4,2002.75,2002-Q4,2002q4,0.0232107837596049,0.38232593957098704,-4.145464230650573,-3.763138291079586
DEU,Germany,DEU,2003,1,2003.0,2003-Q1,2003q1,0.0231055203955032,0.37374205772402114,-4.141425769568831,-3.7676837118448097
DEU,Germany,DEU,2003,2,2003.25,2003-Q2,2003q2,0.0231523615428291,0.3709294253324815,-4.136587918495714,-3.765658493163232
DEU,Germany,DEU,2003,3,2003.5,2003-Q3,2003q3,0.0233798779952354,0.3726184509965935,-4.128497992287372,-3.755879541290778
DEU,Germany,DEU,2003,4,2003.75,2003-Q4,2003q4,0.0233784688319129,0.36348387148098604,-4.119423687072228,-3.755939815591242
DEU,Germany,DEU,2004,1,2004.0,2004-Q1,2004q1,0.0236557920589262,0.36693866958123644,-4.111085956256169,-3.744147286674932
DEU,Germany,DEU,2004,2,2004.25,2004-Q2,2004q2,0.023800365863054,0.36464809767226525,-4.102702423697901,-3.7380543260256354
DEU,Germany,DEU,2004,3,2004.5,2004-Q3,2004q3,0.0237456475269272,0.35545098254754715,-4.095807009867689,-3.7403560273201415
DEU,Germany,DEU,2004,4,2004.75,2004-Q4,2004q4,0.0236833041670621,0.34117029377946695,-4.084155238397759,-3.7429849446182923
DEU,Germany,DEU,2005,1,2005.0,2005-Q1,2005q1,0.0230344336660578,0.30716482075008233,-4.077929887448277,-3.7707650666981944
DEU,Germany,DEU,2005,2,2005.25,2005-Q2,2005q2,0.0235283026653129,0.3159293237381906,-4.065480537503734,-3.7495512137655433
DEU,Germany,DEU,2005,3,2005.5,2005-Q3,2005q3,0.0235332225389864,0.3097356990432232,-4.059077830180438,-3.7493421311372153
DEU,Germany,DEU,2005,4,2005.75,2005-Q4,2005q4,0.0234544817201457,0.2967722752262687,-4.04946595944698,-3.7526936842207115
DEU,Germany,DEU,2006,1,2006.0,2006-Q1,2006q1,0.0234379476090289,0.28785021539528755,-4.041249092843926,-3.7533988774486384
DEU,Germany,DEU,2006,2,2006.25,2006-Q2,2006q2,0.0236505859009881,0.2896272543228293,-4.0339946448477555,-3.744367390524926
DEU,Germany,DEU,2006,3,2006.5,2006-Q3,2006q3,0.0238494000986597,0.2909123796481672,-4.026908594708328,-3.7359962150601604
DEU,Germany,DEU,2006,4,2006.75,2006-Q4,2006q4,0.0241272148387389,0.2926899021031426,-4.017104731287111,-3.724414829183968
DEU,Germany,DEU,2007,1,2007.0,2007-Q1,2007q1,0.0239648346364599,0.278369199913965,-4.009536946518625,-3.73116774660466
DEU,Germany,DEU,2007,2,2007.25,2007-Q2,2007q2,0.024016401255476,0.2723459073248642,-4.0013642037158625,-3.7290182963909984
DEU,Germany,DEU,2007,3,2007.5,2007-Q3,2007q3,0.0240018417620981,0.26289381996048977,-3.9925185314516303,-3.7296247114911405
DEU,Germany,DEU,2007,4,2007.75,2007-Q4,2007q4,0.0240287227409466,0.25509149453046565,-3.983596877863246,-3.7285053833327804
DEU,Germany,DEU,2008,1,2008.0,2008-Q1,2008q1,0.0241564944544779,0.25869828590496846,-3.9819002994309596,-3.723202013525991
DEU,Germany,DEU,2008,2,2008.25,2008-Q2,2008q2,0.0240225106339864,0.24982844952168337,-3.978592394666867,-3.7287639451451837
DEU,Germany,DEU,2008,3,2008.5,2008-Q3,2008q3,0.0236235529098627,0.23606906380304382,-3.981580123773969,-3.745511059970925
DEU,Germany,DEU,2008,4,2008.75,2008-Q4,2008q4,0.0233640583707639,0.23876108606549096,-3.995317490552026,-3.756556404486535
DEU,Germany,DEU,2009,1,2009.0,2009-Q1,2009q1,0.0222554243375011,0.20558108270879627,-4.010750592341259,-3.805169509632463
DEU,Germany,DEU,2009,2,2009.25,2009-Q2,2009q2,0.0224858019320401,0.20913124294617802,-4.004002437140827,-3.7948711941946494
DEU,Germany,DEU,2009,3,2009.5,2009-Q3,2009q3,0.0228427418901266,0.21310991423423253,-3.992231767904877,-3.7791218536706443
DEU,Germany,DEU,2009,4,2009.75,2009-Q4,2009q4,0.0225297556886675,0.1925502613314749,-3.985468629751267,-3.7929183684197922
DEU,Germany,DEU,2010,1,2010.0,2010-Q1,2010q1,0.0233505391210555,0.22377510684462054,-3.9809103132822243,-3.757135206437604
DEU,Germany,DEU,2010,2,2010.25,2010-Q2,2010q2,0.023934872411628,0.23418697141846057,-3.9666057581895937,-3.732418786771133
DEU,Germany,DEU,2010,3,2010.5,2010-Q3,2010q3,0.0241198328998593,0.23601598509529875,-3.9607368201089788,-3.72472083501368
DEU,Germany,DEU,2010,4,2010.75,2010-Q4,2010q4,0.0240382584027431,0.22364059783683032,-3.9517492155856404,-3.72810861774881
DEU,Germany,DEU,2011,1,2011.0,2011-Q1,2011q1,0.0242490770758413,0.23056620269173678,-3.949942923742827,-3.7193767210510904
DEU,Germany,DEU,2011,2,2011.25,2011-Q2,2011q2,0.0240977674340506,0.21757705850855702,-3.9432131388764726,-3.7256360803679156
DEU,Germany,DEU,2011,3,2011.5,2011-Q3,2011q3,0.0241830492822027,0.2157925251942956,-3.9378958593227056,-3.72210333412841
DEU,Germany,DEU,2011,4,2011.75,2011-Q4,2011q4,0.0240377774940844,0.20966648048550907,-3.937795104403702,-3.728128623918193
DEU,Germany,DEU,2012,1,2012.0,2012-Q1,2012q1,0.0241317605843443,0.21252011560223227,-3.936746555141414,-3.7242264395391818
DEU,Germany,DEU,2012,2,2012.25,2012-Q2,2012q2,0.0241040769899531,0.20965576047503642,-3.935030043560548,-3.7253742830855114
DEU,Germany,DEU,2012,3,2012.5,2012-Q3,2012q3,0.0240296899600167,0.20267742571342984,-3.931142557235305,-3.728465131521875
DEU,Germany,DEU,2012,4,2012.75,2012-Q4,2012q4,0.0239997321113575,0.19651042712143196,-3.9262230378446903,-3.7297126107232583
DEU,Germany,DEU,2013,1,2013.0,2013-Q1,2013q1,0.023862377200198,0.18424377498785516,-3.9196960110728867,-3.7354522360850315
DEU,Germany,DEU,2013,2,2013.25,2013-Q2,2013q2,0.0238657529150087,0.1756019147736576,-3.910912694874213,-3.7353107801005554
DEU,Germany,DEU,2013,3,2013.5,2013-Q3,2013q3,0.0240143286016633,0.17641489785013942,-3.905519499563591,-3.7291046017134515
DEU,Germany,DEU,2013,4,2013.75,2013-Q4,2013q4,0.0241359147211397,0.17879101741472914,-3.9028453278103648,-3.7240543103956356
DEU,Germany,DEU,2014,1,2014.0,2014-Q1,2014q1,0.0241521247381996,0.17537566133917704,-3.8987585832149927,-3.7233829218758157
DEU,Germany,DEU,2014,2,2014.25,2014-Q2,2014q2,0.024120186221891,0.16927681580748777,-3.893983002318197,-3.7247061865107094
DEU,Germany,DEU,2014,3,2014.5,2014-Q3,2014q3,0.0243122371317693,0.17514927146913362,-3.8919247411919593,-3.7167754697228257
DEU,Germany,DEU,2014,4,2014.75,2014-Q4,2014q4,0.0243347601658917,0.16933584058435436,-3.8851853318508356,-3.7158494912664812
DEU,Germany,DEU,2015,1,2015.0,2015-Q1,2015q1,0.0242564268746875,0.16256382649740075,-3.8816374974488594,-3.7190736709514587
DEU,Germany,DEU,2015,2,2015.25,2015-Q2,2015q2,0.0243855119524498,0.16328033121065832,-3.877046426686889,-3.7137660954762306
DEU,Germany,DEU,2015,3,2015.5,2015-Q3,2015q3,0.0244117939088817,0.16029378409568684,-3.872982690636614,-3.712688906540927
DEU,Germany,DEU,2015,4,2015.75,2015-Q4,2015q4,0.0244134604908166,0.16127142356905422,-3.8738920629004796,-3.7126206393314254
DEU,Germany,DEU,2016,1,2016.0,2016-Q1,2016q1,0.0241034980563954,0.14974484456985104,-3.875143146019994,-3.725398301450143
DEU,Germany,DEU,2016,2,2016.25,2016-Q2,2016q2,0.0243317944272303,0.15183662122115038,-3.8678079924394737,-3.7159713712183233
DEU,Germany,DEU,2016,3,2016.5,2016-Q3,2016q3,0.0242463445313459,0.14780864761623702,-3.867298061552871,-3.719489413936634
DEU,Germany,DEU,2016,4,2016.75,2016-Q4,2016q4,0.0243172733815443,0.14245015843461362,-3.8590185008497677,-3.716568342415154
DEU,Germany,DEU,2017,1,2017.0,2017-Q1,2017q1,0.0246282944171694,0.15049192079809837,-3.8543512382319376,-3.7038593174338392
DEU,Germany,DEU,2017,2,2017.25,2017-Q2,2017q2,0.024755112384075,0.14795962601534152,-3.8466828763408323,-3.6987232503254908
DEU,Germany,DEU,2017,3,2017.5,2017-Q3,2017q3,0.0247236252828773,0.14324228207549883,-3.8432382853826903,-3.6999960033071915
DEU,Germany,DEU,2017,4,2017.75,2017-Q4,2017q4,0.0250316988986814,0.1501721669636238,-3.837784468307589,-3.687612301343965
DEU,Germany,DEU,2018,1,2018.0,2018-Q1,2018q1,0.0248054064801264,0.13663435974084548,-3.8333280060803943,-3.6966936463395488
DEU,Germany,DEU,2018,2,2018.25,2018-Q2,2018q2,0.0250732355276537,0.13973777648736263,-3.8256920918879103,-3.6859543154005476
DEU,Germany,DEU,2018,3,2018.5,2018-Q3,2018q3,0.0248904822328211,0.13098829883949703,-3.824258087068906,-3.6932697882294088
DEU,Germany,DEU,2018,4,2018.75,2018-Q4,2018q4,0.0249252079445427,0.13310368243039106,-3.8249793027892887,-3.6918756203588976
DEU,Germany,DEU,2019,1,2019.0,2019-Q1,2019q1,0.0248940129601139,0.12826330092745586,-3.821391248718992,-3.693127947791536
DEU,Germany,DEU,2019,2,2019.25,2019-Q2,2019q2,0.0249975236652067,0.1245884299224973,-3.8135669423342766,-3.6889785124117793
DEU,Germany,DEU,2019,3,2019.5,2019-Q3,2019q3,0.0249570451621989,0.12153329709768146,-3.8121324225111266,-3.690599125413445
DEU,Germany,DEU,2019,4,2019.75,2019-Q4,2019q4,0.0247098271608873,0.11469549175646554,-3.8152497454656107,-3.700554253709145
DEU,Germany,DEU,2020,1,2020.0,2020-Q1,2020q1,0.025032783788552,0.1266376973520198,-3.8142066589943626,-3.687568961642343
DEU,Germany,DEU,2020,2,2020.25,2020-Q2,2020q2,0.0226742143052108,0.09566140882540797,-3.8821883426730164,-3.7865269338476084
DEU,Germany,DEU,2020,3,2020.5,2020-Q3,2020q3,0.0245946386396648,0.12216749294539886,-3.8273942942189545,-3.7052268012735556
DEU,Germany,DEU,2020,4,2020.75,2020-Q4,2020q4,0.0247076235971196,0.11764523094198731,-3.8182886662554183,-3.700643435313431
DEU,Germany,DEU,2021,1,2021.0,2021-Q1,2021q1,0.0254966777594108,0.13008034383875566,-3.799287463088877,-3.6692071192501214
DEU,Germany,DEU,2021,2,2021.25,2021-Q2,2021q2,0.0256027948564684,0.12918934941072013,-3.7942431087856,-3.6650537593748798
DEU,Germany,DEU,2021,3,2021.5,2021-Q3,2021q3,0.0254905170490496,0.12247261453565939,-3.7919213909475182,-3.669448776411859
DEU,Germany,DEU,2021,4,2021.75,2021-Q4,2021q4,0.0256496860661524,0.12040078064079829,-3.7836247272174144,-3.663223946576616
DEU,Germany,DEU,2022,1,2022.0,2022-Q1,2022q1,0.0256464259647231,0.11933647732716945,-3.7826875330083403,-3.663351055681171
DEU,Germany,DEU,2022,2,2022.25,2022-Q2,2022q2,0.0254072605129138,0.10937205337001199,-3.7820923522090077,-3.6727202988389958
DEU,Germany,DEU,2022,3,2022.5,2022-Q3,2022q3,0.0255257656809084,0.1141255675502304,-3.782192485638369,-3.6680669180881385
DEU,Germany,DEU,2022,4,2022.75,2022-Q4,2022q4,0.0251736280783648,0.09952314772850102,-3.7814814849885647,-3.6819583372600637
DEU,Germany,DEU,2023,1,2023.0,2023-Q1,2023q1,0.024925428833704,0.09079834088441086,-3.7826650992036,-3.6918667583191893
DEU,Germany,DEU,2023,2,2023.25,2023-Q2,2023q2,0.0248672359374283,0.08669524027298747,-3.780899408049487,-3.6942041677764994
DEU,Germany,DEU,2023,3,2023.5,2023-Q3,2023q3,0.0248954505859269,0.08764160490933648,-3.7807118045063346,-3.693070199596998
DEU,Germany,DEU,2023,4,2023.75,2023-Q4,2023q4,0.0247877048766652,0.08136467085668375,-3.7787721907052205,-3.6974075198485368
DEU,Germany,DEU,2024,1,2024.0,2024-Q1,2024q1,0.0247680928708801,0.07755698567359559,-3.775756017623659,-3.6981990319500633
DEU,Germany,DEU,2024,2,2024.25,2024-Q2,2024q2,0.0246067412475893,0.0662515672849806,-3.770986406414534,-3.7047348391295536
DEU,Germany,DEU,2024,3,2024.5,2024-Q3,2024q3,0.0246056933535451,0.06039901127178959,-3.765176436957072,-3.7047774256852826
DEU,Germany,DEU,2024,4,2024.75,2024-Q4,2024q4,0.0244266779387749,0.05005629800326927,-3.7621356838204347,-3.7120793858171655
DEU,Germany,DEU,2025,1,2025.0,2025-Q1,2025q1,0.0248616308357825,0.06341118537780144,-3.757840779633255,-3.6944295942554537
DEU,Germany,DEU,2025,2,2025.25,2025-Q2,2025q2,0.0248884538861061,0.0595112745916313,-3.7528625569980663,-3.693351282406435
DEU,Germany,DEU,2025,3,2025.5,2025-Q3,2025q3,0.0248622799014842,0.053823121217562164,-3.7482266086888907,-3.6944034874713285
DEU,Germany,DEU,2025,4,2025.75,2025-Q4,2025q4,0.0248488688298554,0.05220867268005058,-3.747151720080949,-3.6949430474008986
DNK,Denmark,DNK,1995,1,1995.0,1995-Q1,1995q1,0.0257035393459228,0.5929479897637413,-4.254074568586735,-3.661126578822994
DNK,Denmark,DNK,1995,2,1995.25,1995-Q2,1995q2,0.0255456317287576,0.583151260159442,-4.2504402066290705,-3.6672889464696286
DNK,Denmark,DNK,1995,3,1995.5,1995-Q3,1995q3,0.0255853901015104,0.5816172568109694,-4.24735104637809,-3.6657337895671205
DNK,Denmark,DNK,1995,4,1995.75,1995-Q4,1995q4,0.0256732298727541,0.5821130167582376,-4.244419485914777,-3.662306469156539
DNK,Denmark,DNK,1996,1,1996.0,1996-Q1,1996q1,0.0257369701059665,0.58124809999584,-4.241074895239452,-3.6598267952436117
DNK,Denmark,DNK,1996,2,1996.25,1996-Q2,1996q2,0.0263234759835723,0.5998622695725517,-4.237156384572403,-3.6372941149998512
DNK,Denmark,DNK,1996,3,1996.5,1996-Q3,1996q3,0.0263087460533261,0.598843870081788,-4.236697715606429,-3.6378538455246408
DNK,Denmark,DNK,1996,4,1996.75,1996-Q4,1996q4,0.0262381794265044,0.5895596224564783,-4.230099321381617,-3.640539698925139
DNK,Denmark,DNK,1997,1,1997.0,1997-Q1,1997q1,0.0262876014096001,0.5887739109823196,-4.227431791231235,-3.638657880248916
DNK,Denmark,DNK,1997,2,1997.25,1997-Q2,1997q2,0.0266263686366895,0.5885038242963159,-4.214357076375103,-3.6258532520787874
DNK,Denmark,DNK,1997,3,1997.5,1997-Q3,1997q3,0.0264400585132397,0.5767838310737785,-4.2096588820174015,-3.632875050943623
DNK,Denmark,DNK,1997,4,1997.75,1997-Q4,1997q4,0.0264540641819545,0.5738466164165716,-4.206192093625781,-3.632345477209209
DNK,Denmark,DNK,1998,1,1998.0,1998-Q1,1998q1,0.0270360849615249,0.5999276583237436,-4.21051048353961,-3.6105828252158667
DNK,Denmark,DNK,1998,2,1998.25,1998-Q2,1998q2,0.0267279021003541,0.5891686004023411,-4.211215837148984,-3.622047236746643
DNK,Denmark,DNK,1998,3,1998.5,1998-Q3,1998q3,0.0271126992854315,0.6007190196215344,-4.2084720721621,-3.6077530525405654
DNK,Denmark,DNK,1998,4,1998.75,1998-Q4,1998q4,0.0272514151401059,0.6036455917687187,-4.206295419243004,-3.602649827474285
DNK,Denmark,DNK,1999,1,1999.0,1999-Q1,1999q1,0.0273136324465559,0.6075899233000754,-4.207959267711823,-3.6003693444117477
DNK,Denmark,DNK,1999,2,1999.25,1999-Q2,1999q2,0.0273884450833691,0.6070332572824837,-4.2046673241020285,-3.597634066819545
DNK,Denmark,DNK,1999,3,1999.5,1999-Q3,1999q3,0.0274769221404477,0.6037023367590062,-4.198111158282587,-3.5944088215235808
DNK,Denmark,DNK,1999,4,1999.75,1999-Q4,1999q4,0.0283064192690539,0.6237356127901479,-4.188402283549777,-3.5646666707596295
DNK,Denmark,DNK,2000,1,2000.0,2000-Q1,2000q1,0.0281812380624751,0.6152233548348427,-4.184322194227946,-3.569098839393103
DNK,Denmark,DNK,2000,2,2000.25,2000-Q2,2000q2,0.0283956167508565,0.6197776621435418,-4.181298147628699,-3.5615204854851568
DNK,Denmark,DNK,2000,3,2000.5,2000-Q3,2000q3,0.0286118829042521,0.6245660646126057,-4.17849922589675,-3.553933161284144
DNK,Denmark,DNK,2000,4,2000.75,2000-Q4,2000q4,0.0288329703648675,0.6269553360436646,-4.173191078337019,-3.546235742293354
DNK,Denmark,DNK,2001,1,2001.0,2001-Q1,2001q1,0.0283509543284784,0.6103419656442104,-4.173436552638961,-3.5630945869947506
DNK,Denmark,DNK,2001,2,2001.25,2001-Q2,2001q2,0.0286210201372376,0.6202014696198899,-4.1738153309007995,-3.5536138612809096
DNK,Denmark,DNK,2001,3,2001.5,2001-Q3,2001q3,0.0285502677265273,0.6184586583887186,-4.174547623851253,-3.5560889654625343
DNK,Denmark,DNK,2001,4,2001.75,2001-Q4,2001q4,0.0285630279122375,0.6150888478833507,-4.17073097567771,-3.5556421277943593
DNK,Denmark,DNK,2002,1,2002.0,2002-Q1,2002q1,0.0287589735226179,0.6121931104864782,-4.160998548399518,-3.54880543791304
DNK,Denmark,DNK,2002,2,2002.25,2002-Q2,2002q2,0.0285513434476723,0.5971469180038702,-4.153198206030584,-3.556051288026714
DNK,Denmark,DNK,2002,3,2002.5,2002-Q3,2002q3,0.0289434280934306,0.6076086631755073,-4.150020772771553,-3.5424121095960457
DNK,Denmark,DNK,2002,4,2002.75,2002-Q4,2002q4,0.0289328123719547,0.6026852789269257,-4.145464230650573,-3.542778951723647
DNK,Denmark,DNK,2003,1,2003.0,2003-Q1,2003q1,0.0290934212414289,0.6041825650278203,-4.141425769568831,-3.5372432045410105
DNK,Denmark,DNK,2003,2,2003.25,2003-Q2,2003q2,0.0288569921396641,0.5911849649629017,-4.136587918495714,-3.545402953532812
DNK,Denmark,DNK,2003,3,2003.5,2003-Q3,2003q3,0.0288862584669549,0.584108709772015,-4.128497992287372,-3.5443892825153567
DNK,Denmark,DNK,2003,4,2003.75,2003-Q4,2003q4,0.029535922623223,0.5972756466624842,-4.119423687072228,-3.5221480404097436
DNK,Denmark,DNK,2004,1,2004.0,2004-Q1,2004q1,0.0295261049908455,0.5886054642573235,-4.111085956256169,-3.522480491998845
DNK,Denmark,DNK,2004,2,2004.25,2004-Q2,2004q2,0.0294419307462594,0.5773670188397091,-4.102702423697901,-3.5253354048581915
DNK,Denmark,DNK,2004,3,2004.5,2004-Q3,2004q3,0.0294028194585272,0.5691423005819862,-4.095807009867689,-3.5266647092857024
DNK,Denmark,DNK,2004,4,2004.75,2004-Q4,2004q4,0.0298848967928154,0.5737531882080584,-4.084155238397759,-3.510402050189701
DNK,Denmark,DNK,2005,1,2005.0,2005-Q1,2005q1,0.0297219159064503,0.56205929146167,-4.077929887448277,-3.515870595986607
DNK,Denmark,DNK,2005,2,2005.25,2005-Q2,2005q2,0.0303991922960458,0.5721412973717857,-4.065480537503734,-3.4933392401319483
DNK,Denmark,DNK,2005,3,2005.5,2005-Q3,2005q3,0.0303013923682645,0.5625162154058327,-4.059077830180438,-3.4965616147746057
DNK,Denmark,DNK,2005,4,2005.75,2005-Q4,2005q4,0.0300018508124433,0.5429697539721277,-4.04946595944698,-3.5064962054748525
DNK,Denmark,DNK,2006,1,2006.0,2006-Q1,2006q1,0.0302779849762705,0.5439146938584241,-4.041249092843926,-3.497334398985502
DNK,Denmark,DNK,2006,2,2006.25,2006-Q2,2006q2,0.0311673055619381,0.565609012595564,-4.0339946448477555,-3.4683856322521915
DNK,Denmark,DNK,2006,3,2006.5,2006-Q3,2006q3,0.0306648758541908,0.5422712063430093,-4.026908594708328,-3.4846373883653183
DNK,Denmark,DNK,2006,4,2006.75,2006-Q4,2006q4,0.0305493680477966,0.5286934518754514,-4.017104731287111,-3.4884112794116593
DNK,Denmark,DNK,2007,1,2007.0,2007-Q1,2007q1,0.0306734619708131,0.5251795173756411,-4.009536946518625,-3.484357429142984
DNK,Denmark,DNK,2007,2,2007.25,2007-Q2,2007q2,0.0304680690105469,0.5102881422589958,-4.0013642037158625,-3.4910760614568668
DNK,Denmark,DNK,2007,3,2007.5,2007-Q3,2007q3,0.0312221109830899,0.5258897816414878,-3.9925185314516303,-3.4666287498101425
DNK,Denmark,DNK,2007,4,2007.75,2007-Q4,2007q4,0.0315896620443199,0.528671515452372,-3.983596877863246,-3.454925362410874
DNK,Denmark,DNK,2008,1,2008.0,2008-Q1,2008q1,0.031386243637992,0.5205147166679889,-3.9819002994309596,-3.4613855827629707
DNK,Denmark,DNK,2008,2,2008.25,2008-Q2,2008q2,0.0308788596724668,0.5009089124543702,-3.978592394666867,-3.477683482212497
DNK,Denmark,DNK,2008,3,2008.5,2008-Q3,2008q3,0.0308374735503732,0.5025554689371119,-3.981580123773969,-3.479024654836857
DNK,Denmark,DNK,2008,4,2008.75,2008-Q4,2008q4,0.0302131867910832,0.49584068935877035,-3.995317490552026,-3.4994768011932558
DNK,Denmark,DNK,2009,1,2009.0,2009-Q1,2009q1,0.0299981720683258,0.504131762109099,-4.010750592341259,-3.5066188302321604
DNK,Denmark,DNK,2009,2,2009.25,2009-Q2,2009q2,0.0299321109999429,0.49517900877373844,-4.004002437140827,-3.508823428367089
DNK,Denmark,DNK,2009,3,2009.5,2009-Q3,2009q3,0.0302215798583773,0.49303272297058864,-3.992231767904877,-3.4991990449342882
DNK,Denmark,DNK,2009,4,2009.75,2009-Q4,2009q4,0.0308082136702602,0.5054946828023574,-3.985468629751267,-3.4799739469489097
DNK,Denmark,DNK,2010,1,2010.0,2010-Q1,2010q1,0.03110439825832,0.5105042665830783,-3.9809103132822243,-3.470406046699146
DNK,Denmark,DNK,2010,2,2010.25,2010-Q2,2010q2,0.0312013908756354,0.49931315237655216,-3.9666057581895937,-3.4672926058130416
DNK,Denmark,DNK,2010,3,2010.5,2010-Q3,2010q3,0.0316675091093646,0.508272747159026,-3.9607368201089788,-3.4524640729499527
DNK,Denmark,DNK,2010,4,2010.75,2010-Q4,2010q4,0.0315389185786297,0.4952162302528462,-3.9517492155856404,-3.456532985332794
DNK,Denmark,DNK,2011,1,2011.0,2011-Q1,2011q1,0.0317123172253995,0.4988928061818818,-3.949942923742827,-3.4510501175609454
DNK,Denmark,DNK,2011,2,2011.25,2011-Q2,2011q2,0.0319058227943878,0.49824638576749036,-3.9432131388764726,-3.4449667531089823
DNK,Denmark,DNK,2011,3,2011.5,2011-Q3,2011q3,0.0315443083274884,0.48153375138906007,-3.9378958593227056,-3.4563621079336455
DNK,Denmark,DNK,2011,4,2011.75,2011-Q4,2011q4,0.0320893268169103,0.49856330235227997,-3.937795104403702,-3.439231802051422
DNK,Denmark,DNK,2012,1,2012.0,2012-Q1,2012q1,0.0319299699646548,0.4925363422232891,-3.936746555141414,-3.444210212918125
DNK,Denmark,DNK,2012,2,2012.25,2012-Q2,2012q2,0.0319785759812364,0.49234094257617667,-3.935030043560548,-3.442689100984371
DNK,Denmark,DNK,2012,3,2012.5,2012-Q3,2012q3,0.0321241711378627,0.49299601997967146,-3.931142557235305,-3.4381465372556335
DNK,Denmark,DNK,2012,4,2012.75,2012-Q4,2012q4,0.0319169090447523,0.48160369231781974,-3.9262230378446903,-3.4446193455268705
DNK,Denmark,DNK,2013,1,2013.0,2013-Q1,2013q1,0.0322838507510599,0.4865078605419386,-3.9196960110728867,-3.433188150530948
DNK,Denmark,DNK,2013,2,2013.25,2013-Q2,2013q2,0.0324876522517735,0.48401750232114615,-3.910912694874213,-3.426895192553067
DNK,Denmark,DNK,2013,3,2013.5,2013-Q3,2013q3,0.0326197436230717,0.48268195824226146,-3.905519499563591,-3.4228375413213294
DNK,Denmark,DNK,2013,4,2013.75,2013-Q4,2013q4,0.0327641097455112,0.4844237500520694,-3.9028453278103648,-3.4184215777582954
DNK,Denmark,DNK,2014,1,2014.0,2014-Q1,2014q1,0.0327187770357064,0.4789524386095372,-3.8987585832149927,-3.4198061446054555
DNK,Denmark,DNK,2014,2,2014.25,2014-Q2,2014q2,0.0325197890094261,0.4680765199695949,-3.893983002318197,-3.4259064823486023
DNK,Denmark,DNK,2014,3,2014.5,2014-Q3,2014q3,0.0327637563053723,0.4734923759577332,-3.8919247411919593,-3.418432365234226
DNK,Denmark,DNK,2014,4,2014.75,2014-Q4,2014q4,0.0324481903506367,0.45707472714900366,-3.8851853318508356,-3.428110604701832
DNK,Denmark,DNK,2015,1,2015.0,2015-Q1,2015q1,0.0325901124014443,0.4578911602652709,-3.8816374974488594,-3.4237463371835886
DNK,Denmark,DNK,2015,2,2015.25,2015-Q2,2015q2,0.032813817148395,0.4601408289163107,-3.877046426686889,-3.4169055977705782
DNK,Denmark,DNK,2015,3,2015.5,2015-Q3,2015q3,0.0328742889260067,0.4579182722913093,-3.872982690636614,-3.4150644183453047
DNK,Denmark,DNK,2015,4,2015.75,2015-Q4,2015q4,0.0326963809900846,0.4534011826107345,-3.8738920629004796,-3.420490880289745
DNK,Denmark,DNK,2016,1,2016.0,2016-Q1,2016q1,0.0328907691832108,0.4605799135026314,-3.875143146019994,-3.4145632325173625
DNK,Denmark,DNK,2016,2,2016.25,2016-Q2,2016q2,0.0329723910585678,0.45572329016091917,-3.8678079924394737,-3.4120847022785545
DNK,Denmark,DNK,2016,3,2016.5,2016-Q3,2016q3,0.0332462309891932,0.4634841895391051,-3.867298061552871,-3.403813872013766
DNK,Denmark,DNK,2016,4,2016.75,2016-Q4,2016q4,0.0333837487219118,0.4593324382267996,-3.8590185008497677,-3.399686062622968
DNK,Denmark,DNK,2017,1,2017.0,2017-Q1,2017q1,0.0336235631360889,0.4618230642465391,-3.8543512382319376,-3.3925281739853985
DNK,Denmark,DNK,2017,2,2017.25,2017-Q2,2017q2,0.0339171651286667,0.46284882957360063,-3.8466828763408323,-3.3838340467672317
DNK,Denmark,DNK,2017,3,2017.5,2017-Q3,2017q3,0.0337519527808535,0.4545212822186939,-3.8432382853826903,-3.3887170031639964
DNK,Denmark,DNK,2017,4,2017.75,2017-Q4,2017q4,0.0338700371297618,0.4525599523978676,-3.837784468307589,-3.385224515909721
DNK,Denmark,DNK,2018,1,2018.0,2018-Q1,2018q1,0.0339724365738384,0.45112223392362694,-3.8333280060803943,-3.3822057721567673
DNK,Denmark,DNK,2018,2,2018.25,2018-Q2,2018q2,0.0338094843269372,0.43867817742221416,-3.8256920918879103,-3.387013914465696
DNK,Denmark,DNK,2018,3,2018.5,2018-Q3,2018q3,0.0338876614095965,0.4395537860015444,-3.824258087068906,-3.3847043010673614
DNK,Denmark,DNK,2018,4,2018.75,2018-Q4,2018q4,0.033887071549895,0.4402575952438563,-3.8249793027892887,-3.3847217075454323
DNK,Denmark,DNK,2019,1,2019.0,2019-Q1,2019q1,0.0338114206643687,0.43443460463239747,-3.821391248718992,-3.3869566440865944
DNK,Denmark,DNK,2019,2,2019.25,2019-Q2,2019q2,0.0339902564152131,0.4318855708744018,-3.8135669423342766,-3.381681371459875
DNK,Denmark,DNK,2019,3,2019.5,2019-Q3,2019q3,0.0338985788078452,0.42775023396418455,-3.8121324225111266,-3.384382188546942
DNK,Denmark,DNK,2019,4,2019.75,2019-Q4,2019q4,0.0339957287585054,0.4337293584583439,-3.8152497454656107,-3.3815203870072668
DNK,Denmark,DNK,2020,1,2020.0,2020-Q1,2020q1,0.0337540673383747,0.42555230379918907,-3.8142066589943626,-3.3886543551951736
DNK,Denmark,DNK,2020,2,2020.25,2020-Q2,2020q2,0.0325115343404121,0.45602799284538653,-3.8821883426730164,-3.42616034982763
DNK,Denmark,DNK,2020,3,2020.5,2020-Q3,2020q3,0.0341897789970449,0.45156575490237705,-3.8273942942189545,-3.3758285393165774
DNK,Denmark,DNK,2020,4,2020.75,2020-Q4,2020q4,0.0339560576016312,0.4356006525084779,-3.8182886662554183,-3.3826880137469404
DNK,Denmark,DNK,2021,1,2021.0,2021-Q1,2021q1,0.0342522002351799,0.425282987194854,-3.799287463088877,-3.374004475894023
DNK,Denmark,DNK,2021,2,2021.25,2021-Q2,2021q2,0.0348549261310592,0.4376823094183684,-3.7942431087856,-3.3565607993672315
DNK,Denmark,DNK,2021,3,2021.5,2021-Q3,2021q3,0.0352538990360759,0.4467422460592263,-3.7919213909475182,-3.345179144888292
DNK,Denmark,DNK,2021,4,2021.75,2021-Q4,2021q4,0.0360746595578284,0.4614601157842486,-3.7836247272174144,-3.3221646114331658
DNK,Denmark,DNK,2022,1,2022.0,2022-Q1,2022q1,0.0340416990356005,0.4025184694000017,-3.7826875330083403,-3.3801690636083386
DNK,Denmark,DNK,2022,2,2022.25,2022-Q2,2022q2,0.034290811117925,0.40921449407124744,-3.7820923522090077,-3.3728778581377603
DNK,Denmark,DNK,2022,3,2022.5,2022-Q3,2022q3,0.0346080775797098,0.41852431753426167,-3.782192485638369,-3.363668168104107
DNK,Denmark,DNK,2022,4,2022.75,2022-Q4,2022q4,0.0340485384751961,0.4015133147790051,-3.7814814849885647,-3.3799681702095596
DNK,Denmark,DNK,2023,1,2023.0,2023-Q1,2023q1,0.0343195937533055,0.4106262577462685,-3.7826650992036,-3.3720388414573317
DNK,Denmark,DNK,2023,2,2023.25,2023-Q2,2023q2,0.0342626592702199,0.4072002392143048,-3.780899408049487,-3.373699168835182
DNK,Denmark,DNK,2023,3,2023.5,2023-Q3,2023q3,0.0340070449420029,0.39952423285309413,-3.7807118045063346,-3.3811875716532405
DNK,Denmark,DNK,2023,4,2023.75,2023-Q4,2023q4,0.0341738899137227,0.4024788113980029,-3.7787721907052205,-3.3762933793072176
DNK,Denmark,DNK,2024,1,2024.0,2024-Q1,2024q1,0.0340507230717091,0.39585200659774156,-3.775756017623659,-3.3799040110259173
DNK,Denmark,DNK,2024,2,2024.25,2024-Q2,2024q2,0.0346577942390414,0.4087537697363359,-3.770986406414534,-3.3622326366781983
DNK,Denmark,DNK,2024,3,2024.5,2024-Q3,2024q3,0.0347825187284273,0.4065360831526523,-3.765176436957072,-3.35864035380442
DNK,Denmark,DNK,2024,4,2024.75,2024-Q4,2024q4,0.0351972389024966,0.4153480440957673,-3.7621356838204347,-3.3467876397246674
DNK,Denmark,DNK,2025,1,2025.0,2025-Q1,2025q1,0.0347161439708274,0.39729032352750737,-3.757840779633255,-3.3605504561057478
DNK,Denmark,DNK,2025,2,2025.25,2025-Q2,2025q2,0.0351215472320732,0.4039221013953762,-3.7528625569980663,-3.34894045560269
DNK,Denmark,DNK,2025,3,2025.5,2025-Q3,2025q3,0.0359239890775377,0.4218766214718106,-3.7482266086888907,-3.32634998721708
DNK,Denmark,DNK,2025,4,2025.75,2025-Q4,2025q4,0.0360467309577756,0.42421261993509596,-3.747151720080949,-3.3229391001458533
DOM,Dominican Republic,DOM,2000,1,2000.0,2000-Q1,2000q1,0.0028045262665997,-1.692198448955633,-4.184322194227946,-5.876520643183579
DOM,Dominican Republic,DOM,2000,2,2000.25,2000-Q2,2000q2,0.0027910742543014,-1.700030572244021,-4.181298147628699,-5.8813287198727195
DOM,Dominican Republic,DOM,2000,3,2000.5,2000-Q3,2000q3,0.0027367199816183,-1.722495936767002,-4.17849922589675,-5.900995162663752
DOM,Dominican Republic,DOM,2000,4,2000.75,2000-Q4,2000q4,0.0028859048259506,-1.6747257186783155,-4.173191078337019,-5.847916797015334
DOM,Dominican Republic,DOM,2001,1,2001.0,2001-Q1,2001q1,0.0028486566616459,-1.6874711899723458,-4.173436552638961,-5.860907742611307
DOM,Dominican Republic,DOM,2001,2,2001.25,2001-Q2,2001q2,0.0028984261707221,-1.6697720581547202,-4.1738153309007995,-5.84358738905552
DOM,Dominican Republic,DOM,2001,3,2001.5,2001-Q3,2001q3,0.0028868623080538,-1.6730374493686275,-4.174547623851253,-5.84758507321988
DOM,Dominican Republic,DOM,2001,4,2001.75,2001-Q4,2001q4,0.0030149083791688,-1.6334548619224032,-4.17073097567771,-5.804185837600113
DOM,Dominican Republic,DOM,2002,1,2002.0,2002-Q1,2002q1,0.0029169717833584,-1.6762107129154344,-4.160998548399518,-5.837209261314952
DOM,Dominican Republic,DOM,2002,2,2002.25,2002-Q2,2002q2,0.0029928246382013,-1.658339436441893,-4.153198206030584,-5.811537642472477
DOM,Dominican Republic,DOM,2002,3,2002.5,2002-Q3,2002q3,0.0028939836252748,-1.69510053618081,-4.150020772771553,-5.845121308952363
DOM,Dominican Republic,DOM,2002,4,2002.75,2002-Q4,2002q4,0.002951136683868,-1.6801006356297759,-4.145464230650573,-5.825564866280349
DOM,Dominican Republic,DOM,2003,1,2003.0,2003-Q1,2003q1,0.0029479715300651,-1.6852121925056096,-4.141425769568831,-5.82663796207444
DOM,Dominican Republic,DOM,2003,2,2003.25,2003-Q2,2003q2,0.0029291525169706,-1.6964542226511181,-4.136587918495714,-5.833042141146832
DOM,Dominican Republic,DOM,2003,3,2003.5,2003-Q3,2003q3,0.0028703989549082,-1.7248062579052315,-4.128497992287372,-5.853304250192603
DOM,Dominican Republic,DOM,2003,4,2003.75,2003-Q4,2003q4,0.0029312777498946,-1.7128931718272655,-4.119423687072228,-5.832316858899493
DOM,Dominican Republic,DOM,2004,1,2004.0,2004-Q1,2004q1,0.0028460238021845,-1.7507464597115172,-4.111085956256169,-5.861832415967686
DOM,Dominican Republic,DOM,2004,2,2004.25,2004-Q2,2004q2,0.0029294875911329,-1.7302253311215647,-4.102702423697901,-5.832927754819465
DOM,Dominican Republic,DOM,2004,3,2004.5,2004-Q3,2004q3,0.0028918030276396,-1.7500680765290433,-4.095807009867689,-5.845875086396732
DOM,Dominican Republic,DOM,2004,4,2004.75,2004-Q4,2004q4,0.0030016803013196,-1.7244278082741076,-4.084155238397759,-5.808583046671867
DOM,Dominican Republic,DOM,2005,1,2005.0,2005-Q1,2005q1,0.0030278941898938,-1.7219580004616137,-4.077929887448277,-5.7998878879098905
DOM,Dominican Republic,DOM,2005,2,2005.25,2005-Q2,2005q2,0.0031242543093977,-1.7030791077572935,-4.065480537503734,-5.7685596452610275
DOM,Dominican Republic,DOM,2005,3,2005.5,2005-Q3,2005q3,0.0031570776003447,-1.699030659121,-4.059077830180438,-5.7581084893014385
DOM,Dominican Republic,DOM,2005,4,2005.75,2005-Q4,2005q4,0.0032200752824414,-1.688884580611953,-4.04946595944698,-5.738350540058933
DOM,Dominican Republic,DOM,2006,1,2006.0,2006-Q1,2006q1,0.0031994556683294,-1.7035254944488587,-4.041249092843926,-5.744774587292785
DOM,Dominican Republic,DOM,2006,2,2006.25,2006-Q2,2006q2,0.0033092233125452,-1.677047121057627,-4.0339946448477555,-5.7110417659053825
DOM,Dominican Republic,DOM,2006,3,2006.5,2006-Q3,2006q3,0.0032601028031543,-1.6990879546824935,-4.026908594708328,-5.725996549390821
DOM,Dominican Republic,DOM,2006,4,2006.75,2006-Q4,2006q4,0.0033716231304892,-1.67525627818788,-4.017104731287111,-5.692361009474991
DOM,Dominican Republic,DOM,2007,1,2007.0,2007-Q1,2007q1,0.0033317891074309,-1.694708903249973,-4.009536946518625,-5.704245849768598
DOM,Dominican Republic,DOM,2007,2,2007.25,2007-Q2,2007q2,0.0034248113416206,-1.6753446878077067,-4.0013642037158625,-5.676708891523569
DOM,Dominican Republic,DOM,2007,3,2007.5,2007-Q3,2007q3,0.0034502797734063,-1.6767814260342013,-3.9925185314516303,-5.669299957485832
DOM,Dominican Republic,DOM,2007,4,2007.75,2007-Q4,2007q4,0.0035453235321681,-1.6585289809357824,-3.983596877863246,-5.642125858799028
DOM,Dominican Republic,DOM,2008,1,2008.0,2008-Q1,2008q1,0.0035209162873127,-1.6671337149200003,-3.9819002994309596,-5.64903401435096
DOM,Dominican Republic,DOM,2008,2,2008.25,2008-Q2,2008q2,0.0036023496443038,-1.6475765727822163,-3.978592394666867,-5.626168967449083
DOM,Dominican Republic,DOM,2008,3,2008.5,2008-Q3,2008q3,0.0033316714589681,-1.7227010375153142,-3.981580123773969,-5.704281161289283
DOM,Dominican Republic,DOM,2008,4,2008.75,2008-Q4,2008q4,0.0033714770541947,-1.6970868450757792,-3.995317490552026,-5.692404335627805
DOM,Dominican Republic,DOM,2009,1,2009.0,2009-Q1,2009q1,0.0034913488977735,-1.6467165214398127,-4.010750592341259,-5.657467113781072
DOM,Dominican Republic,DOM,2009,2,2009.25,2009-Q2,2009q2,0.0035978661520133,-1.6234119076682711,-4.004002437140827,-5.6274143448090985
DOM,Dominican Republic,DOM,2009,3,2009.5,2009-Q3,2009q3,0.0034934432271914,-1.6646356631817945,-3.992231767904877,-5.656867431086671
DOM,Dominican Republic,DOM,2009,4,2009.75,2009-Q4,2009q4,0.0036702078657997,-1.622038349585849,-3.985468629751267,-5.607506979337116
DOM,Dominican Republic,DOM,2010,1,2010.0,2010-Q1,2010q1,0.0036446918257382,-1.6335731509361797,-3.9809103132822243,-5.614483464218404
DOM,Dominican Republic,DOM,2010,2,2010.25,2010-Q2,2010q2,0.0037535522110589,-1.6184468728919614,-3.9666057581895937,-5.585052631081555
DOM,Dominican Republic,DOM,2010,3,2010.5,2010-Q3,2010q3,0.0036309614748211,-1.6575209765713037,-3.9607368201089788,-5.6182577966802825
DOM,Dominican Republic,DOM,2010,4,2010.75,2010-Q4,2010q4,0.0038083463702424,-1.6188109920317988,-3.9517492155856404,-5.570560207617439
DOM,Dominican Republic,DOM,2011,1,2011.0,2011-Q1,2011q1,0.0036915052176949,-1.6517780622883347,-3.949942923742827,-5.601720986031162
DOM,Dominican Republic,DOM,2011,2,2011.25,2011-Q2,2011q2,0.0037462420553411,-1.6437889211555805,-3.9432131388764726,-5.587002060032053
DOM,Dominican Republic,DOM,2011,3,2011.5,2011-Q3,2011q3,0.0035963707462994,-1.6899342087261395,-3.9378958593227056,-5.627830068048845
DOM,Dominican Republic,DOM,2011,4,2011.75,2011-Q4,2011q4,0.0037313070958253,-1.6532015744730035,-3.937795104403702,-5.590996678876706
DOM,Dominican Republic,DOM,2012,1,2012.0,2012-Q1,2012q1,0.0037217824728776,-1.6568060109401648,-3.936746555141414,-5.593552566081579
DOM,Dominican Republic,DOM,2012,2,2012.25,2012-Q2,2012q2,0.0037533582892323,-1.6500742524040866,-3.935030043560548,-5.585104295964634
DOM,Dominican Republic,DOM,2012,3,2012.5,2012-Q3,2012q3,0.0036283721972769,-1.6878286045473305,-3.931142557235305,-5.6189711617826354
DOM,Dominican Republic,DOM,2012,4,2012.75,2012-Q4,2012q4,0.003753227346364,-1.6589161455840111,-3.9262230378446903,-5.585139183428701
DOM,Dominican Republic,DOM,2013,1,2013.0,2013-Q1,2013q1,0.0037628592356035,-1.6628801644907183,-3.9196960110728867,-5.582576175563605
DOM,Dominican Republic,DOM,2013,2,2013.25,2013-Q2,2013q2,0.0038806166754388,-1.6408485061331213,-3.910912694874213,-5.551761201007334
DOM,Dominican Republic,DOM,2013,3,2013.5,2013-Q3,2013q3,0.0038329115867107,-1.6586110596282686,-3.905519499563591,-5.5641305591918595
DOM,Dominican Republic,DOM,2013,4,2013.75,2013-Q4,2013q4,0.0039965429957141,-1.619480214803632,-3.9028453278103648,-5.522325542613997
DOM,Dominican Republic,DOM,2014,1,2014.0,2014-Q1,2014q1,0.0038829590950155,-1.652399179449743,-3.8987585832149927,-5.551157762664736
DOM,Dominican Republic,DOM,2014,2,2014.25,2014-Q2,2014q2,0.0040079640020174,-1.625488894454295,-3.893983002318197,-5.519471896772492
DOM,Dominican Republic,DOM,2014,3,2014.5,2014-Q3,2014q3,0.0039385116681833,-1.6450276350375899,-3.8919247411919593,-5.536952376229549
DOM,Dominican Republic,DOM,2014,4,2014.75,2014-Q4,2014q4,0.0041393069686298,-1.6020415721885257,-3.8851853318508356,-5.487226904039361
DOM,Dominican Republic,DOM,2015,1,2015.0,2015-Q1,2015q1,0.004056005700982,-1.6259191096778292,-3.8816374974488594,-5.507556607126689
DOM,Dominican Republic,DOM,2015,2,2015.25,2015-Q2,2015q2,0.0042410517796474,-1.5858975525758887,-3.877046426686889,-5.462943979262778
DOM,Dominican Republic,DOM,2015,3,2015.5,2015-Q3,2015q3,0.0041439491802326,-1.613123346920922,-3.872982690636614,-5.486106037557536
DOM,Dominican Republic,DOM,2015,4,2015.75,2015-Q4,2015q4,0.0042366178501048,-1.5900979420133399,-3.8738920629004796,-5.4639900049138195
DOM,Dominican Republic,DOM,2016,1,2016.0,2016-Q1,2016q1,0.0042086473194483,-1.5954708386900869,-3.875143146019994,-5.470613984710081
DOM,Dominican Republic,DOM,2016,2,2016.25,2016-Q2,2016q2,0.0043776780875134,-1.5634288197220805,-3.8678079924394737,-5.431236812161554
DOM,Dominican Republic,DOM,2016,3,2016.5,2016-Q3,2016q3,0.0042352049380233,-1.5970254989911679,-3.867298061552871,-5.464323560544039
DOM,Dominican Republic,DOM,2016,4,2016.75,2016-Q4,2016q4,0.0043557277994072,-1.5772450636718203,-3.8590185008497677,-5.436263564521588
DOM,Dominican Republic,DOM,2017,1,2017.0,2017-Q1,2017q1,0.0042674410912749,-1.6023896691953619,-3.8543512382319376,-5.4567409074272994
DOM,Dominican Republic,DOM,2017,2,2017.25,2017-Q2,2017q2,0.0043448001896843,-1.5920926312450323,-3.8466828763408323,-5.438775507585865
DOM,Dominican Republic,DOM,2017,3,2017.5,2017-Q3,2017q3,0.0042809058664267,-1.6103523553663859,-3.8432382853826903,-5.453590640749076
DOM,Dominican Republic,DOM,2017,4,2017.75,2017-Q4,2017q4,0.0044697166417354,-1.5726457951690205,-3.837784468307589,-5.410430263476609
DOM,Dominican Republic,DOM,2018,1,2018.0,2018-Q1,2018q1,0.0043947076128515,-1.5940262712014133,-3.8333280060803943,-5.4273542772818075
DOM,Dominican Republic,DOM,2018,2,2018.25,2018-Q2,2018q2,0.0044890680708228,-1.5804180634925395,-3.8256920918879103,-5.40611015538045
DOM,Dominican Republic,DOM,2018,3,2018.5,2018-Q3,2018q3,0.0044466163679547,-1.5913537517122545,-3.824258087068906,-5.41561183878116
DOM,Dominican Republic,DOM,2018,4,2018.75,2018-Q4,2018q4,0.0046236945608211,-1.55158190219026,-3.8249793027892887,-5.376561204979549
DOM,Dominican Republic,DOM,2019,1,2019.0,2019-Q1,2019q1,0.0045126254630023,-1.5794849035552416,-3.821391248718992,-5.4008761522742335
DOM,Dominican Republic,DOM,2019,2,2019.25,2019-Q2,2019q2,0.0045398384673035,-1.5812969051166799,-3.8135669423342766,-5.3948638474509565
DOM,Dominican Republic,DOM,2019,3,2019.5,2019-Q3,2019q3,0.0045829410409095,-1.573281915763956,-3.8121324225111266,-5.3854143382750825
DOM,Dominican Republic,DOM,2019,4,2019.75,2019-Q4,2019q4,0.0046970031771139,-1.545580850058463,-3.8152497454656107,-5.360830595524074
DOM,Dominican Republic,DOM,2020,1,2020.0,2020-Q1,2020q1,0.0045084858739204,-1.587587249245372,-3.8142066589943626,-5.401793908239735
DOM,Dominican Republic,DOM,2020,2,2020.25,2020-Q2,2020q2,0.0041113400487403,-1.6118179150201843,-3.8821883426730164,-5.494006257693201
DOM,Dominican Republic,DOM,2020,3,2020.5,2020-Q3,2020q3,0.0045491958898372,-1.5654104949267773,-3.8273942942189545,-5.392804789145732
DOM,Dominican Republic,DOM,2020,4,2020.75,2020-Q4,2020q4,0.0047458985375092,-1.5321858334690206,-3.8182886662554183,-5.350474499724439
DOM,Dominican Republic,DOM,2021,1,2021.0,2021-Q1,2021q1,0.0049448618705772,-1.5101187843579238,-3.799287463088877,-5.309406247446801
DOM,Dominican Republic,DOM,2021,2,2021.25,2021-Q2,2021q2,0.0048837696083991,-1.5275947877882041,-3.7942431087856,-5.321837896573804
DOM,Dominican Republic,DOM,2021,3,2021.5,2021-Q3,2021q3,0.0048020312015437,-1.546794892642402,-3.7919213909475182,-5.33871628358992
DOM,Dominican Republic,DOM,2021,4,2021.75,2021-Q4,2021q4,0.0050630140221039,-1.502168589256018,-3.7836247272174144,-5.285793316473432
DOM,Dominican Republic,DOM,2022,1,2022.0,2022-Q1,2022q1,0.0051057883387288,-1.494692881455007,-3.7826875330083403,-5.277380414463347
DOM,Dominican Republic,DOM,2022,2,2022.25,2022-Q2,2022q2,0.0050046796953765,-1.515289512981608,-3.7820923522090077,-5.297381865190616
DOM,Dominican Republic,DOM,2022,3,2022.5,2022-Q3,2022q3,0.0049790750436703,-1.5203186537606905,-3.782192485638369,-5.302511139399059
DOM,Dominican Republic,DOM,2022,4,2022.75,2022-Q4,2022q4,0.0050596560348192,-1.5049752903132183,-3.7814814849885647,-5.286456775301783
DOM,Dominican Republic,DOM,2023,1,2023.0,2023-Q1,2023q1,0.0050689321818786,-1.501959999371985,-3.7826650992036,-5.284625098575585
DOM,Dominican Republic,DOM,2023,2,2023.25,2023-Q2,2023q2,0.0050159935974194,-1.514224344034384,-3.780899408049487,-5.295123752083871
DOM,Dominican Republic,DOM,2023,3,2023.5,2023-Q3,2023q3,0.0048920864097162,-1.5394245933325896,-3.7807118045063346,-5.320136397838924
DOM,Dominican Republic,DOM,2023,4,2023.75,2023-Q4,2023q4,0.0049867759900495,-1.522193481500735,-3.7787721907052205,-5.3009656722059555
DOM,Dominican Republic,DOM,2024,1,2024.0,2024-Q1,2024q1,0.0051123448305208,-1.5003410914485351,-3.775756017623659,-5.276097109072194
DOM,Dominican Republic,DOM,2024,2,2024.25,2024-Q2,2024q2,0.0050668439711802,-1.5140507396838871,-3.770986406414534,-5.285037146098421
DOM,Dominican Republic,DOM,2024,3,2024.5,2024-Q3,2024q3,0.0049666474324172,-1.5398337904169375,-3.765176436957072,-5.30501022737401
DOM,Dominican Republic,DOM,2024,4,2024.75,2024-Q4,2024q4,0.0050914482333278,-1.5180572798571443,-3.7621356838204347,-5.280192963677579
DOM,Dominican Republic,DOM,2025,1,2025.0,2025-Q1,2025q1,0.0050710112700689,-1.5263742400835496,-3.757840779633255,-5.284215019716805
DOM,Dominican Republic,DOM,2025,2,2025.25,2025-Q2,2025q2,0.0050450856340789,-1.5364780942732197,-3.7528625569980663,-5.289340651271286
DOM,Dominican Republic,DOM,2025,3,2025.5,2025-Q3,2025q3,0.0049398994456765,-1.5621836944267984,-3.7482266086888907,-5.310410303115689
DOM,Dominican Republic,DOM,2025,4,2025.75,2025-Q4,2025q4,0.0050698460508533,-1.5372931064823288,-3.747151720080949,-5.284444826563278
DOM,Dominican Republic,DOM,2026,1,2026.0,2026-Q1,2026q1,0.0051612393356534,-1.5170404041966963,-3.7495381428027086,-5.266578546999405
ECU,Ecuador,ECU,1996,1,1996.0,1996-Q1,1996q1,0.0039313691733405,-1.2976926283722996,-4.241074895239452,-5.538767523611751
ECU,Ecuador,ECU,1996,2,1996.25,1996-Q2,1996q2,0.003876816835015,-1.3155844808362014,-4.237156384572403,-5.552740865408604
ECU,Ecuador,ECU,1996,3,1996.5,1996-Q3,1996q3,0.0038543580714611,-1.321853088653878,-4.236697715606429,-5.558550804260307
ECU,Ecuador,ECU,1996,4,1996.75,1996-Q4,1996q4,0.0038078959055888,-1.3405791767622555,-4.230099321381617,-5.570678498143873
ECU,Ecuador,ECU,1997,1,1997.0,1997-Q1,1997q1,0.0037467967919968,-1.3594222015965718,-4.227431791231235,-5.586853992827807
ECU,Ecuador,ECU,1997,2,1997.25,1997-Q2,1997q2,0.0037760248648665,-1.3647263693702225,-4.214357076375103,-5.579083445745326
ECU,Ecuador,ECU,1997,3,1997.5,1997-Q3,1997q3,0.0038187692039732,-1.3581682241759259,-4.2096588820174015,-5.567827106193327
ECU,Ecuador,ECU,1997,4,1997.75,1997-Q4,1997q4,0.0037917591027714,-1.3687331307317123,-4.206192093625781,-5.574925224357493
ECU,Ecuador,ECU,1998,1,1998.0,1998-Q1,1998q1,0.0037374667685607,-1.3788367481202473,-4.21051048353961,-5.589347231659858
ECU,Ecuador,ECU,1998,2,1998.25,1998-Q2,1998q2,0.0037253441914137,-1.3813801938907657,-4.211215837148984,-5.59259603103975
ECU,Ecuador,ECU,1998,3,1998.5,1998-Q3,1998q3,0.0036925696377826,-1.3929606123239378,-4.2084720721621,-5.601432684486038
ECU,Ecuador,ECU,1998,4,1998.75,1998-Q4,1998q4,0.0036621162885181,-1.4034186585245694,-4.206295419243004,-5.609714077767573
ECU,Ecuador,ECU,1999,1,1999.0,1999-Q1,1999q1,0.0028274142697936,-1.6604334028655714,-4.207959267711823,-5.8683926705773946
ECU,Ecuador,ECU,1999,2,1999.25,1999-Q2,1999q2,0.002724227489729,-1.7009030569634955,-4.2046673241020285,-5.905570381065524
ECU,Ecuador,ECU,1999,3,1999.5,1999-Q3,1999q3,0.0026947351188365,-1.7183442073150008,-4.198111158282587,-5.916455365597588
ECU,Ecuador,ECU,1999,4,1999.75,1999-Q4,1999q4,0.0026787677623443,-1.7339960968155443,-4.188402283549777,-5.922398380365322
ECU,Ecuador,ECU,2000,1,2000.0,2000-Q1,2000q1,0.002133779042199,-1.9655384788478978,-4.184322194227946,-6.149860673075843
ECU,Ecuador,ECU,2000,2,2000.25,2000-Q2,2000q2,0.0021705617036279,-1.9514711476987365,-4.181298147628699,-6.132769295327435
ECU,Ecuador,ECU,2000,3,2000.5,2000-Q3,2000q3,0.0022304396550027,-1.927057332336065,-4.17849922589675,-6.105556558232815
ECU,Ecuador,ECU,2000,4,2000.75,2000-Q4,2000q4,0.0022349347819359,-1.9303521533472194,-4.173191078337019,-6.103543231684238
ECU,Ecuador,ECU,2001,1,2001.0,2001-Q1,2001q1,0.0020570594314127,-2.013041223813259,-4.173436552638961,-6.18647777645222
ECU,Ecuador,ECU,2001,2,2001.25,2001-Q2,2001q2,0.0020713024257795,-2.0057623474640263,-4.1738153309007995,-6.179577678364826
ECU,Ecuador,ECU,2001,3,2001.5,2001-Q3,2001q3,0.0020587391343499,-2.0111139304250685,-4.174547623851253,-6.185661554276321
ECU,Ecuador,ECU,2001,4,2001.75,2001-Q4,2001q4,0.002053909007885,-2.0172794927379503,-4.17073097567771,-6.18801046841566
ECU,Ecuador,ECU,2002,1,2002.0,2002-Q1,2002q1,0.0022196474608339,-1.9494083487348837,-4.160998548399518,-6.110406897134402
ECU,Ecuador,ECU,2002,2,2002.25,2002-Q2,2002q2,0.0022435512342708,-1.9464970900185223,-4.153198206030584,-6.099695296049107
ECU,Ecuador,ECU,2002,3,2002.5,2002-Q3,2002q3,0.0022448373994725,-1.949101415491283,-4.150020772771553,-6.099122188262836
ECU,Ecuador,ECU,2002,4,2002.75,2002-Q4,2002q4,0.0022147997817869,-1.967129040889862,-4.145464230650573,-6.112593271540435
ECU,Ecuador,ECU,2003,1,2003.0,2003-Q1,2003q1,0.0023803680569261,-1.899074387919078,-4.141425769568831,-6.040500157487909
ECU,Ecuador,ECU,2003,2,2003.25,2003-Q2,2003q2,0.0023388444480533,-1.9215103787070884,-4.136587918495714,-6.058098297202802
ECU,Ecuador,ECU,2003,3,2003.5,2003-Q3,2003q3,0.0023589037440607,-1.921060290806384,-4.128497992287372,-6.049558283093756
ECU,Ecuador,ECU,2003,4,2003.75,2003-Q4,2003q4,0.0023958983106713,-1.9145733538464702,-4.119423687072228,-6.033997040918698
ECU,Ecuador,ECU,2004,1,2004.0,2004-Q1,2004q1,0.0023995322607042,-1.9213954957391097,-4.111085956256169,-6.032481451995278
ECU,Ecuador,ECU,2004,2,2004.25,2004-Q2,2004q2,0.0023566739187735,-1.9478015867755447,-4.102702423697901,-6.050504010473445
ECU,Ecuador,ECU,2004,3,2004.5,2004-Q3,2004q3,0.0024562495626009,-1.9133126505549995,-4.095807009867689,-6.009119660422688
ECU,Ecuador,ECU,2004,4,2004.75,2004-Q4,2004q4,0.0023395180820298,-1.9736550802754511,-4.084155238397759,-6.05781031867321
ECU,Ecuador,ECU,2005,1,2005.0,2005-Q1,2005q1,0.0024018125225601,-1.9536017214799983,-4.077929887448277,-6.031531608928275
ECU,Ecuador,ECU,2005,2,2005.25,2005-Q2,2005q2,0.0024229772344067,-1.9572776953106468,-4.065480537503734,-6.022758232814381
ECU,Ecuador,ECU,2005,3,2005.5,2005-Q3,2005q3,0.002413613952623,-1.9675522591208408,-4.059077830180438,-6.026630089301279
ECU,Ecuador,ECU,2005,4,2005.75,2005-Q4,2005q4,0.0024289609089528,-1.9708257631181505,-4.04946595944698,-6.020291722565131
ECU,Ecuador,ECU,2006,1,2006.0,2006-Q1,2006q1,0.0024140085793613,-1.9852175094669917,-4.041249092843926,-6.026466602310918
ECU,Ecuador,ECU,2006,2,2006.25,2006-Q2,2006q2,0.0024411471282892,-1.981292570763137,-4.0339946448477555,-6.0152872156108925
ECU,Ecuador,ECU,2006,3,2006.5,2006-Q3,2006q3,0.0024567228680411,-1.982018389916421,-4.026908594708328,-6.008926984624749
ECU,Ecuador,ECU,2006,4,2006.75,2006-Q4,2006q4,0.0024314113964793,-2.0021786373577273,-4.017104731287111,-6.019283368644838
ECU,Ecuador,ECU,2007,1,2007.0,2007-Q1,2007q1,0.0024716919456711,-1.9933154180804333,-4.009536946518625,-6.002852364599058
ECU,Ecuador,ECU,2007,2,2007.25,2007-Q2,2007q2,0.0024887553321541,-1.9946083563693975,-4.0013642037158625,-5.99597256008526
ECU,Ecuador,ECU,2007,3,2007.5,2007-Q3,2007q3,0.0025109601784056,-1.9945715263395933,-3.9925185314516303,-5.987090057791224
ECU,Ecuador,ECU,2007,4,2007.75,2007-Q4,2007q4,0.0025207136686186,-1.999616337856851,-3.983596877863246,-5.983213215720097
ECU,Ecuador,ECU,2008,1,2008.0,2008-Q1,2008q1,0.0025799248344162,-1.978094714989262,-3.9819002994309596,-5.959995014420222
ECU,Ecuador,ECU,2008,2,2008.25,2008-Q2,2008q2,0.0025439380335617,-1.9954495970107429,-3.978592394666867,-5.97404199167761
ECU,Ecuador,ECU,2008,3,2008.5,2008-Q3,2008q3,0.002641849731349,-1.9546958275806183,-3.981580123773969,-5.936275951354587
ECU,Ecuador,ECU,2008,4,2008.75,2008-Q4,2008q4,0.0026979895160654,-1.91993091646922,-3.995317490552026,-5.915248407021246
ECU,Ecuador,ECU,2009,1,2009.0,2009-Q1,2009q1,0.0026702126815657,-1.9148465613839756,-4.010750592341259,-5.925597153725235
ECU,Ecuador,ECU,2009,2,2009.25,2009-Q2,2009q2,0.0026723527965902,-1.9207935602306971,-4.004002437140827,-5.9247959973715245
ECU,Ecuador,ECU,2009,3,2009.5,2009-Q3,2009q3,0.0026283955885564,-1.9491498934131393,-3.992231767904877,-5.941381661318016
ECU,Ecuador,ECU,2009,4,2009.75,2009-Q4,2009q4,0.0026033991882011,-1.9654686780032735,-3.985468629751267,-5.950937307754541
ECU,Ecuador,ECU,2010,1,2010.0,2010-Q1,2010q1,0.002689854790802,-1.9373577546576963,-3.9809103132822243,-5.918268067939921
ECU,Ecuador,ECU,2010,2,2010.25,2010-Q2,2010q2,0.002696707863795,-1.9491178014507038,-3.9666057581895937,-5.9157235596402975
ECU,Ecuador,ECU,2010,3,2010.5,2010-Q3,2010q3,0.002755523469019,-1.9334110274138574,-3.9607368201089788,-5.894147847522836
ECU,Ecuador,ECU,2010,4,2010.75,2010-Q4,2010q4,0.0028235374700707,-1.9180155425655219,-3.9517492155856404,-5.869764758151162
ECU,Ecuador,ECU,2011,1,2011.0,2011-Q1,2011q1,0.0028584186936256,-1.9075437876422239,-3.949942923742827,-5.857486711385051
ECU,Ecuador,ECU,2011,2,2011.25,2011-Q2,2011q2,0.0029307218733902,-1.8892933742508577,-3.9432131388764726,-5.83250651312733
ECU,Ecuador,ECU,2011,3,2011.5,2011-Q3,2011q3,0.0029467680520158,-1.8891504254771974,-3.9378958593227056,-5.827046284799903
ECU,Ecuador,ECU,2011,4,2011.75,2011-Q4,2011q4,0.0029304526593118,-1.8948032722493044,-3.937795104403702,-5.8325983766530065
ECU,Ecuador,ECU,2012,1,2012.0,2012-Q1,2012q1,0.0029508265938151,-1.8889233914447914,-3.936746555141414,-5.825669946586205
ECU,Ecuador,ECU,2012,2,2012.25,2012-Q2,2012q2,0.0029175877143593,-1.9019680857903105,-3.935030043560548,-5.836998129350858
ECU,Ecuador,ECU,2012,3,2012.5,2012-Q3,2012q3,0.0029886322916032,-1.8817968665535951,-3.931142557235305,-5.8129394237889
ECU,Ecuador,ECU,2012,4,2012.75,2012-Q4,2012q4,0.0030262972193725,-1.8741924087267572,-3.9262230378446903,-5.8004154465714475
ECU,Ecuador,ECU,2013,1,2013.0,2013-Q1,2013q1,0.0030479489927205,-1.8735903648966286,-3.9196960110728867,-5.793286375969515
ECU,Ecuador,ECU,2013,2,2013.25,2013-Q2,2013q2,0.0030546758979775,-1.8801690861539404,-3.910912694874213,-5.791081781028153
ECU,Ecuador,ECU,2013,3,2013.5,2013-Q3,2013q3,0.0031391866902105,-1.8582720289053136,-3.905519499563591,-5.7637915284689045
ECU,Ecuador,ECU,2013,4,2013.75,2013-Q4,2013q4,0.0031371639442559,-1.8615907618510015,-3.9028453278103648,-5.764436089661366
ECU,Ecuador,ECU,2014,1,2014.0,2014-Q1,2014q1,0.0031688571227496,-1.8556257019852689,-3.8987585832149927,-5.754384285200262
ECU,Ecuador,ECU,2014,2,2014.25,2014-Q2,2014q2,0.0032318844324817,-1.8407068939210993,-3.893983002318197,-5.7346898962392965
ECU,Ecuador,ECU,2014,3,2014.5,2014-Q3,2014q3,0.0032194921304358,-1.8466069141406574,-3.8919247411919593,-5.738531655332617
ECU,Ecuador,ECU,2014,4,2014.75,2014-Q4,2014q4,0.0031172455942799,-1.8856201575732454,-3.8851853318508356,-5.770805489424081
ECU,Ecuador,ECU,2015,1,2015.0,2015-Q1,2015q1,0.003108362599777,-1.8920216892379784,-3.8816374974488594,-5.773659186686838
ECU,Ecuador,ECU,2015,2,2015.25,2015-Q2,2015q2,0.0029964825917623,-1.9332697209196978,-3.877046426686889,-5.810316147606587
ECU,Ecuador,ECU,2015,3,2015.5,2015-Q3,2015q3,0.0030188155303009,-1.9299080424022543,-3.872982690636614,-5.802890733038868
ECU,Ecuador,ECU,2015,4,2015.75,2015-Q4,2015q4,0.0029755492775226,-1.9434345630262544,-3.8738920629004796,-5.817326625926734
ECU,Ecuador,ECU,2016,1,2016.0,2016-Q1,2016q1,0.0028713859351175,-1.977817315529208,-3.875143146019994,-5.852960461549202
ECU,Ecuador,ECU,2016,2,2016.25,2016-Q2,2016q2,0.0028627042524489,-1.9881805656406204,-3.8678079924394737,-5.855988558080094
ECU,Ecuador,ECU,2016,3,2016.5,2016-Q3,2016q3,0.0028295280805568,-2.0003472756664413,-3.867298061552871,-5.8676453372193125
ECU,Ecuador,ECU,2016,4,2016.75,2016-Q4,2016q4,0.0029205223267763,-1.9769742988161463,-3.8590185008497677,-5.835992799665914
ECU,Ecuador,ECU,2017,1,2017.0,2017-Q1,2017q1,0.0029620240885496,-1.9675311924090995,-3.8543512382319376,-5.821882430641037
ECU,Ecuador,ECU,2017,2,2017.25,2017-Q2,2017q2,0.002944989116542,-1.9809672811160608,-3.8466828763408323,-5.827650157456893
ECU,Ecuador,ECU,2017,3,2017.5,2017-Q3,2017q3,0.0029064652413335,-1.9975793444542296,-3.8432382853826903,-5.84081762983692
ECU,Ecuador,ECU,2017,4,2017.75,2017-Q4,2017q4,0.0029124922382078,-2.0009616567793107,-3.837784468307589,-5.8387461250868995
ECU,Ecuador,ECU,2018,1,2018.0,2018-Q1,2018q1,0.0029537901669255,-1.9913381248546558,-3.8333280060803943,-5.82466613093505
ECU,Ecuador,ECU,2018,2,2018.25,2018-Q2,2018q2,0.0030131197852107,-1.9790871716093004,-3.8256920918879103,-5.804779263497211
ECU,Ecuador,ECU,2018,3,2018.5,2018-Q3,2018q3,0.00293357547599,-2.0072752138711762,-3.824258087068906,-5.831533300940082
ECU,Ecuador,ECU,2018,4,2018.75,2018-Q4,2018q4,0.0029312658526781,-2.0073416148319154,-3.8249793027892887,-5.832320917621204
ECU,Ecuador,ECU,2019,1,2019.0,2019-Q1,2019q1,0.0029576248594794,-2.001977496370316,-3.821391248718992,-5.823368745089308
ECU,Ecuador,ECU,2019,2,2019.25,2019-Q2,2019q2,0.002956377555438,-2.0102236166037195,-3.8135669423342766,-5.823790558937996
ECU,Ecuador,ECU,2019,3,2019.5,2019-Q3,2019q3,0.0029275282011875,-2.021464406829553,-3.8121324225111266,-5.83359682934068
ECU,Ecuador,ECU,2019,4,2019.75,2019-Q4,2019q4,0.0028973231676728,-2.0287182684231153,-3.8152497454656107,-5.843968013888726
ECU,Ecuador,ECU,2020,1,2020.0,2020-Q1,2020q1,0.0031899153943112,-1.9335542257022382,-3.8142066589943626,-5.747760884696601
ECU,Ecuador,ECU,2020,2,2020.25,2020-Q2,2020q2,0.0030930968144951,-1.8963941419337251,-3.8821883426730164,-5.7785824846067415
ECU,Ecuador,ECU,2020,3,2020.5,2020-Q3,2020q3,0.0028472585783099,-2.034004355754973,-3.8273942942189545,-5.8613986499739275
ECU,Ecuador,ECU,2020,4,2020.75,2020-Q4,2020q4,0.0027534509319728,-2.0766116034037805,-3.8182886662554183,-5.894900269659199
ECU,Ecuador,ECU,2021,1,2021.0,2021-Q1,2021q1,0.0028231411318673,-2.0706176742947475,-3.799287463088877,-5.869905137383625
ECU,Ecuador,ECU,2021,2,2021.25,2021-Q2,2021q2,0.0028804736164007,-2.0555574394299923,-3.7942431087856,-5.849800548215592
ECU,Ecuador,ECU,2021,3,2021.5,2021-Q3,2021q3,0.0029348456116408,-2.0391790386455133,-3.7919213909475182,-5.8311004295930315
ECU,Ecuador,ECU,2021,4,2021.75,2021-Q4,2021q4,0.0028771722995164,-2.067322580383627,-3.7836247272174144,-5.850947307601041
ECU,Ecuador,ECU,2022,1,2022.0,2022-Q1,2022q1,0.002978355506045,-2.0336964413872693,-3.7826875330083403,-5.81638397439561
ECU,Ecuador,ECU,2022,2,2022.25,2022-Q2,2022q2,0.0029317914325678,-2.050049280146664,-3.7820923522090077,-5.832141632355672
ECU,Ecuador,ECU,2022,3,2022.5,2022-Q3,2022q3,0.0029966770309172,-2.028058774941271,-3.782192485638369,-5.81025126057964
ECU,Ecuador,ECU,2022,4,2022.75,2022-Q4,2022q4,0.0029828629872087,-2.033390220723106,-3.7814814849885647,-5.814871705711671
ECU,Ecuador,ECU,2023,1,2023.0,2023-Q1,2023q1,0.0030012510959126,-2.026060946073224,-3.7826650992036,-5.808726045276824
ECU,Ecuador,ECU,2023,2,2023.25,2023-Q2,2023q2,0.0031097136461895,-1.9923252241609117,-3.780899408049487,-5.773224632210399
ECU,Ecuador,ECU,2023,3,2023.5,2023-Q3,2023q3,0.0029948828718096,-2.0301383515831075,-3.7807118045063346,-5.810850156089442
ECU,Ecuador,ECU,2023,4,2023.75,2023-Q4,2023q4,0.0029799376089111,-2.037080724585791,-3.7787721907052205,-5.8158529152910114
ECU,Ecuador,ECU,2024,1,2024.0,2024-Q1,2024q1,0.0029656980997349,-2.044886809831175,-3.775756017623659,-5.820642827454834
ECU,Ecuador,ECU,2024,2,2024.25,2024-Q2,2024q2,0.0029228129664732,-2.0642223753235087,-3.770986406414534,-5.835208781738043
ECU,Ecuador,ECU,2024,3,2024.5,2024-Q3,2024q3,0.0029159497358377,-2.072383265394262,-3.765176436957072,-5.837559702351334
ECU,Ecuador,ECU,2024,4,2024.75,2024-Q4,2024q4,0.0029461570391037,-2.0651179726683457,-3.7621356838204347,-5.8272536564887805
ECU,Ecuador,ECU,2025,1,2025.0,2025-Q1,2025q1,0.0030479799427226,-2.035435442017721,-3.757840779633255,-5.793276221650976
ECU,Ecuador,ECU,2025,2,2025.25,2025-Q2,2025q2,0.0030192010140012,-2.0499004905010243,-3.7528625569980663,-5.8027630474990906
ECU,Ecuador,ECU,2025,3,2025.5,2025-Q3,2025q3,0.0029423532864457,-2.080318971555396,-3.7482266086888907,-5.8285455802442865
EGY,"Egypt, Arab Rep.",EGY,2008,1,2008.0,2008-Q1,2008q1,0.0025956658988032,-1.972011887449626,-3.9819002994309596,-5.9539121868805855
EGY,"Egypt, Arab Rep.",EGY,2008,2,2008.25,2008-Q2,2008q2,0.0025986069045123,-1.9741873888399484,-3.978592394666867,-5.9527797835068155
EGY,"Egypt, Arab Rep.",EGY,2008,3,2008.5,2008-Q3,2008q3,0.002647571628818,-1.9525323018142533,-3.981580123773969,-5.934112425588222
EGY,"Egypt, Arab Rep.",EGY,2008,4,2008.75,2008-Q4,2008q4,0.0026354066394161,-1.9434002959842043,-3.995317490552026,-5.93871778653623
EGY,"Egypt, Arab Rep.",EGY,2009,1,2009.0,2009-Q1,2009q1,0.0027045747436168,-1.9020599979336508,-4.010750592341259,-5.91281059027491
EGY,"Egypt, Arab Rep.",EGY,2009,2,2009.25,2009-Q2,2009q2,0.0026748776782759,-1.9198491902862127,-4.004002437140827,-5.92385162742704
EGY,"Egypt, Arab Rep.",EGY,2009,3,2009.5,2009-Q3,2009q3,0.0026730233378707,-1.9323133429931234,-3.992231767904877,-5.924545110898
EGY,"Egypt, Arab Rep.",EGY,2009,4,2009.75,2009-Q4,2009q4,0.0026817229267785,-1.935827178142631,-3.985468629751267,-5.921295807893898
EGY,"Egypt, Arab Rep.",EGY,2010,1,2010.0,2010-Q1,2010q1,0.0026354079377636,-1.9578069805986558,-3.9809103132822243,-5.93871729388088
EGY,"Egypt, Arab Rep.",EGY,2010,2,2010.25,2010-Q2,2010q2,0.0026390235015595,-1.9707405578318515,-3.9666057581895937,-5.937346316021445
EGY,"Egypt, Arab Rep.",EGY,2010,3,2010.5,2010-Q3,2010q3,0.002792711640961,-1.920005420719864,-3.9607368201089788,-5.880742240828843
EGY,"Egypt, Arab Rep.",EGY,2010,4,2010.75,2010-Q4,2010q4,0.0028594928696626,-1.9053617725872742,-3.9517492155856404,-5.857110988172915
EGY,"Egypt, Arab Rep.",EGY,2011,1,2011.0,2011-Q1,2011q1,0.0026747460452572,-1.9739579157505291,-3.949942923742827,-5.923900839493356
EGY,"Egypt, Arab Rep.",EGY,2011,2,2011.25,2011-Q2,2011q2,0.0027868320979024,-1.9396366381632313,-3.9432131388764726,-5.882849777039704
EGY,"Egypt, Arab Rep.",EGY,2011,3,2011.5,2011-Q3,2011q3,0.0028018607221385,-1.9395756795687165,-3.9378958593227056,-5.877471538891422
EGY,"Egypt, Arab Rep.",EGY,2011,4,2011.75,2011-Q4,2011q4,0.0027877036017343,-1.9447419994786452,-3.937795104403702,-5.882537103882347
EGY,"Egypt, Arab Rep.",EGY,2012,1,2012.0,2012-Q1,2012q1,0.0026987340102661,-1.9782259458780551,-3.936746555141414,-5.914972501019469
EGY,"Egypt, Arab Rep.",EGY,2012,2,2012.25,2012-Q2,2012q2,0.0027692978517926,-1.9541314304619797,-3.935030043560548,-5.8891614740225275
EGY,"Egypt, Arab Rep.",EGY,2012,3,2012.5,2012-Q3,2012q3,0.0029026188980255,-1.9109993239905845,-3.931142557235305,-5.842141881225889
EGY,"Egypt, Arab Rep.",EGY,2012,4,2012.75,2012-Q4,2012q4,0.0029662583000916,-1.8942309141968376,-3.9262230378446903,-5.820453952041528
EGY,"Egypt, Arab Rep.",EGY,2013,1,2013.0,2013-Q1,2013q1,0.0027539499914554,-1.9750230262805815,-3.9196960110728867,-5.894719037353468
EGY,"Egypt, Arab Rep.",EGY,2013,2,2013.25,2013-Q2,2013q2,0.0028050604654979,-1.9654174890383613,-3.910912694874213,-5.876330183912574
EGY,"Egypt, Arab Rep.",EGY,2013,3,2013.5,2013-Q3,2013q3,0.0028826594492292,-1.9435224914892841,-3.905519499563591,-5.849041991052875
EGY,"Egypt, Arab Rep.",EGY,2013,4,2013.75,2013-Q4,2013q4,0.0028824727246489,-1.946261440449601,-3.9028453278103648,-5.849106768259966
EGY,"Egypt, Arab Rep.",EGY,2014,1,2014.0,2014-Q1,2014q1,0.0028808206777781,-1.9509214846501441,-3.8987585832149927,-5.849680067865137
EGY,"Egypt, Arab Rep.",EGY,2014,2,2014.25,2014-Q2,2014q2,0.00289615209162,-1.950389285694897,-3.893983002318197,-5.844372288013094
EGY,"Egypt, Arab Rep.",EGY,2014,3,2014.5,2014-Q3,2014q3,0.0029275232880735,-1.9416737663966432,-3.8919247411919593,-5.8335985075886025
EGY,"Egypt, Arab Rep.",EGY,2014,4,2014.75,2014-Q4,2014q4,0.002994024873501,-1.925951353385809,-3.8851853318508356,-5.811136685236645
EGY,"Egypt, Arab Rep.",EGY,2015,1,2015.0,2015-Q1,2015q1,0.0029336136492469,-1.9498827910397454,-3.8816374974488594,-5.831520288488605
EGY,"Egypt, Arab Rep.",EGY,2015,2,2015.25,2015-Q2,2015q2,0.0030227486118598,-1.9245422984540332,-3.877046426686889,-5.801588725140922
EGY,"Egypt, Arab Rep.",EGY,2015,3,2015.5,2015-Q3,2015q3,0.0030101619833461,-1.932778695967568,-3.872982690636614,-5.805761386604182
EGY,"Egypt, Arab Rep.",EGY,2015,4,2015.75,2015-Q4,2015q4,0.0029741800279173,-1.943894835942611,-3.8738920629004796,-5.8177868988430905
EGY,"Egypt, Arab Rep.",EGY,2016,1,2016.0,2016-Q1,2016q1,0.0029444654785596,-1.9526848336699505,-3.875143146019994,-5.827827979689944
EGY,"Egypt, Arab Rep.",EGY,2016,2,2016.25,2016-Q2,2016q2,0.0030163337931202,-1.935905168409409,-3.8678079924394737,-5.803713160848883
EGY,"Egypt, Arab Rep.",EGY,2016,3,2016.5,2016-Q3,2016q3,0.0030848139541478,-1.913965868487578,-3.867298061552871,-5.781263930040449
EGY,"Egypt, Arab Rep.",EGY,2016,4,2016.75,2016-Q4,2016q4,0.0030897702383384,-1.920640046512088,-3.8590185008497677,-5.779658547361856
EGY,"Egypt, Arab Rep.",EGY,2017,1,2017.0,2017-Q1,2017q1,0.0029669921467086,-1.965855346324492,-3.8543512382319376,-5.82020658455643
EGY,"Egypt, Arab Rep.",EGY,2017,2,2017.25,2017-Q2,2017q2,0.0031391681731756,-1.9171145508181917,-3.8466828763408323,-5.763797427159024
EGY,"Egypt, Arab Rep.",EGY,2017,3,2017.5,2017-Q3,2017q3,0.0032294660399032,-1.8922001827540038,-3.8432382853826903,-5.735438468136694
EGY,"Egypt, Arab Rep.",EGY,2017,4,2017.75,2017-Q4,2017q4,0.003080497671103,-1.9448796452150057,-3.837784468307589,-5.7826641135225945
EGY,"Egypt, Arab Rep.",EGY,2018,1,2018.0,2018-Q1,2018q1,0.0031887478085898,-1.9147989696598313,-3.8333280060803943,-5.748126975740226
EGY,"Egypt, Arab Rep.",EGY,2018,2,2018.25,2018-Q2,2018q2,0.0032485646547165,-1.9038499330089418,-3.8256920918879103,-5.729542024896852
EGY,"Egypt, Arab Rep.",EGY,2018,3,2018.5,2018-Q3,2018q3,0.0032550703570484,-1.9032833014176682,-3.824258087068906,-5.727541388486574
EGY,"Egypt, Arab Rep.",EGY,2018,4,2018.75,2018-Q4,2018q4,0.0033799463279179,-1.8649161461382295,-3.8249793027892887,-5.689895448927518
EGY,"Egypt, Arab Rep.",EGY,2019,1,2019.0,2019-Q1,2019q1,0.0034142145695093,-1.8584165579803078,-3.821391248718992,-5.6798078066993
EGY,"Egypt, Arab Rep.",EGY,2019,2,2019.25,2019-Q2,2019q2,0.0034802522810843,-1.8470835509246277,-3.8135669423342766,-5.660650493258904
EGY,"Egypt, Arab Rep.",EGY,2019,3,2019.5,2019-Q3,2019q3,0.0034445498844929,-1.8588296181636386,-3.8121324225111266,-5.670962040674765
EGY,"Egypt, Arab Rep.",EGY,2019,4,2019.75,2019-Q4,2019q4,0.0034111796298644,-1.8654473695304024,-3.8152497454656107,-5.680697114996013
EGY,"Egypt, Arab Rep.",EGY,2020,1,2020.0,2020-Q1,2020q1,0.0034300190380938,-1.8609828083606645,-3.8142066589943626,-5.675189467355027
EGY,"Egypt, Arab Rep.",EGY,2020,2,2020.25,2020-Q2,2020q2,0.0037117805557701,-1.7140552406515068,-3.8821883426730164,-5.596243583324523
EGY,"Egypt, Arab Rep.",EGY,2020,3,2020.5,2020-Q3,2020q3,0.00346330558392,-1.838137480694892,-3.8273942942189545,-5.6655317749138465
EGY,"Egypt, Arab Rep.",EGY,2020,4,2020.75,2020-Q4,2020q4,0.003313440579203,-1.8914795132814652,-3.8182886662554183,-5.7097681795368835
EGY,"Egypt, Arab Rep.",EGY,2021,1,2021.0,2021-Q1,2021q1,0.0034849923939931,-1.8600019541815476,-3.799287463088877,-5.659289417270425
EGY,"Egypt, Arab Rep.",EGY,2021,2,2021.25,2021-Q2,2021q2,0.003594378646215,-1.8341410322886347,-3.7942431087856,-5.628384141074235
EGY,"Egypt, Arab Rep.",EGY,2021,3,2021.5,2021-Q3,2021q3,0.0036327718159802,-1.8258379454715987,-3.7919213909475182,-5.617759336419117
EGY,"Egypt, Arab Rep.",EGY,2021,4,2021.75,2021-Q4,2021q4,0.003618494966798,-1.8380723674053034,-3.7836247272174144,-5.621697094622718
EGY,"Egypt, Arab Rep.",EGY,2022,1,2022.0,2022-Q1,2022q1,0.0035905426285451,-1.8467644048830585,-3.7826875330083403,-5.629451937891399
EGY,"Egypt, Arab Rep.",EGY,2022,2,2022.25,2022-Q2,2022q2,0.0036259488033794,-1.8375469338508492,-3.7820923522090077,-5.619639286059857
EGY,"Egypt, Arab Rep.",EGY,2022,3,2022.5,2022-Q3,2022q3,0.0036635934189686,-1.8271183191278162,-3.782192485638369,-5.609310804766185
EGY,"Egypt, Arab Rep.",EGY,2022,4,2022.75,2022-Q4,2022q4,0.0036656681028505,-1.8272631825396082,-3.7814814849885647,-5.608744667528173
EGY,"Egypt, Arab Rep.",EGY,2023,1,2023.0,2023-Q1,2023q1,0.0036007875808728,-1.843937585779012,-3.7826650992036,-5.626602684982612
EGY,"Egypt, Arab Rep.",EGY,2023,2,2023.25,2023-Q2,2023q2,0.0035706170641248,-1.8541174429836587,-3.780899408049487,-5.6350168510331455
EGY,"Egypt, Arab Rep.",EGY,2023,3,2023.5,2023-Q3,2023q3,0.0033721113253854,-1.9115044202354357,-3.7807118045063346,-5.69221622474177
EGY,"Egypt, Arab Rep.",EGY,2023,4,2023.75,2023-Q4,2023q4,0.0034831940391738,-1.8810333880877108,-3.7787721907052205,-5.659805578792931
EGY,"Egypt, Arab Rep.",EGY,2024,1,2024.0,2024-Q1,2024q1,0.0032752569075725,-1.94560295028761,-3.775756017623659,-5.721358967911269
EGY,"Egypt, Arab Rep.",EGY,2024,2,2024.25,2024-Q2,2024q2,0.0033510356563653,-1.927499423354178,-3.770986406414534,-5.698485829768712
EGY,"Egypt, Arab Rep.",EGY,2024,3,2024.5,2024-Q3,2024q3,0.0033007283983358,-1.9484356711407753,-3.765176436957072,-5.7136121080978475
EGY,"Egypt, Arab Rep.",EGY,2024,4,2024.75,2024-Q4,2024q4,0.0032955278262303,-1.9530532499815694,-3.7621356838204347,-5.715188933802004
ESP,Spain,ESP,1995,1,1995.0,1995-Q1,1995q1,0.0191321551852245,0.2976897266810181,-4.254074568586735,-3.956384841905717
ESP,Spain,ESP,1995,2,1995.25,1995-Q2,1995q2,0.0191140642692595,0.2931093409033654,-4.2504402066290705,-3.957330865725705
ESP,Spain,ESP,1995,3,1995.5,1995-Q3,1995q3,0.0190994868608352,0.2892572361627832,-4.24735104637809,-3.9580938102153067
ESP,Spain,ESP,1995,4,1995.75,1995-Q4,1995q4,0.0191377294668187,0.288325958272706,-4.244419485914777,-3.9560935276420706
ESP,Spain,ESP,1996,1,1996.0,1996-Q1,1996q1,0.019117594398272,0.28392869997511605,-4.241074895239452,-3.9571461952643356
ESP,Spain,ESP,1996,2,1996.25,1996-Q2,1996q2,0.0191278791090759,0.28054801562363574,-4.237156384572403,-3.956608368948767
ESP,Spain,ESP,1996,3,1996.5,1996-Q3,1996q3,0.0190156256658187,0.27420348126644134,-4.236697715606429,-3.9624942343399874
ESP,Spain,ESP,1996,4,1996.75,1996-Q4,1996q4,0.0189215494298477,0.2626454964252658,-4.230099321381617,-3.9674538249563516
ESP,Spain,ESP,1997,1,1997.0,1997-Q1,1997q1,0.0189596068289265,0.26198727198999716,-4.227431791231235,-3.965444519241238
ESP,Spain,ESP,1997,2,1997.25,1997-Q2,1997q2,0.0190170139495049,0.2519358468909898,-4.214357076375103,-3.9624212294841135
ESP,Spain,ESP,1997,3,1997.5,1997-Q3,1997q3,0.0190486537850844,0.24890003466127464,-4.2096588820174015,-3.960758847356127
ESP,Spain,ESP,1997,4,1997.75,1997-Q4,1997q4,0.0190815294258171,0.2471576360370582,-4.206192093625781,-3.9590344575887224
ESP,Spain,ESP,1998,1,1998.0,1998-Q1,1998q1,0.0190500816955018,0.24982659459877254,-4.21051048353961,-3.960683888940838
ESP,Spain,ESP,1998,2,1998.25,1998-Q2,1998q2,0.019103790428703,0.25334732529503956,-4.211215837148984,-3.9578685118539445
ESP,Spain,ESP,1998,3,1998.5,1998-Q3,1998q3,0.019027682228675,0.2466116714147839,-4.2084720721621,-3.961860400747316
ESP,Spain,ESP,1998,4,1998.75,1998-Q4,1998q4,0.0190134960587363,0.24368918615110946,-4.206295419243004,-3.9626062330918943
ESP,Spain,ESP,1999,1,1999.0,1999-Q1,1999q1,0.01888108869983,0.23836481197043646,-4.207959267711823,-3.9695944557413867
ESP,Spain,ESP,1999,2,1999.25,1999-Q2,1999q2,0.0188052198122484,0.23104652600596198,-4.2046673241020285,-3.9736207980960665
ESP,Spain,ESP,1999,3,1999.5,1999-Q3,1999q3,0.0188280352226346,0.22570287359575403,-4.198111158282587,-3.972408284686833
ESP,Spain,ESP,1999,4,1999.75,1999-Q4,1999q4,0.0187891139327214,0.2139246605597469,-4.188402283549777,-3.9744776229900305
ESP,Spain,ESP,2000,1,2000.0,2000-Q1,2000q1,0.0188314913051035,0.2120974531380324,-4.184322194227946,-3.972224741089913
ESP,Spain,ESP,2000,2,2000.25,2000-Q2,2000q2,0.0187850483395055,0.20660412097264302,-4.181298147628699,-3.9746940266560555
ESP,Spain,ESP,2000,3,2000.5,2000-Q3,2000q3,0.018728733262989,0.20080282963603624,-4.17849922589675,-3.9776963962607135
ESP,Spain,ESP,2000,4,2000.75,2000-Q4,2000q4,0.0187074074325415,0.1943553641680964,-4.173191078337019,-3.9788357141689223
ESP,Spain,ESP,2001,1,2001.0,2001-Q1,2001q1,0.0187380209388599,0.1962359386395618,-4.173436552638961,-3.977200613999399
ESP,Spain,ESP,2001,2,2001.25,2001-Q2,2001q2,0.0187548782692901,0.19751394485774076,-4.1738153309007995,-3.9763013860430587
ESP,Spain,ESP,2001,3,2001.5,2001-Q3,2001q3,0.0187213116337103,0.19645487936738926,-4.174547623851253,-3.9780927444838636
ESP,Spain,ESP,2001,4,2001.75,2001-Q4,2001q4,0.0186857289072224,0.19073576915966362,-4.17073097567771,-3.9799952065180464
ESP,Spain,ESP,2002,1,2002.0,2002-Q1,2002q1,0.0185516679094606,0.173802968685417,-4.160998548399518,-3.987195579714101
ESP,Spain,ESP,2002,2,2002.25,2002-Q2,2002q2,0.0185130415930352,0.16391836174637842,-4.153198206030584,-3.989279844284206
ESP,Spain,ESP,2002,3,2002.5,2002-Q3,2002q3,0.0184836656682325,0.15915289900306417,-4.150020772771553,-3.990867873768489
ESP,Spain,ESP,2002,4,2002.75,2002-Q4,2002q4,0.0184642561043735,0.15354571236876602,-4.145464230650573,-3.991918518281807
ESP,Spain,ESP,2003,1,2003.0,2003-Q1,2003q1,0.0184547115374859,0.14899019635781618,-4.141425769568831,-3.9924355732110146
ESP,Spain,ESP,2003,2,2003.25,2003-Q2,2003q2,0.0182992934172363,0.1356950875355416,-4.136587918495714,-4.000892830960172
ESP,Spain,ESP,2003,3,2003.5,2003-Q3,2003q3,0.0182358083963028,0.12412986870842602,-4.128497992287372,-4.004368123578946
ESP,Spain,ESP,2003,4,2003.75,2003-Q4,2003q4,0.0182122429220996,0.11376246404711488,-4.119423687072228,-4.005661223025113
ESP,Spain,ESP,2004,1,2004.0,2004-Q1,2004q1,0.0182061892165489,0.10509228039050456,-4.111085956256169,-4.005993675865664
ESP,Spain,ESP,2004,2,2004.25,2004-Q2,2004q2,0.0182725493393002,0.10034704227881974,-4.102702423697901,-4.002355381419081
ESP,Spain,ESP,2004,3,2004.5,2004-Q3,2004q3,0.0181873711207158,0.08877918964594578,-4.095807009867689,-4.007027820221743
ESP,Spain,ESP,2004,4,2004.75,2004-Q4,2004q4,0.0180400795934062,0.06899588609170859,-4.084155238397759,-4.015159352306051
ESP,Spain,ESP,2005,1,2005.0,2005-Q1,2005q1,0.0178803789836713,0.05387857394164719,-4.077929887448277,-4.02405131350663
ESP,Spain,ESP,2005,2,2005.25,2005-Q2,2005q2,0.0177634269757637,0.03486693781822314,-4.065480537503734,-4.030613599685511
ESP,Spain,ESP,2005,3,2005.5,2005-Q3,2005q3,0.0177257848690274,0.026342902976198346,-4.059077830180438,-4.03273492720424
ESP,Spain,ESP,2005,4,2005.75,2005-Q4,2005q4,0.0177452279330805,0.017827311399404522,-4.04946595944698,-4.031638648047576
ESP,Spain,ESP,2006,1,2006.0,2006-Q1,2006q1,0.0178048315763282,0.012963671199876181,-4.041249092843926,-4.02828542164405
ESP,Spain,ESP,2006,2,2006.25,2006-Q2,2006q2,0.0178055629606943,0.0057503002193195485,-4.0339946448477555,-4.028244344628436
ESP,Spain,ESP,2006,3,2006.5,2006-Q3,2006q3,0.0178298597769781,2.7883127134309404e-05,-4.026908594708328,-4.026880711581193
ESP,Spain,ESP,2006,4,2006.75,2006-Q4,2006q4,0.0178314871731344,-0.009684710821860065,-4.017104731287111,-4.026789442108971
ESP,Spain,ESP,2007,1,2007.0,2007-Q1,2007q1,0.0178408431208529,-0.016727946290879814,-4.009536946518625,-4.026264892809505
ESP,Spain,ESP,2007,2,2007.25,2007-Q2,2007q2,0.017841649274055,-0.024855504290219876,-4.0013642037158625,-4.026219708006082
ESP,Spain,ESP,2007,3,2007.5,2007-Q3,2007q3,0.017870439349155,-0.03208883281053021,-3.9925185314516303,-4.0246073642621605
ESP,Spain,ESP,2007,4,2007.75,2007-Q4,2007q4,0.0179409807032777,-0.037070880247814575,-3.983596877863246,-4.020667758111061
ESP,Spain,ESP,2008,1,2008.0,2008-Q1,2008q1,0.0179608503962853,-0.037660568338981903,-3.9819002994309596,-4.0195608677699415
ESP,Spain,ESP,2008,2,2008.25,2008-Q2,2008q2,0.0180593994555518,-0.035496589617310725,-3.978592394666867,-4.014088984284178
ESP,Spain,ESP,2008,3,2008.5,2008-Q3,2008q3,0.0181613051193183,-0.02688191681351615,-3.981580123773969,-4.008462040587485
ESP,Spain,ESP,2008,4,2008.75,2008-Q4,2008q4,0.0182553298377916,-0.007980705132326182,-3.995317490552026,-4.003298195684352
ESP,Spain,ESP,2009,1,2009.0,2009-Q1,2009q1,0.018355953215474,0.01294926115638484,-4.010750592341259,-3.9978013311848746
ESP,Spain,ESP,2009,2,2009.25,2009-Q2,2009q2,0.0186212713747522,0.02055170773851378,-4.004002437140827,-3.9834507294023136
ESP,Spain,ESP,2009,3,2009.5,2009-Q3,2009q3,0.01879458211996,0.01804513211682446,-3.992231767904877,-3.9741866357880524
ESP,Spain,ESP,2009,4,2009.75,2009-Q4,2009q4,0.0189103379637961,0.01742210550591894,-3.985468629751267,-3.968046524245348
ESP,Spain,ESP,2010,1,2010.0,2010-Q1,2010q1,0.0189850995351315,0.01680947080031725,-3.9809103132822243,-3.964100842481907
ESP,Spain,ESP,2010,2,2010.25,2010-Q2,2010q2,0.0190644193679612,0.0066742166617164145,-3.9666057581895937,-3.9599315415278773
ESP,Spain,ESP,2010,3,2010.5,2010-Q3,2010q3,0.0190814083449222,0.001696017049913845,-3.9607368201089788,-3.959040803059065
ESP,Spain,ESP,2010,4,2010.75,2010-Q4,2010q4,0.0191415593453356,-0.004144210192026598,-3.9517492155856404,-3.955893425777667
ESP,Spain,ESP,2011,1,2011.0,2011-Q1,2011q1,0.0192118453630835,-0.0022853204445834052,-3.949942923742827,-3.9522282441874106
ESP,Spain,ESP,2011,2,2011.25,2011-Q2,2011q2,0.0191475762934864,-0.01236599679775141,-3.9432131388764726,-3.955579135674224
ESP,Spain,ESP,2011,3,2011.5,2011-Q3,2011q3,0.0192795956451425,-0.010812103459282074,-3.9378958593227056,-3.9487079627819877
ESP,Spain,ESP,2011,4,2011.75,2011-Q4,2011q4,0.0193947676298847,-0.004956854687139689,-3.937795104403702,-3.9427519590908418
ESP,Spain,ESP,2012,1,2012.0,2012-Q1,2012q1,0.0194363608715324,-0.00386314029859669,-3.936746555141414,-3.9406096954400107
ESP,Spain,ESP,2012,2,2012.25,2012-Q2,2012q2,0.0194776559499508,-0.0034572755589246107,-3.935030043560548,-3.9384873191194725
ESP,Spain,ESP,2012,3,2012.5,2012-Q3,2012q3,0.0195928852925506,-0.0014462166871247462,-3.931142557235305,-3.9325887739224297
ESP,Spain,ESP,2012,4,2012.75,2012-Q4,2012q4,0.0196668717854247,-0.0025966561868688842,-3.9262230378446903,-3.928819694031559
ESP,Spain,ESP,2013,1,2013.0,2013-Q1,2013q1,0.0197454970892034,-0.00513379804041314,-3.9196960110728867,-3.9248298091133
ESP,Spain,ESP,2013,2,2013.25,2013-Q2,2013q2,0.0198337474508904,-0.009457680565604143,-3.910912694874213,-3.920370375439817
ESP,Spain,ESP,2013,3,2013.5,2013-Q3,2013q3,0.0198320290669091,-0.014937519029757151,-3.905519499563591,-3.920457018593348
ESP,Spain,ESP,2013,4,2013.75,2013-Q4,2013q4,0.019860818512142,-0.016161079298182557,-3.9028453278103648,-3.9190064071085473
ESP,Spain,ESP,2014,1,2014.0,2014-Q1,2014q1,0.0199069685125358,-0.017926848824845187,-3.8987585832149927,-3.916685432039838
ESP,Spain,ESP,2014,2,2014.25,2014-Q2,2014q2,0.0198272362253428,-0.026715717252428828,-3.893983002318197,-3.920698719570626
ESP,Spain,ESP,2014,3,2014.5,2014-Q3,2014q3,0.0198916589340519,-0.025530042969863054,-3.8919247411919593,-3.9174547841618224
ESP,Spain,ESP,2014,4,2014.75,2014-Q4,2014q4,0.0198983427503198,-0.03193349774713505,-3.8851853318508356,-3.9171188295979706
ESP,Spain,ESP,2015,1,2015.0,2015-Q1,2015q1,0.0200214859220283,-0.029311788520975046,-3.8816374974488594,-3.9109492859698345
ESP,Spain,ESP,2015,2,2015.25,2015-Q2,2015q2,0.0200576265305681,-0.03209939527769334,-3.877046426686889,-3.9091458219645823
ESP,Spain,ESP,2015,3,2015.5,2015-Q3,2015q3,0.0201211222966666,-0.033002464517223995,-3.872982690636614,-3.905985155153838
ESP,Spain,ESP,2015,4,2015.75,2015-Q4,2015q4,0.0201309474193966,-0.031604912490457604,-3.8738920629004796,-3.905496975390937
ESP,Spain,ESP,2016,1,2016.0,2016-Q1,2016q1,0.0201022985219298,-0.031777970110205,-3.875143146019994,-3.906921116130199
ESP,Spain,ESP,2016,2,2016.25,2016-Q2,2016q2,0.0201365206258956,-0.03741217356636284,-3.8678079924394737,-3.9052201660058365
ESP,Spain,ESP,2016,3,2016.5,2016-Q3,2016q3,0.0201432124493954,-0.037589836930295384,-3.867298061552871,-3.9048878984831665
ESP,Spain,ESP,2016,4,2016.75,2016-Q4,2016q4,0.0201472255520583,-0.04567018894393149,-3.8590185008497677,-3.904688689793699
ESP,Spain,ESP,2017,1,2017.0,2017-Q1,2017q1,0.0201342257542001,-0.050982899920147595,-3.8543512382319376,-3.905334138152085
ESP,Spain,ESP,2017,2,2017.25,2017-Q2,2017q2,0.0202058477644715,-0.055100346838574676,-3.8466828763408323,-3.901783223179407
ESP,Spain,ESP,2017,3,2017.5,2017-Q3,2017q3,0.0201748012121219,-0.06008263267056968,-3.8432382853826903,-3.90332091805326
ESP,Spain,ESP,2017,4,2017.75,2017-Q4,2017q4,0.0202226084854481,-0.06316960018764028,-3.837784468307589,-3.900954068495229
ESP,Spain,ESP,2018,1,2018.0,2018-Q1,2018q1,0.0202055849457128,-0.06846822424778631,-3.8333280060803943,-3.9017962303281806
ESP,Spain,ESP,2018,2,2018.25,2018-Q2,2018q2,0.0201172374882102,-0.08048615306825768,-3.8256920918879103,-3.906178244956168
ESP,Spain,ESP,2018,3,2018.5,2018-Q3,2018q3,0.020114296445997,-0.08206636370796216,-3.824258087068906,-3.906324450776868
ESP,Spain,ESP,2018,4,2018.75,2018-Q4,2018q4,0.0200897201576982,-0.08256772689566372,-3.8249793027892887,-3.9075470296849524
ESP,Spain,ESP,2019,1,2019.0,2019-Q1,2019q1,0.0200612493680289,-0.08757396811199669,-3.821391248718992,-3.9089652168309885
ESP,Spain,ESP,2019,2,2019.25,2019-Q2,2019q2,0.0200519783934529,-0.09586051477297186,-3.8135669423342766,-3.9094274571072485
ESP,Spain,ESP,2019,3,2019.5,2019-Q3,2019q3,0.0200880412877077,-0.09549817927595816,-3.8121324225111266,-3.9076306017870848
ESP,Spain,ESP,2019,4,2019.75,2019-Q4,2019q4,0.0200274517524469,-0.09540161347748377,-3.8152497454656107,-3.9106513589430945
ESP,Spain,ESP,2020,1,2020.0,2020-Q1,2020q1,0.0190158500439114,-0.14827577574602913,-3.8142066589943626,-3.9624824347403917
ESP,Spain,ESP,2020,2,2020.25,2020-Q2,2020q2,0.016760895315098,-0.20651842292671763,-3.8821883426730164,-4.088706765599734
ESP,Spain,ESP,2020,3,2020.5,2020-Q3,2020q3,0.018916006814511,-0.14035249973045527,-3.8273942942189545,-3.9677467939494098
ESP,Spain,ESP,2020,4,2020.75,2020-Q4,2020q4,0.0188161498066714,-0.1547510793781126,-3.8182886662554183,-3.973039745633531
ESP,Spain,ESP,2021,1,2021.0,2021-Q1,2021q1,0.0188888245535245,-0.16989736217489737,-3.799287463088877,-3.9691848252637745
ESP,Spain,ESP,2021,2,2021.25,2021-Q2,2021q2,0.0189471987835094,-0.17185607104546063,-3.7942431087856,-3.9660991798310605
ESP,Spain,ESP,2021,3,2021.5,2021-Q3,2021q3,0.0190214839539135,-0.17026481325034304,-3.7919213909475182,-3.9621862041978613
ESP,Spain,ESP,2021,4,2021.75,2021-Q4,2021q4,0.0191502063990218,-0.17181705817934567,-3.7836247272174144,-3.95544178539676
ESP,Spain,ESP,2022,1,2022.0,2022-Q1,2022q1,0.0192704883876545,-0.16649291941334177,-3.7826875330083403,-3.949180452421682
ESP,Spain,ESP,2022,2,2022.25,2022-Q2,2022q2,0.0194988504725408,-0.1553074130671681,-3.7820923522090077,-3.937399765276176
ESP,Spain,ESP,2022,3,2022.5,2022-Q3,2022q3,0.0195896577832158,-0.1505610304926437,-3.782192485638369,-3.9327535161310125
ESP,Spain,ESP,2022,4,2022.75,2022-Q4,2022q4,0.0196777573642128,-0.14678486393332513,-3.7814814849885647,-3.92826634892189
ESP,Spain,ESP,2023,1,2023.0,2023-Q1,2023q1,0.0195402753603247,-0.15261244112784533,-3.7826650992036,-3.9352775403314455
ESP,Spain,ESP,2023,2,2023.25,2023-Q2,2023q2,0.019301616451361,-0.16666702457244842,-3.780899408049487,-3.9475664326219353
ESP,Spain,ESP,2023,3,2023.5,2023-Q3,2023q3,0.0193211589578195,-0.16584266002582915,-3.7807118045063346,-3.9465544645321637
ESP,Spain,ESP,2023,4,2023.75,2023-Q4,2023q4,0.0194061359725144,-0.16339378497288948,-3.7787721907052205,-3.94216597567811
ESP,Spain,ESP,2024,1,2024.0,2024-Q1,2024q1,0.0195211943446189,-0.16049849655785575,-3.775756017623659,-3.9362545141815146
ESP,Spain,ESP,2024,2,2024.25,2024-Q2,2024q2,0.0196262222820073,-0.15990232895284429,-3.770986406414534,-3.9308887353673785
ESP,Spain,ESP,2024,3,2024.5,2024-Q3,2024q3,0.0196627772085151,-0.16385147540488854,-3.765176436957072,-3.9290279123619607
ESP,Spain,ESP,2024,4,2024.75,2024-Q4,2024q4,0.0196896883991284,-0.16552452797218242,-3.7621356838204347,-3.927660211792617
ESP,Spain,ESP,2025,1,2025.0,2025-Q1,2025q1,0.0196478178518892,-0.17194821799465032,-3.757840779633255,-3.9297889976279055
ESP,Spain,ESP,2025,2,2025.25,2025-Q2,2025q2,0.0196666593092745,-0.17596794085121736,-3.7528625569980663,-3.9288304978492836
ESP,Spain,ESP,2025,3,2025.5,2025-Q3,2025q3,0.0196711611273594,-0.1803750092654428,-3.7482266086888907,-3.9286016179543335
ESP,Spain,ESP,2025,4,2025.75,2025-Q4,2025q4,0.0196759906632078,-0.18120441449515345,-3.747151720080949,-3.9283561345761027
ESP,Spain,ESP,2026,1,2026.0,2026-Q1,2026q1,0.0197054787931307,-0.17732042777484036,-3.7495381428027086,-3.926858570577549
FIN,Finland,FIN,1995,1,1995.0,1995-Q1,1995q1,0.0205106040139542,0.3672613109848575,-4.254074568586735,-3.8868132576018777
FIN,Finland,FIN,1995,2,1995.25,1995-Q2,1995q2,0.0213155267943297,0.40212069228212366,-4.2504402066290705,-3.848319514346947
FIN,Finland,FIN,1995,3,1995.5,1995-Q3,1995q3,0.0210590261855432,0.3869250330299834,-4.24735104637809,-3.8604260133481065
FIN,Finland,FIN,1995,4,1995.75,1995-Q4,1995q4,0.0209594447507593,0.37925357513570246,-4.244419485914777,-3.865165910779074
FIN,Finland,FIN,1996,1,1996.0,1996-Q1,1996q1,0.0209053408312691,0.3733242847487279,-4.241074895239452,-3.8677506104907238
FIN,Finland,FIN,1996,2,1996.25,1996-Q2,1996q2,0.0212658674107428,0.3865044239997051,-4.237156384572403,-3.850651960572698
FIN,Finland,FIN,1996,3,1996.5,1996-Q3,1996q3,0.0212489163390901,0.3852483348868625,-4.236697715606429,-3.851449380719566
FIN,Finland,FIN,1996,4,1996.75,1996-Q4,1996q4,0.0214688600427681,0.3889475575274224,-4.230099321381617,-3.841151763854195
FIN,Finland,FIN,1997,1,1997.0,1997-Q1,1997q1,0.0212812651541,0.37750362768556167,-4.227431791231235,-3.8499281635456737
FIN,Finland,FIN,1997,2,1997.25,1997-Q2,1997q2,0.0218399473886396,0.3903425393216957,-4.214357076375103,-3.8240145370534075
FIN,Finland,FIN,1997,3,1997.5,1997-Q3,1997q3,0.0222192755181452,0.4028637817712353,-4.2096588820174015,-3.806795100246166
FIN,Finland,FIN,1997,4,1997.75,1997-Q4,1997q4,0.022590125521469,0.41594970161404987,-4.206192093625781,-3.7902423920117307
FIN,Finland,FIN,1998,1,1998.0,1998-Q1,1998q1,0.0219673995182993,0.3923147188276377,-4.21051048353961,-3.8181957647119726
FIN,Finland,FIN,1998,2,1998.25,1998-Q2,1998q2,0.0227184666819726,0.4266386621531737,-4.211215837148984,-3.7845771749958104
FIN,Finland,FIN,1998,3,1998.5,1998-Q3,1998q3,0.0222540638529924,0.40324143019294034,-4.2084720721621,-3.8052306419691595
FIN,Finland,FIN,1998,4,1998.75,1998-Q4,1998q4,0.022315384213962,0.40381645593808413,-4.206295419243004,-3.8024789633049196
FIN,Finland,FIN,1999,1,1999.0,1999-Q1,1999q1,0.0224443654984376,0.41124359139214084,-4.207959267711823,-3.7967156763196823
FIN,Finland,FIN,1999,2,1999.25,1999-Q2,1999q2,0.0222139267484544,0.3976314683197413,-4.2046673241020285,-3.807035855782287
FIN,Finland,FIN,1999,3,1999.5,1999-Q3,1999q3,0.0223006387234987,0.3949711996656986,-4.198111158282587,-3.8031399586168884
FIN,Finland,FIN,1999,4,1999.75,1999-Q4,1999q4,0.0224610622876842,0.3924302496287635,-4.188402283549777,-3.795972033921014
FIN,Finland,FIN,2000,1,2000.0,2000-Q1,2000q1,0.0232012371336769,0.4207725172238126,-4.184322194227946,-3.763549677004133
FIN,Finland,FIN,2000,2,2000.25,2000-Q2,2000q2,0.02305624608394,0.411479581161307,-4.181298147628699,-3.7698185664673916
FIN,Finland,FIN,2000,3,2000.5,2000-Q3,2000q3,0.0232135075083144,0.4154782763484284,-4.17849922589675,-3.7630209495483213
FIN,Finland,FIN,2000,4,2000.75,2000-Q4,2000q4,0.0234831892710723,0.4217206143528416,-4.173191078337019,-3.751470463984177
FIN,Finland,FIN,2001,1,2001.0,2001-Q1,2001q1,0.0235759946978799,0.4259102941973798,-4.173436552638961,-3.747526258441581
FIN,Finland,FIN,2001,2,2001.25,2001-Q2,2001q2,0.023474613787198,0.42197962478811,-4.1738153309007995,-3.7518357061126895
FIN,Finland,FIN,2001,3,2001.5,2001-Q3,2001q3,0.0236465511363143,0.4300096198416079,-4.174547623851253,-3.744538004009645
FIN,Finland,FIN,2001,4,2001.75,2001-Q4,2001q4,0.023428804831702,0.41694193774357835,-4.17073097567771,-3.7537890379341317
FIN,Finland,FIN,2002,1,2002.0,2002-Q1,2002q1,0.0236646226483399,0.41722448708919124,-4.160998548399518,-3.7437740613103268
FIN,Finland,FIN,2002,2,2002.25,2002-Q2,2002q2,0.0238864099937564,0.4187526047524295,-4.153198206030584,-3.734445601278155
FIN,Finland,FIN,2002,3,2002.5,2002-Q3,2002q3,0.0238263264631806,0.4130566170445351,-4.150020772771553,-3.736964155727018
FIN,Finland,FIN,2002,4,2002.75,2002-Q4,2002q4,0.0241085097175954,0.42027383015496156,-4.145464230650573,-3.7251904004956113
FIN,Finland,FIN,2003,1,2003.0,2003-Q1,2003q1,0.0239074018426737,0.4078586021071291,-4.141425769568831,-3.7335671674617017
FIN,Finland,FIN,2003,2,2003.25,2003-Q2,2003q2,0.0243284198013616,0.420477845632623,-4.136587918495714,-3.7161100728630907
FIN,Finland,FIN,2003,3,2003.5,2003-Q3,2003q3,0.0246584649472925,0.4258629604134119,-4.128497992287372,-3.70263503187396
FIN,Finland,FIN,2003,4,2003.75,2003-Q4,2003q4,0.0248251573353962,0.4235259557815536,-4.119423687072228,-3.6958977312906742
FIN,Finland,FIN,2004,1,2004.0,2004-Q1,2004q1,0.025134229836657,0.42756133287719145,-4.111085956256169,-3.683524623378977
FIN,Finland,FIN,2004,2,2004.25,2004-Q2,2004q2,0.0253524130493457,0.4278210595460412,-4.102702423697901,-3.6748813641518594
FIN,Finland,FIN,2004,3,2004.5,2004-Q3,2004q3,0.0253987523201764,0.4227517824506566,-4.095807009867689,-3.673055227417032
FIN,Finland,FIN,2004,4,2004.75,2004-Q4,2004q4,0.0257598426417454,0.42521675200522147,-4.084155238397759,-3.658938486392538
FIN,Finland,FIN,2005,1,2005.0,2005-Q1,2005q1,0.0258890756681634,0.42399569931968406,-4.077929887448277,-3.6539341881285927
FIN,Finland,FIN,2005,2,2005.25,2005-Q2,2005q2,0.0255329678303263,0.3976957317583971,-4.065480537503734,-3.667784805745337
FIN,Finland,FIN,2005,3,2005.5,2005-Q3,2005q3,0.0258416354835759,0.40330952081784943,-4.059077830180438,-3.655768309362589
FIN,Finland,FIN,2005,4,2005.75,2005-Q4,2005q4,0.0256411188673222,0.38590794913629,-4.04946595944698,-3.66355801031069
FIN,Finland,FIN,2006,1,2006.0,2006-Q1,2006q1,0.0261956563789848,0.39908742382299733,-4.041249092843926,-3.6421616690209286
FIN,Finland,FIN,2006,2,2006.25,2006-Q2,2006q2,0.0263143024886142,0.3963519780922171,-4.0339946448477555,-3.6376426667555384
FIN,Finland,FIN,2006,3,2006.5,2006-Q3,2006q3,0.0262800230243226,0.38796238545799255,-4.026908594708328,-3.638946209250335
FIN,Finland,FIN,2006,4,2006.75,2006-Q4,2006q4,0.0263744007358045,0.3817433229257152,-4.017104731287111,-3.6353614083613954
FIN,Finland,FIN,2007,1,2007.0,2007-Q1,2007q1,0.0268523474120328,0.3921349115612056,-4.009536946518625,-3.6174020349574194
FIN,Finland,FIN,2007,2,2007.25,2007-Q2,2007q2,0.0271183259377517,0.3938186579416634,-4.0013642037158625,-3.607545545774199
FIN,Finland,FIN,2007,3,2007.5,2007-Q3,2007q3,0.0271935720278623,0.38774387533781907,-3.9925185314516303,-3.604774656113811
FIN,Finland,FIN,2007,4,2007.75,2007-Q4,2007q4,0.0274330325622076,0.3875894541253846,-3.983596877863246,-3.5960074237378614
FIN,Finland,FIN,2008,1,2008.0,2008-Q1,2008q1,0.0272559634573891,0.3794173600885493,-3.9819002994309596,-3.6024829393424103
FIN,Finland,FIN,2008,2,2008.25,2008-Q2,2008q2,0.026974254730312,0.36571999828459445,-3.978592394666867,-3.6128723963822726
FIN,Finland,FIN,2008,3,2008.5,2008-Q3,2008q3,0.0271090967645698,0.3736941903209501,-3.981580123773969,-3.607885933453019
FIN,Finland,FIN,2008,4,2008.75,2008-Q4,2008q4,0.026423288948384,0.3618079899859916,-3.995317490552026,-3.6335095005660345
FIN,Finland,FIN,2009,1,2009.0,2009-Q1,2009q1,0.0250842808355115,0.3252367017797875,-4.010750592341259,-3.685513890561472
FIN,Finland,FIN,2009,2,2009.25,2009-Q2,2009q2,0.0254398656255249,0.3325646146011314,-4.004002437140827,-3.671437822539696
FIN,Finland,FIN,2009,3,2009.5,2009-Q3,2009q3,0.0258382053138933,0.33633071162841555,-3.992231767904877,-3.6559010562764613
FIN,Finland,FIN,2009,4,2009.75,2009-Q4,2009q4,0.0256837538351874,0.3235719962907049,-3.985468629751267,-3.6618966334605623
FIN,Finland,FIN,2010,1,2010.0,2010-Q1,2010q1,0.0258691058401188,0.3262044663181163,-3.9809103132822243,-3.654705846964108
FIN,Finland,FIN,2010,2,2010.25,2010-Q2,2010q2,0.0265852522192454,0.33920711339524123,-3.9666057581895937,-3.6273986447943525
FIN,Finland,FIN,2010,3,2010.5,2010-Q3,2010q3,0.0263475691057265,0.32435755780642106,-3.9607368201089788,-3.6363792623025577
FIN,Finland,FIN,2010,4,2010.75,2010-Q4,2010q4,0.0268940464831588,0.3358988783876695,-3.9517492155856404,-3.615850337197971
FIN,Finland,FIN,2011,1,2011.0,2011-Q1,2011q1,0.0269329463314115,0.33553795263316033,-3.949942923742827,-3.614404971109667
FIN,Finland,FIN,2011,2,2011.25,2011-Q2,2011q2,0.0267249569262841,0.32105570506547787,-3.9432131388764726,-3.6221574338109948
FIN,Finland,FIN,2011,3,2011.5,2011-Q3,2011q3,0.0267482989601427,0.3166114613855977,-3.9378958593227056,-3.621284397937108
FIN,Finland,FIN,2011,4,2011.75,2011-Q4,2011q4,0.0266767717703172,0.3138330410340777,-3.937795104403702,-3.6239620633696243
FIN,Finland,FIN,2012,1,2012.0,2012-Q1,2012q1,0.0264871978079415,0.30565279083317165,-3.936746555141414,-3.6310937643082424
FIN,Finland,FIN,2012,2,2012.25,2012-Q2,2012q2,0.0262541559899724,0.2950990645117324,-3.935030043560548,-3.6399309790488155
FIN,Finland,FIN,2012,3,2012.5,2012-Q3,2012q3,0.0260893056560315,0.2849127636337676,-3.931142557235305,-3.6462297936015373
FIN,Finland,FIN,2012,4,2012.75,2012-Q4,2012q4,0.0262094017399724,0.2845859502972372,-3.9262230378446903,-3.641637087547453
FIN,Finland,FIN,2013,1,2013.0,2013-Q1,2013q1,0.0261144886608499,0.2744310135020349,-3.9196960110728867,-3.6452649975708518
FIN,Finland,FIN,2013,2,2013.25,2013-Q2,2013q2,0.0261935341974524,0.26867000984558453,-3.910912694874213,-3.6422426850286285
FIN,Finland,FIN,2013,3,2013.5,2013-Q3,2013q3,0.0264247665676158,0.272065918528285,-3.905519499563591,-3.633453581035306
FIN,Finland,FIN,2013,4,2013.75,2013-Q4,2013q4,0.0263968232589291,0.26833372063895977,-3.9028453278103648,-3.634511607171405
FIN,Finland,FIN,2014,1,2014.0,2014-Q1,2014q1,0.0261991251779983,0.25672932428970663,-3.8987585832149927,-3.642029258925286
FIN,Finland,FIN,2014,2,2014.25,2014-Q2,2014q2,0.0261824011870422,0.2513151979863566,-3.893983002318197,-3.6426678043318406
FIN,Finland,FIN,2014,3,2014.5,2014-Q3,2014q3,0.0263235465291917,0.2546333061392745,-3.8919247411919593,-3.637291435052685
FIN,Finland,FIN,2014,4,2014.75,2014-Q4,2014q4,0.0263209767172961,0.24779626795704202,-3.8851853318508356,-3.6373890638937936
FIN,Finland,FIN,2015,1,2015.0,2015-Q1,2015q1,0.0261472101262828,0.23762471595471446,-3.8816374974488594,-3.644012781494145
FIN,Finland,FIN,2015,2,2015.25,2015-Q2,2015q2,0.0266489180699796,0.2520396997431362,-3.877046426686889,-3.6250067269437527
FIN,Finland,FIN,2015,3,2015.5,2015-Q3,2015q3,0.026492980794742,0.24210723389078437,-3.872982690636614,-3.6308754567458297
FIN,Finland,FIN,2015,4,2015.75,2015-Q4,2015q4,0.0266853052057384,0.2502498309908554,-3.8738920629004796,-3.623642231909624
FIN,Finland,FIN,2016,1,2016.0,2016-Q1,2016q1,0.026927727823547,0.260544396872354,-3.875143146019994,-3.61459874914764
FIN,Finland,FIN,2016,2,2016.25,2016-Q2,2016q2,0.0269113508662528,0.2526008763510226,-3.8678079924394737,-3.615207116088451
FIN,Finland,FIN,2016,3,2016.5,2016-Q3,2016q3,0.0270877405654834,0.25862403044530824,-3.867298061552871,-3.608674031107563
FIN,Finland,FIN,2016,4,2016.75,2016-Q4,2016q4,0.0272773928055875,0.2573214786329445,-3.8590185008497677,-3.601697022216823
FIN,Finland,FIN,2017,1,2017.0,2017-Q1,2017q1,0.0274836140129054,0.26018593225456943,-3.8543512382319376,-3.594165305977368
FIN,Finland,FIN,2017,2,2017.25,2017-Q2,2017q2,0.0277602568304778,0.2625329847728657,-3.8466828763408323,-3.5841498915679666
FIN,Finland,FIN,2017,3,2017.5,2017-Q3,2017q3,0.0277734692793209,0.2595642289519615,-3.8432382853826903,-3.583674056430729
FIN,Finland,FIN,2017,4,2017.75,2017-Q4,2017q4,0.0276355778098514,0.24913318301707843,-3.837784468307589,-3.5886512852905104
FIN,Finland,FIN,2018,1,2018.0,2018-Q1,2018q1,0.0275396565634869,0.24119974985938608,-3.8333280060803943,-3.592128256221008
FIN,Finland,FIN,2018,2,2018.25,2018-Q2,2018q2,0.0272544134507282,0.22315228239529228,-3.8256920918879103,-3.602539809492618
FIN,Finland,FIN,2018,3,2018.5,2018-Q3,2018q3,0.0271607606106231,0.21827611519452939,-3.824258087068906,-3.6059819718743764
FIN,Finland,FIN,2018,4,2018.75,2018-Q4,2018q4,0.0270755249781386,0.21585420628050578,-3.8249793027892887,-3.609125096508783
FIN,Finland,FIN,2019,1,2019.0,2019-Q1,2019q1,0.0272400491726126,0.2183242561785268,-3.821391248718992,-3.603066992540465
FIN,Finland,FIN,2019,2,2019.25,2019-Q2,2019q2,0.0274768690018241,0.21915618687229044,-3.8135669423342766,-3.594410755461986
FIN,Finland,FIN,2019,3,2019.5,2019-Q3,2019q3,0.0273553471714849,0.2132891622998283,-3.8121324225111266,-3.5988432602112983
FIN,Finland,FIN,2019,4,2019.75,2019-Q4,2019q4,0.0273153014821003,0.21494150550620672,-3.8152497454656107,-3.600308239959404
FIN,Finland,FIN,2020,1,2020.0,2020-Q1,2020q1,0.0271706482917301,0.20858866373741325,-3.8142066589943626,-3.6056179952569494
FIN,Finland,FIN,2020,2,2020.25,2020-Q2,2020q2,0.0264397662915985,0.24930223943705743,-3.8821883426730164,-3.632886103235959
FIN,Finland,FIN,2020,3,2020.5,2020-Q3,2020q3,0.0272188700603038,0.2235495002209924,-3.8273942942189545,-3.603844793997962
FIN,Finland,FIN,2020,4,2020.75,2020-Q4,2020q4,0.027388214604435,0.2206461842117462,-3.8182886662554183,-3.597642482043672
FIN,Finland,FIN,2021,1,2021.0,2021-Q1,2021q1,0.0270854006036764,0.19052704371739004,-3.799287463088877,-3.608760419371487
FIN,Finland,FIN,2021,2,2021.25,2021-Q2,2021q2,0.0272959271674332,0.19322533285862953,-3.7942431087856,-3.6010177759269704
FIN,Finland,FIN,2021,3,2021.5,2021-Q3,2021q3,0.0274402628528367,0.19617749396219653,-3.7919213909475182,-3.5957438969853217
FIN,Finland,FIN,2021,4,2021.75,2021-Q4,2021q4,0.0273485722673883,0.18453377345140476,-3.7836247272174144,-3.5990909537660096
FIN,Finland,FIN,2022,1,2022.0,2022-Q1,2022q1,0.0269405809644311,0.16856598989954596,-3.7826875330083403,-3.6141215431087943
FIN,Finland,FIN,2022,2,2022.25,2022-Q2,2022q2,0.0269411220850236,0.1679908946046389,-3.7820923522090077,-3.614101457604369
FIN,Finland,FIN,2022,3,2022.5,2022-Q3,2022q3,0.026835307366974,0.1641556661778405,-3.782192485638369,-3.6180368194605284
FIN,Finland,FIN,2022,4,2022.75,2022-Q4,2022q4,0.0265056856158705,0.1510854675279969,-3.7814814849885647,-3.630396017460568
FIN,Finland,FIN,2023,1,2023.0,2023-Q1,2023q1,0.0265209736283228,0.15284569784873403,-3.7826650992036,-3.629819401354866
FIN,Finland,FIN,2023,2,2023.25,2023-Q2,2023q2,0.026523783483894,0.15118594951448827,-3.780899408049487,-3.6297134585349986
FIN,Finland,FIN,2023,3,2023.5,2023-Q3,2023q3,0.0262700115813215,0.1413845700788574,-3.7807118045063346,-3.639327234427477
FIN,Finland,FIN,2023,4,2023.75,2023-Q4,2023q4,0.0262172441647205,0.13743428021444393,-3.7787721907052205,-3.6413379104907766
FIN,Finland,FIN,2024,1,2024.0,2024-Q1,2024q1,0.026481868493583,0.1444610296674047,-3.775756017623659,-3.631294987956254
FIN,Finland,FIN,2024,2,2024.25,2024-Q2,2024q2,0.0267166445786361,0.14851789106851943,-3.770986406414534,-3.6224685153460148
FIN,Finland,FIN,2024,3,2024.5,2024-Q3,2024q3,0.0268452922568356,0.14751162861589506,-3.765176436957072,-3.617664808341177
FIN,Finland,FIN,2024,4,2024.75,2024-Q4,2024q4,0.0269761226064121,0.1493325316656562,-3.7621356838204347,-3.6128031521547785
FIN,Finland,FIN,2025,1,2025.0,2025-Q1,2025q1,0.0269266463064425,0.14320186598190965,-3.757840779633255,-3.6146389136513455
FIN,Finland,FIN,2025,2,2025.25,2025-Q2,2025q2,0.0268669843641666,0.13600546375946765,-3.7528625569980663,-3.6168570932385986
FIN,Finland,FIN,2025,3,2025.5,2025-Q3,2025q3,0.0268296206994757,0.12997785686491836,-3.7482266086888907,-3.6182487518239723
FIN,Finland,FIN,2025,4,2025.75,2025-Q4,2025q4,0.0269107552936146,0.13192247283930758,-3.747151720080949,-3.6152292472416416
FRA,France,FRA,1995,1,1995.0,1995-Q1,1995q1,0.0227465286955661,0.47073183854902956,-4.254074568586735,-3.7833427300377056
FRA,France,FRA,1995,2,1995.25,1995-Q2,1995q2,0.0228887917318344,0.473332274365605,-4.2504402066290705,-3.7771079322634655
FRA,France,FRA,1995,3,1995.5,1995-Q3,1995q3,0.0229045088629844,0.4709295521552548,-4.24735104637809,-3.776421494222835
FRA,France,FRA,1995,4,1995.75,1995-Q4,1995q4,0.0228619262513928,0.46613712471494395,-4.244419485914777,-3.7782823611998326
FRA,France,FRA,1996,1,1996.0,1996-Q1,1996q1,0.0229855707518187,0.4681862766981255,-4.241074895239452,-3.772888618541326
FRA,France,FRA,1996,2,1996.25,1996-Q2,1996q2,0.023006148667183,0.46516261914800383,-4.237156384572403,-3.771993765424399
FRA,France,FRA,1996,3,1996.5,1996-Q3,1996q3,0.0230596252350028,0.4670256995986599,-4.236697715606429,-3.769672016007769
FRA,France,FRA,1996,4,1996.75,1996-Q4,1996q4,0.0230974539895389,0.46206643694982086,-4.230099321381617,-3.7680328844317965
FRA,France,FRA,1997,1,1997.0,1997-Q1,1997q1,0.0233986394086094,0.4723543879910497,-4.227431791231235,-3.7550774032401857
FRA,France,FRA,1997,2,1997.25,1997-Q2,1997q2,0.0236007036828601,0.4678783260503536,-4.214357076375103,-3.7464787503247496
FRA,France,FRA,1997,3,1997.5,1997-Q3,1997q3,0.0237880252459099,0.4710859161666683,-4.2096588820174015,-3.738572965850733
FRA,France,FRA,1997,4,1997.75,1997-Q4,1997q4,0.0239651297902263,0.47503666306474557,-4.206192093625781,-3.731155430561035
FRA,France,FRA,1998,1,1998.0,1998-Q1,1998q1,0.0240397931989225,0.4824657118132074,-4.21051048353961,-3.728044771726403
FRA,France,FRA,1998,2,1998.25,1998-Q2,1998q2,0.0241571695116224,0.48804176839426994,-4.211215837148984,-3.723174068754714
FRA,France,FRA,1998,3,1998.5,1998-Q3,1998q3,0.0242312245966803,0.4883588672463448,-4.2084720721621,-3.720113204915755
FRA,France,FRA,1998,4,1998.75,1998-Q4,1998q4,0.0243420327041549,0.49074473724017853,-4.206295419243004,-3.7155506820028252
FRA,France,FRA,1999,1,1999.0,1999-Q1,1999q1,0.0243861745127337,0.4942203421094251,-4.207959267711823,-3.713738925602398
FRA,France,FRA,1999,2,1999.25,1999-Q2,1999q2,0.0244868588327327,0.49504864459631115,-4.2046673241020285,-3.7096186795057173
FRA,France,FRA,1999,3,1999.5,1999-Q3,1999q3,0.0248030014233413,0.5013205502831655,-4.198111158282587,-3.6967906079994215
FRA,France,FRA,1999,4,1999.75,1999-Q4,1999q4,0.0251117087684118,0.5039812267324533,-4.188402283549777,-3.684421056817324
FRA,France,FRA,2000,1,2000.0,2000-Q1,2000q1,0.024797774852719,0.4873208407106495,-4.184322194227946,-3.697001353517296
FRA,France,FRA,2000,2,2000.25,2000-Q2,2000q2,0.0250390572034612,0.4939797625506577,-4.181298147628699,-3.687318385078041
FRA,France,FRA,2000,3,2000.5,2000-Q3,2000q3,0.0252057354210857,0.4978155116107623,-4.17849922589675,-3.6806837142859874
FRA,France,FRA,2000,4,2000.75,2000-Q4,2000q4,0.0253266800216091,0.4972941857536579,-4.173191078337019,-3.675896892583361
FRA,France,FRA,2001,1,2001.0,2001-Q1,2001q1,0.0249234517125327,0.4814904697230835,-4.173436552638961,-3.6919460829158774
FRA,France,FRA,2001,2,2001.25,2001-Q2,2001q2,0.0249187316851718,0.48167984908410144,-4.1738153309007995,-3.692135481816698
FRA,France,FRA,2001,3,2001.5,2001-Q3,2001q3,0.0250564072533085,0.4879219182694161,-4.174547623851253,-3.6866257055818368
FRA,France,FRA,2001,4,2001.75,2001-Q4,2001q4,0.0249232749959673,0.4787778023638438,-4.17073097567771,-3.691953173313866
FRA,France,FRA,2002,1,2002.0,2002-Q1,2002q1,0.0248489796865261,0.46605996222476964,-4.160998548399518,-3.6949385861747484
FRA,France,FRA,2002,2,2002.25,2002-Q2,2002q2,0.0249999422871874,0.46431644340147926,-4.153198206030584,-3.688881762629105
FRA,France,FRA,2002,3,2002.5,2002-Q3,2002q3,0.0251176754779005,0.4658372943998459,-4.150020772771553,-3.684183478371707
FRA,France,FRA,2002,4,2002.75,2002-Q4,2002q4,0.0251031409672417,0.4607019281141702,-4.145464230650573,-3.6847623025364027
FRA,France,FRA,2003,1,2003.0,2003-Q1,2003q1,0.0243689880986061,0.42698183494096975,-4.141425769568831,-3.714443934627861
FRA,France,FRA,2003,2,2003.25,2003-Q2,2003q2,0.0242272379786569,0.4163101760432508,-4.136587918495714,-3.720277742452463
FRA,France,FRA,2003,3,2003.5,2003-Q3,2003q3,0.0244411190540283,0.4170096343684313,-4.128497992287372,-3.7114883579189404
FRA,France,FRA,2003,4,2003.75,2003-Q4,2003q4,0.0246614538531302,0.41690986001425534,-4.119423687072228,-3.7025138270579725
FRA,France,FRA,2004,1,2004.0,2004-Q1,2004q1,0.024875180785731,0.41720122806035853,-4.111085956256169,-3.69388472819581
FRA,France,FRA,2004,2,2004.25,2004-Q2,2004q2,0.0248664978182157,0.40846857308213247,-4.102702423697901,-3.694233850615768
FRA,France,FRA,2004,3,2004.5,2004-Q3,2004q3,0.024864440060741,0.40149040362479393,-4.095807009867689,-3.6943166062428947
FRA,France,FRA,2004,4,2004.75,2004-Q4,2004q4,0.0251282562999559,0.4003929213753361,-4.084155238397759,-3.683762317022423
FRA,France,FRA,2005,1,2005.0,2005-Q1,2005q1,0.025156220129879,0.3952797957005796,-4.077929887448277,-3.682650091747697
FRA,France,FRA,2005,2,2005.25,2005-Q2,2005q2,0.0250990213644886,0.3805541144366207,-4.065480537503734,-3.6849264230671133
FRA,France,FRA,2005,3,2005.5,2005-Q3,2005q3,0.0253365643208644,0.3835711336656078,-4.059077830180438,-3.6755066965148306
FRA,France,FRA,2005,4,2005.75,2005-Q4,2005q4,0.0255575012816052,0.38264154625982716,-4.04946595944698,-3.666824413187153
FRA,France,FRA,2006,1,2006.0,2006-Q1,2006q1,0.0257424118059728,0.3816337103960574,-4.041249092843926,-3.6596153824478685
FRA,France,FRA,2006,2,2006.25,2006-Q2,2006q2,0.0259730786427072,0.38329993063311507,-4.0339946448477555,-3.6506947142146404
FRA,France,FRA,2006,3,2006.5,2006-Q3,2006q3,0.0258360929619409,0.3709257820452656,-4.026908594708328,-3.655982812663062
FRA,France,FRA,2006,4,2006.75,2006-Q4,2006q4,0.025873268782478,0.3625597946947643,-4.017104731287111,-3.6545449365923464
FRA,France,FRA,2007,1,2007.0,2007-Q1,2007q1,0.0261102104527759,0.36410811045157576,-4.009536946518625,-3.6454288360670493
FRA,France,FRA,2007,2,2007.25,2007-Q2,2007q2,0.0261100814594041,0.3559304272945152,-4.0013642037158625,-3.6454337764213474
FRA,France,FRA,2007,3,2007.5,2007-Q3,2007q3,0.0260470914948617,0.3446693635664144,-3.9925185314516303,-3.647849167885216
FRA,France,FRA,2007,4,2007.75,2007-Q4,2007q4,0.0259118069850973,0.33054033186075893,-3.983596877863246,-3.653056546002487
FRA,France,FRA,2008,1,2008.0,2008-Q1,2008q1,0.0260659341906465,0.3347742788340877,-3.9819002994309596,-3.647126020596872
FRA,France,FRA,2008,2,2008.25,2008-Q2,2008q2,0.0258350968940794,0.3225710279134346,-3.978592394666867,-3.6560213667534325
FRA,France,FRA,2008,3,2008.5,2008-Q3,2008q3,0.0257712843291024,0.3230857063633299,-3.981580123773969,-3.658494417410639
FRA,France,FRA,2008,4,2008.75,2008-Q4,2008q4,0.0254096419478261,0.32269091780803905,-3.995317490552026,-3.672626572743987
FRA,France,FRA,2009,1,2009.0,2009-Q1,2009q1,0.0251326409983978,0.3271627528426655,-4.010750592341259,-3.683587839498594
FRA,France,FRA,2009,2,2009.25,2009-Q2,2009q2,0.0252095898316924,0.3234716291623916,-4.004002437140827,-3.680530807978436
FRA,France,FRA,2009,3,2009.5,2009-Q3,2009q3,0.0253435417617263,0.31700042365133063,-3.992231767904877,-3.6752313442535463
FRA,France,FRA,2009,4,2009.75,2009-Q4,2009q4,0.0255790409005124,0.31948665210089233,-3.985468629751267,-3.665981977650375
FRA,France,FRA,2010,1,2010.0,2010-Q1,2010q1,0.0255589769743064,0.31414363852901506,-3.9809103132822243,-3.6667666747532093
FRA,France,FRA,2010,2,2010.25,2010-Q2,2010q2,0.0256350776058557,0.30281211177833534,-3.9666057581895937,-3.6637936464112584
FRA,France,FRA,2010,3,2010.5,2010-Q3,2010q3,0.0257636005629282,0.3019442060012003,-3.9607368201089788,-3.6587926141077785
FRA,France,FRA,2010,4,2010.75,2010-Q4,2010q4,0.025947198070979,0.30005756624238256,-3.9517492155856404,-3.651691649343258
FRA,France,FRA,2011,1,2011.0,2011-Q1,2011q1,0.0263191936291955,0.31248611355985734,-3.949942923742827,-3.63745681018297
FRA,France,FRA,2011,2,2011.25,2011-Q2,2011q2,0.0262462057588452,0.30297929596450857,-3.9432131388764726,-3.640233842911964
FRA,France,FRA,2011,3,2011.5,2011-Q3,2011q3,0.0263439749096409,0.30138017300151887,-3.9378958593227056,-3.6365156863211867
FRA,France,FRA,2011,4,2011.75,2011-Q4,2011q4,0.0264352132976226,0.30473678383461067,-3.937795104403702,-3.6330583205690914
FRA,France,FRA,2012,1,2012.0,2012-Q1,2012q1,0.0264192898800894,0.3030856967729827,-3.936746555141414,-3.6336608583684313
FRA,France,FRA,2012,2,2012.25,2012-Q2,2012q2,0.0262639912519136,0.29547361169485686,-3.935030043560548,-3.639556431865691
FRA,France,FRA,2012,3,2012.5,2012-Q3,2012q3,0.0263482865885324,0.2947905260231809,-3.931142557235305,-3.636352031212124
FRA,France,FRA,2012,4,2012.75,2012-Q4,2012q4,0.026321336836183,0.2888476556781079,-3.9262230378446903,-3.6373753821665824
FRA,France,FRA,2013,1,2013.0,2013-Q1,2013q1,0.026451989130211,0.28727209097804707,-3.9196960110728867,-3.6324239200948396
FRA,France,FRA,2013,2,2013.25,2013-Q2,2013q2,0.0266156345575207,0.2846562243336752,-3.910912694874213,-3.626256470540538
FRA,France,FRA,2013,3,2013.5,2013-Q3,2013q3,0.0265171508722232,0.27555594695367125,-3.905519499563591,-3.6299635526099197
FRA,France,FRA,2013,4,2013.75,2013-Q4,2013q4,0.026700506661119,0.27977259012626066,-3.9028453278103648,-3.623072737684104
FRA,France,FRA,2014,1,2014.0,2014-Q1,2014q1,0.0260696014768665,0.2517732454049795,-3.8987585832149927,-3.646985337810013
FRA,France,FRA,2014,2,2014.25,2014-Q2,2014q2,0.0261508932670797,0.250111072616527,-3.893983002318197,-3.64387192970167
FRA,France,FRA,2014,3,2014.5,2014-Q3,2014q3,0.026423814793381,0.2584351412433583,-3.8919247411919593,-3.633489599948601
FRA,France,FRA,2014,4,2014.75,2014-Q4,2014q4,0.0262884837490555,0.2465610158908098,-3.8851853318508356,-3.638624315960026
FRA,France,FRA,2015,1,2015.0,2015-Q1,2015q1,0.0264362926951965,0.24862000785493255,-3.8816374974488594,-3.633017489593927
FRA,France,FRA,2015,2,2015.25,2015-Q2,2015q2,0.0264134536539216,0.24316463615400208,-3.877046426686889,-3.633881790532887
FRA,France,FRA,2015,3,2015.5,2015-Q3,2015q3,0.0264517982512973,0.24055155446431975,-3.872982690636614,-3.6324311361722943
FRA,France,FRA,2015,4,2015.75,2015-Q4,2015q4,0.0264908083227273,0.2429346009960116,-3.8738920629004796,-3.630957461904468
FRA,France,FRA,2016,1,2016.0,2016-Q1,2016q1,0.026492503502086,0.24424967329630354,-3.875143146019994,-3.6308934727236903
FRA,France,FRA,2016,2,2016.25,2016-Q2,2016q2,0.0263920968761876,0.23311731804176317,-3.8678079924394737,-3.6346906743977105
FRA,France,FRA,2016,3,2016.5,2016-Q3,2016q3,0.0264299198656518,0.23403947923575208,-3.867298061552871,-3.633258582317119
FRA,France,FRA,2016,4,2016.75,2016-Q4,2016q4,0.0266160935401484,0.23277927501061813,-3.8590185008497677,-3.6262392258391496
FRA,France,FRA,2017,1,2017.0,2017-Q1,2017q1,0.026800032812377,0.23499907110828744,-3.8543512382319376,-3.61935216712365
FRA,France,FRA,2017,2,2017.25,2017-Q2,2017q2,0.0267285181216565,0.22465868720193694,-3.8466828763408323,-3.6220241891388953
FRA,France,FRA,2017,3,2017.5,2017-Q3,2017q3,0.0269788558851523,0.23053645024513436,-3.8432382853826903,-3.612701835137556
FRA,France,FRA,2017,4,2017.75,2017-Q4,2017q4,0.0269473017616074,0.22391236150510885,-3.837784468307589,-3.61387210680248
FRA,France,FRA,2018,1,2018.0,2018-Q1,2018q1,0.0269446221561622,0.21935645560425776,-3.8333280060803943,-3.6139715504761365
FRA,France,FRA,2018,2,2018.25,2018-Q2,2018q2,0.0269860517135384,0.21325694222241198,-3.8256920918879103,-3.6124351496654983
FRA,France,FRA,2018,3,2018.5,2018-Q3,2018q3,0.0271000617571556,0.21603881483165743,-3.824258087068906,-3.6082192722372484
FRA,France,FRA,2018,4,2018.75,2018-Q4,2018q4,0.0272395529419726,0.22189409313193043,-3.8249793027892887,-3.6030852096573582
FRA,France,FRA,2019,1,2019.0,2019-Q1,2019q1,0.0274716243741023,0.2267896007532988,-3.821391248718992,-3.594601647965693
FRA,France,FRA,2019,2,2019.25,2019-Q2,2019q2,0.0275635238201382,0.2223049612711705,-3.8135669423342766,-3.591261981063106
FRA,France,FRA,2019,3,2019.5,2019-Q3,2019q3,0.0277329966974825,0.22700006430244368,-3.8121324225111266,-3.585132358208683
FRA,France,FRA,2019,4,2019.75,2019-Q4,2019q4,0.0273265598404362,0.21535358365371904,-3.8152497454656107,-3.5998961618118916
FRA,France,FRA,2020,1,2020.0,2020-Q1,2020q1,0.025897394465563,0.16059374387200753,-3.8142066589943626,-3.653612915122355
FRA,France,FRA,2020,2,2020.25,2020-Q2,2020q2,0.0232887647258184,0.12240410735778129,-3.8821883426730164,-3.759784235315235
FRA,France,FRA,2020,3,2020.5,2020-Q3,2020q3,0.0266315901621139,0.20173712646479736,-3.8273942942189545,-3.625657167754157
FRA,France,FRA,2020,4,2020.75,2020-Q4,2020q4,0.026376773382041,0.18301721404297222,-3.8182886662554183,-3.635271452212446
FRA,France,FRA,2021,1,2021.0,2021-Q1,2021q1,0.025996716522212,0.14950242654603985,-3.799287463088877,-3.6497850365428373
FRA,France,FRA,2021,2,2021.25,2021-Q2,2021q2,0.0261242172311925,0.1493505771971626,-3.7942431087856,-3.6448925315884373
FRA,France,FRA,2021,3,2021.5,2021-Q3,2021q3,0.0266981909048531,0.168761918703475,-3.7919213909475182,-3.6231594722440432
FRA,France,FRA,2021,4,2021.75,2021-Q4,2021q4,0.0266843822571214,0.15994790831052752,-3.7836247272174144,-3.623676818906887
FRA,France,FRA,2022,1,2022.0,2022-Q1,2022q1,0.0266278135632038,0.1568885462080707,-3.7826875330083403,-3.6257989868002696
FRA,France,FRA,2022,2,2022.25,2022-Q2,2022q2,0.0266472007116905,0.15702117936078963,-3.7820923522090077,-3.625071172848218
FRA,France,FRA,2022,3,2022.5,2022-Q3,2022q3,0.0266804606540498,0.15836869344852156,-3.782192485638369,-3.6238237921898473
FRA,France,FRA,2022,4,2022.75,2022-Q4,2022q4,0.0267253343182221,0.1593381724079399,-3.7814814849885647,-3.622143312580625
FRA,France,FRA,2023,1,2023.0,2023-Q1,2023q1,0.0267349871253197,0.16088290705554487,-3.7826650992036,-3.6217821921480553
FRA,France,FRA,2023,2,2023.25,2023-Q2,2023q2,0.0269579970643661,0.16742411948684577,-3.780899408049487,-3.613475288562641
FRA,France,FRA,2023,3,2023.5,2023-Q3,2023q3,0.0271255721017639,0.17343342847167076,-3.7807118045063346,-3.607278376034664
FRA,France,FRA,2023,4,2023.75,2023-Q4,2023q4,0.0271057097484943,0.17076130924269073,-3.7787721907052205,-3.60801088146253
FRA,France,FRA,2024,1,2024.0,2024-Q1,2024q1,0.0269606335457836,0.16237852388220508,-3.775756017623659,-3.613377493741454
FRA,France,FRA,2024,2,2024.25,2024-Q2,2024q2,0.0269097667857034,0.1557204256789344,-3.770986406414534,-3.6152659807356
FRA,France,FRA,2024,3,2024.5,2024-Q3,2024q3,0.0269570233298151,0.15166502730817388,-3.765176436957072,-3.6135114096488983
FRA,France,FRA,2024,4,2024.75,2024-Q4,2024q4,0.0269737611343425,0.1492449884901248,-3.7621356838204347,-3.61289069533031
FRA,France,FRA,2025,1,2025.0,2025-Q1,2025q1,0.0267892855181173,0.13808751412886044,-3.757840779633255,-3.6197532655043947
FRA,France,FRA,2025,2,2025.25,2025-Q2,2025q2,0.0267394564985098,0.13124752407216,-3.7528625569980663,-3.6216150329259063
FRA,France,FRA,2025,3,2025.5,2025-Q3,2025q3,0.0269328336047066,0.13381745211286544,-3.7482266086888907,-3.6144091565760252
FRA,France,FRA,2025,4,2025.75,2025-Q4,2025q4,0.026961596029059,0.1338099252815863,-3.747151720080949,-3.613341794799363
FRA,France,FRA,2026,1,2026.0,2026-Q1,2026q1,0.0269118794297206,0.13435066743314072,-3.7495381428027086,-3.615187475369568
GBR,United Kingdom,GBR,1995,1,1995.0,1995-Q1,1995q1,0.0172587347492977,0.1946376672019774,-4.254074568586735,-4.059436901384758
GBR,United Kingdom,GBR,1995,2,1995.25,1995-Q2,1995q2,0.0172407691975925,0.18996180891689818,-4.2504402066290705,-4.060478397712172
GBR,United Kingdom,GBR,1995,3,1995.5,1995-Q3,1995q3,0.0173844722309441,0.1951731746695824,-4.24735104637809,-4.0521778717085075
GBR,United Kingdom,GBR,1995,4,1995.75,1995-Q4,1995q4,0.0173977952814992,0.19300769716517507,-4.244419485914777,-4.0514117887496015
GBR,United Kingdom,GBR,1996,1,1996.0,1996-Q1,1996q1,0.0174768619486686,0.19419744798125116,-4.241074895239452,-4.0468774472582005
GBR,United Kingdom,GBR,1996,2,1996.25,1996-Q2,1996q2,0.0174721599357786,0.19000985894434663,-4.237156384572403,-4.047146525628056
GBR,United Kingdom,GBR,1996,3,1996.5,1996-Q3,1996q3,0.0175780320447093,0.19559237976595423,-4.236697715606429,-4.0411053358404745
GBR,United Kingdom,GBR,1996,4,1996.75,1996-Q4,1996q4,0.0177809482512586,0.20047160352985127,-4.230099321381617,-4.029627717851766
GBR,United Kingdom,GBR,1997,1,1997.0,1997-Q1,1997q1,0.0178981134716387,0.20437182689572975,-4.227431791231235,-4.023059964335506
GBR,United Kingdom,GBR,1997,2,1997.25,1997-Q2,1997q2,0.0180245503241059,0.19833653290776265,-4.214357076375103,-4.016020543467341
GBR,United Kingdom,GBR,1997,3,1997.5,1997-Q3,1997q3,0.0181505425666887,0.20060405678079452,-4.2096588820174015,-4.009054825236607
GBR,United Kingdom,GBR,1997,4,1997.75,1997-Q4,1997q4,0.0183909399030715,0.2102949614193812,-4.206192093625781,-3.9958971322063994
GBR,United Kingdom,GBR,1998,1,1998.0,1998-Q1,1998q1,0.0184434849623165,0.21746639410933355,-4.21051048353961,-3.9930440894302768
GBR,United Kingdom,GBR,1998,2,1998.25,1998-Q2,1998q2,0.0184648107280531,0.2193273561103144,-4.211215837148984,-3.9918884810386697
GBR,United Kingdom,GBR,1998,3,1998.5,1998-Q3,1998q3,0.0184830258677579,0.21756958342277732,-4.2084720721621,-3.9909024887393225
GBR,United Kingdom,GBR,1998,4,1998.75,1998-Q4,1998q4,0.0185792083222479,0.22058326360248293,-4.206295419243004,-3.985712155640521
GBR,United Kingdom,GBR,1999,1,1999.0,1999-Q1,1999q1,0.0192942762440607,0.26001247299039054,-4.207959267711823,-3.9479467947214326
GBR,United Kingdom,GBR,1999,2,1999.25,1999-Q2,1999q2,0.0189140847188462,0.23681891286391865,-4.2046673241020285,-3.96784841123811
GBR,United Kingdom,GBR,1999,3,1999.5,1999-Q3,1999q3,0.0190941947519053,0.23974022846318288,-4.198111158282587,-3.958370929819404
GBR,United Kingdom,GBR,1999,4,1999.75,1999-Q4,1999q4,0.0193462748898096,0.243146893356045,-4.188402283549777,-3.9452553901937324
GBR,United Kingdom,GBR,2000,1,2000.0,2000-Q1,2000q1,0.0195711846299414,0.2506252277773635,-4.184322194227946,-3.933696966450582
GBR,United Kingdom,GBR,2000,2,2000.25,2000-Q2,2000q2,0.0196484754537549,0.2515426189013148,-4.181298147628699,-3.9297555287273838
GBR,United Kingdom,GBR,2000,3,2000.5,2000-Q3,2000q3,0.019650379955237,0.24884062118731887,-4.17849922589675,-3.929658604709431
GBR,United Kingdom,GBR,2000,4,2000.75,2000-Q4,2000q4,0.0198009835120652,0.2511674081482673,-4.173191078337019,-3.9220236701887514
GBR,United Kingdom,GBR,2001,1,2001.0,2001-Q1,2001q1,0.0198825551637143,0.2555239959879474,-4.173436552638961,-3.9179125566510136
GBR,United Kingdom,GBR,2001,2,2001.25,2001-Q2,2001q2,0.0199314512635786,0.258359001534338,-4.1738153309007995,-3.9154563293664615
GBR,United Kingdom,GBR,2001,3,2001.5,2001-Q3,2001q3,0.0199822260096672,0.26163552377893406,-4.174547623851253,-3.912912100072319
GBR,United Kingdom,GBR,2001,4,2001.75,2001-Q4,2001q4,0.0199939445825975,0.2584051535350853,-4.17073097567771,-3.9123258221426247
GBR,United Kingdom,GBR,2002,1,2002.0,2002-Q1,2002q1,0.0200521905343569,0.2515816707861065,-4.160998548399518,-3.9094168776134115
GBR,United Kingdom,GBR,2002,2,2002.25,2002-Q2,2002q2,0.0201080904614192,0.2465651716462176,-4.153198206030584,-3.9066330343843667
GBR,United Kingdom,GBR,2002,3,2002.5,2002-Q3,2002q3,0.0201675293329193,0.24633934608217256,-4.150020772771553,-3.9036814266893805
GBR,United Kingdom,GBR,2002,4,2002.75,2002-Q4,2002q4,0.0202356349667299,0.2451541091298255,-4.145464230650573,-3.9003101215207474
GBR,United Kingdom,GBR,2003,1,2003.0,2003-Q1,2003q1,0.0203868432750353,0.2485602458769436,-4.141425769568831,-3.892865523691887
GBR,United Kingdom,GBR,2003,2,2003.25,2003-Q2,2003q2,0.020491966425642,0.24886556717624853,-4.136587918495714,-3.887722351319465
GBR,United Kingdom,GBR,2003,3,2003.5,2003-Q3,2003q3,0.0206613238338581,0.24900625209092686,-4.128497992287372,-3.879491740196445
GBR,United Kingdom,GBR,2003,4,2003.75,2003-Q4,2003q4,0.0207876515713054,0.2460275440464339,-4.119423687072228,-3.873396143025794
GBR,United Kingdom,GBR,2004,1,2004.0,2004-Q1,2004q1,0.0207432623119147,0.23555216336219464,-4.111085956256169,-3.875533792893974
GBR,United Kingdom,GBR,2004,2,2004.25,2004-Q2,2004q2,0.0208327645785375,0.23147411218715153,-4.102702423697901,-3.871228311510749
GBR,United Kingdom,GBR,2004,3,2004.5,2004-Q3,2004q3,0.0208937029438561,0.22749954990565469,-4.095807009867689,-3.868307459962034
GBR,United Kingdom,GBR,2004,4,2004.75,2004-Q4,2004q4,0.0208710916296076,0.21476498529913135,-4.084155238397759,-3.869390253098628
GBR,United Kingdom,GBR,2005,1,2005.0,2005-Q1,2005q1,0.0209225522990289,0.21100224304277182,-4.077929887448277,-3.866927644405505
GBR,United Kingdom,GBR,2005,2,2005.25,2005-Q2,2005q2,0.0210437850311588,0.20433052712978972,-4.065480537503734,-3.8611500103739442
GBR,United Kingdom,GBR,2005,3,2005.5,2005-Q3,2005q3,0.0211314719762336,0.20208604326000756,-4.059077830180438,-3.856991786920431
GBR,United Kingdom,GBR,2005,4,2005.75,2005-Q4,2005q4,0.0214096765037204,0.20555367336425956,-4.04946595944698,-3.8439122860827206
GBR,United Kingdom,GBR,2006,1,2006.0,2006-Q1,2006q1,0.0213705205121616,0.19550624003994876,-4.041249092843926,-3.845742852803977
GBR,United Kingdom,GBR,2006,2,2006.25,2006-Q2,2006q2,0.0213739030551328,0.18841006031345975,-4.0339946448477555,-3.8455845845342957
GBR,United Kingdom,GBR,2006,3,2006.5,2006-Q3,2006q3,0.0213380201487183,0.17964378075962673,-4.026908594708328,-3.847264813948701
GBR,United Kingdom,GBR,2006,4,2006.75,2006-Q4,2006q4,0.0214109258455655,0.17325079757576756,-4.017104731287111,-3.843853933711343
GBR,United Kingdom,GBR,2007,1,2007.0,2007-Q1,2007q1,0.0216565893668725,0.1770914344242569,-4.009536946518625,-3.832445512094368
GBR,United Kingdom,GBR,2007,2,2007.25,2007-Q2,2007q2,0.0217795978556733,0.174582578141234,-4.0013642037158625,-3.8267816255746285
GBR,United Kingdom,GBR,2007,3,2007.5,2007-Q3,2007q3,0.0218962267890631,0.17107758171100507,-3.9925185314516303,-3.821440949740625
GBR,United Kingdom,GBR,2007,4,2007.75,2007-Q4,2007q4,0.0219772803170447,0.16585080576248057,-3.983596877863246,-3.8177460721007654
GBR,United Kingdom,GBR,2008,1,2008.0,2008-Q1,2008q1,0.021964537327988,0.1635742335977155,-3.9819002994309596,-3.818326065833244
GBR,United Kingdom,GBR,2008,2,2008.25,2008-Q2,2008q2,0.0218534553453131,0.1551961640972137,-3.978592394666867,-3.8233962305696534
GBR,United Kingdom,GBR,2008,3,2008.5,2008-Q3,2008q3,0.0215702737901903,0.1451409982134204,-3.981580123773969,-3.8364391255605486
GBR,United Kingdom,GBR,2008,4,2008.75,2008-Q4,2008q4,0.0211741402814494,0.1403428506438451,-3.995317490552026,-3.854974639908181
GBR,United Kingdom,GBR,2009,1,2009.0,2009-Q1,2009q1,0.0208231064984764,0.13905857283524092,-4.010750592341259,-3.8716920195060185
GBR,United Kingdom,GBR,2009,2,2009.25,2009-Q2,2009q2,0.0210127311686949,0.1413756583174961,-4.004002437140827,-3.8626267788233313
GBR,United Kingdom,GBR,2009,3,2009.5,2009-Q3,2009q3,0.0210175047019896,0.12983213666786497,-3.992231767904877,-3.862399631237012
GBR,United Kingdom,GBR,2009,4,2009.75,2009-Q4,2009q4,0.0210959986593492,0.1267967362701139,-3.985468629751267,-3.8586718934811532
GBR,United Kingdom,GBR,2010,1,2010.0,2010-Q1,2010q1,0.0213059577888882,0.1321417763028725,-3.9809103132822243,-3.848768536979352
GBR,United Kingdom,GBR,2010,2,2010.25,2010-Q2,2010q2,0.0214710467544593,0.12555584419284838,-3.9666057581895937,-3.8410499139967453
GBR,United Kingdom,GBR,2010,3,2010.5,2010-Q3,2010q3,0.0214131544560223,0.11698696851419799,-3.9607368201089788,-3.8437498515947808
GBR,United Kingdom,GBR,2010,4,2010.75,2010-Q4,2010q4,0.0214931865199747,0.11172991546409916,-3.9517492155856404,-3.8400193001215412
GBR,United Kingdom,GBR,2011,1,2011.0,2011-Q1,2011q1,0.0214089084313893,0.1059947620078705,-3.949942923742827,-3.8439481617349567
GBR,United Kingdom,GBR,2011,2,2011.25,2011-Q2,2011q2,0.0214328956407008,0.1003847811431271,-3.9432131388764726,-3.8428283577333455
GBR,United Kingdom,GBR,2011,3,2011.5,2011-Q3,2011q3,0.021531974690267,0.09967960559120792,-3.9378958593227056,-3.8382162537314977
GBR,United Kingdom,GBR,2011,4,2011.75,2011-Q4,2011q4,0.0215460765210576,0.10023356140761575,-3.937795104403702,-3.8375615429960863
GBR,United Kingdom,GBR,2012,1,2012.0,2012-Q1,2012q1,0.0216633336274046,0.10461241297203294,-3.936746555141414,-3.832134142169381
GBR,United Kingdom,GBR,2012,2,2012.25,2012-Q2,2012q2,0.0215607396927864,0.09814881860147961,-3.935030043560548,-3.8368812249590682
GBR,United Kingdom,GBR,2012,3,2012.5,2012-Q3,2012q3,0.0216819886104485,0.09986917619227276,-3.931142557235305,-3.831273381043032
GBR,United Kingdom,GBR,2012,4,2012.75,2012-Q4,2012q4,0.0215702348269745,0.08978210594401981,-3.9262230378446903,-3.8364409319006705
GBR,United Kingdom,GBR,2013,1,2013.0,2013-Q1,2013q1,0.0216480149048856,0.08685449202992057,-3.9196960110728867,-3.832841519042966
GBR,United Kingdom,GBR,2013,2,2013.25,2013-Q2,2013q2,0.0216742747955754,0.07928347989400564,-3.910912694874213,-3.8316292149802074
GBR,United Kingdom,GBR,2013,3,2013.5,2013-Q3,2013q3,0.0217688720433922,0.07824528205529191,-3.905519499563591,-3.827274217508299
GBR,United Kingdom,GBR,2013,4,2013.75,2013-Q4,2013q4,0.0217776498173686,0.07597425497218868,-3.9028453278103648,-3.826871072838176
GBR,United Kingdom,GBR,2014,1,2014.0,2014-Q1,2014q1,0.0217522493894586,0.07072047662504088,-3.8987585832149927,-3.828038106589952
GBR,United Kingdom,GBR,2014,2,2014.25,2014-Q2,2014q2,0.0218577540336927,0.07078345760805371,-3.893983002318197,-3.8231995447101434
GBR,United Kingdom,GBR,2014,3,2014.5,2014-Q3,2014q3,0.0219167553620846,0.07142089153061892,-3.8919247411919593,-3.8205038496613404
GBR,United Kingdom,GBR,2014,4,2014.75,2014-Q4,2014q4,0.0219836550753004,0.06772927897934666,-3.8851853318508356,-3.817456052871489
GBR,United Kingdom,GBR,2015,1,2015.0,2015-Q1,2015q1,0.0219284640332424,0.061667738919807036,-3.8816374974488594,-3.8199697585290524
GBR,United Kingdom,GBR,2015,2,2015.25,2015-Q2,2015q2,0.0220986055709684,0.06480565790152992,-3.877046426686889,-3.812240768785359
GBR,United Kingdom,GBR,2015,3,2015.5,2015-Q3,2015q3,0.0219421962395078,0.053638963565876274,-3.872982690636614,-3.8193437270707378
GBR,United Kingdom,GBR,2015,4,2015.75,2015-Q4,2015q4,0.0219333660238745,0.05414582403059898,-3.8738920629004796,-3.8197462388698806
GBR,United Kingdom,GBR,2016,1,2016.0,2016-Q1,2016q1,0.0219742103555284,0.057257376199113974,-3.875143146019994,-3.81788576982088
GBR,United Kingdom,GBR,2016,2,2016.25,2016-Q2,2016q2,0.0220706037335317,0.05429928874520096,-3.8678079924394737,-3.8135087036942728
GBR,United Kingdom,GBR,2016,3,2016.5,2016-Q3,2016q3,0.0220931322234574,0.05480958367924549,-3.867298061552871,-3.8124884778736257
GBR,United Kingdom,GBR,2016,4,2016.75,2016-Q4,2016q4,0.0222091364345466,0.05176697718763901,-3.8590185008497677,-3.8072515236621287
GBR,United Kingdom,GBR,2017,1,2017.0,2017-Q1,2017q1,0.0223633630384176,0.054020000449729544,-3.8543512382319376,-3.800331237782208
GBR,United Kingdom,GBR,2017,2,2017.25,2017-Q2,2017q2,0.0224751587164952,0.05133823960446726,-3.8466828763408323,-3.795344636736365
GBR,United Kingdom,GBR,2017,3,2017.5,2017-Q3,2017q3,0.0225889305508565,0.05294299405359171,-3.8432382853826903,-3.7902952913290986
GBR,United Kingdom,GBR,2017,4,2017.75,2017-Q4,2017q4,0.0227028172047886,0.052518212050127744,-3.837784468307589,-3.785266256257461
GBR,United Kingdom,GBR,2018,1,2018.0,2018-Q1,2018q1,0.0225898820488194,0.043074836175400755,-3.8333280060803943,-3.7902531699049935
GBR,United Kingdom,GBR,2018,2,2018.25,2018-Q2,2018q2,0.0226396486167506,0.037639545658765705,-3.8256920918879103,-3.7880525462291446
GBR,United Kingdom,GBR,2018,3,2018.5,2018-Q3,2018q3,0.0226233526635697,0.035485484571990966,-3.824258087068906,-3.788772602496915
GBR,United Kingdom,GBR,2018,4,2018.75,2018-Q4,2018q4,0.0225505318162989,0.032982673349092106,-3.8249793027892887,-3.7919966294401966
GBR,United Kingdom,GBR,2019,1,2019.0,2019-Q1,2019q1,0.0225957858300539,0.031399390931102555,-3.821391248718992,-3.7899918577878893
GBR,United Kingdom,GBR,2019,2,2019.25,2019-Q2,2019q2,0.0226088796512497,0.02415439738600611,-3.8135669423342766,-3.7894125449482705
GBR,United Kingdom,GBR,2019,3,2019.5,2019-Q3,2019q3,0.0227021946825171,0.02683874539214992,-3.8121324225111266,-3.7852936771189767
GBR,United Kingdom,GBR,2019,4,2019.75,2019-Q4,2019q4,0.0226128469912156,0.026012662193425573,-3.8152497454656107,-3.789237083272185
GBR,United Kingdom,GBR,2020,1,2020.0,2020-Q1,2020q1,0.0219118963408572,-0.006518918740213486,-3.8142066589943626,-3.820725577734576
GBR,United Kingdom,GBR,2020,2,2020.25,2020-Q2,2020q2,0.017787638463212,-0.14706318862481105,-3.8821883426730164,-4.029251531297827
GBR,United Kingdom,GBR,2020,3,2020.5,2020-Q3,2020q3,0.0208792793497952,-0.04160373624306013,-3.8273942942189545,-3.8689980304620146
GBR,United Kingdom,GBR,2020,4,2020.75,2020-Q4,2020q4,0.0212298228354518,-0.03405968205570975,-3.8182886662554183,-3.852348348311128
GBR,United Kingdom,GBR,2021,1,2021.0,2021-Q1,2021q1,0.0210919935118395,-0.059574301837472365,-3.799287463088877,-3.8588617649263495
GBR,United Kingdom,GBR,2021,2,2021.25,2021-Q2,2021q2,0.0225403793739903,0.0017961694176524823,-3.7942431087856,-3.7924469393679474
GBR,United Kingdom,GBR,2021,3,2021.5,2021-Q3,2021q3,0.0227504515204193,0.008751104216788264,-3.7919213909475182,-3.78317028673073
GBR,United Kingdom,GBR,2021,4,2021.75,2021-Q4,2021q4,0.0230654529267999,0.014205402026023606,-3.7836247272174144,-3.769419325191391
GBR,United Kingdom,GBR,2022,1,2022.0,2022-Q1,2022q1,0.0231915284830353,0.018719314421084654,-3.7826875330083403,-3.7639682185872556
GBR,United Kingdom,GBR,2022,2,2022.25,2022-Q2,2022q2,0.0232760746097188,0.02176306545174711,-3.7820923522090077,-3.7603292867572606
GBR,United Kingdom,GBR,2022,3,2022.5,2022-Q3,2022q3,0.0233169732922817,0.023618769504140324,-3.782192485638369,-3.7585737161342285
GBR,United Kingdom,GBR,2022,4,2022.75,2022-Q4,2022q4,0.0233325913124641,0.02357735798762217,-3.7814814849885647,-3.7579041270009426
GBR,United Kingdom,GBR,2023,1,2023.0,2023-Q1,2023q1,0.023174480426044,0.017961511833882504,-3.7826650992036,-3.7647035873697177
GBR,United Kingdom,GBR,2023,2,2023.25,2023-Q2,2023q2,0.0232871468491732,0.021045700056589123,-3.780899408049487,-3.7598537079928978
GBR,United Kingdom,GBR,2023,3,2023.5,2023-Q3,2023q3,0.0230817253067793,0.011997717696865084,-3.7807118045063346,-3.7687140868094695
GBR,United Kingdom,GBR,2023,4,2023.75,2023-Q4,2023q4,0.0229660775076487,0.0050351479581185465,-3.7787721907052205,-3.773737042747102
GBR,United Kingdom,GBR,2024,1,2024.0,2024-Q1,2024q1,0.0232110230563795,0.012628036214937133,-3.775756017623659,-3.7631279814087217
GBR,United Kingdom,GBR,2024,2,2024.25,2024-Q2,2024q2,0.0233696272363724,0.014668325337014121,-3.770986406414534,-3.75631808107752
GBR,United Kingdom,GBR,2024,3,2024.5,2024-Q3,2024q3,0.0229013747503829,-0.011381900498953268,-3.765176436957072,-3.7765583374560254
GBR,United Kingdom,GBR,2024,4,2024.75,2024-Q4,2024q4,0.0229490782094926,-0.012341824625511144,-3.7621356838204347,-3.774477508445946
GBR,United Kingdom,GBR,2025,1,2025.0,2025-Q1,2025q1,0.0229526275809163,-0.016482077852790322,-3.757840779633255,-3.7743228574860455
GBR,United Kingdom,GBR,2025,2,2025.25,2025-Q2,2025q2,0.0228854809402226,-0.02439003257721728,-3.7528625569980663,-3.7772525895752835
GBR,United Kingdom,GBR,2025,3,2025.5,2025-Q3,2025q3,0.0229092219309255,-0.02798913638948264,-3.7482266086888907,-3.7762157450783733
GBR,United Kingdom,GBR,2025,4,2025.75,2025-Q4,2025q4,0.022881316146674,-0.030282870150931895,-3.747151720080949,-3.777434590231881
GBR,United Kingdom,GBR,2026,1,2026.0,2026-Q1,2026q1,0.0230045322538308,-0.022525885148586777,-3.7495381428027086,-3.7720640279512954
GEO,Georgia,GEO,2003,1,2003.0,2003-Q1,2003q1,0.0010720661714963,-2.6967417215276663,-4.141425769568831,-6.838167491096497
GEO,Georgia,GEO,2003,2,2003.25,2003-Q2,2003q2,0.0011160817876765,-2.661343212764148,-4.136587918495714,-6.797931131259862
GEO,Georgia,GEO,2003,3,2003.5,2003-Q3,2003q3,0.0011476102715546,-2.641575531143906,-4.128497992287372,-6.770073523431278
GEO,Georgia,GEO,2003,4,2003.75,2003-Q4,2003q4,0.0011923952960777,-2.6123674540156525,-4.119423687072228,-6.73179114108788
GEO,Georgia,GEO,2004,1,2004.0,2004-Q1,2004q1,0.001187943717648,-2.624445478624952,-4.111085956256169,-6.73553143488112
GEO,Georgia,GEO,2004,2,2004.25,2004-Q2,2004q2,0.0012105958988185,-2.613940138540859,-4.102702423697901,-6.71664256223876
GEO,Georgia,GEO,2004,3,2004.5,2004-Q3,2004q3,0.0012134414899526,-2.6184877400358246,-4.095807009867689,-6.714294749903513
GEO,Georgia,GEO,2004,4,2004.75,2004-Q4,2004q4,0.0012709092273432,-2.5838674692255017,-4.084155238397759,-6.668022707623261
GEO,Georgia,GEO,2005,1,2005.0,2005-Q1,2005q1,0.001315633908367,-2.555506782462855,-4.077929887448277,-6.633436669911132
GEO,Georgia,GEO,2005,2,2005.25,2005-Q2,2005q2,0.0013638736927165,-2.531945786992565,-4.065480537503734,-6.597426324496299
GEO,Georgia,GEO,2005,3,2005.5,2005-Q3,2005q3,0.0013937699404341,-2.516665185639832,-4.059077830180438,-6.5757430158202705
GEO,Georgia,GEO,2005,4,2005.75,2005-Q4,2005q4,0.0013951060647297,-2.5253188750878177,-4.04946595944698,-6.574784834534798
GEO,Georgia,GEO,2006,1,2006.0,2006-Q1,2006q1,0.0014492062102452,-2.495490220816585,-4.041249092843926,-6.536739313660511
GEO,Georgia,GEO,2006,2,2006.25,2006-Q2,2006q2,0.0014797250163852,-2.4819043633609974,-4.0339946448477555,-6.515899008208753
GEO,Georgia,GEO,2006,3,2006.5,2006-Q3,2006q3,0.0015496848096225,-2.442795122651435,-4.026908594708328,-6.469703717359763
GEO,Georgia,GEO,2006,4,2006.75,2006-Q4,2006q4,0.0015697879961439,-2.4397099717560105,-4.017104731287111,-6.456814703043121
GEO,Georgia,GEO,2007,1,2007.0,2007-Q1,2007q1,0.0016311031759164,-2.4089617515265855,-4.009536946518625,-6.418498698045211
GEO,Georgia,GEO,2007,2,2007.25,2007-Q2,2007q2,0.0016989753865714,-2.3763657196905994,-4.0013642037158625,-6.377729923406462
GEO,Georgia,GEO,2007,3,2007.5,2007-Q3,2007q3,0.0017884459193706,-2.3338897062519615,-3.9925185314516303,-6.326408237703592
GEO,Georgia,GEO,2007,4,2007.75,2007-Q4,2007q4,0.0017669834338905,-2.3548845830994733,-3.983596877863246,-6.338481460962719
GEO,Georgia,GEO,2008,1,2008.0,2008-Q1,2008q1,0.0019275193699796,-2.269621103870267,-3.9819002994309596,-6.2515214033012265
GEO,Georgia,GEO,2008,2,2008.25,2008-Q2,2008q2,0.0019663448667055,-2.2529864625589786,-3.978592394666867,-6.231578857225846
GEO,Georgia,GEO,2008,3,2008.5,2008-Q3,2008q3,0.0018084566998939,-2.333701325637227,-3.981580123773969,-6.315281449411196
GEO,Georgia,GEO,2008,4,2008.75,2008-Q4,2008q4,0.0018607450516995,-2.2914608154800766,-3.995317490552026,-6.286778306032103
GEO,Georgia,GEO,2009,1,2009.0,2009-Q1,2009q1,0.0018180954794809,-2.299215173298272,-4.010750592341259,-6.309965765639531
GEO,Georgia,GEO,2009,2,2009.25,2009-Q2,2009q2,0.001777441097277,-2.328578097654619,-4.004002437140827,-6.332580534795446
GEO,Georgia,GEO,2009,3,2009.5,2009-Q3,2009q3,0.0017728004737151,-2.3429630262935284,-3.992231767904877,-6.335194794198405
GEO,Georgia,GEO,2009,4,2009.75,2009-Q4,2009q4,0.0018404674457532,-2.31226706326935,-3.985468629751267,-6.297735693020617
GEO,Georgia,GEO,2010,1,2010.0,2010-Q1,2010q1,0.001851200177854,-2.311010792167664,-3.9809103132822243,-6.291921105449888
GEO,Georgia,GEO,2010,2,2010.25,2010-Q2,2010q2,0.0018792514139381,-2.3102760073224933,-3.9666057581895937,-6.276881765512087
GEO,Georgia,GEO,2010,3,2010.5,2010-Q3,2010q3,0.0019004232413248,-2.3049418389157745,-3.9607368201089788,-6.265678659024753
GEO,Georgia,GEO,2010,4,2010.75,2010-Q4,2010q4,0.0019861426545688,-2.2698116702581084,-3.9517492155856404,-6.221560885843749
GEO,Georgia,GEO,2011,1,2011.0,2011-Q1,2011q1,0.001978188636,-2.275630759548525,-3.949942923742827,-6.225573683291352
GEO,Georgia,GEO,2011,2,2011.25,2011-Q2,2011q2,0.0020216051305046,-2.2606503251734478,-3.9432131388764726,-6.20386346404992
GEO,Georgia,GEO,2011,3,2011.5,2011-Q3,2011q3,0.0020650785856102,-2.2446911379849768,-3.9378958593227056,-6.182586997307682
GEO,Georgia,GEO,2011,4,2011.75,2011-Q4,2011q4,0.0020861788220704,-2.234626096808057,-3.937795104403702,-6.172421201211759
GEO,Georgia,GEO,2012,1,2012.0,2012-Q1,2012q1,0.0021120215173362,-2.2233631699159364,-3.936746555141414,-6.16010972505735
GEO,Georgia,GEO,2012,2,2012.25,2012-Q2,2012q2,0.0021447465446174,-2.2097038510407008,-3.935030043560548,-6.144733894601249
GEO,Georgia,GEO,2012,3,2012.5,2012-Q3,2012q3,0.0021870988440002,-2.1940367849143034,-3.931142557235305,-6.125179342149608
GEO,Georgia,GEO,2012,4,2012.75,2012-Q4,2012q4,0.0021725424219563,-2.205634136378369,-3.9262230378446903,-6.131857174223059
GEO,Georgia,GEO,2013,1,2013.0,2013-Q1,2013q1,0.0022184861700839,-2.191234209995888,-3.9196960110728867,-6.110930221068775
GEO,Georgia,GEO,2013,2,2013.25,2013-Q2,2013q2,0.0022748286344611,-2.1749378600537232,-3.910912694874213,-6.085850554927936
GEO,Georgia,GEO,2013,3,2013.5,2013-Q3,2013q3,0.0023021139798725,-2.16840795693344,-3.905519499563591,-6.073927456497031
GEO,Georgia,GEO,2013,4,2013.75,2013-Q4,2013q4,0.0023483079183832,-2.151214917095766,-3.9028453278103648,-6.054060244906131
GEO,Georgia,GEO,2014,1,2014.0,2014-Q1,2014q1,0.00232920355116,-2.1634703101609976,-3.8987585832149927,-6.06222889337599
GEO,Georgia,GEO,2014,2,2014.25,2014-Q2,2014q2,0.0022652476663843,-2.1960881787246387,-3.893983002318197,-6.090071181042836
GEO,Georgia,GEO,2014,3,2014.5,2014-Q3,2014q3,0.0022791989636033,-2.1920064883082264,-3.8919247411919593,-6.083931229500186
GEO,Georgia,GEO,2014,4,2014.75,2014-Q4,2014q4,0.0023721417988091,-2.158776687508941,-3.8851853318508356,-6.0439620193597765
GEO,Georgia,GEO,2015,1,2015.0,2015-Q1,2015q1,0.0023167578274227,-2.185949061432243,-3.8816374974488594,-6.067586558881103
GEO,Georgia,GEO,2015,2,2015.25,2015-Q2,2015q2,0.0023780926138667,-2.164410108667839,-3.877046426686889,-6.041456535354728
GEO,Georgia,GEO,2015,3,2015.5,2015-Q3,2015q3,0.0023532599285344,-2.178971017835864,-3.872982690636614,-6.051953708472478
GEO,Georgia,GEO,2015,4,2015.75,2015-Q4,2015q4,0.0022872899292219,-2.2064955363510728,-3.8738920629004796,-6.080387599251552
GEO,Georgia,GEO,2016,1,2016.0,2016-Q1,2016q1,0.0023671139985914,-2.1709406419544583,-3.875143146019994,-6.046083787974452
GEO,Georgia,GEO,2016,2,2016.25,2016-Q2,2016q2,0.0024565028916062,-2.1412085367923446,-3.8678079924394737,-6.009016529231818
GEO,Georgia,GEO,2016,3,2016.5,2016-Q3,2016q3,0.0024146796904377,-2.158890572480442,-3.867298061552871,-6.026188634033313
GEO,Georgia,GEO,2016,4,2016.75,2016-Q4,2016q4,0.0024922294982203,-2.1355590874586694,-3.8590185008497677,-5.994577588308437
GEO,Georgia,GEO,2017,1,2017.0,2017-Q1,2017q1,0.0025619259920509,-2.1126447244802025,-3.8543512382319376,-5.96699596271214
GEO,Georgia,GEO,2017,2,2017.25,2017-Q2,2017q2,0.0025314262033113,-2.1322895420066272,-3.8466828763408323,-5.9789724183474595
GEO,Georgia,GEO,2017,3,2017.5,2017-Q3,2017q3,0.0025865226000326,-2.114202645487187,-3.8432382853826903,-5.957440930869877
GEO,Georgia,GEO,2017,4,2017.75,2017-Q4,2017q4,0.0026167769308873,-2.1080274292435734,-3.837784468307589,-5.945811897551162
GEO,Georgia,GEO,2018,1,2018.0,2018-Q1,2018q1,0.0026919785145182,-2.0841508423850637,-3.8333280060803943,-5.917478848465458
GEO,Georgia,GEO,2018,2,2018.25,2018-Q2,2018q2,0.0027542427855916,-2.0689206332327346,-3.8256920918879103,-5.894612725120645
GEO,Georgia,GEO,2018,3,2018.5,2018-Q3,2018q3,0.0027861797474683,-2.0588258005218534,-3.824258087068906,-5.883083887590759
GEO,Georgia,GEO,2018,4,2018.75,2018-Q4,2018q4,0.0027597462507023,-2.0676372388417015,-3.8249793027892887,-5.89261654163099
GEO,Georgia,GEO,2019,1,2019.0,2019-Q1,2019q1,0.0028077003548134,-2.05399826104242,-3.821391248718992,-5.875389509761412
GEO,Georgia,GEO,2019,2,2019.25,2019-Q2,2019q2,0.0028829549750315,-2.0353725355150396,-3.8135669423342766,-5.848939477849316
GEO,Georgia,GEO,2019,3,2019.5,2019-Q3,2019q3,0.0029636775492261,-2.009191944015149,-3.8121324225111266,-5.821324366526276
GEO,Georgia,GEO,2019,4,2019.75,2019-Q4,2019q4,0.002956967560143,-2.008341263236292,-3.8152497454656107,-5.823591008701903
GEO,Georgia,GEO,2020,1,2020.0,2020-Q1,2020q1,0.0028526073571088,-2.0453151817950843,-3.8142066589943626,-5.859521840789447
GEO,Georgia,GEO,2020,2,2020.25,2020-Q2,2020q2,0.0025277829893879,-2.0982243065146333,-3.8821883426730164,-5.98041264918765
GEO,Georgia,GEO,2020,3,2020.5,2020-Q3,2020q3,0.0026957928211203,-2.0886686414314535,-3.8273942942189545,-5.916062935650408
GEO,Georgia,GEO,2020,4,2020.75,2020-Q4,2020q4,0.0028400289401512,-2.0456523704114393,-3.8182886662554183,-5.863941036666858
GEO,Georgia,GEO,2021,1,2021.0,2021-Q1,2021q1,0.0027747010402704,-2.087924807734396,-3.799287463088877,-5.887212270823273
GEO,Georgia,GEO,2021,2,2021.25,2021-Q2,2021q2,0.0030697782800163,-1.9919068326985911,-3.7942431087856,-5.786149941484191
GEO,Georgia,GEO,2021,3,2021.5,2021-Q3,2021q3,0.0030060751148511,-2.0151986087089524,-3.7919213909475182,-5.807119999656471
GEO,Georgia,GEO,2021,4,2021.75,2021-Q4,2021q4,0.0030144265126814,-2.020720951060673,-3.7836247272174144,-5.804345678278088
GEO,Georgia,GEO,2022,1,2022.0,2022-Q1,2022q1,0.0031450701183108,-1.9792315608995605,-3.7826875330083403,-5.761919093907901
GEO,Georgia,GEO,2022,2,2022.25,2022-Q2,2022q2,0.0031986900248855,-1.9629215680043663,-3.7820923522090077,-5.745013920213374
GEO,Georgia,GEO,2022,3,2022.5,2022-Q3,2022q3,0.0032713831153947,-1.940349926792937,-3.782192485638369,-5.722542412431306
GEO,Georgia,GEO,2022,4,2022.75,2022-Q4,2022q4,0.003358311859993,-1.9148353688961266,-3.7814814849885647,-5.696316853884691
GEO,Georgia,GEO,2023,1,2023.0,2023-Q1,2023q1,0.0033823752683113,-1.906511974987286,-3.7826650992036,-5.689177074190886
GEO,Georgia,GEO,2023,2,2023.25,2023-Q2,2023q2,0.003404544182893,-1.901744807283937,-3.780899408049487,-5.682644215333424
GEO,Georgia,GEO,2023,3,2023.5,2023-Q3,2023q3,0.0034124053577584,-1.899626048339531,-3.7807118045063346,-5.680337852845866
GEO,Georgia,GEO,2023,4,2023.75,2023-Q4,2023q4,0.0034932791389873,-1.8781422118211415,-3.7787721907052205,-5.656914402526362
GEO,Georgia,GEO,2024,1,2024.0,2024-Q1,2024q1,0.0034763828323651,-1.8860069241265482,-3.775756017623659,-5.661762941750207
GEO,Georgia,GEO,2024,2,2024.25,2024-Q2,2024q2,0.0036601164082932,-1.8392739201155233,-3.770986406414534,-5.6102603265300575
GEO,Georgia,GEO,2024,3,2024.5,2024-Q3,2024q3,0.0037524247672121,-1.8201766064115286,-3.765176436957072,-5.585353043368601
GEO,Georgia,GEO,2024,4,2024.75,2024-Q4,2024q4,0.0037624389183584,-1.8205521995418348,-3.7621356838204347,-5.5826878833622695
GEO,Georgia,GEO,2025,1,2025.0,2025-Q1,2025q1,0.0038390848504052,-1.8046804813589987,-3.757840779633255,-5.562521260992254
GEO,Georgia,GEO,2025,2,2025.25,2025-Q2,2025q2,0.0040351196398501,-1.7598567701812553,-3.7528625569980663,-5.512719327179322
GEO,Georgia,GEO,2025,3,2025.5,2025-Q3,2025q3,0.0040794428403788,-1.7535682499328549,-3.7482266086888907,-5.5017948586217456
GHA,Ghana,GHA,2017,1,2017.0,2017-Q1,2017q1,0.0014365838026223,-2.69113610495521,-3.8543512382319376,-6.545487343187148
GHA,Ghana,GHA,2017,2,2017.25,2017-Q2,2017q2,0.0014772620449238,-2.6708819978185785,-3.8466828763408323,-6.517564874159411
GHA,Ghana,GHA,2017,3,2017.5,2017-Q3,2017q3,0.0015106384098921,-2.6519846441142674,-3.8432382853826903,-6.495222929496958
GHA,Ghana,GHA,2017,4,2017.75,2017-Q4,2017q4,0.0015411861331501,-2.6374184743821574,-3.837784468307589,-6.475202942689746
GHA,Ghana,GHA,2018,1,2018.0,2018-Q1,2018q1,0.0015908458863588,-2.6101613941343147,-3.8333280060803943,-6.443489400214709
GHA,Ghana,GHA,2018,2,2018.25,2018-Q2,2018q2,0.0016127440414776,-2.6041260853057167,-3.8256920918879103,-6.429818177193627
GHA,Ghana,GHA,2018,3,2018.5,2018-Q3,2018q3,0.0016462302994576,-2.5850091848296946,-3.824258087068906,-6.4092672718986
GHA,Ghana,GHA,2018,4,2018.75,2018-Q4,2018q4,0.0016721420675003,-2.5686704965393075,-3.8249793027892887,-6.393649799328596
GHA,Ghana,GHA,2019,1,2019.0,2019-Q1,2019q1,0.0017088109850236,-2.5505662319984306,-3.821391248718992,-6.371957480717422
GHA,Ghana,GHA,2019,2,2019.25,2019-Q2,2019q2,0.0017566884536323,-2.5307578603923795,-3.8135669423342766,-6.344324802726656
GHA,Ghana,GHA,2019,3,2019.5,2019-Q3,2019q3,0.0017841289611517,-2.5166925372847313,-3.8121324225111266,-6.328824959795858
GHA,Ghana,GHA,2019,4,2019.75,2019-Q4,2019q4,0.0018153976919139,-2.49620097579953,-3.8152497454656107,-6.311450721265141
GHA,Ghana,GHA,2020,1,2020.0,2020-Q1,2020q1,0.0018666065695901,-2.469426506295493,-3.8142066589943626,-6.283633165289856
GHA,Ghana,GHA,2020,2,2020.25,2020-Q2,2020q2,0.001855495917762,-2.4074149348673988,-3.8821883426730164,-6.289603277540415
GHA,Ghana,GHA,2020,3,2020.5,2020-Q3,2020q3,0.0018389690606945,-2.471155863265938,-3.8273942942189545,-6.298550157484892
GHA,Ghana,GHA,2020,4,2020.75,2020-Q4,2020q4,0.0018537416855423,-2.47226048347659,-3.8182886662554183,-6.2905491497320085
GHA,Ghana,GHA,2021,1,2021.0,2021-Q1,2021q1,0.0019137609846908,-2.4593974080423537,-3.799287463088877,-6.258684871131231
GHA,Ghana,GHA,2021,2,2021.25,2021-Q2,2021q2,0.0019502346778166,-2.445562457263817,-3.7942431087856,-6.239805566049417
GHA,Ghana,GHA,2021,3,2021.5,2021-Q3,2021q3,0.0019649518774066,-2.4403661328826907,-3.7919213909475182,-6.232287523830209
GHA,Ghana,GHA,2021,4,2021.75,2021-Q4,2021q4,0.0019761949557928,-2.442957295467344,-3.7836247272174144,-6.226582022684759
GHA,Ghana,GHA,2022,1,2022.0,2022-Q1,2022q1,0.0018210732841774,-2.525641702118596,-3.7826875330083403,-6.308329235126936
GHA,Ghana,GHA,2022,2,2022.25,2022-Q2,2022q2,0.0020417671143689,-2.4118472613461104,-3.7820923522090077,-6.193939613555118
GHA,Ghana,GHA,2022,3,2022.5,2022-Q3,2022q3,0.001949936805852,-2.4577658285486237,-3.782192485638369,-6.2399583141869925
GHA,Ghana,GHA,2022,4,2022.75,2022-Q4,2022q4,0.0019422011672192,-2.4624518418377765,-3.7814814849885647,-6.243933326826341
GHA,Ghana,GHA,2023,1,2023.0,2023-Q1,2023q1,0.0018495945189957,-2.510123743632757,-3.7826650992036,-6.292788842836357
GHA,Ghana,GHA,2023,2,2023.25,2023-Q2,2023q2,0.0018298275572864,-2.522634139510378,-3.780899408049487,-6.303533547559865
GHA,Ghana,GHA,2023,3,2023.5,2023-Q3,2023q3,0.0018829728969485,-2.494191618452702,-3.7807118045063346,-6.274903422959037
GHA,Ghana,GHA,2023,4,2023.75,2023-Q4,2023q4,0.0019612111097679,-2.455420892717324,-3.7787721907052205,-6.234193083422545
GHA,Ghana,GHA,2024,1,2024.0,2024-Q1,2024q1,0.0020041556379946,-2.4367764174815663,-3.775756017623659,-6.212532435105225
GHA,Ghana,GHA,2024,2,2024.25,2024-Q2,2024q2,0.0019517650416579,-2.468034759824637,-3.770986406414534,-6.239021166239171
GHA,Ghana,GHA,2024,3,2024.5,2024-Q3,2024q3,0.0019316015966926,-2.4842293403915696,-3.765176436957072,-6.249405777348642
GHA,Ghana,GHA,2024,4,2024.75,2024-Q4,2024q4,0.0018781125018068,-2.5153523110544294,-3.7621356838204347,-6.277487994874864
GRC,Greece,GRC,1995,1,1995.0,1995-Q1,1995q1,0.0153180210144398,0.07534926896988114,-4.254074568586735,-4.178725299616854
GRC,Greece,GRC,1995,2,1995.25,1995-Q2,1995q2,0.0154378932828011,0.0795100175196044,-4.2504402066290705,-4.170930189109466
GRC,Greece,GRC,1995,3,1995.5,1995-Q3,1995q3,0.0154690616614772,0.07843777477461966,-4.24735104637809,-4.16891327160347
GRC,Greece,GRC,1995,4,1995.75,1995-Q4,1995q4,0.0154861448380426,0.07660994969100354,-4.244419485914777,-4.167809536223773
GRC,Greece,GRC,1996,1,1996.0,1996-Q1,1996q1,0.0140006835861176,-0.027574227739625812,-4.241074895239452,-4.2686491229790775
GRC,Greece,GRC,1996,2,1996.25,1996-Q2,1996q2,0.0139432747422828,-0.0356015997160366,-4.237156384572403,-4.27275798428844
GRC,Greece,GRC,1996,3,1996.5,1996-Q3,1996q3,0.0139585425632853,-0.034965872402431764,-4.236697715606429,-4.2716635880088605
GRC,Greece,GRC,1996,4,1996.75,1996-Q4,1996q4,0.0139883934491445,-0.03942801117525452,-4.230099321381617,-4.269527332556872
GRC,Greece,GRC,1997,1,1997.0,1997-Q1,1997q1,0.0140311564460223,-0.03904317037466942,-4.227431791231235,-4.266474961605905
GRC,Greece,GRC,1997,2,1997.25,1997-Q2,1997q2,0.0142228440784607,-0.038548792712745694,-4.214357076375103,-4.252905869087849
GRC,Greece,GRC,1997,3,1997.5,1997-Q3,1997q3,0.0142954330328163,-0.03815627904232599,-4.2096588820174015,-4.2478151610597275
GRC,Greece,GRC,1997,4,1997.75,1997-Q4,1997q4,0.0143694066708552,-0.03646177555033958,-4.206192093625781,-4.24265386917612
GRC,Greece,GRC,1998,1,1998.0,1998-Q1,1998q1,0.0143060038191564,-0.03656549879450832,-4.21051048353961,-4.247075982334119
GRC,Greece,GRC,1998,2,1998.25,1998-Q2,1998q2,0.0141656800369342,-0.04571730144788244,-4.211215837148984,-4.2569331385968665
GRC,Greece,GRC,1998,3,1998.5,1998-Q3,1998q3,0.0141442339396256,-0.04997616121243631,-4.2084720721621,-4.258448233374536
GRC,Greece,GRC,1998,4,1998.75,1998-Q4,1998q4,0.0141922440859361,-0.04876423547989095,-4.206295419243004,-4.255059654722895
GRC,Greece,GRC,1999,1,1999.0,1999-Q1,1999q1,0.014268352603998,-0.041752031155142255,-4.207959267711823,-4.249711298866965
GRC,Greece,GRC,1999,2,1999.25,1999-Q2,1999q2,0.0144039911969516,-0.03558262024670711,-4.2046673241020285,-4.240249944348736
GRC,Greece,GRC,1999,3,1999.5,1999-Q3,1999q3,0.0145816613274106,-0.02987945497176181,-4.198111158282587,-4.227990613254349
GRC,Greece,GRC,1999,4,1999.75,1999-Q4,1999q4,0.0147296986560529,-0.02948722300463391,-4.188402283549777,-4.217889506554411
GRC,Greece,GRC,2000,1,2000.0,2000-Q1,2000q1,0.0146797512032538,-0.03696400971867497,-4.184322194227946,-4.221286203946621
GRC,Greece,GRC,2000,2,2000.25,2000-Q2,2000q2,0.0148582526116468,-0.02790168904222412,-4.181298147628699,-4.209199836670923
GRC,Greece,GRC,2000,3,2000.5,2000-Q3,2000q3,0.0150116821569398,-0.020427344636022582,-4.17849922589675,-4.198926570532772
GRC,Greece,GRC,2000,4,2000.75,2000-Q4,2000q4,0.0150375596021562,-0.02401315578401597,-4.173191078337019,-4.197204234121035
GRC,Greece,GRC,2001,1,2001.0,2001-Q1,2001q1,0.0148121858846802,-0.03886851377021827,-4.173436552638961,-4.212305066409179
GRC,Greece,GRC,2001,2,2001.25,2001-Q2,2001q2,0.0150524592403402,-0.022398565561775108,-4.1738153309007995,-4.196213896462575
GRC,Greece,GRC,2001,3,2001.5,2001-Q3,2001q3,0.0153179468379416,-0.004182518210831709,-4.174547623851253,-4.178730142062085
GRC,Greece,GRC,2001,4,2001.75,2001-Q4,2001q4,0.0155119500301709,0.004586393264753852,-4.17073097567771,-4.166144582412956
GRC,Greece,GRC,2002,1,2002.0,2002-Q1,2002q1,0.0156610558668872,0.004420382157125147,-4.160998548399518,-4.156578166242393
GRC,Greece,GRC,2002,2,2002.25,2002-Q2,2002q2,0.0157228924285113,0.0005606938488238455,-4.153198206030584,-4.1526375121817605
GRC,Greece,GRC,2002,3,2002.5,2002-Q3,2002q3,0.0157428434343522,-0.0013486293236386615,-4.150020772771553,-4.151369402095192
GRC,Greece,GRC,2002,4,2002.75,2002-Q4,2002q4,0.0157370708506082,-0.006271918555582623,-4.145464230650573,-4.1517361492061555
GRC,Greece,GRC,2003,1,2003.0,2003-Q1,2003q1,0.0160553521102583,0.009712749389286124,-4.141425769568831,-4.131713020179545
GRC,Greece,GRC,2003,2,2003.25,2003-Q2,2003q2,0.0162730693209858,0.01834419206043414,-4.136587918495714,-4.11824372643528
GRC,Greece,GRC,2003,3,2003.5,2003-Q3,2003q3,0.0163201989334282,0.013146252315200613,-4.128497992287372,-4.115351739972171
GRC,Greece,GRC,2003,4,2003.75,2003-Q4,2003q4,0.0166376779730959,0.023338288859796386,-4.119423687072228,-4.0960853982124314
GRC,Greece,GRC,2004,1,2004.0,2004-Q1,2004q1,0.0170194061365491,0.03768490771586919,-4.111085956256169,-4.073401048540299
GRC,Greece,GRC,2004,2,2004.25,2004-Q2,2004q2,0.0168884123735733,0.021574873105143944,-4.102702423697901,-4.081127550592757
GRC,Greece,GRC,2004,3,2004.5,2004-Q3,2004q3,0.0170968264027029,0.026944586684909844,-4.095807009867689,-4.068862423182779
GRC,Greece,GRC,2004,4,2004.75,2004-Q4,2004q4,0.0170878752587831,0.014769122235997578,-4.084155238397759,-4.069386116161762
GRC,Greece,GRC,2005,1,2005.0,2005-Q1,2005q1,0.0168594615376513,-0.004913376738762132,-4.077929887448277,-4.082843264187039
GRC,Greece,GRC,2005,2,2005.25,2005-Q2,2005q2,0.0169425776962755,-0.012444897580574654,-4.065480537503734,-4.077925435084309
GRC,Greece,GRC,2005,3,2005.5,2005-Q3,2005q3,0.0171461690708724,-0.006902677933981138,-4.059077830180438,-4.06598050811442
GRC,Greece,GRC,2005,4,2005.75,2005-Q4,2005q4,0.0171145721217375,-0.018359048056140637,-4.04946595944698,-4.067825007503121
GRC,Greece,GRC,2006,1,2006.0,2006-Q1,2006q1,0.0174650021924738,-0.006307182344135853,-4.041249092843926,-4.047556275188062
GRC,Greece,GRC,2006,2,2006.25,2006-Q2,2006q2,0.0176296782743029,-0.0041768866544202865,-4.0339946448477555,-4.038171531502176
GRC,Greece,GRC,2006,3,2006.5,2006-Q3,2006q3,0.017623234853192,-0.011628490764343802,-4.026908594708328,-4.038537085472671
GRC,Greece,GRC,2006,4,2006.75,2006-Q4,2006q4,0.0180828472063168,0.004313273096096637,-4.017104731287111,-4.012791458191014
GRC,Greece,GRC,2007,1,2007.0,2007-Q1,2007q1,0.0180149219369261,-0.0070179214992611705,-4.009536946518625,-4.016554868017886
GRC,Greece,GRC,2007,2,2007.25,2007-Q2,2007q2,0.0184290931789731,0.007539491676606058,-4.0013642037158625,-3.9938247120392565
GRC,Greece,GRC,2007,3,2007.5,2007-Q3,2007q3,0.0182564244741483,-0.0107197034678852,-3.9925185314516303,-4.0032382349195155
GRC,Greece,GRC,2007,4,2007.75,2007-Q4,2007q4,0.0179661552284293,-0.03566867822734343,-3.983596877863246,-4.019265556090589
GRC,Greece,GRC,2008,1,2008.0,2008-Q1,2008q1,0.0181145704795932,-0.02913836624465649,-3.9819002994309596,-4.011038665675616
GRC,Greece,GRC,2008,2,2008.25,2008-Q2,2008q2,0.0179368778439768,-0.042304076053302,-3.978592394666867,-4.020896470720169
GRC,Greece,GRC,2008,3,2008.5,2008-Q3,2008q3,0.017973173391801,-0.03729487613594973,-3.981580123773969,-4.018874999909919
GRC,Greece,GRC,2008,4,2008.75,2008-Q4,2008q4,0.0178607766789957,-0.029830726861464374,-3.995317490552026,-4.0251482174134905
GRC,Greece,GRC,2009,1,2009.0,2009-Q1,2009q1,0.0170624184136697,-0.06012639532355912,-4.010750592341259,-4.0708769876648185
GRC,Greece,GRC,2009,2,2009.25,2009-Q2,2009q2,0.0175539883708402,-0.03847166015079928,-4.004002437140827,-4.042474097291627
GRC,Greece,GRC,2009,3,2009.5,2009-Q3,2009q3,0.0175453360876544,-0.050735346474374055,-3.992231767904877,-4.042967114379251
GRC,Greece,GRC,2009,4,2009.75,2009-Q4,2009q4,0.0176682657069053,-0.05051651673117519,-3.985468629751267,-4.035985146482442
GRC,Greece,GRC,2010,1,2010.0,2010-Q1,2010q1,0.017602243262881,-0.058818613659663566,-3.9809103132822243,-4.039728926941888
GRC,Greece,GRC,2010,2,2010.25,2010-Q2,2010q2,0.0170692631415844,-0.1038701517846703,-3.9666057581895937,-4.070475909974264
GRC,Greece,GRC,2010,3,2010.5,2010-Q3,2010q3,0.0167439721222465,-0.12898013867073477,-3.9607368201089788,-4.0897169587797135
GRC,Greece,GRC,2010,4,2010.75,2010-Q4,2010q4,0.016918950409834,-0.12757174365823687,-3.9517492155856404,-4.079320959243877
GRC,Greece,GRC,2011,1,2011.0,2011-Q1,2011q1,0.0166745998046056,-0.1439257634494222,-3.949942923742827,-4.093868687192249
GRC,Greece,GRC,2011,2,2011.25,2011-Q2,2011q2,0.0167311589825329,-0.14726935180208445,-3.9432131388764726,-4.090482490678557
GRC,Greece,GRC,2011,3,2011.5,2011-Q3,2011q3,0.0168030410859827,-0.14829953260904283,-3.9378958593227056,-4.086195391931748
GRC,Greece,GRC,2011,4,2011.75,2011-Q4,2011q4,0.0164990626352565,-0.16665660527010306,-3.937795104403702,-4.104451709673805
GRC,Greece,GRC,2012,1,2012.0,2012-Q1,2012q1,0.0167161402342834,-0.15463399006534484,-3.936746555141414,-4.091380545206759
GRC,Greece,GRC,2012,2,2012.25,2012-Q2,2012q2,0.0167548881176093,-0.1540351918070244,-3.935030043560548,-4.089065235367572
GRC,Greece,GRC,2012,3,2012.5,2012-Q3,2012q3,0.0169142217989013,-0.14845792714055284,-3.931142557235305,-4.079600484375858
GRC,Greece,GRC,2012,4,2012.75,2012-Q4,2012q4,0.0167709690776709,-0.16188288058722922,-3.9262230378446903,-4.0881059184319195
GRC,Greece,GRC,2013,1,2013.0,2013-Q1,2013q1,0.0169787987361307,-0.1560938353395649,-3.9196960110728867,-4.075789846412452
GRC,Greece,GRC,2013,2,2013.25,2013-Q2,2013q2,0.0171210575077168,-0.15653344499147437,-3.910912694874213,-4.067446139865687
GRC,Greece,GRC,2013,3,2013.5,2013-Q3,2013q3,0.0173606773209457,-0.14802805476394587,-3.905519499563591,-4.053547554327537
GRC,Greece,GRC,2013,4,2013.75,2013-Q4,2013q4,0.0174215289843245,-0.1472032118239026,-3.9028453278103648,-4.050048539634267
GRC,Greece,GRC,2014,1,2014.0,2014-Q1,2014q1,0.0172440535805173,-0.16152933168937444,-3.8987585832149927,-4.060287914904367
GRC,Greece,GRC,2014,2,2014.25,2014-Q2,2014q2,0.0172731752125109,-0.16461754428219377,-3.893983002318197,-4.058600546600391
GRC,Greece,GRC,2014,3,2014.5,2014-Q3,2014q3,0.017340170789963,-0.16280471700745247,-3.8919247411919593,-4.054729458199412
GRC,Greece,GRC,2014,4,2014.75,2014-Q4,2014q4,0.017158861843706,-0.18005518139551935,-3.8851853318508356,-4.065240513246355
GRC,Greece,GRC,2015,1,2015.0,2015-Q1,2015q1,0.0171882598521564,-0.18189119750369365,-3.8816374974488594,-4.063528694952553
GRC,Greece,GRC,2015,2,2015.25,2015-Q2,2015q2,0.0169705484963912,-0.19922945203984588,-3.877046426686889,-4.076275878726735
GRC,Greece,GRC,2015,3,2015.5,2015-Q3,2015q3,0.0165024364882671,-0.23126455238495058,-3.872982690636614,-4.104247243021565
GRC,Greece,GRC,2015,4,2015.75,2015-Q4,2015q4,0.0167342018760948,-0.21640857445319428,-3.8738920629004796,-4.090300637353674
GRC,Greece,GRC,2016,1,2016.0,2016-Q1,2016q1,0.0165419263235596,-0.22671398560395506,-3.875143146019994,-4.101857131623949
GRC,Greece,GRC,2016,2,2016.25,2016-Q2,2016q2,0.0165057306007172,-0.2362396567996088,-3.8678079924394737,-4.1040476492390825
GRC,Greece,GRC,2016,3,2016.5,2016-Q3,2016q3,0.0165013602424563,-0.23701440098388815,-3.867298061552871,-4.104312462536759
GRC,Greece,GRC,2016,4,2016.75,2016-Q4,2016q4,0.0166950544049904,-0.2336242459825284,-3.8590185008497677,-4.092642746832296
GRC,Greece,GRC,2017,1,2017.0,2017-Q1,2017q1,0.0164645066595003,-0.25219708835283594,-3.8543512382319376,-4.1065483265847735
GRC,Greece,GRC,2017,2,2017.25,2017-Q2,2017q2,0.0163835076818608,-0.2647972029502297,-3.8466828763408323,-4.111480079291062
GRC,Greece,GRC,2017,3,2017.5,2017-Q3,2017q3,0.0164724176494521,-0.2628296690805261,-3.8432382853826903,-4.106067954463216
GRC,Greece,GRC,2017,4,2017.75,2017-Q4,2017q4,0.0163954034282196,-0.2729697938969271,-3.837784468307589,-4.110754262204516
GRC,Greece,GRC,2018,1,2018.0,2018-Q1,2018q1,0.0165502398628309,-0.26802667796128565,-3.8333280060803943,-4.10135468404168
GRC,Greece,GRC,2018,2,2018.25,2018-Q2,2018q2,0.018245062917866,-0.17816866871266646,-3.8256920918879103,-4.003860760600577
GRC,Greece,GRC,2018,3,2018.5,2018-Q3,2018q3,0.0179700278643915,-0.19479194051287196,-3.824258087068906,-4.019050027581778
GRC,Greece,GRC,2018,4,2018.75,2018-Q4,2018q4,0.0177655070126269,-0.2055172071537461,-3.8249793027892887,-4.030496509943035
GRC,Greece,GRC,2019,1,2019.0,2019-Q1,2019q1,0.0178241150649126,-0.20581171092237893,-3.821391248718992,-4.027202959641371
GRC,Greece,GRC,2019,2,2019.25,2019-Q2,2019q2,0.0179730192246754,-0.20531663523654986,-3.8135669423342766,-4.0188835775708265
GRC,Greece,GRC,2019,3,2019.5,2019-Q3,2019q3,0.0180383109175367,-0.20312497606837887,-3.8121324225111266,-4.0152573985795055
GRC,Greece,GRC,2019,4,2019.75,2019-Q4,2019q4,0.0181645828793082,-0.19303183098572418,-3.8152497454656107,-4.008281576451335
GRC,Greece,GRC,2020,1,2020.0,2020-Q1,2020q1,0.0179974109863563,-0.20332070652804113,-3.8142066589943626,-4.017527365522404
GRC,Greece,GRC,2020,2,2020.25,2020-Q2,2020q2,0.0154956713216798,-0.2850062209559727,-3.8821883426730164,-4.167194563628989
GRC,Greece,GRC,2020,3,2020.5,2020-Q3,2020q3,0.014818583117133,-0.3844789755971756,-3.8273942942189545,-4.21187326981613
GRC,Greece,GRC,2020,4,2020.75,2020-Q4,2020q4,0.0166719038741514,-0.2757417128782742,-3.8182886662554183,-4.0940303791336925
GRC,Greece,GRC,2021,1,2021.0,2021-Q1,2021q1,0.0164614900168387,-0.3074441012395974,-3.799287463088877,-4.1067315643284745
GRC,Greece,GRC,2021,2,2021.25,2021-Q2,2021q2,0.0160278804117226,-0.33918243866069364,-3.7942431087856,-4.1334255474462935
GRC,Greece,GRC,2021,3,2021.5,2021-Q3,2021q3,0.0157102674127129,-0.36151941409700594,-3.7919213909475182,-4.153440805044524
GRC,Greece,GRC,2021,4,2021.75,2021-Q4,2021q4,0.0158031927677754,-0.3639185582361484,-3.7836247272174144,-4.147543285453563
GRC,Greece,GRC,2022,1,2022.0,2022-Q1,2022q1,0.0159488312916125,-0.3556821926806939,-3.7826875330083403,-4.138369725689034
GRC,Greece,GRC,2022,2,2022.25,2022-Q2,2022q2,0.0160148476749195,-0.3521466551578345,-3.7820923522090077,-4.134239007366842
GRC,Greece,GRC,2022,3,2022.5,2022-Q3,2022q3,0.016017740017018,-0.3518659342508599,-3.782192485638369,-4.134058419889229
GRC,Greece,GRC,2022,4,2022.75,2022-Q4,2022q4,0.0161284487662033,-0.3456890772063077,-3.7814814849885647,-4.127170562194872
GRC,Greece,GRC,2023,1,2023.0,2023-Q1,2023q1,0.0160928395122445,-0.3467157575113542,-3.7826650992036,-4.129380856714954
GRC,Greece,GRC,2023,2,2023.25,2023-Q2,2023q2,0.0162449215968685,-0.3390755281163389,-3.780899408049487,-4.119974936165826
GRC,Greece,GRC,2023,3,2023.5,2023-Q3,2023q3,0.0161308208756709,-0.34631169239547877,-3.7807118045063346,-4.127023496901813
GRC,Greece,GRC,2023,4,2023.75,2023-Q4,2023q4,0.0162052912079228,-0.34364528159353913,-3.7787721907052205,-4.12241747229876
GRC,Greece,GRC,2024,1,2024.0,2024-Q1,2024q1,0.0160791208898074,-0.35447767013405107,-3.775756017623659,-4.13023368775771
GRC,Greece,GRC,2024,2,2024.25,2024-Q2,2024q2,0.0161970316929161,-0.35194087595005685,-3.770986406414534,-4.122927282364591
GRC,Greece,GRC,2024,3,2024.5,2024-Q3,2024q3,0.0162400636229017,-0.3550975896328459,-3.765176436957072,-4.120274026589918
GRC,Greece,GRC,2024,4,2024.75,2024-Q4,2024q4,0.0162177871639346,-0.35951098217257016,-3.7621356838204347,-4.121646665993005
GRC,Greece,GRC,2025,1,2025.0,2025-Q1,2025q1,0.0162883795160441,-0.35946255890569967,-3.757840779633255,-4.117303338538955
GRC,Greece,GRC,2025,2,2025.25,2025-Q2,2025q2,0.0162592458140215,-0.36623100184163304,-3.7528625569980663,-4.119093558839699
GRC,Greece,GRC,2025,3,2025.5,2025-Q3,2025q3,0.0162708626471732,-0.3701527297442344,-3.7482266086888907,-4.118379338433125
GRC,Greece,GRC,2025,4,2025.75,2025-Q4,2025q4,0.0163340989539842,-0.36734867582353026,-3.747151720080949,-4.1145003959044795
GRC,Greece,GRC,2026,1,2026.0,2026-Q1,2026q1,0.0163959607122923,-0.3611821297165747,-3.7495381428027086,-4.110720272519283
GTM,Guatemala,GTM,2002,1,2002.0,2002-Q1,2002q1,0.0016950709508369,-2.219032131725439,-4.160998548399518,-6.380030680124957
GTM,Guatemala,GTM,2002,2,2002.25,2002-Q2,2002q2,0.0017380250470864,-2.201807634770079,-4.153198206030584,-6.355005840800663
GTM,Guatemala,GTM,2002,3,2002.5,2002-Q3,2002q3,0.0017513952389088,-2.197321756557076,-4.150020772771553,-6.347342529328629
GTM,Guatemala,GTM,2002,4,2002.75,2002-Q4,2002q4,0.0017677203296662,-2.1926002812065537,-4.145464230650573,-6.338064511857127
GTM,Guatemala,GTM,2003,1,2003.0,2003-Q1,2003q1,0.0017566445592938,-2.202924020449574,-4.141425769568831,-6.344349790018405
GTM,Guatemala,GTM,2003,2,2003.25,2003-Q2,2003q2,0.0017509434551293,-2.2110126006057342,-4.136587918495714,-6.347600519101448
GTM,Guatemala,GTM,2003,3,2003.5,2003-Q3,2003q3,0.0017531679542347,-2.217832875741749,-4.128497992287372,-6.346330868029121
GTM,Guatemala,GTM,2003,4,2003.75,2003-Q4,2003q4,0.001751192047745,-2.2280348657255677,-4.119423687072228,-6.347458552797796
GTM,Guatemala,GTM,2004,1,2004.0,2004-Q1,2004q1,0.0017907715821584,-2.2140227442641676,-4.111085956256169,-6.325108700520336
GTM,Guatemala,GTM,2004,2,2004.25,2004-Q2,2004q2,0.0017855079408655,-2.2253499198233895,-4.102702423697901,-6.32805234352129
GTM,Guatemala,GTM,2004,3,2004.5,2004-Q3,2004q3,0.0018022453373608,-2.2229149719364534,-4.095807009867689,-6.318721981804142
GTM,Guatemala,GTM,2004,4,2004.75,2004-Q4,2004q4,0.0018118647301242,-2.229243487999546,-4.084155238397759,-6.313398726397305
GTM,Guatemala,GTM,2005,1,2005.0,2005-Q1,2005q1,0.0018000769199198,-2.241995994256005,-4.077929887448277,-6.319925881704282
GTM,Guatemala,GTM,2005,2,2005.25,2005-Q2,2005q2,0.0018250407819998,-2.2406724083923626,-4.065480537503734,-6.3061529458960965
GTM,Guatemala,GTM,2005,3,2005.5,2005-Q3,2005q3,0.0018004997634769,-2.2606131760601462,-4.059077830180438,-6.319691006240585
GTM,Guatemala,GTM,2005,4,2005.75,2005-Q4,2005q4,0.0018075878022038,-2.266296069064566,-4.04946595944698,-6.315762028511546
GTM,Guatemala,GTM,2006,1,2006.0,2006-Q1,2006q1,0.0018429545796402,-2.255136152550632,-4.041249092843926,-6.296385245394558
GTM,Guatemala,GTM,2006,2,2006.25,2006-Q2,2006q2,0.0018287377271313,-2.2701346718743967,-4.0339946448477555,-6.304129316722152
GTM,Guatemala,GTM,2006,3,2006.5,2006-Q3,2006q3,0.0018619477389876,-2.2592235729515995,-4.026908594708328,-6.286132167659927
GTM,Guatemala,GTM,2006,4,2006.75,2006-Q4,2006q4,0.001886222695677,-2.256074292152758,-4.017104731287111,-6.2731790234398686
GTM,Guatemala,GTM,2007,1,2007.0,2007-Q1,2007q1,0.0019280870850253,-2.241689968713641,-4.009536946518625,-6.251226915232266
GTM,Guatemala,GTM,2007,2,2007.25,2007-Q2,2007q2,0.0019158912279802,-2.2562081676943437,-4.0013642037158625,-6.257572371410206
GTM,Guatemala,GTM,2007,3,2007.5,2007-Q3,2007q3,0.0019281720829274,-2.2586643006947162,-3.9925185314516303,-6.2511828321463465
GTM,Guatemala,GTM,2007,4,2007.75,2007-Q4,2007q4,0.0019129324205609,-2.2755210377035344,-3.983596877863246,-6.25911791556678
GTM,Guatemala,GTM,2008,1,2008.0,2008-Q1,2008q1,0.0019378040832451,-2.2642995634295584,-3.9819002994309596,-6.246199862860518
GTM,Guatemala,GTM,2008,2,2008.25,2008-Q2,2008q2,0.0019629165754312,-2.2547314684308084,-3.978592394666867,-6.2333238630976755
GTM,Guatemala,GTM,2008,3,2008.5,2008-Q3,2008q3,0.0019261756424695,-2.2706386505232583,-3.981580123773969,-6.252218774297227
GTM,Guatemala,GTM,2008,4,2008.75,2008-Q4,2008q4,0.0019046755190397,-2.2681261255722114,-3.995317490552026,-6.2634436161242375
GTM,Guatemala,GTM,2009,1,2009.0,2009-Q1,2009q1,0.00187608954727,-2.267815104109678,-4.010750592341259,-6.278565696450937
GTM,Guatemala,GTM,2009,2,2009.25,2009-Q2,2009q2,0.0018814771142519,-2.2716956744292256,-4.004002437140827,-6.275698111570053
GTM,Guatemala,GTM,2009,3,2009.5,2009-Q3,2009q3,0.0019057054296626,-2.270671266759477,-3.992231767904877,-6.262903034664354
GTM,Guatemala,GTM,2009,4,2009.75,2009-Q4,2009q4,0.0019016100447389,-2.2795857299245057,-3.985468629751267,-6.265054359675773
GTM,Guatemala,GTM,2010,1,2010.0,2010-Q1,2010q1,0.0019015812321084,-2.2841591982112734,-3.9809103132822243,-6.265069511493498
GTM,Guatemala,GTM,2010,2,2010.25,2010-Q2,2010q2,0.0018978440330097,-2.3004309983702957,-3.9666057581895937,-6.2670367565598895
GTM,Guatemala,GTM,2010,3,2010.5,2010-Q3,2010q3,0.0018825385786062,-2.3143972851077255,-3.9607368201089788,-6.275134105216704
GTM,Guatemala,GTM,2010,4,2010.75,2010-Q4,2010q4,0.001899112965363,-2.314619146572582,-3.9517492155856404,-6.2663683621582225
GTM,Guatemala,GTM,2011,1,2011.0,2011-Q1,2011q1,0.0019352026977275,-2.297600280896268,-3.949942923742827,-6.247543204639095
GTM,Guatemala,GTM,2011,2,2011.25,2011-Q2,2011q2,0.0019194605438127,-2.312497960308749,-3.9432131388764726,-6.255711099185222
GTM,Guatemala,GTM,2011,3,2011.5,2011-Q3,2011q3,0.001933120359376,-2.3107239557865578,-3.9378958593227056,-6.248619815109263
GTM,Guatemala,GTM,2011,4,2011.75,2011-Q4,2011q4,0.001905826052893,-2.3250446364214206,-3.937795104403702,-6.262839740825123
GTM,Guatemala,GTM,2012,1,2012.0,2012-Q1,2012q1,0.0017738002015148,-2.397884472274246,-3.936746555141414,-6.33463102741566
GTM,Guatemala,GTM,2012,2,2012.25,2012-Q2,2012q2,0.0017379593707446,-2.4200135858685514,-3.935030043560548,-6.355043629429099
GTM,Guatemala,GTM,2012,3,2012.5,2012-Q3,2012q3,0.0017527317339399,-2.415437160068382,-3.931142557235305,-6.346579717303687
GTM,Guatemala,GTM,2012,4,2012.75,2012-Q4,2012q4,0.0017320962046969,-2.432199887102785,-3.9262230378446903,-6.358422924947475
GTM,Guatemala,GTM,2013,1,2013.0,2013-Q1,2013q1,0.0018962065054027,-2.348203953655741,-3.9196960110728867,-6.2678999647286275
GTM,Guatemala,GTM,2013,2,2013.25,2013-Q2,2013q2,0.0019124273399143,-2.3484692903127655,-3.910912694874213,-6.2593819851869785
GTM,Guatemala,GTM,2013,3,2013.5,2013-Q3,2013q3,0.0018976060888621,-2.361642640885045,-3.905519499563591,-6.267162140448636
GTM,Guatemala,GTM,2013,4,2013.75,2013-Q4,2013q4,0.0019163350520216,-2.354495416336232,-3.9028453278103648,-6.257340744146597
GTM,Guatemala,GTM,2014,1,2014.0,2014-Q1,2014q1,0.0018791690649782,-2.378167003343928,-3.8987585832149927,-6.276925586558921
GTM,Guatemala,GTM,2014,2,2014.25,2014-Q2,2014q2,0.0019017314425963,-2.3710075198831624,-3.893983002318197,-6.2649905222013595
GTM,Guatemala,GTM,2014,3,2014.5,2014-Q3,2014q3,0.0018851763152717,-2.3818091853112615,-3.8919247411919593,-6.273733926503221
GTM,Guatemala,GTM,2014,4,2014.75,2014-Q4,2014q4,0.0019105079114197,-2.37520081821454,-3.8851853318508356,-6.260386150065376
GTM,Guatemala,GTM,2015,1,2015.0,2015-Q1,2015q1,0.0019075404697661,-2.380303081452844,-3.8816374974488594,-6.2619405789017035
GTM,Guatemala,GTM,2015,2,2015.25,2015-Q2,2015q2,0.0019146569790671,-2.381170368909675,-3.877046426686889,-6.258216795596564
GTM,Guatemala,GTM,2015,3,2015.5,2015-Q3,2015q3,0.0019214171780849,-2.38170956099181,-3.872982690636614,-6.254692251628424
GTM,Guatemala,GTM,2015,4,2015.75,2015-Q4,2015q4,0.0019165857561392,-2.3833178650197957,-3.8738920629004796,-6.257209927920275
GTM,Guatemala,GTM,2016,1,2016.0,2016-Q1,2016q1,0.0018869287912425,-2.3976616037782303,-3.875143146019994,-6.272804749798224
GTM,Guatemala,GTM,2016,2,2016.25,2016-Q2,2016q2,0.0018765180675748,-2.4105293186588534,-3.8678079924394737,-6.278337311098327
GTM,Guatemala,GTM,2016,3,2016.5,2016-Q3,2016q3,0.0019185432152406,-2.3888910614422043,-3.867298061552871,-6.2561891229950755
GTM,Guatemala,GTM,2016,4,2016.75,2016-Q4,2016q4,0.0018981980416645,-2.4078317410989225,-3.8590185008497677,-6.26685024194869
GTM,Guatemala,GTM,2017,1,2017.0,2017-Q1,2017q1,0.00193086294383,-2.3954370166068433,-3.8543512382319376,-6.249788254838781
GTM,Guatemala,GTM,2017,2,2017.25,2017-Q2,2017q2,0.0019013769834203,-2.418494050841569,-3.8466828763408323,-6.265176927182401
GTM,Guatemala,GTM,2017,3,2017.5,2017-Q3,2017q3,0.0018850234653661,-2.4305767243068743,-3.8432382853826903,-6.273815009689565
GTM,Guatemala,GTM,2017,4,2017.75,2017-Q4,2017q4,0.0018491202619589,-2.455260818762771,-3.837784468307589,-6.29304528707036
GTM,Guatemala,GTM,2018,1,2018.0,2018-Q1,2018q1,0.0018668277734199,-2.450186660363768,-3.8333280060803943,-6.283514666444162
GTM,Guatemala,GTM,2018,2,2018.25,2018-Q2,2018q2,0.0019077606168698,-2.436133084795754,-3.8256920918879103,-6.261825176683664
GTM,Guatemala,GTM,2018,3,2018.5,2018-Q3,2018q3,0.0018860255720587,-2.4490254489080434,-3.824258087068906,-6.273283535976949
GTM,Guatemala,GTM,2018,4,2018.75,2018-Q4,2018q4,0.0019025580698284,-2.439576642999098,-3.8249793027892887,-6.264555945788387
GTM,Guatemala,GTM,2019,1,2019.0,2019-Q1,2019q1,0.0018802564246491,-2.454955866632442,-3.821391248718992,-6.276347115351434
GTM,Guatemala,GTM,2019,2,2019.25,2019-Q2,2019q2,0.0019554702222438,-2.423557649244669,-3.8135669423342766,-6.2371245915789455
GTM,Guatemala,GTM,2019,3,2019.5,2019-Q3,2019q3,0.0019069373913726,-2.450124361344691,-3.8121324225111266,-6.262256783855817
GTM,Guatemala,GTM,2019,4,2019.75,2019-Q4,2019q4,0.0019137683118478,-2.4434312970041354,-3.8152497454656107,-6.258681042469746
GTM,Guatemala,GTM,2020,1,2020.0,2020-Q1,2020q1,0.001900668973253,-2.4513427045991465,-3.8142066589943626,-6.265549363593509
GTM,Guatemala,GTM,2020,2,2020.25,2020-Q2,2020q2,0.0017272174658581,-2.4790552239034254,-3.8821883426730164,-6.361243566576442
GTM,Guatemala,GTM,2020,3,2020.5,2020-Q3,2020q3,0.0018813404733083,-2.4483764442805094,-3.8273942942189545,-6.275770738499464
GTM,Guatemala,GTM,2020,4,2020.75,2020-Q4,2020q4,0.0019342472120718,-2.42974839962876,-3.8182886662554183,-6.248037065884178
GTM,Guatemala,GTM,2021,1,2021.0,2021-Q1,2021q1,0.001965029160445,-2.4329607307610264,-3.799287463088877,-6.2322481938499035
GTM,Guatemala,GTM,2021,2,2021.25,2021-Q2,2021q2,0.0019818641684834,-2.429474269188465,-3.7942431087856,-6.223717377974065
GTM,Guatemala,GTM,2021,3,2021.5,2021-Q3,2021q3,0.0020091979780238,-2.418098261500222,-3.7919213909475182,-6.21001965244774
GTM,Guatemala,GTM,2021,4,2021.75,2021-Q4,2021q4,0.0020108647177146,-2.4255657143883806,-3.7836247272174144,-6.209190441605795
GTM,Guatemala,GTM,2022,1,2022.0,2022-Q1,2022q1,0.002142650030543,-2.3630243510113123,-3.7826875330083403,-6.1457118840196525
GTM,Guatemala,GTM,2022,2,2022.25,2022-Q2,2022q2,0.0021652074558305,-2.353146747354861,-3.7820923522090077,-6.135239099563869
GTM,Guatemala,GTM,2022,3,2022.5,2022-Q3,2022q3,0.0021710407317477,-2.350356140878933,-3.782192485638369,-6.132548626517302
GTM,Guatemala,GTM,2022,4,2022.75,2022-Q4,2022q4,0.002168837376967,-2.3520825410007116,-3.7814814849885647,-6.133564025989276
GTM,Guatemala,GTM,2023,1,2023.0,2023-Q1,2023q1,0.0019917712660341,-2.436065853497276,-3.7826650992036,-6.218730952700876
GTM,Guatemala,GTM,2023,2,2023.25,2023-Q2,2023q2,0.0020118753459022,-2.4277885759314652,-3.780899408049487,-6.208687983980952
GTM,Guatemala,GTM,2023,3,2023.5,2023-Q3,2023q3,0.0020148462985779,-2.4265005606079075,-3.7807118045063346,-6.207212365114242
GTM,Guatemala,GTM,2023,4,2023.75,2023-Q4,2023q4,0.0019664640920975,-2.452746035356851,-3.7787721907052205,-6.231518226062072
GTM,Guatemala,GTM,2024,1,2024.0,2024-Q1,2024q1,0.002092662085578,-2.3935622807245456,-3.775756017623659,-6.169318298348204
GTM,Guatemala,GTM,2024,2,2024.25,2024-Q2,2024q2,0.0021200402181925,-2.385333813218107,-3.770986406414534,-6.156320219632641
GTM,Guatemala,GTM,2024,3,2024.5,2024-Q3,2024q3,0.0021231307262065,-2.389687085030815,-3.765176436957072,-6.154863521987887
GTM,Guatemala,GTM,2024,4,2024.75,2024-Q4,2024q4,0.002171273306646,-2.3703058224395726,-3.7621356838204347,-6.132441506260007
GTM,Guatemala,GTM,2025,1,2025.0,2025-Q1,2025q1,0.0020860493020107,-2.4146425083368928,-3.757840779633255,-6.172483287970148
GTM,Guatemala,GTM,2025,2,2025.25,2025-Q2,2025q2,0.0021157434732888,-2.405486447242303,-3.7528625569980663,-6.158349004240369
GTM,Guatemala,GTM,2025,3,2025.5,2025-Q3,2025q3,0.0021396746432482,-2.398874888683437,-3.7482266086888907,-6.1471014973723275
HND,Honduras,HND,2005,1,2005.0,2005-Q1,2005q1,0.0012814315800963,-2.5818475166199875,-4.077929887448277,-6.659777404068264
HND,Honduras,HND,2005,2,2005.25,2005-Q2,2005q2,0.0013136818913892,-2.569440942513973,-4.065480537503734,-6.634921480017707
HND,Honduras,HND,2005,3,2005.5,2005-Q3,2005q3,0.0013130077003933,-2.576356988766097,-4.059077830180438,-6.6354348189465355
HND,Honduras,HND,2005,4,2005.75,2005-Q4,2005q4,0.0013223757173481,-2.5788594147410064,-4.04946595944698,-6.628325374187987
HND,Honduras,HND,2006,1,2006.0,2006-Q1,2006q1,0.0013501009302058,-2.5663268333670883,-4.041249092843926,-6.607575926211014
HND,Honduras,HND,2006,2,2006.25,2006-Q2,2006q2,0.0013544017894223,-2.5704007611065727,-4.0339946448477555,-6.604395405954328
HND,Honduras,HND,2006,3,2006.5,2006-Q3,2006q3,0.0013669971794784,-2.568230189827176,-4.026908594708328,-6.595138784535504
HND,Honduras,HND,2006,4,2006.75,2006-Q4,2006q4,0.0013927314649593,-2.5593836460972117,-4.017104731287111,-6.576488377384322
HND,Honduras,HND,2007,1,2007.0,2007-Q1,2007q1,0.0013928642744005,-2.566856076439767,-4.009536946518625,-6.576393022958392
HND,Honduras,HND,2007,2,2007.25,2007-Q2,2007q2,0.0014343374230539,-2.5456880587778503,-4.0013642037158625,-6.547052262493713
HND,Honduras,HND,2007,3,2007.5,2007-Q3,2007q3,0.0014224763904596,-2.5628374578663435,-3.9925185314516303,-6.555355989317974
HND,Honduras,HND,2007,4,2007.75,2007-Q4,2007q4,0.001425437916909,-2.569679324496779,-3.983596877863246,-6.553276202360025
HND,Honduras,HND,2008,1,2008.0,2008-Q1,2008q1,0.0013809179121546,-2.603106547763547,-3.9819002994309596,-6.5850068471945065
HND,Honduras,HND,2008,2,2008.25,2008-Q2,2008q2,0.0014196079800667,-2.5787821211921056,-3.978592394666867,-6.557374515858973
HND,Honduras,HND,2008,3,2008.5,2008-Q3,2008q3,0.0013779590292802,-2.6055717150759774,-3.981580123773969,-6.587151838849946
HND,Honduras,HND,2008,4,2008.75,2008-Q4,2008q4,0.0013429969364385,-2.617534152024523,-3.995317490552026,-6.612851642576549
HND,Honduras,HND,2009,1,2009.0,2009-Q1,2009q1,0.0012891012607657,-2.6430594081543424,-4.010750592341259,-6.653810000495602
HND,Honduras,HND,2009,2,2009.25,2009-Q2,2009q2,0.0012899599048656,-2.6491417054503037,-4.004002437140827,-6.653144142591131
HND,Honduras,HND,2009,3,2009.5,2009-Q3,2009q3,0.0012673322776054,-2.6786093887104627,-3.992231767904877,-6.67084115661534
HND,Honduras,HND,2009,4,2009.75,2009-Q4,2009q4,0.0012873659272018,-2.669688435309653,-3.985468629751267,-6.65515706506092
HND,Honduras,HND,2010,1,2010.0,2010-Q1,2010q1,0.0012638287666762,-2.6926991485537957,-3.9809103132822243,-6.67360946183602
HND,Honduras,HND,2010,2,2010.25,2010-Q2,2010q2,0.0012830706767905,-2.691893349544172,-3.9666057581895937,-6.658499107733766
HND,Honduras,HND,2010,3,2010.5,2010-Q3,2010q3,0.0012645647555402,-2.712290462664866,-3.9607368201089788,-6.673027282773845
HND,Honduras,HND,2010,4,2010.75,2010-Q4,2010q4,0.001287962108516,-2.702944855001115,-3.9517492155856404,-6.654694070586755
HND,Honduras,HND,2011,1,2011.0,2011-Q1,2011q1,0.0013132802187516,-2.6852843639903243,-3.949942923742827,-6.6352272877331515
HND,Honduras,HND,2011,2,2011.25,2011-Q2,2011q2,0.0013201059704136,-2.6868301261133376,-3.9432131388764726,-6.63004326498981
HND,Honduras,HND,2011,3,2011.5,2011-Q3,2011q3,0.001340452692048,-2.676852032861712,-3.9378958593227056,-6.614747892184417
HND,Honduras,HND,2011,4,2011.75,2011-Q4,2011q4,0.0013389402386612,-2.678081740186393,-3.937795104403702,-6.615876844590095
HND,Honduras,HND,2012,1,2012.0,2012-Q1,2012q1,0.0013673449238772,-2.6581378761438152,-3.936746555141414,-6.594884431285229
HND,Honduras,HND,2012,2,2012.25,2012-Q2,2012q2,0.0013770483602937,-2.6527828962527678,-3.935030043560548,-6.587812939813316
HND,Honduras,HND,2012,3,2012.5,2012-Q3,2012q3,0.0013757472360252,-2.6576156938587547,-3.931142557235305,-6.58875825109406
HND,Honduras,HND,2012,4,2012.75,2012-Q4,2012q4,0.0013756596160169,-2.662598904308556,-3.9262230378446903,-6.588821942153246
HND,Honduras,HND,2013,1,2013.0,2013-Q1,2013q1,0.0013040679060334,-2.7225707305816664,-3.9196960110728867,-6.642266741654553
HND,Honduras,HND,2013,2,2013.25,2013-Q2,2013q2,0.0013311175498402,-2.7108237316598744,-3.910912694874213,-6.6217364265340874
HND,Honduras,HND,2013,3,2013.5,2013-Q3,2013q3,0.001314620844161,-2.7286874868008204,-3.905519499563591,-6.634206986364411
HND,Honduras,HND,2013,4,2013.75,2013-Q4,2013q4,0.0013186617150089,-2.728292581135329,-3.9028453278103648,-6.631137908945694
HND,Honduras,HND,2014,1,2014.0,2014-Q1,2014q1,0.0013652991569479,-2.6976231285436416,-3.8987585832149927,-6.596381711758634
HND,Honduras,HND,2014,2,2014.25,2014-Q2,2014q2,0.0013800339786585,-2.6916641555816443,-3.893983002318197,-6.5856471578998415
HND,Honduras,HND,2014,3,2014.5,2014-Q3,2014q3,0.0013663714615949,-2.703671879791236,-3.8919247411919593,-6.595596620983195
HND,Honduras,HND,2014,4,2014.75,2014-Q4,2014q4,0.0013617294894741,-2.713814371851024,-3.8851853318508356,-6.5989997037018595
HND,Honduras,HND,2015,1,2015.0,2015-Q1,2015q1,0.0013493775636841,-2.726474359343303,-3.8816374974488594,-6.608111856792163
HND,Honduras,HND,2015,2,2015.25,2015-Q2,2015q2,0.0013516937456244,-2.7293504198424743,-3.877046426686889,-6.606396846529363
HND,Honduras,HND,2015,3,2015.5,2015-Q3,2015q3,0.0013581927832962,-2.7286176080944227,-3.872982690636614,-6.601600298731037
HND,Honduras,HND,2015,4,2015.75,2015-Q4,2015q4,0.0013596356445643,-2.7266464606361684,-3.8738920629004796,-6.600538523536648
HND,Honduras,HND,2016,1,2016.0,2016-Q1,2016q1,0.0013822959374138,-2.7088662934829895,-3.875143146019994,-6.584009439502983
HND,Honduras,HND,2016,2,2016.25,2016-Q2,2016q2,0.001385847881973,-2.713635145064516,-3.8678079924394737,-6.58144313750399
HND,Honduras,HND,2016,3,2016.5,2016-Q3,2016q3,0.0013867149941353,-2.7135195808916244,-3.867298061552871,-6.5808176424444955
HND,Honduras,HND,2016,4,2016.75,2016-Q4,2016q4,0.0014164823755409,-2.700560180179795,-3.8590185008497677,-6.559578681029563
HND,Honduras,HND,2017,1,2017.0,2017-Q1,2017q1,0.0013823262144597,-2.7296362980638538,-3.8543512382319376,-6.583987536295791
HND,Honduras,HND,2017,2,2017.25,2017-Q2,2017q2,0.0013938561275534,-2.7289983039841275,-3.8466828763408323,-6.57568118032496
HND,Honduras,HND,2017,3,2017.5,2017-Q3,2017q3,0.0014109804775571,-2.7202321567159817,-3.8432382853826903,-6.563470442098672
HND,Honduras,HND,2017,4,2017.75,2017-Q4,2017q4,0.0014099942189411,-2.72638520633465,-3.837784468307589,-6.564169674642239
HND,Honduras,HND,2018,1,2018.0,2018-Q1,2018q1,0.0013455233023669,-2.77764426312523,-3.8333280060803943,-6.610972269205624
HND,Honduras,HND,2018,2,2018.25,2018-Q2,2018q2,0.0013532824384253,-2.7795301099307603,-3.8256920918879103,-6.605222201818671
HND,Honduras,HND,2018,3,2018.5,2018-Q3,2018q3,0.0013619877377196,-2.7745519873691706,-3.824258087068906,-6.598810074438076
HND,Honduras,HND,2018,4,2018.75,2018-Q4,2018q4,0.001379379909582,-2.7611419188902104,-3.8249793027892887,-6.586121221679499
HND,Honduras,HND,2019,1,2019.0,2019-Q1,2019q1,0.0014211126384064,-2.734923917290067,-3.821391248718992,-6.556315166009059
HND,Honduras,HND,2019,2,2019.25,2019-Q2,2019q2,0.0014074547790943,-2.752405384662089,-3.8135669423342766,-6.5659723269963655
HND,Honduras,HND,2019,3,2019.5,2019-Q3,2019q3,0.0014274551568616,-2.7397296081736027,-3.8121324225111266,-6.551862030684729
HND,Honduras,HND,2019,4,2019.75,2019-Q4,2019q4,0.0014469970994768,-2.723015090377274,-3.8152497454656107,-6.5382648358428845
HND,Honduras,HND,2020,1,2020.0,2020-Q1,2020q1,0.0014581745790493,-2.7163632548524745,-3.8142066589943626,-6.530569913846837
HND,Honduras,HND,2020,2,2020.25,2020-Q2,2020q2,0.0012074835992258,-2.8370284122784692,-3.8821883426730164,-6.719216754951486
HND,Honduras,HND,2020,3,2020.5,2020-Q3,2020q3,0.0013762880661106,-2.760970916791686,-3.8273942942189545,-6.5883652110106405
HND,Honduras,HND,2020,4,2020.75,2020-Q4,2020q4,0.0013965667169154,-2.755449733089273,-3.8182886662554183,-6.573738399344691
HND,Honduras,HND,2021,1,2021.0,2021-Q1,2021q1,0.0014721493611533,-2.721744332559326,-3.799287463088877,-6.521031795648203
HND,Honduras,HND,2021,2,2021.25,2021-Q2,2021q2,0.0014876910302953,-2.7162868962765776,-3.7942431087856,-6.5105300050621775
HND,Honduras,HND,2021,3,2021.5,2021-Q3,2021q3,0.00152184756826,-2.6959087858708815,-3.7919213909475182,-6.4878301768184
HND,Honduras,HND,2021,4,2021.75,2021-Q4,2021q4,0.0015375692015259,-2.6939278229565304,-3.7836247272174144,-6.477552550173945
HND,Honduras,HND,2022,1,2022.0,2022-Q1,2022q1,0.0015920382884439,-2.660052608310727,-3.7826875330083403,-6.442740141319067
HND,Honduras,HND,2022,2,2022.25,2022-Q2,2022q2,0.0015966994845157,-2.657724250253215,-3.7820923522090077,-6.439816602462223
HND,Honduras,HND,2022,3,2022.5,2022-Q3,2022q3,0.0016064703352493,-2.6515233593937646,-3.782192485638369,-6.4337158450321335
HND,Honduras,HND,2022,4,2022.75,2022-Q4,2022q4,0.0016179259591188,-2.645128737146725,-3.7814814849885647,-6.42661022213529
HND,Honduras,HND,2023,1,2023.0,2023-Q1,2023q1,0.0016129698998669,-2.6470130417724476,-3.7826650992036,-6.429678140976048
HND,Honduras,HND,2023,2,2023.25,2023-Q2,2023q2,0.0016284894761212,-2.639202987533657,-3.780899408049487,-6.420102395583144
HND,Honduras,HND,2023,3,2023.5,2023-Q3,2023q3,0.0016513243653091,-2.625465862869186,-3.7807118045063346,-6.406177667375521
HND,Honduras,HND,2023,4,2023.75,2023-Q4,2023q4,0.0016496703055128,-2.6284076351707997,-3.7787721907052205,-6.40717982587602
HND,Honduras,HND,2024,1,2024.0,2024-Q1,2024q1,0.0016189795080671,-2.650203243897437,-3.775756017623659,-6.425959261521096
HND,Honduras,HND,2024,2,2024.25,2024-Q2,2024q2,0.0016557077228242,-2.632540328060872,-3.770986406414534,-6.403526734475406
HND,Honduras,HND,2024,3,2024.5,2024-Q3,2024q3,0.001657452621841,-2.637296983463712,-3.765176436957072,-6.402473420420784
HND,Honduras,HND,2024,4,2024.75,2024-Q4,2024q4,0.0016688930028781,-2.633459061058254,-3.7621356838204347,-6.3955947448786885
HND,Honduras,HND,2025,1,2025.0,2025-Q1,2025q1,0.0015802262868226,-2.6923464430569664,-3.757840779633255,-6.4501872226902215
HND,Honduras,HND,2025,2,2025.25,2025-Q2,2025q2,0.0016010672616124,-2.6842222766018895,-3.7528625569980663,-6.437084833599956
HND,Honduras,HND,2025,3,2025.5,2025-Q3,2025q3,0.0015991635353696,-2.690047968144055,-3.7482266086888907,-6.438274576832946
HND,Honduras,HND,2025,4,2025.75,2025-Q4,2025q4,0.0015918460417409,-2.695709183604647,-3.747151720080949,-6.442860903685596
HRV,Croatia,HRV,1995,1,1995.0,1995-Q1,1995q1,0.0056574368310776,-0.9207097774509441,-4.254074568586735,-5.174784346037679
HRV,Croatia,HRV,1995,2,1995.25,1995-Q2,1995q2,0.0056663473054342,-0.9227703764176773,-4.2504402066290705,-5.173210583046748
HRV,Croatia,HRV,1995,3,1995.5,1995-Q3,1995q3,0.0055262544942261,-0.9508939531954672,-4.24735104637809,-5.198244999573557
HRV,Croatia,HRV,1995,4,1995.75,1995-Q4,1995q4,0.0059469664338718,-0.8804545465707374,-4.244419485914777,-5.124874032485514
HRV,Croatia,HRV,1996,1,1996.0,1996-Q1,1996q1,0.0061746059122522,-0.8462353231434054,-4.241074895239452,-5.087310218382857
HRV,Croatia,HRV,1996,2,1996.25,1996-Q2,1996q2,0.0061429815587399,-0.8552886742282331,-4.237156384572403,-5.092445058800636
HRV,Croatia,HRV,1996,3,1996.5,1996-Q3,1996q3,0.0059755066766524,-0.8833886697136712,-4.236697715606429,-5.1200863853201
HRV,Croatia,HRV,1996,4,1996.75,1996-Q4,1996q4,0.0062857717245997,-0.8393673347748258,-4.230099321381617,-5.069466656156443
HRV,Croatia,HRV,1997,1,1997.0,1997-Q1,1997q1,0.00639061623974,-0.8254927858673424,-4.227431791231235,-5.052924577098578
HRV,Croatia,HRV,1997,2,1997.25,1997-Q2,1997q2,0.0066278046446073,-0.802124577736703,-4.214357076375103,-5.016481654111806
HRV,Croatia,HRV,1997,3,1997.5,1997-Q3,1997q3,0.006738044215096,-0.7903266899514447,-4.2096588820174015,-4.999985571968846
HRV,Croatia,HRV,1997,4,1997.75,1997-Q4,1997q4,0.0067138192496565,-0.7973952085704186,-4.206192093625781,-5.003587302196199
HRV,Croatia,HRV,1998,1,1998.0,1998-Q1,1998q1,0.0067057360562042,-0.7942815075222995,-4.21051048353961,-5.00479199106191
HRV,Croatia,HRV,1998,2,1998.25,1998-Q2,1998q2,0.006824957694048,-0.7759532994556269,-4.211215837148984,-4.987169136604611
HRV,Croatia,HRV,1998,3,1998.5,1998-Q3,1998q3,0.0069692399982923,-0.7577770269752397,-4.2084720721621,-4.96624909913734
HRV,Croatia,HRV,1998,4,1998.75,1998-Q4,1998q4,0.0070198979208628,-0.7527111829947728,-4.206295419243004,-4.959006602237777
HRV,Croatia,HRV,1999,1,1999.0,1999-Q1,1999q1,0.0068482295813976,-0.775805847671923,-4.207959267711823,-4.983765115383746
HRV,Croatia,HRV,1999,2,1999.25,1999-Q2,1999q2,0.0069922315862207,-0.7582881954763119,-4.2046673241020285,-4.96295551957834
HRV,Croatia,HRV,1999,3,1999.5,1999-Q3,1999q3,0.0069277297642013,-0.7741119565221659,-4.198111158282587,-4.972223114804753
HRV,Croatia,HRV,1999,4,1999.75,1999-Q4,1999q4,0.006979725497855,-0.7763434063862746,-4.188402283549777,-4.964745689936052
HRV,Croatia,HRV,2000,1,2000.0,2000-Q1,2000q1,0.007245263673809,-0.7430851157433045,-4.184322194227946,-4.92740730997125
HRV,Croatia,HRV,2000,2,2000.25,2000-Q2,2000q2,0.0071748523530683,-0.7558749478890583,-4.181298147628699,-4.937173095517757
HRV,Croatia,HRV,2000,3,2000.5,2000-Q3,2000q3,0.0072487921317546,-0.7484212006151516,-4.17849922589675,-4.926920426511901
HRV,Croatia,HRV,2000,4,2000.75,2000-Q4,2000q4,0.0073484006246486,-0.7400815131877687,-4.173191078337019,-4.9132725915247875
HRV,Croatia,HRV,2001,1,2001.0,2001-Q1,2001q1,0.0075117822389631,-0.7178459732808289,-4.173436552638961,-4.89128252591979
HRV,Croatia,HRV,2001,2,2001.25,2001-Q2,2001q2,0.0075679243292294,-0.7100211151622187,-4.1738153309007995,-4.883836446063018
HRV,Croatia,HRV,2001,3,2001.5,2001-Q3,2001q3,0.0075848884010773,-0.7070497555464321,-4.174547623851253,-4.881597379397685
HRV,Croatia,HRV,2001,4,2001.75,2001-Q4,2001q4,0.0077085164669695,-0.6946985509791377,-4.17073097567771,-4.865429526656848
HRV,Croatia,HRV,2002,1,2002.0,2002-Q1,2002q1,0.0078962167472072,-0.6803729785739856,-4.160998548399518,-4.841371526973504
HRV,Croatia,HRV,2002,2,2002.25,2002-Q2,2002q2,0.0080992432062032,-0.6627864469710767,-4.153198206030584,-4.815984653001661
HRV,Croatia,HRV,2002,3,2002.5,2002-Q3,2002q3,0.0082206386646404,-0.6510866037324341,-4.150020772771553,-4.801107376503987
HRV,Croatia,HRV,2002,4,2002.75,2002-Q4,2002q4,0.0082691787126561,-0.6497558534588794,-4.145464230650573,-4.795220084109452
HRV,Croatia,HRV,2003,1,2003.0,2003-Q1,2003q1,0.0083399046060299,-0.6452777312339784,-4.141425769568831,-4.786703500802809
HRV,Croatia,HRV,2003,2,2003.25,2003-Q2,2003q2,0.0085302439031472,-0.6275494058221982,-4.136587918495714,-4.764137324317912
HRV,Croatia,HRV,2003,3,2003.5,2003-Q3,2003q3,0.0085959565043616,-0.6279653679131574,-4.128497992287372,-4.756463360200529
HRV,Croatia,HRV,2003,4,2003.75,2003-Q4,2003q4,0.0086404499739375,-0.6318769301332372,-4.119423687072228,-4.751300617205465
HRV,Croatia,HRV,2004,1,2004.0,2004-Q1,2004q1,0.0085136136247607,-0.6550028375148216,-4.111085956256169,-4.76608879377099
HRV,Croatia,HRV,2004,2,2004.25,2004-Q2,2004q2,0.0085726120935801,-0.6564803740649365,-4.102702423697901,-4.759182797762837
HRV,Croatia,HRV,2004,3,2004.5,2004-Q3,2004q3,0.0088780980281365,-0.6283609210721357,-4.095807009867689,-4.724167930939824
HRV,Croatia,HRV,2004,4,2004.75,2004-Q4,2004q4,0.0090071049851455,-0.6255863319002746,-4.084155238397759,-4.709741570298034
HRV,Croatia,HRV,2005,1,2005.0,2005-Q1,2005q1,0.0087165041939346,-0.6646071291839188,-4.077929887448277,-4.742537016632196
HRV,Croatia,HRV,2005,2,2005.25,2005-Q2,2005q2,0.0090948584104646,-0.6345654974728623,-4.065480537503734,-4.700046034976596
HRV,Croatia,HRV,2005,3,2005.5,2005-Q3,2005q3,0.0091881436463326,-0.630763529972918,-4.059077830180438,-4.689841360153356
HRV,Croatia,HRV,2005,4,2005.75,2005-Q4,2005q4,0.0092283663071791,-0.6360072848251912,-4.04946595944698,-4.685473244272171
HRV,Croatia,HRV,2006,1,2006.0,2006-Q1,2006q1,0.009331133855546,-0.6331496507372627,-4.041249092843926,-4.674398743581189
HRV,Croatia,HRV,2006,2,2006.25,2006-Q2,2006q2,0.009575568063662,-0.6145457730298984,-4.0339946448477555,-4.648540417877654
HRV,Croatia,HRV,2006,3,2006.5,2006-Q3,2006q3,0.0094235724943287,-0.6376324218985525,-4.026908594708328,-4.66454101660688
HRV,Croatia,HRV,2006,4,2006.75,2006-Q4,2006q4,0.0094101820145245,-0.6488582516148265,-4.017104731287111,-4.665962982901937
HRV,Croatia,HRV,2007,1,2007.0,2007-Q1,2007q1,0.0091021903010665,-0.6897032554775926,-4.009536946518625,-4.699240201996218
HRV,Croatia,HRV,2007,2,2007.25,2007-Q2,2007q2,0.0090868887104059,-0.6995585017496744,-4.0013642037158625,-4.700922705465537
HRV,Croatia,HRV,2007,3,2007.5,2007-Q3,2007q3,0.0089972670180982,-0.7183158809654908,-3.9925185314516303,-4.710834412417121
HRV,Croatia,HRV,2007,4,2007.75,2007-Q4,2007q4,0.0090566290758902,-0.7206614169767689,-3.983596877863246,-4.704258294840015
HRV,Croatia,HRV,2008,1,2008.0,2008-Q1,2008q1,0.0092990151143997,-0.6959464866773972,-3.9819002994309596,-4.677846786108357
HRV,Croatia,HRV,2008,2,2008.25,2008-Q2,2008q2,0.0091391094982938,-0.7165999326664316,-3.978592394666867,-4.695192327333299
HRV,Croatia,HRV,2008,3,2008.5,2008-Q3,2008q3,0.0088782801138081,-0.742567297840119,-3.981580123773969,-4.724147421614088
HRV,Croatia,HRV,2008,4,2008.75,2008-Q4,2008q4,0.0088643936093999,-0.7303952540184855,-3.995317490552026,-4.725712744570512
HRV,Croatia,HRV,2009,1,2009.0,2009-Q1,2009q1,0.0084241842280244,-0.7658980426247366,-4.010750592341259,-4.776648634965996
HRV,Croatia,HRV,2009,2,2009.25,2009-Q2,2009q2,0.0084659912299521,-0.767695735657111,-4.004002437140827,-4.771698172797938
HRV,Croatia,HRV,2009,3,2009.5,2009-Q3,2009q3,0.0085198643181332,-0.7731230954645785,-3.992231767904877,-4.765354863369455
HRV,Croatia,HRV,2009,4,2009.75,2009-Q4,2009q4,0.0085750871976168,-0.7734254874122826,-3.985468629751267,-4.75889411716355
HRV,Croatia,HRV,2010,1,2010.0,2010-Q1,2010q1,0.0085021248065362,-0.7865288562031929,-3.9809103132822243,-4.767439169485417
HRV,Croatia,HRV,2010,2,2010.25,2010-Q2,2010q2,0.0087325037632438,-0.7740973921468863,-3.9666057581895937,-4.74070315033648
HRV,Croatia,HRV,2010,3,2010.5,2010-Q3,2010q3,0.0089146881676077,-0.7593181865649106,-3.9607368201089788,-4.720055006673889
HRV,Croatia,HRV,2010,4,2010.75,2010-Q4,2010q4,0.0087252602314252,-0.7897837698014785,-3.9517492155856404,-4.741532985387119
HRV,Croatia,HRV,2011,1,2011.0,2011-Q1,2011q1,0.0087651734224941,-0.7870260512667429,-3.949942923742827,-4.73696897500957
HRV,Croatia,HRV,2011,2,2011.25,2011-Q2,2011q2,0.0092393226723358,-0.7410735609986925,-3.9432131388764726,-4.684286699875165
HRV,Croatia,HRV,2011,3,2011.5,2011-Q3,2011q3,0.0091140703788752,-0.7600400047853215,-3.9378958593227056,-4.697935864108027
HRV,Croatia,HRV,2011,4,2011.75,2011-Q4,2011q4,0.0091175391829834,-0.7597602333291542,-3.937795104403702,-4.697555337732856
HRV,Croatia,HRV,2012,1,2012.0,2012-Q1,2012q1,0.0092261865506333,-0.748962918810526,-3.936746555141414,-4.68570947395194
HRV,Croatia,HRV,2012,2,2012.25,2012-Q2,2012q2,0.0091363391997438,-0.7604654553793133,-3.935030043560548,-4.695495498939861
HRV,Croatia,HRV,2012,3,2012.5,2012-Q3,2012q3,0.009154206240359,-0.7623992496884502,-3.931142557235305,-4.693541806923755
HRV,Croatia,HRV,2012,4,2012.75,2012-Q4,2012q4,0.0095424991443878,-0.7257768251635195,-3.9262230378446903,-4.65199986300821
HRV,Croatia,HRV,2013,1,2013.0,2013-Q1,2013q1,0.0095590469800457,-0.730571234094886,-3.9196960110728867,-4.650267245167773
HRV,Croatia,HRV,2013,2,2013.25,2013-Q2,2013q2,0.0095575608114649,-0.7395100348439572,-3.910912694874213,-4.65042272971817
HRV,Croatia,HRV,2013,3,2013.5,2013-Q3,2013q3,0.0095894378712456,-0.7415735083782518,-3.905519499563591,-4.647093007941843
HRV,Croatia,HRV,2013,4,2013.75,2013-Q4,2013q4,0.0094364863081706,-0.7603262534203807,-3.9028453278103648,-4.6631715812307455
HRV,Croatia,HRV,2014,1,2014.0,2014-Q1,2014q1,0.0093506304704457,-0.7735529247456556,-3.8987585832149927,-4.672311507960648
HRV,Croatia,HRV,2014,2,2014.25,2014-Q2,2014q2,0.0093638240783295,-0.7769185142333792,-3.893983002318197,-4.670901516551576
HRV,Croatia,HRV,2014,3,2014.5,2014-Q3,2014q3,0.0090983502760113,-0.8077374290524992,-3.8919247411919593,-4.6996621702444585
HRV,Croatia,HRV,2014,4,2014.75,2014-Q4,2014q4,0.0093947439722789,-0.7824195661242799,-3.8851853318508356,-4.6676048979751155
HRV,Croatia,HRV,2015,1,2015.0,2015-Q1,2015q1,0.0092867536720584,-0.7975287330431051,-3.8816374974488594,-4.679166230491965
HRV,Croatia,HRV,2015,2,2015.25,2015-Q2,2015q2,0.0094066543569806,-0.7892915031525223,-3.877046426686889,-4.666337929839411
HRV,Croatia,HRV,2015,3,2015.5,2015-Q3,2015q3,0.0095755198018625,-0.7755627673515377,-3.872982690636614,-4.648545457988152
HRV,Croatia,HRV,2015,4,2015.75,2015-Q4,2015q4,0.0094091014070918,-0.7921857604456632,-3.8738920629004796,-4.666077823346143
HRV,Croatia,HRV,2016,1,2016.0,2016-Q1,2016q1,0.0097741242640617,-0.7528736204583817,-3.875143146019994,-4.628016766478376
HRV,Croatia,HRV,2016,2,2016.25,2016-Q2,2016q2,0.0096712952241345,-0.7707850435304637,-3.8678079924394737,-4.638593035969937
HRV,Croatia,HRV,2016,3,2016.5,2016-Q3,2016q3,0.0097981038882627,-0.7582683312620828,-3.867298061552871,-4.625566392814954
HRV,Croatia,HRV,2016,4,2016.75,2016-Q4,2016q4,0.009925346616322,-0.7536450286100367,-3.8590185008497677,-4.612663529459804
HRV,Croatia,HRV,2017,1,2017.0,2017-Q1,2017q1,0.0100960634879176,-0.7412584465482137,-3.8543512382319376,-4.595609684780151
HRV,Croatia,HRV,2017,2,2017.25,2017-Q2,2017q2,0.0099546222585695,-0.7630354107401489,-3.8466828763408323,-4.609718287080981
HRV,Croatia,HRV,2017,3,2017.5,2017-Q3,2017q3,0.0099519311301073,-0.7667503778328282,-3.8432382853826903,-4.6099886632155185
HRV,Croatia,HRV,2017,4,2017.75,2017-Q4,2017q4,0.0100096049128805,-0.7664256873690571,-3.837784468307589,-4.604210155676646
HRV,Croatia,HRV,2018,1,2018.0,2018-Q1,2018q1,0.0100359741765555,-0.7682512174822347,-3.8333280060803943,-4.601579223562629
HRV,Croatia,HRV,2018,2,2018.25,2018-Q2,2018q2,0.0102111614525716,-0.758581805014098,-3.8256920918879103,-4.584273896902008
HRV,Croatia,HRV,2018,3,2018.5,2018-Q3,2018q3,0.0102820197895509,-0.7531004736026321,-3.824258087068906,-4.577358560671538
HRV,Croatia,HRV,2018,4,2018.75,2018-Q4,2018q4,0.0103032892295464,-0.7503127892618693,-3.8249793027892887,-4.575292092051158
HRV,Croatia,HRV,2019,1,2019.0,2019-Q1,2019q1,0.0102753529711996,-0.756615918042693,-3.821391248718992,-4.578007166761685
HRV,Croatia,HRV,2019,2,2019.25,2019-Q2,2019q2,0.0105640514143393,-0.7367314752862248,-3.8135669423342766,-4.5502984176205015
HRV,Croatia,HRV,2019,3,2019.5,2019-Q3,2019q3,0.0105136763412248,-0.7429459381480354,-3.8121324225111266,-4.555078360659162
HRV,Croatia,HRV,2019,4,2019.75,2019-Q4,2019q4,0.0104077462141425,-0.7499551763331933,-3.8152497454656107,-4.565204921798804
HRV,Croatia,HRV,2020,1,2020.0,2020-Q1,2020q1,0.0102794517921067,-0.7634016889988029,-3.8142066589943626,-4.5776083479931655
HRV,Croatia,HRV,2020,2,2020.25,2020-Q2,2020q2,0.0090167625685271,-0.8264815836754504,-3.8821883426730164,-4.708669926348467
HRV,Croatia,HRV,2020,3,2020.5,2020-Q3,2020q3,0.0094707242809409,-0.8321555988698184,-3.8273942942189545,-4.659549893088773
HRV,Croatia,HRV,2020,4,2020.75,2020-Q4,2020q4,0.0102650430769106,-0.7607223657803988,-3.8182886662554183,-4.579011032035817
HRV,Croatia,HRV,2021,1,2021.0,2021-Q1,2021q1,0.0108592194798559,-0.7234533750701466,-3.799287463088877,-4.522740838159024
HRV,Croatia,HRV,2021,2,2021.25,2021-Q2,2021q2,0.0106749366837646,-0.7456135423627082,-3.7942431087856,-4.539856651148308
HRV,Croatia,HRV,2021,3,2021.5,2021-Q3,2021q3,0.0107838827528964,-0.7377812062442093,-3.7919213909475182,-4.5297025971917275
HRV,Croatia,HRV,2021,4,2021.75,2021-Q4,2021q4,0.0109081567172199,-0.7346197197027116,-3.7836247272174144,-4.518244446920126
HRV,Croatia,HRV,2022,1,2022.0,2022-Q1,2022q1,0.011363243608691,-0.6946838445023524,-3.7826875330083403,-4.477371377510693
HRV,Croatia,HRV,2022,2,2022.25,2022-Q2,2022q2,0.0114944006366979,-0.6838029111354884,-3.7820923522090077,-4.465895263344496
HRV,Croatia,HRV,2022,3,2022.5,2022-Q3,2022q3,0.0115844036963251,-0.675903108832058,-3.782192485638369,-4.458095594470427
HRV,Croatia,HRV,2022,4,2022.75,2022-Q4,2022q4,0.0112682626483267,-0.7042836350279296,-3.7814814849885647,-4.485765120016494
HRV,Croatia,HRV,2023,1,2023.0,2023-Q1,2023q1,0.0117035070658122,-0.6652016336759288,-3.7826650992036,-4.447866732879529
HRV,Croatia,HRV,2023,2,2023.25,2023-Q2,2023q2,0.0118137364065677,-0.6575929142511776,-3.780899408049487,-4.4384923223006645
HRV,Croatia,HRV,2023,3,2023.5,2023-Q3,2023q3,0.0118272669137963,-0.6566358532872769,-3.7807118045063346,-4.4373476577936115
HRV,Croatia,HRV,2023,4,2023.75,2023-Q4,2023q4,0.0116988653992396,-0.6694912255994954,-3.7787721907052205,-4.448263416304716
HRV,Croatia,HRV,2024,1,2024.0,2024-Q1,2024q1,0.0116050526198822,-0.6805586874000311,-3.775756017623659,-4.45631470502369
HRV,Croatia,HRV,2024,2,2024.25,2024-Q2,2024q2,0.0116720889158258,-0.6795684435020939,-3.770986406414534,-4.450554849916628
HRV,Croatia,HRV,2024,3,2024.5,2024-Q3,2024q3,0.0118323604504433,-0.6717406530471757,-3.765176436957072,-4.436917090004248
HRV,Croatia,HRV,2024,4,2024.75,2024-Q4,2024q4,0.0118902470079167,-0.6699011102495067,-3.7621356838204347,-4.432036794069941
HRV,Croatia,HRV,2025,1,2025.0,2025-Q1,2025q1,0.0119863065459948,-0.6661496223024712,-3.757840779633255,-4.423990401935726
HRV,Croatia,HRV,2025,2,2025.25,2025-Q2,2025q2,0.0120324300453643,-0.6672872136130912,-3.7528625569980663,-4.420149770611157
HRV,Croatia,HRV,2025,3,2025.5,2025-Q3,2025q3,0.0119821869971127,-0.6761075402508143,-3.7482266086888907,-4.424334148939705
HRV,Croatia,HRV,2025,4,2025.75,2025-Q4,2025q4,0.0120893977725759,-0.668274707543608,-3.747151720080949,-4.415426427624557
HRV,Croatia,HRV,2026,1,2026.0,2026-Q1,2026q1,0.0121275525654498,-0.6627372006504499,-3.7495381428027086,-4.4122753434531585
HUN,Hungary,HUN,1995,1,1995.0,1995-Q1,1995q1,0.0065235647562758,-0.7782597421055684,-4.254074568586735,-5.0323343106923035
HUN,Hungary,HUN,1995,2,1995.25,1995-Q2,1995q2,0.0065070206938738,-0.7844333715972667,-4.2504402066290705,-5.034873578226337
HUN,Hungary,HUN,1995,3,1995.5,1995-Q3,1995q3,0.0064926488672404,-0.7897336392031153,-4.24735104637809,-5.037084685581205
HUN,Hungary,HUN,1995,4,1995.75,1995-Q4,1995q4,0.0064615646020109,-0.7974643061444606,-4.244419485914777,-5.041883792059237
HUN,Hungary,HUN,1996,1,1996.0,1996-Q1,1996q1,0.0065194951263541,-0.7918834454106047,-4.241074895239452,-5.032958340650056
HUN,Hungary,HUN,1996,2,1996.25,1996-Q2,1996q2,0.0064571963732759,-0.8054036687644963,-4.237156384572403,-5.042560053336899
HUN,Hungary,HUN,1996,3,1996.5,1996-Q3,1996q3,0.0064410630248165,-0.8083639709160382,-4.236697715606429,-5.045061686522467
HUN,Hungary,HUN,1996,4,1996.75,1996-Q4,1996q4,0.006519901613214,-0.8027966717736659,-4.230099321381617,-5.032895993155283
HUN,Hungary,HUN,1997,1,1997.0,1997-Q1,1997q1,0.0066046510827674,-0.7925493773994621,-4.227431791231235,-5.019981168630697
HUN,Hungary,HUN,1997,2,1997.25,1997-Q2,1997q2,0.0066626337093608,-0.7968833443692374,-4.214357076375103,-5.011240420744341
HUN,Hungary,HUN,1997,3,1997.5,1997-Q3,1997q3,0.0067128210041237,-0.7940771164297988,-4.2096588820174015,-5.0037359984472
HUN,Hungary,HUN,1997,4,1997.75,1997-Q4,1997q4,0.0067680946715433,-0.7893435750380773,-4.206192093625781,-4.995535668663858
HUN,Hungary,HUN,1998,1,1998.0,1998-Q1,1998q1,0.0067301086148205,-0.7906535130126295,-4.21051048353961,-5.00116399655224
HUN,Hungary,HUN,1998,2,1998.25,1998-Q2,1998q2,0.0068183381320478,-0.7769236753243334,-4.211215837148984,-4.988139512473317
HUN,Hungary,HUN,1998,3,1998.5,1998-Q3,1998q3,0.0068740935305187,-0.7715234220667622,-4.2084720721621,-4.979995494228862
HUN,Hungary,HUN,1998,4,1998.75,1998-Q4,1998q4,0.0068758733690216,-0.7734411887607724,-4.206295419243004,-4.979736608003776
HUN,Hungary,HUN,1999,1,1999.0,1999-Q1,1999q1,0.0066417092158664,-0.8064266688786912,-4.207959267711823,-5.014385936590514
HUN,Hungary,HUN,1999,2,1999.25,1999-Q2,1999q2,0.0066930478323909,-0.8020186041576922,-4.2046673241020285,-5.006685928259721
HUN,Hungary,HUN,1999,3,1999.5,1999-Q3,1999q3,0.0068036208089432,-0.7921891783269377,-4.198111158282587,-4.990300336609525
HUN,Hungary,HUN,1999,4,1999.75,1999-Q4,1999q4,0.0068530173059529,-0.7946639575213554,-4.188402283549777,-4.983066241071133
HUN,Hungary,HUN,2000,1,2000.0,2000-Q1,2000q1,0.0069217493774606,-0.7887645468621329,-4.184322194227946,-4.9730867410900785
HUN,Hungary,HUN,2000,2,2000.25,2000-Q2,2000q2,0.0069806963778623,-0.7833084519535651,-4.181298147628699,-4.964606599582264
HUN,Hungary,HUN,2000,3,2000.5,2000-Q3,2000q3,0.0069911588863285,-0.7846097185460987,-4.17849922589675,-4.9631089444428484
HUN,Hungary,HUN,2000,4,2000.75,2000-Q4,2000q4,0.0070707396402316,-0.7785991094855857,-4.173191078337019,-4.9517901878226045
HUN,Hungary,HUN,2001,1,2001.0,2001-Q1,2001q1,0.0070811709598827,-0.7768794424989949,-4.173436552638961,-4.950315995137956
HUN,Hungary,HUN,2001,2,2001.25,2001-Q2,2001q2,0.0071842234145426,-0.7620525186587361,-4.1738153309007995,-4.935867849559536
HUN,Hungary,HUN,2001,3,2001.5,2001-Q3,2001q3,0.0072241019216522,-0.7557847303598857,-4.174547623851253,-4.930332354211139
HUN,Hungary,HUN,2001,4,2001.75,2001-Q4,2001q4,0.0073212818108957,-0.746238879883208,-4.17073097567771,-4.916969855560918
HUN,Hungary,HUN,2002,1,2002.0,2002-Q1,2002q1,0.0074600817663743,-0.7371903557870301,-4.160998548399518,-4.898188904186548
HUN,Hungary,HUN,2002,2,2002.25,2002-Q2,2002q2,0.0074924285699252,-0.740664086331833,-4.153198206030584,-4.893862292362417
HUN,Hungary,HUN,2002,3,2002.5,2002-Q3,2002q3,0.0075630021290551,-0.734466287827396,-4.150020772771553,-4.884487060598949
HUN,Hungary,HUN,2002,4,2002.75,2002-Q4,2002q4,0.0076373658205288,-0.7292382924950456,-4.145464230650573,-4.8747025231456185
HUN,Hungary,HUN,2003,1,2003.0,2003-Q1,2003q1,0.0076688002554904,-0.729169326674513,-4.141425769568831,-4.870595096243344
HUN,Hungary,HUN,2003,2,2003.25,2003-Q2,2003q2,0.0076719919779936,-0.7335910685271054,-4.136587918495714,-4.870178987022819
HUN,Hungary,HUN,2003,3,2003.5,2003-Q3,2003q3,0.0077493087396836,-0.7316536421871449,-4.128497992287372,-4.860151634474517
HUN,Hungary,HUN,2003,4,2003.75,2003-Q4,2003q4,0.0078128252800337,-0.732564941869823,-4.119423687072228,-4.851988628942051
HUN,Hungary,HUN,2004,1,2004.0,2004-Q1,2004q1,0.0079817168476469,-0.7195157905889618,-4.111085956256169,-4.83060174684513
HUN,Hungary,HUN,2004,2,2004.25,2004-Q2,2004q2,0.0081194913961754,-0.7107853390113528,-4.102702423697901,-4.813487762709253
HUN,Hungary,HUN,2004,3,2004.5,2004-Q3,2004q3,0.0082345393958604,-0.7036108395493805,-4.095807009867689,-4.799417849417069
HUN,Hungary,HUN,2004,4,2004.75,2004-Q4,2004q4,0.0082438610285269,-0.7141312349851381,-4.084155238397759,-4.798286473382897
HUN,Hungary,HUN,2005,1,2005.0,2005-Q1,2005q1,0.0083118346787538,-0.7121450274013101,-4.077929887448277,-4.790074914849587
HUN,Hungary,HUN,2005,2,2005.25,2005-Q2,2005q2,0.0084990891669044,-0.7023157405586122,-4.065480537503734,-4.767796278062346
HUN,Hungary,HUN,2005,3,2005.5,2005-Q3,2005q3,0.0085346950776217,-0.704537819306938,-4.059077830180438,-4.7636156494873765
HUN,Hungary,HUN,2005,4,2005.75,2005-Q4,2005q4,0.0086319880769087,-0.7028144728466463,-4.04946595944698,-4.7522804322936265
HUN,Hungary,HUN,2006,1,2006.0,2006-Q1,2006q1,0.0086432603774076,-0.7097263160078073,-4.041249092843926,-4.750975408851733
HUN,Hungary,HUN,2006,2,2006.25,2006-Q2,2006q2,0.0087427952432614,-0.7055306737155984,-4.0339946448477555,-4.739525318563354
HUN,Hungary,HUN,2006,3,2006.5,2006-Q3,2006q3,0.0088456838685298,-0.7009170426887605,-4.026908594708328,-4.727825637397088
HUN,Hungary,HUN,2006,4,2006.75,2006-Q4,2006q4,0.0088972362743043,-0.704909850158705,-4.017104731287111,-4.722014581445816
HUN,Hungary,HUN,2007,1,2007.0,2007-Q1,2007q1,0.0087871826979444,-0.724924184320682,-4.009536946518625,-4.734461130839307
HUN,Hungary,HUN,2007,2,2007.25,2007-Q2,2007q2,0.0088055054452601,-0.731013930620402,-4.0013642037158625,-4.7323781343362645
HUN,Hungary,HUN,2007,3,2007.5,2007-Q3,2007q3,0.0089057536953423,-0.7285391970495527,-3.9925185314516303,-4.721057728501183
HUN,Hungary,HUN,2007,4,2007.75,2007-Q4,2007q4,0.0090024245699553,-0.7266644634017365,-3.983596877863246,-4.7102613412649825
HUN,Hungary,HUN,2008,1,2008.0,2008-Q1,2008q1,0.009112367619778,-0.7162224096439536,-3.9819002994309596,-4.698122709074913
HUN,Hungary,HUN,2008,2,2008.25,2008-Q2,2008q2,0.0091912684668543,-0.7109089306113185,-3.978592394666867,-4.689501325278186
HUN,Hungary,HUN,2008,3,2008.5,2008-Q3,2008q3,0.009129681872733,-0.7146443053778047,-3.981580123773969,-4.696224429151774
HUN,Hungary,HUN,2008,4,2008.75,2008-Q4,2008q4,0.0088758428587511,-0.7291044875778723,-3.995317490552026,-4.724421978129898
HUN,Hungary,HUN,2009,1,2009.0,2009-Q1,2009q1,0.0086144695229065,-0.7435613945398583,-4.010750592341259,-4.754311986881118
HUN,Hungary,HUN,2009,2,2009.25,2009-Q2,2009q2,0.0086560331258705,-0.7454962928186166,-4.004002437140827,-4.749498729959444
HUN,Hungary,HUN,2009,3,2009.5,2009-Q3,2009q3,0.0087634488227993,-0.7449339823761587,-3.992231767904877,-4.737165750281036
HUN,Hungary,HUN,2009,4,2009.75,2009-Q4,2009q4,0.0087242143940475,-0.7561842259931426,-3.985468629751267,-4.74165285574441
HUN,Hungary,HUN,2010,1,2010.0,2010-Q1,2010q1,0.0087377973002229,-0.7591868329422637,-3.9809103132822243,-4.740097146224488
HUN,Hungary,HUN,2010,2,2010.25,2010-Q2,2010q2,0.0088102921070309,-0.7652289250909461,-3.9666057581895937,-4.73183468328054
HUN,Hungary,HUN,2010,3,2010.5,2010-Q3,2010q3,0.008852238895315,-0.7663480493265338,-3.9607368201089788,-4.7270848694355125
HUN,Hungary,HUN,2010,4,2010.75,2010-Q4,2010q4,0.0088513444877656,-0.775436696393724,-3.9517492155856404,-4.727185911979364
HUN,Hungary,HUN,2011,1,2011.0,2011-Q1,2011q1,0.0089541879972539,-0.7656909997448222,-3.949942923742827,-4.715633923487649
HUN,Hungary,HUN,2011,2,2011.25,2011-Q2,2011q2,0.0088882570977194,-0.7798111618006245,-3.9432131388764726,-4.723024300677097
HUN,Hungary,HUN,2011,3,2011.5,2011-Q3,2011q3,0.0088819959386888,-0.7858331200415059,-3.9378958593227056,-4.723728979364211
HUN,Hungary,HUN,2011,4,2011.75,2011-Q4,2011q4,0.0089496881362683,-0.7783414880084631,-3.937795104403702,-4.716136592412165
HUN,Hungary,HUN,2012,1,2012.0,2012-Q1,2012q1,0.0088092638758727,-0.7952048429031491,-3.936746555141414,-4.731951398044563
HUN,Hungary,HUN,2012,2,2012.25,2012-Q2,2012q2,0.0086505989049191,-0.8150966793117091,-3.935030043560548,-4.750126722872257
HUN,Hungary,HUN,2012,3,2012.5,2012-Q3,2012q3,0.0085946538220722,-0.8254723603872303,-3.931142557235305,-4.756614917622535
HUN,Hungary,HUN,2012,4,2012.75,2012-Q4,2012q4,0.0085776005295171,-0.8323780253137647,-3.9262230378446903,-4.758601063158455
HUN,Hungary,HUN,2013,1,2013.0,2013-Q1,2013q1,0.0087035475732771,-0.8243285583197553,-3.9196960110728867,-4.744024569392642
HUN,Hungary,HUN,2013,2,2013.25,2013-Q2,2013q2,0.0086351258213306,-0.8410043015290931,-3.910912694874213,-4.751916996403306
HUN,Hungary,HUN,2013,3,2013.5,2013-Q3,2013q3,0.0087238040860702,-0.8361803882237813,-3.905519499563591,-4.741699887787372
HUN,Hungary,HUN,2013,4,2013.75,2013-Q4,2013q4,0.008678202857381,-0.8440954880166283,-3.9028453278103648,-4.746940815826993
HUN,Hungary,HUN,2014,1,2014.0,2014-Q1,2014q1,0.0084929685775583,-0.8697581007808619,-3.8987585832149927,-4.768516683995855
HUN,Hungary,HUN,2014,2,2014.25,2014-Q2,2014q2,0.0086294599397445,-0.858590352930658,-3.893983002318197,-4.752573355248855
HUN,Hungary,HUN,2014,3,2014.5,2014-Q3,2014q3,0.0086180655478899,-0.8619698926971782,-3.8919247411919593,-4.7538946338891375
HUN,Hungary,HUN,2014,4,2014.75,2014-Q4,2014q4,0.0086315590057507,-0.8671448087855822,-3.8851853318508356,-4.752330140636418
HUN,Hungary,HUN,2015,1,2015.0,2015-Q1,2015q1,0.0087147906633753,-0.8610961231165319,-3.8816374974488594,-4.742733620565391
HUN,Hungary,HUN,2015,2,2015.25,2015-Q2,2015q2,0.0086457876232195,-0.8736366299393423,-3.877046426686889,-4.750683056626231
HUN,Hungary,HUN,2015,3,2015.5,2015-Q3,2015q3,0.0086330051153187,-0.8791799265614779,-3.872982690636614,-4.752162617198092
HUN,Hungary,HUN,2015,4,2015.75,2015-Q4,2015q4,0.0086926882626853,-0.8713809733564539,-3.8738920629004796,-4.7452730362569335
HUN,Hungary,HUN,2016,1,2016.0,2016-Q1,2016q1,0.0085752891888546,-0.8837274158310358,-3.875143146019994,-4.75887056185103
HUN,Hungary,HUN,2016,2,2016.25,2016-Q2,2016q2,0.0086044138354058,-0.8876719782690037,-3.8678079924394737,-4.755479970708477
HUN,Hungary,HUN,2016,3,2016.5,2016-Q3,2016q3,0.0085956691797334,-0.8891987247626165,-3.867298061552871,-4.756496786315488
HUN,Hungary,HUN,2016,4,2016.75,2016-Q4,2016q4,0.008597366988196,-0.8972807859139786,-3.8590185008497677,-4.756299286763746
HUN,Hungary,HUN,2017,1,2017.0,2017-Q1,2017q1,0.0087078037670097,-0.889184432426287,-3.8543512382319376,-4.743535670658225
HUN,Hungary,HUN,2017,2,2017.25,2017-Q2,2017q2,0.0087829701244316,-0.888257769234186,-3.8466828763408323,-4.734940645575018
HUN,Hungary,HUN,2017,3,2017.5,2017-Q3,2017q3,0.0088358855874407,-0.8856956565816434,-3.8432382853826903,-4.728933941964334
HUN,Hungary,HUN,2017,4,2017.75,2017-Q4,2017q4,0.0089447527275263,-0.8789037377486921,-3.837784468307589,-4.716688206056281
HUN,Hungary,HUN,2018,1,2018.0,2018-Q1,2018q1,0.0090817935541543,-0.8681555718040639,-3.8333280060803943,-4.701483577884458
HUN,Hungary,HUN,2018,2,2018.25,2018-Q2,2018q2,0.0091688029952148,-0.8662564442192484,-3.8256920918879103,-4.691948536107159
HUN,Hungary,HUN,2018,3,2018.5,2018-Q3,2018q3,0.0093052047309607,-0.852923299808436,-3.824258087068906,-4.677181386877342
HUN,Hungary,HUN,2018,4,2018.75,2018-Q4,2018q4,0.009391430076781,-0.8429783967220645,-3.8249793027892887,-4.667957699511353
HUN,Hungary,HUN,2019,1,2019.0,2019-Q1,2019q1,0.0094815767960328,-0.8370133991318558,-3.821391248718992,-4.658404647850848
HUN,Hungary,HUN,2019,2,2019.25,2019-Q2,2019q2,0.0095642529023402,-0.8361558442457917,-3.8135669423342766,-4.649722786580068
HUN,Hungary,HUN,2019,3,2019.5,2019-Q3,2019q3,0.0097108954984511,-0.8223743540688835,-3.8121324225111266,-4.63450677658001
HUN,Hungary,HUN,2019,4,2019.75,2019-Q4,2019q4,0.0097583291323592,-0.81438434320214,-3.8152497454656107,-4.629634088667751
HUN,Hungary,HUN,2020,1,2020.0,2020-Q1,2020q1,0.0097876259950831,-0.812429685692857,-3.8142066589943626,-4.62663634468722
HUN,Hungary,HUN,2020,2,2020.25,2020-Q2,2020q2,0.0085359139541844,-0.8812845027043839,-3.8821883426730164,-4.7634728453774
HUN,Hungary,HUN,2020,3,2020.5,2020-Q3,2020q3,0.0094051999949529,-0.8390982574884975,-3.8273942942189545,-4.666492551707452
HUN,Hungary,HUN,2020,4,2020.75,2020-Q4,2020q4,0.0095768206826968,-0.8301209461072498,-3.8182886662554183,-4.648409612362668
HUN,Hungary,HUN,2021,1,2021.0,2021-Q1,2021q1,0.0094378062428889,-0.8637442522669616,-3.799287463088877,-4.663031715355839
HUN,Hungary,HUN,2021,2,2021.25,2021-Q2,2021q2,0.0095640434833962,-0.8555015740407192,-3.7942431087856,-4.649744682826319
HUN,Hungary,HUN,2021,3,2021.5,2021-Q3,2021q3,0.009602769124453,-0.8537823806908111,-3.7919213909475182,-4.645703771638329
HUN,Hungary,HUN,2021,4,2021.75,2021-Q4,2021q4,0.009776604494112,-0.8441383167430652,-3.7836247272174144,-4.6277630439604795
HUN,Hungary,HUN,2022,1,2022.0,2022-Q1,2022q1,0.0098637662716779,-0.8361996754778578,-3.7826875330083403,-4.618887208486198
HUN,Hungary,HUN,2022,2,2022.25,2022-Q2,2022q2,0.0099677729480551,-0.8263057430718166,-3.7820923522090077,-4.608398095280824
HUN,Hungary,HUN,2022,3,2022.5,2022-Q3,2022q3,0.0098377809714444,-0.8393326187431152,-3.782192485638369,-4.621525104381484
HUN,Hungary,HUN,2022,4,2022.75,2022-Q4,2022q4,0.0097533994113116,-0.8486579121803222,-3.7814814849885647,-4.630139397168887
HUN,Hungary,HUN,2023,1,2023.0,2023-Q1,2023q1,0.009688281075419,-0.8541731612092387,-3.7826650992036,-4.636838260412839
HUN,Hungary,HUN,2023,2,2023.25,2023-Q2,2023q2,0.0096719940744355,-0.857621370271763,-3.780899408049487,-4.63852077832125
HUN,Hungary,HUN,2023,3,2023.5,2023-Q3,2023q3,0.0097965514660488,-0.8450130419470296,-3.7807118045063346,-4.625724846453364
HUN,Hungary,HUN,2023,4,2023.75,2023-Q4,2023q4,0.0097694858888232,-0.8497192450168924,-3.7787721907052205,-4.628491435722113
HUN,Hungary,HUN,2024,1,2024.0,2024-Q1,2024q1,0.0097984061417573,-0.8497795275052362,-3.775756017623659,-4.625535545128895
HUN,Hungary,HUN,2024,2,2024.25,2024-Q2,2024q2,0.0097828005504214,-0.856143074663787,-3.770986406414534,-4.627129481078321
HUN,Hungary,HUN,2024,3,2024.5,2024-Q3,2024q3,0.0097787824724476,-0.8623638572978325,-3.765176436957072,-4.627540294254905
HUN,Hungary,HUN,2024,4,2024.75,2024-Q4,2024q4,0.0098182324069042,-0.8613784882940703,-3.7621356838204347,-4.623514172114505
HUN,Hungary,HUN,2025,1,2025.0,2025-Q1,2025q1,0.0097640818292167,-0.8712039661469464,-3.757840779633255,-4.6290447457802015
HUN,Hungary,HUN,2025,2,2025.25,2025-Q2,2025q2,0.0099197553896036,-0.8603644592973994,-3.7528625569980663,-4.613227016295466
HUN,Hungary,HUN,2025,3,2025.5,2025-Q3,2025q3,0.009915958030576,-0.8653832886246202,-3.7482266086888907,-4.613609897313511
HUN,Hungary,HUN,2025,4,2025.75,2025-Q4,2025q4,0.0099849035216744,-0.859529254406139,-3.747151720080949,-4.606680974487088
HUN,Hungary,HUN,2026,1,2026.0,2026-Q1,2026q1,0.0100743086339756,-0.8482286526391807,-3.7495381428027086,-4.597766795441889
IDN,Indonesia,IDN,1995,1,1995.0,1995-Q1,1995q1,0.00124041266544,-2.4382365914326556,-4.254074568586735,-6.692311160019391
IDN,Indonesia,IDN,1995,2,1995.25,1995-Q2,1995q2,0.0012568389002469,-2.4287153130531687,-4.2504402066290705,-6.679155519682239
IDN,Indonesia,IDN,1995,3,1995.5,1995-Q3,1995q3,0.0012600531498489,-2.429250330110552,-4.24735104637809,-6.676601376488642
IDN,Indonesia,IDN,1995,4,1995.75,1995-Q4,1995q4,0.0012708106898191,-2.4236807578079453,-4.244419485914777,-6.668100243722722
IDN,Indonesia,IDN,1996,1,1996.0,1996-Q1,1996q1,0.0012814178336255,-2.418713236318869,-4.241074895239452,-6.6597881315583205
IDN,Indonesia,IDN,1996,2,1996.25,1996-Q2,1996q2,0.0013135670605592,-2.3978525107090825,-4.237156384572403,-6.635008895281485
IDN,Indonesia,IDN,1996,3,1996.5,1996-Q3,1996q3,0.0013323560805509,-2.3841086992422884,-4.236697715606429,-6.620806414848717
IDN,Indonesia,IDN,1996,4,1996.75,1996-Q4,1996q4,0.0013695754836666,-2.3631551317156436,-4.230099321381617,-6.593254453097261
IDN,Indonesia,IDN,1997,1,1997.0,1997-Q1,1997q1,0.0013496682883657,-2.3804646378144856,-4.227431791231235,-6.607896429045721
IDN,Indonesia,IDN,1997,2,1997.25,1997-Q2,1997q2,0.0013620528097825,-2.384405221929118,-4.214357076375103,-6.598762298304221
IDN,Indonesia,IDN,1997,3,1997.5,1997-Q3,1997q3,0.0013752893627833,-2.3794322423262013,-4.2096588820174015,-6.589091124343603
IDN,Indonesia,IDN,1997,4,1997.75,1997-Q4,1997q4,0.0013665609406109,-2.389265863835294,-4.206192093625781,-6.5954579574610745
IDN,Indonesia,IDN,1998,1,1998.0,1998-Q1,1998q1,0.0012491052464039,-2.4748173033143948,-4.21051048353961,-6.685327786854005
IDN,Indonesia,IDN,1998,2,1998.25,1998-Q2,1998q2,0.0011500172533925,-2.5567624966205376,-4.211215837148984,-6.767978333769522
IDN,Indonesia,IDN,1998,3,1998.5,1998-Q3,1998q3,0.001123613069917,-2.5827337584601375,-4.2084720721621,-6.791205830622237
IDN,Indonesia,IDN,1998,4,1998.75,1998-Q4,1998q4,0.001098679483151,-2.607350870938678,-4.206295419243004,-6.813646290181682
IDN,Indonesia,IDN,1999,1,1999.0,1999-Q1,1999q1,0.0011505329778748,-2.559570717237551,-4.207959267711823,-6.767529984949374
IDN,Indonesia,IDN,1999,2,1999.25,1999-Q2,1999q2,0.0011492641357614,-2.5639660992633866,-4.2046673241020285,-6.768633423365415
IDN,Indonesia,IDN,1999,3,1999.5,1999-Q3,1999q3,0.0011433539188038,-2.575678143567231,-4.198111158282587,-6.773789301849818
IDN,Indonesia,IDN,1999,4,1999.75,1999-Q4,1999q4,0.00115161604994,-2.578186778694749,-4.188402283549777,-6.766589062244527
IDN,Indonesia,IDN,2000,1,2000.0,2000-Q1,2000q1,0.0011803339349122,-2.55763569062404,-4.184322194227946,-6.741957884851986
IDN,Indonesia,IDN,2000,2,2000.25,2000-Q2,2000q2,0.0011802859603782,-2.5607003829317314,-4.181298147628699,-6.74199853056043
IDN,Indonesia,IDN,2000,3,2000.5,2000-Q3,2000q3,0.0011899519262217,-2.555343144911001,-4.17849922589675,-6.733842370807751
IDN,Indonesia,IDN,2000,4,2000.75,2000-Q4,2000q4,0.0012152920630648,-2.5395797716162276,-4.173191078337019,-6.712770849953246
IDN,Indonesia,IDN,2001,1,2001.0,2001-Q1,2001q1,0.0012135655854709,-2.54075593508356,-4.173436552638961,-6.714192487722521
IDN,Indonesia,IDN,2001,2,2001.25,2001-Q2,2001q2,0.001226544038178,-2.5297394584424593,-4.1738153309007995,-6.703554789343259
IDN,Indonesia,IDN,2001,3,2001.5,2001-Q3,2001q3,0.0012193360275524,-2.534901184249054,-4.174547623851253,-6.709448808100307
IDN,Indonesia,IDN,2001,4,2001.75,2001-Q4,2001q4,0.0012254351917038,-2.5337282638633942,-4.17073097567771,-6.704459239541104
IDN,Indonesia,IDN,2002,1,2002.0,2002-Q1,2002q1,0.0012458157036411,-2.526966231557581,-4.160998548399518,-6.687964779957099
IDN,Indonesia,IDN,2002,2,2002.25,2002-Q2,2002q2,0.0012622427175232,-2.5216669996522274,-4.153198206030584,-6.674865205682812
IDN,Indonesia,IDN,2002,3,2002.5,2002-Q3,2002q3,0.0012747617372721,-2.514975217790843,-4.150020772771553,-6.664995990562396
IDN,Indonesia,IDN,2002,4,2002.75,2002-Q4,2002q4,0.0012732043364419,-2.5207542259722766,-4.145464230650573,-6.6662184566228495
IDN,Indonesia,IDN,2003,1,2003.0,2003-Q1,2003q1,0.0012923623855777,-2.5098576591879675,-4.141425769568831,-6.651283428756798
IDN,Indonesia,IDN,2003,2,2003.25,2003-Q2,2003q2,0.001306521530051,-2.50379907546189,-4.136587918495714,-6.640386993957604
IDN,Indonesia,IDN,2003,3,2003.5,2003-Q3,2003q3,0.00131659158099,-2.504211025172154,-4.128497992287372,-6.632709017459526
IDN,Indonesia,IDN,2003,4,2003.75,2003-Q4,2003q4,0.0013146168727164,-2.5147863202777527,-4.119423687072228,-6.634210007349981
IDN,Indonesia,IDN,2004,1,2004.0,2004-Q1,2004q1,0.0013337678572087,-2.5086614104592213,-4.111085956256169,-6.61974736671539
IDN,Indonesia,IDN,2004,2,2004.25,2004-Q2,2004q2,0.0013505801313532,-2.504518628211775,-4.102702423697901,-6.607221051909676
IDN,Indonesia,IDN,2004,3,2004.5,2004-Q3,2004q3,0.0013634685570227,-2.5019164065662416,-4.095807009867689,-6.59772341643393
IDN,Indonesia,IDN,2004,4,2004.75,2004-Q4,2004q4,0.0013904186049997,-2.493995184103701,-4.084155238397759,-6.57815042250146
IDN,Indonesia,IDN,2005,1,2005.0,2005-Q1,2005q1,0.0014133327879638,-2.483874796832848,-4.077929887448277,-6.561804684281125
IDN,Indonesia,IDN,2005,2,2005.25,2005-Q2,2005q2,0.0014273987558071,-2.486421005573736,-4.065480537503734,-6.55190154307747
IDN,Indonesia,IDN,2005,3,2005.5,2005-Q3,2005q3,0.0014383413612216,-2.4851868315676526,-4.059077830180438,-6.544264661748091
IDN,Indonesia,IDN,2005,4,2005.75,2005-Q4,2005q4,0.0014540030885556,-2.4839688162475433,-4.04946595944698,-6.5334347756945235
IDN,Indonesia,IDN,2006,1,2006.0,2006-Q1,2006q1,0.0014664806873415,-2.4836407460077643,-4.041249092843926,-6.52488983885169
IDN,Indonesia,IDN,2006,2,2006.25,2006-Q2,2006q2,0.0014761500342094,-2.48432326392867,-4.0339946448477555,-6.518317908776425
IDN,Indonesia,IDN,2006,3,2006.5,2006-Q3,2006q3,0.0014953035273024,-2.4785174697426955,-4.026908594708328,-6.505426064451023
IDN,Indonesia,IDN,2006,4,2006.75,2006-Q4,2006q4,0.0015151773635116,-2.4751180439612233,-4.017104731287111,-6.492222775248334
IDN,Indonesia,IDN,2007,1,2007.0,2007-Q1,2007q1,0.0014909028544025,-2.498836453463192,-4.009536946518625,-6.508373399981817
IDN,Indonesia,IDN,2007,2,2007.25,2007-Q2,2007q2,0.0015061636217618,-2.4968253052020053,-4.0013642037158625,-6.498189508917868
IDN,Indonesia,IDN,2007,3,2007.5,2007-Q3,2007q3,0.0015197685610485,-2.4966786867335204,-3.9925185314516303,-6.489197218185151
IDN,Indonesia,IDN,2007,4,2007.75,2007-Q4,2007q4,0.0015304424032882,-2.4986015550351195,-3.983596877863246,-6.4821984328983655
IDN,Indonesia,IDN,2008,1,2008.0,2008-Q1,2008q1,0.0015567882133792,-2.4832301181867606,-3.9819002994309596,-6.46513041761772
IDN,Indonesia,IDN,2008,2,2008.25,2008-Q2,2008q2,0.0015847866814052,-2.468713071907743,-3.978592394666867,-6.44730546657461
IDN,Indonesia,IDN,2008,3,2008.5,2008-Q3,2008q3,0.0016023235973042,-2.4547203311400603,-3.981580123773969,-6.436300454914029
IDN,Indonesia,IDN,2008,4,2008.75,2008-Q4,2008q4,0.0016015309002123,-2.4414778040051197,-3.995317490552026,-6.436795294557146
IDN,Indonesia,IDN,2009,1,2009.0,2009-Q1,2009q1,0.0016023921527738,-2.4255070784540163,-4.010750592341259,-6.436257670795276
IDN,Indonesia,IDN,2009,2,2009.25,2009-Q2,2009q2,0.0016131950836626,-2.4255361053973132,-4.004002437140827,-6.429538542538141
IDN,Indonesia,IDN,2009,3,2009.5,2009-Q3,2009q3,0.001627932691345,-2.4282125887342927,-3.992231767904877,-6.42044435663917
IDN,Indonesia,IDN,2009,4,2009.75,2009-Q4,2009q4,0.0016502368102222,-2.421367850269796,-3.985468629751267,-6.406836480021063
IDN,Indonesia,IDN,2010,1,2010.0,2010-Q1,2010q1,0.0016601851590292,-2.419915827967905,-3.9809103132822243,-6.400826141250129
IDN,Indonesia,IDN,2010,2,2010.25,2010-Q2,2010q2,0.0016704923160631,-2.428031137771088,-3.9666057581895937,-6.394636895960682
IDN,Indonesia,IDN,2010,3,2010.5,2010-Q3,2010q3,0.0016725139195086,-2.4326906233114007,-3.9607368201089788,-6.3934274434203795
IDN,Indonesia,IDN,2010,4,2010.75,2010-Q4,2010q4,0.0017047349545344,-2.4225964166308955,-3.9517492155856404,-6.374345632216536
IDN,Indonesia,IDN,2011,1,2011.0,2011-Q1,2011q1,0.0017119155358434,-2.420199415276917,-3.949942923742827,-6.370142339019744
IDN,Indonesia,IDN,2011,2,2011.25,2011-Q2,2011q2,0.0017427457833027,-2.409080234289448,-3.9432131388764726,-6.352293373165921
IDN,Indonesia,IDN,2011,3,2011.5,2011-Q3,2011q3,0.0017703519970546,-2.398681024452962,-3.9378958593227056,-6.336576883775668
IDN,Indonesia,IDN,2011,4,2011.75,2011-Q4,2011q4,0.0017738430253634,-2.396811780872592,-3.937795104403702,-6.334606885276294
IDN,Indonesia,IDN,2012,1,2012.0,2012-Q1,2012q1,0.0017773316264581,-2.3958955705502394,-3.936746555141414,-6.332642125691653
IDN,Indonesia,IDN,2012,2,2012.25,2012-Q2,2012q2,0.0017874601383148,-2.3919295403276863,-3.935030043560548,-6.326959583888234
IDN,Indonesia,IDN,2012,3,2012.5,2012-Q3,2012q3,0.0017920709116841,-2.393240836724727,-3.931142557235305,-6.324383393960032
IDN,Indonesia,IDN,2012,4,2012.75,2012-Q4,2012q4,0.0018140739597588,-2.3859571186335256,-3.9262230378446903,-6.312180156478216
IDN,Indonesia,IDN,2013,1,2013.0,2013-Q1,2013q1,0.0018498511703326,-2.3729540805240337,-3.9196960110728867,-6.29265009159692
IDN,Indonesia,IDN,2013,2,2013.25,2013-Q2,2013q2,0.0018743468467584,-2.368582333768466,-3.910912694874213,-6.279495028642679
IDN,Indonesia,IDN,2013,3,2013.5,2013-Q3,2013q3,0.0018917706233439,-2.364722551157499,-3.905519499563591,-6.27024205072109
IDN,Indonesia,IDN,2013,4,2013.75,2013-Q4,2013q4,0.0018998654498394,-2.3631268833809402,-3.9028453278103648,-6.265972211191305
IDN,Indonesia,IDN,2014,1,2014.0,2014-Q1,2014q1,0.0019118524225998,-2.3609240689495783,-3.8987585832149927,-6.259682652164571
IDN,Indonesia,IDN,2014,2,2014.25,2014-Q2,2014q2,0.0019326286819528,-2.3548911890687783,-3.893983002318197,-6.248874191386975
IDN,Indonesia,IDN,2014,3,2014.5,2014-Q3,2014q3,0.0019513691914903,-2.347299262123936,-3.8919247411919593,-6.239224003315895
IDN,Indonesia,IDN,2014,4,2014.75,2014-Q4,2014q4,0.001957260739769,-2.3510240331676506,-3.8851853318508356,-6.236209365018486
IDN,Indonesia,IDN,2015,1,2015.0,2015-Q1,2015q1,0.0019629695332587,-2.3516593868592963,-3.8816374974488594,-6.233296884308156
IDN,Indonesia,IDN,2015,2,2015.25,2015-Q2,2015q2,0.0020004559580935,-2.3373337186718266,-3.877046426686889,-6.2143801453587155
IDN,Indonesia,IDN,2015,3,2015.5,2015-Q3,2015q3,0.0020415163362618,-2.3210797545124633,-3.872982690636614,-6.194062445149077
IDN,Indonesia,IDN,2015,4,2015.75,2015-Q4,2015q4,0.0020295552426962,-2.32604653930006,-3.8738920629004796,-6.19993860220054
IDN,Indonesia,IDN,2016,1,2016.0,2016-Q1,2016q1,0.0020647700242173,-2.3075932811688418,-3.875143146019994,-6.182736427188836
IDN,Indonesia,IDN,2016,2,2016.25,2016-Q2,2016q2,0.0020751970727807,-2.309891162535753,-3.8678079924394737,-6.177699154975227
IDN,Indonesia,IDN,2016,3,2016.5,2016-Q3,2016q3,0.0020823494112375,-2.306960436515622,-3.867298061552871,-6.174258498068493
IDN,Indonesia,IDN,2016,4,2016.75,2016-Q4,2016q4,0.0020962343577391,-2.3085942060256324,-3.8590185008497677,-6.1676127068754
IDN,Indonesia,IDN,2017,1,2017.0,2017-Q1,2017q1,0.002098870304082,-2.312004791205215,-3.8543512382319376,-6.166356029437153
IDN,Indonesia,IDN,2017,2,2017.25,2017-Q2,2017q2,0.0021227560648812,-2.308357127661158,-3.8466828763408323,-6.15504000400199
IDN,Indonesia,IDN,2017,3,2017.5,2017-Q3,2017q3,0.002145766949814,-2.30101995276524,-3.8432382853826903,-6.1442582381479305
IDN,Indonesia,IDN,2017,4,2017.75,2017-Q4,2017q4,0.0021426136382624,-2.307944400562198,-3.837784468307589,-6.145728868869787
IDN,Indonesia,IDN,2018,1,2018.0,2018-Q1,2018q1,0.0021571837492654,-2.305623721702752,-3.8333280060803943,-6.138951727783146
IDN,Indonesia,IDN,2018,2,2018.25,2018-Q2,2018q2,0.0021681053221276,-2.3082095243796537,-3.8256920918879103,-6.133901616267564
IDN,Indonesia,IDN,2018,3,2018.5,2018-Q3,2018q3,0.0021711332620235,-2.3082479201171826,-3.824258087068906,-6.132506007186088
IDN,Indonesia,IDN,2018,4,2018.75,2018-Q4,2018q4,0.0021782881217269,-2.3042366731370114,-3.8249793027892887,-6.1292159759263
IDN,Indonesia,IDN,2019,1,2019.0,2019-Q1,2019q1,0.0021541095189433,-2.318986608372412,-3.821391248718992,-6.140377857091404
IDN,Indonesia,IDN,2019,2,2019.25,2019-Q2,2019q2,0.00218972408457,-2.310412789537526,-3.8135669423342766,-6.123979731871803
IDN,Indonesia,IDN,2019,3,2019.5,2019-Q3,2019q3,0.0022181977105564,-2.298927832400792,-3.8121324225111266,-6.111060254911918
IDN,Indonesia,IDN,2019,4,2019.75,2019-Q4,2019q4,0.0021883849758553,-2.30934171568839,-3.8152497454656107,-6.124591461154001
IDN,Indonesia,IDN,2020,1,2020.0,2020-Q1,2020q1,0.0021899962211305,-2.309648801672041,-3.8142066589943626,-6.1238554606664035
IDN,Indonesia,IDN,2020,2,2020.25,2020-Q2,2020q2,0.0020849555434528,-2.290819403370663,-3.8821883426730164,-6.173007746043679
IDN,Indonesia,IDN,2020,3,2020.5,2020-Q3,2020q3,0.0021987724657859,-2.292461750219474,-3.8273942942189545,-6.1198560444384285
IDN,Indonesia,IDN,2020,4,2020.75,2020-Q4,2020q4,0.0021473725501165,-2.325221587636522,-3.8182886662554183,-6.14351025389194
IDN,Indonesia,IDN,2021,1,2021.0,2021-Q1,2021q1,0.0022386739191735,-2.3025841256966926,-3.799287463088877,-6.10187158878557
IDN,Indonesia,IDN,2021,2,2021.25,2021-Q2,2021q2,0.0022413377082806,-2.3064392913805936,-3.7942431087856,-6.1006824001661935
IDN,Indonesia,IDN,2021,3,2021.5,2021-Q3,2021q3,0.0022381162359357,-2.310199342078171,-3.7919213909475182,-6.102120733025689
IDN,Indonesia,IDN,2021,4,2021.75,2021-Q4,2021q4,0.0022645050986924,-2.306774316177767,-3.7836247272174144,-6.090399043395181
IDN,Indonesia,IDN,2022,1,2022.0,2022-Q1,2022q1,0.0022683693563993,-2.306006517812571,-3.7826875330083403,-6.088694050820911
IDN,Indonesia,IDN,2022,2,2022.25,2022-Q2,2022q2,0.0022781941094502,-2.3022798549085466,-3.7820923522090077,-6.084372207117554
IDN,Indonesia,IDN,2022,3,2022.5,2022-Q3,2022q3,0.0022882133715293,-2.2977914673870794,-3.782192485638369,-6.079983953025448
IDN,Indonesia,IDN,2022,4,2022.75,2022-Q4,2022q4,0.0022963497043573,-2.294953016874134,-3.7814814849885647,-6.076434501862699
IDN,Indonesia,IDN,2023,1,2023.0,2023-Q1,2023q1,0.0023201489809396,-2.283458780239831,-3.7826650992036,-6.066123879443431
IDN,Indonesia,IDN,2023,2,2023.25,2023-Q2,2023q2,0.0023229222774097,-2.2840298755561492,-3.780899408049487,-6.064929283605636
IDN,Indonesia,IDN,2023,3,2023.5,2023-Q3,2023q3,0.0023268381268221,-2.2825331556083146,-3.7807118045063346,-6.063244960114649
IDN,Indonesia,IDN,2023,4,2023.75,2023-Q4,2023q4,0.0023430426527304,-2.277532724593267,-3.7787721907052205,-6.056304915298488
IND,India,IND,1996,2,1996.25,1996-Q2,1996q2,0.000493258871078,-3.3773200436980098,-4.237156384572403,-7.614476428270413
IND,India,IND,1996,3,1996.5,1996-Q3,1996q3,0.0004844927208649,-3.39571043515454,-4.236697715606429,-7.632408150760969
IND,India,IND,1996,4,1996.75,1996-Q4,1996q4,0.0005023326964108,-3.3661485945531435,-4.230099321381617,-7.596247915934761
IND,India,IND,1997,1,1997.0,1997-Q1,1997q1,0.0005016477458656,-3.370180594811959,-4.227431791231235,-7.5976123860431946
IND,India,IND,1997,2,1997.25,1997-Q2,1997q2,0.0004968503865778,-3.3928645338547394,-4.214357076375103,-7.607221610229843
IND,India,IND,1997,3,1997.5,1997-Q3,1997q3,0.000494762007507,-3.4017748219113075,-4.2096588820174015,-7.611433703928709
IND,India,IND,1997,4,1997.75,1997-Q4,1997q4,0.0005077854667246,-3.379259415555067,-4.206192093625781,-7.585451509180848
IND,India,IND,1998,1,1998.0,1998-Q1,1998q1,0.0005134547070692,-3.363838253290587,-4.21051048353961,-7.574348736830197
IND,India,IND,1998,2,1998.25,1998-Q2,1998q2,0.0005152502495133,-3.3596420167880705,-4.211215837148984,-7.570857853937055
IND,India,IND,1998,3,1998.5,1998-Q3,1998q3,0.0005179600157572,-3.357140436179881,-4.2084720721621,-7.565612508341981
IND,India,IND,1998,4,1998.75,1998-Q4,1998q4,0.0005234815261047,-3.348713398231638,-4.206295419243004,-7.555008817474642
IND,India,IND,1999,1,1999.0,1999-Q1,1999q1,0.0005308634666129,-3.3330464270956055,-4.207959267711823,-7.541005694807429
IND,India,IND,1999,2,1999.25,1999-Q2,1999q2,0.0005411967558154,-3.317060332011887,-4.2046673241020285,-7.5217276561139155
IND,India,IND,1999,3,1999.5,1999-Q3,1999q3,0.0005419074935855,-3.322304088850367,-4.198111158282587,-7.520415247132954
IND,India,IND,1999,4,1999.75,1999-Q4,1999q4,0.0005460083065923,-3.3244740852463055,-4.188402283549777,-7.512876368796083
IND,India,IND,2000,1,2000.0,2000-Q1,2000q1,0.0005586509352065,-3.3056635306971263,-4.184322194227946,-7.489985724925072
IND,India,IND,2000,2,2000.25,2000-Q2,2000q2,0.0005554868056953,-3.3143675536616497,-4.181298147628699,-7.495665701290348
IND,India,IND,2000,3,2000.5,2000-Q3,2000q3,0.0005592502465172,-3.3104142908977403,-4.17849922589675,-7.48891351679449
IND,India,IND,2000,4,2000.75,2000-Q4,2000q4,0.0005539443938401,-3.3252551700473747,-4.173191078337019,-7.498446248384393
IND,India,IND,2001,1,2001.0,2001-Q1,2001q1,0.0005532139585296,-3.3263291735146456,-4.173436552638961,-7.499765726153607
IND,India,IND,2001,2,2001.25,2001-Q2,2001q2,0.0005613609381432,-3.311331144923745,-4.1738153309007995,-7.4851464758245445
IND,India,IND,2001,3,2001.5,2001-Q3,2001q3,0.0005643227313644,-3.305336627538467,-4.174547623851253,-7.47988425138972
IND,India,IND,2001,4,2001.75,2001-Q4,2001q4,0.0005743688372193,-3.291507818776198,-4.17073097567771,-7.462238794453908
IND,India,IND,2002,1,2002.0,2002-Q1,2002q1,0.0005738060118771,-3.302220628768265,-4.160998548399518,-7.463219177167783
IND,India,IND,2002,2,2002.25,2002-Q2,2002q2,0.0005751032656874,-3.307762734761316,-4.153198206030584,-7.4609609407919
IND,India,IND,2002,3,2002.5,2002-Q3,2002q3,0.0005739368578232,-3.3129703987163497,-4.150020772771553,-7.462991171487903
IND,India,IND,2002,4,2002.75,2002-Q4,2002q4,0.0005729659169172,-3.319220094187971,-4.145464230650573,-7.464684324838544
IND,India,IND,2003,1,2003.0,2003-Q1,2003q1,0.0005765945222306,-3.316945503356629,-4.141425769568831,-7.45837127292546
IND,India,IND,2003,2,2003.25,2003-Q2,2003q2,0.0005879982237239,-3.302198712452217,-4.136587918495714,-7.438786630947931
IND,India,IND,2003,3,2003.5,2003-Q3,2003q3,0.0006000485671135,-3.2900019685474744,-4.128497992287372,-7.418499960834846
IND,India,IND,2003,4,2003.75,2003-Q4,2003q4,0.000624741449621,-3.2587489873514723,-4.119423687072228,-7.3781726744237
IND,India,IND,2004,1,2004.0,2004-Q1,2004q1,0.0006093617851252,-3.292012446139527,-4.111085956256169,-7.403098402395695
IND,India,IND,2004,2,2004.25,2004-Q2,2004q2,0.0006212507022478,-3.2810734264774215,-4.102702423697901,-7.383775850175322
IND,India,IND,2004,3,2004.5,2004-Q3,2004q3,0.0006356456532771,-3.2650622889569823,-4.095807009867689,-7.360869298824671
IND,India,IND,2004,4,2004.75,2004-Q4,2004q4,0.0006410135919317,-3.268304658609029,-4.084155238397759,-7.3524598970067885
IND,India,IND,2005,1,2005.0,2005-Q1,2005q1,0.0006465484216876,-3.2659325769068044,-4.077929887448277,-7.343862464355081
IND,India,IND,2005,2,2005.25,2005-Q2,2005q2,0.0006612934003372,-3.255832405661569,-4.065480537503734,-7.321312943165303
IND,India,IND,2005,3,2005.5,2005-Q3,2005q3,0.0006698150564162,-3.249431088703253,-4.059077830180438,-7.308508918883692
IND,India,IND,2005,4,2005.75,2005-Q4,2005q4,0.0006845537203477,-3.237277475717508,-4.04946595944698,-7.286743435164488
IND,India,IND,2006,1,2006.0,2006-Q1,2006q1,0.0007087657485813,-3.2107363901047226,-4.041249092843926,-7.2519854829486485
IND,India,IND,2006,2,2006.25,2006-Q2,2006q2,0.0007103101871027,-3.215814155243616,-4.0339946448477555,-7.249808800091372
IND,India,IND,2006,3,2006.5,2006-Q3,2006q3,0.0007360717501026,-3.1872743627261295,-4.026908594708328,-7.214182957434457
IND,India,IND,2006,4,2006.75,2006-Q4,2006q4,0.0007521254797454,-3.1755026552835686,-4.017104731287111,-7.192607386570679
IND,India,IND,2007,1,2007.0,2007-Q1,2007q1,0.0007752623821571,-3.152772081767937,-4.009536946518625,-7.162309028286562
IND,India,IND,2007,2,2007.25,2007-Q2,2007q2,0.0007856143484748,-3.1476803330231133,-4.0013642037158625,-7.149044536738976
IND,India,IND,2007,3,2007.5,2007-Q3,2007q3,0.0008011889097175,-3.1368952649067734,-3.9925185314516303,-7.129413796358404
IND,India,IND,2007,4,2007.75,2007-Q4,2007q4,0.0008334180199362,-3.106378339152767,-3.983596877863246,-7.089975217016013
IND,India,IND,2008,1,2008.0,2008-Q1,2008q1,0.0008423172490543,-3.0974535349053545,-3.9819002994309596,-7.079353834336314
IND,India,IND,2008,2,2008.25,2008-Q2,2008q2,0.0008470863928005,-3.0951154752630297,-3.978592394666867,-7.073707869929897
IND,India,IND,2008,3,2008.5,2008-Q3,2008q3,0.0008513828762401,-3.0870684934719668,-3.981580123773969,-7.068648617245936
IND,India,IND,2008,4,2008.75,2008-Q4,2008q4,0.0008492207275588,-3.0758739295451796,-3.995317490552026,-7.071191420097206
IND,India,IND,2009,1,2009.0,2009-Q1,2009q1,0.0008431339764857,-3.0676340920333702,-4.010750592341259,-7.07838468437463
IND,India,IND,2009,2,2009.25,2009-Q2,2009q2,0.000886572524052,-3.0241451892340727,-4.004002437140827,-7.0281476263749
IND,India,IND,2009,3,2009.5,2009-Q3,2009q3,0.0009077286674562,-3.0123332805024523,-3.992231767904877,-7.004565048407329
IND,India,IND,2009,4,2009.75,2009-Q4,2009q4,0.0009218599571319,-3.0036486065053873,-3.985468629751267,-6.9891172362566545
IND,India,IND,2010,1,2010.0,2010-Q1,2010q1,0.0009522760738029,-2.9757452584402277,-3.9809103132822243,-6.956655571722452
IND,India,IND,2010,2,2010.25,2010-Q2,2010q2,0.0009764812284411,-2.964949272949322,-3.9666057581895937,-6.931555031138916
IND,India,IND,2010,3,2010.5,2010-Q3,2010q3,0.0009924366169859,-2.9546105893121553,-3.9607368201089788,-6.915347409421134
IND,India,IND,2010,4,2010.75,2010-Q4,2010q4,0.0010227162958584,-2.93354394054049,-3.9517492155856404,-6.885293156126131
IND,India,IND,2011,1,2011.0,2011-Q1,2011q1,0.0010231204097346,-2.9349551726208585,-3.949942923742827,-6.884898096363686
IND,India,IND,2011,2,2011.25,2011-Q2,2011q2,0.0010322813662609,-2.9327708684806164,-3.9432131388764726,-6.875984007357089
IND,India,IND,2011,3,2011.5,2011-Q3,2011q3,0.0010295528047023,-2.9407348818889965,-3.9378958593227056,-6.878630741211702
IND,India,IND,2011,4,2011.75,2011-Q4,2011q4,0.0010616210870617,-2.9101631072680156,-3.937795104403702,-6.847958211671718
IND,India,IND,2012,1,2012.0,2012-Q1,2012q1,0.0010549543222846,-2.9175112542627115,-3.936746555141414,-6.8542578094041255
IND,India,IND,2012,2,2012.25,2012-Q2,2012q2,0.0010559390812378,-2.918294740023329,-3.935030043560548,-6.853324783583877
IND,India,IND,2012,3,2012.5,2012-Q3,2012q3,0.0010728847426499,-2.9062616798510983,-3.931142557235305,-6.837404237086403
IND,India,IND,2012,4,2012.75,2012-Q4,2012q4,0.0010953105521285,-2.8904943088287123,-3.9262230378446903,-6.816717346673403
IND,India,IND,2013,1,2013.0,2013-Q1,2013q1,0.0011276355398764,-2.8679362699888404,-3.9196960110728867,-6.787632281061727
IND,India,IND,2013,2,2013.25,2013-Q2,2013q2,0.0011456153226376,-2.8609006917657247,-3.910912694874213,-6.771813386639938
IND,India,IND,2013,3,2013.5,2013-Q3,2013q3,0.0011673208905586,-2.8475244934243507,-3.905519499563591,-6.753043992987942
IND,India,IND,2013,4,2013.75,2013-Q4,2013q4,0.0011982831269921,-2.8240201463522725,-3.9028453278103648,-6.726865474162637
IND,India,IND,2014,1,2014.0,2014-Q1,2014q1,0.0012185554188535,-2.8113306215089855,-3.8987585832149927,-6.710089204723978
IND,India,IND,2014,2,2014.25,2014-Q2,2014q2,0.0012602399247541,-2.7824701573559607,-3.893983002318197,-6.676453159674158
IND,India,IND,2014,3,2014.5,2014-Q3,2014q3,0.0012859513391688,-2.76433175159517,-3.8919247411919593,-6.656256492787129
IND,India,IND,2014,4,2014.75,2014-Q4,2014q4,0.001304151961715,-2.757016955359007,-3.8851853318508356,-6.642202287209843
IND,India,IND,2015,1,2015.0,2015-Q1,2015q1,0.0013371069741607,-2.7356094760227494,-3.8816374974488594,-6.617246973471609
IND,India,IND,2015,2,2015.25,2015-Q2,2015q2,0.0013827872007691,-2.7066076792974134,-3.877046426686889,-6.583654105984302
IND,India,IND,2015,3,2015.5,2015-Q3,2015q3,0.0014107137560711,-2.6906768020569922,-3.872982690636614,-6.563659492693606
IND,India,IND,2015,4,2015.75,2015-Q4,2015q4,0.0014329597616882,-2.6741211474008364,-3.8738920629004796,-6.548013210301316
IND,India,IND,2016,1,2016.0,2016-Q1,2016q1,0.0014921053355628,-2.6324240334294906,-3.875143146019994,-6.5075671794494845
IND,India,IND,2016,2,2016.25,2016-Q2,2016q2,0.0015371880199497,-2.609992500287783,-3.8678079924394737,-6.4778004927272566
IND,India,IND,2016,3,2016.5,2016-Q3,2016q3,0.0015739080687449,-2.5868954752738764,-3.867298061552871,-6.454193536826748
IND,India,IND,2016,4,2016.75,2016-Q4,2016q4,0.0015902528835856,-2.584843728266496,-3.8590185008497677,-6.443862229116264
IND,India,IND,2017,1,2017.0,2017-Q1,2017q1,0.0016206265794589,-2.570591188841256,-3.8543512382319376,-6.424942427073193
IND,India,IND,2017,2,2017.25,2017-Q2,2017q2,0.0016711898356483,-2.5475365534673777,-3.8466828763408323,-6.39421942980821
IND,India,IND,2017,3,2017.5,2017-Q3,2017q3,0.0017209420966293,-2.5216451221253067,-3.8432382853826903,-6.364883407507997
IND,India,IND,2017,4,2017.75,2017-Q4,2017q4,0.0017639103015961,-2.5024377038181425,-3.837784468307589,-6.340222172125731
IND,India,IND,2018,1,2018.0,2018-Q1,2018q1,0.0017784391395922,-2.4986911811583714,-3.8333280060803943,-6.332019187238766
IND,India,IND,2018,2,2018.25,2018-Q2,2018q2,0.0018083268765891,-2.489661146891994,-3.8256920918879103,-6.315353238779904
IND,India,IND,2018,3,2018.5,2018-Q3,2018q3,0.0018730361249742,-2.4559364814113285,-3.824258087068906,-6.280194568480234
IND,India,IND,2018,4,2018.75,2018-Q4,2018q4,0.0018949318031829,-2.4435931260723134,-3.8249793027892887,-6.268572428861602
IND,India,IND,2019,1,2019.0,2019-Q1,2019q1,0.0018647573951323,-2.4632330686678796,-3.821391248718992,-6.284624317386871
IND,India,IND,2019,2,2019.25,2019-Q2,2019q2,0.0017696270598797,-2.523419512895557,-3.8135669423342766,-6.336986455229834
IND,India,IND,2019,3,2019.5,2019-Q3,2019q3,0.0017276951268791,-2.5488346328591867,-3.8121324225111266,-6.360967055370313
IND,India,IND,2019,4,2019.75,2019-Q4,2019q4,0.0016880249441661,-2.56894636010236,-3.8152497454656107,-6.384196105567971
IND,India,IND,2020,1,2020.0,2020-Q1,2020q1,0.0017214228199513,-2.550397450219134,-3.8142066589943626,-6.364604109213497
IND,India,IND,2020,2,2020.25,2020-Q2,2020q2,0.0013703456126633,-2.7105039562673143,-3.8821883426730164,-6.592692298940331
IND,India,IND,2020,3,2020.5,2020-Q3,2020q3,0.0016471670104368,-2.5813041358932964,-3.8273942942189545,-6.408698430112251
IND,India,IND,2020,4,2020.75,2020-Q4,2020q4,0.001740513870493,-2.5352862152314324,-3.8182886662554183,-6.353574881486851
IND,India,IND,2021,1,2021.0,2021-Q1,2021q1,0.0016993678874628,-2.5782114648815764,-3.799287463088877,-6.3774989279704535
IND,India,IND,2021,2,2021.25,2021-Q2,2021q2,0.0015851058012183,-2.652861013537792,-3.7942431087856,-6.447104122323392
IND,India,IND,2021,3,2021.5,2021-Q3,2021q3,0.0017302378627649,-2.5675749960485295,-3.7919213909475182,-6.359496386996048
IND,India,IND,2021,4,2021.75,2021-Q4,2021q4,0.001746834120504,-2.566325476177609,-3.7836247272174144,-6.349950203395023
IND,India,IND,2022,1,2022.0,2022-Q1,2022q1,0.0017122485757293,-2.5872602826906177,-3.7826875330083403,-6.369947815698958
IND,India,IND,2022,2,2022.25,2022-Q2,2022q2,0.0016676926787148,-2.6142218851866583,-3.7820923522090077,-6.396314237395666
IND,India,IND,2022,3,2022.5,2022-Q3,2022q3,0.0015487647035888,-2.688105145584972,-3.782192485638369,-6.470297631223341
IND,India,IND,2022,4,2022.75,2022-Q4,2022q4,0.0016973082035632,-2.5972302075180713,-3.7814814849885647,-6.378711692506636
IND,India,IND,2023,1,2023.0,2023-Q1,2023q1,0.0016749533513126,-2.6093048648519512,-3.7826650992036,-6.391969964055551
IND,India,IND,2023,2,2023.25,2023-Q2,2023q2,0.0016446092917812,-2.629353027520914,-3.780899408049487,-6.410252435570401
IND,India,IND,2023,3,2023.5,2023-Q3,2023q3,0.0016501983904426,-2.6261479571592785,-3.7807118045063346,-6.406859761665613
IND,India,IND,2023,4,2023.75,2023-Q4,2023q4,0.0017006455200518,-2.597975191611729,-3.7787721907052205,-6.37674738231695
IND,India,IND,2024,1,2024.0,2024-Q1,2024q1,0.0016892553721562,-2.6077114377114055,-3.775756017623659,-6.383467455335064
IND,India,IND,2024,2,2024.25,2024-Q2,2024q2,0.00172571116551,-2.5911296371832795,-3.770986406414534,-6.362116043597814
IND,India,IND,2024,3,2024.5,2024-Q3,2024q3,0.0017772727637661,-2.5674988078587053,-3.765176436957072,-6.3326752448157775
IND,India,IND,2024,4,2024.75,2024-Q4,2024q4,0.0018001256534381,-2.5577631252304,-3.7621356838204347,-6.319898809050835
IND,India,IND,2025,1,2025.0,2025-Q1,2025q1,0.0018319025848148,-2.5445594087384724,-3.757840779633255,-6.3024001883717276
IND,India,IND,2025,2,2025.25,2025-Q2,2025q2,0.0018748610295167,-2.5263581828996347,-3.7528625569980663,-6.279220739897701
IND,India,IND,2025,3,2025.5,2025-Q3,2025q3,0.0019683112186711,-2.48235274459728,-3.7482266086888907,-6.230579353286171
IND,India,IND,2025,4,2025.75,2025-Q4,2025q4,0.0019430679815032,-2.4963354012109997,-3.747151720080949,-6.243487121291949
IRL,Ireland,IRL,1995,1,1995.0,1995-Q1,1995q1,0.0209552306784949,0.38870757920044596,-4.254074568586735,-3.865366989386289
IRL,Ireland,IRL,1995,2,1995.25,1995-Q2,1995q2,0.0209643832298294,0.38550988879705406,-4.2504402066290705,-3.8649303178320165
IRL,Ireland,IRL,1995,3,1995.5,1995-Q3,1995q3,0.0208898590918723,0.37885959769860955,-4.24735104637809,-3.8684914486794804
IRL,Ireland,IRL,1995,4,1995.75,1995-Q4,1995q4,0.0210199193301302,0.3821347346067254,-4.244419485914777,-3.862284751308051
IRL,Ireland,IRL,1996,1,1996.0,1996-Q1,1996q1,0.0217567704572962,0.41324461074569063,-4.241074895239452,-3.827830284493761
IRL,Ireland,IRL,1996,2,1996.25,1996-Q2,1996q2,0.0219979335614368,0.42034962551137456,-4.237156384572403,-3.8168067590610284
IRL,Ireland,IRL,1996,3,1996.5,1996-Q3,1996q3,0.0215372349134773,0.3987257302645695,-4.236697715606429,-3.8379719853418592
IRL,Ireland,IRL,1996,4,1996.75,1996-Q4,1996q4,0.0215411322672995,0.392308278544681,-4.230099321381617,-3.8377910428369364
IRL,Ireland,IRL,1997,1,1997.0,1997-Q1,1997q1,0.0225132271854941,0.43377952363955874,-4.227431791231235,-3.7936522675916766
IRL,Ireland,IRL,1997,2,1997.25,1997-Q2,1997q2,0.0229006450768405,0.4377668768507581,-4.214357076375103,-3.776590199524345
IRL,Ireland,IRL,1997,3,1997.5,1997-Q3,1997q3,0.0231119035484678,0.44225139296739435,-4.2096588820174015,-3.767407489050007
IRL,Ireland,IRL,1997,4,1997.75,1997-Q4,1997q4,0.0234303474540336,0.4524688965042505,-4.206192093625781,-3.75372319712153
IRL,Ireland,IRL,1998,1,1998.0,1998-Q1,1998q1,0.0218574874707804,0.3872987434073152,-4.21051048353961,-3.823211740132295
IRL,Ireland,IRL,1998,2,1998.25,1998-Q2,1998q2,0.0228680752104921,0.43320240045996705,-4.211215837148984,-3.778013436689017
IRL,Ireland,IRL,1998,3,1998.5,1998-Q3,1998q3,0.0219964412295509,0.3915974711602068,-4.2084720721621,-3.816874601001893
IRL,Ireland,IRL,1998,4,1998.75,1998-Q4,1998q4,0.0215787340653607,0.3702484359679574,-4.206295419243004,-3.8360469832750463
IRL,Ireland,IRL,1999,1,1999.0,1999-Q1,1999q1,0.0225851290354036,0.41749567114309416,-4.207959267711823,-3.790463596568729
IRL,Ireland,IRL,1999,2,1999.25,1999-Q2,1999q2,0.0231792530724203,0.4401696595796394,-4.2046673241020285,-3.764497664522389
IRL,Ireland,IRL,1999,3,1999.5,1999-Q3,1999q3,0.0233843274203265,0.44242190890695987,-4.198111158282587,-3.755689249375627
IRL,Ireland,IRL,1999,4,1999.75,1999-Q4,1999q4,0.0239358016679236,0.45602232039304225,-4.188402283549777,-3.732379963156735
IRL,Ireland,IRL,2000,1,2000.0,2000-Q1,2000q1,0.02421567910803,0.46356723563981594,-4.184322194227946,-3.7207549585881297
IRL,Ireland,IRL,2000,2,2000.25,2000-Q2,2000q2,0.0244520133087304,0.4702554250927222,-4.181298147628699,-3.7110427225359763
IRL,Ireland,IRL,2000,3,2000.5,2000-Q3,2000q3,0.0246062130588439,0.47374292133181006,-4.17849922589675,-3.7047563045649397
IRL,Ireland,IRL,2000,4,2000.75,2000-Q4,2000q4,0.0247852135933732,0.47568304863871,-4.173191078337019,-3.6975080296983087
IRL,Ireland,IRL,2001,1,2001.0,2001-Q1,2001q1,0.0251817335743911,0.49180014717842235,-4.173436552638961,-3.6816364054605386
IRL,Ireland,IRL,2001,2,2001.25,2001-Q2,2001q2,0.025261087536421,0.4953252216126005,-4.1738153309007995,-3.678490109288199
IRL,Ireland,IRL,2001,3,2001.5,2001-Q3,2001q3,0.0247947265318018,0.477423335582293,-4.174547623851253,-3.69712428826896
IRL,Ireland,IRL,2001,4,2001.75,2001-Q4,2001q4,0.0251197720318954,0.48663096309099174,-4.17073097567771,-3.6841000125867183
IRL,Ireland,IRL,2002,1,2002.0,2002-Q1,2002q1,0.0260489256494649,0.5132197949031361,-4.160998548399518,-3.647778753496382
IRL,Ireland,IRL,2002,2,2002.25,2002-Q2,2002q2,0.0256527392015563,0.49009328444709777,-4.153198206030584,-3.6631049215834866
IRL,Ireland,IRL,2002,3,2002.5,2002-Q3,2002q3,0.0263444718785327,0.5135239508854408,-4.150020772771553,-3.6364968218861122
IRL,Ireland,IRL,2002,4,2002.75,2002-Q4,2002q4,0.0265441861607773,0.5165196983822153,-4.145464230650573,-3.6289445322683576
IRL,Ireland,IRL,2003,1,2003.0,2003-Q1,2003q1,0.0258969176825087,0.48779444381277726,-4.141425769568831,-3.6536313257560535
IRL,Ireland,IRL,2003,2,2003.25,2003-Q2,2003q2,0.0261594530304019,0.4930432572602057,-4.136587918495714,-3.643544661235508
IRL,Ireland,IRL,2003,3,2003.5,2003-Q3,2003q3,0.0262648146533002,0.4889729108920551,-4.128497992287372,-3.6395250813953166
IRL,Ireland,IRL,2003,4,2003.75,2003-Q4,2003q4,0.0276880411790278,0.5326690016738267,-4.119423687072228,-3.586754685398401
IRL,Ireland,IRL,2004,1,2004.0,2004-Q1,2004q1,0.0270373065056405,0.50054831200945,-4.111085956256169,-3.6105376442467185
IRL,Ireland,IRL,2004,2,2004.25,2004-Q2,2004q2,0.0278424626862331,0.5215094348269784,-4.102702423697901,-3.581192988870922
IRL,Ireland,IRL,2004,3,2004.5,2004-Q3,2004q3,0.0272282392213408,0.4923063722906309,-4.095807009867689,-3.6035006375770577
IRL,Ireland,IRL,2004,4,2004.75,2004-Q4,2004q4,0.0278113105289886,0.5018427509304866,-4.084155238397759,-3.5823124874672727
IRL,Ireland,IRL,2005,1,2005.0,2005-Q1,2005q1,0.0278597176102753,0.49735644073898166,-4.077929887448277,-3.580573446709295
IRL,Ireland,IRL,2005,2,2005.25,2005-Q2,2005q2,0.0279438653246782,0.4879229465426489,-4.065480537503734,-3.577557590961085
IRL,Ireland,IRL,2005,3,2005.5,2005-Q3,2005q3,0.0272419220123365,0.4560795884463009,-4.059077830180438,-3.6029982417341375
IRL,Ireland,IRL,2005,4,2005.75,2005-Q4,2005q4,0.028039251215886,0.47531603813365786,-4.04946595944698,-3.5741499213133223
IRL,Ireland,IRL,2006,1,2006.0,2006-Q1,2006q1,0.0278593454216648,0.4606622866633745,-4.041249092843926,-3.5805868061805515
IRL,Ireland,IRL,2006,2,2006.25,2006-Q2,2006q2,0.0278682965506355,0.45372908423693836,-4.0339946448477555,-3.580265560610817
IRL,Ireland,IRL,2006,3,2006.5,2006-Q3,2006q3,0.0277591774442742,0.4427198199558391,-4.026908594708328,-3.5841887747524885
IRL,Ireland,IRL,2006,4,2006.75,2006-Q4,2006q4,0.0278460597024227,0.4360409258112692,-4.017104731287111,-3.5810638054758415
IRL,Ireland,IRL,2007,1,2007.0,2007-Q1,2007q1,0.0274188084737453,0.4130108860855315,-4.009536946518625,-3.5965260604330935
IRL,Ireland,IRL,2007,2,2007.25,2007-Q2,2007q2,0.0270538794252183,0.39143933657177854,-4.0013642037158625,-3.609924867144084
IRL,Ireland,IRL,2007,3,2007.5,2007-Q3,2007q3,0.0261297086383898,0.34783618147638773,-3.9925185314516303,-3.6446823499752425
IRL,Ireland,IRL,2007,4,2007.75,2007-Q4,2007q4,0.0271356303074175,0.3766892347029831,-3.983596877863246,-3.606907643160263
IRL,Ireland,IRL,2008,1,2008.0,2008-Q1,2008q1,0.0263494698315448,0.34559317498879993,-3.9819002994309596,-3.6363071244421596
IRL,Ireland,IRL,2008,2,2008.25,2008-Q2,2008q2,0.0259874811476389,0.3284520434290177,-3.978592394666867,-3.6501403512378494
IRL,Ireland,IRL,2008,3,2008.5,2008-Q3,2008q3,0.0263187356445774,0.3441059122750878,-3.981580123773969,-3.637474211498881
IRL,Ireland,IRL,2008,4,2008.75,2008-Q4,2008q4,0.0255628177627262,0.3287010761113427,-3.995317490552026,-3.6666164144406834
IRL,Ireland,IRL,2009,1,2009.0,2009-Q1,2009q1,0.0265478714625034,0.3819448869293849,-4.010750592341259,-3.6288057054118745
IRL,Ireland,IRL,2009,2,2009.25,2009-Q2,2009q2,0.027195689748767,0.39930565378485827,-4.004002437140827,-3.604696783355969
IRL,Ireland,IRL,2009,3,2009.5,2009-Q3,2009q3,0.0274464579102873,0.39671361067557553,-3.992231767904877,-3.5955181572293013
IRL,Ireland,IRL,2009,4,2009.75,2009-Q4,2009q4,0.0271748414970291,0.3800049510833712,-3.985468629751267,-3.605463678667896
IRL,Ireland,IRL,2010,1,2010.0,2010-Q1,2010q1,0.0281005529672994,0.4089442889977475,-3.9809103132822243,-3.571966024284477
IRL,Ireland,IRL,2010,2,2010.25,2010-Q2,2010q2,0.0286639523011687,0.41449079514120823,-3.9666057581895937,-3.5521149630483855
IRL,Ireland,IRL,2010,3,2010.5,2010-Q3,2010q3,0.029156198775506,0.4256490822770873,-3.9607368201089788,-3.5350877378318915
IRL,Ireland,IRL,2010,4,2010.75,2010-Q4,2010q4,0.0291985758116946,0.4181138711161676,-3.9517492155856404,-3.533635344469473
IRL,Ireland,IRL,2011,1,2011.0,2011-Q1,2011q1,0.029794854542687,0.43652335701071276,-3.949942923742827,-3.5134195667321144
IRL,Ireland,IRL,2011,2,2011.25,2011-Q2,2011q2,0.0300158999320919,0.4371850988936927,-3.9432131388764726,-3.50602803998278
IRL,Ireland,IRL,2011,3,2011.5,2011-Q3,2011q3,0.0299784736056894,0.43062015796601605,-3.9378958593227056,-3.5072757013566895
IRL,Ireland,IRL,2011,4,2011.75,2011-Q4,2011q4,0.0293406072039479,0.4090122933533338,-3.937795104403702,-3.5287828110503683
IRL,Ireland,IRL,2012,1,2012.0,2012-Q1,2012q1,0.0294116900166306,0.41038349108746885,-3.936746555141414,-3.526363064053945
IRL,Ireland,IRL,2012,2,2012.25,2012-Q2,2012q2,0.0304996707582664,0.4449906533225745,-3.935030043560548,-3.4900393902379734
IRL,Ireland,IRL,2012,3,2012.5,2012-Q3,2012q3,0.0298108334159204,0.41825914314779267,-3.931142557235305,-3.5128834140875123
IRL,Ireland,IRL,2012,4,2012.75,2012-Q4,2012q4,0.0293597877200701,0.3980937323398859,-3.9262230378446903,-3.5281293055048044
IRL,Ireland,IRL,2013,1,2013.0,2013-Q1,2013q1,0.0290991607160356,0.3826500644789288,-3.9196960110728867,-3.537045946593958
IRL,Ireland,IRL,2013,2,2013.25,2013-Q2,2013q2,0.029492276597347,0.38728583470013733,-3.910912694874213,-3.5236268601740757
IRL,Ireland,IRL,2013,3,2013.5,2013-Q3,2013q3,0.0302895536343438,0.40856710910870975,-3.905519499563591,-3.496952390454881
IRL,Ireland,IRL,2013,4,2013.75,2013-Q4,2013q4,0.0292797037779076,0.37198462099542207,-3.9028453278103648,-3.5308607068149427
IRL,Ireland,IRL,2014,1,2014.0,2014-Q1,2014q1,0.030883870500893,0.4212373615898479,-3.8987585832149927,-3.4775212216251448
IRL,Ireland,IRL,2014,2,2014.25,2014-Q2,2014q2,0.0318293029680185,0.44661506580462573,-3.893983002318197,-3.4473679365135714
IRL,Ireland,IRL,2014,3,2014.5,2014-Q3,2014q3,0.0318916283728775,0.4465130041068206,-3.8919247411919593,-3.4454117370851387
IRL,Ireland,IRL,2014,4,2014.75,2014-Q4,2014q4,0.0314229321502225,0.42496800248214495,-3.8851853318508356,-3.4602173293686906
IRL,Ireland,IRL,2015,1,2015.0,2015-Q1,2015q1,0.0383318559745107,0.6201635176238125,-3.8816374974488594,-3.261473979825047
IRL,Ireland,IRL,2015,2,2015.25,2015-Q2,2015q2,0.0372476022708966,0.5868787218920413,-3.877046426686889,-3.2901677047948477
IRL,Ireland,IRL,2015,3,2015.5,2015-Q3,2015q3,0.0381637839488671,0.6071144134041422,-3.872982690636614,-3.265868277232472
IRL,Ireland,IRL,2015,4,2015.75,2015-Q4,2015q4,0.0382821125376305,0.6111195354388568,-3.8738920629004796,-3.262772527461623
IRL,Ireland,IRL,2016,1,2016.0,2016-Q1,2016q1,0.0366725487303482,0.5694163512148513,-3.875143146019994,-3.3057267948051425
IRL,Ireland,IRL,2016,2,2016.25,2016-Q2,2016q2,0.0359857183099804,0.5431748595901285,-3.8678079924394737,-3.3246331328493453
IRL,Ireland,IRL,2016,3,2016.5,2016-Q3,2016q3,0.0357833666115154,0.5370259482180968,-3.867298061552871,-3.3302721133347744
IRL,Ireland,IRL,2016,4,2016.75,2016-Q4,2016q4,0.038960396844698,0.6138088865422962,-3.8590185008497677,-3.2452096143074716
IRL,Ireland,IRL,2017,1,2017.0,2017-Q1,2017q1,0.0384301336531037,0.5954378416530242,-3.8543512382319376,-3.2589133965789134
IRL,Ireland,IRL,2017,2,2017.25,2017-Q2,2017q2,0.0384041609942322,0.5870934103067365,-3.8466828763408323,-3.259589466034096
IRL,Ireland,IRL,2017,3,2017.5,2017-Q3,2017q3,0.0402164810427756,0.6297598941967015,-3.8432382853826903,-3.2134783911859888
IRL,Ireland,IRL,2017,4,2017.75,2017-Q4,2017q4,0.0411739730445904,0.6478355238416977,-3.837784468307589,-3.189948944465891
IRL,Ireland,IRL,2018,1,2018.0,2018-Q1,2018q1,0.041666117181929,0.6552609880117872,-3.8333280060803943,-3.178067018068607
IRL,Ireland,IRL,2018,2,2018.25,2018-Q2,2018q2,0.0411137868001321,0.6342803234174688,-3.8256920918879103,-3.1914117684704415
IRL,Ireland,IRL,2018,3,2018.5,2018-Q3,2018q3,0.0414839739807132,0.6418099916014768,-3.824258087068906,-3.182448095467429
IRL,Ireland,IRL,2018,4,2018.75,2018-Q4,2018q4,0.0416190850405492,0.6457828608824907,-3.8249793027892887,-3.179196441906798
IRL,Ireland,IRL,2019,1,2019.0,2019-Q1,2019q1,0.041356360901749,0.635862210131537,-3.821391248718992,-3.185529038587455
IRL,Ireland,IRL,2019,2,2019.25,2019-Q2,2019q2,0.0422336726697356,0.6490294967792138,-3.8135669423342766,-3.1645374455550628
IRL,Ireland,IRL,2019,3,2019.5,2019-Q3,2019q3,0.0427816580538164,0.6604866041184074,-3.8121324225111266,-3.151645818392719
IRL,Ireland,IRL,2019,4,2019.75,2019-Q4,2019q4,0.0427823475350678,0.663620043224693,-3.8152497454656107,-3.1516297022409177
IRL,Ireland,IRL,2020,1,2020.0,2020-Q1,2020q1,0.0440429425973032,0.6916165061037756,-3.8142066589943626,-3.122590152890587
IRL,Ireland,IRL,2020,2,2020.25,2020-Q2,2020q2,0.0447528637421922,0.7755885006031318,-3.8821883426730164,-3.1065998420698846
IRL,Ireland,IRL,2020,3,2020.5,2020-Q3,2020q3,0.0485374569523943,0.8019748234004536,-3.8273942942189545,-3.025419470818501
IRL,Ireland,IRL,2020,4,2020.75,2020-Q4,2020q4,0.0470028700920851,0.7607420529079452,-3.8182886662554183,-3.057546613347473
IRL,Ireland,IRL,2021,1,2021.0,2021-Q1,2021q1,0.0524748792176113,0.8518667480978062,-3.799287463088877,-2.947420714991071
IRL,Ireland,IRL,2021,2,2021.25,2021-Q2,2021q2,0.051273830731338,0.8236683296274534,-3.7942431087856,-2.9705747791581465
IRL,Ireland,IRL,2021,3,2021.5,2021-Q3,2021q3,0.0499414806455531,0.7950180448667497,-3.7919213909475182,-2.9969033460807686
IRL,Ireland,IRL,2021,4,2021.75,2021-Q4,2021q4,0.048316260617525,0.7536376109848932,-3.7836247272174144,-3.029987116232521
IRL,Ireland,IRL,2022,1,2022.0,2022-Q1,2022q1,0.0500286536602217,0.7875281685150424,-3.7826875330083403,-2.995159364493298
IRL,Ireland,IRL,2022,2,2022.25,2022-Q2,2022q2,0.0506484755371498,0.7992462054853875,-3.7820923522090077,-2.9828461467236203
IRL,Ireland,IRL,2022,3,2022.5,2022-Q3,2022q3,0.0515435609121205,0.8168644997561589,-3.782192485638369,-2.96532798588221
IRL,Ireland,IRL,2022,4,2022.75,2022-Q4,2022q4,0.0504537208120251,0.7947827025547536,-3.7814814849885647,-2.986698782433811
IRL,Ireland,IRL,2023,1,2023.0,2023-Q1,2023q1,0.0490381692881306,0.7675087801601572,-3.7826650992036,-3.015156319043443
IRL,Ireland,IRL,2023,2,2023.25,2023-Q2,2023q2,0.048749238554973,0.7598337070040531,-3.780899408049487,-3.021065701045434
IRL,Ireland,IRL,2023,3,2023.5,2023-Q3,2023q3,0.0474683985509295,0.7330207214941153,-3.7807118045063346,-3.0476910830122192
IRL,Ireland,IRL,2023,4,2023.75,2023-Q4,2023q4,0.0458027871893244,0.695361856653697,-3.7787721907052205,-3.0834103340515235
IRL,Ireland,IRL,2024,1,2024.0,2024-Q1,2024q1,0.0467916846268192,0.713706246864235,-3.775756017623659,-3.062049770759424
IRL,Ireland,IRL,2024,2,2024.25,2024-Q2,2024q2,0.0460155966568724,0.6922115242124955,-3.770986406414534,-3.0787748822020387
IRL,Ireland,IRL,2024,3,2024.5,2024-Q3,2024q3,0.0480367083200128,0.7293866332723842,-3.765176436957072,-3.035789803684688
IRL,Ireland,IRL,2024,4,2024.75,2024-Q4,2024q4,0.0500343653135853,0.7670904804513641,-3.7621356838204347,-2.9950452033690707
IRL,Ireland,IRL,2025,1,2025.0,2025-Q1,2025q1,0.053659560596619,0.8327451569572046,-3.757840779633255,-2.9250956226760505
IRL,Ireland,IRL,2025,2,2025.25,2025-Q2,2025q2,0.0530591930417306,0.8165154181992178,-3.7528625569980663,-2.9363471387988485
IRL,Ireland,IRL,2025,3,2025.5,2025-Q3,2025q3,0.0528027693015882,0.8070349679372901,-3.7482266086888907,-2.9411916407516006
IRL,Ireland,IRL,2025,4,2025.75,2025-Q4,2025q4,0.0505130718898107,0.7616285931876074,-3.747151720080949,-2.9855231268933418
IRL,Ireland,IRL,2026,1,2026.0,2026-Q1,2026q1,0.0445683271743918,0.6388063175279322,-3.7495381428027086,-3.1107318252747764
ISR,Israel,ISR,1995,1,1995.0,1995-Q1,1995q1,0.0153068838309709,0.07462194041058634,-4.254074568586735,-4.179452628176149
ISR,Israel,ISR,1995,2,1995.25,1995-Q2,1995q2,0.0154515089616443,0.08039159364187931,-4.2504402066290705,-4.170048612987191
ISR,Israel,ISR,1995,3,1995.5,1995-Q3,1995q3,0.015500593735952,0.08047409613280543,-4.24735104637809,-4.1668769502452845
ISR,Israel,ISR,1995,4,1995.75,1995-Q4,1995q4,0.015512930728267,0.07833812360597214,-4.244419485914777,-4.166081362308804
ISR,Israel,ISR,1996,1,1996.0,1996-Q1,1996q1,0.0157076901437768,0.08747002676481763,-4.241074895239452,-4.153604868474634
ISR,Israel,ISR,1996,2,1996.25,1996-Q2,1996q2,0.0158690148703689,0.09376956324085128,-4.237156384572403,-4.143386821331552
ISR,Israel,ISR,1996,3,1996.5,1996-Q3,1996q3,0.0159758307367561,0.10001943783666878,-4.236697715606429,-4.13667827776976
ISR,Israel,ISR,1996,4,1996.75,1996-Q4,1996q4,0.0161566225598417,0.10467407363908787,-4.230099321381617,-4.1254252477425295
ISR,Israel,ISR,1997,1,1997.0,1997-Q1,1997q1,0.0164893131121342,0.12238899314005458,-4.227431791231235,-4.105042798091181
ISR,Israel,ISR,1997,2,1997.25,1997-Q2,1997q2,0.0163972638043448,0.10371627710509035,-4.214357076375103,-4.110640799270013
ISR,Israel,ISR,1997,3,1997.5,1997-Q3,1997q3,0.0163228471790139,0.09446939685333788,-4.2096588820174015,-4.115189485164064
ISR,Israel,ISR,1997,4,1997.75,1997-Q4,1997q4,0.0165308575034065,0.10366560071526543,-4.206192093625781,-4.102526492910515
ISR,Israel,ISR,1998,1,1998.0,1998-Q1,1998q1,0.0169964236011855,0.1357581500806173,-4.21051048353961,-4.074752333458993
ISR,Israel,ISR,1998,2,1998.25,1998-Q2,1998q2,0.016823329802182,0.12622715995482903,-4.211215837148984,-4.084988677194155
ISR,Israel,ISR,1998,3,1998.5,1998-Q3,1998q3,0.0168933707092199,0.12763807242603153,-4.2084720721621,-4.080833999736068
ISR,Israel,ISR,1998,4,1998.75,1998-Q4,1998q4,0.0168588602311461,0.12341648860083154,-4.206295419243004,-4.082878930642172
ISR,Israel,ISR,1999,1,1999.0,1999-Q1,1999q1,0.0166799387220474,0.11441071191537322,-4.207959267711823,-4.09354855579645
ISR,Israel,ISR,1999,2,1999.25,1999-Q2,1999q2,0.0171215227797389,0.1372483592925562,-4.2046673241020285,-4.067418964809472
ISR,Israel,ISR,1999,3,1999.5,1999-Q3,1999q3,0.0170922228633391,0.12897943604116513,-4.198111158282587,-4.069131722241422
ISR,Israel,ISR,1999,4,1999.75,1999-Q4,1999q4,0.0173105492087206,0.13196310108147635,-4.188402283549777,-4.056439182468301
ISR,Israel,ISR,2000,1,2000.0,2000-Q1,2000q1,0.0171770140587979,0.12013901336679389,-4.184322194227946,-4.064183180861152
ISR,Israel,ISR,2000,2,2000.25,2000-Q2,2000q2,0.0176864778421713,0.14634325253821512,-4.181298147628699,-4.034954895090483
ISR,Israel,ISR,2000,3,2000.5,2000-Q3,2000q3,0.0181577979167587,0.16984405264478042,-4.17849922589675,-4.008655173251969
ISR,Israel,ISR,2000,4,2000.75,2000-Q4,2000q4,0.0180800629408227,0.16024563555304638,-4.173191078337019,-4.012945442783972
ISR,Israel,ISR,2001,1,2001.0,2001-Q1,2001q1,0.0178898360697904,0.14991400790407727,-4.173436552638961,-4.023522544734884
ISR,Israel,ISR,2001,2,2001.25,2001-Q2,2001q2,0.0176275116141545,0.13552089339516815,-4.1738153309007995,-4.038294437505631
ISR,Israel,ISR,2001,3,2001.5,2001-Q3,2001q3,0.0173521752530608,0.12051021821940289,-4.174547623851253,-4.05403740563185
ISR,Israel,ISR,2001,4,2001.75,2001-Q4,2001q4,0.0171595510885368,0.10553063007152286,-4.17073097567771,-4.065200345606187
ISR,Israel,ISR,2002,1,2002.0,2002-Q1,2002q1,0.0176203890837267,0.12229997161842832,-4.160998548399518,-4.03869857678109
ISR,Israel,ISR,2002,2,2002.25,2002-Q2,2002q2,0.0175136255594374,0.10842210841995836,-4.153198206030584,-4.044776097610626
ISR,Israel,ISR,2002,3,2002.5,2002-Q3,2002q3,0.0174366187205742,0.10083801277193594,-4.150020772771553,-4.049182759999617
ISR,Israel,ISR,2002,4,2002.75,2002-Q4,2002q4,0.017313355114079,0.08918712726719491,-4.145464230650573,-4.056277103383378
ISR,Israel,ISR,2003,1,2003.0,2003-Q1,2003q1,0.0175833873254523,0.10062504491188218,-4.141425769568831,-4.040800724656949
ISR,Israel,ISR,2003,2,2003.25,2003-Q2,2003q2,0.0173967084573889,0.08511365872374554,-4.136587918495714,-4.051474259771968
ISR,Israel,ISR,2003,3,2003.5,2003-Q3,2003q3,0.0174105640060164,0.07781986208136704,-4.128497992287372,-4.050678130206005
ISR,Israel,ISR,2003,4,2003.75,2003-Q4,2003q4,0.0173942007129012,0.06780526639433049,-4.119423687072228,-4.051618420677897
ISR,Israel,ISR,2004,1,2004.0,2004-Q1,2004q1,0.0174540245361159,0.06290093177306666,-4.111085956256169,-4.048185024483102
ISR,Israel,ISR,2004,2,2004.25,2004-Q2,2004q2,0.0175644264245478,0.06082277544822556,-4.102702423697901,-4.041879648249675
ISR,Israel,ISR,2004,3,2004.5,2004-Q3,2004q3,0.0176838974411833,0.06070620730679188,-4.095807009867689,-4.035100802560897
ISR,Israel,ISR,2004,4,2004.75,2004-Q4,2004q4,0.0177509647881783,0.05283982812347343,-4.084155238397759,-4.031315410274286
ISR,Israel,ISR,2005,1,2005.0,2005-Q1,2005q1,0.0176227653149958,0.039366158487323055,-4.077929887448277,-4.038563728960954
ISR,Israel,ISR,2005,2,2005.25,2005-Q2,2005q2,0.0176678701299788,0.02947300165034683,-4.065480537503734,-4.036007535853387
ISR,Israel,ISR,2005,3,2005.5,2005-Q3,2005q3,0.0177287055437674,0.026507659243322657,-4.059077830180438,-4.032570170937116
ISR,Israel,ISR,2005,4,2005.75,2005-Q4,2005q4,0.0179095991676606,0.02704751592189414,-4.04946595944698,-4.022418443525086
ISR,Israel,ISR,2006,1,2006.0,2006-Q1,2006q1,0.0180527845620017,0.02679375610535928,-4.041249092843926,-4.014455336738567
ISR,Israel,ISR,2006,2,2006.25,2006-Q2,2006q2,0.0182668121428909,0.03132523514663976,-4.0339946448477555,-4.002669409701116
ISR,Israel,ISR,2006,3,2006.5,2006-Q3,2006q3,0.0180186986047709,0.010563345807358182,-4.026908594708328,-4.0163452489009694
ISR,Israel,ISR,2006,4,2006.75,2006-Q4,2006q4,0.0181762824217366,0.009467032890724703,-4.017104731287111,-4.007637698396386
ISR,Israel,ISR,2007,1,2007.0,2007-Q1,2007q1,0.0182736679055453,0.007242778890177881,-4.009536946518625,-4.002294167628447
ISR,Israel,ISR,2007,2,2007.25,2007-Q2,2007q2,0.0183769555950951,0.0047063911136313585,-4.0013642037158625,-3.996657812602231
ISR,Israel,ISR,2007,3,2007.5,2007-Q3,2007q3,0.0186152280267141,0.008743209341178115,-3.9925185314516303,-3.983775322110452
ISR,Israel,ISR,2007,4,2007.75,2007-Q4,2007q4,0.018765395526435,0.007856109126853195,-3.983596877863246,-3.975740768736393
ISR,Israel,ISR,2008,1,2008.0,2008-Q1,2008q1,0.0186175179932545,-0.0017520144790199588,-3.9819002994309596,-3.9836523139099795
ISR,Israel,ISR,2008,2,2008.25,2008-Q2,2008q2,0.0185049789395993,-0.011123056570243595,-3.978592394666867,-3.9897154512371107
ISR,Israel,ISR,2008,3,2008.5,2008-Q3,2008q3,0.0184411493728108,-0.011590608609446384,-3.981580123773969,-3.9931707323834154
ISR,Israel,ISR,2008,4,2008.75,2008-Q4,2008q4,0.018160459190273,-0.013191129768660215,-3.995317490552026,-4.008508620320686
ISR,Israel,ISR,2009,1,2009.0,2009-Q1,2009q1,0.0183767131015094,0.01407958412649224,-4.010750592341259,-3.996671008214767
ISR,Israel,ISR,2009,2,2009.25,2009-Q2,2009q2,0.0183972771512966,0.008449830915581824,-4.004002437140827,-3.9955526062252456
ISR,Israel,ISR,2009,3,2009.5,2009-Q3,2009q3,0.0184156333851804,-0.002323566703555713,-3.992231767904877,-3.9945553346084326
ISR,Israel,ISR,2009,4,2009.75,2009-Q4,2009q4,0.018477720969287,-0.005720914795164234,-3.985468629751267,-3.9911895445464314
ISR,Israel,ISR,2010,1,2010.0,2010-Q1,2010q1,0.0185965388591814,-0.0038694851360268068,-3.9809103132822243,-3.984779798418251
ISR,Israel,ISR,2010,2,2010.25,2010-Q2,2010q2,0.0187568555523825,-0.00959020574188596,-3.9666057581895937,-3.9761959639314797
ISR,Israel,ISR,2010,3,2010.5,2010-Q3,2010q3,0.0188325719494,-0.011430537671571539,-3.9607368201089788,-3.9721673577805503
ISR,Israel,ISR,2010,4,2010.75,2010-Q4,2010q4,0.0190121361036385,-0.010928545842328496,-3.9517492155856404,-3.962677761427969
ISR,Israel,ISR,2011,1,2011.0,2011-Q1,2011q1,0.0192172300203239,-0.0020050817335595106,-3.949942923742827,-3.9519480054763867
ISR,Israel,ISR,2011,2,2011.25,2011-Q2,2011q2,0.0192614555634727,-0.006436162163837356,-3.9432131388764726,-3.94964930104031
ISR,Israel,ISR,2011,3,2011.5,2011-Q3,2011q3,0.0195461825662892,0.0029205825537736985,-3.9378958593227056,-3.934975276768932
ISR,Israel,ISR,2011,4,2011.75,2011-Q4,2011q4,0.0195233177886662,0.001649360645141762,-3.937795104403702,-3.9361457437585603
ISR,Israel,ISR,2012,1,2012.0,2012-Q1,2012q1,0.0194291963812519,-0.004231820995237889,-3.936746555141414,-3.940978376136652
ISR,Israel,ISR,2012,2,2012.25,2012-Q2,2012q2,0.0192301745817078,-0.016244597250161252,-3.935030043560548,-3.951274640810709
ISR,Israel,ISR,2012,3,2012.5,2012-Q3,2012q3,0.0193240154534129,-0.015264075354469053,-3.931142557235305,-3.946406632589774
ISR,Israel,ISR,2012,4,2012.75,2012-Q4,2012q4,0.0192741971678079,-0.022764974031095786,-3.9262230378446903,-3.948988011875786
ISR,Israel,ISR,2013,1,2013.0,2013-Q1,2013q1,0.0194478156612325,-0.02032450948660136,-3.9196960110728867,-3.940020520559488
ISR,Israel,ISR,2013,2,2013.25,2013-Q2,2013q2,0.019699646757322,-0.016241879625151334,-3.910912694874213,-3.9271545744993643
ISR,Israel,ISR,2013,3,2013.5,2013-Q3,2013q3,0.0196765170615236,-0.022809882038113738,-3.905519499563591,-3.9283293816017046
ISR,Israel,ISR,2013,4,2013.75,2013-Q4,2013q4,0.0197177207884976,-0.023392187353604932,-3.9028453278103648,-3.9262375151639697
ISR,Israel,ISR,2014,1,2014.0,2014-Q1,2014q1,0.0197731630132901,-0.024671080825844793,-3.8987585832149927,-3.9234296640408375
ISR,Israel,ISR,2014,2,2014.25,2014-Q2,2014q2,0.0197605331804872,-0.030085601890069924,-3.893983002318197,-3.924068604208267
ISR,Israel,ISR,2014,3,2014.5,2014-Q3,2014q3,0.0198453612311604,-0.027860249092424905,-3.8919247411919593,-3.919784990284384
ISR,Israel,ISR,2014,4,2014.75,2014-Q4,2014q4,0.0199281895601783,-0.03043465696363734,-3.8851853318508356,-3.915619988814473
ISR,Israel,ISR,2015,1,2015.0,2015-Q1,2015q1,0.0198662363148182,-0.03709615837050295,-3.8816374974488594,-3.9187336558193624
ISR,Israel,ISR,2015,2,2015.25,2015-Q2,2015q2,0.0197571483747725,-0.047193483407237835,-3.877046426686889,-3.9242399100941268
ISR,Israel,ISR,2015,3,2015.5,2015-Q3,2015q3,0.0196145974888644,-0.05849852947246159,-3.872982690636614,-3.9314812201090756
ISR,Israel,ISR,2015,4,2015.75,2015-Q4,2015q4,0.0196348783646514,-0.05655572289382116,-3.8738920629004796,-3.9304477857943008
ISR,Israel,ISR,2016,1,2016.0,2016-Q1,2016q1,0.0196364020176303,-0.05522704347671592,-3.875143146019994,-3.93037018949671
ISR,Israel,ISR,2016,2,2016.25,2016-Q2,2016q2,0.020011716529314,-0.04362935805230839,-3.8678079924394737,-3.911437350491782
ISR,Israel,ISR,2016,3,2016.5,2016-Q3,2016q3,0.0200401834432895,-0.042717787397736906,-3.867298061552871,-3.910015848950608
ISR,Israel,ISR,2016,4,2016.75,2016-Q4,2016q4,0.0202133950176871,-0.04239127380444074,-3.8590185008497677,-3.9014097746542085
ISR,Israel,ISR,2017,1,2017.0,2017-Q1,2017q1,0.0201972295866874,-0.04785859492273925,-3.8543512382319376,-3.902209833154677
ISR,Israel,ISR,2017,2,2017.25,2017-Q2,2017q2,0.0203057749166604,-0.05016707839672119,-3.8466828763408323,-3.8968499547375535
ISR,Israel,ISR,2017,3,2017.5,2017-Q3,2017q3,0.0205163981894901,-0.0432925155314825,-3.8432382853826903,-3.886530800914173
ISR,Israel,ISR,2017,4,2017.75,2017-Q4,2017q4,0.0206999935657964,-0.03983742123436507,-3.837784468307589,-3.877621889541954
ISR,Israel,ISR,2018,1,2018.0,2018-Q1,2018q1,0.0208306100349147,-0.03800373169597604,-3.8333280060803943,-3.8713317377763703
ISR,Israel,ISR,2018,2,2018.25,2018-Q2,2018q2,0.0208043851181414,-0.04689939961943024,-3.8256920918879103,-3.8725914915073405
ISR,Israel,ISR,2018,3,2018.5,2018-Q3,2018q3,0.0208849104466151,-0.04447028190169844,-3.824258087068906,-3.8687283689706042
ISR,Israel,ISR,2018,4,2018.75,2018-Q4,2018q4,0.0209778936065357,-0.0393067783349168,-3.8249793027892887,-3.8642860811242055
ISR,Israel,ISR,2019,1,2019.0,2019-Q1,2019q1,0.0212375222437897,-0.030594495882961592,-3.821391248718992,-3.8519857446019534
ISR,Israel,ISR,2019,2,2019.25,2019-Q2,2019q2,0.0211320881513294,-0.043395685892755775,-3.8135669423342766,-3.8569626282270324
ISR,Israel,ISR,2019,3,2019.5,2019-Q3,2019q3,0.0213182720907812,-0.03605830685643374,-3.8121324225111266,-3.8481907293675603
ISR,Israel,ISR,2019,4,2019.75,2019-Q4,2019q4,0.021444091048831,-0.02705640167184198,-3.8152497454656107,-3.8423061471374527
ISR,Israel,ISR,2020,1,2020.0,2020-Q1,2020q1,0.0209650532349417,-0.05069170013899971,-3.8142066589943626,-3.8648983591333623
ISR,Israel,ISR,2020,2,2020.25,2020-Q2,2020q2,0.0195658086940884,-0.05178334778828875,-3.8821883426730164,-3.933971690461305
ISR,Israel,ISR,2020,3,2020.5,2020-Q3,2020q3,0.0214854793271938,-0.012983657931987747,-3.8273942942189545,-3.8403779521509422
ISR,Israel,ISR,2020,4,2020.75,2020-Q4,2020q4,0.0221409290173961,0.00796127471209962,-3.8182886662554183,-3.8103273915433187
ISR,Israel,ISR,2021,1,2021.0,2021-Q1,2021q1,0.0224297415309846,0.0019200092102065192,-3.799287463088877,-3.7973674538786706
ISR,Israel,ISR,2021,2,2021.25,2021-Q2,2021q2,0.0228039269812515,0.013420586952740177,-3.7942431087856,-3.7808225218328597
ISR,Israel,ISR,2021,3,2021.5,2021-Q3,2021q3,0.0227046102251525,0.0067341094510737776,-3.7919213909475182,-3.7851872814964445
ISR,Israel,ISR,2021,4,2021.75,2021-Q4,2021q4,0.0231745009759116,0.018922026592862462,-3.7836247272174144,-3.764702700624552
ISR,Israel,ISR,2022,1,2022.0,2022-Q1,2022q1,0.0227613667810749,-3.0866261391260252e-06,-3.7826875330083403,-3.7826906196344794
ISR,Israel,ISR,2022,2,2022.25,2022-Q2,2022q2,0.0230008161378446,0.009866772780582345,-3.7820923522090077,-3.7722255794284254
ISR,Israel,ISR,2022,3,2022.5,2022-Q3,2022q3,0.0226727763350006,-0.004397868965077212,-3.782192485638369,-3.786590354603446
ISR,Israel,ISR,2022,4,2022.75,2022-Q4,2022q4,0.0231572865911721,0.016035692571722215,-3.7814814849885647,-3.7654457924168425
ISR,Israel,ISR,2023,1,2023.0,2023-Q1,2023q1,0.0229349686523117,0.007572581463983319,-3.7826650992036,-3.775092517739617
ISR,Israel,ISR,2023,2,2023.25,2023-Q2,2023q2,0.0228963242680324,0.004120514431068312,-3.780899408049487,-3.7767788936184186
ISR,Israel,ISR,2023,3,2023.5,2023-Q3,2023q3,0.0229163911427736,0.004808950469704865,-3.7807118045063346,-3.7759028540366297
ISR,Israel,ISR,2023,4,2023.75,2023-Q4,2023q4,0.0217230478071549,-0.05060928044245383,-3.7787721907052205,-3.8293814711476744
ISR,Israel,ISR,2024,1,2024.0,2024-Q1,2024q1,0.0225576136376195,-0.015926618797870162,-3.775756017623659,-3.791682636421529
ISR,Israel,ISR,2024,2,2024.25,2024-Q2,2024q2,0.0223622492599359,-0.029394636319453937,-3.770986406414534,-3.800381042733988
ISR,Israel,ISR,2024,3,2024.5,2024-Q3,2024q3,0.022662275628257,-0.02187716656643257,-3.765176436957072,-3.7870536035235047
ISR,Israel,ISR,2024,4,2024.75,2024-Q4,2024q4,0.0226967994689849,-0.02339567317046143,-3.7621356838204347,-3.785531356990896
ISR,Israel,ISR,2025,1,2025.0,2025-Q1,2025q1,0.0234507030120025,0.004985974283911787,-3.757840779633255,-3.7528548053493433
ISR,Israel,ISR,2025,2,2025.25,2025-Q2,2025q2,0.0230652476684684,-0.016565667183751742,-3.7528625569980663,-3.769428224181818
ISR,Israel,ISR,2025,3,2025.5,2025-Q3,2025q3,0.0237682795694509,0.00882323022850029,-3.7482266086888907,-3.7394033784603904
ISR,Israel,ISR,2025,4,2025.75,2025-Q4,2025q4,0.0237982147116403,0.00900700684673783,-3.747151720080949,-3.7381447132342114
ITA,Italy,ITA,1995,1,1995.0,1995-Q1,1995q1,0.0242841733186206,0.5361441240001992,-4.254074568586735,-3.717930444586536
ITA,Italy,ITA,1995,2,1995.25,1995-Q2,1995q2,0.0243457439929499,0.5350419772151271,-4.2504402066290705,-3.7153982294139434
ITA,Italy,ITA,1995,3,1995.5,1995-Q3,1995q3,0.0244886331656044,0.5378048248630973,-4.24735104637809,-3.7095462215149926
ITA,Italy,ITA,1995,4,1995.75,1995-Q4,1995q4,0.0246790593700571,0.5426192921988182,-4.244419485914777,-3.7018001937159584
ITA,Italy,ITA,1996,1,1996.0,1996-Q1,1996q1,0.0245371952420707,0.5335097556939492,-4.241074895239452,-3.7075651395455025
ITA,Italy,ITA,1996,2,1996.25,1996-Q2,1996q2,0.0245947003014471,0.5319320904186271,-4.237156384572403,-3.705224294153776
ITA,Italy,ITA,1996,3,1996.5,1996-Q3,1996q3,0.024686079482632,0.5351819376861258,-4.236697715606429,-3.701515777920303
ITA,Italy,ITA,1996,4,1996.75,1996-Q4,1996q4,0.0245668937800559,0.5237437976623238,-4.230099321381617,-3.7063555237192936
ITA,Italy,ITA,1997,1,1997.0,1997-Q1,1997q1,0.0246536892653145,0.524603067474648,-4.227431791231235,-3.7028287237565873
ITA,Italy,ITA,1997,2,1997.25,1997-Q2,1997q2,0.0249077917358371,0.5217824730319824,-4.214357076375103,-3.692574603343121
ITA,Italy,ITA,1997,3,1997.5,1997-Q3,1997q3,0.0249366959171464,0.518244053241546,-4.2096588820174015,-3.6914148287758555
ITA,Italy,ITA,1997,4,1997.75,1997-Q4,1997q4,0.0253920968351701,0.5328747920298333,-4.206192093625781,-3.6733173015959473
ITA,Italy,ITA,1998,1,1998.0,1998-Q1,1998q1,0.0250814609231356,0.5248841691494452,-4.21051048353961,-3.685626314390165
ITA,Italy,ITA,1998,2,1998.25,1998-Q2,1998q2,0.0251766570697726,0.5293778166419454,-4.211215837148984,-3.6818380205070387
ITA,Italy,ITA,1998,3,1998.5,1998-Q3,1998q3,0.025092092792022,0.523269561479597,-4.2084720721621,-3.685202510682503
ITA,Italy,ITA,1998,4,1998.75,1998-Q4,1998q4,0.0249599117371757,0.515811147584996,-4.206295419243004,-3.6904842716580077
ITA,Italy,ITA,1999,1,1999.0,1999-Q1,1999q1,0.0249710154443037,0.5179197587665398,-4.207959267711823,-3.6900395089452833
ITA,Italy,ITA,1999,2,1999.25,1999-Q2,1999q2,0.0250112811289068,0.5162390133638861,-4.2046673241020285,-3.6884283107381424
ITA,Italy,ITA,1999,3,1999.5,1999-Q3,1999q3,0.0251841644726253,0.5165712823521607,-4.198111158282587,-3.6815398759304263
ITA,Italy,ITA,1999,4,1999.75,1999-Q4,1999q4,0.0254957112270908,0.5191572554140622,-4.188402283549777,-3.669245028135715
ITA,Italy,ITA,2000,1,2000.0,2000-Q1,2000q1,0.0257733186457039,0.5259067110406841,-4.184322194227946,-3.6584154831872615
ITA,Italy,ITA,2000,2,2000.25,2000-Q2,2000q2,0.0257352524307239,0.5214046105519743,-4.181298147628699,-3.6598935370767243
ITA,Italy,ITA,2000,3,2000.5,2000-Q3,2000q3,0.0257310957136054,0.5184441573619982,-4.17849922589675,-3.6600550685347515
ITA,Italy,ITA,2000,4,2000.75,2000-Q4,2000q4,0.0257115895356835,0.5123776443024015,-4.173191078337019,-3.6608134340346172
ITA,Italy,ITA,2001,1,2001.0,2001-Q1,2001q1,0.0258367053850588,0.5174774438641156,-4.173436552638961,-3.6559591087748453
ITA,Italy,ITA,2001,2,2001.25,2001-Q2,2001q2,0.0258773689576886,0.5194288532337237,-4.1738153309007995,-3.654386477667076
ITA,Italy,ITA,2001,3,2001.5,2001-Q3,2001q3,0.0255839399323417,0.5087571530976431,-4.174547623851253,-3.6657904707536098
ITA,Italy,ITA,2001,4,2001.75,2001-Q4,2001q4,0.0254418136442907,0.4993697236755712,-4.17073097567771,-3.671361252002139
ITA,Italy,ITA,2002,1,2002.0,2002-Q1,2002q1,0.0252934870808627,0.4837902043767892,-4.160998548399518,-3.677208344022729
ITA,Italy,ITA,2002,2,2002.25,2002-Q2,2002q2,0.0254187546547899,0.4809302008460925,-4.153198206030584,-3.672268005184492
ITA,Italy,ITA,2002,3,2002.5,2002-Q3,2002q3,0.0253588936754349,0.4753949976211622,-4.150020772771553,-3.674625775150391
ITA,Italy,ITA,2002,4,2002.75,2002-Q4,2002q4,0.0254394165721376,0.4740087563922235,-4.145464230650573,-3.6714554742583494
ITA,Italy,ITA,2003,1,2003.0,2003-Q1,2003q1,0.0252521187102749,0.4625805521056905,-4.141425769568831,-3.6788452174631403
ITA,Italy,ITA,2003,2,2003.25,2003-Q2,2003q2,0.0251395083181697,0.4532732847346099,-4.136587918495714,-3.683314633761104
ITA,Italy,ITA,2003,3,2003.5,2003-Q3,2003q3,0.0249945232978121,0.439399446087001,-4.128497992287372,-3.6890985462003707
ITA,Italy,ITA,2003,4,2003.75,2003-Q4,2003q4,0.0252331485282453,0.43982695599095445,-4.119423687072228,-3.6795967310812734
ITA,Italy,ITA,2004,1,2004.0,2004-Q1,2004q1,0.0251911978790566,0.4298253202616422,-4.111085956256169,-3.6812606359945264
ITA,Italy,ITA,2004,2,2004.25,2004-Q2,2004q2,0.0251388489404016,0.41936156084722054,-4.102702423697901,-3.68334086285068
ITA,Italy,ITA,2004,3,2004.5,2004-Q3,2004q3,0.0250800450666265,0.41012424356358945,-4.095807009867689,-3.685682766304099
ITA,Italy,ITA,2004,4,2004.75,2004-Q4,2004q4,0.0250468779501773,0.3971491464517394,-4.084155238397759,-3.68700609194602
ITA,Italy,ITA,2005,1,2005.0,2005-Q1,2005q1,0.025077555779446,0.39214786252173317,-4.077929887448277,-3.6857820249265436
ITA,Italy,ITA,2005,2,2005.25,2005-Q2,2005q2,0.0253335097087552,0.3898532723032875,-4.065480537503734,-3.6756272652004465
ITA,Italy,ITA,2005,3,2005.5,2005-Q3,2005q3,0.0255256782340543,0.39100748625955584,-4.059077830180438,-3.6680703439208826
ITA,Italy,ITA,2005,4,2005.75,2005-Q4,2005q4,0.0254668916964701,0.3790899241789947,-4.04946595944698,-3.6703760352679855
ITA,Italy,ITA,2006,1,2006.0,2006-Q1,2006q1,0.0252828458817853,0.36361995124212854,-4.041249092843926,-3.6776291416017974
ITA,Italy,ITA,2006,2,2006.25,2006-Q2,2006q2,0.0252671231587286,0.35574343665077945,-4.0339946448477555,-3.678251208196976
ITA,Italy,ITA,2006,3,2006.5,2006-Q3,2006q3,0.0254373881293134,0.3553733810545041,-4.026908594708328,-3.6715352136538235
ITA,Italy,ITA,2006,4,2006.75,2006-Q4,2006q4,0.0257570732959224,0.35805873279780753,-4.017104731287111,-3.659045998489303
ITA,Italy,ITA,2007,1,2007.0,2007-Q1,2007q1,0.0257683738101645,0.35092958621910864,-4.009536946518625,-3.6586073602995164
ITA,Italy,ITA,2007,2,2007.25,2007-Q2,2007q2,0.0257258342454347,0.34110463529379853,-4.0013642037158625,-3.660259568422064
ITA,Italy,ITA,2007,3,2007.5,2007-Q3,2007q3,0.0254927581663934,0.32315767082532165,-3.9925185314516303,-3.6693608606263086
ITA,Italy,ITA,2007,4,2007.75,2007-Q4,2007q4,0.0254441938173668,0.31232917507813385,-3.983596877863246,-3.671267702785112
ITA,Italy,ITA,2008,1,2008.0,2008-Q1,2008q1,0.025664053585604,0.3192363400984837,-3.9819002994309596,-3.662663959332476
ITA,Italy,ITA,2008,2,2008.25,2008-Q2,2008q2,0.0253613691646332,0.3040642329380816,-3.978592394666867,-3.6745281617287855
ITA,Italy,ITA,2008,3,2008.5,2008-Q3,2008q3,0.0249536092629566,0.2908433163650739,-3.981580123773969,-3.690736807408895
ITA,Italy,ITA,2008,4,2008.75,2008-Q4,2008q4,0.0244985881353867,0.28617770033299017,-3.995317490552026,-3.709139790219036
ITA,Italy,ITA,2009,1,2009.0,2009-Q1,2009q1,0.0240805770146802,0.28440089591631157,-4.010750592341259,-3.726349696424948
ITA,Italy,ITA,2009,2,2009.25,2009-Q2,2009q2,0.0240505046671639,0.27640313857195675,-4.004002437140827,-3.7275992985688706
ITA,Italy,ITA,2009,3,2009.5,2009-Q3,2009q3,0.0242524180970931,0.27299281667903275,-3.992231767904877,-3.719238951225844
ITA,Italy,ITA,2009,4,2009.75,2009-Q4,2009q4,0.0243815049205628,0.2715382005858773,-3.985468629751267,-3.71393042916539
ITA,Italy,ITA,2010,1,2010.0,2010-Q1,2010q1,0.0244619812352197,0.2702751602657778,-3.9809103132822243,-3.7106351530164465
ITA,Italy,ITA,2010,2,2010.25,2010-Q2,2010q2,0.0246903428524176,0.26526266875478965,-3.9666057581895937,-3.701343089434804
ITA,Italy,ITA,2010,3,2010.5,2010-Q3,2010q3,0.0248764043305234,0.26690127807637465,-3.9607368201089788,-3.693835542032604
ITA,Italy,ITA,2010,4,2010.75,2010-Q4,2010q4,0.0249286585032628,0.2600120221521336,-3.9517492155856404,-3.691737193433507
ITA,Italy,ITA,2011,1,2011.0,2011-Q1,2011q1,0.0249265726293319,0.25812205307486646,-3.949942923742827,-3.6918208706679607
ITA,Italy,ITA,2011,2,2011.25,2011-Q2,2011q2,0.0249701898333453,0.25314056661387907,-3.9432131388764726,-3.6900725722625936
ITA,Italy,ITA,2011,3,2011.5,2011-Q3,2011q3,0.0249201901717861,0.2458189055222797,-3.9378958593227056,-3.692076953800426
ITA,Italy,ITA,2011,4,2011.75,2011-Q4,2011q4,0.0246786653961539,0.2359789466656954,-3.937795104403702,-3.7018161577380067
ITA,Italy,ITA,2012,1,2012.0,2012-Q1,2012q1,0.0243755518781484,0.22257193394168695,-3.936746555141414,-3.714174621199727
ITA,Italy,ITA,2012,2,2012.25,2012-Q2,2012q2,0.0241422898858472,0.21123983431765625,-3.935030043560548,-3.7237902092428916
ITA,Italy,ITA,2012,3,2012.5,2012-Q3,2012q3,0.0240238923142852,0.20243612650179,-3.931142557235305,-3.728706430733515
ITA,Italy,ITA,2012,4,2012.75,2012-Q4,2012q4,0.0239392756753258,0.19398820270031925,-3.9262230378446903,-3.732234835144371
ITA,Italy,ITA,2013,1,2013.0,2013-Q1,2013q1,0.0239312040083343,0.18712394650773945,-3.9196960110728867,-3.7325720645651472
ITA,Italy,ITA,2013,2,2013.25,2013-Q2,2013q2,0.0240912497198048,0.18500610829262065,-3.910912694874213,-3.7259065865815924
ITA,Italy,ITA,2013,3,2013.5,2013-Q3,2013q3,0.0241906750622256,0.18373145147897496,-3.905519499563591,-3.721788048084616
ITA,Italy,ITA,2013,4,2013.75,2013-Q4,2013q4,0.0241017296455437,0.1773736562741628,-3.9028453278103648,-3.725471671536202
ITA,Italy,ITA,2014,1,2014.0,2014-Q1,2014q1,0.0240652365547938,0.17177163676690865,-3.8987585832149927,-3.726986946448084
ITA,Italy,ITA,2014,2,2014.25,2014-Q2,2014q2,0.0240496761983106,0.16634925610948503,-3.893983002318197,-3.727633746208712
ITA,Italy,ITA,2014,3,2014.5,2014-Q3,2014q3,0.0239864562966172,0.16165881229447399,-3.8919247411919593,-3.7302659288974853
ITA,Italy,ITA,2014,4,2014.75,2014-Q4,2014q4,0.0238981220205207,0.15122993217161396,-3.8851853318508356,-3.7339553996792216
ITA,Italy,ITA,2015,1,2015.0,2015-Q1,2015q1,0.0239696135630159,0.1506691450899389,-3.8816374974488594,-3.7309683523589205
ITA,Italy,ITA,2015,2,2015.25,2015-Q2,2015q2,0.0240324799858033,0.14869739586512276,-3.877046426686889,-3.728349030821766
ITA,Italy,ITA,2015,3,2015.5,2015-Q3,2015q3,0.0239113863673348,0.13958217418467145,-3.872982690636614,-3.7334005164519426
ITA,Italy,ITA,2015,4,2015.75,2015-Q4,2015q4,0.0239974954392613,0.14408625212330328,-3.8738920629004796,-3.7298058107771763
ITA,Italy,ITA,2016,1,2016.0,2016-Q1,2016q1,0.0239630299930924,0.14390009276930238,-3.875143146019994,-3.7312430532506915
ITA,Italy,ITA,2016,2,2016.25,2016-Q2,2016q2,0.0238387831819188,0.1313665133249522,-3.8678079924394737,-3.7364414791145215
ITA,Italy,ITA,2016,3,2016.5,2016-Q3,2016q3,0.0240637733027391,0.1402503096961789,-3.867298061552871,-3.7270477518566922
ITA,Italy,ITA,2016,4,2016.75,2016-Q4,2016q4,0.0240910281144684,0.13310271564385268,-3.8590185008497677,-3.725915785205915
ITA,Italy,ITA,2017,1,2017.0,2017-Q1,2017q1,0.0240557520392852,0.12697009723762687,-3.8543512382319376,-3.7273811409943107
ITA,Italy,ITA,2017,2,2017.25,2017-Q2,2017q2,0.0241593520846238,0.12359915237629648,-3.8466828763408323,-3.723083723964536
ITA,Italy,ITA,2017,3,2017.5,2017-Q3,2017q3,0.0240703411163132,0.11646342994028247,-3.8432382853826903,-3.726774855442408
ITA,Italy,ITA,2017,4,2017.75,2017-Q4,2017q4,0.0241799912752284,0.11555467368607797,-3.837784468307589,-3.722229794621511
ITA,Italy,ITA,2018,1,2018.0,2018-Q1,2018q1,0.0243582887543378,0.11844491929254142,-3.8333280060803943,-3.714883086787853
ITA,Italy,ITA,2018,2,2018.25,2018-Q2,2018q2,0.0242139952255532,0.10486759401418144,-3.8256920918879103,-3.720824497873729
ITA,Italy,ITA,2018,3,2018.5,2018-Q3,2018q3,0.0243068616722943,0.10726149191886636,-3.824258087068906,-3.7169965951500394
ITA,Italy,ITA,2018,4,2018.75,2018-Q4,2018q4,0.0244066339132664,0.11207900084442457,-3.8249793027892887,-3.712900301944864
ITA,Italy,ITA,2019,1,2019.0,2019-Q1,2019q1,0.0243508017094105,0.10620074313456573,-3.821391248718992,-3.715190505584426
ITA,Italy,ITA,2019,2,2019.25,2019-Q2,2019q2,0.0243052885056059,0.09650562399535545,-3.8135669423342766,-3.717061318338921
ITA,Italy,ITA,2019,3,2019.5,2019-Q3,2019q3,0.024220796781328,0.09158877877293525,-3.8121324225111266,-3.7205436437381914
ITA,Italy,ITA,2019,4,2019.75,2019-Q4,2019q4,0.0241768258292028,0.09288903048086405,-3.8152497454656107,-3.7223607149847466
ITA,Italy,ITA,2020,1,2020.0,2020-Q1,2020q1,0.0228157871343954,0.033904094536993945,-3.8142066589943626,-3.7803025644573687
ITA,Italy,ITA,2020,2,2020.25,2020-Q2,2020q2,0.0206597706762926,0.0026214274317357678,-3.8821883426730164,-3.8795669152412806
ITA,Italy,ITA,2020,3,2020.5,2020-Q3,2020q3,0.0234357726426432,0.07390261567086887,-3.8273942942189545,-3.7534916785480856
ITA,Italy,ITA,2020,4,2020.75,2020-Q4,2020q4,0.023440883763671,0.06501505449962908,-3.8182886662554183,-3.753273611755789
ITA,Italy,ITA,2021,1,2021.0,2021-Q1,2021q1,0.0243365915873575,0.08351322847341125,-3.799287463088877,-3.715774234615466
ITA,Italy,ITA,2021,2,2021.25,2021-Q2,2021q2,0.0245397772112362,0.08678319044828564,-3.7942431087856,-3.7074599183373143
ITA,Italy,ITA,2021,3,2021.5,2021-Q3,2021q3,0.0246852327882253,0.09037131398318188,-3.7919213909475182,-3.7015500769643364
ITA,Italy,ITA,2021,4,2021.75,2021-Q4,2021q4,0.0250386620637367,0.09629056108024026,-3.7836247272174144,-3.687334166137174
ITA,Italy,ITA,2022,1,2022.0,2022-Q1,2022q1,0.0251307207499064,0.09902328602622212,-3.7826875330083403,-3.683664246982118
ITA,Italy,ITA,2022,2,2022.25,2022-Q2,2022q2,0.025345067564164,0.10692121092644236,-3.7820923522090077,-3.6751711412825654
ITA,Italy,ITA,2022,3,2022.5,2022-Q3,2022q3,0.0253956647832693,0.1090156882895621,-3.782192485638369,-3.6731767973488068
ITA,Italy,ITA,2022,4,2022.75,2022-Q4,2022q4,0.025187559658626,0.10007641429120939,-3.7814814849885647,-3.6814050706973553
ITA,Italy,ITA,2023,1,2023.0,2023-Q1,2023q1,0.0251251236252612,0.09877810699700351,-3.7826650992036,-3.6838869922065967
ITA,Italy,ITA,2023,2,2023.25,2023-Q2,2023q2,0.0250352186533017,0.09342770871571915,-3.780899408049487,-3.6874716993337677
ITA,Italy,ITA,2023,3,2023.5,2023-Q3,2023q3,0.0249862601852474,0.0912826067209287,-3.7807118045063346,-3.689429197785406
ITA,Italy,ITA,2023,4,2023.75,2023-Q4,2023q4,0.0248635047459611,0.08441796719164874,-3.7787721907052205,-3.694354223513572
ITA,Italy,ITA,2024,1,2024.0,2024-Q1,2024q1,0.0248763369378901,0.08191776648873894,-3.775756017623659,-3.69383825113492
ITA,Italy,ITA,2024,2,2024.25,2024-Q2,2024q2,0.0248463221474389,0.07594086690650625,-3.770986406414534,-3.695045539508028
ITA,Italy,ITA,2024,3,2024.5,2024-Q3,2024q3,0.0246246376950539,0.06116863203363998,-3.765176436957072,-3.704007804923432
ITA,Italy,ITA,2024,4,2024.75,2024-Q4,2024q4,0.024767481026422,0.06391194863550442,-3.7621356838204347,-3.6982237351849303
ITA,Italy,ITA,2025,1,2025.0,2025-Q1,2025q1,0.0246238673821953,0.05380169201982232,-3.757840779633255,-3.704039087613433
ITA,Italy,ITA,2025,2,2025.25,2025-Q2,2025q2,0.0247123932275261,0.05241214591763921,-3.7528625569980663,-3.700450411080427
ITA,Italy,ITA,2025,3,2025.5,2025-Q3,2025q3,0.0248121166364865,0.051803437616123826,-3.7482266086888907,-3.696423171072767
ITA,Italy,ITA,2025,4,2025.75,2025-Q4,2025q4,0.0248633839927067,0.05279263990903971,-3.747151720080949,-3.6943590801719095
JOR,Jordan,JOR,2017,1,2017.0,2017-Q1,2017q1,0.0041224693142942,-1.6369517087964613,-3.8543512382319376,-5.491302947028399
JOR,Jordan,JOR,2017,2,2017.25,2017-Q2,2017q2,0.0042082530841244,-1.6240247854487633,-3.8466828763408323,-5.4707076617895956
JOR,Jordan,JOR,2017,3,2017.5,2017-Q3,2017q3,0.0041299485877176,-1.6462520351985166,-3.8432382853826903,-5.489490320581207
JOR,Jordan,JOR,2017,4,2017.75,2017-Q4,2017q4,0.0042708034662158,-1.6181688357447848,-3.837784468307589,-5.4559533040523736
JOR,Jordan,JOR,2018,1,2018.0,2018-Q1,2018q1,0.0042769035349181,-1.6211979982910072,-3.8333280060803943,-5.4545260043714014
JOR,Jordan,JOR,2018,2,2018.25,2018-Q2,2018q2,0.0043839254265152,-1.6041186479683724,-3.8256920918879103,-5.429810739856283
JOR,Jordan,JOR,2018,3,2018.5,2018-Q3,2018q3,0.0041959153684017,-1.6493856711722699,-3.824258087068906,-5.473643758241176
JOR,Jordan,JOR,2018,4,2018.75,2018-Q4,2018q4,0.0039697517174375,-1.704072423137724,-3.8249793027892887,-5.529051725927013
JOR,Jordan,JOR,2019,1,2019.0,2019-Q1,2019q1,0.0040746157348115,-1.6815875862224412,-3.821391248718992,-5.502978834941433
JOR,Jordan,JOR,2019,2,2019.25,2019-Q2,2019q2,0.0041861336602049,-1.6624107828411954,-3.8135669423342766,-5.475977725175472
JOR,Jordan,JOR,2019,3,2019.5,2019-Q3,2019q3,0.0039286755998498,-1.7273204848799457,-3.8121324225111266,-5.539452907391072
JOR,Jordan,JOR,2019,4,2019.75,2019-Q4,2019q4,0.0038585638462084,-1.7422104798392644,-3.8152497454656107,-5.557460225304875
JOR,Jordan,JOR,2020,1,2020.0,2020-Q1,2020q1,0.0065249938508305,-1.2179086091809177,-3.8142066589943626,-5.03211526817528
JOR,Jordan,JOR,2020,2,2020.25,2020-Q2,2020q2,0.003292257615234,-1.8339934016247064,-3.8821883426730164,-5.716181744297723
JOR,Jordan,JOR,2020,3,2020.5,2020-Q3,2020q3,0.0032942330374159,-1.8881876094822174,-3.8273942942189545,-5.715581903701172
JOR,Jordan,JOR,2020,4,2020.75,2020-Q4,2020q4,0.0035030736016182,-1.8358258577077753,-3.8182886662554183,-5.654114523963194
JOR,Jordan,JOR,2021,1,2021.0,2021-Q1,2021q1,0.0041341410057584,-1.6891882464204064,-3.799287463088877,-5.4884757095092835
JOR,Jordan,JOR,2021,2,2021.25,2021-Q2,2021q2,0.0040450783384393,-1.7160112531395484,-3.7942431087856,-5.510254361925148
JOR,Jordan,JOR,2021,3,2021.5,2021-Q3,2021q3,0.0039815001436044,-1.7341752192513429,-3.7919213909475182,-5.526096610198861
JOR,Jordan,JOR,2021,4,2021.75,2021-Q4,2021q4,0.0039602189204747,-1.7478312450782227,-3.7836247272174144,-5.531455972295637
JOR,Jordan,JOR,2022,1,2022.0,2022-Q1,2022q1,0.0038066323708548,-1.7883228398622983,-3.7826875330083403,-5.571010372870639
JOR,Jordan,JOR,2022,2,2022.25,2022-Q2,2022q2,0.0038529237606199,-1.7768306483428087,-3.7820923522090077,-5.558923000551816
JOR,Jordan,JOR,2022,3,2022.5,2022-Q3,2022q3,0.0040745215132438,-1.7208094736080888,-3.782192485638369,-5.503001959246458
JOR,Jordan,JOR,2022,4,2022.75,2022-Q4,2022q4,0.0039047668802706,-1.7640757102379125,-3.7814814849885647,-5.545557195226477
JOR,Jordan,JOR,2023,1,2023.0,2023-Q1,2023q1,0.0035866334538207,-1.8478761738430483,-3.7826650992036,-5.630541273046648
JOR,Jordan,JOR,2023,2,2023.25,2023-Q2,2023q2,0.0037114095131127,-1.8154441437937634,-3.780899408049487,-5.59634355184325
JOR,Jordan,JOR,2023,3,2023.5,2023-Q3,2023q3,0.0035414636021306,-1.8625033858462023,-3.7807118045063346,-5.643215190352537
JOR,Jordan,JOR,2023,4,2023.75,2023-Q4,2023q4,0.0036826934039534,-1.8253387005584356,-3.7787721907052205,-5.604110891263656
JOR,Jordan,JOR,2024,1,2024.0,2024-Q1,2024q1,0.0035875527816953,-1.8545289677132897,-3.775756017623659,-5.6302849853369485
JOR,Jordan,JOR,2024,2,2024.25,2024-Q2,2024q2,0.0035901390600952,-1.8585779354150493,-3.770986406414534,-5.6295643418295835
JOR,Jordan,JOR,2024,3,2024.5,2024-Q3,2024q3,0.0034952612901954,-1.89117070799059,-3.765176436957072,-5.656347144947662
JOR,Jordan,JOR,2024,4,2024.75,2024-Q4,2024q4,0.0036722944149146,-1.8448029472639211,-3.7621356838204347,-5.606938631084356
JPN,Japan,JPN,1995,1,1995.0,1995-Q1,1995q1,0.0194223007020765,0.3127412162064127,-4.254074568586735,-3.9413333523803225
JPN,Japan,JPN,1995,2,1995.25,1995-Q2,1995q2,0.019617364430943,0.31910004202411857,-4.2504402066290705,-3.931340164604952
JPN,Japan,JPN,1995,3,1995.5,1995-Q3,1995q3,0.019797698647899,0.3251614684371327,-4.24735104637809,-3.9221895779409572
JPN,Japan,JPN,1995,4,1995.75,1995-Q4,1995q4,0.0199026191400903,0.32751554508249603,-4.244419485914777,-3.9169039408322806
JPN,Japan,JPN,1996,1,1996.0,1996-Q1,1996q1,0.0200797018258297,0.333029061659321,-4.241074895239452,-3.9080458335801307
JPN,Japan,JPN,1996,2,1996.25,1996-Q2,1996q2,0.0202297806364729,0.33655691323475256,-4.237156384572403,-3.9005994713376504
JPN,Japan,JPN,1996,3,1996.5,1996-Q3,1996q3,0.0201439413128141,0.3318460005391013,-4.236697715606429,-3.9048517150673274
JPN,Japan,JPN,1996,4,1996.75,1996-Q4,1996q4,0.0203844400117725,0.3371159076910919,-4.230099321381617,-3.8929834136905255
JPN,Japan,JPN,1997,1,1997.0,1997-Q1,1997q1,0.0203811921014419,0.33428903202493565,-4.227431791231235,-3.8931427592062997
JPN,Japan,JPN,1997,2,1997.25,1997-Q2,1997q2,0.0201793678364021,0.31126248558405045,-4.214357076375103,-3.903094590791053
JPN,Japan,JPN,1997,3,1997.5,1997-Q3,1997q3,0.0202335482026128,0.3092456319452217,-4.2096588820174015,-3.9004132500721798
JPN,Japan,JPN,1997,4,1997.75,1997-Q4,1997q4,0.0202687793096225,0.3075185517659196,-4.206192093625781,-3.898673541859861
JPN,Japan,JPN,1998,1,1998.0,1998-Q1,1998q1,0.0199532603776904,0.2961477619936872,-4.21051048353961,-3.914362721545923
JPN,Japan,JPN,1998,2,1998.25,1998-Q2,1998q2,0.0199100918872595,0.2946872913633669,-4.211215837148984,-3.916528545785617
JPN,Japan,JPN,1998,3,1998.5,1998-Q3,1998q3,0.0200029650496035,0.29659730822581576,-4.2084720721621,-3.911874763936284
JPN,Japan,JPN,1998,4,1998.75,1998-Q4,1998q4,0.0202426271242708,0.30633077488699856,-4.206295419243004,-3.899964644356005
JPN,Japan,JPN,1999,1,1999.0,1999-Q1,1999q1,0.0200035163989043,0.29611206677437707,-4.207959267711823,-3.911847200937446
JPN,Japan,JPN,1999,2,1999.25,1999-Q2,1999q2,0.0201163526505907,0.2984450941265475,-4.2046673241020285,-3.906222229975481
JPN,Japan,JPN,1999,3,1999.5,1999-Q3,1999q3,0.0202157310894633,0.29681694743119724,-4.198111158282587,-3.9012942108513897
JPN,Japan,JPN,1999,4,1999.75,1999-Q4,1999q4,0.0202152227847895,0.287082928365884,-4.188402283549777,-3.9013193551838934
JPN,Japan,JPN,2000,1,2000.0,2000-Q1,2000q1,0.0209318861046772,0.31784056253502335,-4.184322194227946,-3.8664816316929222
JPN,Japan,JPN,2000,2,2000.25,2000-Q2,2000q2,0.0210370461455379,0.3198278543378028,-4.181298147628699,-3.8614702932908958
JPN,Japan,JPN,2000,3,2000.5,2000-Q3,2000q3,0.0210629446035392,0.3182592635777808,-4.17849922589675,-3.860239962318969
JPN,Japan,JPN,2000,4,2000.75,2000-Q4,2000q4,0.0211154187590585,0.31543931984621487,-4.173191078337019,-3.857751758490804
JPN,Japan,JPN,2001,1,2001.0,2001-Q1,2001q1,0.0213048105675088,0.3246141691121789,-4.173436552638961,-3.848822383526782
JPN,Japan,JPN,2001,2,2001.25,2001-Q2,2001q2,0.0212532727037201,0.3225709450176577,-4.1738153309007995,-3.8512443858831418
JPN,Japan,JPN,2001,3,2001.5,2001-Q3,2001q3,0.0210800588170633,0.3151198587216535,-4.174547623851253,-3.8594277651295994
JPN,Japan,JPN,2001,4,2001.75,2001-Q4,2001q4,0.0210638333597586,0.31053320771883675,-4.17073097567771,-3.8601977679588733
JPN,Japan,JPN,2002,1,2002.0,2002-Q1,2002q1,0.0211918388666132,0.30685941785754434,-4.160998548399518,-3.8541391305419737
JPN,Japan,JPN,2002,2,2002.25,2002-Q2,2002q2,0.0215173616596874,0.3143030553691979,-4.153198206030584,-3.8388951506613864
JPN,Japan,JPN,2002,3,2002.5,2002-Q3,2002q3,0.0215406792499373,0.3122086993722393,-4.150020772771553,-3.8378120733993137
JPN,Japan,JPN,2002,4,2002.75,2002-Q4,2002q4,0.021600120812669,0.31040785952203365,-4.145464230650573,-3.8350563711285393
JPN,Japan,JPN,2003,1,2003.0,2003-Q1,2003q1,0.0216074166960356,0.3067071118975546,-4.141425769568831,-3.834718657671276
JPN,Japan,JPN,2003,2,2003.25,2003-Q2,2003q2,0.0217970855470678,0.3106089098697713,-4.136587918495714,-3.8259790086259424
JPN,Japan,JPN,2003,3,2003.5,2003-Q3,2003q3,0.0218228167985153,0.3036987778860145,-4.128497992287372,-3.824799214401357
JPN,Japan,JPN,2003,4,2003.75,2003-Q4,2003q4,0.0220716362477929,0.30596176461342584,-4.119423687072228,-3.813461922458802
JPN,Japan,JPN,2004,1,2004.0,2004-Q1,2004q1,0.022252394364407,0.3057802919799979,-4.111085956256169,-3.8053056642761707
JPN,Japan,JPN,2004,2,2004.25,2004-Q2,2004q2,0.0221969905159268,0.29490386205895236,-4.102702423697901,-3.8077985616389483
JPN,Japan,JPN,2004,3,2004.5,2004-Q3,2004q3,0.0223344050579851,0.29418004812801124,-4.095807009867689,-3.8016269617396774
JPN,Japan,JPN,2004,4,2004.75,2004-Q4,2004q4,0.0222097487957308,0.2769312868451541,-4.084155238397759,-3.807223951552605
JPN,Japan,JPN,2005,1,2005.0,2005-Q1,2005q1,0.022366180650068,0.2777246340344206,-4.077929887448277,-3.800205253413856
JPN,Japan,JPN,2005,2,2005.25,2005-Q2,2005q2,0.0224762647111288,0.2701851092039207,-4.065480537503734,-3.7952954282998133
JPN,Japan,JPN,2005,3,2005.5,2005-Q3,2005q3,0.0226471991162557,0.2713587361544403,-4.059077830180438,-3.787719094025998
JPN,Japan,JPN,2005,4,2005.75,2005-Q4,2005q4,0.0227395102555128,0.26581463185842846,-4.04946595944698,-3.7836513275885517
JPN,Japan,JPN,2006,1,2006.0,2006-Q1,2006q1,0.0226914095404128,0.25548023238175066,-4.041249092843926,-3.7857688604621753
JPN,Japan,JPN,2006,2,2006.25,2006-Q2,2006q2,0.0228531680974053,0.25532912118399675,-4.0339946448477555,-3.7786655236637587
JPN,Japan,JPN,2006,3,2006.5,2006-Q3,2006q3,0.0227248037889553,0.2426103216030766,-4.026908594708328,-3.784298273105251
JPN,Japan,JPN,2006,4,2006.75,2006-Q4,2006q4,0.0229910195182601,0.24445313625861553,-4.017104731287111,-3.772651595028495
JPN,Japan,JPN,2007,1,2007.0,2007-Q1,2007q1,0.0230753274826692,0.24054563992303724,-4.009536946518625,-3.768991306595588
JPN,Japan,JPN,2007,2,2007.25,2007-Q2,2007q2,0.0230348634314558,0.23061779436323615,-4.0013642037158625,-3.7707464093526264
JPN,Japan,JPN,2007,3,2007.5,2007-Q3,2007q3,0.0229563320854409,0.2183570587828214,-3.9925185314516303,-3.774161472668809
JPN,Japan,JPN,2007,4,2007.75,2007-Q4,2007q4,0.0231059116543384,0.21593009944022645,-3.983596877863246,-3.7676667784230196
JPN,Japan,JPN,2008,1,2008.0,2008-Q1,2008q1,0.0232633458429585,0.22102400254964127,-3.9819002994309596,-3.7608762968813183
JPN,Japan,JPN,2008,2,2008.25,2008-Q2,2008q2,0.022997451765743,0.20622053268212204,-3.978592394666867,-3.772371861984745
JPN,Japan,JPN,2008,3,2008.5,2008-Q3,2008q3,0.02290496372306,0.20517848832923935,-3.981580123773969,-3.7764016354447296
JPN,Japan,JPN,2008,4,2008.75,2008-Q4,2008q4,0.022339362927466,0.1939124876810463,-3.995317490552026,-3.80140500287098
JPN,Japan,JPN,2009,1,2009.0,2009-Q1,2009q1,0.0214167829010108,0.16717017573616522,-4.010750592341259,-3.843580416605094
JPN,Japan,JPN,2009,2,2009.25,2009-Q2,2009q2,0.0219416569480859,0.18463413194475375,-4.004002437140827,-3.8193683051960736
JPN,Japan,JPN,2009,3,2009.5,2009-Q3,2009q3,0.0218340896060474,0.1679489807408583,-3.992231767904877,-3.8242827871640186
JPN,Japan,JPN,2009,4,2009.75,2009-Q4,2009q4,0.0222179179676228,0.17861242976336067,-3.985468629751267,-3.8068561999879065
JPN,Japan,JPN,2010,1,2010.0,2010-Q1,2010q1,0.0224667453895092,0.18519126752818904,-3.9809103132822243,-3.7957190457540353
JPN,Japan,JPN,2010,2,2010.25,2010-Q2,2010q2,0.0228540365501537,0.18797823521982648,-3.9666057581895937,-3.7786275229697672
JPN,Japan,JPN,2010,3,2010.5,2010-Q3,2010q3,0.0231925219899247,0.1968114398197769,-3.9607368201089788,-3.763925380289202
JPN,Japan,JPN,2010,4,2010.75,2010-Q4,2010q4,0.0229983355820364,0.17941578391569024,-3.9517492155856404,-3.77233343166995
JPN,Japan,JPN,2011,1,2011.0,2011-Q1,2011q1,0.0230255907176822,0.17879388206404778,-3.949942923742827,-3.7711490416787794
JPN,Japan,JPN,2011,2,2011.25,2011-Q2,2011q2,0.0235297128548073,0.19372185919353946,-3.9432131388764726,-3.749491279682933
JPN,Japan,JPN,2011,3,2011.5,2011-Q3,2011q3,0.0237233591826566,0.19660076259903203,-3.9378958593227056,-3.7412950967236736
JPN,Japan,JPN,2011,4,2011.75,2011-Q4,2011q4,0.0231190183438255,0.17069540914722747,-3.937795104403702,-3.7670996952564746
JPN,Japan,JPN,2012,1,2012.0,2012-Q1,2012q1,0.0233293086331825,0.1787017275135856,-3.936746555141414,-3.7580448276278284
JPN,Japan,JPN,2012,2,2012.25,2012-Q2,2012q2,0.0231383801319002,0.16876748095067384,-3.935030043560548,-3.766262562609874
JPN,Japan,JPN,2012,3,2012.5,2012-Q3,2012q3,0.0230633754810618,0.1616331605718564,-3.931142557235305,-3.7695093966634485
JPN,Japan,JPN,2012,4,2012.75,2012-Q4,2012q4,0.0229852699329648,0.1533213319266955,-3.9262230378446903,-3.772901705917995
JPN,Japan,JPN,2013,1,2013.0,2013-Q1,2013q1,0.0232652711780437,0.1589024733711688,-3.9196960110728867,-3.760793537701718
JPN,Japan,JPN,2013,2,2013.25,2013-Q2,2013q2,0.0234602356896502,0.15846430551409263,-3.910912694874213,-3.7524483893601204
JPN,Japan,JPN,2013,3,2013.5,2013-Q3,2013q3,0.0236219463288481,0.15994042968522004,-3.905519499563591,-3.745579069878371
JPN,Japan,JPN,2013,4,2013.75,2013-Q4,2013q4,0.0234540868661072,0.15013480854009176,-3.9028453278103648,-3.752710519270273
JPN,Japan,JPN,2014,1,2014.0,2014-Q1,2014q1,0.023756060239175,0.1588409701289608,-3.8987585832149927,-3.739917613086032
JPN,Japan,JPN,2014,2,2014.25,2014-Q2,2014q2,0.023375148281512,0.13790114208478643,-3.893983002318197,-3.7560818602334107
JPN,Japan,JPN,2014,3,2014.5,2014-Q3,2014q3,0.0233512040293978,0.1348180094235003,-3.8919247411919593,-3.757106731768459
JPN,Japan,JPN,2014,4,2014.75,2014-Q4,2014q4,0.0234242220632207,0.13120067076065078,-3.8851853318508356,-3.753984661090185
JPN,Japan,JPN,2015,1,2015.0,2015-Q1,2015q1,0.0238468681381396,0.14553511221580795,-3.8816374974488594,-3.7361023852330515
JPN,Japan,JPN,2015,2,2015.25,2015-Q2,2015q2,0.0238489445557963,0.14103111063415863,-3.877046426686889,-3.7360153160527303
JPN,Japan,JPN,2015,3,2015.5,2015-Q3,2015q3,0.0238479172943539,0.1369242999914384,-3.872982690636614,-3.7360583906451756
JPN,Japan,JPN,2015,4,2015.75,2015-Q4,2015q4,0.0237804732608193,0.13500157661537848,-3.8738920629004796,-3.738890486285101
JPN,Japan,JPN,2016,1,2016.0,2016-Q1,2016q1,0.0238806509438222,0.14045641414476817,-3.875143146019994,-3.7346867318752257
JPN,Japan,JPN,2016,2,2016.25,2016-Q2,2016q2,0.0237130258628097,0.12607722508025576,-3.8678079924394737,-3.741730767359218
JPN,Japan,JPN,2016,3,2016.5,2016-Q3,2016q3,0.0236450926988914,0.12269837910259307,-3.867298061552871,-3.744599682450278
JPN,Japan,JPN,2016,4,2016.75,2016-Q4,2016q4,0.023592482423915,0.11219134179458568,-3.8590185008497677,-3.746827159055182
JPN,Japan,JPN,2017,1,2017.0,2017-Q1,2017q1,0.023694083634053,0.11182134053274329,-3.8543512382319376,-3.7425298976991943
JPN,Japan,JPN,2017,2,2017.25,2017-Q2,2017q2,0.0236750199387208,0.10334807861509931,-3.8466828763408323,-3.743334797725733
JPN,Japan,JPN,2017,3,2017.5,2017-Q3,2017q3,0.0238765166222333,0.10837841419414529,-3.8432382853826903,-3.734859871188545
JPN,Japan,JPN,2017,4,2017.75,2017-Q4,2017q4,0.0238533968558845,0.10195582234145695,-3.837784468307589,-3.735828645966132
JPN,Japan,JPN,2018,1,2018.0,2018-Q1,2018q1,0.0235874638380677,0.08628810469446169,-3.8333280060803943,-3.7470399013859326
JPN,Japan,JPN,2018,2,2018.25,2018-Q2,2018q2,0.023592044153709,0.07884635597129508,-3.8256920918879103,-3.746845735916615
JPN,Japan,JPN,2018,3,2018.5,2018-Q3,2018q3,0.023536834068857,0.07506940932172057,-3.824258087068906,-3.7491886777471852
JPN,Japan,JPN,2018,4,2018.75,2018-Q4,2018q4,0.0233002965582879,0.06569011212132336,-3.8249793027892887,-3.7592891906679653
JPN,Japan,JPN,2019,1,2019.0,2019-Q1,2019q1,0.0233934329789256,0.06609131078693942,-3.821391248718992,-3.7552999379320524
JPN,Japan,JPN,2019,2,2019.25,2019-Q2,2019q2,0.0234271093222346,0.059705533195836935,-3.8135669423342766,-3.7538614091384397
JPN,Japan,JPN,2019,3,2019.5,2019-Q3,2019q3,0.0233745714509055,0.05602588488457538,-3.8121324225111266,-3.7561065376265512
JPN,Japan,JPN,2019,4,2019.75,2019-Q4,2019q4,0.0226309549539227,0.02681312382111667,-3.8152497454656107,-3.788436621644494
JPN,Japan,JPN,2020,1,2020.0,2020-Q1,2020q1,0.0227275512609443,0.030029280482553045,-3.8142066589943626,-3.7841773785118096
JPN,Japan,JPN,2020,2,2020.25,2020-Q2,2020q2,0.0214850982381712,0.041792653314701056,-3.8821883426730164,-3.8403956893583153
JPN,Japan,JPN,2020,3,2020.5,2020-Q3,2020q3,0.0224437661660838,0.03065191452216043,-3.8273942942189545,-3.796742379696794
JPN,Japan,JPN,2020,4,2020.75,2020-Q4,2020q4,0.0227229818074344,0.03391021403921801,-3.8182886662554183,-3.7843784522162003
JPN,Japan,JPN,2021,1,2021.0,2021-Q1,2021q1,0.0229716619393114,0.025793550794315667,-3.799287463088877,-3.7734939122945614
JPN,Japan,JPN,2021,2,2021.25,2021-Q2,2021q2,0.0231985471829155,0.030577485088867817,-3.7942431087856,-3.763665623696732
JPN,Japan,JPN,2021,3,2021.5,2021-Q3,2021q3,0.023159778575787,0.026583203993514104,-3.7919213909475182,-3.765338186954004
JPN,Japan,JPN,2021,4,2021.75,2021-Q4,2021q4,0.0234136964576966,0.029190618071736285,-3.7836247272174144,-3.754434109145678
JPN,Japan,JPN,2022,1,2022.0,2022-Q1,2022q1,0.0231843639529317,0.018410337934195997,-3.7826875330083403,-3.7642771950741443
JPN,Japan,JPN,2022,2,2022.25,2022-Q2,2022q2,0.0233177958342991,0.02355391198727519,-3.7820923522090077,-3.7585384402217326
JPN,Japan,JPN,2022,3,2022.5,2022-Q3,2022q3,0.0232560243733346,0.02100141795726085,-3.782192485638369,-3.761191067681108
JPN,Japan,JPN,2022,4,2022.75,2022-Q4,2022q4,0.0233618017453433,0.02482849050168534,-3.7814814849885647,-3.7566529944868794
JPN,Japan,JPN,2023,1,2023.0,2023-Q1,2023q1,0.0235604839830247,0.03448072136705793,-3.7826650992036,-3.7481843778365422
JPN,Japan,JPN,2023,2,2023.25,2023-Q2,2023q2,0.0235333464646534,0.031562542886385714,-3.780899408049487,-3.749336865163101
JPN,Japan,JPN,2023,3,2023.5,2023-Q3,2023q3,0.0231039204174765,0.012958843694249822,-3.7807118045063346,-3.7677529608120848
JPN,Japan,JPN,2023,4,2023.75,2023-Q4,2023q4,0.0231927615783262,0.014857140778714584,-3.7787721907052205,-3.763915049926506
JPN,Japan,JPN,2024,1,2024.0,2024-Q1,2024q1,0.0229879578913693,0.0029712475196048693,-3.775756017623659,-3.772784770104054
JPN,Japan,JPN,2024,2,2024.25,2024-Q2,2024q2,0.0230163947654765,-0.000562094680752967,-3.770986406414534,-3.771548501095287
JPN,Japan,JPN,2024,3,2024.5,2024-Q3,2024q3,0.0231008546981489,-0.0027092252619311807,-3.765176436957072,-3.7678856622190033
JPN,Japan,JPN,2024,4,2024.75,2024-Q4,2024q4,0.0231536387781706,-0.0034676443389978218,-3.7621356838204347,-3.7656033281594326
JPN,Japan,JPN,2025,1,2025.0,2025-Q1,2025q1,0.0231673311515669,-0.0071713530561399175,-3.757840779633255,-3.765012132689395
JPN,Japan,JPN,2025,2,2025.25,2025-Q2,2025q2,0.023285205190028,-0.007074533476553402,-3.7528625569980663,-3.7599370904746197
JPN,Japan,JPN,2025,3,2025.5,2025-Q3,2025q3,0.0231134783905631,-0.01911274281287545,-3.7482266086888907,-3.767339351501766
JPN,Japan,JPN,2025,4,2025.75,2025-Q4,2025q4,0.0231426646166034,-0.018925691794375865,-3.747151720080949,-3.766077411875325
KAZ,Kazakhstan,KAZ,2002,1,2002.0,2002-Q1,2002q1,0.0030070953796375,-1.6457821078782393,-4.160998548399518,-5.806780656277757
KAZ,Kazakhstan,KAZ,2002,2,2002.25,2002-Q2,2002q2,0.0030332459690646,-1.6449237499189016,-4.153198206030584,-5.798121955949486
KAZ,Kazakhstan,KAZ,2002,3,2002.5,2002-Q3,2002q3,0.0031498000838383,-1.610395520835218,-4.150020772771553,-5.760416293606771
KAZ,Kazakhstan,KAZ,2002,4,2002.75,2002-Q4,2002q4,0.0032256447610517,-1.5911581921588454,-4.145464230650573,-5.736622422809418
KAZ,Kazakhstan,KAZ,2003,1,2003.0,2003-Q1,2003q1,0.0032056387122569,-1.601418152699928,-4.141425769568831,-5.742843922268759
KAZ,Kazakhstan,KAZ,2003,2,2003.25,2003-Q2,2003q2,0.0032600284395588,-1.589431441354816,-4.136587918495714,-5.72601935985053
KAZ,Kazakhstan,KAZ,2003,3,2003.5,2003-Q3,2003q3,0.0032944399540776,-1.5870211016000377,-4.128497992287372,-5.715519093887409
KAZ,Kazakhstan,KAZ,2003,4,2003.75,2003-Q4,2003q4,0.0032760371817448,-1.6016970762445437,-4.119423687072228,-5.7211207633167716
KAZ,Kazakhstan,KAZ,2004,1,2004.0,2004-Q1,2004q1,0.0034097543640733,-1.5700290680212161,-4.111085956256169,-5.681115024277385
KAZ,Kazakhstan,KAZ,2004,2,2004.25,2004-Q2,2004q2,0.0034527455816255,-1.5658831199773893,-4.102702423697901,-5.66858554367529
KAZ,Kazakhstan,KAZ,2004,3,2004.5,2004-Q3,2004q3,0.0034766338310304,-1.5658837333886675,-4.095807009867689,-5.661690743256356
KAZ,Kazakhstan,KAZ,2004,4,2004.75,2004-Q4,2004q4,0.00355694040517,-1.5546993019979407,-4.084155238397759,-5.6388545403957
KAZ,Kazakhstan,KAZ,2005,1,2005.0,2005-Q1,2005q1,0.0036467815514656,-1.535980379646169,-4.077929887448277,-5.613910267094446
KAZ,Kazakhstan,KAZ,2005,2,2005.25,2005-Q2,2005q2,0.003665746497988,-1.5432427439368226,-4.065480537503734,-5.6087232814405565
KAZ,Kazakhstan,KAZ,2005,3,2005.5,2005-Q3,2005q3,0.0037310439101452,-1.5319893856302702,-4.059077830180438,-5.591067215810709
KAZ,Kazakhstan,KAZ,2005,4,2005.75,2005-Q4,2005q4,0.0038611227739846,-1.5073313042648087,-4.04946595944698,-5.556797263711789
KAZ,Kazakhstan,KAZ,2006,1,2006.0,2006-Q1,2006q1,0.0038499070310252,-1.518457185915743,-4.041249092843926,-5.559706278759669
KAZ,Kazakhstan,KAZ,2006,2,2006.25,2006-Q2,2006q2,0.0039861648639457,-1.4909310524500645,-4.0339946448477555,-5.52492569729782
KAZ,Kazakhstan,KAZ,2006,3,2006.5,2006-Q3,2006q3,0.0041343175371496,-1.4615244148490092,-4.026908594708328,-5.488433009557337
KAZ,Kazakhstan,KAZ,2006,4,2006.75,2006-Q4,2006q4,0.0041613112904584,-1.464820309038866,-4.017104731287111,-5.481925040325977
KAZ,Kazakhstan,KAZ,2007,1,2007.0,2007-Q1,2007q1,0.0041895736392534,-1.465619360448466,-4.009536946518625,-5.475156306967091
KAZ,Kazakhstan,KAZ,2007,2,2007.25,2007-Q2,2007q2,0.0042873708169456,-1.4507173933865989,-4.0013642037158625,-5.452081597102461
KAZ,Kazakhstan,KAZ,2007,3,2007.5,2007-Q3,2007q3,0.0044042269501494,-1.4326719972663677,-3.9925185314516303,-5.425190528717998
KAZ,Kazakhstan,KAZ,2007,4,2007.75,2007-Q4,2007q4,0.0042971859631075,-1.4661980198346174,-3.983596877863246,-5.449794897697863
KAZ,Kazakhstan,KAZ,2008,1,2008.0,2008-Q1,2008q1,0.0043706230327168,-1.4509494101901304,-3.9819002994309596,-5.43284970962109
KAZ,Kazakhstan,KAZ,2008,2,2008.25,2008-Q2,2008q2,0.0044097782833882,-1.445338471996081,-3.978592394666867,-5.423930866662948
KAZ,Kazakhstan,KAZ,2008,3,2008.5,2008-Q3,2008q3,0.0043788846736694,-1.4493811039610138,-3.981580123773969,-5.430961227734983
KAZ,Kazakhstan,KAZ,2008,4,2008.75,2008-Q4,2008q4,0.0041941929215152,-1.4787368576007887,-3.995317490552026,-5.474054348152815
KAZ,Kazakhstan,KAZ,2009,1,2009.0,2009-Q1,2009q1,0.0042676307364202,-1.4459458760586577,-4.010750592341259,-5.456696468399917
KAZ,Kazakhstan,KAZ,2009,2,2009.25,2009-Q2,2009q2,0.0042759862447343,-1.450738065537216,-4.004002437140827,-5.454740502678043
KAZ,Kazakhstan,KAZ,2009,3,2009.5,2009-Q3,2009q3,0.0043925191660033,-1.4356206066603,-3.992231767904877,-5.427852374565177
KAZ,Kazakhstan,KAZ,2009,4,2009.75,2009-Q4,2009q4,0.0045192367691961,-1.4139435260171167,-3.985468629751267,-5.399412155768384
KAZ,Kazakhstan,KAZ,2010,1,2010.0,2010-Q1,2010q1,0.0044761112829313,-1.4280903134209315,-3.9809103132822243,-5.409000626703156
KAZ,Kazakhstan,KAZ,2010,2,2010.25,2010-Q2,2010q2,0.0045372592361834,-1.4288263835055734,-3.9666057581895937,-5.395432141695167
KAZ,Kazakhstan,KAZ,2010,3,2010.5,2010-Q3,2010q3,0.0045745772313804,-1.4265041728570393,-3.9607368201089788,-5.387240992966018
KAZ,Kazakhstan,KAZ,2010,4,2010.75,2010-Q4,2010q4,0.0046584435439137,-1.417324674502514,-3.9517492155856404,-5.3690738900881545
KAZ,Kazakhstan,KAZ,2011,1,2011.0,2011-Q1,2011q1,0.0046919197956154,-1.4119705184527929,-3.949942923742827,-5.36191344219562
KAZ,Kazakhstan,KAZ,2011,2,2011.25,2011-Q2,2011q2,0.0047596941158521,-1.4043587353027962,-3.9432131388764726,-5.347571874179269
KAZ,Kazakhstan,KAZ,2011,3,2011.5,2011-Q3,2011q3,0.0048150265231152,-1.3981178659893736,-3.9378958593227056,-5.336013725312079
KAZ,Kazakhstan,KAZ,2011,4,2011.75,2011-Q4,2011q4,0.0049084888431802,-1.3789940513896912,-3.937795104403702,-5.316789155793393
KAZ,Kazakhstan,KAZ,2012,1,2012.0,2012-Q1,2012q1,0.0048526808710509,-1.3914774146874516,-3.936746555141414,-5.328223969828866
KAZ,Kazakhstan,KAZ,2012,2,2012.25,2012-Q2,2012q2,0.00491137119956,-1.3811720658900186,-3.935030043560548,-5.3162021094505665
KAZ,Kazakhstan,KAZ,2012,3,2012.5,2012-Q3,2012q3,0.0049094286519005,-1.38545515088629,-3.931142557235305,-5.316597708121595
KAZ,Kazakhstan,KAZ,2012,4,2012.75,2012-Q4,2012q4,0.0049769840830589,-1.376708139365621,-3.9262230378446903,-5.302931177210311
KAZ,Kazakhstan,KAZ,2013,1,2013.0,2013-Q1,2013q1,0.0050584433113804,-1.3670004779148597,-3.9196960110728867,-5.286696488987746
KAZ,Kazakhstan,KAZ,2013,2,2013.25,2013-Q2,2013q2,0.0051587798839461,-1.3561424891743155,-3.910912694874213,-5.2670551840485285
KAZ,Kazakhstan,KAZ,2013,3,2013.5,2013-Q3,2013q3,0.0052071369302624,-1.3522056082410523,-3.905519499563591,-5.257725107804643
KAZ,Kazakhstan,KAZ,2013,4,2013.75,2013-Q4,2013q4,0.0052302334926306,-1.350454029229046,-3.9028453278103648,-5.253299357039411
KAZ,Kazakhstan,KAZ,2014,1,2014.0,2014-Q1,2014q1,0.0052657225324884,-1.3477783264556153,-3.8987585832149927,-5.246536909670608
KAZ,Kazakhstan,KAZ,2014,2,2014.25,2014-Q2,2014q2,0.0053295335355076,-1.3405085591063233,-3.893983002318197,-5.23449156142452
KAZ,Kazakhstan,KAZ,2014,3,2014.5,2014-Q3,2014q3,0.0053944433977679,-1.3304611144176897,-3.8919247411919593,-5.222385855609649
KAZ,Kazakhstan,KAZ,2014,4,2014.75,2014-Q4,2014q4,0.0054844116638943,-1.3206601218929368,-3.8851853318508356,-5.205845453743772
KAZ,Kazakhstan,KAZ,2015,1,2015.0,2015-Q1,2015q1,0.005381477407339,-1.3431548340287378,-3.8816374974488594,-5.224792331477597
KAZ,Kazakhstan,KAZ,2015,2,2015.25,2015-Q2,2015q2,0.0053747658560627,-1.3489938408931121,-3.877046426686889,-5.226040267580001
KAZ,Kazakhstan,KAZ,2015,3,2015.5,2015-Q3,2015q3,0.0053890378969647,-1.3504057171374457,-3.872982690636614,-5.22338840777406
KAZ,Kazakhstan,KAZ,2015,4,2015.75,2015-Q4,2015q4,0.005474093150674,-1.3338365886781065,-3.8738920629004796,-5.207728651578586
KAZ,Kazakhstan,KAZ,2016,1,2016.0,2016-Q1,2016q1,0.0054021359030503,-1.3458177199943835,-3.875143146019994,-5.220960866014377
KAZ,Kazakhstan,KAZ,2016,2,2016.25,2016-Q2,2016q2,0.0053799705758192,-1.3572643815625138,-3.8678079924394737,-5.2250723740019875
KAZ,Kazakhstan,KAZ,2016,3,2016.5,2016-Q3,2016q3,0.0054783676035749,-1.3396500434044887,-3.867298061552871,-5.20694810495736
KAZ,Kazakhstan,KAZ,2016,4,2016.75,2016-Q4,2016q4,0.0055997874608563,-1.3260081345300332,-3.8590185008497677,-5.185026635379801
KAZ,Kazakhstan,KAZ,2017,1,2017.0,2017-Q1,2017q1,0.0056051062450489,-1.3297260290000361,-3.8543512382319376,-5.184077267231974
KAZ,Kazakhstan,KAZ,2017,2,2017.25,2017-Q2,2017q2,0.0056756416410269,-1.3248887811670151,-3.8466828763408323,-5.171571657507847
KAZ,Kazakhstan,KAZ,2017,3,2017.5,2017-Q3,2017q3,0.005719241693096,-1.3206807681331334,-3.8432382853826903,-5.163919053515824
KAZ,Kazakhstan,KAZ,2017,4,2017.75,2017-Q4,2017q4,0.0057620886443843,-1.3186707898222703,-3.837784468307589,-5.156455258129859
KAZ,Kazakhstan,KAZ,2018,1,2018.0,2018-Q1,2018q1,0.0058163399875403,-1.3137560770991157,-3.8333280060803943,-5.14708408317951
KAZ,Kazakhstan,KAZ,2018,2,2018.25,2018-Q2,2018q2,0.0058887739021672,-1.3090153771160389,-3.8256920918879103,-5.134707469003949
KAZ,Kazakhstan,KAZ,2018,3,2018.5,2018-Q3,2018q3,0.0059134247493127,-1.3062720445218763,-3.824258087068906,-5.130530131590782
KAZ,Kazakhstan,KAZ,2018,4,2018.75,2018-Q4,2018q4,0.0059422691156185,-1.3006849097676287,-3.8249793027892887,-5.125664212556917
KAZ,Kazakhstan,KAZ,2019,1,2019.0,2019-Q1,2019q1,0.006015946337865,-1.2919503635581484,-3.821391248718992,-5.11334161227714
KAZ,Kazakhstan,KAZ,2019,2,2019.25,2019-Q2,2019q2,0.0061245688066805,-1.281879981604495,-3.8135669423342766,-5.095446923938772
KAZ,Kazakhstan,KAZ,2019,3,2019.5,2019-Q3,2019q3,0.0061633810913706,-1.2769973510350185,-3.8121324225111266,-5.089129773546145
KAZ,Kazakhstan,KAZ,2019,4,2019.75,2019-Q4,2019q4,0.0061780239425842,-1.2715070635688894,-3.8152497454656107,-5.0867568090345
KAZ,Kazakhstan,KAZ,2020,1,2020.0,2020-Q1,2020q1,0.0061488508507307,-1.2772834091683691,-3.8142066589943626,-5.091490068162732
KAZ,Kazakhstan,KAZ,2020,2,2020.25,2020-Q2,2020q2,0.005748416359604,-1.2766425351547799,-3.8821883426730164,-5.158830877827796
KAZ,Kazakhstan,KAZ,2020,3,2020.5,2020-Q3,2020q3,0.0058532033769545,-1.3133718875856268,-3.8273942942189545,-5.140766181804581
KAZ,Kazakhstan,KAZ,2020,4,2020.75,2020-Q4,2020q4,0.0059611249511321,-1.3042073992705867,-3.8182886662554183,-5.122496065526005
KAZ,Kazakhstan,KAZ,2021,1,2021.0,2021-Q1,2021q1,0.0059689963327611,-1.3218890210877197,-3.799287463088877,-5.121176484176597
KAZ,Kazakhstan,KAZ,2021,2,2021.25,2021-Q2,2021q2,0.0060675327484466,-1.3105601142382843,-3.7942431087856,-5.104803223023884
KAZ,Kazakhstan,KAZ,2021,3,2021.5,2021-Q3,2021q3,0.0061628846860682,-1.297288926911338,-3.7919213909475182,-5.089210317858856
KAZ,Kazakhstan,KAZ,2021,4,2021.75,2021-Q4,2021q4,0.0061525216301918,-1.3072685328126075,-3.7836247272174144,-5.090893260030022
KAZ,Kazakhstan,KAZ,2022,1,2022.0,2022-Q1,2022q1,0.0061535483556636,-1.3080388621370571,-3.7826875330083403,-5.090726395145397
KAZ,Kazakhstan,KAZ,2022,2,2022.25,2022-Q2,2022q2,0.0061529485113087,-1.3087315271127333,-3.7820923522090077,-5.090823879321741
KAZ,Kazakhstan,KAZ,2022,3,2022.5,2022-Q3,2022q3,0.006190975236956,-1.3024701686602551,-3.782192485638369,-5.084662654298624
KAZ,Kazakhstan,KAZ,2022,4,2022.75,2022-Q4,2022q4,0.0063210589561591,-1.2823870435165161,-3.7814814849885647,-5.063868528505081
KEN,Kenya,KEN,2009,1,2009.0,2009-Q1,2009q1,0.0007609028474411,-3.170254280246068,-4.010750592341259,-7.1810048725873274
KEN,Kenya,KEN,2009,2,2009.25,2009-Q2,2009q2,0.0007587200356895,-3.1798752709073153,-4.004002437140827,-7.183877708048143
KEN,Kenya,KEN,2009,3,2009.5,2009-Q3,2009q3,0.0007626184070153,-3.1865210057448285,-3.992231767904877,-7.178752773649705
KEN,Kenya,KEN,2009,4,2009.75,2009-Q4,2009q4,0.0007658469001305,-3.189059647730274,-3.985468629751267,-7.174528277481541
KEN,Kenya,KEN,2010,1,2010.0,2010-Q1,2010q1,0.0007802693017975,-3.1749611258717434,-3.9809103132822243,-7.155871439153968
KEN,Kenya,KEN,2010,2,2010.25,2010-Q2,2010q2,0.0007841840468812,-3.1842610532996045,-3.9666057581895937,-7.150866811489198
KEN,Kenya,KEN,2010,3,2010.5,2010-Q3,2010q3,0.0007809272590859,-3.1942917305275023,-3.9607368201089788,-7.155028550636481
KEN,Kenya,KEN,2010,4,2010.75,2010-Q4,2010q4,0.0007930973331543,-3.1878153878542115,-3.9517492155856404,-7.139564603439852
KEN,Kenya,KEN,2011,1,2011.0,2011-Q1,2011q1,0.0007894224635994,-3.1942660148490623,-3.949942923742827,-7.144208938591889
KEN,Kenya,KEN,2011,2,2011.25,2011-Q2,2011q2,0.0007856863687007,-3.2057397282983477,-3.9432131388764726,-7.14895286717482
KEN,Kenya,KEN,2011,3,2011.5,2011-Q3,2011q3,0.0007840321368005,-3.213164688314297,-3.9378958593227056,-7.151060547637003
KEN,Kenya,KEN,2011,4,2011.75,2011-Q4,2011q4,0.0007852325335891,-3.2117355585103695,-3.937795104403702,-7.149530662914072
KEN,Kenya,KEN,2012,1,2012.0,2012-Q1,2012q1,0.0007845903047938,-3.213602326001399,-3.936746555141414,-7.150348881142813
KEN,Kenya,KEN,2012,2,2012.25,2012-Q2,2012q2,0.0007816521124114,-3.219070741881134,-3.935030043560548,-7.154100785441682
KEN,Kenya,KEN,2012,3,2012.5,2012-Q3,2012q3,0.0007841290976481,-3.2197943285669406,-3.931142557235305,-7.1509368858022455
KEN,Kenya,KEN,2012,4,2012.75,2012-Q4,2012q4,0.000783450099404,-3.225580149689348,-3.9262230378446903,-7.151803187534038
KEN,Kenya,KEN,2013,1,2013.0,2013-Q1,2013q1,0.0007766613121973,-3.2408101831900824,-3.9196960110728867,-7.160506194262969
KEN,Kenya,KEN,2013,2,2013.25,2013-Q2,2013q2,0.0007762801823231,-3.2500843483784916,-3.910912694874213,-7.160997043252705
KEN,Kenya,KEN,2013,3,2013.5,2013-Q3,2013q3,0.0007749973652569,-3.2571314287216313,-3.905519499563591,-7.162650928285222
KEN,Kenya,KEN,2013,4,2013.75,2013-Q4,2013q4,0.0007728726304112,-3.262550968220423,-3.9028453278103648,-7.165396296030788
KEN,Kenya,KEN,2014,1,2014.0,2014-Q1,2014q1,0.0007767536781461,-3.2616286911849866,-3.8987585832149927,-7.160387274399979
KEN,Kenya,KEN,2014,2,2014.25,2014-Q2,2014q2,0.0007794617381877,-3.262923953423259,-3.893983002318197,-7.156906955741456
KEN,Kenya,KEN,2014,3,2014.5,2014-Q3,2014q3,0.0007771469063401,-3.2679564156271144,-3.8919247411919593,-7.159881156819074
KEN,Kenya,KEN,2014,4,2014.75,2014-Q4,2014q4,0.0007711897245595,-3.282390806869171,-3.8851853318508356,-7.1675761387200065
KEN,Kenya,KEN,2015,1,2015.0,2015-Q1,2015q1,0.000773495376671,-3.28295336767465,-3.8816374974488594,-7.164590865123509
KEN,Kenya,KEN,2015,2,2015.25,2015-Q2,2015q2,0.0007777425852603,-3.2820685291223257,-3.877046426686889,-7.159114955809215
KEN,Kenya,KEN,2015,3,2015.5,2015-Q3,2015q3,0.0007776112698345,-3.286301121186532,-3.872982690636614,-7.159283811823146
KEN,Kenya,KEN,2015,4,2015.75,2015-Q4,2015q4,0.0007779644750914,-3.284937633764183,-3.8738920629004796,-7.158829696664663
KEN,Kenya,KEN,2016,1,2016.0,2016-Q1,2016q1,0.0007598987752978,-3.307182177932164,-3.875143146019994,-7.182325323952158
KEN,Kenya,KEN,2016,2,2016.25,2016-Q2,2016q2,0.0007690780379364,-3.3025101214066304,-3.8678079924394737,-7.170318113846104
KEN,Kenya,KEN,2016,3,2016.5,2016-Q3,2016q3,0.0007778032213662,-3.291738933060122,-3.867298061552871,-7.159036994612993
KEN,Kenya,KEN,2016,4,2016.75,2016-Q4,2016q4,0.0007795651269746,-3.2977558224279866,-3.8590185008497677,-7.156774323277754
KEN,Kenya,KEN,2017,1,2017.0,2017-Q1,2017q1,0.000800106578511,-3.2764143777990737,-3.8543512382319376,-7.130765616031011
KEN,Kenya,KEN,2017,2,2017.25,2017-Q2,2017q2,0.0008043458429009,-3.2787983520718793,-3.8466828763408323,-7.125481228412712
KEN,Kenya,KEN,2017,3,2017.5,2017-Q3,2017q3,0.0008185171164645,-3.2647779639982097,-3.8432382853826903,-7.1080162493809
KEN,Kenya,KEN,2017,4,2017.75,2017-Q4,2017q4,0.0008133015515674,-3.2766241367427535,-3.837784468307589,-7.114408605050342
KEN,Kenya,KEN,2018,1,2018.0,2018-Q1,2018q1,0.0008439044936517,-3.244143222871356,-3.8333280060803943,-7.07747122895175
KEN,Kenya,KEN,2018,2,2018.25,2018-Q2,2018q2,0.000862805434741,-3.2296292526231576,-3.8256920918879103,-7.055321344511068
KEN,Kenya,KEN,2018,3,2018.5,2018-Q3,2018q3,0.0008807619428728,-3.210465093876316,-3.824258087068906,-7.034723180945222
KEN,Kenya,KEN,2018,4,2018.75,2018-Q4,2018q4,0.0008652976220947,-3.227457735636449,-3.8249793027892887,-7.0524370384257375
KEN,Kenya,KEN,2019,1,2019.0,2019-Q1,2019q1,0.0009616132552295,-3.1255069610028765,-3.821391248718992,-6.946898209721868
KEN,Kenya,KEN,2019,2,2019.25,2019-Q2,2019q2,0.000872640466962,-3.230419980858781,-3.8135669423342766,-7.043986923193057
KEN,Kenya,KEN,2019,3,2019.5,2019-Q3,2019q3,0.0008874841730064,-3.214987447494816,-3.8121324225111266,-7.027119870005943
KEN,Kenya,KEN,2019,4,2019.75,2019-Q4,2019q4,0.0009487874497289,-3.145076011862818,-3.8152497454656107,-6.9603257573284285
KEN,Kenya,KEN,2020,1,2020.0,2020-Q1,2020q1,0.000960758590307,-3.1335807283138246,-3.8142066589943626,-6.947787387308187
KEN,Kenya,KEN,2020,2,2020.25,2020-Q2,2020q2,0.0009553954228433,-3.0711969051744834,-3.8821883426730164,-6.9533852478475
KEN,Kenya,KEN,2020,3,2020.5,2020-Q3,2020q3,0.000891431432867,-3.1952877414953567,-3.8273942942189545,-7.022682035714311
KEN,Kenya,KEN,2020,4,2020.75,2020-Q4,2020q4,0.0009025052508912,-3.192047383356751,-3.8182886662554183,-7.010336049612169
KEN,Kenya,KEN,2021,1,2021.0,2021-Q1,2021q1,0.000913738385964,-3.198678794191501,-3.799287463088877,-6.997966257280378
KEN,Kenya,KEN,2021,2,2021.25,2021-Q2,2021q2,0.0009220860703528,-3.194628878186463,-3.7942431087856,-6.988871986972063
KEN,Kenya,KEN,2021,3,2021.5,2021-Q3,2021q3,0.0009541255286868,-3.1627939227918427,-3.7919213909475182,-6.954715313739361
KEN,Kenya,KEN,2021,4,2021.75,2021-Q4,2021q4,0.0009722013845899,-3.1523228619543544,-3.7836247272174144,-6.935947589171769
KOR,"Korea, Rep.",KOR,1995,1,1995.0,1995-Q1,1995q1,0.0068041240531375,-0.7361518036444696,-4.254074568586735,-4.990226372231205
KOR,"Korea, Rep.",KOR,1995,2,1995.25,1995-Q2,1995q2,0.006908648182739,-0.7245410857323327,-4.2504402066290705,-4.974981292361403
KOR,"Korea, Rep.",KOR,1995,3,1995.5,1995-Q3,1995q3,0.0070037014699653,-0.7139654418807515,-4.24735104637809,-4.961316488258841
KOR,"Korea, Rep.",KOR,1995,4,1995.75,1995-Q4,1995q4,0.007086480563573,-0.7051469701862976,-4.244419485914777,-4.949566456101074
KOR,"Korea, Rep.",KOR,1996,1,1996.0,1996-Q1,1996q1,0.0072318840186035,-0.6881807980320307,-4.241074895239452,-4.929255693271482
KOR,"Korea, Rep.",KOR,1996,2,1996.25,1996-Q2,1996q2,0.0073199695785349,-0.6799927223830053,-4.237156384572403,-4.917149106955408
KOR,"Korea, Rep.",KOR,1996,3,1996.5,1996-Q3,1996q3,0.0073869690246894,-0.6713400580571491,-4.236697715606429,-4.908037773663578
KOR,"Korea, Rep.",KOR,1996,4,1996.75,1996-Q4,1996q4,0.0074532019652269,-0.6690122235538452,-4.230099321381617,-4.8991115449354625
KOR,"Korea, Rep.",KOR,1997,1,1997.0,1997-Q1,1997q1,0.0074789154534322,-0.6682356991336542,-4.227431791231235,-4.89566749036489
KOR,"Korea, Rep.",KOR,1997,2,1997.25,1997-Q2,1997q2,0.0077104002525565,-0.6508281029477985,-4.214357076375103,-4.865185179322902
KOR,"Korea, Rep.",KOR,1997,3,1997.5,1997-Q3,1997q3,0.0077698623017667,-0.6478439545225596,-4.2096588820174015,-4.857502836539961
KOR,"Korea, Rep.",KOR,1997,4,1997.75,1997-Q4,1997q4,0.0077501284975656,-0.6538537617975075,-4.206192093625781,-4.860045855423288
KOR,"Korea, Rep.",KOR,1998,1,1998.0,1998-Q1,1998q1,0.0075923977581456,-0.6700973437599869,-4.21051048353961,-4.880607827299597
KOR,"Korea, Rep.",KOR,1998,2,1998.25,1998-Q2,1998q2,0.0076233285675691,-0.665326347621674,-4.211215837148984,-4.876542184770658
KOR,"Korea, Rep.",KOR,1998,3,1998.5,1998-Q3,1998q3,0.007838832511175,-0.6401932979375138,-4.2084720721621,-4.848665370099614
KOR,"Korea, Rep.",KOR,1998,4,1998.75,1998-Q4,1998q4,0.0080153060525773,-0.6201068894313106,-4.206295419243004,-4.826402308674314
KOR,"Korea, Rep.",KOR,1999,1,1999.0,1999-Q1,1999q1,0.0083633778842907,-0.5759336126363737,-4.207959267711823,-4.783892880348197
KOR,"Korea, Rep.",KOR,1999,2,1999.25,1999-Q2,1999q2,0.00848404324365,-0.5649008211079183,-4.2046673241020285,-4.769568145209947
KOR,"Korea, Rep.",KOR,1999,3,1999.5,1999-Q3,1999q3,0.0085764266968685,-0.5606267628433814,-4.198111158282587,-4.758737921125968
KOR,"Korea, Rep.",KOR,1999,4,1999.75,1999-Q4,1999q4,0.0086405840695556,-0.5628828142582067,-4.188402283549777,-4.751285097807984
KOR,"Korea, Rep.",KOR,2000,1,2000.0,2000-Q1,2000q1,0.0087174843591171,-0.5581023793817534,-4.184322194227946,-4.742424573609699
KOR,"Korea, Rep.",KOR,2000,2,2000.25,2000-Q2,2000q2,0.0087792136339911,-0.5540702910442015,-4.181298147628699,-4.7353684386729
KOR,"Korea, Rep.",KOR,2000,3,2000.5,2000-Q3,2000q3,0.0089369076068239,-0.5390664290159632,-4.17849922589675,-4.717565654912713
KOR,"Korea, Rep.",KOR,2000,4,2000.75,2000-Q4,2000q4,0.0088831441984669,-0.5504086299073663,-4.173191078337019,-4.723599708244385
KOR,"Korea, Rep.",KOR,2001,1,2001.0,2001-Q1,2001q1,0.0090429574475499,-0.5323324541637575,-4.173436552638961,-4.7057690068027185
KOR,"Korea, Rep.",KOR,2001,2,2001.25,2001-Q2,2001q2,0.0089892350329111,-0.5379121941068865,-4.1738153309007995,-4.711727525007686
KOR,"Korea, Rep.",KOR,2001,3,2001.5,2001-Q3,2001q3,0.0090658475953791,-0.5286933133227842,-4.174547623851253,-4.703240937174037
KOR,"Korea, Rep.",KOR,2001,4,2001.75,2001-Q4,2001q4,0.0091434795603017,-0.5239832944091978,-4.17073097567771,-4.694714270086908
KOR,"Korea, Rep.",KOR,2002,1,2002.0,2002-Q1,2002q1,0.0093151350341603,-0.5151162302132803,-4.160998548399518,-4.676114778612798
KOR,"Korea, Rep.",KOR,2002,2,2002.25,2002-Q2,2002q2,0.0094315498988468,-0.5104966315032833,-4.153198206030584,-4.663694837533868
KOR,"Korea, Rep.",KOR,2002,3,2002.5,2002-Q3,2002q3,0.0095822962215942,-0.49781725384696696,-4.150020772771553,-4.64783802661852
KOR,"Korea, Rep.",KOR,2002,4,2002.75,2002-Q4,2002q4,0.0096792253653911,-0.4923091744816448,-4.145464230650573,-4.637773405132218
KOR,"Korea, Rep.",KOR,2003,1,2003.0,2003-Q1,2003q1,0.009680548223002,-0.49621097512085477,-4.141425769568831,-4.637636744689686
KOR,"Korea, Rep.",KOR,2003,2,2003.25,2003-Q2,2003q2,0.0097115759900278,-0.49784878548026334,-4.136587918495714,-4.634436703975977
KOR,"Korea, Rep.",KOR,2003,3,2003.5,2003-Q3,2003q3,0.0098264950338407,-0.4941749742213375,-4.128497992287372,-4.622672966508709
KOR,"Korea, Rep.",KOR,2003,4,2003.75,2003-Q4,2003q4,0.0100155189198707,-0.4841958098687691,-4.119423687072228,-4.603619496940997
KOR,"Korea, Rep.",KOR,2004,1,2004.0,2004-Q1,2004q1,0.0100019396314834,-0.49389028539200197,-4.111085956256169,-4.6049762416481705
KOR,"Korea, Rep.",KOR,2004,2,2004.25,2004-Q2,2004q2,0.010108446243738,-0.4916815191528281,-4.102702423697901,-4.594383942850729
KOR,"Korea, Rep.",KOR,2004,3,2004.5,2004-Q3,2004q3,0.0101178523361495,-0.4976468475249991,-4.095807009867689,-4.593453857392688
KOR,"Korea, Rep.",KOR,2004,4,2004.75,2004-Q4,2004q4,0.0101537441295289,-0.50575752335945,-4.084155238397759,-4.589912761757209
KOR,"Korea, Rep.",KOR,2005,1,2005.0,2005-Q1,2005q1,0.0102467789380661,-0.5028619852810747,-4.077929887448277,-4.5807918727293515
KOR,"Korea, Rep.",KOR,2005,2,2005.25,2005-Q2,2005q2,0.0104238885133413,-0.49817459690287436,-4.065480537503734,-4.563655134406608
KOR,"Korea, Rep.",KOR,2005,3,2005.5,2005-Q3,2005q3,0.0105616921868649,-0.4914439383931697,-4.059077830180438,-4.550521768573608
KOR,"Korea, Rep.",KOR,2005,4,2005.75,2005-Q4,2005q4,0.0106437499829602,-0.49331645570721605,-4.04946595944698,-4.542782415154196
KOR,"Korea, Rep.",KOR,2006,1,2006.0,2006-Q1,2006q1,0.0107447344489999,-0.4920903702625887,-4.041249092843926,-4.533339463106515
KOR,"Korea, Rep.",KOR,2006,2,2006.25,2006-Q2,2006q2,0.0107861320399628,-0.4954993955028062,-4.0339946448477555,-4.529494040350562
KOR,"Korea, Rep.",KOR,2006,3,2006.5,2006-Q3,2006q3,0.010917511702226,-0.4904786060189936,-4.026908594708328,-4.517387200727321
KOR,"Korea, Rep.",KOR,2006,4,2006.75,2006-Q4,2006q4,0.0109651524164209,-0.49592826565539916,-4.017104731287111,-4.51303299694251
KOR,"Korea, Rep.",KOR,2007,1,2007.0,2007-Q1,2007q1,0.0110910399644853,-0.492080760521703,-4.009536946518625,-4.501617707040328
KOR,"Korea, Rep.",KOR,2007,2,2007.25,2007-Q2,2007q2,0.0112558374106191,-0.485504200244093,-4.0013642037158625,-4.486868403959956
KOR,"Korea, Rep.",KOR,2007,3,2007.5,2007-Q3,2007q3,0.0113626270888147,-0.48490710315527297,-3.9925185314516303,-4.477425634606903
KOR,"Korea, Rep.",KOR,2007,4,2007.75,2007-Q4,2007q4,0.011541948199946,-0.4781703328018927,-3.983596877863246,-4.461767210665139
KOR,"Korea, Rep.",KOR,2008,1,2008.0,2008-Q1,2008q1,0.011591507323425,-0.4755822768658726,-3.9819002994309596,-4.457482576296832
KOR,"Korea, Rep.",KOR,2008,2,2008.25,2008-Q2,2008q2,0.0116226139085326,-0.4762102090895688,-3.978592394666867,-4.454802603756436
KOR,"Korea, Rep.",KOR,2008,3,2008.5,2008-Q3,2008q3,0.0117056627869735,-0.4661024316075153,-3.981580123773969,-4.447682555381484
KOR,"Korea, Rep.",KOR,2008,4,2008.75,2008-Q4,2008q4,0.0113222188213604,-0.48567072590822,-3.995317490552026,-4.480988216460246
KOR,"Korea, Rep.",KOR,2009,1,2009.0,2009-Q1,2009q1,0.0113839865064002,-0.46479701116673056,-4.010750592341259,-4.47554760350799
KOR,"Korea, Rep.",KOR,2009,2,2009.25,2009-Q2,2009q2,0.0115578831223754,-0.45638511626753964,-4.004002437140827,-4.460387553408367
KOR,"Korea, Rep.",KOR,2009,3,2009.5,2009-Q3,2009q3,0.0118444193131929,-0.4436666984594453,-3.992231767904877,-4.435898466364322
KOR,"Korea, Rep.",KOR,2009,4,2009.75,2009-Q4,2009q4,0.0119314195338374,-0.4431114316130875,-3.985468629751267,-4.428580061364355
KOR,"Korea, Rep.",KOR,2010,1,2010.0,2010-Q1,2010q1,0.0121658365801961,-0.42821322239234716,-3.9809103132822243,-4.4091235356745715
KOR,"Korea, Rep.",KOR,2010,2,2010.25,2010-Q2,2010q2,0.0122641694767707,-0.43446756027328215,-3.9666057581895937,-4.401073318462876
KOR,"Korea, Rep.",KOR,2010,3,2010.5,2010-Q3,2010q3,0.0123393883913663,-0.434222004722562,-3.9607368201089788,-4.394958824831541
KOR,"Korea, Rep.",KOR,2010,4,2010.75,2010-Q4,2010q4,0.0124830867105442,-0.43163139846121723,-3.9517492155856404,-4.383380614046858
KOR,"Korea, Rep.",KOR,2011,1,2011.0,2011-Q1,2011q1,0.0125234482638903,-0.43020960705008093,-3.949942923742827,-4.380152530792908
KOR,"Korea, Rep.",KOR,2011,2,2011.25,2011-Q2,2011q2,0.0124918717699906,-0.43946396570785007,-3.9432131388764726,-4.382677104584323
KOR,"Korea, Rep.",KOR,2011,3,2011.5,2011-Q3,2011q3,0.0125214009952556,-0.44242015966836146,-3.9378958593227056,-4.380316018991067
KOR,"Korea, Rep.",KOR,2011,4,2011.75,2011-Q4,2011q4,0.0125281938110436,-0.4419785652194781,-3.937795104403702,-4.37977366962318
KOR,"Korea, Rep.",KOR,2012,1,2012.0,2012-Q1,2012q1,0.0125941068502412,-0.4377797295921857,-3.936746555141414,-4.3745262847336
KOR,"Korea, Rep.",KOR,2012,2,2012.25,2012-Q2,2012q2,0.0125849497368095,-0.44022360073902744,-3.935030043560548,-4.375253644299575
KOR,"Korea, Rep.",KOR,2012,3,2012.5,2012-Q3,2012q3,0.0126194374663341,-0.44137444040267804,-3.931142557235305,-4.372516997637983
KOR,"Korea, Rep.",KOR,2012,4,2012.75,2012-Q4,2012q4,0.0127202812701128,-0.43833457103969486,-3.9262230378446903,-4.364557608884385
KOR,"Korea, Rep.",KOR,2013,1,2013.0,2013-Q1,2013q1,0.0128138066650902,-0.4375360325938029,-3.9196960110728867,-4.35723204366669
KOR,"Korea, Rep.",KOR,2013,2,2013.25,2013-Q2,2013q2,0.012843316551282,-0.4440190208129451,-3.910912694874213,-4.354931715687158
KOR,"Korea, Rep.",KOR,2013,3,2013.5,2013-Q3,2013q3,0.0128846324195871,-0.44620046349862763,-3.905519499563591,-4.3517199630622185
KOR,"Korea, Rep.",KOR,2013,4,2013.75,2013-Q4,2013q4,0.0129019486725457,-0.4475315913252782,-3.9028453278103648,-4.350376919135643
KOR,"Korea, Rep.",KOR,2014,1,2014.0,2014-Q1,2014q1,0.0128794008497061,-0.45336749405288845,-3.8987585832149927,-4.352126077267881
KOR,"Korea, Rep.",KOR,2014,2,2014.25,2014-Q2,2014q2,0.0129825051817363,-0.45016958079528857,-3.893983002318197,-4.344152583113486
KOR,"Korea, Rep.",KOR,2014,3,2014.5,2014-Q3,2014q3,0.012953608798941,-0.4544561167334904,-3.8919247411919593,-4.34638085792545
KOR,"Korea, Rep.",KOR,2014,4,2014.75,2014-Q4,2014q4,0.0130077704753987,-0.457023039361693,-3.8851853318508356,-4.342208371212529
KOR,"Korea, Rep.",KOR,2015,1,2015.0,2015-Q1,2015q1,0.0130836032808058,-0.45475799325799393,-3.8816374974488594,-4.336395490706853
KOR,"Korea, Rep.",KOR,2015,2,2015.25,2015-Q2,2015q2,0.0131304905850496,-0.45577180100378767,-3.877046426686889,-4.332818227690677
KOR,"Korea, Rep.",KOR,2015,3,2015.5,2015-Q3,2015q3,0.013277083804907,-0.4487330614153002,-3.872982690636614,-4.321715752051914
KOR,"Korea, Rep.",KOR,2015,4,2015.75,2015-Q4,2015q4,0.0133294864741334,-0.44388460670412355,-3.8738920629004796,-4.317776669604603
KOR,"Korea, Rep.",KOR,2016,1,2016.0,2016-Q1,2016q1,0.013400484804107,-0.4373212472487662,-3.875143146019994,-4.31246439326876
KOR,"Korea, Rep.",KOR,2016,2,2016.25,2016-Q2,2016q2,0.013543442770307,-0.434044784738715,-3.8678079924394737,-4.301852777178189
KOR,"Korea, Rep.",KOR,2016,3,2016.5,2016-Q3,2016q3,0.0135357624192501,-0.4351219664887811,-3.867298061552871,-4.302420028041652
KOR,"Korea, Rep.",KOR,2016,4,2016.75,2016-Q4,2016q4,0.013597606472279,-0.43884299556461226,-3.8590185008497677,-4.29786149641438
KOR,"Korea, Rep.",KOR,2017,1,2017.0,2017-Q1,2017q1,0.0136971943513396,-0.4362130207618611,-3.8543512382319376,-4.290564258993799
KOR,"Korea, Rep.",KOR,2017,2,2017.25,2017-Q2,2017q2,0.0137631102900199,-0.439080557160076,-3.8466828763408323,-4.285763433500908
KOR,"Korea, Rep.",KOR,2017,3,2017.5,2017-Q3,2017q3,0.0139299073459498,-0.4304788572333136,-3.8432382853826903,-4.273717142616004
KOR,"Korea, Rep.",KOR,2017,4,2017.75,2017-Q4,2017q4,0.0138836443549404,-0.4392593284640234,-3.837784468307589,-4.277043796771612
KOR,"Korea, Rep.",KOR,2018,1,2018.0,2018-Q1,2018q1,0.0140806620138413,-0.42962490524865826,-3.8333280060803943,-4.2629529113290525
KOR,"Korea, Rep.",KOR,2018,2,2018.25,2018-Q2,2018q2,0.014202484002602,-0.4286463080247338,-3.8256920918879103,-4.254338399912644
KOR,"Korea, Rep.",KOR,2018,3,2018.5,2018-Q3,2018q3,0.0143036918072982,-0.4229795196245498,-3.824258087068906,-4.247237606693456
KOR,"Korea, Rep.",KOR,2018,4,2018.75,2018-Q4,2018q4,0.0143218191304746,-0.4209917884774965,-3.8249793027892887,-4.245971091266785
KOR,"Korea, Rep.",KOR,2019,1,2019.0,2019-Q1,2019q1,0.0142628531848719,-0.42870555220035156,-3.821391248718992,-4.250096800919343
KOR,"Korea, Rep.",KOR,2019,2,2019.25,2019-Q2,2019q2,0.0144337137814158,-0.42462163166537037,-3.8135669423342766,-4.238188573999647
KOR,"Korea, Rep.",KOR,2019,3,2019.5,2019-Q3,2019q3,0.0144234457263757,-0.42676779848694935,-3.8121324225111266,-4.238900220998076
KOR,"Korea, Rep.",KOR,2019,4,2019.75,2019-Q4,2019q4,0.0144483942864004,-0.4219222471810129,-3.8152497454656107,-4.237171992646624
KOR,"Korea, Rep.",KOR,2020,1,2020.0,2020-Q1,2020q1,0.0142675446686169,-0.4355612657690031,-3.8142066589943626,-4.249767924763366
KOR,"Korea, Rep.",KOR,2020,2,2020.25,2020-Q2,2020q2,0.0142471811626396,-0.3690078623101609,-3.8821883426730164,-4.251196204983177
KOR,"Korea, Rep.",KOR,2020,3,2020.5,2020-Q3,2020q3,0.0144616921634019,-0.4088577511309057,-3.8273942942189545,-4.23625204534986
KOR,"Korea, Rep.",KOR,2020,4,2020.75,2020-Q4,2020q4,0.0146243570324867,-0.40677818416587863,-3.8182886662554183,-4.225066850421297
KOR,"Korea, Rep.",KOR,2021,1,2021.0,2021-Q1,2021q1,0.0148555264442396,-0.41009586874836046,-3.799287463088877,-4.209383331837238
KOR,"Korea, Rep.",KOR,2021,2,2021.25,2021-Q2,2021q2,0.0148962710132706,-0.41240125613300815,-3.7942431087856,-4.206644364918608
KOR,"Korea, Rep.",KOR,2021,3,2021.5,2021-Q3,2021q3,0.0147937012597375,-0.42163238841219197,-3.7919213909475182,-4.21355377935971
KOR,"Korea, Rep.",KOR,2021,4,2021.75,2021-Q4,2021q4,0.0149283817413847,-0.42086633581462474,-3.7836247272174144,-4.204491063032039
KOR,"Korea, Rep.",KOR,2022,1,2022.0,2022-Q1,2022q1,0.0148361631291533,-0.42800009091261115,-3.7826875330083403,-4.210687623920951
KOR,"Korea, Rep.",KOR,2022,2,2022.25,2022-Q2,2022q2,0.0148971268370544,-0.42449456214365044,-3.7820923522090077,-4.206586914352658
KOR,"Korea, Rep.",KOR,2022,3,2022.5,2022-Q3,2022q3,0.0148817145313443,-0.42542954669591815,-3.782192485638369,-4.207622032334287
KOR,"Korea, Rep.",KOR,2022,4,2022.75,2022-Q4,2022q4,0.0147934669024961,-0.43208813618744335,-3.7814814849885647,-4.213569621176008
KOR,"Korea, Rep.",KOR,2023,1,2023.0,2023-Q1,2023q1,0.0147945918326739,-0.4308284825006461,-3.7826650992036,-4.213493581704246
KOR,"Korea, Rep.",KOR,2023,2,2023.25,2023-Q2,2023q2,0.0148404213782654,-0.4295012388347197,-3.780899408049487,-4.210400646884207
KOR,"Korea, Rep.",KOR,2023,3,2023.5,2023-Q3,2023q3,0.0149619375904176,-0.4215339922401702,-3.7807118045063346,-4.202245796746505
KOR,"Korea, Rep.",KOR,2023,4,2023.75,2023-Q4,2023q4,0.0150179020023796,-0.41974013196479465,-3.7787721907052205,-4.198512322670015
KOR,"Korea, Rep.",KOR,2024,1,2024.0,2024-Q1,2024q1,0.015164211496691,-0.41306111651261235,-3.775756017623659,-4.188817134136271
KOR,"Korea, Rep.",KOR,2024,2,2024.25,2024-Q2,2024q2,0.0151452106636158,-0.41908451840529404,-3.770986406414534,-4.190070924819828
KOR,"Korea, Rep.",KOR,2024,3,2024.5,2024-Q3,2024q3,0.0151401872439773,-0.4252262265904361,-3.765176436957072,-4.190402663547508
KOR,"Korea, Rep.",KOR,2024,4,2024.75,2024-Q4,2024q4,0.0151653979710525,-0.4266032116320604,-3.7621356838204347,-4.188738895452495
KOR,"Korea, Rep.",KOR,2025,1,2025.0,2025-Q1,2025q1,0.0150877767627073,-0.4360295692520668,-3.757840779633255,-4.193870348885322
KOR,"Korea, Rep.",KOR,2025,2,2025.25,2025-Q2,2025q2,0.015148227148776,-0.4370092167588253,-3.7528625569980663,-4.189871773756892
KOR,"Korea, Rep.",KOR,2025,3,2025.5,2025-Q3,2025q3,0.0153473512632909,-0.4285857672869642,-3.7482266086888907,-4.176812375975855
KOR,"Korea, Rep.",KOR,2025,4,2025.75,2025-Q4,2025q4,0.0153290017087273,-0.43085698824698415,-3.747151720080949,-4.178008708327933
KOR,"Korea, Rep.",KOR,2026,1,2026.0,2026-Q1,2026q1,0.0155785342317129,-0.4123231802837619,-3.7495381428027086,-4.1618613230864705
KOR,"Korea, Rep.",KOR,2026,2,2026.25,2026-Q2,2026q2,0.0156987605711331,-0.4108721919897058,-3.7433013222682665,-4.154173514257972
LKA,Sri Lanka,LKA,2010,1,2010.0,2010-Q1,2010q1,0.0017219984107969,-2.3833594825769713,-3.9809103132822243,-6.364269795859196
LKA,Sri Lanka,LKA,2010,2,2010.25,2010-Q2,2010q2,0.0018260098593859,-2.3390163391897105,-3.9666057581895937,-6.305622097379304
LKA,Sri Lanka,LKA,2010,3,2010.5,2010-Q3,2010q3,0.0018879844469345,-2.31150862903627,-3.9607368201089788,-6.272245449145249
LKA,Sri Lanka,LKA,2010,4,2010.75,2010-Q4,2010q4,0.0018533966824475,-2.3389860632095703,-3.9517492155856404,-6.290735278795211
LKA,Sri Lanka,LKA,2011,1,2011.0,2011-Q1,2011q1,0.0019414206701157,-2.2943923459845985,-3.949942923742827,-6.244335269727426
LKA,Sri Lanka,LKA,2011,2,2011.25,2011-Q2,2011q2,0.0019440270659418,-2.2997805113547707,-3.9432131388764726,-6.242993650231243
LKA,Sri Lanka,LKA,2011,3,2011.5,2011-Q3,2011q3,0.0020491130786673,-2.252452364679309,-3.9378958593227056,-6.1903482240020145
LKA,Sri Lanka,LKA,2011,4,2011.75,2011-Q4,2011q4,0.0020800249644941,-2.2375802787766093,-3.937795104403702,-6.175375383180311
LKA,Sri Lanka,LKA,2012,1,2012.0,2012-Q1,2012q1,0.0020596145606798,-2.2484898650119485,-3.936746555141414,-6.1852364201533625
LKA,Sri Lanka,LKA,2012,2,2012.25,2012-Q2,2012q2,0.0020208079446128,-2.269227831395592,-3.935030043560548,-6.20425787495614
LKA,Sri Lanka,LKA,2012,3,2012.5,2012-Q3,2012q3,0.0020354715850962,-2.265885192551169,-3.931142557235305,-6.197027749786474
LKA,Sri Lanka,LKA,2012,4,2012.75,2012-Q4,2012q4,0.0020766753436949,-2.2507640186706706,-3.9262230378446903,-6.176987056515361
LKA,Sri Lanka,LKA,2013,1,2013.0,2013-Q1,2013q1,0.0022829162650821,-2.16260557861544,-3.9196960110728867,-6.082301589688327
LKA,Sri Lanka,LKA,2013,2,2013.25,2013-Q2,2013q2,0.0023392425958528,-2.1470153841189985,-3.910912694874213,-6.0579280789932115
LKA,Sri Lanka,LKA,2013,3,2013.5,2013-Q3,2013q3,0.0023083224737526,-2.165714720535829,-3.905519499563591,-6.07123422009942
LKA,Sri Lanka,LKA,2013,4,2013.75,2013-Q4,2013q4,0.0023048768092126,-2.1698827211784684,-3.9028453278103648,-6.072728048988833
LKA,Sri Lanka,LKA,2014,1,2014.0,2014-Q1,2014q1,0.0022907739216774,-2.1801069782312545,-3.8987585832149927,-6.078865561446247
LKA,Sri Lanka,LKA,2014,2,2014.25,2014-Q2,2014q2,0.0024237878768324,-2.128440721843648,-3.893983002318197,-6.022423724161845
LKA,Sri Lanka,LKA,2014,3,2014.5,2014-Q3,2014q3,0.0023765209983213,-2.150192884939361,-3.8919247411919593,-6.04211762613132
LKA,Sri Lanka,LKA,2014,4,2014.75,2014-Q4,2014q4,0.0025612174826721,-2.082087222522972,-3.8851853318508356,-5.967272554373808
LKA,Sri Lanka,LKA,2015,1,2015.0,2015-Q1,2015q1,0.0022629969007212,-2.2094277844271364,-3.8816374974488594,-6.091065281875996
LKA,Sri Lanka,LKA,2015,2,2015.25,2015-Q2,2015q2,0.0021776002483735,-2.252485385321823,-3.877046426686889,-6.129531812008712
LKA,Sri Lanka,LKA,2015,3,2015.5,2015-Q3,2015q3,0.0022495316239516,-2.2240505609316017,-3.872982690636614,-6.097033251568216
LKA,Sri Lanka,LKA,2015,4,2015.75,2015-Q4,2015q4,0.0021855368413447,-2.252001723732659,-3.8738920629004796,-6.125893786633139
LKA,Sri Lanka,LKA,2016,1,2016.0,2016-Q1,2016q1,0.0023131358325758,-2.1940080257234227,-3.875143146019994,-6.069151171743417
LKA,Sri Lanka,LKA,2016,2,2016.25,2016-Q2,2016q2,0.0023127084927688,-2.2015279411671447,-3.8678079924394737,-6.069335933606618
LKA,Sri Lanka,LKA,2016,3,2016.5,2016-Q3,2016q3,0.0022576283634447,-2.226142351853193,-3.867298061552871,-6.093440413406064
LKA,Sri Lanka,LKA,2016,4,2016.75,2016-Q4,2016q4,0.0022938290501212,-2.218514282637373,-3.8590185008497677,-6.077532783487141
LKA,Sri Lanka,LKA,2017,1,2017.0,2017-Q1,2017q1,0.0023647591965006,-2.192727843651757,-3.8543512382319376,-6.047079081883695
LKA,Sri Lanka,LKA,2017,2,2017.25,2017-Q2,2017q2,0.0023352591265501,-2.2129495427097874,-3.8466828763408323,-6.05963241905062
LKA,Sri Lanka,LKA,2017,3,2017.5,2017-Q3,2017q3,0.0023412327490772,-2.2138393871036293,-3.8432382853826903,-6.05707767248632
LKA,Sri Lanka,LKA,2017,4,2017.75,2017-Q4,2017q4,0.0024049494979192,-2.1924419061234963,-3.837784468307589,-6.030226374431085
LKA,Sri Lanka,LKA,2018,1,2018.0,2018-Q1,2018q1,0.0025086302286925,-2.154690394340992,-3.8333280060803943,-5.988018400421386
LKA,Sri Lanka,LKA,2018,2,2018.25,2018-Q2,2018q2,0.0025286256283916,-2.1543872618423516,-3.8256920918879103,-5.980079353730262
LKA,Sri Lanka,LKA,2018,3,2018.5,2018-Q3,2018q3,0.0024765199628532,-2.1766428579856947,-3.824258087068906,-6.0009009450546005
LKA,Sri Lanka,LKA,2018,4,2018.75,2018-Q4,2018q4,0.0023932312716768,-2.210131526856297,-3.8249793027892887,-6.0351108296455855
LKA,Sri Lanka,LKA,2019,1,2019.0,2019-Q1,2019q1,0.0024066216654893,-2.208140064751493,-3.821391248718992,-6.029531313470485
LKA,Sri Lanka,LKA,2019,2,2019.25,2019-Q2,2019q2,0.002443201034414,-2.2008792577808136,-3.8135669423342766,-6.01444620011509
LKA,Sri Lanka,LKA,2019,3,2019.5,2019-Q3,2019q3,0.0024678031829644,-2.192294501191183,-3.8121324225111266,-6.00442692370231
LKA,Sri Lanka,LKA,2019,4,2019.75,2019-Q4,2019q4,0.0023677666867784,-2.2305583488918295,-3.8152497454656107,-6.04580809435744
LKA,Sri Lanka,LKA,2020,1,2020.0,2020-Q1,2020q1,0.002396246362897,-2.2196451224424036,-3.8142066589943626,-6.033851781436766
LKA,Sri Lanka,LKA,2020,2,2020.25,2020-Q2,2020q2,0.002111104552228,-2.2783556413230945,-3.8821883426730164,-6.160543983996111
LKA,Sri Lanka,LKA,2020,3,2020.5,2020-Q3,2020q3,0.002502594338588,-2.163033055529023,-3.8273942942189545,-5.990427349747978
LKA,Sri Lanka,LKA,2020,4,2020.75,2020-Q4,2020q4,0.0024031008317025,-2.2127066960942883,-3.8182886662554183,-6.030995362349707
LKA,Sri Lanka,LKA,2021,1,2021.0,2021-Q1,2021q1,0.002437903520235,-2.2173293589416714,-3.799287463088877,-6.0166168220305485
LKA,Sri Lanka,LKA,2021,2,2021.25,2021-Q2,2021q2,0.002383442991255,-2.2449660929003894,-3.7942431087856,-6.039209201685989
LKA,Sri Lanka,LKA,2021,3,2021.5,2021-Q3,2021q3,0.0024376084493332,-2.2248164731003612,-3.7919213909475182,-6.0167378640478795
LKA,Sri Lanka,LKA,2021,4,2021.75,2021-Q4,2021q4,0.0024284558260846,-2.236874958920773,-3.7836247272174144,-6.020499686138187
LKA,Sri Lanka,LKA,2022,1,2022.0,2022-Q1,2022q1,0.0023461209559769,-2.2723044386841758,-3.7826875330083403,-6.054991971692516
LKA,Sri Lanka,LKA,2022,2,2022.25,2022-Q2,2022q2,0.0022384439905884,-2.3198819493439875,-3.7820923522090077,-6.101974301552995
LKA,Sri Lanka,LKA,2022,3,2022.5,2022-Q3,2022q3,0.002183291917808,-2.344729001487531,-3.782192485638369,-6.1269214871259
LKA,Sri Lanka,LKA,2022,4,2022.75,2022-Q4,2022q4,0.0021576072958482,-2.3572739196912234,-3.7814814849885647,-6.138755404679788
LKA,Sri Lanka,LKA,2023,1,2023.0,2023-Q1,2023q1,0.0021472345035609,-2.360909443017364,-3.7826650992036,-6.143574542220964
LKA,Sri Lanka,LKA,2023,2,2023.25,2023-Q2,2023q2,0.0022293177551597,-2.3251602716598945,-3.780899408049487,-6.106059679709381
LKA,Sri Lanka,LKA,2023,3,2023.5,2023-Q3,2023q3,0.0022304708734275,-2.3248307572902807,-3.7807118045063346,-6.105542561796615
LKA,Sri Lanka,LKA,2023,4,2023.75,2023-Q4,2023q4,0.0023066258809644,-2.2931972891346026,-3.7787721907052205,-6.071969479839823
LKA,Sri Lanka,LKA,2024,1,2024.0,2024-Q1,2024q1,0.0023449327927744,-2.2797425196686327,-3.775756017623659,-6.055498537292292
LKA,Sri Lanka,LKA,2024,2,2024.25,2024-Q2,2024q2,0.0023213296000692,-2.2946287475723612,-3.770986406414534,-6.065615153986895
LKA,Sri Lanka,LKA,2024,3,2024.5,2024-Q3,2024q3,0.0023968616880162,-2.2684185903585496,-3.765176436957072,-6.033595027315622
LKA,Sri Lanka,LKA,2024,4,2024.75,2024-Q4,2024q4,0.0023596701373438,-2.287097758205193,-3.7621356838204347,-6.049233442025628
LTU,Lithuania,LTU,1997,1,1997.0,1997-Q1,1997q1,0.0033982007533019,-1.4570773864046647,-4.227431791231235,-5.6845091776359
LTU,Lithuania,LTU,1997,2,1997.25,1997-Q2,1997q2,0.0034341467232823,-1.4596297144043495,-4.214357076375103,-5.673986790779453
LTU,Lithuania,LTU,1997,3,1997.5,1997-Q3,1997q3,0.003593935094132,-1.418848668273399,-4.2096588820174015,-5.6285075502908
LTU,Lithuania,LTU,1997,4,1997.75,1997-Q4,1997q4,0.003632249099533,-1.4117111422959479,-4.206192093625781,-5.6179032359217285
LTU,Lithuania,LTU,1998,1,1998.0,1998-Q1,1998q1,0.0039683262227311,-1.318900396009342,-4.21051048353961,-5.529410879548952
LTU,Lithuania,LTU,1998,2,1998.25,1998-Q2,1998q2,0.004004423958211,-1.3091397023163776,-4.211215837148984,-5.520355539465362
LTU,Lithuania,LTU,1998,3,1998.5,1998-Q3,1998q3,0.0040970240129302,-1.289022347171625,-4.2084720721621,-5.497494419333725
LTU,Lithuania,LTU,1998,4,1998.75,1998-Q4,1998q4,0.003979456490239,-1.3203146100094427,-4.206295419243004,-5.5266100292524465
LTU,Lithuania,LTU,1999,1,1999.0,1999-Q1,1999q1,0.0039059930293581,-1.3372839634159597,-4.207959267711823,-5.545243231127783
LTU,Lithuania,LTU,1999,2,1999.25,1999-Q2,1999q2,0.0039856486420693,-1.320387884975446,-4.2046673241020285,-5.5250552090774745
LTU,Lithuania,LTU,1999,3,1999.5,1999-Q3,1999q3,0.0038715428855847,-1.3559910146633358,-4.198111158282587,-5.554102172945923
LTU,Lithuania,LTU,1999,4,1999.75,1999-Q4,1999q4,0.0040501814383057,-1.3205913157357285,-4.188402283549777,-5.508993599285506
LTU,Lithuania,LTU,2000,1,2000.0,2000-Q1,2000q1,0.0041451715961911,-1.3014888986664994,-4.184322194227946,-5.485811092894445
LTU,Lithuania,LTU,2000,2,2000.25,2000-Q2,2000q2,0.0042502442744038,-1.279480673738508,-4.181298147628699,-5.460778821367207
LTU,Lithuania,LTU,2000,3,2000.5,2000-Q3,2000q3,0.0042731785950113,-1.2768981011323435,-4.17849922589675,-5.455397327029093
LTU,Lithuania,LTU,2000,4,2000.75,2000-Q4,2000q4,0.0044596527541998,-1.239493295446957,-4.173191078337019,-5.412684373783976
LTU,Lithuania,LTU,2001,1,2001.0,2001-Q1,2001q1,0.0045820231981021,-1.2121780794477575,-4.173436552638961,-5.385614632086718
LTU,Lithuania,LTU,2001,2,2001.25,2001-Q2,2001q2,0.0046507520229445,-1.196911016193801,-4.1738153309007995,-5.3707263470946005
LTU,Lithuania,LTU,2001,3,2001.5,2001-Q3,2001q3,0.0047146987481497,-1.1825226333136571,-4.174547623851253,-5.35707025716491
LTU,Lithuania,LTU,2001,4,2001.75,2001-Q4,2001q4,0.0049376764941542,-1.1401294280645633,-4.17073097567771,-5.310860403742273
LTU,Lithuania,LTU,2002,1,2002.0,2002-Q1,2002q1,0.0048934161790692,-1.1588660658801828,-4.160998548399518,-5.319864614279701
LTU,Lithuania,LTU,2002,2,2002.25,2002-Q2,2002q2,0.0048571855844452,-1.174097900631855,-4.153198206030584,-5.327296106662439
LTU,Lithuania,LTU,2002,3,2002.5,2002-Q3,2002q3,0.0049452151037397,-1.1593140428423974,-4.150020772771553,-5.30933481561395
LTU,Lithuania,LTU,2002,4,2002.75,2002-Q4,2002q4,0.0050195052697917,-1.1489596713188002,-4.145464230650573,-5.294423901969373
LTU,Lithuania,LTU,2003,1,2003.0,2003-Q1,2003q1,0.0052825561062312,-1.1019194178104383,-4.141425769568831,-5.243345187379269
LTU,Lithuania,LTU,2003,2,2003.25,2003-Q2,2003q2,0.0051498571431608,-1.1321983853875945,-4.136587918495714,-5.268786303883308
LTU,Lithuania,LTU,2003,3,2003.5,2003-Q3,2003q3,0.005402969837186,-1.0923085144532685,-4.128497992287372,-5.22080650674064
LTU,Lithuania,LTU,2003,4,2003.75,2003-Q4,2003q4,0.005479845358963,-1.0872547105154888,-4.119423687072228,-5.206678397587717
LTU,Lithuania,LTU,2004,1,2004.0,2004-Q1,2004q1,0.0055747516373764,-1.078421555721662,-4.111085956256169,-5.189507511977831
LTU,Lithuania,LTU,2004,2,2004.25,2004-Q2,2004q2,0.0056928975394663,-1.065833503111837,-4.102702423697901,-5.168535926809738
LTU,Lithuania,LTU,2004,3,2004.5,2004-Q3,2004q3,0.005754068858014,-1.0620410370747706,-4.095807009867689,-5.157848046942459
LTU,Lithuania,LTU,2004,4,2004.75,2004-Q4,2004q4,0.0058288088927522,-1.0607873676559194,-4.084155238397759,-5.144942606053679
LTU,Lithuania,LTU,2005,1,2005.0,2005-Q1,2005q1,0.0059579078143608,-1.0451060099437406,-4.077929887448277,-5.123035897392017
LTU,Lithuania,LTU,2005,2,2005.25,2005-Q2,2005q2,0.0060618292928163,-1.04026312344776,-4.065480537503734,-5.105743660951494
LTU,Lithuania,LTU,2005,3,2005.5,2005-Q3,2005q3,0.0061891314867862,-1.025882681030823,-4.059077830180438,-5.0849605112112615
LTU,Lithuania,LTU,2005,4,2005.75,2005-Q4,2005q4,0.0062674883858471,-1.022913621562414,-4.04946595944698,-5.072379581009394
LTU,Lithuania,LTU,2006,1,2006.0,2006-Q1,2006q1,0.0063071283497325,-1.0248257083018633,-4.041249092843926,-5.066074801145789
LTU,Lithuania,LTU,2006,2,2006.25,2006-Q2,2006q2,0.0065100083760357,-1.000419891273303,-4.0339946448477555,-5.034414536121059
LTU,Lithuania,LTU,2006,3,2006.5,2006-Q3,2006q3,0.0066868343683223,-0.9807061107143076,-4.026908594708328,-5.007614705422635
LTU,Lithuania,LTU,2006,4,2006.75,2006-Q4,2006q4,0.0068703531134418,-0.9634350434451626,-4.017104731287111,-4.980539774732273
LTU,Lithuania,LTU,2007,1,2007.0,2007-Q1,2007q1,0.006952007270483,-0.959187898689259,-4.009536946518625,-4.968724845207884
LTU,Lithuania,LTU,2007,2,2007.25,2007-Q2,2007q2,0.0070857266028423,-0.9483086522878601,-4.0013642037158625,-4.949672856003723
LTU,Lithuania,LTU,2007,3,2007.5,2007-Q3,2007q3,0.0072877708280214,-0.929039033179579,-3.9925185314516303,-4.921557564631209
LTU,Lithuania,LTU,2007,4,2007.75,2007-Q4,2007q4,0.0075193171768869,-0.9066830682256888,-3.983596877863246,-4.890279946088935
LTU,Lithuania,LTU,2008,1,2008.0,2008-Q1,2008q1,0.0074584513415854,-0.9165071818480675,-3.9819002994309596,-4.898407481279027
LTU,Lithuania,LTU,2008,2,2008.25,2008-Q2,2008q2,0.0075396173976164,-0.9089914466045732,-3.978592394666867,-4.88758384127144
LTU,Lithuania,LTU,2008,3,2008.5,2008-Q3,2008q3,0.007479303371604,-0.9140354996973521,-3.981580123773969,-4.895615623471321
LTU,Lithuania,LTU,2008,4,2008.75,2008-Q4,2008q4,0.0074937093713277,-0.8983738703254898,-3.995317490552026,-4.893691360877516
LTU,Lithuania,LTU,2009,1,2009.0,2009-Q1,2009q1,0.0068258926493355,-0.9762815630108372,-4.010750592341259,-4.987032155352097
LTU,Lithuania,LTU,2009,2,2009.25,2009-Q2,2009q2,0.0069164753523585,-0.9698465441152297,-4.004002437140827,-4.973848981256057
LTU,Lithuania,LTU,2009,3,2009.5,2009-Q3,2009q3,0.0069875186377361,-0.9713980053028415,-3.992231767904877,-4.963629773207718
LTU,Lithuania,LTU,2009,4,2009.75,2009-Q4,2009q4,0.0070220842777237,-0.9732265696022662,-3.985468629751267,-4.958695199353533
LTU,Lithuania,LTU,2010,1,2010.0,2010-Q1,2010q1,0.0072793834022913,-0.9417988045658121,-3.9809103132822243,-4.922709117848036
LTU,Lithuania,LTU,2010,2,2010.25,2010-Q2,2010q2,0.0074108497292041,-0.9382044147521325,-3.9666057581895937,-4.904810172941726
LTU,Lithuania,LTU,2010,3,2010.5,2010-Q3,2010q3,0.0073667239119543,-0.9500453681942291,-3.9607368201089788,-4.910782188303208
LTU,Lithuania,LTU,2010,4,2010.75,2010-Q4,2010q4,0.0073224311986044,-0.965063659609668,-3.9517492155856404,-4.916812875195308
LTU,Lithuania,LTU,2011,1,2011.0,2011-Q1,2011q1,0.0076361783581385,-0.9249150921134293,-3.949942923742827,-4.874858015856256
LTU,Lithuania,LTU,2011,2,2011.25,2011-Q2,2011q2,0.0077566291493509,-0.9159942882545669,-3.9432131388764726,-4.8592074271310395
LTU,Lithuania,LTU,2011,3,2011.5,2011-Q3,2011q3,0.0078370947943423,-0.910991215918294,-3.9378958593227056,-4.848887075241
LTU,Lithuania,LTU,2011,4,2011.75,2011-Q4,2011q4,0.0078533447257064,-0.9090206538224797,-3.937795104403702,-4.846815758226182
LTU,Lithuania,LTU,2012,1,2012.0,2012-Q1,2012q1,0.0078780243475116,-0.9069315687266402,-3.936746555141414,-4.843678123868054
LTU,Lithuania,LTU,2012,2,2012.25,2012-Q2,2012q2,0.0078515553001997,-0.9120135958379421,-3.935030043560548,-4.84704363939849
LTU,Lithuania,LTU,2012,3,2012.5,2012-Q3,2012q3,0.0080129674603236,-0.8955515598197956,-3.931142557235305,-4.8266941170551005
LTU,Lithuania,LTU,2012,4,2012.75,2012-Q4,2012q4,0.0081366059394102,-0.8851591088357242,-3.9262230378446903,-4.8113821466804145
LTU,Lithuania,LTU,2013,1,2013.0,2013-Q1,2013q1,0.0081023623087336,-0.895903605696895,-3.9196960110728867,-4.815599616769782
LTU,Lithuania,LTU,2013,2,2013.25,2013-Q2,2013q2,0.0081443754983459,-0.8995150180019245,-3.910912694874213,-4.8104277128761375
LTU,Lithuania,LTU,2013,3,2013.5,2013-Q3,2013q3,0.0082404568886281,-0.8931799893852888,-3.905519499563591,-4.79869948894888
LTU,Lithuania,LTU,2013,4,2013.75,2013-Q4,2013q4,0.0082569520351325,-0.8938544347478423,-3.9028453278103648,-4.796699762558207
LTU,Lithuania,LTU,2014,1,2014.0,2014-Q1,2014q1,0.0083131276011728,-0.8911607917422524,-3.8987585832149927,-4.789919374957245
LTU,Lithuania,LTU,2014,2,2014.25,2014-Q2,2014q2,0.0084263563754065,-0.8824078192701452,-3.893983002318197,-4.776390821588342
LTU,Lithuania,LTU,2014,3,2014.5,2014-Q3,2014q3,0.0082458822046864,-0.906116588753465,-3.8919247411919593,-4.798041329945424
LTU,Lithuania,LTU,2014,4,2014.75,2014-Q4,2014q4,0.0083270566829632,-0.9030598927717852,-3.8851853318508356,-4.788245224622621
LTU,Lithuania,LTU,2015,1,2015.0,2015-Q1,2015q1,0.0083867479236101,-0.8994649495913505,-3.8816374974488594,-4.78110244704021
LTU,Lithuania,LTU,2015,2,2015.25,2015-Q2,2015q2,0.0084667400655791,-0.894563297813558,-3.877046426686889,-4.771609724500447
LTU,Lithuania,LTU,2015,3,2015.5,2015-Q3,2015q3,0.0085174477645888,-0.8926558505276567,-3.872982690636614,-4.765638541164271
LTU,Lithuania,LTU,2015,4,2015.75,2015-Q4,2015q4,0.0084824077790874,-0.8958688703669666,-3.8738920629004796,-4.769760933267446
LTU,Lithuania,LTU,2016,1,2016.0,2016-Q1,2016q1,0.0083590297988796,-0.9092697653657744,-3.875143146019994,-4.784412911385768
LTU,Lithuania,LTU,2016,2,2016.25,2016-Q2,2016q2,0.0084429305864299,-0.9066178123234323,-3.8678079924394737,-4.774425804762906
LTU,Lithuania,LTU,2016,3,2016.5,2016-Q3,2016q3,0.0085791026882521,-0.8911278911872511,-3.867298061552871,-4.758425952740122
LTU,Lithuania,LTU,2016,4,2016.75,2016-Q4,2016q4,0.0086848272437543,-0.887159269972277,-3.8590185008497677,-4.746177770822045
LTU,Lithuania,LTU,2017,1,2017.0,2017-Q1,2017q1,0.0088374946661908,-0.8744006130704571,-3.8543512382319376,-4.728751851302395
LTU,Lithuania,LTU,2017,2,2017.25,2017-Q2,2017q2,0.0088849153478678,-0.8767174686132453,-3.8466828763408323,-4.723400344954078
LTU,Lithuania,LTU,2017,3,2017.5,2017-Q3,2017q3,0.0090074406433115,-0.8664660196772456,-3.8432382853826903,-4.709704305059936
LTU,Lithuania,LTU,2017,4,2017.75,2017-Q4,2017q4,0.0091132379250163,-0.8602427371927717,-3.837784468307589,-4.6980272055003605
LTU,Lithuania,LTU,2018,1,2018.0,2018-Q1,2018q1,0.009229527700158,-0.8520193957766051,-3.8333280060803943,-4.685347401856999
LTU,Lithuania,LTU,2018,2,2018.25,2018-Q2,2018q2,0.0092932410444471,-0.8527758205742262,-3.8256920918879103,-4.6784679124621364
LTU,Lithuania,LTU,2018,3,2018.5,2018-Q3,2018q3,0.0091048565429638,-0.8746892347101958,-3.824258087068906,-4.698947321779102
LTU,Lithuania,LTU,2018,4,2018.75,2018-Q4,2018q4,0.0094087940834749,-0.8411311834672297,-3.8249793027892887,-4.666110486256518
LTU,Lithuania,LTU,2019,1,2019.0,2019-Q1,2019q1,0.0094865827429787,-0.8364855727972205,-3.821391248718992,-4.657876821516212
LTU,Lithuania,LTU,2019,2,2019.25,2019-Q2,2019q2,0.0096583065908883,-0.8263700049407556,-3.8135669423342766,-4.639936947275032
LTU,Lithuania,LTU,2019,3,2019.5,2019-Q3,2019q3,0.0097343923281525,-0.8199576409456801,-3.8121324225111266,-4.632090063456807
LTU,Lithuania,LTU,2019,4,2019.75,2019-Q4,2019q4,0.0098008778147354,-0.8100335789192323,-3.8152497454656107,-4.625283324384843
LTU,Lithuania,LTU,2020,1,2020.0,2020-Q1,2020q1,0.0096482060370697,-0.8267766248132968,-3.8142066589943626,-4.6409832838076595
LTU,Lithuania,LTU,2020,2,2020.25,2020-Q2,2020q2,0.0094625860378478,-0.7782212250798572,-3.8821883426730164,-4.660409567752874
LTU,Lithuania,LTU,2020,3,2020.5,2020-Q3,2020q3,0.0101502809687696,-0.7628595980063388,-3.8273942942189545,-4.590253892225293
LTU,Lithuania,LTU,2020,4,2020.75,2020-Q4,2020q4,0.0100234017677227,-0.7845440769096137,-3.8182886662554183,-4.602832743165032
LTU,Lithuania,LTU,2021,1,2021.0,2021-Q1,2021q1,0.0101708521205736,-0.7889418216757615,-3.799287463088877,-4.588229284764639
LTU,Lithuania,LTU,2021,2,2021.25,2021-Q2,2021q2,0.010355572579077,-0.7759873819402765,-3.7942431087856,-4.570230490725876
LTU,Lithuania,LTU,2021,3,2021.5,2021-Q3,2021q3,0.0104177411296798,-0.7723236573904924,-3.7919213909475182,-4.564245048338011
LTU,Lithuania,LTU,2021,4,2021.75,2021-Q4,2021q4,0.0105194328493083,-0.7709062575711543,-3.7836247272174144,-4.554530984788569
LTU,Lithuania,LTU,2022,1,2022.0,2022-Q1,2022q1,0.0104672512252528,-0.7768162937407808,-3.7826875330083403,-4.559503826749121
LTU,Lithuania,LTU,2022,2,2022.25,2022-Q2,2022q2,0.0100710678727492,-0.8159961807048286,-3.7820923522090077,-4.598088532913836
LTU,Lithuania,LTU,2022,3,2022.5,2022-Q3,2022q3,0.0101527758869043,-0.8078156388520465,-3.782192485638369,-4.590008124490415
LTU,Lithuania,LTU,2022,4,2022.75,2022-Q4,2022q4,0.0102345785125635,-0.8005017567186559,-3.7814814849885647,-4.581983241707221
LTU,Lithuania,LTU,2023,1,2023.0,2023-Q1,2023q1,0.0102352679289259,-0.7992507832916567,-3.7826650992036,-4.581915882495257
LTU,Lithuania,LTU,2023,2,2023.25,2023-Q2,2023q2,0.0102060614607569,-0.803874066286967,-3.780899408049487,-4.584773474336454
LTU,Lithuania,LTU,2023,3,2023.5,2023-Q3,2023q3,0.0101436226636224,-0.8101982754595456,-3.7807118045063346,-4.59091007996588
LTU,Lithuania,LTU,2023,4,2023.75,2023-Q4,2023q4,0.0100889285817214,-0.8175444457020351,-3.7787721907052205,-4.596316636407256
LTU,Lithuania,LTU,2024,1,2024.0,2024-Q1,2024q1,0.0102604723611927,-0.8037003835730192,-3.775756017623659,-4.579456401196678
LTU,Lithuania,LTU,2024,2,2024.25,2024-Q2,2024q2,0.0102114553388282,-0.8132587100173096,-3.770986406414534,-4.584245116431844
LTU,Lithuania,LTU,2024,3,2024.5,2024-Q3,2024q3,0.0103826097804943,-0.8024465719493032,-3.765176436957072,-4.567623008906375
LTU,Lithuania,LTU,2024,4,2024.75,2024-Q4,2024q4,0.0103754915773962,-0.8061731492135316,-3.7621356838204347,-4.568308833033966
LTU,Lithuania,LTU,2025,1,2025.0,2025-Q1,2025q1,0.0104614828276388,-0.8022142890347985,-3.757840779633255,-4.560055068668054
LTU,Lithuania,LTU,2025,2,2025.25,2025-Q2,2025q2,0.0106201327731932,-0.7921412040645124,-3.7528625569980663,-4.545003761062579
LTU,Lithuania,LTU,2025,3,2025.5,2025-Q3,2025q3,0.0105765529475447,-0.8008891053107825,-3.7482266086888907,-4.549115713999673
LTU,Lithuania,LTU,2025,4,2025.75,2025-Q4,2025q4,0.0108007229909727,-0.7809904834030537,-3.747151720080949,-4.528142203484003
LTU,Lithuania,LTU,2026,1,2026.0,2026-Q1,2026q1,0.0106521663491999,-0.7924538516392143,-3.7495381428027086,-4.541991994441923
MAR,Morocco,MAR,1999,1,1999.0,1999-Q1,1999q1,0.0017394308718515,-2.146238036690705,-4.207959267711823,-6.354197304402528
MAR,Morocco,MAR,1999,2,1999.25,1999-Q2,1999q2,0.0017914700797236,-2.120051398499462,-4.2046673241020285,-6.3247187226014905
MAR,Morocco,MAR,1999,3,1999.5,1999-Q3,1999q3,0.001823719841583,-2.1087658364677813,-4.198111158282587,-6.306876994750368
MAR,Morocco,MAR,1999,4,1999.75,1999-Q4,1999q4,0.0018291329199778,-2.115510955084239,-4.188402283549777,-6.303913238634016
MAR,Morocco,MAR,2000,1,2000.0,2000-Q1,2000q1,0.0018055380086825,-2.1325744716300408,-4.184322194227946,-6.316896665857986
MAR,Morocco,MAR,2000,2,2000.25,2000-Q2,2000q2,0.0017763557327702,-2.1518932068576024,-4.181298147628699,-6.333191354486301
MAR,Morocco,MAR,2000,3,2000.5,2000-Q3,2000q3,0.0018481676085011,-2.1150613867377857,-4.17849922589675,-6.293560612634535
MAR,Morocco,MAR,2000,4,2000.75,2000-Q4,2000q4,0.0018238459001398,-2.1336167971344793,-4.173191078337019,-6.306807875471498
MAR,Morocco,MAR,2001,1,2001.0,2001-Q1,2001q1,0.0019048337644135,-2.0899239843471946,-4.173436552638961,-6.263360536986156
MAR,Morocco,MAR,2001,2,2001.25,2001-Q2,2001q2,0.0019419430505412,-2.070250903801207,-4.1738153309007995,-6.244066234702006
MAR,Morocco,MAR,2001,3,2001.5,2001-Q3,2001q3,0.0019341251055679,-2.07355257272145,-4.174547623851253,-6.248100196572703
MAR,Morocco,MAR,2001,4,2001.75,2001-Q4,2001q4,0.0019733748195741,-2.0572791198647904,-4.17073097567771,-6.2280100955425
MAR,Morocco,MAR,2002,1,2002.0,2002-Q1,2002q1,0.0019338107369511,-2.087264199275526,-4.160998548399518,-6.248262747675044
MAR,Morocco,MAR,2002,2,2002.25,2002-Q2,2002q2,0.0019470988518787,-2.0882165764693683,-4.153198206030584,-6.241414782499953
MAR,Morocco,MAR,2002,3,2002.5,2002-Q3,2002q3,0.0019587809800969,-2.085412175388779,-4.150020772771553,-6.235432948160332
MAR,Morocco,MAR,2002,4,2002.75,2002-Q4,2002q4,0.0019784212823908,-2.079991853789304,-4.145464230650573,-6.225456084439877
MAR,Morocco,MAR,2003,1,2003.0,2003-Q1,2003q1,0.0019322475936383,-2.107645627776918,-4.141425769568831,-6.249071397345749
MAR,Morocco,MAR,2003,2,2003.25,2003-Q2,2003q2,0.0020208443335214,-2.0676519495137136,-4.136587918495714,-6.204239868009427
MAR,Morocco,MAR,2003,3,2003.5,2003-Q3,2003q3,0.0019967322250123,-2.087745329878561,-4.128497992287372,-6.216243322165933
MAR,Morocco,MAR,2003,4,2003.75,2003-Q4,2003q4,0.0019936728572796,-2.0983529973810118,-4.119423687072228,-6.21777668445324
MAR,Morocco,MAR,2004,1,2004.0,2004-Q1,2004q1,0.0020017964361915,-2.10262432722675,-4.111085956256169,-6.213710283482919
MAR,Morocco,MAR,2004,2,2004.25,2004-Q2,2004q2,0.0020638623950835,-2.080473678936092,-4.102702423697901,-6.183176102633992
MAR,Morocco,MAR,2004,3,2004.5,2004-Q3,2004q3,0.0020462343079697,-2.09594708811764,-4.095807009867689,-6.191754097985329
MAR,Morocco,MAR,2004,4,2004.75,2004-Q4,2004q4,0.0020278850456859,-2.1166066400488504,-4.084155238397759,-6.20076187844661
MAR,Morocco,MAR,2005,1,2005.0,2005-Q1,2005q1,0.002029046884861,-2.122259223583571,-4.077929887448277,-6.200189111031848
MAR,Morocco,MAR,2005,2,2005.25,2005-Q2,2005q2,0.0020594105061021,-2.119854961715455,-4.065480537503734,-6.185335499219189
MAR,Morocco,MAR,2005,3,2005.5,2005-Q3,2005q3,0.0020971629444231,-2.1080919963131297,-4.059077830180438,-6.167169826493568
MAR,Morocco,MAR,2005,4,2005.75,2005-Q4,2005q4,0.0021194086978598,-2.1071521858594346,-4.04946595944698,-6.156618145306415
MAR,Morocco,MAR,2006,1,2006.0,2006-Q1,2006q1,0.0021879435855466,-2.0835440854819023,-4.041249092843926,-6.124793178325828
MAR,Morocco,MAR,2006,2,2006.25,2006-Q2,2006q2,0.0022469736071205,-2.0641763868299456,-4.0339946448477555,-6.098171031677701
MAR,Morocco,MAR,2006,3,2006.5,2006-Q3,2006q3,0.002224312313393,-2.081398889060755,-4.026908594708328,-6.1083074837690825
MAR,Morocco,MAR,2006,4,2006.75,2006-Q4,2006q4,0.0022771503669119,-2.067725725502661,-4.017104731287111,-6.0848304567897715
MAR,Morocco,MAR,2007,1,2007.0,2007-Q1,2007q1,0.0022027857785447,-2.1084955101591962,-4.009536946518625,-6.118032456677821
MAR,Morocco,MAR,2007,2,2007.25,2007-Q2,2007q2,0.0022507116363962,-2.095144626214065,-4.0013642037158625,-6.0965088299299275
MAR,Morocco,MAR,2007,3,2007.5,2007-Q3,2007q3,0.0022845272362257,-2.089077643397983,-3.9925185314516303,-6.081596174849613
MAR,Morocco,MAR,2007,4,2007.75,2007-Q4,2007q4,0.0023119991586581,-2.086045814211032,-3.983596877863246,-6.069642692074278
MAR,Morocco,MAR,2008,1,2008.0,2008-Q1,2008q1,0.0023440680155804,-2.073967091371557,-3.9819002994309596,-6.055867390802517
MAR,Morocco,MAR,2008,2,2008.25,2008-Q2,2008q2,0.0023635439041206,-2.069000737344706,-3.978592394666867,-6.047593132011573
MAR,Morocco,MAR,2008,3,2008.5,2008-Q3,2008q3,0.0023834855816967,-2.0576112087784475,-3.981580123773969,-6.0391913325524165
MAR,Morocco,MAR,2008,4,2008.75,2008-Q4,2008q4,0.0023713608779177,-2.0489737879867476,-3.995317490552026,-6.044291278538774
MAR,Morocco,MAR,2009,1,2009.0,2009-Q1,2009q1,0.0023582775151317,-2.0390732005551815,-4.010750592341259,-6.049823792896441
MAR,Morocco,MAR,2009,2,2009.25,2009-Q2,2009q2,0.0024458175757083,-2.0093733880165177,-4.004002437140827,-6.013375825157345
MAR,Morocco,MAR,2009,3,2009.5,2009-Q3,2009q3,0.0024666220470166,-2.0126738887461793,-3.992231767904877,-6.004905656651056
MAR,Morocco,MAR,2009,4,2009.75,2009-Q4,2009q4,0.0024919091747063,-2.009237495716933,-3.985468629751267,-5.9947061254682
MAR,Morocco,MAR,2010,1,2010.0,2010-Q1,2010q1,0.0024410428264878,-2.034419629794163,-3.9809103132822243,-6.015329943076387
MAR,Morocco,MAR,2010,2,2010.25,2010-Q2,2010q2,0.0024973851311679,-2.025905283836073,-3.9666057581895937,-5.992511042025667
MAR,Morocco,MAR,2010,3,2010.5,2010-Q3,2010q3,0.002527708470945,-2.0197053092759933,-3.9607368201089788,-5.980442129384972
MAR,Morocco,MAR,2010,4,2010.75,2010-Q4,2010q4,0.0025654100112698,-2.0138877490999008,-3.9517492155856404,-5.965636964685541
MAR,Morocco,MAR,2011,1,2011.0,2011-Q1,2011q1,0.0025702398852099,-2.01381312013954,-3.949942923742827,-5.963756043882367
MAR,Morocco,MAR,2011,2,2011.25,2011-Q2,2011q2,0.0026145075692878,-2.0034663703451225,-3.9432131388764726,-5.946679509221595
MAR,Morocco,MAR,2011,3,2011.5,2011-Q3,2011q3,0.0026120621763917,-2.009719404396976,-3.9378958593227056,-5.9476152637196815
MAR,Morocco,MAR,2011,4,2011.75,2011-Q4,2011q4,0.002653074006583,-1.9942412043791853,-3.937795104403702,-5.932036308782887
MAR,Morocco,MAR,2012,1,2012.0,2012-Q1,2012q1,0.0026260629360654,-2.0055229817334492,-3.936746555141414,-5.942269536874863
MAR,Morocco,MAR,2012,2,2012.25,2012-Q2,2012q2,0.0026783624099772,-1.9875196687137753,-3.935030043560548,-5.922549712274323
MAR,Morocco,MAR,2012,3,2012.5,2012-Q3,2012q3,0.0027041922432334,-1.981809470222966,-3.931142557235305,-5.912952027458271
MAR,Morocco,MAR,2012,4,2012.75,2012-Q4,2012q4,0.0027546504298688,-1.9682416922932964,-3.9262230378446903,-5.894464730137987
MAR,Morocco,MAR,2013,1,2013.0,2013-Q1,2013q1,0.0027234834496341,-1.9861475269599618,-3.9196960110728867,-5.9058435380328484
MAR,Morocco,MAR,2013,2,2013.25,2013-Q2,2013q2,0.0027815226378522,-1.9738440948869265,-3.910912694874213,-5.8847567897611395
MAR,Morocco,MAR,2013,3,2013.5,2013-Q3,2013q3,0.0027976793243628,-1.973445518620125,-3.905519499563591,-5.878965018183716
MAR,Morocco,MAR,2013,4,2013.75,2013-Q4,2013q4,0.0028278678920263,-1.965386918505006,-3.9028453278103648,-5.868232246315371
MAR,Morocco,MAR,2014,1,2014.0,2014-Q1,2014q1,0.0027925987534962,-1.9820240806008798,-3.8987585832149927,-5.8807826638158724
MAR,Morocco,MAR,2014,2,2014.25,2014-Q2,2014q2,0.0028379555133066,-1.970688373416602,-3.893983002318197,-5.864671375734799
MAR,Morocco,MAR,2014,3,2014.5,2014-Q3,2014q3,0.0028386217583269,-1.9725118997752227,-3.8919247411919593,-5.864436640967182
MAR,Morocco,MAR,2014,4,2014.75,2014-Q4,2014q4,0.0028182426498217,-1.9864564302568848,-3.8851853318508356,-5.87164176210772
MAR,Morocco,MAR,2015,1,2015.0,2015-Q1,2015q1,0.0028962691351538,-1.962694377918388,-3.8816374974488594,-5.8443318753672475
MAR,Morocco,MAR,2015,2,2015.25,2015-Q2,2015q2,0.0029355200242136,-1.9538242343984886,-3.877046426686889,-5.8308706610853775
MAR,Morocco,MAR,2015,3,2015.5,2015-Q3,2015q3,0.0029516328439962,-1.9524140646825918,-3.872982690636614,-5.825396755319206
MAR,Morocco,MAR,2015,4,2015.75,2015-Q4,2015q4,0.0029736373361526,-1.9440773202836685,-3.8738920629004796,-5.817969383184148
MAR,Morocco,MAR,2016,1,2016.0,2016-Q1,2016q1,0.0029124129187368,-1.9636302136634756,-3.875143146019994,-5.838773359683469
MAR,Morocco,MAR,2016,2,2016.25,2016-Q2,2016q2,0.0029167942335063,-1.9694621385955333,-3.8678079924394737,-5.837270131035007
MAR,Morocco,MAR,2016,3,2016.5,2016-Q3,2016q3,0.0029733495712843,-1.9507680983260984,-3.867298061552871,-5.81806615987897
MAR,Morocco,MAR,2016,4,2016.75,2016-Q4,2016q4,0.0029951394471637,-1.951745987660959,-3.8590185008497677,-5.810764488510727
MAR,Morocco,MAR,2017,1,2017.0,2017-Q1,2017q1,0.0030543532176235,-1.9368361832664753,-3.8543512382319376,-5.791187421498413
MAR,Morocco,MAR,2017,2,2017.25,2017-Q2,2017q2,0.0030969965859047,-1.9306396040387384,-3.8466828763408323,-5.777322480379571
MAR,Morocco,MAR,2017,3,2017.5,2017-Q3,2017q3,0.0031014891412248,-1.9326346293111518,-3.8432382853826903,-5.775872914693842
MAR,Morocco,MAR,2017,4,2017.75,2017-Q4,2017q4,0.0031199311432337,-1.9321598785730703,-3.837784468307589,-5.769944346880659
MAR,Morocco,MAR,2018,1,2018.0,2018-Q1,2018q1,0.003148143853319,-1.9276142466565331,-3.8333280060803943,-5.760942252736927
MAR,Morocco,MAR,2018,2,2018.25,2018-Q2,2018q2,0.0031824585766947,-1.9244091516934696,-3.8256920918879103,-5.75010124358138
MAR,Morocco,MAR,2018,3,2018.5,2018-Q3,2018q3,0.0031908180157225,-1.9232198767283823,-3.824258087068906,-5.747477963797288
MAR,Morocco,MAR,2018,4,2018.75,2018-Q4,2018q4,0.0032086673790169,-1.9169202719718896,-3.8249793027892887,-5.741899574761178
MAR,Morocco,MAR,2019,1,2019.0,2019-Q1,2019q1,0.003229472431661,-1.9140452402200894,-3.821391248718992,-5.735436488939081
MAR,Morocco,MAR,2019,2,2019.25,2019-Q2,2019q2,0.0033050728789316,-1.8987298124733845,-3.8135669423342766,-5.712296754807661
MAR,Morocco,MAR,2019,3,2019.5,2019-Q3,2019q3,0.0032767967987825,-1.9087564969825426,-3.8121324225111266,-5.720888919493669
MAR,Morocco,MAR,2019,4,2019.75,2019-Q4,2019q4,0.0032642665567266,-1.9094704340853381,-3.8152497454656107,-5.724720179550949
MAR,Morocco,MAR,2020,1,2020.0,2020-Q1,2020q1,0.0031843731051454,-1.9352931776065674,-3.8142066589943626,-5.74949983660093
MAR,Morocco,MAR,2020,2,2020.25,2020-Q2,2020q2,0.0028328650502775,-1.9842783515132512,-3.8821883426730164,-5.8664666941862675
MAR,Morocco,MAR,2020,3,2020.5,2020-Q3,2020q3,0.0030242546480119,-1.9736963209926306,-3.8273942942189545,-5.801090615211585
MAR,Morocco,MAR,2020,4,2020.75,2020-Q4,2020q4,0.0030746859384327,-1.966263850527278,-3.8182886662554183,-5.784552516782696
MAR,Morocco,MAR,2021,1,2021.0,2021-Q1,2021q1,0.003236418811472,-1.9340004024904305,-3.799287463088877,-5.733287865579308
MAR,Morocco,MAR,2021,2,2021.25,2021-Q2,2021q2,0.003237049065846,-1.9388500375526654,-3.7942431087856,-5.733093146338265
MAR,Morocco,MAR,2021,3,2021.5,2021-Q3,2021q3,0.003288386244126,-1.9254369468986035,-3.7919213909475182,-5.717358337846122
MAR,Morocco,MAR,2021,4,2021.75,2021-Q4,2021q4,0.0033196391568946,-1.924274462425609,-3.7836247272174144,-5.707899189643023
MAR,Morocco,MAR,2022,1,2022.0,2022-Q1,2022q1,0.003279274574562,-1.937445514330689,-3.7826875330083403,-5.720133047339029
MAR,Morocco,MAR,2022,2,2022.25,2022-Q2,2022q2,0.0033400883075648,-1.919665680743376,-3.7820923522090077,-5.701758032952384
MAR,Morocco,MAR,2022,3,2022.5,2022-Q3,2022q3,0.0033631866874978,-1.9126738499355387,-3.782192485638369,-5.6948663355739075
MAR,Morocco,MAR,2022,4,2022.75,2022-Q4,2022q4,0.0033655010268824,-1.9126969484046792,-3.7814814849885647,-5.694178433393244
MDA,Moldova,MDA,2016,1,2016.0,2016-Q1,2016q1,0.0013176950062457,-2.7567281301508046,-3.875143146019994,-6.6318712761707985
MDA,Moldova,MDA,2016,2,2016.25,2016-Q2,2016q2,0.0013860911091334,-2.713459652629939,-3.8678079924394737,-6.5812676450694125
MDA,Moldova,MDA,2016,3,2016.5,2016-Q3,2016q3,0.0014034790826619,-2.701503004417072,-3.867298061552871,-6.568801065969943
MDA,Moldova,MDA,2016,4,2016.75,2016-Q4,2016q4,0.0014011336597138,-2.7114551122489976,-3.8590185008497677,-6.570473613098765
MDA,Moldova,MDA,2017,1,2017.0,2017-Q1,2017q1,0.0014477993923412,-2.6833592975852225,-3.8543512382319376,-6.53771053581716
MDA,Moldova,MDA,2017,2,2017.25,2017-Q2,2017q2,0.0014713761842535,-2.674874260029342,-3.8466828763408323,-6.521557136370174
MDA,Moldova,MDA,2017,3,2017.5,2017-Q3,2017q3,0.001536434289264,-2.6350526584312526,-3.8432382853826903,-6.478290943813943
MDA,Moldova,MDA,2017,4,2017.75,2017-Q4,2017q4,0.0015340787607773,-2.6420407656464033,-3.837784468307589,-6.479825233953992
MDA,Moldova,MDA,2018,1,2018.0,2018-Q1,2018q1,0.001554884080129,-2.633026276590113,-3.8333280060803943,-6.466354282670507
MDA,Moldova,MDA,2018,2,2018.25,2018-Q2,2018q2,0.0016137531288266,-2.603500585062798,-3.8256920918879103,-6.429192676950708
MDA,Moldova,MDA,2018,3,2018.5,2018-Q3,2018q3,0.0016496153603268,-2.5829550461297104,-3.824258087068906,-6.407213133198616
MDA,Moldova,MDA,2018,4,2018.75,2018-Q4,2018q4,0.0016452356013637,-2.5848923795174112,-3.8249793027892887,-6.4098716823067
MDA,Moldova,MDA,2019,1,2019.0,2019-Q1,2019q1,0.0016042819391635,-2.613687763719183,-3.821391248718992,-6.435079012438175
MDA,Moldova,MDA,2019,2,2019.25,2019-Q2,2019q2,0.0016856365871196,-2.5720450476805197,-3.8135669423342766,-6.385611990014796
MDA,Moldova,MDA,2019,3,2019.5,2019-Q3,2019q3,0.0017052148009034,-2.5619317707361686,-3.8121324225111266,-6.374064193247295
MDA,Moldova,MDA,2019,4,2019.75,2019-Q4,2019q4,0.0016310698281992,-2.6032693976738104,-3.8152497454656107,-6.418519143139421
MDA,Moldova,MDA,2020,1,2020.0,2020-Q1,2020q1,0.0016039287185333,-2.621092551348074,-3.8142066589943626,-6.4352992103424365
MDA,Moldova,MDA,2020,2,2020.25,2020-Q2,2020q2,0.0014709826807944,-2.6396362685222856,-3.8821883426730164,-6.521824611195302
MDA,Moldova,MDA,2020,3,2020.5,2020-Q3,2020q3,0.0015198306691902,-2.6617620579591974,-3.8273942942189545,-6.489156352178152
MDA,Moldova,MDA,2020,4,2020.75,2020-Q4,2020q4,0.0015112675810584,-2.6765178563928314,-3.8182886662554183,-6.49480652264825
MDA,Moldova,MDA,2021,1,2021.0,2021-Q1,2021q1,0.0016411082336897,-2.6130960500250806,-3.799287463088877,-6.412383513113958
MDA,Moldova,MDA,2021,2,2021.25,2021-Q2,2021q2,0.0016541392345511,-2.6102313966355384,-3.7942431087856,-6.404474505421138
MDA,Moldova,MDA,2021,3,2021.5,2021-Q3,2021q3,0.0016954393674265,-2.587891966971359,-3.7919213909475182,-6.379813357918877
MDA,Moldova,MDA,2021,4,2021.75,2021-Q4,2021q4,0.0017549846191276,-2.5616704589151555,-3.7836247272174144,-6.34529518613257
MDA,Moldova,MDA,2022,1,2022.0,2022-Q1,2022q1,0.0016181085150096,-2.64380986221336,-3.7826875330083403,-6.4264973952217
MDA,Moldova,MDA,2022,2,2022.25,2022-Q2,2022q2,0.0016262551550504,-2.639383006033252,-3.7820923522090077,-6.42147535824226
MDA,Moldova,MDA,2022,3,2022.5,2022-Q3,2022q3,0.0015581695594396,-2.682051020340932,-3.782192485638369,-6.464243505979301
MDA,Moldova,MDA,2022,4,2022.75,2022-Q4,2022q4,0.0016175589601401,-2.645355595864619,-3.7814814849885647,-6.426837080853184
MDA,Moldova,MDA,2023,1,2023.0,2023-Q1,2023q1,0.0017458277452237,-2.5678613840300337,-3.7826650992036,-6.350526483233634
MDA,Moldova,MDA,2023,2,2023.25,2023-Q2,2023q2,0.0017263492520297,-2.5808469510991636,-3.780899408049487,-6.3617463591486505
MDA,Moldova,MDA,2023,3,2023.5,2023-Q3,2023q3,0.0017275794917407,-2.5803221833953733,-3.7807118045063346,-6.361033987901708
MDA,Moldova,MDA,2023,4,2023.75,2023-Q4,2023q4,0.0017292271745999,-2.581308499460733,-3.7787721907052205,-6.360080690165954
MDA,Moldova,MDA,2024,1,2024.0,2024-Q1,2024q1,0.0017668302778924,-2.5628121236287913,-3.775756017623659,-6.33856814125245
MDA,Moldova,MDA,2024,2,2024.25,2024-Q2,2024q2,0.0017926227241478,-2.553089116065189,-3.770986406414534,-6.324075522479723
MDA,Moldova,MDA,2024,3,2024.5,2024-Q3,2024q3,0.0017162231894636,-2.602452785626879,-3.765176436957072,-6.367629222583951
MDA,Moldova,MDA,2024,4,2024.75,2024-Q4,2024q4,0.0017291582985262,-2.5979848376912402,-3.7621356838204347,-6.360120521511675
MDA,Moldova,MDA,2025,1,2025.0,2025-Q1,2025q1,0.001852802251152,-2.5332152759530806,-3.757840779633255,-6.291056055586336
MDA,Moldova,MDA,2025,2,2025.25,2025-Q2,2025q2,0.0017812868895135,-2.5775566472613787,-3.7528625569980663,-6.330419204259445
MDA,Moldova,MDA,2025,3,2025.5,2025-Q3,2025q3,0.0018113757490326,-2.5654420313933497,-3.7482266086888907,-6.31366864008224
MDA,Moldova,MDA,2025,4,2025.75,2025-Q4,2025q4,0.0017884180942311,-2.5792720760220647,-3.747151720080949,-6.326423796103014
MEX,Mexico,MEX,1995,1,1995.0,1995-Q1,1995q1,0.0059716496287681,-0.8666575014335054,-4.254074568586735,-5.120732070020241
MEX,Mexico,MEX,1995,2,1995.25,1995-Q2,1995q2,0.0054508134095936,-0.9615502253477919,-4.2504402066290705,-5.211990431976862
MEX,Mexico,MEX,1995,3,1995.5,1995-Q3,1995q3,0.0056314426428787,-0.9320385812024714,-4.24735104637809,-5.179389627580561
MEX,Mexico,MEX,1995,4,1995.75,1995-Q4,1995q4,0.0057020385148416,-0.9225120479799802,-4.244419485914777,-5.166931533894757
MEX,Mexico,MEX,1996,1,1996.0,1996-Q1,1996q1,0.0057441563212393,-0.9184973376666399,-4.241074895239452,-5.159572232906092
MEX,Mexico,MEX,1996,2,1996.25,1996-Q2,1996q2,0.0057066320209697,-0.9289698834744353,-4.237156384572403,-5.166126268046838
MEX,Mexico,MEX,1996,3,1996.5,1996-Q3,1996q3,0.0057854843776744,-0.9157054763001504,-4.236697715606429,-5.152403191906579
MEX,Mexico,MEX,1996,4,1996.75,1996-Q4,1996q4,0.0059220420923938,-0.8989746201460092,-4.230099321381617,-5.1290739415276265
MEX,Mexico,MEX,1997,1,1997.0,1997-Q1,1997q1,0.005756616277454,-0.9299736374914378,-4.227431791231235,-5.157405428722673
MEX,Mexico,MEX,1997,2,1997.25,1997-Q2,1997q2,0.0058273737737632,-0.9308317713577452,-4.214357076375103,-5.1451888477328485
MEX,Mexico,MEX,1997,3,1997.5,1997-Q3,1997q3,0.0059079369775807,-0.9217996996543434,-4.2096588820174015,-5.131458581671745
MEX,Mexico,MEX,1997,4,1997.75,1997-Q4,1997q4,0.0060425348663702,-0.9027395815879791,-4.206192093625781,-5.10893167521376
MEX,Mexico,MEX,1998,1,1998.0,1998-Q1,1998q1,0.0061166533403609,-0.8862296883000216,-4.21051048353961,-5.096740171839632
MEX,Mexico,MEX,1998,2,1998.25,1998-Q2,1998q2,0.0060763209803605,-0.8921400309175178,-4.211215837148984,-5.103355868066502
MEX,Mexico,MEX,1998,3,1998.5,1998-Q3,1998q3,0.0060895614026638,-0.8927071469587711,-4.2084720721621,-5.101179219120871
MEX,Mexico,MEX,1998,4,1998.75,1998-Q4,1998q4,0.006080771927566,-0.8963282100492975,-4.206295419243004,-5.102623629292301
MEX,Mexico,MEX,1999,1,1999.0,1999-Q1,1999q1,0.0061743202439404,-0.8793972167687079,-4.207959267711823,-5.087356484480531
MEX,Mexico,MEX,1999,2,1999.25,1999-Q2,1999q2,0.0061445436854992,-0.8875234724714032,-4.2046673241020285,-5.092190796573432
MEX,Mexico,MEX,1999,3,1999.5,1999-Q3,1999q3,0.0061910517231584,-0.886539141624846,-4.198111158282587,-5.084650299907433
MEX,Mexico,MEX,1999,4,1999.75,1999-Q4,1999q4,0.0062346300076787,-0.8892337592513826,-4.188402283549777,-5.07763604280116
MEX,Mexico,MEX,2000,1,2000.0,2000-Q1,2000q1,0.0065798808792904,-0.8394164430321425,-4.184322194227946,-5.023738637260088
MEX,Mexico,MEX,2000,2,2000.25,2000-Q2,2000q2,0.0062979857148466,-0.8862272768819093,-4.181298147628699,-5.067525424510608
MEX,Mexico,MEX,2000,3,2000.5,2000-Q3,2000q3,0.0063007714429097,-0.8885839759289356,-4.17849922589675,-5.067083201825685
MEX,Mexico,MEX,2000,4,2000.75,2000-Q4,2000q4,0.0061914754061231,-0.9113907891800883,-4.173191078337019,-5.084581867517107
MEX,Mexico,MEX,2001,1,2001.0,2001-Q1,2001q1,0.0062866010504417,-0.8958981752239064,-4.173436552638961,-5.069334727862867
MEX,Mexico,MEX,2001,2,2001.25,2001-Q2,2001q2,0.0063016274174692,-0.8931320278095711,-4.1738153309007995,-5.066947358710371
MEX,Mexico,MEX,2001,3,2001.5,2001-Q3,2001q3,0.0061552976877581,-0.9158945314718077,-4.174547623851253,-5.0904421553230605
MEX,Mexico,MEX,2001,4,2001.75,2001-Q4,2001q4,0.0060595211415762,-0.9353935258872932,-4.17073097567771,-5.106124501565003
MEX,Mexico,MEX,2002,1,2002.0,2002-Q1,2002q1,0.0060020984786194,-0.9546475760650255,-4.160998548399518,-5.1156461244645435
MEX,Mexico,MEX,2002,2,2002.25,2002-Q2,2002q2,0.0060605796802652,-0.9527516206357118,-4.153198206030584,-5.105949826666296
MEX,Mexico,MEX,2002,3,2002.5,2002-Q3,2002q3,0.0060969712791923,-0.9499423699418426,-4.150020772771553,-5.099963142713396
MEX,Mexico,MEX,2002,4,2002.75,2002-Q4,2002q4,0.0060987340652431,-0.9542098289777048,-4.145464230650573,-5.099674059628278
MEX,Mexico,MEX,2003,1,2003.0,2003-Q1,2003q1,0.0060413880687419,-0.9676957111638647,-4.141425769568831,-5.1091214807326955
MEX,Mexico,MEX,2003,2,2003.25,2003-Q2,2003q2,0.0060619969376546,-0.9691280870217414,-4.136587918495714,-5.105716005517455
MEX,Mexico,MEX,2003,3,2003.5,2003-Q3,2003q3,0.0059990876386085,-0.9876498892609566,-4.128497992287372,-5.116147881548328
MEX,Mexico,MEX,2003,4,2003.75,2003-Q4,2003q4,0.0060117235906589,-0.9946200973470969,-4.119423687072228,-5.114043784419325
MEX,Mexico,MEX,2004,1,2004.0,2004-Q1,2004q1,0.0060576209834992,-0.9953521767035918,-4.111085956256169,-5.10643813295976
MEX,Mexico,MEX,2004,2,2004.25,2004-Q2,2004q2,0.0060614641438138,-1.0031014764954334,-4.102702423697901,-5.105803900193334
MEX,Mexico,MEX,2004,3,2004.5,2004-Q3,2004q3,0.006083674752888,-1.006339355566526,-4.095807009867689,-5.102146365434215
MEX,Mexico,MEX,2004,4,2004.75,2004-Q4,2004q4,0.0061489280108785,-1.0073222811334404,-4.084155238397759,-5.0914775195312
MEX,Mexico,MEX,2005,1,2005.0,2005-Q1,2005q1,0.0060477139399753,-1.0301450520597344,-4.077929887448277,-5.108074939508011
MEX,Mexico,MEX,2005,2,2005.25,2005-Q2,2005q2,0.0060283800071915,-1.0457964223574665,-4.065480537503734,-5.1112769598612005
MEX,Mexico,MEX,2005,3,2005.5,2005-Q3,2005q3,0.006004553421072,-1.056159363883304,-4.059077830180438,-5.115237194063742
MEX,Mexico,MEX,2005,4,2005.75,2005-Q4,2005q4,0.0060500674334554,-1.0582199015288376,-4.04946595944698,-5.107685860975818
MEX,Mexico,MEX,2006,1,2006.0,2006-Q1,2006q1,0.0061396147722623,-1.051744186621331,-4.041249092843926,-5.092993279465257
MEX,Mexico,MEX,2006,2,2006.25,2006-Q2,2006q2,0.0061555213196291,-1.056411179525936,-4.0339946448477555,-5.090405824373692
MEX,Mexico,MEX,2006,3,2006.5,2006-Q3,2006q3,0.0061179292434047,-1.0696230039266705,-4.026908594708328,-5.096531598634998
MEX,Mexico,MEX,2006,4,2006.75,2006-Q4,2006q4,0.0061155632019791,-1.0798136810833219,-4.017104731287111,-5.0969184123704325
MEX,Mexico,MEX,2007,1,2007.0,2007-Q1,2007q1,0.0061512959586924,-1.081555547853844,-4.009536946518625,-5.091092494372469
MEX,Mexico,MEX,2007,2,2007.25,2007-Q2,2007q2,0.0061590772022754,-1.088464113768132,-4.0013642037158625,-5.0898283174839944
MEX,Mexico,MEX,2007,3,2007.5,2007-Q3,2007q3,0.0061782570915303,-1.0942005398613843,-3.9925185314516303,-5.086719071313015
MEX,Mexico,MEX,2007,4,2007.75,2007-Q4,2007q4,0.006064599418606,-1.1216899089493233,-3.983596877863246,-5.105286786812569
MEX,Mexico,MEX,2008,1,2008.0,2008-Q1,2008q1,0.0060561696509572,-1.1247774501100576,-3.9819002994309596,-5.106677749541017
MEX,Mexico,MEX,2008,2,2008.25,2008-Q2,2008q2,0.0060754851377594,-1.1249010402097523,-3.978592394666867,-5.103493434876619
MEX,Mexico,MEX,2008,3,2008.5,2008-Q3,2008q3,0.0061223241255294,-1.1142333717007284,-3.981580123773969,-5.095813495474697
MEX,Mexico,MEX,2008,4,2008.75,2008-Q4,2008q4,0.0060719301005602,-1.108761260168491,-3.995317490552026,-5.104078750720517
MEX,Mexico,MEX,2009,1,2009.0,2009-Q1,2009q1,0.0056365455369602,-1.167733302228421,-4.010750592341259,-5.1784838945696805
MEX,Mexico,MEX,2009,2,2009.25,2009-Q2,2009q2,0.0055553096874127,-1.188998670994434,-4.004002437140827,-5.193001108135261
MEX,Mexico,MEX,2009,3,2009.5,2009-Q3,2009q3,0.0056766380307659,-1.1791643495757045,-3.992231767904877,-5.171396117480581
MEX,Mexico,MEX,2009,4,2009.75,2009-Q4,2009q4,0.0057352156932463,-1.1756612893748555,-3.985468629751267,-5.161129919126123
MEX,Mexico,MEX,2010,1,2010.0,2010-Q1,2010q1,0.0057647871200155,-1.1750767389372654,-3.9809103132822243,-5.15598705221949
MEX,Mexico,MEX,2010,2,2010.25,2010-Q2,2010q2,0.0057764401350346,-1.1873619214412563,-3.9666057581895937,-5.15396767963085
MEX,Mexico,MEX,2010,3,2010.5,2010-Q3,2010q3,0.0058588920549521,-1.179057942280859,-3.9607368201089788,-5.139794762389838
MEX,Mexico,MEX,2010,4,2010.75,2010-Q4,2010q4,0.0059769246269281,-1.1680999041528652,-3.9517492155856404,-5.119849119738506
MEX,Mexico,MEX,2011,1,2011.0,2011-Q1,2011q1,0.006005324063569,-1.1651659355399744,-3.949942923742827,-5.115108859282802
MEX,Mexico,MEX,2011,2,2011.25,2011-Q2,2011q2,0.0060040619178995,-1.1721059136128917,-3.9432131388764726,-5.115319052489364
MEX,Mexico,MEX,2011,3,2011.5,2011-Q3,2011q3,0.0060591505492323,-1.1682898027974264,-3.9378958593227056,-5.106185662120132
MEX,Mexico,MEX,2011,4,2011.75,2011-Q4,2011q4,0.0059927356105085,-1.1794121704599085,-3.937795104403702,-5.117207274863611
MEX,Mexico,MEX,2012,1,2012.0,2012-Q1,2012q1,0.0060158608335181,-1.1766092701871296,-3.936746555141414,-5.113355825328544
MEX,Mexico,MEX,2012,2,2012.25,2012-Q2,2012q2,0.0059912931466977,-1.1824179623371731,-3.935030043560548,-5.117448005897721
MEX,Mexico,MEX,2012,3,2012.5,2012-Q3,2012q3,0.0059716476127865,-1.1895898503770694,-3.931142557235305,-5.120732407612374
MEX,Mexico,MEX,2012,4,2012.75,2012-Q4,2012q4,0.0060832336676023,-1.1759958333191065,-3.9262230378446903,-5.102218871163797
MEX,Mexico,MEX,2013,1,2013.0,2013-Q1,2013q1,0.0060527823551687,-1.187541208168752,-3.9196960110728867,-5.107237219241639
MEX,Mexico,MEX,2013,2,2013.25,2013-Q2,2013q2,0.0059903205371337,-1.2066976613699305,-3.910912694874213,-5.1176103562441435
MEX,Mexico,MEX,2013,3,2013.5,2013-Q3,2013q3,0.0060226856137912,-1.206702504329931,-3.905519499563591,-5.112222003893522
MEX,Mexico,MEX,2013,4,2013.75,2013-Q4,2013q4,0.0059950286528468,-1.2139793832463681,-3.9028453278103648,-5.116824711056733
MEX,Mexico,MEX,2014,1,2014.0,2014-Q1,2014q1,0.0060539932408892,-1.208278601638475,-3.8987585832149927,-5.107037184853468
MEX,Mexico,MEX,2014,2,2014.25,2014-Q2,2014q2,0.0061630183119641,-1.195205633413852,-3.893983002318197,-5.089188635732049
MEX,Mexico,MEX,2014,3,2014.5,2014-Q3,2014q3,0.0061601658956536,-1.1977268294947874,-3.8919247411919593,-5.089651570686747
MEX,Mexico,MEX,2014,4,2014.75,2014-Q4,2014q4,0.006180370424834,-1.2011917381644626,-3.8851853318508356,-5.086377070015298
MEX,Mexico,MEX,2015,1,2015.0,2015-Q1,2015q1,0.0061416720695494,-1.2110207524168377,-3.8816374974488594,-5.092658249865697
MEX,Mexico,MEX,2015,2,2015.25,2015-Q2,2015q2,0.0061716765151087,-1.2107383308482533,-3.877046426686889,-5.087784757535142
MEX,Mexico,MEX,2015,3,2015.5,2015-Q3,2015q3,0.0062062567157816,-1.2092146574350089,-3.872982690636614,-5.082197348071623
MEX,Mexico,MEX,2015,4,2015.75,2015-Q4,2015q4,0.0060980001560127,-1.2259023419313544,-3.8738920629004796,-5.099794404831834
MEX,Mexico,MEX,2016,1,2016.0,2016-Q1,2016q1,0.0061192397856296,-1.2211742621879864,-3.875143146019994,-5.09631740820798
MEX,Mexico,MEX,2016,2,2016.25,2016-Q2,2016q2,0.0061050149816603,-1.230836724984595,-3.8678079924394737,-5.098644717424069
MEX,Mexico,MEX,2016,3,2016.5,2016-Q3,2016q3,0.0061013215845778,-1.2319518165064425,-3.867298061552871,-5.099249878059314
MEX,Mexico,MEX,2016,4,2016.75,2016-Q4,2016q4,0.0061575352486266,-1.2310602026332997,-3.8590185008497677,-5.0900787034830675
MEX,Mexico,MEX,2017,1,2017.0,2017-Q1,2017q1,0.0061673669817508,-1.2341320391737645,-3.8543512382319376,-5.088483277405702
MEX,Mexico,MEX,2017,2,2017.25,2017-Q2,2017q2,0.0061731694373292,-1.2408600114725603,-3.8466828763408323,-5.087542887813393
MEX,Mexico,MEX,2017,3,2017.5,2017-Q3,2017q3,0.0061169553327443,-1.2534525155163578,-3.8432382853826903,-5.096690800899048
MEX,Mexico,MEX,2017,4,2017.75,2017-Q4,2017q4,0.006150711153814,-1.2534031007748019,-3.837784468307589,-5.091187569082391
MEX,Mexico,MEX,2018,1,2018.0,2018-Q1,2018q1,0.0061675850749706,-1.2551199094983914,-3.8333280060803943,-5.088447915578786
MEX,Mexico,MEX,2018,2,2018.25,2018-Q2,2018q2,0.0060897958245474,-1.2754486322813379,-3.8256920918879103,-5.101140724169248
MEX,Mexico,MEX,2018,3,2018.5,2018-Q3,2018q3,0.0060861745929706,-1.277477453210992,-3.824258087068906,-5.101735540279898
MEX,Mexico,MEX,2018,4,2018.75,2018-Q4,2018q4,0.006050373875231,-1.2826559085006455,-3.8249793027892887,-5.107635211289934
MEX,Mexico,MEX,2019,1,2019.0,2019-Q1,2019q1,0.0059905168575312,-1.2961863351251846,-3.821391248718992,-5.117577583844176
MEX,Mexico,MEX,2019,2,2019.25,2019-Q2,2019q2,0.0059412274923665,-1.3122725760756278,-3.8135669423342766,-5.125839518409904
MEX,Mexico,MEX,2019,3,2019.5,2019-Q3,2019q3,0.0059070183179267,-1.319481667096598,-3.8121324225111266,-5.131614089607725
MEX,Mexico,MEX,2019,4,2019.75,2019-Q4,2019q4,0.005819005616232,-1.3313761426883088,-3.8152497454656107,-5.1466258881539195
MEX,Mexico,MEX,2020,1,2020.0,2020-Q1,2020q1,0.0057063161689862,-1.3519749588145746,-3.8142066589943626,-5.166181617808937
MEX,Mexico,MEX,2020,2,2020.25,2020-Q2,2020q2,0.0058027402918606,-1.2672366662188779,-3.8821883426730164,-5.149425008891894
MEX,Mexico,MEX,2020,3,2020.5,2020-Q3,2020q3,0.0057075280344262,-1.3385749734960162,-3.8273942942189545,-5.165969267714971
MEX,Mexico,MEX,2020,4,2020.75,2020-Q4,2020q4,0.0057618776895958,-1.338203203364341,-3.8182886662554183,-5.156491869619759
MEX,Mexico,MEX,2021,1,2021.0,2021-Q1,2021q1,0.005752122433083,-1.358898910394541,-3.799287463088877,-5.158186373483418
MEX,Mexico,MEX,2021,2,2021.25,2021-Q2,2021q2,0.0064810737061511,-1.2446259781646312,-3.7942431087856,-5.038869086950231
MEX,Mexico,MEX,2021,3,2021.5,2021-Q3,2021q3,0.0055146252618714,-1.4084301865278288,-3.7919213909475182,-5.200351577475347
MEX,Mexico,MEX,2021,4,2021.75,2021-Q4,2021q4,0.0055235612128284,-1.4151077522422217,-3.7836247272174144,-5.198732479459636
MEX,Mexico,MEX,2022,1,2022.0,2022-Q1,2022q1,0.0055775533848929,-1.4063175272216504,-3.7826875330083403,-5.189005060229991
MEX,Mexico,MEX,2022,2,2022.25,2022-Q2,2022q2,0.0055600719057554,-1.4100518859044446,-3.7820923522090077,-5.192144238113452
MEX,Mexico,MEX,2022,3,2022.5,2022-Q3,2022q3,0.0055915381458551,-1.4043083837660975,-3.782192485638369,-5.186500869404466
MEX,Mexico,MEX,2022,4,2022.75,2022-Q4,2022q4,0.0055935465060144,-1.4046602704273368,-3.7814814849885647,-5.1861417554159015
MEX,Mexico,MEX,2023,1,2023.0,2023-Q1,2023q1,0.0055623917746715,-1.4090619887142846,-3.7826650992036,-5.191727087917885
MEX,Mexico,MEX,2023,2,2023.25,2023-Q2,2023q2,0.0056385962958093,-1.397220720121131,-3.780899408049487,-5.178120128170618
MEX,Mexico,MEX,2023,3,2023.5,2023-Q3,2023q3,0.0056227612135855,-1.4002206120846061,-3.7807118045063346,-5.180932416590941
MEX,Mexico,MEX,2023,4,2023.75,2023-Q4,2023q4,0.0056172690275829,-1.4031374806300327,-3.7787721907052205,-5.181909671335253
MEX,Mexico,MEX,2024,1,2024.0,2024-Q1,2024q1,0.0056027764842191,-1.408736985732547,-3.775756017623659,-5.184493003356206
MEX,Mexico,MEX,2024,2,2024.25,2024-Q2,2024q2,0.0056181174179764,-1.4107722437877617,-3.770986406414534,-5.181758650202296
MEX,Mexico,MEX,2024,3,2024.5,2024-Q3,2024q3,0.00566477902444,-1.4083109554656468,-3.765176436957072,-5.173487392422719
MEX,Mexico,MEX,2024,4,2024.75,2024-Q4,2024q4,0.0056083691380935,-1.4213596241125348,-3.7621356838204347,-5.1834953079329695
MEX,Mexico,MEX,2025,1,2025.0,2025-Q1,2025q1,0.0056402070019607,-1.4199937320371325,-3.757840779633255,-5.177834511670388
MEX,Mexico,MEX,2025,2,2025.25,2025-Q2,2025q2,0.0056504944119238,-1.4231496741190086,-3.7528625569980663,-5.176012231117075
MEX,Mexico,MEX,2025,3,2025.5,2025-Q3,2025q3,0.0056481060128532,-1.4282084002973687,-3.7482266086888907,-5.176435008986259
MEX,Mexico,MEX,2025,4,2025.75,2025-Q4,2025q4,0.005680909664743,-1.4234921867476436,-3.747151720080949,-5.170643906828593
MYS,Malaysia,MYS,2005,1,2005.0,2005-Q1,2005q1,0.0050135123311775,-1.2176886579604478,-4.077929887448277,-5.295618545408725
MYS,Malaysia,MYS,2005,2,2005.25,2005-Q2,2005q2,0.0050111454590614,-1.2306102179713303,-4.065480537503734,-5.296090755475064
MYS,Malaysia,MYS,2005,3,2005.5,2005-Q3,2005q3,0.0050120227893659,-1.2368378648177396,-4.059077830180438,-5.295915694998178
MYS,Malaysia,MYS,2005,4,2005.75,2005-Q4,2005q4,0.0050572511779469,-1.2374662293121022,-4.04946595944698,-5.286932188759082
MYS,Malaysia,MYS,2006,1,2006.0,2006-Q1,2006q1,0.0051141680476437,-1.234491449495514,-4.041249092843926,-5.27574054233944
MYS,Malaysia,MYS,2006,2,2006.25,2006-Q2,2006q2,0.0051189173116835,-1.240817680006142,-4.0339946448477555,-5.274812324853897
MYS,Malaysia,MYS,2006,3,2006.5,2006-Q3,2006q3,0.0051201684333309,-1.2476593486285505,-4.026908594708328,-5.274567943336878
MYS,Malaysia,MYS,2006,4,2006.75,2006-Q4,2006q4,0.0051507595375893,-1.2515063608668857,-4.017104731287111,-5.268611092153996
MYS,Malaysia,MYS,2007,1,2007.0,2007-Q1,2007q1,0.0051998687262614,-1.2495849521445201,-4.009536946518625,-5.259121898663145
MYS,Malaysia,MYS,2007,2,2007.25,2007-Q2,2007q2,0.0052435136450264,-1.2493992587028266,-4.0013642037158625,-5.250763462418689
MYS,Malaysia,MYS,2007,3,2007.5,2007-Q3,2007q3,0.0052669062782579,-1.2537936013288475,-3.9925185314516303,-5.246312132780478
MYS,Malaysia,MYS,2007,4,2007.75,2007-Q4,2007q4,0.0053495659283454,-1.2471429783912993,-3.983596877863246,-5.230739856254545
MYS,Malaysia,MYS,2008,1,2008.0,2008-Q1,2008q1,0.0055382051144666,-1.2141845178453439,-3.9819002994309596,-5.1960848172763034
MYS,Malaysia,MYS,2008,2,2008.25,2008-Q2,2008q2,0.0055282483252873,-1.2192918774971675,-3.978592394666867,-5.197884272164035
MYS,Malaysia,MYS,2008,3,2008.5,2008-Q3,2008q3,0.0054696580728382,-1.2269590502640586,-3.981580123773969,-5.208539174038028
MYS,Malaysia,MYS,2008,4,2008.75,2008-Q4,2008q4,0.0052899494124063,-1.246629105477783,-3.995317490552026,-5.241946596029809
MYS,Malaysia,MYS,2009,1,2009.0,2009-Q1,2009q1,0.0051126842287903,-1.2652801309499937,-4.010750592341259,-5.276030723291253
MYS,Malaysia,MYS,2009,2,2009.25,2009-Q2,2009q2,0.0052080578896113,-1.2535458214800554,-4.004002437140827,-5.257548258620883
MYS,Malaysia,MYS,2009,3,2009.5,2009-Q3,2009q3,0.0052982010842299,-1.2481561662043648,-3.992231767904877,-5.240387934109242
MYS,Malaysia,MYS,2009,4,2009.75,2009-Q4,2009q4,0.00539735758732,-1.2363771511058985,-3.985468629751267,-5.221845780857166
MYS,Malaysia,MYS,2010,1,2010.0,2010-Q1,2010q1,0.005217363168802,-1.27485283150784,-3.9809103132822243,-5.255763144790064
MYS,Malaysia,MYS,2010,2,2010.25,2010-Q2,2010q2,0.0052779930927532,-1.2776035913986639,-3.9666057581895937,-5.244209349588258
MYS,Malaysia,MYS,2010,3,2010.5,2010-Q3,2010q3,0.0052189568625581,-1.2947209117072216,-3.9607368201089788,-5.2554577318162
MYS,Malaysia,MYS,2010,4,2010.75,2010-Q4,2010q4,0.0052240464217403,-1.3027337852175345,-3.9517492155856404,-5.254483000803175
MYS,Malaysia,MYS,2011,1,2011.0,2011-Q1,2011q1,0.0052338336435823,-1.3026683354380957,-3.949942923742827,-5.252611259180923
MYS,Malaysia,MYS,2011,2,2011.25,2011-Q2,2011q2,0.0052656247239195,-1.3033423455436943,-3.9432131388764726,-5.246555484420167
MYS,Malaysia,MYS,2011,3,2011.5,2011-Q3,2011q3,0.00527300765816,-1.307258506777619,-3.9378958593227056,-5.245154366100325
MYS,Malaysia,MYS,2011,4,2011.75,2011-Q4,2011q4,0.0052547986272058,-1.310818491211009,-3.937795104403702,-5.248613595614711
MYS,Malaysia,MYS,2012,1,2012.0,2012-Q1,2012q1,0.0053043772168238,-1.302476354175349,-3.936746555141414,-5.239222909316763
MYS,Malaysia,MYS,2012,2,2012.25,2012-Q2,2012q2,0.0053302664236638,-1.2993240128150672,-3.935030043560548,-5.234354056375615
MYS,Malaysia,MYS,2012,3,2012.5,2012-Q3,2012q3,0.0053398065811302,-1.3014232901928513,-3.931142557235305,-5.232565847428156
MYS,Malaysia,MYS,2012,4,2012.75,2012-Q4,2012q4,0.0053976751776452,-1.295563902927002,-3.9262230378446903,-5.221786940771692
MYS,Malaysia,MYS,2013,1,2013.0,2013-Q1,2013q1,0.0052350772563987,-1.3326776660263597,-3.9196960110728867,-5.252373677099246
MYS,Malaysia,MYS,2013,2,2013.25,2013-Q2,2013q2,0.0052671642907726,-1.3353504516168604,-3.910912694874213,-5.246263146491073
MYS,Malaysia,MYS,2013,3,2013.5,2013-Q3,2013q3,0.0053143449638312,-1.3318260181488877,-3.905519499563591,-5.237345517712479
MYS,Malaysia,MYS,2013,4,2013.75,2013-Q4,2013q4,0.0053637739276511,-1.325242132865145,-3.9028453278103648,-5.22808746067551
MYS,Malaysia,MYS,2014,1,2014.0,2014-Q1,2014q1,0.0054254641125871,-1.3178932492925748,-3.8987585832149927,-5.2166518325075675
MYS,Malaysia,MYS,2014,2,2014.25,2014-Q2,2014q2,0.0054802609090079,-1.3126195657045616,-3.893983002318197,-5.206602568022759
MYS,Malaysia,MYS,2014,3,2014.5,2014-Q3,2014q3,0.0054983046195932,-1.3113907440539063,-3.8919247411919593,-5.203315485245866
MYS,Malaysia,MYS,2014,4,2014.75,2014-Q4,2014q4,0.0055487533429851,-1.3089966674900246,-3.8851853318508356,-5.19418199934086
MYS,Malaysia,MYS,2015,1,2015.0,2015-Q1,2015q1,0.0056383797903562,-1.296521028507029,-3.8816374974488594,-5.178158525955888
MYS,Malaysia,MYS,2015,2,2015.25,2015-Q2,2015q2,0.0056841044955497,-1.2930352580721496,-3.877046426686889,-5.1700816847590385
MYS,Malaysia,MYS,2015,3,2015.5,2015-Q3,2015q3,0.0056910390982807,-1.2958797385529683,-3.872982690636614,-5.168862429189582
MYS,Malaysia,MYS,2015,4,2015.75,2015-Q4,2015q4,0.0057293086918104,-1.28826833978697,-3.8738920629004796,-5.16216040268745
MYS,Malaysia,MYS,2016,1,2016.0,2016-Q1,2016q1,0.0058308256514531,-1.2694535214515854,-3.875143146019994,-5.144596667471579
MYS,Malaysia,MYS,2016,2,2016.25,2016-Q2,2016q2,0.0058763663185753,-1.2690086886875758,-3.8678079924394737,-5.1368166811270495
MYS,Malaysia,MYS,2016,3,2016.5,2016-Q3,2016q3,0.0059167251544392,-1.2626741049674797,-3.867298061552871,-5.129972166520351
MYS,Malaysia,MYS,2016,4,2016.75,2016-Q4,2016q4,0.0059666670263068,-1.262548293678889,-3.8590185008497677,-5.121566794528657
MYS,Malaysia,MYS,2017,1,2017.0,2017-Q1,2017q1,0.0060223994344811,-1.2579182836839156,-3.8543512382319376,-5.112269521915853
MYS,Malaysia,MYS,2017,2,2017.25,2017-Q2,2017q2,0.006078746934226,-1.2562738242484075,-3.8466828763408323,-5.10295670058924
MYS,Malaysia,MYS,2017,3,2017.5,2017-Q3,2017q3,0.0061452207179445,-1.2488423329279597,-3.8432382853826903,-5.09208061831065
MYS,Malaysia,MYS,2017,4,2017.75,2017-Q4,2017q4,0.0061758753370018,-1.2493201832267462,-3.837784468307589,-5.087104651534335
MYS,Malaysia,MYS,2018,1,2018.0,2018-Q1,2018q1,0.0062214450059484,-1.246425077062979,-3.8333280060803943,-5.079753083143373
MYS,Malaysia,MYS,2018,2,2018.25,2018-Q2,2018q2,0.0062736423488445,-1.245706084235191,-3.8256920918879103,-5.071398176123101
MYS,Malaysia,MYS,2018,3,2018.5,2018-Q3,2018q3,0.0062953863709905,-1.2436801488595335,-3.824258087068906,-5.067938235928439
MYS,Malaysia,MYS,2018,4,2018.75,2018-Q4,2018q4,0.0062982612373253,-1.2425023749640847,-3.8249793027892887,-5.067481677753373
MYS,Malaysia,MYS,2019,1,2019.0,2019-Q1,2019q1,0.006349326277813,-1.2380153209695384,-3.821391248718992,-5.05940656968853
MYS,Malaysia,MYS,2019,2,2019.25,2019-Q2,2019q2,0.0064830132327868,-1.2250029293053344,-3.8135669423342766,-5.038569871639611
MYS,Malaysia,MYS,2019,3,2019.5,2019-Q3,2019q3,0.0064928707092709,-1.2249180954683565,-3.8121324225111266,-5.037050517979483
MYS,Malaysia,MYS,2019,4,2019.75,2019-Q4,2019q4,0.0063541913441885,-1.2433908841489796,-3.8152497454656107,-5.05864062961459
MYS,Malaysia,MYS,2020,1,2020.0,2020-Q1,2020q1,0.0064041244133324,-1.2366063976009798,-3.8142066589943626,-5.050813056595342
MYS,Malaysia,MYS,2020,2,2020.25,2020-Q2,2020q2,0.0054361675155434,-1.3324926245378137,-3.8821883426730164,-5.21468096721083
MYS,Malaysia,MYS,2020,3,2020.5,2020-Q3,2020q3,0.0064110426886522,-1.222339061122892,-3.8273942942189545,-5.049733355341846
MYS,Malaysia,MYS,2020,4,2020.75,2020-Q4,2020q4,0.0062146276162561,-1.262560806492989,-3.8182886662554183,-5.080849472748407
MYS,Malaysia,MYS,2021,1,2021.0,2021-Q1,2021q1,0.0063315907646902,-1.2629163056708856,-3.799287463088877,-5.062203768759763
MYS,Malaysia,MYS,2021,2,2021.25,2021-Q2,2021q2,0.0062841723910175,-1.2754780168539401,-3.7942431087856,-5.06972112563954
MYS,Malaysia,MYS,2021,3,2021.5,2021-Q3,2021q3,0.006084120421987,-1.310151720607453,-3.7919213909475182,-5.102073111554971
MYS,Malaysia,MYS,2021,4,2021.75,2021-Q4,2021q4,0.0063949339239213,-1.2686244492468277,-3.7836247272174144,-5.052249176464242
MYS,Malaysia,MYS,2022,1,2022.0,2022-Q1,2022q1,0.0065068678118364,-1.2522095404304143,-3.7826875330083403,-5.034897073438755
MYS,Malaysia,MYS,2022,2,2022.25,2022-Q2,2022q2,0.0067129986970897,-1.22161717590417,-3.7820923522090077,-5.003709528113178
MYS,Malaysia,MYS,2022,3,2022.5,2022-Q3,2022q3,0.0068067814405457,-1.2076434074372502,-3.782192485638369,-4.989835893075619
MYS,Malaysia,MYS,2022,4,2022.75,2022-Q4,2022q4,0.0067511277880163,-1.2165642233592746,-3.7814814849885647,-4.998045708347839
NGA,Nigeria,NGA,2010,1,2010.0,2010-Q1,2010q1,0.0026125951911587,-1.9665009122656296,-3.9809103132822243,-5.947411225547854
NGA,Nigeria,NGA,2010,2,2010.25,2010-Q2,2010q2,0.0026201548764932,-1.9779160916013088,-3.9666057581895937,-5.9445218497909025
NGA,Nigeria,NGA,2010,3,2010.5,2010-Q3,2010q3,0.0026708912230155,-1.9646062507653799,-3.9607368201089788,-5.925343070874359
NGA,Nigeria,NGA,2010,4,2010.75,2010-Q4,2010q4,0.0026722957533646,-1.9730681277079096,-3.9517492155856404,-5.92481734329355
NGA,Nigeria,NGA,2011,1,2011.0,2011-Q1,2011q1,0.0027119473514963,-1.9601453985146797,-3.949942923742827,-5.910088322257507
NGA,Nigeria,NGA,2011,2,2011.25,2011-Q2,2011q2,0.0027103010791729,-1.9674824120593342,-3.9432131388764726,-5.910695550935807
NGA,Nigeria,NGA,2011,3,2011.5,2011-Q3,2011q3,0.0027098790772549,-1.9729554067025168,-3.9378958593227056,-5.910851266025222
NGA,Nigeria,NGA,2011,4,2011.75,2011-Q4,2011q4,0.0027293555957225,-1.9658946387675895,-3.937795104403702,-5.903689743171292
NGA,Nigeria,NGA,2012,1,2012.0,2012-Q1,2012q1,0.0027199982799607,-1.9703774759004071,-3.936746555141414,-5.907124031041821
NGA,Nigeria,NGA,2012,2,2012.25,2012-Q2,2012q2,0.0027359794972974,-1.9662357293672135,-3.935030043560548,-5.901265772927761
NGA,Nigeria,NGA,2012,3,2012.5,2012-Q3,2012q3,0.0027370885888683,-1.9697179250698587,-3.931142557235305,-5.900860482305164
NGA,Nigeria,NGA,2012,4,2012.75,2012-Q4,2012q4,0.0027279202514752,-1.9779927349137383,-3.9262230378446903,-5.904215772758429
NGA,Nigeria,NGA,2013,1,2013.0,2013-Q1,2013q1,0.0027963811602427,-1.9597331294230482,-3.9196960110728867,-5.879429140495935
NGA,Nigeria,NGA,2013,2,2013.25,2013-Q2,2013q2,0.0028375419065732,-1.9539044325730908,-3.910912694874213,-5.864817127447304
NGA,Nigeria,NGA,2013,3,2013.5,2013-Q3,2013q3,0.0028286114143537,-1.9624498544856155,-3.905519499563591,-5.867969354049206
NGA,Nigeria,NGA,2013,4,2013.75,2013-Q4,2013q4,0.0028260624634296,-1.966025564029291,-3.9028453278103648,-5.868870891839656
NGA,Nigeria,NGA,2014,1,2014.0,2014-Q1,2014q1,0.0028306178126884,-1.9685016995673434,-3.8987585832149927,-5.867260282782336
NGA,Nigeria,NGA,2014,2,2014.25,2014-Q2,2014q2,0.0028524521994358,-1.9655932314785445,-3.893983002318197,-5.859576233796742
NGA,Nigeria,NGA,2014,3,2014.5,2014-Q3,2014q3,0.0028464925721295,-1.969742977859552,-3.8919247411919593,-5.861667719051511
NGA,Nigeria,NGA,2014,4,2014.75,2014-Q4,2014q4,0.0028315294160682,-1.9817529517496189,-3.8851853318508356,-5.866938283600454
NGA,Nigeria,NGA,2015,1,2015.0,2015-Q1,2015q1,0.0027952868127879,-1.998183063808841,-3.8816374974488594,-5.8798205612577
NGA,Nigeria,NGA,2015,2,2015.25,2015-Q2,2015q2,0.0027729106983496,-2.0108112901651647,-3.877046426686889,-5.887857716852054
NGA,Nigeria,NGA,2015,3,2015.5,2015-Q3,2015q3,0.0027599144823094,-2.0195728937670063,-3.872982690636614,-5.89255558440362
NGA,Nigeria,NGA,2015,4,2015.75,2015-Q4,2015q4,0.0027141396705227,-2.0353881930150037,-3.8738920629004796,-5.909280255915483
NGA,Nigeria,NGA,2016,1,2016.0,2016-Q1,2016q1,0.002633405123588,-2.0643344004068567,-3.875143146019994,-5.9394775464268506
NGA,Nigeria,NGA,2016,2,2016.25,2016-Q2,2016q2,0.0025799397119242,-2.0921812553534016,-3.8678079924394737,-5.959989247792875
NGA,Nigeria,NGA,2016,3,2016.5,2016-Q3,2016q3,0.002541800065442,-2.107584700217112,-3.867298061552871,-5.974882761769983
NGA,Nigeria,NGA,2016,4,2016.75,2016-Q4,2016q4,0.0025036251245238,-2.1309970467557102,-3.8590185008497677,-5.990015547605478
NGA,Nigeria,NGA,2017,1,2017.0,2017-Q1,2017q1,0.0024703668417356,-2.1490373822168616,-3.8543512382319376,-6.003388620448799
NGA,Nigeria,NGA,2017,2,2017.25,2017-Q2,2017q2,0.0024451540075948,-2.166964292906851,-3.8466828763408323,-6.013647169247683
NGA,Nigeria,NGA,2017,3,2017.5,2017-Q3,2017q3,0.0024140507968311,-2.183210828547695,-3.8432382853826903,-6.0264491139303855
NGA,Nigeria,NGA,2017,4,2017.75,2017-Q4,2017q4,0.0023962960220726,-2.196046589608502,-3.837784468307589,-6.033831057916091
NGA,Nigeria,NGA,2018,1,2018.0,2018-Q1,2018q1,0.0023310872578982,-2.2280924798729838,-3.8333280060803943,-6.061420485953378
NGA,Nigeria,NGA,2018,2,2018.25,2018-Q2,2018q2,0.0023208568124033,-2.240126753905184,-3.8256920918879103,-6.065818845793094
NGA,Nigeria,NGA,2018,3,2018.5,2018-Q3,2018q3,0.00231531537278,-2.243951283510968,-3.824258087068906,-6.068209370579874
NGA,Nigeria,NGA,2018,4,2018.75,2018-Q4,2018q4,0.0023005350688475,-2.249634241684566,-3.8249793027892887,-6.074613544473855
NGA,Nigeria,NGA,2019,1,2019.0,2019-Q1,2019q1,0.0022356287144943,-2.2818415377318764,-3.821391248718992,-6.103232786450868
NGA,Nigeria,NGA,2019,2,2019.25,2019-Q2,2019q2,0.0023637791626705,-2.233926658273679,-3.8135669423342766,-6.047493600607956
NGA,Nigeria,NGA,2019,3,2019.5,2019-Q3,2019q3,0.0023409461820703,-2.245067657517268,-3.8121324225111266,-6.0572000800283945
NGA,Nigeria,NGA,2019,4,2019.75,2019-Q4,2019q4,0.0023046199502515,-2.257589751247245,-3.8152497454656107,-6.072839496712856
NGA,Nigeria,NGA,2020,1,2020.0,2020-Q1,2020q1,0.0023518978721067,-2.2383260126174864,-3.8142066589943626,-6.052532671611849
NGA,Nigeria,NGA,2020,2,2020.25,2020-Q2,2020q2,0.0021462635637976,-2.2618384833336247,-3.8821883426730164,-6.144026826006641
NGA,Nigeria,NGA,2020,3,2020.5,2020-Q3,2020q3,0.00219823847245,-2.29270463946675,-3.8273942942189545,-6.120098933685704
NGA,Nigeria,NGA,2020,4,2020.75,2020-Q4,2020q4,0.0022525211487543,-2.277416513256322,-3.8182886662554183,-6.09570517951174
NGA,Nigeria,NGA,2021,1,2021.0,2021-Q1,2021q1,0.0023082794087185,-2.271965413604807,-3.799287463088877,-6.071252876693684
NGA,Nigeria,NGA,2021,2,2021.25,2021-Q2,2021q2,0.0023113142904375,-2.275695850558095,-3.7942431087856,-6.069938959343695
NGA,Nigeria,NGA,2021,3,2021.5,2021-Q3,2021q3,0.0023508739995461,-2.2610467143212123,-3.7919213909475182,-6.0529681052687305
NGA,Nigeria,NGA,2021,4,2021.75,2021-Q4,2021q4,0.002406493680886,-2.245959767859626,-3.7836247272174144,-6.0295844950770405
NGA,Nigeria,NGA,2022,1,2022.0,2022-Q1,2022q1,0.0025037718820068,-2.2072693983209164,-3.7826875330083403,-5.989956931329257
NGA,Nigeria,NGA,2022,2,2022.25,2022-Q2,2022q2,0.0025151349859628,-2.203336452310722,-3.7820923522090077,-5.98542880451973
NGA,Nigeria,NGA,2022,3,2022.5,2022-Q3,2022q3,0.002553199968375,-2.1882153313304205,-3.782192485638369,-5.970407816968789
NGA,Nigeria,NGA,2022,4,2022.75,2022-Q4,2022q4,0.0025914429131206,-2.174058964096934,-3.7814814849885647,-5.955540449085499
NGA,Nigeria,NGA,2023,1,2023.0,2023-Q1,2023q1,0.0026188212368887,-2.1623658728296813,-3.7826650992036,-5.9450309720332815
NGA,Nigeria,NGA,2023,2,2023.25,2023-Q2,2023q2,0.0026841325588087,-2.1394982645149567,-3.780899408049487,-5.920397672564444
NGA,Nigeria,NGA,2023,3,2023.5,2023-Q3,2023q3,0.0027371196761036,-2.120137320088711,-3.7807118045063346,-5.900849124595045
NGA,Nigeria,NGA,2023,4,2023.75,2023-Q4,2023q4,0.0027931023735628,-2.1018301483648383,-3.7787721907052205,-5.880602339070059
NIC,Nicaragua,NIC,2006,1,2006.0,2006-Q1,2006q1,0.0009548872176619,-2.9126682283026906,-4.041249092843926,-6.9539173211466165
NIC,Nicaragua,NIC,2006,2,2006.25,2006-Q2,2006q2,0.0009384214622804,-2.9373167448959974,-4.0339946448477555,-6.971311389743753
NIC,Nicaragua,NIC,2006,3,2006.5,2006-Q3,2006q3,0.0009357886833521,-2.947212277916721,-4.026908594708328,-6.974120872625049
NIC,Nicaragua,NIC,2006,4,2006.75,2006-Q4,2006q4,0.0009419458711823,-2.950458015341696,-4.017104731287111,-6.967562746628807
NIC,Nicaragua,NIC,2007,1,2007.0,2007-Q1,2007q1,0.0009387157773989,-2.961460864532328,-4.009536946518625,-6.970997811050953
NIC,Nicaragua,NIC,2007,2,2007.25,2007-Q2,2007q2,0.0009311183486175,-2.97775996516049,-4.0013642037158625,-6.979124168876353
NIC,Nicaragua,NIC,2007,3,2007.5,2007-Q3,2007q3,0.0009304497294174,-2.987323977233768,-3.9925185314516303,-6.979842508685398
NIC,Nicaragua,NIC,2007,4,2007.75,2007-Q4,2007q4,0.0009469916358381,-2.9786234192262886,-3.983596877863246,-6.962220297089535
NIC,Nicaragua,NIC,2008,1,2008.0,2008-Q1,2008q1,0.0009417548055388,-2.9858653091987124,-3.9819002994309596,-6.967765608629672
NIC,Nicaragua,NIC,2008,2,2008.25,2008-Q2,2008q2,0.0009468723546716,-2.9837538683497407,-3.978592394666867,-6.962346263016608
NIC,Nicaragua,NIC,2008,3,2008.5,2008-Q3,2008q3,0.000913166000919,-3.017012750934052,-3.981580123773969,-6.998592874708021
NIC,Nicaragua,NIC,2008,4,2008.75,2008-Q4,2008q4,0.0008709278155544,-3.0506339693621807,-3.995317490552026,-7.045951459914207
NIC,Nicaragua,NIC,2009,1,2009.0,2009-Q1,2009q1,0.000844413631424,-3.066117506453713,-4.010750592341259,-7.076868098794972
NIC,Nicaragua,NIC,2009,2,2009.25,2009-Q2,2009q2,0.000839391363342,-3.07883105906195,-4.004002437140827,-7.0828334962027775
NIC,Nicaragua,NIC,2009,3,2009.5,2009-Q3,2009q3,0.0008385443827965,-3.0916112790144705,-3.992231767904877,-7.083843046919347
NIC,Nicaragua,NIC,2009,4,2009.75,2009-Q4,2009q4,0.0008353231398192,-3.1022232844294875,-3.985468629751267,-7.087691914180755
NIC,Nicaragua,NIC,2010,1,2010.0,2010-Q1,2010q1,0.0008279632063967,-3.115631528003092,-3.9809103132822243,-7.096541841285316
NIC,Nicaragua,NIC,2010,2,2010.25,2010-Q2,2010q2,0.0008187429881109,-3.14113457700125,-3.9666057581895937,-7.107740335190844
NIC,Nicaragua,NIC,2010,3,2010.5,2010-Q3,2010q3,0.0008335427313448,-3.129088769618285,-3.9607368201089788,-7.089825589727264
NIC,Nicaragua,NIC,2010,4,2010.75,2010-Q4,2010q4,0.0008376825775549,-3.1331220993879976,-3.9517492155856404,-7.084871314973638
NIC,Nicaragua,NIC,2011,1,2011.0,2011-Q1,2011q1,0.0008233129322929,-3.152231272166148,-3.949942923742827,-7.102174195908975
NIC,Nicaragua,NIC,2011,2,2011.25,2011-Q2,2011q2,0.0008305412802415,-3.1502197859819403,-3.9432131388764726,-7.093432924858413
NIC,Nicaragua,NIC,2011,3,2011.5,2011-Q3,2011q3,0.0008497539720067,-3.1326678357524074,-3.9378958593227056,-7.070563695075113
NIC,Nicaragua,NIC,2011,4,2011.75,2011-Q4,2011q4,0.0008364547711818,-3.1485430037146678,-3.937795104403702,-7.08633810811837
NIC,Nicaragua,NIC,2012,1,2012.0,2012-Q1,2012q1,0.0008678936242055,-3.112694848431353,-3.936746555141414,-7.049441403572767
NIC,Nicaragua,NIC,2012,2,2012.25,2012-Q2,2012q2,0.0008416286728127,-3.145141603593905,-3.935030043560548,-7.080171647154453
NIC,Nicaragua,NIC,2012,3,2012.5,2012-Q3,2012q3,0.0008222994658137,-3.1722633583769198,-3.931142557235305,-7.103405915612225
NIC,Nicaragua,NIC,2012,4,2012.75,2012-Q4,2012q4,0.000834811710821,-3.162081316719534,-3.9262230378446903,-7.088304354564224
NIC,Nicaragua,NIC,2013,1,2013.0,2013-Q1,2013q1,0.0009007151744445,-3.0926254608532426,-3.9196960110728867,-7.012321471926129
NIC,Nicaragua,NIC,2013,2,2013.25,2013-Q2,2013q2,0.0009152126480367,-3.0854414225898523,-3.910912694874213,-6.996354117464065
NIC,Nicaragua,NIC,2013,3,2013.5,2013-Q3,2013q3,0.0009341388353348,-3.0703659852498215,-3.905519499563591,-6.975885484813412
NIC,Nicaragua,NIC,2013,4,2013.75,2013-Q4,2013q4,0.0009411071284385,-3.0656082517365135,-3.9028453278103648,-6.968453579546878
NIC,Nicaragua,NIC,2014,1,2014.0,2014-Q1,2014q1,0.0009835418110364,-3.0255918253312712,-3.8987585832149927,-6.924350408546264
NIC,Nicaragua,NIC,2014,2,2014.25,2014-Q2,2014q2,0.0009973153808419,-3.016460505874577,-3.893983002318197,-6.910443508192774
NIC,Nicaragua,NIC,2014,3,2014.5,2014-Q3,2014q3,0.0010142569268096,-3.001674285219703,-3.8919247411919593,-6.893599026411662
NIC,Nicaragua,NIC,2014,4,2014.75,2014-Q4,2014q4,0.0010461966757493,-2.977408572634375,-3.8851853318508356,-6.862593904485211
NLD,Netherlands,NLD,1995,1,1995.0,1995-Q1,1995q1,0.0228586714695861,0.47564983034135055,-4.254074568586735,-3.7784247382453846
NLD,Netherlands,NLD,1995,2,1995.25,1995-Q2,1995q2,0.0229553429985266,0.4762356474506695,-4.2504402066290705,-3.774204559178401
NLD,Netherlands,NLD,1995,3,1995.5,1995-Q3,1995q3,0.0230341861490104,0.4765752340986995,-4.24735104637809,-3.7707758122793904
NLD,Netherlands,NLD,1995,4,1995.75,1995-Q4,1995q4,0.0230767930016315,0.4754916875154498,-4.244419485914777,-3.768927798399327
NLD,Netherlands,NLD,1996,1,1996.0,1996-Q1,1996q1,0.0229346201525264,0.46596718225634604,-4.241074895239452,-3.7751077129831057
NLD,Netherlands,NLD,1996,2,1996.25,1996-Q2,1996q2,0.023161337673147,0.471885514535038,-4.237156384572403,-3.765270870037365
NLD,Netherlands,NLD,1996,3,1996.5,1996-Q3,1996q3,0.0233763636953526,0.48066785000546863,-4.236697715606429,-3.75602986560096
NLD,Netherlands,NLD,1996,4,1996.75,1996-Q4,1996q4,0.0233709514785442,0.4738379037947329,-4.230099321381617,-3.7562614175868845
NLD,Netherlands,NLD,1997,1,1997.0,1997-Q1,1997q1,0.0231210080065153,0.46041815400059116,-4.227431791231235,-3.767013637230644
NLD,Netherlands,NLD,1997,2,1997.25,1997-Q2,1997q2,0.0232855504911366,0.45443481499670746,-4.214357076375103,-3.759922261378396
NLD,Netherlands,NLD,1997,3,1997.5,1997-Q3,1997q3,0.0235008483848561,0.4589401250169729,-4.2096588820174015,-3.7507187570004286
NLD,Netherlands,NLD,1997,4,1997.75,1997-Q4,1997q4,0.0236137977840368,0.4602680076988577,-4.206192093625781,-3.745924085926923
NLD,Netherlands,NLD,1998,1,1998.0,1998-Q1,1998q1,0.0236637252888892,0.4666985016387746,-4.21051048353961,-3.7438119819008358
NLD,Netherlands,NLD,1998,2,1998.25,1998-Q2,1998q2,0.0237018578056304,0.4690139916589442,-4.211215837148984,-3.74220184549004
NLD,Netherlands,NLD,1998,3,1998.5,1998-Q3,1998q3,0.0237714941924292,0.4692039330067721,-4.2084720721621,-3.7392681391553277
NLD,Netherlands,NLD,1998,4,1998.75,1998-Q4,1998q4,0.0238150557278574,0.46885811454275617,-4.206295419243004,-3.7374373047002476
NLD,Netherlands,NLD,1999,1,1999.0,1999-Q1,1999q1,0.0240208482116866,0.4791261174843804,-4.207959267711823,-3.7288331502274428
NLD,Netherlands,NLD,1999,2,1999.25,1999-Q2,1999q2,0.0241389893990104,0.4807403957460221,-4.2046673241020285,-3.7239269283560064
NLD,Netherlands,NLD,1999,3,1999.5,1999-Q3,1999q3,0.0243342619627023,0.48224119390332776,-4.198111158282587,-3.715869964379259
NLD,Netherlands,NLD,1999,4,1999.75,1999-Q4,1999q4,0.0245049941049059,0.4795239423621318,-4.188402283549777,-3.7088783411876456
NLD,Netherlands,NLD,2000,1,2000.0,2000-Q1,2000q1,0.0244973450704872,0.4751316624547264,-4.184322194227946,-3.7091905317732192
NLD,Netherlands,NLD,2000,2,2000.25,2000-Q2,2000q2,0.0244294789226327,0.4693334242836067,-4.181298147628699,-3.711964723345092
NLD,Netherlands,NLD,2000,3,2000.5,2000-Q3,2000q3,0.0243999566703732,0.46532530340781486,-4.17849922589675,-3.713173922488935
NLD,Netherlands,NLD,2000,4,2000.75,2000-Q4,2000q4,0.0244633538176008,0.46261203458911293,-4.173191078337019,-3.710579043747906
NLD,Netherlands,NLD,2001,1,2001.0,2001-Q1,2001q1,0.0244542227626823,0.46248418479518305,-4.173436552638961,-3.710952367843778
NLD,Netherlands,NLD,2001,2,2001.25,2001-Q2,2001q2,0.0244451226114949,0.46249076374748777,-4.1738153309007995,-3.7113245671533117
NLD,Netherlands,NLD,2001,3,2001.5,2001-Q3,2001q3,0.0244170855219948,0.46207545843547493,-4.174547623851253,-3.712472165415778
NLD,Netherlands,NLD,2001,4,2001.75,2001-Q4,2001q4,0.0242987556487632,0.45340083786108076,-4.17073097567771,-3.7173301378166292
NLD,Netherlands,NLD,2002,1,2002.0,2002-Q1,2002q1,0.024244584325859,0.44143653509103586,-4.160998548399518,-3.719562013308482
NLD,Netherlands,NLD,2002,2,2002.25,2002-Q2,2002q2,0.0241551404115011,0.4299401379752479,-4.153198206030584,-3.7232580680553364
NLD,Netherlands,NLD,2002,3,2002.5,2002-Q3,2002q3,0.0241159427082943,0.4251386387417635,-4.150020772771553,-3.7248821340297895
NLD,Netherlands,NLD,2002,4,2002.75,2002-Q4,2002q4,0.0241425621503708,0.4216852988378532,-4.145464230650573,-3.7237789318127197
NLD,Netherlands,NLD,2003,1,2003.0,2003-Q1,2003q1,0.0243207605751653,0.4250008208455385,-4.141425769568831,-3.7164249487232923
NLD,Netherlands,NLD,2003,2,2003.25,2003-Q2,2003q2,0.0242734719747103,0.41821670525085786,-4.136587918495714,-3.718371213244856
NLD,Netherlands,NLD,2003,3,2003.5,2003-Q3,2003q3,0.0242718589703602,0.41006032551055727,-4.128497992287372,-3.7184376667768144
NLD,Netherlands,NLD,2003,4,2003.75,2003-Q4,2003q4,0.0245033594265066,0.41047863569000853,-4.119423687072228,-3.7089450513822193
NLD,Netherlands,NLD,2004,1,2004.0,2004-Q1,2004q1,0.024722521083238,0.41104529023122716,-4.111085956256169,-3.7000406660249414
NLD,Netherlands,NLD,2004,2,2004.25,2004-Q2,2004q2,0.0248373027234541,0.40729380987283914,-4.102702423697901,-3.6954086138250615
NLD,Netherlands,NLD,2004,3,2004.5,2004-Q3,2004q3,0.0248039208583363,0.399053470686602,-4.095807009867689,-3.6967535391810866
NLD,Netherlands,NLD,2004,4,2004.75,2004-Q4,2004q4,0.0249023796007293,0.3913633246144661,-4.084155238397759,-3.692791913783293
NLD,Netherlands,NLD,2005,1,2005.0,2005-Q1,2005q1,0.0260005768598286,0.42829333315798035,-4.077929887448277,-3.6496365542902964
NLD,Netherlands,NLD,2005,2,2005.25,2005-Q2,2005q2,0.0261157072514072,0.4202622022337308,-4.065480537503734,-3.645218335270003
NLD,Netherlands,NLD,2005,3,2005.5,2005-Q3,2005q3,0.0263482948301782,0.42272611176453667,-4.059077830180438,-3.6363517184159018
NLD,Netherlands,NLD,2005,4,2005.75,2005-Q4,2005q4,0.0264171370677835,0.4157236113779219,-4.04946595944698,-3.6337423480690583
NLD,Netherlands,NLD,2006,1,2006.0,2006-Q1,2006q1,0.0264950606619234,0.41045213936507086,-4.041249092843926,-3.630796953478855
NLD,Netherlands,NLD,2006,2,2006.25,2006-Q2,2006q2,0.0268746858180499,0.4174241617539445,-4.0339946448477555,-3.616570483093811
NLD,Netherlands,NLD,2006,3,2006.5,2006-Q3,2006q3,0.0268319994799928,0.4087485014269303,-4.026908594708328,-3.6181600932813973
NLD,Netherlands,NLD,2006,4,2006.75,2006-Q4,2006q4,0.0268112686945001,0.39817172512287735,-4.017104731287111,-3.6189330061642333
NLD,Netherlands,NLD,2007,1,2007.0,2007-Q1,2007q1,0.0269142750853519,0.3944384857054364,-4.009536946518625,-3.6150984608131886
NLD,Netherlands,NLD,2007,2,2007.25,2007-Q2,2007q2,0.0268721444476232,0.3846991524245955,-4.0013642037158625,-3.616665051291267
NLD,Netherlands,NLD,2007,3,2007.5,2007-Q3,2007q3,0.0270018742606273,0.38066953312484,-3.9925185314516303,-3.6118489983267903
NLD,Netherlands,NLD,2007,4,2007.75,2007-Q4,2007q4,0.0272459325368366,0.38074584414603363,-3.983596877863246,-3.6028510337172124
NLD,Netherlands,NLD,2008,1,2008.0,2008-Q1,2008q1,0.0272357759213483,0.3786764207390432,-3.9819002994309596,-3.6032238786919164
NLD,Netherlands,NLD,2008,2,2008.25,2008-Q2,2008q2,0.0271021381133365,0.3704497376292557,-3.978592394666867,-3.6081426570376114
NLD,Netherlands,NLD,2008,3,2008.5,2008-Q3,2008q3,0.0269570833133061,0.36807093927521173,-3.981580123773969,-3.6135091844987572
NLD,Netherlands,NLD,2008,4,2008.75,2008-Q4,2008q4,0.0265494087781425,0.36656969076667556,-3.995317490552026,-3.6287477997853506
NLD,Netherlands,NLD,2009,1,2009.0,2009-Q1,2009q1,0.0258338007751862,0.3546790554099468,-4.010750592341259,-3.6560715369313126
NLD,Netherlands,NLD,2009,2,2009.25,2009-Q2,2009q2,0.025784762922171,0.3460308912106176,-4.004002437140827,-3.65797154593021
NLD,Netherlands,NLD,2009,3,2009.5,2009-Q3,2009q3,0.0259091430005079,0.33907240693691776,-3.992231767904877,-3.653159360967959
NLD,Netherlands,NLD,2009,4,2009.75,2009-Q4,2009q4,0.0262950010925401,0.34709219935978464,-3.985468629751267,-3.6383764303914825
NLD,Netherlands,NLD,2010,1,2010.0,2010-Q1,2010q1,0.0263500735054389,0.3446260988637917,-3.9809103132822243,-3.6362842144184326
NLD,Netherlands,NLD,2010,2,2010.25,2010-Q2,2010q2,0.0265854369762969,0.3392140629779643,-3.9666057581895937,-3.6273916952116294
NLD,Netherlands,NLD,2010,3,2010.5,2010-Q3,2010q3,0.0265864779929458,0.3333842815329393,-3.9607368201089788,-3.6273525385760395
NLD,Netherlands,NLD,2010,4,2010.75,2010-Q4,2010q4,0.0268022100961323,0.3324782869937515,-3.9517492155856404,-3.619270928591889
NLD,Netherlands,NLD,2011,1,2011.0,2011-Q1,2011q1,0.0271414935236161,0.3432513280002447,-3.949942923742827,-3.6066915957425825
NLD,Netherlands,NLD,2011,2,2011.25,2011-Q2,2011q2,0.0271719553250317,0.3376432470674575,-3.9432131388764726,-3.605569891809015
NLD,Netherlands,NLD,2011,3,2011.5,2011-Q3,2011q3,0.0270679919955692,0.3284925029948691,-3.9378958593227056,-3.6094033563278365
NLD,Netherlands,NLD,2011,4,2011.75,2011-Q4,2011q4,0.0268103522833167,0.31882791757999707,-3.937795104403702,-3.618967186823705
NLD,Netherlands,NLD,2012,1,2012.0,2012-Q1,2012q1,0.0267333617808879,0.31490356648605866,-3.936746555141414,-3.6218429886553554
NLD,Netherlands,NLD,2012,2,2012.25,2012-Q2,2012q2,0.0266964289119705,0.31180457242413384,-3.935030043560548,-3.623225471136414
NLD,Netherlands,NLD,2012,3,2012.5,2012-Q3,2012q3,0.0265523445564243,0.3025053292522184,-3.931142557235305,-3.6286372279830865
NLD,Netherlands,NLD,2012,4,2012.75,2012-Q4,2012q4,0.026450213199979,0.2937319776250753,-3.9262230378446903,-3.632491060219615
NLD,Netherlands,NLD,2013,1,2013.0,2013-Q1,2013q1,0.0264961498943123,0.28894016752066376,-3.9196960110728867,-3.630755843552223
NLD,Netherlands,NLD,2013,2,2013.25,2013-Q2,2013q2,0.0266865651486839,0.2873176767098582,-3.910912694874213,-3.623595018164355
NLD,Netherlands,NLD,2013,3,2013.5,2013-Q3,2013q3,0.0269132462400946,0.29038281127003174,-3.905519499563591,-3.615136688293559
NLD,Netherlands,NLD,2013,4,2013.75,2013-Q4,2013q4,0.0271180657345384,0.29529018688408115,-3.9028453278103648,-3.6075551409262836
NLD,Netherlands,NLD,2014,1,2014.0,2014-Q1,2014q1,0.027317356177942,0.2985255618493996,-3.8987585832149927,-3.600233021365593
NLD,Netherlands,NLD,2014,2,2014.25,2014-Q2,2014q2,0.027410460216483,0.29715242360403815,-3.893983002318197,-3.596830578714159
NLD,Netherlands,NLD,2014,3,2014.5,2014-Q3,2014q3,0.0273086225310474,0.29137195816074746,-3.8919247411919593,-3.600552783031212
NLD,Netherlands,NLD,2014,4,2014.75,2014-Q4,2014q4,0.0275521286841068,0.2935098516935155,-3.8851853318508356,-3.59167548015732
NLD,Netherlands,NLD,2015,1,2015.0,2015-Q1,2015q1,0.027574944687097,0.2907897776966428,-3.8816374974488594,-3.5908477197522166
NLD,Netherlands,NLD,2015,2,2015.25,2015-Q2,2015q2,0.027628659519593,0.28814477006660555,-3.877046426686889,-3.5889016566202834
NLD,Netherlands,NLD,2015,3,2015.5,2015-Q3,2015q3,0.0277552511568016,0.28865246482075024,-3.872982690636614,-3.584330225815864
NLD,Netherlands,NLD,2015,4,2015.75,2015-Q4,2015q4,0.0278200373962948,0.2918933146361291,-3.8738920629004796,-3.5819987482643505
NLD,Netherlands,NLD,2016,1,2016.0,2016-Q1,2016q1,0.0278869402300033,0.29554635416128594,-3.875143146019994,-3.579596791858708
NLD,Netherlands,NLD,2016,2,2016.25,2016-Q2,2016q2,0.0279361092286849,0.28997280306840034,-3.8678079924394737,-3.5778351893710734
NLD,Netherlands,NLD,2016,3,2016.5,2016-Q3,2016q3,0.0280458180763573,0.29338231523778546,-3.867298061552871,-3.5739157463150857
NLD,Netherlands,NLD,2016,4,2016.75,2016-Q4,2016q4,0.028123696619901,0.2878757389148525,-3.8590185008497677,-3.571142761934915
NLD,Netherlands,NLD,2017,1,2017.0,2017-Q1,2017q1,0.0281393251199322,0.283764027703608,-3.8543512382319376,-3.5705872105283296
NLD,Netherlands,NLD,2017,2,2017.25,2017-Q2,2017q2,0.0281643581908085,0.2769848819722207,-3.8466828763408323,-3.5696979943686116
NLD,Netherlands,NLD,2017,3,2017.5,2017-Q3,2017q3,0.0281859160042017,0.2743054271115648,-3.8432382853826903,-3.5689328582711255
NLD,Netherlands,NLD,2017,4,2017.75,2017-Q4,2017q4,0.0282449833179244,0.2709450494820178,-3.837784468307589,-3.566839418825571
NLD,Netherlands,NLD,2018,1,2018.0,2018-Q1,2018q1,0.0283044265622396,0.2685909351426412,-3.8333280060803943,-3.564737070937753
NLD,Netherlands,NLD,2018,2,2018.25,2018-Q2,2018q2,0.0282647438026248,0.2595520388711199,-3.8256920918879103,-3.5661400530167904
NLD,Netherlands,NLD,2018,3,2018.5,2018-Q3,2018q3,0.0281206327833623,0.2530063777405651,-3.824258087068906,-3.5712517093283407
NLD,Netherlands,NLD,2018,4,2018.75,2018-Q4,2018q4,0.0280670840303193,0.2518215267156889,-3.8249793027892887,-3.5731577760735997
NLD,Netherlands,NLD,2019,1,2019.0,2019-Q1,2019q1,0.0282635072396883,0.2552074454387885,-3.821391248718992,-3.5661838032802033
NLD,Netherlands,NLD,2019,2,2019.25,2019-Q2,2019q2,0.0282557968686004,0.24711029878268675,-3.8135669423342766,-3.56645664355159
NLD,Netherlands,NLD,2019,3,2019.5,2019-Q3,2019q3,0.0282714926925512,0.24623111513348173,-3.8121324225111266,-3.565901307377645
NLD,Netherlands,NLD,2019,4,2019.75,2019-Q4,2019q4,0.0281762544044752,0.24597404731620953,-3.8152497454656107,-3.569275698149401
NLD,Netherlands,NLD,2020,1,2020.0,2020-Q1,2020q1,0.0277833450014833,0.23088812051023577,-3.8142066589943626,-3.583318538484127
NLD,Netherlands,NLD,2020,2,2020.25,2020-Q2,2020q2,0.0259229507819444,0.22956177059145944,-3.8821883426730164,-3.652626572081557
NLD,Netherlands,NLD,2020,3,2020.5,2020-Q3,2020q3,0.0274990659404959,0.23379105353234308,-3.8273942942189545,-3.5936032406866114
NLD,Netherlands,NLD,2020,4,2020.75,2020-Q4,2020q4,0.0274332938528247,0.22229076714346752,-3.8182886662554183,-3.595997899111951
NLD,Netherlands,NLD,2021,1,2021.0,2021-Q1,2021q1,0.0271793924154284,0.19399123847496558,-3.799287463088877,-3.6052962246139115
NLD,Netherlands,NLD,2021,2,2021.25,2021-Q2,2021q2,0.0280439750768578,0.22026164643212098,-3.7942431087856,-3.573981462353479
NLD,Netherlands,NLD,2021,3,2021.5,2021-Q3,2021q3,0.0283027545325041,0.22712524518202626,-3.7919213909475182,-3.564796145765492
NLD,Netherlands,NLD,2021,4,2021.75,2021-Q4,2021q4,0.0281167754875331,0.2122358388847827,-3.7836247272174144,-3.5713888883326317
NLD,Netherlands,NLD,2022,1,2022.0,2022-Q1,2022q1,0.0282167688494941,0.21484869529491357,-3.7826875330083403,-3.5678388377134267
NLD,Netherlands,NLD,2022,2,2022.25,2022-Q2,2022q2,0.028559506384121,0.22632692707974078,-3.7820923522090077,-3.555765425129267
NLD,Netherlands,NLD,2022,3,2022.5,2022-Q3,2022q3,0.0285310499565986,0.22543017304809343,-3.782192485638369,-3.5567623125902754
NLD,Netherlands,NLD,2022,4,2022.75,2022-Q4,2022q4,0.0282189988428313,0.21372167493541605,-3.7814814849885647,-3.5677598100531487
NLD,Netherlands,NLD,2023,1,2023.0,2023-Q1,2023q1,0.0279336213162326,0.20474084863857867,-3.7826650992036,-3.5779242505650215
NLD,Netherlands,NLD,2023,2,2023.25,2023-Q2,2023q2,0.0277464912112971,0.19625351842908367,-3.780899408049487,-3.584645889620403
NLD,Netherlands,NLD,2023,3,2023.5,2023-Q3,2023q3,0.0274882414765974,0.1867148560880021,-3.7807118045063346,-3.5939969484183325
NLD,Netherlands,NLD,2023,4,2023.75,2023-Q4,2023q4,0.0274654926142753,0.18394731443092294,-3.7787721907052205,-3.5948248762742976
NLD,Netherlands,NLD,2024,1,2024.0,2024-Q1,2024q1,0.0274238596623399,0.1794141637137181,-3.775756017623659,-3.5963418539099408
NLD,Netherlands,NLD,2024,2,2024.25,2024-Q2,2024q2,0.0276491416716916,0.18282581230377692,-3.770986406414534,-3.5881605941107573
NLD,Netherlands,NLD,2024,3,2024.5,2024-Q3,2024q3,0.0278418811096307,0.18396255975155595,-3.765176436957072,-3.581213877205516
NLD,Netherlands,NLD,2024,4,2024.75,2024-Q4,2024q4,0.0279743456888967,0.18566826962590932,-3.7621356838204347,-3.5764674141945254
NLD,Netherlands,NLD,2025,1,2025.0,2025-Q1,2025q1,0.028015615122839,0.18284753833750766,-3.757840779633255,-3.5749932412957475
NLD,Netherlands,NLD,2025,2,2025.25,2025-Q2,2025q2,0.0280522809272182,0.17917722315699613,-3.7528625569980663,-3.57368533384107
NLD,Netherlands,NLD,2025,3,2025.5,2025-Q3,2025q3,0.0281752935012752,0.17891680665997578,-3.7482266086888907,-3.569309802028915
NLD,Netherlands,NLD,2025,4,2025.75,2025-Q4,2025q4,0.0283046343349245,0.18242198975904866,-3.747151720080949,-3.5647297303219005
NOR,Norway,NOR,1995,1,1995.0,1995-Q1,1995q1,0.0371324015159119,0.9608092342883867,-4.254074568586735,-3.2932653342983484
NOR,Norway,NOR,1995,2,1995.25,1995-Q2,1995q2,0.0372688973753458,0.9608440559230487,-4.2504402066290705,-3.289596150706022
NOR,Norway,NOR,1995,3,1995.5,1995-Q3,1995q3,0.0376742608521024,0.9685728926610433,-4.24735104637809,-3.2787781537170466
NOR,Norway,NOR,1995,4,1995.75,1995-Q4,1995q4,0.0377976934148117,0.9689122869241613,-4.244419485914777,-3.2755071989906153
NOR,Norway,NOR,1996,1,1996.0,1996-Q1,1996q1,0.0380355294039338,0.9718403234721764,-4.241074895239452,-3.2692345717672753
NOR,Norway,NOR,1996,2,1996.25,1996-Q2,1996q2,0.0378188301949916,0.9622082374852967,-4.237156384572403,-3.2749481470871062
NOR,Norway,NOR,1996,3,1996.5,1996-Q3,1996q3,0.0385112056081904,0.979891690328003,-4.236697715606429,-3.2568060252784257
NOR,Norway,NOR,1996,4,1996.75,1996-Q4,1996q4,0.0378227470609115,0.9552547381297853,-4.230099321381617,-3.274844583251832
NOR,Norway,NOR,1997,1,1997.0,1997-Q1,1997q1,0.0386320981746641,0.9737600020954309,-4.227431791231235,-3.2536717891358045
NOR,Norway,NOR,1997,2,1997.25,1997-Q2,1997q2,0.039105278559279,0.9728592567884884,-4.214357076375103,-3.241497819586615
NOR,Norway,NOR,1997,3,1997.5,1997-Q3,1997q3,0.0388601228905587,0.9618722093717018,-4.2096588820174015,-3.2477866726456996
NOR,Norway,NOR,1997,4,1997.75,1997-Q4,1997q4,0.039050313385542,0.9632877161350879,-4.206192093625781,-3.2429043774906927
NOR,Norway,NOR,1998,1,1998.0,1998-Q1,1998q1,0.0390696798082712,0.9681019182561177,-4.21051048353961,-3.2424085652834926
NOR,Norway,NOR,1998,2,1998.25,1998-Q2,1998q2,0.03921423434749,0.9725003601601885,-4.211215837148984,-3.2387154769887956
NOR,Norway,NOR,1998,3,1998.5,1998-Q3,1998q3,0.0384874891593566,0.9510500247639384,-4.2084720721621,-3.2574220473981614
NOR,Norway,NOR,1998,4,1998.75,1998-Q4,1998q4,0.0384638133940687,0.9482580277181194,-4.206295419243004,-3.2580373915248844
NOR,Norway,NOR,1999,1,1999.0,1999-Q1,1999q1,0.0391513704356359,0.9676394152955043,-4.207959267711823,-3.240319852416319
NOR,Norway,NOR,1999,2,1999.25,1999-Q2,1999q2,0.0390726903013417,0.9623358103097504,-4.2046673241020285,-3.242331513792278
NOR,Norway,NOR,1999,3,1999.5,1999-Q3,1999q3,0.0394417212291769,0.965180049796023,-4.198111158282587,-3.232931108486564
NOR,Norway,NOR,1999,4,1999.75,1999-Q4,1999q4,0.0397977808299128,0.9644581572611028,-4.188402283549777,-3.2239441262886745
NOR,Norway,NOR,2000,1,2000.0,2000-Q1,2000q1,0.0410556638321616,0.9914957156135951,-4.184322194227946,-3.1928264786143505
NOR,Norway,NOR,2000,2,2000.25,2000-Q2,2000q2,0.0402986452474394,0.9698607203452969,-4.181298147628699,-3.2114374272834016
NOR,Norway,NOR,2000,3,2000.5,2000-Q3,2000q3,0.0406478696022805,0.9756903732270863,-4.17849922589675,-3.2028088526696634
NOR,Norway,NOR,2000,4,2000.75,2000-Q4,2000q4,0.0407008855482113,0.9716856495080402,-4.173191078337019,-3.2015054288289786
NOR,Norway,NOR,2001,1,2001.0,2001-Q1,2001q1,0.0412456087440755,0.9852259260817324,-4.173436552638961,-3.1882106265572285
NOR,Norway,NOR,2001,2,2001.25,2001-Q2,2001q2,0.0411067281590234,0.9822318621891335,-4.1738153309007995,-3.191583468711666
NOR,Norway,NOR,2001,3,2001.5,2001-Q3,2001q3,0.0415063281556861,0.9926382461601921,-4.174547623851253,-3.1819093776910607
NOR,Norway,NOR,2001,4,2001.75,2001-Q4,2001q4,0.0415949458028581,0.9909543614580567,-4.17073097567771,-3.1797766142196533
NOR,Norway,NOR,2002,1,2002.0,2002-Q1,2002q1,0.0413959403870561,0.9764260871569528,-4.160998548399518,-3.184572461242565
NOR,Norway,NOR,2002,2,2002.25,2002-Q2,2002q2,0.0419599385881606,0.9821582469949339,-4.153198206030584,-3.1710399590356504
NOR,Norway,NOR,2002,3,2002.5,2002-Q3,2002q3,0.0416015944228686,0.9704039877949575,-4.150020772771553,-3.1796167849765955
NOR,Norway,NOR,2002,4,2002.75,2002-Q4,2002q4,0.0421636589502856,0.9792676393816109,-4.145464230650573,-3.166196591268962
NOR,Norway,NOR,2003,1,2003.0,2003-Q1,2003q1,0.0423783999870177,0.9803092887504317,-4.141425769568831,-3.161116480818399
NOR,Norway,NOR,2003,2,2003.25,2003-Q2,2003q2,0.0423536239826693,0.9748866291505318,-4.136587918495714,-3.161701289345182
NOR,Norway,NOR,2003,3,2003.5,2003-Q3,2003q3,0.0427795208517713,0.9768022166109196,-4.128497992287372,-3.151695775676452
NOR,Norway,NOR,2003,4,2003.75,2003-Q4,2003q4,0.042784139493086,0.967835869407403,-4.119423687072228,-3.151587817664825
NOR,Norway,NOR,2004,1,2004.0,2004-Q1,2004q1,0.0445078013296624,0.9989951618600177,-4.111085956256169,-3.112090794396151
NOR,Norway,NOR,2004,2,2004.25,2004-Q2,2004q2,0.0443879299592078,0.9879147294310506,-4.102702423697901,-3.11478769426685
NOR,Norway,NOR,2004,3,2004.5,2004-Q3,2004q3,0.0439158243660035,0.9703264499332422,-4.095807009867689,-3.1254805599344464
NOR,Norway,NOR,2004,4,2004.75,2004-Q4,2004q4,0.0441619105937915,0.9642626257065077,-4.084155238397759,-3.1198926126912516
NOR,Norway,NOR,2005,1,2005.0,2005-Q1,2005q1,0.045156136822341,0.9803007998533424,-4.077929887448277,-3.0976290875949344
NOR,Norway,NOR,2005,2,2005.25,2005-Q2,2005q2,0.0452862582018141,0.9707288940370464,-4.065480537503734,-3.0947516434666875
NOR,Norway,NOR,2005,3,2005.5,2005-Q3,2005q3,0.0453022105122115,0.9646783796758078,-4.059077830180438,-3.0943994505046306
NOR,Norway,NOR,2005,4,2005.75,2005-Q4,2005q4,0.0451916404864072,0.9526228052076036,-4.04946595944698,-3.0968431542393766
NOR,Norway,NOR,2006,1,2006.0,2006-Q1,2006q1,0.0453300487941609,0.9474639552349005,-4.041249092843926,-3.0937851376090255
NOR,Norway,NOR,2006,2,2006.25,2006-Q2,2006q2,0.0450764493560931,0.9345992887607024,-4.0339946448477555,-3.099395356087053
NOR,Norway,NOR,2006,3,2006.5,2006-Q3,2006q3,0.0449529680803687,0.9247701051728696,-4.026908594708328,-3.102138489535458
NOR,Norway,NOR,2006,4,2006.75,2006-Q4,2006q4,0.0451699601166187,0.9197817190093676,-4.017104731287111,-3.097323012277743
NOR,Norway,NOR,2007,1,2007.0,2007-Q1,2007q1,0.0454921658181018,0.919321798846807,-4.009536946518625,-3.090215147671818
NOR,Norway,NOR,2007,2,2007.25,2007-Q2,2007q2,0.0451015787124183,0.9025261753396476,-4.0013642037158625,-3.098838028376215
NOR,Norway,NOR,2007,3,2007.5,2007-Q3,2007q3,0.0450989908234514,0.8936231223076239,-3.9925185314516303,-3.0988954091440064
NOR,Norway,NOR,2007,4,2007.75,2007-Q4,2007q4,0.0447900210961026,0.8778269701004882,-3.983596877863246,-3.105769907762758
NOR,Norway,NOR,2008,1,2008.0,2008-Q1,2008q1,0.0442621075973603,0.8642739724956194,-3.9819002994309596,-3.11762632693534
NOR,Norway,NOR,2008,2,2008.25,2008-Q2,2008q2,0.0440515748586718,0.8561982190435495,-3.978592394666867,-3.1223941756233176
NOR,Norway,NOR,2008,3,2008.5,2008-Q3,2008q3,0.0438203194127399,0.8539224681324926,-3.981580123773969,-3.1276576556414764
NOR,Norway,NOR,2008,4,2008.75,2008-Q4,2008q4,0.0440664001372956,0.8732598019794917,-3.995317490552026,-3.1220576885725344
NOR,Norway,NOR,2009,1,2009.0,2009-Q1,2009q1,0.0436014173276705,0.8780849707011318,-4.010750592341259,-3.1326656216401276
NOR,Norway,NOR,2009,2,2009.25,2009-Q2,2009q2,0.0433741519390304,0.8661108443966583,-4.004002437140827,-3.137891592744169
NOR,Norway,NOR,2009,3,2009.5,2009-Q3,2009q3,0.0436984335379169,0.8617887445675492,-3.992231767904877,-3.1304430233373277
NOR,Norway,NOR,2009,4,2009.75,2009-Q4,2009q4,0.0436603430038797,0.8541535581101756,-3.985468629751267,-3.1313150716410916
NOR,Norway,NOR,2010,1,2010.0,2010-Q1,2010q1,0.0445713129669871,0.8702454793615009,-3.9809103132822243,-3.1106648339207235
NOR,Norway,NOR,2010,2,2010.25,2010-Q2,2010q2,0.0441197933494258,0.8457589897519115,-3.9666057581895937,-3.120846768437682
NOR,Norway,NOR,2010,3,2010.5,2010-Q3,2010q3,0.0433297336543874,0.8218206299497144,-3.9607368201089788,-3.1389161901592644
NOR,Norway,NOR,2010,4,2010.75,2010-Q4,2010q4,0.0439777886471895,0.8276786395926301,-3.9517492155856404,-3.1240705759930103
NOR,Norway,NOR,2011,1,2011.0,2011-Q1,2011q1,0.0441453700779222,0.8296756983143942,-3.949942923742827,-3.120267225428433
NOR,Norway,NOR,2011,2,2011.25,2011-Q2,2011q2,0.0439451650649765,0.8184004680758434,-3.9432131388764726,-3.124812670800629
NOR,Norway,NOR,2011,3,2011.5,2011-Q3,2011q3,0.0440676237006749,0.8158659367212704,-3.9378958593227056,-3.122029922601435
NOR,Norway,NOR,2011,4,2011.75,2011-Q4,2011q4,0.0438397280214432,0.8105802641516431,-3.937795104403702,-3.127214840252059
NOR,Norway,NOR,2012,1,2012.0,2012-Q1,2012q1,0.0446070842675055,0.8268839626501445,-3.936746555141414,-3.1098625924912695
NOR,Norway,NOR,2012,2,2012.25,2012-Q2,2012q2,0.0444879997868772,0.8224942496731056,-3.935030043560548,-3.1125357938874423
NOR,Norway,NOR,2012,3,2012.5,2012-Q3,2012q3,0.0440540245484055,0.8088039896494066,-3.931142557235305,-3.1223385675858983
NOR,Norway,NOR,2012,4,2012.75,2012-Q4,2012q4,0.0443356219819731,0.810256220737271,-3.9262230378446903,-3.1159668171074193
NOR,Norway,NOR,2013,1,2013.0,2013-Q1,2013q1,0.0444998767890036,0.807427152472675,-3.9196960110728867,-3.1122688586002116
NOR,Norway,NOR,2013,2,2013.25,2013-Q2,2013q2,0.0446902815971691,0.8029134799401865,-3.910912694874213,-3.1079992149340265
NOR,Norway,NOR,2013,3,2013.5,2013-Q3,2013q3,0.044778541939877,0.799493270701122,-3.905519499563591,-3.106026228862469
NOR,Norway,NOR,2013,4,2013.75,2013-Q4,2013q4,0.0446558460212022,0.7940752775063022,-3.9028453278103648,-3.1087700503040625
NOR,Norway,NOR,2014,1,2014.0,2014-Q1,2014q1,0.045052031155017,0.7988213739526708,-3.8987585832149927,-3.099937209262322
NOR,Norway,NOR,2014,2,2014.25,2014-Q2,2014q2,0.0450734931466516,0.7945220619532072,-3.893983002318197,-3.09946094036499
NOR,Norway,NOR,2014,3,2014.5,2014-Q3,2014q3,0.0451825311918046,0.794879996288695,-3.8919247411919593,-3.0970447449032643
NOR,Norway,NOR,2014,4,2014.75,2014-Q4,2014q4,0.0453094368544938,0.790945382746028,-3.8851853318508356,-3.0942399491048076
NOR,Norway,NOR,2015,1,2015.0,2015-Q1,2015q1,0.0456532658134591,0.794957363221743,-3.8816374974488594,-3.0866801342271164
NOR,Norway,NOR,2015,2,2015.25,2015-Q2,2015q2,0.0457119185853813,0.7916502121577476,-3.877046426686889,-3.0853962145291414
NOR,Norway,NOR,2015,3,2015.5,2015-Q3,2015q3,0.046100305410709,0.7960469865962847,-3.872982690636614,-3.0769357040403293
NOR,Norway,NOR,2015,4,2015.75,2015-Q4,2015q4,0.0458193149514398,0.7908425099685439,-3.8738920629004796,-3.0830495529319357
NOR,Norway,NOR,2016,1,2016.0,2016-Q1,2016q1,0.0458794786492461,0.7934057958788858,-3.875143146019994,-3.081737350141108
NOR,Norway,NOR,2016,2,2016.25,2016-Q2,2016q2,0.0464408795421599,0.7982328094306759,-3.8678079924394737,-3.069575183008798
NOR,Norway,NOR,2016,3,2016.5,2016-Q3,2016q3,0.0458503197079596,0.7849249541596848,-3.867298061552871,-3.0823731073931864
NOR,Norway,NOR,2016,4,2016.75,2016-Q4,2016q4,0.0471433390785948,0.8044559500998734,-3.8590185008497677,-3.0545625507498944
NOR,Norway,NOR,2017,1,2017.0,2017-Q1,2017q1,0.0472400299714343,0.801837585029106,-3.8543512382319376,-3.0525136532028316
NOR,Norway,NOR,2017,2,2017.25,2017-Q2,2017q2,0.0478195920549315,0.8063630285062189,-3.8466828763408323,-3.0403198478346134
NOR,Norway,NOR,2017,3,2017.5,2017-Q3,2017q3,0.0481819219531761,0.8104668938911952,-3.8432382853826903,-3.032771391491495
NOR,Norway,NOR,2017,4,2017.75,2017-Q4,2017q4,0.0474466920260911,0.7896359970110649,-3.837784468307589,-3.048148471296524
NOR,Norway,NOR,2018,1,2018.0,2018-Q1,2018q1,0.0475933497790128,0.788265768050266,-3.8333280060803943,-3.045062238030128
NOR,Norway,NOR,2018,2,2018.25,2018-Q2,2018q2,0.0474793093759418,0.7782308369631417,-3.8256920918879103,-3.0474612549247686
NOR,Norway,NOR,2018,3,2018.5,2018-Q3,2018q3,0.0477906242793052,0.7833322835608652,-3.824258087068906,-3.0409258035080406
NOR,Norway,NOR,2018,4,2018.75,2018-Q4,2018q4,0.0472065328374945,0.7717563143952528,-3.8249793027892887,-3.053222988394036
NOR,Norway,NOR,2019,1,2019.0,2019-Q1,2019q1,0.0474619623714023,0.7735645677911105,-3.821391248718992,-3.0478266809278813
NOR,Norway,NOR,2019,2,2019.25,2019-Q2,2019q2,0.04750082481971,0.7665587388674453,-3.8135669423342766,-3.0470082034668313
NOR,Norway,NOR,2019,3,2019.5,2019-Q3,2019q3,0.0472241044814902,0.7592815939308415,-3.8121324225111266,-3.052850828580285
NOR,Norway,NOR,2019,4,2019.75,2019-Q4,2019q4,0.0484683029707727,0.7884045037776031,-3.8152497454656107,-3.0268452416880076
NOR,Norway,NOR,2020,1,2020.0,2020-Q1,2020q1,0.0468897158799348,0.7542497538062776,-3.8142066589943626,-3.059956905188085
NOR,Norway,NOR,2020,2,2020.25,2020-Q2,2020q2,0.0462991510948247,0.8095566897299862,-3.8821883426730164,-3.07263165294303
NOR,Norway,NOR,2020,3,2020.5,2020-Q3,2020q3,0.0478497501353354,0.787704911290076,-3.8273942942189545,-3.0396893829288785
NOR,Norway,NOR,2020,4,2020.75,2020-Q4,2020q4,0.047088370587401,0.7625594488362366,-3.8182886662554183,-3.0557292174191817
NOR,Norway,NOR,2021,1,2021.0,2021-Q1,2021q1,0.0474942832061176,0.7521415343488465,-3.799287463088877,-3.0471459287400307
NOR,Norway,NOR,2021,2,2021.25,2021-Q2,2021q2,0.0465778771208387,0.7276135183142354,-3.7942431087856,-3.0666295904713645
NOR,Norway,NOR,2021,3,2021.5,2021-Q3,2021q3,0.0476062900465863,0.7471310083083744,-3.7919213909475182,-3.044790382639144
NOR,Norway,NOR,2021,4,2021.75,2021-Q4,2021q4,0.0477124498533315,0.7410618152886563,-3.7836247272174144,-3.042562911928758
NOR,Norway,NOR,2022,1,2022.0,2022-Q1,2022q1,0.0474152539084681,0.7338762433716641,-3.7826875330083403,-3.048811289636676
NOR,Norway,NOR,2022,2,2022.25,2022-Q2,2022q2,0.0480063220349459,0.7456697845232574,-3.7820923522090077,-3.0364225676857504
NOR,Norway,NOR,2022,3,2022.5,2022-Q3,2022q3,0.0488773700386028,0.7637517156244908,-3.782192485638369,-3.018440770013878
NOR,Norway,NOR,2022,4,2022.75,2022-Q4,2022q4,0.0484999708852308,0.7552894036451656,-3.7814814849885647,-3.026192081343399
NOR,Norway,NOR,2023,1,2023.0,2023-Q1,2023q1,0.048437946618219,0.7551933477976869,-3.7826650992036,-3.0274717514059133
NOR,Norway,NOR,2023,2,2023.25,2023-Q2,2023q2,0.047776727117461,0.7396827696121728,-3.780899408049487,-3.041216638437314
NOR,Norway,NOR,2023,3,2023.5,2023-Q3,2023q3,0.0472922002531559,0.7293019079142198,-3.7807118045063346,-3.051409896592115
NOR,Norway,NOR,2023,4,2023.75,2023-Q4,2023q4,0.0482501326291193,0.7474154882943376,-3.7787721907052205,-3.031356702410883
NOR,Norway,NOR,2024,1,2024.0,2024-Q1,2024q1,0.0484103594908768,0.7477145685287172,-3.775756017623659,-3.0280414490949417
NOR,Norway,NOR,2024,2,2024.25,2024-Q2,2024q2,0.0486849678199697,0.7486014408783999,-3.770986406414534,-3.0223849655361343
NOR,Norway,NOR,2024,3,2024.5,2024-Q3,2024q3,0.0483476974427732,0.7358397560468233,-3.765176436957072,-3.029336680910249
NOR,Norway,NOR,2024,4,2024.75,2024-Q4,2024q4,0.0479834002467296,0.7252355277406952,-3.7621356838204347,-3.0369001560797395
NOR,Norway,NOR,2025,1,2025.0,2025-Q1,2025q1,0.0480382399284987,0.7220828595668038,-3.757840779633255,-3.0357579200664513
NOR,Norway,NOR,2025,2,2025.25,2025-Q2,2025q2,0.0487076162621126,0.7309426872957601,-3.7528625569980663,-3.021919869702306
NOR,Norway,NOR,2025,3,2025.5,2025-Q3,2025q3,0.0490758299521287,0.7338379816392373,-3.7482266086888907,-3.0143886270496534
NOR,Norway,NOR,2025,4,2025.75,2025-Q4,2025q4,0.0488645883954089,0.7284494115533859,-3.747151720080949,-3.0187023085275633
NOR,Norway,NOR,2026,1,2026.0,2026-Q1,2026q1,0.0490968828030978,0.7355784099070615,-3.7495381428027086,-3.013959732895647
NZL,New Zealand,NZL,1995,1,1995.0,1995-Q1,1995q1,0.0141527743669464,-0.003770037189604558,-4.254074568586735,-4.25784460577634
NZL,New Zealand,NZL,1995,2,1995.25,1995-Q2,1995q2,0.0142653126199236,0.0005158272439143019,-4.2504402066290705,-4.249924379385156
NZL,New Zealand,NZL,1995,3,1995.5,1995-Q3,1995q3,0.0140953642557101,-0.014558265469438503,-4.24735104637809,-4.261909311847528
NZL,New Zealand,NZL,1995,4,1995.75,1995-Q4,1995q4,0.0141580158382134,-0.013054839040088417,-4.244419485914777,-4.257474324954865
NZL,New Zealand,NZL,1996,1,1996.0,1996-Q1,1996q1,0.0141267149988178,-0.01861269823498013,-4.241074895239452,-4.259687593474432
NZL,New Zealand,NZL,1996,2,1996.25,1996-Q2,1996q2,0.0141798386695716,-0.018777750692646755,-4.237156384572403,-4.25593413526505
NZL,New Zealand,NZL,1996,3,1996.5,1996-Q3,1996q3,0.0142325341212119,-0.015527084120277479,-4.236697715606429,-4.252224799726706
NZL,New Zealand,NZL,1996,4,1996.75,1996-Q4,1996q4,0.0143784348385816,-0.011926454167352496,-4.230099321381617,-4.24202577554897
NZL,New Zealand,NZL,1997,1,1997.0,1997-Q1,1997q1,0.0142876508605422,-0.020927899767628766,-4.227431791231235,-4.248359690998864
NZL,New Zealand,NZL,1997,2,1997.25,1997-Q2,1997q2,0.0145810898345823,-0.013672730220450013,-4.214357076375103,-4.228029806595553
NZL,New Zealand,NZL,1997,3,1997.5,1997-Q3,1997q3,0.0148716854469595,0.0013627025421527605,-4.2096588820174015,-4.208296179475249
NZL,New Zealand,NZL,1997,4,1997.75,1997-Q4,1997q4,0.0146374342063211,-0.017980951313939286,-4.206192093625781,-4.22417304493972
NZL,New Zealand,NZL,1998,1,1998.0,1998-Q1,1998q1,0.0146567385636684,-0.012344595517049584,-4.21051048353961,-4.22285507905666
NZL,New Zealand,NZL,1998,2,1998.25,1998-Q2,1998q2,0.0147078078158569,-0.008160945119631613,-4.211215837148984,-4.219376782268616
NZL,New Zealand,NZL,1998,3,1998.5,1998-Q3,1998q3,0.0147661523234277,-0.006945650414268201,-4.2084720721621,-4.215417722576368
NZL,New Zealand,NZL,1998,4,1998.75,1998-Q4,1998q4,0.0151756506856745,0.018232355079548235,-4.206295419243004,-4.1880630641634555
NZL,New Zealand,NZL,1999,1,1999.0,1999-Q1,1999q1,0.0151297492499836,0.016866943357824127,-4.207959267711823,-4.191092324353999
NZL,New Zealand,NZL,1999,2,1999.25,1999-Q2,1999q2,0.0152430823142787,0.021037826521386194,-4.2046673241020285,-4.183629497580642
NZL,New Zealand,NZL,1999,3,1999.5,1999-Q3,1999q3,0.0153765964782849,0.023202523588458313,-4.198111158282587,-4.174908634694129
NZL,New Zealand,NZL,1999,4,1999.75,1999-Q4,1999q4,0.0153607889477853,0.01246509475619817,-4.188402283549777,-4.175937188793579
NZL,New Zealand,NZL,2000,1,2000.0,2000-Q1,2000q1,0.0157265282049271,0.03191589625355462,-4.184322194227946,-4.152406297974391
NZL,New Zealand,NZL,2000,2,2000.25,2000-Q2,2000q2,0.0156444588967334,0.02365965883073695,-4.181298147628699,-4.157638488797962
NZL,New Zealand,NZL,2000,3,2000.5,2000-Q3,2000q3,0.0154909099801299,0.010997345914207202,-4.17849922589675,-4.1675018799825425
NZL,New Zealand,NZL,2000,4,2000.75,2000-Q4,2000q4,0.0154532287982885,0.003253764572576756,-4.173191078337019,-4.169937313764442
NZL,New Zealand,NZL,2001,1,2001.0,2001-Q1,2001q1,0.0152922255776372,-0.006974159268267499,-4.173436552638961,-4.1804107119072285
NZL,New Zealand,NZL,2001,2,2001.25,2001-Q2,2001q2,0.0156720037575358,0.01793597232196298,-4.1738153309007995,-4.1558793585788365
NZL,New Zealand,NZL,2001,3,2001.5,2001-Q3,2001q3,0.0156121312537289,0.01484060138561194,-4.174547623851253,-4.159707022465641
NZL,New Zealand,NZL,2001,4,2001.75,2001-Q4,2001q4,0.0156100936176438,0.010893428491527857,-4.17073097567771,-4.159837547186182
NZL,New Zealand,NZL,2002,1,2002.0,2002-Q1,2002q1,0.0155742065254985,-0.001140612600217139,-4.160998548399518,-4.162139160999735
NZL,New Zealand,NZL,2002,2,2002.25,2002-Q2,2002q2,0.0156355494724164,-0.005009938916620271,-4.153198206030584,-4.158208144947205
NZL,New Zealand,NZL,2002,3,2002.5,2002-Q3,2002q3,0.0159643500436941,0.012623607802289882,-4.150020772771553,-4.137397164969263
NZL,New Zealand,NZL,2002,4,2002.75,2002-Q4,2002q4,0.0161278081076263,0.01825394539796399,-4.145464230650573,-4.127210285252609
NZL,New Zealand,NZL,2003,1,2003.0,2003-Q1,2003q1,0.0161327260392234,0.0145203727357881,-4.141425769568831,-4.126905396833043
NZL,New Zealand,NZL,2003,2,2003.25,2003-Q2,2003q2,0.0160761717267778,0.006170798226719398,-4.136587918495714,-4.130417120268994
NZL,New Zealand,NZL,2003,3,2003.5,2003-Q3,2003q3,0.0160797072761744,-0.0016992273276539294,-4.128497992287372,-4.130197219615026
NZL,New Zealand,NZL,2003,4,2003.75,2003-Q4,2003q4,0.0162445378170435,-0.0005748739757560628,-4.119423687072228,-4.119998561047984
NZL,New Zealand,NZL,2004,1,2004.0,2004-Q1,2004q1,0.0165377630370441,0.008977112078810023,-4.111085956256169,-4.1021088441773585
NZL,New Zealand,NZL,2004,2,2004.25,2004-Q2,2004q2,0.0164233642140929,-0.006347887100318417,-4.102702423697901,-4.109050310798219
NZL,New Zealand,NZL,2004,3,2004.5,2004-Q3,2004q3,0.0162596173611311,-0.023263697797440308,-4.095807009867689,-4.119070707665129
NZL,New Zealand,NZL,2004,4,2004.75,2004-Q4,2004q4,0.0159898260744102,-0.05164739094525128,-4.084155238397759,-4.135802629343011
NZL,New Zealand,NZL,2005,1,2005.0,2005-Q1,2005q1,0.0160553795968882,-0.053781420741011665,-4.077929887448277,-4.1317113081892884
NZL,New Zealand,NZL,2005,2,2005.25,2005-Q2,2005q2,0.0163967667673058,-0.04519057441954999,-4.065480537503734,-4.110671111923284
NZL,New Zealand,NZL,2005,3,2005.5,2005-Q3,2005q3,0.0162250495775431,-0.06212113058951996,-4.059077830180438,-4.121198960769958
NZL,New Zealand,NZL,2005,4,2005.75,2005-Q4,2005q4,0.0161888870303728,-0.07396429847217867,-4.04946595944698,-4.123430257919159
NZL,New Zealand,NZL,2006,1,2006.0,2006-Q1,2006q1,0.0161803227497893,-0.0827103272538281,-4.041249092843926,-4.123959420097754
NZL,New Zealand,NZL,2006,2,2006.25,2006-Q2,2006q2,0.015987100191634,-0.10197847510214597,-4.0339946448477555,-4.1359731199499015
NZL,New Zealand,NZL,2006,3,2006.5,2006-Q3,2006q3,0.0163090110921013,-0.08912890147777475,-4.026908594708328,-4.116037496186102
NZL,New Zealand,NZL,2006,4,2006.75,2006-Q4,2006q4,0.0164243126789446,-0.09188783023069202,-4.017104731287111,-4.108992561517803
NZL,New Zealand,NZL,2007,1,2007.0,2007-Q1,2007q1,0.0163411254150719,-0.1045333705520175,-4.009536946518625,-4.1140703170706425
NZL,New Zealand,NZL,2007,2,2007.25,2007-Q2,2007q2,0.0165319115154549,-0.10109853095055943,-4.0013642037158625,-4.102462734666422
NZL,New Zealand,NZL,2007,3,2007.5,2007-Q3,2007q3,0.0166952482924951,-0.10011260197862759,-3.9925185314516303,-4.092631133430258
NZL,New Zealand,NZL,2007,4,2007.75,2007-Q4,2007q4,0.0166744310157887,-0.11028193189105417,-3.983596877863246,-4.0938788097543
NZL,New Zealand,NZL,2008,1,2008.0,2008-Q1,2008q1,0.0168288699781514,-0.10275911690918793,-3.9819002994309596,-4.0846594163401475
NZL,New Zealand,NZL,2008,2,2008.25,2008-Q2,2008q2,0.0163858695163884,-0.13274353574291453,-3.978592394666867,-4.111335930409782
NZL,New Zealand,NZL,2008,3,2008.5,2008-Q3,2008q3,0.016366660300194,-0.13092879806606206,-3.981580123773969,-4.112508921840031
NZL,New Zealand,NZL,2008,4,2008.75,2008-Q4,2008q4,0.0162715202735371,-0.12302143127328113,-3.995317490552026,-4.118338921825307
NZL,New Zealand,NZL,2009,1,2009.0,2009-Q1,2009q1,0.0164226571762582,-0.09834277011465709,-4.010750592341259,-4.1090933624559165
NZL,New Zealand,NZL,2009,2,2009.25,2009-Q2,2009q2,0.0166645600587399,-0.09046852954558737,-4.004002437140827,-4.094470966686415
NZL,New Zealand,NZL,2009,3,2009.5,2009-Q3,2009q3,0.0169016625913249,-0.08811151580214371,-3.992231767904877,-4.080343283707021
NZL,New Zealand,NZL,2009,4,2009.75,2009-Q4,2009q4,0.0170906417667182,-0.08375560063065901,-3.985468629751267,-4.069224230381926
NZL,New Zealand,NZL,2010,1,2010.0,2010-Q1,2010q1,0.0172030999022336,-0.08175537124537113,-3.9809103132822243,-4.0626656845275955
NZL,New Zealand,NZL,2010,2,2010.25,2010-Q2,2010q2,0.0173149421659167,-0.08957968305827846,-3.9666057581895937,-4.056185441247872
NZL,New Zealand,NZL,2010,3,2010.5,2010-Q3,2010q3,0.016915432882074,-0.11879206535848663,-3.9607368201089788,-4.079528885467465
NZL,New Zealand,NZL,2010,4,2010.75,2010-Q4,2010q4,0.0167587831647922,-0.13708357451100905,-3.9517492155856404,-4.0888327900966495
NZL,New Zealand,NZL,2011,1,2011.0,2011-Q1,2011q1,0.0168836517036405,-0.13146655631408333,-3.949942923742827,-4.0814094800569105
NZL,New Zealand,NZL,2011,2,2011.25,2011-Q2,2011q2,0.0169974273824471,-0.1314801379453434,-3.9432131388764726,-4.074693276821816
NZL,New Zealand,NZL,2011,3,2011.5,2011-Q3,2011q3,0.0171585474512139,-0.12736297654756346,-3.9378958593227056,-4.065258835870269
NZL,New Zealand,NZL,2011,4,2011.75,2011-Q4,2011q4,0.0172534291097293,-0.12194926188716071,-3.937795104403702,-4.059744366290863
NZL,New Zealand,NZL,2012,1,2012.0,2012-Q1,2012q1,0.0172908541298863,-0.12083102514090349,-3.936746555141414,-4.0575775802823175
NZL,New Zealand,NZL,2012,2,2012.25,2012-Q2,2012q2,0.017398724141506,-0.11632835709033484,-3.935030043560548,-4.051358400650883
NZL,New Zealand,NZL,2012,3,2012.5,2012-Q3,2012q3,0.0175856424444478,-0.10952992282613705,-3.931142557235305,-4.040672480061442
NZL,New Zealand,NZL,2012,4,2012.75,2012-Q4,2012q4,0.0180052715705081,-0.0908676610896455,-3.9262230378446903,-4.017090698934336
NZL,New Zealand,NZL,2013,1,2013.0,2013-Q1,2013q1,0.0177859418151175,-0.10965090832377733,-3.9196960110728867,-4.029346919396664
NZL,New Zealand,NZL,2013,2,2013.25,2013-Q2,2013q2,0.0176208230032573,-0.12776125621979517,-3.910912694874213,-4.038673951094008
NZL,New Zealand,NZL,2013,3,2013.5,2013-Q3,2013q3,0.0175072420390565,-0.13962115329019964,-3.905519499563591,-4.0451406528537905
NZL,New Zealand,NZL,2013,4,2013.75,2013-Q4,2013q4,0.0174309986333231,-0.1466597993440093,-3.9028453278103648,-4.049505127154374
NZL,New Zealand,NZL,2014,1,2014.0,2014-Q1,2014q1,0.0174661203417592,-0.1487336717409864,-3.8987585832149927,-4.047492254955979
NZL,New Zealand,NZL,2014,2,2014.25,2014-Q2,2014q2,0.0174761425003826,-0.15293561154627566,-3.893983002318197,-4.046918613864473
NZL,New Zealand,NZL,2014,3,2014.5,2014-Q3,2014q3,0.017506527284216,-0.1532567387338326,-3.8919247411919593,-4.045181479925792
NZL,New Zealand,NZL,2014,4,2014.75,2014-Q4,2014q4,0.0174873815712891,-0.16109037935482196,-3.8851853318508356,-4.0462757112056575
NZL,New Zealand,NZL,2015,1,2015.0,2015-Q1,2015q1,0.0175109206061584,-0.16329306059483528,-3.8816374974488594,-4.044930558043695
NZL,New Zealand,NZL,2015,2,2015.25,2015-Q2,2015q2,0.0176291816071815,-0.16115327742909846,-3.877046426686889,-4.038199704115987
NZL,New Zealand,NZL,2015,3,2015.5,2015-Q3,2015q3,0.0179566199079893,-0.14681374429770333,-3.872982690636614,-4.019796434934317
NZL,New Zealand,NZL,2015,4,2015.75,2015-Q4,2015q4,0.0178876096177271,-0.1497549430430447,-3.8738920629004796,-4.023647005943524
NZL,New Zealand,NZL,2016,1,2016.0,2016-Q1,2016q1,0.0178544186688784,-0.15036111089559245,-3.875143146019994,-4.025504256915586
NZL,New Zealand,NZL,2016,2,2016.25,2016-Q2,2016q2,0.0176017716903769,-0.17194772533890035,-3.8678079924394737,-4.039755717778374
NZL,New Zealand,NZL,2016,3,2016.5,2016-Q3,2016q3,0.0175835262633911,-0.1734947614758351,-3.867298061552871,-4.040792823028706
NZL,New Zealand,NZL,2016,4,2016.75,2016-Q4,2016q4,0.0174085426974291,-0.19177573277076654,-3.8590185008497677,-4.050794233620534
NZL,New Zealand,NZL,2017,1,2017.0,2017-Q1,2017q1,0.0174788023967315,-0.19241518564271498,-3.8543512382319376,-4.046766423874653
NZL,New Zealand,NZL,2017,2,2017.25,2017-Q2,2017q2,0.0176760544890134,-0.18886153272235795,-3.8466828763408323,-4.03554440906319
NZL,New Zealand,NZL,2017,3,2017.5,2017-Q3,2017q3,0.0175420606175546,-0.19991553250932537,-3.8432382853826903,-4.043153817892016
NZL,New Zealand,NZL,2017,4,2017.75,2017-Q4,2017q4,0.0176243175472151,-0.20069118345126702,-3.837784468307589,-4.038475651758856
NZL,New Zealand,NZL,2018,1,2018.0,2018-Q1,2018q1,0.0177623621611641,-0.19734553961199142,-3.8333280060803943,-4.030673545692386
NZL,New Zealand,NZL,2018,2,2018.25,2018-Q2,2018q2,0.0177914545263202,-0.20334492786382663,-3.8256920918879103,-4.029037019751737
NZL,New Zealand,NZL,2018,3,2018.5,2018-Q3,2018q3,0.0176626326548767,-0.21204593339283084,-3.824258087068906,-4.036304020461737
NZL,New Zealand,NZL,2018,4,2018.75,2018-Q4,2018q4,0.0181283254021966,-0.1853003218147382,-3.8249793027892887,-4.010279624604027
NZL,New Zealand,NZL,2019,1,2019.0,2019-Q1,2019q1,0.0182069710484032,-0.18455948487806806,-3.821391248718992,-4.00595073359706
NZL,New Zealand,NZL,2019,2,2019.25,2019-Q2,2019q2,0.0180839642757754,-0.19916274267778222,-3.8135669423342766,-4.012729685012059
NZL,New Zealand,NZL,2019,3,2019.5,2019-Q3,2019q3,0.0181864554513551,-0.1949457454164909,-3.8121324225111266,-4.0070781679276175
NZL,New Zealand,NZL,2019,4,2019.75,2019-Q4,2019q4,0.0182071847141706,-0.19068925281791937,-3.8152497454656107,-4.00593899828353
NZL,New Zealand,NZL,2020,1,2020.0,2020-Q1,2020q1,0.0179193244442755,-0.20766891157371958,-3.8142066589943626,-4.021875570568082
NZL,New Zealand,NZL,2020,2,2020.25,2020-Q2,2020q2,0.0161712829885528,-0.24232992211052373,-3.8821883426730164,-4.12451826478354
NZL,New Zealand,NZL,2020,3,2020.5,2020-Q3,2020q3,0.0186194318179938,-0.1561552279881231,-3.8273942942189545,-3.9835495222070776
NZL,New Zealand,NZL,2020,4,2020.75,2020-Q4,2020q4,0.0185645163995904,-0.16821457447598798,-3.8182886662554183,-3.9865032407314063
NZL,New Zealand,NZL,2021,1,2021.0,2021-Q1,2021q1,0.0188623459630202,-0.1713001581403799,-3.799287463088877,-3.970587621229257
NZL,New Zealand,NZL,2021,2,2021.25,2021-Q2,2021q2,0.0188268258056301,-0.1782294128667612,-3.7942431087856,-3.972472521652361
NZL,New Zealand,NZL,2021,3,2021.5,2021-Q3,2021q3,0.017729869667303,-0.2405831189454588,-3.7919213909475182,-4.032504509892977
NZL,New Zealand,NZL,2021,4,2021.75,2021-Q4,2021q4,0.0184340217703285,-0.2099325852061802,-3.7836247272174144,-3.9935573124235946
NZL,New Zealand,NZL,2022,1,2022.0,2022-Q1,2022q1,0.0184861886529618,-0.20804385200304987,-3.7826875330083403,-3.99073138501139
NZL,New Zealand,NZL,2022,2,2022.25,2022-Q2,2022q2,0.018784908127393,-0.19260913850214312,-3.7820923522090077,-3.974701490711151
NZL,New Zealand,NZL,2022,3,2022.5,2022-Q3,2022q3,0.0189403198004402,-0.18426982080545962,-3.782192485638369,-3.9664623064438285
NZL,New Zealand,NZL,2022,4,2022.75,2022-Q4,2022q4,0.0188890012472378,-0.18769398591404407,-3.7814814849885647,-3.969175470902609
NZL,New Zealand,NZL,2023,1,2023.0,2023-Q1,2023q1,0.0185992973642115,-0.2019663758905783,-3.7826650992036,-3.9846314750941785
NZL,New Zealand,NZL,2023,2,2023.25,2023-Q2,2023q2,0.0185761125073518,-0.2049793893981362,-3.780899408049487,-3.985878797447623
NZL,New Zealand,NZL,2023,3,2023.5,2023-Q3,2023q3,0.0185573524902542,-0.20617740329189083,-3.7807118045063346,-3.9868892077982254
NZL,New Zealand,NZL,2023,4,2023.75,2023-Q4,2023q4,0.0185705577001745,-0.20740568104368862,-3.7787721907052205,-3.986177871748909
NZL,New Zealand,NZL,2024,1,2024.0,2024-Q1,2024q1,0.0186176075621306,-0.2078914852980529,-3.775756017623659,-3.9836475029217118
NZL,New Zealand,NZL,2024,2,2024.25,2024-Q2,2024q2,0.0185664161099596,-0.21541450936877826,-3.770986406414534,-3.9864009157833125
NZL,New Zealand,NZL,2024,3,2024.5,2024-Q3,2024q3,0.0184512925238232,-0.22744441850052777,-3.765176436957072,-3.9926208554576
NZL,New Zealand,NZL,2024,4,2024.75,2024-Q4,2024q4,0.0185709799711036,-0.22401944945529317,-3.7621356838204347,-3.986155133275728
NZL,New Zealand,NZL,2025,1,2025.0,2025-Q1,2025q1,0.0187260662575685,-0.2199980285724772,-3.757840779633255,-3.9778388082057323
NZL,New Zealand,NZL,2025,2,2025.25,2025-Q2,2025q2,0.018705662535619,-0.22606643456965037,-3.7528625569980663,-3.9789289915677166
NZL,New Zealand,NZL,2025,3,2025.5,2025-Q3,2025q3,0.0188970039665785,-0.2205252810801701,-3.7482266086888907,-3.968751889769061
NZL,New Zealand,NZL,2025,4,2025.75,2025-Q4,2025q4,0.0188877826483469,-0.2220882665779338,-3.747151720080949,-3.969239986658883
NZL,New Zealand,NZL,2026,1,2026.0,2026-Q1,2026q1,0.0190473437191732,-0.2112894816427473,-3.7495381428027086,-3.960827624445456
PER,Peru,PER,1997,1,1997.0,1997-Q1,1997q1,0.0017295554735373,-2.1324590639715044,-4.227431791231235,-6.35989085520274
PER,Peru,PER,1997,2,1997.25,1997-Q2,1997q2,0.001778553855687,-2.117597609137068,-4.214357076375103,-6.331954685512171
PER,Peru,PER,1997,3,1997.5,1997-Q3,1997q3,0.0017726969496708,-2.1255943096536107,-4.2096588820174015,-6.335253191671012
PER,Peru,PER,1997,4,1997.75,1997-Q4,1997q4,0.0017649739283516,-2.133427266552377,-4.206192093625781,-6.339619360178157
PER,Peru,PER,1998,1,1998.0,1998-Q1,1998q1,0.0017498353393917,-2.1377231037101847,-4.21051048353961,-6.348233587249795
PER,Peru,PER,1998,2,1998.25,1998-Q2,1998q2,0.0017029239867015,-2.164192676086233,-4.211215837148984,-6.375408513235217
PER,Peru,PER,1998,3,1998.5,1998-Q3,1998q3,0.0017578338632369,-2.135200915300982,-4.2084720721621,-6.343672987463082
PER,Peru,PER,1998,4,1998.75,1998-Q4,1998q4,0.0017201080065594,-2.1590727763739856,-4.206295419243004,-6.365368195616989
PER,Peru,PER,1999,1,1999.0,1999-Q1,1999q1,0.001706334972375,-2.165448231899852,-4.207959267711823,-6.373407499611675
PER,Peru,PER,1999,2,1999.25,1999-Q2,1999q2,0.0016967271944573,-2.174386739089318,-4.2046673241020285,-6.379054063191346
PER,Peru,PER,1999,3,1999.5,1999-Q3,1999q3,0.0017073176680069,-2.174720596950518,-4.198111158282587,-6.372831755233105
PER,Peru,PER,1999,4,1999.75,1999-Q4,1999q4,0.0017658977041394,-2.1506938201041965,-4.188402283549777,-6.339096103653974
PER,Peru,PER,2000,1,2000.0,2000-Q1,2000q1,0.0017807478204923,-2.146399684805443,-4.184322194227946,-6.330721879033389
PER,Peru,PER,2000,2,2000.25,2000-Q2,2000q2,0.0017325479980365,-2.1768639751609076,-4.181298147628699,-6.358162122789606
PER,Peru,PER,2000,3,2000.5,2000-Q3,2000q3,0.0017052108200086,-2.195567301894818,-4.17849922589675,-6.374066527791568
PER,Peru,PER,2000,4,2000.75,2000-Q4,2000q4,0.0016701604368426,-2.221644508865249,-4.173191078337019,-6.394835587202268
PER,Peru,PER,2001,1,2001.0,2001-Q1,2001q1,0.0016571966955443,-2.2291912891233903,-4.173436552638961,-6.402627841762351
PER,Peru,PER,2001,2,2001.25,2001-Q2,2001q2,0.0016930485598608,-2.2074091626123247,-4.1738153309007995,-6.381224493513124
PER,Peru,PER,2001,3,2001.5,2001-Q3,2001q3,0.0017170942364974,-2.192574190331773,-4.174547623851253,-6.367121814183026
PER,Peru,PER,2001,4,2001.75,2001-Q4,2001q4,0.0017207296108579,-2.194275910063965,-4.17073097567771,-6.365006885741675
PER,Peru,PER,2002,1,2002.0,2002-Q1,2002q1,0.0016176314142011,-2.265793741234214,-4.160998548399518,-6.426792289633732
PER,Peru,PER,2002,2,2002.25,2002-Q2,2002q2,0.0016466918141931,-2.255788758759257,-4.153198206030584,-6.408986964789841
PER,Peru,PER,2002,3,2002.5,2002-Q3,2002q3,0.0016440407238673,-2.260577438674577,-4.150020772771553,-6.41059821144613
PER,Peru,PER,2002,4,2002.75,2002-Q4,2002q4,0.001654630384941,-2.258713396806857,-4.145464230650573,-6.40417762745743
PER,Peru,PER,2003,1,2003.0,2003-Q1,2003q1,0.0016719874056194,-2.2523165273034484,-4.141425769568831,-6.393742296872279
PER,Peru,PER,2003,2,2003.25,2003-Q2,2003q2,0.001688418954231,-2.2473747994736204,-4.136587918495714,-6.383962717969334
PER,Peru,PER,2003,3,2003.5,2003-Q3,2003q3,0.0016829539436729,-2.2587067374737915,-4.128497992287372,-6.387204729761163
PER,Peru,PER,2003,4,2003.75,2003-Q4,2003q4,0.0016680690821192,-2.2766648726923693,-4.119423687072228,-6.396088559764597
PER,Peru,PER,2004,1,2004.0,2004-Q1,2004q1,0.0017392453717611,-2.243217997962316,-4.111085956256169,-6.3543039542184845
PER,Peru,PER,2004,2,2004.25,2004-Q2,2004q2,0.0017561240006895,-2.2419437471376407,-4.102702423697901,-6.344646170835541
PER,Peru,PER,2004,3,2004.5,2004-Q3,2004q3,0.0017600516415897,-2.2466051186825213,-4.095807009867689,-6.34241212855021
PER,Peru,PER,2004,4,2004.75,2004-Q4,2004q4,0.0017780674147787,-2.2480729881379515,-4.084155238397759,-6.332228226535711
PER,Peru,PER,2005,1,2005.0,2005-Q1,2005q1,0.0018391597180926,-2.220516599170402,-4.077929887448277,-6.298446486618679
PER,Peru,PER,2005,2,2005.25,2005-Q2,2005q2,0.0018689776711298,-2.2168831600373915,-4.065480537503734,-6.2823636975411254
PER,Peru,PER,2005,3,2005.5,2005-Q3,2005q3,0.0018744087349443,-2.220384180472907,-4.059077830180438,-6.279462010653345
PER,Peru,PER,2005,4,2005.75,2005-Q4,2005q4,0.0019024418257007,-2.215151087067256,-4.04946595944698,-6.264617046514236
PER,Peru,PER,2006,1,2006.0,2006-Q1,2006q1,0.0019176981760399,-2.2153805859599105,-4.041249092843926,-6.2566296788038365
PER,Peru,PER,2006,2,2006.25,2006-Q2,2006q2,0.0019257723110813,-2.2184335462923457,-4.0339946448477555,-6.252428191140101
PER,Peru,PER,2006,3,2006.5,2006-Q3,2006q3,0.0019365016117204,-2.2199636320162286,-4.026908594708328,-6.246872226724556
PER,Peru,PER,2006,4,2006.75,2006-Q4,2006q4,0.0019467057004738,-2.2245119881107778,-4.017104731287111,-6.241616719397888
PER,Peru,PER,2007,1,2007.0,2007-Q1,2007q1,0.0019719416843575,-2.219199648547149,-4.009536946518625,-6.228736595065774
PER,Peru,PER,2007,2,2007.25,2007-Q2,2007q2,0.0020013359109128,-2.2125761622328852,-4.0013642037158625,-6.213940365948748
PER,Peru,PER,2007,3,2007.5,2007-Q3,2007q3,0.0020241857219862,-2.210069240440363,-3.9925185314516303,-6.202587771891993
PER,Peru,PER,2007,4,2007.75,2007-Q4,2007q4,0.0020636641598812,-2.1996752799746617,-3.983596877863246,-6.183272157837908
PER,Peru,PER,2008,1,2008.0,2008-Q1,2008q1,0.0021061296715199,-2.1810029953132926,-3.9819002994309596,-6.162903294744252
PER,Peru,PER,2008,2,2008.25,2008-Q2,2008q2,0.002153503170109,-2.1620669867314204,-3.978592394666867,-6.1406593813982875
PER,Peru,PER,2008,3,2008.5,2008-Q3,2008q3,0.0021576282533342,-2.157165567653432,-3.981580123773969,-6.138745691427401
PER,Peru,PER,2008,4,2008.75,2008-Q4,2008q4,0.0021437554030568,-2.1498786361248245,-3.995317490552026,-6.145196126676851
PER,Peru,PER,2009,1,2009.0,2009-Q1,2009q1,0.0021257815504492,-2.142865163435407,-4.010750592341259,-6.153615755776666
PER,Peru,PER,2009,2,2009.25,2009-Q2,2009q2,0.0020976164046045,-2.1629511871902736,-4.004002437140827,-6.166953624331101
PER,Peru,PER,2009,3,2009.5,2009-Q3,2009q3,0.0021210277431204,-2.1636227553726224,-3.992231767904877,-6.155854523277499
PER,Peru,PER,2009,4,2009.75,2009-Q4,2009q4,0.0021449351308309,-2.1591773393450655,-3.985468629751267,-6.144645969096333
PER,Peru,PER,2010,1,2010.0,2010-Q1,2010q1,0.0021820884394851,-2.1465625477240198,-3.9809103132822243,-6.127472861006244
PER,Peru,PER,2010,2,2010.25,2010-Q2,2010q2,0.0022367141850062,-2.1361416135434834,-3.9666057581895937,-6.102747371733077
PER,Peru,PER,2010,3,2010.5,2010-Q3,2010q3,0.0022474798612419,-2.137208932064949,-3.9607368201089788,-6.097945752173928
PER,Peru,PER,2010,4,2010.75,2010-Q4,2010q4,0.0022724099153212,-2.1351651583355284,-3.9517492155856404,-6.086914373921169
PER,Peru,PER,2011,1,2011.0,2011-Q1,2011q1,0.0022983971252471,-2.1256003773198104,-3.949942923742827,-6.075543301062638
PER,Peru,PER,2011,2,2011.25,2011-Q2,2011q2,0.0023164089538137,-2.1245240183431453,-3.9432131388764726,-6.067737157219618
PER,Peru,PER,2011,3,2011.5,2011-Q3,2011q3,0.0023563232013555,-2.1127569810395377,-3.9378958593227056,-6.050652840362243
PER,Peru,PER,2011,4,2011.75,2011-Q4,2011q4,0.0023980422522279,-2.0953074983502322,-3.937795104403702,-6.033102602753934
PER,Peru,PER,2012,1,2012.0,2012-Q1,2012q1,0.0023681167196104,-2.108913717657681,-3.936746555141414,-6.045660272799095
PER,Peru,PER,2012,2,2012.25,2012-Q2,2012q2,0.0023876510245039,-2.1024151877127264,-3.935030043560548,-6.037445231273274
PER,Peru,PER,2012,3,2012.5,2012-Q3,2012q3,0.0024497641193163,-2.080620979655286,-3.931142557235305,-6.011763536890591
PER,Peru,PER,2012,4,2012.75,2012-Q4,2012q4,0.0024787126348078,-2.07379291460684,-3.9262230378446903,-6.00001595245153
PER,Peru,PER,2013,1,2013.0,2013-Q1,2013q1,0.0025142763347749,-2.066074245414671,-3.9196960110728867,-5.985770256487558
PER,Peru,PER,2013,2,2013.25,2013-Q2,2013q2,0.0025643790547697,-2.0551262187026795,-3.910912694874213,-5.9660389135768925
PER,Peru,PER,2013,3,2013.5,2013-Q3,2013q3,0.0025674165388215,-2.0593356239144476,-3.905519499563591,-5.9648551234780385
PER,Peru,PER,2013,4,2013.75,2013-Q4,2013q4,0.002578510656124,-2.057697983988092,-3.9028453278103648,-5.960543311798457
PER,Peru,PER,2014,1,2014.0,2014-Q1,2014q1,0.0025957274645728,-2.0551298852665845,-3.8987585832149927,-5.953888468481577
PER,Peru,PER,2014,2,2014.25,2014-Q2,2014q2,0.0025872171356215,-2.0631894436148417,-3.893983002318197,-5.957172445933039
PER,Peru,PER,2014,3,2014.5,2014-Q3,2014q3,0.0026056978791779,-2.0581299985872588,-3.8919247411919593,-5.950054739779218
PER,Peru,PER,2014,4,2014.75,2014-Q4,2014q4,0.0026248067564819,-2.057562670375871,-3.8851853318508356,-5.942748002226707
PER,Peru,PER,2015,1,2015.0,2015-Q1,2015q1,0.002659582100029,-2.0479487763342483,-3.8816374974488594,-5.929586273783108
PER,Peru,PER,2015,2,2015.25,2015-Q2,2015q2,0.0026662949595797,-2.0500189991568454,-3.877046426686889,-5.927065425843734
PER,Peru,PER,2015,3,2015.5,2015-Q3,2015q3,0.0026653803986465,-2.0544258022097868,-3.872982690636614,-5.927408492846401
PER,Peru,PER,2015,4,2015.75,2015-Q4,2015q4,0.0027013862070386,-2.0400981648069068,-3.8738920629004796,-5.913990227707386
PER,Peru,PER,2016,1,2016.0,2016-Q1,2016q1,0.0027181380480294,-2.032665028225182,-3.875143146019994,-5.907808174245176
PER,Peru,PER,2016,2,2016.25,2016-Q2,2016q2,0.002722518176122,-2.0383900344784465,-3.8678079924394737,-5.90619802691792
PER,Peru,PER,2016,3,2016.5,2016-Q3,2016q3,0.0027311577094779,-2.035731628718591,-3.867298061552871,-5.903029690271462
PER,Peru,PER,2016,4,2016.75,2016-Q4,2016q4,0.0027457397627676,-2.0386862448450254,-3.8590185008497677,-5.897704745694793
PER,Peru,PER,2017,1,2017.0,2017-Q1,2017q1,0.0027502264325124,-2.041720793365979,-3.8543512382319376,-5.8960720315979165
PER,Peru,PER,2017,2,2017.25,2017-Q2,2017q2,0.0027713922809618,-2.041722580211389,-3.8466828763408323,-5.8884054565522215
PER,Peru,PER,2017,3,2017.5,2017-Q3,2017q3,0.0027722107603961,-2.0448718832731423,-3.8432382853826903,-5.888110168655833
PER,Peru,PER,2017,4,2017.75,2017-Q4,2017q4,0.0027671837123302,-2.0521407180259694,-3.837784468307589,-5.889925186333558
PER,Peru,PER,2018,1,2018.0,2018-Q1,2018q1,0.0028033294418645,-2.043619475743688,-3.8333280060803943,-5.876947481824082
PER,Peru,PER,2018,2,2018.25,2018-Q2,2018q2,0.0028709057113015,-2.0274356282565322,-3.8256920918879103,-5.8531277201444425
PER,Peru,PER,2018,3,2018.5,2018-Q3,2018q3,0.002827559637845,-2.0440831710514886,-3.824258087068906,-5.868341258120394
PER,Peru,PER,2018,4,2018.75,2018-Q4,2018q4,0.0028374255279239,-2.039878839395337,-3.8249793027892887,-5.864858142184626
PER,Peru,PER,2019,1,2019.0,2019-Q1,2019q1,0.002856578241884,-2.0367395406335516,-3.821391248718992,-5.858130789352543
PER,Peru,PER,2019,2,2019.25,2019-Q2,2019q2,0.0028662747475947,-2.0411751473583233,-3.8135669423342766,-5.8547420896926
PER,Peru,PER,2019,3,2019.5,2019-Q3,2019q3,0.0028563097152387,-2.046092374162237,-3.8121324225111266,-5.858224796673364
PER,Peru,PER,2019,4,2019.75,2019-Q4,2019q4,0.0028580396434592,-2.042369583055647,-3.8152497454656107,-5.857619328521258
PER,Peru,PER,2020,1,2020.0,2020-Q1,2020q1,0.0027978034547798,-2.0647139911081993,-3.8142066589943626,-5.878920650102562
PER,Peru,PER,2020,2,2020.25,2020-Q2,2020q2,0.0027496790176089,-2.014082752312542,-3.8821883426730164,-5.896271094985559
PER,Peru,PER,2020,3,2020.5,2020-Q3,2020q3,0.0031001072165867,-1.9489242878744544,-3.8273942942189545,-5.776318582093409
PER,Peru,PER,2020,4,2020.75,2020-Q4,2020q4,0.0029726643454321,-2.0000079760492,-3.8182886662554183,-5.8182966423046185
PER,Peru,PER,2021,1,2021.0,2021-Q1,2021q1,0.002973200791309,-2.0188287358770456,-3.799287463088877,-5.818116198965923
PER,Peru,PER,2021,2,2021.25,2021-Q2,2021q2,0.0029251457081178,-2.040167876012302,-3.7942431087856,-5.834410984797902
PER,Peru,PER,2021,3,2021.5,2021-Q3,2021q3,0.0029302414935605,-2.0407490473916585,-3.7919213909475182,-5.832670438339177
PER,Peru,PER,2021,4,2021.75,2021-Q4,2021q4,0.0028710323635356,-2.0694588781238132,-3.7836247272174144,-5.853083605341228
PER,Peru,PER,2022,1,2022.0,2022-Q1,2022q1,0.0030142190926742,-2.021726956747768,-3.7826875330083403,-5.804414489756108
PER,Peru,PER,2022,2,2022.25,2022-Q2,2022q2,0.0030003767710033,-2.0269250556563922,-3.7820923522090077,-5.8090174078654
PER,Peru,PER,2022,3,2022.5,2022-Q3,2022q3,0.0029979267130203,-2.0276418392522464,-3.782192485638369,-5.809834324890615
PER,Peru,PER,2022,4,2022.75,2022-Q4,2022q4,0.0030279736110405,-2.0183801734363658,-3.7814814849885647,-5.7998616584249305
PER,Peru,PER,2023,1,2023.0,2023-Q1,2023q1,0.0030151665372445,-2.021435114891188,-3.7826650992036,-5.804100214094788
PER,Peru,PER,2023,2,2023.25,2023-Q2,2023q2,0.0030125483667041,-2.0240695169073013,-3.780899408049487,-5.804968924956788
PER,Peru,PER,2023,3,2023.5,2023-Q3,2023q3,0.0030016775870349,-2.027872146421034,-3.7807118045063346,-5.8085839509273685
PER,Peru,PER,2023,4,2023.75,2023-Q4,2023q4,0.0030433589140293,-2.016021276887396,-3.7787721907052205,-5.7947934675926165
PER,Peru,PER,2024,1,2024.0,2024-Q1,2024q1,0.003044593585416,-2.0186318385901765,-3.775756017623659,-5.794387856213835
PER,Peru,PER,2024,2,2024.25,2024-Q2,2024q2,0.0030993602237684,-2.005573161805216,-3.770986406414534,-5.77655956821975
PER,Peru,PER,2024,3,2024.5,2024-Q3,2024q3,0.0031294714787256,-2.001714708368078,-3.765176436957072,-5.76689114532515
PER,Peru,PER,2024,4,2024.75,2024-Q4,2024q4,0.0031549835015715,-1.9966363284780781,-3.7621356838204347,-5.758772012298513
PER,Peru,PER,2025,1,2025.0,2025-Q1,2025q1,0.0031626770305371,-1.9984956688265085,-3.757840779633255,-5.756336448459764
PER,Peru,PER,2025,2,2025.25,2025-Q2,2025q2,0.0031945942577142,-1.9934326351095568,-3.7528625569980663,-5.746295192107623
PER,Peru,PER,2025,3,2025.5,2025-Q3,2025q3,0.0032025531692546,-1.9955803132208918,-3.7482266086888907,-5.7438069219097825
PER,Peru,PER,2025,4,2025.75,2025-Q4,2025q4,0.0032005565514303,-1.9972788418962715,-3.747151720080949,-5.744430561977221
PHL,Philippines,PHL,1995,1,1995.0,1995-Q1,1995q1,0.001042360168719,-2.6121931754260928,-4.254074568586735,-6.866267744012828
PHL,Philippines,PHL,1995,2,1995.25,1995-Q2,1995q2,0.0010374680385875,-2.620531905885593,-4.2504402066290705,-6.870972112514663
PHL,Philippines,PHL,1995,3,1995.5,1995-Q3,1995q3,0.0010371575139595,-2.6239204210056366,-4.24735104637809,-6.8712714673837265
PHL,Philippines,PHL,1995,4,1995.75,1995-Q4,1995q4,0.0010482581050177,-2.616205954077455,-4.244419485914777,-6.860625439992232
PHL,Philippines,PHL,1996,1,1996.0,1996-Q1,1996q1,0.0010281229326864,-2.6389456395340556,-4.241074895239452,-6.880020534773507
PHL,Philippines,PHL,1996,2,1996.25,1996-Q2,1996q2,0.0010331995802608,-2.6379385184219135,-4.237156384572403,-6.8750949029943165
PHL,Philippines,PHL,1996,3,1996.5,1996-Q3,1996q3,0.0010255891757436,-2.6457903103192875,-4.236697715606429,-6.882488025925716
PHL,Philippines,PHL,1996,4,1996.75,1996-Q4,1996q4,0.0010413000439742,-2.6371859828167104,-4.230099321381617,-6.867285304198328
PHL,Philippines,PHL,1997,1,1997.0,1997-Q1,1997q1,0.0010654756799705,-2.616902140447353,-4.227431791231235,-6.844333931678588
PHL,Philippines,PHL,1997,2,1997.25,1997-Q2,1997q2,0.0010749328794707,-2.6211399806783966,-4.214357076375103,-6.8354970570535
PHL,Philippines,PHL,1997,3,1997.5,1997-Q3,1997q3,0.0010526455530795,-2.646789827239778,-4.2096588820174015,-6.8564487092571795
PHL,Philippines,PHL,1997,4,1997.75,1997-Q4,1997q4,0.0010794508697077,-2.625110727501135,-4.206192093625781,-6.831302821126916
PHL,Philippines,PHL,1998,1,1998.0,1998-Q1,1998q1,0.0010698500993812,-2.6297262508190595,-4.21051048353961,-6.84023673435867
PHL,Philippines,PHL,1998,2,1998.25,1998-Q2,1998q2,0.0010456978700226,-2.6518549611042816,-4.211215837148984,-6.863070798253266
PHL,Philippines,PHL,1998,3,1998.5,1998-Q3,1998q3,0.0010353654678731,-2.6645287333749,-4.2084720721621,-6.873000805537
PHL,Philippines,PHL,1998,4,1998.75,1998-Q4,1998q4,0.0010348633278391,-2.667190492138227,-4.206295419243004,-6.8734859113812306
PHL,Philippines,PHL,1999,1,1999.0,1999-Q1,1999q1,0.001051846263868,-2.6492490446414534,-4.207959267711823,-6.8572083123532765
PHL,Philippines,PHL,1999,2,1999.25,1999-Q2,1999q2,0.0010537386306957,-2.6507435139797595,-4.2046673241020285,-6.855410838081788
PHL,Philippines,PHL,1999,3,1999.5,1999-Q3,1999q3,0.0010529985730833,-2.6580022426452112,-4.198111158282587,-6.856113400927798
PHL,Philippines,PHL,1999,4,1999.75,1999-Q4,1999q4,0.0010606131699923,-2.660505792296295,-4.188402283549777,-6.848908075846072
PHL,Philippines,PHL,2000,1,2000.0,2000-Q1,2000q1,0.0010835313202923,-2.6432076365858244,-4.184322194227946,-6.82752983081377
PHL,Philippines,PHL,2000,2,2000.25,2000-Q2,2000q2,0.0010779065346436,-2.651436365182474,-4.181298147628699,-6.8327345128111725
PHL,Philippines,PHL,2000,3,2000.5,2000-Q3,2000q3,0.0010878953159301,-2.6450111262567972,-4.17849922589675,-6.823510352153547
PHL,Philippines,PHL,2000,4,2000.75,2000-Q4,2000q4,0.0010778111781796,-2.659631902888636,-4.173191078337019,-6.832822981225655
PHL,Philippines,PHL,2001,1,2001.0,2001-Q1,2001q1,0.0011272615688624,-2.614527425169353,-4.173436552638961,-6.787963977808314
PHL,Philippines,PHL,2001,2,2001.25,2001-Q2,2001q2,0.001105140694754,-2.6339672956476026,-4.1738153309007995,-6.807782626548402
PHL,Philippines,PHL,2001,3,2001.5,2001-Q3,2001q3,0.0011194026841,-2.620412429856243,-4.174547623851253,-6.794960053707496
PHL,Philippines,PHL,2001,4,2001.75,2001-Q4,2001q4,0.001094675168471,-2.646566633843392,-4.17073097567771,-6.817297609521102
PHL,Philippines,PHL,2002,1,2002.0,2002-Q1,2002q1,0.0011033030294389,-2.648448296004296,-4.160998548399518,-6.809446844403814
PHL,Philippines,PHL,2002,2,2002.25,2002-Q2,2002q2,0.0011052138966489,-2.6545181850864434,-4.153198206030584,-6.807716391117028
PHL,Philippines,PHL,2002,3,2002.5,2002-Q3,2002q3,0.0011157674680026,-2.648192025966682,-4.150020772771553,-6.798212798738235
PHL,Philippines,PHL,2002,4,2002.75,2002-Q4,2002q4,0.0011319013093937,-2.6383922548655887,-4.145464230650573,-6.783856485516162
PHL,Philippines,PHL,2003,1,2003.0,2003-Q1,2003q1,0.0011365609011668,-2.6383225599421634,-4.141425769568831,-6.779748329510994
PHL,Philippines,PHL,2003,2,2003.25,2003-Q2,2003q2,0.0011428443852873,-2.637647130797818,-4.136587918495714,-6.774235049293532
PHL,Philippines,PHL,2003,3,2003.5,2003-Q3,2003q3,0.0011683670430633,-2.623650202456637,-4.128497992287372,-6.7521481947440085
PHL,Philippines,PHL,2003,4,2003.75,2003-Q4,2003q4,0.0011575097442915,-2.642060666572707,-4.119423687072228,-6.761484353644935
PHL,Philippines,PHL,2004,1,2004.0,2004-Q1,2004q1,0.0011615940626434,-2.6468760690113466,-4.111085956256169,-6.757962025267515
PHL,Philippines,PHL,2004,2,2004.25,2004-Q2,2004q2,0.0011824928268881,-2.637428079975259,-4.102702423697901,-6.74013050367316
PHL,Philippines,PHL,2004,3,2004.5,2004-Q3,2004q3,0.0011971873979806,-2.6319732984175124,-4.095807009867689,-6.727780308285201
PHL,Philippines,PHL,2004,4,2004.75,2004-Q4,2004q4,0.0012144715421479,-2.6292910031420016,-4.084155238397759,-6.713446241539761
PHL,Philippines,PHL,2005,1,2005.0,2005-Q1,2005q1,0.001218292246146,-2.632375311662469,-4.077929887448277,-6.710305199110746
PHL,Philippines,PHL,2005,2,2005.25,2005-Q2,2005q2,0.0012179554784676,-2.64510112584104,-4.065480537503734,-6.710581663344774
PHL,Philippines,PHL,2005,3,2005.5,2005-Q3,2005q3,0.0012228532982073,-2.6474905516976612,-4.059077830180438,-6.7065683818781
PHL,Philippines,PHL,2005,4,2005.75,2005-Q4,2005q4,0.0012239229757071,-2.6562280657689668,-4.04946595944698,-6.705694025215947
PHL,Philippines,PHL,2006,1,2006.0,2006-Q1,2006q1,0.0012624281742569,-2.633469197266929,-4.041249092843926,-6.674718290110855
PHL,Philippines,PHL,2006,2,2006.25,2006-Q2,2006q2,0.0012663310302834,-2.637636867274571,-4.0339946448477555,-6.671631512122326
PHL,Philippines,PHL,2006,3,2006.5,2006-Q3,2006q3,0.0012677351272729,-2.6436147402426924,-4.026908594708328,-6.67052333495102
PHL,Philippines,PHL,2006,4,2006.75,2006-Q4,2006q4,0.001294363765574,-2.6326312739863234,-4.017104731287111,-6.649736005273434
PHL,Philippines,PHL,2007,1,2007.0,2007-Q1,2007q1,0.001284314316309,-2.647993362519882,-4.009536946518625,-6.657530309038507
PHL,Philippines,PHL,2007,2,2007.25,2007-Q2,2007q2,0.0013063151352666,-2.639180775459546,-4.0013642037158625,-6.6405449791754085
PHL,Philippines,PHL,2007,3,2007.5,2007-Q3,2007q3,0.0013356634329265,-2.6258086256157953,-3.9925185314516303,-6.618327157067426
PHL,Philippines,PHL,2007,4,2007.75,2007-Q4,2007q4,0.0013464451794558,-2.62669048204187,-3.983596877863246,-6.610287359905116
PHL,Philippines,PHL,2008,1,2008.0,2008-Q1,2008q1,0.0013327044284469,-2.638644697039595,-3.9819002994309596,-6.620544996470555
PHL,Philippines,PHL,2008,2,2008.25,2008-Q2,2008q2,0.0013776591076709,-2.608777124279217,-3.978592394666867,-6.587369518946084
PHL,Philippines,PHL,2008,3,2008.5,2008-Q3,2008q3,0.0013575853581014,-2.6204675054629503,-3.981580123773969,-6.602047629236919
PHL,Philippines,PHL,2008,4,2008.75,2008-Q4,2008q4,0.0013570344908529,-2.607135990912249,-3.995317490552026,-6.602453481464275
PHL,Philippines,PHL,2009,1,2009.0,2009-Q1,2009q1,0.0013247369858468,-2.61579074815437,-4.010750592341259,-6.6265413404956295
PHL,Philippines,PHL,2009,2,2009.25,2009-Q2,2009q2,0.0013404102965638,-2.6107770832800075,-4.004002437140827,-6.614779520420835
PHL,Philippines,PHL,2009,3,2009.5,2009-Q3,2009q3,0.0013368734787056,-2.6251898481715,-3.992231767904877,-6.617421616076377
PHL,Philippines,PHL,2009,4,2009.75,2009-Q4,2009q4,0.0013506608130768,-2.6216926853742537,-3.985468629751267,-6.607161315125521
PHL,Philippines,PHL,2010,1,2010.0,2010-Q1,2010q1,0.0013588431748142,-2.6202112346774196,-3.9809103132822243,-6.601121547959644
PHL,Philippines,PHL,2010,2,2010.25,2010-Q2,2010q2,0.0014235915111216,-2.587966609122423,-3.9666057581895937,-6.554572367312017
PHL,Philippines,PHL,2010,3,2010.5,2010-Q3,2010q3,0.0013962947578033,-2.613196332262615,-3.9607368201089788,-6.573933152371594
PHL,Philippines,PHL,2010,4,2010.75,2010-Q4,2010q4,0.0014043640728002,-2.616421480296939,-3.9517492155856404,-6.568170695882579
PHL,Philippines,PHL,2011,1,2011.0,2011-Q1,2011q1,0.0014080867333997,-2.615580498974764,-3.949942923742827,-6.565523422717591
PHL,Philippines,PHL,2011,2,2011.25,2011-Q2,2011q2,0.0014186791760537,-2.614815859066281,-3.9432131388764726,-6.5580289979427535
PHL,Philippines,PHL,2011,3,2011.5,2011-Q3,2011q3,0.0014051475110334,-2.6297171323254336,-3.9378958593227056,-6.567612991648139
PHL,Philippines,PHL,2011,4,2011.75,2011-Q4,2011q4,0.0013864293757709,-2.6432285268587643,-3.937795104403702,-6.581023631262466
PHL,Philippines,PHL,2012,1,2012.0,2012-Q1,2012q1,0.0014503035743904,-2.5992358276727794,-3.936746555141414,-6.535982382814193
PHL,Philippines,PHL,2012,2,2012.25,2012-Q2,2012q2,0.0014636065094072,-2.591821633736999,-3.935030043560548,-6.526851677297547
PHL,Philippines,PHL,2012,3,2012.5,2012-Q3,2012q3,0.0014945001229425,-2.574820936741681,-3.931142557235305,-6.505963493976986
PHL,Philippines,PHL,2012,4,2012.75,2012-Q4,2012q4,0.0015325368362118,-2.5546078159182892,-3.9262230378446903,-6.4808308537629795
PHL,Philippines,PHL,2013,1,2013.0,2013-Q1,2013q1,0.0015377836963884,-2.557717046255867,-3.9196960110728867,-6.477413057328754
PHL,Philippines,PHL,2013,2,2013.25,2013-Q2,2013q2,0.001571007711126,-2.5451253164276446,-3.910912694874213,-6.456038011301858
PHL,Philippines,PHL,2013,3,2013.5,2013-Q3,2013q3,0.0015724957472913,-2.5495717742549906,-3.905519499563591,-6.4550912738185815
PHL,Philippines,PHL,2013,4,2013.75,2013-Q4,2013q4,0.0015818520087736,-2.5463136331214384,-3.9028453278103648,-6.449158960931803
PHL,Philippines,PHL,2014,1,2014.0,2014-Q1,2014q1,0.0016959541192533,-2.4807512110904177,-3.8987585832149927,-6.37950979430541
PHL,Philippines,PHL,2014,2,2014.25,2014-Q2,2014q2,0.0016373558766082,-2.5206896062952233,-3.893983002318197,-6.4146726086134205
PHL,Philippines,PHL,2014,3,2014.5,2014-Q3,2014q3,0.00165549790544,-2.5117287249987412,-3.8919247411919593,-6.4036534661907005
PHL,Philippines,PHL,2014,4,2014.75,2014-Q4,2014q4,0.0016765154469631,-2.5058524464332583,-3.8851853318508356,-6.391037778284094
PHL,Philippines,PHL,2015,1,2015.0,2015-Q1,2015q1,0.0016960865485349,-2.4977942144898355,-3.8816374974488594,-6.379431711938695
PHL,Philippines,PHL,2015,2,2015.25,2015-Q2,2015q2,0.001716792605248,-2.4902510666982054,-3.877046426686889,-6.367297493385094
PHL,Philippines,PHL,2015,3,2015.5,2015-Q3,2015q3,0.0017241511011099,-2.4900377742892834,-3.872982690636614,-6.3630204649258975
PHL,Philippines,PHL,2015,4,2015.75,2015-Q4,2015q4,0.0017515418239446,-2.47336677378209,-3.8738920629004796,-6.3472588366825695
PHL,Philippines,PHL,2016,1,2016.0,2016-Q1,2016q1,0.0017180361936798,-2.4914302422879997,-3.875143146019994,-6.366573388307994
PHL,Philippines,PHL,2016,2,2016.25,2016-Q2,2016q2,0.0017754381315678,-2.4659000593878693,-3.8678079924394737,-6.333708051827343
PHL,Philippines,PHL,2016,3,2016.5,2016-Q3,2016q3,0.0017727248905506,-2.467939368450807,-3.867298061552871,-6.335237430003678
PHL,Philippines,PHL,2016,4,2016.75,2016-Q4,2016q4,0.0017822996541861,-2.4708323071114826,-3.8590185008497677,-6.32985080796125
PHL,Philippines,PHL,2017,1,2017.0,2017-Q1,2017q1,0.0018983450445729,-2.412421563316297,-3.8543512382319376,-6.2667728015482345
PHL,Philippines,PHL,2017,2,2017.25,2017-Q2,2017q2,0.0019238292444328,-2.4067548046311327,-3.8466828763408323,-6.253437680971965
PHL,Philippines,PHL,2017,3,2017.5,2017-Q3,2017q3,0.0019463077446777,-2.3985828801611433,-3.8432382853826903,-6.241821165543834
PHL,Philippines,PHL,2017,4,2017.75,2017-Q4,2017q4,0.0018997664998086,-2.428239826891922,-3.837784468307589,-6.266024295199511
PHL,Philippines,PHL,2018,1,2018.0,2018-Q1,2018q1,0.0019073602456732,-2.428707057111454,-3.8333280060803943,-6.262035063191848
PHL,Philippines,PHL,2018,2,2018.25,2018-Q2,2018q2,0.0020221241838209,-2.3779146520510417,-3.8256920918879103,-6.203606743938952
PHL,Philippines,PHL,2018,3,2018.5,2018-Q3,2018q3,0.0020399782147272,-2.370558063169422,-3.824258087068906,-6.194816150238328
PHL,Philippines,PHL,2018,4,2018.75,2018-Q4,2018q4,0.002018738832422,-2.380303000146503,-3.8249793027892887,-6.2052823029357915
PHL,Philippines,PHL,2019,1,2019.0,2019-Q1,2019q1,0.002042166739036,-2.3723526590863657,-3.821391248718992,-6.1937439078053576
PHL,Philippines,PHL,2019,2,2019.25,2019-Q2,2019q2,0.0020799507733967,-2.3618441098508947,-3.8135669423342766,-6.175411052185171
PHL,Philippines,PHL,2019,3,2019.5,2019-Q3,2019q3,0.0020529013368747,-2.376368777614026,-3.8121324225111266,-6.1885012001251525
PHL,Philippines,PHL,2019,4,2019.75,2019-Q4,2019q4,0.0020414333014497,-2.3788533736175,-3.8152497454656107,-6.194103119083111
PHL,Philippines,PHL,2020,1,2020.0,2020-Q1,2020q1,0.0019720079261279,-2.4144963444807734,-3.8142066589943626,-6.228703003475136
PHL,Philippines,PHL,2020,2,2020.25,2020-Q2,2020q2,0.0021793281378196,-2.2465503006702834,-3.8821883426730164,-6.1287386433433
PHL,Philippines,PHL,2020,3,2020.5,2020-Q3,2020q3,0.0018911523269959,-2.4431746446579994,-3.8273942942189545,-6.270568938876954
PHL,Philippines,PHL,2020,4,2020.75,2020-Q4,2020q4,0.0020124620288316,-2.3901077502554506,-3.8182886662554183,-6.208396416510869
PHL,Philippines,PHL,2021,1,2021.0,2021-Q1,2021q1,0.0022646147594372,-2.2910631555578957,-3.799287463088877,-6.090350618646773
PHL,Philippines,PHL,2021,2,2021.25,2021-Q2,2021q2,0.0019188416970934,-2.4617904489689693,-3.7942431087856,-6.256033557754569
PHL,Philippines,PHL,2021,3,2021.5,2021-Q3,2021q3,0.0020109139138755,-2.417244585780714,-3.7919213909475182,-6.209165976728232
PHL,Philippines,PHL,2021,4,2021.75,2021-Q4,2021q4,0.0019683815758578,-2.4469188817572847,-3.7836247272174144,-6.230543608974699
PHL,Philippines,PHL,2022,1,2022.0,2022-Q1,2022q1,0.0020046428526911,-2.4296018294156156,-3.7826875330083403,-6.212289362423956
PHL,Philippines,PHL,2022,2,2022.25,2022-Q2,2022q2,0.0019656165325998,-2.4498569736151095,-3.7820923522090077,-6.231949325824117
PHL,Philippines,PHL,2022,3,2022.5,2022-Q3,2022q3,0.0019090208336686,-2.4789723352659943,-3.782192485638369,-6.261164820904363
PHL,Philippines,PHL,2022,4,2022.75,2022-Q4,2022q4,0.001957457620949,-2.4546272949241614,-3.7814814849885647,-6.236108779912726
PHL,Philippines,PHL,2023,1,2023.0,2023-Q1,2023q1,0.0019471665464873,-2.4587149169917057,-3.7826650992036,-6.241380016195306
PHL,Philippines,PHL,2023,2,2023.25,2023-Q2,2023q2,0.0019519088464121,-2.4580480815668984,-3.780899408049487,-6.238947489616385
PHL,Philippines,PHL,2023,3,2023.5,2023-Q3,2023q3,0.0021462988998742,-2.3632985576389647,-3.7807118045063346,-6.144010362145299
PHL,Philippines,PHL,2023,4,2023.75,2023-Q4,2023q4,0.00203718650364,-2.4174133972263707,-3.7787721907052205,-6.196185587931591
PHL,Philippines,PHL,2024,1,2024.0,2024-Q1,2024q1,0.0021227654940464,-2.379279544443427,-3.775756017623659,-6.155035562067086
PHL,Philippines,PHL,2024,2,2024.25,2024-Q2,2024q2,0.0020677377798582,-2.4103137228691085,-3.770986406414534,-6.181300129283643
PHL,Philippines,PHL,2024,3,2024.5,2024-Q3,2024q3,0.0021082225720455,-2.3967336324577837,-3.765176436957072,-6.161910069414856
PHL,Philippines,PHL,2024,4,2024.75,2024-Q4,2024q4,0.0021273125234867,-2.3907601381494494,-3.7621356838204347,-6.152895821969884
POL,Poland,POL,1995,1,1995.0,1995-Q1,1995q1,0.0041809237906924,-1.2231484857182142,-4.254074568586735,-5.477223054304949
POL,Poland,POL,1995,2,1995.25,1995-Q2,1995q2,0.0042548565078057,-1.209254034091269,-4.2504402066290705,-5.4596942407203395
POL,Poland,POL,1995,3,1995.5,1995-Q3,1995q3,0.0043709997097247,-1.1854124831322288,-4.24735104637809,-5.432763529510319
POL,Poland,POL,1995,4,1995.75,1995-Q4,1995q4,0.0044107237405645,-1.179297003567065,-4.244419485914777,-5.4237164894818415
POL,Poland,POL,1996,1,1996.0,1996-Q1,1996q1,0.0044698763507416,-1.1693196375262964,-4.241074895239452,-5.410394532765748
POL,Poland,POL,1996,2,1996.25,1996-Q2,1996q2,0.0045561308924565,-1.1541251195499331,-4.237156384572403,-5.391281504122336
POL,Poland,POL,1996,3,1996.5,1996-Q3,1996q3,0.004599965776398,-1.1450086998218136,-4.236697715606429,-5.381706415428242
POL,Poland,POL,1996,4,1996.75,1996-Q4,1996q4,0.0044351316092803,-1.188098667131519,-4.230099321381617,-5.418197988513136
POL,Poland,POL,1997,1,1997.0,1997-Q1,1997q1,0.0046837165880349,-1.1362315502433482,-4.227431791231235,-5.363663341474584
POL,Poland,POL,1997,2,1997.25,1997-Q2,1997q2,0.0047220958812986,-1.1411454589193228,-4.214357076375103,-5.355502535294426
POL,Poland,POL,1997,3,1997.5,1997-Q3,1997q3,0.0047506637081474,-1.1398120606482065,-4.2096588820174015,-5.349470942665608
POL,Poland,POL,1997,4,1997.75,1997-Q4,1997q4,0.0048266953643551,-1.12740114143089,-4.206192093625781,-5.333593235056671
POL,Poland,POL,1998,1,1998.0,1998-Q1,1998q1,0.0048608879568756,-1.116023667042998,-4.21051048353961,-5.326534150582608
POL,Poland,POL,1998,2,1998.25,1998-Q2,1998q2,0.0048390482799418,-1.1198213768157403,-4.211215837148984,-5.331037213964724
POL,Poland,POL,1998,3,1998.5,1998-Q3,1998q3,0.0049025938866866,-1.1095187771375654,-4.2084720721621,-5.317990849299665
POL,Poland,POL,1998,4,1998.75,1998-Q4,1998q4,0.0049113299165757,-1.1099150958352642,-4.206295419243004,-5.316210515078268
POL,Poland,POL,1999,1,1999.0,1999-Q1,1999q1,0.0050324888470893,-1.0838813489179495,-4.207959267711823,-5.291840616629773
POL,Poland,POL,1999,2,1999.25,1999-Q2,1999q2,0.0052146003499901,-1.051625504073435,-4.2046673241020285,-5.2562928281754635
POL,Poland,POL,1999,3,1999.5,1999-Q3,1999q3,0.0053354775928628,-1.0352657192660102,-4.198111158282587,-5.233376877548597
POL,Poland,POL,1999,4,1999.75,1999-Q4,1999q4,0.005407564154981,-1.0315542525835042,-4.188402283549777,-5.219956536133282
POL,Poland,POL,2000,1,2000.0,2000-Q1,2000q1,0.0055770768886924,-1.0047683006940256,-4.184322194227946,-5.189090494921971
POL,Poland,POL,2000,2,2000.25,2000-Q2,2000q2,0.0056275222997003,-0.9987878749325434,-4.181298147628699,-5.180086022561242
POL,Poland,POL,2000,3,2000.5,2000-Q3,2000q3,0.0056510198288099,-0.9974200235410056,-4.17849922589675,-5.175919249437755
POL,Poland,POL,2000,4,2000.75,2000-Q4,2000q4,0.005795558780998,-0.9774723038258637,-4.173191078337019,-5.150663382162882
POL,Poland,POL,2001,1,2001.0,2001-Q1,2001q1,0.0058108351577029,-0.9745944209382493,-4.173436552638961,-5.14803097357721
POL,Poland,POL,2001,2,2001.25,2001-Q2,2001q2,0.0058211233559788,-0.9724466884720746,-4.1738153309007995,-5.146262019372874
POL,Poland,POL,2001,3,2001.5,2001-Q3,2001q3,0.00588588338302,-0.9606508181186619,-4.174547623851253,-5.135198441969915
POL,Poland,POL,2001,4,2001.75,2001-Q4,2001q4,0.0059831945449904,-0.9480696731306075,-4.17073097567771,-5.1188006488083175
POL,Poland,POL,2002,1,2002.0,2002-Q1,2002q1,0.0060429577601755,-0.9478631431042608,-4.160998548399518,-5.108861691503779
POL,Poland,POL,2002,2,2002.25,2002-Q2,2002q2,0.0061077906008731,-0.9449919689475523,-4.153198206030584,-5.098190174978137
POL,Poland,POL,2002,3,2002.5,2002-Q3,2002q3,0.0062285900154614,-0.9285845207816505,-4.150020772771553,-5.078605293553204
POL,Poland,POL,2002,4,2002.75,2002-Q4,2002q4,0.0062973611038996,-0.9221603750825134,-4.145464230650573,-5.067624605733086
POL,Poland,POL,2003,1,2003.0,2003-Q1,2003q1,0.0063580892154224,-0.9166016150284273,-4.141425769568831,-5.058027384597258
POL,Poland,POL,2003,2,2003.25,2003-Q2,2003q2,0.0063999672707035,-0.914874484086452,-4.136587918495714,-5.051462402582166
POL,Poland,POL,2003,3,2003.5,2003-Q3,2003q3,0.0065396766201412,-0.9013695689097645,-4.128497992287372,-5.029867561197136
POL,Poland,POL,2003,4,2003.75,2003-Q4,2003q4,0.0065631604637456,-0.9068593269616754,-4.119423687072228,-5.026283014033903
POL,Poland,POL,2004,1,2004.0,2004-Q1,2004q1,0.0066869280233353,-0.896514743382566,-4.111085956256169,-5.0076006996387346
POL,Poland,POL,2004,2,2004.25,2004-Q2,2004q2,0.0067294752425982,-0.8985556875356657,-4.102702423697901,-5.001258111233566
POL,Poland,POL,2004,3,2004.5,2004-Q3,2004q3,0.0066808298142583,-0.9127060655896555,-4.095807009867689,-5.008513075457344
POL,Poland,POL,2004,4,2004.75,2004-Q4,2004q4,0.0066690152601184,-0.9261278287199426,-4.084155238397759,-5.010283067117702
POL,Poland,POL,2005,1,2005.0,2005-Q1,2005q1,0.0067054295988826,-0.9269078054309894,-4.077929887448277,-5.004837692879266
POL,Poland,POL,2005,2,2005.25,2005-Q2,2005q2,0.0067256889224745,-0.9363403792336813,-4.065480537503734,-5.001820916737415
POL,Poland,POL,2005,3,2005.5,2005-Q3,2005q3,0.0067527063126536,-0.938734089062363,-4.059077830180438,-4.997811919242801
POL,Poland,POL,2005,4,2005.75,2005-Q4,2005q4,0.0068282169448943,-0.9372257422760883,-4.04946595944698,-4.9866917017230685
POL,Poland,POL,2006,1,2006.0,2006-Q1,2006q1,0.0068884611926634,-0.9366584652926466,-4.041249092843926,-4.977907558136573
POL,Poland,POL,2006,2,2006.25,2006-Q2,2006q2,0.0069590188769368,-0.9337221356820438,-4.0339946448477555,-4.967716780529799
POL,Poland,POL,2006,3,2006.5,2006-Q3,2006q3,0.0069631814823565,-0.9402102048362373,-4.026908594708328,-4.967118799544565
POL,Poland,POL,2006,4,2006.75,2006-Q4,2006q4,0.006823290789614,-0.9703086717439628,-4.017104731287111,-4.9874134030310735
POL,Poland,POL,2007,1,2007.0,2007-Q1,2007q1,0.0069950199868383,-0.9530198670466046,-4.009536946518625,-4.96255681356523
POL,Poland,POL,2007,2,2007.25,2007-Q2,2007q2,0.0070182334680183,-0.9578795316283362,-4.0013642037158625,-4.959243735344199
POL,Poland,POL,2007,3,2007.5,2007-Q3,2007q3,0.0071065214297725,-0.9542238738209918,-3.9925185314516303,-4.946742405272622
POL,Poland,POL,2007,4,2007.75,2007-Q4,2007q4,0.0071059618117432,-0.9632242776207334,-3.983596877863246,-4.946821155483979
POL,Poland,POL,2008,1,2008.0,2008-Q1,2008q1,0.0070921786036507,-0.9668624078364276,-3.9819002994309596,-4.948762707267387
POL,Poland,POL,2008,2,2008.25,2008-Q2,2008q2,0.0071369154045693,-0.963882217476411,-3.978592394666867,-4.942474612143278
POL,Poland,POL,2008,3,2008.5,2008-Q3,2008q3,0.0070902989422169,-0.9674476516296062,-3.981580123773969,-4.949027775403575
POL,Poland,POL,2008,4,2008.75,2008-Q4,2008q4,0.0070515472576039,-0.959190726522094,-3.995317490552026,-4.95450821707412
POL,Poland,POL,2009,1,2009.0,2009-Q1,2009q1,0.0071468174481524,-0.9303375411732961,-4.010750592341259,-4.941088133514556
POL,Poland,POL,2009,2,2009.25,2009-Q2,2009q2,0.0071968343934175,-0.9301115800823334,-4.004002437140827,-4.934114017223161
POL,Poland,POL,2009,3,2009.5,2009-Q3,2009q3,0.0072517057123081,-0.9342867992192927,-3.992231767904877,-4.92651856712417
POL,Poland,POL,2009,4,2009.75,2009-Q4,2009q4,0.0073826456779228,-0.9231545819182623,-3.985468629751267,-4.908623211669529
POL,Poland,POL,2010,1,2010.0,2010-Q1,2010q1,0.0075653419501576,-0.9032674178740705,-3.9809103132822243,-4.884177731156295
POL,Poland,POL,2010,2,2010.25,2010-Q2,2010q2,0.0076238350490316,-0.909869990426063,-3.9666057581895937,-4.876475748615657
POL,Poland,POL,2010,3,2010.5,2010-Q3,2010q3,0.0076923714569717,-0.9067893409746395,-3.9607368201089788,-4.867526161083618
POL,Poland,POL,2010,4,2010.75,2010-Q4,2010q4,0.0077584820810002,-0.9072193564536635,-3.9517492155856404,-4.858968572039304
POL,Poland,POL,2011,1,2011.0,2011-Q1,2011q1,0.0078832939150625,-0.8930665291854671,-3.949942923742827,-4.843009452928294
POL,Poland,POL,2011,2,2011.25,2011-Q2,2011q2,0.0079677020659839,-0.8891460118397219,-3.9432131388764726,-4.8323591507161945
POL,Poland,POL,2011,3,2011.5,2011-Q3,2011q3,0.0080754273353954,-0.8810336311589673,-3.9378958593227056,-4.818929490481673
POL,Poland,POL,2011,4,2011.75,2011-Q4,2011q4,0.0081482783010002,-0.8721535210534039,-3.937795104403702,-4.809948625457106
POL,Poland,POL,2012,1,2012.0,2012-Q1,2012q1,0.0081382862590334,-0.8744290992797978,-3.936746555141414,-4.811175654421212
POL,Poland,POL,2012,2,2012.25,2012-Q2,2012q2,0.0081225544730458,-0.878080540444572,-3.935030043560548,-4.81311058400512
POL,Poland,POL,2012,3,2012.5,2012-Q3,2012q3,0.0081544685417437,-0.8780466574181243,-3.931142557235305,-4.809189214653429
POL,Poland,POL,2012,4,2012.75,2012-Q4,2012q4,0.0081284296231868,-0.8861644945147971,-3.9262230378446903,-4.812387532359487
POL,Poland,POL,2013,1,2013.0,2013-Q1,2013q1,0.0081852464833171,-0.8857259435118241,-3.9196960110728867,-4.805421954584711
POL,Poland,POL,2013,2,2013.25,2013-Q2,2013q2,0.0082279009627159,-0.8893116490065838,-3.910912694874213,-4.800224343880797
POL,Poland,POL,2013,3,2013.5,2013-Q3,2013q3,0.0082530714329071,-0.8916503534586764,-3.905519499563591,-4.797169853022267
POL,Poland,POL,2013,4,2013.75,2013-Q4,2013q4,0.0082616191867788,-0.8932893553946961,-3.9028453278103648,-4.796134683205061
POL,Poland,POL,2014,1,2014.0,2014-Q1,2014q1,0.0083287876528096,-0.8892787900591488,-3.8987585832149927,-4.7880373732741415
POL,Poland,POL,2014,2,2014.25,2014-Q2,2014q2,0.0084035308957326,-0.8851203144046971,-3.893983002318197,-4.779103316722894
POL,Poland,POL,2014,3,2014.5,2014-Q3,2014q3,0.0084070682129636,-0.8867577318405542,-3.8919247411919593,-4.7786824730325135
POL,Poland,POL,2014,4,2014.75,2014-Q4,2014q4,0.0084586222728221,-0.8873836386872629,-3.8851853318508356,-4.7725689705380985
POL,Poland,POL,2015,1,2015.0,2015-Q1,2015q1,0.0085620817609708,-0.8787744245719784,-3.8816374974488594,-4.760411922020838
POL,Poland,POL,2015,2,2015.25,2015-Q2,2015q2,0.0086222023137653,-0.8763683114154799,-3.877046426686889,-4.753414738102369
POL,Poland,POL,2015,3,2015.5,2015-Q3,2015q3,0.0086512039095737,-0.8770740967888768,-3.872982690636614,-4.750056787425491
POL,Poland,POL,2015,4,2015.75,2015-Q4,2015q4,0.0086455098786982,-0.8768231190791309,-3.8738920629004796,-4.7507151819796105
POL,Poland,POL,2016,1,2016.0,2016-Q1,2016q1,0.00868709617865,-0.8707734061846963,-3.875143146019994,-4.74591655220469
POL,Poland,POL,2016,2,2016.25,2016-Q2,2016q2,0.0088118895986754,-0.8638453862017705,-3.8678079924394737,-4.731653378641244
POL,Poland,POL,2016,3,2016.5,2016-Q3,2016q3,0.0088680657528235,-0.8580005110856952,-3.867298061552871,-4.725298572638566
POL,Poland,POL,2016,4,2016.75,2016-Q4,2016q4,0.0089448321099916,-0.8576608304935425,-3.8590185008497677,-4.71667933134331
POL,Poland,POL,2017,1,2017.0,2017-Q1,2017q1,0.008992273132393,-0.8570383730164712,-3.8543512382319376,-4.711389611248409
POL,Poland,POL,2017,2,2017.25,2017-Q2,2017q2,0.0090691693711957,-0.8561917225099638,-3.8466828763408323,-4.702874598850796
POL,Poland,POL,2017,3,2017.5,2017-Q3,2017q3,0.0092374958955343,-0.8412461516516885,-3.8432382853826903,-4.684484437034379
POL,Poland,POL,2017,4,2017.75,2017-Q4,2017q4,0.0093735501988588,-0.8320788962319763,-3.837784468307589,-4.669863364539565
POL,Poland,POL,2018,1,2018.0,2018-Q1,2018q1,0.0095121713033885,-0.821855104488241,-3.8333280060803943,-4.655183110568635
POL,Poland,POL,2018,2,2018.25,2018-Q2,2018q2,0.0096185828973163,-0.8183662412387753,-3.8256920918879103,-4.644058333126686
POL,Poland,POL,2018,3,2018.5,2018-Q3,2018q3,0.0097567322455638,-0.8055396584552637,-3.824258087068906,-4.6297977455241694
POL,Poland,POL,2018,4,2018.75,2018-Q4,2018q4,0.0099042223751327,-0.7898148074400027,-3.8249793027892887,-4.614794110229291
POL,Poland,POL,2019,1,2019.0,2019-Q1,2019q1,0.0100675241333976,-0.7770492193636094,-3.821391248718992,-4.598440468082601
POL,Poland,POL,2019,2,2019.25,2019-Q2,2019q2,0.0101122900666765,-0.7804368142635085,-3.8135669423342766,-4.594003756597785
POL,Poland,POL,2019,3,2019.5,2019-Q3,2019q3,0.010159262505864,-0.7772370049608233,-3.8121324225111266,-4.58936942747195
POL,Poland,POL,2019,4,2019.75,2019-Q4,2019q4,0.0102640608295735,-0.7638569797229451,-3.8152497454656107,-4.579106725188556
POL,Poland,POL,2020,1,2020.0,2020-Q1,2020q1,0.0102763823425507,-0.7637003340996253,-3.8142066589943626,-4.577906993093988
POL,Poland,POL,2020,2,2020.25,2020-Q2,2020q2,0.0095090971055688,-0.7733180058396272,-3.8821883426730164,-4.6555063485126436
POL,Poland,POL,2020,3,2020.5,2020-Q3,2020q3,0.0100348157777813,-0.7743003606523691,-3.8273942942189545,-4.601694654871324
POL,Poland,POL,2020,4,2020.75,2020-Q4,2020q4,0.010621469175988,-0.7265892659925766,-3.8182886662554183,-4.544877932247995
POL,Poland,POL,2021,1,2021.0,2021-Q1,2021q1,0.0102087719131262,-0.7852204737008739,-3.799287463088877,-4.584507936789751
POL,Poland,POL,2021,2,2021.25,2021-Q2,2021q2,0.0104034253050475,-0.771377062020508,-3.7942431087856,-4.565620170806108
POL,Poland,POL,2021,3,2021.5,2021-Q3,2021q3,0.0105258975112782,-0.7619952378711066,-3.7919213909475182,-4.553916628818625
POL,Poland,POL,2021,4,2021.75,2021-Q4,2021q4,0.0107153727963087,-0.7524511314417315,-3.7836247272174144,-4.536075858659146
POL,Poland,POL,2022,1,2022.0,2022-Q1,2022q1,0.0110669629039243,-0.7211033906508368,-3.7826875330083403,-4.503790923659177
POL,Poland,POL,2022,2,2022.25,2022-Q2,2022q2,0.0109520910499296,-0.73213252527793,-3.7820923522090077,-4.514224877486938
POL,Poland,POL,2022,3,2022.5,2022-Q3,2022q3,0.0111056065382765,-0.7181127190038605,-3.782192485638369,-4.500305204642229
POL,Poland,POL,2022,4,2022.75,2022-Q4,2022q4,0.0108410814551453,-0.7429310377234857,-3.7814814849885647,-4.52441252271205
POL,Poland,POL,2023,1,2023.0,2023-Q1,2023q1,0.0108338445674825,-0.742415189379869,-3.7826650992036,-4.525080288583469
POL,Poland,POL,2023,2,2023.25,2023-Q2,2023q2,0.0108303586496882,-0.7445026941533839,-3.780899408049487,-4.525402102202871
POL,Poland,POL,2023,3,2023.5,2023-Q3,2023q3,0.0110483626522664,-0.7247612337567126,-3.7807118045063346,-4.505473038263047
POL,Poland,POL,2023,4,2023.75,2023-Q4,2023q4,0.0107266877979742,-0.7562482654037801,-3.7787721907052205,-4.535020456109001
POL,Poland,POL,2024,1,2024.0,2024-Q1,2024q1,0.0108510894897133,-0.7477337726146769,-3.775756017623659,-4.523489790238336
POL,Poland,POL,2024,2,2024.25,2024-Q2,2024q2,0.011056971071958,-0.7337077772757508,-3.770986406414534,-4.504694183690285
POL,Poland,POL,2024,3,2024.5,2024-Q3,2024q3,0.0110396165954207,-0.7410885304548311,-3.765176436957072,-4.506264967411903
POL,Poland,POL,2024,4,2024.75,2024-Q4,2024q4,0.0112350152922542,-0.7265843283990163,-3.7621356838204347,-4.488720012219451
POL,Poland,POL,2025,1,2025.0,2025-Q1,2025q1,0.0113565562473602,-0.7201192792537081,-3.757840779633255,-4.477960058886963
POL,Poland,POL,2025,2,2025.25,2025-Q2,2025q2,0.0114116289094109,-0.7202598067385577,-3.7528625569980663,-4.473122363736624
POL,Poland,POL,2025,3,2025.5,2025-Q3,2025q3,0.0115421086900063,-0.713526697136118,-3.7482266086888907,-4.461753305825009
POL,Poland,POL,2025,4,2025.75,2025-Q4,2025q4,0.0115881053644228,-0.7106243864894424,-3.747151720080949,-4.457776106570392
POL,Poland,POL,2026,1,2026.0,2026-Q1,2026q1,0.01163890514838,-0.7038637577175271,-3.7495381428027086,-4.453401900520236
PRT,Portugal,PRT,1995,1,1995.0,1995-Q1,1995q1,0.010156573538996,-0.3355595752254885,-4.254074568586735,-4.589634143812224
PRT,Portugal,PRT,1995,2,1995.25,1995-Q2,1995q2,0.0102649288703585,-0.3285819512429047,-4.2504402066290705,-4.579022157871975
PRT,Portugal,PRT,1995,3,1995.5,1995-Q3,1995q3,0.0103005488775103,-0.3282070497095999,-4.24735104637809,-4.57555809608769
PRT,Portugal,PRT,1995,4,1995.75,1995-Q4,1995q4,0.0103600234798961,-0.32538128983935444,-4.244419485914777,-4.569800775754131
PRT,Portugal,PRT,1996,1,1996.0,1996-Q1,1996q1,0.0104313620766783,-0.3218635310533271,-4.241074895239452,-4.562938426292779
PRT,Portugal,PRT,1996,2,1996.25,1996-Q2,1996q2,0.0105657967745612,-0.31297682975744845,-4.237156384572403,-4.550133214329851
PRT,Portugal,PRT,1996,3,1996.5,1996-Q3,1996q3,0.0106922505945149,-0.3015383278021515,-4.236697715606429,-4.53823604340858
PRT,Portugal,PRT,1996,4,1996.75,1996-Q4,1996q4,0.0106909847457802,-0.3082551183983293,-4.230099321381617,-4.538354439779947
PRT,Portugal,PRT,1997,1,1997.0,1997-Q1,1997q1,0.010802247886001,-0.3005692376856661,-4.227431791231235,-4.5280010289169015
PRT,Portugal,PRT,1997,2,1997.25,1997-Q2,1997q2,0.0107903301053506,-0.314747830167283,-4.214357076375103,-4.529104906542386
PRT,Portugal,PRT,1997,3,1997.5,1997-Q3,1997q3,0.010887909843275,-0.31044341202503656,-4.2096588820174015,-4.520102294042438
PRT,Portugal,PRT,1997,4,1997.75,1997-Q4,1997q4,0.0108828416440649,-0.3143757975095838,-4.206192093625781,-4.520567891135364
PRT,Portugal,PRT,1998,1,1998.0,1998-Q1,1998q1,0.0104941096937952,-0.346430677231381,-4.21051048353961,-4.556941160770991
PRT,Portugal,PRT,1998,2,1998.25,1998-Q2,1998q2,0.0105157821619585,-0.343662250094634,-4.211215837148984,-4.554878087243618
PRT,Portugal,PRT,1998,3,1998.5,1998-Q3,1998q3,0.0106897550734182,-0.32999739379315685,-4.2084720721621,-4.538469465955257
PRT,Portugal,PRT,1998,4,1998.75,1998-Q4,1998q4,0.0106948452344986,-0.33169798813708784,-4.206295419243004,-4.537993407380092
PRT,Portugal,PRT,1999,1,1999.0,1999-Q1,1999q1,0.010804067780939,-0.31987330167034234,-4.207959267711823,-4.5278325693821655
PRT,Portugal,PRT,1999,2,1999.25,1999-Q2,1999q2,0.0108042334122566,-0.32314991493869805,-4.2046673241020285,-4.5278172390407265
PRT,Portugal,PRT,1999,3,1999.5,1999-Q3,1999q3,0.010865515628366,-0.3240500503753161,-4.198111158282587,-4.522161208657903
PRT,Portugal,PRT,1999,4,1999.75,1999-Q4,1999q4,0.0108932832850292,-0.3312066085167862,-4.188402283549777,-4.519608892066564
PRT,Portugal,PRT,2000,1,2000.0,2000-Q1,2000q1,0.0110633899130836,-0.319791633535047,-4.184322194227946,-4.504113827762993
PRT,Portugal,PRT,2000,2,2000.25,2000-Q2,2000q2,0.0109218553012497,-0.33569127608610394,-4.181298147628699,-4.5169894237148025
PRT,Portugal,PRT,2000,3,2000.5,2000-Q3,2000q3,0.0110028916851009,-0.3310979343703133,-4.17849922589675,-4.509597160267063
PRT,Portugal,PRT,2000,4,2000.75,2000-Q4,2000q4,0.0110088912208122,-0.33586096153834255,-4.173191078337019,-4.509052039875361
PRT,Portugal,PRT,2001,1,2001.0,2001-Q1,2001q1,0.0109332761827192,-0.3425077268251666,-4.173436552638961,-4.515944279464128
PRT,Portugal,PRT,2001,2,2001.25,2001-Q2,2001q2,0.0110202266570673,-0.3342075767761328,-4.1738153309007995,-4.508022907676932
PRT,Portugal,PRT,2001,3,2001.5,2001-Q3,2001q3,0.011014567384936,-0.3339889507331115,-4.174547623851253,-4.508536574584364
PRT,Portugal,PRT,2001,4,2001.75,2001-Q4,2001q4,0.0111152881341457,-0.3287028332241997,-4.17073097567771,-4.49943380890191
PRT,Portugal,PRT,2002,1,2002.0,2002-Q1,2002q1,0.0111564461103316,-0.33473927324008823,-4.160998548399518,-4.495737821639606
PRT,Portugal,PRT,2002,2,2002.25,2002-Q2,2002q2,0.0110578603153834,-0.3514155571120332,-4.153198206030584,-4.5046137631426175
PRT,Portugal,PRT,2002,3,2002.5,2002-Q3,2002q3,0.0110084199390387,-0.3590740772153742,-4.150020772771553,-4.509094849986927
PRT,Portugal,PRT,2002,4,2002.75,2002-Q4,2002q4,0.0110700332863762,-0.358049294716154,-4.145464230650573,-4.503513525366727
PRT,Portugal,PRT,2003,1,2003.0,2003-Q1,2003q1,0.0110790889577117,-0.3612700555079895,-4.141425769568831,-4.50269582507682
PRT,Portugal,PRT,2003,2,2003.25,2003-Q2,2003q2,0.0109940425592148,-0.37381381992439433,-4.136587918495714,-4.510401738420108
PRT,Portugal,PRT,2003,3,2003.5,2003-Q3,2003q3,0.0110907978362614,-0.37314154596695115,-4.128497992287372,-4.501639538254323
PRT,Portugal,PRT,2003,4,2003.75,2003-Q4,2003q4,0.0111514422927071,-0.3767627487632197,-4.119423687072228,-4.4961864358354475
PRT,Portugal,PRT,2004,1,2004.0,2004-Q1,2004q1,0.0112886428567058,-0.37287215934474993,-4.111085956256169,-4.4839581156009185
PRT,Portugal,PRT,2004,2,2004.25,2004-Q2,2004q2,0.0113726563157169,-0.3738409498547375,-4.102702423697901,-4.476543373552638
PRT,Portugal,PRT,2004,3,2004.5,2004-Q3,2004q3,0.0114007807281995,-0.37826643112920344,-4.095807009867689,-4.474073440996892
PRT,Portugal,PRT,2004,4,2004.75,2004-Q4,2004q4,0.0113250513545822,-0.39658283460461696,-4.084155238397759,-4.480738073002376
PRT,Portugal,PRT,2005,1,2005.0,2005-Q1,2005q1,0.0114777410904128,-0.3894157891318297,-4.077929887448277,-4.4673456765801065
PRT,Portugal,PRT,2005,2,2005.25,2005-Q2,2005q2,0.0114810184862364,-0.4015796362089441,-4.065480537503734,-4.467060173712678
PRT,Portugal,PRT,2005,3,2005.5,2005-Q3,2005q3,0.011454893839936,-0.4102604005135184,-4.059077830180438,-4.469338230693957
PRT,Portugal,PRT,2005,4,2005.75,2005-Q4,2005q4,0.011453331373121,-0.420008682234986,-4.04946595944698,-4.469474641681966
PRT,Portugal,PRT,2006,1,2006.0,2006-Q1,2006q1,0.011524510390394,-0.422030080553216,-4.041249092843926,-4.463279173397142
PRT,Portugal,PRT,2006,2,2006.25,2006-Q2,2006q2,0.0115623992886891,-0.4260022415012008,-4.0339946448477555,-4.459996886348956
PRT,Portugal,PRT,2006,3,2006.5,2006-Q3,2006q3,0.0115460558486263,-0.4345027905926955,-4.026908594708328,-4.461411385301023
PRT,Portugal,PRT,2006,4,2006.75,2006-Q4,2006q4,0.0116937080402005,-0.43159962488563774,-4.017104731287111,-4.448704356172748
PRT,Portugal,PRT,2007,1,2007.0,2007-Q1,2007q1,0.0118199925480779,-0.4284259509360204,-4.009536946518625,-4.4379628974546455
PRT,Portugal,PRT,2007,2,2007.25,2007-Q2,2007q2,0.0118416381238962,-0.43476910032179283,-4.0013642037158625,-4.436133304037655
PRT,Portugal,PRT,2007,3,2007.5,2007-Q3,2007q3,0.0117888661438465,-0.44808120861134126,-3.9925185314516303,-4.4405997400629715
PRT,Portugal,PRT,2007,4,2007.75,2007-Q4,2007q4,0.0119138572609091,-0.4464562027707104,-3.983596877863246,-4.430053080633956
PRT,Portugal,PRT,2008,1,2008.0,2008-Q1,2008q1,0.0119019912213535,-0.4491492639062127,-3.9819002994309596,-4.431049563337172
PRT,Portugal,PRT,2008,2,2008.25,2008-Q2,2008q2,0.0117909548638734,-0.46183018374320817,-3.978592394666867,-4.440422578410075
PRT,Portugal,PRT,2008,3,2008.5,2008-Q3,2008q3,0.0118746705806597,-0.45176754624826554,-3.981580123773969,-4.4333476700222345
PRT,Portugal,PRT,2008,4,2008.75,2008-Q4,2008q4,0.0117197453303425,-0.45116273401029394,-3.995317490552026,-4.44648022456232
PRT,Portugal,PRT,2009,1,2009.0,2009-Q1,2009q1,0.011593101887237,-0.4465944303052156,-4.010750592341259,-4.457345022646475
PRT,Portugal,PRT,2009,2,2009.25,2009-Q2,2009q2,0.0117054893887492,-0.4436949315418568,-4.004002437140827,-4.447697368682684
PRT,Portugal,PRT,2009,3,2009.5,2009-Q3,2009q3,0.0119883905704262,-0.43158478203793127,-3.992231767904877,-4.423816549942808
PRT,Portugal,PRT,2009,4,2009.75,2009-Q4,2009q4,0.0118918652200846,-0.44643207782182515,-3.985468629751267,-4.431900707573092
PRT,Portugal,PRT,2010,1,2010.0,2010-Q1,2010q1,0.0120056325110373,-0.44146905011455617,-3.9809103132822243,-4.4223793633967805
PRT,Portugal,PRT,2010,2,2010.25,2010-Q2,2010q2,0.0121725264943992,-0.44196803514190597,-3.9666057581895937,-4.4085737933315
PRT,Portugal,PRT,2010,3,2010.5,2010-Q3,2010q3,0.0123295665016577,-0.4350183003313699,-3.9607368201089788,-4.395755120440349
PRT,Portugal,PRT,2010,4,2010.75,2010-Q4,2010q4,0.0121842087784531,-0.4558653124897516,-3.9517492155856404,-4.407614528075392
PRT,Portugal,PRT,2011,1,2011.0,2011-Q1,2011q1,0.0123537707650068,-0.44385101366578184,-3.949942923742827,-4.393793937408609
PRT,Portugal,PRT,2011,2,2011.25,2011-Q2,2011q2,0.0123456014707518,-0.4512422966847951,-3.9432131388764726,-4.394455435561268
PRT,Portugal,PRT,2011,3,2011.5,2011-Q3,2011q3,0.0124260078451099,-0.450067736671766,-3.9378958593227056,-4.387963595994472
PRT,Portugal,PRT,2011,4,2011.75,2011-Q4,2011q4,0.0124102307425434,-0.45143898225971935,-3.937795104403702,-4.389234086663421
PRT,Portugal,PRT,2012,1,2012.0,2012-Q1,2012q1,0.0124433176638885,-0.44982497884738404,-3.936746555141414,-4.386571533988798
PRT,Portugal,PRT,2012,2,2012.25,2012-Q2,2012q2,0.0123366943247566,-0.46014713575224553,-3.935030043560548,-4.395177179312793
PRT,Portugal,PRT,2012,3,2012.5,2012-Q3,2012q3,0.012398880371502,-0.45900654583327105,-3.931142557235305,-4.390149103068576
PRT,Portugal,PRT,2012,4,2012.75,2012-Q4,2012q4,0.0123416547488811,-0.46855213530662887,-3.9262230378446903,-4.394775173151319
PRT,Portugal,PRT,2013,1,2013.0,2013-Q1,2013q1,0.0125655896346415,-0.4570971712625118,-3.9196960110728867,-4.3767931823353985
PRT,Portugal,PRT,2013,2,2013.25,2013-Q2,2013q2,0.0126702009107112,-0.45758973270161096,-3.910912694874213,-4.368502427575824
PRT,Portugal,PRT,2013,3,2013.5,2013-Q3,2013q3,0.0125877764691073,-0.46950955783295667,-3.905519499563591,-4.375029057396548
PRT,Portugal,PRT,2013,4,2013.75,2013-Q4,2013q4,0.0125124181572693,-0.47818834742940375,-3.9028453278103648,-4.3810336752397685
PRT,Portugal,PRT,2014,1,2014.0,2014-Q1,2014q1,0.0124744215892091,-0.48531642079894066,-3.8987585832149927,-4.384075004013933
PRT,Portugal,PRT,2014,2,2014.25,2014-Q2,2014q2,0.0124661345252911,-0.4907565469596773,-3.893983002318197,-4.3847395492778745
PRT,Portugal,PRT,2014,3,2014.5,2014-Q3,2014q3,0.0123916736549739,-0.4988057701600632,-3.8919247411919593,-4.3907305113520225
PRT,Portugal,PRT,2014,4,2014.75,2014-Q4,2014q4,0.0125109595538857,-0.4959649226455056,-3.8851853318508356,-4.381150254496341
PRT,Portugal,PRT,2015,1,2015.0,2015-Q1,2015q1,0.0125466571785442,-0.49666351171104584,-3.8816374974488594,-4.378301009159905
PRT,Portugal,PRT,2015,2,2015.25,2015-Q2,2015q2,0.012479685535333,-0.506606687160772,-3.877046426686889,-4.383653113847661
PRT,Portugal,PRT,2015,3,2015.5,2015-Q3,2015q3,0.0125473632982886,-0.5052620405948316,-3.872982690636614,-4.378244731231446
PRT,Portugal,PRT,2015,4,2015.75,2015-Q4,2015q4,0.012442713595746,-0.5127280178522695,-3.8738920629004796,-4.386620080752749
PRT,Portugal,PRT,2016,1,2016.0,2016-Q1,2016q1,0.012573027008175,-0.5010583272443627,-3.875143146019994,-4.376201473264357
PRT,Portugal,PRT,2016,2,2016.25,2016-Q2,2016q2,0.0125692421982485,-0.5086945522933348,-3.8678079924394737,-4.3765025447328085
PRT,Portugal,PRT,2016,3,2016.5,2016-Q3,2016q3,0.01257594873627,-0.5086710580651319,-3.867298061552871,-4.375969119618003
PRT,Portugal,PRT,2016,4,2016.75,2016-Q4,2016q4,0.0126118812660154,-0.5140974508599188,-3.8590185008497677,-4.3731159517096865
PRT,Portugal,PRT,2017,1,2017.0,2017-Q1,2017q1,0.0126395080693491,-0.5165765713529886,-3.8543512382319376,-4.370927809584926
PRT,Portugal,PRT,2017,2,2017.25,2017-Q2,2017q2,0.0125617954261635,-0.5304123038743818,-3.8466828763408323,-4.377095180215214
PRT,Portugal,PRT,2017,3,2017.5,2017-Q3,2017q3,0.0125705276688476,-0.5331619934497525,-3.8432382853826903,-4.376400278832443
PRT,Portugal,PRT,2017,4,2017.75,2017-Q4,2017q4,0.0125608515612068,-0.5393858524736346,-3.837784468307589,-4.377170320781223
PRT,Portugal,PRT,2018,1,2018.0,2018-Q1,2018q1,0.0125594187628341,-0.5439563897769149,-3.8333280060803943,-4.377284395857309
PRT,Portugal,PRT,2018,2,2018.25,2018-Q2,2018q2,0.0126382910482345,-0.5453320093962959,-3.8256920918879103,-4.371024101284206
PRT,Portugal,PRT,2018,3,2018.5,2018-Q3,2018q3,0.0126953123720307,-0.5422643711490536,-3.824258087068906,-4.366522458217959
PRT,Portugal,PRT,2018,4,2018.75,2018-Q4,2018q4,0.0127229430655925,-0.5393690719623239,-3.8249793027892887,-4.3643483747516125
PRT,Portugal,PRT,2019,1,2019.0,2019-Q1,2019q1,0.0127660880347987,-0.539571747416812,-3.821391248718992,-4.360962996135804
PRT,Portugal,PRT,2019,2,2019.25,2019-Q2,2019q2,0.0128404290991781,-0.5415896200053409,-3.8135669423342766,-4.355156562339618
PRT,Portugal,PRT,2019,3,2019.5,2019-Q3,2019q3,0.0128711164574174,-0.5406370897973565,-3.8121324225111266,-4.352769512308483
PRT,Portugal,PRT,2019,4,2019.75,2019-Q4,2019q4,0.0130127788586211,-0.5265736697477221,-3.8152497454656107,-4.341823415213333
PRT,Portugal,PRT,2020,1,2020.0,2020-Q1,2020q1,0.012485951229799,-0.5689445093466405,-3.8142066589943626,-4.383151168341003
PRT,Portugal,PRT,2020,2,2020.25,2020-Q2,2020q2,0.0110187609332833,-0.6259675769020481,-3.8821883426730164,-4.5081559195750645
PRT,Portugal,PRT,2020,3,2020.5,2020-Q3,2020q3,0.0125040635648499,-0.5543073080956762,-3.8273942942189545,-4.381701602314631
PRT,Portugal,PRT,2020,4,2020.75,2020-Q4,2020q4,0.0123410201164003,-0.5765379302107889,-3.8182886662554183,-4.394826596466207
PRT,Portugal,PRT,2021,1,2021.0,2021-Q1,2021q1,0.012390846965882,-0.5915097637603184,-3.799287463088877,-4.3907972268491955
PRT,Portugal,PRT,2021,2,2021.25,2021-Q2,2021q2,0.0127252172072679,-0.5699265385721999,-3.7942431087856,-4.3641696473578
PRT,Portugal,PRT,2021,3,2021.5,2021-Q3,2021q3,0.0130857038661856,-0.5443135616623564,-3.7919213909475182,-4.336234952609875
PRT,Portugal,PRT,2021,4,2021.75,2021-Q4,2021q4,0.0132406802400075,-0.5408366249315759,-3.7836247272174144,-4.32446135214899
PRT,Portugal,PRT,2022,1,2022.0,2022-Q1,2022q1,0.0131986263111283,-0.544954989135618,-3.7826875330083403,-4.327642522143958
PRT,Portugal,PRT,2022,2,2022.25,2022-Q2,2022q2,0.0133197378118029,-0.5364159456531961,-3.7820923522090077,-4.318508297862204
PRT,Portugal,PRT,2022,3,2022.5,2022-Q3,2022q3,0.0133510822137236,-0.5339653470846777,-3.782192485638369,-4.3161578327230465
PRT,Portugal,PRT,2022,4,2022.75,2022-Q4,2022q4,0.0134309730614632,-0.5287103317671638,-3.7814814849885647,-4.3101918167557285
PRT,Portugal,PRT,2023,1,2023.0,2023-Q1,2023q1,0.0134236745848957,-0.5280702716395482,-3.7826650992036,-4.310735370843148
PRT,Portugal,PRT,2023,2,2023.25,2023-Q2,2023q2,0.0134214846173825,-0.529999118281141,-3.780899408049487,-4.310898526330628
PRT,Portugal,PRT,2023,3,2023.5,2023-Q3,2023q3,0.0134232523842276,-0.5300550187759416,-3.7807118045063346,-4.310766823282276
PRT,Portugal,PRT,2023,4,2023.75,2023-Q4,2023q4,0.0134798314357351,-0.5277884876383663,-3.7787721907052205,-4.306560678343587
PRT,Portugal,PRT,2024,1,2024.0,2024-Q1,2024q1,0.0135038257255414,-0.5290262289834868,-3.775756017623659,-4.304782246607146
PRT,Portugal,PRT,2024,2,2024.25,2024-Q2,2024q2,0.0135651822681001,-0.5292624899011922,-3.770986406414534,-4.300248896315726
PRT,Portugal,PRT,2024,3,2024.5,2024-Q3,2024q3,0.0135599273177512,-0.5354599195750267,-3.765176436957072,-4.300636356532099
PRT,Portugal,PRT,2024,4,2024.75,2024-Q4,2024q4,0.013658474943607,-0.531259391204344,-3.7621356838204347,-4.293395075024779
PRT,Portugal,PRT,2025,1,2025.0,2025-Q1,2025q1,0.0133843532415106,-0.5558281431920666,-3.757840779633255,-4.313668922825322
PRT,Portugal,PRT,2025,2,2025.25,2025-Q2,2025q2,0.0134039909879313,-0.5593402244509744,-3.7528625569980663,-4.312202781449041
PRT,Portugal,PRT,2025,3,2025.5,2025-Q3,2025q3,0.0133701160607625,-0.5665065985317681,-3.7482266086888907,-4.314733207220659
PRT,Portugal,PRT,2025,4,2025.75,2025-Q4,2025q4,0.0134302684346745,-0.5630925608759565,-3.747151720080949,-4.310244280956906
PRT,Portugal,PRT,2026,1,2026.0,2026-Q1,2026q1,0.0133719578567526,-0.565057319230446,-3.7495381428027086,-4.314595462033155
PRY,Paraguay,PRY,1995,1,1995.0,1995-Q1,1995q1,0.00381132512678,-1.315703779421531,-4.254074568586735,-5.569778348008266
PRY,Paraguay,PRY,1995,2,1995.25,1995-Q2,1995q2,0.0038630564836394,-1.305856367072634,-4.2504402066290705,-5.5562965737017045
PRY,Paraguay,PRY,1995,3,1995.5,1995-Q3,1995q3,0.0037492266681462,-1.3388546357160527,-4.24735104637809,-5.586205682094143
PRY,Paraguay,PRY,1995,4,1995.75,1995-Q4,1995q4,0.0036909519718328,-1.357451381341276,-4.244419485914777,-5.601870867256053
PRY,Paraguay,PRY,1996,1,1996.0,1996-Q1,1996q1,0.0033540851440498,-1.456501334841044,-4.241074895239452,-5.697576230080496
PRY,Paraguay,PRY,1996,2,1996.25,1996-Q2,1996q2,0.0033209569486468,-1.4703459154695802,-4.237156384572403,-5.707502300041983
PRY,Paraguay,PRY,1996,3,1996.5,1996-Q3,1996q3,0.0032963562753224,-1.478239863929117,-4.236697715606429,-5.714937579535546
PRY,Paraguay,PRY,1996,4,1996.75,1996-Q4,1996q4,0.0032654632864128,-1.494254310171681,-4.230099321381617,-5.724353631553298
PRY,Paraguay,PRY,1997,1,1997.0,1997-Q1,1997q1,0.002944921918708,-1.6002411841709883,-4.227431791231235,-5.827672975402224
PRY,Paraguay,PRY,1997,2,1997.25,1997-Q2,1997q2,0.0030010040448544,-1.5944512883141906,-4.214357076375103,-5.808808364689294
PRY,Paraguay,PRY,1997,3,1997.5,1997-Q3,1997q3,0.0030860548505018,-1.5712028692018771,-4.2096588820174015,-5.780861751219279
PRY,Paraguay,PRY,1997,4,1997.75,1997-Q4,1997q4,0.0028680005344324,-1.647948076275764,-4.206192093625781,-5.8541401699015445
PRY,Paraguay,PRY,1998,1,1998.0,1998-Q1,1998q1,0.0026734159991573,-1.7138877403322574,-4.21051048353961,-5.924398223871868
PRY,Paraguay,PRY,1998,2,1998.25,1998-Q2,1998q2,0.0025994961286015,-1.7412218122784529,-4.211215837148984,-5.952437649427437
PRY,Paraguay,PRY,1998,3,1998.5,1998-Q3,1998q3,0.0025449319948501,-1.7651792782550766,-4.2084720721621,-5.973651350417176
PRY,Paraguay,PRY,1998,4,1998.75,1998-Q4,1998q4,0.0024680650275415,-1.7980254057685876,-4.206295419243004,-6.004320825011591
PRY,Paraguay,PRY,1999,1,1999.0,1999-Q1,1999q1,0.0024732897561768,-1.7942468617107892,-4.207959267711823,-6.002206129422612
PRY,Paraguay,PRY,1999,2,1999.25,1999-Q2,1999q2,0.0024634928727774,-1.8015077450111319,-4.2046673241020285,-6.00617506911316
PRY,Paraguay,PRY,1999,3,1999.5,1999-Q3,1999q3,0.0025416877779891,-1.7768157808146077,-4.198111158282587,-5.974926939097195
PRY,Paraguay,PRY,1999,4,1999.75,1999-Q4,1999q4,0.0025461032486098,-1.784788942855541,-4.188402283549777,-5.973191226405318
PRY,Paraguay,PRY,2000,1,2000.0,2000-Q1,2000q1,0.0023597272067296,-1.8648870627665675,-4.184322194227946,-6.049209256994513
PRY,Paraguay,PRY,2000,2,2000.25,2000-Q2,2000q2,0.0023955832953075,-1.8528303830420878,-4.181298147628699,-6.034128530670786
PRY,Paraguay,PRY,2000,3,2000.5,2000-Q3,2000q3,0.0022611814288733,-1.9133686202519549,-4.17849922589675,-6.091867846148705
PRY,Paraguay,PRY,2000,4,2000.75,2000-Q4,2000q4,0.0023566668759667,-1.8773159205928556,-4.173191078337019,-6.050506998929874
PRY,Paraguay,PRY,2001,1,2001.0,2001-Q1,2001q1,0.002288861172723,-1.906264336961689,-4.173436552638961,-6.07970088960065
PRY,Paraguay,PRY,2001,2,2001.25,2001-Q2,2001q2,0.0022266477733834,-1.9334427342443457,-4.1738153309007995,-6.107258065145145
PRY,Paraguay,PRY,2001,3,2001.5,2001-Q3,2001q3,0.0022039390003378,-1.942961441020957,-4.174547623851253,-6.11750906487221
PRY,Paraguay,PRY,2001,4,2001.75,2001-Q4,2001q4,0.0021770672748306,-1.9590456189890215,-4.17073097567771,-6.1297765946667315
PRY,Paraguay,PRY,2002,1,2002.0,2002-Q1,2002q1,0.0023175862990534,-1.9062304748230678,-4.160998548399518,-6.067229023222586
PRY,Paraguay,PRY,2002,2,2002.25,2002-Q2,2002q2,0.0022477344362433,-1.944634281242129,-4.153198206030584,-6.097832487272713
PRY,Paraguay,PRY,2002,3,2002.5,2002-Q3,2002q3,0.0021757531379283,-1.9803596312958032,-4.150020772771553,-6.130380404067356
PRY,Paraguay,PRY,2002,4,2002.75,2002-Q4,2002q4,0.0021526090259114,-1.9956104414646063,-4.145464230650573,-6.141074672115179
PRY,Paraguay,PRY,2003,1,2003.0,2003-Q1,2003q1,0.0021752283459416,-1.9891958637435545,-4.141425769568831,-6.130621633312385
PRY,Paraguay,PRY,2003,2,2003.25,2003-Q2,2003q2,0.0021871690818099,-1.9885593095671963,-4.136587918495714,-6.12514722806291
PRY,Paraguay,PRY,2003,3,2003.5,2003-Q3,2003q3,0.0022336435943421,-1.9756231357750922,-4.128497992287372,-6.104121128062464
PRY,Paraguay,PRY,2003,4,2003.75,2003-Q4,2003q4,0.0022251704881013,-1.9884980553614113,-4.119423687072228,-6.107921742433639
PRY,Paraguay,PRY,2004,1,2004.0,2004-Q1,2004q1,0.0020913638688668,-2.058852900743916,-4.111085956256169,-6.169938857000084
PRY,Paraguay,PRY,2004,2,2004.25,2004-Q2,2004q2,0.0021511596387502,-2.0390457916901292,-4.102702423697901,-6.14174821538803
PRY,Paraguay,PRY,2004,3,2004.5,2004-Q3,2004q3,0.0021139263257868,-2.0634012328948916,-4.095807009867689,-6.15920824276258
PRY,Paraguay,PRY,2004,4,2004.75,2004-Q4,2004q4,0.0021134540220433,-2.0752764542115836,-4.084155238397759,-6.159431692609343
PRY,Paraguay,PRY,2005,1,2005.0,2005-Q1,2005q1,0.0020624419706844,-2.1059346881287153,-4.077929887448277,-6.183864575576992
PRY,Paraguay,PRY,2005,2,2005.25,2005-Q2,2005q2,0.0020944611277687,-2.10297843943942,-4.065480537503734,-6.168458976943154
PRY,Paraguay,PRY,2005,3,2005.5,2005-Q3,2005q3,0.0020582763229992,-2.1268085526676694,-4.059077830180438,-6.185886382848108
PRY,Paraguay,PRY,2005,4,2005.75,2005-Q4,2005q4,0.0021630477217723,-2.0867711100372492,-4.04946595944698,-6.136237069484229
PRY,Paraguay,PRY,2006,1,2006.0,2006-Q1,2006q1,0.002255365873363,-2.053193976516268,-4.041249092843926,-6.094443069360194
PRY,Paraguay,PRY,2006,2,2006.25,2006-Q2,2006q2,0.0022172667568509,-2.0774853873957193,-4.0339946448477555,-6.111480032243475
PRY,Paraguay,PRY,2006,3,2006.5,2006-Q3,2006q3,0.0022598748045799,-2.065537268727625,-4.026908594708328,-6.092445863435953
PRY,Paraguay,PRY,2006,4,2006.75,2006-Q4,2006q4,0.0022523908459609,-2.078658297431712,-4.017104731287111,-6.095763028718823
PRY,Paraguay,PRY,2007,1,2007.0,2007-Q1,2007q1,0.0022294807700525,-2.096449612644066,-4.009536946518625,-6.105986559162691
PRY,Paraguay,PRY,2007,2,2007.25,2007-Q2,2007q2,0.002187032625472,-2.123845415771621,-4.0013642037158625,-6.125209619487483
PRY,Paraguay,PRY,2007,3,2007.5,2007-Q3,2007q3,0.0022630833557057,-2.0985085473967513,-3.9925185314516303,-6.091027078848382
PRY,Paraguay,PRY,2007,4,2007.75,2007-Q4,2007q4,0.0022532803935551,-2.1117712939925393,-3.983596877863246,-6.095368171855785
PRY,Paraguay,PRY,2008,1,2008.0,2008-Q1,2008q1,0.0023232899883724,-2.082870699988577,-3.9819002994309596,-6.064770999419537
PRY,Paraguay,PRY,2008,2,2008.25,2008-Q2,2008q2,0.002367660336887,-2.067260616396453,-3.978592394666867,-6.04585301106332
PRY,Paraguay,PRY,2008,3,2008.5,2008-Q3,2008q3,0.0023471834447194,-2.072959080030535,-3.981580123773969,-6.054539203804504
PRY,Paraguay,PRY,2008,4,2008.75,2008-Q4,2008q4,0.002332509113909,-2.0654932273418987,-3.995317490552026,-6.060810717893925
PRY,Paraguay,PRY,2009,1,2009.0,2009-Q1,2009q1,0.0020803065375978,-2.164489429941013,-4.010750592341259,-6.1752400222822725
PRY,Paraguay,PRY,2009,2,2009.25,2009-Q2,2009q2,0.0020989173308546,-2.1623311867929074,-4.004002437140827,-6.166333623933735
PRY,Paraguay,PRY,2009,3,2009.5,2009-Q3,2009q3,0.002174711767853,-2.13862737584559,-3.992231767904877,-6.130859143750467
PRY,Paraguay,PRY,2009,4,2009.75,2009-Q4,2009q4,0.0022256872562779,-2.122220902080011,-3.985468629751267,-6.107689531831278
PRY,Paraguay,PRY,2010,1,2010.0,2010-Q1,2010q1,0.0023589869806488,-2.068612684302406,-3.9809103132822243,-6.0495229975846305
PRY,Paraguay,PRY,2010,2,2010.25,2010-Q2,2010q2,0.0023896990310646,-2.0699820912036277,-3.9666057581895937,-6.0365878493932215
PRY,Paraguay,PRY,2010,3,2010.5,2010-Q3,2010q3,0.0024011686546264,-2.0710629006081227,-3.9607368201089788,-6.0317997207171015
PRY,Paraguay,PRY,2010,4,2010.75,2010-Q4,2010q4,0.0024439255605623,-2.062400480586069,-3.9517492155856404,-6.014149696171709
PRY,Paraguay,PRY,2011,1,2011.0,2011-Q1,2011q1,0.0023952861769112,-2.0843096421989697,-3.949942923742827,-6.034252565941797
PRY,Paraguay,PRY,2011,2,2011.25,2011-Q2,2011q2,0.0023840857289038,-2.095726431438456,-3.9432131388764726,-6.038939570314929
PRY,Paraguay,PRY,2011,3,2011.5,2011-Q3,2011q3,0.0023524956981659,-2.1143826558060645,-3.9378958593227056,-6.05227851512877
PRY,Paraguay,PRY,2011,4,2011.75,2011-Q4,2011q4,0.0023884858601256,-2.0993005407289873,-3.937795104403702,-6.037095645132689
PRY,Paraguay,PRY,2012,1,2012.0,2012-Q1,2012q1,0.0021787574760141,-2.1922539746627434,-3.936746555141414,-6.129000529804157
PRY,Paraguay,PRY,2012,2,2012.25,2012-Q2,2012q2,0.0022032657041269,-2.1827845647394297,-3.935030043560548,-6.117814608299978
PRY,Paraguay,PRY,2012,3,2012.5,2012-Q3,2012q3,0.002277444017595,-2.1535589525358234,-3.931142557235305,-6.084701509771128
PRY,Paraguay,PRY,2012,4,2012.75,2012-Q4,2012q4,0.0021944928013724,-2.1955812913008907,-3.9262230378446903,-6.121804329145581
PRY,Paraguay,PRY,2013,1,2013.0,2013-Q1,2013q1,0.0023520651548918,-2.132765536346782,-3.9196960110728867,-6.052461547419669
PRY,Paraguay,PRY,2013,2,2013.25,2013-Q2,2013q2,0.0023684980835122,-2.1345865498833483,-3.910912694874213,-6.045499244757561
PRY,Paraguay,PRY,2013,3,2013.5,2013-Q3,2013q3,0.0023630476507186,-2.142283616068553,-3.905519499563591,-6.047803115632144
PRY,Paraguay,PRY,2013,4,2013.75,2013-Q4,2013q4,0.0023717952111544,-2.141262809701735,-3.9028453278103648,-6.0441081375121
PRY,Paraguay,PRY,2014,1,2014.0,2014-Q1,2014q1,0.0024759850285721,-2.1023583875817753,-3.8987585832149927,-6.001116970796768
PRY,Paraguay,PRY,2014,2,2014.25,2014-Q2,2014q2,0.0024742027717304,-2.1078540449648,-3.893983002318197,-6.001837047282997
PRY,Paraguay,PRY,2014,3,2014.5,2014-Q3,2014q3,0.0025036255249495,-2.09809064647517,-3.8919247411919593,-5.990015387667129
PRY,Paraguay,PRY,2014,4,2014.75,2014-Q4,2014q4,0.0025479213107655,-2.0872920926433602,-3.8851853318508356,-5.972477424494196
PRY,Paraguay,PRY,2015,1,2015.0,2015-Q1,2015q1,0.0025240811596516,-2.100240682200279,-3.8816374974488594,-5.981878179649138
PRY,Paraguay,PRY,2015,2,2015.25,2015-Q2,2015q2,0.0024935449008695,-2.1170034992869025,-3.877046426686889,-5.994049925973791
PRY,Paraguay,PRY,2015,3,2015.5,2015-Q3,2015q3,0.0025214604716401,-2.109934302459596,-3.872982690636614,-5.98291699309621
PRY,Paraguay,PRY,2015,4,2015.75,2015-Q4,2015q4,0.0025213181121077,-2.1090813909465145,-3.8738920629004796,-5.982973453846994
PRY,Paraguay,PRY,2016,1,2016.0,2016-Q1,2016q1,0.0026445159509355,-2.060124089716788,-3.875143146019994,-5.935267235736782
PRY,Paraguay,PRY,2016,2,2016.25,2016-Q2,2016q2,0.0027640106443566,-2.0232645295749734,-3.8678079924394737,-5.891072522014447
PRY,Paraguay,PRY,2016,3,2016.5,2016-Q3,2016q3,0.0027621925542147,-2.0244324493708383,-3.867298061552871,-5.8917305109237095
PRY,Paraguay,PRY,2016,4,2016.75,2016-Q4,2016q4,0.0027562440614057,-2.0348678725137077,-3.8590185008497677,-5.893886373363475
PRY,Paraguay,PRY,2017,1,2017.0,2017-Q1,2017q1,0.0032131961399684,-1.8861379167378942,-3.8543512382319376,-5.740489154969832
PRY,Paraguay,PRY,2017,2,2017.25,2017-Q2,2017q2,0.0031616132458497,-1.9099899844753994,-3.8466828763408323,-5.756672860816232
PRY,Paraguay,PRY,2017,3,2017.5,2017-Q3,2017q3,0.0031819714227578,-1.9070160446299624,-3.8432382853826903,-5.750254330012653
PRY,Paraguay,PRY,2017,4,2017.75,2017-Q4,2017q4,0.0032422253023689,-1.8937108949056092,-3.837784468307589,-5.731495363213198
PRY,Paraguay,PRY,2018,1,2018.0,2018-Q1,2018q1,0.0032632978541023,-1.8916889771695895,-3.8333280060803943,-5.725016983249984
PRY,Paraguay,PRY,2018,2,2018.25,2018-Q2,2018q2,0.003249233869582,-1.9036439509781462,-3.8256920918879103,-5.7293360428660565
PRY,Paraguay,PRY,2018,3,2018.5,2018-Q3,2018q3,0.0031660245981736,-1.9310204610046182,-3.824258087068906,-5.755278548073524
PRY,Paraguay,PRY,2018,4,2018.75,2018-Q4,2018q4,0.0031517204408184,-1.9348275007643965,-3.8249793027892887,-5.759806803553685
PRY,Paraguay,PRY,2019,1,2019.0,2019-Q1,2019q1,0.0030422411841792,-1.9737695548288738,-3.821391248718992,-5.795160803547866
PRY,Paraguay,PRY,2019,2,2019.25,2019-Q2,2019q2,0.0031673079387554,-1.941306340235855,-3.8135669423342766,-5.754873282570132
PRY,Paraguay,PRY,2019,3,2019.5,2019-Q3,2019q3,0.0032211334834412,-1.9258895453658509,-3.8121324225111266,-5.7380219678769775
PRY,Paraguay,PRY,2019,4,2019.75,2019-Q4,2019q4,0.0031606219665914,-1.9417367004144834,-3.8152497454656107,-5.756986445880094
PRY,Paraguay,PRY,2020,1,2020.0,2020-Q1,2020q1,0.0031910726023056,-1.9331915207394017,-3.8142066589943626,-5.747398179733764
PRY,Paraguay,PRY,2020,2,2020.25,2020-Q2,2020q2,0.003116020512684,-1.8890102253043146,-3.8821883426730164,-5.771198567977331
PRY,Paraguay,PRY,2020,3,2020.5,2020-Q3,2020q3,0.0032662072856788,-1.896731524476667,-3.8273942942189545,-5.724125818695621
PRY,Paraguay,PRY,2020,4,2020.75,2020-Q4,2020q4,0.0032211595860194,-1.9197251981162018,-3.8182886662554183,-5.73801386437162
PRY,Paraguay,PRY,2021,1,2021.0,2021-Q1,2021q1,0.0031790573510806,-1.951883093523172,-3.799287463088877,-5.751170556612049
PRY,Paraguay,PRY,2021,2,2021.25,2021-Q2,2021q2,0.0032937196958905,-1.921494637419979,-3.7942431087856,-5.715737746205579
PRY,Paraguay,PRY,2021,3,2021.5,2021-Q3,2021q3,0.0032078595829073,-1.9502299699025087,-3.7919213909475182,-5.742151360850027
PRY,Paraguay,PRY,2021,4,2021.75,2021-Q4,2021q4,0.0032164664059787,-1.9558471842286926,-3.7836247272174144,-5.739471911446107
PRY,Paraguay,PRY,2022,1,2022.0,2022-Q1,2022q1,0.0031770601567162,-1.969111455796058,-3.7826875330083403,-5.751798988804398
PRY,Paraguay,PRY,2022,2,2022.25,2022-Q2,2022q2,0.0031760519952207,-1.9700240122310961,-3.7820923522090077,-5.752116364440104
PRY,Paraguay,PRY,2022,3,2022.5,2022-Q3,2022q3,0.0032624324737056,-1.9430897186239156,-3.782192485638369,-5.725282204262284
PRY,Paraguay,PRY,2022,4,2022.75,2022-Q4,2022q4,0.0032690345596491,-1.9417790943743438,-3.7814814849885647,-5.7232605793629086
PRY,Paraguay,PRY,2023,1,2023.0,2023-Q1,2023q1,0.0032883328187555,-1.9347094854579896,-3.7826650992036,-5.71737458466159
PRY,Paraguay,PRY,2023,2,2023.25,2023-Q2,2023q2,0.0032450280366537,-1.9497318808590056,-3.780899408049487,-5.7306312889084925
PRY,Paraguay,PRY,2023,3,2023.5,2023-Q3,2023q3,0.0033155116017768,-1.9284315334010902,-3.7807118045063346,-5.709143337907425
PRY,Paraguay,PRY,2023,4,2023.75,2023-Q4,2023q4,0.0033224087533705,-1.9282930402931697,-3.7787721907052205,-5.70706523099839
PRY,Paraguay,PRY,2024,1,2024.0,2024-Q1,2024q1,0.0033456251473896,-1.9243456951385407,-3.775756017623659,-5.7001017127622
PRY,Paraguay,PRY,2024,2,2024.25,2024-Q2,2024q2,0.0034553150019825,-1.8968552467159676,-3.770986406414534,-5.667841653130502
PRY,Paraguay,PRY,2024,3,2024.5,2024-Q3,2024q3,0.0034126406476605,-1.9150924669316711,-3.765176436957072,-5.680268903888743
PRY,Paraguay,PRY,2024,4,2024.75,2024-Q4,2024q4,0.0033829085014056,-1.9268837523131115,-3.7621356838204347,-5.689019436133546
PRY,Paraguay,PRY,2025,1,2025.0,2025-Q1,2025q1,0.0034964000535617,-1.8981806163055865,-3.757840779633255,-5.656021395938842
PRY,Paraguay,PRY,2025,2,2025.25,2025-Q2,2025q2,0.0035228067449225,-1.895634679388587,-3.7528625569980663,-5.648497236386653
PRY,Paraguay,PRY,2025,3,2025.5,2025-Q3,2025q3,0.0034718054571932,-1.9148539069793897,-3.7482266086888907,-5.66308051566828
ROM,Romania,ROM,1995,1,1995.0,1995-Q1,1995q1,0.0026885513302726,-1.6646782007779484,-4.254074568586735,-5.9187527693646835
ROM,Romania,ROM,1995,2,1995.25,1995-Q2,1995q2,0.0025965715381856,-1.7031231366546749,-4.2504402066290705,-5.953563343283745
ROM,Romania,ROM,1995,3,1995.5,1995-Q3,1995q3,0.0025515150651503,-1.7237169066707043,-4.24735104637809,-5.971067953048794
ROM,Romania,ROM,1995,4,1995.75,1995-Q4,1995q4,0.0024011407059692,-1.787391874476116,-4.244419485914777,-6.0318113603908925
ROM,Romania,ROM,1996,1,1996.0,1996-Q1,1996q1,0.0027966699492358,-1.6382509781889363,-4.241074895239452,-5.879325873428388
ROM,Romania,ROM,1996,2,1996.25,1996-Q2,1996q2,0.0027455964954198,-1.6606005405341389,-4.237156384572403,-5.897756925106542
ROM,Romania,ROM,1996,3,1996.5,1996-Q3,1996q3,0.0026629896819045,-1.6916081311648252,-4.236697715606429,-5.928305846771254
ROM,Romania,ROM,1996,4,1996.75,1996-Q4,1996q4,0.0026154299408643,-1.7162274602655962,-4.230099321381617,-5.946326781647214
ROM,Romania,ROM,1997,1,1997.0,1997-Q1,1997q1,0.0026045605484507,-1.7230595221886427,-4.227431791231235,-5.950491313419878
ROM,Romania,ROM,1997,2,1997.25,1997-Q2,1997q2,0.0025138082174405,-1.7715993811720798,-4.214357076375103,-5.985956457547183
ROM,Romania,ROM,1997,3,1997.5,1997-Q3,1997q3,0.002501388680594,-1.7812503470705776,-4.2096588820174015,-5.990909229087979
ROM,Romania,ROM,1997,4,1997.75,1997-Q4,1997q4,0.002433642709718,-1.8121739929718501,-4.206192093625781,-6.018366086597631
ROM,Romania,ROM,1998,1,1998.0,1998-Q1,1998q1,0.0023546030731903,-1.8408726285956973,-4.21051048353961,-6.051383112135308
ROM,Romania,ROM,1998,2,1998.25,1998-Q2,1998q2,0.0024360361421211,-1.8061672554284467,-4.211215837148984,-6.017383092577431
ROM,Romania,ROM,1998,3,1998.5,1998-Q3,1998q3,0.0025576952389034,-1.760176651142948,-4.2084720721621,-5.968648723305048
ROM,Romania,ROM,1998,4,1998.75,1998-Q4,1998q4,0.0025897916892955,-1.749882416105696,-4.206295419243004,-5.9561778353487
ROM,Romania,ROM,1999,1,1999.0,1999-Q1,1999q1,0.0027043122785217,-1.704948372138806,-4.207959267711823,-5.912907639850629
ROM,Romania,ROM,1999,2,1999.25,1999-Q2,1999q2,0.0025376963512476,-1.771831233703855,-4.2046673241020285,-5.976498557805884
ROM,Romania,ROM,1999,3,1999.5,1999-Q3,1999q3,0.0025300932353425,-1.781387966725105,-4.198111158282587,-5.979499125007692
ROM,Romania,ROM,1999,4,1999.75,1999-Q4,1999q4,0.0025504217978289,-1.7830942390276077,-4.188402283549777,-5.971496522577385
ROM,Romania,ROM,2000,1,2000.0,2000-Q1,2000q1,0.0026369782359797,-1.753799430742963,-4.184322194227946,-5.938121624970909
ROM,Romania,ROM,2000,2,2000.25,2000-Q2,2000q2,0.0027223856936458,-1.7249485422149204,-4.181298147628699,-5.906246689843619
ROM,Romania,ROM,2000,3,2000.5,2000-Q3,2000q3,0.0025801106122551,-1.7814237821037873,-4.17849922589675,-5.959923008000537
ROM,Romania,ROM,2000,4,2000.75,2000-Q4,2000q4,0.0026234539058348,-1.7700724663766607,-4.173191078337019,-5.9432635447136795
ROM,Romania,ROM,2001,1,2001.0,2001-Q1,2001q1,0.0027558494069128,-1.720593016588606,-4.173436552638961,-5.894029569227567
ROM,Romania,ROM,2001,2,2001.25,2001-Q2,2001q2,0.0027266628762163,-1.7308614762764787,-4.1738153309007995,-5.904676807177278
ROM,Romania,ROM,2001,3,2001.5,2001-Q3,2001q3,0.0027881514577796,-1.7078288388230707,-4.174547623851253,-5.882376462674324
ROM,Romania,ROM,2001,4,2001.75,2001-Q4,2001q4,0.0028913843415844,-1.6752889049403397,-4.17073097567771,-5.84601988061805
ROM,Romania,ROM,2002,1,2002.0,2002-Q1,2002q1,0.0032268706846849,-1.5752438912364353,-4.160998548399518,-5.736242439635953
ROM,Romania,ROM,2002,2,2002.25,2002-Q2,2002q2,0.0032945214477831,-1.5622961514224967,-4.153198206030584,-5.715494357453081
ROM,Romania,ROM,2002,3,2002.5,2002-Q3,2002q3,0.0032471299007529,-1.5799630074987023,-4.150020772771553,-5.729983780270255
ROM,Romania,ROM,2002,4,2002.75,2002-Q4,2002q4,0.0032679478593316,-1.5781288263779798,-4.145464230650573,-5.723593057028553
ROM,Romania,ROM,2003,1,2003.0,2003-Q1,2003q1,0.0034474241521968,-1.528702179783119,-4.141425769568831,-5.67012794935195
ROM,Romania,ROM,2003,2,2003.25,2003-Q2,2003q2,0.0035130988731439,-1.514668842667425,-4.136587918495714,-5.651256761163139
ROM,Romania,ROM,2003,3,2003.5,2003-Q3,2003q3,0.0035196283462876,-1.5209018861001065,-4.128497992287372,-5.649399878387478
ROM,Romania,ROM,2003,4,2003.75,2003-Q4,2003q4,0.0034918189019722,-1.5379088161100762,-4.119423687072228,-5.657332503182304
ROM,Romania,ROM,2004,1,2004.0,2004-Q1,2004q1,0.0037057042694511,-1.4867959958203958,-4.111085956256169,-5.597881952076564
ROM,Romania,ROM,2004,2,2004.25,2004-Q2,2004q2,0.0038006788041433,-1.4698731718355225,-4.102702423697901,-5.572575595533423
ROM,Romania,ROM,2004,3,2004.5,2004-Q3,2004q3,0.0040072370147376,-1.4238462890381438,-4.095807009867689,-5.5196532989058325
ROM,Romania,ROM,2004,4,2004.75,2004-Q4,2004q4,0.0040006732293293,-1.4371373862942525,-4.084155238397759,-5.521292624692012
ROM,Romania,ROM,2005,1,2005.0,2005-Q1,2005q1,0.0039317919083667,-1.4607301132417856,-4.077929887448277,-5.538660000690062
ROM,Romania,ROM,2005,2,2005.25,2005-Q2,2005q2,0.0040035142023817,-1.455102215462774,-4.065480537503734,-5.520582752966508
ROM,Romania,ROM,2005,3,2005.5,2005-Q3,2005q3,0.0041588420704796,-1.4234407617170488,-4.059077830180438,-5.482518591897487
ROM,Romania,ROM,2005,4,2005.75,2005-Q4,2005q4,0.0041257565235134,-1.4410399169245585,-4.04946595944698,-5.490505876371539
ROM,Romania,ROM,2006,1,2006.0,2006-Q1,2006q1,0.0042079165803016,-1.4295385349721155,-4.041249092843926,-5.470787627816041
ROM,Romania,ROM,2006,2,2006.25,2006-Q2,2006q2,0.0042595196420799,-1.424604240286138,-4.0339946448477555,-5.458598885133894
ROM,Romania,ROM,2006,3,2006.5,2006-Q3,2006q3,0.0043491573573619,-1.4108645688888934,-4.026908594708328,-5.437773163597221
ROM,Romania,ROM,2006,4,2006.75,2006-Q4,2006q4,0.0043807159177332,-1.4134383851261587,-4.017104731287111,-5.430543116413269
ROM,Romania,ROM,2007,1,2007.0,2007-Q1,2007q1,0.0044592552344359,-1.403236568170195,-4.009536946518625,-5.41277351468882
ROM,Romania,ROM,2007,2,2007.25,2007-Q2,2007q2,0.0045486552042494,-1.3915594454953606,-4.0013642037158625,-5.392923649211223
ROM,Romania,ROM,2007,3,2007.5,2007-Q3,2007q3,0.0045605899074689,-1.397784766698225,-3.9925185314516303,-5.390303298149855
ROM,Romania,ROM,2007,4,2007.75,2007-Q4,2007q4,0.0047522012195401,-1.365550475775723,-3.983596877863246,-5.349147353638969
ROM,Romania,ROM,2008,1,2008.0,2008-Q1,2008q1,0.0047939482129076,-1.3585006460780162,-3.9819002994309596,-5.340400945508976
ROM,Romania,ROM,2008,2,2008.25,2008-Q2,2008q2,0.0049832797600371,-1.323074623698699,-3.978592394666867,-5.301667018365566
ROM,Romania,ROM,2008,3,2008.5,2008-Q3,2008q3,0.0051139912902512,-1.2941949814592784,-3.981580123773969,-5.275775105233247
ROM,Romania,ROM,2008,4,2008.75,2008-Q4,2008q4,0.0051016895639938,-1.2828660165056633,-3.995317490552026,-5.2781835070576895
ROM,Romania,ROM,2009,1,2009.0,2009-Q1,2009q1,0.0046597478632592,-1.3580433465638757,-4.010750592341259,-5.368793938905135
ROM,Romania,ROM,2009,2,2009.25,2009-Q2,2009q2,0.0046992601483133,-1.356347760768867,-4.004002437140827,-5.360350197909694
ROM,Romania,ROM,2009,3,2009.5,2009-Q3,2009q3,0.0048418653876033,-1.3382234539384923,-3.992231767904877,-5.330455221843369
ROM,Romania,ROM,2009,4,2009.75,2009-Q4,2009q4,0.0049471515419836,-1.323474684346821,-3.985468629751267,-5.308943314098088
ROM,Romania,ROM,2010,1,2010.0,2010-Q1,2010q1,0.0049569546245509,-1.3260534005159808,-3.9809103132822243,-5.306963713798205
ROM,Romania,ROM,2010,2,2010.25,2010-Q2,2010q2,0.0048743003468574,-1.3571729452358654,-3.9666057581895937,-5.323778703425459
ROM,Romania,ROM,2010,3,2010.5,2010-Q3,2010q3,0.0047340536489943,-1.3922366151471648,-3.9607368201089788,-5.3529734352561436
ROM,Romania,ROM,2010,4,2010.75,2010-Q4,2010q4,0.0049601367519297,-1.3545727520861632,-3.9517492155856404,-5.306321967671804
ROM,Romania,ROM,2011,1,2011.0,2011-Q1,2011q1,0.0050809678555168,-1.3323105890565436,-3.949942923742827,-5.282253512799371
ROM,Romania,ROM,2011,2,2011.25,2011-Q2,2011q2,0.0052554129422239,-1.305283558041245,-3.9432131388764726,-5.248496696917718
ROM,Romania,ROM,2011,3,2011.5,2011-Q3,2011q3,0.005390758899097,-1.2851732470434563,-3.9378958593227056,-5.223069106366162
ROM,Romania,ROM,2011,4,2011.75,2011-Q4,2011q4,0.0051130939013857,-1.3381554934261137,-3.937795104403702,-5.275950597829816
ROM,Romania,ROM,2012,1,2012.0,2012-Q1,2012q1,0.0053545507653745,-1.2930619141463993,-3.936746555141414,-5.229808469287813
ROM,Romania,ROM,2012,2,2012.25,2012-Q2,2012q2,0.0053379864905069,-1.2978767152579516,-3.935030043560548,-5.232906758818499
ROM,Romania,ROM,2012,3,2012.5,2012-Q3,2012q3,0.0052078000658276,-1.326455207395521,-3.931142557235305,-5.257597764630826
ROM,Romania,ROM,2012,4,2012.75,2012-Q4,2012q4,0.0051506336587641,-1.3424124934939492,-3.9262230378446903,-5.2686355313386395
ROM,Romania,ROM,2013,1,2013.0,2013-Q1,2013q1,0.0052002874574241,-1.3393453635759016,-3.9196960110728867,-5.259041374648788
ROM,Romania,ROM,2013,2,2013.25,2013-Q2,2013q2,0.0052910681518312,-1.330822439559907,-3.910912694874213,-5.24173513443412
ROM,Romania,ROM,2013,3,2013.5,2013-Q3,2013q3,0.0053568200099963,-1.323865262114181,-3.905519499563591,-5.229384761677772
ROM,Romania,ROM,2013,4,2013.75,2013-Q4,2013q4,0.0053965885293502,-1.319142951066115,-3.9028453278103648,-5.22198827887648
ROM,Romania,ROM,2014,1,2014.0,2014-Q1,2014q1,0.005414875350484,-1.3198468348803392,-3.8987585832149927,-5.218605418095332
ROM,Romania,ROM,2014,2,2014.25,2014-Q2,2014q2,0.0054542633756014,-1.3173747030505258,-3.893983002318197,-5.211357705368723
ROM,Romania,ROM,2014,3,2014.5,2014-Q3,2014q3,0.0055328739796004,-1.3051231502766538,-3.8919247411919593,-5.197047891468613
ROM,Romania,ROM,2014,4,2014.75,2014-Q4,2014q4,0.0055499503184322,-1.308780971046862,-3.8851853318508356,-5.193966302897698
ROM,Romania,ROM,2015,1,2015.0,2015-Q1,2015q1,0.0057195279746673,-1.2822315014580026,-3.8816374974488594,-5.163868998906862
ROM,Romania,ROM,2015,2,2015.25,2015-Q2,2015q2,0.0057120800321058,-1.2881256161331165,-3.877046426686889,-5.165172042820005
ROM,Romania,ROM,2015,3,2015.5,2015-Q3,2015q3,0.0057105109053872,-1.2924640931308806,-3.872982690636614,-5.165446783767495
ROM,Romania,ROM,2015,4,2015.75,2015-Q4,2015q4,0.0057080914938888,-1.2919784875330227,-3.8738920629004796,-5.165870550433502
ROM,Romania,ROM,2016,1,2016.0,2016-Q1,2016q1,0.0059120712484967,-1.2556158978840068,-3.875143146019994,-5.130759043904001
ROM,Romania,ROM,2016,2,2016.25,2016-Q2,2016q2,0.0059382026251612,-1.2585407873139038,-3.8678079924394737,-5.1263487797533775
ROM,Romania,ROM,2016,3,2016.5,2016-Q3,2016q3,0.0059486215833837,-1.2572976913687945,-3.867298061552871,-5.124595752921666
ROM,Romania,ROM,2016,4,2016.75,2016-Q4,2016q4,0.0059394585799575,-1.267118797067364,-3.8590185008497677,-5.126137297917132
ROM,Romania,ROM,2017,1,2017.0,2017-Q1,2017q1,0.0061742054614254,-1.2330238367293909,-3.8543512382319376,-5.0873750749613285
ROM,Romania,ROM,2017,2,2017.25,2017-Q2,2017q2,0.0061343966621654,-1.2471606728897981,-3.8466828763408323,-5.09384354923063
ROM,Romania,ROM,2017,3,2017.5,2017-Q3,2017q3,0.0063454037169444,-1.2167862668852347,-3.8432382853826903,-5.060024552267925
ROM,Romania,ROM,2017,4,2017.75,2017-Q4,2017q4,0.0063793458839518,-1.2169052446003659,-3.837784468307589,-5.054689712907955
ROM,Romania,ROM,2018,1,2018.0,2018-Q1,2018q1,0.0064246809866,-1.214280295244206,-3.8333280060803943,-5.0476083013246
ROM,Romania,ROM,2018,2,2018.25,2018-Q2,2018q2,0.0065306246883442,-1.205560584010191,-3.8256920918879103,-5.031252675898101
ROM,Romania,ROM,2018,3,2018.5,2018-Q3,2018q3,0.006686163367202,-1.183456969992776,-3.824258087068906,-5.007715057061682
ROM,Romania,ROM,2018,4,2018.75,2018-Q4,2018q4,0.0066837382753651,-1.1830985231136797,-3.8249793027892887,-5.008077825902968
ROM,Romania,ROM,2019,1,2019.0,2019-Q1,2019q1,0.0066968581146585,-1.184725551962758,-3.821391248718992,-5.00611680068175
ROM,Romania,ROM,2019,2,2019.25,2019-Q2,2019q2,0.0068377759914848,-1.1717258053290354,-3.8135669423342766,-4.985292747663312
ROM,Romania,ROM,2019,3,2019.5,2019-Q3,2019q3,0.0068853324814236,-1.166229434763017,-3.8121324225111266,-4.978361857274144
ROM,Romania,ROM,2019,4,2019.75,2019-Q4,2019q4,0.0069741671831417,-1.1502926132042992,-3.8152497454656107,-4.96554235866991
ROM,Romania,ROM,2020,1,2020.0,2020-Q1,2020q1,0.0068345884609541,-1.17155236216532,-3.8142066589943626,-4.985759021159683
ROM,Romania,ROM,2020,2,2020.25,2020-Q2,2020q2,0.0064754984256909,-1.1575413547454128,-3.8821883426730164,-5.039729697418429
ROM,Romania,ROM,2020,3,2020.5,2020-Q3,2020q3,0.0066503704409955,-1.185688426234052,-3.8273942942189545,-5.013082720453006
ROM,Romania,ROM,2020,4,2020.75,2020-Q4,2020q4,0.0069314192488644,-1.1534020226771857,-3.8182886662554183,-4.971690688932604
ROM,Romania,ROM,2021,1,2021.0,2021-Q1,2021q1,0.0077477116521687,-1.0610702868168866,-3.799287463088877,-4.860357749905764
ROM,Romania,ROM,2021,2,2021.25,2021-Q2,2021q2,0.0078100427199909,-1.0581017364506966,-3.7942431087856,-4.8523448452362965
ROM,Romania,ROM,2021,3,2021.5,2021-Q3,2021q3,0.007842673781167,-1.056254068298224,-3.7919213909475182,-4.848175459245742
ROM,Romania,ROM,2021,4,2021.75,2021-Q4,2021q4,0.0078085050864281,-1.0689170164228599,-3.7836247272174144,-4.852541743640274
ROM,Romania,ROM,2022,1,2022.0,2022-Q1,2022q1,0.0080047851563792,-1.0450282385637082,-3.7826875330083403,-4.8277157715720485
ROM,Romania,ROM,2022,2,2022.25,2022-Q2,2022q2,0.0080185079320103,-1.0439105655931615,-3.7820923522090077,-4.826002917802169
ROM,Romania,ROM,2022,3,2022.5,2022-Q3,2022q3,0.0081037736216801,-1.0332329609336401,-3.782192485638369,-4.815425446572009
ROM,Romania,ROM,2022,4,2022.75,2022-Q4,2022q4,0.0081791837085023,-1.0246814394950214,-3.7814814849885647,-4.806162924483586
ROM,Romania,ROM,2023,1,2023.0,2023-Q1,2023q1,0.0082232478822139,-1.0181249292588563,-3.7826650992036,-4.8007900284624565
ROM,Romania,ROM,2023,2,2023.25,2023-Q2,2023q2,0.0084019512511983,-0.9983919002496262,-3.780899408049487,-4.779291308299113
ROM,Romania,ROM,2023,3,2023.5,2023-Q3,2023q3,0.0084274188022919,-0.9955529412472934,-3.7807118045063346,-4.776264745753628
ROM,Romania,ROM,2023,4,2023.75,2023-Q4,2023q4,0.0084553606818429,-0.9941824478364909,-3.7787721907052205,-4.772954638541711
ROM,Romania,ROM,2024,1,2024.0,2024-Q1,2024q1,0.0080928051253779,-1.0410238505395095,-3.775756017623659,-4.816779868163168
ROM,Romania,ROM,2024,2,2024.25,2024-Q2,2024q2,0.0081112187667639,-1.0435207362287842,-3.770986406414534,-4.814507142643318
ROM,Romania,ROM,2024,3,2024.5,2024-Q3,2024q3,0.0084368346024548,-1.0099716508674654,-3.765176436957072,-4.775148087824538
ROM,Romania,ROM,2024,4,2024.75,2024-Q4,2024q4,0.0085103610375302,-1.004335228384658,-3.7621356838204347,-4.766470912205093
ROM,Romania,ROM,2025,1,2025.0,2025-Q1,2025q1,0.0084971079400298,-1.0101886360976073,-3.757840779633255,-4.7680294157308625
ROM,Romania,ROM,2025,2,2025.25,2025-Q2,2025q2,0.0085593328214233,-1.0078704762905226,-3.7528625569980663,-4.760733033288589
ROM,Romania,ROM,2025,3,2025.5,2025-Q3,2025q3,0.0085703501021481,-1.011220086458692,-3.7482266086888907,-4.759446695147583
ROM,Romania,ROM,2025,4,2025.75,2025-Q4,2025q4,0.0084244564549424,-1.0294646004778318,-3.747151720080949,-4.776616320558781
ROM,Romania,ROM,2026,1,2026.0,2026-Q1,2026q1,0.0083948350198127,-1.030600498039255,-3.7495381428027086,-4.7801386408419635
SEN,Senegal,SEN,2014,1,2014.0,2014-Q1,2014q1,0.0012228214714769,-2.807835825615501,-3.8987585832149927,-6.706594408830494
SEN,Senegal,SEN,2014,2,2014.25,2014-Q2,2014q2,0.0012815946129104,-2.7656671827503048,-3.893983002318197,-6.659650185068502
SEN,Senegal,SEN,2014,3,2014.5,2014-Q3,2014q3,0.0013241749688973,-2.735040937271512,-3.8919247411919593,-6.626965678463471
SEN,Senegal,SEN,2014,4,2014.75,2014-Q4,2014q4,0.0013455726811697,-2.7257502394420365,-3.8851853318508356,-6.610935571292872
SEN,Senegal,SEN,2015,1,2015.0,2015-Q1,2015q1,0.0014120711109675,-2.681060281855344,-3.8816374974488594,-6.562697779304203
SEN,Senegal,SEN,2015,2,2015.25,2015-Q2,2015q2,0.0014277963916388,-2.6745765814297555,-3.877046426686889,-6.551623008116644
SEN,Senegal,SEN,2015,3,2015.5,2015-Q3,2015q3,0.0014531682318581,-2.6610264280383777,-3.872982690636614,-6.534009118674992
SEN,Senegal,SEN,2015,4,2015.75,2015-Q4,2015q4,0.0014497160755592,-2.66249548878162,-3.8738920629004796,-6.5363875516820995
SEN,Senegal,SEN,2016,1,2016.0,2016-Q1,2016q1,0.0013483464908243,-2.7337331128304756,-3.875143146019994,-6.6088762588504695
SEN,Senegal,SEN,2016,2,2016.25,2016-Q2,2016q2,0.0014447532131187,-2.6720087663330547,-3.8678079924394737,-6.539816758772528
SEN,Senegal,SEN,2016,3,2016.5,2016-Q3,2016q3,0.0013439526574744,-2.7448422010421787,-3.867298061552871,-6.61214026259505
SEN,Senegal,SEN,2016,4,2016.75,2016-Q4,2016q4,0.0014881397748626,-2.651209911413569,-3.8590185008497677,-6.510228412263337
SEN,Senegal,SEN,2017,1,2017.0,2017-Q1,2017q1,0.0014912425021202,-2.6537943742488945,-3.8543512382319376,-6.508145612480832
SEN,Senegal,SEN,2017,2,2017.25,2017-Q2,2017q2,0.001788595823323,-2.47964154687958,-3.8466828763408323,-6.326324423220412
SEN,Senegal,SEN,2017,3,2017.5,2017-Q3,2017q3,0.0014167315698733,-2.71616448635245,-3.8432382853826903,-6.55940277173514
SEN,Senegal,SEN,2017,4,2017.75,2017-Q4,2017q4,0.001479263900182,-2.678426211367286,-3.837784468307589,-6.516210679674875
SEN,Senegal,SEN,2018,1,2018.0,2018-Q1,2018q1,0.0014262322770428,-2.719391077047518,-3.8333280060803943,-6.552719083127912
SEN,Senegal,SEN,2018,2,2018.25,2018-Q2,2018q2,0.0014204740432797,-2.73107253789543,-3.8256920918879103,-6.55676462978334
SEN,Senegal,SEN,2018,3,2018.5,2018-Q3,2018q3,0.0014955190570931,-2.6810238499489505,-3.824258087068906,-6.505281937017856
SEN,Senegal,SEN,2018,4,2018.75,2018-Q4,2018q4,0.0014541203177736,-2.708374851004659,-3.8249793027892887,-6.5333541537939475
SEN,Senegal,SEN,2019,1,2019.0,2019-Q1,2019q1,0.0013781392032216,-2.7656298444706358,-3.821391248718992,-6.587021093189628
SEN,Senegal,SEN,2019,2,2019.25,2019-Q2,2019q2,0.0013454076532569,-2.797491281592578,-3.8135669423342766,-6.611058223926855
SEN,Senegal,SEN,2019,3,2019.5,2019-Q3,2019q3,0.0013336207535515,-2.807725242086436,-3.8121324225111266,-6.619857664597562
SEN,Senegal,SEN,2019,4,2019.75,2019-Q4,2019q4,0.0013491884820904,-2.7930022461913664,-3.8152497454656107,-6.608251991656977
SEN,Senegal,SEN,2020,1,2020.0,2020-Q1,2020q1,0.0013839308452019,-2.7686207313803735,-3.8142066589943626,-6.582827390374736
SEN,Senegal,SEN,2020,2,2020.25,2020-Q2,2020q2,0.001363757157047,-2.715323430093954,-3.8821883426730164,-6.59751177276697
SEN,Senegal,SEN,2020,3,2020.5,2020-Q3,2020q3,0.0013661424525701,-2.7683699445934846,-3.8273942942189545,-6.595764238812439
SEN,Senegal,SEN,2020,4,2020.75,2020-Q4,2020q4,0.0013913219728982,-2.759212257915799,-3.8182886662554183,-6.5775009241712175
SEN,Senegal,SEN,2021,1,2021.0,2021-Q1,2021q1,0.0014278841956517,-2.752274050746286,-3.799287463088877,-6.551561513835163
SEN,Senegal,SEN,2021,2,2021.25,2021-Q2,2021q2,0.0014937390405659,-2.7122297703854166,-3.7942431087856,-6.5064728791710165
SEN,Senegal,SEN,2021,3,2021.5,2021-Q3,2021q3,0.0014739057821871,-2.727918016129225,-3.7919213909475182,-6.519839407076743
SEN,Senegal,SEN,2021,4,2021.75,2021-Q4,2021q4,0.0014982581930619,-2.7198273230024257,-3.7836247272174144,-6.50345205021984
SEN,Senegal,SEN,2022,1,2022.0,2022-Q1,2022q1,0.0015713507102678,-2.673132171469683,-3.7826875330083403,-6.4558197044780234
SEN,Senegal,SEN,2022,2,2022.25,2022-Q2,2022q2,0.0015027811418025,-2.7183454408416012,-3.7820923522090077,-6.500437793050609
SEN,Senegal,SEN,2022,3,2022.5,2022-Q3,2022q3,0.0015534857957049,-2.6850614869495386,-3.782192485638369,-6.4672539725879075
SEN,Senegal,SEN,2022,4,2022.75,2022-Q4,2022q4,0.0015282835542915,-2.7021285482853297,-3.7814814849885647,-6.483610033273894
SEN,Senegal,SEN,2023,1,2023.0,2023-Q1,2023q1,0.0014599083504975,-2.7467165196604877,-3.7826650992036,-6.529381618864088
SEN,Senegal,SEN,2023,2,2023.25,2023-Q2,2023q2,0.0014385080182012,-2.76324939293719,-3.780899408049487,-6.544148800986677
SEN,Senegal,SEN,2023,3,2023.5,2023-Q3,2023q3,0.0014080139109622,-2.7848633368440137,-3.7807118045063346,-6.565575141350348
SEN,Senegal,SEN,2023,4,2023.75,2023-Q4,2023q4,0.0014853636673117,-2.7333234521912564,-3.7787721907052205,-6.512095642896477
SEN,Senegal,SEN,2024,1,2024.0,2024-Q1,2024q1,0.001495035205871,-2.7298495057155114,-3.775756017623659,-6.50560552333917
SEN,Senegal,SEN,2024,2,2024.25,2024-Q2,2024q2,0.0015808806073071,-2.6787868343916457,-3.770986406414534,-6.44977324080618
SEN,Senegal,SEN,2024,3,2024.5,2024-Q3,2024q3,0.0019436909599669,-2.4779901198345224,-3.765176436957072,-6.243166556791595
SEN,Senegal,SEN,2024,4,2024.75,2024-Q4,2024q4,0.0016920959767264,-2.619651611752837,-3.7621356838204347,-6.381787295573272
SEN,Senegal,SEN,2025,1,2025.0,2025-Q1,2025q1,0.0016631719064654,-2.6411879331844443,-3.757840779633255,-6.3990287128176995
SGP,Singapore,SGP,1995,1,1995.0,1995-Q1,1995q1,0.0181918848287163,0.2472948957174248,-4.254074568586735,-4.00677967286931
SGP,Singapore,SGP,1995,2,1995.25,1995-Q2,1995q2,0.0185645430183636,0.26393839974886424,-4.2504402066290705,-3.9865018068802063
SGP,Singapore,SGP,1995,3,1995.5,1995-Q3,1995q3,0.0191228346439734,0.2904789194683959,-4.24735104637809,-3.956872126909694
SGP,Singapore,SGP,1995,4,1995.75,1995-Q4,1995q4,0.0191424584186756,0.2885730287361583,-4.244419485914777,-3.9558464571786183
SGP,Singapore,SGP,1996,1,1996.0,1996-Q1,1996q1,0.0191721276089472,0.28677715353855726,-4.241074895239452,-3.9542977417008944
SGP,Singapore,SGP,1996,2,1996.25,1996-Q2,1996q2,0.0189802702031225,0.2728011348731636,-4.237156384572403,-3.9643552496992394
SGP,Singapore,SGP,1996,3,1996.5,1996-Q3,1996q3,0.0188152716302725,0.2636112974654279,-4.236697715606429,-3.973086418141001
SGP,Singapore,SGP,1996,4,1996.75,1996-Q4,1996q4,0.0191623059372444,0.2752891593312281,-4.230099321381617,-3.9548101620503893
SGP,Singapore,SGP,1997,1,1997.0,1997-Q1,1997q1,0.0197747082252729,0.3040802710669297,-4.227431791231235,-3.9233515201643057
SGP,Singapore,SGP,1997,2,1997.25,1997-Q2,1997q2,0.0202554117130192,0.3150238003292749,-4.214357076375103,-3.8993332760458284
SGP,Singapore,SGP,1997,3,1997.5,1997-Q3,1997q3,0.0204098172849148,0.3179196275834726,-4.2096588820174015,-3.891739254433929
SGP,Singapore,SGP,1997,4,1997.75,1997-Q4,1997q4,0.020082513912926,0.2982862964977815,-4.206192093625781,-3.907905797127999
SGP,Singapore,SGP,1998,1,1998.0,1998-Q1,1998q1,0.0201236796728117,0.304652419389996,-4.21051048353961,-3.9058580641496143
SGP,Singapore,SGP,1998,2,1998.25,1998-Q2,1998q2,0.0198109091580752,0.2896933117199838,-4.211215837148984,-3.9215225254290003
SGP,Singapore,SGP,1998,3,1998.5,1998-Q3,1998q3,0.019491748824783,0.27070803201124605,-4.2084720721621,-3.937764040150854
SGP,Singapore,SGP,1998,4,1998.75,1998-Q4,1998q4,0.0196886655864405,0.27858325948483653,-4.206295419243004,-3.9277121597581672
SGP,Singapore,SGP,1999,1,1999.0,1999-Q1,1999q1,0.0201792300134042,0.30485784700074126,-4.207959267711823,-3.903101420711082
SGP,Singapore,SGP,1999,2,1999.25,1999-Q2,1999q2,0.0205261914612643,0.3186137480434703,-4.2046673241020285,-3.886053576058558
SGP,Singapore,SGP,1999,3,1999.5,1999-Q3,1999q3,0.0207594853030362,0.3233591445661399,-4.198111158282587,-3.874752013716447
SGP,Singapore,SGP,1999,4,1999.75,1999-Q4,1999q4,0.0207796921077702,0.31462317337102164,-4.188402283549777,-3.8737791101787558
SGP,Singapore,SGP,2000,1,2000.0,2000-Q1,2000q1,0.0224851779643508,0.3894232502403949,-4.184322194227946,-3.7948989439875507
SGP,Singapore,SGP,2000,2,2000.25,2000-Q2,2000q2,0.0227414393972199,0.39773165299649405,-4.181298147628699,-3.7835664946322045
SGP,Singapore,SGP,2000,3,2000.5,2000-Q3,2000q3,0.0233126096493836,0.41973834776639984,-4.17849922589675,-3.75876087813035
SGP,Singapore,SGP,2000,4,2000.75,2000-Q4,2000q4,0.0232940664073194,0.41363446686494365,-4.173191078337019,-3.759556611472075
SGP,Singapore,SGP,2001,1,2001.0,2001-Q1,2001q1,0.0221428174254044,0.36319444782773447,-4.173436552638961,-3.8102421048112265
SGP,Singapore,SGP,2001,2,2001.25,2001-Q2,2001q2,0.021416467937067,0.3302202077797327,-4.1738153309007995,-3.8435951231210668
SGP,Singapore,SGP,2001,3,2001.5,2001-Q3,2001q3,0.0208017817249271,0.3018309877600567,-4.174547623851253,-3.872716636091196
SGP,Singapore,SGP,2001,4,2001.75,2001-Q4,2001q4,0.0207929879443193,0.2975915085042051,-4.17073097567771,-3.873139467173505
SGP,Singapore,SGP,2002,1,2002.0,2002-Q1,2002q1,0.0219870515865891,0.3436969852578198,-4.160998548399518,-3.817301563141698
SGP,Singapore,SGP,2002,2,2002.25,2002-Q2,2002q2,0.0224654581334031,0.3574218625699812,-4.153198206030584,-3.795776343460603
SGP,Singapore,SGP,2002,3,2002.5,2002-Q3,2002q3,0.0223294981830907,0.3481740866209724,-4.150020772771553,-3.8018466861505806
SGP,Singapore,SGP,2002,4,2002.75,2002-Q4,2002q4,0.0221500028171805,0.3355465753460507,-4.145464230650573,-3.809917655304522
SGP,Singapore,SGP,2003,1,2003.0,2003-Q1,2003q1,0.0224358598036008,0.3443310534880335,-4.141425769568831,-3.7970947160807973
SGP,Singapore,SGP,2003,2,2003.25,2003-Q2,2003q2,0.0219844585836055,0.31916841521611383,-4.136587918495714,-3.8174195032796
SGP,Singapore,SGP,2003,3,2003.5,2003-Q3,2003q3,0.0230812183030404,0.35976193964560155,-4.128497992287372,-3.76873605264177
SGP,Singapore,SGP,2003,4,2003.75,2003-Q4,2003q4,0.0235919827551807,0.37257534864233355,-4.119423687072228,-3.7468483384298943
SGP,Singapore,SGP,2004,1,2004.0,2004-Q1,2004q1,0.024359033255691,0.39623343360125807,-4.111085956256169,-3.7148525226549105
SGP,Singapore,SGP,2004,2,2004.25,2004-Q2,2004q2,0.0245775194842196,0.39677932774092994,-4.102702423697901,-3.7059230959569707
SGP,Singapore,SGP,2004,3,2004.5,2004-Q3,2004q3,0.0245993922795297,0.39077346943455904,-4.095807009867689,-3.7050335404331296
SGP,Singapore,SGP,2004,4,2004.75,2004-Q4,2004q4,0.0250134916848607,0.39581530611017257,-4.084155238397759,-3.6883399322875867
SGP,Singapore,SGP,2005,1,2005.0,2005-Q1,2005q1,0.0254349425571404,0.40629852832040525,-4.077929887448277,-3.6716313591278715
SGP,Singapore,SGP,2005,2,2005.25,2005-Q2,2005q2,0.0259139983019615,0.4125085562023014,-4.065480537503734,-3.6529719813014325
SGP,Singapore,SGP,2005,3,2005.5,2005-Q3,2005q3,0.0263839103007773,0.424076917251476,-4.059077830180438,-3.6350009129289624
SGP,Singapore,SGP,2005,4,2005.75,2005-Q4,2005q4,0.0270770727810589,0.4403980274320447,-4.04946595944698,-3.6090679320149355
SGP,Singapore,SGP,2006,1,2006.0,2006-Q1,2006q1,0.0257081563804873,0.38030212430266586,-4.041249092843926,-3.66094696854126
SGP,Singapore,SGP,2006,2,2006.25,2006-Q2,2006q2,0.0258454615637513,0.37837438327275574,-4.0339946448477555,-3.6556202615749998
SGP,Singapore,SGP,2006,3,2006.5,2006-Q3,2006q3,0.0261919975653583,0.384607243401327,-4.026908594708328,-3.6423013513070006
SGP,Singapore,SGP,2006,4,2006.75,2006-Q4,2006q4,0.0270535830340906,0.40716890849608856,-4.017104731287111,-3.609935822791022
SGP,Singapore,SGP,2007,1,2007.0,2007-Q1,2007q1,0.027806124807914,0.4270379807983291,-4.009536946518625,-3.582498965720296
SGP,Singapore,SGP,2007,2,2007.25,2007-Q2,2007q2,0.0282959175558062,0.43632646299844335,-4.0013642037158625,-3.565037740717419
SGP,Singapore,SGP,2007,3,2007.5,2007-Q3,2007q3,0.028891602165009,0.44831422283495703,-3.9925185314516303,-3.5442043086166732
SGP,Singapore,SGP,2007,4,2007.75,2007-Q4,2007q4,0.0288623783658545,0.4383805592905472,-3.983596877863246,-3.545216318572699
SGP,Singapore,SGP,2008,1,2008.0,2008-Q1,2008q1,0.0292777341904184,0.45097232234059925,-3.9819002994309596,-3.5309279770903603
SGP,Singapore,SGP,2008,2,2008.25,2008-Q2,2008q2,0.0283919223091142,0.41694179465980374,-3.978592394666867,-3.5616506000070633
SGP,Singapore,SGP,2008,3,2008.5,2008-Q3,2008q3,0.0280644702621222,0.4083292176158051,-3.981580123773969,-3.573250906158164
SGP,Singapore,SGP,2008,4,2008.75,2008-Q4,2008q4,0.0272818619981446,0.3937842972798311,-3.995317490552026,-3.601533193272195
SGP,Singapore,SGP,2009,1,2009.0,2009-Q1,2009q1,0.0267213459147896,0.388458031821473,-4.010750592341259,-3.6222925605197864
SGP,Singapore,SGP,2009,2,2009.25,2009-Q2,2009q2,0.0277106880073425,0.41806534557206243,-4.004002437140827,-3.585937091568765
SGP,Singapore,SGP,2009,3,2009.5,2009-Q3,2009q3,0.0286400548443118,0.4392827459683719,-3.992231767904877,-3.552949021936505
SGP,Singapore,SGP,2009,4,2009.75,2009-Q4,2009q4,0.0289252294988564,0.44242755809073575,-3.985468629751267,-3.5430410716605314
SGP,Singapore,SGP,2010,1,2010.0,2010-Q1,2010q1,0.0295705586891776,0.45993426176947105,-3.9809103132822243,-3.5209760515127533
SGP,Singapore,SGP,2010,2,2010.25,2010-Q2,2010q2,0.0311954857104695,0.4991238747874607,-3.9666057581895937,-3.467481883402133
SGP,Singapore,SGP,2010,3,2010.5,2010-Q3,2010q3,0.0301862380438771,0.46036766773628734,-3.9607368201089788,-3.5003691523726914
SGP,Singapore,SGP,2010,4,2010.75,2010-Q4,2010q4,0.0312158209780036,0.48491898552431056,-3.9517492155856404,-3.46683023006133
SGP,Singapore,SGP,2011,1,2011.0,2011-Q1,2011q1,0.031662082904353,0.4973074868269203,-3.949942923742827,-3.452635436915907
SGP,Singapore,SGP,2011,2,2011.25,2011-Q2,2011q2,0.0314388464433566,0.4835021360492875,-3.9432131388764726,-3.459711002827185
SGP,Singapore,SGP,2011,3,2011.5,2011-Q3,2011q3,0.0321108603470598,0.49933488182517527,-3.9378958593227056,-3.4385609774975303
SGP,Singapore,SGP,2011,4,2011.75,2011-Q4,2011q4,0.0321750216091854,0.5012302505176836,-3.937795104403702,-3.4365648538860185
SGP,Singapore,SGP,2012,1,2012.0,2012-Q1,2012q1,0.0325213893204525,0.5108892819574615,-3.936746555141414,-3.4258572731839525
SGP,Singapore,SGP,2012,2,2012.25,2012-Q2,2012q2,0.0326642624775463,0.5135563542463011,-3.935030043560548,-3.421473689314247
SGP,Singapore,SGP,2012,3,2012.5,2012-Q3,2012q3,0.0322095846976824,0.49565134792986765,-3.931142557235305,-3.4354912093054373
SGP,Singapore,SGP,2012,4,2012.75,2012-Q4,2012q4,0.032914978153856,0.512395576068243,-3.9262230378446903,-3.4138274617764472
SGP,Singapore,SGP,2013,1,2013.0,2013-Q1,2013q1,0.0333888947711104,0.5201640849028006,-3.9196960110728867,-3.399531926170086
SGP,Singapore,SGP,2013,2,2013.25,2013-Q2,2013q2,0.0339181903893203,0.5271088760211966,-3.910912694874213,-3.3838038188530164
SGP,Singapore,SGP,2013,3,2013.5,2013-Q3,2013q3,0.0340111256825381,0.5244519176278812,-3.905519499563591,-3.3810675819357097
SGP,Singapore,SGP,2013,4,2013.75,2013-Q4,2013q4,0.0341941635911385,0.5271450231036581,-3.9028453278103648,-3.3757003047067067
SGP,Singapore,SGP,2014,1,2014.0,2014-Q1,2014q1,0.0340818295420704,0.5197676884992473,-3.8987585832149927,-3.3789908947157454
SGP,Singapore,SGP,2014,2,2014.25,2014-Q2,2014q2,0.0342886702749712,0.5210427102596484,-3.893983002318197,-3.3729402920585487
SGP,Singapore,SGP,2014,3,2014.5,2014-Q3,2014q3,0.0344640851741987,0.5240872345769483,-3.8919247411919593,-3.367837506615011
SGP,Singapore,SGP,2014,4,2014.75,2014-Q4,2014q4,0.0348551569852417,0.5286311557487671,-3.8851853318508356,-3.3565541761020685
SGP,Singapore,SGP,2015,1,2015.0,2015-Q1,2015q1,0.034400644295049,0.5119575121779185,-3.8816374974488594,-3.369679985270941
SGP,Singapore,SGP,2015,2,2015.25,2015-Q2,2015q2,0.0346769774303013,0.5153671398297837,-3.877046426686889,-3.3616792868571053
SGP,Singapore,SGP,2015,3,2015.5,2015-Q3,2015q3,0.0349708584856686,0.5197425116325696,-3.872982690636614,-3.3532401790040445
SGP,Singapore,SGP,2015,4,2015.75,2015-Q4,2015q4,0.0348367006482344,0.5168082313102236,-3.8738920629004796,-3.357083831590256
SGP,Singapore,SGP,2016,1,2016.0,2016-Q1,2016q1,0.0353294953817248,0.5321060453101571,-3.875143146019994,-3.3430371007098367
SGP,Singapore,SGP,2016,2,2016.25,2016-Q2,2016q2,0.0356279670431445,0.5331836339997129,-3.8678079924394737,-3.334624358439761
SGP,Singapore,SGP,2016,3,2016.5,2016-Q3,2016q3,0.0358529345773483,0.5389682033749921,-3.867298061552871,-3.328329858177879
SGP,Singapore,SGP,2016,4,2016.75,2016-Q4,2016q4,0.0363629266391762,0.5448129785641203,-3.8590185008497677,-3.3142055222856475
SGP,Singapore,SGP,2017,1,2017.0,2017-Q1,2017q1,0.0367428432345926,0.5505394240281296,-3.8543512382319376,-3.303811814203808
SGP,Singapore,SGP,2017,2,2017.25,2017-Q2,2017q2,0.0367416710626021,0.5428391595790005,-3.8466828763408323,-3.3038437167618318
SGP,Singapore,SGP,2017,3,2017.5,2017-Q3,2017q3,0.0374874741532773,0.5594898609996792,-3.8432382853826903,-3.283748424383011
SGP,Singapore,SGP,2017,4,2017.75,2017-Q4,2017q4,0.0377270682699741,0.5604070173930107,-3.837784468307589,-3.277377450914578
SGP,Singapore,SGP,2018,1,2018.0,2018-Q1,2018q1,0.0378084774893638,0.5581060767839392,-3.8333280060803943,-3.275221929296455
SGP,Singapore,SGP,2018,2,2018.25,2018-Q2,2018q2,0.0379343714063597,0.553794411276717,-3.8256920918879103,-3.2718976806111932
SGP,Singapore,SGP,2018,3,2018.5,2018-Q3,2018q3,0.0380804903743877,0.556204895405688,-3.824258087068906,-3.268053191663218
SGP,Singapore,SGP,2018,4,2018.75,2018-Q4,2018q4,0.0376729718147582,0.5461669331548498,-3.8249793027892887,-3.278812369634439
SGP,Singapore,SGP,2019,1,2019.0,2019-Q1,2019q1,0.0377675715529656,0.5450868087353253,-3.821391248718992,-3.2763044399836665
SGP,Singapore,SGP,2019,2,2019.25,2019-Q2,2019q2,0.0378953734671117,0.5406406958812435,-3.8135669423342766,-3.272926246453033
SGP,Singapore,SGP,2019,3,2019.5,2019-Q3,2019q3,0.037920377328365,0.5398657715088402,-3.8121324225111266,-3.2722666510022864
SGP,Singapore,SGP,2019,4,2019.75,2019-Q4,2019q4,0.0378602607078053,0.5413964983425075,-3.8152497454656107,-3.273853247123103
SGP,Singapore,SGP,2020,1,2020.0,2020-Q1,2020q1,0.0392095790664614,0.5753724608969795,-3.8142066589943626,-3.238834198097383
SGP,Singapore,SGP,2020,2,2020.25,2020-Q2,2020q2,0.0343635306280133,0.5114289095447866,-3.8821883426730164,-3.37075943312823
SGP,Singapore,SGP,2020,3,2020.5,2020-Q3,2020q3,0.0356992053124517,0.4947674436192355,-3.8273942942189545,-3.332626850599719
SGP,Singapore,SGP,2020,4,2020.75,2020-Q4,2020q4,0.0371500170196166,0.5254976165692891,-3.8182886662554183,-3.2927910496861292
SGP,Singapore,SGP,2021,1,2021.0,2021-Q1,2021q1,0.03953633548173,0.5687523187917503,-3.799287463088877,-3.230535144297127
SGP,Singapore,SGP,2021,2,2021.25,2021-Q2,2021q2,0.0388406795792779,0.5459559699653282,-3.7942431087856,-3.2482871388202716
SGP,Singapore,SGP,2021,3,2021.5,2021-Q3,2021q3,0.0383942883122791,0.5320748186281619,-3.7919213909475182,-3.2598465723193564
SGP,Singapore,SGP,2021,4,2021.75,2021-Q4,2021q4,0.0390708305512249,0.5412456151061233,-3.7836247272174144,-3.242379112111291
SGP,Singapore,SGP,2022,1,2022.0,2022-Q1,2022q1,0.0394487784714485,0.5499353368703406,-3.7826875330083403,-3.2327521961379997
SGP,Singapore,SGP,2022,2,2022.25,2022-Q2,2022q2,0.039710111328458,0.555942921903195,-3.7820923522090077,-3.2261494303058127
SGP,Singapore,SGP,2022,3,2022.5,2022-Q3,2022q3,0.0397292628857684,0.5565252232214868,-3.782192485638369,-3.225667262416882
SGP,Singapore,SGP,2022,4,2022.75,2022-Q4,2022q4,0.0397910238940072,0.5573675625597101,-3.7814814849885647,-3.2241139224288546
SGP,Singapore,SGP,2023,1,2023.0,2023-Q1,2023q1,0.0396532659293621,0.5550831338726576,-3.7826650992036,-3.2275819653309425
SGP,Singapore,SGP,2023,2,2023.25,2023-Q2,2023q2,0.0399454591077795,0.5606591304333528,-3.780899408049487,-3.220240277616134
SGP,Singapore,SGP,2023,3,2023.5,2023-Q3,2023q3,0.040186908582634,0.5664978109629608,-3.7807118045063346,-3.214213993543374
SGP,Singapore,SGP,2023,4,2023.75,2023-Q4,2023q4,0.0407262693279775,0.5778902339999346,-3.7787721907052205,-3.200881956705286
SGP,Singapore,SGP,2024,1,2024.0,2024-Q1,2024q1,0.0413229593436175,0.5894190004546314,-3.775756017623659,-3.1863370171690275
SGP,Singapore,SGP,2024,2,2024.25,2024-Q2,2024q2,0.0416539831558462,0.5926281254665162,-3.770986406414534,-3.178358280948018
SGP,Singapore,SGP,2024,3,2024.5,2024-Q3,2024q3,0.0428598691496227,0.615357095043767,-3.765176436957072,-3.149819341913305
SGP,Singapore,SGP,2024,4,2024.75,2024-Q4,2024q4,0.0428019241514651,0.6109634632254539,-3.7621356838204347,-3.151172220594981
SGP,Singapore,SGP,2025,1,2025.0,2025-Q1,2025q1,0.0430800289162094,0.6131450241602829,-3.757840779633255,-3.144695755472972
SGP,Singapore,SGP,2025,2,2025.25,2025-Q2,2025q2,0.0437110342365587,0.6227078479372103,-3.7528625569980663,-3.130154709060856
SGP,Singapore,SGP,2025,3,2025.5,2025-Q3,2025q3,0.0452585262319662,0.6528624071187528,-3.7482266086888907,-3.095364201570138
SGP,Singapore,SGP,2025,4,2025.75,2025-Q4,2025q4,0.0449872511677939,0.6457755833476564,-3.747151720080949,-3.101376136733293
SLV,El Salvador,SLV,1996,1,1996.0,1996-Q1,1996q1,0.0020147331638013,-1.9661936220254983,-4.241074895239452,-6.20726851726495
SLV,El Salvador,SLV,1996,2,1996.25,1996-Q2,1996q2,0.0019786467082239,-1.9881857640777039,-4.237156384572403,-6.225342148650107
SLV,El Salvador,SLV,1996,3,1996.5,1996-Q3,1996q3,0.0020117251145462,-1.9720649434609525,-4.236697715606429,-6.208762659067381
SLV,El Salvador,SLV,1996,4,1996.75,1996-Q4,1996q4,0.0020137008102516,-1.9776817293288094,-4.230099321381617,-6.207781050710427
SLV,El Salvador,SLV,1997,1,1997.0,1997-Q1,1997q1,0.0020448858856109,-1.964981501470369,-4.227431791231235,-6.1924132927016045
SLV,El Salvador,SLV,1997,2,1997.25,1997-Q2,1997q2,0.0020434810866248,-1.9787434340106893,-4.214357076375103,-6.193100510385793
SLV,El Salvador,SLV,1997,3,1997.5,1997-Q3,1997q3,0.0020169382924366,-1.9965157321956113,-4.2096588820174015,-6.206174614213013
SLV,El Salvador,SLV,1997,4,1997.75,1997-Q4,1997q4,0.0020225310045914,-1.9972134856882917,-4.206192093625781,-6.203405579314072
SLV,El Salvador,SLV,1998,1,1998.0,1998-Q1,1998q1,0.0019507466944671,-2.029032575922577,-4.21051048353961,-6.2395430594621875
SLV,El Salvador,SLV,1998,2,1998.25,1998-Q2,1998q2,0.0019744255808048,-2.016261930945851,-4.211215837148984,-6.227477768094835
SLV,El Salvador,SLV,1998,3,1998.5,1998-Q3,1998q3,0.0019525014776486,-2.0301718472903607,-4.2084720721621,-6.2386439194524606
SLV,El Salvador,SLV,1998,4,1998.75,1998-Q4,1998q4,0.0019513307111319,-2.032948303938298,-4.206295419243004,-6.239243723181302
SLV,El Salvador,SLV,1999,1,1999.0,1999-Q1,1999q1,0.0019535006077674,-2.0301730646401994,-4.207959267711823,-6.238132332352023
SLV,El Salvador,SLV,1999,2,1999.25,1999-Q2,1999q2,0.0019365202385537,-2.0421952838627995,-4.2046673241020285,-6.246862607964828
SLV,El Salvador,SLV,1999,3,1999.5,1999-Q3,1999q3,0.0019232064870687,-2.0556502822866394,-4.198111158282587,-6.253761440569226
SLV,El Salvador,SLV,1999,4,1999.75,1999-Q4,1999q4,0.0019310282975197,-2.0613003377589694,-4.188402283549777,-6.249702621308747
SLV,El Salvador,SLV,2000,1,2000.0,2000-Q1,2000q1,0.001921713197765,-2.070216006066417,-4.184322194227946,-6.254538200294363
SLV,El Salvador,SLV,2000,2,2000.25,2000-Q2,2000q2,0.0018907055287323,-2.089507076313809,-4.181298147628699,-6.270805223942507
SLV,El Salvador,SLV,2000,3,2000.5,2000-Q3,2000q3,0.0019324311405793,-2.070477184541285,-4.17849922589675,-6.2489764104380345
SLV,El Salvador,SLV,2000,4,2000.75,2000-Q4,2000q4,0.0019270558177308,-2.078570845503287,-4.173191078337019,-6.251761923840306
SLV,El Salvador,SLV,2001,1,2001.0,2001-Q1,2001q1,0.0019359541463003,-2.0737184225315213,-4.173436552638961,-6.247154975170482
SLV,El Salvador,SLV,2001,2,2001.25,2001-Q2,2001q2,0.0019074941007426,-2.0881495565740744,-4.1738153309007995,-6.261964887474874
SLV,El Salvador,SLV,2001,3,2001.5,2001-Q3,2001q3,0.0018729287523795,-2.105704271698639,-4.174547623851253,-6.280251895549892
SLV,El Salvador,SLV,2001,4,2001.75,2001-Q4,2001q4,0.0018670631429324,-2.112657618785195,-4.17073097567771,-6.283388594462905
SLV,El Salvador,SLV,2002,1,2002.0,2002-Q1,2002q1,0.0018740661364495,-2.1186462557938714,-4.160998548399518,-6.279644804193389
SLV,El Salvador,SLV,2002,2,2002.25,2002-Q2,2002q2,0.0018965170598328,-2.114537995415297,-4.153198206030584,-6.2677362014458815
SLV,El Salvador,SLV,2002,3,2002.5,2002-Q3,2002q3,0.0018923890483717,-2.119894428616023,-4.150020772771553,-6.269915201387576
SLV,El Salvador,SLV,2002,4,2002.75,2002-Q4,2002q4,0.0018806941155968,-2.1306501292072735,-4.145464230650573,-6.276114359857846
SLV,El Salvador,SLV,2003,1,2003.0,2003-Q1,2003q1,0.0018359026965457,-2.158793216143555,-4.141425769568831,-6.300218985712386
SLV,El Salvador,SLV,2003,2,2003.25,2003-Q2,2003q2,0.0018247112770278,-2.1697455903359284,-4.136587918495714,-6.306333508831642
SLV,El Salvador,SLV,2003,3,2003.5,2003-Q3,2003q3,0.0018395904600261,-2.1697143159203733,-4.128497992287372,-6.298212308207745
SLV,El Salvador,SLV,2003,4,2003.75,2003-Q4,2003q4,0.0018345417151629,-2.1815368881004593,-4.119423687072228,-6.300960575172687
SLV,El Salvador,SLV,2004,1,2004.0,2004-Q1,2004q1,0.0018121787382024,-2.2021394785778705,-4.111085956256169,-6.313225434834039
SLV,El Salvador,SLV,2004,2,2004.25,2004-Q2,2004q2,0.0018208365533637,-2.205756815094471,-4.102702423697901,-6.308459238792372
SLV,El Salvador,SLV,2004,3,2004.5,2004-Q3,2004q3,0.0018464766968178,-2.198668934074342,-4.095807009867689,-6.294475943942031
SLV,El Salvador,SLV,2004,4,2004.75,2004-Q4,2004q4,0.001843518872596,-2.211923864572328,-4.084155238397759,-6.296079102970087
SLV,El Salvador,SLV,2005,1,2005.0,2005-Q1,2005q1,0.0019440374745851,-2.165058408631464,-4.077929887448277,-6.242988296079741
SLV,El Salvador,SLV,2005,2,2005.25,2005-Q2,2005q2,0.0019802211447045,-2.1590662137640413,-4.065480537503734,-6.224546751267775
SLV,El Salvador,SLV,2005,3,2005.5,2005-Q3,2005q3,0.0019781029023501,-2.1665391935215395,-4.059077830180438,-6.225617023701978
SLV,El Salvador,SLV,2005,4,2005.75,2005-Q4,2005q4,0.0019930086888745,-2.168643918617816,-4.04946595944698,-6.218109878064796
SLV,El Salvador,SLV,2006,1,2006.0,2006-Q1,2006q1,0.002166766441674,-2.0932702489616135,-4.041249092843926,-6.1345193418055395
SLV,El Salvador,SLV,2006,2,2006.25,2006-Q2,2006q2,0.0021133406662553,-2.125490684522484,-4.0339946448477555,-6.15948532937024
SLV,El Salvador,SLV,2006,3,2006.5,2006-Q3,2006q3,0.0021603091595749,-2.1105953433869518,-4.026908594708328,-6.137503938095279
SLV,El Salvador,SLV,2006,4,2006.75,2006-Q4,2006q4,0.0022102488904584,-2.097545418389611,-4.017104731287111,-6.114650149676722
SLV,El Salvador,SLV,2007,1,2007.0,2007-Q1,2007q1,0.0020853653694139,-2.1632742554360105,-4.009536946518625,-6.1728112019546355
SLV,El Salvador,SLV,2007,2,2007.25,2007-Q2,2007q2,0.0020893946542966,-2.169516690335594,-4.0013642037158625,-6.170880894051456
SLV,El Salvador,SLV,2007,3,2007.5,2007-Q3,2007q3,0.0021532560252599,-2.1482556206306733,-3.9925185314516303,-6.140774152082304
SLV,El Salvador,SLV,2007,4,2007.75,2007-Q4,2007q4,0.0021919086500619,-2.1393857071433513,-3.983596877863246,-6.122982585006597
SLV,El Salvador,SLV,2008,1,2008.0,2008-Q1,2008q1,0.0021834049826276,-2.1449694026399184,-3.9819002994309596,-6.126869702070878
SLV,El Salvador,SLV,2008,2,2008.25,2008-Q2,2008q2,0.0021773232813106,-2.151066614552719,-3.978592394666867,-6.129659009219586
SLV,El Salvador,SLV,2008,3,2008.5,2008-Q3,2008q3,0.0021660411699183,-2.153273999460837,-3.981580123773969,-6.134854123234806
SLV,El Salvador,SLV,2008,4,2008.75,2008-Q4,2008q4,0.0021378222174451,-2.1526501329586636,-3.995317490552026,-6.14796762351069
SLV,El Salvador,SLV,2009,1,2009.0,2009-Q1,2009q1,0.0021280865063842,-2.1417814644913946,-4.010750592341259,-6.152532056832654
SLV,El Salvador,SLV,2009,2,2009.25,2009-Q2,2009q2,0.0021132177804878,-2.1555410415577994,-4.004002437140827,-6.159543478698627
SLV,El Salvador,SLV,2009,3,2009.5,2009-Q3,2009q3,0.0021012135193768,-2.1730084668784544,-3.992231767904877,-6.165240234783331
SLV,El Salvador,SLV,2009,4,2009.75,2009-Q4,2009q4,0.0020977654477036,-2.181413943550673,-3.985468629751267,-6.16688257330194
SLV,El Salvador,SLV,2010,1,2010.0,2010-Q1,2010q1,0.0021467497454567,-2.1628900137009315,-3.9809103132822243,-6.143800326983156
SLV,El Salvador,SLV,2010,2,2010.25,2010-Q2,2010q2,0.0021061346484502,-2.1962951734881826,-3.9666057581895937,-6.162900931677776
SLV,El Salvador,SLV,2010,3,2010.5,2010-Q3,2010q3,0.0021052202270621,-2.202598376279088,-3.9607368201089788,-6.163335196388067
SLV,El Salvador,SLV,2010,4,2010.75,2010-Q4,2010q4,0.0021366221021048,-2.196779938398775,-3.9517492155856404,-6.148529153984415
SLV,El Salvador,SLV,2011,1,2011.0,2011-Q1,2011q1,0.0021530139732582,-2.1909436467442847,-3.949942923742827,-6.140886570487112
SLV,El Salvador,SLV,2011,2,2011.25,2011-Q2,2011q2,0.0021440437063975,-2.201848511658294,-3.9432131388764726,-6.145061650534767
SLV,El Salvador,SLV,2011,3,2011.5,2011-Q3,2011q3,0.0021361255385991,-2.210865727536146,-3.9378958593227056,-6.148761586858852
SLV,El Salvador,SLV,2011,4,2011.75,2011-Q4,2011q4,0.0021395053421898,-2.209385520773048,-3.937795104403702,-6.14718062517675
SLV,El Salvador,SLV,2012,1,2012.0,2012-Q1,2012q1,0.0021308643479639,-2.2144810292666417,-3.936746555141414,-6.151227584408056
SLV,El Salvador,SLV,2012,2,2012.25,2012-Q2,2012q2,0.0021251144578111,-2.2188995719964004,-3.935030043560548,-6.153929615556948
SLV,El Salvador,SLV,2012,3,2012.5,2012-Q3,2012q3,0.0021152727425244,-2.227428961286425,-3.931142557235305,-6.15857151852173
SLV,El Salvador,SLV,2012,4,2012.75,2012-Q4,2012q4,0.002119785781255,-2.2302172041369053,-3.9262230378446903,-6.156440241981596
SLV,El Salvador,SLV,2013,1,2013.0,2013-Q1,2013q1,0.0020826153979007,-2.254434761228043,-3.9196960110728867,-6.17413077230093
SLV,El Salvador,SLV,2013,2,2013.25,2013-Q2,2013q2,0.0021110395684324,-2.2496620714892197,-3.910912694874213,-6.160574766363433
SLV,El Salvador,SLV,2013,3,2013.5,2013-Q3,2013q3,0.002126280900414,-2.2478613819736375,-3.905519499563591,-6.153380881537228
SLV,El Salvador,SLV,2013,4,2013.75,2013-Q4,2013q4,0.0021272924903815,-2.2500599112993642,-3.9028453278103648,-6.152905239109729
SLV,El Salvador,SLV,2014,1,2014.0,2014-Q1,2014q1,0.0021604880693211,-2.238662541576711,-3.8987585832149927,-6.137421124791704
SLV,El Salvador,SLV,2014,2,2014.25,2014-Q2,2014q2,0.0021437661870451,-2.251208093952124,-3.893983002318197,-6.145191096270321
SLV,El Salvador,SLV,2014,3,2014.5,2014-Q3,2014q3,0.0021227401262439,-2.2631227713021285,-3.8919247411919593,-6.155047512494088
SLV,El Salvador,SLV,2014,4,2014.75,2014-Q4,2014q4,0.0021184631045841,-2.271879072019062,-3.8851853318508356,-6.157064403869898
SLV,El Salvador,SLV,2015,1,2015.0,2015-Q1,2015q1,0.0021827314622994,-2.245540724679529,-3.8816374974488594,-6.127178222128388
SLV,El Salvador,SLV,2015,2,2015.25,2015-Q2,2015q2,0.0021533142947667,-2.2637006646475464,-3.877046426686889,-6.140747091334435
SLV,El Salvador,SLV,2015,3,2015.5,2015-Q3,2015q3,0.0021702440770016,-2.2599329492373954,-3.872982690636614,-6.1329156398740095
SLV,El Salvador,SLV,2015,4,2015.75,2015-Q4,2015q4,0.0021660545408427,-2.2609558873754207,-3.8738920629004796,-6.1348479502759
SLV,El Salvador,SLV,2016,1,2016.0,2016-Q1,2016q1,0.0021424989881507,-2.2706392337475094,-3.875143146019994,-6.145782379767503
SLV,El Salvador,SLV,2016,2,2016.25,2016-Q2,2016q2,0.0021989780175473,-2.251954571587854,-3.8678079924394737,-6.119762564027328
SLV,El Salvador,SLV,2016,3,2016.5,2016-Q3,2016q3,0.0021784028054681,-2.2618652671954935,-3.867298061552871,-6.129163328748365
SLV,El Salvador,SLV,2016,4,2016.75,2016-Q4,2016q4,0.002174738718672,-2.2718282501540363,-3.8590185008497677,-6.130846751003804
SLV,El Salvador,SLV,2017,1,2017.0,2017-Q1,2017q1,0.0021956805229721,-2.266912009028747,-3.8543512382319376,-6.121263247260685
SLV,El Salvador,SLV,2017,2,2017.25,2017-Q2,2017q2,0.0022054606955347,-2.2701359833505075,-3.8466828763408323,-6.11681885969134
SLV,El Salvador,SLV,2017,3,2017.5,2017-Q3,2017q3,0.0022028178514987,-2.27477961122269,-3.8432382853826903,-6.11801789660538
SLV,El Salvador,SLV,2017,4,2017.75,2017-Q4,2017q4,0.0022045463079105,-2.279449078996079,-3.837784468307589,-6.117233547303668
SLV,El Salvador,SLV,2018,1,2018.0,2018-Q1,2018q1,0.0021987148760589,-2.2865542304639015,-3.8333280060803943,-6.119882236544296
SLV,El Salvador,SLV,2018,2,2018.25,2018-Q2,2018q2,0.0022218204702896,-2.2837362955903227,-3.8256920918879103,-6.109428387478233
SLV,El Salvador,SLV,2018,3,2018.5,2018-Q3,2018q3,0.0022170073818774,-2.287338931615047,-3.824258087068906,-6.111597018683953
SLV,El Salvador,SLV,2018,4,2018.75,2018-Q4,2018q4,0.0021863041020023,-2.3005634826636054,-3.8249793027892887,-6.125542785452894
SLV,El Salvador,SLV,2019,1,2019.0,2019-Q1,2019q1,0.0021838466535599,-2.3052761884170496,-3.821391248718992,-6.1266674371360414
SLV,El Salvador,SLV,2019,2,2019.25,2019-Q2,2019q2,0.0021987694957573,-2.306290452871752,-3.8135669423342766,-6.1198573952060284
SLV,El Salvador,SLV,2019,3,2019.5,2019-Q3,2019q3,0.0022020396007718,-2.3062388343305065,-3.8121324225111266,-6.118371256841633
SLV,El Salvador,SLV,2019,4,2019.75,2019-Q4,2019q4,0.0021634646589029,-2.3207945881171783,-3.8152497454656107,-6.136044333582789
SLV,El Salvador,SLV,2020,1,2020.0,2020-Q1,2020q1,0.0023050610332707,-2.258441465247329,-3.8142066589943626,-6.072648124241692
SLV,El Salvador,SLV,2020,2,2020.25,2020-Q2,2020q2,0.001877550329908,-2.395599025137166,-3.8821883426730164,-6.277787367810182
SLV,El Salvador,SLV,2020,3,2020.5,2020-Q3,2020q3,0.002138484326272,-2.320263665414545,-3.8273942942189545,-6.1476579596334995
SLV,El Salvador,SLV,2020,4,2020.75,2020-Q4,2020q4,0.0022457654087417,-2.28042021033322,-3.8182886662554183,-6.098708876588638
SLV,El Salvador,SLV,2021,1,2021.0,2021-Q1,2021q1,0.0023471348325647,-2.2552724517760323,-3.799287463088877,-6.054559914864909
SLV,El Salvador,SLV,2021,2,2021.25,2021-Q2,2021q2,0.0023862603447345,-2.2437847390053163,-3.7942431087856,-6.038027847790916
SLV,El Salvador,SLV,2021,3,2021.5,2021-Q3,2021q3,0.0023852444560703,-2.246532271642695,-3.7919213909475182,-6.038453662590213
SLV,El Salvador,SLV,2021,4,2021.75,2021-Q4,2021q4,0.0023704484548328,-2.2610513930693643,-3.7836247272174144,-6.044676120286779
SLV,El Salvador,SLV,2022,1,2022.0,2022-Q1,2022q1,0.0023694688093538,-2.262401947022226,-3.7826875330083403,-6.045089480030566
SLV,El Salvador,SLV,2022,2,2022.25,2022-Q2,2022q2,0.0023635231918529,-2.2655095430662464,-3.7820923522090077,-6.047601895275254
SLV,El Salvador,SLV,2022,3,2022.5,2022-Q3,2022q3,0.0023713665130188,-2.2620964165879434,-3.782192485638369,-6.044288902226312
SLV,El Salvador,SLV,2022,4,2022.75,2022-Q4,2022q4,0.0023382672268899,-2.2768636402595983,-3.7814814849885647,-6.058345125248163
SLV,El Salvador,SLV,2023,1,2023.0,2023-Q1,2023q1,0.0023463384145762,-2.2722341882130235,-3.7826650992036,-6.054899287416624
SLV,El Salvador,SLV,2023,2,2023.25,2023-Q2,2023q2,0.0023742987866637,-2.262153724760782,-3.780899408049487,-6.043053132810269
SLV,El Salvador,SLV,2023,3,2023.5,2023-Q3,2023q3,0.002384738919758,-2.257953823734222,-3.7807118045063346,-6.038665628240556
SLV,El Salvador,SLV,2023,4,2023.75,2023-Q4,2023q4,0.0023789581969354,-2.2623204288064027,-3.7787721907052205,-6.041092619511623
SLV,El Salvador,SLV,2024,1,2024.0,2024-Q1,2024q1,0.002479243851386,-2.2240456463073035,-3.775756017623659,-5.999801663930962
SLV,El Salvador,SLV,2024,2,2024.25,2024-Q2,2024q2,0.0024719234180005,-2.2317723132253025,-3.770986406414534,-6.002758719639837
SLV,El Salvador,SLV,2024,3,2024.5,2024-Q3,2024q3,0.0024595298732985,-2.242608618759577,-3.765176436957072,-6.007785055716649
SLV,El Salvador,SLV,2024,4,2024.75,2024-Q4,2024q4,0.0025024011283522,-2.228368872884941,-3.7621356838204347,-5.990504556705376
SLV,El Salvador,SLV,2025,1,2025.0,2025-Q1,2025q1,0.0024645356110831,-2.2479111026721683,-3.757840779633255,-6.0057518823054235
SLV,El Salvador,SLV,2025,2,2025.25,2025-Q2,2025q2,0.0024798837554825,-2.2466810356950577,-3.7528625569980663,-5.999543592693124
SLV,El Salvador,SLV,2025,3,2025.5,2025-Q3,2025q3,0.002501171442412,-2.242769471202195,-3.7482266086888907,-5.990996079891086
SRB,"Serbia, Rep.",SRB,2005,1,2005.0,2005-Q1,2005q1,0.0032462438826112,-1.6523267919886546,-4.077929887448277,-5.730256679436931
SRB,"Serbia, Rep.",SRB,2005,2,2005.25,2005-Q2,2005q2,0.0033834120938733,-1.6233900459523376,-4.065480537503734,-5.6888705834560716
SRB,"Serbia, Rep.",SRB,2005,3,2005.5,2005-Q3,2005q3,0.0034948017134427,-1.5974008090765377,-4.059077830180438,-5.656478639256976
SRB,"Serbia, Rep.",SRB,2005,4,2005.75,2005-Q4,2005q4,0.0035929142822882,-1.579325668552201,-4.04946595944698,-5.628791627999181
SRB,"Serbia, Rep.",SRB,2006,1,2006.0,2006-Q1,2006q1,0.0035785113405531,-1.5915592988666276,-4.041249092843926,-5.632808391710554
SRB,"Serbia, Rep.",SRB,2006,2,2006.25,2006-Q2,2006q2,0.0036667255553737,-1.574461589576626,-4.0339946448477555,-5.608456234424382
SRB,"Serbia, Rep.",SRB,2006,3,2006.5,2006-Q3,2006q3,0.0037363653123625,-1.5627333870059186,-4.026908594708328,-5.589641981714246
SRB,"Serbia, Rep.",SRB,2006,4,2006.75,2006-Q4,2006q4,0.0038296500374258,-1.547877122717595,-4.017104731287111,-5.564981854004706
SRB,"Serbia, Rep.",SRB,2007,1,2007.0,2007-Q1,2007q1,0.0038450749309311,-1.5514252418073387,-4.009536946518625,-5.560962188325964
SRB,"Serbia, Rep.",SRB,2007,2,2007.25,2007-Q2,2007q2,0.0039129828230647,-1.542091121757652,-4.0013642037158625,-5.543455325473515
SRB,"Serbia, Rep.",SRB,2007,3,2007.5,2007-Q3,2007q3,0.0039762557230681,-1.5348961441373805,-3.9925185314516303,-5.527414675589011
SRB,"Serbia, Rep.",SRB,2007,4,2007.75,2007-Q4,2007q4,0.0040901155103974,-1.5155851893120293,-3.983596877863246,-5.499182067175275
SRB,"Serbia, Rep.",SRB,2008,1,2008.0,2008-Q1,2008q1,0.0038399093816433,-1.5804062117603825,-3.9819002994309596,-5.562306511191342
SRB,"Serbia, Rep.",SRB,2008,2,2008.25,2008-Q2,2008q2,0.0039315091514191,-1.5601395241516176,-3.978592394666867,-5.538731918818485
SRB,"Serbia, Rep.",SRB,2008,3,2008.5,2008-Q3,2008q3,0.003923643068381,-1.5591545788091912,-3.981580123773969,-5.54073470258316
SRB,"Serbia, Rep.",SRB,2008,4,2008.75,2008-Q4,2008q4,0.0039650292029482,-1.5349245681880261,-3.995317490552026,-5.530242058740052
SRB,"Serbia, Rep.",SRB,2009,1,2009.0,2009-Q1,2009q1,0.0040061630652144,-1.509170744979956,-4.010750592341259,-5.5199213373212155
SRB,"Serbia, Rep.",SRB,2009,2,2009.25,2009-Q2,2009q2,0.0040284178363041,-1.5103791394194763,-4.004002437140827,-5.514381576560304
SRB,"Serbia, Rep.",SRB,2009,3,2009.5,2009-Q3,2009q3,0.0041180352616032,-1.5001473397100717,-3.992231767904877,-5.492379107614949
SRB,"Serbia, Rep.",SRB,2009,4,2009.75,2009-Q4,2009q4,0.0042067285530368,-1.4856013693956784,-3.985468629751267,-5.471069999146946
SRB,"Serbia, Rep.",SRB,2010,1,2010.0,2010-Q1,2010q1,0.0044267343969272,-1.4391828099261237,-3.9809103132822243,-5.420093123208348
SRB,"Serbia, Rep.",SRB,2010,2,2010.25,2010-Q2,2010q2,0.0044716172760633,-1.4433993708777657,-3.9666057581895937,-5.410005129067359
SRB,"Serbia, Rep.",SRB,2010,3,2010.5,2010-Q3,2010q3,0.0045926098044293,-1.4225700115408353,-3.9607368201089788,-5.383306831649814
SRB,"Serbia, Rep.",SRB,2010,4,2010.75,2010-Q4,2010q4,0.0046457422789677,-1.4200549021823008,-3.9517492155856404,-5.371804117767941
SRB,"Serbia, Rep.",SRB,2011,1,2011.0,2011-Q1,2011q1,0.0047942788433721,-1.3903890558431078,-3.949942923742827,-5.340331979585935
SRB,"Serbia, Rep.",SRB,2011,2,2011.25,2011-Q2,2011q2,0.0047352287932391,-1.4095120950491054,-3.9432131388764726,-5.352725233925578
SRB,"Serbia, Rep.",SRB,2011,3,2011.5,2011-Q3,2011q3,0.0048437883204591,-1.3921622942506175,-3.9378958593227056,-5.330058153573323
SRB,"Serbia, Rep.",SRB,2011,4,2011.75,2011-Q4,2011q4,0.0049285238389047,-1.3749206555174611,-3.937795104403702,-5.312715759921163
SRB,"Serbia, Rep.",SRB,2012,1,2012.0,2012-Q1,2012q1,0.0047639540650621,-1.409930714488592,-3.936746555141414,-5.346677269630006
SRB,"Serbia, Rep.",SRB,2012,2,2012.25,2012-Q2,2012q2,0.0050362383878559,-1.3560657836132326,-3.935030043560548,-5.2910958271737805
SRB,"Serbia, Rep.",SRB,2012,3,2012.5,2012-Q3,2012q3,0.0048713970221294,-1.3932319629293706,-3.931142557235305,-5.3243745201646755
SRB,"Serbia, Rep.",SRB,2012,4,2012.75,2012-Q4,2012q4,0.004763317219026,-1.4205879208591456,-3.9262230378446903,-5.346810958703836
SRB,"Serbia, Rep.",SRB,2013,1,2013.0,2013-Q1,2013q1,0.004625204113407,-1.4565387652901371,-3.9196960110728867,-5.376234776363024
SRB,"Serbia, Rep.",SRB,2013,2,2013.25,2013-Q2,2013q2,0.0048353764591066,-1.420883596991379,-3.910912694874213,-5.331796291865592
SRB,"Serbia, Rep.",SRB,2013,3,2013.5,2013-Q3,2013q3,0.0047894495328198,-1.4358202946789143,-3.905519499563591,-5.341339794242505
SRB,"Serbia, Rep.",SRB,2013,4,2013.75,2013-Q4,2013q4,0.0045798672051838,-1.4832399479673812,-3.9028453278103648,-5.386085275777746
SRB,"Serbia, Rep.",SRB,2014,1,2014.0,2014-Q1,2014q1,0.0042787496809676,-1.555335859466946,-3.8987585832149927,-5.454094442681939
SRB,"Serbia, Rep.",SRB,2014,2,2014.25,2014-Q2,2014q2,0.0042042769916024,-1.5776699381883312,-3.893983002318197,-5.471652940506528
SRB,"Serbia, Rep.",SRB,2014,3,2014.5,2014-Q3,2014q3,0.0041122080004379,-1.6018704271525483,-3.8919247411919593,-5.493795168344508
SRB,"Serbia, Rep.",SRB,2014,4,2014.75,2014-Q4,2014q4,0.0041000892604713,-1.6115612028113624,-3.8851853318508356,-5.496746534662198
SRB,"Serbia, Rep.",SRB,2015,1,2015.0,2015-Q1,2015q1,0.004184377437119,-1.5947598492028279,-3.8816374974488594,-5.476397346651687
SRB,"Serbia, Rep.",SRB,2015,2,2015.25,2015-Q2,2015q2,0.0042065387395623,-1.5940686948763383,-3.877046426686889,-5.471115121563227
SRB,"Serbia, Rep.",SRB,2015,3,2015.5,2015-Q3,2015q3,0.0042156969331496,-1.595957664616872,-3.872982690636614,-5.468940355253486
SRB,"Serbia, Rep.",SRB,2015,4,2015.75,2015-Q4,2015q4,0.0042043201880163,-1.5977506032611184,-3.8738920629004796,-5.471642666161598
SRB,"Serbia, Rep.",SRB,2016,1,2016.0,2016-Q1,2016q1,0.0041604607783002,-1.606986300808381,-3.875143146019994,-5.482129446828375
SRB,"Serbia, Rep.",SRB,2016,2,2016.25,2016-Q2,2016q2,0.0040743544187263,-1.6352349772528214,-3.8678079924394737,-5.503042969692295
SRB,"Serbia, Rep.",SRB,2016,3,2016.5,2016-Q3,2016q3,0.0040730729239888,-1.636059484678536,-3.867298061552871,-5.503357546231407
SRB,"Serbia, Rep.",SRB,2016,4,2016.75,2016-Q4,2016q4,0.0040774293098402,-1.64327005941212,-3.8590185008497677,-5.502288560261888
SRB,"Serbia, Rep.",SRB,2017,1,2017.0,2017-Q1,2017q1,0.0041214685362619,-1.6371945000584427,-3.8543512382319376,-5.49154573829038
SRB,"Serbia, Rep.",SRB,2017,2,2017.25,2017-Q2,2017q2,0.0039932175208183,-1.6764751005071945,-3.8466828763408323,-5.523157976848027
SRB,"Serbia, Rep.",SRB,2017,3,2017.5,2017-Q3,2017q3,0.0040670107398717,-1.6616087259422425,-3.8432382853826903,-5.504847011324933
SRB,"Serbia, Rep.",SRB,2017,4,2017.75,2017-Q4,2017q4,0.0041382010813695,-1.6497096386774417,-3.837784468307589,-5.4874941069850305
SRB,"Serbia, Rep.",SRB,2018,1,2018.0,2018-Q1,2018q1,0.0042675953314858,-1.6233767585108878,-3.8333280060803943,-5.456704764591282
SRB,"Serbia, Rep.",SRB,2018,2,2018.25,2018-Q2,2018q2,0.0041892618905295,-1.6495386284562987,-3.8256920918879103,-5.475230720344209
SRB,"Serbia, Rep.",SRB,2018,3,2018.5,2018-Q3,2018q3,0.0041776163752716,-1.6537563531785042,-3.824258087068906,-5.47801444024741
SRB,"Serbia, Rep.",SRB,2018,4,2018.75,2018-Q4,2018q4,0.0042166757211636,-1.643728902378209,-3.8249793027892887,-5.468708205167498
SRB,"Serbia, Rep.",SRB,2019,1,2019.0,2019-Q1,2019q1,0.0042103752842337,-1.6488122453935437,-3.821391248718992,-5.4702034941125355
SRB,"Serbia, Rep.",SRB,2019,2,2019.25,2019-Q2,2019q2,0.0042940646153037,-1.6369545894927282,-3.8135669423342766,-5.450521531827005
SRB,"Serbia, Rep.",SRB,2019,3,2019.5,2019-Q3,2019q3,0.0043925315582087,-1.6157171308511247,-3.8121324225111266,-5.427849553362251
SRB,"Serbia, Rep.",SRB,2019,4,2019.75,2019-Q4,2019q4,0.004334436018294,-1.625914031333866,-3.8152497454656107,-5.441163776799477
SRB,"Serbia, Rep.",SRB,2020,1,2020.0,2020-Q1,2020q1,0.0043545428988422,-1.6223289752741614,-3.8142066589943626,-5.436535634268524
SRB,"Serbia, Rep.",SRB,2020,2,2020.25,2020-Q2,2020q2,0.0040906388095169,-1.6168657903045673,-3.8821883426730164,-5.499054132977584
SRB,"Serbia, Rep.",SRB,2020,3,2020.5,2020-Q3,2020q3,0.0043325464417329,-1.6142055228286138,-3.8273942942189545,-5.441599817047568
SRB,"Serbia, Rep.",SRB,2020,4,2020.75,2020-Q4,2020q4,0.0043161720672235,-1.627097698835542,-3.8182886662554183,-5.44538636509096
SRB,"Serbia, Rep.",SRB,2021,1,2021.0,2021-Q1,2021q1,0.0046094303944079,-1.5803635252154757,-3.799287463088877,-5.379650988304353
SRB,"Serbia, Rep.",SRB,2021,2,2021.25,2021-Q2,2021q2,0.0045881653747301,-1.5900319265201492,-3.7942431087856,-5.384275035305749
SRB,"Serbia, Rep.",SRB,2021,3,2021.5,2021-Q3,2021q3,0.0045372754114826,-1.603507185760611,-3.7919213909475182,-5.395428576708129
SRB,"Serbia, Rep.",SRB,2021,4,2021.75,2021-Q4,2021q4,0.004539116065458,-1.6113982579061497,-3.7836247272174144,-5.395022985123564
SRB,"Serbia, Rep.",SRB,2022,1,2022.0,2022-Q1,2022q1,0.0045913536746326,-1.6008928471605626,-3.7826875330083403,-5.383580380168903
SRB,"Serbia, Rep.",SRB,2022,2,2022.25,2022-Q2,2022q2,0.0045638147999174,-1.6075040740546913,-3.7820923522090077,-5.389596426263699
SRB,"Serbia, Rep.",SRB,2022,3,2022.5,2022-Q3,2022q3,0.0045692237571232,-1.6062194590742198,-3.782192485638369,-5.388411944712589
SRB,"Serbia, Rep.",SRB,2022,4,2022.75,2022-Q4,2022q4,0.0046400574348218,-1.5915470496376645,-3.7814814849885647,-5.373028534626229
SRB,"Serbia, Rep.",SRB,2023,1,2023.0,2023-Q1,2023q1,0.0046269784546544,-1.593186126304023,-3.7826650992036,-5.375851225507623
SRB,"Serbia, Rep.",SRB,2023,2,2023.25,2023-Q2,2023q2,0.0046801211053802,-1.5835318841199126,-3.780899408049487,-5.3644312921693995
SRB,"Serbia, Rep.",SRB,2023,3,2023.5,2023-Q3,2023q3,0.0047372053004607,-1.571596111709617,-3.7807118045063346,-5.352307916215952
SRB,"Serbia, Rep.",SRB,2023,4,2023.75,2023-Q4,2023q4,0.0047553255392652,-1.5697179321066734,-3.7787721907052205,-5.348490122811894
SRB,"Serbia, Rep.",SRB,2024,1,2024.0,2024-Q1,2024q1,0.004718735321646,-1.5804584379926747,-3.775756017623659,-5.356214455616334
SRB,"Serbia, Rep.",SRB,2024,2,2024.25,2024-Q2,2024q2,0.0047565651612524,-1.577243069585228,-3.770986406414534,-5.348229475999762
SRB,"Serbia, Rep.",SRB,2024,3,2024.5,2024-Q3,2024q3,0.0047945786421438,-1.575093011973412,-3.765176436957072,-5.340269448930484
SRB,"Serbia, Rep.",SRB,2024,4,2024.75,2024-Q4,2024q4,0.0048112857920125,-1.574655230339987,-3.7621356838204347,-5.336790914160422
SRB,"Serbia, Rep.",SRB,2025,1,2025.0,2025-Q1,2025q1,0.0047964590088261,-1.5820365601689317,-3.757840779633255,-5.339877339802187
SRB,"Serbia, Rep.",SRB,2025,2,2025.25,2025-Q2,2025q2,0.0049058155390213,-1.564471375912667,-3.7528625569980663,-5.317333932910733
SRB,"Serbia, Rep.",SRB,2025,3,2025.5,2025-Q3,2025q3,0.0049609981098528,-1.5579217179756566,-3.7482266086888907,-5.306148326664547
SRB,"Serbia, Rep.",SRB,2025,4,2025.75,2025-Q4,2025q4,0.0050330871653446,-1.544570012491862,-3.747151720080949,-5.291721732572811
SVK,Slovak Republic,SVK,1995,1,1995.0,1995-Q1,1995q1,0.0055179973657251,-0.9456657119971048,-4.254074568586735,-5.19974028058384
SVK,Slovak Republic,SVK,1995,2,1995.25,1995-Q2,1995q2,0.0055920871658326,-0.9359624799477997,-4.2504402066290705,-5.18640268657687
SVK,Slovak Republic,SVK,1995,3,1995.5,1995-Q3,1995q3,0.0056075446483954,-0.936291282959516,-4.24735104637809,-5.183642329337606
SVK,Slovak Republic,SVK,1995,4,1995.75,1995-Q4,1995q4,0.0057105181828205,-0.9210260234608496,-4.244419485914777,-5.165445509375626
SVK,Slovak Republic,SVK,1996,1,1996.0,1996-Q1,1996q1,0.0056149697843774,-0.9412441767996338,-4.241074895239452,-5.1823190720390855
SVK,Slovak Republic,SVK,1996,2,1996.25,1996-Q2,1996q2,0.0056616493679294,-0.936883636884259,-4.237156384572403,-5.174040021456662
SVK,Slovak Republic,SVK,1996,3,1996.5,1996-Q3,1996q3,0.0057882139947586,-0.9152337831478023,-4.236697715606429,-5.151931498754231
SVK,Slovak Republic,SVK,1996,4,1996.75,1996-Q4,1996q4,0.0059004640596176,-0.9026249556094488,-4.230099321381617,-5.132724276991066
SVK,Slovak Republic,SVK,1997,1,1997.0,1997-Q1,1997q1,0.0060196696054946,-0.8852911127444942,-4.227431791231235,-5.11272290397573
SVK,Slovak Republic,SVK,1997,2,1997.25,1997-Q2,1997q2,0.0060911881924559,-0.8865550344222504,-4.214357076375103,-5.100912110797354
SVK,Slovak Republic,SVK,1997,3,1997.5,1997-Q3,1997q3,0.006177937371476,-0.8771119398657952,-4.2096588820174015,-5.086770821883197
SVK,Slovak Republic,SVK,1997,4,1997.75,1997-Q4,1997q4,0.0061449557386387,-0.8859316451895713,-4.206192093625781,-5.092123738815352
SVK,Slovak Republic,SVK,1998,1,1998.0,1998-Q1,1998q1,0.006247231130314,-0.8651064490059532,-4.21051048353961,-5.075616932545564
SVK,Slovak Republic,SVK,1998,2,1998.25,1998-Q2,1998q2,0.0062438629682303,-0.8649403855722451,-4.211215837148984,-5.076156222721229
SVK,Slovak Republic,SVK,1998,3,1998.5,1998-Q3,1998q3,0.0062372334617709,-0.8687464782352361,-4.2084720721621,-5.077218550397336
SVK,Slovak Republic,SVK,1998,4,1998.75,1998-Q4,1998q4,0.0067243531798078,-0.7957241203181811,-4.206295419243004,-5.002019539561185
SVK,Slovak Republic,SVK,1999,1,1999.0,1999-Q1,1999q1,0.0065333293750994,-0.8228793395542677,-4.207959267711823,-5.030838607266091
SVK,Slovak Republic,SVK,1999,2,1999.25,1999-Q2,1999q2,0.0065252548449587,-0.8274079457353931,-4.2046673241020285,-5.032075269837422
SVK,Slovak Republic,SVK,1999,3,1999.5,1999-Q3,1999q3,0.0065313512668433,-0.8330302666834433,-4.198111158282587,-5.03114142496603
SVK,Slovak Republic,SVK,1999,4,1999.75,1999-Q4,1999q4,0.0065315192198546,-0.8427134268519882,-4.188402283549777,-5.031115710401766
SVK,Slovak Republic,SVK,2000,1,2000.0,2000-Q1,2000q1,0.0066202655426026,-0.8332976034341266,-4.184322194227946,-5.017619797662072
SVK,Slovak Republic,SVK,2000,2,2000.25,2000-Q2,2000q2,0.0066678726444483,-0.8291562661601413,-4.181298147628699,-5.01045441378884
SVK,Slovak Republic,SVK,2000,3,2000.5,2000-Q3,2000q3,0.0066953824604826,-0.8278379492882202,-4.17849922589675,-5.00633717518497
SVK,Slovak Republic,SVK,2000,4,2000.75,2000-Q4,2000q4,0.0067268478430407,-0.8284575407008221,-4.173191078337019,-5.001648619037841
SVK,Slovak Republic,SVK,2001,1,2001.0,2001-Q1,2001q1,0.0067121641833996,-0.8303972963034836,-4.173436552638961,-5.0038338489424445
SVK,Slovak Republic,SVK,2001,2,2001.25,2001-Q2,2001q2,0.0067718834850505,-0.8211606893556134,-4.1738153309007995,-4.994976020256413
SVK,Slovak Republic,SVK,2001,3,2001.5,2001-Q3,2001q3,0.0067905765988654,-0.817671798334251,-4.174547623851253,-4.992219422185504
SVK,Slovak Republic,SVK,2001,4,2001.75,2001-Q4,2001q4,0.0069327546346543,-0.800767074904388,-4.17073097567771,-4.971498050582098
SVK,Slovak Republic,SVK,2002,1,2002.0,2002-Q1,2002q1,0.0069768745934303,-0.804155680069659,-4.160998548399518,-4.965154228469177
SVK,Slovak Republic,SVK,2002,2,2002.25,2002-Q2,2002q2,0.0070452772154267,-0.8021995791306846,-4.153198206030584,-4.955397785161269
SVK,Slovak Republic,SVK,2002,3,2002.5,2002-Q3,2002q3,0.007175286811217,-0.787091771675045,-4.150020772771553,-4.937112544446598
SVK,Slovak Republic,SVK,2002,4,2002.75,2002-Q4,2002q4,0.0071673252307272,-0.7927585134283195,-4.145464230650573,-4.938222744078892
SVK,Slovak Republic,SVK,2003,1,2003.0,2003-Q1,2003q1,0.007241368084524,-0.7865193589159132,-4.141425769568831,-4.927945128484744
SVK,Slovak Republic,SVK,2003,2,2003.25,2003-Q2,2003q2,0.0072518633342855,-0.7899089130160837,-4.136587918495714,-4.926496831511797
SVK,Slovak Republic,SVK,2003,3,2003.5,2003-Q3,2003q3,0.007278419385204,-0.794343565476602,-4.128497992287372,-4.922841557763974
SVK,Slovak Republic,SVK,2003,4,2003.75,2003-Q4,2003q4,0.0074490972265939,-0.7802387444994467,-4.119423687072228,-4.899662431571675
SVK,Slovak Republic,SVK,2004,1,2004.0,2004-Q1,2004q1,0.0076049725818751,-0.767867002297332,-4.111085956256169,-4.8789529585535005
SVK,Slovak Republic,SVK,2004,2,2004.25,2004-Q2,2004q2,0.0076164523473093,-0.774742165216864,-4.102702423697901,-4.877444588914765
SVK,Slovak Republic,SVK,2004,3,2004.5,2004-Q3,2004q3,0.0076870958333408,-0.7724052118886746,-4.095807009867689,-4.868212221756363
SVK,Slovak Republic,SVK,2004,4,2004.75,2004-Q4,2004q4,0.0077983037629232,-0.7696937968299515,-4.084155238397759,-4.853849035227711
SVK,Slovak Republic,SVK,2005,1,2005.0,2005-Q1,2005q1,0.0078608937880629,-0.7679250780636266,-4.077929887448277,-4.845854965511903
SVK,Slovak Republic,SVK,2005,2,2005.25,2005-Q2,2005q2,0.0080012485235087,-0.7626771465369231,-4.065480537503734,-4.828157684040657
SVK,Slovak Republic,SVK,2005,3,2005.5,2005-Q3,2005q3,0.0080593556153543,-0.7618438439464192,-4.059077830180438,-4.820921674126858
SVK,Slovak Republic,SVK,2005,4,2005.75,2005-Q4,2005q4,0.0081049307475983,-0.7658167087889192,-4.04946595944698,-4.815282668235899
SVK,Slovak Republic,SVK,2006,1,2006.0,2006-Q1,2006q1,0.0081936345125278,-0.7631486122885613,-4.041249092843926,-4.804397705132487
SVK,Slovak Republic,SVK,2006,2,2006.25,2006-Q2,2006q2,0.0083055850228418,-0.7568324513054137,-4.0339946448477555,-4.790827096153169
SVK,Slovak Republic,SVK,2006,3,2006.5,2006-Q3,2006q3,0.0084436712267268,-0.7474294907720882,-4.026908594708328,-4.774338085480416
SVK,Slovak Republic,SVK,2006,4,2006.75,2006-Q4,2006q4,0.0086357743665231,-0.7347371624654073,-4.017104731287111,-4.751841893752518
SVK,Slovak Republic,SVK,2007,1,2007.0,2007-Q1,2007q1,0.0087160291868259,-0.7330545667376054,-4.009536946518625,-4.74259151325623
SVK,Slovak Republic,SVK,2007,2,2007.25,2007-Q2,2007q2,0.0089412702962613,-0.7157134048704688,-4.0013642037158625,-4.717077608586331
SVK,Slovak Republic,SVK,2007,3,2007.5,2007-Q3,2007q3,0.0091170351352409,-0.7050920911191203,-3.9925185314516303,-4.697610622570751
SVK,Slovak Republic,SVK,2007,4,2007.75,2007-Q4,2007q4,0.0095633486893888,-0.6662204540729388,-3.983596877863246,-4.649817331936185
SVK,Slovak Republic,SVK,2008,1,2008.0,2008-Q1,2008q1,0.0091753900694233,-0.7093300721356925,-3.9819002994309596,-4.691230371566652
SVK,Slovak Republic,SVK,2008,2,2008.25,2008-Q2,2008q2,0.0092978645838511,-0.6993781251612035,-3.978592394666867,-4.6779705198280706
SVK,Slovak Republic,SVK,2008,3,2008.5,2008-Q3,2008q3,0.0092458793437286,-0.7019971792915678,-3.981580123773969,-4.683577303065537
SVK,Slovak Republic,SVK,2008,4,2008.75,2008-Q4,2008q4,0.0093747036210979,-0.6744228308229192,-3.995317490552026,-4.669740321374945
SVK,Slovak Republic,SVK,2009,1,2009.0,2009-Q1,2009q1,0.0086053003801388,-0.7446263499586481,-4.010750592341259,-4.7553769422999075
SVK,Slovak Republic,SVK,2009,2,2009.25,2009-Q2,2009q2,0.0088609988042591,-0.7220933517203925,-4.004002437140827,-4.72609578886122
SVK,Slovak Republic,SVK,2009,3,2009.5,2009-Q3,2009q3,0.009137456014761,-0.7031414997189955,-3.992231767904877,-4.695373267623872
SVK,Slovak Republic,SVK,2009,4,2009.75,2009-Q4,2009q4,0.009452159500611,-0.6760434152484383,-3.985468629751267,-4.661512044999705
SVK,Slovak Republic,SVK,2010,1,2010.0,2010-Q1,2010q1,0.0097168789359909,-0.6529804959105614,-3.9809103132822243,-4.633890809192786
SVK,Slovak Republic,SVK,2010,2,2010.25,2010-Q2,2010q2,0.0097953494209499,-0.6592417966326365,-3.9666057581895937,-4.62584755482223
SVK,Slovak Republic,SVK,2010,3,2010.5,2010-Q3,2010q3,0.0098810889728528,-0.6563957332627792,-3.9607368201089788,-4.617132553371758
SVK,Slovak Republic,SVK,2010,4,2010.75,2010-Q4,2010q4,0.0098919581220265,-0.6642839472656474,-3.9517492155856404,-4.616033162851288
SVK,Slovak Republic,SVK,2011,1,2011.0,2011-Q1,2011q1,0.009996524093166,-0.6555749133523081,-3.949942923742827,-4.605517837095135
SVK,Slovak Republic,SVK,2011,2,2011.25,2011-Q2,2011q2,0.0100450522672394,-0.6574619385432547,-3.9432131388764726,-4.600675077419727
SVK,Slovak Republic,SVK,2011,3,2011.5,2011-Q3,2011q3,0.0101003195831665,-0.657292354415139,-3.9378958593227056,-4.595188213737845
SVK,Slovak Republic,SVK,2011,4,2011.75,2011-Q4,2011q4,0.0102013924319678,-0.6474359506672336,-3.937795104403702,-4.585231055070936
SVK,Slovak Republic,SVK,2012,1,2012.0,2012-Q1,2012q1,0.0101210909758208,-0.6563872618569686,-3.936746555141414,-4.593133816998383
SVK,Slovak Republic,SVK,2012,2,2012.25,2012-Q2,2012q2,0.0101684588764708,-0.6534345730807893,-3.935030043560548,-4.588464616641337
SVK,Slovak Republic,SVK,2012,3,2012.5,2012-Q3,2012q3,0.010191199356044,-0.6550881821208496,-3.931142557235305,-4.5862307393561546
SVK,Slovak Republic,SVK,2012,4,2012.75,2012-Q4,2012q4,0.0102599320521018,-0.6532860240189162,-3.9262230378446903,-4.5795090618636065
SVK,Slovak Republic,SVK,2013,1,2013.0,2013-Q1,2013q1,0.0101521078807167,-0.6703779110054873,-3.9196960110728867,-4.590073922078374
SVK,Slovak Republic,SVK,2013,2,2013.25,2013-Q2,2013q2,0.0102390946108825,-0.6706293853115737,-3.910912694874213,-4.581542080185787
SVK,Slovak Republic,SVK,2013,3,2013.5,2013-Q3,2013q3,0.0102912277128629,-0.6709439254298535,-3.905519499563591,-4.576463424993444
SVK,Slovak Republic,SVK,2013,4,2013.75,2013-Q4,2013q4,0.0103412043293666,-0.6687736160144873,-3.9028453278103648,-4.571618943824852
SVK,Slovak Republic,SVK,2014,1,2014.0,2014-Q1,2014q1,0.0103494053823414,-0.6720676286876444,-3.8987585832149927,-4.570826211902637
SVK,Slovak Republic,SVK,2014,2,2014.25,2014-Q2,2014q2,0.0103734249893055,-0.6745250303309294,-3.893983002318197,-4.5685080326491265
SVK,Slovak Republic,SVK,2014,3,2014.5,2014-Q3,2014q3,0.0103991483777418,-0.6741066217513505,-3.8919247411919593,-4.56603136294331
SVK,Slovak Republic,SVK,2014,4,2014.75,2014-Q4,2014q4,0.0104128061299609,-0.6795335398341775,-3.8851853318508356,-4.564718871685013
SVK,Slovak Republic,SVK,2015,1,2015.0,2015-Q1,2015q1,0.0105714572917152,-0.6679601206042411,-3.8816374974488594,-4.549597618053101
SVK,Slovak Republic,SVK,2015,2,2015.25,2015-Q2,2015q2,0.0106268089448286,-0.6673288983453447,-3.877046426686889,-4.544375325032234
SVK,Slovak Republic,SVK,2015,3,2015.5,2015-Q3,2015q3,0.0106959120518733,-0.6649109711046206,-3.872982690636614,-4.537893661741235
SVK,Slovak Republic,SVK,2015,4,2015.75,2015-Q4,2015q4,0.0106860783659843,-0.6649214090539428,-3.8738920629004796,-4.538813471954422
SVK,Slovak Republic,SVK,2016,1,2016.0,2016-Q1,2016q1,0.0106052371379442,-0.6712641842389511,-3.875143146019994,-4.546407330258945
SVK,Slovak Republic,SVK,2016,2,2016.25,2016-Q2,2016q2,0.0105279428857744,-0.6859143369578522,-3.8678079924394737,-4.553722329397326
SVK,Slovak Republic,SVK,2016,3,2016.5,2016-Q3,2016q3,0.0105409964204699,-0.6851851417379144,-3.867298061552871,-4.552483203290786
SVK,Slovak Republic,SVK,2016,4,2016.75,2016-Q4,2016q4,0.0105547645381454,-0.6921594051675655,-3.8590185008497677,-4.551177906017333
SVK,Slovak Republic,SVK,2017,1,2017.0,2017-Q1,2017q1,0.0105981632403209,-0.6927233338617649,-3.8543512382319376,-4.5470745720937025
SVK,Slovak Republic,SVK,2017,2,2017.25,2017-Q2,2017q2,0.0106410947222443,-0.6963490365913794,-3.8466828763408323,-4.543031912932212
SVK,Slovak Republic,SVK,2017,3,2017.5,2017-Q3,2017q3,0.0107014821805577,-0.6941347401773612,-3.8432382853826903,-4.5373730255600515
SVK,Slovak Republic,SVK,2017,4,2017.75,2017-Q4,2017q4,0.0108444980633361,-0.6863129502389351,-3.837784468307589,-4.524097418546524
SVK,Slovak Republic,SVK,2018,1,2018.0,2018-Q1,2018q1,0.0108868134006809,-0.6868749957949514,-3.8333280060803943,-4.520203001875346
SVK,Slovak Republic,SVK,2018,2,2018.25,2018-Q2,2018q2,0.0109516241312287,-0.6885754193437701,-3.8256920918879103,-4.51426751123168
SVK,Slovak Republic,SVK,2018,3,2018.5,2018-Q3,2018q3,0.0110150651686568,-0.6842332953208383,-3.824258087068906,-4.508491382389744
SVK,Slovak Republic,SVK,2018,4,2018.75,2018-Q4,2018q4,0.0110400231935817,-0.6812488344781986,-3.8249793027892887,-4.506228137267487
SVK,Slovak Republic,SVK,2019,1,2019.0,2019-Q1,2019q1,0.0110464219660821,-0.6842574587096801,-3.821391248718992,-4.505648707428672
SVK,Slovak Republic,SVK,2019,2,2019.25,2019-Q2,2019q2,0.0111443943126273,-0.6832517173947452,-3.8135669423342766,-4.496818659729022
SVK,Slovak Republic,SVK,2019,3,2019.5,2019-Q3,2019q3,0.0111846485613674,-0.6810806825529596,-3.8121324225111266,-4.493213105064086
SVK,Slovak Republic,SVK,2019,4,2019.75,2019-Q4,2019q4,0.011245816051609,-0.672509380564124,-3.8152497454656107,-4.487759126029735
SVK,Slovak Republic,SVK,2020,1,2020.0,2020-Q1,2020q1,0.0110619977201613,-0.690033014511739,-3.8142066589943626,-4.504239673506102
SVK,Slovak Republic,SVK,2020,2,2020.25,2020-Q2,2020q2,0.0104133265506377,-0.6824805513531693,-3.8821883426730164,-4.564668894026186
SVK,Slovak Republic,SVK,2020,3,2020.5,2020-Q3,2020q3,0.0114105047667477,-0.6458265828889487,-3.8273942942189545,-4.473220877107903
SVK,Slovak Republic,SVK,2020,4,2020.75,2020-Q4,2020q4,0.0114982603786621,-0.647270860220877,-3.8182886662554183,-4.465559526476295
SVK,Slovak Republic,SVK,2021,1,2021.0,2021-Q1,2021q1,0.011650942339863,-0.653080751610883,-3.799287463088877,-4.45236821469976
SVK,Slovak Republic,SVK,2021,2,2021.25,2021-Q2,2021q2,0.011649099890798,-0.658283255762182,-3.7942431087856,-4.452526364547782
SVK,Slovak Republic,SVK,2021,3,2021.5,2021-Q3,2021q3,0.0115267940000896,-0.671159649652938,-3.7919213909475182,-4.463081040600456
SVK,Slovak Republic,SVK,2021,4,2021.75,2021-Q4,2021q4,0.0116154030288757,-0.6717984871451468,-3.7836247272174144,-4.455423214362561
SVK,Slovak Republic,SVK,2022,1,2022.0,2022-Q1,2022q1,0.0115150266074982,-0.6814149020222549,-3.7826875330083403,-4.464102435030595
SVK,Slovak Republic,SVK,2022,2,2022.25,2022-Q2,2022q2,0.0113977393122624,-0.6922478969797976,-3.7820923522090077,-4.474340249188805
SVK,Slovak Republic,SVK,2022,3,2022.5,2022-Q3,2022q3,0.0114088229375012,-0.6911757953958322,-3.782192485638369,-4.473368281034201
SVK,Slovak Republic,SVK,2022,4,2022.75,2022-Q4,2022q4,0.0114921540735375,-0.6846092459408628,-3.7814814849885647,-4.4660907309294275
SVK,Slovak Republic,SVK,2023,1,2023.0,2023-Q1,2023q1,0.0115802943840109,-0.6757852861942157,-3.7826650992036,-4.458450385397816
SVK,Slovak Republic,SVK,2023,2,2023.25,2023-Q2,2023q2,0.0116265341633962,-0.673565957121808,-3.780899408049487,-4.454465365171295
SVK,Slovak Republic,SVK,2023,3,2023.5,2023-Q3,2023q3,0.0117322047213519,-0.6647058736874181,-3.7807118045063346,-4.445417678193753
SVK,Slovak Republic,SVK,2023,4,2023.75,2023-Q4,2023q4,0.0117370367308949,-0.6662337136677969,-3.7787721907052205,-4.4450059043730175
SVK,Slovak Republic,SVK,2024,1,2024.0,2024-Q1,2024q1,0.0118115225053375,-0.6629237228335589,-3.775756017623659,-4.438679740457218
SVK,Slovak Republic,SVK,2024,2,2024.25,2024-Q2,2024q2,0.0118345848453459,-0.6657427087681769,-3.770986406414534,-4.436729115182711
SVK,Slovak Republic,SVK,2024,3,2024.5,2024-Q3,2024q3,0.0118649502473177,-0.6689901453768337,-3.765176436957072,-4.434166582333906
SVK,Slovak Republic,SVK,2024,4,2024.75,2024-Q4,2024q4,0.0118573617623655,-0.6726706747045892,-3.7621356838204347,-4.434806358525024
SVK,Slovak Republic,SVK,2025,1,2025.0,2025-Q1,2025q1,0.0119002370875417,-0.6733561761070326,-3.757840779633255,-4.431196955740288
SVK,Slovak Republic,SVK,2025,2,2025.25,2025-Q2,2025q2,0.0119648852151729,-0.6729165940527095,-3.7528625569980663,-4.425779151050776
SVK,Slovak Republic,SVK,2025,3,2025.5,2025-Q3,2025q3,0.0120167259020434,-0.6732291658075904,-3.7482266086888907,-4.421455774496481
SVK,Slovak Republic,SVK,2025,4,2025.75,2025-Q4,2025q4,0.0120539404307685,-0.6712119457167827,-3.747151720080949,-4.418363665797732
SVK,Slovak Republic,SVK,2026,1,2026.0,2026-Q1,2026q1,0.0121024500609148,-0.6648092197008033,-3.7495381428027086,-4.414347362503512
SWE,Sweden,SWE,1995,1,1995.0,1995-Q1,1995q1,0.0206970556278265,0.3763107395572063,-4.254074568586735,-3.877763829029529
SWE,Sweden,SWE,1995,2,1995.25,1995-Q2,1995q2,0.0208229341184188,0.3787399087823,-4.2504402066290705,-3.8717002978467705
SWE,Sweden,SWE,1995,3,1995.5,1995-Q3,1995q3,0.0206907498134591,0.36928249887658815,-4.24735104637809,-3.8780685475015018
SWE,Sweden,SWE,1995,4,1995.75,1995-Q4,1995q4,0.0209767007046834,0.38007653846295186,-4.244419485914777,-3.8643429474518247
SWE,Sweden,SWE,1996,1,1996.0,1996-Q1,1996q1,0.0215900124175587,0.4055504359371169,-4.241074895239452,-3.8355244593023348
SWE,Sweden,SWE,1996,2,1996.25,1996-Q2,1996q2,0.0213561839891153,0.3907424515270792,-4.237156384572403,-3.8464139330453238
SWE,Sweden,SWE,1996,3,1996.5,1996-Q3,1996q3,0.0213722667065669,0.3910365698936311,-4.236697715606429,-3.8456611457127976
SWE,Sweden,SWE,1996,4,1996.75,1996-Q4,1996q4,0.021640020052073,0.39688842299808025,-4.230099321381617,-3.833210898383537
SWE,Sweden,SWE,1997,1,1997.0,1997-Q1,1997q1,0.0222399825643813,0.4215681976555117,-4.227431791231235,-3.8058635935757237
SWE,Sweden,SWE,1997,2,1997.25,1997-Q2,1997q2,0.0225408069447054,0.4219291059274539,-4.214357076375103,-3.7924279704476493
SWE,Sweden,SWE,1997,3,1997.5,1997-Q3,1997q3,0.0226291555570999,0.42114274678783525,-4.2096588820174015,-3.788516135229566
SWE,Sweden,SWE,1997,4,1997.75,1997-Q4,1997q4,0.0230017681146452,0.43400790216788776,-4.206192093625781,-3.772184191457893
SWE,Sweden,SWE,1998,1,1998.0,1998-Q1,1998q1,0.0230413274124789,0.44004465211441746,-4.21051048353961,-3.770465831425193
SWE,Sweden,SWE,1998,2,1998.25,1998-Q2,1998q2,0.0232571399576302,0.4500727380080458,-4.211215837148984,-3.7611430991409383
SWE,Sweden,SWE,1998,3,1998.5,1998-Q3,1998q3,0.0234397547805104,0.45515029625173087,-4.2084720721621,-3.753321775910369
SWE,Sweden,SWE,1998,4,1998.75,1998-Q4,1998q4,0.0237194759620988,0.46483662148609195,-4.206295419243004,-3.741458797756912
SWE,Sweden,SWE,1999,1,1999.0,1999-Q1,1999q1,0.0233624343434734,0.45133335116920126,-4.207959267711823,-3.756625916542622
SWE,Sweden,SWE,1999,2,1999.25,1999-Q2,1999q2,0.0234704038248478,0.45265226083598664,-4.2046673241020285,-3.752015063266042
SWE,Sweden,SWE,1999,3,1999.5,1999-Q3,1999q3,0.0237475814920189,0.45783657268088485,-4.198111158282587,-3.740274585601702
SWE,Sweden,SWE,1999,4,1999.75,1999-Q4,1999q4,0.0239584813599211,0.4569693934990129,-4.188402283549777,-3.7314328900507645
SWE,Sweden,SWE,2000,1,2000.0,2000-Q1,2000q1,0.0237241629043077,0.4430609758446291,-4.184322194227946,-3.7412612183833165
SWE,Sweden,SWE,2000,2,2000.25,2000-Q2,2000q2,0.0244838802156286,0.47155781927039486,-4.181298147628699,-3.7097403283583037
SWE,Sweden,SWE,2000,3,2000.5,2000-Q3,2000q3,0.0246116849171845,0.47396527371125563,-4.17849922589675,-3.704533952185494
SWE,Sweden,SWE,2000,4,2000.75,2000-Q4,2000q4,0.0245615607638449,0.4666184496311563,-4.173191078337019,-3.7065726287058625
SWE,Sweden,SWE,2001,1,2001.0,2001-Q1,2001q1,0.0236118732687163,0.4274309637803202,-4.173436552638961,-3.7460055888586408
SWE,Sweden,SWE,2001,2,2001.25,2001-Q2,2001q2,0.0234645836542062,0.4215522577391959,-4.1738153309007995,-3.7522630731616036
SWE,Sweden,SWE,2001,3,2001.5,2001-Q3,2001q3,0.0236502457679611,0.4301658516330247,-4.174547623851253,-3.744381772218228
SWE,Sweden,SWE,2001,4,2001.75,2001-Q4,2001q4,0.0237425189658013,0.4302431866425356,-4.17073097567771,-3.7404877890351744
SWE,Sweden,SWE,2002,1,2002.0,2002-Q1,2002q1,0.0239114496436965,0.4276006782298527,-4.160998548399518,-3.7333978701696653
SWE,Sweden,SWE,2002,2,2002.25,2002-Q2,2002q2,0.0241897619284541,0.4313724098879348,-4.153198206030584,-3.7218257961426495
SWE,Sweden,SWE,2002,3,2002.5,2002-Q3,2002q3,0.024177538976839,0.4276895545091439,-4.150020772771553,-3.722331218262409
SWE,Sweden,SWE,2002,4,2002.75,2002-Q4,2002q4,0.0242052537875746,0.42427865992867986,-4.145464230650573,-3.721185570721893
SWE,Sweden,SWE,2003,1,2003.0,2003-Q1,2003q1,0.0245215604448577,0.43322323930587503,-4.141425769568831,-3.7082025302629558
SWE,Sweden,SWE,2003,2,2003.25,2003-Q2,2003q2,0.0244334543364315,0.4247859121036339,-4.136587918495714,-3.71180200639208
SWE,Sweden,SWE,2003,3,2003.5,2003-Q3,2003q3,0.0247336735598101,0.4289083305033201,-4.128497992287372,-3.6995896617840516
SWE,Sweden,SWE,2003,4,2003.75,2003-Q4,2003q4,0.024963631549315,0.4290884357722038,-4.119423687072228,-3.690335251300024
SWE,Sweden,SWE,2004,1,2004.0,2004-Q1,2004q1,0.0253704664471613,0.4369164364931586,-4.111085956256169,-3.67416951976301
SWE,Sweden,SWE,2004,2,2004.25,2004-Q2,2004q2,0.0256079903984183,0.43785157243864026,-4.102702423697901,-3.6648508512592604
SWE,Sweden,SWE,2004,3,2004.5,2004-Q3,2004q3,0.025810540794653,0.43883469730834346,-4.095807009867689,-3.656972312559345
SWE,Sweden,SWE,2004,4,2004.75,2004-Q4,2004q4,0.0259766698415526,0.4335987808236572,-4.084155238397759,-3.650556457574102
SWE,Sweden,SWE,2005,1,2005.0,2005-Q1,2005q1,0.0260438448818399,0.4299560678193286,-4.077929887448277,-3.647973819628948
SWE,Sweden,SWE,2005,2,2005.25,2005-Q2,2005q2,0.0259344934130807,0.4132991331895477,-4.065480537503734,-3.6521814043141863
SWE,Sweden,SWE,2005,3,2005.5,2005-Q3,2005q3,0.0263390236854166,0.4223741809728967,-4.059077830180438,-3.6367036492075417
SWE,Sweden,SWE,2005,4,2005.75,2005-Q4,2005q4,0.0261697048295478,0.40631311798065317,-4.04946595944698,-3.643152841466327
SWE,Sweden,SWE,2006,1,2006.0,2006-Q1,2006q1,0.0265964359727272,0.41427103468481885,-4.041249092843926,-3.626978058159107
SWE,Sweden,SWE,2006,2,2006.25,2006-Q2,2006q2,0.0268941199944636,0.41814704101325884,-4.0339946448477555,-3.6158476038344967
SWE,Sweden,SWE,2006,3,2006.5,2006-Q3,2006q3,0.0268764675900865,0.4104044086862735,-4.026908594708328,-3.616504186022054
SWE,Sweden,SWE,2006,4,2006.75,2006-Q4,2006q4,0.02698495279993,0.40462885925157455,-4.017104731287111,-3.612475872035536
SWE,Sweden,SWE,2007,1,2007.0,2007-Q1,2007q1,0.0269246555560685,0.39482409777913663,-4.009536946518625,-3.6147128487394884
SWE,Sweden,SWE,2007,2,2007.25,2007-Q2,2007q2,0.0271032197835139,0.3932614567616639,-4.0013642037158625,-3.6081027469541986
SWE,Sweden,SWE,2007,3,2007.5,2007-Q3,2007q3,0.0269955557453153,0.3804355029000628,-3.9925185314516303,-3.6120830285515675
SWE,Sweden,SWE,2007,4,2007.75,2007-Q4,2007q4,0.0272362528085761,0.3803905086064998,-3.983596877863246,-3.603206369256746
SWE,Sweden,SWE,2008,1,2008.0,2008-Q1,2008q1,0.0269949110373788,0.3697933885914644,-3.9819002994309596,-3.612106910839495
SWE,Sweden,SWE,2008,2,2008.25,2008-Q2,2008q2,0.0266712974952387,0.3544251026854832,-3.978592394666867,-3.624167291981384
SWE,Sweden,SWE,2008,3,2008.5,2008-Q3,2008q3,0.0265241537735751,0.3518806258074769,-3.981580123773969,-3.629699497966492
SWE,Sweden,SWE,2008,4,2008.75,2008-Q4,2008q4,0.0256368049064212,0.3315912222233157,-3.995317490552026,-3.6637262683287104
SWE,Sweden,SWE,2009,1,2009.0,2009-Q1,2009q1,0.0256021163973508,0.34567033319903206,-4.010750592341259,-3.6650802591422273
SWE,Sweden,SWE,2009,2,2009.25,2009-Q2,2009q2,0.0258246614116395,0.34757706220291684,-4.004002437140827,-3.6564253749379105
SWE,Sweden,SWE,2009,3,2009.5,2009-Q3,2009q3,0.0260208424516982,0.3433743385659165,-3.992231767904877,-3.6488574293389604
SWE,Sweden,SWE,2009,4,2009.75,2009-Q4,2009q4,0.0260817808193533,0.33895036844707116,-3.985468629751267,-3.646518261304196
SWE,Sweden,SWE,2010,1,2010.0,2010-Q1,2010q1,0.0265005397058743,0.3503201333442818,-3.9809103132822243,-3.6305901799379425
SWE,Sweden,SWE,2010,2,2010.25,2010-Q2,2010q2,0.0270773873123556,0.35754944225562957,-3.9666057581895937,-3.609056315933964
SWE,Sweden,SWE,2010,3,2010.5,2010-Q3,2010q3,0.0274285747954312,0.3645668868493983,-3.9607368201089788,-3.5961699332595805
SWE,Sweden,SWE,2010,4,2010.75,2010-Q4,2010q4,0.0275304735313875,0.35928745616902713,-3.9517492155856404,-3.5924617594166133
SWE,Sweden,SWE,2011,1,2011.0,2011-Q1,2011q1,0.0274765903262594,0.3555220260416405,-3.949942923742827,-3.5944208977011867
SWE,Sweden,SWE,2011,2,2011.25,2011-Q2,2011q2,0.0275171393960456,0.3502669211920586,-3.9432131388764726,-3.592946217684414
SWE,Sweden,SWE,2011,3,2011.5,2011-Q3,2011q3,0.0277399089004656,0.3530127111723158,-3.9378958593227056,-3.5848831481503898
SWE,Sweden,SWE,2011,4,2011.75,2011-Q4,2011q4,0.026888347245478,0.3217328302759288,-3.937795104403702,-3.6160622741277733
SWE,Sweden,SWE,2012,1,2012.0,2012-Q1,2012q1,0.0271653631714669,0.33093402516844295,-3.936746555141414,-3.605812529972971
SWE,Sweden,SWE,2012,2,2012.25,2012-Q2,2012q2,0.0272305760837166,0.331615227254634,-3.935030043560548,-3.603414816305914
SWE,Sweden,SWE,2012,3,2012.5,2012-Q3,2012q3,0.0274133698450956,0.3344181231889687,-3.931142557235305,-3.5967244340463362
SWE,Sweden,SWE,2012,4,2012.75,2012-Q4,2012q4,0.027032919366053,0.31552311798227395,-3.9262230378446903,-3.6106999198624163
SWE,Sweden,SWE,2013,1,2013.0,2013-Q1,2013q1,0.0271464163321987,0.3131857746277671,-3.9196960110728867,-3.6065102364451196
SWE,Sweden,SWE,2013,2,2013.25,2013-Q2,2013q2,0.0271167472401006,0.3033089322466367,-3.910912694874213,-3.6076037626275763
SWE,Sweden,SWE,2013,3,2013.5,2013-Q3,2013q3,0.0272900132995507,0.3042850426431247,-3.905519499563591,-3.601234456920466
SWE,Sweden,SWE,2013,4,2013.75,2013-Q4,2013q4,0.0273787667845356,0.30485782693404895,-3.9028453278103648,-3.597987500876316
SWE,Sweden,SWE,2014,1,2014.0,2014-Q1,2014q1,0.0274848131739069,0.3046369081386002,-3.8987585832149927,-3.5941216750763925
SWE,Sweden,SWE,2014,2,2014.25,2014-Q2,2014q2,0.0274797899534864,0.29967854704696384,-3.893983002318197,-3.5943044552712333
SWE,Sweden,SWE,2014,3,2014.5,2014-Q3,2014q3,0.0274588654869409,0.29685854658111044,-3.8919247411919593,-3.595066194610849
SWE,Sweden,SWE,2014,4,2014.75,2014-Q4,2014q4,0.0275786882170408,0.294473361268798,-3.8851853318508356,-3.5907119705820376
SWE,Sweden,SWE,2015,1,2015.0,2015-Q1,2015q1,0.0278291969218136,0.29996793702379376,-3.8816374974488594,-3.5816695604250657
SWE,Sweden,SWE,2015,2,2015.25,2015-Q2,2015q2,0.0284457928004599,0.3172914168657699,-3.877046426686889,-3.559755009821119
SWE,Sweden,SWE,2015,3,2015.5,2015-Q3,2015q3,0.0282458405174474,0.30617362008585536,-3.872982690636614,-3.5668090705507587
SWE,Sweden,SWE,2015,4,2015.75,2015-Q4,2015q4,0.028397577078595,0.31244061131206635,-3.8738920629004796,-3.5614514515884133
SWE,Sweden,SWE,2016,1,2016.0,2016-Q1,2016q1,0.0282425097467078,0.30821614776457107,-3.875143146019994,-3.566926998255423
SWE,Sweden,SWE,2016,2,2016.25,2016-Q2,2016q2,0.0282825655929757,0.30229827148026356,-3.8678079924394737,-3.56550972095921
SWE,Sweden,SWE,2016,3,2016.5,2016-Q3,2016q3,0.0284520916542152,0.30776446079964304,-3.867298061552871,-3.559533600753228
SWE,Sweden,SWE,2016,4,2016.75,2016-Q4,2016q4,0.0283323671848343,0.2952680897496518,-3.8590185008497677,-3.563750411100116
SWE,Sweden,SWE,2017,1,2017.0,2017-Q1,2017q1,0.0283314152674141,0.29056722833629145,-3.8543512382319376,-3.563784009895646
SWE,Sweden,SWE,2017,2,2017.25,2017-Q2,2017q2,0.0283117781549215,0.28220550464501715,-3.8466828763408323,-3.564477371695815
SWE,Sweden,SWE,2017,3,2017.5,2017-Q3,2017q3,0.0282658299498904,0.2771366592628386,-3.8432382853826903,-3.5661016261198517
SWE,Sweden,SWE,2017,4,2017.75,2017-Q4,2017q4,0.0283102005856605,0.27325137375303576,-3.837784468307589,-3.564533094554553
SWE,Sweden,SWE,2018,1,2018.0,2018-Q1,2018q1,0.0282929257005584,0.2681845252531434,-3.8333280060803943,-3.565143480827251
SWE,Sweden,SWE,2018,2,2018.25,2018-Q2,2018q2,0.0283960661414948,0.2641874323341371,-3.8256920918879103,-3.561504659553773
SWE,Sweden,SWE,2018,3,2018.5,2018-Q3,2018q3,0.0283730958281904,0.26194417425998484,-3.824258087068906,-3.562313912808921
SWE,Sweden,SWE,2018,4,2018.75,2018-Q4,2018q4,0.0285815720976716,0.269986201712479,-3.8249793027892887,-3.5549931010768097
SWE,Sweden,SWE,2019,1,2019.0,2019-Q1,2019q1,0.0286515028429295,0.26884186677246813,-3.821391248718992,-3.5525493819465237
SWE,Sweden,SWE,2019,2,2019.25,2019-Q2,2019q2,0.0290747413745154,0.2756814666017564,-3.8135669423342766,-3.53788547573252
SWE,Sweden,SWE,2019,3,2019.5,2019-Q3,2019q3,0.0289135672051062,0.26868808195245597,-3.8121324225111266,-3.5434443405586706
SWE,Sweden,SWE,2019,4,2019.75,2019-Q4,2019q4,0.0292093410207773,0.2819830225730886,-3.8152497454656107,-3.533266722892522
SWE,Sweden,SWE,2020,1,2020.0,2020-Q1,2020q1,0.0293944661166127,0.2872578093137763,-3.8142066589943626,-3.5269488496805863
SWE,Sweden,SWE,2020,2,2020.25,2020-Q2,2020q2,0.0274530292022384,0.28690957900923264,-3.8821883426730164,-3.5952787636637837
SWE,Sweden,SWE,2020,3,2020.5,2020-Q3,2020q3,0.0290157429144618,0.28747755704795663,-3.8273942942189545,-3.539916737170998
SWE,Sweden,SWE,2020,4,2020.75,2020-Q4,2020q4,0.0289990723182865,0.27779722772349213,-3.8182886662554183,-3.540491438531926
SWE,Sweden,SWE,2021,1,2021.0,2021-Q1,2021q1,0.0299950301629962,0.29256389081209777,-3.799287463088877,-3.5067235722767793
SWE,Sweden,SWE,2021,2,2021.25,2021-Q2,2021q2,0.0299494088817577,0.2859974173340105,-3.7942431087856,-3.5082456914515894
SWE,Sweden,SWE,2021,3,2021.5,2021-Q3,2021q3,0.0296609126185678,0.2739962175398927,-3.7919213909475182,-3.5179251734076256
SWE,Sweden,SWE,2021,4,2021.75,2021-Q4,2021q4,0.0300456866504079,0.27858855982584974,-3.7836247272174144,-3.5050361673915646
SWE,Sweden,SWE,2022,1,2022.0,2022-Q1,2022q1,0.029728739234434,0.2670464829534813,-3.7826875330083403,-3.515641050054859
SWE,Sweden,SWE,2022,2,2022.25,2022-Q2,2022q2,0.0296664437573489,0.2643536404654441,-3.7820923522090077,-3.5177387117435637
SWE,Sweden,SWE,2022,3,2022.5,2022-Q3,2022q3,0.0293317920388223,0.25310918695477946,-3.782192485638369,-3.5290832986835894
SWE,Sweden,SWE,2022,4,2022.75,2022-Q4,2022q4,0.0289945400082169,0.24083374268810243,-3.7814814849885647,-3.5406477423004623
SWE,Sweden,SWE,2023,1,2023.0,2023-Q1,2023q1,0.0292442489600515,0.25059275781734547,-3.7826650992036,-3.5320723413862547
SWE,Sweden,SWE,2023,2,2023.25,2023-Q2,2023q2,0.0288791716114816,0.23626475886762277,-3.780899408049487,-3.544634649181864
SWE,Sweden,SWE,2023,3,2023.5,2023-Q3,2023q3,0.0290316107175099,0.24134178660677685,-3.7807118045063346,-3.5393700178995577
SWE,Sweden,SWE,2023,4,2023.75,2023-Q4,2023q4,0.0288855767580504,0.2343593081466291,-3.7787721907052205,-3.5444128825585914
SWE,Sweden,SWE,2024,1,2024.0,2024-Q1,2024q1,0.0294549075099007,0.250861273562736,-3.775756017623659,-3.524894744060923
SWE,Sweden,SWE,2024,2,2024.25,2024-Q2,2024q2,0.0292469278637674,0.23900566529564404,-3.770986406414534,-3.53198074111889
SWE,Sweden,SWE,2024,3,2024.5,2024-Q3,2024q3,0.0294572123585492,0.24035993990728466,-3.765176436957072,-3.5248164970497875
SWE,Sweden,SWE,2024,4,2024.75,2024-Q4,2024q4,0.029746943891282,0.24710680520976203,-3.7621356838204347,-3.5150288786106727
SWE,Sweden,SWE,2025,1,2025.0,2025-Q1,2025q1,0.0295883754115235,0.23746706226175718,-3.757840779633255,-3.520373717371498
SWE,Sweden,SWE,2025,2,2025.25,2025-Q2,2025q2,0.0298033929264171,0.2397295216372961,-3.7528625569980663,-3.51313303536077
SWE,Sweden,SWE,2025,3,2025.5,2025-Q3,2025q3,0.0300267166853723,0.24255887123810504,-3.7482266086888907,-3.5056677374507856
SWE,Sweden,SWE,2025,4,2025.75,2025-Q4,2025q4,0.0300553603105214,0.24243746589010895,-3.747151720080949,-3.5047142541908403
THA,Thailand,THA,1995,1,1995.0,1995-Q1,1995q1,0.0015079992223098,-2.242896956519452,-4.254074568586735,-6.496971525106187
THA,Thailand,THA,1995,2,1995.25,1995-Q2,1995q2,0.0015424538479425,-2.223940516299878,-4.2504402066290705,-6.474380722928949
THA,Thailand,THA,1995,3,1995.5,1995-Q3,1995q3,0.0015349441288445,-2.231910250374221,-4.24735104637809,-6.479261296752311
THA,Thailand,THA,1995,4,1995.75,1995-Q4,1995q4,0.0015617806885322,-2.2175091557762263,-4.244419485914777,-6.461928641691003
THA,Thailand,THA,1996,1,1996.0,1996-Q1,1996q1,0.0015792867147059,-2.209707085025081,-4.241074895239452,-6.450781980264533
THA,Thailand,THA,1996,2,1996.25,1996-Q2,1996q2,0.0016588081481851,-2.1644995329355554,-4.237156384572403,-6.401655917507958
THA,Thailand,THA,1996,3,1996.5,1996-Q3,1996q3,0.001662091815122,-2.162980624712616,-4.236697715606429,-6.399678340319045
THA,Thailand,THA,1996,4,1996.75,1996-Q4,1996q4,0.0016528094675636,-2.1751794100369315,-4.230099321381617,-6.405278731418549
THA,Thailand,THA,1997,1,1997.0,1997-Q1,1997q1,0.0015406805977621,-2.248099222356232,-4.227431791231235,-6.475531013587467
THA,Thailand,THA,1997,2,1997.25,1997-Q2,1997q2,0.0015848504254678,-2.2329081685208356,-4.214357076375103,-6.447265244895939
THA,Thailand,THA,1997,3,1997.5,1997-Q3,1997q3,0.00156540802532,-2.2499498878996125,-4.2096588820174015,-6.459608769917014
THA,Thailand,THA,1997,4,1997.75,1997-Q4,1997q4,0.0015056107813105,-2.292364534726362,-4.206192093625781,-6.4985566283521425
THA,Thailand,THA,1998,1,1998.0,1998-Q1,1998q1,0.001494137221015,-2.2956958648807344,-4.21051048353961,-6.506206348420345
THA,Thailand,THA,1998,2,1998.25,1998-Q2,1998q2,0.0014358069721085,-2.3348124007796267,-4.211215837148984,-6.546028237928611
THA,Thailand,THA,1998,3,1998.5,1998-Q3,1998q3,0.0014561446153585,-2.3234909382425855,-4.2084720721621,-6.531963010404685
THA,Thailand,THA,1998,4,1998.75,1998-Q4,1998q4,0.0015158022513895,-2.285515022063075,-4.206295419243004,-6.491810441306079
THA,Thailand,THA,1999,1,1999.0,1999-Q1,1999q1,0.0015104916267209,-2.287360832823479,-4.207959267711823,-6.495320100535302
THA,Thailand,THA,1999,2,1999.25,1999-Q2,1999q2,0.0015178989560082,-2.285760842016611,-4.2046673241020285,-6.490428166118639
THA,Thailand,THA,1999,3,1999.5,1999-Q3,1999q3,0.0015756993244262,-2.2549449314589722,-4.198111158282587,-6.453056089741559
THA,Thailand,THA,1999,4,1999.75,1999-Q4,1999q4,0.001582521769113,-2.2603333643372263,-4.188402283549777,-6.448735647887004
THA,Thailand,THA,2000,1,2000.0,2000-Q1,2000q1,0.0015653510998077,-2.2753229409985867,-4.184322194227946,-6.459645135226532
THA,Thailand,THA,2000,2,2000.25,2000-Q2,2000q2,0.0015627996715538,-2.2799782573198986,-4.181298147628699,-6.461276404948597
THA,Thailand,THA,2000,3,2000.5,2000-Q3,2000q3,0.0015742193294437,-2.275496567534992,-4.17849922589675,-6.453995793431742
THA,Thailand,THA,2000,4,2000.75,2000-Q4,2000q4,0.0015817724521315,-2.2760181772129355,-4.173191078337019,-6.449209255549954
THA,Thailand,THA,2001,1,2001.0,2001-Q1,2001q1,0.0016924784279069,-2.208124746317658,-4.173436552638961,-6.381561298956619
THA,Thailand,THA,2001,2,2001.25,2001-Q2,2001q2,0.0016839691844821,-2.2127863314297596,-4.1738153309007995,-6.386601662330559
THA,Thailand,THA,2001,3,2001.5,2001-Q3,2001q3,0.0016421957077593,-2.2371734625554858,-4.174547623851253,-6.411721086406739
THA,Thailand,THA,2001,4,2001.75,2001-Q4,2001q4,0.0016637621046639,-2.227942937073191,-4.17073097567771,-6.398673912750901
THA,Thailand,THA,2002,1,2002.0,2002-Q1,2002q1,0.0016972897965229,-2.217723989008517,-4.160998548399518,-6.378722537408035
THA,Thailand,THA,2002,2,2002.25,2002-Q2,2002q2,0.0017340340869081,-2.204106536823269,-4.153198206030584,-6.357304742853853
THA,Thailand,THA,2002,3,2002.5,2002-Q3,2002q3,0.0017222707218431,-2.214090898947931,-4.150020772771553,-6.364111671719484
THA,Thailand,THA,2002,4,2002.75,2002-Q4,2002q4,0.0017398413405408,-2.2084971228598445,-4.145464230650573,-6.353961353510417
THA,Thailand,THA,2003,1,2003.0,2003-Q1,2003q1,0.0017675986515484,-2.1967075780106136,-4.141425769568831,-6.338133347579444
THA,Thailand,THA,2003,2,2003.25,2003-Q2,2003q2,0.0017893223794937,-2.189330371247352,-4.136587918495714,-6.325918289743066
THA,Thailand,THA,2003,3,2003.5,2003-Q3,2003q3,0.0018194594409259,-2.1807178402026848,-4.128497992287372,-6.3092158324900565
THA,Thailand,THA,2003,4,2003.75,2003-Q4,2003q4,0.0018358264873699,-2.1808368099673787,-4.119423687072228,-6.3002604970396066
THA,Thailand,THA,2004,1,2004.0,2004-Q1,2004q1,0.0018439551667228,-2.184756510944183,-4.111085956256169,-6.295842467200352
THA,Thailand,THA,2004,2,2004.25,2004-Q2,2004q2,0.0018582576056424,-2.1854135777634403,-4.102702423697901,-6.288116001461341
THA,Thailand,THA,2004,3,2004.5,2004-Q3,2004q3,0.0018639522060664,-2.18924919370209,-4.095807009867689,-6.285056203569779
THA,Thailand,THA,2004,4,2004.75,2004-Q4,2004q4,0.0018987071600738,-2.182426828084176,-4.084155238397759,-6.266582066481935
THA,Thailand,THA,2005,1,2005.0,2005-Q1,2005q1,0.0018822738834936,-2.1973448330663743,-4.077929887448277,-6.275274720514651
THA,Thailand,THA,2005,2,2005.25,2005-Q2,2005q2,0.0019205859215956,-2.1896444344951345,-4.065480537503734,-6.255124971998868
THA,Thailand,THA,2005,3,2005.5,2005-Q3,2005q3,0.0019294530858032,-2.1914408612747547,-4.059077830180438,-6.250518691455193
THA,Thailand,THA,2005,4,2005.75,2005-Q4,2005q4,0.0019450842212539,-2.19298404198634,-4.04946595944698,-6.24245000143332
THA,Thailand,THA,2006,1,2006.0,2006-Q1,2006q1,0.0019504804533865,-2.1984304575586364,-4.041249092843926,-6.239679550402562
THA,Thailand,THA,2006,2,2006.25,2006-Q2,2006q2,0.0019637722181413,-2.198893409471265,-4.0339946448477555,-6.23288805431902
THA,Thailand,THA,2006,3,2006.5,2006-Q3,2006q3,0.0019958303793293,-2.1897864902915094,-4.026908594708328,-6.216695084999837
THA,Thailand,THA,2006,4,2006.75,2006-Q4,2006q4,0.002029231881358,-2.1829932098139437,-4.017104731287111,-6.200097941101054
THA,Thailand,THA,2007,1,2007.0,2007-Q1,2007q1,0.0020423061064283,-2.1841387187508525,-4.009536946518625,-6.1936756652694775
THA,Thailand,THA,2007,2,2007.25,2007-Q2,2007q2,0.0020527913843294,-2.18719055742946,-4.0013642037158625,-6.188554761145323
THA,Thailand,THA,2007,3,2007.5,2007-Q3,2007q3,0.0020623499545349,-2.19139066026658,-3.9925185314516303,-6.18390919171821
THA,Thailand,THA,2007,4,2007.75,2007-Q4,2007q4,0.0020850546555047,-2.18936333254038,-3.983596877863246,-6.172960210403626
THA,Thailand,THA,2008,1,2008.0,2008-Q1,2008q1,0.0020770400767213,-2.1949111393588607,-3.9819002994309596,-6.17681143878982
THA,Thailand,THA,2008,2,2008.25,2008-Q2,2008q2,0.0020698228313869,-2.201699869402895,-3.978592394666867,-6.180292264069762
THA,Thailand,THA,2008,3,2008.5,2008-Q3,2008q3,0.0020709840654956,-2.1981512669355716,-3.981580123773969,-6.179731390709541
THA,Thailand,THA,2008,4,2008.75,2008-Q4,2008q4,0.0020127099726044,-2.212955729348599,-3.995317490552026,-6.208273219900625
THA,Thailand,THA,2009,1,2009.0,2009-Q1,2009q1,0.0019492922416422,-2.2295383329526057,-4.010750592341259,-6.240288925293865
THA,Thailand,THA,2009,2,2009.25,2009-Q2,2009q2,0.0019595437536,-2.231041174471579,-4.004002437140827,-6.235043611612406
THA,Thailand,THA,2009,3,2009.5,2009-Q3,2009q3,0.0020359559878886,-2.2045580295732226,-3.992231767904877,-6.196789797478099
THA,Thailand,THA,2009,4,2009.75,2009-Q4,2009q4,0.0020810474637015,-2.1894152939576577,-3.985468629751267,-6.174883923708925
THA,Thailand,THA,2010,1,2010.0,2010-Q1,2010q1,0.0021279781702952,-2.1716726525930565,-3.9809103132822243,-6.152582965875281
THA,Thailand,THA,2010,2,2010.25,2010-Q2,2010q2,0.0021424436202048,-2.17920246460591,-3.9666057581895937,-6.1458082227955035
THA,Thailand,THA,2010,3,2010.5,2010-Q3,2010q3,0.0021345788706274,-2.1887490819405837,-3.9607368201089788,-6.1494859020495625
THA,Thailand,THA,2010,4,2010.75,2010-Q4,2010q4,0.0021397516696818,-2.1953162833009205,-3.9517492155856404,-6.147065498886561
THA,Thailand,THA,2011,1,2011.0,2011-Q1,2011q1,0.0021821510975357,-2.1775012229593216,-3.949942923742827,-6.127444146702149
THA,Thailand,THA,2011,2,2011.25,2011-Q2,2011q2,0.0021477900376963,-2.2001027160503157,-3.9432131388764726,-6.143315854926788
THA,Thailand,THA,2011,3,2011.5,2011-Q3,2011q3,0.0021608441116626,-2.199360481866445,-3.9378958593227056,-6.1372563411891505
THA,Thailand,THA,2011,4,2011.75,2011-Q4,2011q4,0.0020273257807872,-2.2632425993581267,-3.937795104403702,-6.201037703761829
THA,Thailand,THA,2012,1,2012.0,2012-Q1,2012q1,0.002213722729612,-2.176333132441105,-3.936746555141414,-6.113079687582519
THA,Thailand,THA,2012,2,2012.25,2012-Q2,2012q2,0.0022435545243034,-2.164663786049933,-3.935030043560548,-6.099693829610481
THA,Thailand,THA,2012,3,2012.5,2012-Q3,2012q3,0.0022574976180445,-2.162355770568175,-3.931142557235305,-6.09349832780348
THA,Thailand,THA,2012,4,2012.75,2012-Q4,2012q4,0.0022988955959012,-2.14910340921874,-3.9262230378446903,-6.07532644706343
THA,Thailand,THA,2013,1,2013.0,2013-Q1,2013q1,0.0023052033977091,-2.1528903533975052,-3.9196960110728867,-6.072586364470392
THA,Thailand,THA,2013,2,2013.25,2013-Q2,2013q2,0.0022915929712534,-2.167595387738994,-3.910912694874213,-6.078508082613207
THA,Thailand,THA,2013,3,2013.5,2013-Q3,2013q3,0.0023373590096189,-2.1532141157975464,-3.905519499563591,-6.058733615361137
THA,Thailand,THA,2013,4,2013.75,2013-Q4,2013q4,0.0023233477861583,-2.161900794358692,-3.9028453278103648,-6.064746122169057
THA,Thailand,THA,2014,1,2014.0,2014-Q1,2014q1,0.0023475508718972,-2.1556240932319355,-3.8987585832149927,-6.054382676446928
THA,Thailand,THA,2014,2,2014.25,2014-Q2,2014q2,0.0023798374378359,-2.146740094743636,-3.893983002318197,-6.040723097061833
THA,Thailand,THA,2014,3,2014.5,2014-Q3,2014q3,0.0024006304776363,-2.1400991359204977,-3.8919247411919593,-6.032023877112457
THA,Thailand,THA,2014,4,2014.75,2014-Q4,2014q4,0.0024283369037389,-2.135363325842178,-3.8851853318508356,-6.020548657693014
THA,Thailand,THA,2015,1,2015.0,2015-Q1,2015q1,0.0024386630693445,-2.1346678147922953,-3.8816374974488594,-6.016305312241155
THA,Thailand,THA,2015,2,2015.25,2015-Q2,2015q2,0.0024544000121292,-2.132826515162629,-3.877046426686889,-6.009872941849518
THA,Thailand,THA,2015,3,2015.5,2015-Q3,2015q3,0.0024894325083139,-2.122717812151622,-3.872982690636614,-5.995700502788236
THA,Thailand,THA,2015,4,2015.75,2015-Q4,2015q4,0.0024889834977327,-2.12198882279745,-3.8738920629004796,-5.99588088569793
THA,Thailand,THA,2016,1,2016.0,2016-Q1,2016q1,0.0025229087446666,-2.107199633332459,-3.875143146019994,-5.982342779352453
THA,Thailand,THA,2016,2,2016.25,2016-Q2,2016q2,0.0025778875222992,-2.092977012807112,-3.8678079924394737,-5.960785005246586
THA,Thailand,THA,2016,3,2016.5,2016-Q3,2016q3,0.0025723161432851,-2.0956505013116873,-3.867298061552871,-5.962948562864558
THA,Thailand,THA,2016,4,2016.75,2016-Q4,2016q4,0.0026311442434056,-2.081317953021494,-3.8590185008497677,-5.940336453871262
THA,Thailand,THA,2017,1,2017.0,2017-Q1,2017q1,0.0026400073843809,-2.082622326481909,-3.8543512382319376,-5.936973564713846
THA,Thailand,THA,2017,2,2017.25,2017-Q2,2017q2,0.0026898441543893,-2.0715891458771276,-3.8466828763408323,-5.91827202221796
THA,Thailand,THA,2017,3,2017.5,2017-Q3,2017q3,0.0027340254462086,-2.0587419480225675,-3.8432382853826903,-5.901980233405258
THA,Thailand,THA,2017,4,2017.75,2017-Q4,2017q4,0.0027420942186227,-2.061248868847336,-3.837784468307589,-5.899033337154925
THA,Thailand,THA,2018,1,2018.0,2018-Q1,2018q1,0.0027836228949681,-2.0506739939979863,-3.8333280060803943,-5.884002000078381
THA,Thailand,THA,2018,2,2018.25,2018-Q2,2018q2,0.0027956292628618,-2.054005967057219,-3.8256920918879103,-5.879698058945129
THA,Thailand,THA,2018,3,2018.5,2018-Q3,2018q3,0.0027735692774576,-2.0633621533606354,-3.824258087068906,-5.887620240429541
THA,Thailand,THA,2018,4,2018.75,2018-Q4,2018q4,0.002786795443101,-2.0578836271929584,-3.8249793027892887,-5.882862929982247
THA,Thailand,THA,2019,1,2019.0,2019-Q1,2019q1,0.0028307736337198,-2.045813987160859,-3.821391248718992,-5.867205235879851
THA,Thailand,THA,2019,2,2019.25,2019-Q2,2019q2,0.0028700851520344,-2.0398466376180706,-3.8135669423342766,-5.853413579952347
THA,Thailand,THA,2019,3,2019.5,2019-Q3,2019q3,0.0029053295311345,-2.0290760367538514,-3.8121324225111266,-5.841208459264978
THA,Thailand,THA,2019,4,2019.75,2019-Q4,2019q4,0.0028515863295705,-2.0446300872172705,-3.8152497454656107,-5.859879832682881
THA,Thailand,THA,2020,1,2020.0,2020-Q1,2020q1,0.002788005844193,-2.068222030896213,-3.8142066589943626,-5.882428689890576
THA,Thailand,THA,2020,2,2020.25,2020-Q2,2020q2,0.0025149841258791,-2.103300444555031,-3.8821883426730164,-5.985488787228047
THA,Thailand,THA,2020,3,2020.5,2020-Q3,2020q3,0.0026959290745883,-2.088618099704463,-3.8273942942189545,-5.916012393923418
THA,Thailand,THA,2020,4,2020.75,2020-Q4,2020q4,0.002675077462847,-2.105488274724381,-3.8182886662554183,-5.923776940979799
THA,Thailand,THA,2021,1,2021.0,2021-Q1,2021q1,0.0026688242093116,-2.1268298115172506,-3.799287463088877,-5.926117274606128
THA,Thailand,THA,2021,2,2021.25,2021-Q2,2021q2,0.0026648694288179,-2.133357108594061,-3.7942431087856,-5.927600217379661
THA,Thailand,THA,2021,3,2021.5,2021-Q3,2021q3,0.0025973650985641,-2.1613363804973025,-3.7919213909475182,-5.953257771444821
THA,Thailand,THA,2021,4,2021.75,2021-Q4,2021q4,0.0026697503188434,-2.142145597267026,-3.7836247272174144,-5.92577032448444
THA,Thailand,THA,2022,1,2022.0,2022-Q1,2022q1,0.0026846346614839,-2.1375230937572964,-3.7826875330083403,-5.920210626765637
THA,Thailand,THA,2022,2,2022.25,2022-Q2,2022q2,0.0026844865121372,-2.1381734602534856,-3.7820923522090077,-5.920265812462493
THA,Thailand,THA,2022,3,2022.5,2022-Q3,2022q3,0.0026787504419501,-2.140212360554427,-3.782192485638369,-5.922404846192796
THA,Thailand,THA,2022,4,2022.75,2022-Q4,2022q4,0.0026841229394577,-2.1389197713661816,-3.7814814849885647,-5.920401256354746
THA,Thailand,THA,2023,1,2023.0,2023-Q1,2023q1,0.0026865395845948,-2.1368362140661437,-3.7826650992036,-5.919501313269744
THA,Thailand,THA,2023,2,2023.25,2023-Q2,2023q2,0.0026923464466033,-2.1364427725557182,-3.780899408049487,-5.917342180605205
THA,Thailand,THA,2023,3,2023.5,2023-Q3,2023q3,0.0027164221211081,-2.1277278567129176,-3.7807118045063346,-5.908439661219252
THA,Thailand,THA,2023,4,2023.75,2023-Q4,2023q4,0.0027009359464622,-2.1353847284969154,-3.7787721907052205,-5.914156919202136
THA,Thailand,THA,2024,1,2024.0,2024-Q1,2024q1,0.0027435340699168,-2.1227523655054257,-3.775756017623659,-5.8985083831290845
THA,Thailand,THA,2024,2,2024.25,2024-Q2,2024q2,0.0027764248007887,-2.115604815409649,-3.770986406414534,-5.886591221824183
THA,Thailand,THA,2024,3,2024.5,2024-Q3,2024q3,0.0028068586570772,-2.110512899644069,-3.765176436957072,-5.875689336601141
THA,Thailand,THA,2024,4,2024.75,2024-Q4,2024q4,0.002815521924137,-2.1104719425368454,-3.7621356838204347,-5.87260762635728
THA,Thailand,THA,2025,1,2025.0,2025-Q1,2025q1,0.002840810745625,-2.105825014104043,-3.757840779633255,-5.863665793737298
THA,Thailand,THA,2025,2,2025.25,2025-Q2,2025q2,0.0028536039859762,-2.10630997009877,-3.7528625569980663,-5.8591725270968364
THA,Thailand,THA,2025,3,2025.5,2025-Q3,2025q3,0.0028539201275163,-2.1108351377842856,-3.7482266086888907,-5.859061746473176
THA,Thailand,THA,2025,4,2025.75,2025-Q4,2025q4,0.0029167155423605,-2.090145389959435,-3.747151720080949,-5.837297110040384
TUN,Tunisia,TUN,2000,1,2000.0,2000-Q1,2000q1,0.0029979788242608,-1.6254947483873234,-4.184322194227946,-5.809816942615269
TUN,Tunisia,TUN,2000,2,2000.25,2000-Q2,2000q2,0.0030111867305233,-1.6241228676614181,-4.181298147628699,-5.805421015290117
TUN,Tunisia,TUN,2000,3,2000.5,2000-Q3,2000q3,0.0030605946420238,-1.6106468285414746,-4.17849922589675,-5.789146054438224
TUN,Tunisia,TUN,2000,4,2000.75,2000-Q4,2000q4,0.0031054450327862,-1.6014071677406863,-4.173191078337019,-5.774598246077705
TUN,Tunisia,TUN,2001,1,2001.0,2001-Q1,2001q1,0.0031073746265562,-1.6005405281908063,-4.173436552638961,-5.773977080829767
TUN,Tunisia,TUN,2001,2,2001.25,2001-Q2,2001q2,0.0030927408893572,-1.604882231131291,-4.1738153309007995,-5.77869756203209
TUN,Tunisia,TUN,2001,3,2001.5,2001-Q3,2001q3,0.0030633302238879,-1.6137050224848295,-4.174547623851253,-5.788252646336082
TUN,Tunisia,TUN,2001,4,2001.75,2001-Q4,2001q4,0.0030701587878128,-1.6152950206282863,-4.17073097567771,-5.786025996305996
TUN,Tunisia,TUN,2002,1,2002.0,2002-Q1,2002q1,0.0030509298946949,-1.6313103029243061,-4.160998548399518,-5.792308851323824
TUN,Tunisia,TUN,2002,2,2002.25,2002-Q2,2002q2,0.0030489704058487,-1.6397531111753212,-4.153198206030584,-5.7929513172059055
TUN,Tunisia,TUN,2002,3,2002.5,2002-Q3,2002q3,0.0030392599461058,-1.6461204592094703,-4.150020772771553,-5.796141231981023
TUN,Tunisia,TUN,2002,4,2002.75,2002-Q4,2002q4,0.0030551370287671,-1.6454666027803286,-4.145464230650573,-5.7909308334309015
TUN,Tunisia,TUN,2003,1,2003.0,2003-Q1,2003q1,0.003035822660124,-1.6558470639298637,-4.141425769568831,-5.7972728334986945
TUN,Tunisia,TUN,2003,2,2003.25,2003-Q2,2003q2,0.0031066826785803,-1.6376118664208628,-4.136587918495714,-5.7741997849165765
TUN,Tunisia,TUN,2003,3,2003.5,2003-Q3,2003q3,0.0031459689323396,-1.6331353573968235,-4.128497992287372,-5.761633349684195
TUN,Tunisia,TUN,2003,4,2003.75,2003-Q4,2003q4,0.0031693174188329,-1.6348153524958446,-4.119423687072228,-5.7542390395680725
TUN,Tunisia,TUN,2004,1,2004.0,2004-Q1,2004q1,0.0032099846853028,-1.6304031565291321,-4.111085956256169,-5.741489112785301
TUN,Tunisia,TUN,2004,2,2004.25,2004-Q2,2004q2,0.0032097282938521,-1.6388665653845704,-4.102702423697901,-5.741568989082471
TUN,Tunisia,TUN,2004,3,2004.5,2004-Q3,2004q3,0.0032483957735712,-1.6337870027693384,-4.095807009867689,-5.729594012637027
TUN,Tunisia,TUN,2004,4,2004.75,2004-Q4,2004q4,0.0032477327941853,-1.6456428894692197,-4.084155238397759,-5.729798127866979
TUN,Tunisia,TUN,2005,1,2005.0,2005-Q1,2005q1,0.0032174750746178,-1.6612284778922568,-4.077929887448277,-5.739158365340534
TUN,Tunisia,TUN,2005,2,2005.25,2005-Q2,2005q2,0.0032577240215976,-1.6612459428061737,-4.065480537503734,-5.726726480309908
TUN,Tunisia,TUN,2005,3,2005.5,2005-Q3,2005q3,0.0032747783972436,-1.6624272469676464,-4.059077830180438,-5.721505077148085
TUN,Tunisia,TUN,2005,4,2005.75,2005-Q4,2005q4,0.0032932525753205,-1.666413618407967,-4.04946595944698,-5.715879577854947
TUN,Tunisia,TUN,2006,1,2006.0,2006-Q1,2006q1,0.0033133161133269,-1.6685566513363836,-4.041249092843926,-5.70980574418031
TUN,Tunisia,TUN,2006,2,2006.25,2006-Q2,2006q2,0.0033309409901672,-1.6705057904303429,-4.0339946448477555,-5.704500435278098
TUN,Tunisia,TUN,2006,3,2006.5,2006-Q3,2006q3,0.003342328097084,-1.6741790850462168,-4.026908594708328,-5.7010876797545444
TUN,Tunisia,TUN,2006,4,2006.75,2006-Q4,2006q4,0.0033847036278898,-1.6713841997016354,-4.017104731287111,-5.688488930988746
TUN,Tunisia,TUN,2007,1,2007.0,2007-Q1,2007q1,0.0034506370588653,-1.6596594637232673,-4.009536946518625,-5.669196410241892
TUN,Tunisia,TUN,2007,2,2007.25,2007-Q2,2007q2,0.0034814365049541,-1.6589460778738276,-4.0013642037158625,-5.66031028158969
TUN,Tunisia,TUN,2007,3,2007.5,2007-Q3,2007q3,0.0034714377305149,-1.670667907822868,-3.9925185314516303,-5.663186439274498
TUN,Tunisia,TUN,2007,4,2007.75,2007-Q4,2007q4,0.0034945117361694,-1.672964738720633,-3.983596877863246,-5.656561616583879
TUN,Tunisia,TUN,2008,1,2008.0,2008-Q1,2008q1,0.0035491862597584,-1.6591366249426374,-3.9819002994309596,-5.641036924373597
TUN,Tunisia,TUN,2008,2,2008.25,2008-Q2,2008q2,0.0035203715170594,-1.670596355655558,-3.978592394666867,-5.649188750322425
TUN,Tunisia,TUN,2008,3,2008.5,2008-Q3,2008q3,0.003553704251653,-1.6581846445677524,-3.981580123773969,-5.639764768341721
TUN,Tunisia,TUN,2008,4,2008.75,2008-Q4,2008q4,0.0035429063204855,-1.6474904036286273,-3.995317490552026,-5.642807894180653
TUN,Tunisia,TUN,2009,1,2009.0,2009-Q1,2009q1,0.0035499134013302,-1.6300814774425847,-4.010750592341259,-5.640832069783844
TUN,Tunisia,TUN,2009,2,2009.25,2009-Q2,2009q2,0.0035896703508715,-1.6256924678270055,-4.004002437140827,-5.629694904967833
TUN,Tunisia,TUN,2009,3,2009.5,2009-Q3,2009q3,0.0036163902914944,-1.630047139777159,-3.992231767904877,-5.622278907682036
TUN,Tunisia,TUN,2009,4,2009.75,2009-Q4,2009q4,0.0036400808958907,-1.6302807436833762,-3.985468629751267,-5.615749373434643
TUN,Tunisia,TUN,2010,1,2010.0,2010-Q1,2010q1,0.0036541819038542,-1.6309727268665468,-3.9809103132822243,-5.611883040148771
TUN,Tunisia,TUN,2010,2,2010.25,2010-Q2,2010q2,0.0036486133812714,-1.6468023209188174,-3.9666057581895937,-5.613408079108411
TUN,Tunisia,TUN,2010,3,2010.5,2010-Q3,2010q3,0.0036733892677697,-1.6459037167718966,-3.9607368201089788,-5.606640536880875
TUN,Tunisia,TUN,2010,4,2010.75,2010-Q4,2010q4,0.0036267845993674,-1.6676595929575928,-3.9517492155856404,-5.619408808543233
TUN,Tunisia,TUN,2011,1,2011.0,2011-Q1,2011q1,0.0037103122267027,-1.6466963240201746,-3.949942923742827,-5.596639247763002
TUN,Tunisia,TUN,2011,2,2011.25,2011-Q2,2011q2,0.0037311837711128,-1.6478165918899328,-3.9432131388764726,-5.591029730766405
TUN,Tunisia,TUN,2011,3,2011.5,2011-Q3,2011q3,0.003738364188634,-1.6512112866308941,-3.9378958593227056,-5.5891071459536
TUN,Tunisia,TUN,2011,4,2011.75,2011-Q4,2011q4,0.0037443130065327,-1.6497220172853604,-3.937795104403702,-5.5875171216890624
TUN,Tunisia,TUN,2012,1,2012.0,2012-Q1,2012q1,0.0037368263517146,-1.6527720417130807,-3.936746555141414,-5.589518596854495
TUN,Tunisia,TUN,2012,2,2012.25,2012-Q2,2012q2,0.0037504413903986,-1.6508516982595611,-3.935030043560548,-5.585881741820109
TUN,Tunisia,TUN,2012,3,2012.5,2012-Q3,2012q3,0.0038007686146109,-1.641409408464836,-3.931142557235305,-5.572551965700141
TUN,Tunisia,TUN,2012,4,2012.75,2012-Q4,2012q4,0.0038155786642851,-1.6424399065705542,-3.9262230378446903,-5.5686629444152445
TUN,Tunisia,TUN,2013,1,2013.0,2013-Q1,2013q1,0.0037457457750728,-1.667438531894339,-3.9196960110728867,-5.587134542967226
TUN,Tunisia,TUN,2013,2,2013.25,2013-Q2,2013q2,0.0037579801386024,-1.672960968228435,-3.910912694874213,-5.583873663102648
TUN,Tunisia,TUN,2013,3,2013.5,2013-Q3,2013q3,0.00376961828725,-1.6752620331510735,-3.905519499563591,-5.580781532714664
TUN,Tunisia,TUN,2013,4,2013.75,2013-Q4,2013q4,0.0037856076492,-1.6737035357674879,-3.9028453278103648,-5.576548863577853
TUN,Tunisia,TUN,2014,1,2014.0,2014-Q1,2014q1,0.003891723905537,-1.6501444729275558,-3.8987585832149927,-5.5489030561425485
TUN,Tunisia,TUN,2014,2,2014.25,2014-Q2,2014q2,0.003891148578106,-1.6550678983209068,-3.893983002318197,-5.549050900639104
TUN,Tunisia,TUN,2014,3,2014.5,2014-Q3,2014q3,0.0039041148181862,-1.6537994592757532,-3.8919247411919593,-5.5457242004677125
TUN,Tunisia,TUN,2014,4,2014.75,2014-Q4,2014q4,0.0039075265436009,-1.6596653708528049,-3.8851853318508356,-5.54485070270364
TUN,Tunisia,TUN,2015,1,2015.0,2015-Q1,2015q1,0.0038428127322401,-1.6799132007137212,-3.8816374974488594,-5.561550698162581
TUN,Tunisia,TUN,2015,2,2015.25,2015-Q2,2015q2,0.0038237857827983,-1.6894678778179277,-3.877046426686889,-5.566514304504817
TUN,Tunisia,TUN,2015,3,2015.5,2015-Q3,2015q3,0.0038143319189761,-1.696007058478762,-3.872982690636614,-5.568989749115376
TUN,Tunisia,TUN,2015,4,2015.75,2015-Q4,2015q4,0.0038270983521924,-1.6917563104145183,-3.8738920629004796,-5.565648373314998
TUN,Tunisia,TUN,2016,1,2016.0,2016-Q1,2016q1,0.0038292642223529,-1.6899394572711355,-3.875143146019994,-5.565082603291129
TUN,Tunisia,TUN,2016,2,2016.25,2016-Q2,2016q2,0.0038280359881648,-1.6975954116991776,-3.8678079924394737,-5.565403404138651
TUN,Tunisia,TUN,2016,3,2016.5,2016-Q3,2016q3,0.0038214906907918,-1.6998166377403807,-3.867298061552871,-5.567114699293252
TUN,Tunisia,TUN,2016,4,2016.75,2016-Q4,2016q4,0.0038582532523862,-1.6985222223646472,-3.8590185008497677,-5.557540723214415
TUN,Tunisia,TUN,2017,1,2017.0,2017-Q1,2017q1,0.0038695318214176,-1.700270517404622,-3.8543512382319376,-5.55462175563656
TUN,Tunisia,TUN,2017,2,2017.25,2017-Q2,2017q2,0.0038531217569108,-1.7121887369487379,-3.8466828763408323,-5.55887161328957
TUN,Tunisia,TUN,2017,3,2017.5,2017-Q3,2017q3,0.0038671790297428,-1.711991685241503,-3.8432382853826903,-5.555229970624193
TUN,Tunisia,TUN,2017,4,2017.75,2017-Q4,2017q4,0.0039107959417056,-1.7062298917403438,-3.837784468307589,-5.544014360047933
TUN,Tunisia,TUN,2018,1,2018.0,2018-Q1,2018q1,0.0039194826778406,-1.7084675977467927,-3.8333280060803943,-5.541795603827187
TUN,Tunisia,TUN,2018,2,2018.25,2018-Q2,2018q2,0.0039248161078652,-1.7147436884567333,-3.8256920918879103,-5.540435780344644
TUN,Tunisia,TUN,2018,3,2018.5,2018-Q3,2018q3,0.0039352816504508,-1.713514736887165,-3.824258087068906,-5.537772823956071
TUN,Tunisia,TUN,2018,4,2018.75,2018-Q4,2018q4,0.003955643145927,-1.7076327722830191,-3.8249793027892887,-5.532612075072308
TUN,Tunisia,TUN,2019,1,2019.0,2019-Q1,2019q1,0.0039431230736192,-1.7143909626619798,-3.821391248718992,-5.535782211380972
TUN,Tunisia,TUN,2019,2,2019.25,2019-Q2,2019q2,0.0039510134705881,-1.7202162158120928,-3.8135669423342766,-5.5337831581463695
TUN,Tunisia,TUN,2019,3,2019.5,2019-Q3,2019q3,0.0039544542597993,-1.7207802521810525,-3.8121324225111266,-5.532912674692179
TUN,Tunisia,TUN,2019,4,2019.75,2019-Q4,2019q4,0.0039605815008642,-1.7161146753780354,-3.8152497454656107,-5.531364420843646
TUN,Tunisia,TUN,2020,1,2020.0,2020-Q1,2020q1,0.0038157819246335,-1.754403015667453,-3.8142066589943626,-5.568609674661816
TUN,Tunisia,TUN,2020,2,2020.25,2020-Q2,2020q2,0.0032461713980632,-1.8480906657570149,-3.8821883426730164,-5.730279008430031
TUN,Tunisia,TUN,2020,3,2020.5,2020-Q3,2020q3,0.0037050043613337,-1.7706765488677276,-3.8273942942189545,-5.598070843086682
TUN,Tunisia,TUN,2020,4,2020.75,2020-Q4,2020q4,0.00374505062475,-1.7690314778916263,-3.8182886662554183,-5.587320144147045
TUN,Tunisia,TUN,2021,1,2021.0,2021-Q1,2021q1,0.0037993005840888,-1.7736508229201915,-3.799287463088877,-5.572938286009069
TUN,Tunisia,TUN,2021,2,2021.25,2021-Q2,2021q2,0.0037983734193461,-1.7789392426431974,-3.7942431087856,-5.573182351428797
TUN,Tunisia,TUN,2021,3,2021.5,2021-Q3,2021q3,0.0038189372303021,-1.7758617160870633,-3.7919213909475182,-5.567783107034582
TUN,Tunisia,TUN,2021,4,2021.75,2021-Q4,2021q4,0.0039097003962548,-1.7606698057020655,-3.7836247272174144,-5.54429453291948
TUN,Tunisia,TUN,2022,1,2022.0,2022-Q1,2022q1,0.0039610484137291,-1.748559004806062,-3.7826875330083403,-5.531246537814402
TUN,Tunisia,TUN,2022,2,2022.25,2022-Q2,2022q2,0.0039591562763033,-1.7496319857471456,-3.7820923522090077,-5.531724337956153
TUN,Tunisia,TUN,2022,3,2022.5,2022-Q3,2022q3,0.0039847670878894,-1.743083930014362,-3.782192485638369,-5.525276415652731
TUN,Tunisia,TUN,2022,4,2022.75,2022-Q4,2022q4,0.0039751496826832,-1.7462113905753163,-3.7814814849885647,-5.527692875563881
TUN,Tunisia,TUN,2023,1,2023.0,2023-Q1,2023q1,0.0039747299694954,-1.7451333661821535,-3.7826650992036,-5.527798465385754
TUN,Tunisia,TUN,2023,2,2023.25,2023-Q2,2023q2,0.0039726821471788,-1.7474144005276995,-3.780899408049487,-5.528313808577186
TUN,Tunisia,TUN,2023,3,2023.5,2023-Q3,2023q3,0.0039967955359037,-1.7415505504449138,-3.7807118045063346,-5.522262354951248
TUN,Tunisia,TUN,2023,4,2023.75,2023-Q4,2023q4,0.0040619177206015,-1.7273278812073087,-3.7787721907052205,-5.506100071912529
TUR,Turkey,TUR,1995,1,1995.0,1995-Q1,1995q1,0.0053764068601587,-0.9716604292051114,-4.254074568586735,-5.225734997791847
TUR,Turkey,TUR,1995,2,1995.25,1995-Q2,1995q2,0.0056652632060082,-0.9229617171680875,-4.2504402066290705,-5.173401923797158
TUR,Turkey,TUR,1995,3,1995.5,1995-Q3,1995q3,0.0060014725975104,-0.868399360571324,-4.24735104637809,-5.115750406949414
TUR,Turkey,TUR,1995,4,1995.75,1995-Q4,1995q4,0.0058466632566511,-0.8974646780325779,-4.244419485914777,-5.1418841639473545
TUR,Turkey,TUR,1996,1,1996.0,1996-Q1,1996q1,0.00562673335555,-0.9391513310235302,-4.241074895239452,-5.180226226262982
TUR,Turkey,TUR,1996,2,1996.25,1996-Q2,1996q2,0.0056261901491726,-0.9431663866244522,-4.237156384572403,-5.180322771196855
TUR,Turkey,TUR,1996,3,1996.5,1996-Q3,1996q3,0.0052588252649328,-1.011149895231732,-4.236697715606429,-5.247847610838161
TUR,Turkey,TUR,1996,4,1996.75,1996-Q4,1996q4,0.0055829804120966,-0.9579331997691192,-4.230099321381617,-5.1880325211507365
TUR,Turkey,TUR,1997,1,1997.0,1997-Q1,1997q1,0.005736359769993,-0.9334986650130608,-4.227431791231235,-5.160930456244296
TUR,Turkey,TUR,1997,2,1997.25,1997-Q2,1997q2,0.0058787351715324,-0.9220565707175465,-4.214357076375103,-5.13641364709265
TUR,Turkey,TUR,1997,3,1997.5,1997-Q3,1997q3,0.0057111778253284,-0.9556711204303285,-4.2096588820174015,-5.16533000244773
TUR,Turkey,TUR,1997,4,1997.75,1997-Q4,1997q4,0.0059577279082513,-0.9168740004109983,-4.206192093625781,-5.123066094036779
TUR,Turkey,TUR,1998,1,1998.0,1998-Q1,1998q1,0.0059895927018998,-0.9072213819709649,-4.21051048353961,-5.117731865510575
TUR,Turkey,TUR,1998,2,1998.25,1998-Q2,1998q2,0.0058665076406436,-0.9272799355330275,-4.211215837148984,-5.1384957726820115
TUR,Turkey,TUR,1998,3,1998.5,1998-Q3,1998q3,0.0058349278951342,-0.9354212984613488,-4.2084720721621,-5.143893370623449
TUR,Turkey,TUR,1998,4,1998.75,1998-Q4,1998q4,0.0056560205348273,-0.9687393005242777,-4.206295419243004,-5.1750347197672815
TUR,Turkey,TUR,1999,1,1999.0,1999-Q1,1999q1,0.0055992404180198,-0.9771650623684192,-4.207959267711823,-5.185124330080242
TUR,Turkey,TUR,1999,2,1999.25,1999-Q2,1999q2,0.0055354158933125,-0.9919212527324408,-4.2046673241020285,-5.196588576834469
TUR,Turkey,TUR,1999,3,1999.5,1999-Q3,1999q3,0.005538418266935,-0.9979351720900667,-4.198111158282587,-5.196046330372654
TUR,Turkey,TUR,1999,4,1999.75,1999-Q4,1999q4,0.005624704127331,-0.9921846483108823,-4.188402283549777,-5.18058693186066
TUR,Turkey,TUR,2000,1,2000.0,2000-Q1,2000q1,0.0056868321593255,-0.9852797299078642,-4.184322194227946,-5.16960192413581
TUR,Turkey,TUR,2000,2,2000.25,2000-Q2,2000q2,0.0058310617761524,-0.9632580247342117,-4.181298147628699,-5.14455617236291
TUR,Turkey,TUR,2000,3,2000.5,2000-Q3,2000q3,0.0059306921532795,-0.9491151262665856,-4.17849922589675,-5.127614352163335
TUR,Turkey,TUR,2000,4,2000.75,2000-Q4,2000q4,0.0060255718859343,-0.9385518069456369,-4.173191078337019,-5.111742885282656
TUR,Turkey,TUR,2001,1,2001.0,2001-Q1,2001q1,0.0058608684081749,-0.9660209412123679,-4.173436552638961,-5.139457493851329
TUR,Turkey,TUR,2001,2,2001.25,2001-Q2,2001q2,0.0054524621214015,-1.0378726760266765,-4.1738153309007995,-5.211688006927476
TUR,Turkey,TUR,2001,3,2001.5,2001-Q3,2001q3,0.0055049061912832,-1.0275679257402714,-4.174547623851253,-5.202115549591524
TUR,Turkey,TUR,2001,4,2001.75,2001-Q4,2001q4,0.0054216519283603,-1.0466237504597151,-4.17073097567771,-5.217354726137425
TUR,Turkey,TUR,2002,1,2002.0,2002-Q1,2002q1,0.0057759751048578,-0.9930496391021784,-4.160998548399518,-5.154048187501696
TUR,Turkey,TUR,2002,2,2002.25,2002-Q2,2002q2,0.0059270271135496,-0.9750343155739634,-4.153198206030584,-5.128232521604548
TUR,Turkey,TUR,2002,3,2002.5,2002-Q3,2002q3,0.0060067436924852,-0.9648517193925077,-4.150020772771553,-5.114872492164061
TUR,Turkey,TUR,2002,4,2002.75,2002-Q4,2002q4,0.0061328024713884,-0.9486392297086894,-4.145464230650573,-5.094103460359262
TUR,Turkey,TUR,2003,1,2003.0,2003-Q1,2003q1,0.0062182249722002,-0.938845017633537,-4.141425769568831,-5.080270787202368
TUR,Turkey,TUR,2003,2,2003.25,2003-Q2,2003q2,0.0062372643999786,-0.9406256716686663,-4.136587918495714,-5.07721359016438
TUR,Turkey,TUR,2003,3,2003.5,2003-Q3,2003q3,0.0064525964523364,-0.9147746861390704,-4.128497992287372,-5.043272678426442
TUR,Turkey,TUR,2003,4,2003.75,2003-Q4,2003q4,0.0066244076316064,-0.8975706381324491,-4.119423687072228,-5.016994325204677
TUR,Turkey,TUR,2004,1,2004.0,2004-Q1,2004q1,0.007256874398677,-0.8147201101893655,-4.111085956256169,-4.925806066445534
TUR,Turkey,TUR,2004,2,2004.25,2004-Q2,2004q2,0.0075359918711076,-0.7853623966854375,-4.102702423697901,-4.888064820383338
TUR,Turkey,TUR,2004,3,2004.5,2004-Q3,2004q3,0.0076243180122994,-0.7806053916309734,-4.095807009867689,-4.876412401498662
TUR,Turkey,TUR,2004,4,2004.75,2004-Q4,2004q4,0.0077380321282725,-0.7774526323022055,-4.084155238397759,-4.861607870699965
TUR,Turkey,TUR,2005,1,2005.0,2005-Q1,2005q1,0.007750445495771,-0.782075066495417,-4.077929887448277,-4.860004953943694
TUR,Turkey,TUR,2005,2,2005.25,2005-Q2,2005q2,0.0079088914363441,-0.7742871166323626,-4.065480537503734,-4.8397676541360966
TUR,Turkey,TUR,2005,3,2005.5,2005-Q3,2005q3,0.0081596960765645,-0.7494705260383707,-4.059077830180438,-4.808548356218809
TUR,Turkey,TUR,2005,4,2005.75,2005-Q4,2005q4,0.0083441143361546,-0.7367328991315985,-4.04946595944698,-4.786198858578579
TUR,Turkey,TUR,2006,1,2006.0,2006-Q1,2006q1,0.0084009056563949,-0.7381666698632081,-4.041249092843926,-4.779415762707134
TUR,Turkey,TUR,2006,2,2006.25,2006-Q2,2006q2,0.0085115802508783,-0.7323330153827792,-4.0339946448477555,-4.766327660230535
TUR,Turkey,TUR,2006,3,2006.5,2006-Q3,2006q3,0.0084107357093003,-0.75133773381783,-4.026908594708328,-4.778246328526158
TUR,Turkey,TUR,2006,4,2006.75,2006-Q4,2006q4,0.0085697625596888,-0.7424105214564607,-4.017104731287111,-4.759515252743571
TUR,Turkey,TUR,2007,1,2007.0,2007-Q1,2007q1,0.0086254091727,-0.7435059303583014,-4.009536946518625,-4.753042876876926
TUR,Turkey,TUR,2007,2,2007.25,2007-Q2,2007q2,0.00856870658467,-0.7582742776558016,-4.0013642037158625,-4.759638481371664
TUR,Turkey,TUR,2007,3,2007.5,2007-Q3,2007q3,0.008674602826994,-0.7548372063775024,-3.9925185314516303,-4.747355737829133
TUR,Turkey,TUR,2007,4,2007.75,2007-Q4,2007q4,0.0092052355316634,-0.7043859993996144,-3.983596877863246,-4.6879828772628604
TUR,Turkey,TUR,2008,1,2008.0,2008-Q1,2008q1,0.009092715465336,-0.7183813849129628,-3.9819002994309596,-4.700281684343922
TUR,Turkey,TUR,2008,2,2008.25,2008-Q2,2008q2,0.0086093408973966,-0.7763151196308122,-3.978592394666867,-4.754907514297679
TUR,Turkey,TUR,2008,3,2008.5,2008-Q3,2008q3,0.0085055474597997,-0.7854565622609089,-3.981580123773969,-4.767036686034878
TUR,Turkey,TUR,2008,4,2008.75,2008-Q4,2008q4,0.0084805970352271,-0.7746569360070867,-3.995317490552026,-4.769974426559113
TUR,Turkey,TUR,2009,1,2009.0,2009-Q1,2009q1,0.0079629503536149,-0.8222051080183217,-4.010750592341259,-4.832955700359581
TUR,Turkey,TUR,2009,2,2009.25,2009-Q2,2009q2,0.008274152200204,-0.790616378974418,-4.004002437140827,-4.794618816115245
TUR,Turkey,TUR,2009,3,2009.5,2009-Q3,2009q3,0.0083014306891731,-0.7990956389395567,-3.992231767904877,-4.791327406844434
TUR,Turkey,TUR,2009,4,2009.75,2009-Q4,2009q4,0.0082690957588886,-0.8097614860900499,-3.985468629751267,-4.795230115841317
TUR,Turkey,TUR,2010,1,2010.0,2010-Q1,2010q1,0.0080824234479898,-0.8371532064555178,-3.9809103132822243,-4.818063519737742
TUR,Turkey,TUR,2010,2,2010.25,2010-Q2,2010q2,0.0082743361881032,-0.8279908217074676,-3.9666057581895937,-4.794596579897061
TUR,Turkey,TUR,2010,3,2010.5,2010-Q3,2010q3,0.0085466600584435,-0.8014778886821361,-3.9607368201089788,-4.762214708791115
TUR,Turkey,TUR,2010,4,2010.75,2010-Q4,2010q4,0.0086385219781016,-0.7997745625635719,-3.9517492155856404,-4.751523778149212
TUR,Turkey,TUR,2011,1,2011.0,2011-Q1,2011q1,0.0084972209560754,-0.818073191545718,-3.949942923742827,-4.768016115288545
TUR,Turkey,TUR,2011,2,2011.25,2011-Q2,2011q2,0.0086568392960958,-0.8061924615079099,-3.9432131388764726,-4.7494056003843825
TUR,Turkey,TUR,2011,3,2011.5,2011-Q3,2011q3,0.0087921822574087,-0.7959964728584259,-3.9378958593227056,-4.7338923321811315
TUR,Turkey,TUR,2011,4,2011.75,2011-Q4,2011q4,0.0088780182950422,-0.7863818074520896,-3.937795104403702,-4.724176911855792
TUR,Turkey,TUR,2012,1,2012.0,2012-Q1,2012q1,0.0088370577698364,-0.7920547340583273,-3.936746555141414,-4.728801289199741
TUR,Turkey,TUR,2012,2,2012.25,2012-Q2,2012q2,0.0088059202933229,-0.7973009795345214,-3.935030043560548,-4.732331023095069
TUR,Turkey,TUR,2012,3,2012.5,2012-Q3,2012q3,0.0089393720228259,-0.7861473785603805,-3.931142557235305,-4.7172899357956855
TUR,Turkey,TUR,2012,4,2012.75,2012-Q4,2012q4,0.0088593069753584,-0.8000636990652685,-3.9262230378446903,-4.726286736909959
TUR,Turkey,TUR,2013,1,2013.0,2013-Q1,2013q1,0.0091220700242291,-0.7773625132373327,-3.9196960110728867,-4.697058524310219
TUR,Turkey,TUR,2013,2,2013.25,2013-Q2,2013q2,0.0093765425810322,-0.7586314838102277,-3.910912694874213,-4.669544178684441
TUR,Turkey,TUR,2013,3,2013.5,2013-Q3,2013q3,0.009496143684666,-0.7513499911529906,-3.905519499563591,-4.6568694907165815
TUR,Turkey,TUR,2013,4,2013.75,2013-Q4,2013q4,0.0094656623202039,-0.7572391932371829,-3.9028453278103648,-4.660084521047548
TUR,Turkey,TUR,2014,1,2014.0,2014-Q1,2014q1,0.009632051331282,-0.7439004779704863,-3.8987585832149927,-4.642659061185479
TUR,Turkey,TUR,2014,2,2014.25,2014-Q2,2014q2,0.0095165355961372,-0.7607414020600207,-3.893983002318197,-4.654724404378218
TUR,Turkey,TUR,2014,3,2014.5,2014-Q3,2014q3,0.0096947061690939,-0.7442505570232396,-3.8919247411919593,-4.636175298215199
TUR,Turkey,TUR,2014,4,2014.75,2014-Q4,2014q4,0.0097110844937118,-0.7493019827319136,-3.8851853318508356,-4.634487314582749
TUR,Turkey,TUR,2015,1,2015.0,2015-Q1,2015q1,0.0097897812992192,-0.7447786644416894,-3.8816374974488594,-4.626416161890549
TUR,Turkey,TUR,2015,2,2015.25,2015-Q2,2015q2,0.0099539051395162,-0.7327439017901507,-3.877046426686889,-4.60979032847704
TUR,Turkey,TUR,2015,3,2015.5,2015-Q3,2015q3,0.0099346217813129,-0.7387467823856833,-3.872982690636614,-4.611729473022297
TUR,Turkey,TUR,2015,4,2015.75,2015-Q4,2015q4,0.0100502576948782,-0.7262649406238917,-3.8738920629004796,-4.600157003524371
TUR,Turkey,TUR,2016,1,2016.0,2016-Q1,2016q1,0.0099395717365965,-0.7360881980712861,-3.875143146019994,-4.61123134409128
TUR,Turkey,TUR,2016,2,2016.25,2016-Q2,2016q2,0.0100257351073086,-0.7347919886260241,-3.8678079924394737,-4.602599981065498
TUR,Turkey,TUR,2016,3,2016.5,2016-Q3,2016q3,0.0098351485781402,-0.7544946586214998,-3.867298061552871,-4.621792720174371
TUR,Turkey,TUR,2016,4,2016.75,2016-Q4,2016q4,0.010331900574499,-0.7135005260094403,-3.8590185008497677,-4.572519026859208
TUR,Turkey,TUR,2017,1,2017.0,2017-Q1,2017q1,0.010288968670038,-0.7223317223569827,-3.8543512382319376,-4.57668296058892
TUR,Turkey,TUR,2017,2,2017.25,2017-Q2,2017q2,0.0103829211986499,-0.7209101388075281,-3.8466828763408323,-4.56759301514836
TUR,Turkey,TUR,2017,3,2017.5,2017-Q3,2017q3,0.0104979221560105,-0.7133396459225212,-3.8432382853826903,-4.5565779313052115
TUR,Turkey,TUR,2017,4,2017.75,2017-Q4,2017q4,0.0105715321503455,-0.7118060685680363,-3.837784468307589,-4.549590536875625
TUR,Turkey,TUR,2018,1,2018.0,2018-Q1,2018q1,0.0106813240010543,-0.7059304769171857,-3.8333280060803943,-4.53925848299758
TUR,Turkey,TUR,2018,2,2018.25,2018-Q2,2018q2,0.0107215404809344,-0.7098083401959525,-3.8256920918879103,-4.535500432083863
TUR,Turkey,TUR,2018,3,2018.5,2018-Q3,2018q3,0.0105900799176704,-0.7235794858061628,-3.824258087068906,-4.547837572875069
TUR,Turkey,TUR,2018,4,2018.75,2018-Q4,2018q4,0.0104416626030745,-0.7369721532497397,-3.8249793027892887,-4.561951456039028
TUR,Turkey,TUR,2019,1,2019.0,2019-Q1,2019q1,0.0108314848962799,-0.7039068691124357,-3.821391248718992,-4.5252981178314275
TUR,Turkey,TUR,2019,2,2019.25,2019-Q2,2019q2,0.0110578757330757,-0.6910454265348451,-3.8135669423342766,-4.504612368869122
TUR,Turkey,TUR,2019,3,2019.5,2019-Q3,2019q3,0.0110084739526627,-0.6969575209141157,-3.8121324225111266,-4.509089943425242
TUR,Turkey,TUR,2019,4,2019.75,2019-Q4,2019q4,0.0111433078382996,-0.68166640967332,-3.8152497454656107,-4.496916155138931
TUR,Turkey,TUR,2020,1,2020.0,2020-Q1,2020q1,0.0115437404510565,-0.6474052822186751,-3.8142066589943626,-4.461611941213038
TUR,Turkey,TUR,2020,2,2020.25,2020-Q2,2020q2,0.0110144244737728,-0.626361206736898,-3.8821883426730164,-4.508549549409914
TUR,Turkey,TUR,2020,3,2020.5,2020-Q3,2020q3,0.0120444581724635,-0.5917563333143261,-3.8273942942189545,-4.419150627533281
TUR,Turkey,TUR,2020,4,2020.75,2020-Q4,2020q4,0.0122465730951029,-0.5842204622111073,-3.8182886662554183,-4.402509128466526
TUR,Turkey,TUR,2021,1,2021.0,2021-Q1,2021q1,0.0121580380009143,-0.6104773009823479,-3.799287463088877,-4.409764764071225
TUR,Turkey,TUR,2021,2,2021.25,2021-Q2,2021q2,0.0122009046611383,-0.6120020686541707,-3.7942431087856,-4.406245177439771
TUR,Turkey,TUR,2021,3,2021.5,2021-Q3,2021q3,0.0122378625455731,-0.6112992548294418,-3.7919213909475182,-4.40322064577696
TUR,Turkey,TUR,2021,4,2021.75,2021-Q4,2021q4,0.0122484674766049,-0.6187297265507588,-3.7836247272174144,-4.402354453768173
TUR,Turkey,TUR,2022,1,2022.0,2022-Q1,2022q1,0.012097484735373,-0.6320701880893806,-3.7826875330083403,-4.414757721097721
TUR,Turkey,TUR,2022,2,2022.25,2022-Q2,2022q2,0.0120330390803308,-0.6380068035594921,-3.7820923522090077,-4.4200991557685
TUR,Turkey,TUR,2022,3,2022.5,2022-Q3,2022q3,0.0121240322967255,-0.6303731702845949,-3.782192485638369,-4.412565655922964
TUR,Turkey,TUR,2022,4,2022.75,2022-Q4,2022q4,0.0119710988441421,-0.6437784787922518,-3.7814814849885647,-4.4252599637808165
TUR,Turkey,TUR,2023,1,2023.0,2023-Q1,2023q1,0.0118642744139407,-0.6515584452423702,-3.7826650992036,-4.43422354444597
TUR,Turkey,TUR,2023,2,2023.25,2023-Q2,2023q2,0.0124252625533426,-0.6071241681194848,-3.780899408049487,-4.388023576168972
TUR,Turkey,TUR,2023,3,2023.5,2023-Q3,2023q3,0.0124634564170426,-0.6042425985382938,-3.7807118045063346,-4.384954403044628
TUR,Turkey,TUR,2023,4,2023.75,2023-Q4,2023q4,0.0124512388963788,-0.6071629605676652,-3.7787721907052205,-4.385935151272886
TUR,Turkey,TUR,2024,1,2024.0,2024-Q1,2024q1,0.0122616802298622,-0.6255202904968091,-3.775756017623659,-4.401276308120468
TUR,Turkey,TUR,2024,2,2024.25,2024-Q2,2024q2,0.0122256511198157,-0.6332325772903844,-3.770986406414534,-4.404218983704919
TUR,Turkey,TUR,2024,3,2024.5,2024-Q3,2024q3,0.0123484320358117,-0.6290497476742858,-3.765176436957072,-4.394226184631358
TUR,Turkey,TUR,2024,4,2024.75,2024-Q4,2024q4,0.012546811164267,-0.6161530523670224,-3.7621356838204347,-4.378288736187457
TUR,Turkey,TUR,2025,1,2025.0,2025-Q1,2025q1,0.0126106100785878,-0.6153759700040671,-3.757840779633255,-4.373216749637322
TUR,Turkey,TUR,2025,2,2025.25,2025-Q2,2025q2,0.0127400564033973,-0.6101416445816201,-3.7528625569980663,-4.363004201579686
TUR,Turkey,TUR,2025,3,2025.5,2025-Q3,2025q3,0.0128647097557014,-0.6050407855834581,-3.7482266086888907,-4.353267394272349
TUR,Turkey,TUR,2025,4,2025.75,2025-Q4,2025q4,0.0129882011872985,-0.5965622145358349,-3.747151720080949,-4.343713934616784
URY,Uruguay,URY,1997,1,1997.0,1997-Q1,1997q1,0.0068862338121496,-0.7507991686986157,-4.227431791231235,-4.978230959929851
URY,Uruguay,URY,1997,2,1997.25,1997-Q2,1997q2,0.0076322520852286,-0.6610152389713342,-4.214357076375103,-4.8753723153464374
URY,Uruguay,URY,1997,3,1997.5,1997-Q3,1997q3,0.0075248172915892,-0.6798898668120463,-4.2096588820174015,-4.889548748829448
URY,Uruguay,URY,1997,4,1997.75,1997-Q4,1997q4,0.0075385236387642,-0.6815368263860009,-4.206192093625781,-4.8877289200117815
URY,Uruguay,URY,1998,1,1998.0,1998-Q1,1998q1,0.0079027782999457,-0.6300304142582807,-4.21051048353961,-4.840540897797891
URY,Uruguay,URY,1998,2,1998.25,1998-Q2,1998q2,0.0078562105778681,-0.6352350664217834,-4.211215837148984,-4.8464509035707675
URY,Uruguay,URY,1998,3,1998.5,1998-Q3,1998q3,0.0080850353048165,-0.6092683470946882,-4.2084720721621,-4.817740419256788
URY,Uruguay,URY,1998,4,1998.75,1998-Q4,1998q4,0.0083713738703301,-0.5766418464937377,-4.206295419243004,-4.7829372657367415
URY,Uruguay,URY,1999,1,1999.0,1999-Q1,1999q1,0.0081052393551267,-0.6072853247325849,-4.207959267711823,-4.815244592444408
URY,Uruguay,URY,1999,2,1999.25,1999-Q2,1999q2,0.0082465502790605,-0.5932929899744357,-4.2046673241020285,-4.797960314076464
URY,Uruguay,URY,1999,3,1999.5,1999-Q3,1999q3,0.008258672635192,-0.5983802439986015,-4.198111158282587,-4.796491402281188
URY,Uruguay,URY,1999,4,1999.75,1999-Q4,1999q4,0.0082571654683507,-0.6082716304315179,-4.188402283549777,-4.796673913981295
URY,Uruguay,URY,2000,1,2000.0,2000-Q1,2000q1,0.0081698359305617,-0.6229842580225169,-4.184322194227946,-4.8073064522504625
URY,Uruguay,URY,2000,2,2000.25,2000-Q2,2000q2,0.0084501226675771,-0.5922761732166952,-4.181298147628699,-4.773574320845394
URY,Uruguay,URY,2000,3,2000.5,2000-Q3,2000q3,0.0080039875981145,-0.6493161858260574,-4.17849922589675,-4.827815411722807
URY,Uruguay,URY,2000,4,2000.75,2000-Q4,2000q4,0.0079952851421222,-0.6557121899392486,-4.173191078337019,-4.828903268276267
URY,Uruguay,URY,2001,1,2001.0,2001-Q1,2001q1,0.0082754909045758,-0.6210204830238313,-4.173436552638961,-4.794457035662792
URY,Uruguay,URY,2001,2,2001.25,2001-Q2,2001q2,0.0080953175888823,-0.6426541289996051,-4.1738153309007995,-4.8164694599004045
URY,Uruguay,URY,2001,3,2001.5,2001-Q3,2001q3,0.0081345349260645,-0.6370890856006364,-4.174547623851253,-4.811636709451889
URY,Uruguay,URY,2001,4,2001.75,2001-Q4,2001q4,0.0078465052979763,-0.6769560556055314,-4.17073097567771,-4.847687031283241
URY,Uruguay,URY,2002,1,2002.0,2002-Q1,2002q1,0.007723767994101,-0.7024544034818421,-4.160998548399518,-4.86345295188136
URY,Uruguay,URY,2002,2,2002.25,2002-Q2,2002q2,0.0079663868847606,-0.6793260223665936,-4.153198206030584,-4.832524228397178
URY,Uruguay,URY,2002,3,2002.5,2002-Q3,2002q3,0.0078773786952342,-0.6937393105711029,-4.150020772771553,-4.843760083342656
URY,Uruguay,URY,2002,4,2002.75,2002-Q4,2002q4,0.0079986408956093,-0.6830194091331752,-4.145464230650573,-4.828483639783748
URY,Uruguay,URY,2003,1,2003.0,2003-Q1,2003q1,0.0079872970936248,-0.688477093021385,-4.141425769568831,-4.829902862590216
URY,Uruguay,URY,2003,2,2003.25,2003-Q2,2003q2,0.0082974636332583,-0.655217478739317,-4.136587918495714,-4.791805397235031
URY,Uruguay,URY,2003,3,2003.5,2003-Q3,2003q3,0.0080805934298358,-0.6897919725720518,-4.128497992287372,-4.8182899648594235
URY,Uruguay,URY,2003,4,2003.75,2003-Q4,2003q4,0.0081861673951399,-0.6858857650944747,-4.119423687072228,-4.805309452166703
URY,Uruguay,URY,2004,1,2004.0,2004-Q1,2004q1,0.0081811037560626,-0.6948422477100342,-4.111085956256169,-4.805928203966203
URY,Uruguay,URY,2004,2,2004.25,2004-Q2,2004q2,0.007992687158593,-0.7265258368291914,-4.102702423697901,-4.829228260527092
URY,Uruguay,URY,2004,3,2004.5,2004-Q3,2004q3,0.0080931171717587,-0.7209343005444779,-4.095807009867689,-4.816741310412167
URY,Uruguay,URY,2004,4,2004.75,2004-Q4,2004q4,0.0082301099601923,-0.7158006650864417,-4.084155238397759,-4.799955903484201
URY,Uruguay,URY,2005,1,2005.0,2005-Q1,2005q1,0.0085463702360911,-0.6843187325156883,-4.077929887448277,-4.762248619963965
URY,Uruguay,URY,2005,2,2005.25,2005-Q2,2005q2,0.0086551968837356,-0.6841148051325785,-4.065480537503734,-4.7495953426363124
URY,Uruguay,URY,2005,3,2005.5,2005-Q3,2005q3,0.0089631443795008,-0.6555563481660753,-4.059077830180438,-4.714634178346514
URY,Uruguay,URY,2005,4,2005.75,2005-Q4,2005q4,0.0091420919599922,-0.6454000806090123,-4.04946595944698,-4.6948660400559925
URY,Uruguay,URY,2006,1,2006.0,2006-Q1,2006q1,0.0067219423882466,-0.9611290274988331,-4.041249092843926,-5.002378120342759
URY,Uruguay,URY,2006,2,2006.25,2006-Q2,2006q2,0.0066628454284634,-0.9772139993127302,-4.0339946448477555,-5.011208644160486
URY,Uruguay,URY,2006,3,2006.5,2006-Q3,2006q3,0.006619268372645,-0.990861838159768,-4.026908594708328,-5.017770432868096
URY,Uruguay,URY,2006,4,2006.75,2006-Q4,2006q4,0.0066442707939775,-0.9968955991018369,-4.017104731287111,-5.0140003303889475
URY,Uruguay,URY,2007,1,2007.0,2007-Q1,2007q1,0.0068302502243055,-0.9768570234895986,-4.009536946518625,-4.986393970008224
URY,Uruguay,URY,2007,2,2007.25,2007-Q2,2007q2,0.006891239082712,-0.9761401685704056,-4.0013642037158625,-4.977504372286268
URY,Uruguay,URY,2007,3,2007.5,2007-Q3,2007q3,0.006975688400027,-0.9728057293487695,-3.9925185314516303,-4.9653242608004
URY,Uruguay,URY,2007,4,2007.75,2007-Q4,2007q4,0.0070809997209321,-0.9667432998600582,-3.983596877863246,-4.950340177723304
URY,Uruguay,URY,2008,1,2008.0,2008-Q1,2008q1,0.0071360569388637,-0.9606946052044476,-3.9819002994309596,-4.942594904635407
URY,Uruguay,URY,2008,2,2008.25,2008-Q2,2008q2,0.0072165143102411,-0.9527908305026189,-3.978592394666867,-4.931383225169486
URY,Uruguay,URY,2008,3,2008.5,2008-Q3,2008q3,0.0074090562382718,-0.9234720872677284,-3.981580123773969,-4.905052211041697
URY,Uruguay,URY,2008,4,2008.75,2008-Q4,2008q4,0.0073549759094733,-0.9170607097765946,-3.995317490552026,-4.912378200328621
URY,Uruguay,URY,2009,1,2009.0,2009-Q1,2009q1,0.0071634785463197,-0.9280089931541688,-4.010750592341259,-4.938759585495428
URY,Uruguay,URY,2009,2,2009.25,2009-Q2,2009q2,0.0073374357897795,-0.9107634076924036,-4.004002437140827,-4.914765844833231
URY,Uruguay,URY,2009,3,2009.5,2009-Q3,2009q3,0.007445418738279,-0.9079246022947283,-3.992231767904877,-4.900156370199605
URY,Uruguay,URY,2009,4,2009.75,2009-Q4,2009q4,0.0076643669458695,-0.8857047305501435,-3.985468629751267,-4.871173360301411
URY,Uruguay,URY,2010,1,2010.0,2010-Q1,2010q1,0.007366539071606,-0.9298969665907895,-3.9809103132822243,-4.910807279873014
URY,Uruguay,URY,2010,2,2010.25,2010-Q2,2010q2,0.0080501809971014,-0.8554549455028604,-3.9666057581895937,-4.822060703692454
URY,Uruguay,URY,2010,3,2010.5,2010-Q3,2010q3,0.0079042622531589,-0.8796163191755362,-3.9607368201089788,-4.840353139284515
URY,Uruguay,URY,2010,4,2010.75,2010-Q4,2010q4,0.0072847360100213,-0.9702248618772602,-3.9517492155856404,-4.921974077462901
URY,Uruguay,URY,2011,1,2011.0,2011-Q1,2011q1,0.0070425232714254,-1.0058458300496271,-3.949942923742827,-4.955788753792454
URY,Uruguay,URY,2011,2,2011.25,2011-Q2,2011q2,0.007053628037885,-1.0110000403476946,-3.9432131388764726,-4.954213179224167
URY,Uruguay,URY,2011,3,2011.5,2011-Q3,2011q3,0.0072414609991529,-0.9900364381566646,-3.9378958593227056,-4.92793229747937
URY,Uruguay,URY,2011,4,2011.75,2011-Q4,2011q4,0.0071669485083175,-1.0004802021442272,-3.937795104403702,-4.938275306547929
URY,Uruguay,URY,2012,1,2012.0,2012-Q1,2012q1,0.0074509678825652,-0.9626647827649082,-3.936746555141414,-4.899411337906322
URY,Uruguay,URY,2012,2,2012.25,2012-Q2,2012q2,0.0074483863887615,-0.9647278186021304,-3.935030043560548,-4.899757862162678
URY,Uruguay,URY,2012,3,2012.5,2012-Q3,2012q3,0.0080934666261406,-0.8855555749020234,-3.931142557235305,-4.816698132137328
URY,Uruguay,URY,2012,4,2012.75,2012-Q4,2012q4,0.0080401193548166,-0.8970883129303164,-3.9262230378446903,-4.823311350775007
URY,Uruguay,URY,2013,1,2013.0,2013-Q1,2013q1,0.007695886906813,-0.9473732497144995,-3.9196960110728867,-4.867069260787386
URY,Uruguay,URY,2013,2,2013.25,2013-Q2,2013q2,0.0078035369841478,-0.9422654936879411,-3.910912694874213,-4.853178188562154
URY,Uruguay,URY,2013,3,2013.5,2013-Q3,2013q3,0.0078825199312652,-0.9375881384384921,-3.905519499563591,-4.843107638002083
URY,Uruguay,URY,2013,4,2013.75,2013-Q4,2013q4,0.007980576670977,-0.9278992777875521,-3.9028453278103648,-4.830744605597917
URY,Uruguay,URY,2014,1,2014.0,2014-Q1,2014q1,0.0077225692680261,-0.9648495803592061,-3.8987585832149927,-4.863608163574199
URY,Uruguay,URY,2014,2,2014.25,2014-Q2,2014q2,0.0079465734358688,-0.9410314552672117,-3.893983002318197,-4.835014457585409
URY,Uruguay,URY,2014,3,2014.5,2014-Q3,2014q3,0.0079847172486606,-0.9383011670619212,-3.8919247411919593,-4.8302259082538805
URY,Uruguay,URY,2014,4,2014.75,2014-Q4,2014q4,0.0080000365653987,-0.9431238347870732,-3.8851853318508356,-4.828309166637909
URY,Uruguay,URY,2015,1,2015.0,2015-Q1,2015q1,0.0080277273111714,-0.9432163183943958,-3.8816374974488594,-4.824853815843255
URY,Uruguay,URY,2015,2,2015.25,2015-Q2,2015q2,0.0077966768412055,-0.9770112553823798,-3.877046426686889,-4.854057682069269
URY,Uruguay,URY,2015,3,2015.5,2015-Q3,2015q3,0.0081183183798916,-0.9406495516917524,-3.872982690636614,-4.813632242328366
URY,Uruguay,URY,2015,4,2015.75,2015-Q4,2015q4,0.0079598704736601,-0.9594504885110129,-3.8738920629004796,-4.8333425514114925
URY,Uruguay,URY,2016,1,2016.0,2016-Q1,2016q1,0.0080282843191774,-0.9496412867138009,-3.875143146019994,-4.824784432733795
URY,Uruguay,URY,2016,2,2016.25,2016-Q2,2016q2,0.0082346760344038,-0.9315932637714424,-3.8678079924394737,-4.799401256210916
URY,Uruguay,URY,2016,3,2016.5,2016-Q3,2016q3,0.0080818398811787,-0.9508376627511383,-3.867298061552871,-4.8181357243040095
URY,Uruguay,URY,2016,4,2016.75,2016-Q4,2016q4,0.0082523563295471,-0.9382380028635007,-3.8590185008497677,-4.797256503713268
URY,Uruguay,URY,2017,1,2017.0,2017-Q1,2017q1,0.0084161560547551,-0.9232508422990131,-3.8543512382319376,-4.777602080530951
URY,Uruguay,URY,2017,2,2017.25,2017-Q2,2017q2,0.0083034105610977,-0.9444060612639209,-3.8466828763408323,-4.791088937604753
URY,Uruguay,URY,2017,3,2017.5,2017-Q3,2017q3,0.0082241361450808,-0.9574437304175349,-3.8432382853826903,-4.800682015800225
URY,Uruguay,URY,2017,4,2017.75,2017-Q4,2017q4,0.008318024129413,-0.9515460684908805,-3.837784468307589,-4.789330536798469
URY,Uruguay,URY,2018,1,2018.0,2018-Q1,2018q1,0.008446210174917,-0.9407094321486942,-3.8333280060803943,-4.774037438229088
URY,Uruguay,URY,2018,2,2018.25,2018-Q2,2018q2,0.0083325466413897,-0.9618940583836184,-3.8256920918879103,-4.787586150271529
URY,Uruguay,URY,2018,3,2018.5,2018-Q3,2018q3,0.0083263388054519,-0.964073351504767,-3.824258087068906,-4.788331438573673
URY,Uruguay,URY,2018,4,2018.75,2018-Q4,2018q4,0.0083197308854401,-0.9641460673828464,-3.8249793027892887,-4.789125370172135
URY,Uruguay,URY,2019,1,2019.0,2019-Q1,2019q1,0.0084111524364305,-0.9568055339860693,-3.821391248718992,-4.778196782705061
URY,Uruguay,URY,2019,2,2019.25,2019-Q2,2019q2,0.0085830184942001,-0.94440267916633,-3.8135669423342766,-4.757969621500607
URY,Uruguay,URY,2019,3,2019.5,2019-Q3,2019q3,0.0084754136747622,-0.9584533932143433,-3.8121324225111266,-4.77058581572547
URY,Uruguay,URY,2019,4,2019.75,2019-Q4,2019q4,0.0083784858405464,-0.9668383226340813,-3.8152497454656107,-4.782088068099692
URY,Uruguay,URY,2020,1,2020.0,2020-Q1,2020q1,0.00841050113071,-0.964067560297801,-3.8142066589943626,-4.778274219292164
URY,Uruguay,URY,2020,2,2020.25,2020-Q2,2020q2,0.0079158378632722,-0.9567013909321513,-3.8821883426730164,-4.838889733605168
URY,Uruguay,URY,2020,3,2020.5,2020-Q3,2020q3,0.0082612981915129,-0.968779243536861,-3.8273942942189545,-4.7961735377558155
URY,Uruguay,URY,2020,4,2020.75,2020-Q4,2020q4,0.0083117540717531,-0.9717959465001882,-3.8182886662554183,-4.7900846127556065
URY,Uruguay,URY,2021,1,2021.0,2021-Q1,2021q1,0.0081604934978551,-1.009163171067624,-3.799287463088877,-4.808450634156501
URY,Uruguay,URY,2021,2,2021.25,2021-Q2,2021q2,0.0082681955166231,-1.0010958812662984,-3.7942431087856,-4.795338990051898
URY,Uruguay,URY,2021,3,2021.5,2021-Q3,2021q3,0.0084092859451227,-0.986497323109524,-3.7919213909475182,-4.778418714057042
URY,Uruguay,URY,2021,4,2021.75,2021-Q4,2021q4,0.0084206183642344,-0.9934472862742401,-3.7836247272174144,-4.7770720134916544
URY,Uruguay,URY,2022,1,2022.0,2022-Q1,2022q1,0.0084392610722868,-0.9921729918756346,-3.7826875330083403,-4.774860524883975
URY,Uruguay,URY,2022,2,2022.25,2022-Q2,2022q2,0.0086742205418556,-0.965307456059985,-3.7820923522090077,-4.747399808268993
URY,Uruguay,URY,2022,3,2022.5,2022-Q3,2022q3,0.0085305795569948,-0.981905490772518,-3.782192485638369,-4.764097976410887
URY,Uruguay,URY,2022,4,2022.75,2022-Q4,2022q4,0.0083597702587289,-1.002842848287861,-3.7814814849885647,-4.784324333276426
URY,Uruguay,URY,2023,1,2023.0,2023-Q1,2023q1,0.0085583616301198,-0.9781814062943783,-3.7826650992036,-4.7608465054979785
URY,Uruguay,URY,2023,2,2023.25,2023-Q2,2023q2,0.0082626694665277,-1.0151081556441262,-3.780899408049487,-4.796007563693613
URY,Uruguay,URY,2023,3,2023.5,2023-Q3,2023q3,0.0082414493080673,-1.0178672591193383,-3.7807118045063346,-4.798579063625673
URY,Uruguay,URY,2023,4,2023.75,2023-Q4,2023q4,0.0083973043803504,-1.0010723410304934,-3.7787721907052205,-4.779844531735714
URY,Uruguay,URY,2024,1,2024.0,2024-Q1,2024q1,0.0083290197630007,-1.0122534876141525,-3.775756017623659,-4.788009505237811
URY,Uruguay,URY,2024,2,2024.25,2024-Q2,2024q2,0.0084921309052166,-0.9976289137233372,-3.770986406414534,-4.768615320137871
URY,Uruguay,URY,2024,3,2024.5,2024-Q3,2024q3,0.0084917340321316,-1.0034856184894623,-3.765176436957072,-4.768662055446534
URY,Uruguay,URY,2024,4,2024.75,2024-Q4,2024q4,0.0084830626045443,-1.0075480543628297,-3.7621356838204347,-4.769683738183264
URY,Uruguay,URY,2025,1,2025.0,2025-Q1,2025q1,0.0084689567123991,-1.0135071727226248,-3.757840779633255,-4.77134795235588
URY,Uruguay,URY,2025,2,2025.25,2025-Q2,2025q2,0.0084999510640817,-1.0148323156712311,-3.7528625569980663,-4.767694872669297
URY,Uruguay,URY,2025,3,2025.5,2025-Q3,2025q3,0.0084598499244079,-1.02419723626415,-3.7482266086888907,-4.772423844953041
USA,United States,USA,1995,1,1995.0,1995-Q1,1995q1,0.0203115762253876,0.3575102705256281,-4.254074568586735,-3.896564298061107
USA,United States,USA,1995,2,1995.25,1995-Q2,1995q2,0.020385727543068,0.3575199533998896,-4.2504402066290705,-3.892920253229181
USA,United States,USA,1995,3,1995.5,1995-Q3,1995q3,0.0205162081077751,0.3608109805532935,-4.24735104637809,-3.8865400658247964
USA,United States,USA,1995,4,1995.75,1995-Q4,1995q4,0.0206166528339503,0.3627633461545545,-4.244419485914777,-3.881656139760222
USA,United States,USA,1996,1,1996.0,1996-Q1,1996q1,0.0207200624829874,0.3644220492322452,-4.241074895239452,-3.8766528460072065
USA,United States,USA,1996,2,1996.25,1996-Q2,1996q2,0.0209230265297466,0.37025140591706807,-4.237156384572403,-3.866904978655335
USA,United States,USA,1996,3,1996.5,1996-Q3,1996q3,0.0209666918811553,0.37187751426067583,-4.236697715606429,-3.864820201345753
USA,United States,USA,1996,4,1996.75,1996-Q4,1996q4,0.0210879279902157,0.37104478598573554,-4.230099321381617,-3.859054535395882
USA,United States,USA,1997,1,1997.0,1997-Q1,1997q1,0.0211079713627928,0.3693272710923763,-4.227431791231235,-3.858104520138859
USA,United States,USA,1997,2,1997.25,1997-Q2,1997q2,0.0213301266324731,0.366722266683408,-4.214357076375103,-3.8476348096916952
USA,United States,USA,1997,3,1997.5,1997-Q3,1997q3,0.0214756478012844,0.3688232358189252,-4.2096588820174015,-3.8408356461984763
USA,United States,USA,1997,4,1997.75,1997-Q4,1997q4,0.0215671107865035,0.3696063201530553,-4.206192093625781,-3.8365857734727253
USA,United States,USA,1998,1,1998.0,1998-Q1,1998q1,0.0217629213328055,0.3829628699608878,-4.21051048353961,-3.8275476135787225
USA,United States,USA,1998,2,1998.25,1998-Q2,1998q2,0.0219031536211713,0.3900911855888842,-4.211215837148984,-3.8211246515601
USA,United States,USA,1998,3,1998.5,1998-Q3,1998q3,0.0220974322910668,0.3961782090289834,-4.2084720721621,-3.8122938631331165
USA,United States,USA,1998,4,1998.75,1998-Q4,1998q4,0.022338405677403,0.4048475650796233,-4.206295419243004,-3.8014478541633805
USA,United States,USA,1999,1,1999.0,1999-Q1,1999q1,0.0224524677578319,0.4116045192747828,-4.207959267711823,-3.7963547484370403
USA,United States,USA,1999,2,1999.25,1999-Q2,1999q2,0.0225984931285146,0.41479527344576406,-4.2046673241020285,-3.7898720506562644
USA,United States,USA,1999,3,1999.5,1999-Q3,1999q3,0.0228054551738742,0.41735564865428065,-4.198111158282587,-3.7807555096283063
USA,United States,USA,1999,4,1999.75,1999-Q4,1999q4,0.0230690343335098,0.4191382177718874,-4.188402283549777,-3.76926406577789
USA,United States,USA,2000,1,2000.0,2000-Q1,2000q1,0.0227786438215336,0.4023903377583835,-4.184322194227946,-3.781931856469562
USA,United States,USA,2000,2,2000.25,2000-Q2,2000q2,0.0231338651090593,0.4148404346503165,-4.181298147628699,-3.766457712978382
USA,United States,USA,2000,3,2000.5,2000-Q3,2000q3,0.0231761396415429,0.4138672326285646,-4.17849922589675,-3.764631993268185
USA,United States,USA,2000,4,2000.75,2000-Q4,2000q4,0.0231992511712618,0.4095558004054447,-4.173191078337019,-3.763635277931574
USA,United States,USA,2001,1,2001.0,2001-Q1,2001q1,0.0230969418244733,0.40538149386949485,-4.173436552638961,-3.768055058769466
USA,United States,USA,2001,2,2001.25,2001-Q2,2001q2,0.0233350988340067,0.4160186667520849,-4.1738153309007995,-3.7577966641487146
USA,United States,USA,2001,3,2001.5,2001-Q3,2001q3,0.0232927138383202,0.4149329457348445,-4.174547623851253,-3.7596146781164084
USA,United States,USA,2001,4,2001.75,2001-Q4,2001q4,0.0234288693160925,0.4169446900948919,-4.17073097567771,-3.753786285582818
USA,United States,USA,2002,1,2002.0,2002-Q1,2002q1,0.0236746841403369,0.41764956691528266,-4.160998548399518,-3.7433489814842353
USA,United States,USA,2002,2,2002.25,2002-Q2,2002q2,0.02376791495828,0.4137794872100944,-4.153198206030584,-3.73941871882049
USA,United States,USA,2002,3,2002.5,2002-Q3,2002q3,0.0237832334557621,0.41124634955791706,-4.150020772771553,-3.738774423213636
USA,United States,USA,2002,4,2002.75,2002-Q4,2002q4,0.0238278758325832,0.40856510043352046,-4.145464230650573,-3.7368991302170524
USA,United States,USA,2003,1,2003.0,2003-Q1,2003q1,0.023828966429031,0.40457240807652983,-4.141425769568831,-3.736853361492301
USA,United States,USA,2003,2,2003.25,2003-Q2,2003q2,0.0240052080321748,0.40710344766075357,-4.136587918495714,-3.72948447083496
USA,United States,USA,2003,3,2003.5,2003-Q3,2003q3,0.0244233966902576,0.41628426692017895,-4.128497992287372,-3.7122137253671927
USA,United States,USA,2003,4,2003.75,2003-Q4,2003q4,0.0245691060394132,0.4131582097289894,-4.119423687072228,-3.7062654773432384
USA,United States,USA,2004,1,2004.0,2004-Q1,2004q1,0.0246711858027696,0.4089666732499042,-4.111085956256169,-3.7021192830062644
USA,United States,USA,2004,2,2004.25,2004-Q2,2004q2,0.0247964987087564,0.40564960682117857,-4.102702423697901,-3.697052816876722
USA,United States,USA,2004,3,2004.5,2004-Q3,2004q3,0.0249097782283334,0.40331215720284375,-4.095807009867689,-3.692494852664845
USA,United States,USA,2004,4,2004.75,2004-Q4,2004q4,0.0250762531588816,0.3983212684408275,-4.084155238397759,-3.685833969956932
USA,United States,USA,2005,1,2005.0,2005-Q1,2005q1,0.0252836688188325,0.40033329454207944,-4.077929887448277,-3.6775965929061973
USA,United States,USA,2005,2,2005.25,2005-Q2,2005q2,0.0252174539221942,0.38526162925132335,-4.065480537503734,-3.6802189082524106
USA,United States,USA,2005,3,2005.5,2005-Q3,2005q3,0.0252645285947063,0.38072393133573756,-4.059077830180438,-3.678353898844701
USA,United States,USA,2005,4,2005.75,2005-Q4,2005q4,0.0253526866625391,0.3745953876294208,-4.04946595944698,-3.6748705718175594
USA,United States,USA,2006,1,2006.0,2006-Q1,2006q1,0.0255565928219185,0.37438913330883405,-4.041249092843926,-3.666859959535092
USA,United States,USA,2006,2,2006.25,2006-Q2,2006q2,0.0255041772005999,0.36508161640254455,-4.0339946448477555,-3.668913028445211
USA,United States,USA,2006,3,2006.5,2006-Q3,2006q3,0.0254405851377101,0.35549905462975184,-4.026908594708328,-3.671409540078576
USA,United States,USA,2006,4,2006.75,2006-Q4,2006q4,0.025488059971852,0.3475595584144995,-4.017104731287111,-3.669545172872611
USA,United States,USA,2007,1,2007.0,2007-Q1,2007q1,0.0254883380942231,0.34000268545546497,-4.009536946518625,-3.66953426106316
USA,United States,USA,2007,2,2007.25,2007-Q2,2007q2,0.0256739425928856,0.3390854953919975,-4.0013642037158625,-3.662278708323865
USA,United States,USA,2007,3,2007.5,2007-Q3,2007q3,0.0258024633276799,0.3352332176563988,-3.9925185314516303,-3.6572853137952315
USA,United States,USA,2007,4,2007.75,2007-Q4,2007q4,0.0259077217960674,0.3303826619963486,-3.983596877863246,-3.6532142158668974
USA,United States,USA,2008,1,2008.0,2008-Q1,2008q1,0.0258267856946606,0.32555717903348524,-3.9819002994309596,-3.6563431203974743
USA,United States,USA,2008,2,2008.25,2008-Q2,2008q2,0.0260156333251081,0.3295347547437064,-3.978592394666867,-3.6490576399231607
USA,United States,USA,2008,3,2008.5,2008-Q3,2008q3,0.0260000516033412,0.33192336755523666,-3.981580123773969,-3.6496567562187323
USA,United States,USA,2008,4,2008.75,2008-Q4,2008q4,0.0256219532522166,0.33101174448512216,-3.995317490552026,-3.664305746066904
USA,United States,USA,2009,1,2009.0,2009-Q1,2009q1,0.025818185871107,0.3540744357014418,-4.010750592341259,-3.6566761566398176
USA,United States,USA,2009,2,2009.25,2009-Q2,2009q2,0.0259875653074685,0.35386532437356477,-4.004002437140827,-3.6501371127672626
USA,United States,USA,2009,3,2009.5,2009-Q3,2009q3,0.0262550081923429,0.3523332480423327,-3.992231767904877,-3.639898519862544
USA,United States,USA,2009,4,2009.75,2009-Q4,2009q4,0.026694149417179,0.36215776921229503,-3.985468629751267,-3.623310860538972
USA,United States,USA,2010,1,2010.0,2010-Q1,2010q1,0.0268141478111509,0.36208468592607046,-3.9809103132822243,-3.618825627356154
USA,United States,USA,2010,2,2010.25,2010-Q2,2010q2,0.0269630847335197,0.35331917760531883,-3.9666057581895937,-3.613286580584275
USA,United States,USA,2010,3,2010.5,2010-Q3,2010q3,0.0271433631407622,0.3541141060863353,-3.9607368201089788,-3.6066227140226434
USA,United States,USA,2010,4,2010.75,2010-Q4,2010q4,0.0272801688601968,0.35015395944951955,-3.9517492155856404,-3.601595256136121
USA,United States,USA,2011,1,2011.0,2011-Q1,2011q1,0.0272047735738617,0.3455801017035198,-3.949942923742827,-3.6043628220393074
USA,United States,USA,2011,2,2011.25,2011-Q2,2011q2,0.0273694183613578,0.3448841317659781,-3.9432131388764726,-3.5983290071104945
USA,United States,USA,2011,3,2011.5,2011-Q3,2011q3,0.0272849582459688,0.33647615068508063,-3.9378958593227056,-3.601419708637625
USA,United States,USA,2011,4,2011.75,2011-Q4,2011q4,0.027402911718462,0.34068910026679466,-3.937795104403702,-3.5971060041369074
USA,United States,USA,2012,1,2012.0,2012-Q1,2012q1,0.0274540629009666,0.34150544412644956,-3.936746555141414,-3.5952411110149645
USA,United States,USA,2012,2,2012.25,2012-Q2,2012q2,0.0275016505134125,0.3415207861194336,-3.935030043560548,-3.5935092574411143
USA,United States,USA,2012,3,2012.5,2012-Q3,2012q3,0.0274616436717162,0.336177533746874,-3.931142557235305,-3.594965023488431
USA,United States,USA,2012,4,2012.75,2012-Q4,2012q4,0.0273144023346791,0.32588187999049767,-3.9262230378446903,-3.6003411578541926
USA,United States,USA,2013,1,2013.0,2013-Q1,2013q1,0.0276393158426222,0.3311799782461802,-3.9196960110728867,-3.5885160328267065
USA,United States,USA,2013,2,2013.25,2013-Q2,2013q2,0.0275960288344316,0.3208292954526062,-3.910912694874213,-3.590083399421607
USA,United States,USA,2013,3,2013.5,2013-Q3,2013q3,0.0277257477682925,0.3201257243574225,-3.905519499563591,-3.5853937752061684
USA,United States,USA,2013,4,2013.75,2013-Q4,2013q4,0.0279542986960167,0.32566103610310826,-3.9028453278103648,-3.5771842917072565
USA,United States,USA,2014,1,2014.0,2014-Q1,2014q1,0.0277073005760549,0.3126992414029979,-3.8987585832149927,-3.586059341811995
USA,United States,USA,2014,2,2014.25,2014-Q2,2014q2,0.0279344734692948,0.3160892576462273,-3.893983002318197,-3.57789374467197
USA,United States,USA,2014,3,2014.5,2014-Q3,2014q3,0.0281361326590884,0.32122407229391703,-3.8919247411919593,-3.5707006688980423
USA,United States,USA,2014,4,2014.75,2014-Q4,2014q4,0.0280941185867508,0.31299030433887154,-3.8851853318508356,-3.572195027511964
USA,United States,USA,2015,1,2015.0,2015-Q1,2015q1,0.0282570499172649,0.31522519951905226,-3.8816374974488594,-3.566412297929807
USA,United States,USA,2015,2,2015.25,2015-Q2,2015q2,0.0283111660095216,0.31254743317649103,-3.877046426686889,-3.564498993510398
USA,United States,USA,2015,3,2015.5,2015-Q3,2015q3,0.0283660941216021,0.3104219746346959,-3.872982690636614,-3.562560716001918
USA,United States,USA,2015,4,2015.75,2015-Q4,2015q4,0.0282789873645219,0.3082558168276024,-3.8738920629004796,-3.565636246072877
USA,United States,USA,2016,1,2016.0,2016-Q1,2016q1,0.0282311332261975,0.30781325111879765,-3.875143146019994,-3.5673298949011962
USA,United States,USA,2016,2,2016.25,2016-Q2,2016q2,0.0282747152729701,0.30202066548733697,-3.8678079924394737,-3.5657873269521367
USA,United States,USA,2016,3,2016.5,2016-Q3,2016q3,0.0283529549760774,0.3042740392731238,-3.867298061552871,-3.5630240222797473
USA,United States,USA,2016,4,2016.75,2016-Q4,2016q4,0.0284415899582524,0.2991157309450827,-3.8590185008497677,-3.559902769904685
USA,United States,USA,2017,1,2017.0,2017-Q1,2017q1,0.0285104612545811,0.2968670407380394,-3.8543512382319376,-3.557484197493898
USA,United States,USA,2017,2,2017.25,2017-Q2,2017q2,0.0285349941250657,0.2900587954621412,-3.8466828763408323,-3.556624080878691
USA,United States,USA,2017,3,2017.5,2017-Q3,2017q3,0.0286447164407405,0.29045201512815666,-3.8432382853826903,-3.5527862702545336
USA,United States,USA,2017,4,2017.75,2017-Q4,2017q4,0.0289561453616864,0.29581164583237696,-3.837784468307589,-3.541972822475212
USA,United States,USA,2018,1,2018.0,2018-Q1,2018q1,0.0289919782517773,0.29259190681289393,-3.8333280060803943,-3.5407360992675003
USA,United States,USA,2018,2,2018.25,2018-Q2,2018q2,0.0290122505680522,0.2856549870734968,-3.8256920918879103,-3.5400371048144135
USA,United States,USA,2018,3,2018.5,2018-Q3,2018q3,0.0291502377816157,0.28896587802378093,-3.824258087068906,-3.535292209045125
USA,United States,USA,2018,4,2018.75,2018-Q4,2018q4,0.0290616542249229,0.28664360479312023,-3.8249793027892887,-3.5383356979961684
USA,United States,USA,2019,1,2019.0,2019-Q1,2019q1,0.029206368080306,0.28802274017601315,-3.821391248718992,-3.5333685085429787
USA,United States,USA,2019,2,2019.25,2019-Q2,2019q2,0.0294027389425899,0.28689949467011155,-3.8135669423342766,-3.526667447664165
USA,United States,USA,2019,3,2019.5,2019-Q3,2019q3,0.0295923218821212,0.29189207533579165,-3.8121324225111266,-3.520240347175335
USA,United States,USA,2019,4,2019.75,2019-Q4,2019q4,0.029658250627719,0.29723482059471706,-3.8152497454656107,-3.5180149248708936
USA,United States,USA,2020,1,2020.0,2020-Q1,2020q1,0.0294497019296418,0.28913516882402757,-3.8142066589943626,-3.525071490170335
USA,United States,USA,2020,2,2020.25,2020-Q2,2020q2,0.031044279287845,0.40984761315837703,-3.8821883426730164,-3.4723407295146393
USA,United States,USA,2020,3,2020.5,2020-Q3,2020q3,0.0315173801393653,0.37017815936612974,-3.8273942942189545,-3.4572161348528248
USA,United States,USA,2020,4,2020.75,2020-Q4,2020q4,0.0310906715281033,0.34744121059936584,-3.8182886662554183,-3.4708474556560525
USA,United States,USA,2021,1,2021.0,2021-Q1,2021q1,0.0314563491777997,0.34013302852488136,-3.799287463088877,-3.4591544345639957
USA,United States,USA,2021,2,2021.25,2021-Q2,2021q2,0.0317000495567674,0.34280607399044083,-3.7942431087856,-3.451437034795159
USA,United States,USA,2021,3,2021.5,2021-Q3,2021q3,0.031599043452086,0.33729296159647904,-3.7919213909475182,-3.454628429351039
USA,United States,USA,2021,4,2021.75,2021-Q4,2021q4,0.0317142426355049,0.3326353227113854,-3.7836247272174144,-3.450989404506029
USA,United States,USA,2022,1,2022.0,2022-Q1,2022q1,0.0312017902104091,0.31540772573430775,-3.7826875330083403,-3.4672798072740325
USA,United States,USA,2022,2,2022.25,2022-Q2,2022q2,0.0311136368315495,0.31198327963590256,-3.7820923522090077,-3.470109072573105
USA,United States,USA,2022,3,2022.5,2022-Q3,2022q3,0.0312501213496207,0.31646046601896494,-3.782192485638369,-3.465732019619404
USA,United States,USA,2022,4,2022.75,2022-Q4,2022q4,0.0314264401717754,0.3213757882878525,-3.7814814849885647,-3.460105696700712
USA,United States,USA,2023,1,2023.0,2023-Q1,2023q1,0.0313712182340341,0.3208006760351445,-3.7826650992036,-3.4618644231684557
USA,United States,USA,2023,2,2023.25,2023-Q2,2023q2,0.0314355864636367,0.32108470711888826,-3.780899408049487,-3.4598147009305986
USA,United States,USA,2023,3,2023.5,2023-Q3,2023q3,0.0316993223700137,0.3292518298386935,-3.7807118045063346,-3.451459974667641
USA,United States,USA,2023,4,2023.75,2023-Q4,2023q4,0.031971895008629,0.3358741476277487,-3.7787721907052205,-3.442898043077472
USA,United States,USA,2024,1,2024.0,2024-Q1,2024q1,0.0321209355898089,0.3375087552475815,-3.775756017623659,-3.4382472623760774
USA,United States,USA,2024,2,2024.25,2024-Q2,2024q2,0.0323512634030772,0.3398842018076609,-3.770986406414534,-3.4311022046068733
USA,United States,USA,2024,3,2024.5,2024-Q3,2024q3,0.0325534204342685,0.340303603574744,-3.765176436957072,-3.424872833382328
USA,United States,USA,2024,4,2024.75,2024-Q4,2024q4,0.0327403697040867,0.3429892688399101,-3.7621356838204347,-3.4191464149805246
USA,United States,USA,2025,1,2025.0,2025-Q1,2025q1,0.0322973953177687,0.3250720873113653,-3.757840779633255,-3.43276869232189
USA,United States,USA,2025,2,2025.25,2025-Q2,2025q2,0.0325764692069186,0.3286975022942915,-3.7528625569980663,-3.4241650547037747
USA,United States,USA,2025,3,2025.5,2025-Q3,2025q3,0.0329308391836376,0.3348809096341996,-3.7482266086888907,-3.413345699054691
USA,United States,USA,2025,4,2025.75,2025-Q4,2025q4,0.0329304720593726,0.3337948726218891,-3.747151720080949,-3.41335684745906
USA,United States,USA,2026,1,2026.0,2026-Q1,2026q1,0.0332764978791228,0.346634242238792,-3.7495381428027086,-3.4029039005639166
USA,United States,USA,2026,2,2026.25,2026-Q2,2026q2,0.0334565606440906,0.34579394348654846,-3.7433013222682665,-3.397507378781718
VNM,Vietnam,VNM,2004,1,2004.0,2004-Q1,2004q1,0.0004295515921195,-3.641682746148544,-4.111085956256169,-7.752768702404713
VNM,Vietnam,VNM,2004,2,2004.25,2004-Q2,2004q2,0.0004368331989022,-3.633256707911169,-4.102702423697901,-7.73595913160907
VNM,Vietnam,VNM,2004,3,2004.5,2004-Q3,2004q3,0.0004405495826391,-3.6316805491475916,-4.095807009867689,-7.72748755901528
VNM,Vietnam,VNM,2004,4,2004.75,2004-Q4,2004q4,0.0005858791826644,-3.3582417241737073,-4.084155238397759,-7.4423969625714665
VNM,Vietnam,VNM,2005,1,2005.0,2005-Q1,2005q1,0.0005868364784039,-3.362834461210178,-4.077929887448277,-7.440764348658455
VNM,Vietnam,VNM,2005,2,2005.25,2005-Q2,2005q2,0.000601693827609,-3.3502812965401327,-4.065480537503734,-7.415761834043867
VNM,Vietnam,VNM,2005,3,2005.5,2005-Q3,2005q3,0.000608751430445,-3.3450227035828153,-4.059077830180438,-7.404100533763254
VNM,Vietnam,VNM,2005,4,2005.75,2005-Q4,2005q4,0.0006160182050095,-3.342768081833622,-4.04946595944698,-7.392234041280602
VNM,Vietnam,VNM,2006,1,2006.0,2006-Q1,2006q1,0.0006190471018638,-3.346080101851231,-4.041249092843926,-7.387329194695157
VNM,Vietnam,VNM,2006,2,2006.25,2006-Q2,2006q2,0.0006352887906418,-3.327436229196449,-4.0339946448477555,-7.3614308740442045
VNM,Vietnam,VNM,2006,3,2006.5,2006-Q3,2006q3,0.0006412926422371,-3.3251160703665414,-4.026908594708328,-7.352024665074869
VNM,Vietnam,VNM,2006,4,2006.75,2006-Q4,2006q4,0.000641639604592,-3.3343790441745824,-4.017104731287111,-7.351483775461693
VNM,Vietnam,VNM,2007,1,2007.0,2007-Q1,2007q1,0.0006561427530678,-3.319595234791641,-4.009536946518625,-7.329132181310266
VNM,Vietnam,VNM,2007,2,2007.25,2007-Q2,2007q2,0.0006742643369685,-3.3005241288751064,-4.0013642037158625,-7.301888332590969
VNM,Vietnam,VNM,2007,3,2007.5,2007-Q3,2007q3,0.0006756274617772,-3.3073501944222756,-3.9925185314516303,-7.299868725873906
VNM,Vietnam,VNM,2007,4,2007.75,2007-Q4,2007q4,0.0006614713393869,-3.337447024186234,-3.983596877863246,-7.32104390204948
VNM,Vietnam,VNM,2008,1,2008.0,2008-Q1,2008q1,0.0007094077162536,-3.26917983909817,-3.9819002994309596,-7.2510801385291295
VNM,Vietnam,VNM,2008,2,2008.25,2008-Q2,2008q2,0.0007126072921474,-3.26798767702142,-3.978592394666867,-7.246580071688287
VNM,Vietnam,VNM,2008,3,2008.5,2008-Q3,2008q3,0.0007061853239973,-3.2740527325640425,-3.981580123773969,-7.2556328563380115
VNM,Vietnam,VNM,2008,4,2008.75,2008-Q4,2008q4,0.0006606096270323,-3.327029981397502,-3.995317490552026,-7.322347471949528
VNM,Vietnam,VNM,2009,1,2009.0,2009-Q1,2009q1,0.0007710663968187,-3.1569854779742244,-4.010750592341259,-7.167736070315484
VNM,Vietnam,VNM,2009,2,2009.25,2009-Q2,2009q2,0.0007464548258489,-3.1961730202782315,-4.004002437140827,-7.200175457419059
VNM,Vietnam,VNM,2009,3,2009.5,2009-Q3,2009q3,0.0007376011818614,-3.2198755155116263,-3.992231767904877,-7.212107283416503
VNM,Vietnam,VNM,2009,4,2009.75,2009-Q4,2009q4,0.0006588808573897,-3.339499203090887,-3.985468629751267,-7.324967832842154
VNM,Vietnam,VNM,2010,1,2010.0,2010-Q1,2010q1,0.00054991885398,-3.5248295155585487,-3.9809103132822243,-7.505739828840773
VNM,Vietnam,VNM,2010,2,2010.25,2010-Q2,2010q2,0.0006260863406915,-3.409416513757965,-3.9666057581895937,-7.3760222719475586
VNM,Vietnam,VNM,2010,3,2010.5,2010-Q3,2010q3,0.0006337897080426,-3.403056529224167,-3.9607368201089788,-7.363793349333146
VNM,Vietnam,VNM,2010,4,2010.75,2010-Q4,2010q4,0.0006570287562747,-3.37603355578839,-3.9517492155856404,-7.3277827713740304
VNM,Vietnam,VNM,2011,1,2011.0,2011-Q1,2011q1,0.0006084527863288,-3.454648315060841,-3.949942923742827,-7.404591238803668
VNM,Vietnam,VNM,2011,2,2011.25,2011-Q2,2011q2,0.000649399214522,-3.396249768963982,-3.9432131388764726,-7.3394629078404545
VNM,Vietnam,VNM,2011,3,2011.5,2011-Q3,2011q3,0.0006469920372855,-3.40528071134855,-3.9378958593227056,-7.343176570671256
VNM,Vietnam,VNM,2011,4,2011.75,2011-Q4,2011q4,0.0006551061770149,-3.392918128749656,-3.937795104403702,-7.330713233153358
VNM,Vietnam,VNM,2012,1,2012.0,2012-Q1,2012q1,0.0006501400849279,-3.401576147879566,-3.936746555141414,-7.33832270302098
VNM,Vietnam,VNM,2012,2,2012.25,2012-Q2,2012q2,0.0006645174363514,-3.3814193967882127,-3.935030043560548,-7.3164494403487605
VNM,Vietnam,VNM,2012,3,2012.5,2012-Q3,2012q3,0.0006726732783953,-3.373108259401057,-3.931142557235305,-7.304250816636362
VNM,Vietnam,VNM,2012,4,2012.75,2012-Q4,2012q4,0.0006781905263341,-3.3698592593635643,-3.9262230378446903,-7.296082297208255
VNM,Vietnam,VNM,2013,1,2013.0,2013-Q1,2013q1,0.0006819824829708,-3.370810574171334,-3.9196960110728867,-7.290506585244221
VNM,Vietnam,VNM,2013,2,2013.25,2013-Q2,2013q2,0.0006944113732579,-3.3615333213384453,-3.910912694874213,-7.272446016212658
VNM,Vietnam,VNM,2013,3,2013.5,2013-Q3,2013q3,0.0007015332651362,-3.356722739973623,-3.905519499563591,-7.262242239537214
VNM,Vietnam,VNM,2013,4,2013.75,2013-Q4,2013q4,0.0007099954112198,-3.3474067232101383,-3.9028453278103648,-7.250252051020503
VNM,Vietnam,VNM,2014,1,2014.0,2014-Q1,2014q1,0.0007147229469767,-3.3448569938935355,-3.8987585832149927,-7.243615577108528
VNM,Vietnam,VNM,2014,2,2014.25,2014-Q2,2014q2,0.0007264788560098,-3.3333181769686955,-3.893983002318197,-7.227301179286893
VNM,Vietnam,VNM,2014,3,2014.5,2014-Q3,2014q3,0.0007363797738746,-3.3218398340119424,-3.8919247411919593,-7.213764575203902
VNM,Vietnam,VNM,2014,4,2014.75,2014-Q4,2014q4,0.0007473925832822,-3.313734632469333,-3.8851853318508356,-7.198919964320169
VNM,Vietnam,VNM,2015,1,2015.0,2015-Q1,2015q1,0.0007656918873688,-3.293093207504313,-3.8816374974488594,-7.1747307049531726
VNM,Vietnam,VNM,2015,2,2015.25,2015-Q2,2015q2,0.0007790986304343,-3.2803264818239044,-3.877046426686889,-7.157372908510793
VNM,Vietnam,VNM,2015,3,2015.5,2015-Q3,2015q3,0.0007865055124578,-3.274928136007354,-3.872982690636614,-7.147910826643968
VNM,Vietnam,VNM,2015,4,2015.75,2015-Q4,2015q4,0.000797574781525,-3.260042894863617,-3.8738920629004796,-7.1339349577640965
VNM,Vietnam,VNM,2016,1,2016.0,2016-Q1,2016q1,0.0007956616067984,-3.2611934335752215,-3.875143146019994,-7.136336579595215
VNM,Vietnam,VNM,2016,2,2016.25,2016-Q2,2016q2,0.0008126622261835,-3.247387008255834,-3.8678079924394737,-7.115195000695308
VNM,Vietnam,VNM,2016,3,2016.5,2016-Q3,2016q3,0.0008303014778949,-3.226423635192093,-3.867298061552871,-7.093721696744964
VNM,Vietnam,VNM,2016,4,2016.75,2016-Q4,2016q4,0.0008421708182778,-3.2205091913840382,-3.8590185008497677,-7.079527692233806
VNM,Vietnam,VNM,2017,1,2017.0,2017-Q1,2017q1,0.0008348708014966,-3.2338823355997954,-3.8543512382319376,-7.088233573831733
VNM,Vietnam,VNM,2017,2,2017.25,2017-Q2,2017q2,0.0008640054407565,-3.2072486156673383,-3.8466828763408323,-7.053931492008171
VNM,Vietnam,VNM,2017,3,2017.5,2017-Q3,2017q3,0.0008803889195212,-3.1919085087408723,-3.8432382853826903,-7.035146794123563
VNM,Vietnam,VNM,2017,4,2017.75,2017-Q4,2017q4,0.0008957419769025,-3.1800736903607443,-3.837784468307589,-7.017858158668333
VNM,Vietnam,VNM,2018,1,2018.0,2018-Q1,2018q1,0.0009004192919224,-3.1793220171341443,-3.8333280060803943,-7.012650023214539
VNM,Vietnam,VNM,2018,2,2018.25,2018-Q2,2018q2,0.00091997290431,-3.165474248303948,-3.8256920918879103,-6.9911663401918585
VNM,Vietnam,VNM,2018,3,2018.5,2018-Q3,2018q3,0.0009290829328289,-3.1570544649907126,-3.824258087068906,-6.981312552059618
VNM,Vietnam,VNM,2018,4,2018.75,2018-Q4,2018q4,0.0009386473159704,-3.146091441866008,-3.8249793027892887,-6.971070744655297
VNM,Vietnam,VNM,2019,1,2019.0,2019-Q1,2019q1,0.0009594174968462,-3.127792983063858,-3.821391248718992,-6.94918423178285
VNM,Vietnam,VNM,2019,2,2019.25,2019-Q2,2019q2,0.0009781860314849,-3.1162437474417666,-3.8135669423342766,-6.929810689776043
VNM,Vietnam,VNM,2019,3,2019.5,2019-Q3,2019q3,0.0009930507434719,-3.1025963715334344,-3.8121324225111266,-6.914728794044561
VNM,Vietnam,VNM,2019,4,2019.75,2019-Q4,2019q4,0.0009927951082537,-3.0997365058427055,-3.8152497454656107,-6.914986251308316
VNM,Vietnam,VNM,2020,1,2020.0,2020-Q1,2020q1,0.0009991217346079,-3.09442727128089,-3.8142066589943626,-6.908633930275252
VNM,Vietnam,VNM,2020,2,2020.25,2020-Q2,2020q2,0.0010331768986131,-2.9929285133854515,-3.8821883426730164,-6.875116856058468
VNM,Vietnam,VNM,2020,3,2020.5,2020-Q3,2020q3,0.0010415446206923,-3.0396561612425725,-3.8273942942189545,-6.867050455461527
VNM,Vietnam,VNM,2020,4,2020.75,2020-Q4,2020q4,0.0010566481194758,-3.0343648662062486,-3.8182886662554183,-6.852653532461667
VNM,Vietnam,VNM,2021,1,2021.0,2021-Q1,2021q1,0.0010606051453356,-3.04962817883999,-3.799287463088877,-6.848915641928867
ZAF,South Africa,ZAF,2008,1,2008.0,2008-Q1,2008q1,0.0066241534739758,-1.0351323933562204,-3.9819002994309596,-5.01703269278718
ZAF,South Africa,ZAF,2008,2,2008.25,2008-Q2,2008q2,0.0066249207798344,-1.0383244702753238,-3.978592394666867,-5.016916864942191
ZAF,South Africa,ZAF,2008,3,2008.5,2008-Q3,2008q3,0.0066756138901756,-1.0277139865850708,-3.981580123773969,-5.00929411035904
ZAF,South Africa,ZAF,2008,4,2008.75,2008-Q4,2008q4,0.0066090684068951,-1.0239950814286956,-3.995317490552026,-5.019312571980722
ZAF,South Africa,ZAF,2009,1,2009.0,2009-Q1,2009q1,0.0065128907927828,-1.0232212747923786,-4.010750592341259,-5.033971867133638
ZAF,South Africa,ZAF,2009,2,2009.25,2009-Q2,2009q2,0.0065931622444043,-1.0177197534274187,-4.004002437140827,-5.021722190568246
ZAF,South Africa,ZAF,2009,3,2009.5,2009-Q3,2009q3,0.0068748983525995,-0.987646652710362,-3.992231767904877,-4.979878420615239
ZAF,South Africa,ZAF,2009,4,2009.75,2009-Q4,2009q4,0.0069097065180705,-0.9893594844125166,-3.985468629751267,-4.974828114163784
ZAF,South Africa,ZAF,2010,1,2010.0,2010-Q1,2010q1,0.0070109639024078,-0.9793697701963953,-3.9809103132822243,-4.96028008347862
ZAF,South Africa,ZAF,2010,2,2010.25,2010-Q2,2010q2,0.0070403186172151,-0.9894960935195658,-3.9666057581895937,-4.9561018517091595
ZAF,South Africa,ZAF,2010,3,2010.5,2010-Q3,2010q3,0.0072043486778858,-0.9723336321358005,-3.9607368201089788,-4.933070452244779
ZAF,South Africa,ZAF,2010,4,2010.75,2010-Q4,2010q4,0.0072185870054187,-0.9793468352652841,-3.9517492155856404,-4.9310960508509245
ZAF,South Africa,ZAF,2011,1,2011.0,2011-Q1,2011q1,0.0072266653260059,-0.9800346528517796,-3.949942923742827,-4.929977576594607
ZAF,South Africa,ZAF,2011,2,2011.25,2011-Q2,2011q2,0.0072420341740092,-0.9846400099098855,-3.9432131388764726,-4.927853148786358
ZAF,South Africa,ZAF,2011,3,2011.5,2011-Q3,2011q3,0.0071908975261923,-0.9970434259267602,-3.9378958593227056,-4.934939285249466
ZAF,South Africa,ZAF,2011,4,2011.75,2011-Q4,2011q4,0.0071884352161097,-0.9974866598954932,-3.937795104403702,-4.935281764299195
ZAF,South Africa,ZAF,2012,1,2012.0,2012-Q1,2012q1,0.0072009627980198,-0.9967939848115019,-3.936746555141414,-4.933540539952916
ZAF,South Africa,ZAF,2012,2,2012.25,2012-Q2,2012q2,0.0072103265371953,-0.9972109956640973,-3.935030043560548,-4.932241039224645
ZAF,South Africa,ZAF,2012,3,2012.5,2012-Q3,2012q3,0.0071516298873243,-1.0092724347498652,-3.931142557235305,-4.94041499198517
ZAF,South Africa,ZAF,2012,4,2012.75,2012-Q4,2012q4,0.007257928052836,-0.9994378452041879,-3.9262230378446903,-4.925660883048878
ZAF,South Africa,ZAF,2013,1,2013.0,2013-Q1,2013q1,0.0072302621084669,-1.0097839794957117,-3.9196960110728867,-4.929479990568598
ZAF,South Africa,ZAF,2013,2,2013.25,2013-Q2,2013q2,0.0071911776396177,-1.0239876372447476,-3.910912694874213,-4.934900332118961
ZAF,South Africa,ZAF,2013,3,2013.5,2013-Q3,2013q3,0.0070845688804367,-1.0443167577481058,-3.905519499563591,-4.949836257311697
ZAF,South Africa,ZAF,2013,4,2013.75,2013-Q4,2013q4,0.0070990048566704,-1.0449553379803156,-3.9028453278103648,-4.94780066579068
ZAF,South Africa,ZAF,2014,1,2014.0,2014-Q1,2014q1,0.0070983055700632,-1.0491405923055943,-3.8987585832149927,-4.947899175520587
ZAF,South Africa,ZAF,2014,2,2014.25,2014-Q2,2014q2,0.0070837570830238,-1.0559678482652646,-3.893983002318197,-4.949950850583462
ZAF,South Africa,ZAF,2014,3,2014.5,2014-Q3,2014q3,0.0071431508793295,-1.049676559156747,-3.8919247411919593,-4.941601300348706
ZAF,South Africa,ZAF,2014,4,2014.75,2014-Q4,2014q4,0.0071308608115816,-1.0581379890553793,-3.8851853318508356,-4.943323320906215
ZAF,South Africa,ZAF,2015,1,2015.0,2015-Q1,2015q1,0.0070699860485518,-1.0702592749574649,-3.8816374974488594,-4.951896772406324
ZAF,South Africa,ZAF,2015,2,2015.25,2015-Q2,2015q2,0.0068935926490598,-1.10011647369512,-3.877046426686889,-4.977162900382009
ZAF,South Africa,ZAF,2015,3,2015.5,2015-Q3,2015q3,0.0068850633169795,-1.105418259841251,-3.872982690636614,-4.978400950477865
ZAF,South Africa,ZAF,2015,4,2015.75,2015-Q4,2015q4,0.0068807507338003,-1.1051354518044447,-3.8738920629004796,-4.979027514704924
ZAF,South Africa,ZAF,2016,1,2016.0,2016-Q1,2016q1,0.0070017788965509,-1.0864478881132005,-3.875143146019994,-4.961591034133194
ZAF,South Africa,ZAF,2016,2,2016.25,2016-Q2,2016q2,0.0070235902936861,-1.0906727613976814,-3.8678079924394737,-4.958480753837155
ZAF,South Africa,ZAF,2016,3,2016.5,2016-Q3,2016q3,0.0069428140394263,-1.1027500439104871,-3.867298061552871,-4.970048105463358
ZAF,South Africa,ZAF,2016,4,2016.75,2016-Q4,2016q4,0.0068753816749187,-1.1207896197688987,-3.8590185008497677,-4.979808120618666
ZAF,South Africa,ZAF,2017,1,2017.0,2017-Q1,2017q1,0.0068049209792237,-1.135758016878233,-3.8543512382319376,-4.990109255110171
ZAF,South Africa,ZAF,2017,2,2017.25,2017-Q2,2017q2,0.0068602232227324,-1.135332421676008,-3.8466828763408323,-4.98201529801684
ZAF,South Africa,ZAF,2017,3,2017.5,2017-Q3,2017q3,0.0068762297395658,-1.1364464948327884,-3.8432382853826903,-4.979684780215479
ZAF,South Africa,ZAF,2017,4,2017.75,2017-Q4,2017q4,0.0069356659453,-1.1332937347984848,-3.837784468307589,-4.971078203106074
ZAF,South Africa,ZAF,2018,1,2018.0,2018-Q1,2018q1,0.0068551903053534,-1.149421198733291,-3.8333280060803943,-4.982749204813685
ZAF,South Africa,ZAF,2018,2,2018.25,2018-Q2,2018q2,0.0068230199679397,-1.1617610027021708,-3.8256920918879103,-4.987453094590081
ZAF,South Africa,ZAF,2018,3,2018.5,2018-Q3,2018q3,0.0069146249466862,-1.1498584659122248,-3.824258087068906,-4.974116552981131
ZAF,South Africa,ZAF,2018,4,2018.75,2018-Q4,2018q4,0.00690147934031,-1.1510401904230418,-3.8249793027892887,-4.9760194932123305
ZAF,South Africa,ZAF,2019,1,2019.0,2019-Q1,2019q1,0.0069129545950427,-1.1529669013755863,-3.821391248718992,-4.974358150094578
ZAF,South Africa,ZAF,2019,2,2019.25,2019-Q2,2019q2,0.0068812681625977,-1.1653853757295827,-3.8135669423342766,-4.978952318063859
ZAF,South Africa,ZAF,2019,3,2019.5,2019-Q3,2019q3,0.0069183803957888,-1.1614411610860005,-3.8121324225111266,-4.973573583597127
ZAF,South Africa,ZAF,2019,4,2019.75,2019-Q4,2019q4,0.0069179944189581,-1.1583796297439823,-3.8152497454656107,-4.973629375209593
ZAF,South Africa,ZAF,2020,1,2020.0,2020-Q1,2020q1,0.0069141820840487,-1.1599739432770173,-3.8142066589943626,-4.97418060227138
ZAF,South Africa,ZAF,2020,2,2020.25,2020-Q2,2020q2,0.0065991879057431,-1.1386203394317258,-3.8821883426730164,-5.020808682104742
ZAF,South Africa,ZAF,2020,3,2020.5,2020-Q3,2020q3,0.0072955150282878,-1.0931012051039768,-3.8273942942189545,-4.920495499322931
ZAF,South Africa,ZAF,2020,4,2020.75,2020-Q4,2020q4,0.0073572991863647,-1.093773705705995,-3.8182886662554183,-4.912062371961413
ZAF,South Africa,ZAF,2021,1,2021.0,2021-Q1,2021q1,0.0073919636838073,-1.108074394470802,-3.799287463088877,-4.907361857559679
ZAF,South Africa,ZAF,2021,2,2021.25,2021-Q2,2021q2,0.0074461993667523,-1.1058084200907174,-3.7942431087856,-4.900051528876317
ZAF,South Africa,ZAF,2021,3,2021.5,2021-Q3,2021q3,0.0077207877756892,-1.0719174857209595,-3.7919213909475182,-4.863838876668478
ZAF,South Africa,ZAF,2021,4,2021.75,2021-Q4,2021q4,0.0077230616278547,-1.079919682427652,-3.7836247272174144,-4.863544409645066
ZAF,South Africa,ZAF,2022,1,2022.0,2022-Q1,2022q1,0.00764047465793,-1.091608016723923,-3.7826875330083403,-4.874295549732263
ZAF,South Africa,ZAF,2022,2,2022.25,2022-Q2,2022q2,0.0071721698698472,-1.155454686167508,-3.7820923522090077,-4.937547038376516
ZAF,South Africa,ZAF,2022,3,2022.5,2022-Q3,2022q3,0.0072972139904073,-1.1380701631841523,-3.782192485638369,-4.920262648822521
ZAF,South Africa,ZAF,2022,4,2022.75,2022-Q4,2022q4,0.0071300918264074,-1.1619496807712815,-3.7814814849885647,-4.943431165759846
ZAF,South Africa,ZAF,2023,1,2023.0,2023-Q1,2023q1,0.0070325193754291,-1.1745451632736743,-3.7826650992036,-4.9572102624772745
ZAF,South Africa,ZAF,2023,2,2023.25,2023-Q2,2023q2,0.0069621223008076,-1.186371514790546,-3.780899408049487,-4.967270922840033
ZAF,South Africa,ZAF,2023,3,2023.5,2023-Q3,2023q3,0.0068331275432557,-1.205260993074151,-3.7807118045063346,-4.9859727975804855
ZAF,South Africa,ZAF,2023,4,2023.75,2023-Q4,2023q4,0.0068696793509086,-1.2018656569443458,-3.7787721907052205,-4.980637847649566
ZAF,South Africa,ZAF,2024,1,2024.0,2024-Q1,2024q1,0.0068487264656845,-1.2079365437874512,-3.775756017623659,-4.98369256141111
ZAF,South Africa,ZAF,2024,2,2024.25,2024-Q2,2024q2,0.0068461197599324,-1.213086839195673,-3.770986406414534,-4.984073245610207
ZAF,South Africa,ZAF,2024,3,2024.5,2024-Q3,2024q3,0.006767985888822,-1.2303753047082453,-3.765176436957072,-4.9955517416653175
ZAF,South Africa,ZAF,2024,4,2024.75,2024-Q4,2024q4,0.0067449204906027,-1.2368298934732103,-3.7621356838204347,-4.998965577293645
ZAF,South Africa,ZAF,2025,1,2025.0,2025-Q1,2025q1,0.0068559677859736,-1.2247950167264023,-3.757840779633255,-4.9826357963596575
ZAF,South Africa,ZAF,2025,2,2025.25,2025-Q2,2025q2,0.0068512700447067,-1.230458678909494,-3.7528625569980663,-4.98332123590756
ZMB,Zambia,ZMB,2010,1,2010.0,2010-Q1,2010q1,0.0010701293288378,-2.8590654564573446,-3.9809103132822243,-6.839975769739569
ZMB,Zambia,ZMB,2010,2,2010.25,2010-Q2,2010q2,0.0010771855129931,-2.8667978876901112,-3.9666057581895937,-6.833403645879705
ZMB,Zambia,ZMB,2010,3,2010.5,2010-Q3,2010q3,0.0011585671875399,-2.7998344003776037,-3.9607368201089788,-6.760571220486582
ZMB,Zambia,ZMB,2010,4,2010.75,2010-Q4,2010q4,0.0011533444073228,-2.8133401613160984,-3.9517492155856404,-6.765089376901739
ZMB,Zambia,ZMB,2011,1,2011.0,2011-Q1,2011q1,0.0010620761305392,-2.8975867489821017,-3.949942923742827,-6.847529672724929
ZMB,Zambia,ZMB,2011,2,2011.25,2011-Q2,2011q2,0.0010723050325427,-2.894731572650016,-3.9432131388764726,-6.837944711526489
ZMB,Zambia,ZMB,2011,3,2011.5,2011-Q3,2011q3,0.0010851312303346,-2.888158490363681,-3.9378958593227056,-6.826054349686387
ZMB,Zambia,ZMB,2011,4,2011.75,2011-Q4,2011q4,0.0011069203610904,-2.8683784646409114,-3.937795104403702,-6.8061735690446135
ZMB,Zambia,ZMB,2012,1,2012.0,2012-Q1,2012q1,0.0010514109871055,-2.9208756645154157,-3.936746555141414,-6.85762221965683
ZMB,Zambia,ZMB,2012,2,2012.25,2012-Q2,2012q2,0.0010724679519458,-2.902762745683637,-3.935030043560548,-6.837792789244185
ZMB,Zambia,ZMB,2012,3,2012.5,2012-Q3,2012q3,0.0010453972006993,-2.9322158121854147,-3.931142557235305,-6.86335836942072
ZMB,Zambia,ZMB,2012,4,2012.75,2012-Q4,2012q4,0.0011034058984998,-2.8831305735462216,-3.9262230378446903,-6.809353611390912
ZMB,Zambia,ZMB,2013,1,2013.0,2013-Q1,2013q1,0.0011843326272822,-2.818879835697781,-3.9196960110728867,-6.738575846770668
ZMB,Zambia,ZMB,2013,2,2013.25,2013-Q2,2013q2,0.0011816241502539,-2.829952693478253,-3.910912694874213,-6.740865388352466
ZMB,Zambia,ZMB,2013,3,2013.5,2013-Q3,2013q3,0.0011938244574774,-2.8250737957949057,-3.905519499563591,-6.730593295358497
ZMB,Zambia,ZMB,2013,4,2013.75,2013-Q4,2013q4,0.0012163821601001,-2.809028940604171,-3.9028453278103648,-6.711874268414536
ZMB,Zambia,ZMB,2014,1,2014.0,2014-Q1,2014q1,0.0012942630765172,-2.7510552154701555,-3.8987585832149927,-6.649813798685148
ZMB,Zambia,ZMB,2014,2,2014.25,2014-Q2,2014q2,0.0013314477717479,-2.7275053762850354,-3.893983002318197,-6.621488378603233
ZMB,Zambia,ZMB,2014,3,2014.5,2014-Q3,2014q3,0.0013369671432256,-2.7254268149718928,-3.8919247411919593,-6.617351556163852
ZMB,Zambia,ZMB,2014,4,2014.75,2014-Q4,2014q4,0.0013568503975297,-2.7174038173599024,-3.8851853318508356,-6.602589149210738
ZMB,Zambia,ZMB,2015,1,2015.0,2015-Q1,2015q1,0.0014397187056798,-2.6616700303052685,-3.8816374974488594,-6.543307527754128
ZMB,Zambia,ZMB,2015,2,2015.25,2015-Q2,2015q2,0.0014585817548932,-2.6532442894485686,-3.877046426686889,-6.5302907161354575
ZMB,Zambia,ZMB,2015,3,2015.5,2015-Q3,2015q3,0.0014684211277834,-2.650584827505985,-3.872982690636614,-6.523567518142599
ZMB,Zambia,ZMB,2015,4,2015.75,2015-Q4,2015q4,0.0014611548895821,-2.6546360727913414,-3.8738920629004796,-6.528528135691821
ZMB,Zambia,ZMB,2016,1,2016.0,2016-Q1,2016q1,0.0013607757866387,-2.724557164496316,-3.875143146019994,-6.59970031051631
ZMB,Zambia,ZMB,2016,2,2016.25,2016-Q2,2016q2,0.0013851267490453,-2.714155635534481,-3.8678079924394737,-6.581963627973955
ZMB,Zambia,ZMB,2016,3,2016.5,2016-Q3,2016q3,0.0013688446471125,-2.726490156661902,-3.867298061552871,-6.593788218214773
ZMB,Zambia,ZMB,2016,4,2016.75,2016-Q4,2016q4,0.0013739556726115,-2.73104284641631,-3.8590185008497677,-6.590061347266078
ZMB,Zambia,ZMB,2017,1,2017.0,2017-Q1,2017q1,0.0012704224249913,-2.8140545774814516,-3.8543512382319376,-6.668405815713389
ZMB,Zambia,ZMB,2017,2,2017.25,2017-Q2,2017q2,0.0012479942937487,-2.8395347050212685,-3.8466828763408323,-6.686217581362101
ZMB,Zambia,ZMB,2017,3,2017.5,2017-Q3,2017q3,0.0013207684638209,-2.786303256834837,-3.8432382853826903,-6.6295415422175275
ZMB,Zambia,ZMB,2017,4,2017.75,2017-Q4,2017q4,0.0013015915554139,-2.806383021623318,-3.837784468307589,-6.644167489930907
ZMB,Zambia,ZMB,2018,1,2018.0,2018-Q1,2018q1,0.0013737017866829,-2.756918142918129,-3.8333280060803943,-6.590246148998523
ZMB,Zambia,ZMB,2018,2,2018.25,2018-Q2,2018q2,0.0013978866626203,-2.747101617656099,-3.8256920918879103,-6.572793709544009
ZMB,Zambia,ZMB,2018,3,2018.5,2018-Q3,2018q3,0.0013910125767753,-2.7534652374777173,-3.824258087068906,-6.577723324546623
ZMB,Zambia,ZMB,2018,4,2018.75,2018-Q4,2018q4,0.0013636781810102,-2.772590382285057,-3.8249793027892887,-6.597569685074346
ZMB,Zambia,ZMB,2019,1,2019.0,2019-Q1,2019q1,0.0013700995796088,-2.7714806072187606,-3.821391248718992,-6.592871855937752
ZMB,Zambia,ZMB,2019,2,2019.25,2019-Q2,2019q2,0.0013706845737778,-2.7788780327218414,-3.8135669423342766,-6.592444975056118
ZMB,Zambia,ZMB,2019,3,2019.5,2019-Q3,2019q3,0.001352175974467,-2.7939077286906997,-3.8121324225111266,-6.606040151201826
ZMB,Zambia,ZMB,2019,4,2019.75,2019-Q4,2019q4,0.0013169615402588,-2.817178313718763,-3.8152497454656107,-6.632428059184374
ZMB,Zambia,ZMB,2020,1,2020.0,2020-Q1,2020q1,0.0013363788990222,-2.8035849780296536,-3.8142066589943626,-6.617791637024016
ZMB,Zambia,ZMB,2020,2,2020.25,2020-Q2,2020q2,0.0012384290847306,-2.811723226999507,-3.8821883426730164,-6.693911569672523
ZMB,Zambia,ZMB,2020,3,2020.5,2020-Q3,2020q3,0.0012651934683319,-2.845135934884929,-3.8273942942189545,-6.6725302291038835
ZMB,Zambia,ZMB,2020,4,2020.75,2020-Q4,2020q4,0.0012316756360671,-2.8810910646933583,-3.8182886662554183,-6.699379730948777
ZMB,Zambia,ZMB,2021,1,2021.0,2021-Q1,2021q1,0.0012968632793243,-2.8485193291266286,-3.799287463088877,-6.647806792215506
ZMB,Zambia,ZMB,2021,2,2021.25,2021-Q2,2021q2,0.0011932241504465,-2.9368531566771185,-3.7942431087856,-6.731096265462718
ZMB,Zambia,ZMB,2021,3,2021.5,2021-Q3,2021q3,0.0013702906480237,-2.800811018853488,-3.7919213909475182,-6.592732409801006
ZMB,Zambia,ZMB,2021,4,2021.75,2021-Q4,2021q4,0.0014388847837251,-2.7602621939690484,-3.7836247272174144,-6.543886921186463
ZMB,Zambia,ZMB,2022,1,2022.0,2022-Q1,2022q1,0.001418988841745,-2.775123211290515,-3.7826875330083403,-6.557810744298855
ZMB,Zambia,ZMB,2022,2,2022.25,2022-Q2,2022q2,0.001454494565104,-2.7510044644347604,-3.7820923522090077,-6.533096816643768
ZMB,Zambia,ZMB,2022,3,2022.5,2022-Q3,2022q3,0.0013430955148756,-2.830585757798776,-3.782192485638369,-6.612778243437145
ZMB,Zambia,ZMB,2022,4,2022.75,2022-Q4,2022q4,0.0013185831316629,-2.8497160189895143,-3.7814814849885647,-6.631197503978079
ZMB,Zambia,ZMB,2023,1,2023.0,2023-Q1,2023q1,0.0012461141388061,-2.9050601594304317,-3.7826650992036,-6.687725258634032
ZMB,Zambia,ZMB,2023,2,2023.25,2023-Q2,2023q2,0.0013005335103054,-2.864081298110531,-3.780899408049487,-6.644980706160018
ZMB,Zambia,ZMB,2023,3,2023.5,2023-Q3,2023q3,0.0012763091767551,-2.88307101737127,-3.7807118045063346,-6.6637828218776045
ZMB,Zambia,ZMB,2023,4,2023.75,2023-Q4,2023q4,0.0011904585759757,-2.9546444974220156,-3.7787721907052205,-6.733416688127236
ZMB,Zambia,ZMB,2024,1,2024.0,2024-Q1,2024q1,0.0012864598020372,-2.8801051550943897,-3.775756017623659,-6.655861172718049
ZMB,Zambia,ZMB,2024,2,2024.25,2024-Q2,2024q2,0.001231041851813,-2.928908027719817,-3.770986406414534,-6.699894434134351
ZMB,Zambia,ZMB,2024,3,2024.5,2024-Q3,2024q3,0.0012018552134591,-2.958712467860227,-3.765176436957072,-6.723888904817299
ZMB,Zambia,ZMB,2024,4,2024.75,2024-Q4,2024q4,0.0012601801054948,-2.9143649435444994,-3.7621356838204347,-6.676500627364934
