country,country_name,year,quarter,time,period,gdp_real_usd,emp,gdp_per_worker,y
AUS,Australia,1964,1,1964.0,1964-Q1,256157895397.965,4463528.52275507,57389.10238661453,10.957609710391393
AUS,Australia,1964,2,1964.25,1964-Q2,262555617558.817,4483763.15060297,58556.97741828956,10.97775553217825
AUS,Australia,1964,3,1964.5,1964-Q3,264199362148.222,4503384.53171229,58666.84496688257,10.979630024555787
AUS,Australia,1964,4,1964.75,1964-Q4,271629361330.431,4542132.98928247,59802.159463706244,10.998797050719936
AUS,Australia,1965,1,1965.0,1965-Q1,273824409456.247,4702370.38030553,58231.14457403836,10.972175620726572
AUS,Australia,1965,2,1965.25,1965-Q2,278088580517.924,4736473.58769582,58712.15691782362,10.980402086891711
AUS,Australia,1965,3,1965.5,1965-Q3,277341918400.134,4763747.09289972,58219.27843598312,10.971971823474668
AUS,Australia,1965,4,1965.75,1965-Q4,278189122024.938,4798840.94311677,57970.06513082274,10.967682037859502
AUS,Australia,1966,1,1966.0,1966-Q1,277643981411.285,4785645.33878096,58015.996121018194,10.968474046694023
AUS,Australia,1966,2,1966.25,1966-Q2,281546422084.232,4814739.72236891,58475.938123132386,10.976370634472598
AUS,Australia,1966,3,1966.5,1966-Q3,289461226143.369,4852855.11465115,59647.6134779839,10.996209417974374
AUS,Australia,1966,4,1966.75,1966-Q4,291240355728.966,4872904.85238239,59767.29785449782,10.998213931736574
AUS,Australia,1967,1,1967.0,1967-Q1,302303663877.684,4909822.32807532,61571.20231195593,11.027949545276003
AUS,Australia,1967,2,1967.25,1967-Q2,301782782338.292,4933654.12518012,61168.20812348178,11.021382858419972
AUS,Australia,1967,3,1967.5,1967-Q3,307460602968.341,4966555.28892217,61906.20763935266,11.033375738609797
AUS,Australia,1967,4,1967.75,1967-Q4,310320575933.852,4993974.61620912,62138.997448371796,11.037129049060399
AUS,Australia,1968,1,1968.0,1968-Q1,307937479882.778,5030343.65451299,61215.99259058789,11.02216375120279
AUS,Australia,1968,2,1968.25,1968-Q2,319829914102.924,5060357.04333237,63203.03317813087,11.054107572308162
AUS,Australia,1968,3,1968.5,1968-Q3,323868943987.864,5093243.77814224,63587.95260846422,11.06017930698993
AUS,Australia,1968,4,1968.75,1968-Q4,335445047946.801,5103670.88681124,65726.23027351715,11.093253367924484
AUS,Australia,1969,1,1969.0,1969-Q1,332448190549.545,5167333.51020669,64336.50738681415,11.071882515620725
AUS,Australia,1969,2,1969.25,1969-Q2,338568917756.996,5189135.27033372,65245.729802534544,11.085915879404094
AUS,Australia,1969,3,1969.5,1969-Q3,343995160118.341,5222607.02095365,65866.56027118184,11.095386160310426
AUS,Australia,1969,4,1969.75,1969-Q4,352056151834.128,5277101.82175943,66713.9205808899,11.108168914489157
AUS,Australia,1970,1,1970.0,1970-Q1,359759617239.494,5345501.7708398,67301.37462530001,11.116935940763007
AUS,Australia,1970,2,1970.25,1970-Q2,367307808919.452,5400121.67241263,68018.43202828219,11.12753400666777
AUS,Australia,1970,3,1970.5,1970-Q3,366699146182.716,5434512.04367052,67476.0021205223,11.11952728950652
AUS,Australia,1970,4,1970.75,1970-Q4,368396306701.775,5469910.90883142,67349.59907792692,11.117652229006048
AUS,Australia,1971,1,1971.0,1971-Q1,372654871686.349,5503912.4063858,67707.26787984197,11.12294880734573
AUS,Australia,1971,2,1971.25,1971-Q2,374333727184.533,5554021.59843166,67398.68049671198,11.118380719508643
AUS,Australia,1971,3,1971.5,1971-Q3,386295923712.888,5561626.3833592,69457.36679988324,11.148468415989544
AUS,Australia,1971,4,1971.75,1971-Q4,385678577699.092,5554309.41428882,69437.71924317161,11.148185503794414
AUS,Australia,1972,1,1972.0,1972-Q1,381954892873.707,5561235.94918161,68681.65572617277,11.137237422556769
AUS,Australia,1972,2,1972.25,1972-Q2,390781393640.592,5592771.08260811,69872.58871649661,11.154428701332401
AUS,Australia,1972,3,1972.5,1972-Q3,388701812695.665,5636917.71596867,68956.44610786534,11.141230368450774
AUS,Australia,1972,4,1972.75,1972-Q4,392135428592.997,5691364.74030965,68900.06992798393,11.140412471921175
AUS,Australia,1973,1,1973.0,1973-Q1,401118358313.461,5717231.21866921,70159.54803500648,11.158527185106935
AUS,Australia,1973,2,1973.25,1973-Q2,401080106050.521,5730584.76582224,69989.3854537501,11.15609887315854
AUS,Australia,1973,3,1973.5,1973-Q3,404598257645.284,5805835.46705067,69688.20593374781,11.151786370576266
AUS,Australia,1973,4,1973.75,1973-Q4,414522506819.5,5845081.87497014,70918.16944336945,11.169281948283805
AUS,Australia,1974,1,1974.0,1974-Q1,414852401156.964,5896302.54424277,70358.05880789335,11.161352609043574
AUS,Australia,1974,2,1974.25,1974-Q2,406885397248.424,5921065.30151716,68718.27560222438,11.13777046324412
AUS,Australia,1974,3,1974.5,1974-Q3,412268413065.784,5872888.54590621,70198.57602323515,11.159083305238868
AUS,Australia,1974,4,1974.75,1974-Q4,413480021900.263,5884739.19535787,70263.10056806484,11.160002054764494
AUS,Australia,1975,1,1975.0,1975-Q1,416018841741.598,5848059.80328622,71137.92535223787,11.172375882190469
AUS,Australia,1975,2,1975.25,1975-Q2,429580799345.953,5840916.15914732,73546.81828007352,11.205677465815471
AUS,Australia,1975,3,1975.5,1975-Q3,424797441820.274,5846301.02922439,72660.89099702594,11.193558568251976
AUS,Australia,1975,4,1975.75,1975-Q4,417890878165.68,5939419.85926292,70358.87141636424,11.161364158591585
AUS,Australia,1976,1,1976.0,1976-Q1,435197299048.854,5963806.1199151,72973.07965723229,11.197845880298743
AUS,Australia,1976,2,1976.25,1976-Q2,435792686418.035,5969281.09221592,73005.8912766428,11.198295419294027
AUS,Australia,1976,3,1976.5,1976-Q3,439058806438.977,5912305.07949378,74261.86580963273,11.215352852780809
AUS,Australia,1976,4,1976.75,1976-Q4,443031845490.591,5946668.19783819,74500.85169568527,11.218565836459154
AUS,Australia,1977,1,1977.0,1977-Q1,441273343300.154,6000869.59995809,73534.89955909654,11.205515396441003
AUS,Australia,1977,2,1977.25,1977-Q2,447791958156.87,6011779.67022821,74485.75675094087,11.218363201538425
AUS,Australia,1977,3,1977.5,1977-Q3,445852756289.93,6011504.8212498,74166.5805064158,11.2140689302084
AUS,Australia,1977,4,1977.75,1977-Q4,444144850356.116,5982993.11019186,74234.55821794743,11.214985064907506
AUS,Australia,1978,1,1978.0,1978-Q1,446522959230.571,6034537.81117301,73994.55819198432,11.211746831536102
AUS,Australia,1978,2,1978.25,1978-Q2,450016014007.066,6042453.30191585,74475.71235087274,11.21822834250214
AUS,Australia,1978,3,1978.5,1978-Q3,457038704454.948,6022242.12409755,75891.7849925266,11.237063722908365
AUS,Australia,1978,4,1978.75,1978-Q4,461418678197.641,6042074.23354035,76367.59502825125,11.24331373633317
AUS,Australia,1979,1,1979.0,1979-Q1,475205202255.768,6063797.62395055,78367.58937646948,11.269165720054488
AUS,Australia,1979,2,1979.25,1979-Q2,468329723915.955,6087650.20127857,76931.11601872151,11.250665703285511
AUS,Australia,1979,3,1979.5,1979-Q3,472927010433.605,6113698.51962615,77355.3044716579,11.256164431176163
AUS,Australia,1979,4,1979.75,1979-Q4,481781462495.137,6177347.94842966,77991.63435784938,11.264356848097396
AUS,Australia,1980,1,1980.0,1980-Q1,483380110924.871,6223063.36750621,77675.58875406046,11.260296313943632
AUS,Australia,1980,2,1980.25,1980-Q2,484225297079.768,6258522.36737866,77370.54669704448,11.256361453526607
AUS,Australia,1980,3,1980.5,1980-Q3,486800410473.062,6318105.77116995,77048.47435355916,11.252190039819702
AUS,Australia,1980,4,1980.75,1980-Q4,495402770949.216,6337388.74154518,78171.43482165922,11.266659576190596
AUS,Australia,1981,1,1981.0,1981-Q1,497882203024.035,6367563.7386593,78190.37601480921,11.266901850095476
AUS,Australia,1981,2,1981.25,1981-Q2,505696241361.359,6420275.50901526,78765.50479045136,11.274230423536284
AUS,Australia,1981,3,1981.5,1981-Q3,515412249146.469,6440120.95200524,80031.45484185149,11.29017502190199
AUS,Australia,1981,4,1981.75,1981-Q4,512356151121.764,6437868.29815353,79584.75187644252,11.284577794141466
AUS,Australia,1982,1,1982.0,1982-Q1,506822055863.475,6454980.83160822,78516.43081288644,11.271063191586576
AUS,Australia,1982,2,1982.25,1982-Q2,510500382446.56,6432836.74242422,79358.51676132815,11.28173105178067
AUS,Australia,1982,3,1982.5,1982-Q3,507054144480.903,6415428.64223886,79036.67436069416,11.277667256140479
AUS,Australia,1982,4,1982.75,1982-Q4,499523858265.154,6356320.87526204,78586.9480266855,11.2719609089884
AUS,Australia,1983,1,1983.0,1983-Q1,495974622434.259,6295060.71209821,78787.90135908719,11.274514728005911
AUS,Australia,1983,2,1983.25,1983-Q2,495785882634.043,6261714.23358203,79177.34092289091,11.27944543740981
AUS,Australia,1983,3,1983.5,1983-Q3,510005035122.944,6290321.77772023,81077.73388149033,11.303163651007743
AUS,Australia,1983,4,1983.75,1983-Q4,518546174432.032,6354384.52689951,81604.46888867235,11.30963930524516
AUS,Australia,1984,1,1984.0,1984-Q1,530692194096.602,6417127.17322548,82699.34189723358,11.322966923268313
AUS,Australia,1984,2,1984.25,1984-Q2,536592491218.987,6481133.9366768,82792.99524769961,11.324098738336966
AUS,Australia,1984,3,1984.5,1984-Q3,541447728482.068,6522112.23811843,83017.23563074878,11.326803523422548
AUS,Australia,1984,4,1984.75,1984-Q4,544853896844.544,6555040.29067929,83119.83949500356,11.328038694767919
AUS,Australia,1985,1,1985.0,1985-Q1,553218469155.532,6607783.51693139,83722.24479479359,11.335259989325095
AUS,Australia,1985,2,1985.25,1985-Q2,565584005587.511,6623863.7664811,85385.81491508771,11.354935264283382
AUS,Australia,1985,3,1985.5,1985-Q3,572560665313.927,6733263.89008753,85034.63916761533,11.350813972077889
AUS,Australia,1985,4,1985.75,1985-Q4,570439165077.828,6824788.07313332,83583.42544341226,11.333600519170368
AUS,Australia,1986,1,1986.0,1986-Q1,573498041101.27,6898734.63070513,83130.90324546256,11.32817179192337
AUS,Australia,1986,2,1986.25,1986-Q2,572015332882.301,6981862.56379351,81928.75864510049,11.313605351612564
AUS,Australia,1986,3,1986.5,1986-Q3,573449226878.111,6988163.04130937,82060.0812385545,11.315206955985383
AUS,Australia,1986,4,1986.75,1986-Q4,583176880710.985,7029196.72922533,82964.93940570866,11.326173380736936
AUS,Australia,1987,1,1987.0,1987-Q1,589643044717.784,7065301.96350268,83456.17041758592,11.332076867849384
AUS,Australia,1987,2,1987.25,1987-Q2,599720982299.777,7096081.70548742,84514.3851480756,11.344677037295112
AUS,Australia,1987,3,1987.5,1987-Q3,611192012666.886,7156343.53039391,85405.62789797262,11.355167278049967
AUS,Australia,1987,4,1987.75,1987-Q4,624216825615.446,7197211.96418267,86730.36569186737,11.370559340109914
AUS,Australia,1988,1,1988.0,1988-Q1,627498524107.665,7316351.62159723,85766.58921850397,11.35938480659126
AUS,Australia,1988,2,1988.25,1988-Q2,628455129825.977,7352514.04498323,85474.86288105561,11.355977610306807
AUS,Australia,1988,3,1988.5,1988-Q3,633392354580.95,7418800.77186693,85376.64968479236,11.354827919495103
AUS,Australia,1988,4,1988.75,1988-Q4,643181016687.754,7505301.27165261,85696.89522218613,11.358571875483703
AUS,Australia,1989,1,1989.0,1989-Q1,648274839061.225,7582292.1630385,85498.53067142137,11.356254469647611
AUS,Australia,1989,2,1989.25,1989-Q2,661708310304.323,7685205.99821531,86101.57105196499,11.363282937078212
AUS,Australia,1989,3,1989.5,1989-Q3,666907834818.875,7771080.65306817,85819.18842337161,11.359997901770104
AUS,Australia,1989,4,1989.75,1989-Q4,665093555555.786,7840498.71574468,84827.9656267524,11.348380550747768
AUS,Australia,1990,1,1990.0,1990-Q1,670516720381.376,7835614.23967031,85572.96210253307,11.357124648946353
AUS,Australia,1990,2,1990.25,1990-Q2,671374145177.31,7888539.9481647,85107.5293512975,11.351670787161133
AUS,Australia,1990,3,1990.5,1990-Q3,667327015669.186,7880142.19056523,84684.64141017228,11.346689534920227
AUS,Australia,1990,4,1990.75,1990-Q4,670126360180.816,7830972.94636644,85573.83160054892,11.357134809791287
AUS,Australia,1991,1,1991.0,1991-Q1,660531504004.986,7744826.62108397,85286.80321994575,11.353775011310981
AUS,Australia,1991,2,1991.25,1991-Q2,658744114806.781,7692135.35148308,85638.65359958494,11.357892020949778
AUS,Australia,1991,3,1991.5,1991-Q3,661629098530.902,7630472.56512153,86708.7972447699,11.370310625265544
AUS,Australia,1991,4,1991.75,1991-Q4,662715260181.454,7614706.95214475,87030.96052761351,11.374019202464163
AUS,Australia,1992,1,1992.0,1992-Q1,669103962651.821,7649147.68102421,87474.31616619395,11.379100499728269
AUS,Australia,1992,2,1992.25,1992-Q2,674969373396.664,7632852.41326454,88429.50667088586,11.389960978801374
AUS,Australia,1992,3,1992.5,1992-Q3,682366162849.928,7649851.70855055,89199.92031835331,11.398635425275698
AUS,Australia,1992,4,1992.75,1992-Q4,697009945868.893,7605810.73329404,91641.76842026428,11.425642433852476
AUS,Australia,1993,1,1993.0,1993-Q1,702090788156.267,7629424.05066778,92024.08772845901,11.429805644896906
AUS,Australia,1993,2,1993.25,1993-Q2,706211683897.11,7606525.40648657,92842.87452650565,11.438663822064438
AUS,Australia,1993,3,1993.5,1993-Q3,707030427858.78,7644879.41413259,92484.18314509172,11.434792915853507
AUS,Australia,1993,4,1993.75,1993-Q4,719576248174.978,7732750.50521307,93055.66598713773,11.440953152071886
AUS,Australia,1994,1,1994.0,1994-Q1,730998863450.424,7789617.57820793,93842.71514117086,11.449375416638228
AUS,Australia,1994,2,1994.25,1994-Q2,739474933359.298,7856617.69720707,94121.28244730199,11.452339468410413
AUS,Australia,1994,3,1994.5,1994-Q3,745144767022.693,7947666.95839921,93756.41567808943,11.448455375390786
AUS,Australia,1994,4,1994.75,1994-Q4,753782250252.379,8003235.25205246,94184.69237913114,11.453012946076582
AUS,Australia,1995,1,1995.0,1995-Q1,753812781106.713,8077377.21141813,93323.95422131926,11.443832097947904
AUS,Australia,1995,2,1995.25,1995-Q2,757850112910.843,8188264.72399517,92553.20125276523,11.43553890684445
AUS,Australia,1995,3,1995.5,1995-Q3,775689008558.829,8222506.28788257,94337.29588044883,11.454631892874858
AUS,Australia,1995,4,1995.75,1995-Q4,775850233440.444,8267100.28900412,93847.92809062502,11.449430964952898
AUS,Australia,1996,1,1996.0,1996-Q1,788045698460.551,8280915.60715625,95164.07796494546,11.463357817270717
AUS,Australia,1996,2,1996.25,1996-Q2,792750215335.825,8291803.74336603,95606.4856178097,11.467995937928862
AUS,Australia,1996,3,1996.5,1996-Q3,798243976907.501,8315855.74992463,95990.59927353066,11.472005541421026
AUS,Australia,1996,4,1996.75,1996-Q4,804595123051.843,8306985.49311975,96857.65356376846,11.480997690635588
AUS,Australia,1997,1,1997.0,1997-Q1,808513294695.633,8348343.03852124,96847.15768925168,11.480889320849013
AUS,Australia,1997,2,1997.25,1997-Q2,831705599372.469,8342981.66262355,99689.25175737822,11.509813144294712
AUS,Australia,1997,3,1997.5,1997-Q3,832771662145.855,8354366.52775246,99681.00625935693,11.509730428867567
AUS,Australia,1997,4,1997.75,1997-Q4,845290973960.816,8420939.73183608,100379.64893218763,11.51671476581476
AUS,Australia,1998,1,1998.0,1998-Q1,852099311724.202,8459466.63392907,100727.30924980756,11.520172236079272
AUS,Australia,1998,2,1998.25,1998-Q2,861694139085.311,8502301.48843538,101348.33965337103,11.526318769440785
AUS,Australia,1998,3,1998.5,1998-Q3,877868862502.459,8537541.33383773,102824.55196124315,11.54077943579512
AUS,Australia,1998,4,1998.75,1998-Q4,890986147494.563,8570386.87333115,103961.0184071251,11.551771284851394
AUS,Australia,1999,1,1999.0,1999-Q1,896498655283.511,8607292.22924557,104155.71255236553,11.553642294463545
AUS,Australia,1999,2,1999.25,1999-Q2,899569600476.435,8638514.20718585,104134.75962430418,11.553441104962047
AUS,Australia,1999,3,1999.5,1999-Q3,909132924324.105,8681241.49668656,104723.83756068774,11.559082045831815
AUS,Australia,1999,4,1999.75,1999-Q4,925144699324.154,8763410.31828202,105569.02686550452,11.567120301033748
AUS,Australia,2000,1,2000.0,2000-Q1,929726389484.862,8791806.63872937,105749.1853141154,11.568825392993416
AUS,Australia,2000,2,2000.25,2000-Q2,939681749745.057,8888030.58473799,105724.40551213043,11.568591039360873
AUS,Australia,2000,3,2000.5,2000-Q3,942776720708.753,8985562.61705565,104921.27882112272,11.560965622441822
AUS,Australia,2000,4,2000.75,2000-Q4,939791950468.743,8941530.0093103,105104.1543774043,11.562707083937351
AUS,Australia,2001,1,2001.0,2001-Q1,948849329846.877,8957888.87342316,105923.32002041063,11.570470715283179
AUS,Australia,2001,2,2001.25,2001-Q2,957393622946.168,9015492.95267452,106194.26225186604,11.573025358570217
AUS,Australia,2001,3,2001.5,2001-Q3,968308401417.316,9030628.38702896,107224.91945390364,11.582683958197144
AUS,Australia,2001,4,2001.75,2001-Q4,979262699997.563,9056048.27274003,108133.55566414994,11.591122368633473
AUS,Australia,2002,1,2002.0,2002-Q1,986276767071.845,9124615.66852714,108089.6777355496,11.590716510960245
AUS,Australia,2002,2,2002.25,2002-Q2,1002801741112.2,9143615.96329563,109672.33807037107,11.605252454669625
AUS,Australia,2002,3,2002.5,2002-Q3,1005270145673.46,9207034.56745237,109185.00830084567,11.600799046245978
AUS,Australia,2002,4,2002.75,2002-Q4,1014063171063.63,9285798.69879154,109205.81028701397,11.600989548633997
AUS,Australia,2003,1,2003.0,2003-Q1,1017006244794.36,9385129.82246808,108363.57770562092,11.593247312501726
AUS,Australia,2003,2,2003.25,2003-Q2,1021492963944.2,9367204.75568933,109049.92370576493,11.599561072003349
AUS,Australia,2003,3,2003.5,2003-Q3,1038744239497.37,9387413.27903232,110652.87194902818,11.614153300397929
AUS,Australia,2003,4,2003.75,2003-Q4,1055942499571.45,9446398.68397699,111782.54643883948,11.624310713373296
AUS,Australia,2004,1,2004.0,2004-Q1,1063300351843.03,9477137.03972866,112196.36767787769,11.628005897909242
AUS,Australia,2004,2,2004.25,2004-Q2,1070735093190.94,9524726.5681016,112416.36025299056,11.629964759702023
AUS,Australia,2004,3,2004.5,2004-Q3,1077524630913.52,9559234.95402687,112720.80204071225,11.632669261883589
AUS,Australia,2004,4,2004.75,2004-Q4,1085688534996.97,9672345.42350954,112246.66691060293,11.628454111716897
AUS,Australia,2005,1,2005.0,2005-Q1,1094771232880.56,9778634.56129488,111955.42956619,11.625856120772122
AUS,Australia,2005,2,2005.25,2005-Q2,1099821592819.11,9862986.06491243,111510.0016953005,11.621869567162532
AUS,Australia,2005,3,2005.5,2005-Q3,1111757474867.43,9927463.66836385,111988.0678496262,11.626147607544848
AUS,Australia,2005,4,2005.75,2005-Q4,1121209014997.19,9953449.7822287,112645.2676738313,11.63199893586863
AUS,Australia,2006,1,2006.0,2006-Q1,1122187304891.29,9996192.33750652,112261.47587024239,11.628586035303075
AUS,Australia,2006,2,2006.25,2006-Q2,1125164349211.47,10074853.5164137,111680.46735154813,11.623397102725518
AUS,Australia,2006,3,2006.5,2006-Q3,1142349031282.57,10188252.4154202,112124.1391265094,11.627361921530145
AUS,Australia,2006,4,2006.75,2006-Q4,1156908720821.49,10237613.1294263,113005.7080879673,11.635193610471493
AUS,Australia,2007,1,2007.0,2007-Q1,1172776848204.24,10302394.3964154,113835.36710769821,11.642508535411523
AUS,Australia,2007,2,2007.25,2007-Q2,1180129847429.3,10398656.1540245,113488.68834099922,11.639458448743149
AUS,Australia,2007,3,2007.5,2007-Q3,1194026905992.37,10481990.5281264,113912.22905500908,11.643183510265477
AUS,Australia,2007,4,2007.75,2007-Q4,1197846310537.06,10554034.5655336,113496.53093319183,11.639527550971222
AUS,Australia,2008,1,2008.0,2008-Q1,1210216314724.52,10645498.3981464,113683.38704886222,11.641172556915997
AUS,Australia,2008,2,2008.25,2008-Q2,1213628274241.68,10711584.1861294,113300.5401584974,11.63779921451133
AUS,Australia,2008,3,2008.5,2008-Q3,1221557481114.45,10776163.3341369,113357.36506932676,11.638300630175282
AUS,Australia,2008,4,2008.75,2008-Q4,1216414877246.63,10791434.4886205,112720.40603400148,11.632665748713
AUS,Australia,2009,1,2009.0,2009-Q1,1228479736078.73,10794339.3436649,113807.77433124832,11.642266114081274
AUS,Australia,2009,2,2009.25,2009-Q2,1236487528980.26,10781940.3236922,114681.35529030951,11.64991273794552
AUS,Australia,2009,3,2009.5,2009-Q3,1241266363264.94,10793462.39069,115001.68512521112,11.652702060500735
AUS,Australia,2009,4,2009.75,2009-Q4,1251710113930.45,10852562.8932862,115337.74337348503,11.65562000198308
AUS,Australia,2010,1,2010.0,2010-Q1,1257733379110.66,10922161.2219148,115154.25871823585,11.654027888657302
AUS,Australia,2010,2,2010.25,2010-Q2,1265538216217.07,10962605.0438754,115441.37649327268,11.656518117261562
AUS,Australia,2010,3,2010.5,2010-Q3,1274455948259.77,11053054.7379035,115303.5046401574,11.655323101633519
AUS,Australia,2010,4,2010.75,2010-Q4,1284362769845.32,11151152.521873,115177.58073221947,11.65423039660513
AUS,Australia,2011,1,2011.0,2011-Q1,1280814231998.89,11183127.488446,114530.951500122,11.64860038422525
AUS,Australia,2011,2,2011.25,2011-Q2,1295468739856.17,11191732.1449672,115752.30027630067,11.659207844548433
AUS,Australia,2011,3,2011.5,2011-Q3,1313469997004.17,11226027.3429768,117002.20896271912,11.669948093624908
AUS,Australia,2011,4,2011.75,2011-Q4,1328209080993.57,11254377.7015765,118017.1055399639,11.67858485514488
AUS,Australia,2012,1,2012.0,2012-Q1,1342394552991.15,11285687.864206,118946.63126815032,11.686430194759664
AUS,Australia,2012,2,2012.25,2012-Q2,1352406620828.48,11344767.2694704,119209.72803628202,11.68863964132602
AUS,Australia,2012,3,2012.5,2012-Q3,1361180131444.81,11370467.0238631,119711.89297573382,11.692843243132954
AUS,Australia,2012,4,2012.75,2012-Q4,1366706585050.48,11402287.3936606,119862.49231100212,11.694100467313449
AUS,Australia,2013,1,2013.0,2013-Q1,1373468556259.25,11433913.0317583,120122.35465184739,11.696266124401372
AUS,Australia,2013,2,2013.25,2013-Q2,1378286014413.45,11467261.5759068,120193.12590804478,11.696855110662918
AUS,Australia,2013,3,2013.5,2013-Q3,1389262872905.46,11471585.754106,121104.6931683533,11.704410683277063
AUS,Australia,2013,4,2013.75,2013-Q4,1400152752500.81,11454076.3745955,122240.56368318535,11.713746215672318
AUS,Australia,2014,1,2014.0,2014-Q1,1411034343068.18,11490971.9868779,122795.0381116157,11.718271887621624
AUS,Australia,2014,2,2014.25,2014-Q2,1418057465125.6,11528758.9975625,123001.74419687469,11.719953814716408
AUS,Australia,2014,3,2014.5,2014-Q3,1423733445119.55,11565261.783647,123104.29904255817,11.720787234735436
AUS,Australia,2014,4,2014.75,2014-Q4,1429117559189.24,11575653.9302794,123458.90502574359,11.723663626847674
AUS,Australia,2015,1,2015.0,2015-Q1,1443098584841.22,11680791.7484509,123544.58635328406,11.724357393000524
AUS,Australia,2015,2,2015.25,2015-Q2,1444703782364.97,11721941.4477106,123247.8245015576,11.721952440646174
AUS,Australia,2015,3,2015.5,2015-Q3,1458587664916.93,11764399.6700388,123983.1785579008,11.727901178593836
AUS,Australia,2015,4,2015.75,2015-Q4,1467640189834.3,11897939.5926331,123352.46606421041,11.7228011141712
AUS,Australia,2016,1,2016.0,2016-Q1,1481084603054.91,11940699.6081912,124036.6688429965,11.728332517347454
AUS,Australia,2016,2,2016.25,2016-Q2,1490562212130.78,11963545.9487736,124592.00796429253,11.73279974173975
AUS,Australia,2016,3,2016.5,2016-Q3,1490510584950.53,11968267.8516326,124538.53836060398,11.732370492052802
AUS,Australia,2016,4,2016.75,2016-Q4,1507856096304.83,11990603.0985694,125753.14885409996,11.74207612823774
AUS,Australia,2017,1,2017.0,2017-Q1,1512894054857.86,12047743.9757229,125574.88421952311,11.740657546615218
AUS,Australia,2017,2,2017.25,2017-Q2,1522338282267.86,12184768.3831638,124937.8104200436,11.73557137584232
AUS,Australia,2017,3,2017.5,2017-Q3,1536569820001.32,12287184.0298505,125054.67617872212,11.736506330078598
AUS,Australia,2017,4,2017.75,2017-Q4,1543336067581.19,12357559.4038959,124890.03832703656,11.735188935743436
AUS,Australia,2018,1,2018.0,2018-Q1,1559532635870.44,12429017.0402646,125475.13860655541,11.739862919177279
AUS,Australia,2018,2,2018.25,2018-Q2,1571179228516.93,12502985.7094894,125664.32250853897,11.74136952380985
AUS,Australia,2018,3,2018.5,2018-Q3,1576973180998.21,12581844.8102721,125337.19854108627,11.738762972651957
AUS,Australia,2018,4,2018.75,2018-Q4,1580812301091.89,12638398.7471739,125080.10964960088,11.736709688207153
AUS,Australia,2019,1,2019.0,2019-Q1,1592263741233.76,12728608.5031939,125093.3077904175,11.736815200143345
AUS,Australia,2019,2,2019.25,2019-Q2,1596733517534.3,12822423.9486655,124526.65142930958,11.732275039682975
AUS,Australia,2019,3,2019.5,2019-Q3,1605358655720.97,12892205.9405646,124521.64223267636,11.732234812973848
AUS,Australia,2019,4,2019.75,2019-Q4,1614596043119.83,12878376.354676,125372.64004818337,11.739045701941981
AUS,Australia,2020,1,2020.0,2020-Q1,1611928930216.86,12929271.7247238,124672.83266500417,11.733448246385173
AUS,Australia,2020,2,2020.25,2020-Q2,1503530336822.12,12251543.3382094,122721.7090383215,11.717674542826812
AUS,Australia,2020,3,2020.5,2020-Q3,1555681631679.22,12517050.8523394,124284.99732334855,11.730332572896101
AUS,Australia,2020,4,2020.75,2020-Q4,1608731007619.84,12718121.9885276,126491.23896366132,11.747928327547063
AUS,Australia,2021,1,2021.0,2021-Q1,1645029354111.34,12895587.5284732,127565.28932700027,11.756383585668845
AUS,Australia,2021,2,2021.25,2021-Q2,1658201873015.45,13032910.3934848,127231.89394783159,11.753766637042075
AUS,Australia,2021,3,2021.5,2021-Q3,1630530239324.75,12970034.9835982,125715.17666580739,11.74177412448834
AUS,Australia,2021,4,2021.75,2021-Q4,1687995720272.86,13049224.1938106,129356.02110917032,11.770323735500039
AUS,Australia,2022,1,2022.0,2022-Q1,1704497351840.84,13339716.5786753,127776.129409348,11.758035022645336
AUS,Australia,2022,2,2022.25,2022-Q2,1720955596045.61,13515003.1358039,127336.67752443656,11.754589861856644
AUS,Australia,2022,3,2022.5,2022-Q3,1728713968252.93,13660919.3422869,126544.48247137776,11.748349165428769
AUS,Australia,2022,4,2022.75,2022-Q4,1740317179434.53,13771077.7163006,126374.79907433425,11.747007366405262
AUS,Australia,2023,1,2023.0,2023-Q1,1748873984677.2,13855045.0281564,126226.51035223024,11.745833273210929
AUS,Australia,2023,2,2023.25,2023-Q2,1755080013141.47,13995606.4375317,125402.21254256705,11.739281550905426
AUS,Australia,2023,3,2023.5,2023-Q3,1763864164451.64,14086355.035295,125217.92614427743,11.737810907464961
AUS,Australia,2023,4,2023.75,2023-Q4,1766270379881.54,14180965.9523836,124552.19100111142,11.732480111873308
AUS,Australia,2024,1,2024.0,2024-Q1,1769460062245.83,14217938.1104039,124452.64907652378,11.731680593840975
AUS,Australia,2024,2,2024.25,2024-Q2,1772188230620.84,14294389.0986743,123977.89219164306,11.727858539914768
AUS,Australia,2024,3,2024.5,2024-Q3,1778288664282.66,14416901.3183663,123347.4950693616,11.72276081424714
AUS,Australia,2024,4,2024.75,2024-Q4,1789205139248.82,14489247.5341999,123485.02812348567,11.7238751979319
AUS,Australia,2025,1,2025.0,2025-Q1,1793812998545.37,14538846.7543642,123380.69372709442,11.723029925434599
AUS,Australia,2025,2,2025.25,2025-Q2,1804593650484.47,14607775.8298062,123536.51038389541,11.724292021998872
AUS,Australia,2025,3,2025.5,2025-Q3,1814462473647.81,14634831.5446281,123982.46389886404,11.727895414415947
AUS,Australia,2025,4,2025.75,2025-Q4,1823694668983.28,14684589.9718798,124191.05146793729,11.72957639651335
AUT,Austria,1970,1,1970.0,1970-Q1,157308273208.647,2954169.318,53249.579247253896,10.882745182080434
AUT,Austria,1970,2,1970.25,1970-Q2,157843805320.959,2980400.709,52960.59850083703,10.877303491544712
AUT,Austria,1970,3,1970.5,1970-Q3,158919041408.854,2974041.875,53435.37451329733,10.886228249698304
AUT,Austria,1970,4,1970.75,1970-Q4,160525284916.118,2974501.02,53967.13056636236,10.896130447001974
AUT,Austria,1971,1,1971.0,1971-Q1,162863759973.331,2962516.182,54974.80856404348,10.914630333180309
AUT,Austria,1971,2,1971.25,1971-Q2,165338539266.129,2973786.27,55598.66253136242,10.92591442475802
AUT,Austria,1971,3,1971.5,1971-Q3,168043258398.867,2974209.683,56500.13829198706,10.941998364777325
AUT,Austria,1971,4,1971.75,1971-Q4,170798581917.725,2983470.709,57248.28516079962,10.95515296744472
AUT,Austria,1972,1,1972.0,1972-Q1,173637423713.981,2983876.137,58191.900649253046,10.971501459933126
AUT,Austria,1972,2,1972.25,1972-Q2,176078908355.713,2980134.48,59084.21567462721,10.986719089458939
AUT,Austria,1972,3,1972.5,1972-Q3,178313477932.348,2994266.968,59551.62977717089,10.9945989426234
AUT,Austria,1972,4,1972.75,1972-Q4,180423502278.784,3014309.645,59855.66299668726,10.999691326337636
AUT,Austria,1973,1,1973.0,1973-Q1,182404704903.456,3020441.918,60390.072001197805,11.008579999571444
AUT,Austria,1973,2,1973.25,1973-Q2,184606407559.907,2999236.341,61551.13721326672,11.027623607693203
AUT,Austria,1973,3,1973.5,1973-Q3,186902164993.036,3016163.927,61966.845806997146,11.034354775951671
AUT,Austria,1973,4,1973.75,1973-Q4,189164277397.733,3003969.398,62971.43956382375,11.050436562327143
AUT,Austria,1974,1,1974.0,1974-Q1,191634715220.295,3006660.757,63736.726790389606,11.062516234132968
AUT,Austria,1974,2,1974.25,1974-Q2,193089988570.126,3041939.882,63475.93840124615,11.058416190256372
AUT,Austria,1974,3,1974.5,1974-Q3,193822393336.507,3004216.01,64516.79662558852,11.074680881682157
AUT,Austria,1974,4,1974.75,1974-Q4,193835581572.921,2986604.867,64901.64926558428,11.080628314781992
AUT,Austria,1975,1,1975.0,1975-Q1,192430250614.471,2977826.446,64621.04293316193,11.076295378727698
AUT,Austria,1975,2,1975.25,1975-Q2,191965118584.237,2935254.086,65399.83012027293,11.088274939892573
AUT,Austria,1975,3,1975.5,1975-Q3,192047025616.123,2922863.312,65705.09979979624,11.092931823983765
AUT,Austria,1975,4,1975.75,1975-Q4,193141916621.239,2934380.203,65820.34476097472,11.094684260420026
AUT,Austria,1976,1,1976.0,1976-Q1,195838257284.719,2926203.08,66925.72317459217,11.111338674076785
AUT,Austria,1976,2,1976.25,1976-Q2,199186906211.324,2954208.171,67424.80376523337,11.118768237588172
AUT,Austria,1976,3,1976.5,1976-Q3,203056033669.765,2942508.629,69007.795480543,11.141974755176749
AUT,Austria,1976,4,1976.75,1976-Q4,206727006971.517,2965727.391,69705.33016583553,11.152032066792218
AUT,Austria,1977,1,1977.0,1977-Q1,210263972032.372,2976041.68,70652.2268976999,11.16552490775322
AUT,Austria,1977,2,1977.25,1977-Q2,211785963415.688,2991273.954,70801.2594876116,11.167632068896628
AUT,Austria,1977,3,1977.5,1977-Q3,212068935366.547,2999087.507,70711.15293287339,11.166358589554788
AUT,Austria,1977,4,1977.75,1977-Q4,211573435593.612,2987978.88,70808.2098604432,11.167730231439982
AUT,Austria,1978,1,1978.0,1978-Q1,209653666022.562,3019865.921,69424.82597145809,11.147999805458975
AUT,Austria,1978,2,1978.25,1978-Q2,209774685253.679,2993730.819,70071.3250243889,11.157268931195619
AUT,Austria,1978,3,1978.5,1978-Q3,211028555389.638,3028949.329,69670.54660478872,11.151532933619752
AUT,Austria,1978,4,1978.75,1978-Q4,213453919476.011,3018264.7,70720.74211251616,11.166494190928924
AUT,Austria,1979,1,1979.0,1979-Q1,217866289567.115,3018811.921,72169.54724855645,11.186773452644347
AUT,Austria,1979,2,1979.25,1979-Q2,221225101498.928,3051487.938,72497.45238839873,11.191306700754998
AUT,Austria,1979,3,1979.5,1979-Q3,224069209571.234,3067725.438,73040.82914190511,11.198773867092495
AUT,Austria,1979,4,1979.75,1979-Q4,225955995360.254,3064100.524,73743.00992752089,11.208341489066314
AUT,Austria,1980,1,1980.0,1980-Q1,226449098908.361,3080008.843,73522.22362056414,11.205343001683241
AUT,Austria,1980,2,1980.25,1980-Q2,226446020225.969,3084786.443,73407.35717372608,11.203779443553987
AUT,Austria,1980,3,1980.5,1980-Q3,226021939481.089,3038427.359,74387.8042078573,11.217047285447112
AUT,Austria,1980,4,1980.75,1980-Q4,225594461608.927,3078626.23,73277.63903607325,11.202010780434792
AUT,Austria,1981,1,1981.0,1981-Q1,225117258976.143,3089058.209,72875.69341369541,11.196510438718269
AUT,Austria,1981,2,1981.25,1981-Q2,225350466475.257,3090233.537,72923.44212082667,11.197165431749102
AUT,Austria,1981,3,1981.5,1981-Q3,225934856356.733,3093209.612,73042.20686507196,11.198792729284909
AUT,Austria,1981,4,1981.75,1981-Q4,226803777975.942,3087456.145,73459.75694043162,11.20449301063461
AUT,Austria,1982,1,1982.0,1982-Q1,227970045999.875,3212047.535,70973.43470661774,11.170060926946764
AUT,Austria,1982,2,1982.25,1982-Q2,229373340083.95,3183978.138,72039.86024477848,11.184974859321027
AUT,Austria,1982,3,1982.5,1982-Q3,231064736160.572,3185367.082,72539.43743761335,11.19188565760436
AUT,Austria,1982,4,1982.75,1982-Q4,232964014963.046,3173366.216,73412.26921382401,11.203846356135372
AUT,Austria,1983,1,1983.0,1983-Q1,235418389010.051,3152397.107,74679.16668471013,11.220956439113356
AUT,Austria,1983,2,1983.25,1983-Q2,237005652521.652,3165921.204,74861.51336369521,11.223395197173065
AUT,Austria,1983,3,1983.5,1983-Q3,238010779751.14,3151676.057,75518.79553817355,11.2321368517803
AUT,Austria,1983,4,1983.75,1983-Q4,238330520467.235,3163356.178,75341.03245304392,11.2297801850683
AUT,Austria,1984,1,1984.0,1984-Q1,237370975087.971,3221420.843,73685.18012906238,11.207556974226888
AUT,Austria,1984,2,1984.25,1984-Q2,237029084018.509,3224095.994,73517.99836593482,11.205285530950766
AUT,Austria,1984,3,1984.5,1984-Q3,237045372533.108,3248980.522,72959.92417559591,11.197665585487748
AUT,Austria,1984,4,1984.75,1984-Q4,237806391780.473,3246432.229,73251.61130923242,11.20165552403304
AUT,Austria,1985,1,1985.0,1985-Q1,239825935651.429,3232148.252,74200.16563380985,11.214521661414569
AUT,Austria,1985,2,1985.25,1985-Q2,242075104400.805,3242672.891,74652.95222120047,11.220605349689714
AUT,Austria,1985,3,1985.5,1985-Q3,244493682243.381,3219836.998,75933.55887122489,11.237614011531981
AUT,Austria,1985,4,1985.75,1985-Q4,246575852389.532,3242232.846,76051.24742775246,11.239162700284703
AUT,Austria,1986,1,1986.0,1986-Q1,248062001317.967,3254356.144,76224.60183877374,11.241439548343616
AUT,Austria,1986,2,1986.25,1986-Q2,248785673862.1,3277698.076,75902.55969082737,11.237205687331892
AUT,Austria,1986,3,1986.5,1986-Q3,249094289601.084,3302025.321,75436.8199471127,11.231050763013673
AUT,Austria,1986,4,1986.75,1986-Q4,249420484383.233,3281015.619,76019.29199570598,11.23874242910479
AUT,Austria,1987,1,1987.0,1987-Q1,249773646459.275,3279812.616,76154.85264029943,11.24052408105068
AUT,Austria,1987,2,1987.25,1987-Q2,251095354506.38,3293428.911,76241.31605443965,11.24165880017332
AUT,Austria,1987,3,1987.5,1987-Q3,252938387997.047,3303548.63,76565.66205809024,11.245903979218914
AUT,Austria,1987,4,1987.75,1987-Q4,255063800966.109,3311470.821,77024.32385893248,11.251876545223581
AUT,Austria,1988,1,1988.0,1988-Q1,257439179480.996,3312907.093,77707.93815043941,11.260712695235663
AUT,Austria,1988,2,1988.25,1988-Q2,259495391108.616,3298899.816,78661.1917858302,11.272905196974891
AUT,Austria,1988,3,1988.5,1988-Q3,261512097888.561,3301672.107,79205.95668301504,11.279806785618469
AUT,Austria,1988,4,1988.75,1988-Q4,263675707486.271,3319518.168,79431.92178554481,11.282655604041086
AUT,Austria,1989,1,1989.0,1989-Q1,266102673767.632,3325082.242,80028.8998589022,11.290143096657863
AUT,Austria,1989,2,1989.25,1989-Q2,268993042759.278,3339830.981,80540.91488148813,11.296520593683965
AUT,Austria,1989,3,1989.5,1989-Q3,272162346484.057,3357829.296,81053.06211017614,11.30285930695819
AUT,Austria,1989,4,1989.75,1989-Q4,275372388990.75,3344539.206,82334.92628722679,11.31855067437298
AUT,Austria,1990,1,1990.0,1990-Q1,278599271771.175,3392041.343,82133.21820092421,11.316097820197948
AUT,Austria,1990,2,1990.25,1990-Q2,281294123729.546,3391884.709,82931.51090400049,11.325770376307387
AUT,Austria,1990,3,1990.5,1990-Q3,283724038288.38,3415513.529,83069.21810713752,11.327429492331104
AUT,Austria,1990,4,1990.75,1990-Q4,286060256843.872,3450311.949,82908.51988811635,11.325493108919995
AUT,Austria,1991,1,1991.0,1991-Q1,288462046192.47,3466447.966,83215.4554234754,11.329188371859008
AUT,Austria,1991,2,1991.25,1991-Q2,290982422875.074,3460025.975,84098.33480370736,11.339742045571283
AUT,Austria,1991,3,1991.5,1991-Q3,293468237467.64,3465641.784,84679.333802619,11.346626857983786
AUT,Austria,1991,4,1991.75,1991-Q4,295644281189.618,3493436.376,84628.50024139612,11.346026371148225
AUT,Austria,1992,1,1992.0,1992-Q1,297399499507.052,3527658.838,84305.06269581956,11.342197197890348
AUT,Austria,1992,2,1992.25,1992-Q2,298301371716.516,3536188.222,84356.75733001635,11.342810195376176
AUT,Austria,1992,3,1992.5,1992-Q3,298626066415.398,3557067.838,83952.8735508468,11.338010891233122
AUT,Austria,1992,4,1992.75,1992-Q4,298694079624.819,3548334.846,84178.66198888575,11.34069674755445
AUT,Austria,1993,1,1993.0,1993-Q1,298312820280.042,3540689.071,84252.75823380594,11.341576586358899
AUT,Austria,1993,2,1993.25,1993-Q2,298965741984.226,3562258.392,83925.90011315103,11.33768954699955
AUT,Austria,1993,3,1993.5,1993-Q3,300176928478.488,3575779.123,83947.27922306514,11.337944252487517
AUT,Austria,1993,4,1993.75,1993-Q4,301850474097.62,3585950.885,84175.85287078466,11.340663376093
AUT,Austria,1994,1,1994.0,1994-Q1,304111689982.421,3693706.275,82332.39660682576,11.318519949632252
AUT,Austria,1994,2,1994.25,1994-Q2,306078430846.801,3702320.468,82672.05216088307,11.322636881464485
AUT,Austria,1994,3,1994.5,1994-Q3,308001972117.102,3716148.838,82882.03340178002,11.325173591480235
AUT,Austria,1994,4,1994.75,1994-Q4,309922625543.719,3678582.818,84250.54997462856,11.341550376082068
AUT,Austria,1995,1,1995.0,1995-Q1,310657009788.599,3737003.277,83129.98056506629,11.328160692735455
AUT,Austria,1995,2,1995.25,1995-Q2,314669112687.831,3726231.723,84447.0060049003,11.343879468734777
AUT,Austria,1995,3,1995.5,1995-Q3,316475761919.28,3725843.662,84940.6981691225,11.349708623389905
AUT,Austria,1995,4,1995.75,1995-Q4,319078734163.598,3710162.721,86001.27761447529,11.362117431107567
AUT,Austria,1996,1,1996.0,1996-Q1,319044472468.201,3678833.914,86724.34796636514,11.370489953405134
AUT,Austria,1996,2,1996.25,1996-Q2,321317127798.696,3690395.803,87068.47312624044,11.37445013550536
AUT,Austria,1996,3,1996.5,1996-Q3,323355981770.386,3669896.25,88110.3877992153,11.38634571415872
AUT,Austria,1996,4,1996.75,1996-Q4,323210671827.487,3674806.662,87953.10925325818,11.384559102050861
AUT,Austria,1997,1,1997.0,1997-Q1,327490542021.05,3673746.975,89143.46694250766,11.398002338974061
AUT,Austria,1997,2,1997.25,1997-Q2,326816424557.664,3686377.622,88655.16723171558,11.39250959780949
AUT,Austria,1997,3,1997.5,1997-Q3,329290058600.463,3681086.689,89454.57861246882,11.401486273903794
AUT,Austria,1997,4,1997.75,1997-Q4,332407580851.806,3692013.393,90034.22942128152,11.407945203909586
AUT,Austria,1998,1,1998.0,1998-Q1,336986096491.997,3687849.187,91377.40710219477,11.42275353982078
AUT,Austria,1998,2,1998.25,1998-Q2,339915663768.99,3684969.004,92243.83255327647,11.432190703876785
AUT,Austria,1998,3,1998.5,1998-Q3,340506863585.869,3684839.933,92407.5047429934,11.433963474493863
AUT,Austria,1998,4,1998.75,1998-Q4,343709049346.234,3700048.289,92893.12530543409,11.439204921045787
AUT,Austria,1999,1,1999.0,1999-Q1,346696332182.527,3702308.53292788,93643.28475032594,11.447247999485189
AUT,Austria,1999,2,1999.25,1999-Q2,349941775526.112,3683060.8329449,95013.84619984833,11.461777909434343
AUT,Austria,1999,3,1999.5,1999-Q3,355354817975.531,3693335.93395435,96215.13567412284,11.47434195976771
AUT,Austria,1999,4,1999.75,1999-Q4,358600768474.691,3690994.70017286,97155.5901876252,11.484068994968187
AUT,Austria,2000,1,2000.0,2000-Q1,358678396139.838,3709986.64058368,96679.16110970371,11.47915315780112
AUT,Austria,2000,2,2000.25,2000-Q2,362783213904.495,3706071.53248416,97888.88604136666,11.491588298492767
AUT,Austria,2000,3,2000.5,2000-Q3,367813521028.463,3708752.05246381,99174.47050258212,11.504635906347175
AUT,Austria,2000,4,2000.75,2000-Q4,370360877159.505,3727289.77446836,99364.65892629216,11.506551785422827
AUT,Austria,2001,1,2001.0,2001-Q1,369250994057.8,3725533.31066911,99113.59348213211,11.504021880256655
AUT,Austria,2001,2,2001.25,2001-Q2,368205899082.681,3739649.75870308,98459.99567894716,11.497405609425812
AUT,Austria,2001,3,2001.5,2001-Q3,369647433301.759,3726458.87358089,99195.36102287675,11.50484652829721
AUT,Austria,2001,4,2001.75,2001-Q4,370551308619.156,3752658.05704691,98743.69126793157,11.500282794828214
AUT,Austria,2002,1,2002.0,2002-Q1,374656813415.91,3693422.87588862,101438.91615058277,11.527212084978549
AUT,Austria,2002,2,2002.25,2002-Q2,375623827590.447,3707287.9514193,101320.38096653458,11.526042864141454
AUT,Austria,2002,3,2002.5,2002-Q3,375572805633.8,3713171.90515636,101146.08621062072,11.524321148922148
AUT,Austria,2002,4,2002.75,2002-Q4,373701835481.513,3735417.26753572,100042.86234079723,11.513353996545428
AUT,Austria,2003,1,2003.0,2003-Q1,375509053563.869,3769321.45011703,99622.45420915485,11.509142862031057
AUT,Austria,2003,2,2003.25,2003-Q2,378096134522.559,3792475.55607477,99696.39327455292,11.509884779513754
AUT,Austria,2003,3,2003.5,2003-Q3,380928958627.579,3800703.5779046,100225.9057617938,11.51518197475392
AUT,Austria,2003,4,2003.75,2003-Q4,382028350406.39,3810999.4159036,100243.61295154119,11.5153586319326
AUT,Austria,2004,1,2004.0,2004-Q1,382810613220.694,3645676.4900944,105003.9997407399,11.5617537211831
AUT,Austria,2004,2,2004.25,2004-Q2,386744430570.58,3670735.90112273,105358.82749077385,11.565127207755902
AUT,Austria,2004,3,2004.5,2004-Q3,391202583536.565,3687313.65247809,106094.19767522463,11.572082635785506
AUT,Austria,2004,4,2004.75,2004-Q4,392524730812.019,3702273.95630479,106022.60541621149,11.571407609001318
AUT,Austria,2005,1,2005.0,2005-Q1,393469405164.1,3719382.90204693,105788.8944285778,11.56920082530307
AUT,Austria,2005,2,2005.25,2005-Q2,396610990977.181,3731321.91064717,106292.3544188102,11.573948637178999
AUT,Austria,2005,3,2005.5,2005-Q3,397383069764.862,3763965.24400235,105575.64802121055,11.56718301780093
AUT,Austria,2005,4,2005.75,2005-Q4,403536069830.347,3775229.94330355,106890.46121445757,11.579559862110003
AUT,Austria,2006,1,2006.0,2006-Q1,407278042834.497,3788139.81054285,107513.99452073894,11.585376299665237
AUT,Austria,2006,2,2006.25,2006-Q2,409177420225.245,3815407.7319461,107243.43214992086,11.582856596219722
AUT,Austria,2006,3,2006.5,2006-Q3,411664282733.776,3847666.89030409,106990.6243108382,11.580496486341707
AUT,Austria,2006,4,2006.75,2006-Q4,417854617016.686,3852785.56720696,108455.19682519099,11.594092434195835
AUT,Austria,2007,1,2007.0,2007-Q1,422504356472.342,3888342.18708018,108659.25274689043,11.595972143097608
AUT,Austria,2007,2,2007.25,2007-Q2,426594060737.512,3900658.87131031,109364.61628960917,11.602442682372418
AUT,Austria,2007,3,2007.5,2007-Q3,429060981399.477,3949717.19585782,108630.81079562996,11.59571035522789
AUT,Austria,2007,4,2007.75,2007-Q4,428647498384.276,3955681.74575168,108362.48362109376,11.593237216027674
AUT,Austria,2008,1,2008.0,2008-Q1,437631023653.411,3981479.72849172,109916.67759142307,11.60747788130271
AUT,Austria,2008,2,2008.25,2008-Q2,436507518489.684,4001376.91096493,109089.32804943399,11.599922348974648
AUT,Austria,2008,3,2008.5,2008-Q3,433490314633.89,3993348.37663375,108553.09222966089,11.594994661585739
AUT,Austria,2008,4,2008.75,2008-Q4,422451998649.099,4000194.9839096,105607.85170432231,11.56748800075086
AUT,Austria,2009,1,2009.0,2009-Q1,417839953358.018,3984876.55519145,104856.43597005811,11.560347417088652
AUT,Austria,2009,2,2009.25,2009-Q2,415616605625.097,3976447.6765981,104519.57109131689,11.557129616022195
AUT,Austria,2009,3,2009.5,2009-Q3,417003788684.586,3977127.22052894,104850.50277801431,11.560290831530914
AUT,Austria,2009,4,2009.75,2009-Q4,418046965679.802,3990048.54768151,104772.40080768334,11.559545665114372
AUT,Austria,2010,1,2010.0,2010-Q1,416582401668.298,3998397.81335022,104187.33230529842,11.55394582994463
AUT,Austria,2010,2,2010.25,2010-Q2,422130523825.447,4003547.86697634,105439.10997229042,11.565888908618485
AUT,Austria,2010,3,2010.5,2010-Q3,427111103786.851,4026124.29253015,106084.92752677544,11.571995255385136
AUT,Austria,2010,4,2010.75,2010-Q4,431254472148.037,4038530.0271433,106785.01069684747,11.578572846377895
AUT,Austria,2011,1,2011.0,2011-Q1,435553138092.427,4038928.6515772,107838.77995030778,11.58839261256496
AUT,Austria,2011,2,2011.25,2011-Q2,435412135438.596,4048612.48784767,107546.0140345688,11.585674072498795
AUT,Austria,2011,3,2011.5,2011-Q3,437809066265.207,4071278.93189918,107536.00369527536,11.585580988572893
AUT,Austria,2011,4,2011.75,2011-Q4,439653356711.317,4050879.92867594,108532.80384813108,11.59480774588135
AUT,Austria,2012,1,2012.0,2012-Q1,441520256524.486,4077705.9228275,108276.63026232501,11.592444622652229
AUT,Austria,2012,2,2012.25,2012-Q2,440033979076.529,4091848.69853804,107539.16175682326,11.585610355622702
AUT,Austria,2012,3,2012.5,2012-Q3,441447439899.198,4082797.01517431,108123.77844367335,11.591031946539594
AUT,Austria,2012,4,2012.75,2012-Q4,438412614581.405,4085448.36346016,107310.77120017559,11.58348430755247
AUT,Austria,2013,1,2013.0,2013-Q1,436699821038.687,4087463.45768941,106838.83184745284,11.579076733501196
AUT,Austria,2013,2,2013.25,2013-Q2,438640786655.503,4115264.40620305,106588.72513618512,11.576733017166822
AUT,Austria,2013,3,2013.5,2013-Q3,439925160496.272,4117135.55309167,106852.24103586293,11.579202234190081
AUT,Austria,2013,4,2013.75,2013-Q4,440336035231.09,4098236.58301587,107445.24536625193,11.584736651359192
AUT,Austria,2014,1,2014.0,2014-Q1,440317073904.888,4101646.61263777,107351.29461134147,11.58386186295793
AUT,Austria,2014,2,2014.25,2014-Q2,442481380851.21,4119553.29444429,107410.03920205355,11.584408931567852
AUT,Austria,2014,3,2014.5,2014-Q3,443247197489.121,4110475.62095447,107833.5546449968,11.588344156602151
AUT,Austria,2014,4,2014.75,2014-Q4,445088310646.554,4119024.47196347,108056.72888716485,11.590411635675435
AUT,Austria,2015,1,2015.0,2015-Q1,445190461021.021,4127197.95846825,107867.48430798484,11.588658755580743
AUT,Austria,2015,2,2015.25,2015-Q2,447682303045.935,4129789.73162069,108403.17113923548,11.59361262161178
AUT,Austria,2015,3,2015.5,2015-Q3,449396975059.409,4160539.54783575,108014.10968276423,11.590017142783795
AUT,Austria,2015,4,2015.75,2015-Q4,451199696239.225,4175472.76207532,108059.54725351073,11.590437717619807
AUT,Austria,2016,1,2016.0,2016-Q1,456385155264.619,4196351.11367498,108757.61891738772,11.596877005507375
AUT,Austria,2016,2,2016.25,2016-Q2,456069233755.427,4214218.15965545,108221.55296125314,11.591935821133067
AUT,Austria,2016,3,2016.5,2016-Q3,458637131971.968,4235219.88234057,108291.22093148677,11.592579367205527
AUT,Austria,2016,4,2016.75,2016-Q4,461379268496.08,4234910.84432901,108946.63086329558,11.598613416198386
AUT,Austria,2017,1,2017.0,2017-Q1,465888309032.006,4236185.99382982,109978.24687362442,11.608037869523994
AUT,Austria,2017,2,2017.25,2017-Q2,467426788344.119,4261948.27311545,109674.43957325035,11.605271616135335
AUT,Austria,2017,3,2017.5,2017-Q3,470434489345.378,4258422.51734112,110471.53903345141,11.612513201456172
AUT,Austria,2017,4,2017.75,2017-Q4,472659308003.116,4283843.21571362,110335.34240220285,11.611279574608716
AUT,Austria,2018,1,2018.0,2018-Q1,475321667435.493,4303811.70306074,110442.02214921686,11.612245975811424
AUT,Austria,2018,2,2018.25,2018-Q2,479120113939.679,4315642.04890121,111019.42851392555,11.617460496635205
AUT,Austria,2018,3,2018.5,2018-Q3,481139045213.44,4317101.76232082,111449.54918894143,11.621327293843443
AUT,Austria,2018,4,2018.75,2018-Q4,485691874568.228,4339544.48571723,111922.31723094182,11.625560313475834
AUT,Austria,2019,1,2019.0,2019-Q1,491154442416.535,4353281.70627038,112823.95111464667,11.633583928083379
AUT,Austria,2019,2,2019.25,2019-Q2,488091330349.797,4345249.34424734,112327.57701142727,11.629174676131695
AUT,Austria,2019,3,2019.5,2019-Q3,488899589368.876,4342820.01375533,112576.52581049841,11.63138849880209
AUT,Austria,2019,4,2019.75,2019-Q4,485778341773.892,4377248.93572695,110978.00214399197,11.617087281771486
AUT,Austria,2020,1,2020.0,2020-Q1,480351778220.358,4339809.98677144,110684.97922364363,11.614443420453496
AUT,Austria,2020,2,2020.25,2020-Q2,419737836814.111,4216408.89096504,99548.6556613447,11.508401805245908
AUT,Austria,2020,3,2020.5,2020-Q3,468036563728.736,4312521.08389377,108529.68707254327,11.594779028109112
AUT,Austria,2020,4,2020.75,2020-Q4,461162149707.52,4318560.03836975,106786.09203303055,11.57858297261847
AUT,Austria,2021,1,2021.0,2021-Q1,456629861976.566,4240360.88543271,107686.55647807414,11.58698003156573
AUT,Austria,2021,2,2021.25,2021-Q2,477599594343.673,4249939.61277483,112377.97189119192,11.629623217619484
AUT,Austria,2021,3,2021.5,2021-Q3,492640107139.599,4352281.18203858,113191.24076189617,11.636834063328875
AUT,Austria,2021,4,2021.75,2021-Q4,494002114432.076,4380918.31975388,112762.22891547292,11.633036711931169
AUT,Austria,2022,1,2022.0,2022-Q1,495452928620.805,4426055.82131882,111940.0542203682,11.625718776815148
AUT,Austria,2022,2,2022.25,2022-Q2,509897794011.609,4441625.20858135,114799.82440357002,11.650945233280806
AUT,Austria,2022,3,2022.5,2022-Q3,510020003086.54,4442389.73223318,114807.57741400461,11.651012766037818
AUT,Austria,2022,4,2022.75,2022-Q4,509865247220.889,4459729.23786665,114326.5028046383,11.646813693461844
AUT,Austria,2023,1,2023.0,2023-Q1,509252410415.209,4472294.61653489,113868.26094426111,11.642797453397355
AUT,Austria,2023,2,2023.25,2023-Q2,503073465804.298,4483895.34717046,112195.63055185041,11.627999327924277
AUT,Austria,2023,3,2023.5,2023-Q3,500804106116.792,4483199.37389957,111706.85582987654,11.623633360343678
AUT,Austria,2023,4,2023.75,2023-Q4,498401626476.963,4492210.66239509,110947.96391655254,11.616816576831852
AUT,Austria,2024,1,2024.0,2024-Q1,498838008418.085,4493207.12847467,111020.47917106102,11.617469960313572
AUT,Austria,2024,2,2024.25,2024-Q2,497977590527.474,4489732.86198257,110914.74834598016,11.61651715228699
AUT,Austria,2024,3,2024.5,2024-Q3,497879347985.778,4487785.05581151,110940.99690470764,11.616753779549631
AUT,Austria,2024,4,2024.75,2024-Q4,500026508198.902,4484174.95373125,111509.14345633046,11.62186187061281
AUT,Austria,2025,1,2025.0,2025-Q1,500970372196.42,4495875.69385717,111428.87533143068,11.621141776940094
AUT,Austria,2025,2,2025.25,2025-Q2,500343586075.896,4502533.45405156,111124.9013876103,11.61841008541523
AUT,Austria,2025,3,2025.5,2025-Q3,499265033755.754,4484592.38948253,111328.96602301094,11.62024475518309
AUT,Austria,2025,4,2025.75,2025-Q4,500270548316.37,4505571.20371046,111033.76812786437,11.617589651397898
BEL,Belgium,1960,1,1960.0,1960-Q1,126634300475.042,3557256.60246842,35598.86581900475,10.480069057315893
BEL,Belgium,1960,2,1960.25,1960-Q2,128077664385.399,3559097.51608385,35985.994709784056,10.490885105904841
BEL,Belgium,1960,3,1960.5,1960-Q3,129633448654.525,3562436.25910619,36388.98754276935,10.502021467816554
BEL,Belgium,1960,4,1960.75,1960-Q4,131292652499.159,3566941.78740539,36808.18480490591,10.51347551260367
BEL,Belgium,1961,1,1961.0,1961-Q1,132596616871.706,3572614.10098147,37114.732552636735,10.521769273615318
BEL,Belgium,1961,2,1961.25,1961-Q2,134423673772.476,3581146.76793016,37536.48830488188,10.533068760343488
BEL,Belgium,1961,3,1961.5,1961-Q3,136255245428.379,3592539.78825146,37927.27525912701,10.543425796065888
BEL,Belgium,1961,4,1961.75,1961-Q4,138010428585.564,3607954.51882711,38251.709622556176,10.551943534270386
BEL,Belgium,1962,1,1962.0,1962-Q1,140201558935.908,3627390.95965711,38650.79901648125,10.562322726932056
BEL,Belgium,1962,2,1962.25,1962-Q2,141609190314.491,3642187.4013553,38880.25922603449,10.568241925888428
BEL,Belgium,1962,3,1962.5,1962-Q3,142985333315.164,3652343.84392166,39148.9244784892,10.57512822922778
BEL,Belgium,1962,4,1962.75,1962-Q4,144536694566.445,3657726.91682626,39515.44165354388,10.584446802434615
BEL,Belgium,1963,1,1963.0,1963-Q1,144725789909.035,3658336.6200691,39560.544843000636,10.58558755821513
BEL,Belgium,1963,2,1963.25,1963-Q2,147163922534.251,3663634.88621599,40168.828801128235,10.600846570869736
BEL,Belgium,1963,3,1963.5,1963-Q3,149894683218.661,3673621.71526693,40802.97179095085,10.616510195753195
BEL,Belgium,1963,4,1963.75,1963-Q4,152622068513.824,3688404.94917597,41378.88074028353,10.630525902608046
BEL,Belgium,1964,1,1964.0,1964-Q1,156453127923.506,3707984.58794311,42193.57556992801,10.650023250755341
BEL,Belgium,1964,2,1964.25,1964-Q2,158362332486.217,3722251.64727827,42544.76792347244,10.658312163420325
BEL,Belgium,1964,3,1964.5,1964-Q3,159839633662.606,3731206.12718146,42838.5964790823,10.665194762098817
BEL,Belgium,1964,4,1964.75,1964-Q4,161048510352.482,3735427.86821916,43113.80544185445,10.671598536678916
BEL,Belgium,1965,1,1965.0,1965-Q1,162832519860.053,3734916.8703914,43597.36120257718,10.682751904628873
BEL,Belgium,1965,2,1965.25,1965-Q2,163971219411.451,3736303.07458927,43885.95254133025,10.689349560187269
BEL,Belgium,1965,3,1965.5,1965-Q3,165189341986.434,3739586.48081278,44173.157335441785,10.695872583481261
BEL,Belgium,1965,4,1965.75,1965-Q4,166507777295.483,3744499.27225043,44467.30128362729,10.702509395439451
BEL,Belgium,1966,1,1966.0,1966-Q1,167314831716.98,3751041.44890221,44604.900797869566,10.705599015331725
BEL,Belgium,1966,2,1966.25,1966-Q2,168883725953.854,3754189.970746,44985.39692180119,10.714093203237907
BEL,Belgium,1966,3,1966.5,1966-Q3,170538588025.805,3753944.83778177,45429.16728807803,10.723909629025215
BEL,Belgium,1966,4,1966.75,1966-Q4,172223293612.878,3750390.94607707,45921.42421659388,10.734687045682215
BEL,Belgium,1967,1,1967.0,1967-Q1,173799156268.262,3743528.29563188,46426.56407086833,10.745627075925203
BEL,Belgium,1967,2,1967.25,1967-Q2,175408106067.494,3737870.55006319,46927.282183308525,10.756354494972316
BEL,Belgium,1967,3,1967.5,1967-Q3,177076107272.509,3733417.70937101,47430.02820928441,10.767010813627605
BEL,Belgium,1967,4,1967.75,1967-Q4,178944616413.854,3727967.25710167,48000.586934600804,10.778968517619452
BEL,Belgium,1968,1,1968.0,1968-Q1,179373367795.841,3721519.19325516,48198.96350956225,10.783092795856488
BEL,Belgium,1968,2,1968.25,1968-Q2,182021537834.209,3722774.9529365,48894.04815905717,10.79741095351644
BEL,Belgium,1968,3,1968.5,1968-Q3,185020237996.827,3731734.53614568,49580.22501459202,10.811347343993406
BEL,Belgium,1968,4,1968.75,1968-Q4,188236577410.515,3750059.28199559,50195.62712361846,10.823683192794338
BEL,Belgium,1969,1,1969.0,1969-Q1,191059185531.543,3777749.19048622,50574.872999166066,10.831210150894208
BEL,Belgium,1969,2,1969.25,1969-Q2,194323561969.646,3796134.79183526,51189.84773343607,10.843296504909913
BEL,Belgium,1969,3,1969.5,1969-Q3,197475491890.211,3805216.08604273,51895.99944521875,10.85699698420264
BEL,Belgium,1969,4,1969.75,1969-Q4,200450671270.986,3805773.53740849,52670.15215190161,10.871804201250585
BEL,Belgium,1970,1,1970.0,1970-Q1,205339880987.11,3797807.14593257,54068.01164377918,10.897998007958048
BEL,Belgium,1970,2,1970.25,1970-Q2,206906872454.197,3795303.59559792,54516.55374663129,10.906259673002443
BEL,Belgium,1970,3,1970.5,1970-Q3,208740161119.932,3798262.88640455,54956.744007133806,10.914301682185217
BEL,Belgium,1970,4,1970.75,1970-Q4,210824438333.872,3806021.86371379,55392.335063508144,10.9221965069089
BEL,Belgium,1971,1,1971.0,1971-Q1,211744360534.969,3818580.52752562,55451.06591536934,10.923256215594103
BEL,Belgium,1971,2,1971.25,1971-Q2,214284829357.839,3825931.12168913,56008.543421773174,10.933259519184118
BEL,Belgium,1971,3,1971.5,1971-Q3,217031203560.556,3828073.64620433,56694.62597088488,10.94543470516899
BEL,Belgium,1971,4,1971.75,1971-Q4,219969017275.642,3824985.28323869,57508.461075539075,10.95968736509988
BEL,Belgium,1972,1,1972.0,1972-Q1,222041485331.517,3816666.03279222,58176.81804584682,10.971242239007436
BEL,Belgium,1972,2,1972.25,1972-Q2,225318218613.59,3813260.55801088,59088.07310327707,10.986784374284868
BEL,Belgium,1972,3,1972.5,1972-Q3,228739622673.761,3814768.85889468,59961.59430221356,11.001459541292887
BEL,Belgium,1972,4,1972.75,1972-Q4,232287860512.72,3819483.43329035,60816.56448306996,11.01561747300439
BEL,Belgium,1973,1,1973.0,1973-Q1,236045971390.775,3827404.28119788,61672.59950832751,11.029595019007784
BEL,Belgium,1973,2,1973.25,1973-Q2,239712474685.26,3838631.75239089,62447.374519828634,11.042079473354168
BEL,Belgium,1973,3,1973.5,1973-Q3,242960954135.81,3853165.84686936,63054.891429916555,11.05176091855702
BEL,Belgium,1973,4,1973.75,1973-Q4,245282226118.324,3874369.82324988,63308.93469343036,11.055781746567195
BEL,Belgium,1974,1,1974.0,1974-Q1,252808995204.263,3902243.68153246,64785.5479658261,11.07883783224781
BEL,Belgium,1974,2,1974.25,1974-Q2,252024483820.751,3916507.52024396,64349.291433264596,11.07208120182557
BEL,Belgium,1974,3,1974.5,1974-Q3,250442308751.156,3917161.3393844,63934.642219897476,11.065616625232074
BEL,Belgium,1974,4,1974.75,1974-Q4,249210381025.647,3903922.91811085,63835.88668452567,11.064070798414514
BEL,Belgium,1975,1,1975.0,1975-Q1,242855069241.074,3876792.25642331,62643.30229165534,11.045212047851983
BEL,Belgium,1975,2,1975.25,1975-Q2,245376778311.76,3857742.58085245,63606.31202550037,11.060467990087654
BEL,Belgium,1975,3,1975.5,1975-Q3,249348921922.116,3846773.89139829,64820.26990972387,11.079373640675204
BEL,Belgium,1975,4,1975.75,1975-Q4,253575865207.388,3841480.7087449,66009.92805460087,11.097560434765557
BEL,Belgium,1976,1,1976.0,1976-Q1,260634770344.836,3841863.03289226,67840.724178192,11.124917945205272
BEL,Belgium,1976,2,1976.25,1976-Q2,262125280492.538,3840380.51320527,68255.02826899885,11.131006384604436
BEL,Belgium,1976,3,1976.5,1976-Q3,262328918362.075,3837033.14968392,68367.64451297082,11.132654958258932
BEL,Belgium,1976,4,1976.75,1976-Q4,262095281729.878,3832555.3883395,68386.56070758938,11.132931603422549
BEL,Belgium,1977,1,1977.0,1977-Q1,260967462405.084,3826947.22917201,68192.07236927235,11.130083596155295
BEL,Belgium,1977,2,1977.25,1977-Q2,262183955492.344,3823342.34674883,68574.54334825432,11.135676656625838
BEL,Belgium,1977,3,1977.5,1977-Q3,264167279768.949,3821740.74106998,69122.2397506194,11.143631806752415
BEL,Belgium,1977,4,1977.75,1977-Q4,266422345373.118,3821366.29970824,69719.13302146911,11.152230064408464
BEL,Belgium,1978,1,1978.0,1978-Q1,268833654919.821,3822219.02266361,70334.44533811082,11.161016934159576
BEL,Belgium,1978,2,1978.25,1978-Q2,270308665659.368,3825821.90993197,70653.7502327636,11.165546468554746
BEL,Belgium,1978,3,1978.5,1978-Q3,271540540534.688,3832174.96151331,70858.07492136469,11.168434210697399
BEL,Belgium,1978,4,1978.75,1978-Q4,273004582077.56,3842398.45630111,71050.56520878582,11.171147088578557
BEL,Belgium,1979,1,1979.0,1979-Q1,272262546210.263,3856492.39429535,70598.49167938271,11.16476405893842
BEL,Belgium,1979,2,1979.25,1979-Q2,275416098559.309,3866212.10213938,71236.67592031661,11.173763076016217
BEL,Belgium,1979,3,1979.5,1979-Q3,279023344425.745,3871557.57983319,72070.04898472076,11.185393827600798
BEL,Belgium,1979,4,1979.75,1979-Q4,282355205595.857,3874440.9426968,72876.37359090161,11.196519772063862
BEL,Belgium,1980,1,1980.0,1980-Q1,289398333992.106,3874862.19073023,74686.09714286846,11.221049237907208
BEL,Belgium,1980,2,1980.25,1980-Q2,290218871743.745,3869593.30536998,74999.83818480287,11.225241234980158
BEL,Belgium,1980,3,1980.5,1980-Q3,289936873849.757,3858634.28661605,75139.76508616633,11.227105192774475
BEL,Belgium,1980,4,1980.75,1980-Q4,289183345788.264,3840569.46449623,75296.99656824105,11.22919552678057
BEL,Belgium,1981,1,1981.0,1981-Q1,288424543996.711,3815398.83901052,75594.86076467713,11.233143580553714
BEL,Belgium,1981,2,1981.25,1981-Q2,288462848889.997,3794844.44855565,76014.40659834909,11.238678161808739
BEL,Belgium,1981,3,1981.5,1981-Q3,288973901182.718,3778906.29313161,76470.2479413013,11.24465702836728
BEL,Belgium,1981,4,1981.75,1981-Q4,289639967485.568,3766506.29136398,76898.84075055653,11.250246080614914
BEL,Belgium,1982,1,1982.0,1982-Q1,290470613547.043,3757644.44325272,77301.25027358993,11.255465408747297
BEL,Belgium,1982,2,1982.25,1982-Q2,290600924427.418,3747067.19864782,77554.2334902041,11.25873275757508
BEL,Belgium,1982,3,1982.5,1982-Q3,290577549501.041,3734774.55754924,77803.23685500259,11.26193831412111
BEL,Belgium,1982,4,1982.75,1982-Q4,290727255729.638,3720524.00890767,78141.48088645026,11.266276320137315
BEL,Belgium,1983,1,1983.0,1983-Q1,289027247042.964,3704315.5527231,78024.4671193024,11.264777737500822
BEL,Belgium,1983,2,1983.25,1983-Q2,290394939507.789,3692857.8054416,78636.91341699602,11.272596504521212
BEL,Belgium,1983,3,1983.5,1983-Q3,292265152259.472,3686150.76706315,79287.35711814823,11.28083396386767
BEL,Belgium,1983,4,1983.75,1983-Q4,294313790506.45,3683733.7926947,79895.51011805215,11.28847493640888
BEL,Belgium,1984,1,1984.0,1984-Q1,296675119295.287,3685606.88233628,80495.59509917855,11.295957742644639
BEL,Belgium,1984,2,1984.25,1984-Q2,298190518683.853,3687825.28890008,80858.09259494244,11.30045095393487
BEL,Belgium,1984,3,1984.5,1984-Q3,299405226347.044,3690389.01238614,81131.07462171146,11.303821330977604
BEL,Belgium,1984,4,1984.75,1984-Q4,300488314647.31,3694080.88282571,81343.18770450358,11.306432368569187
BEL,Belgium,1985,1,1985.0,1985-Q1,301595288545.734,3693738.95106507,81650.40695655295,11.31020208254483
BEL,Belgium,1985,2,1985.25,1985-Q2,302880108212.135,3700182.24964899,81855.45677942406,11.312710248621343
BEL,Belgium,1985,3,1985.5,1985-Q3,304287043630.809,3711519.94780058,81984.48288311837,11.314285275206839
BEL,Belgium,1985,4,1985.75,1985-Q4,305731685192.064,3723176.12061935,82115.82672624296,11.315886050628707
BEL,Belgium,1986,1,1986.0,1986-Q1,306974687416.883,3729760.96349979,82304.11825878403,11.318176425009627
BEL,Belgium,1986,2,1986.25,1986-Q2,308299242021.067,3730618.31752446,82640.25311108382,11.322252166604462
BEL,Belgium,1986,3,1986.5,1986-Q3,309754651459.885,3733256.09659325,82971.71247977037,11.326255015191874
BEL,Belgium,1986,4,1986.75,1986-Q4,311602883644.778,3733823.28481004,83454.10585242278,11.332052129226822
BEL,Belgium,1987,1,1987.0,1987-Q1,310879933029.975,3737060.60507769,83188.35734362196,11.328862681243601
BEL,Belgium,1987,2,1987.25,1987-Q2,314192521285.865,3750998.67416256,83762.36532688483,11.335739084482908
BEL,Belgium,1987,3,1987.5,1987-Q3,318040677089.266,3759815.87280533,84589.4288041198,11.34556458275274
BEL,Belgium,1987,4,1987.75,1987-Q4,322043209418.731,3791674.46086086,84934.29822179789,11.349633274486727
BEL,Belgium,1988,1,1988.0,1988-Q1,326677887467.037,3821977.07268532,85473.5340517135,11.355962063751637
BEL,Belgium,1988,2,1988.25,1988-Q2,329943723982.006,3821634.33328159,86335.76507009433,11.365999218451957
BEL,Belgium,1988,3,1988.5,1988-Q3,332809109145.05,3834049.79014814,86803.54386639067,11.371402727768812
BEL,Belgium,1988,4,1988.75,1988-Q4,335481597121.078,3852019.84962258,87092.38535049304,11.374724734799507
BEL,Belgium,1989,1,1989.0,1989-Q1,338477056132.856,3866275.38234395,87546.02884175634,11.3799199779389
BEL,Belgium,1989,2,1989.25,1989-Q2,341319322219.566,3882226.41353154,87918.44829809359,11.384164939900984
BEL,Belgium,1989,3,1989.5,1989-Q3,344188813553.904,3900266.23412355,88247.51770599284,11.387900846422525
BEL,Belgium,1989,4,1989.75,1989-Q4,346890544240.696,3914633.99125144,88613.78739773348,11.392042738456478
BEL,Belgium,1990,1,1990.0,1990-Q1,350946997250.826,3921623.24640767,89490.23789378657,11.401884824501526
BEL,Belgium,1990,2,1990.25,1990-Q2,352800915210.935,3933672.71016464,89687.40950392105,11.404085675920054
BEL,Belgium,1990,3,1990.5,1990-Q3,354338112361.604,3940332.3693161,89925.94511084464,11.406741778498526
BEL,Belgium,1990,4,1990.75,1990-Q4,355799600331.287,3940638.71161501,90289.83024568319,11.410780111198784
BEL,Belgium,1991,1,1991.0,1991-Q1,357244147721.62,3942777.04152321,90607.24052091116,11.414289406287192
BEL,Belgium,1991,2,1991.25,1991-Q2,359160520738.431,3946984.95125274,90996.17180563015,11.418572716544103
BEL,Belgium,1991,3,1991.5,1991-Q3,361023830601.983,3950015.01022905,91398.09080903929,11.42297986892035
BEL,Belgium,1991,4,1991.75,1991-Q4,362374700083.087,3944381.54722738,91871.10723043785,11.428141865336544
BEL,Belgium,1992,1,1992.0,1992-Q1,367092968735.185,3943554.52412341,93086.82471349473,11.44128793567267
BEL,Belgium,1992,2,1992.25,1992-Q2,366257610887.871,3947886.79062774,92773.07843714373,11.437911773638243
BEL,Belgium,1992,3,1992.5,1992-Q3,364832391714.794,3942410.03738294,92540.44816631451,11.435401105396254
BEL,Belgium,1992,4,1992.75,1992-Q4,363658644731.011,3926608.63873739,92613.9267212396,11.436194805883506
BEL,Belgium,1993,1,1993.0,1993-Q1,358394533566.785,3919929.77000283,91428.81495209193,11.4233159698155
BEL,Belgium,1993,2,1993.25,1993-Q2,360001620633.834,3920482.80378996,91825.83846199191,11.427649001732398
BEL,Belgium,1993,3,1993.5,1993-Q3,362907515197.768,3913796.85784057,92725.17925163891,11.437395335509214
BEL,Belgium,1993,4,1993.75,1993-Q4,366476885536.059,3905462.93186736,93836.98985995281,11.449314405446636
BEL,Belgium,1994,1,1994.0,1994-Q1,369564200603.802,3898966.0486569,94785.18047909343,11.459368351963038
BEL,Belgium,1994,2,1994.25,1994-Q2,372663045849.214,3894796.55809357,95682.28796823871,11.46878848161008
BEL,Belgium,1994,3,1994.5,1994-Q3,375170482857.353,3898541.41576733,96233.55066589953,11.474533335372119
BEL,Belgium,1994,4,1994.75,1994-Q4,377102291061.644,3906635.72746714,96528.65467089186,11.477595182843976
BEL,Belgium,1995,1,1995.0,1995-Q1,379337325424.247,3914300.0,96910.64185786655,11.48154461494334
BEL,Belgium,1995,2,1995.25,1995-Q2,381270468664.204,3928600.0,97049.95893300514,11.482981165444105
BEL,Belgium,1995,3,1995.5,1995-Q3,384211004045.044,3932000.0,97713.88709182198,11.489798968071396
BEL,Belgium,1995,4,1995.75,1995-Q4,385321419405.351,3934600.0,97931.53545604408,11.492023895710112
BEL,Belgium,1996,1,1996.0,1996-Q1,383599668148.647,3935100.0,97481.55527144087,11.487418462386598
BEL,Belgium,1996,2,1996.25,1996-Q2,386507644304.48,3937000.0,98173.13799961391,11.494487913130511
BEL,Belgium,1996,3,1996.5,1996-Q3,388582201491.855,3940000.0,98624.92423651142,11.499079289950277
BEL,Belgium,1996,4,1996.75,1996-Q4,391670954240.263,3942000.0,99358.43588033054,11.506489155098256
BEL,Belgium,1997,1,1997.0,1997-Q1,395417694908.959,3952400.0,100044.95873620053,11.513374951298116
BEL,Belgium,1997,2,1997.25,1997-Q2,401406648475.885,3960000.0,101365.31527168813,11.526486253159264
BEL,Belgium,1997,3,1997.5,1997-Q3,405054739552.396,3967500.0,102093.19207369779,11.533641322925673
BEL,Belgium,1997,4,1997.75,1997-Q4,407296466492.044,3985700.0,102189.44388489952,11.534583662619625
BEL,Belgium,1998,1,1998.0,1998-Q1,408293167544.119,4003500.0,101984.05583717223,11.532571764726054
BEL,Belgium,1998,2,1998.25,1998-Q2,409607199550.364,4023800.0,101796.11301515086,11.530727199807218
BEL,Belgium,1998,3,1998.5,1998-Q3,410965453787.589,4050300.0,101465.43559429894,11.527473483451663
BEL,Belgium,1998,4,1998.75,1998-Q4,411878569963.527,4067500.0,101260.86538746822,11.525455291680036
BEL,Belgium,1999,1,1999.0,1999-Q1,416095232581.201,4073200.0,102154.38293754321,11.53424050620286
BEL,Belgium,1999,2,1999.25,1999-Q2,421720689128.648,4078800.0,103393.3238032382,11.546295672272123
BEL,Belgium,1999,3,1999.5,1999-Q3,428003161679.218,4094900.0,104521.02900662238,11.557143564655187
BEL,Belgium,1999,4,1999.75,1999-Q4,433052757306.769,4118600.0,105145.62164492036,11.563101541128585
BEL,Belgium,2000,1,2000.0,2000-Q1,436025365954.033,4141400.0,105284.53323852635,11.564421804508717
BEL,Belgium,2000,2,2000.25,2000-Q2,439090306731.914,4159800.0,105555.62929273379,11.566993384803002
BEL,Belgium,2000,3,2000.5,2000-Q3,441291699109.241,4184600.0,105456.12462582828,11.56605026507215
BEL,Belgium,2000,4,2000.75,2000-Q4,445606039401.936,4206600.0,105930.21428277848,11.57053580046
BEL,Belgium,2001,1,2001.0,2001-Q1,445780498532.943,4220600.0,105620.17213972966,11.567604656061997
BEL,Belgium,2001,2,2001.25,2001-Q2,445806254337.799,4227100.0,105463.85331262545,11.566123550560572
BEL,Belgium,2001,3,2001.5,2001-Q3,445125912322.731,4239300.0,104999.86137398415,11.56171430889102
BEL,Belgium,2001,4,2001.75,2001-Q4,444676400634.204,4238100.0,104923.52720186027,11.56098705142813
BEL,Belgium,2002,1,2002.0,2002-Q1,448403702959.612,4241700.0,105713.2053091006,11.568485096023766
BEL,Belgium,2002,2,2002.25,2002-Q2,452174255598.834,4248600.0,106429.0014590298,11.575233388852862
BEL,Belgium,2002,3,2002.5,2002-Q3,454762471007.586,4240300.0,107247.71148446713,11.582896498422436
BEL,Belgium,2002,4,2002.75,2002-Q4,456455064749.358,4239600.0,107664.65344592839,11.586776614717234
BEL,Belgium,2003,1,2003.0,2003-Q1,455157555334.907,4221100.0,107829.13348058729,11.588303155866711
BEL,Belgium,2003,2,2003.25,2003-Q2,456060952339.201,4237200.0,107632.62351062045,11.586479073234155
BEL,Belgium,2003,3,2003.5,2003-Q3,458100520508.658,4245500.0,107902.60758654057,11.588984317650606
BEL,Belgium,2003,4,2003.75,2003-Q4,461282577304.847,4257500.0,108345.87840395702,11.593083966591298
BEL,Belgium,2004,1,2004.0,2004-Q1,468101548130.156,4265800.0,109733.5899784697,11.605810797921647
BEL,Belgium,2004,2,2004.25,2004-Q2,472531546565.413,4273900.0,110562.14384178689,11.613333029567722
BEL,Belgium,2004,3,2004.5,2004-Q3,476829850224.895,4289400.0,111164.69674660676,11.618768135092369
BEL,Belgium,2004,4,2004.75,2004-Q4,478512724795.024,4306700.0,111108.9058432266,11.618266133020132
BEL,Belgium,2005,1,2005.0,2005-Q1,480923079362.693,4332000.0,111016.407978461,11.617433288996002
BEL,Belgium,2005,2,2005.25,2005-Q2,483728032299.102,4341200.0,111427.26257696074,11.621127303437277
BEL,Belgium,2005,3,2005.5,2005-Q3,485815710368.196,4351500.0,111643.27481746432,11.623064020948664
BEL,Belgium,2005,4,2005.75,2005-Q4,489528433936.138,4359000.0,112302.92129757696,11.628955153723696
BEL,Belgium,2006,1,2006.0,2006-Q1,492433008381.895,4368500.0,112723.59125143528,11.63269400599616
BEL,Belgium,2006,2,2006.25,2006-Q2,494114425076.277,4388600.0,112590.44457828852,11.631512129437471
BEL,Belgium,2006,3,2006.5,2006-Q3,498654736109.691,4405800.0,113181.42814237846,11.636747368945041
BEL,Belgium,2006,4,2006.75,2006-Q4,504308378254.906,4422700.0,114027.26349399824,11.644192852240128
BEL,Belgium,2007,1,2007.0,2007-Q1,511362553033.995,4437900.0,115226.245078527,11.654652823158681
BEL,Belgium,2007,2,2007.25,2007-Q2,513626634068.425,4458700.0,115196.49989199206,11.654394643900346
BEL,Belgium,2007,3,2007.5,2007-Q3,517790327200.64,4478700.0,115611.74608717709,11.65799283980916
BEL,Belgium,2007,4,2007.75,2007-Q4,519883836772.721,4505500.0,115388.71085844435,11.65606180208752
BEL,Belgium,2008,1,2008.0,2008-Q1,522028371995.931,4525500.0,115352.63992839046,11.65574914958527
BEL,Belgium,2008,2,2008.25,2008-Q2,522281556417.253,4541200.0,115009.59138933607,11.652770807253049
BEL,Belgium,2008,3,2008.5,2008-Q3,519423633995.386,4560000.0,113908.69166565483,11.643152456143287
BEL,Belgium,2008,4,2008.75,2008-Q4,508148422971.382,4569800.0,111197.08148526895,11.619059414818127
BEL,Belgium,2009,1,2009.0,2009-Q1,503079389000.544,4551300.0,110535.31716224903,11.61309036120285
BEL,Belgium,2009,2,2009.25,2009-Q2,503868585738.022,4539800.0,110989.15937662937,11.617187812251494
BEL,Belgium,2009,3,2009.5,2009-Q3,510888257457.777,4538400.0,112570.12547544883,11.631331643991995
BEL,Belgium,2009,4,2009.75,2009-Q4,514545581747.349,4544600.0,113221.31359137196,11.637099709637567
BEL,Belgium,2010,1,2010.0,2010-Q1,516542385561.573,4553500.0,113438.538610206,11.639016459191842
BEL,Belgium,2010,2,2010.25,2010-Q2,521256669767.411,4567000.0,114135.46524357588,11.645141313527278
BEL,Belgium,2010,3,2010.5,2010-Q3,523322965658.889,4585100.0,114135.56207255872,11.645142161895851
BEL,Belgium,2010,4,2010.75,2010-Q4,526344170164.373,4598700.0,114454.99166381216,11.647936938792345
BEL,Belgium,2011,1,2011.0,2011-Q1,529958730098.712,4617000.0,114784.2170454217,11.650809271233324
BEL,Belgium,2011,2,2011.25,2011-Q2,531297060034.067,4629800.0,114755.94194869476,11.650562908270137
BEL,Belgium,2011,3,2011.5,2011-Q3,532815680603.415,4637500.0,114892.86913281186,11.651755400403658
BEL,Belgium,2011,4,2011.75,2011-Q4,533707414601.736,4643200.0,114943.87805860958,11.652199271344736
BEL,Belgium,2012,1,2012.0,2012-Q1,533653473199.11,4644300.0,114905.03912303469,11.651861319472518
BEL,Belgium,2012,2,2012.25,2012-Q2,532510984572.378,4645300.0,114634.35829168794,11.649502848901761
BEL,Belgium,2012,3,2012.5,2012-Q3,533424100748.316,4643100.0,114885.33538978612,11.651689826359817
BEL,Belgium,2012,4,2012.75,2012-Q4,532781663502.659,4639300.0,114840.95952032828,11.651303489479861
BEL,Belgium,2013,1,2013.0,2013-Q1,530675519007.441,4633400.0,114532.63672625739,11.648615098271673
BEL,Belgium,2013,2,2013.25,2013-Q2,534155468414.514,4627500.0,115430.67929000843,11.656425449457002
BEL,Belgium,2013,3,2013.5,2013-Q3,536300489596.306,4631800.0,115786.62498301007,11.659504336440001
BEL,Belgium,2013,4,2013.75,2013-Q4,537753505757.059,4634100.0,116042.7064062189,11.661713561009027
BEL,Belgium,2014,1,2014.0,2014-Q1,540857809180.097,4635800.0,116669.78928773825,11.667102909762773
BEL,Belgium,2014,2,2014.25,2014-Q2,542108666570.657,4645000.0,116708.00141456554,11.66743037988796
BEL,Belgium,2014,3,2014.5,2014-Q3,545741692931.12,4651100.0,117336.04801683902,11.672797302151631
BEL,Belgium,2014,4,2014.75,2014-Q4,547939197639.789,4663000.0,117507.86996349753,11.674260588736143
BEL,Belgium,2015,1,2015.0,2015-Q1,549404848723.679,4668800.0,117675.81578214509,11.675688798747077
BEL,Belgium,2015,2,2015.25,2015-Q2,551959532990.259,4679700.0,117947.6318973992,11.677996007460887
BEL,Belgium,2015,3,2015.5,2015-Q3,552713740709.819,4694200.0,117743.96930463529,11.67626779447056
BEL,Belgium,2015,4,2015.75,2015-Q4,554657089080.003,4706200.0,117856.67610386363,11.677224555922809
BEL,Belgium,2016,1,2016.0,2016-Q1,555288349278.269,4720800.0,117625.9001182573,11.67526452929842
BEL,Belgium,2016,2,2016.25,2016-Q2,558571485459.554,4734600.0,117976.48913520761,11.678240638979071
BEL,Belgium,2016,3,2016.5,2016-Q3,559588110813.499,4755500.0,117671.77180391106,11.675654432741664
BEL,Belgium,2016,4,2016.75,2016-Q4,561647603284.825,4770400.0,117735.95574476458,11.676199732958546
BEL,Belgium,2017,1,2017.0,2017-Q1,565100339011.295,4785900.0,118076.08579604568,11.679084490538642
BEL,Belgium,2017,2,2017.25,2017-Q2,566370634745.143,4810700.0,117731.43923860206,11.676161370907074
BEL,Belgium,2017,3,2017.5,2017-Q3,566029977779.027,4824600.0,117321.63863927103,11.67267449025664
BEL,Belgium,2017,4,2017.75,2017-Q4,570550850469.153,4841400.0,117848.31876505824,11.67715364237417
BEL,Belgium,2018,1,2018.0,2018-Q1,572904347882.706,4861200.0,117852.45369100347,11.677188728605774
BEL,Belgium,2018,2,2018.25,2018-Q2,575805520618.388,4877800.0,118046.15208052563,11.678830946307064
BEL,Belgium,2018,3,2018.5,2018-Q3,578310637109.585,4895300.0,118135.89302179335,11.679590876601914
BEL,Belgium,2018,4,2018.75,2018-Q4,583624594205.847,4910300.0,118857.21731988821,11.68567819723728
BEL,Belgium,2019,1,2019.0,2019-Q1,586022313850.379,4936700.0,118707.29715202039,11.684416054293894
BEL,Belgium,2019,2,2019.25,2019-Q2,589498375588.794,4954200.0,118989.62003730047,11.6867915417119
BEL,Belgium,2019,3,2019.5,2019-Q3,594149971137.53,4974500.0,119439.13380993668,11.690562180093144
BEL,Belgium,2019,4,2019.75,2019-Q4,597420958354.26,4985500.0,119831.70361132485,11.693843567477154
BEL,Belgium,2020,1,2020.0,2020-Q1,581889236108.842,4967300.0,117143.96877757374,11.671158959704751
BEL,Belgium,2020,2,2020.25,2020-Q2,518437138073.534,4928700.0,105187.39993782011,11.563498799658271
BEL,Belgium,2020,3,2020.5,2020-Q3,577973381853.544,4955500.0,116632.70746716658,11.666785023572958
BEL,Belgium,2020,4,2020.75,2020-Q4,575337056545.156,4973300.0,115685.17011745843,11.658627729663745
BEL,Belgium,2021,1,2021.0,2021-Q1,584704880134.059,4987600.0,117231.71066927159,11.67190768837834
BEL,Belgium,2021,2,2021.25,2021-Q2,593662554679.592,5019000.0,118283.03540139312,11.68083563648286
BEL,Belgium,2021,3,2021.5,2021-Q3,605316813397.705,5059500.0,119639.65083460914,11.692239594272634
BEL,Belgium,2021,4,2021.75,2021-Q4,610906309010.07,5086100.0,120112.91736498888,11.69618755736345
BEL,Belgium,2022,1,2022.0,2022-Q1,614385772458.56,5107700.0,120286.18995997417,11.697629098697934
BEL,Belgium,2022,2,2022.25,2022-Q2,621158577218.561,5129500.0,121095.34598275875,11.704333497611595
BEL,Belgium,2022,3,2022.5,2022-Q3,625742138565.79,5142500.0,121680.53253588527,11.709154303451255
BEL,Belgium,2022,4,2022.75,2022-Q4,628039750742.391,5154700.0,121838.27395239122,11.710449820958448
BEL,Belgium,2023,1,2023.0,2023-Q1,630186229799.93,5161400.0,122095.98748400241,11.712562797019928
BEL,Belgium,2023,2,2023.25,2023-Q2,632387136218.675,5171300.0,122287.84565170751,11.714132935311481
BEL,Belgium,2023,3,2023.5,2023-Q3,633639451484.982,5174000.0,122466.07102531544,11.71558929938139
BEL,Belgium,2023,4,2023.75,2023-Q4,635783014791.028,5176300.0,122825.76643375152,11.718522097064207
BEL,Belgium,2024,1,2024.0,2024-Q1,638052927328.444,5182000.0,123128.70075809417,11.720985434941221
BEL,Belgium,2024,2,2024.25,2024-Q2,639171118026.066,5181000.0,123368.2914545582,11.722929400015719
BEL,Belgium,2024,3,2024.5,2024-Q3,640483206197.983,5184000.0,123550.00119559858,11.724401221093798
BEL,Belgium,2024,4,2024.75,2024-Q4,641397294291.085,5190700.0,123566.62767855683,11.72453578494779
BEL,Belgium,2025,1,2025.0,2025-Q1,643930596380.048,5193500.0,123987.79173583286,11.727938385997003
BEL,Belgium,2025,2,2025.25,2025-Q2,645430750523.273,5200900.0,124099.8193626628,11.728841515612773
BEL,Belgium,2025,3,2025.5,2025-Q3,647508630315.293,5206620.99,124362.54368407425,11.730956318161594
BEL,Belgium,2025,4,2025.75,2025-Q4,649156244023.998,5212348.273089,124541.99336133152,11.732398234090319
CAN,Canada,1961,1,1961.0,1961-Q1,326422417561.129,5968072.25603546,54694.78309868331,10.909523610894384
CAN,Canada,1961,2,1961.25,1961-Q2,334687854419.546,6038898.40952032,55422.00443244927,10.922731985797013
CAN,Canada,1961,3,1961.5,1961-Q3,342832202403.749,6073162.90240733,56450.35509715282,10.941116860030172
CAN,Canada,1961,4,1961.75,1961-Q4,347496366447.565,6137286.84051862,56620.5190465239,10.944126725817865
CAN,Canada,1962,1,1962.0,1962-Q1,356743071664.432,6173229.43391512,57788.72719431428,10.964549004399165
CAN,Canada,1962,2,1962.25,1962-Q2,359578345230.298,6237137.84852711,57651.1781465936,10.962165961682553
CAN,Canada,1962,3,1962.5,1962-Q3,364177031586.576,6246579.71124462,58300.22963302814,10.973361311147777
CAN,Canada,1962,4,1962.75,1962-Q4,371323069074.478,6243090.41223698,59477.44539253407,10.993352450635852
CAN,Canada,1963,1,1963.0,1963-Q1,373677574961.981,6263835.01477078,59656.356542088055,10.99635598583994
CAN,Canada,1963,2,1963.25,1963-Q2,379112223027.651,6318307.27680848,60002.18197984654,11.002136206873775
CAN,Canada,1963,3,1963.5,1963-Q3,381993241279.332,6415867.60265917,59538.82856326526,10.994383959590614
CAN,Canada,1963,4,1963.75,1963-Q4,393947852505.483,6498259.17587275,60623.59808118514,11.012439503538351
CAN,Canada,1964,1,1964.0,1964-Q1,403809868594.284,6558723.59692733,61568.36198791229,11.027903413489518
CAN,Canada,1964,2,1964.25,1964-Q2,405322134090.029,6583112.36802279,61569.98565889067,11.027929784981575
CAN,Canada,1964,3,1964.5,1964-Q3,409648146240.669,6619713.40199893,61883.06371646983,11.033001814070149
CAN,Canada,1964,4,1964.75,1964-Q4,411703069283.82,6675574.18902313,61673.05727210659,11.029602441462552
CAN,Canada,1965,1,1965.0,1965-Q1,424799503746.083,6779333.33333333,62660.95541539235,11.045493812002329
CAN,Canada,1965,2,1965.25,1965-Q2,428688698994.927,6825333.33333333,62808.463419846725,11.047845111207875
CAN,Canada,1965,3,1965.5,1965-Q3,434671386335.745,6880666.66666667,63172.85917097347,11.053630044400427
CAN,Canada,1965,4,1965.75,1965-Q4,445324516402.747,6962666.66666667,63958.90220261588,11.065996002989081
CAN,Canada,1966,1,1966.0,1966-Q1,453989995023.384,7160000.0,63406.42388594748,11.057320458414676
CAN,Canada,1966,2,1966.25,1966-Q2,463790121243.142,7198000.0,64433.192726193665,11.073384194314762
CAN,Canada,1966,3,1966.5,1966-Q3,463568573451.06,7272666.66666667,63741.21002627094,11.062586571573236
CAN,Canada,1966,4,1966.75,1966-Q4,469313567816.569,7338000.0,63956.60504450381,11.065960086184907
CAN,Canada,1967,1,1967.0,1967-Q1,468256058315.096,7402333.33333333,63257.899533718584,11.054975292604917
CAN,Canada,1967,2,1967.25,1967-Q2,478011336803.663,7415000.0,64465.453378781254,11.073884752764926
CAN,Canada,1967,3,1967.5,1967-Q3,479518220571.666,7497333.33333333,63958.50354414897,11.065989769928544
CAN,Canada,1967,4,1967.75,1967-Q4,481607227890.521,7487333.33333333,64322.9313361038,11.071671477069719
CAN,Canada,1968,1,1968.0,1968-Q1,485712589203.704,7477333.33333333,64957.99605969653,11.081496125525003
CAN,Canada,1968,2,1968.25,1968-Q2,498770454617.142,7536666.66666667,66179.18460200909,11.100121260487175
CAN,Canada,1968,3,1968.5,1968-Q3,505717368178.558,7628000.0,66297.5050050548,11.10190754356623
CAN,Canada,1968,4,1968.75,1968-Q4,512719892926.649,7727333.33333333,66351.46573979585,11.102721130545678
CAN,Canada,1969,1,1969.0,1969-Q1,519739459812.593,7815666.66666667,66499.6963124399,11.10495265990329
CAN,Canada,1969,2,1969.25,1969-Q2,521877799635.758,7851333.33333333,66469.95834708646,11.104505370393133
CAN,Canada,1969,3,1969.5,1969-Q3,527667641732.458,7821666.66666667,67462.3023736362,11.119324237497166
CAN,Canada,1969,4,1969.75,1969-Q4,535124025520.198,7844000.0,68220.80896483912,11.13050491407939
CAN,Canada,1970,1,1970.0,1970-Q1,538431097218.188,7860666.66666667,68496.87438107723,11.134543393735935
CAN,Canada,1970,2,1970.25,1970-Q2,538475944949.379,7916000.0,68023.74241401958,11.127612076365814
CAN,Canada,1970,3,1970.5,1970-Q3,544048724027.116,7932666.66666667,68583.33356086005,11.135804833188729
CAN,Canada,1970,4,1970.75,1970-Q4,544874819235.646,7972333.33333333,68345.7146676815,11.132334143298216
CAN,Canada,1971,1,1971.0,1971-Q1,542071836036.237,8007666.66666667,67694.10598629274,11.122754394346588
CAN,Canada,1971,2,1971.25,1971-Q2,557899497328.004,8023666.66666667,69531.73910448304,11.149538605069676
CAN,Canada,1971,3,1971.5,1971-Q3,573317250356.689,8146000.0,70380.21732834385,11.1616674987984
CAN,Canada,1971,4,1971.75,1971-Q4,579583375358.632,8233666.66666667,70391.89207221956,11.161833366084926
CAN,Canada,1972,1,1972.0,1972-Q1,577644159461.953,8277333.33333333,69786.2628215955,11.153192461667754
CAN,Canada,1972,2,1972.25,1972-Q2,594019860028.868,8300333.33333333,71565.7837069437,11.178372357539194
CAN,Canada,1972,3,1972.5,1972-Q3,595782375864.656,8368000.0,71197.70266069025,11.173215830877966
CAN,Canada,1972,4,1972.75,1972-Q4,609776661905.354,8428666.66666667,72345.56615186512,11.189209446862659
CAN,Canada,1973,1,1973.0,1973-Q1,625426726181.606,8611666.66666667,72625.5149427063,11.193071584562208
CAN,Canada,1973,2,1973.25,1973-Q2,631393268339.196,8774333.33333333,71959.11579294111,11.183853400509005
CAN,Canada,1973,3,1973.5,1973-Q3,634329000822.929,8760333.33333333,72409.23109732459,11.190089071590464
CAN,Canada,1973,4,1973.75,1973-Q4,646028876935.918,8890000.0,72669.16500966456,11.193672433379051
CAN,Canada,1974,1,1974.0,1974-Q1,651375623448.455,9019333.33333333,72219.93016281194,11.187471327824777
CAN,Canada,1974,2,1974.25,1974-Q2,658057038441.222,9082000.0,72457.28236525237,11.190752458435933
CAN,Canada,1974,3,1974.5,1974-Q3,658183509043.18,9169333.33333333,71780.95561762182,11.181374477759006
CAN,Canada,1974,4,1974.75,1974-Q4,654754451516.35,9227666.66666667,70955.58120684352,11.169809343438578
CAN,Canada,1975,1,1975.0,1975-Q1,651187262977.455,9158333.33333333,71103.24982465389,11.171888322547801
CAN,Canada,1975,2,1975.25,1975-Q2,659541498343.629,9252666.66666667,71281.23405976246,11.174388374842222
CAN,Canada,1975,3,1975.5,1975-Q3,672194837221.729,9296000.0,72310.11588013436,11.188719313714172
CAN,Canada,1975,4,1975.75,1975-Q4,679973227719.417,9417000.0,72206.99030682989,11.187292138848449
CAN,Canada,1976,1,1976.0,1976-Q1,691822895254.583,9666900.0,71566.15825699894,11.178377591172582
CAN,Canada,1976,2,1976.25,1976-Q2,706741941512.429,9737533.33333333,72579.1550405403,11.192433038932146
CAN,Canada,1976,3,1976.5,1976-Q3,710005062433.853,9778400.0,72609.5335058755,11.192851507699688
CAN,Canada,1976,4,1976.75,1976-Q4,711152267397.707,9824700.0,72384.12036985425,11.189742222408956
CAN,Canada,1977,1,1977.0,1977-Q1,722060132577.872,9869733.33333333,73159.03157578106,11.200390865344762
CAN,Canada,1977,2,1977.25,1977-Q2,725744822172.487,9903833.33333333,73279.18370050189,11.202031859827752
CAN,Canada,1977,3,1977.5,1977-Q3,730010738363.331,9928333.33333333,73528.02467987221,11.205421900690595
CAN,Canada,1977,4,1977.75,1977-Q4,741578762146.62,9980233.33333333,74304.75194099873,11.215930184798008
CAN,Canada,1978,1,1978.0,1978-Q1,747983018160.63,10060266.6666667,74350.21783656771,11.21654188176387
CAN,Canada,1978,2,1978.25,1978-Q2,753074132605.38,10161000.0,74114.17504235607,11.213362089107575
CAN,Canada,1978,3,1978.5,1978-Q3,760099081219.068,10282666.6666667,73920.42413307821,11.21074444403014
CAN,Canada,1978,4,1978.75,1978-Q4,767306111621.388,10394766.6666667,73816.57869069232,11.209338628865305
CAN,Canada,1979,1,1979.0,1979-Q1,773427826928.897,10503000.0,73638.75339701961,11.206926706863419
CAN,Canada,1979,2,1979.25,1979-Q2,783688090870.67,10605866.6666667,73891.94259189891,11.210359069759194
CAN,Canada,1979,3,1979.5,1979-Q3,789433085236.179,10733566.6666667,73548.06745532021,11.205694450433809
CAN,Canada,1979,4,1979.75,1979-Q4,794729602289.782,10836733.3333333,73336.63917383939,11.202815615293597
CAN,Canada,1980,1,1980.0,1980-Q1,800247667135.466,10894433.3333333,73454.73074647924,11.204424587240382
CAN,Canada,1980,2,1980.25,1980-Q2,799897854832.18,10922233.3333333,73235.74130127682,11.20143884992794
CAN,Canada,1980,3,1980.5,1980-Q3,799233211455.936,10985733.3333333,72751.92171567412,11.194810600020586
CAN,Canada,1980,4,1980.75,1980-Q4,810291765012.901,11116700.0,72889.5953846826,11.19670118332069
CAN,Canada,1981,1,1981.0,1981-Q1,827748295901.508,11256166.6666667,73537.31695824562,11.205548270075555
CAN,Canada,1981,2,1981.25,1981-Q2,836798568055.76,11345733.3333333,73754.47170058898,11.208496905592272
CAN,Canada,1981,3,1981.5,1981-Q3,829274912671.234,11339633.3333333,73130.6637784793,11.200003034915714
CAN,Canada,1981,4,1981.75,1981-Q4,825461061610.79,11275866.6666667,73205.9970211414,11.201032623111935
CAN,Canada,1982,1,1982.0,1982-Q1,816014335512.814,11171000.0,73047.56382712505,11.198866067233626
CAN,Canada,1982,2,1982.25,1982-Q2,806619632783.019,11012933.3333333,73242.94158229308,11.201537161585039
CAN,Canada,1982,3,1982.5,1982-Q3,799466419658.127,10845533.3333333,73713.88709866391,11.2079464878175
CAN,Canada,1982,4,1982.75,1982-Q4,792088967877.283,10775133.3333333,73510.82751124058,11.205187987429525
CAN,Canada,1983,1,1983.0,1983-Q1,805033817008.121,10831400.0,74324.07786695358,11.216190241021135
CAN,Canada,1983,2,1983.25,1983-Q2,820915295577.317,10968833.3333333,74840.71191806963,11.223117292877117
CAN,Canada,1983,3,1983.5,1983-Q3,830137783019.34,11124733.3333333,74620.91522966925,11.220176111905898
CAN,Canada,1983,4,1983.75,1983-Q4,840458142920.908,11170900.0,75236.38587051249,11.22839024757908
CAN,Canada,1984,1,1984.0,1984-Q1,855014819510.735,11192800.0,76389.71655981836,11.243603366092842
CAN,Canada,1984,2,1984.25,1984-Q2,871607583096.613,11252833.3333333,77456.72198971656,11.257474633424462
CAN,Canada,1984,3,1984.5,1984-Q3,875355059514.895,11359900.0,77056.58144128865,11.252295254897756
CAN,Canada,1984,4,1984.75,1984-Q4,889016575390.158,11403033.3333333,77963.16553696185,11.263991757427242
CAN,Canada,1985,1,1985.0,1985-Q1,902675400401.55,11506466.6666667,78449.39950302272,11.27020910361337
CAN,Canada,1985,2,1985.25,1985-Q2,905578842518.826,11604066.6666667,78039.7828220127,11.264974011827135
CAN,Canada,1985,3,1985.5,1985-Q3,917075109932.21,11705500.0,78345.65887251377,11.268885839389084
CAN,Canada,1985,4,1985.75,1985-Q4,931056838608.174,11811166.6666667,78828.52430114197,11.275030193862774
CAN,Canada,1986,1,1986.0,1986-Q1,930585040476.05,11915900.0,78096.07671061775,11.265695100386969
CAN,Canada,1986,2,1986.25,1986-Q2,935933580897.834,12000733.3333333,77989.6990376563,11.26433203333077
CAN,Canada,1986,3,1986.5,1986-Q3,937110385364.274,12025666.6666667,77925.85736321796,11.263513106990384
CAN,Canada,1986,4,1986.75,1986-Q4,930326717544.392,12073766.6666667,77053.56109894367,11.252256057706767
CAN,Canada,1987,1,1987.0,1987-Q1,951830307695.635,12138466.6666667,78414.3775184921,11.269762576240671
CAN,Canada,1987,2,1987.25,1987-Q2,964023508851.72,12278200.0,78515.05178704696,11.271045627900406
CAN,Canada,1987,3,1987.5,1987-Q3,978752400729.318,12381200.0,79051.49749049511,11.277854786044466
CAN,Canada,1987,4,1987.75,1987-Q4,991396770061.18,12530033.3333333,79121.63868102367,11.278741677419626
CAN,Canada,1988,1,1988.0,1988-Q1,1005841327323.03,12635700.0,79603.13455709063,11.28480874991507
CAN,Canada,1988,2,1988.25,1988-Q2,1014766922784.57,12684600.0,79999.91507690979,11.289780852116827
CAN,Canada,1988,3,1988.5,1988-Q3,1014917611161.37,12721533.3333333,79779.50334823679,11.287021900173498
CAN,Canada,1988,4,1988.75,1988-Q4,1021882463815.26,12803400.0,79813.3670599419,11.287446276426982
CAN,Canada,1989,1,1989.0,1989-Q1,1033689974483.11,12947066.6666667,79839.70432039489,11.28777620757662
CAN,Canada,1989,2,1989.25,1989-Q2,1037711022061.66,12967166.6666667,80026.04182833496,11.290107383539137
CAN,Canada,1989,3,1989.5,1989-Q3,1041457601525.31,13012800.0,80033.32115496357,11.290198341375003
CAN,Canada,1989,4,1989.75,1989-Q4,1039384739389.69,13053666.6666667,79623.96818694778,11.285070434384824
CAN,Canada,1990,1,1990.0,1990-Q1,1049380401717.43,13120800.0,79978.38559519466,11.289511697090743
CAN,Canada,1990,2,1990.25,1990-Q2,1045170096713.27,13125866.6666667,79626.7494753312,11.285105364065828
CAN,Canada,1990,3,1990.5,1990-Q3,1037679628649.82,13101133.3333333,79205.33302333813,11.279798911688799
CAN,Canada,1990,4,1990.75,1990-Q4,1028440099069.95,12986433.3333333,79193.42229480144,11.279648522520208
CAN,Canada,1991,1,1991.0,1991-Q1,1013644832550.19,12849500.0,78885.93583798513,11.27575823794102
CAN,Canada,1991,2,1991.25,1991-Q2,1018509914429.74,12872300.0,79124.15919685992,11.278773533126005
CAN,Canada,1991,3,1991.5,1991-Q3,1019860728093.19,12867966.6666667,79255.77944921529,11.280435615884475
CAN,Canada,1991,4,1991.75,1991-Q4,1021652843431.57,12831466.6666667,79620.89369608831,11.285031821008877
CAN,Canada,1992,1,1992.0,1992-Q1,1022373994949.11,12768800.0,80068.13443307985,11.290633231595546
CAN,Canada,1992,2,1992.25,1992-Q2,1023539139005.44,12728266.6666667,80414.65234900567,11.29495168170963
CAN,Canada,1992,3,1992.5,1992-Q3,1029083215535.22,12708766.6666667,80974.27882080484,11.30188683780419
CAN,Canada,1992,4,1992.75,1992-Q4,1034946607911.07,12713233.3333333,81407.03318938581,11.30721695107613
CAN,Canada,1993,1,1993.0,1993-Q1,1041517697485.11,12766300.0,81583.36381607121,11.309380645363857
CAN,Canada,1993,2,1993.25,1993-Q2,1051004786541.16,12761566.6666667,82357.03452354262,11.318819154222753
CAN,Canada,1993,3,1993.5,1993-Q3,1061056060055.58,12812733.3333333,82812.62338420498,11.324335785084044
CAN,Canada,1993,4,1993.75,1993-Q4,1065594650452.06,12849200.0,82930.81673972387,11.32576200594039
CAN,Canada,1994,1,1994.0,1994-Q1,1081306604597.36,12891500.0,83877.48552126285,11.337112507471431
CAN,Canada,1994,2,1994.25,1994-Q2,1097092109021.81,12998200.0,84403.38731684464,11.343362813864534
CAN,Canada,1994,3,1994.5,1994-Q3,1111157254477.79,13130200.0,84626.07229728336,11.34599768129865
CAN,Canada,1994,4,1994.75,1994-Q4,1119228949137.46,13224600.0,84632.34798311177,11.34607183637845
CAN,Canada,1995,1,1995.0,1995-Q1,1129512533899.45,13274100.0,85091.45884839274,11.351481943465616
CAN,Canada,1995,2,1995.25,1995-Q2,1129992404623.19,13270966.6666667,85147.70875443792,11.352142777383971
CAN,Canada,1995,3,1995.5,1995-Q3,1131485834071.84,13303200.0,85053.658824331,11.351037616585119
CAN,Canada,1995,4,1995.75,1995-Q4,1136052230061.66,13339600.0,85163.89022621817,11.352332799342848
CAN,Canada,1996,1,1996.0,1996-Q1,1137700832660.22,13383700.0,85006.45058244132,11.350482421798205
CAN,Canada,1996,2,1996.25,1996-Q2,1145800332913.23,13414200.0,85416.97103913987,11.355300084145348
CAN,Canada,1996,3,1996.5,1996-Q3,1155423759072.1,13437133.3333333,85987.3702529882,11.36195570692763
CAN,Canada,1996,4,1996.75,1996-Q4,1164578077962.71,13440000.0,86650.15461032068,11.369634079450535
CAN,Canada,1997,1,1997.0,1997-Q1,1180182397553.15,13547933.3333333,87111.61831963198,11.37494554452617
CAN,Canada,1997,2,1997.25,1997-Q2,1193463604667.92,13632800.0,87543.54238805821,11.3798915758624
CAN,Canada,1997,3,1997.5,1997-Q3,1207612166903.91,13782100.0,87621.78237742506,11.380784903290929
CAN,Canada,1997,4,1997.75,1997-Q4,1219282443514.32,13855833.3333333,87997.77062712381,11.385066759356754
CAN,Canada,1998,1,1998.0,1998-Q1,1236498590563.74,13909566.6666667,88895.55082452152,11.395217373281342
CAN,Canada,1998,2,1998.25,1998-Q2,1237153367439.12,13992233.3333333,88417.1481397387,11.38982121329458
CAN,Canada,1998,3,1998.5,1998-Q3,1248426293151.18,14102066.6666667,88527.89613469258,11.391072991889107
CAN,Canada,1998,4,1998.75,1998-Q4,1265341960401.63,14186100.0,89195.90024049104,11.39859035608237
CAN,Canada,1999,1,1999.0,1999-Q1,1288188291624.72,14271766.6666667,90261.30553503423,11.410464137435863
CAN,Canada,1999,2,1999.25,1999-Q2,1298812719143.76,14347433.3333333,90525.78875736866,11.413390047739972
CAN,Canada,1999,3,1999.5,1999-Q3,1319170898240.39,14452433.3333333,91276.73297740355,11.421651192675055
CAN,Canada,1999,4,1999.75,1999-Q4,1337651751309.39,14558466.6666667,91881.36236710277,11.428253484371629
CAN,Canada,2000,1,2000.0,2000-Q1,1358595641775.38,14674133.3333333,92584.38716031268,11.43587580123861
CAN,Canada,2000,2,2000.25,2000-Q2,1374585651854.05,14735300.0,93285.21657883111,11.443416923893183
CAN,Canada,2000,3,2000.5,2000-Q3,1388675912039.5,14777633.3333333,93971.46895688098,11.450746493444788
CAN,Canada,2000,4,2000.75,2000-Q4,1391422387097.61,14875566.6666667,93537.4374823328,11.446117036018302
CAN,Canada,2001,1,2001.0,2001-Q1,1399254594872.72,14889000.0,93979.08488634025,11.450827535285928
CAN,Canada,2001,2,2001.25,2001-Q2,1403655054257.14,14930333.3333333,94013.64476728425,11.451195207816637
CAN,Canada,2001,3,2001.5,2001-Q3,1402668404170.95,14955866.6666667,93787.16963940217,11.448783341410378
CAN,Canada,2001,4,2001.75,2001-Q4,1411080941587.67,14977600.0,94212.7538182132,11.45331084225146
CAN,Canada,2002,1,2002.0,2002-Q1,1431713588799.19,15060733.3333333,95062.67438056534,11.462291683378037
CAN,Canada,2002,2,2002.25,2002-Q2,1440172767856.35,15224766.6666667,94594.07814830312,11.457350154225432
CAN,Canada,2002,3,2002.5,2002-Q3,1452626085853.34,15378766.6666667,94456.60483307095,11.455895799897847
CAN,Canada,2002,4,2002.75,2002-Q4,1460604497232.14,15470333.3333333,94413.25314465168,11.455436735760829
CAN,Canada,2003,1,2003.0,2003-Q1,1468730906123.87,15585166.6666667,94239.02467884208,11.453589649498689
CAN,Canada,2003,2,2003.25,2003-Q2,1466600638892.32,15598366.6666667,94022.70572510692,11.451291582350667
CAN,Canada,2003,3,2003.5,2003-Q3,1472083722507.67,15654000.0,94038.82218651271,11.451462977974474
CAN,Canada,2003,4,2003.75,2003-Q4,1482203164573.51,15776366.6666667,93950.8567397335,11.450527123903104
CAN,Canada,2004,1,2004.0,2004-Q1,1492980971333.22,15827633.3333333,94327.49292902643,11.454527973627465
CAN,Canada,2004,2,2004.25,2004-Q2,1510670710424.02,15902500.0,94995.80005810533,11.46158795969071
CAN,Canada,2004,3,2004.5,2004-Q3,1528531767847.96,15953966.6666667,95808.88563855323,11.470110711625951
CAN,Canada,2004,4,2004.75,2004-Q4,1539563412766.21,16006900.0,96181.2351402339,11.473989556714614
CAN,Canada,2005,1,2005.0,2005-Q1,1544955007009.94,16042533.3333333,96303.68065371698,11.475261817759012
CAN,Canada,2005,2,2005.25,2005-Q2,1556121195121.76,16083600.0,96752.04525863365,11.47990675029271
CAN,Canada,2005,3,2005.5,2005-Q3,1574979666087.38,16167000.0,97419.41399686893,11.48678079211835
CAN,Canada,2005,4,2005.75,2005-Q4,1590621657772.02,16228400.0,98014.69385595746,11.492872683718923
CAN,Canada,2006,1,2006.0,2006-Q1,1603536010445.65,16300166.6666667,98375.43647482009,11.496546422556825
CAN,Canada,2006,2,2006.25,2006-Q2,1604337887879.34,16422133.3333333,97693.63427484107,11.489591680072328
CAN,Canada,2006,3,2006.5,2006-Q3,1608854054410.23,16448033.3333333,97814.37219912208,11.490826800227328
CAN,Canada,2006,4,2006.75,2006-Q4,1615261001288.11,16508200.0,97845.97965181607,11.49114988513104
CAN,Canada,2007,1,2007.0,2007-Q1,1625569700779.57,16638733.3333333,97697.9237670079,11.489635586699722
CAN,Canada,2007,2,2007.25,2007-Q2,1641268200605.5,16689633.3333333,98340.57871885561,11.496192025826138
CAN,Canada,2007,3,2007.5,2007-Q3,1647417721506.35,16816633.3333333,97963.58693513882,11.492351126720148
CAN,Canada,2007,4,2007.75,2007-Q4,1649582969968.23,16898533.3333333,97616.93144779232,11.488806235304317
CAN,Canada,2008,1,2008.0,2008-Q1,1650820767349.09,16957266.6666667,97351.81971243912,11.486086703100622
CAN,Canada,2008,2,2008.25,2008-Q2,1656835745056.37,16984933.3333333,97547.37993612222,11.488093487014208
CAN,Canada,2008,3,2008.5,2008-Q3,1670450619291.19,17003200.0,98243.30827674731,11.495202418269454
CAN,Canada,2008,4,2008.75,2008-Q4,1651068326825.26,17008500.0,97073.12971897934,11.483219888063298
CAN,Canada,2009,1,2009.0,2009-Q1,1613810625661.41,16787833.3333333,96129.77408210788,11.47345437092819
CAN,Canada,2009,2,2009.25,2009-Q2,1596402530322.48,16728066.6666667,95432.5782012552,11.466175289720937
CAN,Canada,2009,3,2009.5,2009-Q3,1603542289128.02,16716433.3333333,95926.10200708822,11.471333403264834
CAN,Canada,2009,4,2009.75,2009-Q4,1622173830573.82,16791800.0,96605.11860395074,11.478387006415353
CAN,Canada,2010,1,2010.0,2010-Q1,1641827003336.14,16834900.0,97525.20082306043,11.487866093568435
CAN,Canada,2010,2,2010.25,2010-Q2,1650424313405.37,16966633.3333333,97274.70859895836,11.485294302206617
CAN,Canada,2010,3,2010.5,2010-Q3,1661977985914.67,17052333.3333333,97463.37661989601,11.487231962010096
CAN,Canada,2010,4,2010.75,2010-Q4,1680622084725.21,17083700.0,98375.76665038662,11.496549778831769
CAN,Canada,2011,1,2011.0,2011-Q1,1693421627206.99,17178566.6666667,98577.58566626551,11.498599188848333
CAN,Canada,2011,2,2011.25,2011-Q2,1696495490702.79,17209433.3333333,98579.39293194585,11.498617522114477
CAN,Canada,2011,3,2011.5,2011-Q3,1719707779412.39,17265933.3333333,99601.20580868647,11.508929550012322
CAN,Canada,2011,4,2011.75,2011-Q4,1733374677015.4,17252533.3333333,100470.7334004322,11.51762175412547
CAN,Canada,2012,1,2012.0,2012-Q1,1734468961656.44,17284566.6666667,100347.84181204638,11.5163978473868
CAN,Canada,2012,2,2012.25,2012-Q2,1740107218421.72,17414366.6666667,99923.65796181983,11.512161753034691
CAN,Canada,2012,3,2012.5,2012-Q3,1742488632947.94,17486766.6666667,99646.13048045493,11.509380493782679
CAN,Canada,2012,4,2012.75,2012-Q4,1746074657533.93,17572166.6666667,99365.9285537124,11.506564562795814
CAN,Canada,2013,1,2013.0,2013-Q1,1761704091853.84,17629066.6666667,99931.784544493,11.512243077641875
CAN,Canada,2013,2,2013.25,2013-Q2,1771849545603.76,17671966.6666667,100263.29151841749,11.515554920105233
CAN,Canada,2013,3,2013.5,2013-Q3,1786419676512.94,17662533.3333333,101141.75825171985,11.52427835881864
CAN,Canada,2013,4,2013.75,2013-Q4,1805115798691.66,17674866.6666667,102128.96270928907,11.533991633948443
CAN,Canada,2014,1,2014.0,2014-Q1,1808166341367.24,17676166.6666667,102294.03102297273,11.535606602465894
CAN,Canada,2014,2,2014.25,2014-Q2,1824648779534.39,17699800.0,103088.66651229901,11.543344736826821
CAN,Canada,2014,3,2014.5,2014-Q3,1842139394698.7,17750533.3333333,103779.38285602894,11.55002260624794
CAN,Canada,2014,4,2014.75,2014-Q4,1854871665583.7,17796133.3333333,104228.91483451669,11.554344863420576
CAN,Canada,2015,1,2015.0,2015-Q1,1844544130045.14,17831466.6666667,103443.20882438926,11.546778034082047
CAN,Canada,2015,2,2015.25,2015-Q2,1839508626787.06,17833266.6666667,103150.40206432863,11.543943416352477
CAN,Canada,2015,3,2015.5,2015-Q3,1846095861544.33,17880833.3333333,103244.39734600365,11.54485424635829
CAN,Canada,2015,4,2015.75,2015-Q4,1847319307651.21,17879700.0,103319.3682025543,11.545580132233225
CAN,Canada,2016,1,2016.0,2016-Q1,1858249596696.97,17884466.6666667,103902.991983563,11.551212973434616
CAN,Canada,2016,2,2016.25,2016-Q2,1848993024979.24,17940533.3333333,103062.32209629091,11.543089153127424
CAN,Canada,2016,3,2016.5,2016-Q3,1868181575246.43,17989966.6666667,103845.74968156841,11.550661900990235
CAN,Canada,2016,4,2016.75,2016-Q4,1878662490025.66,18077066.6666667,103925.18458151339,11.551426540222348
CAN,Canada,2017,1,2017.0,2017-Q1,1902299935226.94,18210200.0,104463.42902477403,11.556592327650776
CAN,Canada,2017,2,2017.25,2017-Q2,1922322653294.27,18318633.3333333,104938.10418686294,11.561125971391057
CAN,Canada,2017,3,2017.5,2017-Q3,1922926303756.1,18431933.3333333,104325.80614202726,11.555274032647988
CAN,Canada,2017,4,2017.75,2017-Q4,1932682479199.29,18548433.3333333,104196.5347944549,11.554034152416905
CAN,Canada,2018,1,2018.0,2018-Q1,1955150295571.13,18592400.0,105158.57530878906,11.563224730908654
CAN,Canada,2018,2,2018.25,2018-Q2,1970401215039.79,18637433.3333333,105722.77736954804,11.568575639367738
CAN,Canada,2018,3,2018.5,2018-Q3,1980340369226.23,18755366.6666667,105587.93141302984,11.567299357861712
CAN,Canada,2018,4,2018.75,2018-Q4,1985005430224.67,18859033.3333333,105254.88741335312,11.564140186697882
CAN,Canada,2019,1,2019.0,2019-Q1,1989782610551.09,18939700.0,105058.82408650032,11.562275701665
CAN,Canada,2019,2,2019.25,2019-Q2,2011566050544.96,19066533.3333333,105502.45371706954,11.566489489609497
CAN,Canada,2019,3,2019.5,2019-Q3,2017190852990.88,19116366.6666667,105521.66571005697,11.566671572994967
CAN,Canada,2019,4,2019.75,2019-Q4,2022950198630.37,19138066.6666667,105702.95494653063,11.568388127442313
CAN,Canada,2020,1,2020.0,2020-Q1,1983503928184.41,18821933.3333333,105382.58174954115,11.565352642889449
CAN,Canada,2020,2,2020.25,2020-Q2,1765319715942.42,16655300.0,105991.46913849765,11.571113890030036
CAN,Canada,2020,3,2020.5,2020-Q3,1925672778814.21,18193566.6666667,105843.61022197624,11.56971790839206
CAN,Canada,2020,4,2020.75,2020-Q4,1961844267928.63,18619366.6666667,105365.7894519484,11.565193284147718
CAN,Canada,2021,1,2021.0,2021-Q1,1995265694166.45,18632366.6666667,107086.00414868283,11.581387567678723
CAN,Canada,2021,2,2021.25,2021-Q2,1992927333462.17,18730600.0,106399.54584808655,11.574956587535521
CAN,Canada,2021,3,2021.5,2021-Q3,2033075022423.95,19116433.3333333,106352.21471355119,11.574511645174608
CAN,Canada,2021,4,2021.75,2021-Q4,2069475234967.44,19411400.0,106611.33328700866,11.57694510107595
CAN,Canada,2022,1,2022.0,2022-Q1,2094001562200.92,19527400.0,107234.01795430625,11.5827688089431
CAN,Canada,2022,2,2022.25,2022-Q2,2115531164036.26,19741300.0,107162.70782756252,11.582103592353496
CAN,Canada,2022,3,2022.5,2022-Q3,2126429162715.56,19788266.6666667,107459.0917201215,11.584865511986916
CAN,Canada,2022,4,2022.75,2022-Q4,2123515854097.42,19935033.3333333,106521.81105444637,11.57610504179654
CAN,Canada,2023,1,2023.0,2023-Q1,2152279394973.79,20160300.0,106758.30195849219,11.578322698169904
CAN,Canada,2023,2,2023.25,2023-Q2,2155349670651.09,20279133.3333333,106284.11161478434,11.573871085753069
CAN,Canada,2023,3,2023.5,2023-Q3,2150488176590.04,20409833.3333333,105365.29825933791,11.56518862235229
CAN,Canada,2023,4,2023.75,2023-Q4,2149664772245.38,20515066.6666667,104784.6837240943,11.559662892517611
CAN,Canada,2024,1,2024.0,2024-Q1,2153464272031.84,20599766.6666667,104538.28467467285,11.557308643816558
CAN,Canada,2024,2,2024.25,2024-Q2,2167062104128.82,20704900.0,104664.21495051027,11.558512551908223
CAN,Canada,2024,3,2024.5,2024-Q3,2179980941575.56,20744933.3333333,105084.98179035992,11.562524652176633
CAN,Canada,2024,4,2024.75,2024-Q4,2191096003273.83,20842133.3333333,105128.20200461727,11.562935855832713
CAN,Canada,2025,1,2025.0,2025-Q1,2202147381193.8,20983266.6666667,104947.78607050997,11.561218229938232
CAN,Canada,2025,2,2025.25,2025-Q2,2193384134519.17,21002866.6666667,104432.60766875472,11.556297239656471
CAN,Canada,2025,3,2025.5,2025-Q3,2194209061247.54,20996866.6666667,104501.73809651932,11.556958982751262
CAN,Canada,2025,4,2025.75,2025-Q4,2200456844347.8,21017863.5333334,104694.601373635,11.558802832717712
CHE,Switzerland,1970,1,1970.0,1970-Q1,356252800447.33,3078454.92709329,115724.5465288354,11.658968047368013
CHE,Switzerland,1970,2,1970.25,1970-Q2,360315333065.303,3080777.01109112,116955.992520111,11.669553010717651
CHE,Switzerland,1970,3,1970.5,1970-Q3,364098692149.718,3081676.54723916,118149.54832813652,11.679706459739668
CHE,Switzerland,1970,4,1970.75,1970-Q4,367648183278.235,3093088.84442765,118861.17786127323,11.685711518523858
CHE,Switzerland,1971,1,1971.0,1971-Q1,372151931880.642,3109579.05005962,119679.1996246266,11.692570105557488
CHE,Switzerland,1971,2,1971.25,1971-Q2,375363298145.872,3123661.50828377,120167.72532825025,11.696643756944054
CHE,Switzerland,1971,3,1971.5,1971-Q3,378438879081.269,3139776.61671409,120530.51069515938,11.69965820065264
CHE,Switzerland,1971,4,1971.75,1971-Q4,381386146157.572,3136674.47867068,121589.32932026888,11.708404492363325
CHE,Switzerland,1972,1,1972.0,1972-Q1,384703149063.369,3158038.4818408,121817.11884623017,11.710276173201498
CHE,Switzerland,1972,2,1972.25,1972-Q2,387441425571.641,3168087.56084177,122295.04965724392,11.714191843809798
CHE,Switzerland,1972,3,1972.5,1972-Q3,390225139060.737,3176685.50173737,122840.34376311972,11.718640773013231
CHE,Switzerland,1972,4,1972.75,1972-Q4,393213097429.101,3170571.61611782,124019.62328501746,11.728195084365128
CHE,Switzerland,1973,1,1973.0,1973-Q1,396249184209.028,3192637.41534012,124113.43120428054,11.728951194218572
CHE,Switzerland,1973,2,1973.25,1973-Q2,399897367120.311,3194018.10235266,125201.97265812404,11.737683493579313
CHE,Switzerland,1973,3,1973.5,1973-Q3,402878085140.481,3197308.9847792,126005.36484224186,11.744079763140224
CHE,Switzerland,1973,4,1973.75,1973-Q4,404002012702.269,3194467.40830316,126469.2861326975,11.747754760299678
CHE,Switzerland,1974,1,1974.0,1974-Q1,417000288723.402,3179018.93972298,131172.63427179816,11.7842695534908
CHE,Switzerland,1974,2,1974.25,1974-Q2,411347720581.743,3194121.02689495,128782.75967570957,11.765882230243758
CHE,Switzerland,1974,3,1974.5,1974-Q3,403300756770.687,3190333.20329648,126413.36533562322,11.747312493519722
CHE,Switzerland,1974,4,1974.75,1974-Q4,394700443213.759,3184802.51511889,123932.4703305896,11.727492102133793
CHE,Switzerland,1975,1,1975.0,1975-Q1,381440137940.732,3135395.44057722,121656.14997210994,11.708953901575091
CHE,Switzerland,1975,2,1975.25,1975-Q2,376854092096.45,3067991.65934909,122834.13188170269,11.718590202994493
CHE,Switzerland,1975,3,1975.5,1975-Q3,374824810879.742,3010618.98021868,124500.91271679824,11.732068325918648
CHE,Switzerland,1975,4,1975.75,1975-Q4,374780316817.002,2976627.08738855,125907.71561707574,11.743304501848678
CHE,Switzerland,1976,1,1976.0,1976-Q1,368119485813.639,2973038.16628434,123819.29367348464,11.726578472594706
CHE,Switzerland,1976,2,1976.25,1976-Q2,370342440972.725,2963155.0103885,124982.47296356234,11.735928790161713
CHE,Switzerland,1976,3,1976.5,1976-Q3,372917094873.244,2957220.44252565,126103.92161185984,11.744861620691168
CHE,Switzerland,1976,4,1976.75,1976-Q4,375354314049.875,2965004.70917744,126594.8458321359,11.748747075637032
CHE,Switzerland,1977,1,1977.0,1977-Q1,379956176030.933,2973112.12139089,127797.45953650103,11.758201942296859
CHE,Switzerland,1977,2,1977.25,1977-Q2,380813051097.922,2967534.42880352,128326.41380725682,11.762332404763152
CHE,Switzerland,1977,3,1977.5,1977-Q3,381036645449.692,2973020.22639955,128164.83455652202,11.761072484410002
CHE,Switzerland,1977,4,1977.75,1977-Q4,381109380025.55,2991242.32333783,127408.393847638,11.755152905724067
CHE,Switzerland,1978,1,1978.0,1978-Q1,379752958645.036,2991422.68250387,126947.27524335562,11.75152712367567
CHE,Switzerland,1978,2,1978.25,1978-Q2,380892228620.347,3004182.80928579,126787.30050748799,11.750266162243108
CHE,Switzerland,1978,3,1978.5,1978-Q3,382853854437.718,3005679.1631763,127376.82023025073,11.754905060748735
CHE,Switzerland,1978,4,1978.75,1978-Q4,385646209836.497,3010500.23537926,128100.37524807357,11.760569417217566
CHE,Switzerland,1979,1,1979.0,1979-Q1,384945293553.886,3015208.49572126,127667.88568689153,11.757187527910379
CHE,Switzerland,1979,2,1979.25,1979-Q2,389345271704.449,3023556.79181831,128770.61636745512,11.765787932832868
CHE,Switzerland,1979,3,1979.5,1979-Q3,394127354879.969,3039874.12052765,129652.5248261128,11.772613264946978
CHE,Switzerland,1979,4,1979.75,1979-Q4,398826171045.295,3044207.74569436,131011.48290861004,11.783040254132661
CHE,Switzerland,1980,1,1980.0,1980-Q1,406696931742.601,3069517.95919771,132495.37456653317,11.794303014867257
CHE,Switzerland,1980,2,1980.25,1980-Q2,408760667565.343,3102745.49282998,131741.60385050368,11.788597736482986
CHE,Switzerland,1980,3,1980.5,1980-Q3,410756492107.198,3112473.05308059,131971.09986242262,11.79033823716136
CHE,Switzerland,1980,4,1980.75,1980-Q4,413154218214.016,3101898.13453874,133193.99938175373,11.799561986387126
CHE,Switzerland,1981,1,1981.0,1981-Q1,413237415237.57,3132965.46944209,131899.7669358795,11.78979757172795
CHE,Switzerland,1981,2,1981.25,1981-Q2,417168857653.224,3150052.30417056,132432.35901223193,11.793827296039044
CHE,Switzerland,1981,3,1981.5,1981-Q3,418422806064.482,3169256.0434833,132025.56067530517,11.790750824302002
CHE,Switzerland,1981,4,1981.75,1981-Q4,417772385430.007,3172202.73473925,131697.88325787673,11.78826581514873
CHE,Switzerland,1982,1,1982.0,1982-Q1,414177318766.767,3176738.041069,130378.17831129467,11.778194570232543
CHE,Switzerland,1982,2,1982.25,1982-Q2,412042703856.079,3176587.33371315,129712.38016441923,11.773074818057806
CHE,Switzerland,1982,3,1982.5,1982-Q3,409096775980.581,3168853.022056,129099.32178399136,11.76833732340491
CHE,Switzerland,1982,4,1982.75,1982-Q4,409094998300.403,3174944.18638431,128851.08344732465,11.766412624639065
CHE,Switzerland,1983,1,1983.0,1983-Q1,411209670718.339,3174930.26467296,129517.70163074635,11.771572842909528
CHE,Switzerland,1983,2,1983.25,1983-Q2,412300327431.526,3172721.48412203,129951.62969548197,11.774917580933531
CHE,Switzerland,1983,3,1983.5,1983-Q3,414456137695.295,3180403.15551604,130315.59756079003,11.777714460943416
CHE,Switzerland,1983,4,1983.75,1983-Q4,416850585673.492,3184341.41212703,130906.37331976605,11.782237639175436
CHE,Switzerland,1984,1,1984.0,1984-Q1,420010113828.901,3191603.41455414,131598.46612320267,11.787510642206662
CHE,Switzerland,1984,2,1984.25,1984-Q2,423003468469.79,3203809.82086864,132031.3914123349,11.790794987025116
CHE,Switzerland,1984,3,1984.5,1984-Q3,428950375152.679,3212767.48433063,133514.29172660763,11.80196380522445
CHE,Switzerland,1984,4,1984.75,1984-Q4,432281360659.187,3226695.86298393,133970.28384925905,11.805373292021187
CHE,Switzerland,1985,1,1985.0,1985-Q1,437547711739.038,3239245.6089325,135077.04094202133,11.813600568292888
CHE,Switzerland,1985,2,1985.25,1985-Q2,440836947304.36,3256273.86378395,135380.79588677036,11.815846796954835
CHE,Switzerland,1985,3,1985.5,1985-Q3,442295526842.067,3281989.53898349,134764.4535695432,11.811283745130712
CHE,Switzerland,1985,4,1985.75,1985-Q4,447597404578.466,3295991.90410627,135800.51699181434,11.818942301108429
CHE,Switzerland,1986,1,1986.0,1986-Q1,448643157886.139,3301558.86580744,135888.2806944644,11.81958836164865
CHE,Switzerland,1986,2,1986.25,1986-Q2,450800546267.678,3333252.44751849,135243.4456631948,11.814831734633868
CHE,Switzerland,1986,3,1986.5,1986-Q3,450868192026.643,3342670.45882584,134882.6327872646,11.812160292523714
CHE,Switzerland,1986,4,1986.75,1986-Q4,450448843492.778,3366905.08394392,133787.21177525204,11.804005844942946
CHE,Switzerland,1987,1,1987.0,1987-Q1,451193249127.132,3381375.81025399,133434.81306008424,11.801368345884473
CHE,Switzerland,1987,2,1987.25,1987-Q2,454278457196.423,3406206.04908695,133367.87341981105,11.800866554522766
CHE,Switzerland,1987,3,1987.5,1987-Q3,460492452342.699,3418935.04884495,134688.85654855345,11.81072263105169
CHE,Switzerland,1987,4,1987.75,1987-Q4,463158667234.345,3432886.52132434,134918.14085822666,11.812423509494423
CHE,Switzerland,1988,1,1988.0,1988-Q1,465400093857.114,3453405.64752552,134765.54490220072,11.811291843172961
CHE,Switzerland,1988,2,1988.25,1988-Q2,467719004143.676,3482032.83326147,134323.54792174196,11.808006705352415
CHE,Switzerland,1988,3,1988.5,1988-Q3,473173424409.863,3495573.43421662,135363.60580446626,11.815719813111624
CHE,Switzerland,1988,4,1988.75,1988-Q4,481118066911.786,3510264.51999989,137060.34521632036,11.828176583860708
CHE,Switzerland,1989,1,1989.0,1989-Q1,483383530235.025,3530191.63072571,136928.41091905674,11.827213520198374
CHE,Switzerland,1989,2,1989.25,1989-Q2,491470744129.061,3540915.86152983,138797.6341004398,11.840772281523687
CHE,Switzerland,1989,3,1989.5,1989-Q3,495742300258.517,3585440.70157909,138265.37419519544,11.836930118953546
CHE,Switzerland,1989,4,1989.75,1989-Q4,500348837225.274,3605823.50408865,138761.32224939117,11.84051063007685
CHE,Switzerland,1990,1,1990.0,1990-Q1,510207113170.954,3632159.6953146,140469.35046085916,11.852744597772542
CHE,Switzerland,1990,2,1990.25,1990-Q2,512342307841.213,3645117.33046544,140555.77952432953,11.853359696259997
CHE,Switzerland,1990,3,1990.5,1990-Q3,512055466128.63,3690089.79916538,138765.04204435516,11.840537436863107
CHE,Switzerland,1990,4,1990.75,1990-Q4,509095545264.355,3711001.34165263,137185.49210700046,11.829089246022425
CHE,Switzerland,1991,1,1991.0,1991-Q1,510221320376.41,3677381.99433157,138745.80371657904,11.840398787667223
CHE,Switzerland,1991,2,1991.25,1991-Q2,504920630696.959,3771451.11720724,133879.66992154808,11.804696689842302
CHE,Switzerland,1991,3,1991.5,1991-Q3,504515216782.451,3763116.79731948,134068.4448438656,11.80610573094502
CHE,Switzerland,1991,4,1991.75,1991-Q4,505519217635.016,3773114.9921199,133979.27672249218,11.805440415648613
CHE,Switzerland,1992,1,1992.0,1992-Q1,508403582919.971,3795387.42200096,133953.0135903587,11.8052443725947
CHE,Switzerland,1992,2,1992.25,1992-Q2,507967836023.127,3760424.49173421,135082.5783471231,11.813641561873773
CHE,Switzerland,1992,3,1992.5,1992-Q3,504279612121.423,3742574.61706338,134741.36489417736,11.811112404299898
CHE,Switzerland,1992,4,1992.75,1992-Q4,501749803967.385,3735250.25263036,134328.29664198624,11.808042057577541
CHE,Switzerland,1993,1,1993.0,1993-Q1,500082107916.809,3724608.39683734,134264.34530444635,11.807565861816668
CHE,Switzerland,1993,2,1993.25,1993-Q2,504670279314.899,3734849.33398029,135124.66881148954,11.813953103959705
CHE,Switzerland,1993,3,1993.5,1993-Q3,506594669423.212,3780390.79133247,134005.89975637232,11.805639105996473
CHE,Switzerland,1993,4,1993.75,1993-Q4,509366925646.774,3737691.72715397,136278.47421077357,11.822455675724362
CHE,Switzerland,1994,1,1994.0,1994-Q1,512231988483.92,3717025.73593676,137806.9523521413,11.833609088771894
CHE,Switzerland,1994,2,1994.25,1994-Q2,507970558534.701,3708556.90126776,136972.56697370685,11.82753594369151
CHE,Switzerland,1994,3,1994.5,1994-Q3,512144730953.717,3710928.53412049,138009.86094039617,11.835080417676304
CHE,Switzerland,1994,4,1994.75,1994-Q4,513912028966.878,3724740.33522141,137972.57868079803,11.834810239183238
CHE,Switzerland,1995,1,1995.0,1995-Q1,511934327649.642,3726222.37026178,137386.95031603196,11.830556678394041
CHE,Switzerland,1995,2,1995.25,1995-Q2,513620723284.293,3733344.58516306,137576.56481148518,11.831935876106305
CHE,Switzerland,1995,3,1995.5,1995-Q3,516360138089.828,3697910.14254825,139635.66397911482,11.846791909312596
CHE,Switzerland,1995,4,1995.75,1995-Q4,515251602269.53,3717618.73124151,138597.21491597398,11.839327271134703
CHE,Switzerland,1996,1,1996.0,1996-Q1,519250532526.3,3713880.12410169,139813.48755888987,11.84806458165959
CHE,Switzerland,1996,2,1996.25,1996-Q2,516351975537.132,3763343.54217677,137205.64432936857,11.829236132854604
CHE,Switzerland,1996,3,1996.5,1996-Q3,515543461387.025,3690992.12157309,139676.12078437652,11.847081598525522
CHE,Switzerland,1996,4,1996.75,1996-Q4,517262888389.921,3709922.74481894,139426.86248987258,11.84529545953233
CHE,Switzerland,1997,1,1997.0,1997-Q1,519736838629.016,3653331.27879674,142263.8132067225,11.865438452418097
CHE,Switzerland,1997,2,1997.25,1997-Q2,524726137486.882,3737094.9876821,140410.1686514366,11.852323194243475
CHE,Switzerland,1997,3,1997.5,1997-Q3,532244931958.588,3710720.57467844,143434.3872698393,11.873632978050521
CHE,Switzerland,1997,4,1997.75,1997-Q4,534335867311.96,3728164.41472765,143324.11553555218,11.872863886716567
CHE,Switzerland,1998,1,1998.0,1998-Q1,538782706689.379,3766404.46185557,143049.6145981997,11.870946804299162
CHE,Switzerland,1998,2,1998.25,1998-Q2,545021628947.295,3810657.40983381,143025.61745404042,11.870779036233095
CHE,Switzerland,1998,3,1998.5,1998-Q3,544245789106.038,3819318.06155904,142498.15813555932,11.867084353242813
CHE,Switzerland,1998,4,1998.75,1998-Q4,540728071474.255,3831581.98070523,141123.97286478785,11.857394023230883
CHE,Switzerland,1999,1,1999.0,1999-Q1,543559555411.286,3869878.61262776,140459.0711547392,11.852671416810178
CHE,Switzerland,1999,2,1999.25,1999-Q2,546621611060.775,3844961.57940316,142165.68872597817,11.864748478389592
CHE,Switzerland,1999,3,1999.5,1999-Q3,550861583496.704,3863630.05686855,142576.17199074544,11.867631676161007
CHE,Switzerland,1999,4,1999.75,1999-Q4,563722457280.384,3876815.88227858,145408.6225392419,11.887303144518862
CHE,Switzerland,2000,1,2000.0,2000-Q1,566482705720.0,3914269.10573806,144722.4731916295,11.882573209417552
CHE,Switzerland,2000,2,2000.25,2000-Q2,568174581660.83,3865182.21474417,146998.136205187,11.898175186804217
CHE,Switzerland,2000,3,2000.5,2000-Q3,572740214726.234,3904409.42742334,146690.61361840987,11.896080978569453
CHE,Switzerland,2000,4,2000.75,2000-Q4,579782253328.023,3942438.04724485,147061.85522260785,11.89860856108345
CHE,Switzerland,2001,1,2001.0,2001-Q1,579455951043.616,4007068.10644548,144608.46076250737,11.881785098492355
CHE,Switzerland,2001,2,2001.25,2001-Q2,581823357084.306,3919658.26157119,148437.2662761378,11.907917698649102
CHE,Switzerland,2001,3,2001.5,2001-Q3,581695609041.409,4019672.47173173,144712.19064044952,11.88250215675891
CHE,Switzerland,2001,4,2001.75,2001-Q4,581333166968.854,4007655.52225614,145055.67250989377,11.884872896057502
CHE,Switzerland,2002,1,2002.0,2002-Q1,581779288969.094,3930716.29603899,148008.46592651753,11.905024753316468
CHE,Switzerland,2002,2,2002.25,2002-Q2,584780142873.535,3953601.35389805,147910.7503585235,11.90436433272755
CHE,Switzerland,2002,3,2002.5,2002-Q3,585138973663.643,3985641.68677429,146811.7356372833,11.896906335000542
CHE,Switzerland,2002,4,2002.75,2002-Q4,581246715981.756,4009716.01038442,144959.57181916,11.884210167486296
CHE,Switzerland,2003,1,2003.0,2003-Q1,577743610368.286,3986227.19901645,144934.94262214575,11.884040249148097
CHE,Switzerland,2003,2,2003.25,2003-Q2,577018194087.614,3949083.34436052,146114.4634771063,11.89214558994435
CHE,Switzerland,2003,3,2003.5,2003-Q3,582100459510.824,4009488.00893965,145180.74582414486,11.885734768063168
CHE,Switzerland,2003,4,2003.75,2003-Q4,588132336651.776,3970402.58685069,148129.14403178458,11.905839767066082
CHE,Switzerland,2004,1,2004.0,2004-Q1,591944283917.154,3964066.65696835,149327.53032207154,11.913897362523551
CHE,Switzerland,2004,2,2004.25,2004-Q2,596289087659.383,3960678.9861629,150552.23857893798,11.92206540313801
CHE,Switzerland,2004,3,2004.5,2004-Q3,596611362058.284,3949274.79044849,151068.58694695472,11.925489230862958
CHE,Switzerland,2004,4,2004.75,2004-Q4,598728518276.113,3949155.61027578,151609.24951101188,11.929061762934834
CHE,Switzerland,2005,1,2005.0,2005-Q1,603463212057.584,3941633.01182783,153099.79651752094,11.938845252562729
CHE,Switzerland,2005,2,2005.25,2005-Q2,611151784963.438,3980662.44002203,153530.1709632168,11.941652380201578
CHE,Switzerland,2005,3,2005.5,2005-Q3,617278173841.855,3951809.91677696,156201.3828704844,11.95890136955266
CHE,Switzerland,2005,4,2005.75,2005-Q4,623334077467.717,3960997.77944606,157367.9441837227,11.966341935925179
CHE,Switzerland,2006,1,2006.0,2006-Q1,630851343055.642,4034538.97232338,156362.6841587682,11.959933486290426
CHE,Switzerland,2006,2,2006.25,2006-Q2,636289085695.761,4057454.83785474,156819.75798211969,11.96285238649919
CHE,Switzerland,2006,3,2006.5,2006-Q3,641104191420.989,4089365.47307842,156773.51306494363,11.962557450849857
CHE,Switzerland,2006,4,2006.75,2006-Q4,649987804330.468,4084633.8323159,159130.0055314723,11.977476791964943
CHE,Switzerland,2007,1,2007.0,2007-Q1,654654381817.565,4131367.1547337,158459.50197562692,11.973254331611523
CHE,Switzerland,2007,2,2007.25,2007-Q2,663638932469.553,4114148.72126674,161306.50042840932,11.991061563539391
CHE,Switzerland,2007,3,2007.5,2007-Q3,669323836736.792,4151456.2112171,161226.27884844376,11.99056411591996
CHE,Switzerland,2007,4,2007.75,2007-Q4,673206842179.76,4176357.6557455,161194.72939622778,11.99036841246696
CHE,Switzerland,2008,1,2008.0,2008-Q1,677681336130.879,4179449.24840663,162146.08572869684,11.996252971627237
CHE,Switzerland,2008,2,2008.25,2008-Q2,685209328476.087,4205481.73660425,162932.42282140185,12.001090809907447
CHE,Switzerland,2008,3,2008.5,2008-Q3,689003461034.708,4218063.74769518,163345.90993585408,12.003625378061653
CHE,Switzerland,2008,4,2008.75,2008-Q4,673416151407.445,4238718.06722529,158872.5979711763,11.975857889391946
CHE,Switzerland,2009,1,2009.0,2009-Q1,662521625041.114,4270274.46292318,155147.3168278721,11.952130375675239
CHE,Switzerland,2009,2,2009.25,2009-Q2,664655922966.575,4228004.51676087,157203.21970606045,11.965294640358213
CHE,Switzerland,2009,3,2009.5,2009-Q3,670482175118.827,4287506.96319426,156380.42827090996,11.960046960330018
CHE,Switzerland,2009,4,2009.75,2009-Q4,674371993465.315,4248405.28463482,158735.32497106897,11.97499347135487
CHE,Switzerland,2010,1,2010.0,2010-Q1,682585767959.43,4167816.42705461,163775.39172036242,12.006251205417472
CHE,Switzerland,2010,2,2010.25,2010-Q2,687934962823.621,4203900.94709831,163642.0485355297,12.005436690515026
CHE,Switzerland,2010,3,2010.5,2010-Q3,691436192097.956,4219172.17053426,163879.58683620198,12.006887210521445
CHE,Switzerland,2010,4,2010.75,2010-Q4,696539254794.863,4241659.83693384,164213.84117835553,12.00892476707854
CHE,Switzerland,2011,1,2011.0,2011-Q1,696875018478.995,4263017.06935525,163469.9104276381,12.004384218301372
CHE,Switzerland,2011,2,2011.25,2011-Q2,702443446730.022,4294490.66733303,163568.51164523643,12.004987213019612
CHE,Switzerland,2011,3,2011.5,2011-Q3,699019159695.246,4295256.82379986,162742.11027894923,11.999922081347043
CHE,Switzerland,2011,4,2011.75,2011-Q4,700906570727.653,4340310.15144738,161487.66937632763,11.992184068119018
CHE,Switzerland,2012,1,2012.0,2012-Q1,703901624440.557,4321317.33377747,162890.51927256706,12.000833593219165
CHE,Switzerland,2012,2,2012.25,2012-Q2,705477604638.091,4342803.96094079,162447.49037330755,11.998110092367927
CHE,Switzerland,2012,3,2012.5,2012-Q3,711369826841.801,4376666.771645,162536.89484667525,11.998660300191375
CHE,Switzerland,2012,4,2012.75,2012-Q4,711826682434.615,4363682.81104613,163125.2117208686,12.002273354963961
CHE,Switzerland,2013,1,2013.0,2013-Q1,714591689831.755,4361546.77682242,163839.0521521282,12.00663983561225
CHE,Switzerland,2013,2,2013.25,2013-Q2,719594174199.85,4381190.55515722,164246.26254906805,12.00912218143998
CHE,Switzerland,2013,3,2013.5,2013-Q3,724525445503.516,4398733.89359916,164712.27017342715,12.011955413532975
CHE,Switzerland,2013,4,2013.75,2013-Q4,726073152687.941,4428411.63375191,163957.91826442874,12.007365077931357
CHE,Switzerland,2014,1,2014.0,2014-Q1,731040041836.016,4405758.24128609,165928.31512757207,12.01931113748952
CHE,Switzerland,2014,2,2014.25,2014-Q2,737483781988.699,4461061.05343464,165315.77872508575,12.015612734335757
CHE,Switzerland,2014,3,2014.5,2014-Q3,741934931458.739,4474089.10428864,165829.27030835324,12.018714045959383
CHE,Switzerland,2014,4,2014.75,2014-Q4,745890145103.302,4533547.02921343,164526.83523451036,12.01082896800765
CHE,Switzerland,2015,1,2015.0,2015-Q1,744544263982.425,4530859.59165798,164327.37517473445,12.009615907156235
CHE,Switzerland,2015,2,2015.25,2015-Q2,745682357927.807,4535173.28520873,164422.0211738805,12.010191701380116
CHE,Switzerland,2015,3,2015.5,2015-Q3,751078648440.153,4532405.95918632,165713.0131774406,12.018012734896098
CHE,Switzerland,2015,4,2015.75,2015-Q4,756442038505.525,4550736.97082993,166224.07389271076,12.021091999847169
CHE,Switzerland,2016,1,2016.0,2016-Q1,760279170501.538,4585152.44410332,165813.28096937886,12.018617620823795
CHE,Switzerland,2016,2,2016.25,2016-Q2,763890026670.36,4602018.6184923,165990.20777552252,12.019684076294661
CHE,Switzerland,2016,3,2016.5,2016-Q3,767278253400.386,4612235.70295064,166357.12110496132,12.021892088495289
CHE,Switzerland,2016,4,2016.75,2016-Q4,765194892171.528,4617590.0336327,165713.0422142613,12.018012910119623
CHE,Switzerland,2017,1,2017.0,2017-Q1,765738004136.401,4607685.00010727,166187.14259298847,12.020869797357946
CHE,Switzerland,2017,2,2017.25,2017-Q2,771787651775.171,4658928.7188162,165657.75060221925,12.017679195659847
CHE,Switzerland,2017,3,2017.5,2017-Q3,778053754366.626,4647854.81492252,167400.6149823327,12.02814511076035
CHE,Switzerland,2017,4,2017.75,2017-Q4,785784201782.401,4631592.93685386,169657.4402145468,12.041536625510942
CHE,Switzerland,2018,1,2018.0,2018-Q1,795785301816.507,4642484.94009827,171413.6528356002,12.051834936790344
CHE,Switzerland,2018,2,2018.25,2018-Q2,804368395205.414,4693820.21575073,171367.53395587037,12.05156585037729
CHE,Switzerland,2018,3,2018.5,2018-Q3,801345730228.165,4697253.9136659,170598.7679092202,12.04706969191059
CHE,Switzerland,2018,4,2018.75,2018-Q4,803761568153.656,4665447.24802624,172279.63910506002,12.056874244349624
CHE,Switzerland,2019,1,2019.0,2019-Q1,804679311831.495,4682331.53348826,171854.4075908316,12.05440292984452
CHE,Switzerland,2019,2,2019.25,2019-Q2,809836896615.134,4752284.78599092,170410.00972888272,12.045962634192469
CHE,Switzerland,2019,3,2019.5,2019-Q3,812341336743.531,4694224.95397244,173051.21605987276,12.061342876255631
CHE,Switzerland,2019,4,2019.75,2019-Q4,813789152289.199,4694603.0035774,173345.68049078318,12.06304303295318
CHE,Switzerland,2020,1,2020.0,2020-Q1,804711573239.922,4725642.85246347,170286.1596534802,12.045235592963431
CHE,Switzerland,2020,2,2020.25,2020-Q2,753427280313.78,4663128.9790915,161571.18614818316,11.992701105632696
CHE,Switzerland,2020,3,2020.5,2020-Q3,799420049249.67,4689576.75776899,170467.41967178817,12.046299470477283
CHE,Switzerland,2020,4,2020.75,2020-Q4,806524607531.861,4703478.81971092,171474.05961560825,12.05218727826214
CHE,Switzerland,2021,1,2021.0,2021-Q1,812323816175.77,4669830.7779342,173951.44595263447,12.06653149300679
CHE,Switzerland,2021,2,2021.25,2021-Q2,834825491037.882,4683923.2311868,178232.10369448265,12.09084193320517
CHE,Switzerland,2021,3,2021.5,2021-Q3,852996340986.656,4729278.64135923,180364.9997542751,12.1027378531215
CHE,Switzerland,2021,4,2021.75,2021-Q4,859207675260.926,4746626.42015762,181014.38773696343,12.106331797348245
CHE,Switzerland,2022,1,2022.0,2022-Q1,861197729553.962,4733004.85816799,181955.80933489828,12.111519130724611
CHE,Switzerland,2022,2,2022.25,2022-Q2,869393757092.2,4744062.48706027,183259.3393243715,12.118657583385408
CHE,Switzerland,2022,3,2022.5,2022-Q3,874152988640.996,4759965.19518332,183646.92866358865,12.120770327250568
CHE,Switzerland,2022,4,2022.75,2022-Q4,875497099225.247,4772657.01935883,183440.1876510421,12.119643940487228
CHE,Switzerland,2023,1,2023.0,2023-Q1,877351292037.309,4825420.63126475,181818.6141852164,12.11076484374171
CHE,Switzerland,2023,2,2023.25,2023-Q2,874373902567.409,4866570.33347249,179669.42685558778,12.098873923937603
CHE,Switzerland,2023,3,2023.5,2023-Q3,878140195816.007,4843448.73484053,181304.73633369006,12.107934520691229
CHE,Switzerland,2023,4,2023.75,2023-Q4,880848387769.126,4858979.49875419,181282.58989258332,12.107812362857613
CHE,Switzerland,2024,1,2024.0,2024-Q1,880912831788.875,4867141.20645736,180991.8378000099,12.106207214203582
CHE,Switzerland,2024,2,2024.25,2024-Q2,889876525370.747,4878535.10737953,182406.50231760612,12.113993004658056
CHE,Switzerland,2024,3,2024.5,2024-Q3,893390363551.251,4869264.42979442,183475.42558681086,12.119836017000768
CHE,Switzerland,2024,4,2024.75,2024-Q4,894884787612.454,4889336.66981185,183027.85184291482,12.117393616105865
CHE,Switzerland,2025,1,2025.0,2025-Q1,901458022574.548,4888325.80143445,184410.38081177414,12.12491888359482
CHE,Switzerland,2025,2,2025.25,2025-Q2,902856357707.486,4889524.57755992,184651.1543987472,12.126223672082164
CHE,Switzerland,2025,3,2025.5,2025-Q3,897003612676.251,4884782.65390376,183632.24655643475,12.120690376585504
CHE,Switzerland,2025,4,2025.75,2025-Q4,895162335369.307,4892093.3992077,182981.448292521,12.117140051234015
CHL,Chile,1986,1,1986.0,1986-Q1,59462242872.4011,3775159.36653391,15750.92257018946,9.664654218423324
CHL,Chile,1986,2,1986.25,1986-Q2,59987463334.0488,3847688.13223295,15590.521183751955,9.6544183921378
CHL,Chile,1986,3,1986.5,1986-Q3,60900898409.0671,3891995.68718173,15647.73018881905,9.658081149591375
CHL,Chile,1986,4,1986.75,1986-Q4,61987967953.0212,3924277.0019678,15796.022534071319,9.667513448973725
CHL,Chile,1987,1,1987.0,1987-Q1,63242040738.1671,3956055.00148931,15986.137885939093,9.6794772435672
CHL,Chile,1987,2,1987.25,1987-Q2,64173915764.2828,4012651.76547443,15992.894353914933,9.679899799698712
CHL,Chile,1987,3,1987.5,1987-Q3,65009915834.2238,3995173.8680521,16272.111798208234,9.697207988852757
CHL,Chile,1987,4,1987.75,1987-Q4,65893169082.3056,4064920.56523031,16210.198458963547,9.693395857650678
CHL,Chile,1988,1,1988.0,1988-Q1,66811010997.6223,4117163.17508038,16227.438203567906,9.694458804770218
CHL,Chile,1988,2,1988.25,1988-Q2,68265830983.0644,4213462.78806583,16201.83550129358,9.692879817351212
CHL,Chile,1988,3,1988.5,1988-Q3,70063882852.038,4282641.19411927,16359.970325846247,9.702592796331514
CHL,Chile,1988,4,1988.75,1988-Q4,72064756824.2562,4352372.67625833,16557.579551346964,9.714599254898218
CHL,Chile,1989,1,1989.0,1989-Q1,74478571301.2439,4404858.52820181,16908.277717524834,9.735558586766174
CHL,Chile,1989,2,1989.25,1989-Q2,76186012560.3717,4458480.98193954,17087.885508312535,9.746125041615315
CHL,Chile,1989,3,1989.5,1989-Q3,77476277532.1742,4511342.54176323,17173.66323105518,9.75113228180849
CHL,Chile,1989,4,1989.75,1989-Q4,78338166710.9684,4532601.75650872,17283.26707690047,9.757494091437401
CHL,Chile,1990,1,1990.0,1990-Q1,78452252444.9262,4571616.10415674,17160.726241556793,9.750378693915456
CHL,Chile,1990,2,1990.25,1990-Q2,78957334484.1025,4569962.54283593,17277.45769117504,9.7571579071809
CHL,Chile,1990,3,1990.5,1990-Q3,79654780909.543,4572547.45773703,17420.219614071415,9.76538685733457
CHL,Chile,1990,4,1990.75,1990-Q4,80746963810.8522,4595034.2487104,17572.65766485068,9.774099431259103
CHL,Chile,1991,1,1991.0,1991-Q1,82329500647.4071,4632388.09255236,17772.582737567023,9.78541225316301
CHL,Chile,1991,2,1991.25,1991-Q2,84403778640.6101,4595314.2276501,18367.357368675865,9.81833031204579
CHL,Chile,1991,3,1991.5,1991-Q3,86861565803.9083,4658666.96792448,18645.154590779148,9.83334158385123
CHL,Chile,1991,4,1991.75,1991-Q4,89545733629.406,4702264.88443592,19043.107062257262,9.854460481074886
CHL,Chile,1992,1,1992.0,1992-Q1,92659398575.5581,4782695.69505677,19373.885457803153,9.871681327808389
CHL,Chile,1992,2,1992.25,1992-Q2,95280893099.7544,4827017.3108784,19739.082535507954,9.890355834476155
CHL,Chile,1992,3,1992.5,1992-Q3,97651745343.7632,4873701.7900835,20036.462949467856,9.905309040093375
CHL,Chile,1992,4,1992.75,1992-Q4,99679422636.4911,4951346.93801498,20131.779066254057,9.910054893578833
CHL,Chile,1993,1,1993.0,1993-Q1,101208800937.809,5042975.82200702,20069.261584825446,9.906944649126768
CHL,Chile,1993,2,1993.25,1993-Q2,102533337218.753,5089559.67786582,20145.81686990805,9.910751946314782
CHL,Chile,1993,3,1993.5,1993-Q3,103659352542.951,5221244.87994917,19853.378825618336,9.896129489545192
CHL,Chile,1993,4,1993.75,1993-Q4,104786050474.677,5185399.18790264,20207.904286161673,9.913829108146043
CHL,Chile,1994,1,1994.0,1994-Q1,105766468547.425,5211758.73867708,20293.81516886411,9.918071447123566
CHL,Chile,1994,2,1994.25,1994-Q2,107539883537.479,5168051.1671079,20808.59497326911,9.943121400206298
CHL,Chile,1994,3,1994.5,1994-Q3,109826556220.893,5141430.68730993,21361.08855691991,9.96932625417821
CHL,Chile,1994,4,1994.75,1994-Q4,112582788602.752,5198735.96334013,21655.800447772464,9.983028616612435
CHL,Chile,1995,1,1995.0,1995-Q1,116125340447.158,5239014.00686107,22165.495319363337,10.00629209384412
CHL,Chile,1995,2,1995.25,1995-Q2,119211642519.938,5217044.52207564,22850.416939226878,10.03672464294918
CHL,Chile,1995,3,1995.5,1995-Q3,122086664145.39,5256475.84367854,23225.95361913666,10.053025622866512
CHL,Chile,1995,4,1995.75,1995-Q4,124598071889.72,5250629.58703755,23730.120326392953,10.07450042006141
CHL,Chile,1996,1,1996.0,1996-Q1,127381759034.312,5300031.0796958,24034.153218894553,10.087231148540154
CHL,Chile,1996,2,1996.25,1996-Q2,128649126994.433,5344630.21285286,24070.725545250134,10.088751673457436
CHL,Chile,1996,3,1996.5,1996-Q3,129931648459.374,5299057.10322677,24519.76756020507,10.107234910405097
CHL,Chile,1996,4,1996.75,1996-Q4,131793894716.15,5375355.39461935,24518.17322591799,10.107169885884813
CHL,Chile,1997,1,1997.0,1997-Q1,134782594855.073,5357388.0226702,25158.266357547756,10.132941803732379
CHL,Chile,1997,2,1997.25,1997-Q2,137587735849.463,5399768.56220421,25480.302398978944,10.14566097770747
CHL,Chile,1997,3,1997.5,1997-Q3,140695820244.182,5513862.53637413,25516.7442633966,10.147090153434517
CHL,Chile,1997,4,1997.75,1997-Q4,143690714507.905,5456339.31938655,26334.636850271985,10.178640342199172
CHL,Chile,1998,1,1998.0,1998-Q1,144845020363.01,5495613.11271779,26356.480595006557,10.179469466615014
CHL,Chile,1998,2,1998.25,1998-Q2,147302109827.599,5562354.8062311,26481.969410255384,10.184219380784443
CHL,Chile,1998,3,1998.5,1998-Q3,146312690761.243,5590382.48736155,26172.21470838878,10.17245361970001
CHL,Chile,1998,4,1998.75,1998-Q4,141576928131.122,5542693.91638174,25542.981493653027,10.148117860974137
CHL,Chile,1999,1,1999.0,1999-Q1,141604102935.518,5474761.33719674,25864.890579508625,10.160641751982451
CHL,Chile,1999,2,1999.25,1999-Q2,141990450653.449,5397904.71836469,26304.7345334516,10.17750422224748
CHL,Chile,1999,3,1999.5,1999-Q3,144985772140.413,5438229.4264138,26660.473615954594,10.19093735861446
CHL,Chile,1999,4,1999.75,1999-Q4,148804789106.136,5557782.09908078,26774.13156063591,10.195191460079789
CHL,Chile,2000,1,2000.0,2000-Q1,150210667565.565,5581827.79945062,26910.65954781858,10.20027775281557
CHL,Chile,2000,2,2000.25,2000-Q2,150543676019.448,5584351.10223826,26958.132335036866,10.202040287219948
CHL,Chile,2000,3,2000.5,2000-Q3,152885984487.216,5531954.14784625,27636.885701002953,10.226906597908382
CHL,Chile,2000,4,2000.75,2000-Q4,154680294585.531,5576911.71136355,27735.833484749895,10.230480483768453
CHL,Chile,2001,1,2001.0,2001-Q1,155757993283.678,5518031.08266725,28227.096033027286,10.248037647838192
CHL,Chile,2001,2,2001.25,2001-Q2,157266881267.637,5598978.49278061,28088.495333643234,10.243115352755547
CHL,Chile,2001,3,2001.5,2001-Q3,156897154094.843,5660341.68692558,27718.671905840692,10.229861541111362
CHL,Chile,2001,4,2001.75,2001-Q4,157877134247.78,5720001.61653414,27600.889795454434,10.225603290151318
CHL,Chile,2002,1,2002.0,2002-Q1,159199251734.115,5682952.48185677,28013.475784351518,10.24044095139278
CHL,Chile,2002,2,2002.25,2002-Q2,160494271411.394,5695929.63264963,28177.010911691224,10.24626170855955
CHL,Chile,2002,3,2002.5,2002-Q3,162242595157.319,5722780.94879616,28350.306714334092,10.252393127945139
CHL,Chile,2002,4,2002.75,2002-Q4,164600442704.699,5817435.40262697,28294.33097449963,10.25041674464254
CHL,Chile,2003,1,2003.0,2003-Q1,166939501865.228,5905739.33406232,28267.333253666824,10.249462114921101
CHL,Chile,2003,2,2003.25,2003-Q2,168706851444.93,5963027.40252204,28292.14760501957,10.25033957534217
CHL,Chile,2003,3,2003.5,2003-Q3,169819008686.584,5923615.13700732,28668.136730499777,10.263541566549199
CHL,Chile,2003,4,2003.75,2003-Q4,170740485676.208,6023236.96011864,28346.964731210726,10.252275239269299
CHL,Chile,2004,1,2004.0,2004-Q1,174336733219.412,6038463.38355069,28871.042539451464,10.270594383520441
CHL,Chile,2004,2,2004.25,2004-Q2,177688208542.937,6052413.67964825,29358.23919974746,10.287328508169368
CHL,Chile,2004,3,2004.5,2004-Q3,182340390663.212,6094517.54946986,29918.757175303093,10.30624089296709
CHL,Chile,2004,4,2004.75,2004-Q4,185298428026.306,6279627.8870842,29507.867561296698,10.292412203763698
CHL,Chile,2005,1,2005.0,2005-Q1,185508062714.238,6294799.06277621,29470.053112771315,10.291129877995855
CHL,Chile,2005,2,2005.25,2005-Q2,188588910029.968,6344190.22245709,29726.23824588411,10.2997853774074
CHL,Chile,2005,3,2005.5,2005-Q3,193174107178.892,6376133.87879054,30296.43210934811,10.318785232397401
CHL,Chile,2005,4,2005.75,2005-Q4,195496699963.113,6372154.91922999,30679.841033547375,10.331361074031895
CHL,Chile,2006,1,2006.0,2006-Q1,197264715679.611,6417269.69830366,30739.66421136327,10.333309093524898
CHL,Chile,2006,2,2006.25,2006-Q2,201359523079.525,6409799.65515819,31414.323990217687,10.355019245911189
CHL,Chile,2006,3,2006.5,2006-Q3,204100732892.543,6460665.14092072,31591.287961947564,10.360636664156765
CHL,Chile,2006,4,2006.75,2006-Q4,208457939093.559,6517190.07296856,31985.861507735193,10.37304925626389
CHL,Chile,2007,1,2007.0,2007-Q1,210596845348.699,6603061.75628607,31893.81731106971,10.370167455288431
CHL,Chile,2007,2,2007.25,2007-Q2,212737985565.092,6627395.97457473,32099.78495041457,10.376604609731634
CHL,Chile,2007,3,2007.5,2007-Q3,213322855831.137,6622681.53436106,32210.94880137821,10.38006169862466
CHL,Chile,2007,4,2007.75,2007-Q4,217332771323.809,6680244.84988433,32533.653512351742,10.390030325252836
CHL,Chile,2008,1,2008.0,2008-Q1,221912594166.81,6789788.02651916,32683.28750471689,10.394619140753978
CHL,Chile,2008,2,2008.25,2008-Q2,222131667488.975,6816473.818552,32587.47460958658,10.391683279095664
CHL,Chile,2008,3,2008.5,2008-Q3,220321531157.549,6858574.40897771,32123.516932199993,10.37734365559723
CHL,Chile,2008,4,2008.75,2008-Q4,218552251906.77,6859744.76345025,31860.114252537383,10.369110169538507
CHL,Chile,2009,1,2009.0,2009-Q1,217489290871.642,6763306.15674627,32157.24467163157,10.37839304398919
CHL,Chile,2009,2,2009.25,2009-Q2,216222723203.988,6742692.21560714,32067.713650565674,10.375604997678222
CHL,Chile,2009,3,2009.5,2009-Q3,218809596100.294,6783816.47185509,32254.64559781328,10.381417361394377
CHL,Chile,2009,4,2009.75,2009-Q4,221501007765.506,6834180.85913416,32410.761776879364,10.386245800237011
CHL,Chile,2010,1,2010.0,2010-Q1,222217560640.164,7116284.16248047,31226.628331084983,10.349026481947472
CHL,Chile,2010,2,2010.25,2010-Q2,229758329939.523,7277886.45133241,31569.375460297222,10.359942798660672
CHL,Chile,2010,3,2010.5,2010-Q3,235151635713.502,7458849.10819337,31526.53074255028,10.358584716119013
CHL,Chile,2010,4,2010.75,2010-Q4,237949623565.423,7483534.17042311,31796.42374132029,10.367109101479288
CHL,Chile,2011,1,2011.0,2011-Q1,240723296806.497,7583896.33674823,31741.37489723556,10.365376310635469
CHL,Chile,2011,2,2011.25,2011-Q2,244182019245.159,7756191.24910819,31482.207104322646,10.357177811392672
CHL,Chile,2011,3,2011.5,2011-Q3,245748175524.028,7757725.02787286,31677.86620962657,10.363373489165836
CHL,Chile,2011,4,2011.75,2011-Q4,251092850388.143,7698719.24131632,32614.885998260066,10.392524088846503
CHL,Chile,2012,1,2012.0,2012-Q1,256253596845.12,7805945.44386198,32828.002538324035,10.39903716607152
CHL,Chile,2012,2,2012.25,2012-Q2,261003341824.025,7877335.78712751,33133.45385765262,10.408298741524847
CHL,Chile,2012,3,2012.5,2012-Q3,263031688694.326,7942144.7211872,33118.470882636815,10.407846438430862
CHL,Chile,2012,4,2012.75,2012-Q4,264593140374.037,7864826.82969882,33642.58948142276,10.423548087385445
CHL,Chile,2013,1,2013.0,2013-Q1,266952558181.265,7953495.73643554,33564.17945361258,10.421214689585504
CHL,Chile,2013,2,2013.25,2013-Q2,268870230716.43,8062547.66585406,33348.0485151276,10.414754534343155
CHL,Chile,2013,3,2013.5,2013-Q3,270741946932.298,8077838.84035865,33516.63140141049,10.41979705436139
CHL,Chile,2013,4,2013.75,2013-Q4,271804125413.54,8060662.41416811,33719.82492850635,10.42584122018376
CHL,Chile,2014,1,2014.0,2014-Q1,272502237457.376,8120749.74083884,33556.290509357284,10.420979621377668
CHL,Chile,2014,2,2014.25,2014-Q2,274449203558.609,8179641.70433321,33552.71703566405,10.420873123790315
CHL,Chile,2014,3,2014.5,2014-Q3,273486636029.613,8154328.3147154,33538.83060313817,10.420459169031098
CHL,Chile,2014,4,2014.75,2014-Q4,276640542159.076,8160724.50077087,33899.017438089504,10.43114130882134
CHL,Chile,2015,1,2015.0,2015-Q1,278186972800.928,8197542.86178515,33935.409364892075,10.432214272270995
CHL,Chile,2015,2,2015.25,2015-Q2,280680126694.373,8275855.81685482,33915.540930852454,10.431628622857954
CHL,Chile,2015,3,2015.5,2015-Q3,279601389715.555,8367245.02937959,33416.18283363296,10.416795577601862
CHL,Chile,2015,4,2015.75,2015-Q4,282051475893.472,8337564.67970379,33829.00004123176,10.429073702994172
CHL,Chile,2016,1,2016.0,2016-Q1,284411486039.459,8327039.22070515,34155.17550731249,10.438669405706765
CHL,Chile,2016,2,2016.25,2016-Q2,283442495092.497,8398576.87857008,33748.87188515624,10.426702270117026
CHL,Chile,2016,3,2016.5,2016-Q3,285270033696.341,8443421.3704561,33786.07097526997,10.42780389521065
CHL,Chile,2016,4,2016.75,2016-Q4,285390797728.225,8409340.73463873,33937.35689085329,10.432271659823298
CHL,Chile,2017,1,2017.0,2017-Q1,283068683914.157,8450077.04463436,33498.94710059481,10.41926928748624
CHL,Chile,2017,2,2017.25,2017-Q2,286872598720.37,8587112.99850808,33407.33943645682,10.416530898431194
CHL,Chile,2017,3,2017.5,2017-Q3,292290456180.955,8679317.31174837,33676.66438295891,10.424560424940905
CHL,Chile,2017,4,2017.75,2017-Q4,295031764285.818,8674573.65801043,34011.09678899025,10.434442126495961
CHL,Chile,2018,1,2018.0,2018-Q1,297619505950.892,8724021.90344099,34114.94253969065,10.437490764935946
CHL,Chile,2018,2,2018.25,2018-Q2,301550717568.806,8820742.05863612,34186.547522219735,10.439587498365837
CHL,Chile,2018,3,2018.5,2018-Q3,300113483229.679,8778379.91854076,34187.7984337191,10.439624088448916
CHL,Chile,2018,4,2018.75,2018-Q4,304527906693.692,8818716.84140886,34531.997360858826,10.449641632929453
CHL,Chile,2019,1,2019.0,2019-Q1,302363314348.911,8841401.58215626,34198.57265155125,10.439939186844995
CHL,Chile,2019,2,2019.25,2019-Q2,306221946105.445,8988587.74252735,34067.85969909702,10.436109687991866
CHL,Chile,2019,3,2019.5,2019-Q3,306845118368.231,9069326.61738948,33833.2856796543,10.429200380311753
CHL,Chile,2019,4,2019.75,2019-Q4,294903655872.735,8992553.68264624,32794.205770696455,10.398007125434772
CHL,Chile,2020,1,2020.0,2020-Q1,300446325559.753,8906037.46442262,33735.12931648452,10.42629498635741
CHL,Chile,2020,2,2020.25,2020-Q2,262357436818.421,7200970.17898441,36433.623567015326,10.503247351622576
CHL,Chile,2020,3,2020.5,2020-Q3,275518268475.703,7426900.12605851,37097.343952290605,10.521300654450263
CHL,Chile,2020,4,2020.75,2020-Q4,294548476319.911,7946529.78060421,37066.30245555,10.520463546242757
CHL,Chile,2021,1,2021.0,2021-Q1,305507711766.777,8110548.71552348,37667.946088781806,10.536564775408312
CHL,Chile,2021,2,2021.25,2021-Q2,308427696861.362,8103019.53346996,38063.304128465286,10.547005950756915
CHL,Chile,2021,3,2021.5,2021-Q3,321408339362.059,8411292.85258024,38211.52645558692,10.550892488755457
CHL,Chile,2021,4,2021.75,2021-Q4,328328185051.081,8590165.94348264,38221.40191601114,10.551150897289306
CHL,Chile,2022,1,2022.0,2022-Q1,323656615326.544,8754374.82137032,36970.842799244245,10.517884848512711
CHL,Chile,2022,2,2022.25,2022-Q2,323117346247.238,8902470.02696954,36295.24674257502,10.499442067948348
CHL,Chile,2022,3,2022.5,2022-Q3,322573028567.459,8912962.79267069,36191.44790245476,10.496578124114889
CHL,Chile,2022,4,2022.75,2022-Q4,321794953618.865,8877868.3763443,36246.87143101942,10.498108351207112
CHL,Chile,2023,1,2023.0,2023-Q1,322355366001.696,8963040.92193231,35964.9552879873,10.490300279091656
CHL,Chile,2023,2,2023.25,2023-Q2,323400041851.614,9098907.1308845,35542.73466028622,10.47849104473287
CHL,Chile,2023,3,2023.5,2023-Q3,327297775864.493,9093323.84856759,35993.19471240981,10.49108516380234
CHL,Chile,2023,4,2023.75,2023-Q4,326270840586.35,9135880.98661947,35713.12291219757,10.483273488800563
CHL,Chile,2024,1,2024.0,2024-Q1,330994816586.631,9263601.7759475,35730.68279403409,10.483765060659497
CHL,Chile,2024,2,2024.25,2024-Q2,328928593801.762,9385673.26857468,35045.81764028459,10.464411559816048
CHL,Chile,2024,3,2024.5,2024-Q3,334431644638.903,9314085.94268066,35906.00802880838,10.488659915037065
CHL,Chile,2024,4,2024.75,2024-Q4,336566823894.901,9219982.58294553,36504.062872901566,10.505178844962252
CHL,Chile,2025,1,2025.0,2025-Q1,339712270844.631,9342960.23710117,36360.2393913252,10.501231132189575
CHL,Chile,2025,2,2025.25,2025-Q2,341160504564.692,9385897.10392354,36348.204203312474,10.500900078806293
CHL,Chile,2025,3,2025.5,2025-Q3,340649807520.354,9449017.28932637,36051.347678784834,10.49269952561448
CHL,Chile,2025,4,2025.75,2025-Q4,341140207334.052,9496262.375773,35923.62909057502,10.48915054990108
COL,Colombia,2001,1,2001.0,2001-Q1,152931347899.282,15249609.7524403,10028.54173857199,9.213190480412953
COL,Colombia,2001,2,2001.25,2001-Q2,153299818780.538,14978194.9782509,10234.866017109345,9.233555407351117
COL,Colombia,2001,3,2001.5,2001-Q3,154575222315.684,15266712.5986033,10124.984099708901,9.222761321574385
COL,Colombia,2001,4,2001.75,2001-Q4,155528816298.003,15454946.3373721,10063.3682513613,9.216657203853979
COL,Colombia,2002,1,2002.0,2002-Q1,154062037676.079,15365619.4739785,10026.412403156364,9.212978130346372
COL,Colombia,2002,2,2002.25,2002-Q2,159540941445.846,15447191.6969291,10328.151846368472,9.242628634816587
COL,Colombia,2002,3,2002.5,2002-Q3,158889359736.053,15289815.1818227,10391.843056739408,9.248776455921094
COL,Colombia,2002,4,2002.75,2002-Q4,159275056704.333,15282016.6473852,10422.384713969373,9.251711148429143
COL,Colombia,2003,1,2003.0,2003-Q1,160567175257.102,15857196.2783977,10125.823786128136,9.222844250257968
COL,Colombia,2003,2,2003.25,2003-Q2,163319176773.006,16047355.4375556,10177.326563777007,9.227917639089904
COL,Colombia,2003,3,2003.5,2003-Q3,165273321405.306,16076989.1192702,10280.116518036708,9.23796687338429
COL,Colombia,2003,4,2003.75,2003-Q4,167363574464.517,16245223.8314432,10302.32492953276,9.240124870060365
COL,Colombia,2004,1,2004.0,2004-Q1,170570550084.121,16059782.9535246,10620.974802569564,9.270586079902715
COL,Colombia,2004,2,2004.25,2004-Q2,170444204756.414,16051677.6298395,10618.466722728363,9.270349907981728
COL,Colombia,2004,3,2004.5,2004-Q3,172448749821.671,16177721.9531098,10659.643571666258,9.274220261107017
COL,Colombia,2004,4,2004.75,2004-Q4,178071745057.999,16137796.7968594,11034.452056841725,9.308777662436846
COL,Colombia,2005,1,2005.0,2005-Q1,178162640469.72,16307002.8892449,10925.52945993682,9.298857481941601
COL,Colombia,2005,2,2005.25,2005-Q2,180686137451.876,16461162.2148166,10976.511566676709,9.303512956630717
COL,Colombia,2005,3,2005.5,2005-Q3,181064819309.579,16570757.0993674,10926.768054339007,9.298970842507254
COL,Colombia,2005,4,2005.75,2005-Q4,184169166770.611,16792906.4632378,10967.081081156799,9.302653435926715
COL,Colombia,2006,1,2006.0,2006-Q1,188654337638.759,16784314.0334705,11239.919442793627,9.327226956410756
COL,Colombia,2006,2,2006.25,2006-Q2,191294782787.969,16751108.0109617,11419.82862642807,9.343106476655027
COL,Colombia,2006,3,2006.5,2006-Q3,194955191624.71,16272660.5651157,11980.535748569757,9.391038590917413
COL,Colombia,2006,4,2006.75,2006-Q4,197814140255.492,15899598.7237855,12441.454887761776,9.428789311847199
COL,Colombia,2007,1,2007.0,2007-Q1,201368355548.692,16262974.5447244,12382.012589081654,9.424000100803072
COL,Colombia,2007,2,2007.25,2007-Q2,204166481039.083,16659926.7327602,12254.944713388719,9.413684784600648
COL,Colombia,2007,3,2007.5,2007-Q3,208345558075.915,16689734.5585852,12483.455464469447,9.432159483765
COL,Colombia,2007,4,2007.75,2007-Q4,210905331372.265,17006615.4972635,12401.370008406515,9.425562230039073
COL,Colombia,2008,1,2008.0,2008-Q1,211753031156.422,17030976.5216535,12433.405147802023,9.428142092909745
COL,Colombia,2008,2,2008.25,2008-Q2,212791616968.638,17026582.1827815,12497.611950789991,9.433292861102375
COL,Colombia,2008,3,2008.5,2008-Q3,215565145576.15,17037531.7600978,12652.369404881014,9.445599781350001
COL,Colombia,2008,4,2008.75,2008-Q4,211757327800.31,16815710.8688005,12592.826402195098,9.440882597648786
COL,Colombia,2009,1,2009.0,2009-Q1,212291944046.407,17430552.7415993,12179.300748148775,9.407493129775878
COL,Colombia,2009,2,2009.25,2009-Q2,214642261633.333,17981298.2744089,11936.972423109919,9.387395788889632
COL,Colombia,2009,3,2009.5,2009-Q3,216484339477.353,17870014.1529135,12114.39104775738,9.402149367666853
COL,Colombia,2009,4,2009.75,2009-Q4,218156868455.913,18272781.497745,11938.897670441427,9.387557060276027
COL,Colombia,2010,1,2010.0,2010-Q1,220396126418.044,18345164.4837444,12013.853929373945,9.393815756968785
COL,Colombia,2010,2,2010.25,2010-Q2,224130457868.547,18456134.1949701,12143.954714505157,9.404586770585734
COL,Colombia,2010,3,2010.5,2010-Q3,225516438530.72,18745629.2921451,12030.347715518796,9.39518771258416
COL,Colombia,2010,4,2010.75,2010-Q4,230257267413.074,18752176.0291404,12278.962561745373,9.415642716189774
COL,Colombia,2011,1,2011.0,2011-Q1,235133068942.771,18897432.2754837,12442.593550014588,9.42888082929111
COL,Colombia,2011,2,2011.25,2011-Q2,238873365997.683,18973163.684695,12590.065102868108,9.440663298023285
COL,Colombia,2011,3,2011.5,2011-Q3,243550590562.265,19281577.2742144,12631.258693134487,9.443929869376097
COL,Colombia,2011,4,2011.75,2011-Q4,245295156404.125,19686612.7656068,12459.998036465888,9.430278634754425
COL,Colombia,2012,1,2012.0,2012-Q1,247946453022.217,19774434.8818205,12538.737744165068,9.436578150760477
COL,Colombia,2012,2,2012.25,2012-Q2,250768683815.474,19830097.9611717,12645.86207826564,9.445085332206533
COL,Colombia,2012,3,2012.5,2012-Q3,249371277669.729,19753818.2990578,12623.953197019297,9.443351335618335
COL,Colombia,2012,4,2012.75,2012-Q4,252438666253.603,19709486.85795,12807.977603525462,9.457823506043344
COL,Colombia,2013,1,2013.0,2013-Q1,256725047061.534,19767557.3815951,12987.19118936576,9.471718857597613
COL,Colombia,2013,2,2013.25,2013-Q2,262581457464.381,19952835.7808569,13160.107182173386,9.484945349388193
COL,Colombia,2013,3,2013.5,2013-Q3,264344401559.555,20163693.6238192,13109.919565891798,9.481124441414119
COL,Colombia,2013,4,2013.75,2013-Q4,268241067487.368,20141575.8803956,13317.779556090003,9.49685523020515
COL,Colombia,2014,1,2014.0,2014-Q1,272126823933.892,20268898.3592363,13425.831987059473,9.504935890422145
COL,Colombia,2014,2,2014.25,2014-Q2,273106298778.071,20454011.1277394,13352.212290903111,9.499437364773627
COL,Colombia,2014,3,2014.5,2014-Q3,275553858967.755,20596505.9797006,13378.670112267295,9.501416935040343
COL,Colombia,2014,4,2014.75,2014-Q4,278429927363.422,20598155.5333237,13517.22618624653,9.511720164808834
COL,Colombia,2015,1,2015.0,2015-Q1,279857786181.759,20730632.6509594,13499.722410488392,9.510424402029072
COL,Colombia,2015,2,2015.25,2015-Q2,282506896559.086,20821389.4513322,13568.1097181058,9.515477444533909
COL,Colombia,2015,3,2015.5,2015-Q3,284973391427.009,20883003.0469335,13646.18827984393,9.52121551471855
COL,Colombia,2015,4,2015.75,2015-Q4,284370602606.954,21004911.8507749,13538.290692539287,9.513277297178053
COL,Colombia,2016,1,2016.0,2016-Q1,286854167311.795,20857832.2065404,13752.82744972155,9.528999714662232
COL,Colombia,2016,2,2016.25,2016-Q2,287731972858.901,20937389.6212635,13742.495032269326,9.528248138248072
COL,Colombia,2016,3,2016.5,2016-Q3,289474854030.409,20891794.6206179,13855.911341610126,9.536467232225894
COL,Colombia,2016,4,2016.75,2016-Q4,291270771462.104,21036434.5515782,13846.014197318062,9.535752686610698
COL,Colombia,2017,1,2017.0,2017-Q1,290503689122.054,21036184.2910268,13809.714019570143,9.533127537975316
COL,Colombia,2017,2,2017.25,2017-Q2,292358035164.044,21240320.2256305,13764.295079283138,9.529833205170798
COL,Colombia,2017,3,2017.5,2017-Q3,293352070894.392,21133340.3763941,13881.008192252735,9.538276867752353
COL,Colombia,2017,4,2017.75,2017-Q4,294823098399.419,21101953.1069486,13971.365442108654,9.544765188498907
COL,Colombia,2018,1,2018.0,2018-Q1,297081238827.081,21098852.0133677,14080.445639357904,9.552542279733744
COL,Colombia,2018,2,2018.25,2018-Q2,298698793289.591,21341030.3814304,13996.456026298505,9.546559435573132
COL,Colombia,2018,3,2018.5,2018-Q3,301711761100.979,21446138.4951736,14068.349002263438,9.55168280152211
COL,Colombia,2018,4,2018.75,2018-Q4,303574283784.606,21200801.776695,14319.000148301482,9.569342616030978
COL,Colombia,2019,1,2019.0,2019-Q1,305945986878.645,21342839.8956503,14334.830246325242,9.570447536344686
COL,Colombia,2019,2,2019.25,2019-Q2,309228966147.522,21290903.1095323,14523.994804573362,9.583557374820954
COL,Colombia,2019,3,2019.5,2019-Q3,311009317463.257,21183889.2176712,14681.407850444144,9.594337200188955
COL,Colombia,2019,4,2019.75,2019-Q4,313158045554.732,21421620.1104795,14618.784384171506,9.590062582389338
COL,Colombia,2020,1,2020.0,2020-Q1,305554493615.598,20855338.5228723,14651.140439676525,9.592273457127101
COL,Colombia,2020,2,2020.25,2020-Q2,258120199061.802,16783265.5014295,15379.617216912697,9.64079835438273
COL,Colombia,2020,3,2020.5,2020-Q3,283454536417.875,18518236.2468941,15306.778282700456,9.636051034287021
COL,Colombia,2020,4,2020.75,2020-Q4,303155012246.897,20044149.0621375,15124.364287409098,9.62406225143121
COL,Colombia,2021,1,2021.0,2021-Q1,312334906120.978,20131171.5962487,15514.98901232253,9.649561868685165
COL,Colombia,2021,2,2021.25,2021-Q2,305189730404.784,19954221.9371165,15294.494135955554,9.635248182220176
COL,Colombia,2021,3,2021.5,2021-Q3,320927110369.359,20529900.1066342,15632.18080470114,9.657086940534837
COL,Colombia,2021,4,2021.75,2021-Q4,336076975108.369,20951672.0266673,16040.580182842212,9.68287705176649
COL,Colombia,2022,1,2022.0,2022-Q1,337512233150.978,21709475.993162,15546.770141171848,9.651608188069869
COL,Colombia,2022,2,2022.25,2022-Q2,342262032990.492,22071616.5109972,15506.885633861919,9.649039438707135
COL,Colombia,2022,3,2022.5,2022-Q3,344937886484.499,22131040.7406005,15586.157493790757,9.654138459176703
COL,Colombia,2022,4,2022.75,2022-Q4,343217568321.177,22216587.0885737,15448.70807351407,9.64528065899228
COL,Colombia,2023,1,2023.0,2023-Q1,345932329533.22,22531248.4254002,15353.447043939177,9.639095290927893
COL,Colombia,2023,2,2023.25,2023-Q2,343687952135.058,22794511.8459412,15077.662310029034,9.620969610316381
COL,Colombia,2023,3,2023.5,2023-Q3,342885908452.381,23047558.5029454,14877.320233662116,9.607593200344821
COL,Colombia,2023,4,2023.75,2023-Q4,345168389009.957,22780256.2257132,15152.085454611715,9.625893455233854
COL,Colombia,2024,1,2024.0,2024-Q1,346554255511.68,22745383.0696187,15236.246162614732,9.631432484111107
COL,Colombia,2024,2,2024.25,2024-Q2,348647942154.62,22936875.829036,15200.323913044138,9.629072016676005
COL,Colombia,2024,3,2024.5,2024-Q3,350120779361.001,23159119.7525397,15118.052115197755,9.6236448130745
COL,Colombia,2024,4,2024.75,2024-Q4,354370724881.927,23302791.0162003,15207.222372443088,9.629525750065245
COL,Colombia,2025,1,2025.0,2025-Q1,355987676801.229,23727090.6591469,15003.427175931245,9.61603393238255
COL,Colombia,2025,2,2025.25,2025-Q2,357499548034.203,23641649.6116704,15121.599123004,9.623879406244546
COL,Colombia,2025,3,2025.5,2025-Q3,361922913463.593,23774474.9451049,15223.171670426815,9.630573998038749
COL,Colombia,2025,4,2025.75,2025-Q4,364001447523.959,23841043.4749512,15267.848821566902,9.63350451216342
CRI,Costa Rica,2010,1,2010.0,2010-Q1,44874347096.7656,1895412.50861801,23675.240557257137,10.072185078816053
CRI,Costa Rica,2010,2,2010.25,2010-Q2,45403018669.0309,1891307.1752032,24006.15789138158,10.086065655226935
CRI,Costa Rica,2010,3,2010.5,2010-Q3,46141134065.6095,1881514.0,24523.40724842308,10.107383338325553
CRI,Costa Rica,2010,4,2010.75,2010-Q4,46448384639.0455,1886234.00000001,24624.932346169804,10.111514718672852
CRI,Costa Rica,2011,1,2011.0,2011-Q1,46683897903.1023,1802040.0,25906.13854470617,10.162235229053442
CRI,Costa Rica,2011,2,2011.25,2011-Q2,47751221354.8736,1765039.00000001,27053.918556402055,10.205587137235872
CRI,Costa Rica,2011,3,2011.5,2011-Q3,47920110918.8383,1836661.99999999,26090.8707856092,10.169340753794927
CRI,Costa Rica,2011,4,2011.75,2011-Q4,48563574413.7361,1918108.99999998,25318.464390572488,10.139289226337288
CRI,Costa Rica,2012,1,2012.0,2012-Q1,49566189826.8211,1994448.0,24852.084299425755,10.120696903235846
CRI,Costa Rica,2012,2,2012.25,2012-Q2,49821334335.1862,1968585.0,25308.195650777692,10.138883561024695
CRI,Costa Rica,2012,3,2012.5,2012-Q3,50116554065.8399,1998224.0,25080.548560041265,10.129847866917599
CRI,Costa Rica,2012,4,2012.75,2012-Q4,50736513425.4548,1994165.99999999,25442.472404732132,10.144175198452436
CRI,Costa Rica,2013,1,2013.0,2013-Q1,50869802784.5633,1980684.99999999,25682.934330579348,10.153582016485602
CRI,Costa Rica,2013,2,2013.25,2013-Q2,50730553367.0595,2008405.00000001,25259.125209835292,10.136942763865184
CRI,Costa Rica,2013,3,2013.5,2013-Q3,51660251264.2485,2026737.99999999,25489.358399679066,10.146016326385626
CRI,Costa Rica,2013,4,2013.75,2013-Q4,51975518660.7241,2088282.0,24889.128317307768,10.122186373346517
CRI,Costa Rica,2014,1,2014.0,2014-Q1,52629322768.1246,2084210.00000001,25251.449118910452,10.136638823904653
CRI,Costa Rica,2014,2,2014.25,2014-Q2,52822941567.7779,2048011.00000001,25792.313404458102,10.157831796459968
CRI,Costa Rica,2014,3,2014.5,2014-Q3,53243187171.284,2065801.00000001,25773.628326873564,10.157107090276973
CRI,Costa Rica,2014,4,2014.75,2014-Q4,53810363663.4158,2059600.0,26126.60888687891,10.170709571557637
CRI,Costa Rica,2015,1,2015.0,2015-Q1,53910085751.2282,2051208.0,26282.11558809648,10.176643971188604
CRI,Costa Rica,2015,2,2015.25,2015-Q2,55081286994.7733,2087363.00000002,26387.977076710074,10.180663771641083
CRI,Costa Rica,2015,3,2015.5,2015-Q3,55759707316.5765,2063116.99999999,27026.92446263434,10.20458885043032
CRI,Costa Rica,2015,4,2015.75,2015-Q4,55515619539.633,2027518.00000002,27381.07357845033,10.217607308389672
CRI,Costa Rica,2016,1,2016.0,2016-Q1,56890403846.0105,1992741.00000001,28548.819864704048,10.25937087849265
CRI,Costa Rica,2016,2,2016.25,2016-Q2,56686352899.1422,1954756.0,28999.19626753528,10.275023393671969
CRI,Costa Rica,2016,3,2016.5,2016-Q3,57673414067.0172,1972128.0,29244.254970781407,10.283438422113448
CRI,Costa Rica,2016,4,2016.75,2016-Q4,58277252857.3594,2063366.0,28243.7787854212,10.248628492337515
CRI,Costa Rica,2017,1,2017.0,2017-Q1,58582073799.2721,2060757.0,28427.453503383516,10.255110629876523
CRI,Costa Rica,2017,2,2017.25,2017-Q2,59837801334.0599,2079840.0,28770.38682497687,10.267101901883667
CRI,Costa Rica,2017,3,2017.5,2017-Q3,59828976788.7593,2068710.0,28920.9105136821,10.272320159652686
CRI,Costa Rica,2017,4,2017.75,2017-Q4,60821631060.8648,1995640.0,30477.25594839991,10.324735977808189
CRI,Costa Rica,2018,1,2018.0,2018-Q1,61128543481.7443,2004711.0,30492.44678247603,10.325234285449856
CRI,Costa Rica,2018,2,2018.25,2018-Q2,61718699032.6995,2160036.0,28572.995557805287,10.26021733949414
CRI,Costa Rica,2018,3,2018.5,2018-Q3,61454598994.3426,2138140.0,28742.08377110133,10.266117661218399
CRI,Costa Rica,2018,4,2018.75,2018-Q4,61022496768.2353,2165323.0,28181.706271182313,10.246428332632512
CRI,Costa Rica,2019,1,2019.0,2019-Q1,62065902457.9936,2171766.0,28578.54044035757,10.260411380913075
CRI,Costa Rica,2019,2,2019.25,2019-Q2,62904317176.8953,2183195.0,28812.963192429124,10.26858067570277
CRI,Costa Rica,2019,3,2019.5,2019-Q3,63028619688.0638,2162613.0,29144.659579898853,10.280026970188374
CRI,Costa Rica,2019,4,2019.75,2019-Q4,63256243822.9048,2182818.0,28979.16538296129,10.274332415700162
CRI,Costa Rica,2020,1,2020.0,2020-Q1,63198643616.4608,2208175.0,28620.305735034948,10.261871735619245
CRI,Costa Rica,2020,2,2020.25,2020-Q2,58168467344.7569,1745257.0,33329.456546948044,10.414196865946773
CRI,Costa Rica,2020,3,2020.5,2020-Q3,58790394987.8978,1846109.0,31845.57086710362,10.368653589072913
CRI,Costa Rica,2020,4,2020.75,2020-Q4,60360557242.9117,1953151.0,30904.193911741437,10.338647178975068
CRI,Costa Rica,2021,1,2021.0,2021-Q1,62854970784.5189,1992354.0,31548.093754683603,10.359268446324155
CRI,Costa Rica,2021,2,2021.25,2021-Q2,64150842844.2781,1969363.0,32574.412560954024,10.391282368398485
CRI,Costa Rica,2021,3,2021.5,2021-Q3,66134967127.7772,2093648.0,31588.38884462775,10.360544890426084
CRI,Costa Rica,2021,4,2021.75,2021-Q4,66464224092.4984,2103963.0,31590.01564785046,10.360596389137903
CRI,Costa Rica,2022,1,2022.0,2022-Q1,66859381658.0941,2102076.0,31806.35793286927,10.36742148377982
CRI,Costa Rica,2022,2,2022.25,2022-Q2,67147697163.682,2153988.0,31173.66353186833,10.347328899761402
CRI,Costa Rica,2022,3,2022.5,2022-Q3,68057313907.2364,2187884.0,31106.454413139087,10.345170614034389
CRI,Costa Rica,2022,4,2022.75,2022-Q4,69356512575.2392,2173061.0,31916.50513963446,10.370878557462795
CRI,Costa Rica,2023,1,2023.0,2023-Q1,69903012943.7364,2098103.0,33317.245599351605,10.413830427778347
CRI,Costa Rica,2023,2,2023.25,2023-Q2,71094031176.1005,2121609.0,33509.48792925581,10.419583899482275
CRI,Costa Rica,2023,3,2023.5,2023-Q3,71800614014.072,2077742.0,34557.04029377661,10.45036657960304
CRI,Costa Rica,2023,4,2023.75,2023-Q4,72498071686.0985,2081900.0,34823.032655794465,10.458034304756334
CRI,Costa Rica,2024,1,2024.0,2024-Q1,73195474553.7468,2157570.0,33924.9593541562,10.43190628659347
CRI,Costa Rica,2024,2,2024.25,2024-Q2,74117923515.292,2157476.0,34353.99676070186,10.444473644905235
CRI,Costa Rica,2024,3,2024.5,2024-Q3,74591521622.1967,2255397.0,33072.457586046585,10.406456117881909
CRI,Costa Rica,2024,4,2024.75,2024-Q4,75719078522.5509,2231365.0,33933.972488835716,10.432171929876905
CRI,Costa Rica,2025,1,2025.0,2025-Q1,75849101302.1211,2211416.0,34298.884200042456,10.442868102013893
CRI,Costa Rica,2025,2,2025.25,2025-Q2,77397002559.4752,2153487.0,35940.31566453626,10.489614943396816
CRI,Costa Rica,2025,3,2025.5,2025-Q3,78410774260.5525,2206569.0,35535.156281336545,10.478277803206483
CRI,Costa Rica,2025,4,2025.75,2025-Q4,78597283169.4839,2209878.8535,35566.33117919642,10.479154715939845
CZE,Czechia,1995,1,1995.0,1995-Q1,157126989202.475,4725320.90959213,33252.13085179384,10.41187412979883
CZE,Czechia,1995,2,1995.25,1995-Q2,160134850793.832,4742416.43049452,33766.50978267925,10.42722475543781
CZE,Czechia,1995,3,1995.5,1995-Q3,162154870143.565,4753562.8082563,34112.2809741619,10.4374127443045
CZE,Czechia,1995,4,1995.75,1995-Q4,163293758012.574,4756196.11641348,34332.84793472929,10.443857840620304
CZE,Czechia,1996,1,1996.0,1996-Q1,166140018055.952,4759437.93435828,34907.48704938261,10.460456613818145
CZE,Czechia,1996,2,1996.25,1996-Q2,167180447974.708,4748872.45226732,35204.240512900855,10.468921823446868
CZE,Czechia,1996,3,1996.5,1996-Q3,168083458999.933,4749827.06713954,35387.279710197305,10.474107704326878
CZE,Czechia,1996,4,1996.75,1996-Q4,168136430528.724,4745027.15835723,35434.23987207152,10.475433859682864
CZE,Czechia,1997,1,1997.0,1997-Q1,167197721299.314,4747071.2476631,35221.23696408022,10.46940450250332
CZE,Czechia,1997,2,1997.25,1997-Q2,166839203850.829,4728897.9207551,35280.779295017746,10.47109359873782
CZE,Czechia,1997,3,1997.5,1997-Q3,165917384094.366,4713877.96527185,35197.64094800819,10.468734340817852
CZE,Czechia,1997,4,1997.75,1997-Q4,165433539079.575,4696392.11967429,35225.66575872893,10.469530236765108
CZE,Czechia,1998,1,1998.0,1998-Q1,165277311454.807,4698632.19864614,35175.622280550044,10.468108572815446
CZE,Czechia,1998,2,1998.25,1998-Q2,165786490679.02,4672527.60745012,35481.11527788117,10.47675586991711
CZE,Czechia,1998,3,1998.5,1998-Q3,165876887744.457,4640176.39842096,35747.97022822333,10.484248769677375
CZE,Czechia,1998,4,1998.75,1998-Q4,165876695818.628,4617798.52932513,35921.16346463259,10.48908191233235
CZE,Czechia,1999,1,1999.0,1999-Q1,165942910229.617,4580752.94915012,36226.12091761134,10.497535709915434
CZE,Czechia,1999,2,1999.25,1999-Q2,166668006011.403,4558237.79337094,36564.13148383545,10.506823024758805
CZE,Czechia,1999,3,1999.5,1999-Q3,168203796494.687,4539225.19764903,37055.61834248798,10.520175261400135
CZE,Czechia,1999,4,1999.75,1999-Q4,170208461778.104,4533881.7677568,37541.44252030572,10.533200735622415
CZE,Czechia,2000,1,2000.0,2000-Q1,172492954920.136,4517649.99699872,38182.00945950459,10.550119727102324
CZE,Czechia,2000,2,2000.25,2000-Q2,174156568005.503,4518307.7487265,38544.644962395396,10.55957245786107
CZE,Czechia,2000,3,2000.5,2000-Q3,176282914264.477,4526079.21677897,38948.26091663736,10.569989401178534
CZE,Czechia,2000,4,2000.75,2000-Q4,176912047131.786,4523056.64883195,39113.38302107545,10.57421996416398
CZE,Czechia,2001,1,2001.0,2001-Q1,179199227235.423,4532751.85520656,39534.312258807026,10.584924238598237
CZE,Czechia,2001,2,2001.25,2001-Q2,179413608386.363,4521126.83970875,39683.38309170746,10.588687817132064
CZE,Czechia,2001,3,2001.5,2001-Q3,180167684968.321,4518337.95511394,39874.769607351715,10.593499062198397
CZE,Czechia,2001,4,2001.75,2001-Q4,181395626421.964,4523500.87813197,40100.71652663707,10.599149481629711
CZE,Czechia,2002,1,2002.0,2002-Q1,181273177743.092,4545099.84888021,39883.211319934555,10.593710745405925
CZE,Czechia,2002,2,2002.25,2002-Q2,182171198696.765,4571859.99760298,39846.189251699994,10.592782052335867
CZE,Czechia,2002,3,2002.5,2002-Q3,183195506845.889,4580060.63902612,39998.489383503605,10.596596966970532
CZE,Czechia,2002,4,2002.75,2002-Q4,183972422601.492,4580752.34460898,40162.05390758713,10.600677896175055
CZE,Czechia,2003,1,2003.0,2003-Q1,186110668261.86,4566077.47257167,40759.419738237644,10.615442251176388
CZE,Czechia,2003,2,2003.25,2003-Q2,187793473930.123,4544254.12102876,41325.478049543795,10.629234490669353
CZE,Czechia,2003,3,2003.5,2003-Q3,189765127970.961,4528925.46697399,41900.695728992185,10.643057710282928
CZE,Czechia,2003,4,2003.75,2003-Q4,191049303692.487,4522425.33296434,42244.87738911077,10.651238380206376
CZE,Czechia,2004,1,2004.0,2004-Q1,193282744564.017,4515369.52693167,42805.5208795632,10.664422365764228
CZE,Czechia,2004,2,2004.25,2004-Q2,195695444159.789,4523140.3237896,43265.39310101051,10.675108358889092
CZE,Czechia,2004,3,2004.5,2004-Q3,198514642661.284,4532511.40249293,43797.93563279263,10.687341963582405
CZE,Czechia,2004,4,2004.75,2004-Q4,201901557764.824,4549710.77001699,44376.78964020609,10.700471855884624
CZE,Czechia,2005,1,2005.0,2005-Q1,205485772620.527,4566577.12432894,44997.766823159305,10.714368141369023
CZE,Czechia,2005,2,2005.25,2005-Q2,208349881765.997,4587685.20236073,45415.03450558996,10.723598485720016
CZE,Czechia,2005,3,2005.5,2005-Q3,211377511717.736,4621750.71012899,45735.37712765053,10.730627393987385
CZE,Czechia,2005,4,2005.75,2005-Q4,214978040268.9,4628474.14670424,46446.84910295495,10.746063907774404
CZE,Czechia,2006,1,2006.0,2006-Q1,219148396606.227,4643306.74073375,47196.62276104474,10.762077617340923
CZE,Czechia,2006,2,2006.25,2006-Q2,223283246665.197,4658702.52926345,47928.20431496804,10.777459426710942
CZE,Czechia,2006,3,2006.5,2006-Q3,225945641764.437,4665627.17257105,48427.7104464665,10.78782745875769
CZE,Czechia,2006,4,2006.75,2006-Q4,228767335301.709,4688067.84989661,48797.78676982122,10.795440237735322
CZE,Czechia,2007,1,2007.0,2007-Q1,233032502998.538,4717236.67190058,49400.21440659431,10.807710043381055
CZE,Czechia,2007,2,2007.25,2007-Q2,234674812316.892,4743118.77099478,49476.89983054618,10.80926116954243
CZE,Czechia,2007,3,2007.5,2007-Q3,237776333712.778,4768616.36261916,49862.75171487679,10.81702954438095
CZE,Czechia,2007,4,2007.75,2007-Q4,240809529513.556,4785811.10907829,50317.39114332367,10.826106044706851
CZE,Czechia,2008,1,2008.0,2008-Q1,242255882560.548,4817493.58839736,50286.70575587408,10.82549602206668
CZE,Czechia,2008,2,2008.25,2008-Q2,243833896726.202,4829845.48458545,50484.82348025477,10.82942804495325
CZE,Czechia,2008,3,2008.5,2008-Q3,244438079235.747,4835110.65849841,50554.805567089046,10.830813285550128
CZE,Czechia,2008,4,2008.75,2008-Q4,239136703988.399,4843122.26773967,49376.55726375173,10.807231041225085
CZE,Czechia,2009,1,2009.0,2009-Q1,231453337277.911,4808016.68840497,48139.04615516096,10.78184889716405
CZE,Czechia,2009,2,2009.25,2009-Q2,230311570521.468,4769770.67752282,48285.66949912155,10.784890097876426
CZE,Czechia,2009,3,2009.5,2009-Q3,231283099067.629,4740000.63295497,48793.8962412004,10.795360506993873
CZE,Czechia,2009,4,2009.75,2009-Q4,231253542489.971,4731289.31057181,48877.48926561043,10.7970722272564
CZE,Czechia,2010,1,2010.0,2010-Q1,233079140974.974,4706158.7351441,49526.40871086921,10.810261315601776
CZE,Czechia,2010,2,2010.25,2010-Q2,236372012422.327,4710367.16137853,50181.22883506828,10.823396308163186
CZE,Czechia,2010,3,2010.5,2010-Q3,238782984685.638,4719154.27844877,50598.68158498268,10.83168079930335
CZE,Czechia,2010,4,2010.75,2010-Q4,239879840798.106,4728335.4769805,50732.40720036483,10.834320180654455
CZE,Czechia,2011,1,2011.0,2011-Q1,240189225234.379,4701248.97494563,51090.51371548702,10.84135411738267
CZE,Czechia,2011,2,2011.25,2011-Q2,241529059446.302,4705794.50224942,51325.88329788914,10.845950451634597
CZE,Czechia,2011,3,2011.5,2011-Q3,241478007175.8,4711675.58215897,51250.98342724833,10.84449008564091
CZE,Czechia,2011,4,2011.75,2011-Q4,241678953518.714,4702701.47832378,51391.514990413016,10.847228359808854
CZE,Czechia,2012,1,2012.0,2012-Q1,241319476441.085,4703684.96822227,51304.345012776284,10.84553072567698
CZE,Czechia,2012,2,2012.25,2012-Q2,239605578788.532,4715897.3869264,50808.056055837056,10.835810204769816
CZE,Czechia,2012,3,2012.5,2012-Q3,238732508192.623,4736024.63370098,50407.784303702996,10.827900892603513
CZE,Czechia,2012,4,2012.75,2012-Q4,238406234283.403,4734469.18049465,50355.430607850045,10.826861749487446
CZE,Czechia,2013,1,2013.0,2013-Q1,237492859263.414,4752450.582473,49972.71515863538,10.819232438636288
CZE,Czechia,2013,2,2013.25,2013-Q2,238362859046.059,4770877.63089124,49962.05677183357,10.819019131763488
CZE,Czechia,2013,3,2013.5,2013-Q3,239585426576.492,4773521.58883546,50190.498171590094,10.823581008313807
CZE,Czechia,2013,4,2013.75,2013-Q4,242307702534.366,4776522.50374083,50728.893739032486,10.83425092348347
CZE,Czechia,2014,1,2014.0,2014-Q1,241411025061.496,4782489.77055978,50478.10589111607,10.82929497454433
CZE,Czechia,2014,2,2014.25,2014-Q2,243408397163.413,4790452.22361259,50811.15222559367,10.835871141472825
CZE,Czechia,2014,3,2014.5,2014-Q3,246081348183.246,4808769.18787916,51173.458024043095,10.84297627864501
CZE,Czechia,2014,4,2014.75,2014-Q4,248350871110.619,4831956.58701102,51397.579145934615,10.847346352005975
CZE,Czechia,2015,1,2015.0,2015-Q1,253017547641.619,4851461.90372842,52152.846433189814,10.861934040592123
CZE,Czechia,2015,2,2015.25,2015-Q2,256079724242.569,4866098.47539557,52625.265505288,10.870951616203081
CZE,Czechia,2015,3,2015.5,2015-Q3,259029816159.411,4872533.17882823,53161.22161772611,10.881084492580566
CZE,Czechia,2015,4,2015.75,2015-Q4,260351609343.412,4889372.36193822,53248.47241542567,10.882724396125932
CZE,Czechia,2016,1,2016.0,2016-Q1,261194739510.004,4939214.80539853,52881.83442123631,10.875815164189312
CZE,Czechia,2016,2,2016.25,2016-Q2,261868591095.459,4945882.51318882,52946.78763540245,10.877042681302543
CZE,Czechia,2016,3,2016.5,2016-Q3,264367849240.089,4964583.20478331,53250.76412968043,10.882767433321867
CZE,Czechia,2016,4,2016.75,2016-Q4,266704930059.254,4999717.47850703,53344.00017716501,10.8845167888717
CZE,Czechia,2017,1,2017.0,2017-Q1,271039958757.822,5014773.51583099,54048.295082955185,10.897633279238773
CZE,Czechia,2017,2,2017.25,2017-Q2,277735099375.03,5016332.1340866,55366.170331463014,10.921724042380085
CZE,Czechia,2017,3,2017.5,2017-Q3,279918255679.374,5066713.22660332,55246.51646152644,10.919560566922126
CZE,Czechia,2017,4,2017.75,2017-Q4,281811220130.34,5070103.39227941,55582.93358661543,10.925631483238899
CZE,Czechia,2018,1,2018.0,2018-Q1,283121881616.263,5110904.38450124,55395.65218140784,10.922256389175619
CZE,Czechia,2018,2,2018.25,2018-Q2,283997639173.776,5115603.20091221,55515.96322465624,10.924425884047675
CZE,Czechia,2018,3,2018.5,2018-Q3,285871602967.677,5105304.12293864,55995.01931397728,10.933018024939983
CZE,Czechia,2018,4,2018.75,2018-Q4,288786956309.478,5121979.40699927,56381.90499455071,10.939903552578143
CZE,Czechia,2019,1,2019.0,2019-Q1,292879582686.078,5137202.62345903,57011.491302415,10.95100812829453
CZE,Czechia,2019,2,2019.25,2019-Q2,294335915876.176,5113129.61296478,57564.72809331138,10.96066529962421
CZE,Czechia,2019,3,2019.5,2019-Q3,296399310463.253,5112389.03875548,57976.673570093975,10.967796028806594
CZE,Czechia,2019,4,2019.75,2019-Q4,298207443697.822,5103793.01849901,58428.59273817549,10.97556065068161
CZE,Czechia,2020,1,2020.0,2020-Q1,288383336291.189,5111023.86652913,56423.78979674549,10.940646153458303
CZE,Czechia,2020,2,2020.25,2020-Q2,263255447135.476,5025793.03201625,52380.87709908401,10.866296862844838
CZE,Czechia,2020,3,2020.5,2020-Q3,282559155085.771,5026586.90055455,56212.925524991544,10.936902000985674
CZE,Czechia,2020,4,2020.75,2020-Q4,284730603914.549,5020947.76810578,56708.537325009354,10.945680048487288
CZE,Czechia,2021,1,2021.0,2021-Q1,284731179692.036,5028281.66039575,56625.94081287529,10.944222477444226
CZE,Czechia,2021,2,2021.25,2021-Q2,288869292490.099,5023415.15624596,57504.56283330033,10.959619577259724
CZE,Czechia,2021,3,2021.5,2021-Q3,293850727380.582,5089115.65428714,57741.019725703845,10.963723113707045
CZE,Czechia,2021,4,2021.75,2021-Q4,295903182195.409,5112466.19559254,57878.75574620078,10.966105683385825
CZE,Czechia,2022,1,2022.0,2022-Q1,298538131901.109,4978769.50457926,59962.23195842394,11.001470175646881
CZE,Czechia,2022,2,2022.25,2022-Q2,299441334852.163,4981787.58461864,60107.20645269854,11.003885021033756
CZE,Czechia,2022,3,2022.5,2022-Q3,299813479034.504,4990630.04181468,60075.27637241702,11.003353661050468
CZE,Czechia,2022,4,2022.75,2022-Q4,298719501809.47,4986892.73921993,59900.92777816531,11.000447272767653
CZE,Czechia,2023,1,2023.0,2023-Q1,299321765060.725,5039402.30501462,59396.282920868456,10.991986926302951
CZE,Czechia,2023,2,2023.25,2023-Q2,300093498818.947,5069246.13051599,59198.84162113095,10.98865725347003
CZE,Czechia,2023,3,2023.5,2023-Q3,298968429609.622,5066844.04211659,59004.86123601565,10.985375113324444
CZE,Czechia,2023,4,2023.75,2023-Q4,300172188408.817,5067756.25728471,59231.7730311774,10.989213383504344
CZE,Czechia,2024,1,2024.0,2024-Q1,300764855368.625,5229285.62760474,57515.4766419576,10.959809349559226
CZE,Czechia,2024,2,2024.25,2024-Q2,301664795580.587,5172742.9024761,58318.14982263769,10.973668641601762
CZE,Czechia,2024,3,2024.5,2024-Q3,303467171040.288,5183987.25522597,58539.33586244125,10.97745421516002
CZE,Czechia,2024,4,2024.75,2024-Q4,305952994376.891,5183897.72096964,59019.87478249532,10.985629526883283
CZE,Czechia,2025,1,2025.0,2025-Q1,308074350564.312,5253713.10865651,58639.35547921333,10.979161345354381
CZE,Czechia,2025,2,2025.25,2025-Q2,309481166890.54,5248977.41366246,58960.27787907747,10.984619239862246
CZE,Czechia,2025,3,2025.5,2025-Q3,311452396220.934,5244416.57246044,59387.42506772585,10.991837783742763
CZE,Czechia,2025,4,2025.75,2025-Q4,312413224786.936,5253177.38294,59471.287948797646,10.993248919583962
DEU,Germany,1991,1,1991.0,1991-Q1,2968504843039.37,37230000.0,79734.21549931158,11.286454076283876
DEU,Germany,1991,2,1991.25,1991-Q2,2954251413426.29,37166666.6666667,79486.58511460862,11.283343545707364
DEU,Germany,1991,3,1991.5,1991-Q3,2949639953984.41,37030000.0,79655.41328610343,11.285465276445025
DEU,Germany,1991,4,1991.75,1991-Q4,2991981191536.2,36886666.6666667,81112.81018081143,11.303596183003622
DEU,Germany,1992,1,1992.0,1992-Q1,3033172139864.56,36750000.0,82535.29632284517,11.320981315044115
DEU,Germany,1992,2,1992.25,1992-Q2,3014306521855.72,36613333.3333333,82328.10966466833,11.318467879560862
DEU,Germany,1992,3,1992.5,1992-Q3,3007179442572.25,36493333.3333333,82403.52875152319,11.319383539635021
DEU,Germany,1992,4,1992.75,1992-Q4,2998794820651.06,36400000.0,82384.47309480935,11.319152264826355
DEU,Germany,1993,1,1993.0,1993-Q1,2975002689333.2,36306666.6666667,81940.94810869989,11.313754121801555
DEU,Germany,1993,2,1993.25,1993-Q2,2975422129396.04,36210000.0,82171.28222579509,11.31656115535253
DEU,Germany,1993,3,1993.5,1993-Q3,2993030642139.49,36123333.3333333,82855.8819453583,11.324858015450648
DEU,Germany,1993,4,1993.75,1993-Q4,2990515119491.74,36046666.6666667,82962.32068129473,11.32614181600896
DEU,Germany,1994,1,1994.0,1994-Q1,3032753088577.12,35973333.3333333,84305.5899345012,11.342203451809343
DEU,Germany,1994,2,1994.25,1994-Q2,3049522526807.19,35916666.6666667,84905.499586279,11.34929414742503
DEU,Germany,1994,3,1994.5,1994-Q3,3067549556271.9,35880000.0,85494.69220378762,11.356209573509977
DEU,Germany,1994,4,1994.75,1994-Q4,3101507532616.41,35850000.0,86513.45976614812,11.368055285047815
DEU,Germany,1995,1,1995.0,1995-Q1,3089245459214.08,35826666.6666667,86227.54352104793,11.364744936019404
DEU,Germany,1995,2,1995.25,1995-Q2,3113979787720.95,35793333.3333333,86998.87654277202,11.373650484251872
DEU,Germany,1995,3,1995.5,1995-Q3,3120268084072.6,35740000.0,87304.6470081869,11.377158970745338
DEU,Germany,1995,4,1995.75,1995-Q4,3121525772501.09,35686666.6666667,87470.36537925705,11.379055333600295
DEU,Germany,1996,1,1996.0,1996-Q1,3099308132968.17,35643333.3333333,86953.37509496417,11.373127335532415
DEU,Germany,1996,2,1996.25,1996-Q2,3141649613504.58,35576666.6666667,88306.46341716229,11.38856858229554
DEU,Germany,1996,3,1996.5,1996-Q3,3153807009129.67,35483333.3333333,88881.36239914532,11.395057752719268
DEU,Germany,1996,4,1996.75,1996-Q4,3182733259821.73,35386666.6666667,89941.5955111641,11.40691579989566
DEU,Germany,1997,1,1997.0,1997-Q1,3166489251548.72,35300000.0,89702.245086366,11.404251076567183
DEU,Germany,1997,2,1997.25,1997-Q2,3201705062112.49,35266666.6666667,90785.58777256579,11.416255827019501
DEU,Germany,1997,3,1997.5,1997-Q3,3214281946397.34,35296666.6666667,91064.74491634725,11.419326015112455
DEU,Germany,1997,4,1997.75,1997-Q4,3238178463910.9,35343333.3333333,91620.62993240319,11.4254117429072
DEU,Germany,1998,1,1998.0,1998-Q1,3269096896961.43,35400000.0,92347.36997066186,11.4333125062902
DEU,Germany,1998,2,1998.25,1998-Q2,3254004975998.08,35483333.3333333,91705.16606852278,11.426333993282821
DEU,Germany,1998,3,1998.5,1998-Q3,3269935193924.0,35600000.0,91852.1121888764,11.4279350864472
DEU,Germany,1998,4,1998.75,1998-Q4,3269097091349.13,35720000.0,91520.07534572032,11.424313629883832
DEU,Germany,1999,1,1999.0,1999-Q1,3307037391339.72,35850000.0,92246.51021868117,11.432219731579425
DEU,Germany,1999,2,1999.25,1999-Q2,3302844837394.5,35936666.6666667,91907.37883483434,11.428536597120923
DEU,Germany,1999,3,1999.5,1999-Q3,3348123516100.07,35963333.3333333,93098.25329780535,11.44141070151886
DEU,Germany,1999,4,1999.75,1999-Q4,3364055094739.9,35976666.6666667,93506.58097118215,11.445787097518416
DEU,Germany,2000,1,2000.0,2000-Q1,3415934596624.14,35990000.0,94913.43697205168,11.460720565429055
DEU,Germany,2000,2,2000.25,2000-Q2,3443184739360.31,36020000.0,95590.91447418962,11.46783305764234
DEU,Germany,2000,3,2000.5,2000-Q3,3445700116217.28,36086666.6666667,95484.0231724721,11.466714215849851
DEU,Germany,2000,4,2000.75,2000-Q4,3431027100750.59,36163333.3333333,94875.85309477168,11.460324506433755
DEU,Germany,2001,1,2001.0,2001-Q1,3503869032182.46,36226666.6666667,96720.71307091802,11.4795828577896
DEU,Germany,2001,2,2001.25,2001-Q2,3495065456167.69,36240000.0,96442.20353663604,11.476699180817114
DEU,Germany,2001,3,2001.5,2001-Q3,3495065358973.84,36173333.3333333,96619.94173351944,11.478540435060394
DEU,Germany,2001,4,2001.75,2001-Q4,3484165651777.23,36103333.3333333,96505.37305264242,11.477353965079036
DEU,Germany,2002,1,2002.0,2002-Q1,3467919796821.06,36036666.6666667,96233.09028270438,11.474528551341047
DEU,Germany,2002,2,2002.25,2002-Q2,3481335269650.04,35930000.0,96892.15891038241,11.481353875207208
DEU,Germany,2002,3,2002.5,2002-Q3,3505231932954.36,35810000.0,97884.16456169673,11.491540064278135
DEU,Germany,2002,4,2002.75,2002-Q4,3495589428216.99,35713333.3333333,97879.11409978515,11.491488466634827
DEU,Germany,2003,1,2003.0,2003-Q1,3448111787235.52,35616666.6666667,96811.74882270988,11.4805236380351
DEU,Germany,2003,2,2003.25,2003-Q2,3453142249367.91,35496666.6666667,97280.74700069228,11.485356376042759
DEU,Germany,2003,3,2003.5,2003-Q3,3484584022707.71,35443333.3333333,98314.2299268611,11.495924055850384
DEU,Germany,2003,4,2003.75,2003-Q4,3488776333668.31,35466666.6666667,98367.75376884323,11.496468323731944
DEU,Germany,2004,1,2004.0,2004-Q1,3483431595219.57,35320000.0,98624.90360191307,11.499079080727299
DEU,Germany,2004,2,2004.25,2004-Q2,3503974195928.95,35360000.0,99094.29287129384,11.503827129066332
DEU,Germany,2004,3,2004.5,2004-Q3,3492654611297.18,35483333.3333333,98430.84860396008,11.497109535981604
DEU,Germany,2004,4,2004.75,2004-Q4,3491397165853.32,35550000.0,98210.89074130295,11.494872391872455
DEU,Germany,2005,1,2005.0,2005-Q1,3496950968274.98,35616666.6666667,98182.99396186176,11.494588301767807
DEU,Germany,2005,2,2005.25,2005-Q2,3517913203434.9,35573333.3333333,98891.86291514907,11.501782238342733
DEU,Germany,2005,3,2005.5,2005-Q3,3545583709575.49,35630000.0,99511.19027716784,11.508025381920124
DEU,Germany,2005,4,2005.75,2005-Q4,3558999716970.65,35853333.3333333,99265.51832383749,11.505553542234809
DEU,Germany,2006,1,2006.0,2006-Q1,3598721337260.55,36136666.6666667,99586.42202547402,11.508781109234144
DEU,Germany,2006,2,2006.25,2006-Q2,3660349139388.69,36310000.0,100808.29356619912,11.520975908677254
DEU,Germany,2006,3,2006.5,2006-Q3,3688018770784.62,36453333.3333333,101170.96115905148,11.524567049590228
DEU,Germany,2006,4,2006.75,2006-Q4,3742100053566.45,36616666.6666667,102196.63323349421,11.53465401328831
DEU,Germany,2007,1,2007.0,2007-Q1,3747026809860.11,36863333.3333333,101646.44569653983,11.529255852351115
DEU,Germany,2007,2,2007.25,2007-Q2,3771761429948.53,37160000.0,101500.57669398627,11.52781975916199
DEU,Germany,2007,3,2007.5,2007-Q3,3791045661872.47,37303333.3333333,101627.53092321884,11.529069751073518
DEU,Germany,2007,4,2007.75,2007-Q4,3819133761392.73,37333333.3333333,102298.22575159108,11.535647608207606
DEU,Germany,2008,1,2008.0,2008-Q1,3841564790024.93,37443333.3333333,102596.76284229326,11.53856165997635
DEU,Germany,2008,2,2008.25,2008-Q2,3827729731342.34,37540000.0,101964.03120251306,11.532375394806492
DEU,Germany,2008,3,2008.5,2008-Q3,3806767447585.49,37776666.6666667,100770.3374460113,11.520599319944154
DEU,Germany,2008,4,2008.75,2008-Q4,3747653661600.41,37883333.3333333,98926.18552398804,11.502129250250436
DEU,Germany,2009,1,2009.0,2009-Q1,3571994340425.95,37876666.6666667,94305.93171942129,11.454299369288236
DEU,Germany,2009,2,2009.25,2009-Q2,3580798645394.6,37810000.0,94705.06864307326,11.458522800899969
DEU,Germany,2009,3,2009.5,2009-Q3,3603018860564.56,37753333.3333333,95435.78122632607,11.466208852382456
DEU,Germany,2009,4,2009.75,2009-Q4,3630689172317.45,37766666.6666667,96134.75301811422,11.473506163487977
DEU,Germany,2010,1,2010.0,2010-Q1,3657097907887.82,37500000.0,97522.61087700853,11.487839536530656
DEU,Germany,2010,2,2010.25,2010-Q2,3736335632070.25,37380000.0,99955.47437320091,11.512480109546232
DEU,Germany,2010,3,2010.5,2010-Q3,3772390857325.88,37416666.6666667,100821.13649868712,11.521103300125032
DEU,Germany,2010,4,2010.75,2010-Q4,3797126497949.73,37540000.0,101148.81454314677,11.524348122736278
DEU,Germany,2011,1,2011.0,2011-Q1,3865774903497.87,37883333.3333333,102044.21214688623,11.533161450773498
DEU,Germany,2011,2,2011.25,2011-Q2,3876255753794.74,38106666.6666667,101721.19717795846,11.529990988813617
DEU,Germany,2011,3,2011.5,2011-Q3,3897217551582.33,38253333.3333333,101879.16220588185,11.531542705717236
DEU,Germany,2011,4,2011.75,2011-Q4,3896798305907.2,38363333.3333333,101576.11363039023,11.528563684422608
DEU,Germany,2012,1,2012.0,2012-Q1,3905078152857.29,38363333.3333333,101791.94072961927,11.530686212279164
DEU,Germany,2012,2,2012.25,2012-Q2,3909270609608.66,38450000.0,101671.53731101847,11.52950267375112
DEU,Germany,2012,3,2012.5,2012-Q3,3917235742870.08,38553333.3333333,101605.63054305941,11.528854231321857
DEU,Germany,2012,4,2012.75,2012-Q4,3905497495726.28,38600000.0,101178.69159912642,11.524643456344313
DEU,Germany,2013,1,2013.0,2013-Q1,3883905395816.68,38676666.6666667,100419.85854908239,11.51711526099462
DEU,Germany,2013,2,2013.25,2013-Q2,3929184317506.87,38816666.6666667,101224.15588252984,11.525092701843906
DEU,Germany,2013,3,2013.5,2013-Q3,3949308109913.44,38876666.6666667,101585.56400360378,11.528656717452561
DEU,Germany,2013,4,2013.75,2013-Q4,3955177354977.66,38896666.6666667,101684.22371182595,11.529627444259317
DEU,Germany,2014,1,2014.0,2014-Q1,3996472009144.75,38920000.0,102684.27567175617,11.539414274863706
DEU,Germany,2014,2,2014.25,2014-Q2,3995633420600.62,39086666.6666667,102224.97238446059,11.534931275088132
DEU,Germany,2014,3,2014.5,2014-Q3,4017852469444.37,39200000.0,102496.2364654176,11.53758135947594
DEU,Germany,2014,4,2014.75,2014-Q4,4048455848627.76,39216666.6666667,103233.04331392494,11.544744267931069
DEU,Germany,2015,1,2015.0,2015-Q1,4039653924908.45,39286666.6666667,102825.06172344595,11.54078439337509
DEU,Germany,2015,2,2015.25,2015-Q2,4060614847951.38,39256666.6666667,103437.58634502954,11.546723679308743
DEU,Germany,2015,3,2015.5,2015-Q3,4082414894104.62,39293333.3333333,103895.86598501758,11.551144387893599
DEU,Germany,2015,4,2015.75,2015-Q4,4103375817147.56,39636666.6666667,103524.74519756681,11.547565947145989
DEU,Germany,2016,1,2016.0,2016-Q1,4139431576969.36,40103333.3333333,103219.13997928759,11.544609579748686
DEU,Germany,2016,2,2016.25,2016-Q2,4148654350062.34,40250000.0,103072.15776552397,11.543184582763912
DEU,Germany,2016,3,2016.5,2016-Q3,4163327365529.03,40296666.6666667,103316.91700378095,11.545556407467062
DEU,Germany,2016,4,2016.75,2016-Q4,4182611791840.67,40420000.0,103478.76773480134,11.547121727984003
DEU,Germany,2017,1,2017.0,2017-Q1,4236902041401.57,40406666.6666667,104856.50985154841,11.560348121685024
DEU,Germany,2017,2,2017.25,2017-Q2,4267088070189.91,40543333.3333333,105247.58867524247,11.564070840833176
DEU,Germany,2017,3,2017.5,2017-Q3,4301046629697.52,40773333.3333333,105486.75514300664,11.566340680348809
DEU,Germany,2017,4,2017.75,2017-Q4,4344648374299.46,40770000.0,106564.83625949129,11.576508870062382
DEU,Germany,2018,1,2018.0,2018-Q1,4320645769697.84,40733333.3333333,106071.50007441515,11.571868674705682
DEU,Germany,2018,2,2018.25,2018-Q2,4354603940430.05,40763333.3333333,106826.49293719977,11.578961235955873
DEU,Germany,2018,3,2018.5,2018-Q3,4326095477505.36,40843333.3333333,105919.25595785596,11.570432346579093
DEU,Germany,2018,4,2018.75,2018-Q4,4345380681367.81,40883333.3333333,106287.33831311407,11.573901444470867
DEU,Germany,2019,1,2019.0,2019-Q1,4373888609726.31,41016666.6666667,106636.86167557025,11.577184525270729
DEU,Germany,2019,2,2019.25,2019-Q2,4376404083777.13,41120000.0,106430.06040314032,11.575243338573596
DEU,Germany,2019,3,2019.5,2019-Q3,4393173764991.84,41183333.3333333,106673.58393343206,11.577528833381095
DEU,Germany,2019,4,2019.75,2019-Q4,4378500506540.52,41160000.0,106377.56332702916,11.5747499626667
DEU,Germany,2020,1,2020.0,2020-Q1,4289622172900.81,40736666.6666667,105301.25618772948,11.564580627658977
DEU,Germany,2020,2,2020.25,2020-Q2,3908955895919.98,40233333.3333333,97157.14737166488,11.484085022574604
DEU,Germany,2020,3,2020.5,2020-Q3,4248118017388.46,40040000.0,106096.85358113037,11.57210766894209
DEU,Germany,2020,4,2020.75,2020-Q4,4289203121613.37,40120000.0,106909.34999036316,11.57973655801865
DEU,Germany,2021,1,2021.0,2021-Q1,4262791470227.48,40260000.0,105881.55663754298,11.57007635813647
DEU,Germany,2021,2,2021.25,2021-Q2,4362988756738.93,40596666.6666667,107471.60087213054,11.584981913715048
DEU,Germany,2021,3,2021.5,2021-Q3,4366761773427.46,40936666.6666667,106671.1613083818,11.57750612248613
DEU,Germany,2021,4,2021.75,2021-Q4,4390238948072.03,41053333.3333333,106939.88993355067,11.580022179266647
DEU,Germany,2022,1,2022.0,2022-Q1,4420004710649.79,41400000.0,106763.39880796595,11.578370438979915
DEU,Germany,2022,2,2022.25,2022-Q2,4426712398467.36,41756666.6666667,106012.11140258698,11.57130862508217
DEU,Germany,2022,3,2022.5,2022-Q3,4439708722815.05,41846666.6666667,106094.6803285418,11.572087185065579
DEU,Germany,2022,4,2022.75,2022-Q4,4424197118804.24,41993333.3333333,105354.74961432554,11.565088502357751
DEU,Germany,2023,1,2023.0,2023-Q1,4403340095987.73,42206666.6666667,104328.07050989718,11.55529573718477
DEU,Germany,2023,2,2023.25,2023-Q2,4399986033392.79,42316666.6666667,103977.61402267317,11.551930905171961
DEU,Germany,2023,3,2023.5,2023-Q3,4399986227780.49,42263333.3333333,104108.83100671569,11.553192082961957
DEU,Germany,2023,4,2023.75,2023-Q4,4387828103201.52,42293333.3333333,103747.51189789227,11.549715456098317
DEU,Germany,2024,1,2024.0,2024-Q1,4383112014579.33,42366666.6666667,103456.61718125868,11.546907646147432
DEU,Germany,2024,2,2024.25,2024-Q2,4371792478544.48,42406666.6666667,103092.10372294788,11.543378078545791
DEU,Germany,2024,3,2024.5,2024-Q3,4372630921297.83,42530000.0,102812.85965901316,11.540665718138877
DEU,Germany,2024,4,2024.75,2024-Q4,4380596589125.43,42643333.3333333,102726.4110636778,11.539824529979272
DEU,Germany,2025,1,2025.0,2025-Q1,4394011916163.63,42526666.6666667,103323.68512690766,11.54562191369439
DEU,Germany,2025,2,2025.25,2025-Q2,4384788754295.25,42486666.6666667,103203.87778821387,11.544461706790848
DEU,Germany,2025,3,2025.5,2025-Q3,4384788754295.25,42576666.6666667,102985.7219360036,11.542345635622311
DEU,Germany,2025,4,2025.75,2025-Q4,4392779248509.04,42619243.3333334,103070.32469235218,11.54316679823789
DNK,Denmark,1969,1,1969.0,1969-Q1,151685878081.61,2240661.11759269,67696.92966537371,11.122796105809504
DNK,Denmark,1969,2,1969.25,1969-Q2,152774620886.929,2249878.20458405,67903.5072101485,11.125842964792346
DNK,Denmark,1969,3,1969.5,1969-Q3,153331335214.926,2258297.20910157,67896.88026755636,11.125745366505324
DNK,Denmark,1969,4,1969.75,1969-Q4,153675581447.344,2266045.93082612,67816.62249507861,11.124562613423278
DNK,Denmark,1970,1,1970.0,1970-Q1,153811749659.25,2276835.05394209,67555.06921458445,11.120698384459955
DNK,Denmark,1970,2,1970.25,1970-Q2,154617858202.172,2283575.96628869,67708.65540920007,11.122969300199516
DNK,Denmark,1970,3,1970.5,1970-Q3,155738883933.38,2289726.13787707,68016.3803684287,11.127503842920454
DNK,Denmark,1970,4,1970.75,1970-Q4,157063091373.257,2295109.51138019,68433.81136911646,11.133622299737553
DNK,Denmark,1971,1,1971.0,1971-Q1,157768475613.774,2303560.07722431,68488.97807079474,11.134428107227878
DNK,Denmark,1971,2,1971.25,1971-Q2,159194209758.108,2307084.25391449,69002.33898610293,11.141895681354178
DNK,Denmark,1971,3,1971.5,1971-Q3,160670137528.069,2310528.88856993,69538.2508839842,11.149632252584952
DNK,Denmark,1971,4,1971.75,1971-Q4,162266741799.852,2314933.35189519,70095.64299853706,11.157615917004547
DNK,Denmark,1972,1,1972.0,1972-Q1,163352785423.475,2313611.52476635,70605.10534065215,11.164857734473802
DNK,Denmark,1972,2,1972.25,1972-Q2,165344889203.243,2322463.86008685,71193.74042576483,11.173160178166814
DNK,Denmark,1972,3,1972.5,1972-Q3,167325305368.01,2331854.75144263,71756.31555288433,11.181031151391178
DNK,Denmark,1972,4,1972.75,1972-Q4,169020704048.566,2339284.18479005,72253.17263611371,11.187931516929108
DNK,Denmark,1973,1,1973.0,1973-Q1,173140006005.317,2364051.70579511,73238.67137968718,11.201478857986098
DNK,Denmark,1973,2,1973.25,1973-Q2,173516620483.176,2360888.10173336,73496.33400913003,11.204990806530205
DNK,Denmark,1973,3,1973.5,1973-Q3,173215670109.268,2353242.52196298,73607.23278312109,11.206498571398436
DNK,Denmark,1973,4,1973.75,1973-Q4,172391267254.453,2343594.47687097,73558.4884483171,11.205836129952445
DNK,Denmark,1974,1,1974.0,1974-Q1,172852559058.316,2334761.76957053,74034.34530714949,11.212284390285545
DNK,Denmark,1974,2,1974.25,1974-Q2,171488798745.447,2327916.20571782,73666.2248942796,11.207299694903567
DNK,Denmark,1974,3,1974.5,1974-Q3,170335185411.388,2322719.99203423,73334.36057533954,11.202784544413818
DNK,Denmark,1974,4,1974.75,1974-Q4,169817093774.138,2317865.92323654,73264.41623379785,11.201830316167563
DNK,Denmark,1975,1,1975.0,1975-Q1,165157781709.445,2314309.52857383,71363.73923639412,11.175545165494226
DNK,Denmark,1975,2,1975.25,1975-Q2,167010342468.193,2306755.33737998,72400.54450589627,11.189969099145198
DNK,Denmark,1975,3,1975.5,1975-Q3,169715458168.012,2298844.89731224,73826.40662988601,11.2094717600017
DNK,Denmark,1975,4,1975.75,1975-Q4,172639412617.168,2292494.2251772,75306.36750189576,11.229319971991004
DNK,Denmark,1976,1,1976.0,1976-Q1,176847286397.219,2273563.75541223,77784.17736306411,11.261693313686731
DNK,Denmark,1976,2,1976.25,1976-Q2,178466012444.594,2275334.54257651,78435.0648685293,11.270026362325497
DNK,Denmark,1976,3,1976.5,1976-Q3,179351884714.659,2279936.38617783,78665.30215579004,11.272957449711958
DNK,Denmark,1976,4,1976.75,1976-Q4,179820643064.245,2284808.54110727,78702.71833678451,11.2734329743018
DNK,Denmark,1977,1,1977.0,1977-Q1,180862969111.43,2293472.86916373,78859.86860502,11.27542774124991
DNK,Denmark,1977,2,1977.25,1977-Q2,181402226164.301,2292339.04929894,79134.11684008033,11.278899373536792
DNK,Denmark,1977,3,1977.5,1977-Q3,182216630709.728,2290607.13269272,79549.49066081161,11.284134630990081
DNK,Denmark,1977,4,1977.75,1977-Q4,183366964447.093,2292530.20149332,79984.53600639611,11.289588595051132
DNK,Denmark,1978,1,1978.0,1978-Q1,183059911340.927,2264134.20488214,80852.05856887632,11.30037632626276
DNK,Denmark,1978,2,1978.25,1978-Q2,184999231970.04,2284629.34043977,80975.60015334014,11.301903155600087
DNK,Denmark,1978,3,1978.5,1978-Q3,187065527347.604,2312555.80484114,80891.24896186209,11.300860926143288
DNK,Denmark,1978,4,1978.75,1978-Q4,188928279631.369,2343183.77722667,80628.87830974122,11.297612156007716
DNK,Denmark,1979,1,1979.0,1979-Q1,192989867058.907,2384310.15515523,80941.59505282251,11.301483124843326
DNK,Denmark,1979,2,1979.25,1979-Q2,193543089337.083,2406637.56756302,80420.53857451674,11.295024877450933
DNK,Denmark,1979,3,1979.5,1979-Q3,193435873247.182,2420392.34517196,79919.22203564856,11.288771678986375
DNK,Denmark,1979,4,1979.75,1979-Q4,192872359199.425,2423759.98691817,79575.68416032138,11.284463849792521
DNK,Denmark,1980,1,1980.0,1980-Q1,193306338647.953,2476746.47054604,78048.49666560155,11.265085664587055
DNK,Denmark,1980,2,1980.25,1980-Q2,192449222563.097,2455363.43113238,78379.11900249409,11.26931283161
DNK,Denmark,1980,3,1980.5,1980-Q3,191787665638.837,2426952.31520786,79024.07659064824,11.27750785198737
DNK,Denmark,1980,4,1980.75,1980-Q4,191565244173.187,2398501.18425216,79868.73028495754,11.288139694513974
DNK,Denmark,1981,1,1981.0,1981-Q1,188600088510.998,2344956.47615278,80427.96974228795,11.295117277036782
DNK,Denmark,1981,2,1981.25,1981-Q2,189885066758.34,2335541.19773165,81302.3837655967,11.305930615716107
DNK,Denmark,1981,3,1981.5,1981-Q3,191730308768.593,2335960.27766608,82077.72649291616,11.315421961347932
DNK,Denmark,1981,4,1981.75,1981-Q4,193769790250.018,2342111.96638347,82732.93208489264,11.323373013172201
DNK,Denmark,1982,1,1982.0,1982-Q1,196090816923.831,2335082.32960017,83975.97568108322,11.338286033121937
DNK,Denmark,1982,2,1982.25,1982-Q2,197525527050.408,2341408.29594589,84361.84641201631,11.342870521645937
DNK,Denmark,1982,3,1982.5,1982-Q3,198685339241.06,2347247.47503775,84646.09776089528,11.346234287985958
DNK,Denmark,1982,4,1982.75,1982-Q4,199833164672.17,2354583.96998407,84869.83994608696,11.348874067090458
DNK,Denmark,1983,1,1983.0,1983-Q1,200152227434.262,2349201.95757824,85200.09392491575,11.352757815221914
DNK,Denmark,1983,2,1983.25,1983-Q2,201988282809.688,2364743.98349512,85416.55427373025,11.355295204946037
DNK,Denmark,1983,3,1983.5,1983-Q3,204141904560.352,2383287.17421137,85655.6049012023,11.358089941204911
DNK,Denmark,1983,4,1983.75,1983-Q4,206416823468.281,2402367.1724552,85922.26277273205,11.361198245205175
DNK,Denmark,1984,1,1984.0,1984-Q1,208651317412.931,2424736.8797945,86051.11719611182,11.362696784659553
DNK,Denmark,1984,2,1984.25,1984-Q2,210647973479.779,2438476.57648902,86385.07152817323,11.366570156624668
DNK,Denmark,1984,3,1984.5,1984-Q3,212584822039.836,2451234.94016061,86725.60045423757,11.370504395471954
DNK,Denmark,1984,4,1984.75,1984-Q4,214673296864.995,2466422.5448023,87038.3289827585,11.37410386363754
DNK,Denmark,1985,1,1985.0,1985-Q1,215701228168.234,2463980.81821202,87541.76435706059,11.379871265408818
DNK,Denmark,1985,2,1985.25,1985-Q2,218619902346.496,2492594.14704219,87707.78131125716,11.38176590089247
DNK,Denmark,1985,3,1985.5,1985-Q3,221680377148.909,2523881.56043711,87833.11413017189,11.383193862620663
DNK,Denmark,1985,4,1985.75,1985-Q4,224449959390.749,2551266.75400542,87975.88846339514,11.384818061182783
DNK,Denmark,1986,1,1986.0,1986-Q1,230103980776.656,2615885.61100415,87964.08367731603,11.384683870118032
DNK,Denmark,1986,2,1986.25,1986-Q2,231123274206.181,2618152.48086191,88277.23973131388,11.388237592678784
DNK,Denmark,1986,3,1986.5,1986-Q3,231331050699.064,2611278.39241951,88589.19499759715,11.391765176533289
DNK,Denmark,1986,4,1986.75,1986-Q4,231072072248.694,2603177.21598612,88765.40207469535,11.393752236784167
DNK,Denmark,1987,1,1987.0,1987-Q1,231666518375.394,2577344.0515709,89885.75593320282,11.406294764449077
DNK,Denmark,1987,2,1987.25,1987-Q2,231442958038.561,2587906.33298105,89432.50962717735,11.401239537421908
DNK,Denmark,1987,3,1987.5,1987-Q3,231394780857.881,2605239.27471553,88819.01294196762,11.394356015768892
DNK,Denmark,1987,4,1987.75,1987-Q4,231474600945.978,2621512.8844713,88298.09775764699,11.388473843411493
DNK,Denmark,1988,1,1988.0,1988-Q1,231059074274.221,2666985.62486283,86636.79028495138,11.369479834416047
DNK,Denmark,1988,2,1988.25,1988-Q2,231268250764.439,2660214.75853832,86935.93253031628,11.372926718657867
DNK,Denmark,1988,3,1988.5,1988-Q3,231556384021.458,2644279.57204331,87568.79812164787,11.380180027649306
DNK,Denmark,1988,4,1988.75,1988-Q4,231969205318.047,2626735.06179207,88310.84972832691,11.388618252524209
DNK,Denmark,1989,1,1989.0,1989-Q1,231697260018.38,2591436.98780655,89408.7956252001,11.400974341391464
DNK,Denmark,1989,2,1989.25,1989-Q2,232472977741.51,2591168.84195568,89717.41786075641,11.404420208246258
DNK,Denmark,1989,3,1989.5,1989-Q3,233368536497.041,2598936.49761124,89793.85864623355,11.40527186271148
DNK,Denmark,1989,4,1989.75,1989-Q4,234287626732.258,2609275.08720729,89790.31298038273,11.405232375201871
DNK,Denmark,1990,1,1990.0,1990-Q1,235306469660.787,2630242.3953216,89461.89525320005,11.40156806224421
DNK,Denmark,1990,2,1990.25,1990-Q2,236023743888.859,2623676.71068325,89959.15652557454,11.407111029924078
DNK,Denmark,1990,3,1990.5,1990-Q3,236715919088.161,2619179.75798176,90377.88199408095,11.41175484823705
DNK,Denmark,1990,4,1990.75,1990-Q4,237526983855.665,2618849.57207962,90698.97957790895,11.415301385520745
DNK,Denmark,1991,1,1991.0,1991-Q1,239024649149.114,2604302.18544628,91780.689078581,11.427157195858982
DNK,Denmark,1991,2,1991.25,1991-Q2,239125088442.542,2597714.13637435,92052.1180888251,11.430110196595571
DNK,Denmark,1991,3,1991.5,1991-Q3,241623169789.228,2595469.29356474,93094.2124371548,11.441367296318385
DNK,Denmark,1991,4,1991.75,1991-Q4,238978037622.787,2596297.13546318,92045.71940497606,11.43004068264648
DNK,Denmark,1992,1,1992.0,1992-Q1,243569920375.619,2605614.66820468,93478.87212480404,11.445490723162848
DNK,Denmark,1992,2,1992.25,1992-Q2,241168404354.274,2599674.95226281,92768.67638562125,11.437864322847153
DNK,Denmark,1992,3,1992.5,1992-Q3,247307952764.485,2593942.19687099,95340.57970251095,11.4652108091107
DNK,Denmark,1992,4,1992.75,1992-Q4,246098387032.665,2594550.93351007,94852.01614436136,11.460073231271794
DNK,Denmark,1993,1,1993.0,1993-Q1,243758344440.263,2552929.93923462,95481.79943917414,11.466690926517053
DNK,Denmark,1993,2,1993.25,1993-Q2,242596888947.081,2545792.74500218,95293.25960384622,11.464714358954645
DNK,Denmark,1993,3,1993.5,1993-Q3,244675250207.278,2529682.44303113,96721.72524315024,11.47959332263114
DNK,Denmark,1993,4,1993.75,1993-Q4,246342426042.782,2529779.97905818,97377.01621565272,11.486345488639333
DNK,Denmark,1994,1,1994.0,1994-Q1,252481265088.724,2519410.40152647,100214.4251431802,11.515067420775942
DNK,Denmark,1994,2,1994.25,1994-Q2,256701277718.645,2511690.59713416,102202.58737741872,11.534712273235765
DNK,Denmark,1994,3,1994.5,1994-Q3,257818861457.481,2498835.75909947,103175.593081153,11.544187602907174
DNK,Denmark,1994,4,1994.75,1994-Q4,262120424754.235,2502596.27148737,104739.39713753699,11.55923061201719
DNK,Denmark,1995,1,1995.0,1995-Q1,264971693457.108,2534933.74299977,104528.05490038088,11.55721078230216
DNK,Denmark,1995,2,1995.25,1995-Q2,263906123427.207,2565901.738407,102851.21970066126,11.541038754035203
DNK,Denmark,1995,3,1995.5,1995-Q3,264887900622.251,2551622.39066113,103811.55988900774,11.550332610459211
DNK,Denmark,1995,4,1995.75,1995-Q4,266621049301.655,2548920.13575397,104601.57050891222,11.55791384492579
DNK,Denmark,1996,1,1996.0,1996-Q1,267374133881.06,2561867.98841198,104366.86632194371,11.555667531662223
DNK,Denmark,1996,2,1996.25,1996-Q2,274224842917.85,2585874.58438859,106047.23236517224,11.571639862199877
DNK,Denmark,1996,3,1996.5,1996-Q3,274714023665.166,2572827.10692973,106775.1590945396,11.578480585706586
DNK,Denmark,1996,4,1996.75,1996-Q4,274779919803.318,2595662.17979628,105861.20256407329,11.569884105295246
DNK,Denmark,1997,1,1997.0,1997-Q1,278529353813.27,2603681.83309017,106975.18808690173,11.580352199515785
DNK,Denmark,1997,2,1997.25,1997-Q2,282927115296.74,2635667.61667271,107345.5216837659,11.583808085471365
DNK,Denmark,1997,3,1997.5,1997-Q3,281688969134.259,2629042.83970453,107145.06621197436,11.581938954223059
DNK,Denmark,1997,4,1997.75,1997-Q4,282518552290.79,2650060.8816076,106608.32520927083,11.576916885312363
DNK,Denmark,1998,1,1998.0,1998-Q1,286834618218.792,2636521.09983579,108792.84001810449,11.597200802581368
DNK,Denmark,1998,2,1998.25,1998-Q2,284548084769.613,2637877.74784396,107870.08040921729,11.58868282279626
DNK,Denmark,1998,3,1998.5,1998-Q3,289282781169.117,2633412.68009343,109850.91070452871,11.606879368215612
DNK,Denmark,1998,4,1998.75,1998-Q4,291184856229.818,2658742.82905851,109519.75236090425,11.603860198828512
DNK,Denmark,1999,1,1999.0,1999-Q1,293585672065.359,2651687.33559614,110716.54946806029,11.614728605879424
DNK,Denmark,1999,2,1999.25,1999-Q2,294894247872.392,2652144.6913998,111190.85954422307,11.619003459076833
DNK,Denmark,1999,3,1999.5,1999-Q3,296143874328.522,2661529.75227841,111268.29376038618,11.619699624805598
DNK,Denmark,1999,4,1999.75,1999-Q4,301405452678.387,2635550.56738351,114361.47589367359,11.647119552033923
DNK,Denmark,2000,1,2000.0,2000-Q1,303486254099.224,2651101.15755043,114475.54659877252,11.648116512344842
DNK,Denmark,2000,2,2000.25,2000-Q2,306888047168.628,2660088.53436398,115367.6064552506,11.655878887023713
DNK,Denmark,2000,3,2000.5,2000-Q3,307406654732.254,2663178.43305303,115428.48609653517,11.656406449184956
DNK,Denmark,2000,4,2000.75,2000-Q4,312416117677.881,2679357.36033754,116601.13813206441,11.666514313846298
DNK,Denmark,2001,1,2001.0,2001-Q1,307544468081.989,2675311.065301,114956.52676463142,11.652309307741099
DNK,Denmark,2001,2,2001.25,2001-Q2,309544263643.486,2672762.12474512,115814.37075063492,11.659743936167711
DNK,Denmark,2001,3,2001.5,2001-Q3,311609006027.551,2695219.25765737,115615.45694000245,11.65802493683561
DNK,Denmark,2001,4,2001.75,2001-Q4,313186609217.291,2705162.92383656,115773.65875365408,11.65939234634256
DNK,Denmark,2002,1,2002.0,2002-Q1,310976441913.092,2668782.2988338,116523.72021838647,11.665850138287572
DNK,Denmark,2002,2,2002.25,2002-Q2,311518602730.65,2690444.07287058,115787.05756119807,11.65950807242747
DNK,Denmark,2002,3,2002.5,2002-Q3,312875195024.851,2669783.03086163,117191.24416034494,11.671562444804747
DNK,Denmark,2002,4,2002.75,2002-Q4,312183679592.674,2665160.34504864,117135.04599175497,11.671082787403686
DNK,Denmark,2003,1,2003.0,2003-Q1,313102694439.962,2658564.40461198,117771.34076451295,11.676500233372241
DNK,Denmark,2003,2,2003.25,2003-Q2,310700600175.284,2654193.31084327,117060.27549160336,11.670444256264648
DNK,Denmark,2003,3,2003.5,2003-Q3,311623756477.371,2660407.45306373,117133.84583948014,11.67107254146565
DNK,Denmark,2003,4,2003.75,2003-Q4,317629718221.254,2657785.87781549,119509.14513938306,11.691148175788594
DNK,Denmark,2004,1,2004.0,2004-Q1,318993248779.843,2673081.00729751,119335.42152631798,11.68969347538552
DNK,Denmark,2004,2,2004.25,2004-Q2,321345433826.625,2690278.15627446,119446.91781300017,11.690627349264918
DNK,Denmark,2004,3,2004.5,2004-Q3,321980985531.637,2701494.96545345,119186.22453460394,11.688442460950258
DNK,Denmark,2004,4,2004.75,2004-Q4,325526353404.753,2687037.04149725,121146.9542017797,11.704759585208702
DNK,Denmark,2005,1,2005.0,2005-Q1,324157051558.118,2693993.76015078,120325.83607022729,11.69795864258039
DNK,Denmark,2005,2,2005.25,2005-Q2,331061035687.259,2694912.73513798,122846.6626657982,11.718692211652757
DNK,Denmark,2005,3,2005.5,2005-Q3,330603413782.69,2696072.87019163,122624.06459332517,11.71687856864958
DNK,Denmark,2005,4,2005.75,2005-Q4,332412656531.13,2722473.58287548,122099.49753857129,11.712591544927113
DNK,Denmark,2006,1,2006.0,2006-Q1,335893120851.588,2734493.92836728,122835.57018250324,11.718601912218613
DNK,Denmark,2006,2,2006.25,2006-Q2,345977127964.37,2744726.82952151,126051.57068570078,11.744446393353194
DNK,Denmark,2006,3,2006.5,2006-Q3,343558541963.828,2767200.22497455,124153.84288536177,11.729276744024412
DNK,Denmark,2006,4,2006.75,2006-Q4,343115623305.542,2769339.54952446,123897.99703848538,11.727213901534064
DNK,Denmark,2007,1,2007.0,2007-Q1,344423606445.939,2768287.47107599,124417.57225165167,11.731398705353737
DNK,Denmark,2007,2,2007.25,2007-Q2,340710693550.599,2760472.72149655,123424.76377230334,11.72338704918805
DNK,Denmark,2007,3,2007.5,2007-Q3,346541604909.818,2742530.91997641,126358.32193746016,11.746876974814072
DNK,Denmark,2007,4,2007.75,2007-Q4,350378432335.561,2737794.15324405,127978.36971066386,11.759616541986466
DNK,Denmark,2008,1,2008.0,2008-Q1,349063274257.485,2751000.0,126885.95938112868,11.751044004406356
DNK,Denmark,2008,2,2008.25,2008-Q2,345781347359.55,2760000.0,125283.09686940217,11.738331230502457
DNK,Denmark,2008,3,2008.5,2008-Q3,343952679044.278,2757000.0,124756.14038602758,11.734116233933708
DNK,Denmark,2008,4,2008.75,2008-Q4,337491410991.575,2751000.0,122679.53871013268,11.717330858114604
DNK,Denmark,2009,1,2009.0,2009-Q1,330875897513.299,2712000.0,122004.38698867957,11.71181228199249
DNK,Denmark,2009,2,2009.25,2009-Q2,324842677693.405,2668000.0,121755.12657174101,11.709767147423776
DNK,Denmark,2009,3,2009.5,2009-Q3,325747716360.007,2658000.0,122553.69313770016,11.716304524264732
DNK,Denmark,2009,4,2009.75,2009-Q4,326359241464.503,2605000.0,125281.8585276403,11.738321346105336
DNK,Denmark,2010,1,2010.0,2010-Q1,329235698499.394,2602000.0,126531.7826669462,11.748248801971647
DNK,Denmark,2010,2,2010.25,2010-Q2,330692532750.013,2606000.0,126896.59737145549,11.751127839879285
DNK,Denmark,2010,3,2010.5,2010-Q3,335240550304.545,2603000.0,128790.06926797732,11.765938987723183
DNK,Denmark,2010,4,2010.75,2010-Q4,333358273849.743,2591000.0,128660.08253560131,11.764929186466428
DNK,Denmark,2011,1,2011.0,2011-Q1,335638546274.174,2596000.0,129290.65727048306,11.769818305927247
DNK,Denmark,2011,2,2011.25,2011-Q2,338823774759.018,2598000.0,130417.15733603464,11.778493494482346
DNK,Denmark,2011,3,2011.5,2011-Q3,334454667789.538,2594000.0,128933.95057422438,11.767055541168867
DNK,Denmark,2011,4,2011.75,2011-Q4,337024444097.819,2571000.0,131086.90941183158,11.783615812835146
DNK,Denmark,2012,1,2012.0,2012-Q1,336214836560.451,2574000.0,130619.59462332983,11.780044519970971
DNK,Denmark,2012,2,2012.25,2012-Q2,336135603456.182,2566000.0,130995.94834613484,11.782921673049529
DNK,Denmark,2012,3,2012.5,2012-Q3,336741786693.7,2560000.0,131539.76042722657,11.787064445561503
DNK,Denmark,2012,4,2012.75,2012-Q4,336776092520.08,2568000.0,131143.3382087539,11.784046188799058
DNK,Denmark,2013,1,2013.0,2013-Q1,339232312851.99,2566000.0,132202.77196102493,11.792092174115034
DNK,Denmark,2013,2,2013.25,2013-Q2,339855025850.445,2558000.0,132859.66608696053,11.79704870794617
DNK,Denmark,2013,3,2013.5,2013-Q3,342723306839.303,2559000.0,133928.6075964451,11.80506215782481
DNK,Denmark,2013,4,2013.75,2013-Q4,342801233979.039,2553000.0,134273.88718332903,11.807636927145417
DNK,Denmark,2014,1,2014.0,2014-Q1,342839063024.998,2553000.0,134288.70467097455,11.807747273769333
DNK,Denmark,2014,2,2014.25,2014-Q2,343136350247.674,2571000.0,133464.15801154182,11.801588241461124
DNK,Denmark,2014,3,2014.5,2014-Q3,348157650791.503,2589000.0,134475.72452356239,11.809138974920664
DNK,Denmark,2014,4,2014.75,2014-Q4,347918541928.621,2607000.0,133455.52049429266,11.801523521487681
DNK,Denmark,2015,1,2015.0,2015-Q1,350540645980.482,2619000.0,133845.22565119588,11.804439378915214
DNK,Denmark,2015,2,2015.25,2015-Q2,352837383916.591,2619000.0,134722.1778986602,11.810969995457866
DNK,Denmark,2015,3,2015.5,2015-Q3,353402267336.944,2621000.0,134834.89787750627,11.811806330286709
DNK,Denmark,2015,4,2015.75,2015-Q4,354355396574.044,2638000.0,134327.29210539954,11.808034579329341
DNK,Denmark,2016,1,2016.0,2016-Q1,358727222336.155,2651000.0,135317.6998627518,11.815380624987483
DNK,Denmark,2016,2,2016.25,2016-Q2,362641008573.512,2670000.0,135820.60246198953,11.819090194396345
DNK,Denmark,2016,3,2016.5,2016-Q3,365599052989.099,2674000.0,136723.6548201567,11.825717049586627
DNK,Denmark,2016,4,2016.75,2016-Q4,367533345775.256,2678000.0,137241.72732459148,11.82949908305313
DNK,Denmark,2017,1,2017.0,2017-Q1,371088672939.15,2686000.0,138156.6168798027,11.836143225547694
DNK,Denmark,2017,2,2017.25,2017-Q2,375565391517.317,2690000.0,139615.38718115873,11.846646686596996
DNK,Denmark,2017,3,2017.5,2017-Q3,374726260134.147,2706000.0,138479.77092910087,11.838479535668341
DNK,Denmark,2017,4,2017.75,2017-Q4,377576822095.169,2715000.0,139070.65270540296,11.842737375820404
DNK,Denmark,2018,1,2018.0,2018-Q1,380645230347.912,2725000.0,139686.32306345395,11.847154638258004
DNK,Denmark,2018,2,2018.25,2018-Q2,380512172098.961,2739000.0,138923.7576118879,11.841680555238874
DNK,Denmark,2018,3,2018.5,2018-Q3,382556259657.408,2747000.0,139263.29073804442,11.844121598391444
DNK,Denmark,2018,4,2018.75,2018-Q4,383124376520.071,2750000.0,139317.95509820763,11.844514046638997
DNK,Denmark,2019,1,2019.0,2019-Q1,384646833521.687,2768000.0,138962.00633008924,11.84195583899505
DNK,Denmark,2019,2,2019.25,2019-Q2,388143000229.968,2775000.0,139871.3514342227,11.848478360800188
DNK,Denmark,2019,3,2019.5,2019-Q3,389402490258.592,2784000.0,139871.5841446092,11.848480024544697
DNK,Denmark,2019,4,2019.75,2019-Q4,390775982074.772,2795000.0,139812.51594804006,11.84805763229982
DNK,Denmark,2020,1,2020.0,2020-Q1,387528918267.199,2790000.0,138899.2538592111,11.841504156944069
DNK,Denmark,2020,2,2020.25,2020-Q2,364553533317.296,2729000.0,133585.02503382045,11.80249344573214
DNK,Denmark,2020,3,2020.5,2020-Q3,386547453139.986,2736000.0,141281.96386695394,11.85851291627171
DNK,Denmark,2020,4,2020.75,2020-Q4,386693924405.198,2764000.0,139903.73531302388,11.848709860175793
DNK,Denmark,2021,1,2021.0,2021-Q1,388727364287.948,2739000.0,141923.0975859613,11.863040623587356
DNK,Denmark,2021,2,2021.25,2021-Q2,402148401216.879,2794000.0,143932.85655579064,11.87710219590053
DNK,Denmark,2021,3,2021.5,2021-Q3,410086882991.85,2811000.0,145886.47562854856,11.890584034042618
DNK,Denmark,2021,4,2021.75,2021-Q4,423512143981.769,2847000.0,148757.33894688057,11.910071659648844
DNK,Denmark,2022,1,2022.0,2022-Q1,401115320332.774,2842000.0,141138.39561322096,11.857496217147297
DNK,Denmark,2022,2,2022.25,2022-Q2,408372131891.13,2865000.0,142538.26593058638,11.86736577548857
DNK,Denmark,2022,3,2022.5,2022-Q3,413868730753.059,2883000.0,143554.8840628023,11.874472708396427
DNK,Denmark,2022,4,2022.75,2022-Q4,408328614163.315,2886000.0,141486.00629359495,11.859956095723327
DNK,Denmark,2023,1,2023.0,2023-Q1,413028737249.727,2890000.0,142916.5180794903,11.8700159491166
DNK,Denmark,2023,2,2023.25,2023-Q2,407806703007.679,2868000.0,142192.0163904041,11.864933651247773
DNK,Denmark,2023,3,2023.5,2023-Q3,406134843532.301,2880000.0,141019.04289316008,11.856650216220926
DNK,Denmark,2023,4,2023.75,2023-Q4,414579482937.919,2900000.0,142958.44239238586,11.870309254365349
DNK,Denmark,2024,1,2024.0,2024-Q1,416587341125.839,2926000.0,142374.34761648634,11.866215118589636
DNK,Denmark,2024,2,2024.25,2024-Q2,423882599965.374,2929000.0,144719.22156550837,11.882550741154132
DNK,Denmark,2024,3,2024.5,2024-Q3,425847291829.589,2921000.0,145788.1861792499,11.889910067696622
DNK,Denmark,2024,4,2024.75,2024-Q4,432322937293.045,2919000.0,148106.5218544176,11.905687036115586
DNK,Denmark,2025,1,2025.0,2025-Q1,427087042912.34,2927000.0,145912.89474285618,11.890765111296803
DNK,Denmark,2025,2,2025.25,2025-Q2,432377777969.385,2939000.0,147117.31131996767,11.89898558368956
DNK,Denmark,2025,3,2025.5,2025-Q3,442343327805.167,2938000.0,150559.3355361358,11.92211254152663
DNK,Denmark,2025,4,2025.75,2025-Q4,437323217444.092,2939469.0,148776.2645035862,11.9101988759129
ESP,Spain,1960,4,1960.75,1960-Q4,228885284080.066,11666083.1964575,19619.719851609567,9.884290454302304
ESP,Spain,1961,1,1961.0,1961-Q1,238278887178.576,11672248.6592585,20414.137338444354,9.923982946600475
ESP,Spain,1961,2,1961.25,1961-Q2,246450954798.131,11678414.1220594,21103.118302048297,9.957176095371693
ESP,Spain,1961,3,1961.5,1961-Q3,253401486938.729,11684579.5848603,21686.82964572051,9.98446042650409
ESP,Spain,1961,4,1961.75,1961-Q4,259581789194.707,11690745.0476612,22204.0415847267,10.008029604656736
ESP,Spain,1962,1,1962.0,1962-Q1,264991861566.067,11716434.4759983,22617.10779921281,10.026461881159863
ESP,Spain,1962,2,1962.25,1962-Q2,270905195068.423,11742123.9043355,23071.22606400003,10.04634149513925
ESP,Spain,1962,3,1962.5,1962-Q3,277321789701.779,11767813.3326726,23566.127526157503,10.067565685705539
ESP,Spain,1962,4,1962.75,1962-Q4,284325596550.765,11793502.7610097,24108.664093484513,10.090326560825678
ESP,Spain,1963,1,1963.0,1963-Q1,291916615615.386,11809430.2065787,24718.941600820628,10.115325095154233
ESP,Spain,1963,2,1963.25,1963-Q2,298317649372.212,11825357.6521478,25226.94519248046,10.135667955924836
ESP,Spain,1963,3,1963.5,1963-Q3,303528697821.237,11841285.0977168,25633.087567477152,10.15163927903495
ESP,Spain,1963,4,1963.75,1963-Q4,307528861566.927,11857212.5432858,25936.016618093483,10.163387884709886
ESP,Spain,1964,1,1964.0,1964-Q1,310318140609.276,11872626.2002881,26137.27875992136,10.171117879231295
ESP,Spain,1964,2,1964.25,1964-Q2,313799128844.971,11888039.8572904,26396.204303818187,10.18097550242707
ESP,Spain,1964,3,1964.5,1964-Q3,317971826274.011,11903453.5142926,26712.569246582007,10.192889491915368
ESP,Spain,1964,4,1964.75,1964-Q4,322506427661.741,11918867.1712949,27058.47988963728,10.205755724597623
ESP,Spain,1965,1,1965.0,1965-Q1,327402933008.165,11945841.0710489,27407.27346537664,10.218563712089987
ESP,Spain,1965,2,1965.25,1965-Q2,332737579824.521,11972814.9708029,27791.09011840075,10.232470748969737
ESP,Spain,1965,3,1965.5,1965-Q3,338510368110.811,11999788.8705569,28209.693667310414,10.247420944926462
ESP,Spain,1965,4,1965.75,1965-Q4,345024698964.208,12026762.7703109,28688.07721192699,10.264236887277676
ESP,Spain,1966,1,1966.0,1966-Q1,352280572384.713,12056305.6128986,29219.61201844626,10.28259540727151
ESP,Spain,1966,2,1966.25,1966-Q2,358381344278.041,12085848.4554863,29652.973525028432,10.297317686919452
ESP,Spain,1966,3,1966.5,1966-Q3,363327014644.196,12115391.298074,29988.879905344416,10.3085819221074
ESP,Spain,1966,4,1966.75,1966-Q4,367048526325.104,12144934.1406617,30222.35625767715,10.31633720292875
ESP,Spain,1967,1,1967.0,1967-Q1,369545879320.764,12159577.1148138,30391.34304025694,10.321913078427489
ESP,Spain,1967,2,1967.25,1967-Q2,373130060673.897,12174220.088966,30649.196248068503,10.330361717466468
ESP,Spain,1967,3,1967.5,1967-Q3,377801070384.498,12188863.0631182,30995.595604619706,10.34160039610302
ESP,Spain,1967,4,1967.75,1967-Q4,383105933673.884,12203506.0372703,31393.10395749005,10.354343528588304
ESP,Spain,1968,1,1968.0,1968-Q1,389044650542.057,12229452.3598908,31812.107287650524,10.367602228624165
ESP,Spain,1968,2,1968.25,1968-Q2,396024082618.405,12255398.6825113,32314.255364335015,10.383263754396843
ESP,Spain,1968,3,1968.5,1968-Q3,404044229902.934,12281345.0051318,32899.02121747275,10.401198186082125
ESP,Spain,1968,4,1968.75,1968-Q4,413659659377.519,12307291.3277523,33610.942356157444,10.42260695829567
ESP,Spain,1969,1,1969.0,1969-Q1,424870371042.16,12337604.8531901,34437.02210419735,10.44688748860689
ESP,Spain,1969,2,1969.25,1969-Q2,433942101376.197,12367918.3786279,35086.10649679422,10.465560504791888
ESP,Spain,1969,3,1969.5,1969-Q3,440874850379.633,12398231.9040658,35559.49378838891,10.478962454104382
ESP,Spain,1969,4,1969.75,1969-Q4,445853439773.738,12428545.4295036,35873.34031183933,10.487749688907135
ESP,Spain,1970,1,1970.0,1970-Q1,452317661010.151,12460657.214925,36299.66326883453,10.49956374386927
ESP,Spain,1970,2,1970.25,1970-Q2,453036231048.43,12492769.0003464,36263.87641009517,10.498577384554409
ESP,Spain,1970,3,1970.5,1970-Q3,455351623394.003,12524880.7857678,36355.76507134707,10.501108069322829
ESP,Spain,1970,4,1970.75,1970-Q4,458944473585.404,12556992.5711892,36548.916548569716,10.506406821744573
ESP,Spain,1971,1,1971.0,1971-Q1,462528452541.767,12574718.2767418,36782.410735774465,10.5127750407568
ESP,Spain,1971,2,1971.25,1971-Q2,471550498577.961,12592443.9822945,37447.099168436296,10.530684527158531
ESP,Spain,1971,3,1971.5,1971-Q3,480226566447.572,12610169.6878471,38082.48249905666,10.547509678457324
ESP,Spain,1971,4,1971.75,1971-Q4,489896212641.72,12627895.3933997,38794.76329030861,10.566040549757911
ESP,Spain,1972,1,1972.0,1972-Q1,497844839238.013,12632262.596217,39410.58345217611,10.581789674752796
ESP,Spain,1972,2,1972.25,1972-Q2,509608096901.722,12636629.7990343,40327.848881089056,10.604797548510085
ESP,Spain,1972,3,1972.5,1972-Q3,520803595522.836,12640997.0018516,41199.56641446485,10.626183011361485
ESP,Spain,1972,4,1972.75,1972-Q4,531120841874.941,12645364.204669,42001.229326304194,10.645454166511065
ESP,Spain,1973,1,1973.0,1973-Q1,540896942889.576,12722946.2782471,42513.49735040286,10.657576889208519
ESP,Spain,1973,2,1973.25,1973-Q2,550539975378.601,12800528.3518252,43009.16026642764,10.669168401439954
ESP,Spain,1973,3,1973.5,1973-Q3,559632991295.119,12878110.4254034,43456.14168606485,10.679507471361894
ESP,Spain,1973,4,1973.75,1973-Q4,568841333267.164,12955692.4989815,43906.671396521866,10.689821555547402
ESP,Spain,1974,1,1974.0,1974-Q1,578502108226.269,12971619.9445505,44597.52218297941,10.7054335800294
ESP,Spain,1974,2,1974.25,1974-Q2,585812005899.644,12987547.3901195,45105.66839935542,10.716763202722888
ESP,Spain,1974,3,1974.5,1974-Q3,589946001428.521,13003474.8356885,45368.33491686339,10.72256967189337
ESP,Spain,1974,4,1974.75,1974-Q4,590336335770.301,13019402.2812576,45342.81398003457,10.722006986097577
ESP,Spain,1975,1,1975.0,1975-Q1,587373343266.772,12960830.3846489,45319.113500819374,10.721484154068442
ESP,Spain,1975,2,1975.25,1975-Q2,586885425339.546,12902258.4880403,45487.030498075765,10.725182520307945
ESP,Spain,1975,3,1975.5,1975-Q3,589449212266.252,12843686.5914316,45894.08251829275,10.734091466567495
ESP,Spain,1975,4,1975.75,1975-Q4,593592079030.164,12785114.6948229,46428.373401337434,10.745666047045502
ESP,Spain,1976,1,1976.0,1976-Q1,599491450332.103,12793849.1004576,46857.78655234107,10.754872475614134
ESP,Spain,1976,2,1976.25,1976-Q2,606411013663.694,12802583.5060922,47366.300198325516,10.765666288546734
ESP,Spain,1976,3,1976.5,1976-Q3,612292642495.549,12811317.9117268,47793.103466356784,10.774636629123828
ESP,Spain,1976,4,1976.75,1976-Q4,616994397067.014,12820052.3173614,48127.2916672467,10.781604689516005
ESP,Spain,1977,1,1977.0,1977-Q1,621882447574.332,12773174.5284411,48686.60067155832,10.79315913099826
ESP,Spain,1977,2,1977.25,1977-Q2,624703500317.211,12749724.3733268,48997.41218124909,10.799522763070557
ESP,Spain,1977,3,1977.5,1977-Q3,626779369316.692,12684758.0356751,49412.008297983586,10.807948756591273
ESP,Spain,1977,4,1977.75,1977-Q4,630966592255.808,12697486.6782807,49692.24290150969,10.813604121462763
ESP,Spain,1978,1,1978.0,1978-Q1,634905420613.793,12627325.3722077,50280.277247880025,10.825368176767741
ESP,Spain,1978,2,1978.25,1978-Q2,636191749694.663,12568913.7100184,50616.287482948406,10.832028690495838
ESP,Spain,1978,3,1978.5,1978-Q3,635411081011.099,12486246.273512,50888.87941919291,10.837399699674357
ESP,Spain,1978,4,1978.75,1978-Q4,634470730096.805,12429648.756213,51044.944434142824,10.840461787036412
ESP,Spain,1979,1,1979.0,1979-Q1,633459409302.191,12443551.0202493,50906.642988915875,10.837748704610586
ESP,Spain,1979,2,1979.25,1979-Q2,634444116391.685,12377533.6350114,51257.717013757945,10.844621461543449
ESP,Spain,1979,3,1979.5,1979-Q3,635969968818.652,12336322.1114487,51552.63968249024,10.850358694389984
ESP,Spain,1979,4,1979.75,1979-Q4,638205520048.859,12264975.1747499,52034.79917046574,10.85966798855583
ESP,Spain,1980,1,1980.0,1980-Q1,642479186514.172,12171095.0345655,52787.295201422115,10.874025819555243
ESP,Spain,1980,2,1980.25,1980-Q2,644662992771.032,12052657.8818696,53487.205817131544,10.887197760679689
ESP,Spain,1980,3,1980.5,1980-Q3,642106754439.359,11966546.1330841,53658.48652554109,10.890394918690703
ESP,Spain,1980,4,1980.75,1980-Q4,645831075187.491,11887542.2999859,54328.39344666366,10.90280226882792
ESP,Spain,1981,1,1981.0,1981-Q1,642174469362.053,11817080.2158828,54342.90515341814,10.903069344072765
ESP,Spain,1981,2,1981.25,1981-Q2,641463462673.772,11733564.2775248,54669.10543989358,10.909054028848523
ESP,Spain,1981,3,1981.5,1981-Q3,644315953792.228,11674950.5845058,55187.895582814745,10.918498925299149
ESP,Spain,1981,4,1981.75,1981-Q4,643672662026.642,11613108.1512654,55426.39004498597,10.922811113917174
ESP,Spain,1982,1,1982.0,1982-Q1,646322008377.019,11635835.8324671,55545.81705025499,10.92496349160707
ESP,Spain,1982,2,1982.25,1982-Q2,648776674324.65,11629434.5473029,55787.46513304161,10.929304483941436
ESP,Spain,1982,3,1982.5,1982-Q3,653144286838.37,11574086.5438555,56431.60558403756,10.940784663226102
ESP,Spain,1982,4,1982.75,1982-Q4,655446594209.942,11566860.367523,56665.903571403054,10.944927960886611
ESP,Spain,1983,1,1983.0,1983-Q1,657842009600.218,11534464.4750584,57032.73099697915,10.951380610028044
ESP,Spain,1983,2,1983.25,1983-Q2,661904904961.817,11564747.7079557,57234.70340009881,10.954915696197082
ESP,Spain,1983,3,1983.5,1983-Q3,662878306975.534,11565010.4346258,57317.57102361683,10.956362505322264
ESP,Spain,1983,4,1983.75,1983-Q4,667161275835.886,11500997.410277,58008.99278872349,10.968353325591284
ESP,Spain,1984,1,1984.0,1984-Q1,672680042035.391,11344691.0935137,59294.698858745855,10.990275185690423
ESP,Spain,1984,2,1984.25,1984-Q2,670606272527.908,11262571.6376912,59542.9085026784,10.994452482934584
ESP,Spain,1984,3,1984.5,1984-Q3,676446684610.206,11209783.948188,60344.31062514367,11.007821949093195
ESP,Spain,1984,4,1984.75,1984-Q4,677310049874.546,11123991.0520367,60887.3242261856,11.016780291248558
ESP,Spain,1985,1,1985.0,1985-Q1,684868728120.187,11152703.0840824,61408.31715475865,11.025300563508111
ESP,Spain,1985,2,1985.25,1985-Q2,684225436354.601,11089385.8980676,61700.931200692714,11.030054302173314
ESP,Spain,1985,3,1985.5,1985-Q3,691318574506.726,11092484.7938081,62323.14827175825,11.040088197108156
ESP,Spain,1985,4,1985.75,1985-Q4,699258149192.516,11142452.5040539,62756.21537880539,11.047012901950357
ESP,Spain,1986,1,1986.0,1986-Q1,701230346315.959,11221337.9790775,62490.79634027802,11.042774566325335
ESP,Spain,1986,2,1986.25,1986-Q2,717930539125.198,11293914.10814,63567.91208530223,11.059864095051005
ESP,Spain,1986,3,1986.5,1986-Q3,712868848653.873,11336284.1736758,62883.81957725083,11.049044169171273
ESP,Spain,1986,4,1986.75,1986-Q4,717422677204.999,11453272.8157935,62639.09790184239,11.045144929249401
ESP,Spain,1987,1,1987.0,1987-Q1,732116815429.448,11559194.031463,63336.32028640555,11.056214223779332
ESP,Spain,1987,2,1987.25,1987-Q2,743069704175.091,11839120.4933197,62763.927826764906,11.047135789763775
ESP,Spain,1987,3,1987.5,1987-Q3,758415598530.465,11973131.5095271,63343.12772953246,11.056321698878728
ESP,Spain,1987,4,1987.75,1987-Q4,773930780192.57,12116893.2748751,63872.04728437682,11.064637099969847
ESP,Spain,1988,1,1988.0,1988-Q1,776419303601.55,12198588.0460695,63648.29279169893,11.061127781814356
ESP,Spain,1988,2,1988.25,1988-Q2,785916321509.287,12261781.9303194,64094.788667377245,11.068118339562817
ESP,Spain,1988,3,1988.5,1988-Q3,800085669082.863,12379093.293682,64632.00899303409,11.076465062301663
ESP,Spain,1988,4,1988.75,1988-Q4,798291223631.49,12486026.5847736,63934.76885632987,11.065618605947106
ESP,Spain,1989,1,1989.0,1989-Q1,817115972140.232,12598247.4317883,64859.49546271484,11.079978600964493
ESP,Spain,1989,2,1989.25,1989-Q2,825157119210.062,12724994.5575218,64845.38091392016,11.079760959974505
ESP,Spain,1989,3,1989.5,1989-Q3,836211580339.747,12852375.4969598,65062.80341229922,11.083108288743942
ESP,Spain,1989,4,1989.75,1989-Q4,834823424424.534,12906670.445136,64681.54803930437,11.077231247221956
ESP,Spain,1990,1,1990.0,1990-Q1,842136636075.411,13034674.8156714,64607.41429950538,11.076084455623004
ESP,Spain,1990,2,1990.25,1990-Q2,856449877859.71,13060502.4477292,65575.5688793289,11.09095847994455
ESP,Spain,1990,3,1990.5,1990-Q3,853893639528.038,13092191.4036157,65221.59760757975,11.085545944713026
ESP,Spain,1990,4,1990.75,1990-Q4,886185193287.413,13174985.4200615,67262.70770197758,11.116361241724185
ESP,Spain,1991,1,1991.0,1991-Q1,869154890230.044,13225762.7036149,65716.80663773623,11.09310998055276
ESP,Spain,1991,2,1991.25,1991-Q2,879752275631.548,13217036.1392084,66561.99365467108,11.105889027790973
ESP,Spain,1991,3,1991.5,1991-Q3,886396802420.83,13180086.1537063,67252.73204466658,11.116212921838407
ESP,Spain,1991,4,1991.75,1991-Q4,890806736761.231,13152338.0398028,67729.91494480986,11.123283236410284
ESP,Spain,1992,1,1992.0,1992-Q1,899694320364.729,13108405.881591,68634.91476322297,11.136556645799988
ESP,Spain,1992,2,1992.25,1992-Q2,887962710008.112,13034512.2601989,68123.96906630108,11.129084398879314
ESP,Spain,1992,3,1992.5,1992-Q3,888529822485.669,12930748.224847,68714.49409078431,11.137715432534204
ESP,Spain,1992,4,1992.75,1992-Q4,882740196595.39,12752723.9208209,69219.73705979573,11.145041318566053
ESP,Spain,1993,1,1993.0,1993-Q1,874504369122.815,12516509.0373641,69868.0731593975,11.154364073656533
ESP,Spain,1993,2,1993.25,1993-Q2,874445118565.46,12455120.3892844,70207.68095648255,11.15921299936299
ESP,Spain,1993,3,1993.5,1993-Q3,884966324678.933,12381621.5277688,71474.18637326141,11.177091633750575
ESP,Spain,1993,4,1993.75,1993-Q4,888301284621.579,12336892.3586185,72003.65041695573,11.184472096948475
ESP,Spain,1994,1,1994.0,1994-Q1,895648353733.804,12272996.9052082,72977.15143672239,11.197901677120177
ESP,Spain,1994,2,1994.25,1994-Q2,897612086491.91,12314411.7199847,72891.18692005413,11.19672301795961
ESP,Spain,1994,3,1994.5,1994-Q3,904739082105.381,12340782.8643122,73312.94068237426,11.202492416390543
ESP,Spain,1994,4,1994.75,1994-Q4,908124828240.046,12413767.8147817,73154.64907912133,11.200330959850739
ESP,Spain,1995,1,1995.0,1995-Q1,918056885702.304,12545025.6788578,73180.9491031581,11.200690407922794
ESP,Spain,1995,2,1995.25,1995-Q2,924108066989.116,12625612.0083819,73193.13046968484,11.200856849503031
ESP,Spain,1995,3,1995.5,1995-Q3,928198801411.557,12671222.9764958,73252.5031824709,11.20166769943496
ESP,Spain,1995,4,1995.75,1995-Q4,935225353539.307,12730335.4394507,73464.31348863663,11.20455503652585
ESP,Spain,1996,1,1996.0,1996-Q1,940602024642.585,12801549.9698951,73475.63590772693,11.204709145999267
ESP,Spain,1996,2,1996.25,1996-Q2,947104496915.504,12909062.1542892,73367.41318584608,11.203235153976586
ESP,Spain,1996,3,1996.5,1996-Q3,954873495504.266,13070488.2461401,73055.6867901437,11.19897726206321
ESP,Spain,1996,4,1996.75,1996-Q4,959624182336.495,13199659.6806208,72700.67604435104,11.194105962575362
ESP,Spain,1997,1,1997.0,1997-Q1,969193492278.431,13306361.1780092,72836.85444223261,11.195977348425716
ESP,Spain,1997,2,1997.25,1997-Q2,977937861708.131,13400544.7215011,72977.47084407957,11.197906053923763
ESP,Spain,1997,3,1997.5,1997-Q3,988793108330.906,13512921.9276887,73173.89337570404,11.20059398846253
ESP,Spain,1997,4,1997.75,1997-Q4,1002681224483.96,13675347.8432348,73320.34519180343,11.202593409959517
ESP,Spain,1998,1,1998.0,1998-Q1,1011124733256.26,13820507.8816816,73161.18495156433,11.2004202990872
ESP,Spain,1998,2,1998.25,1998-Q2,1022227462032.7,13941568.9455612,73322.26853550531,11.202619641675566
ESP,Spain,1998,3,1998.5,1998-Q3,1031966612668.33,14120351.9216181,73083.63264575585,11.199359717052882
ESP,Spain,1998,4,1998.75,1998-Q4,1042724807466.14,14268610.4146765,73078.2309672992,11.199285803402281
ESP,Spain,1999,1,1999.0,1999-Q1,1052997743139.1,14524859.0937285,72496.2449786353,11.191290046103308
ESP,Spain,1999,2,1999.25,1999-Q2,1065066137573.98,14757529.7849837,72171.03086301894,11.18679400978056
ESP,Spain,1999,3,1999.5,1999-Q3,1079555975041.84,14926364.4131138,72325.44678417327,11.188931307276667
ESP,Spain,1999,4,1999.75,1999-Q4,1091541875425.51,15115075.6878985,72215.44224878908,11.187409183573692
ESP,Spain,2000,1,2000.0,2000-Q1,1108783132131.24,15335695.6858615,72300.8042702272,11.188590532154517
ESP,Spain,2000,2,2000.25,2000-Q2,1122797415656.75,15574322.9401366,72092.85565558603,11.185710228981755
ESP,Spain,2000,3,2000.5,2000-Q3,1134249531003.08,15765348.8148851,71945.73011490623,11.18366736538296
ESP,Spain,2000,4,2000.75,2000-Q4,1146390714306.7,15944125.67716,71900.5066517324,11.183038590300894
ESP,Spain,2001,1,2001.0,2001-Q1,1158032080711.72,16098704.6092107,71933.24611032147,11.183493830583872
ESP,Spain,2001,2,2001.25,2001-Q2,1167033637477.59,16212888.7183997,71981.844676029,11.184169208923826
ESP,Spain,2001,3,2001.5,2001-Q3,1178252828443.99,16381601.7320793,71925.37382572758,11.183384385844235
ESP,Spain,2001,4,2001.75,2001-Q4,1185750081922.84,16512412.6052139,71809.62045173411,11.181773735638984
ESP,Spain,2002,1,2002.0,2002-Q1,1191354824814.8,16571714.2619673,71890.86210284253,11.182904443877673
ESP,Spain,2002,2,2002.25,2002-Q2,1201341457604.1,16732784.2210039,71795.670208674,11.181579449717624
ESP,Spain,2002,3,2002.5,2002-Q3,1208072001665.7,16856276.89507,71668.96991464515,11.17981315626915
ESP,Spain,2002,4,2002.75,2002-Q4,1217505439052.68,16999624.6211125,71619.54844229986,11.179123338621906
ESP,Spain,2003,1,2003.0,2003-Q1,1229239004691.42,17185408.7690297,71528.06320828781,11.177845144100703
ESP,Spain,2003,2,2003.25,2003-Q2,1233950870793.66,17387861.3117305,70966.22457882101,11.169959332680028
ESP,Spain,2003,3,2003.5,2003-Q3,1243141678618.22,17580401.7280347,70711.79019964238,11.166367601766737
ESP,Spain,2003,4,2003.75,2003-Q4,1253565044619.88,17748728.1912051,70628.44340819023,11.165188223482359
ESP,Spain,2004,1,2004.0,2004-Q1,1260897309996.28,17866865.7437382,70571.82429650184,11.164386254539334
ESP,Spain,2004,2,2004.25,2004-Q2,1274285609250.75,17983485.8792962,70858.65431227621,11.168442387444275
ESP,Spain,2004,3,2004.5,2004-Q3,1285034098866.05,18219385.3540071,70531.14437713042,11.163809655465894
ESP,Spain,2004,4,2004.75,2004-Q4,1294152117821.88,18499263.0229586,69956.95537793945,11.155635408716405
ESP,Spain,2005,1,2005.0,2005-Q1,1305715842766.93,18840354.537052,69304.20763574647,11.146260899579376
ESP,Spain,2005,2,2005.25,2005-Q2,1317303830668.22,19128421.8759595,68866.30999726123,11.139922367856355
ESP,Spain,2005,3,2005.5,2005-Q3,1329920567914.18,19342086.3553179,68757.86528315919,11.138346413103845
ESP,Spain,2005,4,2005.75,2005-Q4,1343046827241.23,19517137.2316706,68813.72054206076,11.139158430522059
ESP,Spain,2006,1,2006.0,2006-Q1,1358672171061.23,19693531.126508,68990.7849604697,11.141728223363087
ESP,Spain,2006,2,2006.25,2006-Q2,1370900701007.31,19865760.603991,69008.2161128982,11.141980850590611
ESP,Spain,2006,3,2006.5,2006-Q3,1383842561866.92,19997040.9796491,69202.36665390896,11.144790341221944
ESP,Spain,2006,4,2006.75,2006-Q4,1396721339040.29,20200067.2898519,69144.39041210394,11.143952211779254
ESP,Spain,2007,1,2007.0,2007-Q1,1409415717746.23,20397593.7884029,69097.15588843409,11.143268849551733
ESP,Spain,2007,2,2007.25,2007-Q2,1421784972838.52,20563285.4480414,69141.91686105011,11.143916437433942
ESP,Spain,2007,3,2007.5,2007-Q3,1432441263220.11,20642569.6689343,69392.58465363638,11.147535291414862
ESP,Spain,2007,4,2007.75,2007-Q4,1441190485241.06,20716251.0946214,69568.11242818151,11.150061586570041
ESP,Spain,2008,1,2008.0,2008-Q1,1443883673383.94,20767295.0354333,69526.80505190376,11.149467641395905
ESP,Spain,2008,2,2008.25,2008-Q2,1444393195465.03,20632615.5658636,70005.33649523139,11.15632675377187
ESP,Spain,2008,3,2008.5,2008-Q3,1441336062978.51,20431998.6499896,70543.07743795998,11.163978829687867
ESP,Spain,2008,4,2008.75,2008-Q4,1418985027688.17,20046690.7487134,70784.00347844147,11.167388314583585
ESP,Spain,2009,1,2009.0,2009-Q1,1381037764125.32,19436131.8346472,71055.1757867508,11.171211977976188
ESP,Spain,2009,2,2009.25,2009-Q2,1381945198688.77,19142204.6257479,72193.627939278,11.187107065297484
ESP,Spain,2009,3,2009.5,2009-Q3,1384667502379.15,18969970.2106675,72992.602887721,11.198113384691075
ESP,Spain,2009,4,2009.75,2009-Q4,1384332673583.01,18879093.3289374,73326.22650162652,11.202673620628724
ESP,Spain,2010,1,2010.0,2010-Q1,1383095262814.66,18814899.2945793,73510.63862526965,11.20518541792759
ESP,Spain,2010,2,2010.25,2010-Q2,1384803374934.11,18736078.4210089,73911.05779005068,11.210617727542987
ESP,Spain,2010,3,2010.5,2010-Q3,1383929908509.39,18684399.579443,74068.73860865302,11.212748841142508
ESP,Spain,2010,4,2010.75,2010-Q4,1385361422927.68,18662522.7049688,74232.26992558915,11.214954239269387
ESP,Spain,2011,1,2011.0,2011-Q1,1384269589896.78,18600508.9885762,74421.05970040665,11.217494241256459
ESP,Spain,2011,2,2011.25,2011-Q2,1380688377555.43,18598180.8177635,74237.81879982082,11.215028986638126
ESP,Spain,2011,3,2011.5,2011-Q3,1372264279148.12,18349258.1286373,74785.81801661268,11.222383547278074
ESP,Spain,2011,4,2011.75,2011-Q4,1364534101289.35,18137752.065023,75231.70988320705,11.228328095037261
ESP,Spain,2012,1,2012.0,2012-Q1,1351694144845.96,17946204.8064432,75319.21982527823,11.229490624582528
ESP,Spain,2012,2,2012.25,2012-Q2,1338592148475.15,17722380.5784621,75531.17046261452,11.232300703845896
ESP,Spain,2012,3,2012.5,2012-Q3,1332443915363.37,17539701.0891031,75967.31030902108,11.238058399224215
ESP,Spain,2012,4,2012.75,2012-Q4,1321394565090.66,17322413.5259917,76282.35887037056,11.242196983074328
ESP,Spain,2013,1,2013.0,2013-Q1,1317764826836.82,17211661.3541299,76562.32595586279,11.245860406489053
ESP,Spain,2013,2,2013.25,2013-Q2,1316415806469.75,17118931.4650882,76898.2461992097,11.250238348981519
ESP,Spain,2013,3,2013.5,2013-Q3,1315581160775.02,17106952.4278804,76903.30386556317,11.25030411771211
ESP,Spain,2013,4,2013.75,2013-Q4,1318085097859.22,17118454.7529015,76997.90178992708,11.25153345098308
ESP,Spain,2014,1,2014.0,2014-Q1,1323068709071.37,17136291.1612717,77208.58011922249,11.254265871277822
ESP,Spain,2014,2,2014.25,2014-Q2,1330211723389.09,17309196.7815356,76849.99715342536,11.249610711926083
ESP,Spain,2014,3,2014.5,2014-Q3,1340848603405.68,17379773.722672,77149.94595450551,11.253506157266182
ESP,Spain,2014,4,2014.75,2014-Q4,1353814727221.53,17551438.3345207,77134.11866415564,11.253300986493107
ESP,Spain,2015,1,2015.0,2015-Q1,1370294127101.25,17647821.7274932,77646.64377623983,11.25992360518605
ESP,Spain,2015,2,2015.25,2015-Q2,1385638020628.84,17821134.4054301,77752.51502545405,11.261286177112572
ESP,Spain,2015,3,2015.5,2015-Q3,1398346957108.52,17922047.3532412,78023.84010862626,11.264769701390886
ESP,Spain,2015,4,2015.75,2015-Q4,1410837526982.02,18073196.5138354,78062.42387183668,11.265264091646792
ESP,Spain,2016,1,2016.0,2016-Q1,1420634908712.63,18227486.2937161,77939.15660232272,11.263683757719482
ESP,Spain,2016,2,2016.25,2016-Q2,1425337069632.38,18255757.0757723,78076.03178089955,11.265438397317235
ESP,Spain,2016,3,2016.5,2016-Q3,1436604786511.27,18405969.3984893,78051.02548030867,11.265118064618427
ESP,Spain,2016,4,2016.75,2016-Q4,1444766844991.16,18476987.2320222,78192.77173538636,11.266932489209879
ESP,Spain,2017,1,2017.0,2017-Q1,1454996107342.88,18635296.3645511,78077.43321488779,11.265456346761884
ESP,Spain,2017,2,2017.25,2017-Q2,1470213833498.01,18775620.746731,78304.40619407948,11.268359153627793
ESP,Spain,2017,3,2017.5,2017-Q3,1479496840556.29,18936691.0878412,78128.58295535273,11.266111247815596
ESP,Spain,2017,4,2017.75,2017-Q4,1488508102504.65,18951591.8008766,78542.64265209636,11.271396974778785
ESP,Spain,2018,1,2018.0,2018-Q1,1494869849631.36,19070250.4561228,78387.53104322281,11.269420150873813
ESP,Spain,2018,2,2018.25,2018-Q2,1504618705449.49,19317232.7733196,77889.97125549089,11.263052484874137
ESP,Spain,2018,3,2018.5,2018-Q3,1513018540900.55,19425158.5123797,77889.63677883503,11.26304819064513
ESP,Spain,2018,4,2018.75,2018-Q4,1521874519928.97,19498258.258178,78051.81877159013,11.26512822831897
ESP,Spain,2019,1,2019.0,2019-Q1,1531206052899.73,19671330.5905673,77839.47536492354,11.26240397692098
ESP,Spain,2019,2,2019.25,2019-Q2,1535621910935.82,19782715.7970806,77624.4235972109,11.259637393729447
ESP,Spain,2019,3,2019.5,2019-Q3,1538562581232.37,19774688.6071963,77804.64268208321,11.261956382962932
ESP,Spain,2019,4,2019.75,2019-Q4,1547340918800.81,19888465.0051558,77800.92221293518,11.261908563732929
ESP,Spain,2020,1,2020.0,2020-Q1,1467229489880.21,19881822.0658764,73797.5365144449,11.209080629468342
ESP,Spain,2020,2,2020.25,2020-Q2,1206203754035.04,18578140.2377258,64925.96883221152,11.08100295874863
ESP,Spain,2020,3,2020.5,2020-Q3,1398016980903.62,19079018.3793715,73275.10006569182,11.20197613119661
ESP,Spain,2020,4,2020.75,2020-Q4,1408163749204.13,19270719.3170262,73072.71337608965,11.199210298023415
ESP,Spain,2021,1,2021.0,2021-Q1,1425084734887.46,19440193.5880016,73306.09792728689,11.202399075782703
ESP,Spain,2021,2,2021.25,2021-Q2,1444621267253.7,19677877.8338019,73413.46864000676,11.203862694227048
ESP,Spain,2021,3,2021.5,2021-Q3,1473096272699.58,19996914.5359509,73666.17835222602,11.207299063106996
ESP,Spain,2021,4,2021.75,2021-Q4,1503022202928.75,20218814.0422456,74337.80239475495,11.216374881869429
ESP,Spain,2022,1,2022.0,2022-Q1,1526644617126.19,20413398.6641675,74786.40094390424,11.222391341871157
ESP,Spain,2022,2,2022.25,2022-Q2,1552620538079.12,20546525.4399892,75566.08744451228,11.232762882749775
ESP,Spain,2022,3,2022.5,2022-Q3,1565285801237.57,20622304.1732457,75902.56588632274,11.237205768956215
ESP,Spain,2022,4,2022.75,2022-Q4,1573675931506.13,20607771.7225977,76363.22610175736,11.243256525529707
ESP,Spain,2023,1,2023.0,2023-Q1,1581702117431.06,20863265.2863561,75812.7788589949,11.236022143951626
ESP,Spain,2023,2,2023.25,2023-Q2,1583977982726.58,21173662.1746347,74808.88141420003,11.222691892398027
ESP,Spain,2023,3,2023.5,2023-Q3,1596487962965.08,21309651.064632,74918.54081152925,11.224156679747013
ESP,Spain,2023,4,2023.75,2023-Q4,1609075584663.55,21382221.4743773,75252.96595546605,11.228610596524963
ESP,Spain,2024,1,2024.0,2024-Q1,1626986498961.56,21492396.0349235,75700.56387932882,11.234540888266078
ESP,Spain,2024,2,2024.25,2024-Q2,1641937332598.02,21578005.1076866,76093.10148940148,11.239712889141572
ESP,Spain,2024,3,2024.5,2024-Q3,1654500691340.25,21680895.0037749,76311.4572093164,11.242578366016915
ESP,Spain,2024,4,2024.75,2024-Q4,1667961779463.44,21864303.8562104,76286.98313162471,11.242257601560254
ESP,Spain,2025,1,2025.0,2025-Q1,1678030906303.97,22015941.8916314,76218.90149255052,11.241364761998494
ESP,Spain,2025,2,2025.25,2025-Q2,1690657348732.43,22149362.167675,76329.84353832962,11.242819274984699
ESP,Spain,2025,3,2025.5,2025-Q3,1701347607252.75,22243335.0056378,76487.97299602449,11.244888791716695
ESP,Spain,2025,4,2025.75,2025-Q4,1710517403652.57,22354551.680666,76517.63399629982,11.245276503006888
EST,Estonia,1995,1,1995.0,1995-Q1,13419674502.5751,645434.884003172,20791.678347693938,9.942308106198487
EST,Estonia,1995,2,1995.25,1995-Q2,13286006056.1329,634198.256230323,20949.29452361628,9.9498602504929
EST,Estonia,1995,3,1995.5,1995-Q3,13236408618.3476,625154.278094196,21173.027334467326,9.960483355060974
EST,Estonia,1995,4,1995.75,1995-Q4,13378489829.6562,619212.581781868,21605.649212032782,9.980710097071372
EST,Estonia,1996,1,1996.0,1996-Q1,13509152908.0745,617685.656814063,21870.595114273558,9.992898324744282
EST,Estonia,1996,2,1996.25,1996-Q2,13740351013.8813,616796.96228469,22276.943393147383,10.011307494016952
EST,Estonia,1996,3,1996.5,1996-Q3,14170987449.7415,616787.847541596,22975.46475052074,10.042182175551208
EST,Estonia,1996,4,1996.75,1996-Q4,14467303340.2962,616729.533466777,23458.100439867372,10.062971148761575
EST,Estonia,1997,1,1997.0,1997-Q1,14989521249.742,616659.702894192,24307.606252510293,10.098544594856415
EST,Estonia,1997,2,1997.25,1997-Q2,15612741589.7645,615746.26058043,25355.804150637032,10.140762943389253
EST,Estonia,1997,3,1997.5,1997-Q3,16038549834.4189,614569.047890601,26097.23006628526,10.169584459950304
EST,Estonia,1997,4,1997.75,1997-Q4,16553970943.0242,613024.988741557,27003.745764111307,10.203730867368193
EST,Estonia,1998,1,1998.0,1998-Q1,16674929864.4164,611529.568903325,27267.577419551555,10.213453635059949
EST,Estonia,1998,2,1998.25,1998-Q2,16583914298.3791,607683.334234238,27290.388536452203,10.214289850920647
EST,Estonia,1998,3,1998.5,1998-Q3,16579415604.2576,602002.510601446,27540.442626549033,10.223410844286716
EST,Estonia,1998,4,1998.75,1998-Q4,16263192967.589,594784.586365861,27342.99667541362,10.21621571200421
EST,Estonia,1999,1,1999.0,1999-Q1,16145105448.2909,584097.826596767,27641.09831115106,10.227059013385594
EST,Estonia,1999,2,1999.25,1999-Q2,16289991571.2507,577581.727952349,28203.786205291173,10.247211510512766
EST,Estonia,1999,3,1999.5,1999-Q3,16448071368.1898,573741.024933803,28668.110965374217,10.263540667811434
EST,Estonia,1999,4,1999.75,1999-Q4,16880806439.4399,573379.420617297,29440.900444710976,10.290140158132923
EST,Estonia,2000,1,2000.0,2000-Q1,17526388746.7493,578930.577805797,30273.731287740942,10.318035661275355
EST,Estonia,2000,2,2000.25,2000-Q2,17958958330.6746,587721.683355241,30556.909570102645,10.327346111534048
EST,Estonia,2000,3,2000.5,2000-Q3,18181015724.3945,588713.236484403,30882.634528425755,10.337949315539285
EST,Estonia,2000,4,2000.75,2000-Q4,18584273365.9126,585734.502456176,31728.152068868534,10.364959643639812
EST,Estonia,2001,1,2001.0,2001-Q1,18838484552.826,588834.290412604,31992.845626611903,10.373267582617055
EST,Estonia,2001,2,2001.25,2001-Q2,18859380775.236,583619.509184974,32314.513957172487,10.383271756803207
EST,Estonia,2001,3,2001.5,2001-Q3,19246508820.3247,591392.36355538,32544.39861992298,10.39036054741889
EST,Estonia,2001,4,2001.75,2001-Q4,19534502077.5025,594653.836847042,32850.207746203785,10.39971334797811
EST,Estonia,2002,1,2002.0,2002-Q1,19688304322.6083,591717.392509624,33273.15467119395,10.41250618481174
EST,Estonia,2002,2,2002.25,2002-Q2,20382982187.9887,589221.018205682,34593.10098960781,10.45140954780038
EST,Estonia,2002,3,2002.5,2002-Q3,20797994354.7864,589515.186373668,35279.82795951834,10.471066633677951
EST,Estonia,2002,4,2002.75,2002-Q4,20953208659.8929,589046.402911026,35571.40584569163,10.479297387515189
EST,Estonia,2003,1,2003.0,2003-Q1,21423981189.7597,592201.905834161,36176.81905224943,10.496173835024651
EST,Estonia,2003,2,2003.25,2003-Q2,21923089976.3478,596153.965298745,36774.20809465167,10.512552011441771
EST,Estonia,2003,3,2003.5,2003-Q3,22143121135.3824,610751.345154869,36255.54214664487,10.498347535400821
EST,Estonia,2003,4,2003.75,2003-Q4,22719281509.9334,612692.783712225,37081.033290910105,10.520860885820925
EST,Estonia,2004,1,2004.0,2004-Q1,23246927502.1373,606796.734261728,38310.89752060245,10.553489665261626
EST,Estonia,2004,2,2004.25,2004-Q2,23085985168.4964,603103.86586395,38278.6224316861,10.552646858286286
EST,Estonia,2004,3,2004.5,2004-Q3,23606807763.6827,596580.112307061,39570.22246751033,10.585832156489275
EST,Estonia,2004,4,2004.75,2004-Q4,24101195236.2958,601119.287567261,40093.864453815324,10.598978595448758
EST,Estonia,2005,1,2005.0,2005-Q1,24525188538.117,607046.608209099,40400.83282974085,10.60660567833431
EST,Estonia,2005,2,2005.25,2005-Q2,25495052123.7872,614934.216785873,41459.80403732333,10.632479659430683
EST,Estonia,2005,3,2005.5,2005-Q3,26103509615.3754,615843.19340013,42386.61707253009,10.654587956314975
EST,Estonia,2005,4,2005.75,2005-Q4,26702803738.874,624375.981604898,42767.18599943103,10.663526405262457
EST,Estonia,2006,1,2006.0,2006-Q1,27319780380.0374,644813.639467243,42368.49022394983,10.654160209847893
EST,Estonia,2006,2,2006.25,2006-Q2,27891804556.5116,654455.492782577,42618.33671518715,10.660039878968673
EST,Estonia,2006,3,2006.5,2006-Q3,28526956237.1399,652491.684203117,43720.03035100692,10.685561636503566
EST,Estonia,2006,4,2006.75,2006-Q4,29237159374.701,655039.183547063,44634.21442421296,10.706255983463352
EST,Estonia,2007,1,2007.0,2007-Q1,30203122680.2367,655846.285902689,46052.136498213054,10.737529435791009
EST,Estonia,2007,2,2007.25,2007-Q2,30319096295.969,661579.11841445,45828.37555186473,10.732658731792384
EST,Estonia,2007,3,2007.5,2007-Q3,30383987520.689,659485.481070754,46072.26147171116,10.737966344454984
EST,Estonia,2007,4,2007.75,2007-Q4,30202460730.9375,653489.114612108,46217.236149166456,10.741108084315762
EST,Estonia,2008,1,2008.0,2008-Q1,29529638027.9117,664580.292678314,44433.51443495984,10.701749293295933
EST,Estonia,2008,2,2008.25,2008-Q2,29836997242.2669,658612.041563509,45302.841975733536,10.721125046274416
EST,Estonia,2008,3,2008.5,2008-Q3,29847307693.6288,652736.973616988,45726.3934785814,10.73043094799605
EST,Estonia,2008,4,2008.75,2008-Q4,26305539595.1405,648070.692141188,40590.54037489108,10.611290322749772
EST,Estonia,2009,1,2009.0,2009-Q1,25611483292.2717,617853.02905925,41452.387683957844,10.632300762859954
EST,Estonia,2009,2,2009.25,2009-Q2,24742363070.7115,594207.146304295,41639.28896614257,10.63679944684206
EST,Estonia,2009,3,2009.5,2009-Q3,24295728049.2208,589074.074177478,41243.92689178324,10.627259154058027
EST,Estonia,2009,4,2009.75,2009-Q4,24417802039.9683,574365.750458977,42512.63593007762,10.657556626724691
EST,Estonia,2010,1,2010.0,2010-Q1,24671582270.3067,559767.057674767,44074.73060810459,10.693641895122708
EST,Estonia,2010,2,2010.25,2010-Q2,25065174664.0209,560019.189482826,44757.706762099384,10.709018927022631
EST,Estonia,2010,3,2010.5,2010-Q3,25459090152.0359,565404.050746398,45028.135398794875,10.715042804461266
EST,Estonia,2010,4,2010.75,2010-Q4,26032224965.1692,586709.702096008,44369.85594778752,10.700315597754827
EST,Estonia,2011,1,2011.0,2011-Q1,26702440257.7855,595072.613111906,44872.57465630332,10.711582077673814
EST,Estonia,2011,2,2011.25,2011-Q2,27080500484.0138,599073.22824427,45203.9904426706,10.718940646053388
EST,Estonia,2011,3,2011.5,2011-Q3,27435165924.7404,612088.814845025,44822.19779115997,10.710458782100039
EST,Estonia,2011,4,2011.75,2011-Q4,27430773122.8059,606665.343798799,45215.65868760642,10.719198736968645
EST,Estonia,2012,1,2012.0,2012-Q1,27619190785.062,615222.080499065,44893.042139608275,10.712038098239153
EST,Estonia,2012,2,2012.25,2012-Q2,28078196476.6041,613638.479682573,45756.903138031004,10.731097947584152
EST,Estonia,2012,3,2012.5,2012-Q3,28313519945.008,615677.080399557,45987.61403726987,10.736127379154883
EST,Estonia,2012,4,2012.75,2012-Q4,28611815280.6771,615162.359418805,46510.99801962698,10.747444080160935
EST,Estonia,2013,1,2013.0,2013-Q1,28719224434.8286,621326.823477693,46222.41202155291,10.74122006813427
EST,Estonia,2013,2,2013.25,2013-Q2,28660986194.5836,629132.138351846,45556.385451341805,10.726706078402916
EST,Estonia,2013,3,2013.5,2013-Q3,28612357547.1789,617407.732045128,46342.72630892084,10.743819628990378
EST,Estonia,2013,4,2013.75,2013-Q4,28576156702.3546,617533.306125332,46274.68092636755,10.742350242255691
EST,Estonia,2014,1,2014.0,2014-Q1,29113801872.1429,616841.474053818,47198.19126429684,10.762110850167714
EST,Estonia,2014,2,2014.25,2014-Q2,29254376459.2651,625294.688028499,46784.94319454666,10.753316703528377
EST,Estonia,2014,3,2014.5,2014-Q3,29627871008.4071,624532.076645596,47440.110950810405,10.767223372429632
EST,Estonia,2014,4,2014.75,2014-Q4,30105070455.2425,632631.761272087,47587.036089853675,10.770315652071734
EST,Estonia,2015,1,2015.0,2015-Q1,29668594680.9212,634308.318640133,46773.14455614654,10.753064482929467
EST,Estonia,2015,2,2015.25,2015-Q2,30229628725.9495,635141.087234918,47595.13962095251,10.770485926202534
EST,Estonia,2015,3,2015.5,2015-Q3,30474011147.8214,652922.004193493,46673.27943015755,10.750927104959345
EST,Estonia,2015,4,2015.75,2015-Q4,30427695875.3115,641228.589931457,47452.18219069742,10.767477792247142
EST,Estonia,2016,1,2016.0,2016-Q1,30907639653.6167,640360.870041832,48265.97173496507,10.784482072405746
EST,Estonia,2016,2,2016.25,2016-Q2,30839174198.1939,652880.506026905,47235.55675733872,10.762902209099764
EST,Estonia,2016,3,2016.5,2016-Q3,31168940691.8416,646452.682271982,48215.34745945704,10.783432661378272
EST,Estonia,2016,4,2016.75,2016-Q4,31545497741.5362,638805.941659281,49381.97296599595,10.80734071685993
EST,Estonia,2017,1,2017.0,2017-Q1,32172270641.3023,655956.736252727,49046.330136179844,10.800520643360187
EST,Estonia,2017,2,2017.25,2017-Q2,32722055488.4178,650780.538106761,50281.2447090262,10.825387417947217
EST,Estonia,2017,3,2017.5,2017-Q3,32852913112.9472,661201.297171208,49686.70396368028,10.813492650411604
EST,Estonia,2017,4,2017.75,2017-Q4,33326355603.492,666361.428469304,50012.431962104754,10.820026892746764
EST,Estonia,2018,1,2018.0,2018-Q1,33538184796.9906,657602.195139005,51000.71904398258,10.839595010508694
EST,Estonia,2018,2,2018.25,2018-Q2,33869511599.7008,666032.807787937,50852.61747419019,10.83668687457063
EST,Estonia,2018,3,2018.5,2018-Q3,34116246305.6897,662485.866736914,51497.319442797896,10.849285035642788
EST,Estonia,2018,4,2018.75,2018-Q4,34449721981.0134,672879.130336144,51197.48915946266,10.843445769970861
EST,Estonia,2019,1,2019.0,2019-Q1,35110813799.806,667022.243885608,52638.14531172874,10.871196331938682
EST,Estonia,2019,2,2019.25,2019-Q2,35171283656.327,668591.538491929,52605.038549633966,10.870567184055236
EST,Estonia,2019,3,2019.5,2019-Q3,35241288734.8967,674300.319527544,52263.49108004116,10.864053338987357
EST,Estonia,2019,4,2019.75,2019-Q4,35429594594.7039,675485.898094919,52450.53182401944,10.867625753411158
EST,Estonia,2020,1,2020.0,2020-Q1,34792354621.6434,673042.413899987,51694.14869419134,10.853099876029336
EST,Estonia,2020,2,2020.25,2020-Q2,33056771333.6341,645941.392825517,51176.11551263981,10.843028208291718
EST,Estonia,2020,3,2020.5,2020-Q3,34456205537.9891,650049.078614646,53005.54476812819,10.87815180532872
EST,Estonia,2020,4,2020.75,2020-Q4,35094247829.0618,657367.114659849,53386.07156705903,10.885305158848137
EST,Estonia,2021,1,2021.0,2021-Q1,36522273908.9524,646166.818608373,56521.43201597561,10.942375172924345
EST,Estonia,2021,2,2021.25,2021-Q2,37305220546.2914,647904.758643436,57578.247494894116,10.960900127699059
EST,Estonia,2021,3,2021.5,2021-Q3,37125540713.29,661037.016542479,56162.57453701047,10.936005880544425
EST,Estonia,2021,4,2021.75,2021-Q4,37659087609.1802,661791.406205713,56904.76977495556,10.949134443928974
EST,Estonia,2022,1,2022.0,2022-Q1,37343588487.0359,676861.384551991,55171.69296303306,10.91820529209316
EST,Estonia,2022,2,2022.25,2022-Q2,36822806278.6373,677806.300346798,54326.44438359011,10.902766392596124
EST,Estonia,2022,3,2022.5,2022-Q3,36675533395.0345,682495.793712294,53737.37645406657,10.891864061738234
EST,Estonia,2022,4,2022.75,2022-Q4,36000112146.9918,686236.521388917,52460.21018253141,10.867810259942221
EST,Estonia,2023,1,2023.0,2023-Q1,35729507371.9643,703204.599282693,50809.54733289621,10.835839555532075
EST,Estonia,2023,2,2023.25,2023-Q2,35685884223.6134,699600.925111242,51008.91514392876,10.839755703173246
EST,Estonia,2023,3,2023.5,2023-Q3,35584960596.5248,697674.025769083,51005.13890752579,10.839681669522886
EST,Estonia,2023,4,2023.75,2023-Q4,35703909043.9293,699520.449836983,51040.55078339708,10.840375709171205
EST,Estonia,2024,1,2024.0,2024-Q1,35744306667.0117,699555.569951648,51095.73592485624,10.84145632701248
EST,Estonia,2024,2,2024.25,2024-Q2,35676212080.5043,710351.047198709,50223.35396167083,10.824235415859286
EST,Estonia,2024,3,2024.5,2024-Q3,35596533873.782,702852.774032661,50645.78982813811,10.832611383381622
EST,Estonia,2024,4,2024.75,2024-Q4,35556874048.356,702540.608934813,50611.841644666034,10.831940852494215
EST,Estonia,2025,1,2025.0,2025-Q1,35629582579.0861,689221.242198466,51695.42143744072,10.853124496370592
EST,Estonia,2025,2,2025.25,2025-Q2,35855637772.2569,700254.77785918,51203.703146267435,10.843567135487659
EST,Estonia,2025,3,2025.5,2025-Q3,35916603675.0539,705148.440871891,50934.8125773976,10.838301909374668
EST,Estonia,2025,4,2025.75,2025-Q4,36169317310.1706,705148.440871891,51293.19617504723,10.845313394196248
FIN,Finland,1960,1,1960.0,1960-Q1,58044878170.6448,2070856.20629681,28029.410247871838,10.241009603904375
FIN,Finland,1960,2,1960.25,1960-Q2,58601801546.3751,2084360.97399921,28114.996527658703,10.244058397221357
FIN,Finland,1960,3,1960.5,1960-Q3,59593811780.0764,2093951.11372434,28459.982369923502,10.256254252175047
FIN,Finland,1960,4,1960.75,1960-Q4,60817172221.4124,2100521.2300994,28953.37183453958,10.273441947187477
FIN,Finland,1961,1,1961.0,1961-Q1,62415777682.6423,2103523.10077476,29672.019128125386,10.297959763821599
FIN,Finland,1961,2,1961.25,1961-Q2,63484953249.5311,2108697.07985286,30106.24610622638,10.312487941044127
FIN,Finland,1961,3,1961.5,1961-Q3,64303926543.0843,2114203.05861974,30415.208359912787,10.322698037295627
FIN,Finland,1961,4,1961.75,1961-Q4,64881508876.5898,2119285.71399501,30614.80028300826,10.329238840389495
FIN,Finland,1962,1,1962.0,1962-Q1,65106925175.1091,2123951.40276187,30653.67931227034,10.330507976974488
FIN,Finland,1962,2,1962.25,1962-Q2,65459000532.1296,2124540.07035248,30810.904179025147,10.33562393809373
FIN,Finland,1962,3,1962.5,1962-Q3,65836684866.3754,2122405.07637448,31019.848943651454,10.342382567074942
FIN,Finland,1962,4,1962.75,1962-Q4,66289593839.6325,2118821.30876806,31286.07097036185,10.350928260557481
FIN,Finland,1963,1,1963.0,1963-Q1,66811943528.2634,2112350.19647908,31629.198434817903,10.3618359740506
FIN,Finland,1963,2,1963.25,1963-Q2,67436726459.2445,2112033.64413896,31929.759569117705,10.37129375574367
FIN,Finland,1963,3,1963.5,1963-Q3,68140934739.7664,2115377.74250064,32212.182897989336,10.380100010845092
FIN,Finland,1963,4,1963.75,1963-Q4,68931770731.2404,2121950.60831079,32485.09671302602,10.38853670046969
FIN,Finland,1964,1,1964.0,1964-Q1,69848561797.6012,2146723.17817395,32537.29335377835,10.390142198265469
FIN,Finland,1964,2,1964.25,1964-Q2,70836480927.0304,2141910.14387784,33071.63987691092,10.406431392799337
FIN,Finland,1964,3,1964.5,1964-Q3,71893427088.2863,2137343.66919694,33636.81195701142,10.423376340184905
FIN,Finland,1964,4,1964.75,1964-Q4,72957146028.6331,2143757.05794366,34032.37589739541,10.435067582789086
FIN,Finland,1965,1,1965.0,1965-Q1,74079382989.2691,2150086.07631225,34454.14758293184,10.447384663474583
FIN,Finland,1965,2,1965.25,1965-Q2,74923129303.6687,2144287.5583699,34940.80307056657,10.461410567698858
FIN,Finland,1965,3,1965.5,1965-Q3,75586802029.3974,2144532.23770896,35246.288538030116,10.470115512995791
FIN,Finland,1965,4,1965.75,1965-Q4,76088107519.4955,2137844.63977172,35591.0369275572,10.479849113442476
FIN,Finland,1966,1,1966.0,1966-Q1,76356907143.5018,2149735.37702696,35519.212252580524,10.477829019286434
FIN,Finland,1966,2,1966.25,1966-Q2,76732306311.4765,2147806.94507606,35725.88611252451,10.483630806200035
FIN,Finland,1966,3,1966.5,1966-Q3,77138167740.1357,2145808.34412821,35948.30262973698,10.489837147284527
FIN,Finland,1966,4,1966.75,1966-Q4,77583863484.791,2146467.12005088,36144.91121715945,10.495291449134783
FIN,Finland,1967,1,1967.0,1967-Q1,78096472508.8314,2124316.82020122,36763.10038416677,10.512249914158115
FIN,Finland,1967,2,1967.25,1967-Q2,78493960156.4977,2115064.65728307,37111.848985897195,10.521691577278474
FIN,Finland,1967,3,1967.5,1967-Q3,78811202272.6908,2095926.87649115,37602.07627311447,10.534814547883057
FIN,Finland,1967,4,1967.75,1967-Q4,79085271381.1396,2075051.01413531,38112.44679885379,10.548296195397963
FIN,Finland,1968,1,1968.0,1968-Q1,79096568001.1856,2065725.07638139,38289.978131911965,10.552943473353704
FIN,Finland,1968,2,1968.25,1968-Q2,79691022828.3104,2062305.04216056,38641.72428382497,10.56208791165341
FIN,Finland,1968,3,1968.5,1968-Q3,80704435128.2961,2061719.10770473,39144.24366864539,10.575008657879213
FIN,Finland,1968,4,1968.75,1968-Q4,82238324590.5713,2061800.91251935,39886.64671317993,10.593796878021232
FIN,Finland,1969,1,1969.0,1969-Q1,84620698021.7529,2073938.54516523,40801.9312910794,10.616484694837633
FIN,Finland,1969,2,1969.25,1969-Q2,86982327856.8003,2072629.00894835,41967.147753535995,10.644642394845945
FIN,Finland,1969,3,1969.5,1969-Q3,89404750175.1225,2094757.55015387,42680.23770510114,10.661491274873027
FIN,Finland,1969,4,1969.75,1969-Q4,91588023109.7004,2102108.97461775,43569.58854921157,10.682114675624428
FIN,Finland,1970,1,1970.0,1970-Q1,91157524765.4271,2115374.69055516,43092.850251273296,10.67111237488954
FIN,Finland,1970,2,1970.25,1970-Q2,94206805814.5207,2110597.75135309,44635.13038148807,10.706276504668635
FIN,Finland,1970,3,1970.5,1970-Q3,96184017337.511,2120651.83655396,45355.87392497637,10.722294971411008
FIN,Finland,1970,4,1970.75,1970-Q4,97387503970.7419,2110589.57374275,46142.32211810026,10.739485858118487
FIN,Finland,1971,1,1971.0,1971-Q1,92330459245.8931,2106162.82813713,43838.234163290224,10.688261641688642
FIN,Finland,1971,2,1971.25,1971-Q2,98237926157.735,2115174.16637654,46444.36742815572,10.746010475923848
FIN,Finland,1971,3,1971.5,1971-Q3,98279102400.1057,2116670.62476683,46430.98517556647,10.745722299302027
FIN,Finland,1971,4,1971.75,1971-Q4,97908161103.703,2113701.60123453,46320.71104384777,10.743344462816616
FIN,Finland,1972,1,1972.0,1972-Q1,101921407857.926,2101563.40607903,48497.8980710769,10.789275737245742
FIN,Finland,1972,2,1972.25,1972-Q2,102697226288.617,2113558.34120129,48589.72865175165,10.791167442938
FIN,Finland,1972,3,1972.5,1972-Q3,104619118832.541,2104206.92918697,49719.02591013901,10.814142953923056
FIN,Finland,1972,4,1972.75,1972-Q4,106910224577.298,2114677.90979758,50556.26867901202,10.830842226236083
FIN,Finland,1973,1,1973.0,1973-Q1,110121377209.759,2119786.67943593,51949.27314056998,10.858023004910144
FIN,Finland,1973,2,1973.25,1973-Q2,107508117469.518,2137139.7069814,50304.674569622635,10.825853285559468
FIN,Finland,1973,3,1973.5,1973-Q3,111904856183.588,2167447.28328124,51629.79374251643,10.851854182950287
FIN,Finland,1973,4,1973.75,1973-Q4,114082594134.54,2193793.54948818,52002.42938135901,10.85904571534456
FIN,Finland,1974,1,1974.0,1974-Q1,113134104796.765,2204194.14942555,51326.74216844721,10.845967185167796
FIN,Finland,1974,2,1974.25,1974-Q2,113861303539.684,2219202.95934054,51307.29618958291,10.845588246963509
FIN,Finland,1974,3,1974.5,1974-Q3,115122092495.95,2223970.88006689,51764.208572950156,10.854454235238562
FIN,Finland,1974,4,1974.75,1974-Q4,115137057868.478,2231456.96952084,51597.25660907606,10.851223783565493
FIN,Finland,1975,1,1975.0,1975-Q1,116969291102.269,2209704.92407378,52934.34875758258,10.876807722020827
FIN,Finland,1975,2,1975.25,1975-Q2,116138732059.563,2216840.35696345,52389.307915093064,10.866457802066739
FIN,Finland,1975,3,1975.5,1975-Q3,115075616484.901,2201847.59879211,52263.206839578364,10.864047900367972
FIN,Finland,1975,4,1975.75,1975-Q4,113959345131.505,2217649.05746564,51387.45679703682,10.847149390476748
FIN,Finland,1976,1,1976.0,1976-Q1,114384591361.37,2279823.4815965,50172.56479930169,10.823223638342258
FIN,Finland,1976,2,1976.25,1976-Q2,114995882816.801,2261302.98719898,50853.81457848934,10.836710414955935
FIN,Finland,1976,3,1976.5,1976-Q3,116278265978.738,2279290.05045882,51015.12462414832,10.839877428998676
FIN,Finland,1976,4,1976.75,1976-Q4,117248358940.618,2258724.38336343,51909.10400764584,10.85724946817618
FIN,Finland,1977,1,1977.0,1977-Q1,116238399144.688,2238448.6580933,51928.10597840529,10.8576154635833
FIN,Finland,1977,2,1977.25,1977-Q2,116098865225.513,2212594.4675718,52471.82297844443,10.868031599329454
FIN,Finland,1977,3,1977.5,1977-Q3,116816468238.411,2228057.40742904,52429.73895058016,10.867229246545604
FIN,Finland,1977,4,1977.75,1977-Q4,116544044872.403,2213154.02483861,52659.7080747246,10.871605889448238
FIN,Finland,1978,1,1978.0,1978-Q1,117806494617.316,2186235.7770413,53885.53963596147,10.89461743956669
FIN,Finland,1978,2,1978.25,1978-Q2,118637053660.021,2185771.58677206,54276.96762918572,10.901855247045349
FIN,Finland,1978,3,1978.5,1978-Q3,119155322502.669,2198715.54252876,54193.15059083429,10.900309806579179
FIN,Finland,1978,4,1978.75,1978-Q4,121746666715.909,2201912.20265799,55291.33567130659,10.920371496596829
FIN,Finland,1979,1,1979.0,1979-Q1,124218410427.0,2221945.81409116,55905.23839025702,10.931413364775167
FIN,Finland,1979,2,1979.25,1979-Q2,127168556146.689,2233969.61321304,56924.92654982309,10.949488600633753
FIN,Finland,1979,3,1979.5,1979-Q3,128258249610.719,2260086.30007544,56749.27086033742,10.946398086985116
FIN,Finland,1979,4,1979.75,1979-Q4,129793122721.638,2280855.69780228,56905.45125090564,10.949146419583602
FIN,Finland,1980,1,1980.0,1980-Q1,131965865177.355,2300007.07127075,57376.2867191726,10.95738637358933
FIN,Finland,1980,2,1980.25,1980-Q2,131347929249.583,2309233.7634334,56879.442579383176,10.948689264488582
FIN,Finland,1980,3,1980.5,1980-Q3,137899378978.442,2331001.62891469,59158.85140013723,10.987981501493211
FIN,Finland,1980,4,1980.75,1980-Q4,134151896577.755,2339740.22145802,57336.23559890663,10.956688086757447
FIN,Finland,1981,1,1981.0,1981-Q1,133899406628.773,2344470.18783134,57112.863846066386,10.952784656541825
FIN,Finland,1981,2,1981.25,1981-Q2,135467502101.4,2332780.52263905,58071.25907762082,10.969426140197873
FIN,Finland,1981,3,1981.5,1981-Q3,136138593807.907,2355584.68255112,57793.97141454819,10.9646397484344
FIN,Finland,1981,4,1981.75,1981-Q4,136676796067.58,2351478.78706027,58123.76314840082,10.970329863495955
FIN,Finland,1982,1,1982.0,1982-Q1,137527288527.309,2363253.89112848,58194.03875460803,10.971538201576767
FIN,Finland,1982,2,1982.25,1982-Q2,138882760885.005,2349876.57561686,59102.151290029884,10.987022603578223
FIN,Finland,1982,3,1982.5,1982-Q3,140391056106.557,2374535.84153549,59123.57844881943,10.987385082356262
FIN,Finland,1982,4,1982.75,1982-Q4,142171774694.117,2378887.16765388,59763.984028856015,10.998158484734075
FIN,Finland,1983,1,1983.0,1983-Q1,142337886502.659,2376792.64657811,59886.539411666454,11.000207041182403
FIN,Finland,1983,2,1983.25,1983-Q2,143832892779.527,2368851.31916455,60718.41301979822,11.01400227569038
FIN,Finland,1983,3,1983.5,1983-Q3,145155142775.515,2382163.85341377,60934.15554412843,11.01754914285565
FIN,Finland,1983,4,1983.75,1983-Q4,144802985741.407,2391388.48231727,60551.84542876616,11.011255226283376
FIN,Finland,1984,1,1984.0,1984-Q1,147088684226.932,2402501.72195761,61223.13373706179,11.022280399315141
FIN,Finland,1984,2,1984.25,1984-Q2,147288018397.182,2406581.71137346,61202.16807977123,11.021937894012979
FIN,Finland,1984,3,1984.5,1984-Q3,148603623920.828,2405982.31130631,61764.22130059003,11.031079532437218
FIN,Finland,1984,4,1984.75,1984-Q4,150357764619.021,2397536.72561011,62713.43542433491,11.046330984755969
FIN,Finland,1985,1,1985.0,1985-Q1,151394302304.317,2419977.47110022,62560.211453326876,11.043884755221903
FIN,Finland,1985,2,1985.25,1985-Q2,153101931696.119,2432486.74428735,62940.499904337,11.04994511314067
FIN,Finland,1985,3,1985.5,1985-Q3,153866046015.408,2423640.22882691,63485.51413915184,11.058567035063708
FIN,Finland,1985,4,1985.75,1985-Q4,154125180436.731,2431064.04783362,63398.23937344459,11.057191369904777
FIN,Finland,1986,1,1986.0,1986-Q1,154218203049.514,2416679.26534122,63814.096169579774,11.063729388025411
FIN,Finland,1986,2,1986.25,1986-Q2,154889294756.02,2415811.38056859,64114.81293691271,11.068430707270815
FIN,Finland,1986,3,1986.5,1986-Q3,161640078655.128,2426725.3527835,66608.31167800828,11.106584648711706
FIN,Finland,1986,4,1986.75,1986-Q4,158610199267.341,2423891.20182778,65436.18754329322,11.088830710766763
FIN,Finland,1987,1,1987.0,1987-Q1,159826137705.861,2409954.17596089,66319.16046376093,11.102234130859344
FIN,Finland,1987,2,1987.25,1987-Q2,162610171617.008,2406310.23109413,67576.56162359018,11.12101648036472
FIN,Finland,1987,3,1987.5,1987-Q3,163241396489.464,2428669.6662329,67214.3267399008,11.115641699322541
FIN,Finland,1987,4,1987.75,1987-Q4,166457321102.82,2410825.23789391,69045.78502265748,11.142525114579742
FIN,Finland,1988,1,1988.0,1988-Q1,168576907779.803,2414566.7797398,69816.62681450845,11.15362746689538
FIN,Finland,1988,2,1988.25,1988-Q2,169932380137.498,2409923.81356343,70513.5901728892,11.163560738632693
FIN,Finland,1988,3,1988.5,1988-Q3,172025388925.116,2428957.94690483,70822.7119141047,11.167935017987023
FIN,Finland,1988,4,1988.75,1988-Q4,175208091176.762,2430972.28376865,72073.25741498916,11.185438344829507
FIN,Finland,1989,1,1989.0,1989-Q1,177301099964.38,2450039.53358632,72366.6281845053,11.189500535431739
FIN,Finland,1989,2,1989.25,1989-Q2,180417357492.609,2469978.73872186,73044.09332121199,11.198818555883813
FIN,Finland,1989,3,1989.5,1989-Q3,182543588641.935,2453965.74022527,74387.17894455112,11.217038879957252
FIN,Finland,1989,4,1989.75,1989-Q4,182629966782.377,2467429.55829698,74016.28393737337,11.212040401185899
FIN,Finland,1990,1,1990.0,1990-Q1,185081590556.318,2474940.50323878,74782.23832617987,11.222335680233185
FIN,Finland,1990,2,1990.25,1990-Q2,182616032198.377,2467046.24993679,74022.13566245705,11.21211945802942
FIN,Finland,1990,3,1990.5,1990-Q3,178611430105.522,2451829.55752162,72848.2245258792,11.196133439684342
FIN,Finland,1990,4,1990.75,1990-Q4,177612853234.038,2434619.06253339,72953.03645951886,11.197571176930042
FIN,Finland,1991,1,1991.0,1991-Q1,174184749128.843,2400183.49286572,72571.43032880107,11.192326601721069
FIN,Finland,1991,2,1991.25,1991-Q2,172069207406.267,2353029.78462215,73126.65930996615,11.199948275695052
FIN,Finland,1991,3,1991.5,1991-Q3,168527862624.925,2305710.02421759,73091.52532401055,11.199467706377087
FIN,Finland,1991,4,1991.75,1991-Q4,166571887309.648,2260276.04605032,73695.37344817734,11.207695300741259
FIN,Finland,1992,1,1992.0,1992-Q1,167086617655.773,2220806.04952695,75236.92476043275,11.228397410177125
FIN,Finland,1992,2,1992.25,1992-Q2,165233588409.722,2181282.30116047,75750.66662477185,11.235202523659915
FIN,Finland,1992,3,1992.5,1992-Q3,163828374564.799,2145071.47268547,76374.31976086936,11.243401789866237
FIN,Finland,1992,4,1992.75,1992-Q4,162634200161.788,2106625.73376616,77201.2785921093,11.254171297949673
FIN,Finland,1993,1,1993.0,1993-Q1,162865828817.545,2065670.04806094,78844.06755591407,11.275227352476573
FIN,Finland,1993,2,1993.25,1993-Q2,162526106789.102,2029544.81556063,80080.07782977026,11.290782385888859
FIN,Finland,1993,3,1993.5,1993-Q3,163509241750.202,2019524.02109258,80964.2470416084,11.301762941663283
FIN,Finland,1993,4,1993.75,1993-Q4,164729152670.519,2008217.75165001,82027.53537815945,11.314810267173725
FIN,Finland,1994,1,1994.0,1994-Q1,165753466059.309,1998926.35768791,82921.24690928102,11.325646603934013
FIN,Finland,1994,2,1994.25,1994-Q2,167261625973.456,2002078.58186219,83543.98647923261,11.333128556319295
FIN,Finland,1994,3,1994.5,1994-Q3,171091219748.629,2020116.53543026,84693.73758786083,11.346796941517823
FIN,Finland,1994,4,1994.75,1994-Q4,175445838476.85,2037326.40089883,86115.72421554377,11.363447301099708
FIN,Finland,1995,1,1995.0,1995-Q1,173891352831.551,2042900.70834404,85119.82600099347,11.35181526041212
FIN,Finland,1995,2,1995.25,1995-Q2,178632019319.367,2058046.31898458,86796.88968686687,11.371326066905809
FIN,Finland,1995,3,1995.5,1995-Q3,177829039979.411,2065808.05925038,86082.07291239819,11.363056456337056
FIN,Finland,1995,4,1995.75,1995-Q4,177962869869.404,2069617.223141,85988.30154656075,11.361966537454562
FIN,Finland,1996,1,1996.0,1996-Q1,181076988463.462,2074937.84238021,87268.63271033908,11.37674637268432
FIN,Finland,1996,2,1996.25,1996-Q2,182538822646.459,2081751.61933687,87685.20747187203,11.381508492205082
FIN,Finland,1996,3,1996.5,1996-Q3,183491073786.791,2088429.27201148,87860.80344969535,11.383509062146453
FIN,Finland,1996,4,1996.75,1996-Q4,187130217333.897,2104811.43424315,88905.92966641948,11.395334119687291
FIN,Finland,1997,1,1997.0,1997-Q1,189307526698.008,2134757.97791533,88678.68332450211,11.392774816129068
FIN,Finland,1997,2,1997.25,1997-Q2,192318699222.842,2160366.61414256,89021.32534536156,11.396631230634277
FIN,Finland,1997,3,1997.5,1997-Q3,196863768179.129,2165048.05861275,90928.12854476267,11.417824677234243
FIN,Finland,1997,4,1997.75,1997-Q4,202716252214.575,2186666.78974434,92705.59792892639,11.4371841373135
FIN,Finland,1998,1,1998.0,1998-Q1,201094851624.28,2190155.64386131,91817.60766086183,11.427559362800986
FIN,Finland,1998,2,1998.25,1998-Q2,205094306413.675,2203529.62135205,93075.35711175621,11.441164735550707
FIN,Finland,1998,3,1998.5,1998-Q3,207873850282.752,2221761.68890581,93562.62254442208,11.44638625092115
FIN,Finland,1998,4,1998.75,1998-Q4,209752616046.11,2237283.8675122,93753.24208606094,11.448421525486022
FIN,Finland,1999,1,1999.0,1999-Q1,213165278240.921,2266841.60744098,94036.24741190525,11.451435597688366
FIN,Finland,1999,2,1999.25,1999-Q2,214266801181.63,2283590.0233723,93828.92681638656,11.449228475686837
FIN,Finland,1999,3,1999.5,1999-Q3,215388913336.183,2296593.03969571,93786.2780271777,11.448773834604
FIN,Finland,1999,4,1999.75,1999-Q4,217159585726.854,2299439.75471956,94440.21539644069,11.455722271972375
FIN,Finland,2000,1,2000.0,2000-Q1,223660629998.419,2297243.86484924,97360.42107706187,11.486175052601336
FIN,Finland,2000,2,2000.25,2000-Q2,225390123961.4,2318489.01283284,97214.22992037717,11.484672378091126
FIN,Finland,2000,3,2000.5,2000-Q3,228895437618.514,2344291.75913899,97639.48396192057,11.489037239383554
FIN,Finland,2000,4,2000.75,2000-Q4,231505120473.37,2344465.80748493,98745.36013034095,11.500299695637628
FIN,Finland,2001,1,2001.0,2001-Q1,232637527234.846,2349206.46671714,99028.13163967726,11.503159246728034
FIN,Finland,2001,2,2001.25,2001-Q2,232807388249.067,2358648.6741469,98703.71573387085,11.499877871459363
FIN,Finland,2001,3,2001.5,2001-Q3,234397905018.595,2357056.61083773,99445.17409587663,11.507361757170827
FIN,Finland,2001,4,2001.75,2001-Q4,233630956802.868,2372127.78809105,98490.03834269846,11.49771068846917
FIN,Finland,2002,1,2002.0,2002-Q1,235262652000.086,2364545.18570679,99495.94256950656,11.507872144119316
FIN,Finland,2002,2,2002.25,2002-Q2,237398782936.506,2362686.51194415,100478.32487991014,11.517697310383822
FIN,Finland,2002,3,2002.5,2002-Q3,236889199893.842,2362472.94069451,100271.709281124,11.515638873157597
FIN,Finland,2002,4,2002.75,2002-Q4,239673891066.38,2364629.62330151,101357.89922641074,11.526413088916097
FIN,Finland,2003,1,2003.0,2003-Q1,237892924068.786,2366588.75577452,100521.44610605578,11.518126377806094
FIN,Finland,2003,2,2003.25,2003-Q2,241377648512.056,2359165.16179171,102314.85799355287,11.535810180822162
FIN,Finland,2003,3,2003.5,2003-Q3,244260138450.358,2353718.32732125,103776.28266520264,11.549992732904625
FIN,Finland,2003,4,2003.75,2003-Q4,244785163403.406,2344507.89359597,104407.90754939977,11.556060694372675
FIN,Finland,2004,1,2004.0,2004-Q1,247873545480.158,2344202.23030304,105738.97690051889,11.568728854128095
FIN,Finland,2004,2,2004.25,2004-Q2,249896435740.431,2344669.95473305,106580.64485194579,11.576657206235414
FIN,Finland,2004,3,2004.5,2004-Q3,252732599947.582,2364087.44484255,106904.92879141963,11.579695202511717
FIN,Finland,2004,4,2004.75,2004-Q4,256603372150.446,2369085.56519193,108313.25635537248,11.59278282951838
FIN,Finland,2005,1,2005.0,2005-Q1,259130698149.921,2377827.15820402,108977.93696058345,11.598900727517307
FIN,Finland,2005,2,2005.25,2005-Q2,255913633486.637,2386203.34058235,107247.20275690404,11.582891754929426
FIN,Finland,2005,3,2005.5,2005-Q3,259624839282.202,2388046.19867104,108718.51617723498,11.596517400619629
FIN,Finland,2005,4,2005.75,2005-Q4,260402082104.851,2415239.09547603,107816.27483283482,11.588183898537114
FIN,Finland,2006,1,2006.0,2006-Q1,267021514356.024,2423649.27558067,110173.33120199482,11.60981014280169
FIN,Finland,2006,2,2006.25,2006-Q2,267428151329.463,2420487.3034104,110485.25268141837,11.612637331136714
FIN,Finland,2006,3,2006.5,2006-Q3,269986361149.707,2440608.16087666,110622.57574879559,11.61387946793493
FIN,Finland,2006,4,2006.75,2006-Q4,272246027369.197,2451391.35878191,111057.75762564299,11.617805683934849
FIN,Finland,2007,1,2007.0,2007-Q1,277640401396.592,2459030.0142444,112906.4711647711,11.634315066163635
FIN,Finland,2007,2,2007.25,2007-Q2,282406804401.713,2479417.16328995,113900.47975105008,11.643080361463717
FIN,Finland,2007,3,2007.5,2007-Q3,285073107594.643,2493129.34071909,114343.48909969498,11.64696225948003
FIN,Finland,2007,4,2007.75,2007-Q4,288753429569.439,2498384.96135318,115576.03573351796,11.657683910386837
FIN,Finland,2008,1,2008.0,2008-Q1,288439444058.303,2518404.25166102,114532.62273841145,11.648614976141884
FIN,Finland,2008,2,2008.25,2008-Q2,286220956266.502,2525913.29966576,113313.84822447234,11.637916665711893
FIN,Finland,2008,3,2008.5,2008-Q3,287183502013.757,2522046.89354185,113869.21581400468,11.642805839103188
FIN,Finland,2008,4,2008.75,2008-Q4,280934675611.794,2524642.87040643,111276.99640407662,11.619777834896572
FIN,Finland,2009,1,2009.0,2009-Q1,262677190234.726,2492281.81749555,105396.26313154493,11.56548246030097
FIN,Finland,2009,2,2009.25,2009-Q2,261560225383.633,2450569.66537691,106734.45814624646,11.578099329355588
FIN,Finland,2009,3,2009.5,2009-Q3,264061814865.803,2434400.542964,108470.98092752438,11.594237959300502
FIN,Finland,2009,4,2009.75,2009-Q4,262193343709.368,2421026.16631583,108298.43450571122,11.59264597772035
FIN,Finland,2010,1,2010.0,2010-Q1,264473599142.703,2403666.66666667,110029.23275941034,11.608501361826926
FIN,Finland,2010,2,2010.25,2010-Q2,272045282534.208,2408000.0,112975.61567035216,11.634927283880495
FIN,Finland,2010,3,2010.5,2010-Q3,270706983634.282,2417666.66666667,111970.35032439612,11.625989385983797
FIN,Finland,2010,4,2010.75,2010-Q4,276533731152.422,2417000.0,114411.96986033181,11.647560984100583
FIN,Finland,2011,1,2011.0,2011-Q1,277697021734.665,2422333.33333333,114640.30070235256,11.649554685512854
FIN,Finland,2011,2,2011.25,2011-Q2,277007283070.857,2439000.0,113574.12180026936,11.64021095826462
FIN,Finland,2011,3,2011.5,2011-Q3,277347005099.3,2443666.66666667,113496.2508931795,11.63952508357988
FIN,Finland,2011,4,2011.75,2011-Q4,277619812182.747,2449666.66666667,113329.62805119608,11.638055913723868
FIN,Finland,2012,1,2012.0,2012-Q1,275926349343.994,2449666.66666667,112638.32467437488,11.631937298006891
FIN,Finland,2012,2,2012.25,2012-Q2,273033564798.77,2450666.66666667,111411.95516815953,11.620989918205177
FIN,Finland,2012,3,2012.5,2012-Q3,272071019051.515,2453666.66666667,110883.44751454204,11.616234906243243
FIN,Finland,2012,4,2012.75,2012-Q4,271736444326.533,2444000.0,111185.12451985801,11.618951879546872
FIN,Finland,2013,1,2013.0,2013-Q1,269378979341.279,2427000.0,110992.5749243012,11.6172185854832
FIN,Finland,2013,2,2013.25,2013-Q2,270578301047.751,2438000.0,110983.71659054594,11.617138772150888
FIN,Finland,2013,3,2013.5,2013-Q3,271298923532.327,2422000.0,112014.4192949327,11.626382885695229
FIN,Finland,2013,4,2013.75,2013-Q4,270820224310.43,2419666.66666667,111924.6002109504,11.62558071116578
FIN,Finland,2014,1,2014.0,2014-Q1,268503937752.866,2418333.33333333,111028.50630718112,11.617542260901716
FIN,Finland,2014,2,2014.25,2014-Q2,269028962705.914,2421000.0,111123.07422796944,11.61839364288399
FIN,Finland,2014,3,2014.5,2014-Q3,269821647438.947,2420333.33333333,111481.1929922658,11.621611182940363
FIN,Finland,2014,4,2014.75,2014-Q4,269543693052.039,2412000.0,111751.11652240423,11.624029503677843
FIN,Finland,2015,1,2015.0,2015-Q1,267320057956.777,2409000.0,110967.23036811,11.616990214798985
FIN,Finland,2015,2,2015.25,2015-Q2,271180535552.718,2395333.33333333,113212.02430533746,11.637017660888686
FIN,Finland,2015,3,2015.5,2015-Q3,270933464986.578,2402000.0,112794.94795444547,11.633326829405204
FIN,Finland,2015,4,2015.75,2015-Q4,272487950631.876,2398666.66666667,113599.7570727664,11.640436646822943
FIN,Finland,2016,1,2016.0,2016-Q1,275663836867.47,2409000.0,114430.81646636363,11.64772569635896
FIN,Finland,2016,2,2016.25,2016-Q2,275607216529.397,2412333.33333333,114249.22614179798,11.646137535357564
FIN,Finland,2016,3,2016.5,2016-Q3,278613241750.769,2420000.0,115129.43873998718,11.65381232864486
FIN,Finland,2016,4,2016.75,2016-Q4,279864036491.854,2417333.33333333,115773.87058405449,11.659394176035159
FIN,Finland,2017,1,2017.0,2017-Q1,282581812719.396,2418000.0,116865.92751008933,11.668782637995843
FIN,Finland,2017,2,2017.25,2017-Q2,286298165818.422,2425000.0,118061.09930656577,11.678957560174045
FIN,Finland,2017,3,2017.5,2017-Q3,287636464718.348,2439666.66666667,117899.90355991843,11.677591268543095
FIN,Finland,2017,4,2017.75,2017-Q4,289901278241.3,2471000.0,117321.4400005261,11.672672797142605
FIN,Finland,2018,1,2018.0,2018-Q1,290529249263.573,2480333.33333333,117133.14712951487,11.671066576391727
FIN,Finland,2018,2,2018.25,2018-Q2,289957898579.373,2508333.33333333,115597.83332068041,11.657872492144076
FIN,Finland,2018,3,2018.5,2018-Q3,289674796889.005,2516333.33333333,115117.81569307407,11.653711367207107
FIN,Finland,2018,4,2018.75,2018-Q4,289932162062.067,2523000.0,114915.64092828656,11.651953581015361
FIN,Finland,2019,1,2019.0,2019-Q1,292449193454.621,2530666.66666667,115562.11543254238,11.657563460336316
FIN,Finland,2019,2,2019.25,2019-Q2,294513262142.584,2523333.33333333,116715.95593497399,11.66749853502081
FIN,Finland,2019,3,2019.5,2019-Q3,294683123156.805,2536333.33333333,116184.69831389356,11.662936430683176
FIN,Finland,2019,4,2019.75,2019-Q4,294106625169.145,2544666.66666667,115577.66249769897,11.657697985560137
FIN,Finland,2020,1,2020.0,2020-Q1,293483801450.333,2532000.0,115909.87419049487,11.660568221475376
FIN,Finland,2020,2,2020.25,2020-Q2,274346127181.39,2451333.33333333,111917.10382705617,11.625513731833852
FIN,Finland,2020,3,2020.5,2020-Q3,287904124498.333,2489333.33333333,115655.1116088645,11.658367865635409
FIN,Finland,2020,4,2020.75,2020-Q4,290740288705.484,2507000.0,115971.39557458476,11.661098849805951
FIN,Finland,2021,1,2021.0,2021-Q1,288645336196.754,2516666.66666667,114693.51107155775,11.65001872847057
FIN,Finland,2021,2,2021.25,2021-Q2,293334529649.956,2543666.66666667,115319.5634844538,11.655462366490697
FIN,Finland,2021,3,2021.5,2021-Q3,296366291388.635,2559000.0,115813.32215265142,11.659734882000048
FIN,Finland,2021,4,2021.75,2021-Q4,298816407836.192,2591666.66666667,115298.93549949517,11.655283473773032
FIN,Finland,2022,1,2022.0,2022-Q1,296803812182.842,2604000.0,113979.95859556143,11.643777910128366
FIN,Finland,2022,2,2022.25,2022-Q2,297817830964.709,2617000.0,113801.23460630837,11.642208649528598
FIN,Finland,2022,3,2022.5,2022-Q3,297107503087.056,2614666.66666667,113631.12050754296,11.64071269588203
FIN,Finland,2022,4,2022.75,2022-Q4,294415463376.82,2638000.0,111605.55852040183,11.622726135219477
FIN,Finland,2023,1,2023.0,2023-Q1,295851561042.51,2629666.66666667,112505.3470816997,11.630756029112224
FIN,Finland,2023,2,2023.25,2023-Q2,296417764423.248,2637000.0,112407.19166600227,11.62988319718853
FIN,Finland,2023,3,2023.5,2023-Q3,291744012880.429,2614000.0,111608.26812564232,11.622750413332364
FIN,Finland,2023,4,2023.75,2023-Q4,290971917361.241,2623000.0,110930.9635384068,11.61666333669883
FIN,Finland,2024,1,2024.0,2024-Q1,293066869869.971,2616666.66666667,112000.07765731362,11.626254843645864
FIN,Finland,2024,2,2024.25,2024-Q2,294312517307.595,2605333.33333333,112965.39814774641,11.634836839720402
FIN,Finland,2024,3,2024.5,2024-Q3,296464090154.399,2599000.0,114068.52256806425,11.644554621961772
FIN,Finland,2024,4,2024.75,2024-Q4,296036863967.115,2588000.0,114388.27819440301,11.64735388934247
FIN,Finland,2025,1,2025.0,2025-Q1,296016274753.27,2589000.0,114336.14320327154,11.646898013299888
FIN,Finland,2025,2,2025.25,2025-Q2,294770627315.646,2591000.0,113767.12748577615,11.641908896782002
FIN,Finland,2025,3,2025.5,2025-Q3,294496181041.263,2583000.0,114013.23307830546,11.644069800274172
FIN,Finland,2025,4,2025.75,2025-Q4,295182120151.871,2583000.0,114278.79216100309,11.646396287169177
FRA,France,1960,1,1960.0,1960-Q1,570499697160.674,19934586.255646,28618.587305723155,10.261811691505146
FRA,France,1960,2,1960.25,1960-Q2,584789379535.215,19939707.8529931,29327.8810224611,10.286293913281197
FRA,France,1960,3,1960.5,1960-Q3,594650613366.152,19940660.5493118,29821.008782313118,10.302968416797953
FRA,France,1960,4,1960.75,1960-Q4,600957639964.092,19942061.0450337,30135.18204597776,10.31344860691359
FRA,France,1961,1,1961.0,1961-Q1,609299359136.119,19917662.5014301,30590.90689443959,10.328458083467167
FRA,France,1961,2,1961.25,1961-Q2,613181406860.593,19933348.6794437,30761.5853573533,10.334021961867316
FRA,France,1961,3,1961.5,1961-Q3,618978459360.68,19960572.6513022,31010.055180971915,10.342066791550245
FRA,France,1961,4,1961.75,1961-Q4,629844029935.349,20001191.0105848,31490.32623117444,10.357435673875464
FRA,France,1962,1,1962.0,1962-Q1,642848369430.606,19972484.0983301,32186.700776212136,10.379308626844212
FRA,France,1962,2,1962.25,1962-Q2,652595119280.392,20044484.7657476,32557.340680343106,10.390758142344302
FRA,France,1962,3,1962.5,1962-Q3,665214376293.597,20129592.116621,33046.58993782242,10.405673661070669
FRA,France,1962,4,1962.75,1962-Q4,672343606028.892,20223805.2598242,33245.158237581665,10.41166441856599
FRA,France,1963,1,1963.0,1963-Q1,668607265189.519,20298526.4379815,32938.70947885446,10.402403825030168
FRA,France,1963,2,1963.25,1963-Q2,696234331368.118,20398722.7535934,34131.27085348865,10.437969276879619
FRA,France,1963,3,1963.5,1963-Q3,718574319144.483,20494667.7549261,35061.525648385614,10.46485967288458
FRA,France,1963,4,1963.75,1963-Q4,718844917645.385,20581006.1176238,34927.588745519504,10.461032304370875
FRA,France,1964,1,1964.0,1964-Q1,734190974936.907,20729541.2565963,35417.61806732128,10.474964660835054
FRA,France,1964,2,1964.25,1964-Q2,742631566638.11,20782596.8537379,35733.33842082119,10.483839381324445
FRA,France,1964,3,1964.5,1964-Q3,749484994055.178,20821958.7478674,35994.932231432875,10.491133436179943
FRA,France,1964,4,1964.75,1964-Q4,760090373763.596,20854250.5233196,36447.74349064471,10.50363482854229
FRA,France,1965,1,1965.0,1965-Q1,764591675749.749,20895898.957689,36590.51363609339,10.507544295523182
FRA,France,1965,2,1965.25,1965-Q2,777564792341.055,20932393.7408425,37146.482240294376,10.522624354957056
FRA,France,1965,3,1965.5,1965-Q3,788815445397.777,20972524.1106299,37611.85068791823,10.53507445759004
FRA,France,1965,4,1965.75,1965-Q4,800612499273.626,21013748.6036926,38099.4611848045,10.547955418883676
FRA,France,1966,1,1966.0,1966-Q1,808053958048.423,21066784.1916183,38356.77769794205,10.554686523851263
FRA,France,1966,2,1966.25,1966-Q2,820319355483.526,21102346.6599235,38873.37122754384,10.568064750920042
FRA,France,1966,3,1966.5,1966-Q3,830586487065.816,21130023.5740365,39308.35591146233,10.579192393869493
FRA,France,1966,4,1966.75,1966-Q4,836560469354.953,21145918.1832069,39561.32158022394,10.585607192161053
FRA,France,1967,1,1967.0,1967-Q1,850085190582.714,21215590.7242137,40068.89092239595,10.598355524744411
FRA,France,1967,2,1967.25,1967-Q2,859608176287.524,21199398.7042903,40548.705568406425,10.61025913716984
FRA,France,1967,3,1967.5,1967-Q3,870130294918.74,21178743.5254253,41085.076358478946,10.623400228912397
FRA,France,1967,4,1967.75,1967-Q4,878877911842.121,21168737.8351204,41517.728581058895,10.633875809721413
FRA,France,1968,1,1968.0,1968-Q1,900791186597.833,21055960.5322643,42780.816634678806,10.663845071623879
FRA,France,1968,2,1968.25,1968-Q2,855481549148.772,21108019.3487776,40528.74573465437,10.609766772552193
FRA,France,1968,3,1968.5,1968-Q3,921632474984.59,21188631.1195167,43496.55576077686,10.680437036028863
FRA,France,1968,4,1968.75,1968-Q4,933528401389.615,21285474.0151444,43857.53405000138,10.688701797181112
FRA,France,1969,1,1969.0,1969-Q1,942785992410.848,21359481.462078,44138.99251649376,10.69509885482196
FRA,France,1969,2,1969.25,1969-Q2,962425198995.522,21453555.6528352,44860.871296564415,10.711321230457237
FRA,France,1969,3,1969.5,1969-Q3,975528411019.954,21537302.680652,45294.82755964229,10.720948123045524
FRA,France,1969,4,1969.75,1969-Q4,990250010232.473,21608807.9163742,45826.221143930175,10.732611720338237
FRA,France,1970,1,1970.0,1970-Q1,1005580456072.02,21743389.2300395,46247.640854571284,10.74176573308978
FRA,France,1970,2,1970.25,1970-Q2,1022159818069.57,21785735.9560487,46918.76465094916,10.756172973583402
FRA,France,1970,3,1970.5,1970-Q3,1032619490892.89,21816510.7741379,47332.018469103474,10.764942268707692
FRA,France,1970,4,1970.75,1970-Q4,1046263899919.13,21840212.8267902,47905.389394179125,10.77698329051826
FRA,France,1971,1,1971.0,1971-Q1,1062962949715.16,21873148.0789817,48596.70614750604,10.7913110328491
FRA,France,1971,2,1971.25,1971-Q2,1074145953146.65,21896106.0029601,49056.48305691605,10.800727628673696
FRA,France,1971,3,1971.5,1971-Q3,1088846737089.87,21924912.4374481,49662.53526422767,10.81300611020018
FRA,France,1971,4,1971.75,1971-Q4,1099217945018.66,21963490.3734252,50047.50731007047,10.82072797950851
FRA,France,1972,1,1972.0,1972-Q1,1111410489011.21,21943979.3154301,50647.62744420343,10.83264766641195
FRA,France,1972,2,1972.25,1972-Q2,1120907455629.4,22012279.6207294,50921.916082413336,10.838048681233083
FRA,France,1972,3,1972.5,1972-Q3,1136997658798.4,22092582.7608894,51465.13067775996,10.848659783115309
FRA,France,1972,4,1972.75,1972-Q4,1154846752223.26,22179274.0873228,52068.7353281479,10.860319957944721
FRA,France,1973,1,1973.0,1973-Q1,1175021951992.41,22275216.3694195,52750.19252363075,10.873322701068728
FRA,France,1973,2,1973.25,1973-Q2,1193917012699.61,22357006.3453595,53402.36497930877,10.88561031196964
FRA,France,1973,3,1973.5,1973-Q3,1212676774156.35,22423337.8981399,54081.010582146475,10.898238397342295
FRA,France,1973,4,1973.75,1973-Q4,1226029769412.38,22463593.7155021,54578.52314014646,10.907395735269388
FRA,France,1974,1,1974.0,1974-Q1,1246688924192.76,22645768.5130981,55051.73840630257,10.916028720331658
FRA,France,1974,2,1974.25,1974-Q2,1255441744933.48,22607816.8751156,55531.31254859656,10.924702330703951
FRA,France,1974,3,1974.5,1974-Q3,1267160741549.44,22546713.2785453,56201.57252610418,10.936700016381858
FRA,France,1974,4,1974.75,1974-Q4,1245205836255.13,22486616.1247346,55375.4210659309,10.921891111217956
FRA,France,1975,1,1975.0,1975-Q1,1237087881228.07,22409334.5874715,55204.132742062546,10.918793097978305
FRA,France,1975,2,1975.25,1975-Q2,1233700196149.48,22370488.060656,55148.55969187569,10.917785908146158
FRA,France,1975,3,1975.5,1975-Q3,1234147724439.44,22346975.6891623,55226.61059849676,10.919200192163578
FRA,France,1975,4,1975.75,1975-Q4,1259630817880.12,22383777.661935,56274.273132287235,10.937992749339445
FRA,France,1976,1,1976.0,1976-Q1,1272000291661.73,22440002.8981154,56684.497655236824,10.945256042371977
FRA,France,1976,2,1976.25,1976-Q2,1289557971316.38,22495205.8572743,57325.90221659937,10.95650784622588
FRA,France,1976,3,1976.5,1976-Q3,1303811226969.66,22582099.4040986,57736.49312397505,10.963644715729474
FRA,France,1976,4,1976.75,1976-Q4,1312590066796.98,22672059.7819873,57894.610345012334,10.966379573649984
FRA,France,1977,1,1977.0,1977-Q1,1327696748491.55,22718062.2479531,58442.341340585765,10.975795929069381
FRA,France,1977,2,1977.25,1977-Q2,1331979490150.06,22706817.200717,58659.894003462585,10.979511535565312
FRA,France,1977,3,1977.5,1977-Q3,1344083569248.08,22703750.3696526,59200.94906631263,10.988692852269144
FRA,France,1977,4,1977.75,1977-Q4,1355027197082.63,22735440.9573179,59599.776385532765,10.995407101125812
FRA,France,1978,1,1978.0,1978-Q1,1372891901959.46,22748730.5585969,60350.26431136988,11.007920606157676
FRA,France,1978,2,1978.25,1978-Q2,1387519832460.13,22735440.9573179,61028.93869817494,11.019103435549141
FRA,France,1978,3,1978.5,1978-Q3,1398614370997.1,22701705.8156097,61608.33826132186,11.02855250174618
FRA,France,1978,4,1978.75,1978-Q4,1413767887047.6,22734418.6802965,62186.234314092515,11.037888940955618
FRA,France,1979,1,1979.0,1979-Q1,1426126953194.55,22850958.2607432,62409.94084018632,11.041479850005613
FRA,France,1979,2,1979.25,1979-Q2,1433776564662.34,22950119.131825,62473.600090124055,11.042499347931077
FRA,France,1979,3,1979.5,1979-Q3,1452661217734.89,23033945.8475849,63066.10371262989,11.051938720559459
FRA,France,1979,4,1979.75,1979-Q4,1456475615834.14,23100393.8539799,63049.81746374891,11.051680446285765
FRA,France,1980,1,1980.0,1980-Q1,1473357747196.03,23139240.3807955,63673.557253800296,11.061524641621592
FRA,France,1980,2,1980.25,1980-Q2,1461489880019.23,23166841.860375,63085.41702954297,11.052244912937487
FRA,France,1980,3,1980.5,1980-Q3,1463699626589.83,23167864.1373964,63178.013213017766,11.053711627407333
FRA,France,1980,4,1980.75,1980-Q4,1461414193923.81,23126973.0565379,63190.897933384076,11.053915549721676
FRA,France,1981,1,1981.0,1981-Q1,1466846826886.56,23066658.7122717,63591.647372238716,11.060237410078415
FRA,France,1981,2,1981.25,1981-Q2,1477937714020.55,23017589.4152415,64209.05714140108,11.069899556696496
FRA,France,1981,3,1981.5,1981-Q3,1487863131090.31,22987943.3816191,64723.629530077436,11.077881630661736
FRA,France,1981,4,1981.75,1981-Q4,1496833849500.81,22985898.8275762,65119.65708754696,11.083981734807935
FRA,France,1982,1,1982.0,1982-Q1,1508155627128.41,23007366.6450269,65550.98853324883,11.090583569676896
FRA,France,1982,2,1982.25,1982-Q2,1518842695411.53,23007366.6450269,66015.49489975341,11.0976447646625
FRA,France,1982,3,1982.5,1982-Q3,1517959371614.4,22988965.6586405,66029.91166085232,11.097863125323908
FRA,France,1982,4,1982.75,1982-Q4,1527048409427.22,22984876.5505547,66437.09423753104,11.104010827634324
FRA,France,1983,1,1983.0,1983-Q1,1532918393055.26,22993054.7667264,66668.7575273195,11.10749171928005
FRA,France,1983,2,1983.25,1983-Q2,1533756688415.88,22985898.8275762,66725.98273928843,11.108349702366416
FRA,France,1983,3,1983.5,1983-Q3,1536218881646.5,22951141.4088464,66934.31295117951,11.111467013749294
FRA,France,1983,4,1983.75,1983-Q4,1545779280964.96,22897983.0037304,67507.22457576857,11.119989901885367
FRA,France,1984,1,1984.0,1984-Q1,1552661925388.62,22823356.7811637,68029.51644124692,11.127696955291603
FRA,France,1984,2,1984.25,1984-Q2,1560052816313.79,22758953.3288116,68546.77338517355,11.135271614373883
FRA,France,1984,3,1984.5,1984-Q3,1570137749015.03,22732374.1262536,69070.5572719604,11.142883830270543
FRA,France,1984,4,1984.75,1984-Q4,1568691090735.55,22711928.5858243,69069.0394172273,11.142861854605787
FRA,France,1985,1,1985.0,1985-Q1,1572623414515.75,22709884.0317814,69248.41237916224,11.145455497854106
FRA,France,1985,2,1985.25,1985-Q2,1585703696296.97,22760997.8828545,69667.58243457576,11.151490387186355
FRA,France,1985,3,1985.5,1985-Q3,1594776447228.5,22798822.1326486,69949.94907849788,11.155535252123354
FRA,France,1985,4,1985.75,1985-Q4,1602830789053.36,22869359.2471295,70086.38815512696,11.157483876637498
FRA,France,1986,1,1986.0,1986-Q1,1607781521940.23,22953185.9628894,70046.11580020671,11.156909101265729
FRA,France,1986,2,1986.25,1986-Q2,1625423088535.08,22973631.5033186,70751.68278468659,11.166931600165194
FRA,France,1986,3,1986.5,1986-Q3,1634245308910.26,22998166.1518337,71059.8096439945,11.17127719076471
FRA,France,1986,4,1986.75,1986-Q4,1636286438356.9,23010433.4760913,71110.63075178757,11.171992122923832
FRA,France,1987,1,1987.0,1987-Q1,1637633938270.86,22989987.935662,71232.4835860643,11.173704223500092
FRA,France,1987,2,1987.25,1987-Q2,1662013004435.5,22975676.0573615,72337.93688099047,11.189103985345321
FRA,France,1987,3,1987.5,1987-Q3,1673192032338.84,22984876.5505547,72795.3456116544,11.195407298235072
FRA,France,1987,4,1987.75,1987-Q4,1697868094574.1,22983854.2735332,73872.20935042479,11.210091978704536
FRA,France,1988,1,1988.0,1988-Q1,1719669522261.31,22988965.6586405,74804.12767570362,11.222628345270314
FRA,France,1988,2,1988.25,1988-Q2,1734719079601.12,23033945.8475849,75311.41607606952,11.229387010212596
FRA,France,1988,3,1988.5,1988-Q3,1756671879479.16,23065636.4352502,76159.6968898077,11.240587689544087
FRA,France,1988,4,1988.75,1988-Q4,1771162892595.83,23164797.306332,76459.24413556988,11.244513121451734
FRA,France,1989,1,1989.0,1989-Q1,1794203081313.09,23278270.0557143,77076.3066593367,11.252551205699675
FRA,France,1989,2,1989.25,1989-Q2,1814220137446.98,23368230.433603,77636.1797099609,11.259788830894085
FRA,France,1989,3,1989.5,1989-Q3,1834661610546.3,23430589.3319122,78301.98312799206,11.268328208963299
FRA,France,1989,4,1989.75,1989-Q4,1859265818893.51,23475569.5208565,79200.03036525587,11.279731961202138
FRA,France,1990,1,1990.0,1990-Q1,1863201495855.15,23489881.399157,79319.32325218194,11.281237050728727
FRA,France,1990,2,1990.25,1990-Q2,1873211700512.82,23479658.6289424,79780.19314998855,11.287030546489163
FRA,France,1990,3,1990.5,1990-Q3,1885383749149.05,23456146.2574487,80379.0924756163,11.294509377514178
FRA,France,1990,4,1990.75,1990-Q4,1884478390159.58,23425477.9468049,80445.67519343237,11.295337393280471
FRA,France,1991,1,1991.0,1991-Q1,1889436787461.17,23394809.636161,80763.0759491497,11.299275159234272
FRA,France,1991,2,1991.25,1991-Q2,1896414279017.07,23366185.8795601,81160.62624820531,11.304185510127395
FRA,France,1991,3,1991.5,1991-Q3,1904102166012.85,23343695.7850879,81568.15371236987,11.309194191643098
FRA,France,1991,4,1991.75,1991-Q4,1913290841217.11,23353918.5553025,81925.90192889483,11.31357048270867
FRA,France,1992,1,1992.0,1992-Q1,1926975174683.9,23359029.9404098,82493.80130937467,11.320478433856005
FRA,France,1992,2,1992.25,1992-Q2,1929138934766.15,23342673.5080664,82644.30096661841,11.322301147049828
FRA,France,1992,3,1992.5,1992-Q3,1926920565728.98,23307916.0893367,82672.36583241948,11.322640675623855
FRA,France,1992,4,1992.75,1992-Q4,1927286062506.21,23280314.6097573,82786.08321291505,11.324015249108099
FRA,France,1993,1,1993.0,1993-Q1,1916873476075.45,23249646.2991134,82447.42528184387,11.319916099869392
FRA,France,1993,2,1993.25,1993-Q2,1916964491000.32,23206710.664212,82603.88638173303,11.321812009028532
FRA,France,1993,3,1993.5,1993-Q3,1919312676061.9,23168886.4144179,82840.09173904533,11.324667422933404
FRA,France,1993,4,1993.75,1993-Q4,1924362567314.28,23130039.8876023,83197.5464229847,11.328973136266102
FRA,France,1994,1,1994.0,1994-Q1,1937423688058.69,23078926.0365292,83947.74024545797,11.337949744281072
FRA,France,1994,2,1994.25,1994-Q2,1956864476010.39,23061547.3271644,84853.99735972538,11.348687380451043
FRA,France,1994,3,1994.5,1994-Q3,1974539574419.67,23109594.3471731,85442.41602671001,11.355597931260396
FRA,France,1994,4,1994.75,1994-Q4,1993152605580.99,23184220.5697398,85970.22270321505,11.361756267641058
FRA,France,1995,1,1995.0,1995-Q1,2002571213227.02,23249646.2991134,86133.40553500746,11.363652600476854
FRA,France,1995,2,1995.25,1995-Q2,2015701792729.88,23347784.8931738,86333.7486597802,11.365975862733038
FRA,France,1995,3,1995.5,1995-Q3,2018851867182.14,23457168.5344702,86065.45432861798,11.362863382592712
FRA,France,1995,4,1995.75,1995-Q4,2018054289024.75,23508282.3855433,85844.39543170438,11.36029158092963
FRA,France,1996,1,1996.0,1996-Q1,2032082563102.35,23512371.4936292,86426.09970895338,11.367044989139918
FRA,France,1996,2,1996.25,1996-Q2,2036000995130.86,23506237.8315004,86615.34907140445,11.369232319854484
FRA,France,1996,3,1996.5,1996-Q3,2043860373406.13,23528727.9259726,86866.59048617663,11.372128778022537
FRA,France,1996,4,1996.75,1996-Q4,2051722146811.0,23509304.6625648,87272.77034603553,11.37679378419385
FRA,France,1997,1,1997.0,1997-Q1,2060480656738.78,23429567.0548907,87943.60783157,11.384451067951591
FRA,France,1997,2,1997.25,1997-Q2,2082107718990.98,23397876.4672254,88987.03785822165,11.396245996064991
FRA,France,1997,3,1997.5,1997-Q3,2102811219268.74,23415255.1765903,89805.18057181167,11.405397942735542
FRA,France,1997,4,1997.75,1997-Q4,2123591363693.76,23475569.5208565,90459.6313119087,11.412658967320551
FRA,France,1998,1,1998.0,1998-Q1,2143945654075.58,23576774.9459813,90934.64475051194,11.417896337922508
FRA,France,1998,2,1998.25,1998-Q2,2159297955797.05,23659579.3847197,91265.27233157876,11.421525625457575
FRA,France,1998,3,1998.5,1998-Q3,2170466445130.13,23731138.7762221,91460.69497957987,11.42366459591027
FRA,France,1998,4,1998.75,1998-Q4,2185345948268.21,23767940.7489947,91945.11090998248,11.42894705743865
FRA,France,1999,1,1999.0,1999-Q1,2200382092882.25,23786341.735381,92506.11621413355,11.43503004254848
FRA,France,1999,2,1999.25,1999-Q2,2214650358945.95,23848700.6336902,92862.51661934963,11.438875362427332
FRA,France,1999,3,1999.5,1999-Q3,2247272982173.99,23991819.4166949,93668.30181333424,11.44751511657726
FRA,France,1999,4,1999.75,1999-Q4,2279100422374.24,24171740.1724722,94287.80907424183,11.454107182154571
FRA,France,2000,1,2000.0,2000-Q1,2301290819108.78,24363928.2525071,94454.83483854751,11.455877061016531
FRA,France,2000,2,2000.25,2000-Q2,2326763022423.68,24538737.6231771,94819.99678035709,11.459735602500794
FRA,France,2000,3,2000.5,2000-Q3,2344782540469.69,24680834.1291604,95004.18536095301,11.461676226043306
FRA,France,2000,4,2000.75,2000-Q4,2359025418159.61,24803507.3717358,95108.54182049175,11.46277406385319
FRA,France,2001,1,2001.0,2001-Q1,2371304289576.08,24895512.3036674,95250.27083804013,11.464263136428896
FRA,France,2001,2,2001.25,2001-Q2,2371858522565.93,24935381.1075045,95120.2033905189,11.462896669614258
FRA,France,2001,3,2001.5,2001-Q3,2385515551555.26,24989561.789642,95460.47952485664,11.466467613853961
FRA,France,2001,4,2001.75,2001-Q4,2375090989476.49,25060098.9041228,94775.80270386516,11.459269409922555
FRA,France,2002,1,2002.0,2002-Q1,2388697720744.19,25144947.8969042,94997.12349924106,11.461601891168904
FRA,France,2002,2,2002.25,2002-Q2,2399879622803.04,25212418.1803207,95186.41193553747,11.463592478822743
FRA,France,2002,3,2002.5,2002-Q3,2409916652912.25,25259442.923308,95406.56380384833,11.46590265804491
FRA,France,2002,4,2002.75,2002-Q4,2411998499562.11,25278866.1867157,95415.6124624624,11.4659974966931
FRA,France,2003,1,2003.0,2003-Q1,2419335260558.27,25313623.6054454,95574.434473215,11.467660641447605
FRA,France,2003,2,2003.25,2003-Q2,2408556219298.44,25240019.6599002,95426.08332928547,11.466107230226857
FRA,France,2003,3,2003.5,2003-Q3,2434697621824.07,25244108.767986,96446.17063731312,11.47674031445925
FRA,France,2003,4,2003.75,2003-Q4,2443096862311.58,25232863.7207499,96822.021049578,11.480629737574292
FRA,France,2004,1,2004.0,2004-Q1,2469621485573.5,25266598.8624582,97742.5374510113,11.49009213172116
FRA,France,2004,2,2004.25,2004-Q2,2480420166896.07,25337135.9769391,97896.6276675333,11.491667381219818
FRA,France,2004,3,2004.5,2004-Q3,2489273523956.08,25400517.1522697,98000.89931372313,11.492731934281247
FRA,France,2004,4,2004.75,2004-Q4,2511361409143.66,25437319.1250424,98727.44045072296,11.500118205532514
FRA,France,2005,1,2005.0,2005-Q1,2518937683100.0,25499678.0233516,98783.11721399997,11.500681990733773
FRA,France,2005,2,2005.25,2005-Q2,2524462289039.46,25590660.6782617,98647.79658400516,11.49931117550953
FRA,France,2005,3,2005.5,2005-Q3,2543610392153.82,25538524.5501671,99598.95635933192,11.50890696519783
FRA,France,2005,4,2005.75,2005-Q4,2561140824735.15,25531368.6110169,100313.4952832104,11.516055514083648
FRA,France,2006,1,2006.0,2006-Q1,2583594206699.97,25556925.5365534,101091.74528856075,11.523783752699444
FRA,France,2006,2,2006.25,2006-Q2,2614648499064.76,25616217.6037982,102070.04560568214,11.533414578205342
FRA,France,2006,3,2006.5,2006-Q3,2616520532361.51,25777737.3731893,101503.11078438091,11.527844725116314
FRA,France,2006,4,2006.75,2006-Q4,2630805085306.51,25887121.0144857,101626.02028376913,11.5290548864924
FRA,France,2007,1,2007.0,2007-Q1,2658232193402.38,25938234.8655588,102483.15689869948,11.53745374111859
FRA,France,2007,2,2007.25,2007-Q2,2675668257877.39,26078286.8174991,102601.38162457659,11.538606677754617
FRA,France,2007,3,2007.5,2007-Q3,2684176716274.74,26217316.492418,102381.82527380326,11.536464488274248
FRA,France,2007,4,2007.75,2007-Q4,2686962252001.61,26383947.6469163,101840.79683449707,11.531166057577122
FRA,France,2008,1,2008.0,2008-Q1,2710222792642.22,26504576.3354488,102254.8996196331,11.535223990797437
FRA,France,2008,2,2008.25,2008-Q2,2689969097703.68,26497420.3962986,101518.14997355138,11.527992878951453
FRA,France,2008,3,2008.5,2008-Q3,2683533384463.7,26482086.2409767,101333.9115372025,11.526176397663205
FRA,France,2008,4,2008.75,2008-Q4,2649430571141.77,26530133.2609854,99864.95525968433,11.511574104891205
FRA,France,2009,1,2009.0,2009-Q1,2599935696946.97,26372702.5996802,98584.3482335594,11.498667787965443
FRA,France,2009,2,2009.25,2009-Q2,2604555901948.8,26288875.8839203,99074.44933930732,11.50362686002459
FRA,France,2009,3,2009.5,2009-Q3,2608513614102.77,26181536.7966668,99631.7990941946,11.509236660631505
FRA,France,2009,4,2009.75,2009-Q4,2627072515335.1,26146779.3779371,100474.03840305658,11.51765464876209
FRA,France,2010,1,2010.0,2010-Q1,2636086825104.35,26295009.5460491,100250.46085219733,11.515426942187649
FRA,France,2010,2,2010.25,2010-Q2,2648379109246.59,26296031.8230706,100714.02130427363,11.520040307388008
FRA,France,2010,3,2010.5,2010-Q3,2665758648663.0,26321588.7486071,101276.51009683327,11.525609778814658
FRA,France,2010,4,2010.75,2010-Q4,2681773922258.24,26308299.1473281,101936.42345482467,11.53210459847204
FRA,France,2011,1,2011.0,2011-Q1,2717056576422.01,26315455.0864783,103249.46186540084,11.54490329885232
FRA,France,2011,2,2011.25,2011-Q2,2717429737613.97,26345101.1201007,103147.44002028652,11.543914700162212
FRA,France,2011,3,2011.5,2011-Q3,2726011007951.22,26320566.4715857,103569.61773197695,11.547999300661534
FRA,France,2011,4,2011.75,2011-Q4,2735566617010.46,26348167.9511651,103823.78851086285,11.550450399862255
FRA,France,2012,1,2012.0,2012-Q1,2734312527150.98,26363502.1064871,103715.83092817418,11.549410043397135
FRA,France,2012,2,2012.25,2012-Q2,2723535401994.82,26378836.261809,103246.98841767806,11.544879342530363
FRA,France,2012,3,2012.5,2012-Q3,2731800515224.64,26380880.8158519,103552.28600188132,11.547831942889866
FRA,France,2012,4,2012.75,2012-Q4,2731420647669.79,26411549.1264958,103417.6615157214,11.546531034166057
FRA,France,2013,1,2013.0,2013-Q1,2736626701372.22,26281719.9447701,104126.62135975587,11.553362950630081
FRA,France,2013,2,2013.25,2013-Q2,2760616798489.53,26329766.9647788,104847.74902042975,11.560264567529558
FRA,France,2013,3,2013.5,2013-Q3,2754049353121.46,26379858.5388305,104399.70135046658,11.55598209379887
FRA,France,2013,4,2013.75,2013-Q4,2770877533703.54,26360435.2754227,105115.01440520534,11.562810404941555
FRA,France,2014,1,2014.0,2014-Q1,2770973338887.62,26422293.7306757,104872.55070026647,11.56050108902972
FRA,France,2014,2,2014.25,2014-Q2,2777897179540.43,26388582.6895211,105268.9040644662,11.564273346480304
FRA,France,2014,3,2014.5,2014-Q3,2795636946448.95,26328839.1308791,106181.54991763992,11.572905643108164
FRA,France,2014,4,2014.75,2014-Q4,2787832177128.6,26364384.448924,105742.35793479254,11.568760828905223
FRA,France,2015,1,2015.0,2015-Q1,2804091753943.22,26400374.7763454,106214.08891724038,11.573212042995031
FRA,France,2015,2,2015.25,2015-Q2,2806096477419.91,26392048.0405179,106323.55901716695,11.574242167405185
FRA,France,2015,3,2015.5,2015-Q3,2813210491363.11,26487958.8512057,106207.14518495472,11.573146665987714
FRA,France,2015,4,2015.75,2015-Q4,2820121877342.0,26486718.3319309,106473.05725081915,11.575647248565494
FRA,France,2016,1,2016.0,2016-Q1,2828985772972.25,26563443.978054,106499.20903740801,11.57589283722524
FRA,France,2016,2,2016.25,2016-Q2,2823916720683.05,26568069.925006,106289.87083571192,11.57392527132049
FRA,France,2016,3,2016.5,2016-Q3,2827711564024.11,26621211.9457586,106220.24157974642,11.5732699683077
FRA,France,2016,4,2016.75,2016-Q4,2845492048135.86,26565974.1511813,107110.39738060313,11.581615332775163
FRA,France,2017,1,2017.0,2017-Q1,2864578835932.42,26584686.5042551,107752.96656117875,11.587596539477289
FRA,France,2017,2,2017.25,2017-Q2,2886719413971.24,26822260.2781179,107624.01766439795,11.586399114296023
FRA,France,2017,3,2017.5,2017-Q3,2907203041351.56,26804955.9264889,108457.66914612368,11.594115229717177
FRA,France,2017,4,2017.75,2017-Q4,2924680302055.72,27000097.2911381,108321.10234712565,11.592855264858773
FRA,France,2018,1,2018.0,2018-Q1,2923510520758.21,26968750.2579679,108403.63356824295,11.59361688742814
FRA,France,2018,2,2018.25,2018-Q2,2931237687879.47,26967874.9544933,108693.6843494625,11.596288969760456
FRA,France,2018,3,2018.5,2018-Q3,2945300930849.26,27041893.2566038,108916.22501800975,11.598334287887504
FRA,France,2018,4,2018.75,2018-Q4,2967277202997.4,27106981.5309349,109465.42312765801,11.603364007849011
FRA,France,2019,1,2019.0,2019-Q1,2994699041808.14,27089046.0686645,110550.18453648264,11.613224855542295
FRA,France,2019,2,2019.25,2019-Q2,3011446746035.61,27117446.8029562,111052.00161053945,11.617753853568415
FRA,France,2019,3,2019.5,2019-Q3,3011082686336.14,27021545.9687614,111432.65784337952,11.621175721891431
FRA,France,2019,4,2019.75,2019-Q4,2996556225301.36,27300661.1596179,109761.30606440228,11.606063342163718
FRA,France,2020,1,2020.0,2020-Q1,2844665728423.24,27301750.4946605,104193.52887206194,11.554005303417675
FRA,France,2020,2,2020.25,2020-Q2,2497200444886.12,26629790.3072711,93774.69428305168,11.448650314833355
FRA,France,2020,3,2020.5,2020-Q3,2880815419502.86,26887169.4655453,107144.61495080378,11.581934742530102
FRA,France,2020,4,2020.75,2020-Q4,2877770251727.16,27162489.732523,105946.48281749601,11.57068936651962
FRA,France,2021,1,2021.0,2021-Q1,2889272622126.73,27389991.6608452,105486.43672122873,11.566337661749383
FRA,France,2021,2,2021.25,2021-Q2,2924402946047.84,27592651.180978,105984.84817087397,11.571051421092847
FRA,France,2021,3,2021.5,2021-Q3,3011877869363.93,27888903.4179576,107995.56455219351,11.589845436301832
FRA,France,2021,4,2021.75,2021-Q4,3028744372019.64,28038853.7402192,108019.55030262811,11.590067511044605
FRA,France,2022,1,2022.0,2022-Q1,3025843391045.97,28187161.1230878,107348.28448429787,11.583833822595146
FRA,France,2022,2,2022.25,2022-Q2,3039184262927.87,28252019.8984372,107574.05218647701,11.585934746945021
FRA,France,2022,3,2022.5,2022-Q3,3054590694578.33,28436508.7320118,107417.92262070798,11.58448232442222
FRA,France,2022,4,2022.75,2022-Q4,3066368983908.03,28488710.2464632,107634.53162252973,11.586496801084074
FRA,France,2023,1,2023.0,2023-Q1,3068686990336.63,28546105.6555979,107499.32153126672,11.585239815192883
FRA,France,2023,2,2023.25,2023-Q2,3096320558604.17,28561665.908181,108408.26191854873,11.593659582044099
FRA,France,2023,3,2023.5,2023-Q3,3102322274360.3,28551334.5414014,108657.69758894174,11.59595783074925
FRA,France,2023,4,2023.75,2023-Q4,3116342884023.18,28695193.8948198,108601.56217957314,11.595441071089132
FRA,France,2024,1,2024.0,2024-Q1,3120832314948.75,28836161.8344874,108226.34207914262,11.59198007305697
FRA,France,2024,2,2024.25,2024-Q2,3126802414994.14,28953684.437794,107993.24768880341,11.589823982751843
FRA,France,2024,3,2024.5,2024-Q3,3137409964974.49,29055624.5588954,107979.43642942516,11.589696084546073
FRA,France,2024,4,2024.75,2024-Q4,3135905823584.58,29014329.1688233,108081.2796097384,11.590638812032337
FRA,France,2025,1,2025.0,2025-Q1,3138676988533.83,29272151.1063804,107223.99515933417,11.582675338012974
FRA,France,2025,2,2025.25,2025-Q2,3149157596645.29,29380605.3915733,107184.91177001088,11.582310769298774
FRA,France,2025,3,2025.5,2025-Q3,3165039701034.67,29256474.6633401,108182.53865017548,11.591575252058703
FRA,France,2025,4,2025.75,2025-Q4,3172867503076.74,29238920.7785421,108515.20571187595,11.594645586953202
GBR,United Kingdom,1971,1,1971.0,1971-Q1,1144983189777.75,24613000.0,46519.44865630967,10.747625754806343
GBR,United Kingdom,1971,2,1971.25,1971-Q2,1165484314958.31,24556000.0,47462.303101413505,10.767691056022915
GBR,United Kingdom,1971,3,1971.5,1971-Q3,1185304843912.44,24464000.0,48450.982828337146,10.78830790252776
GBR,United Kingdom,1971,4,1971.75,1971-Q4,1189863369716.86,24395000.0,48774.88705541546,10.79497084986414
GBR,United Kingdom,1972,1,1972.0,1972-Q1,1192463345229.37,24501000.0,48669.98674459696,10.792817830474823
GBR,United Kingdom,1972,2,1972.25,1972-Q2,1223927455668.91,24542000.0,49870.730000363044,10.817189536499265
GBR,United Kingdom,1972,3,1972.5,1972-Q3,1227193338280.67,24585000.0,49916.34485583364,10.818103780327208
GBR,United Kingdom,1972,4,1972.75,1972-Q4,1246245136245.22,24689000.0,50477.74864292681,10.829287897229381
GBR,United Kingdom,1973,1,1973.0,1973-Q1,1307405765485.84,24903000.0,52499.93034918846,10.86856712189671
GBR,United Kingdom,1973,2,1973.25,1973-Q2,1309883331605.11,24986000.0,52424.691091215485,10.867132963358205
GBR,United Kingdom,1973,3,1973.5,1973-Q3,1297661977783.59,24972000.0,51964.679552442336,10.858319527399878
GBR,United Kingdom,1973,4,1973.75,1973-Q4,1292589332527.54,24999000.0,51705.64152676267,10.853322174983601
GBR,United Kingdom,1974,1,1974.0,1974-Q1,1256752758561.32,24984000.0,50302.30381689562,10.825806156567712
GBR,United Kingdom,1974,2,1974.25,1974-Q2,1274756732119.7,25002000.0,50986.19038955683,10.839310098364484
GBR,United Kingdom,1974,3,1974.5,1974-Q3,1282311839870.74,25066000.0,51157.41801127982,10.842662785523165
GBR,United Kingdom,1974,4,1974.75,1974-Q4,1263588099080.08,25065000.0,50412.451589071614,10.827993478885038
GBR,United Kingdom,1975,1,1975.0,1975-Q1,1263832917866.57,24996000.0,50561.406539709154,10.830943847652723
GBR,United Kingdom,1975,2,1975.25,1975-Q2,1243361170940.38,24955000.0,49824.13027210499,10.81625468927596
GBR,United Kingdom,1975,3,1975.5,1975-Q3,1239605650755.65,24918000.0,49747.397494006334,10.81471342954017
GBR,United Kingdom,1975,4,1975.75,1975-Q4,1253398741186.42,24864000.0,50410.18103227236,10.827948438267855
GBR,United Kingdom,1976,1,1976.0,1976-Q1,1274369918437.05,24809000.0,51367.24246995244,10.84675594224539
GBR,United Kingdom,1976,2,1976.25,1976-Q2,1272621912301.52,24779000.0,51358.88907145244,10.846593307901177
GBR,United Kingdom,1976,3,1976.5,1976-Q3,1288393138527.12,24768000.0,52018.45682037791,10.859353873441092
GBR,United Kingdom,1976,4,1976.75,1976-Q4,1315470096312.78,24788000.0,53068.82750979425,10.879344982300967
GBR,United Kingdom,1977,1,1977.0,1977-Q1,1316307376562.57,24803000.0,53070.490527862356,10.879376318814128
GBR,United Kingdom,1977,2,1977.25,1977-Q2,1307268666965.41,24802000.0,52708.19558767075,10.872526236435952
GBR,United Kingdom,1977,3,1977.5,1977-Q3,1315739396977.92,24809000.0,53034.76145664557,10.878702854081723
GBR,United Kingdom,1977,4,1977.75,1977-Q4,1338076663057.15,24822000.0,53906.88353304125,10.895013458075807
GBR,United Kingdom,1978,1,1978.0,1978-Q1,1350621177676.83,24862000.0,54324.7195590391,10.902734642829467
GBR,United Kingdom,1978,2,1978.25,1978-Q2,1366093724982.92,24897000.0,54869.812627341445,10.912718615200124
GBR,United Kingdom,1978,3,1978.5,1978-Q3,1384680367253.15,24941000.0,55518.23773117156,10.924466853523676
GBR,United Kingdom,1978,4,1978.75,1978-Q4,1397004544964.99,25059000.0,55748.615067041384,10.92860784716701
GBR,United Kingdom,1979,1,1979.0,1979-Q1,1392808350964.57,25113000.0,55461.64739236929,10.923447022882401
GBR,United Kingdom,1979,2,1979.25,1979-Q2,1453445068002.1,25159000.0,57770.38308367185,10.964231519940306
GBR,United Kingdom,1979,3,1979.5,1979-Q3,1421403185226.46,25229000.0,56340.05252790281,10.939160973767573
GBR,United Kingdom,1979,4,1979.75,1979-Q4,1435935628392.43,25280000.0,56801.25112311827,10.94731363128212
GBR,United Kingdom,1980,1,1980.0,1980-Q1,1421799791660.57,25250000.0,56308.90264002258,10.938607930223977
GBR,United Kingdom,1980,2,1980.25,1980-Q2,1394061823151.4,25190000.0,55341.8746784994,10.921285128417663
GBR,United Kingdom,1980,3,1980.5,1980-Q3,1392539050299.44,25050000.0,55590.38124947864,10.925765466162504
GBR,United Kingdom,1980,4,1980.75,1980-Q4,1378310182428.71,24855000.0,55454.04073340213,10.92330986178089
GBR,United Kingdom,1981,1,1981.0,1981-Q1,1377139948629.29,24661000.0,55842.826674883014,10.930296357123591
GBR,United Kingdom,1981,2,1981.25,1981-Q2,1381536894034.63,24495000.0,56400.77134250377,10.94023811367816
GBR,United Kingdom,1981,3,1981.5,1981-Q3,1397606799179.75,24355000.0,57384.79980208376,10.957534735428432
GBR,United Kingdom,1981,4,1981.75,1981-Q4,1399452732829.88,24209000.0,57807.126805315376,10.964867348189532
GBR,United Kingdom,1982,1,1982.0,1982-Q1,1401709962041.3,24120000.0,58114.011693254564,10.970162078880628
GBR,United Kingdom,1982,2,1982.25,1982-Q2,1416188545074.25,24027000.0,58941.546804605234,10.984301499663058
GBR,United Kingdom,1982,3,1982.5,1982-Q3,1419224298026.71,23901000.0,59379.28530298774,10.991700712256563
GBR,United Kingdom,1982,4,1982.75,1982-Q4,1428919121971.66,23755000.0,60152.35200891012,11.004635823030867
GBR,United Kingdom,1983,1,1983.0,1983-Q1,1456980251279.0,23651000.0,61603.325494862795,11.02847113337067
GBR,United Kingdom,1983,2,1983.25,1983-Q2,1467066785282.34,23647000.0,62040.292015153726,11.035539324164532
GBR,United Kingdom,1983,3,1983.5,1983-Q3,1484018038058.82,23809000.0,62330.12886130539,11.040200197204985
GBR,United Kingdom,1983,4,1983.75,1983-Q4,1495162189219.79,23994000.0,62314.00305158748,11.03994144760225
GBR,United Kingdom,1984,1,1984.0,1984-Q1,1507907455244.39,24125000.0,62503.935968679376,11.042984809240489
GBR,United Kingdom,1984,2,1984.25,1984-Q2,1492865789002.52,24245000.0,61574.17154062776,11.027997768422022
GBR,United Kingdom,1984,3,1984.5,1984-Q3,1503784706879.92,24335000.0,61795.138971847955,11.031579982938663
GBR,United Kingdom,1984,4,1984.75,1984-Q4,1531082001573.42,24435000.0,62659.382098359725,11.045468703275942
GBR,United Kingdom,1985,1,1985.0,1985-Q1,1546045325803.61,24515000.0,63065.27945354314,11.05192565071013
GBR,United Kingdom,1985,2,1985.25,1985-Q2,1578841250441.64,24570000.0,64258.903151877894,11.07067556361471
GBR,United Kingdom,1985,3,1985.5,1985-Q3,1578552364273.58,24625000.0,64103.64931060224,11.06825657281088
GBR,United Kingdom,1985,4,1985.75,1985-Q4,1579590395928.29,24660000.0,64054.76058103366,11.067493630574294
GBR,United Kingdom,1986,1,1986.0,1986-Q1,1596061803883.26,24670000.0,64696.46549992947,11.077461849938494
GBR,United Kingdom,1986,2,1986.25,1986-Q2,1610280879002.52,24695000.0,65206.75760285564,11.085318386759631
GBR,United Kingdom,1986,3,1986.5,1986-Q3,1620533889780.67,24770000.0,65423.249486502624,11.088632971006811
GBR,United Kingdom,1986,4,1986.75,1986-Q4,1651875590826.96,24850000.0,66473.8668340829,11.10456416946849
GBR,United Kingdom,1987,1,1987.0,1987-Q1,1663563239693.93,24925000.0,66742.75786134122,11.108601073917022
GBR,United Kingdom,1987,2,1987.25,1987-Q2,1688245869747.73,25110000.0,67234.00516717363,11.115934427795022
GBR,United Kingdom,1987,3,1987.5,1987-Q3,1730207809751.9,25345000.0,68266.23830151508,11.131170608579543
GBR,United Kingdom,1987,4,1987.75,1987-Q4,1750155644475.0,25575000.0,68432.28326392962,11.133599969807106
GBR,United Kingdom,1988,1,1988.0,1988-Q1,1778691722228.13,25795000.0,68954.90297453498,11.141207989823625
GBR,United Kingdom,1988,2,1988.25,1988-Q2,1788200483895.35,25970000.0,68856.39137063343,11.139778330213375
GBR,United Kingdom,1988,3,1988.5,1988-Q3,1810552439101.78,26160000.0,69210.72014915061,11.144911045057755
GBR,United Kingdom,1988,4,1988.75,1988-Q4,1825133846025.05,26355000.0,69251.90081673497,11.14550587228999
GBR,United Kingdom,1989,1,1989.0,1989-Q1,1834241104882.43,26590000.0,68982.36573457804,11.141606181851971
GBR,United Kingdom,1989,2,1989.25,1989-Q2,1845693727714.37,26730000.0,69049.52217412533,11.14257923881531
GBR,United Kingdom,1989,3,1989.5,1989-Q3,1848739273418.29,26795000.0,68995.68103818959,11.141799187970905
GBR,United Kingdom,1989,4,1989.75,1989-Q4,1848421008995.85,26880000.0,68765.66253704799,11.138459808302771
GBR,United Kingdom,1990,1,1990.0,1990-Q1,1857968941668.92,26900000.0,69069.47738546171,11.142868195606756
GBR,United Kingdom,1990,2,1990.25,1990-Q2,1870400839646.81,26935000.0,69441.27862063523,11.148236762480309
GBR,United Kingdom,1990,3,1990.5,1990-Q3,1850002538356.57,26900000.0,68773.32856344126,11.138571282530405
GBR,United Kingdom,1990,4,1990.75,1990-Q4,1840625978834.05,26750000.0,68808.44780688037,11.139081804274323
GBR,United Kingdom,1991,1,1991.0,1991-Q1,1831538305479.59,26530000.0,69036.49851035017,11.142390607645417
GBR,United Kingdom,1991,2,1991.25,1991-Q2,1829325143649.73,26275000.0,69622.26997715433,11.150839766078853
GBR,United Kingdom,1991,3,1991.5,1991-Q3,1825750789367.0,26025000.0,70153.72869805955,11.158444237333415
GBR,United Kingdom,1991,4,1991.75,1991-Q4,1828096153341.56,25820000.0,70801.55512554455,11.167636244490646
GBR,United Kingdom,1992,1,1992.0,1992-Q1,1827900298312.37,25710000.0,71096.86107788293,11.171798466826386
GBR,United Kingdom,1992,2,1992.25,1992-Q2,1825128949649.32,25605000.0,71280.17768597227,11.174373554930195
GBR,United Kingdom,1992,3,1992.5,1992-Q3,1833873876702.69,25509000.0,71891.24923370927,11.182909828843343
GBR,United Kingdom,1992,4,1992.75,1992-Q4,1847980335180.18,25336000.0,72938.91439770209,11.197377580754544
GBR,United Kingdom,1993,1,1993.0,1993-Q1,1857538060604.7,25282000.0,73472.74980637211,11.204669865522096
GBR,United Kingdom,1993,2,1993.25,1993-Q2,1865739489952.07,25293000.0,73765.05317487329,11.20864036422002
GBR,United Kingdom,1993,3,1993.5,1993-Q3,1882773981115.96,25316000.0,74370.91093047717,11.216820162250505
GBR,United Kingdom,1993,4,1993.75,1993-Q4,1895597589152.24,25320000.0,74865.62358421169,11.223450099986295
GBR,United Kingdom,1994,1,1994.0,1994-Q1,1914610216110.95,25408000.0,75354.62122602921,11.229960532313763
GBR,United Kingdom,1994,2,1994.25,1994-Q2,1932051106460.41,25451000.0,75912.58129191033,11.237337711068559
GBR,United Kingdom,1994,3,1994.5,1994-Q3,1951528889113.45,25559000.0,76353.88274633005,11.243134163922557
GBR,United Kingdom,1994,4,1994.75,1994-Q4,1959916380738.56,25600000.0,76559.2336226,11.245820015922607
GBR,United Kingdom,1995,1,1995.0,1995-Q1,1970252629904.11,25670000.0,76753.12153892132,11.24834933613927
GBR,United Kingdom,1995,2,1995.25,1995-Q2,1974507580413.29,25770000.0,76620.39504902174,11.24661857419308
GBR,United Kingdom,1995,3,1995.5,1995-Q3,1996717540723.55,25852000.0,77236.48231175731,11.254627193192542
GBR,United Kingdom,1995,4,1995.75,1995-Q4,2003263995074.26,25982000.0,77101.99349835502,11.252884415226953
GBR,United Kingdom,1996,1,1996.0,1996-Q1,2017414520933.3,25970000.0,77682.49984340779,11.260385283747706
GBR,United Kingdom,1996,2,1996.25,1996-Q2,2023794498509.2,26009000.0,77811.31525661117,11.262042139907404
GBR,United Kingdom,1996,3,1996.5,1996-Q3,2041881710454.99,26062000.0,78347.0842780673,11.268904033027473
GBR,United Kingdom,1996,4,1996.75,1996-Q4,2069399342056.32,26198000.0,78990.73753936637,11.277085878238134
GBR,United Kingdom,1997,1,1997.0,1997-Q1,2102591873128.47,26381000.0,79700.99212040749,11.286037312886618
GBR,United Kingdom,1997,2,1997.25,1997-Q2,2126001445492.52,26514000.0,80184.10822556083,11.292080622418958
GBR,United Kingdom,1997,3,1997.5,1997-Q3,2145102207214.37,26572000.0,80727.91687544671,11.298839728457068
GBR,United Kingdom,1997,4,1997.75,1997-Q4,2176634866914.12,26636000.0,81717.78295968314,11.311026918848455
GBR,United Kingdom,1998,1,1998.0,1998-Q1,2192166170728.97,26677000.0,82174.38882666604,11.31659896104405
GBR,United Kingdom,1998,2,1998.25,1998-Q2,2204798820111.79,26714000.0,82533.45886470727,11.320959052101186
GBR,United Kingdom,1998,3,1998.5,1998-Q3,2208289936007.12,26834000.0,82294.47477107849,11.318059249187657
GBR,United Kingdom,1998,4,1998.75,1998-Q4,2222646109646.82,26955000.0,82457.65570939788,11.32004017642914
GBR,United Kingdom,1999,1,1999.0,1999-Q1,2237859149039.23,27036000.0,82773.3077762698,11.323860918549206
GBR,United Kingdom,1999,2,1999.25,1999-Q2,2246016511005.03,27095000.0,82894.13216479165,11.325319556528852
GBR,United Kingdom,1999,3,1999.5,1999-Q3,2283605987482.52,27218000.0,83900.58003830259,11.337387805879583
GBR,United Kingdom,1999,4,1999.75,1999-Q4,2320353287334.48,27322000.0,84926.18722401289,11.349537772607407
GBR,United Kingdom,2000,1,2000.0,2000-Q1,2351298381946.65,27362000.0,85932.98669492909,11.361323047004879
GBR,United Kingdom,2000,2,2000.25,2000-Q2,2368239841971.68,27468000.0,86218.13899707588,11.364635863715081
GBR,United Kingdom,2000,3,2000.5,2000-Q3,2382659668495.86,27555000.0,86469.23130088404,11.36754392213682
GBR,United Kingdom,2000,4,2000.75,2000-Q4,2396805297979.18,27549000.0,87001.53537257905,11.373681045441677
GBR,United Kingdom,2001,1,2001.0,2001-Q1,2416728650823.64,27623000.0,87489.72417274157,11.37927662742351
GBR,United Kingdom,2001,2,2001.25,2001-Q2,2426653604427.89,27707000.0,87582.69045468258,11.38033865985023
GBR,United Kingdom,2001,3,2001.5,2001-Q3,2438091538132.64,27715000.0,87970.1078164402,11.38475235185061
GBR,United Kingdom,2001,4,2001.75,2001-Q4,2444652681610.54,27803000.0,87927.65822431176,11.384269689746274
GBR,United Kingdom,2002,1,2002.0,2002-Q1,2452075587216.88,27797000.0,88213.67727513329,11.387517301119232
GBR,United Kingdom,2002,2,2002.25,2002-Q2,2464997122767.76,27933000.0,88246.77344960297,11.387892412649569
GBR,United Kingdom,2002,3,2002.5,2002-Q3,2479456120297.78,27935000.0,88758.04976902738,11.393669404847362
GBR,United Kingdom,2002,4,2002.75,2002-Q4,2495819807986.69,28110000.0,88787.61323325115,11.394002428634
GBR,United Kingdom,2003,1,2003.0,2003-Q1,2516888912751.91,28099000.0,89572.18807615609,11.402800149842923
GBR,United Kingdom,2003,2,2003.25,2003-Q2,2540249521358.67,28226000.0,89996.7944929735,11.407529331933372
GBR,United Kingdom,2003,3,2003.5,2003-Q3,2566743810432.48,28256000.0,90838.8947633239,11.416842829295234
GBR,United Kingdom,2003,4,2003.75,2003-Q4,2586853225554.66,28304000.0,91395.32311880513,11.422949586754545
GBR,United Kingdom,2004,1,2004.0,2004-Q1,2595059551277.77,28459000.0,91185.90081442671,11.420655567778137
GBR,United Kingdom,2004,2,2004.25,2004-Q2,2607530620261.5,28470000.0,91588.71163545837,11.425063307647353
GBR,United Kingdom,2004,3,2004.5,2004-Q3,2616853319650.99,28518000.0,91761.46011820571,11.42694766403722
GBR,United Kingdom,2004,4,2004.75,2004-Q4,2628795580055.92,28673000.0,91681.91609025633,11.426080431493
GBR,United Kingdom,2005,1,2005.0,2005-Q1,2649076368328.64,28789000.0,92016.96371282921,11.429728227216692
GBR,United Kingdom,2005,2,2005.25,2005-Q2,2671119851864.09,28802000.0,92740.7767468957,11.437563533443003
GBR,United Kingdom,2005,3,2005.5,2005-Q3,2695709450779.02,28928000.0,93186.8587796951,11.442361990514353
GBR,United Kingdom,2005,4,2005.75,2005-Q4,2723907678606.79,28880000.0,94318.13291574758,11.454428739804845
GBR,United Kingdom,2006,1,2006.0,2006-Q1,2733715119193.53,29048000.0,94110.26987033633,11.452222457454038
GBR,United Kingdom,2006,2,2006.25,2006-Q2,2740966651649.33,29106000.0,94171.87698925755,11.4528768702292
GBR,United Kingdom,2006,3,2006.5,2006-Q3,2745275462291.53,29183000.0,94071.05034751499,11.451805630498592
GBR,United Kingdom,2006,4,2006.75,2006-Q4,2755038835496.7,29214000.0,94305.43011900802,11.454294050410219
GBR,United Kingdom,2007,1,2007.0,2007-Q1,2785278852003.79,29194000.0,95405.8659999928,11.465895344015566
GBR,United Kingdom,2007,2,2007.25,2007-Q2,2811469565782.36,29322000.0,95882.5989285301,11.470879794235715
GBR,United Kingdom,2007,3,2007.5,2007-Q3,2837963854856.17,29420000.0,96463.76121197043,11.4769226853153
GBR,United Kingdom,2007,4,2007.75,2007-Q4,2861951199556.34,29576000.0,96765.99944402014,11.480050966150534
GBR,United Kingdom,2008,1,2008.0,2008-Q1,2872654676901.62,29684000.0,96774.5141120341,11.48013895463277
GBR,United Kingdom,2008,2,2008.25,2008-Q2,2857235989728.56,29722000.0,96132.02307141377,11.473477766000318
GBR,United Kingdom,2008,3,2008.5,2008-Q3,2810328710237.32,29580000.0,95007.73192147801,11.461713555917939
GBR,United Kingdom,2008,4,2008.75,2008-Q4,2750862226999.2,29528000.0,93161.14288130589,11.442085991863193
GBR,United Kingdom,2009,1,2009.0,2009-Q1,2695214916830.31,29366000.0,91780.11703433597,11.427150963109659
GBR,United Kingdom,2009,2,2009.25,2009-Q2,2687419886668.51,29087000.0,92392.47384290266,11.43380080239575
GBR,United Kingdom,2009,3,2009.5,2009-Q3,2690754318540.49,29069000.0,92564.39225774846,11.435659813828867
GBR,United Kingdom,2009,4,2009.75,2009-Q4,2699724478877.43,29102000.0,92767.66129054464,11.437853380569328
GBR,United Kingdom,2010,1,2010.0,2010-Q1,2722394698506.29,29013000.0,93833.6159137728,11.44927844940369
GBR,United Kingdom,2010,2,2010.25,2010-Q2,2753491580766.09,29192000.0,94323.4989300524,11.4544856308978
GBR,United Kingdom,2010,3,2010.5,2010-Q3,2769678998928.73,29385000.0,94254.85788425148,11.453757646520463
GBR,United Kingdom,2010,4,2010.75,2010-Q4,2771079362387.44,29324000.0,94498.68238942299,11.45634117041556
GBR,United Kingdom,2011,1,2011.0,2011-Q1,2775623199064.67,29441000.0,94277.47695610441,11.453997595513624
GBR,United Kingdom,2011,2,2011.25,2011-Q2,2774291384866.18,29447000.0,94213.03986369343,11.453313878412006
GBR,United Kingdom,2011,3,2011.5,2011-Q3,2779114314960.0,29284000.0,94902.14161180166,11.460601551380286
GBR,United Kingdom,2011,4,2011.75,2011-Q4,2781415611553.0,29352000.0,94760.68450371355,11.459109881797852
GBR,United Kingdom,2012,1,2012.0,2012-Q1,2807660185464.59,29470000.0,95271.80812570716,11.4644892234827
GBR,United Kingdom,2012,2,2012.25,2012-Q2,2806171687242.74,29689000.0,94518.9021941709,11.456555116698597
GBR,United Kingdom,2012,3,2012.5,2012-Q3,2835251262701.87,29788000.0,95180.98773673526,11.46353549218729
GBR,United Kingdom,2012,4,2012.75,2012-Q4,2831157892591.78,29945000.0,94545.26273473968,11.456833969549951
GBR,United Kingdom,2013,1,2013.0,2013-Q1,2838668932961.25,29884000.0,94989.59084999499,11.461522594579394
GBR,United Kingdom,2013,2,2013.25,2013-Q2,2857549357775.27,29990000.0,95283.40639464055,11.46461095480322
GBR,United Kingdom,2013,3,2013.5,2013-Q3,2879441053663.09,30163000.0,95462.68785144348,11.466490746998224
GBR,United Kingdom,2013,4,2013.75,2013-Q4,2898429198743.16,30350000.0,95500.13834409094,11.466882975096997
GBR,United Kingdom,2014,1,2014.0,2014-Q1,2921647812453.75,30595000.0,95494.29032370486,11.46682173749516
GBR,United Kingdom,2014,2,2014.25,2014-Q2,2949136065800.71,30771000.0,95841.41125737577,11.470450138380427
GBR,United Kingdom,2014,3,2014.5,2014-Q3,2973142996003.79,30899000.0,96221.33389442344,11.474406378121639
GBR,United Kingdom,2014,4,2014.75,2014-Q4,2992762773553.0,31008000.0,96515.82732046569,11.477462287561886
GBR,United Kingdom,2015,1,2015.0,2015-Q1,3001850446907.46,31218000.0,96157.6797651182,11.473744620579406
GBR,United Kingdom,2015,2,2015.25,2015-Q2,3015555402575.1,31170000.0,96745.44121190568,11.479838490525092
GBR,United Kingdom,2015,3,2015.5,2015-Q3,3027247947817.81,31393000.0,96430.66759525404,11.476579558587943
GBR,United Kingdom,2015,4,2015.75,2015-Q4,3045389019896.62,31602000.0,96366.97107450858,11.475918798181306
GBR,United Kingdom,2016,1,2016.0,2016-Q1,3060719572306.55,31636000.0,96747.99507859875,11.479864887975488
GBR,United Kingdom,2016,2,2016.25,2016-Q2,3083233107912.05,31813000.0,96917.39565309936,11.481614303470577
GBR,United Kingdom,2016,3,2016.5,2016-Q3,3096845032440.83,31878000.0,97146.77936008626,11.483978303047492
GBR,United Kingdom,2016,4,2016.75,2016-Q4,3116014343422.89,31914000.0,97637.84995371592,11.48902050412635
GBR,United Kingdom,2017,1,2017.0,2017-Q1,3145740240478.36,32017000.0,98252.1860411144,11.49529277926632
GBR,United Kingdom,2017,2,2017.25,2017-Q2,3172577275853.25,32138000.0,98717.32142178263,11.500015705685435
GBR,United Kingdom,2017,3,2017.5,2017-Q3,3194047883428.32,32134000.0,99397.76820278582,11.506884939704328
GBR,United Kingdom,2017,4,2017.75,2017-Q4,3218020539001.29,32222000.0,99870.29169515517,11.51162753998144
GBR,United Kingdom,2018,1,2018.0,2018-Q1,3220547068877.86,32410000.0,99368.93146799938,11.506594783103283
GBR,United Kingdom,2018,2,2018.25,2018-Q2,3227553782547.17,32451000.0,99459.30117861298,11.507503806088938
GBR,United Kingdom,2018,3,2018.5,2018-Q3,3237787207822.4,32497000.0,99633.41871010863,11.509252916513308
GBR,United Kingdom,2018,4,2018.75,2018-Q4,3241988298198.54,32669000.0,99237.45135138939,11.505270755809184
GBR,United Kingdom,2019,1,2019.0,2019-Q1,3258322607633.07,32776000.0,99411.84426510465,11.507026543142588
GBR,United Kingdom,2019,2,2019.25,2019-Q2,3265270564793.62,32963000.0,99058.6586413136,11.503467465179499
GBR,United Kingdom,2019,3,2019.5,2019-Q3,3283250056473.35,32896000.0,99806.96912917528,11.510993290815147
GBR,United Kingdom,2019,4,2019.75,2019-Q4,3283445911502.55,33057000.0,99326.79648796169,11.506170667485874
GBR,United Kingdom,2020,1,2020.0,2020-Q1,3193318323444.58,32976000.0,96837.64930387495,11.480791136737084
GBR,United Kingdom,2020,2,2020.25,2020-Q2,2557651240702.29,32634000.0,78373.81996391156,11.269245221540045
GBR,United Kingdom,2020,3,2020.5,2020-Q3,2991548472372.02,32357000.0,92454.4448611435,11.434471314200838
GBR,United Kingdom,2020,4,2020.75,2020-Q4,3032472380721.48,32268000.0,93977.69867117515,11.450812784925352
GBR,United Kingdom,2021,1,2021.0,2021-Q1,2999838036482.53,32314000.0,92834.00496634678,11.438568284481192
GBR,United Kingdom,2021,2,2021.25,2021-Q2,3209295197450.84,32450000.0,98899.69791836178,11.501861463191192
GBR,United Kingdom,2021,3,2021.5,2021-Q3,3263424631143.5,32724000.0,99725.72519079268,11.510178948652834
GBR,United Kingdom,2021,4,2021.75,2021-Q4,3308383153094.29,32732000.0,101074.8855277493,11.52361696196071
GBR,United Kingdom,2022,1,2022.0,2022-Q1,3341908637716.06,32790000.0,101918.5311898768,11.531929059299838
GBR,United Kingdom,2022,2,2022.25,2022-Q2,3360554036495.04,33002000.0,101828.79936049452,11.531048244469613
GBR,United Kingdom,2022,3,2022.5,2022-Q3,3363952121251.5,32921000.0,102182.5619286018,11.534516315271608
GBR,United Kingdom,2022,4,2022.75,2022-Q4,3372706841056.34,33116000.0,101845.23617152857,11.53120964757656
GBR,United Kingdom,2023,1,2023.0,2023-Q1,3374611531215.22,33325000.0,101263.66185191959,11.52548290773711
GBR,United Kingdom,2023,2,2023.25,2023-Q2,3376006998298.21,33350000.0,101229.59515137061,11.525146435289834
GBR,United Kingdom,2023,3,2023.5,2023-Q3,3367918185592.62,33350000.0,100987.05204175772,11.522747589999021
GBR,United Kingdom,2023,4,2023.75,2023-Q4,3357092298854.09,33379000.0,100574.98124132208,11.51865881030365
GBR,United Kingdom,2024,1,2024.0,2024-Q1,3385045707895.37,33335000.0,101546.293922165,11.528270071238333
GBR,United Kingdom,2024,2,2024.25,2024-Q2,3405811237365.35,33489000.0,101699.40091867032,11.529776691347426
GBR,United Kingdom,2024,3,2024.5,2024-Q3,3413988184834.08,33775000.0,101080.33115718963,11.523670837685819
GBR,United Kingdom,2024,4,2024.75,2024-Q4,3422135754048.42,33863000.0,101058.25691900954,11.52345243071585
GBR,United Kingdom,2025,1,2025.0,2025-Q1,3444757009919.98,33975000.0,101390.93480264842,11.52673896577441
GBR,United Kingdom,2025,2,2025.25,2025-Q2,3454324528095.96,34214000.0,100962.31157116852,11.522502573423873
GBR,United Kingdom,2025,3,2025.5,2025-Q3,3457144840516.31,34192000.0,101109.7578531911,11.52396191719771
GBR,United Kingdom,2025,4,2025.75,2025-Q4,3467787014202.12,34328768.0,101016.93757847995,11.523043480560355
GRC,Greece,1995,1,1995.0,1995-Q1,177607192943.082,3801355.52010916,46722.068484134266,10.751971890583134
GRC,Greece,1995,2,1995.25,1995-Q2,179527249848.358,3814152.71796848,47068.7104379971,10.759363737334043
GRC,Greece,1995,3,1995.5,1995-Q3,180501885186.611,3827477.64504802,47159.487768699015,10.761290493029534
GRC,Greece,1995,4,1995.75,1995-Q4,181874835493.695,3837014.11687434,47400.09547889065,10.766379522003726
GRC,Greece,1996,1,1996.0,1996-Q1,181554533954.733,3861708.63710608,47014.04249150911,10.758201612482498
GRC,Greece,1996,2,1996.25,1996-Q2,181353079474.417,3865534.21181695,46915.39889105627,10.756101235108472
GRC,Greece,1996,3,1996.5,1996-Q3,182731603830.272,3868406.32878656,47236.920917661504,10.762931088628626
GRC,Greece,1996,4,1996.75,1996-Q4,183819300640.222,3876350.82229041,47420.708049228924,10.76681429095518
GRC,Greece,1997,1,1997.0,1997-Q1,185076127203.018,3854847.22081685,48011.27427400352,10.779191143018279
GRC,Greece,1997,2,1997.25,1997-Q2,187858484101.518,3847118.93359087,48830.953070164745,10.796119674992708
GRC,Greece,1997,3,1997.5,1997-Q3,190621007090.467,3847061.49459261,49549.76866327766,10.81073287099401
GRC,Greece,1997,4,1997.75,1997-Q4,192184505788.981,3866972.35099968,49698.960412607536,10.813739294614594
GRC,Greece,1998,1,1998.0,1998-Q1,194644514824.534,3972691.34156384,48995.62993683589,10.799486388153015
GRC,Greece,1998,2,1998.25,1998-Q2,195175253099.865,4008463.81589845,48690.78581319781,10.793245088155114
GRC,Greece,1998,3,1998.5,1998-Q3,195502869706.988,4042055.62301791,48367.18935624646,10.78657695695997
GRC,Greece,1998,4,1998.75,1998-Q4,196391663818.921,4048389.2195198,48511.062837534184,10.789547150657757
GRC,Greece,1999,1,1999.0,1999-Q1,198081936121.416,4059905.0823272,48789.79486088684,10.795276448269108
GRC,Greece,1999,2,1999.25,1999-Q2,199504438263.831,4019606.44270911,49632.82876255173,10.812407763986267
GRC,Greece,1999,3,1999.5,1999-Q3,200835248928.189,4019300.87164498,49967.7071564919,10.819132218884727
GRC,Greece,1999,4,1999.75,1999-Q4,204076786291.295,4026587.60331871,50682.31624293859,10.833332336684686
GRC,Greece,2000,1,2000.0,2000-Q1,204468035150.463,4045898.99247046,50537.10820042324,10.830463161268433
GRC,Greece,2000,2,2000.25,2000-Q2,207282917700.519,4070214.76063241,50926.776568495465,10.838144126465798
GRC,Greece,2000,3,2000.5,2000-Q3,210609218451.424,4103957.06890921,51318.57251796296,10.845808003026331
GRC,Greece,2000,4,2000.75,2000-Q4,213344385321.139,4133829.17798792,51609.385907179945,10.851458832354291
GRC,Greece,2001,1,2001.0,2001-Q1,216746355159.848,4226899.15114634,51277.862898873784,10.845014415587151
GRC,Greece,2001,2,2001.25,2001-Q2,216183771885.208,4192966.19284454,51558.67277302022,10.850475715314133
GRC,Greece,2001,3,2001.5,2001-Q3,220070427517.333,4206762.72915836,52313.487041224726,10.86500949522539
GRC,Greece,2001,4,2001.75,2001-Q4,221567319645.599,4182071.92685076,52980.274734884006,10.877674948446515
GRC,Greece,2002,1,2002.0,2002-Q1,223575220914.501,4209230.1686121,53115.46576418746,10.880223422152179
GRC,Greece,2002,2,2002.25,2002-Q2,228929838619.445,4255588.91703539,53795.10170802083,10.892937695685593
GRC,Greece,2002,3,2002.5,2002-Q3,230545329296.401,4282355.87031023,53836.09776449976,10.893699483320821
GRC,Greece,2002,4,2002.75,2002-Q4,232475133357.686,4312525.04404228,53906.964245656636,10.895014955334593
GRC,Greece,2003,1,2003.0,2003-Q1,236837790541.107,4340844.43915294,54560.303613949094,10.907061857273655
GRC,Greece,2003,2,2003.25,2003-Q2,241134246203.967,4342832.86256364,55524.64343783698,10.924582227091166
GRC,Greece,2003,3,2003.5,2003-Q3,242934204958.545,4361427.11502181,55700.62242283514,10.927746600410124
GRC,Greece,2003,4,2003.75,2003-Q4,247690585042.558,4367895.58326161,56707.07559762719,10.945654272011817
GRC,Greece,2004,1,2004.0,2004-Q1,252969095366.762,4365714.52966197,57944.48850194265,10.967240736426788
GRC,Greece,2004,2,2004.25,2004-Q2,253447048318.135,4389358.49841365,57741.25043778785,10.963727109334835
GRC,Greece,2004,3,2004.5,2004-Q3,257024979865.495,4394102.73903112,58493.16575655849,10.9766652017212
GRC,Greece,2004,4,2004.75,2004-Q4,257245141432.823,4408924.23289326,58346.46454425721,10.974154045377862
GRC,Greece,2005,1,2005.0,2005-Q1,254837305977.839,4424305.05269255,57599.39763257276,10.961267388861465
GRC,Greece,2005,2,2005.25,2005-Q2,256221817025.494,4434872.9323816,57774.33106474567,10.964299856793348
GRC,Greece,2005,3,2005.5,2005-Q3,260077863292.765,4441586.12725055,58555.17732665459,10.977724790849324
GRC,Greece,2005,4,2005.75,2005-Q4,261629570875.667,4473235.88767529,58487.76533258882,10.976572871733342
GRC,Greece,2006,1,2006.0,2006-Q1,270571323691.067,4503071.02478724,60085.955162977,11.00353140208144
GRC,Greece,2006,2,2006.25,2006-Q2,272463748606.106,4512244.15445372,60383.20163530515,11.008466226619975
GRC,Greece,2006,3,2006.5,2006-Q3,274321469640.082,4551737.39700483,60267.42004505646,11.006546938941588
GRC,Greece,2006,4,2006.75,2006-Q4,281955290196.21,4542947.42375421,62064.396502129726,11.035927778260298
GRC,Greece,2007,1,2007.0,2007-Q1,280461672548.71,4541782.1480312,61751.458658202326,11.030872876206407
GRC,Greece,2007,2,2007.25,2007-Q2,287826494084.725,4554278.40200984,63199.143459851904,11.054046027192664
GRC,Greece,2007,3,2007.5,2007-Q3,286441002875.422,4574865.22853727,62611.899709886384,11.044710630235388
GRC,Greece,2007,4,2007.75,2007-Q4,283133784849.672,4585274.22142169,61748.495548404695,11.030824890604839
GRC,Greece,2008,1,2008.0,2008-Q1,287050308607.263,4605067.11097373,62333.57770687666,11.040255527592105
GRC,Greece,2008,2,2008.25,2008-Q2,284425054943.516,4619344.03380049,61572.607033018474,11.02797235959481
GRC,Greece,2008,3,2008.5,2008-Q3,284506908865.637,4609520.74159406,61721.5812260884,11.03038892549579
GRC,Greece,2008,4,2008.75,2008-Q4,282534623977.335,4607968.11363171,61314.361777269114,11.023769381225197
GRC,Greece,2009,1,2009.0,2009-Q1,268215317238.681,4585574.61476346,58491.10302886577,10.976629936677202
GRC,Greece,2009,2,2009.25,2009-Q2,275238054822.079,4569013.29624959,60240.15186123539,11.00609438340744
GRC,Greece,2009,3,2009.5,2009-Q3,274319144699.039,4547646.56831155,60321.122272456676,11.007437607821371
GRC,Greece,2009,4,2009.75,2009-Q4,273845963777.084,4521565.52067541,60564.4134813241,11.011462763284868
GRC,Greece,2010,1,2010.0,2010-Q1,270648267221.533,4484692.28313962,60349.35066538366,11.007905466987822
GRC,Greece,2010,2,2010.25,2010-Q2,258926545207.013,4421380.49328456,58562.37562007729,10.977847715095104
GRC,Greece,2010,3,2010.5,2010-Q3,250487319724.671,4361401.53430043,57432.75819818531,10.958370119836982
GRC,Greece,2010,4,2010.75,2010-Q4,249402303721.162,4291225.68927539,58119.13000625136,10.97025014865015
GRC,Greece,2011,1,2011.0,2011-Q1,240429366246.825,4201167.78735012,57229.17493816058,10.954819098702348
GRC,Greece,2011,2,2011.25,2011-Q2,236008121654.733,4111753.85774179,57398.40705940279,10.957771830344226
GRC,Greece,2011,3,2011.5,2011-Q3,230863895294.982,4008501.19469287,57593.57028523243,10.961166213460734
GRC,Greece,2011,4,2011.75,2011-Q4,220485075517.76,3895977.16021522,56593.01029002441,10.943640763456264
GRC,Greece,2012,1,2012.0,2012-Q1,218564822332.518,3819992.17317588,57216.03930690955,10.954589545524518
GRC,Greece,2012,2,2012.25,2012-Q2,213391199935.128,3717816.24253106,57396.91959327526,10.957745915245225
GRC,Greece,2012,3,2012.5,2012-Q3,210331634382.816,3638276.54714776,57810.78806329503,10.9649306819382
GRC,Greece,2012,4,2012.75,2012-Q4,208203520788.448,3603815.0371453,57773.0873095454,10.964278328745076
GRC,Greece,2013,1,2013.0,2013-Q1,206722524148.123,3545858.8018057,58299.70557283646,10.973352322117194
GRC,Greece,2013,2,2013.25,2013-Q2,206982290354.524,3522236.84525674,58764.44414385677,10.981292259556112
GRC,Greece,2013,3,2013.5,2013-Q3,208242276450.428,3496861.58801307,59551.19217879941,10.994591594378173
GRC,Greece,2013,4,2013.75,2013-Q4,209219908691.385,3487742.7649245,59987.19595821857,11.001886417734712
GRC,Greece,2014,1,2014.0,2014-Q1,208698103301.223,3534856.6347519,59040.04740941094,10.985971262278959
GRC,Greece,2014,2,2014.25,2014-Q2,208859371669.224,3522740.77469994,59288.88471420785,10.990177125834792
GRC,Greece,2014,3,2014.5,2014-Q3,210912121028.218,3541445.23326883,59555.38124573554,10.994661935868443
GRC,Greece,2014,4,2014.75,2014-Q4,209282580875.109,3545957.35727934,59020.05009887725,10.985632497342339
GRC,Greece,2015,1,2015.0,2015-Q1,210204212158.923,3562533.52477991,59004.13587600111,10.985362820024234
GRC,Greece,2015,2,2015.25,2015-Q2,209764996301.101,3602424.25338754,58228.84300866242,10.972136095299446
GRC,Greece,2015,3,2015.5,2015-Q3,205444440621.292,3620162.47325212,56750.060843742736,10.94641200747951
GRC,Greece,2015,4,2015.75,2015-Q4,210425795002.851,3657779.74858043,57528.284770157756,10.96003201488407
GRC,Greece,2016,1,2016.0,2016-Q1,208349406310.778,3662678.48665849,56884.43773312408,10.948777080651857
GRC,Greece,2016,2,2016.25,2016-Q2,208265832158.642,3669298.15608676,56759.03764134385,10.946570176256104
GRC,Greece,2016,3,2016.5,2016-Q3,208852313449.903,3682569.33042588,56713.74920883017,10.945771950775343
GRC,Greece,2016,4,2016.75,2016-Q4,210105930316.698,3679554.02682887,57100.92277073383,10.952575556121818
GRC,Greece,2017,1,2017.0,2017-Q1,210521002857.221,3720441.20187113,56584.95630876876,10.943498439265234
GRC,Greece,2017,2,2017.25,2017-Q2,211675800281.44,3749700.06492071,56451.395209370174,10.941135285115958
GRC,Greece,2017,3,2017.5,2017-Q3,213630970255.298,3766367.37542035,56720.69369798411,10.945894391349558
GRC,Greece,2017,4,2017.75,2017-Q4,212054785416.11,3774091.35778781,56186.97729151058,10.936440288238744
GRC,Greece,2018,1,2018.0,2018-Q1,215336204966.595,3790951.1762124,56802.68485592601,10.947338872182364
GRC,Greece,2018,2,2018.25,2018-Q2,215776364024.306,3817251.1796637,56526.634970695304,10.942467221463733
GRC,Greece,2018,3,2018.5,2018-Q3,216423048050.439,3835877.25499551,56420.7438516414,10.940592168652724
GRC,Greece,2018,4,2018.75,2018-Q4,217853236966.725,3867620.38912839,56327.46108669176,10.93893745873898
GRC,Greece,2019,1,2019.0,2019-Q1,220417043477.944,3880606.83208412,56799.6328964784,10.947285141598188
GRC,Greece,2019,2,2019.25,2019-Q2,222469368774.254,3919359.47146948,56761.664857151736,10.946616462365167
GRC,Greece,2019,3,2019.5,2019-Q3,221269488268.469,3914026.73553635,56532.441707541846,10.942569941864823
GRC,Greece,2019,4,2019.75,2019-Q4,220939391859.289,3930106.96091005,56217.14473850569,10.936977055879906
GRC,Greece,2020,1,2020.0,2020-Q1,216390171334.598,3921606.87700986,55178.95549479218,10.918336918537973
GRC,Greece,2020,2,2020.25,2020-Q2,186255386797.363,3819661.99096948,48762.26934155736,10.794712123561373
GRC,Greece,2020,3,2020.5,2020-Q3,197844855332.459,3864503.34439162,51195.41573681968,10.843405270628736
GRC,Greece,2020,4,2020.75,2020-Q4,203209114164.188,3895827.78762904,52160.70248522431,10.862084664401413
GRC,Greece,2021,1,2021.0,2021-Q1,212156459977.752,3692195.14936606,57460.792670771676,10.958858127613409
GRC,Greece,2021,2,2021.25,2021-Q2,215227723726.963,3892583.69838134,55291.73947279837,10.920378799730537
GRC,Greece,2021,3,2021.5,2021-Q3,221452277788.315,4052703.5013291,54643.09878965704,10.908578205478014
GRC,Greece,2021,4,2021.75,2021-Q4,224419238937.291,4074417.6509235,55080.077244026405,10.916543355238602
GRC,Greece,2022,1,2022.0,2022-Q1,228821948070.66,4113969.42803647,55620.72156182088,10.926311100767828
GRC,Greece,2022,2,2022.25,2022-Q2,228922762841.147,4134492.01851544,55369.01796302067,10.921775473756185
GRC,Greece,2022,3,2022.5,2022-Q3,230939876665.807,4153071.73025247,55607.00408412352,10.92606444504081
GRC,Greece,2022,4,2022.75,2022-Q4,232792188438.246,4160966.82319562,55946.65815178544,10.932153982765604
GRC,Greece,2023,1,2023.0,2023-Q1,232909953839.864,4172092.30987727,55825.69524851081,10.929989530701757
GRC,Greece,2023,2,2023.25,2023-Q2,235560498498.246,4192636.62908571,56184.334426714864,10.936393250169049
GRC,Greece,2023,3,2023.5,2023-Q3,235742928501.717,4200814.55025981,56118.38506109176,10.93521875727155
GRC,Greece,2023,4,2023.75,2023-Q4,236945525206.965,4208356.5107772,56303.577085299235,10.93851334826041
GRC,Greece,2024,1,2024.0,2024-Q1,237593870926.269,4243725.85818151,55987.09220771414,10.932876446858115
GRC,Greece,2024,2,2024.25,2024-Q2,240093562563.487,4275872.06054827,56150.78261548855,10.935795898012262
GRC,Greece,2024,3,2024.5,2024-Q3,240606827998.73,4275288.37640909,56278.50259795131,10.938067904583528
GRC,Greece,2024,4,2024.75,2024-Q4,242502447614.546,4308813.70486113,56280.559853622566,10.938104458826725
GRC,Greece,2025,1,2025.0,2025-Q1,242651589664.749,4282050.01178971,56667.15451633205,10.944950036438973
GRC,Greece,2025,2,2025.25,2025-Q2,244057828522.335,4333397.70338184,56320.20073575732,10.938808555025808
GRC,Greece,2025,3,2025.5,2025-Q3,246329005719.707,4355064.69189875,56561.50324883253,10.943083878166922
GRC,Greece,2025,4,2025.75,2025-Q4,247937821577.848,4363774.82128255,56817.281306228586,10.947595806784195
IRL,Ireland,1990,1,1990.0,1990-Q1,90492587037.9498,1331594.83736581,67958.04887390838,11.126645865454783
IRL,Ireland,1990,2,1990.25,1990-Q2,91323220672.1994,1337573.72400766,68275.28010835567,11.131303048982419
IRL,Ireland,1990,3,1990.5,1990-Q3,91720250386.2679,1343538.86715789,68267.65687865218,11.131191388432564
IRL,Ireland,1990,4,1990.75,1990-Q4,91944226680.9913,1348906.14331749,68162.06385928701,11.129643440670469
IRL,Ireland,1991,1,1991.0,1991-Q1,92063348148.4893,1331103.9611866,69163.15391806085,11.14422354196826
IRL,Ireland,1991,2,1991.25,1991-Q2,92656960098.0235,1335634.92853306,69372.96870469648,11.147252570687767
IRL,Ireland,1991,3,1991.5,1991-Q3,93463716076.6769,1338724.27879306,69815.50835915221,11.1536114468674
IRL,Ireland,1991,4,1991.75,1991-Q4,94348712531.2419,1342272.19736932,70290.29783687182,11.160389057419074
IRL,Ireland,1992,1,1992.0,1992-Q1,95294329702.0765,1342223.43682497,70997.36682254281,11.170398068329273
IRL,Ireland,1992,2,1992.25,1992-Q2,95970829584.7761,1344891.67597747,71359.52381817243,11.175486094280007
IRL,Ireland,1992,3,1992.5,1992-Q3,96559258099.3772,1348486.5369199,71605.65230404878,11.178929292626895
IRL,Ireland,1992,4,1992.75,1992-Q4,97163110508.2854,1353768.33406017,71772.3321366792,11.181254334485551
IRL,Ireland,1993,1,1993.0,1993-Q1,97133730059.9607,1356101.38768095,71627.18875029523,11.179230012018486
IRL,Ireland,1993,2,1993.25,1993-Q2,98071709579.2851,1363923.45332705,71904.11554259626,11.18308878188458
IRL,Ireland,1993,3,1993.5,1993-Q3,99292359987.6424,1371685.29115909,72387.1289045749,11.189783785008384
IRL,Ireland,1993,4,1993.75,1993-Q4,100855937754.946,1380929.08741636,73034.84203062284,11.198691894355521
IRL,Ireland,1994,1,1994.0,1994-Q1,100769912145.429,1392266.03060925,72378.34575431858,11.189662441845758
IRL,Ireland,1994,2,1994.25,1994-Q2,103152717125.103,1404326.29889253,73453.52515754393,11.20440817442644
IRL,Ireland,1994,3,1994.5,1994-Q3,105774837381.868,1418807.62057351,74551.92363508149,11.219251123147464
IRL,Ireland,1994,4,1994.75,1994-Q4,108412147894.038,1433029.87842124,75652.39882749338,11.233904428264239
IRL,Ireland,1995,1,1995.0,1995-Q1,113023657148.326,1477138.71555635,76515.26289171612,11.245245514838565
IRL,Ireland,1995,2,1995.25,1995-Q2,114106306939.385,1481501.92122161,77020.69454307272,11.251829425025887
IRL,Ireland,1995,3,1995.5,1995-Q3,114680654603.03,1480349.33857397,77468.64312007773,11.257628528564567
IRL,Ireland,1995,4,1995.75,1995-Q4,116581441833.709,1491630.04113663,78157.07556068884,11.266475869955878
IRL,Ireland,1996,1,1996.0,1996-Q1,121346918743.564,1503011.79478212,80735.83930933471,11.298937861116453
IRL,Ireland,1996,2,1996.25,1996-Q2,124252723367.159,1507655.14206312,82414.55217479503,11.319517304367947
IRL,Ireland,1996,3,1996.5,1996-Q3,122533465050.884,1504889.74411339,81423.54981831239,11.307419819955896
IRL,Ireland,1996,4,1996.75,1996-Q4,123872774205.133,1517722.23112614,81617.55271464937,11.309799624617222
IRL,Ireland,1997,1,1997.0,1997-Q1,131772148004.888,1531080.98417419,86064.77996065057,11.362855547037615
IRL,Ireland,1997,2,1997.25,1997-Q2,136197402136.409,1535984.46295553,88671.08061388783,11.392689079216312
IRL,Ireland,1997,3,1997.5,1997-Q3,137819926877.728,1533696.30625834,89861.28891055257,11.40602252606182
IRL,Ireland,1997,4,1997.75,1997-Q4,141179621522.002,1551904.51077611,90971.84816570824,11.418305376820665
IRL,Ireland,1998,1,1998.0,1998-Q1,144666483774.945,1567600.0,92285.33029787256,11.432640472841802
IRL,Ireland,1998,2,1998.25,1998-Q2,148679326904.056,1580300.0,94082.9759564994,11.45193239482285
IRL,Ireland,1998,3,1998.5,1998-Q3,152505514450.962,1602600.0,95161.30940406965,11.463328724348179
IRL,Ireland,1998,4,1998.75,1998-Q4,150392387498.067,1623200.0,92651.79121369332,11.436603564647976
IRL,Ireland,1999,1,1999.0,1999-Q1,158921079879.227,1663300.0,95545.65014082065,11.467359424203272
IRL,Ireland,1999,2,1999.25,1999-Q2,160818323740.004,1687500.0,95299.74740148385,11.464782439077226
IRL,Ireland,1999,3,1999.5,1999-Q3,166497198435.372,1711200.0,97298.50305947405,11.485538883261032
IRL,Ireland,1999,4,1999.75,1999-Q4,171679099626.808,1730700.0,99196.33652672792,11.504856362416914
IRL,Ireland,2000,1,2000.0,2000-Q1,173764569667.441,1747100.0,99458.85734499514,11.50749934361431
IRL,Ireland,2000,2,2000.25,2000-Q2,178602586174.971,1766000.0,101133.96725649548,11.524201325400925
IRL,Ireland,2000,3,2000.5,2000-Q3,181809801611.246,1782600.0,101991.36183734209,11.532643400810993
IRL,Ireland,2000,4,2000.75,2000-Q4,184294101853.044,1795200.0,102659.3704618115,11.539171703831821
IRL,Ireland,2001,1,2001.0,2001-Q1,188094355488.344,1800700.0,104456.24228819014,11.5565235286091
IRL,Ireland,2001,2,2001.25,2001-Q2,190008105441.408,1816800.0,104583.94178853367,11.557745298641427
IRL,Ireland,2001,3,2001.5,2001-Q3,188870941941.609,1832200.0,103084.23858836864,11.543301783326903
IRL,Ireland,2001,4,2001.75,2001-Q4,191934288939.752,1840900.0,104261.11626908144,11.554653764854859
IRL,Ireland,2002,1,2002.0,2002-Q1,199316089429.198,1843800.0,108100.71017962795,11.590818573260002
IRL,Ireland,2002,2,2002.25,2002-Q2,197525493805.633,1847200.0,106932.38079560037,11.579951958494895
IRL,Ireland,2002,3,2002.5,2002-Q3,203227597259.24,1851500.0,109763.75763394004,11.606085677376806
IRL,Ireland,2002,4,2002.75,2002-Q4,205323443404.566,1858100.0,110501.82627660836,11.61278732719349
IRL,Ireland,2003,1,2003.0,2003-Q1,201506882647.57,1871800.0,107654.06701975105,11.586678282104417
IRL,Ireland,2003,2,2003.25,2003-Q2,204773658025.467,1880800.0,108875.82838444652,11.597963322708605
IRL,Ireland,2003,3,2003.5,2003-Q3,206151300769.266,1883700.0,109439.56084794075,11.603127720128487
IRL,Ireland,2003,4,2003.75,2003-Q4,219431554819.104,1906400.0,115102.57806289551,11.653578992920432
IRL,Ireland,2004,1,2004.0,2004-Q1,216215796347.632,1916400.0,112823.93881633897,11.633583819078968
IRL,Ireland,2004,2,2004.25,2004-Q2,223124703008.173,1932800.0,115441.17498353322,11.656516371700988
IRL,Ireland,2004,3,2004.5,2004-Q3,220764344511.408,1957400.0,112784.48171626034,11.633234035144595
IRL,Ireland,2004,4,2004.75,2004-Q4,228660526314.86,1979900.0,115490.94717655437,11.656947426448387
IRL,Ireland,2005,1,2005.0,2005-Q1,231332701362.915,2002600.0,115516.17964791521,11.657165882664938
IRL,Ireland,2005,2,2005.25,2005-Q2,234980886431.651,2024900.0,116045.67456746062,11.661739138861993
IRL,Ireland,2005,3,2005.5,2005-Q3,232343615905.5,2048800.0,113404.73248023233,11.638718402034922
IRL,Ireland,2005,4,2005.75,2005-Q4,240736479107.121,2075000.0,116017.58029258843,11.661497012851768
IRL,Ireland,2006,1,2006.0,2006-Q1,243415681627.143,2095000.0,116188.86951176276,11.662972331477821
IRL,Ireland,2006,2,2006.25,2006-Q2,245214888020.575,2114700.0,115957.29324281223,11.66097724060045
IRL,Ireland,2006,3,2006.5,2006-Q3,246838924091.708,2136200.0,115550.47471758637,11.657462724024562
IRL,Ireland,2006,4,2006.75,2006-Q4,250114145136.215,2171600.0,115175.05301907119,11.654208450138904
IRL,Ireland,2007,1,2007.0,2007-Q1,261543236067.657,2198600.0,118958.99029730602,11.686534093348403
IRL,Ireland,2007,2,2007.25,2007-Q2,260083084029.508,2215700.0,117381.90370063997,11.673188032251726
IRL,Ireland,2007,3,2007.5,2007-Q3,252511402094.219,2229900.0,113238.89057546033,11.637254942069582
IRL,Ireland,2007,4,2007.75,2007-Q4,262896900738.433,2235000.0,117627.24865254274,11.675275993836026
IRL,Ireland,2008,1,2008.0,2008-Q1,255025873897.886,2231800.0,114269.14324665561,11.646311850489965
IRL,Ireland,2008,2,2008.25,2008-Q2,249999347571.572,2218900.0,112668.14528440758,11.632202009537032
IRL,Ireland,2008,3,2008.5,2008-Q3,250080472538.613,2190800.0,114150.29785403186,11.645271261275886
IRL,Ireland,2008,4,2008.75,2008-Q4,237984212045.736,2149300.0,110726.38163389754,11.614817406779906
IRL,Ireland,2009,1,2009.0,2009-Q1,237730393305.252,2068700.0,114917.77121151061,11.651972118644021
IRL,Ireland,2009,2,2009.25,2009-Q2,238956323089.501,2027200.0,117875.06071897248,11.67738053504886
IRL,Ireland,2009,3,2009.5,2009-Q3,237099554927.199,1991100.0,119079.68204871629,11.687548145061623
IRL,Ireland,2009,4,2009.75,2009-Q4,232412997374.207,1972700.0,117814.6689178319,11.676868066367637
IRL,Ireland,2010,1,2010.0,2010-Q1,237193943189.222,1949600.0,121662.87607161571,11.709009187835413
IRL,Ireland,2010,2,2010.25,2010-Q2,240400278074.793,1933700.0,124321.39322273,11.730625372285221
IRL,Ireland,2010,3,2010.5,2010-Q3,242579501364.921,1916900.0,126547.81228281131,11.748375478449772
IRL,Ireland,2010,4,2010.75,2010-Q4,240295352838.237,1897300.0,126651.21638024403,11.749192259649346
IRL,Ireland,2011,1,2011.0,2011-Q1,244315316574.485,1893500.0,129028.42174517295,11.767787982682119
IRL,Ireland,2011,2,2011.25,2011-Q2,246869112587.245,1897000.0,130136.59071546915,11.776339875652416
IRL,Ireland,2011,3,2011.5,2011-Q3,243685811722.739,1873300.0,130083.70881478621,11.77593343617397
IRL,Ireland,2011,4,2011.75,2011-Q4,239714866720.164,1884900.0,127176.43732832723,11.753330671599398
IRL,Ireland,2012,1,2012.0,2012-Q1,239324274748.183,1878400.0,127408.57897582145,11.755154358752735
IRL,Ireland,2012,2,2012.25,2012-Q2,248079937540.183,1875800.0,132252.87212932244,11.792471066908714
IRL,Ireland,2012,3,2012.5,2012-Q3,242349389758.781,1876200.0,129170.338854483,11.768887268544468
IRL,Ireland,2012,4,2012.75,2012-Q4,240352749503.85,1889100.0,127231.35329196443,11.753762387659322
IRL,Ireland,2013,1,2013.0,2013-Q1,240536280824.422,1909600.0,125961.60495623272,11.743732416926678
IRL,Ireland,2013,2,2013.25,2013-Q2,246221543745.812,1925200.0,127894.00776325162,11.758957135517491
IRL,Ireland,2013,3,2013.5,2013-Q3,255958182356.455,1949000.0,131327.95400536427,11.785452939423086
IRL,Ireland,2013,4,2013.75,2013-Q4,249332817256.081,1963400.0,126990.33169811602,11.751866234181527
IRL,Ireland,2014,1,2014.0,2014-Q1,263457227325.481,1968700.0,133822.9427162498,11.804272882203009
IRL,Ireland,2014,2,2014.25,2014-Q2,271878678791.071,1970900.0,137946.46039427217,11.834620920702777
IRL,Ireland,2014,3,2014.5,2014-Q3,275953003833.052,1995700.0,138273.79056624344,11.836990988241684
IRL,Ireland,2014,4,2014.75,2014-Q4,274804096834.919,2018000.0,136176.46027498465,11.821706825711798
IRL,Ireland,2015,1,2015.0,2015-Q1,337367503773.542,2031500.0,166068.1780819798,12.020153694357093
IRL,Ireland,2015,2,2015.25,2015-Q2,330977385413.945,2049300.0,161507.5320421339,11.992307058589118
IRL,Ireland,2015,3,2015.5,2015-Q3,341898860031.502,2064800.0,165584.49246004553,12.017236871983428
IRL,Ireland,2015,4,2015.75,2015-Q4,345374507963.218,2076900.0,166293.27746315085,12.021508240209707
IRL,Ireland,2016,1,2016.0,2016-Q1,333285770252.078,2098700.0,158805.81800737506,11.975437464450081
IRL,Ireland,2016,2,2016.25,2016-Q2,331471323557.996,2124900.0,155993.84609063767,11.957571837316637
IRL,Ireland,2016,3,2016.5,2016-Q3,333389878439.182,2147100.0,155274.49976208934,11.952949795796743
IRL,Ireland,2016,4,2016.75,2016-Q4,364552610194.84,2158500.0,168891.64243448692,12.037012619241743
IRL,Ireland,2017,1,2017.0,2017-Q1,361776936571.707,2182200.0,165785.4168140899,12.018449561325728
IRL,Ireland,2017,2,2017.25,2017-Q2,363055995737.387,2186900.0,166013.99046018886,12.019827343667986
IRL,Ireland,2017,3,2017.5,2017-Q3,383033985148.601,2201400.0,173995.6323923871,12.066785476688448
IRL,Ireland,2017,4,2017.75,2017-Q4,396849817230.599,2227200.0,178183.2871904629,12.090568002810615
IRL,Ireland,2018,1,2018.0,2018-Q1,403235151829.159,2244300.0,179670.7890340681,12.098881505490795
IRL,Ireland,2018,2,2018.25,2018-Q2,402140728905.848,2260200.0,177922.6302565472,12.089104073301467
IRL,Ireland,2018,3,2018.5,2018-Q3,407622275575.139,2273400.0,179300.72823750286,12.096819721143833
IRL,Ireland,2018,4,2018.75,2018-Q4,410454037738.079,2282900.0,179795.0141215467,12.099572670499168
IRL,Ireland,2019,1,2019.0,2019-Q1,413944705832.768,2331300.0,177559.60444077037,12.08706163119583
IRL,Ireland,2019,2,2019.25,2019-Q2,421629064390.859,2308700.0,182626.18113694244,12.115196616585502
IRL,Ireland,2019,3,2019.5,2019-Q3,430554055389.91,2333900.0,184478.364707104,12.125287471126564
IRL,Ireland,2019,4,2019.75,2019-Q4,436744094002.479,2370800.0,184218.02514023916,12.123875254368812
IRL,Ireland,2020,1,2020.0,2020-Q1,450840008943.082,2386700.0,188896.80686432394,12.14895614950514
IRL,Ireland,2020,2,2020.25,2020-Q2,431371367313.244,2156900.0,199995.99764163568,12.206052633538114
IRL,Ireland,2020,3,2020.5,2020-Q3,482046298324.679,2269100.0,212439.42458449563,12.266412165930218
IRL,Ireland,2020,4,2020.75,2020-Q4,469449381255.215,2300100.0,204099.55273910484,12.226363157414372
IRL,Ireland,2021,1,2021.0,2021-Q1,515160372775.004,2275700.0,226374.46621918707,12.329945837233458
IRL,Ireland,2021,2,2021.25,2021-Q2,529110260234.882,2375300.0,222755.12997721636,12.313828375268612
IRL,Ireland,2021,3,2021.5,2021-Q3,544493527604.768,2509900.0,216938.33523437905,12.287368422711989
IRL,Ireland,2021,4,2021.75,2021-Q4,534608732104.727,2547600.0,209847.98716624547,12.254138676941828
IRL,Ireland,2022,1,2022.0,2022-Q1,555666551851.38,2576500.0,215667.20428929944,12.281491777652468
IRL,Ireland,2022,2,2022.25,2022-Q2,570323491892.809,2592600.0,219981.28978354123,12.301297775279396
IRL,Ireland,2022,3,2022.5,2022-Q3,581583013312.441,2597000.0,223944.17147186794,12.319152065272508
IRL,Ireland,2022,4,2022.75,2022-Q4,573298783820.533,2614800.0,219251.485322217,12.297974684771194
IRL,Ireland,2023,1,2023.0,2023-Q1,563796917807.98,2669400.0,211207.3566374391,12.260595662771236
IRL,Ireland,2023,2,2023.25,2023-Q2,566993109426.785,2674500.0,211999.66701319313,12.264339982960431
IRL,Ireland,2023,3,2023.5,2023-Q3,552467392607.365,2688300.0,205508.0878649574,12.233240669151051
IRL,Ireland,2023,4,2023.75,2023-Q4,538425830505.662,2706200.0,198960.10291392432,12.200859595736523
IRL,Ireland,2024,1,2024.0,2024-Q1,547746193004.314,2720400.0,201347.66688880828,12.212788378871062
IRL,Ireland,2024,2,2024.25,2024-Q2,550188654387.412,2747500.0,200250.64763873047,12.20732509907634
IRL,Ireland,2024,3,2024.5,2024-Q3,577697540996.009,2783700.0,207528.66364766643,12.24302474717375
IRL,Ireland,2024,4,2024.75,2024-Q4,602706997130.997,2778300.0,216933.73542489903,12.287347219183156
IRL,Ireland,2025,1,2025.0,2025-Q1,625921635736.433,2809600.0,222779.62547566663,12.313938335257928
IRL,Ireland,2025,2,2025.25,2025-Q2,633848465162.028,2813200.0,225312.26544932034,12.325242565459234
IRL,Ireland,2025,3,2025.5,2025-Q3,629915188622.261,2825080.62698934,222972.46407921295,12.314803563352626
IRL,Ireland,2025,4,2025.75,2025-Q4,621086858663.061,2836313.7735018,218976.7805189791,12.296720978150095
ISL,Iceland,1964,1,1964.0,1964-Q1,4122687191.94424,76376.147412354,53978.726757267505,10.896345298988651
ISL,Iceland,1964,2,1964.25,1964-Q2,4212919200.55657,76643.3834861069,54967.81338365944,10.914503081705503
ISL,Iceland,1964,3,1964.5,1964-Q3,4293018166.29109,77165.9922364641,55633.55102252496,10.926541733901512
ISL,Iceland,1964,4,1964.75,1964-Q4,4365929189.02176,77912.2221986892,56036.51219044825,10.933758760656277
ISL,Iceland,1965,1,1965.0,1965-Q1,4425036369.16318,79037.3919512489,55986.61924336509,10.932867999083312
ISL,Iceland,1965,2,1965.25,1965-Q2,4505403100.62371,80013.4323594969,56308.08437739713,10.938593398444231
ISL,Iceland,1965,3,1965.5,1965-Q3,4598772828.30573,80940.7516549272,56816.5322693267,10.94758262343888
ISL,Iceland,1965,4,1965.75,1965-Q4,4704121636.18367,81704.966403356,57574.48834824379,10.960834837949335
ISL,Iceland,1966,1,1966.0,1966-Q1,4842737715.19794,82272.2342665501,58862.358101375634,10.982957083869366
ISL,Iceland,1966,2,1966.25,1966-Q2,4939755625.98752,82522.4769090871,59859.51720074426,10.999755715900463
ISL,Iceland,1966,3,1966.5,1966-Q3,5008384014.45953,82544.7114569196,60674.80188689526,11.013283765437354
ISL,Iceland,1966,4,1966.75,1966-Q4,5035425309.61186,82431.4054762499,61086.24838457552,11.020042052472672
ISL,Iceland,1967,1,1967.0,1967-Q1,5003484369.96799,82107.7040460373,60938.06212341008,11.017613252286951
ISL,Iceland,1967,2,1967.25,1967-Q2,4943675136.84496,82041.3527398534,60258.332801032186,11.006396145541391
ISL,Iceland,1967,3,1967.5,1967-Q3,4858712202.93896,82092.7864815625,59185.6168023995,10.98843383193375
ISL,Iceland,1967,4,1967.75,1967-Q4,4768966562.79791,82254.0976192831,57978.46795270057,10.967826978406295
ISL,Iceland,1968,1,1968.0,1968-Q1,4665576919.63375,82574.8938656292,56501.15551133321,10.942016368453425
ISL,Iceland,1968,2,1968.25,1968-Q2,4618376874.39758,82797.0461560759,55779.48838527097,10.929161489129216
ISL,Iceland,1968,3,1968.5,1968-Q3,4603225808.48662,82978.6923242241,55474.79334213119,10.923684022550615
ISL,Iceland,1968,4,1968.75,1968-Q4,4616025160.09946,83120.0453923038,55534.43983714263,10.924758644886852
ISL,Iceland,1969,1,1969.0,1969-Q1,4660910768.50461,83132.1101234066,56066.31133969362,10.934290400253012
ISL,Iceland,1969,2,1969.25,1969-Q2,4704529989.17404,83348.0441043381,56444.39578311807,10.941011287113914
ISL,Iceland,1969,3,1969.5,1969-Q3,4756588906.09926,83707.0533552171,56824.230640568865,10.947718109527793
ISL,Iceland,1969,4,1969.75,1969-Q4,4820493408.16521,84258.2070067684,57210.96590362982,10.954500870595488
ISL,Iceland,1970,1,1970.0,1970-Q1,4936512086.28482,85058.0047008222,58037.00784715329,10.968836152381014
ISL,Iceland,1970,2,1970.25,1970-Q2,5002894191.58253,85998.852087713,58173.96476966828,10.971193192905467
ISL,Iceland,1970,3,1970.5,1970-Q3,5126385970.68595,87073.2509025308,58874.406520372046,10.983161750934528
ISL,Iceland,1970,4,1970.75,1970-Q4,5289695441.18393,88214.2543046519,59964.18019831272,11.001502666235966
ISL,Iceland,1971,1,1971.0,1971-Q1,5519901433.96536,89511.7556053703,61666.776577379416,11.029500597726646
ISL,Iceland,1971,2,1971.25,1971-Q2,5694202775.65039,90565.7856239104,62873.66400482099,11.048882658744018
ISL,Iceland,1971,3,1971.5,1971-Q3,5843118500.70598,91478.4467057752,63874.26449750915,11.064671812723612
ISL,Iceland,1971,4,1971.75,1971-Q4,5956862178.39197,92211.8327622872,64599.75905422202,11.075965959952933
ISL,Iceland,1972,1,1972.0,1972-Q1,6012928773.53076,92655.6190868354,64895.45731592961,11.080532905110353
ISL,Iceland,1972,2,1972.25,1972-Q2,6074122561.7312,93079.3273139585,65257.482375684325,11.08609599103484
ISL,Iceland,1972,3,1972.5,1972-Q3,6135034125.60657,93463.4243237191,65641.0159375,11.09195602249894
ISL,Iceland,1972,4,1972.75,1972-Q4,6213656421.30846,93918.6229346776,66160.00349185476,11.099831382476513
ISL,Iceland,1973,1,1973.0,1973-Q1,6325468971.96775,94488.5981689687,66944.2567097489,11.111615562671094
ISL,Iceland,1973,2,1973.25,1973-Q2,6455391887.31868,95302.4719406603,67735.82841941502,11.123370542240705
ISL,Iceland,1973,3,1973.5,1973-Q3,6594815711.41297,96265.0938333727,68506.82265814935,11.134688620139377
ISL,Iceland,1973,4,1973.75,1973-Q4,6723164279.52569,97259.9274927501,69125.73814150586,11.143682417125754
ISL,Iceland,1974,1,1974.0,1974-Q1,6839698824.43369,98319.9328140751,69565.73940472165,11.150027475195579
ISL,Iceland,1974,2,1974.25,1974-Q2,6899481023.60644,98991.9909226085,69697.36601216985,11.151917805678298
ISL,Iceland,1974,3,1974.5,1974-Q3,6923407462.36719,99435.9303776325,69626.81835503365,11.150905093298377
ISL,Iceland,1974,4,1974.75,1974-Q4,6925529643.23736,99742.0719494918,69434.38719364448,11.148137516482732
ISL,Iceland,1975,1,1975.0,1975-Q1,6887999058.96854,99803.6643700049,69015.49259185985,11.142086288693047
ISL,Iceland,1975,2,1975.25,1975-Q2,6904120895.97027,100316.443626176,68823.42162864262,11.139299396636945
ISL,Iceland,1975,3,1975.5,1975-Q3,6948632829.39459,101091.168246261,68736.29961885019,11.138032717398994
ISL,Iceland,1975,4,1975.75,1975-Q4,7025626187.71621,102078.048339074,68826.02383206911,11.13933720577476
ISL,Iceland,1976,1,1976.0,1976-Q1,7142615566.57364,103481.775371836,69022.93221109155,11.14219407924846
ISL,Iceland,1976,2,1976.25,1976-Q2,7273615985.29425,104343.519278738,69708.36363937352,11.152075584375831
ISL,Iceland,1976,3,1976.5,1976-Q3,7422218612.53306,104872.424826835,70773.78657724947,11.16724396503976
ISL,Iceland,1976,4,1976.75,1976-Q4,7582629376.66037,105040.326954236,72187.79297939516,11.187026238279037
ISL,Iceland,1977,1,1977.0,1977-Q1,7766244659.34082,104559.391939066,74275.91644628871,11.215542038811252
ISL,Iceland,1977,2,1977.25,1977-Q2,7932011843.10734,104503.337561745,75901.99536374398,11.237198252415553
ISL,Iceland,1977,3,1977.5,1977-Q3,8088986313.27868,104693.117090665,77263.78331321971,11.254980603610784
ISL,Iceland,1977,4,1977.75,1977-Q4,8229445931.53761,105257.087062242,78184.24546245771,11.266823441562215
ISL,Iceland,1978,1,1978.0,1978-Q1,8344656016.35192,106499.181419116,78354.17986465483,11.268994594984726
ISL,Iceland,1978,2,1978.25,1978-Q2,8444572239.9925,107515.844844338,78542.58367423514,11.271396223876073
ISL,Iceland,1978,3,1978.5,1978-Q3,8532757133.69367,108392.165206797,78721.16141802658,11.273667285403207
ISL,Iceland,1978,4,1978.75,1978-Q4,8621056141.92822,108929.65199681,79143.33685910139,11.279015878052325
ISL,Iceland,1979,1,1979.0,1979-Q1,8710316967.42737,108804.27344755,80054.91596454849,11.290468127714144
ISL,Iceland,1979,2,1979.25,1979-Q2,8827082492.21294,108765.025859733,81157.3612237875,11.304145280150802
ISL,Iceland,1979,3,1979.5,1979-Q3,8958831961.20882,108805.611786268,82337.95862300813,11.318587502971488
ISL,Iceland,1979,4,1979.75,1979-Q4,9096639608.68782,109211.556447074,83293.74568611907,11.330128743536864
ISL,Iceland,1980,1,1980.0,1980-Q1,9243038987.53153,110202.371343169,83873.32209711538,11.337062869270492
ISL,Iceland,1980,2,1980.25,1980-Q2,9362528854.37397,111610.064626648,83886.06247736706,11.337214758004567
ISL,Iceland,1980,3,1980.5,1980-Q3,9467944351.66036,113284.039175586,83577.03715865394,11.33352408620695
ISL,Iceland,1980,4,1980.75,1980-Q4,9565208841.2486,114938.714245349,83220.07866584133,11.329243927812156
ISL,Iceland,1981,1,1981.0,1981-Q1,9658974359.05966,116534.215554614,82885.30808818944,11.325213100908092
ISL,Iceland,1981,2,1981.25,1981-Q2,9761739436.31935,117608.318818783,83002.11697916323,11.326621392226519
ISL,Iceland,1981,3,1981.5,1981-Q3,9865722805.32133,118424.178454209,83308.34914034132,11.330304052908271
ISL,Iceland,1981,4,1981.75,1981-Q4,9957578560.01029,119141.559338341,83577.70886423036,11.333532123137907
ISL,Iceland,1982,1,1982.0,1982-Q1,10042106146.7185,119860.204594567,83781.82050236285,11.335971323822866
ISL,Iceland,1982,2,1982.25,1982-Q2,10058680188.2556,120678.823853127,83350.83046962395,11.330813851772062
ISL,Iceland,1982,3,1982.5,1982-Q3,10027372147.7019,121458.773201651,82557.82504120993,11.321254236390788
ISL,Iceland,1982,4,1982.75,1982-Q4,9961394980.64238,122034.380329947,81627.77533437332,11.30992486703438
ISL,Iceland,1983,1,1983.0,1983-Q1,9825890365.88368,122199.023939846,80408.9103913023,11.294880274788802
ISL,Iceland,1983,2,1983.25,1983-Q2,9777235589.55579,122146.898223439,80044.89456351678,11.29034293829622
ISL,Iceland,1983,3,1983.5,1983-Q3,9779860418.06823,121974.44475627,80179.58546653276,11.292024216147373
ISL,Iceland,1983,4,1983.75,1983-Q4,9844175969.49279,121961.439133305,80715.47892062025,11.298685644051327
ISL,Iceland,1984,1,1984.0,1984-Q1,10006904791.3279,122208.047798393,81884.17188233235,11.313060989653765
ISL,Iceland,1984,2,1984.25,1984-Q2,10150254334.4625,123106.577216597,82450.9507449295,11.319958859090812
ISL,Iceland,1984,3,1984.5,1984-Q3,10289377567.633,124394.231259125,82715.87406814106,11.323166810211797
ISL,Iceland,1984,4,1984.75,1984-Q4,10400361560.2125,125797.310703806,82675.54768877772,11.32267916242772
ISL,Iceland,1985,1,1985.0,1985-Q1,10451438130.7968,127288.316845508,82108.38504119658,11.315795422274077
ISL,Iceland,1985,2,1985.25,1985-Q2,10505806125.3759,128148.550965651,81981.46640137883,11.314248481204755
ISL,Iceland,1985,3,1985.5,1985-Q3,10567058984.7086,128702.680762673,82104.42021945289,11.315747133448632
ISL,Iceland,1985,4,1985.75,1985-Q4,10667618583.8332,129215.039513074,82557.09725456416,11.321245420874472
ISL,Iceland,1986,1,1986.0,1986-Q1,10825913259.1838,129624.871487128,83517.25355622693,11.332808518909921
ISL,Iceland,1986,2,1986.25,1986-Q2,11055411383.5731,131028.450718571,84374.12884716486,11.343016103347187
ISL,Iceland,1986,3,1986.5,1986-Q3,11333049150.1932,133037.064454206,85187.15590040894,11.352605949110512
ISL,Iceland,1986,4,1986.75,1986-Q4,11623210193.4727,135387.810499197,85851.23099794601,11.360371205162203
ISL,Iceland,1987,1,1987.0,1987-Q1,11954127118.8498,138552.536033105,86278.65978572595,11.36533756706912
ISL,Iceland,1987,2,1987.25,1987-Q2,12150549575.2839,140131.696245763,86708.07462413258,11.37030229135167
ISL,Iceland,1987,3,1987.5,1987-Q3,12264686493.4901,140722.549568462,87155.09014796017,11.37544445598909
ISL,Iceland,1987,4,1987.75,1987-Q4,12300013712.2096,140268.708641455,87688.93526816469,11.381551004701336
ISL,Iceland,1988,1,1988.0,1988-Q1,12218164748.4511,138194.696954913,88412.68889237741,11.389770777831457
ISL,Iceland,1988,2,1988.25,1988-Q2,12170752246.2579,136591.356068734,89103.38543043287,11.397552608589297
ISL,Iceland,1988,3,1988.5,1988-Q3,12127730105.4729,135104.094258382,89765.82221319678,11.404959582881949
ISL,Iceland,1988,4,1988.75,1988-Q4,12109060698.9395,134061.734134559,90324.51189080939,11.411164152079948
ISL,Iceland,1989,1,1989.0,1989-Q1,12127039586.552,133682.331076932,90715.35100306627,11.415481872091451
ISL,Iceland,1989,2,1989.25,1989-Q2,12162365688.1075,133625.557731852,91018.25948980407,11.41881541910483
ISL,Iceland,1989,3,1989.5,1989-Q3,12208586015.783,133782.964251491,91256.65651145816,11.42143121685493
ISL,Iceland,1989,4,1989.75,1989-Q4,12253384717.0399,133936.817801821,91486.30614153134,11.423944580408094
ISL,Iceland,1990,1,1990.0,1990-Q1,12297251447.4965,134027.489490145,91751.7107443896,11.426841411458405
ISL,Iceland,1990,2,1990.25,1990-Q2,12324313157.5309,133931.309360907,92019.65706405781,11.42975749694809
ISL,Iceland,1990,3,1990.5,1990-Q3,12343917519.8302,133791.507455058,92262.3397750164,11.432391317455924
ISL,Iceland,1990,4,1990.75,1990-Q4,12355978009.927,133702.326963344,92414.08351340459,11.434034664991424
ISL,Iceland,1991,1,1991.0,1991-Q1,12372258349.3697,133722.60668892,92521.81553827607,11.435199739350812
ISL,Iceland,1991,2,1991.25,1991-Q2,12348397297.4196,133813.663796904,92280.54106762526,11.432588575595439
ISL,Iceland,1991,3,1991.5,1991-Q3,12291569351.2527,133924.503109251,91779.83913239284,11.427147935194977
ISL,Iceland,1991,4,1991.75,1991-Q4,12198989090.9713,133991.859674379,91042.76275153382,11.419084595467524
ISL,Iceland,1992,1,1992.0,1992-Q1,12031056916.9516,133984.521356006,89794.37919537183,11.405277659852144
ISL,Iceland,1992,2,1992.25,1992-Q2,11910791116.1909,133916.362505838,88942.01495109797,11.39573991898119
ISL,Iceland,1992,3,1992.5,1992-Q3,11820278389.7352,133821.277502496,88328.84134972282,11.388821962362563
ISL,Iceland,1992,4,1992.75,1992-Q4,11788753396.0628,133730.471905115,88153.08304921862,11.386830162248081
ISL,Iceland,1993,1,1993.0,1993-Q1,11845427631.4466,133616.327277758,88652.5462327867,11.392480033399934
ISL,Iceland,1993,2,1993.25,1993-Q2,11956465542.5171,133557.60841653,89522.90838593127,11.402249831130217
ISL,Iceland,1993,3,1993.5,1993-Q3,12109054275.1378,133528.110968718,90685.43086013266,11.415151993213337
ISL,Iceland,1993,4,1993.75,1993-Q4,12264489146.7491,133577.206109875,91815.73341682897,11.427538949906225
ISL,Iceland,1994,1,1994.0,1994-Q1,12426861586.1631,133641.257222184,92986.71566298525,11.440211919598964
ISL,Iceland,1994,2,1994.25,1994-Q2,12493241328.1579,134112.383932073,93155.01642626562,11.442020227787063
ISL,Iceland,1994,3,1994.5,1994-Q3,12506022670.5676,134890.472773252,92712.42374240884,11.43725776352765
ISL,Iceland,1994,4,1994.75,1994-Q4,12487894077.0482,135937.533999473,91864.94494667392,11.428074787768551
ISL,Iceland,1995,1,1995.0,1995-Q1,12268362675.1403,137524.029738837,89208.86552290792,11.398735702899582
ISL,Iceland,1995,2,1995.25,1995-Q2,12519831096.8105,138623.872324128,90315.11590973914,11.411060121959945
ISL,Iceland,1995,3,1995.5,1995-Q3,12636605783.9806,139434.813190138,90627.33685273347,11.414511177785721
ISL,Iceland,1995,4,1995.75,1995-Q4,12547411720.0328,139817.38645809,89741.42656996283,11.404687776104792
ISL,Iceland,1996,1,1996.0,1996-Q1,12992412539.0771,139529.323715381,93116.00022931154,11.441601309178841
ISL,Iceland,1996,2,1996.25,1996-Q2,13024673510.4825,139139.664254074,93608.6311571011,11.446877871431198
ISL,Iceland,1996,3,1996.5,1996-Q3,13021865301.5726,138631.109954586,93931.7683154843,11.450323928697488
ISL,Iceland,1996,4,1996.75,1996-Q4,13180829984.5082,138240.809446742,95346.88083250976,11.465276897672407
ISL,Iceland,1997,1,1997.0,1997-Q1,13440254998.0898,137896.279488198,97466.40770855677,11.487263061297169
ISL,Iceland,1997,2,1997.25,1997-Q2,13494847916.5406,138257.947949066,97606.30847430254,11.488697406319565
ISL,Iceland,1997,3,1997.5,1997-Q3,13598183318.2134,139078.730164145,97773.2777842047,11.490406585397551
ISL,Iceland,1997,4,1997.75,1997-Q4,13848882825.5392,140304.038501052,98706.23093600658,11.49990335347968
ISL,Iceland,1998,1,1998.0,1998-Q1,13408094319.8597,142130.422932715,94336.55401283885,11.454624028853315
ISL,Iceland,1998,2,1998.25,1998-Q2,14760313772.0951,143812.80043519,102635.60494913603,11.538940178313633
ISL,Iceland,1998,3,1998.5,1998-Q3,14865053278.2228,145510.711450711,102157.79395222086,11.534273896426877
ISL,Iceland,1998,4,1998.75,1998-Q4,15161185593.9838,147089.141553318,103074.81187173873,11.54321033241446
ISL,Iceland,1999,1,1999.0,1999-Q1,15180174435.1841,148535.9596037,102198.6492407995,11.534673739842475
ISL,Iceland,1999,2,1999.25,1999-Q2,14787860964.2589,149622.112492955,98834.72915779872,11.50120433166522
ISL,Iceland,1999,3,1999.5,1999-Q3,14969324749.5322,150464.741172556,99487.25949267461,11.507784869648432
ISL,Iceland,1999,4,1999.75,1999-Q4,15525684424.2775,151158.450090693,102711.32321720885,11.539677645118523
ISL,Iceland,2000,1,2000.0,2000-Q1,15524079733.4719,151659.952657763,102361.10101197023,11.536262046487566
ISL,Iceland,2000,2,2000.25,2000-Q2,15627916601.0214,152421.027841178,102531.23747010561,11.53792278693789
ISL,Iceland,2000,3,2000.5,2000-Q3,16274205823.0006,153296.360448595,106161.72344455526,11.572718903280448
ISL,Iceland,2000,4,2000.75,2000-Q4,16002645335.2012,154204.218939569,103775.66479859067,11.549986779054327
ISL,Iceland,2001,1,2001.0,2001-Q1,16065328569.7973,155304.221036631,103444.24937431696,11.546788093173465
ISL,Iceland,2001,2,2001.25,2001-Q2,16563551633.896,155744.45930375,106350.824343561,11.574498571830699
ISL,Iceland,2001,3,2001.5,2001-Q3,16181401204.74,155732.285039709,103905.24482841836,11.55123465539381
ISL,Iceland,2001,4,2001.75,2001-Q4,17054821037.8368,155282.793609736,109830.72007771689,11.606695551054415
ISL,Iceland,2002,1,2002.0,2002-Q1,16095316229.2281,154091.922895885,104452.69243672941,11.556489543930889
ISL,Iceland,2002,2,2002.25,2002-Q2,16608616700.6883,153355.988315,108301.063970019,11.592670257225395
ISL,Iceland,2002,3,2002.5,2002-Q3,16580166869.9463,152850.747980575,108472.91942629805,11.594255830268716
ISL,Iceland,2002,4,2002.75,2002-Q4,16938213505.9589,152702.691096501,110922.8225405323,11.616589946038953
ISL,Iceland,2003,1,2003.0,2003-Q1,17125594588.5781,151845.833730049,112782.77558160682,11.633218907641835
ISL,Iceland,2003,2,2003.25,2003-Q2,16532393887.4194,154012.471454628,107344.51392976858,11.583798697480958
ISL,Iceland,2003,3,2003.5,2003-Q3,16762232414.2717,155343.051778188,107904.61641120736,11.589002934494191
ISL,Iceland,2003,4,2003.75,2003-Q4,17312841946.9634,152598.643026282,113453.4462667641,11.639147866712365
ISL,Iceland,2004,1,2004.0,2004-Q1,17886853220.5711,152443.620745707,117334.2192547917,11.672781716350595
ISL,Iceland,2004,2,2004.25,2004-Q2,17539303936.9121,152985.884029846,114646.5508771408,11.649609203901036
ISL,Iceland,2004,3,2004.5,2004-Q3,18544977037.242,153126.113953268,121109.17307613301,11.704447674617398
ISL,Iceland,2004,4,2004.75,2004-Q4,18924954447.5987,155044.38127118,122061.53033367946,11.712280543572566
ISL,Iceland,2005,1,2005.0,2005-Q1,18546314279.58,155903.416455287,118960.28131557383,11.686544945922547
ISL,Iceland,2005,2,2005.25,2005-Q2,19720379621.3288,157914.654783827,124879.98437082664,11.73510843003577
ISL,Iceland,2005,3,2005.5,2005-Q3,19729372576.0522,159763.115719033,123491.4109383621,11.723926885573864
ISL,Iceland,2005,4,2005.75,2005-Q4,20024167649.4751,160918.813041853,124436.46128726455,11.73155051350714
ISL,Iceland,2006,1,2006.0,2006-Q1,20011664433.6144,163954.85908646,122055.93994052621,11.712234742728015
ISL,Iceland,2006,2,2006.25,2006-Q2,20630506756.6051,164398.283644012,125491.01060737588,11.739989406362037
ISL,Iceland,2006,3,2006.5,2006-Q3,20744138924.2808,165308.051136694,125487.77135559704,11.739963593408817
ISL,Iceland,2006,4,2006.75,2006-Q4,21058858908.5407,167938.806132834,125396.02604941613,11.739232216482769
ISL,Iceland,2007,1,2007.0,2007-Q1,21609468441.2325,172580.906762036,125213.5525688761,11.737775979145054
ISL,Iceland,2007,2,2007.25,2007-Q2,22365244379.6395,172129.372904867,129932.75930889724,11.774772359539586
ISL,Iceland,2007,3,2007.5,2007-Q3,22250442124.9179,171867.35558045,129462.87588920638,11.771149446353045
ISL,Iceland,2007,4,2007.75,2007-Q4,23426847640.7583,173222.364752647,135241.4722787712,11.814817143177615
ISL,Iceland,2008,1,2008.0,2008-Q1,22902782368.4768,172853.881318251,132497.93521447864,11.79432234100004
ISL,Iceland,2008,2,2008.25,2008-Q2,23176816754.6015,175171.833022437,132309.0382437962,11.792895664049235
ISL,Iceland,2008,3,2008.5,2008-Q3,21964573144.1015,174301.94271153,126014.50564697897,11.744152303489708
ISL,Iceland,2008,4,2008.75,2008-Q4,23131584532.517,172372.342947782,134195.4523384556,11.807052615750719
ISL,Iceland,2009,1,2009.0,2009-Q1,20952581573.7243,164385.622242875,127459.9401568555,11.755557399362884
ISL,Iceland,2009,2,2009.25,2009-Q2,20743436872.0534,161077.233372572,128779.44596970934,11.765856498937474
ISL,Iceland,2009,3,2009.5,2009-Q3,21094095244.1483,162941.859200831,129457.80383019417,11.77111026787554
ISL,Iceland,2009,4,2009.75,2009-Q4,20798464394.2641,162895.285183722,127679.96551162595,11.757282142567888
ISL,Iceland,2010,1,2010.0,2010-Q1,19847885678.2618,163529.656736456,121371.78096232784,11.706613683819294
ISL,Iceland,2010,2,2010.25,2010-Q2,20754067948.6408,161623.257440418,128410.15753126825,11.762984775608059
ISL,Iceland,2010,3,2010.5,2010-Q3,20315485892.8192,161417.838017278,125856.51091823351,11.742897734769393
ISL,Iceland,2010,4,2010.75,2010-Q4,20813942974.327,162529.247805848,128062.75335249591,11.76027568332968
ISL,Iceland,2011,1,2011.0,2011-Q1,20038810453.0768,161721.262763735,123909.5596375122,11.727307220714401
ISL,Iceland,2011,2,2011.25,2011-Q2,20706361828.2309,162376.310043097,127520.82999505983,11.756035002747057
ISL,Iceland,2011,3,2011.5,2011-Q3,21063004359.7887,162243.748712613,129823.21061317562,11.773928885549369
ISL,Iceland,2011,4,2011.75,2011-Q4,21051136334.0385,160958.678480555,130785.96651488806,11.781317422607762
ISL,Iceland,2012,1,2012.0,2012-Q1,20445298692.7852,162862.339755564,125537.30176952532,11.740358218646483
ISL,Iceland,2012,2,2012.25,2012-Q2,20868870203.3623,165743.793921398,125910.41697319364,11.743325956666807
ISL,Iceland,2012,3,2012.5,2012-Q3,21223974906.2313,165094.162386688,128556.78601475887,11.764126000213693
ISL,Iceland,2012,4,2012.75,2012-Q4,21290034677.7309,165499.703936349,128640.92304309514,11.764780259784246
ISL,Iceland,2013,1,2013.0,2013-Q1,21319119698.5835,167055.955670858,127616.63966406259,11.75678604628162
ISL,Iceland,2013,2,2013.25,2013-Q2,21492560029.8285,169165.505105091,127050.48831602304,11.752339832235792
ISL,Iceland,2013,3,2013.5,2013-Q3,21806477668.6855,172317.154665567,126548.50128536242,11.748380923037574
ISL,Iceland,2013,4,2013.75,2013-Q4,22225268537.9041,172861.384558484,128572.77867275586,11.764250393984103
ISL,Iceland,2014,1,2014.0,2014-Q1,21779097631.8139,170482.483046315,127749.76785091269,11.757828690850308
ISL,Iceland,2014,2,2014.25,2014-Q2,21773481213.9941,173166.187778404,125737.48659211128,11.741951572808619
ISL,Iceland,2014,3,2014.5,2014-Q3,22656428898.7496,173975.839685798,130227.44387765175,11.777037769015546
ISL,Iceland,2014,4,2014.75,2014-Q4,22296476692.4052,176575.489489482,126271.64028750053,11.746190740666723
ISL,Iceland,2015,1,2015.0,2015-Q1,22028794207.3862,178382.780391748,123491.7078823896,11.723929290143284
ISL,Iceland,2015,2,2015.25,2015-Q2,23222249563.0367,180331.927248203,128775.03122935271,11.765822216944747
ISL,Iceland,2015,3,2015.5,2015-Q3,23304122225.1837,180306.994861939,129246.91159667798,11.769479897281926
ISL,Iceland,2015,4,2015.75,2015-Q4,23285701711.9771,182778.297498111,127398.6136796014,11.755076140425214
ISL,Iceland,2016,1,2016.0,2016-Q1,22916957137.26,185566.948468404,123496.97683993552,11.72397195572169
ISL,Iceland,2016,2,2016.25,2016-Q2,24235010047.7582,187559.174414454,129212.60782586684,11.76921444936119
ISL,Iceland,2016,3,2016.5,2016-Q3,24857529787.1786,190559.166117202,130445.20656587131,11.778708544515053
ISL,Iceland,2016,4,2016.75,2016-Q4,25542097571.0844,191514.71099994,133368.8542134625,11.800873908543041
ISL,Iceland,2017,1,2017.0,2017-Q1,24509612761.8766,192323.609809312,127439.43807095638,11.755396535212599
ISL,Iceland,2017,2,2017.25,2017-Q2,25102311997.1585,191668.818495336,130967.11397409346,11.782701532302184
ISL,Iceland,2017,3,2017.5,2017-Q3,25272041480.9154,191246.412597224,132143.87207429495,11.791646547971986
ISL,Iceland,2017,4,2017.75,2017-Q4,26067399792.5286,193561.159098127,134672.67872328442,11.81060251126345
ISL,Iceland,2018,1,2018.0,2018-Q1,26260564448.2598,193833.37550573,135480.09665385773,11.816580020349358
ISL,Iceland,2018,2,2018.25,2018-Q2,26258023687.8175,194507.497941965,134997.48835210496,11.813011452448272
ISL,Iceland,2018,3,2018.5,2018-Q3,26384526812.997,197749.046477166,133424.29348221212,11.801289505945196
ISL,Iceland,2018,4,2018.75,2018-Q4,26753371680.8894,197510.080075139,135453.1964683098,11.816381446114894
ISL,Iceland,2019,1,2019.0,2019-Q1,26909026689.0384,198196.765713126,135769.25229943998,11.818712049467429
ISL,Iceland,2019,2,2019.25,2019-Q2,26586684423.4516,198161.978148699,134166.4262328931,11.80683629511807
ISL,Iceland,2019,3,2019.5,2019-Q3,26131988597.4564,194761.910043002,134174.0209453001,11.806892900169517
ISL,Iceland,2019,4,2019.75,2019-Q4,27231335523.5667,195479.346095173,139305.43593239042,11.844424182211037
ISL,Iceland,2020,1,2020.0,2020-Q1,25500141592.7281,194231.648338553,131287.26348591968,11.785143052432081
ISL,Iceland,2020,2,2020.25,2020-Q2,23681257995.5721,186530.332777751,126956.60616114421,11.75160062328301
ISL,Iceland,2020,3,2020.5,2020-Q3,24720596171.7624,193070.377053991,128039.30125878105,11.760092536858513
ISL,Iceland,2020,4,2020.75,2020-Q4,25855346588.7725,187567.641829705,137845.45317388428,11.833888432040602
ISL,Iceland,2021,1,2021.0,2021-Q1,24951638216.7188,188906.61574099,132084.5123334908,11.791197241649837
ISL,Iceland,2021,2,2021.25,2021-Q2,25854677967.6034,193633.152679935,133524.02524964185,11.80203670504758
ISL,Iceland,2021,3,2021.5,2021-Q3,26693730672.6124,201371.263564332,132559.7813716085,11.794789002820332
ISL,Iceland,2021,4,2021.75,2021-Q4,27425269093.6423,203388.968014743,134841.4781850623,11.811855131799495
ISL,Iceland,2022,1,2022.0,2022-Q1,27340253912.0008,208463.728202137,131151.131891349,11.78410561576749
ISL,Iceland,2022,2,2022.25,2022-Q2,28206987533.4074,209200.965600162,134832.01405159076,11.811784942227677
ISL,Iceland,2022,3,2022.5,2022-Q3,28686756653.241,209157.385584647,137153.92632707837,11.828859123933215
ISL,Iceland,2022,4,2022.75,2022-Q4,29946472366.7418,215677.920613055,138848.11334243332,11.841135904903584
ISL,Iceland,2023,1,2023.0,2023-Q1,29937847153.6614,216159.379766462,138498.95010804606,11.838618024133478
ISL,Iceland,2023,2,2023.25,2023-Q2,30692987901.9578,217575.026443527,141068.52428637698,11.857001039153104
ISL,Iceland,2023,3,2023.5,2023-Q3,29640812199.3222,217679.888773247,136166.9760415877,11.821637176642747
ISL,Iceland,2023,4,2023.75,2023-Q4,29830399731.7991,221285.705016763,134804.91082575516,11.811583907254896
ISL,Iceland,2024,1,2024.0,2024-Q1,29545567113.7946,223509.533964823,132189.29228515425,11.791990206789194
ISL,Iceland,2024,2,2024.25,2024-Q2,30144116784.3055,227575.299280594,132457.77059108092,11.794019161088642
ISL,Iceland,2024,3,2024.5,2024-Q3,29946271780.3911,231219.992884543,129514.19730967825,11.771545785847577
ISL,Iceland,2024,4,2024.75,2024-Q4,29300316868.9964,225795.17388909,129765.027145304,11.773480610470742
ISL,Iceland,2025,1,2025.0,2025-Q1,30153398368.713,224785.155747293,134143.1922782834,11.806663107479126
ISL,Iceland,2025,2,2025.25,2025-Q2,29930942504.8727,227325.813983464,131665.392417994,11.788019077330299
ISL,Iceland,2025,3,2025.5,2025-Q3,30195401874.6805,227894.128518423,132497.49816279052,11.794319042439891
ISL,Iceland,2025,4,2025.75,2025-Q4,29939722830.6086,228463.863839719,131047.95798959742,11.783318626711782
ISR,Israel,2019,1,2019.0,2019-Q1,454664012096.788,3957081.94466667,114898.81141066115,11.651807119228609
ISR,Israel,2019,2,2019.25,2019-Q2,453278201912.538,3964441.149,114335.96435827379,11.646896449095143
ISR,Israel,2019,3,2019.5,2019-Q3,458162836796.145,3962331.21733333,115629.61591698814,11.658147395462109
ISR,Israel,2019,4,2019.75,2019-Q4,461840438197.744,3977560.672,116111.47541981329,11.662306003626815
ISR,Israel,2020,1,2020.0,2020-Q1,453514388678.602,3981401.664,113908.2230208768,11.643148341920439
ISR,Israel,2020,2,2020.25,2020-Q2,417678653546.489,3904535.906,106972.6757806614,11.580328714296583
ISR,Israel,2020,3,2020.5,2020-Q3,453903006201.979,3885195.54666667,116828.87019455383,11.668465495156465
ISR,Israel,2020,4,2020.75,2020-Q4,465888931172.83,3875435.538,120215.88969926766,11.697044486183911
ISR,Israel,2021,1,2021.0,2021-Q1,468066588365.817,3850089.15733333,121572.9218826745,11.70826954183101
ISR,Israel,2021,2,2021.25,2021-Q2,484157480060.127,3902591.63066667,124060.50283498906,11.728524651678567
ISR,Israel,2021,3,2021.5,2021-Q3,492018518873.101,3989538.777,123327.16796979788,11.722596005268713
ISR,Israel,2021,4,2021.75,2021-Q4,514886688829.216,4091179.77233333,125852.86335035817,11.7428687523933
ISR,Israel,2022,1,2022.0,2022-Q1,511806996611.021,4135264.61633333,123766.44401170914,11.726151552505751
ISR,Israel,2022,2,2022.25,2022-Q2,520934298051.598,4162059.657,125162.62163024493,11.737369143794233
ISR,Israel,2022,3,2022.5,2022-Q3,519787794395.14,4215141.06633333,123314.44813240696,11.722492860976981
ISR,Israel,2022,4,2022.75,2022-Q4,529305351457.826,4232830.78733333,125047.60479482495,11.736449782142516
ISR,Israel,2023,1,2023.0,2023-Q1,534636180306.942,4301418.755,124292.98581670922,11.730396846435234
ISR,Israel,2023,2,2023.25,2023-Q2,538471867320.857,4330009.85333333,124358.11593045923,11.73092071393296
ISR,Israel,2023,3,2023.5,2023-Q3,537832336180.012,4340658.54866667,123905.70005678498,11.72727607185995
ISR,Israel,2023,4,2023.75,2023-Q4,508919179130.092,4318369.42433333,117849.84773706777,11.67716661635723
ISR,Israel,2024,1,2024.0,2024-Q1,528125508472.872,4332085.35066667,121910.22699762785,11.711040208567367
ISR,Israel,2024,2,2024.25,2024-Q2,532010582964.042,4363351.473,121927.0522340619,11.711178212374772
ISR,Israel,2024,3,2024.5,2024-Q3,538572591783.958,4390395.062,122670.64448150521,11.717258355795545
ISR,Israel,2024,4,2024.75,2024-Q4,541526333879.295,4407844.55133333,122855.13419829849,11.718761169491989
ISR,Israel,2025,1,2025.0,2025-Q1,547864553095.417,4421452.07933333,123910.54867613186,11.727315202622137
ISR,Israel,2025,2,2025.25,2025-Q2,541835818393.19,4429683.81766667,122319.29877979445,11.71439010791642
ISR,Israel,2025,3,2025.5,2025-Q3,557914454557.218,4437930.59633333,125715.00217199734,11.74177273647827
ISR,Israel,2025,4,2025.75,2025-Q4,564053760913.609,4460120.249315,126466.04337635028,11.747729119307937
ITA,Italy,1960,1,1960.0,1960-Q1,559003188515.521,21210811.0532794,26354.63524291277,10.179399449046036
ITA,Italy,1960,2,1960.25,1960-Q2,567207118805.316,21251048.0197314,26690.78335706877,10.192073592176508
ITA,Italy,1960,3,1960.5,1960-Q3,575537263407.265,21503645.8055823,26764.636499818873,10.194836761559051
ITA,Italy,1960,4,1960.75,1960-Q4,575979013499.792,21387284.9427326,26930.908483337418,10.20102992022874
ITA,Italy,1961,1,1961.0,1961-Q1,596615053536.433,21444030.4365603,27821.964499698417,10.233581077639204
ITA,Italy,1961,2,1961.25,1961-Q2,609236484751.505,21744243.3394214,28018.288576038187,10.240612739368883
ITA,Italy,1961,3,1961.5,1961-Q3,623435594868.462,21455337.0577291,29057.36662122839,10.277027314340534
ITA,Italy,1961,4,1961.75,1961-Q4,635362847366.704,21123788.0679855,30078.07337026063,10.311551725821671
ITA,Italy,1962,1,1962.0,1962-Q1,644765813621.931,21463663.9952633,30039.876405268966,10.310280991531025
ITA,Italy,1962,2,1962.25,1962-Q2,651707600790.22,21199226.8694178,30742.045679523308,10.333386562683302
ITA,Italy,1962,3,1962.5,1962-Q3,655620244466.893,21319256.1403204,30752.491557477006,10.333726296211628
ITA,Italy,1962,4,1962.75,1962-Q4,665464960814.649,21405281.0432919,31088.821467410537,10.344603595206951
ITA,Italy,1963,1,1963.0,1963-Q1,669882461739.925,21082604.6420525,31774.179382169,10.366409269828614
ITA,Italy,1963,2,1963.25,1963-Q2,688246644157.854,21047776.1923871,32699.25705532683,10.395107636606655
ITA,Italy,1963,3,1963.5,1963-Q3,699542825095.342,20959462.2868494,33375.991021213194,10.415592088781203
ITA,Italy,1963,4,1963.75,1963-Q4,706737040887.933,21070551.9777554,33541.45831746834,10.420537514380344
ITA,Italy,1964,1,1964.0,1964-Q1,717212828796.441,21296615.4892079,33677.315025004325,10.424579745018239
ITA,Italy,1964,2,1964.25,1964-Q2,709955505847.777,20981397.2839945,33837.37966724271,10.429321377720967
ITA,Italy,1964,3,1964.5,1964-Q3,708756469882.345,20829039.1851396,34027.324236252076,10.434919134848743
ITA,Italy,1964,4,1964.75,1964-Q4,705790433546.803,20721655.8764058,34060.52285379537,10.435894305061725
ITA,Italy,1965,1,1965.0,1965-Q1,715319614114.181,20494855.0992587,34902.39919481325,10.460310850664756
ITA,Italy,1965,2,1965.25,1965-Q2,729581831387.213,20369025.1141343,35818.20078767284,10.486211445086639
ITA,Italy,1965,3,1965.5,1965-Q3,739300333422.817,20496955.8084604,36068.78701068676,10.493183144573788
ITA,Italy,1965,4,1965.75,1965-Q4,750407192892.079,20516585.0270487,36575.63828983993,10.507137677269608
ITA,Italy,1966,1,1966.0,1966-Q1,757664515840.748,20085425.7264522,37722.10388565055,10.538001511587774
ITA,Italy,1966,2,1966.25,1966-Q2,768455839529.634,20144381.0055754,38147.40394936667,10.549212985887806
ITA,Italy,1966,3,1966.5,1966-Q3,790164701219.555,20133601.9316401,39246.067539350996,10.577606528110964
ITA,Italy,1966,4,1966.75,1966-Q4,793951130584.077,20146327.2416317,39409.22437432685,10.581755189059749
ITA,Italy,1967,1,1967.0,1967-Q1,809791026758.994,20414675.6054668,39667.10235366864,10.588277467071169
ITA,Italy,1967,2,1967.25,1967-Q2,827208601835.792,20308678.3579765,40731.7791564164,10.614763881407477
ITA,Italy,1967,3,1967.5,1967-Q3,839956247363.015,20348600.6061414,41278.32982821965,10.62809293974923
ITA,Italy,1967,4,1967.75,1967-Q4,856553429410.833,20385609.1827393,42017.553742572745,10.64584275620203
ITA,Italy,1968,1,1968.0,1968-Q1,858635965561.319,20377748.7089352,42135.958089660104,10.648656766518249
ITA,Italy,1968,2,1968.25,1968-Q2,876621505042.796,20464581.8670424,42836.033041777846,10.66513492087582
ITA,Italy,1968,3,1968.5,1968-Q3,897699295171.967,20325287.5636806,44166.622113434314,10.695724626987365
ITA,Italy,1968,4,1968.75,1968-Q4,918713978145.062,20216470.5857648,45443.836215009964,10.724232473577366
ITA,Italy,1969,1,1969.0,1969-Q1,933102409730.243,20164334.4187225,46274.8926076063,10.742354816695759
ITA,Italy,1969,2,1969.25,1969-Q2,949952020402.364,20233291.9921132,46949.948667406614,10.756837391289839
ITA,Italy,1969,3,1969.5,1969-Q3,952223878021.074,20073331.1749189,47437.26239174754,10.767163325255824
ITA,Italy,1969,4,1969.75,1969-Q4,932976195418.092,20178380.8706571,46236.425082787624,10.741523188134064
ITA,Italy,1970,1,1970.0,1970-Q1,976596110271.651,20220039.3429048,48298.42779778458,10.78515428834037
ITA,Italy,1970,2,1970.25,1970-Q2,983725134056.647,20234373.3963081,48616.53557486165,10.791718990186583
ITA,Italy,1970,3,1970.5,1970-Q3,1003461984062.76,20313275.7247682,49399.31883262077,10.807691914267602
ITA,Italy,1970,4,1970.75,1970-Q4,1004584067095.68,20368684.4564609,49320.02698765498,10.806085504473081
ITA,Italy,1971,1,1971.0,1971-Q1,999329681274.311,20302865.5067208,49221.1151644336,10.804077980422106
ITA,Italy,1971,2,1971.25,1971-Q2,1003546773030.26,20468192.0819115,49029.57569550715,10.800178980630822
ITA,Italy,1971,3,1971.5,1971-Q3,1018246482628.34,20247748.3411324,50289.3687472309,10.825548976834911
ITA,Italy,1971,4,1971.75,1971-Q4,1023994838070.81,19994758.7314283,51213.16300062513,10.843751867841625
ITA,Italy,1972,1,1972.0,1972-Q1,1035308050456.18,19996981.5484837,51773.216269966695,10.854628234100382
ITA,Italy,1972,2,1972.25,1972-Q2,1034838969120.89,19882107.6554881,52048.75594943483,10.859936172689945
ITA,Italy,1972,3,1972.5,1972-Q3,1048790342113.68,19924581.6644791,52638.01066315132,10.87119377393158
ITA,Italy,1972,4,1972.75,1972-Q4,1053774753074.1,19952421.1894913,52814.379922428176,10.874538779630322
ITA,Italy,1973,1,1973.0,1973-Q1,1063274493659.64,19881397.3755414,53480.87327944601,10.887079360167192
ITA,Italy,1973,2,1973.25,1973-Q2,1095137433469.11,20004411.5177683,54744.796291377424,10.910437598255346
ITA,Italy,1973,3,1973.5,1973-Q3,1129982330042.22,20255144.4199858,55787.42400509688,10.929303746715615
ITA,Italy,1973,4,1973.75,1973-Q4,1157583463485.23,20409718.6784204,56717.266990513,10.945833975815793
ITA,Italy,1974,1,1974.0,1974-Q1,1166971417609.82,20564504.8104441,56746.87663848584,10.946355896621748
ITA,Italy,1974,2,1974.25,1974-Q2,1178116739339.71,20564564.6252901,57288.67889042852,10.955858307098833
ITA,Italy,1974,3,1974.5,1974-Q3,1180080806499.88,20500616.6850572,57563.18576309146,10.960638506292023
ITA,Italy,1974,4,1974.75,1974-Q4,1155412696843.72,20667592.2246885,55904.56228682121,10.931401270961715
ITA,Italy,1975,1,1975.0,1975-Q1,1135313068123.06,20846094.2869625,54461.66809449308,10.905252395477603
ITA,Italy,1975,2,1975.25,1975-Q2,1134727138300.37,20596356.5399996,55093.58590179038,10.916788580049069
ITA,Italy,1975,3,1975.5,1975-Q3,1150856449152.42,20613981.4162142,55828.92629597495,10.930047406451465
ITA,Italy,1975,4,1975.75,1975-Q4,1163749858160.26,20721582.7068852,56161.24379213459,10.935982185750289
ITA,Italy,1976,1,1976.0,1976-Q1,1184253183677.98,20533997.7138338,57672.801963942264,10.962540971590837
ITA,Italy,1976,2,1976.25,1976-Q2,1205657972141.87,20755668.5491281,58088.12996257435,10.969716618397037
ITA,Italy,1976,3,1976.5,1976-Q3,1236299275685.33,21108575.0748084,58568.58036622123,10.97795366054902
ITA,Italy,1976,4,1976.75,1976-Q4,1257744982223.57,20978070.2599149,59955.227846999886,11.001353360106537
ITA,Italy,1977,1,1977.0,1977-Q1,1258243170219.11,21105329.7516727,59617.318706872524,10.995701393172649
ITA,Italy,1977,2,1977.25,1977-Q2,1251236478794.38,21324045.3919368,58677.25639279994,10.979807475758259
ITA,Italy,1977,3,1977.5,1977-Q3,1239533068370.92,20935141.7340726,59208.24822282149,10.988816139255041
ITA,Italy,1977,4,1977.75,1977-Q4,1250154048312.86,20869353.2482636,59903.82324938014,11.000495609268343
ITA,Italy,1978,1,1978.0,1978-Q1,1270585239929.2,21085069.0464725,60259.951586061645,11.006423009266472
ITA,Italy,1978,2,1978.25,1978-Q2,1292563303141.5,21173255.7609335,61046.97915784836,11.01939899687068
ITA,Italy,1978,3,1978.5,1978-Q3,1299364982405.25,21204768.3377719,61277.01853222799,11.023160150036155
ITA,Italy,1978,4,1978.75,1978-Q4,1319165107766.45,21178038.5584484,62289.29577806463,11.039544872646712
ITA,Italy,1979,1,1979.0,1979-Q1,1340007589219.52,21210791.7961547,63175.74572875915,11.053675736361782
ITA,Italy,1979,2,1979.25,1979-Q2,1349750729002.66,21291565.8793582,63393.6807020483,11.057119461988318
ITA,Italy,1979,3,1979.5,1979-Q3,1373106929544.25,21457114.861996,63993.08287137164,11.066530276365912
ITA,Italy,1979,4,1979.75,1979-Q4,1405428404797.88,21593799.1429329,65084.814186476346,11.083446531960268
ITA,Italy,1980,1,1980.0,1980-Q1,1411203757717.44,21521502.5271042,65571.80456802069,11.09090107412375
ITA,Italy,1980,2,1980.25,1980-Q2,1414174324921.58,21659697.9920861,65290.583711660394,11.08660310443265
ITA,Italy,1980,3,1980.5,1980-Q3,1411914972768.23,21793708.6875422,64785.43844973545,11.078836141806244
ITA,Italy,1980,4,1980.75,1980-Q4,1421184812866.14,21828487.57427,65106.884204902046,11.083785570760895
ITA,Italy,1981,1,1981.0,1981-Q1,1420369914212.82,21716891.0772335,65403.92495230767,11.088337550205768
ITA,Italy,1981,2,1981.25,1981-Q2,1423139598436.08,21557069.835415,66017.30241176272,11.097672144405204
ITA,Italy,1981,3,1981.5,1981-Q3,1423798658685.88,21468068.9119087,66321.69220847222,11.102272305292946
ITA,Italy,1981,4,1981.75,1981-Q4,1435354880182.48,21510304.2546869,66728.71118825431,11.108390591883088
ITA,Italy,1982,1,1982.0,1982-Q1,1434787583247.53,21493010.0850841,66756.00939876058,11.10879960065603
ITA,Italy,1982,2,1982.25,1982-Q2,1430710293688.9,21607313.2754689,66214.16903846191,11.100649752836755
ITA,Italy,1982,3,1982.5,1982-Q3,1429945041966.56,21413603.5218254,66777.41280252604,11.109120170646612
ITA,Italy,1982,4,1982.75,1982-Q4,1425787207735.03,21373095.312378,66709.43945631031,11.108101742974664
ITA,Italy,1983,1,1983.0,1983-Q1,1429776110577.39,21438799.9059062,66691.05159116202,11.107826063850542
ITA,Italy,1983,2,1983.25,1983-Q2,1428054535884.59,21542143.0338394,66291.20109551476,11.101812453875258
ITA,Italy,1983,3,1983.5,1983-Q3,1454648179418.9,21498630.0199916,67662.36630270026,11.122285415159446
ITA,Italy,1983,4,1983.75,1983-Q4,1486894813818.74,21511076.3884986,69122.28783742979,11.143632502430012
ITA,Italy,1984,1,1984.0,1984-Q1,1483978821712.38,21521996.8802076,68951.72552864275,11.141161908704431
ITA,Italy,1984,2,1984.25,1984-Q2,1488756708742.23,21443030.6168836,69428.46537606619,11.148052226320932
ITA,Italy,1984,3,1984.5,1984-Q3,1506286335648.38,21575443.8111438,69814.84825217718,11.153601991803455
ITA,Italy,1984,4,1984.75,1984-Q4,1506528009808.17,21668946.4751236,69524.7464632254,11.149438032396134
ITA,Italy,1985,1,1985.0,1985-Q1,1515141245958.29,21484997.6359363,70520.8942366384,11.16366431704171
ITA,Italy,1985,2,1985.25,1985-Q2,1535154491146.56,21622617.5085861,70997.62508109702,11.17040170590199
ITA,Italy,1985,3,1985.5,1985-Q3,1547451322454.44,21698717.8745146,71315.33445448129,11.174866652766077
ITA,Italy,1985,4,1985.75,1985-Q4,1557769665549.48,21634414.0665329,72004.24567815097,11.18448036401176
ITA,Italy,1986,1,1986.0,1986-Q1,1567477372986.1,21702240.4824001,72226.52307522256,11.187562613034865
ITA,Italy,1986,2,1986.25,1986-Q2,1577616015354.99,21679756.1410813,72769.08490522832,11.195046486096864
ITA,Italy,1986,3,1986.5,1986-Q3,1593362557619.58,21632675.5420686,73655.3624409982,11.207152229029793
ITA,Italy,1986,4,1986.75,1986-Q4,1599904747730.81,21768358.5481787,73496.80244331835,11.204997180082055
ITA,Italy,1987,1,1987.0,1987-Q1,1606458350191.15,21698187.5154621,74036.5225918704,11.212313798970076
ITA,Italy,1987,2,1987.25,1987-Q2,1630786262986.32,21607948.948988,75471.58996146634,11.231511572520445
ITA,Italy,1987,3,1987.5,1987-Q3,1635493390490.08,21645965.6312041,75556.49945837517,11.232635992569472
ITA,Italy,1987,4,1987.75,1987-Q4,1653091222115.38,21591225.404471,76563.10335091338,11.245870560191857
ITA,Italy,1988,1,1988.0,1988-Q1,1677419925908.53,21720036.9448987,77229.14699288756,11.254532216479491
ITA,Italy,1988,2,1988.25,1988-Q2,1688076068275.77,21787932.7396688,77477.56927862769,11.25774374478601
ITA,Italy,1988,3,1988.5,1988-Q3,1710256814823.36,21769518.76403,78561.99456504454,11.2716433317723
ITA,Italy,1988,4,1988.75,1988-Q4,1730675522973.15,21730591.1337982,79642.35819988263,11.285301368486637
ITA,Italy,1989,1,1989.0,1989-Q1,1741426557084.59,21685694.916689,80303.00913919126,11.293562372946196
ITA,Italy,1989,2,1989.25,1989-Q2,1748956430925.3,21645773.9799754,80798.97870795784,11.299719604676307
ITA,Italy,1989,3,1989.5,1989-Q3,1767188200339.21,21716460.1883905,81375.51815575997,11.306829746996097
ITA,Italy,1989,4,1989.75,1989-Q4,1785375035305.28,21882691.8169623,81588.4558553876,11.309443058583595
ITA,Italy,1990,1,1990.0,1990-Q1,1792491850095.16,21987771.7477196,81522.21474106684,11.308630835597567
ITA,Italy,1990,2,1990.25,1990-Q2,1797955083913.23,22009873.9796508,81688.56784802707,11.310669342636478
ITA,Italy,1990,3,1990.5,1990-Q3,1800838007832.53,21981210.2691325,81926.24454174793,11.31357466468444
ITA,Italy,1990,4,1990.75,1990-Q4,1789140044511.33,22028859.2583444,81218.00695756021,11.304892262125618
ITA,Italy,1991,1,1991.0,1991-Q1,1824449715654.63,22121137.6920721,82475.40162947797,11.320255365796692
ITA,Italy,1991,2,1991.25,1991-Q2,1814465579570.07,22174330.5734756,81827.29907258126,11.312366196409195
ITA,Italy,1991,3,1991.5,1991-Q3,1815115524428.51,22178502.2552564,81841.21287984269,11.312536220650621
ITA,Italy,1991,4,1991.75,1991-Q4,1836418561507.37,22160741.349539,82868.10141148875,11.325005483136435
ITA,Italy,1992,1,1992.0,1992-Q1,1841357529738.55,22139487.9160244,83170.7371337071,11.328650847799375
ITA,Italy,1992,2,1992.25,1992-Q2,1840303442490.22,22192951.3539981,82922.88002328659,11.325666298499456
ITA,Italy,1992,3,1992.5,1992-Q3,1836216944195.95,21920539.6641768,83766.95885807731,11.335793923015993
ITA,Italy,1992,4,1992.75,1992-Q4,1823559768608.72,21453069.8881103,85002.27604345669,11.3504333120958
ITA,Italy,1993,1,1993.0,1993-Q1,1821016536608.0,21389125.7125285,85137.49281212344,11.35202279112289
ITA,Italy,1993,2,1993.25,1993-Q2,1816623256690.02,21326180.1502946,85182.77740727634,11.35255454927665
ITA,Italy,1993,3,1993.5,1993-Q3,1813758280300.73,21259522.4599215,85315.09979681016,11.354106737705862
ITA,Italy,1993,4,1993.75,1993-Q4,1827055498178.16,21042134.0109664,86828.43181333055,11.371689402466982
ITA,Italy,1994,1,1994.0,1994-Q1,1840971606415.0,20960005.2958196,87832.59261781654,11.383187925066146
ITA,Italy,1994,2,1994.25,1994-Q2,1854293596716.64,20919082.1008722,88641.25049919504,11.392352609498872
ITA,Italy,1994,3,1994.5,1994-Q3,1865854547264.86,20846658.1915675,89503.77226502426,11.402036051587297
ITA,Italy,1994,4,1994.75,1994-Q4,1883373941010.41,20751400.8533859,90758.88198184507,11.415961620416022
ITA,Italy,1995,1,1995.0,1995-Q1,1907021112206.78,20711380.5006761,92076.00199052533,11.430369623583951
ITA,Italy,1995,2,1995.25,1995-Q2,1908358913261.54,20689027.9225822,92240.14392568704,11.432150715280915
ITA,Italy,1995,3,1995.5,1995-Q3,1916847406840.92,20698788.5949053,92606.74353245598,11.436117242307287
ITA,Italy,1995,4,1995.75,1995-Q4,1932721834190.55,20762496.3355585,93087.1607611321,11.441291545711277
ITA,Italy,1996,1,1996.0,1996-Q1,1933538364903.52,20751623.3216941,93175.28247933097,11.442237756050199
ITA,Italy,1996,2,1996.25,1996-Q2,1936175600360.79,20758333.2851084,93272.2089855722,11.443277475214144
ITA,Italy,1996,3,1996.5,1996-Q3,1939297118891.78,20818545.3802363,93152.38329440709,11.441991961256988
ITA,Italy,1996,4,1996.75,1996-Q4,1932597095911.68,20791071.0429737,92953.22457977927,11.439851684100077
ITA,Italy,1997,1,1997.0,1997-Q1,1937569990926.59,20757705.7848129,93342.20318047804,11.444027623044375
ITA,Italy,1997,2,1997.25,1997-Q2,1968657228138.47,20821849.4835411,94547.66396686425,11.456859366926432
ITA,Italy,1997,3,1997.5,1997-Q3,1977218717216.5,20851789.9268935,94822.49361559084,11.459761934524051
ITA,Italy,1997,4,1997.75,1997-Q4,2007239316698.87,20799467.9745909,96504.35862835332,11.477343453440268
ITA,Italy,1998,1,1998.0,1998-Q1,1999070237143.87,20897789.9883016,95659.40887830398,11.468549337812142
ITA,Italy,1998,2,1998.25,1998-Q2,2011315424102.76,20963650.5837047,95942.99504620535,11.471509492477951
ITA,Italy,1998,3,1998.5,1998-Q3,2014203126935.62,21009516.9646047,95870.98695933858,11.470758680785325
ITA,Italy,1998,4,1998.75,1998-Q4,2008474036925.85,21100694.0544419,95185.21200031556,11.463579872582411
ITA,Italy,1999,1,1999.0,1999-Q1,2018539621166.46,21099006.0886232,95669.89140094505,11.468658913529362
ITA,Italy,1999,2,1999.25,1999-Q2,2026579001686.46,21180580.129423,95680.99595493317,11.468774978358264
ITA,Italy,1999,3,1999.5,1999-Q3,2046763250719.38,21262411.5550817,96262.04654242078,11.474829403200605
ITA,Italy,1999,4,1999.75,1999-Q4,2075972817630.79,21291965.9211458,97500.28838666646,11.487610614793528
ITA,Italy,2000,1,2000.0,2000-Q1,2098163063309.52,21353887.9296385,98256.72356355013,11.495338960606857
ITA,Italy,2000,2,2000.25,2000-Q2,2109937460370.44,21485530.308802,98202.71736583851,11.494789165709584
ITA,Italy,2000,3,2000.5,2000-Q3,2127914592513.68,21624583.9752394,98402.5678806208,11.496822179047614
ITA,Italy,2000,4,2000.75,2000-Q4,2148923237468.43,21744063.4233969,98828.04311342102,11.501136680642182
ITA,Italy,2001,1,2001.0,2001-Q1,2168862384443.29,21835313.3391825,99328.20064236782,11.506184804098861
ITA,Italy,2001,2,2001.25,2001-Q2,2168533389022.29,21885525.3342116,99085.27923853051,11.503736164768917
ITA,Italy,2001,3,2001.5,2001-Q3,2160236330650.68,21995900.5411978,98210.86100133107,11.494872089054955
ITA,Italy,2001,4,2001.75,2001-Q4,2157551118435.78,22022707.4735356,97969.38550941028,11.492410316086806
ITA,Italy,2002,1,2002.0,2002-Q1,2160780286383.2,22122945.9070677,97671.4536780062,11.48936461189794
ITA,Italy,2002,2,2002.25,2002-Q2,2167360071749.51,22111145.1105724,98021.15905400082,11.492938643062072
ITA,Italy,2002,3,2002.5,2002-Q3,2169254023246.56,22205501.6017479,97689.93568133618,11.489553820251196
ITA,Italy,2002,4,2002.75,2002-Q4,2181152739067.16,22179805.0157199,98339.58132279663,11.496181883511236
ITA,Italy,2003,1,2003.0,2003-Q1,2171352686964.72,22112057.9289673,98197.67540135639,11.494737821978422
ITA,Italy,2003,2,2003.25,2003-Q2,2166096617412.45,22194446.0242045,97596.33626584684,11.48859523343684
ITA,Italy,2003,3,2003.5,2003-Q3,2161964223475.15,22157096.2888096,97574.34797839669,11.48836990976563
ITA,Italy,2003,4,2003.75,2003-Q4,2184915734350.49,22272749.8806344,98098.15788620783,11.493723867458776
ITA,Italy,2004,1,2004.0,2004-Q1,2195492642340.9,22248775.3333333,98679.25804669324,11.49963005183405
ITA,Italy,2004,2,2004.25,2004-Q2,2203425810710.29,22349864.3333333,98587.88303354624,11.49870364291281
ITA,Italy,2004,3,2004.5,2004-Q3,2205248574965.82,22359660.6666667,98626.20939741527,11.499092320657683
ITA,Italy,2004,4,2004.75,2004-Q4,2208170723931.49,22359420.3333333,98757.95933043763,11.500427280329856
ITA,Italy,2005,1,2005.0,2005-Q1,2201267745496.21,22347501.6666667,98501.73761390061,11.497829467754844
ITA,Italy,2005,2,2005.25,2005-Q2,2216400725768.57,22352014.0,99158.8823167599,11.504478714572492
ITA,Italy,2005,3,2005.5,2005-Q3,2226413148335.4,22315359.3333333,99770.43681343379,11.510627194102176
ITA,Italy,2005,4,2005.75,2005-Q4,2235439980040.44,22442209.6666667,99608.72896400782,11.509005079933393
ITA,Italy,2006,1,2006.0,2006-Q1,2242668907568.19,22587244.0,99289.17877578114,11.505791869027387
ITA,Italy,2006,2,2006.25,2006-Q2,2249960818907.13,22719832.3333333,99030.69643723163,11.503185146079044
ITA,Italy,2006,3,2006.5,2006-Q3,2257340116151.26,22658537.0,99624.26595111855,11.50916104794611
ITA,Italy,2006,4,2006.75,2006-Q4,2289339979128.61,22706149.3333333,100824.66848607355,11.521138331723007
ITA,Italy,2007,1,2007.0,2007-Q1,2288784227836.37,22671868.0,100952.6091028922,11.522406468903698
ITA,Italy,2007,2,2007.25,2007-Q2,2295490427723.6,22800412.0,100677.58546308725,11.519678466672113
ITA,Italy,2007,3,2007.5,2007-Q3,2295825853080.6,22910843.6666667,100206.9538111697,11.514992864537952
ITA,Italy,2007,4,2007.75,2007-Q4,2291394805960.99,22960286.3333333,99798.18076721403,11.510905233347978
ITA,Italy,2008,1,2008.0,2008-Q1,2316285710518.72,23023440.6666667,100605.54128524478,11.518962617489096
ITA,Italy,2008,2,2008.25,2008-Q2,2294726167762.93,23103065.6666667,99325.61335674947,11.506158755914168
ITA,Italy,2008,3,2008.5,2008-Q3,2260237753409.16,23039051.0,98104.63779125105,11.493789920595514
ITA,Italy,2008,4,2008.75,2008-Q4,2206412411649.52,22925941.3333333,96240.86442380861,11.474609332567997
ITA,Italy,2009,1,2009.0,2009-Q1,2152295091712.95,22718107.6666667,94739.18881328833,11.458883014200094
ITA,Italy,2009,2,2009.25,2009-Q2,2140849765156.94,22609046.3333333,94689.96319409595,11.458363288278516
ITA,Italy,2009,3,2009.5,2009-Q3,2148310955083.1,22446954.3333333,95706.12222847975,11.469037548524213
ITA,Italy,2009,4,2009.75,2009-Q4,2154615267923.45,22360599.6666667,96357.6692952188,11.475822268964501
ITA,Italy,2010,1,2010.0,2010-Q1,2163666683042.48,22331166.3333333,96889.9989703098,11.481331582751634
ITA,Italy,2010,2,2010.25,2010-Q2,2178458314912.14,22336625.6666667,97528.53217050988,11.487900251822149
ITA,Italy,2010,3,2010.5,2010-Q3,2183860068041.4,22287437.6666667,97986.14361612333,11.492581355983754
ITA,Italy,2010,4,2010.75,2010-Q4,2201533401761.19,22385248.6666667,98347.50708127879,11.496262476076318
ITA,Italy,2011,1,2011.0,2011-Q1,2212346153075.37,22432591.0,98621.96270931745,11.499049261317227
ITA,Italy,2011,2,2011.25,2011-Q2,2206065328760.53,22444651.0,98289.1348482331,11.495668769489514
ITA,Italy,2011,3,2011.5,2011-Q3,2195554242067.5,22398786.0,98021.12677300903,11.492938313735246
ITA,Italy,2011,4,2011.75,2011-Q4,2174251332916.53,22387912.6666667,97117.19735952724,11.48367374837619
ITA,Italy,2012,1,2012.0,2012-Q1,2152321422900.55,22345866.6666667,96318.54763150292,11.475416181852376
ITA,Italy,2012,2,2012.25,2012-Q2,2134916018069.39,22362184.3333333,95469.92307397549,11.466566535230525
ITA,Italy,2012,3,2012.5,2012-Q3,2121163394453.24,22259473.0,95292.61516897727,11.464707596282754
ITA,Italy,2012,4,2012.75,2012-Q4,2105165925835.87,22159441.3333333,95000.85738484653,11.4616411956456
ITA,Italy,2013,1,2013.0,2013-Q1,2087881633518.34,21962059.0,95067.66344259161,11.462344163819449
ITA,Italy,2013,2,2013.25,2013-Q2,2087214847766.04,21864222.0,95462.57112491997,11.466489524252482
ITA,Italy,2013,3,2013.5,2013-Q3,2093720638665.05,21791884.0,96078.0003539414,11.472915644234428
ITA,Italy,2013,4,2013.75,2013-Q4,2089966633581.83,21827505.3333333,95749.22107063663,11.469487771977287
ITA,Italy,2014,1,2014.0,2014-Q1,2089881280876.64,21844572.3333333,95670.505651769,11.468665334032647
ITA,Italy,2014,2,2014.25,2014-Q2,2090097245561.55,21916812.6666667,95365.01850656325,11.465467107870836
ITA,Italy,2014,3,2014.5,2014-Q3,2090557603917.47,21925323.6666667,95348.99624290457,11.465299083892972
ITA,Italy,2014,4,2014.75,2014-Q4,2088128280229.85,22001459.3333333,94908.62622309024,11.4606698784975
ITA,Italy,2015,1,2015.0,2015-Q1,2097998260398.98,22002111.0,95354.40760202419,11.465355835466484
ITA,Italy,2015,2,2015.25,2015-Q2,2107868813235.26,22070055.6666667,95508.08774890675,11.466966211353183
ITA,Italy,2015,3,2015.5,2015-Q3,2108806391007.2,22190973.0,95029.92009440956,11.46194706935906
ITA,Italy,2015,4,2015.75,2015-Q4,2118019998258.59,22244025.0,95217.47967189347,11.463918813924085
ITA,Italy,2016,1,2016.0,2016-Q1,2121316181049.37,22284835.0,95191.02030817684,11.46364089183668
ITA,Italy,2016,2,2016.25,2016-Q2,2127193233048.95,22467959.0,94676.74536209319,11.45822368790076
ITA,Italy,2016,3,2016.5,2016-Q3,2140802981163.77,22459774.3333333,95317.20797330243,11.464965639693698
ITA,Italy,2016,4,2016.75,2016-Q4,2147628808248.0,22551423.0,95232.51850883201,11.464076743429084
ITA,Italy,2017,1,2017.0,2017-Q1,2157279844984.14,22638642.3333333,95291.92666327635,11.46470037108291
ITA,Italy,2017,2,2017.25,2017-Q2,2166292875124.31,22672060.6666667,95549.00663746342,11.467394553355492
ITA,Italy,2017,3,2017.5,2017-Q3,2168301401052.25,22775546.6666667,95203.04530058466,11.463767208719357
ITA,Italy,2017,4,2017.75,2017-Q4,2181979801998.1,22834402.0,95556.68687965203,11.467474930261604
ITA,Italy,2018,1,2018.0,2018-Q1,2180229831106.49,22845963.0,95431.73256064934,11.466166428550375
ITA,Italy,2018,2,2018.25,2018-Q2,2187260978354.14,23016579.6666667,95029.80069283694,11.461945812895332
ITA,Italy,2018,3,2018.5,2018-Q3,2185916159801.46,22958254.3333333,95212.64674848158,11.46386805595313
ITA,Italy,2018,4,2018.75,2018-Q4,2192144744813.39,22980087.0,95393.23087912548,11.465762899773507
ITA,Italy,2019,1,2019.0,2019-Q1,2196820874875.53,23017649.3333333,95440.71347434146,11.4662605323761
ITA,Italy,2019,2,2019.25,2019-Q2,2205320201931.02,23198152.3333333,95064.47626702613,11.462310637919296
ITA,Italy,2019,3,2019.5,2019-Q3,2193349917306.8,23101179.6666667,94945.36421755303,11.461056891642032
ITA,Italy,2019,4,2019.75,2019-Q4,2187591440306.37,23067389.0,94834.8094492346,11.45989180912906
ITA,Italy,2020,1,2020.0,2020-Q1,2063665937115.78,22906045.3333333,90092.6330619234,11.408593676234961
ITA,Italy,2020,2,2020.25,2020-Q2,1807575866014.1,22119092.3333333,81720.16458786139,11.311056062975803
ITA,Italy,2020,3,2020.5,2020-Q3,2063117371426.38,22226922.3333333,92820.6496826761,11.43842441215309
ITA,Italy,2020,4,2020.75,2020-Q4,2069825054128.88,22263280.3333333,92970.35401516601,11.44003594728568
ITA,Italy,2021,1,2021.0,2021-Q1,2105449176579.57,22126645.0,95154.46994244134,11.463256849471016
ITA,Italy,2021,2,2021.25,2021-Q2,2157726528242.71,22498275.0,95906.30962785857,11.471127052532639
ITA,Italy,2021,3,2021.5,2021-Q3,2210191380127.72,22738815.3333333,97199.05578756142,11.48451627628161
ITA,Italy,2021,4,2021.75,2021-Q4,2245673240770.73,22845039.6666667,98300.25570265924,11.49578190737968
ITA,Italy,2022,1,2022.0,2022-Q1,2260147411110.95,22956874.0,98451.88030003346,11.49732318292027
ITA,Italy,2022,2,2022.25,2022-Q2,2292053962182.74,23123325.0,99123.02673524419,11.504117051906665
ITA,Italy,2022,3,2022.5,2022-Q3,2296915012392.6,23110439.3333333,99388.63468855173,11.506793046958068
ITA,Italy,2022,4,2022.75,2022-Q4,2290279031535.4,23256170.3333333,98480.48920817889,11.497613728435141
ITA,Italy,2023,1,2023.0,2023-Q1,2305661598623.39,23403316.3333333,98518.58453664709,11.498000484862152
ITA,Italy,2023,2,2023.25,2023-Q2,2303441628740.03,23531834.3333333,97886.19094080396,11.491560765871103
ITA,Italy,2023,3,2023.5,2023-Q3,2307009765621.66,23575566.6666667,97855.96241398185,11.491251905193478
ITA,Italy,2023,4,2023.75,2023-Q4,2312453172702.25,23768197.6666667,97291.90261427815,11.485471043891712
ITA,Italy,2024,1,2024.0,2024-Q1,2316361327770.09,23786914.0,97379.6486492569,11.486372521692156
ITA,Italy,2024,2,2024.25,2024-Q2,2321675903000.42,23942257.6666667,96969.79855967147,11.482154853949538
ITA,Italy,2024,3,2024.5,2024-Q3,2325283743981.91,24035519.3333333,96743.64475899322,11.479819921488978
ITA,Italy,2024,4,2024.75,2024-Q4,2329166518821.34,24036254.3333333,96902.22471940103,11.481457756535853
ITA,Italy,2025,1,2025.0,2025-Q1,2336318815573.87,24160674.0,96699.2400780653,11.47936082285896
ITA,Italy,2025,2,2025.25,2025-Q2,2335125485546.33,24163547.6666667,96638.35450651169,11.478730985980134
ITA,Italy,2025,3,2025.5,2025-Q3,2334456391962.82,24194461.6666667,96487.22191571046,11.477165863178147
ITA,Italy,2025,4,2025.75,2025-Q4,2337608495899.62,24223495.0206667,96501.70191812735,11.477315923628835
JPN,Japan,1960,1,1960.0,1960-Q1,599721753252.148,43906666.6666667,13659.013511664458,9.522154913215703
JPN,Japan,1960,2,1960.25,1960-Q2,600871517220.538,44243333.3333333,13581.063449571426,9.516431708029788
JPN,Japan,1960,3,1960.5,1960-Q3,621532728371.086,44673333.3333333,13912.835286623336,9.540567094960853
JPN,Japan,1960,4,1960.75,1960-Q4,645430953127.087,44686666.6666667,14443.479482181558,9.577998344790203
JPN,Japan,1961,1,1961.0,1961-Q1,665052171746.359,44996666.6666667,14780.031967101826,9.601032357361953
JPN,Japan,1961,2,1961.25,1961-Q2,679177440649.728,44703333.3333333,15192.99322905962,9.628589628781825
JPN,Japan,1961,3,1961.5,1961-Q3,692110354801.238,44946666.6666667,15398.480157250908,9.642024092443831
JPN,Japan,1961,4,1961.75,1961-Q4,723700026854.733,45300000.0,15975.718032113313,9.678825225472778
JPN,Japan,1962,1,1962.0,1962-Q1,733200915394.659,45436666.6666667,16136.767267140896,9.688855628524708
JPN,Japan,1962,2,1962.25,1962-Q2,743352460981.365,45496666.6666667,16338.613692901263,9.701286523499054
JPN,Japan,1962,3,1962.5,1962-Q3,752450403932.15,45643333.3333333,16485.439361691755,9.710232807361269
JPN,Japan,1962,4,1962.75,1962-Q4,768304548997.934,45673333.3333333,16821.731477111396,9.730426869793112
JPN,Japan,1963,1,1963.0,1963-Q1,779059876684.641,45413333.3333333,17154.87103680215,9.750037437736001
JPN,Japan,1963,2,1963.25,1963-Q2,802112460744.219,45890000.0,17479.025076143364,9.768756873978107
JPN,Japan,1963,3,1963.5,1963-Q3,825619160896.482,46133333.3333333,17896.369094576938,9.792353127374861
JPN,Japan,1963,4,1963.75,1963-Q4,853905440262.521,46316666.6666667,18436.245561623324,9.822073873431847
JPN,Japan,1964,1,1964.0,1964-Q1,880828667506.444,46430000.0,18971.110650580315,9.850672608952705
JPN,Japan,1964,2,1964.25,1964-Q2,901856217088.074,46526666.6666667,19383.641290043128,9.87218475685893
JPN,Japan,1964,3,1964.5,1964-Q3,915658852114.72,46516666.6666667,19684.532829409945,9.887588470782783
JPN,Japan,1964,4,1964.75,1964-Q4,927083517456.596,46780000.0,19817.946076455664,9.894343173677393
JPN,Japan,1965,1,1965.0,1965-Q1,934696126990.083,47103333.3333333,19843.524032058955,9.895632987649456
JPN,Japan,1965,2,1965.25,1965-Q2,946337815594.121,47043333.3333333,20116.30019685655,9.909285720468263
JPN,Japan,1965,3,1965.5,1965-Q3,967639220018.249,47426666.6666667,20402.85113898471,9.923429931781486
JPN,Japan,1965,4,1965.75,1965-Q4,982425432181.13,47633333.3333333,20624.746651808204,9.934246927578744
JPN,Japan,1966,1,1966.0,1966-Q1,1008344410402.53,48073333.3333333,20975.129879403634,9.951092723421295
JPN,Japan,1966,2,1966.25,1966-Q2,1047597809944.33,48180000.0,21743.416561733706,9.987066303881088
JPN,Japan,1966,3,1966.5,1966-Q3,1073068984062.25,48353333.3333333,22192.244258836014,10.00749814911066
JPN,Japan,1966,4,1966.75,1966-Q4,1094714213691.05,48526666.6666667,22559.023499609477,10.023890420083411
JPN,Japan,1967,1,1967.0,1967-Q1,1124129803447.57,48700000.0,23082.74750405688,10.046840756173804
JPN,Japan,1967,2,1967.25,1967-Q2,1154683770361.69,49296666.6666667,23423.161208229543,10.061480607044977
JPN,Japan,1967,3,1967.5,1967-Q3,1194931344766.23,49363333.3333333,24206.860924429013,10.094391381237545
JPN,Japan,1967,4,1967.75,1967-Q4,1218135121001.74,49450000.0,24633.67282106653,10.111869599813266
JPN,Japan,1968,1,1968.0,1968-Q1,1247184816282.88,49613333.3333333,25138.097613871556,10.132139807597284
JPN,Japan,1968,2,1968.25,1968-Q2,1289795121793.0,49950000.0,25821.72416002002,10.158971438314508
JPN,Japan,1968,3,1968.5,1968-Q3,1319139628060.51,50150000.0,26303.880918454837,10.17747177071879
JPN,Japan,1968,4,1968.75,1968-Q4,1394516783427.32,50380000.0,27679.96791241207,10.228464250497266
JPN,Japan,1969,1,1969.0,1969-Q1,1407123981109.76,50173333.3333333,28045.256067826755,10.241574772506093
JPN,Japan,1969,2,1969.25,1969-Q2,1448188308134.52,50330000.0,28773.858695301413,10.267222569738372
JPN,Japan,1969,3,1969.5,1969-Q3,1482736279084.88,50546666.6666667,29334.007104026885,10.286502773983901
JPN,Japan,1969,4,1969.75,1969-Q4,1540200686025.46,50606666.6666667,30434.738888660104,10.323339961579906
JPN,Japan,1970,1,1970.0,1970-Q1,1586722746805.92,50780000.0,31247.001709450964,10.349678705263933
JPN,Japan,1970,2,1970.25,1970-Q2,1605429252819.75,50946666.6666667,31511.95863948735,10.358122392117744
JPN,Japan,1970,3,1970.5,1970-Q3,1648046503616.22,51090000.0,32257.71195177569,10.381512423924447
JPN,Japan,1970,4,1970.75,1970-Q4,1642476232886.98,50973333.3333333,32222.264574031804,10.380412938992079
JPN,Japan,1971,1,1971.0,1971-Q1,1657291878404.93,51280000.0,32318.484368270863,10.383394616989372
JPN,Japan,1971,2,1971.25,1971-Q2,1684092823742.57,51276666.6666667,32843.25860513363,10.399501785353028
JPN,Japan,1971,3,1971.5,1971-Q3,1704894361700.11,51163333.3333333,33322.58183008883,10.413990579175925
JPN,Japan,1971,4,1971.75,1971-Q4,1720926970424.11,51176666.6666667,33627.179777713325,10.423089940906017
JPN,Japan,1972,1,1972.0,1972-Q1,1777716901418.1,51133333.3333333,34766.30185302675,10.456403859064169
JPN,Japan,1972,2,1972.25,1972-Q2,1811616059350.8,51073333.3333333,35470.87963746511,10.476467346937614
JPN,Japan,1972,3,1972.5,1972-Q3,1850427309957.35,51620000.0,35847.10015415246,10.487017954447971
JPN,Japan,1972,4,1972.75,1972-Q4,1896804398783.05,51950000.0,36512.1154722435,10.505399415240158
JPN,Japan,1973,1,1973.0,1973-Q1,1959741859100.38,52646666.6666667,37224.42432126843,10.524720392590947
JPN,Japan,1973,2,1973.25,1973-Q2,1977176085691.52,52270000.0,37826.2117025353,10.540757572579295
JPN,Japan,1973,3,1973.5,1973-Q3,1982471218671.52,52523333.3333333,37744.581176712345,10.538597199385851
JPN,Japan,1973,4,1973.75,1973-Q4,2006496116650.7,52910000.0,37922.81452751275,10.543308176386546
JPN,Japan,1974,1,1974.0,1974-Q1,1937140379709.53,52503333.3333333,36895.56941863116,10.51584675286385
JPN,Japan,1974,2,1974.25,1974-Q2,1950830198945.83,52573333.3333333,37106.838681444926,10.5215565626449
JPN,Japan,1974,3,1974.5,1974-Q3,1975706517419.81,52206666.6666667,37843.95065929911,10.54122642203158
JPN,Japan,1974,4,1974.75,1974-Q4,1965100523216.37,52180000.0,37660.03302446091,10.536354679121564
JPN,Japan,1975,1,1975.0,1975-Q1,1967956100305.97,51953333.3333333,37879.303868330004,10.542160169843136
JPN,Japan,1975,2,1975.25,1975-Q2,2011826924572.86,52206666.6666667,38535.82412028206,10.55934358426295
JPN,Japan,1975,3,1975.5,1975-Q3,2034815455511.88,52383333.3333333,38844.711209262765,10.567327212919063
JPN,Japan,1975,4,1975.75,1975-Q4,2056204751264.33,52376666.6666667,39258.02999931895,10.577911288255608
JPN,Japan,1976,1,1976.0,1976-Q1,2073523718704.16,52650000.0,39383.16654708756,10.581093758993099
JPN,Japan,1976,2,1976.25,1976-Q2,2085694287314.85,52436666.6666667,39775.493369426906,10.591006257137277
JPN,Japan,1976,3,1976.5,1976-Q3,2114956884908.77,52823333.3333333,40038.30791144264,10.5975919725822
JPN,Japan,1976,4,1976.75,1976-Q4,2117445064347.98,52920000.0,40012.189424565004,10.596939422287733
JPN,Japan,1977,1,1977.0,1977-Q1,2163739524791.8,53120000.0,40733.04828297816,10.614795039064143
JPN,Japan,1977,2,1977.25,1977-Q2,2178958820857.99,53340000.0,40850.37159463798,10.617671196810742
JPN,Japan,1977,3,1977.5,1977-Q3,2193801597084.29,53550000.0,40967.35008560766,10.620530689064386
JPN,Japan,1977,4,1977.75,1977-Q4,2223540488077.17,53670000.0,41429.85817173784,10.631757111742823
JPN,Japan,1978,1,1978.0,1978-Q1,2265517072146.81,53773333.3333333,42130.86546268556,10.648535897432028
JPN,Japan,1978,2,1978.25,1978-Q2,2287642666153.34,54180000.0,42223.00971120967,10.650720605247386
JPN,Japan,1978,3,1978.5,1978-Q3,2317456402936.49,54020000.0,42899.97043569956,10.666626415771338
JPN,Japan,1978,4,1978.75,1978-Q4,2351255381348.37,54346666.6666667,43264.02198261228,10.675076667506525
JPN,Japan,1979,1,1979.0,1979-Q1,2386911536663.68,54536666.6666667,43767.0962043337,10.68663758583967
JPN,Japan,1979,2,1979.25,1979-Q2,2430857193578.3,54713333.3333333,44428.97271070369,10.701647074138986
JPN,Japan,1979,3,1979.5,1979-Q3,2449577932663.58,54910000.0,44610.78005215043,10.705730814007325
JPN,Japan,1979,4,1979.75,1979-Q4,2460245447216.68,55030000.0,44707.34957689769,10.707893187150988
JPN,Japan,1980,1,1980.0,1980-Q1,2469583933239.78,55060000.0,44852.59595422775,10.711136746619667
JPN,Japan,1980,2,1980.25,1980-Q2,2456563123817.48,55256666.6666667,44457.31659197946,10.7022848301407
JPN,Japan,1980,3,1980.5,1980-Q3,2511263864030.07,55613333.3333333,45155.78753350644,10.717873735203977
JPN,Japan,1980,4,1980.75,1980-Q4,2564265066029.39,55513333.3333333,46191.8770150605,10.74055923942646
JPN,Japan,1981,1,1981.0,1981-Q1,2579700577222.82,55686666.6666667,46325.282722784956,10.743443154163215
JPN,Japan,1981,2,1981.25,1981-Q2,2610948815222.11,55710000.0,46866.78900057638,10.755064579941305
JPN,Japan,1981,3,1981.5,1981-Q3,2604994060348.4,55870000.0,46625.9899829676,10.749913389599364
JPN,Japan,1981,4,1981.75,1981-Q4,2623790450367.27,56003333.3333333,46850.612172500536,10.75471935423009
JPN,Japan,1982,1,1982.0,1982-Q1,2663720137320.37,56176666.6666667,47416.842176236314,10.766732764745667
JPN,Japan,1982,2,1982.25,1982-Q2,2681995868340.4,56290000.0,47646.044916333274,10.771554902832246
JPN,Japan,1982,3,1982.5,1982-Q3,2693909346100.24,56270000.0,47874.699593037854,10.776342451644208
JPN,Japan,1982,4,1982.75,1982-Q4,2731621351044.87,56806666.6666667,48086.281264726,10.78075220262139
JPN,Japan,1983,1,1983.0,1983-Q1,2733952483211.92,57193333.3333333,47801.94340619982,10.774821574686541
JPN,Japan,1983,2,1983.25,1983-Q2,2754517004979.23,57296666.6666667,48074.646663201376,10.780510220730571
JPN,Japan,1983,3,1983.5,1983-Q3,2795126001155.06,57366666.6666667,48723.86986324913,10.793924329919992
JPN,Japan,1983,4,1983.75,1983-Q4,2817338107650.9,57450000.0,49039.82780941514,10.800388059376669
JPN,Japan,1984,1,1984.0,1984-Q1,2848113181185.1,57256666.6666667,49742.90937623156,10.814623207328198
JPN,Japan,1984,2,1984.25,1984-Q2,2890423144631.63,57583333.3333333,50195.48152761155,10.823680292218603
JPN,Japan,1984,3,1984.5,1984-Q3,2925863292427.85,57813333.3333333,50608.79772419024,10.831880708229257
JPN,Japan,1984,4,1984.75,1984-Q4,2932068444345.08,57986666.6666667,50564.52824232717,10.831005586565214
JPN,Japan,1985,1,1985.0,1985-Q1,3005775427501.47,58053333.3333333,51776.10405663996,10.854684010162744
JPN,Japan,1985,2,1985.25,1985-Q2,3067760392786.16,58036666.6666667,52859.0039535838,10.875383344877905
JPN,Japan,1985,3,1985.5,1985-Q3,3108280666251.56,58130000.0,53471.196735791505,10.886898409135958
JPN,Japan,1985,4,1985.75,1985-Q4,3149097284941.08,58070000.0,54229.33158155812,10.900977214137868
JPN,Japan,1986,1,1986.0,1986-Q1,3160406664960.3,58440000.0,54079.51172074435,10.898210681843695
JPN,Japan,1986,2,1986.25,1986-Q2,3152192472718.73,58380000.0,53994.38973481894,10.896635426349427
JPN,Japan,1986,3,1986.5,1986-Q3,3170795679831.09,58646666.6666667,54066.085253457226,10.897962378302326
JPN,Japan,1986,4,1986.75,1986-Q4,3196616573356.25,58676666.6666667,54478.49639305087,10.905561341196032
JPN,Japan,1987,1,1987.0,1987-Q1,3195946738414.39,58710000.0,54436.15633477074,10.904783850576495
JPN,Japan,1987,2,1987.25,1987-Q2,3263468754910.62,58920000.0,55388.13229651426,10.922120631312849
JPN,Japan,1987,3,1987.5,1987-Q3,3328471337132.17,59220000.0,56205.18975231628,10.93676437596557
JPN,Japan,1987,4,1987.75,1987-Q4,3412946779970.03,59576666.6666667,57286.635371286764,10.955822635904648
JPN,Japan,1988,1,1988.0,1988-Q1,3492298341349.1,59713333.3333333,58484.397812031406,10.976515293580254
JPN,Japan,1988,2,1988.25,1988-Q2,3486294257551.54,60063333.3333333,58043.63601007063,10.968950351660142
JPN,Japan,1988,3,1988.5,1988-Q3,3563708146280.72,60206666.6666667,59191.25478264951,10.988529086693886
JPN,Japan,1988,4,1988.75,1988-Q4,3601956010198.88,60433333.3333333,59602.140268045485,10.995446762946349
JPN,Japan,1989,1,1989.0,1989-Q1,3700537608787.78,60703333.3333333,60961.028094906076,11.017990055292232
JPN,Japan,1989,2,1989.25,1989-Q2,3653509329107.1,61166666.6666667,59730.39775106972,10.997596344854854
JPN,Japan,1989,3,1989.5,1989-Q3,3717636893102.53,61503333.3333333,60446.10416404312,11.009507406721182
JPN,Japan,1989,4,1989.75,1989-Q4,3832141084816.65,61740000.0,62069.01659890913,11.036002215862005
JPN,Japan,1990,1,1990.0,1990-Q1,3813077900056.39,62080000.0,61422.00225606299,11.02552339287836
JPN,Japan,1990,2,1990.25,1990-Q2,3932376807226.32,62350000.0,63069.39546473649,11.05199091446409
JPN,Japan,1990,3,1990.5,1990-Q3,3998011949234.82,62626666.6666667,63838.811197064366,11.064116610350437
JPN,Japan,1990,4,1990.75,1990-Q4,3990858745465.11,62910000.0,63437.58934136242,11.057811856554
JPN,Japan,1991,1,1991.0,1991-Q1,4026367610860.77,63300000.0,63607.703173155925,11.06048986106867
JPN,Japan,1991,2,1991.25,1991-Q2,4074174522013.53,63590000.0,64069.42163883519,11.067722487572427
JPN,Japan,1991,3,1991.5,1991-Q3,4064755320412.61,63846666.6666667,63664.3310078199,11.061379731946671
JPN,Japan,1991,4,1991.75,1991-Q4,4092090543677.68,64006666.6666667,63932.25513505382,11.065579288205942
JPN,Japan,1992,1,1992.0,1992-Q1,4091591969430.87,64343333.3333333,63589.99071798486,11.060211358294858
JPN,Japan,1992,2,1992.25,1992-Q2,4104938366524.34,64186666.6666667,63953.132008584405,11.06590578170426
JPN,Japan,1992,3,1992.5,1992-Q3,4109670763736.85,64280000.0,63933.8948932304,11.065604936247684
JPN,Japan,1992,4,1992.75,1992-Q4,4084336242158.8,64640000.0,63185.894835377476,11.053836372241387
JPN,Japan,1993,1,1993.0,1993-Q1,4131804742312.81,64360000.0,64198.33347285286,11.06973253097435
JPN,Japan,1993,2,1993.25,1993-Q2,4106659094282.41,64423333.3333333,63744.902379299616,11.062644497145834
JPN,Japan,1993,3,1993.5,1993-Q3,4077504968957.44,64523333.3333333,63194.27032532069,11.053968916615654
JPN,Japan,1993,4,1993.75,1993-Q4,4102606641254.44,64693333.3333333,63416.21972260576,11.057474939292838
JPN,Japan,1994,1,1994.0,1994-Q1,4136835169848.85,64530000.0,64107.16209280722,11.0683113697842
JPN,Japan,1994,2,1994.25,1994-Q2,4115115615505.45,64673333.3333333,63629.24877082959,11.060828529946702
JPN,Japan,1994,3,1994.5,1994-Q3,4162277149995.8,64443333.3333333,64588.172813259225,11.075786589622805
JPN,Japan,1994,4,1994.75,1994-Q4,4146138304396.09,64500000.0,64281.2140216448,11.07102270613304
JPN,Japan,1995,1,1995.0,1995-Q1,4191447762407.79,64580000.0,64903.18616301936,11.080651994908084
JPN,Japan,1995,2,1995.25,1995-Q2,4231883661570.3,64540000.0,65569.93587806476,11.090872575341445
JPN,Japan,1995,3,1995.5,1995-Q3,4281182761557.05,64680000.0,66190.20967156849,11.100287840830696
JPN,Japan,1995,4,1995.75,1995-Q4,4291551517704.61,64493333.3333333,66542.56022903575,11.105597025373228
JPN,Japan,1996,1,1996.0,1996-Q1,4327198391120.15,64513333.3333333,67074.4816232327,11.113558946948384
JPN,Japan,1996,2,1996.25,1996-Q2,4381115042213.1,64753333.3333333,67658.52530958153,11.122228646495362
JPN,Japan,1996,3,1996.5,1996-Q3,4386025038969.35,65126666.6666667,67346.0697968474,11.117599825226328
JPN,Japan,1996,4,1996.75,1996-Q4,4434365828887.06,65056666.6666667,68161.58982764345,11.129636486167259
JPN,Japan,1997,1,1997.0,1997-Q1,4444361973391.1,65506666.6666667,67845.94911547574,11.124994959950486
JPN,Japan,1997,2,1997.25,1997-Q2,4412180962491.66,65680000.0,67176.93304646255,11.115085209347482
JPN,Japan,1997,3,1997.5,1997-Q3,4420823040598.57,65600000.0,67390.59513107577,11.118260749049448
JPN,Japan,1997,4,1997.75,1997-Q4,4423335007681.24,65490000.0,67542.14395604275,11.120507036936525
JPN,Japan,1998,1,1998.0,1998-Q1,4370240227920.21,65476666.6666667,66745.00169913263,11.108634692546909
JPN,Japan,1998,2,1998.25,1998-Q2,4352546152985.59,65240000.0,66715.91282933154,11.108198776603063
JPN,Japan,1998,3,1998.5,1998-Q3,4359649056073.36,65026666.6666667,67044.01870114861,11.113104678185548
JPN,Japan,1998,4,1998.75,1998-Q4,4393411853564.26,64816666.6666667,67782.13196550668,11.12405389886387
JPN,Japan,1999,1,1999.0,1999-Q1,4330535554434.27,64636666.6666667,66998.12626116653,11.112419931730795
JPN,Japan,1999,2,1999.25,1999-Q2,4346601509803.27,64583333.3333333,67302.21692598615,11.116948456041039
JPN,Japan,1999,3,1999.5,1999-Q3,4369123013942.8,64643333.3333333,67588.14542272163,11.121187883083861
JPN,Japan,1999,4,1999.75,1999-Q4,4371226426541.48,64610000.0,67655.57075594304,11.122184976933582
JPN,Japan,2000,1,2000.0,2000-Q1,4447767355471.57,64313333.3333333,69157.77996483217,11.144145839294044
JPN,Japan,2000,2,2000.25,2000-Q2,4468368020700.28,64396666.6666667,69388.18811584882,11.147471931949406
JPN,Japan,2000,3,2000.5,2000-Q3,4469769327259.01,64423333.3333333,69381.21789091446,11.147371474288878
JPN,Japan,2000,4,2000.75,2000-Q4,4513117624213.15,64700000.0,69754.52278536554,11.152737540382349
JPN,Japan,2001,1,2001.0,2001-Q1,4545337843907.98,64573333.3333333,70390.32382678066,11.161811087057295
JPN,Japan,2001,2,2001.25,2001-Q2,4511588481314.69,64173333.3333333,70303.16561367172,11.160572106851387
JPN,Japan,2001,3,2001.5,2001-Q3,4462946824829.48,63886666.6666667,69857.2496842765,11.154209148623298
JPN,Japan,2001,4,2001.75,2001-Q4,4448254192984.22,63853333.3333333,69663.61755561008,11.151433474176676
JPN,Japan,2002,1,2002.0,2002-Q1,4456334398663.24,63626666.6666667,70038.78455568793,11.156804432675369
JPN,Japan,2002,2,2002.25,2002-Q2,4492767546662.48,63180000.0,71110.59744638304,11.171991654563307
JPN,Japan,2002,3,2002.5,2002-Q3,4507294105398.92,63233333.3333333,71280.34958459024,11.174375966518049
JPN,Japan,2002,4,2002.75,2002-Q4,4519271167602.48,63200000.0,71507.45518358354,11.177556991548405
JPN,Japan,2003,1,2003.0,2003-Q1,4520782356654.01,63106666.6666667,71637.1596765372,11.17936920821583
JPN,Japan,2003,2,2003.25,2003-Q2,4550945065233.02,63216666.6666667,71989.639840227,11.184277496536914
JPN,Japan,2003,3,2003.5,2003-Q3,4564944350538.05,63176666.6666667,72256.80922077846,11.187981846804162
JPN,Japan,2003,4,2003.75,2003-Q4,4614948205805.53,63166666.6666667,73059.86605496878,11.19903446699102
JPN,Japan,2004,1,2004.0,2004-Q1,4650950414187.43,63263333.3333333,73517.31515128457,11.205276237745835
JPN,Japan,2004,2,2004.25,2004-Q2,4649903819742.98,63310000.0,73446.59326714548,11.204313798867348
JPN,Japan,2004,3,2004.5,2004-Q3,4679224503835.57,63340000.0,73874.7158799427,11.21012590874422
JPN,Japan,2004,4,2004.75,2004-Q4,4670538979473.55,63253333.3333333,73838.62214597732,11.209637209007743
JPN,Japan,2005,1,2005.0,2005-Q1,4693330948934.09,63380000.0,74050.6618639017,11.212504757723545
JPN,Japan,2005,2,2005.25,2005-Q2,4729137443517.73,63550000.0,74416.01012616412,11.217426387538962
JPN,Japan,2005,3,2005.5,2005-Q3,4777688375056.55,63750000.0,74944.13137343607,11.22449819991054
JPN,Japan,2005,4,2005.75,2005-Q4,4786903314156.13,63583333.3333333,75285.50428554861,11.229042889088282
JPN,Japan,2006,1,2006.0,2006-Q1,4794103534583.0,63753333.3333333,75197.69216641749,11.227875820190642
JPN,Japan,2006,2,2006.25,2006-Q2,4801932442726.33,63730000.0,75348.06908404724,11.229873577768059
JPN,Japan,2006,3,2006.5,2006-Q3,4793304868087.45,63970000.0,74930.5122414796,11.2243164596019
JPN,Japan,2006,4,2006.75,2006-Q4,4858284419889.2,64126666.6666667,75760.7509079301,11.235335639478343
JPN,Japan,2007,1,2007.0,2007-Q1,4889278155207.53,64066666.6666667,76315.47588773456,11.242631026164602
JPN,Japan,2007,2,2007.25,2007-Q2,4891428100903.08,64403333.3333333,75949.92134314605,11.237829472383435
JPN,Japan,2007,3,2007.5,2007-Q3,4865452462475.71,64266666.6666667,75707.24786009917,11.23462917936147
JPN,Japan,2007,4,2007.75,2007-Q4,4887095418080.57,64390000.0,75898.36027458565,11.237150359389958
JPN,Japan,2008,1,2008.0,2008-Q1,4905908127213.56,64143333.3333333,76483.52326373583,11.244830614443169
JPN,Japan,2008,2,2008.25,2008-Q2,4876045581510.34,64263333.3333333,75876.01402837817,11.236855892732175
JPN,Japan,2008,3,2008.5,2008-Q3,4815395551463.19,63996666.6666667,75244.47447465787,11.228497751006886
JPN,Japan,2008,4,2008.75,2008-Q4,4696761394618.96,63990000.0,73398.36528549712,11.203656943039844
JPN,Japan,2009,1,2009.0,2009-Q1,4470423977261.2,63653333.3333333,70230.79143162761,11.159542118228508
JPN,Japan,2009,2,2009.25,2009-Q2,4557722806654.21,63090000.0,72241.60416316707,11.187771393868225
JPN,Japan,2009,3,2009.5,2009-Q3,4555397258486.95,62990000.0,72319.37225729402,11.188847314957783
JPN,Japan,2009,4,2009.75,2009-Q4,4612110998229.9,62876666.6666667,73351.70966807875,11.203021091657757
JPN,Japan,2010,1,2010.0,2010-Q1,4660146803983.62,63016666.6666667,73951.02042819811,11.211158266937563
JPN,Japan,2010,2,2010.25,2010-Q2,4716679346478.11,62836666.6666667,75062.53270083456,11.226076814470332
JPN,Japan,2010,3,2010.5,2010-Q3,4801575398749.25,63083333.3333333,76114.80156537784,11.239998026452945
JPN,Japan,2010,4,2010.75,2010-Q4,4762892639149.11,63000000.0,75601.47046268429,11.233231012543072
JPN,Japan,2011,1,2011.0,2011-Q1,4711498671894.57,63116666.6666667,74647.45717287406,11.220531739063311
JPN,Japan,2011,2,2011.25,2011-Q2,4671443919917.9,62846666.6666667,74330.8144677718,11.216280875116212
JPN,Japan,2011,3,2011.5,2011-Q3,4784436123383.67,62833333.3333333,76144.87199019108,11.240393015152211
JPN,Japan,2011,4,2011.75,2011-Q4,4778425305113.56,62933333.3333333,75928.36819566041,11.237545651072361
JPN,Japan,2012,1,2012.0,2012-Q1,4845176085568.16,62770000.0,77189.35933675578,11.254016894087663
JPN,Japan,2012,2,2012.25,2012-Q2,4800125031987.4,62733333.3333333,76516.33951095754,11.245259585386407
JPN,Japan,2012,3,2012.5,2012-Q3,4782101074000.15,62820000.0,76123.86300541468,11.240117069011195
JPN,Japan,2012,4,2012.75,2012-Q4,4778859458817.48,62850000.0,76035.9500209623,11.238961534018268
JPN,Japan,2013,1,2013.0,2013-Q1,4841501603312.17,63036666.6666667,76804.53074896357,11.249018911522809
JPN,Japan,2013,2,2013.25,2013-Q2,4886039173387.98,63180000.0,77335.21958512157,11.255904752869794
JPN,Japan,2013,3,2013.5,2013-Q3,4933787085012.35,63246666.6666667,78008.6500212767,11.264574997231708
JPN,Japan,2013,4,2013.75,2013-Q4,4930038574969.58,63590000.0,77528.51981395786,11.258401145246385
JPN,Japan,2014,1,2014.0,2014-Q1,4968756179023.12,63513333.3333333,78231.7021993774,11.267430243350463
JPN,Japan,2014,2,2014.25,2014-Q2,4882280824947.16,63710000.0,76632.88063015476,11.246781514673215
JPN,Japan,2014,3,2014.5,2014-Q3,4887556996541.89,63763333.3333333,76651.52903772113,11.24702483240786
JPN,Japan,2014,4,2014.75,2014-Q4,4910799435087.33,63863333.3333333,76895.44498805782,11.25020192081427
JPN,Japan,2015,1,2015.0,2015-Q1,4982176676111.51,63913333.3333333,77952.0706599277,11.263849438083431
JPN,Japan,2015,2,2015.25,2015-Q2,4990126052587.86,63916666.6666667,78072.37631167444,11.265391576869042
JPN,Japan,2015,3,2015.5,2015-Q3,4995808362245.33,64053333.3333333,77994.51023488758,11.264393721590823
JPN,Japan,2015,4,2015.75,2015-Q4,4987939790998.12,64203333.3333333,77689.73248011198,11.260478384510966
JPN,Japan,2016,1,2016.0,2016-Q1,5025281397243.96,64400000.0,78032.31983298075,11.264878376682729
JPN,Japan,2016,2,2016.25,2016-Q2,5017418126074.7,64536666.6666667,77745.23205528688,11.261192504113327
JPN,Japan,2016,3,2016.5,2016-Q3,5028760117746.82,64890000.0,77496.68851513053,11.25799048559151
JPN,Japan,2016,4,2016.75,2016-Q4,5035028998584.59,64993333.3333333,77469.9302274786,11.25764514298631
JPN,Japan,2017,1,2017.0,2017-Q1,5072992706126.39,64993333.3333333,78054.04717601383,11.26515677823169
JPN,Japan,2017,2,2017.25,2017-Q2,5092850118957.42,65340000.0,77943.83408260514,11.263743770428544
JPN,Japan,2017,3,2017.5,2017-Q3,5137536733275.5,65680000.0,78220.71761990713,11.267289822646188
JPN,Japan,2017,4,2017.75,2017-Q4,5139955698744.11,65683333.3333333,78253.57572307708,11.267709803499923
JPN,Japan,2018,1,2018.0,2018-Q1,5144551090325.29,66480000.0,77384.94419863552,11.256547521258993
JPN,Japan,2018,2,2018.25,2018-Q2,5164754113627.3,66850000.0,77258.84986727449,11.254916749587004
JPN,Japan,2018,3,2018.5,2018-Q3,5139646976352.85,66833333.3333333,76902.44852398282,11.250292995350728
JPN,Japan,2018,4,2018.75,2018-Q4,5125917369499.37,67120000.0,76369.44829409073,11.243338003738105
JPN,Japan,2019,1,2019.0,2019-Q1,5138344716881.37,67233333.3333333,76425.55354806206,11.244072389756187
JPN,Japan,2019,2,2019.25,2019-Q2,5160863547158.84,67380000.0,76593.40378686316,11.246266239577754
JPN,Japan,2019,3,2019.5,2019-Q3,5170996365766.96,67540000.0,76561.98350262007,11.245855933610201
JPN,Japan,2019,4,2019.75,2019-Q4,5021915437711.68,67820000.0,74047.70624759185,11.212464843491567
JPN,Japan,2020,1,2020.0,2020-Q1,5049961566695.37,67650000.0,74648.36018766253,11.220543836050412
JPN,Japan,2020,2,2020.25,2020-Q2,4666976861232.72,66696666.6666667,69973.16499424334,11.155867090306234
JPN,Japan,2020,3,2020.5,2020-Q3,4919092525797.04,66833333.3333333,73602.38193212532,11.206432667401515
JPN,Japan,2020,4,2020.75,2020-Q4,5001817163733.65,67223333.3333333,74405.96762632499,11.21729142763578
JPN,Japan,2021,1,2021.0,2021-Q1,5013474905186.06,67313333.3333333,74479.67077130923,11.218281491577446
JPN,Japan,2021,2,2021.25,2021-Q2,5044951740635.88,67073333.3333333,75215.46179260335,11.228112097747502
JPN,Japan,2021,3,2021.5,2021-Q3,5025889773869.61,67176666.6666667,74816.00417609698,11.222787100649972
JPN,Japan,2021,4,2021.75,2021-Q4,5083084621225.29,66930000.0,75946.28150642896,11.237781547067996
JPN,Japan,2022,1,2022.0,2022-Q1,5060603723617.92,67056666.6666667,75467.570566455,11.231458314042019
JPN,Japan,2022,2,2022.25,2022-Q2,5108475429271.44,67290000.0,75917.30464068124,11.237399930028197
JPN,Japan,2022,3,2022.5,2022-Q3,5088940503109.51,67323333.3333333,75589.55047446917,11.233073331377009
JPN,Japan,2022,4,2022.75,2022-Q4,5103070507918.24,67226666.6666667,75908.42683337323,11.237282982693488
JPN,Japan,2023,1,2023.0,2023-Q1,5168880783670.56,67283333.3333333,76822.60268026598,11.249254181568956
JPN,Japan,2023,2,2023.25,2023-Q2,5180913883507.05,67473333.3333333,76784.61441814622,11.248759565969353
JPN,Japan,2023,3,2023.5,2023-Q3,5132629492541.1,67516666.6666667,76020.18502899674,11.238754176491826
JPN,Japan,2023,4,2023.75,2023-Q4,5132180866655.24,67600000.0,75919.83530555089,11.237433263965741
JPN,Japan,2024,1,2024.0,2024-Q1,5108396010967.72,67666666.6666667,75493.5371078973,11.231802330353219
JPN,Japan,2024,2,2024.25,2024-Q2,5130043272799.23,67686666.6666667,75791.04608685947,11.235735439149924
JPN,Japan,2024,3,2024.5,2024-Q3,5152780689683.53,67830000.0,75966.10186766225,11.23804249171129
JPN,Japan,2024,4,2024.75,2024-Q4,5189479720947.08,68043333.3333333,76267.27655337896,11.241999246554029
JPN,Japan,2025,1,2025.0,2025-Q1,5201731020056.59,68170000.0,76305.28120957298,11.242497431254309
JPN,Japan,2025,2,2025.25,2025-Q2,5231132283768.95,68243333.3333333,76654.1144497966,11.247058561265023
JPN,Japan,2025,3,2025.5,2025-Q3,5207986923680.56,68250000.0,76307.50071326827,11.242526517988296
JPN,Japan,2025,4,2025.75,2025-Q4,5217349625938.54,68167013.3333334,76537.74708341633,11.245539324047096
KOR,Korea,1963,1,1963.0,1963-Q1,33944313227.3699,7555926.75023258,4492.408985611864,8.4101443592676
KOR,Korea,1963,2,1963.25,1963-Q2,33109046216.4391,7557104.75995836,4381.181321167966,8.385073675035036
KOR,Korea,1963,3,1963.5,1963-Q3,34249555513.0059,7562282.60917963,4528.997034761883,8.418255788833518
KOR,Korea,1963,4,1963.75,1963-Q4,34312335841.2573,7576685.88062943,4528.673404420829,8.41818432888289
KOR,Korea,1964,1,1964.0,1964-Q1,36286668922.8182,7596269.99933158,4776.906156049111,8.471548368241818
KOR,Korea,1964,2,1964.25,1964-Q2,35223011407.3867,7648161.95164897,4605.42175101202,8.434989529948924
KOR,Korea,1964,3,1964.5,1964-Q3,37657011949.8227,7724585.91209127,4874.955418759509,8.491866238520288
KOR,Korea,1964,4,1964.75,1964-Q4,39232653866.3388,7822982.13692817,5015.050933216649,8.520198856519269
KOR,Korea,1965,1,1965.0,1965-Q1,39645416484.2675,7961377.4126956,4979.718260944016,8.513128594310697
KOR,Korea,1965,2,1965.25,1965-Q2,39697011811.5086,8072886.95034455,4917.325370178054,8.500520037721731
KOR,Korea,1965,3,1965.5,1965-Q3,39457797112.4818,8170194.17000233,4829.480951304067,8.48249427737388
KOR,Korea,1965,4,1965.75,1965-Q4,40452901395.9147,8243541.46695752,4907.22361961319,8.498463606605085
KOR,Korea,1966,1,1966.0,1966-Q1,42820874351.7415,8274923.02729294,5174.776153265311,8.551551361790358
KOR,Korea,1966,2,1966.25,1966-Q2,45479296527.352,8306248.05002837,5475.311627275165,8.608004471288695
KOR,Korea,1966,3,1966.5,1966-Q3,44741808073.6403,8336404.1223942,5367.039243389095,8.588031684128687
KOR,Korea,1966,4,1966.75,1966-Q4,45334252320.7022,8382424.80028449,5408.250404962012,8.595680919343543
KOR,Korea,1967,1,1967.0,1967-Q1,46802734711.41,8452881.09160901,5536.897325797006,8.619189573359908
KOR,Korea,1967,2,1967.25,1967-Q2,47830311578.4212,8555999.72926446,5590.2656722656375,8.628782091364283
KOR,Korea,1967,3,1967.5,1967-Q3,49874280311.4334,8679576.84910565,5746.164954639751,8.656287946861209
KOR,Korea,1967,4,1967.75,1967-Q4,50192872436.9849,8807542.33002088,5698.85111603726,8.648019874917024
KOR,Korea,1968,1,1968.0,1968-Q1,53221842871.8723,8943813.06381512,5950.688201120531,8.691262155904976
KOR,Korea,1968,2,1968.25,1968-Q2,54163547795.6432,9036607.42783319,5993.792275275436,8.698479591833225
KOR,Korea,1968,3,1968.5,1968-Q3,57122521772.5951,9105415.45232142,6273.466825506765,8.74408440354987
KOR,Korea,1968,4,1968.75,1968-Q4,55937633278.4712,9158164.05603026,6107.95274426632,8.717346929613493
KOR,Korea,1969,1,1969.0,1969-Q1,58690586752.943,9186799.60095671,6388.5781014349095,8.76226700327322
KOR,Korea,1969,2,1969.25,1969-Q2,60916401953.9936,9243745.02248177,6590.013225790894,8.793310634443081
KOR,Korea,1969,3,1969.5,1969-Q3,66014236769.3032,9313868.60271505,7087.735460435811,8.86612116941515
KOR,Korea,1969,4,1969.75,1969-Q4,66988053470.1681,9395586.77384646,7129.736022090278,8.872029489173203
KOR,Korea,1970,1,1970.0,1970-Q1,65863419658.9062,9493110.71487091,6938.022913367216,8.844772130113924
KOR,Korea,1970,2,1970.25,1970-Q2,68783065729.08,9578645.93220522,7180.875691189119,8.8791766171666
KOR,Korea,1970,3,1970.5,1970-Q3,69324636261.8692,9659382.57790342,7176.922096496585,8.878625892765696
KOR,Korea,1970,4,1970.75,1970-Q4,74321445261.6019,9736860.77502042,7632.998661362294,8.940236056423412
KOR,Korea,1971,1,1971.0,1971-Q1,74830904017.297,9807806.81769991,7629.728583382321,8.9398075513499
KOR,Korea,1971,2,1971.25,1971-Q2,77521077163.5174,9893863.28063274,7835.268687739508,8.966390447468171
KOR,Korea,1971,3,1971.5,1971-Q3,77665038950.7146,9989283.50331959,7774.8357952705355,8.958647617245061
KOR,Korea,1971,4,1971.75,1971-Q4,77917603489.657,10093046.3983478,7719.929188318391,8.951560470479137
KOR,Korea,1972,1,1972.0,1972-Q1,79391497977.6278,10203335.0849971,7780.93606808664,8.959431927169685
KOR,Korea,1972,2,1972.25,1972-Q2,81828384971.9374,10316269.031558,7931.974701475906,8.97865730020897
KOR,Korea,1972,3,1972.5,1972-Q3,83029148951.3663,10434380.7747453,7957.266534907819,8.98184081972589
KOR,Korea,1972,4,1972.75,1972-Q4,86278211341.6177,10562015.1086995,8168.726370269425,9.008068284669884
KOR,Korea,1973,1,1973.0,1973-Q1,89707676973.9708,10708941.465379,8376.894883960966,9.03323258590282
KOR,Korea,1973,2,1973.25,1973-Q2,93446714569.7705,10863256.7984569,8602.090174563891,9.05976049626524
KOR,Korea,1973,3,1973.5,1973-Q3,97866233194.7777,11022750.7723059,8878.567175868806,9.091395468898419
KOR,Korea,1973,4,1973.75,1973-Q4,99002412813.5341,11173050.9638582,8860.821733811128,9.089394785778248
KOR,Korea,1974,1,1974.0,1974-Q1,104077516820.339,11312403.1119156,9200.301279107698,9.126991510230035
KOR,Korea,1974,2,1974.25,1974-Q2,103419405793.152,11403308.0830925,9069.245962624676,9.112644404330723
KOR,Korea,1974,3,1974.5,1974-Q3,104786862368.283,11462369.8389673,9141.8148114582,9.120614201790673
KOR,Korea,1974,4,1974.75,1974-Q4,104406933140.417,11505918.9660245,9074.193330295238,9.113189765958506
KOR,Korea,1975,1,1975.0,1975-Q1,106558061399.237,11515718.3988931,9253.270851906162,9.132732373614218
KOR,Korea,1975,2,1975.25,1975-Q2,111056235837.801,11602773.8544952,9571.524639754578,9.166547786256704
KOR,Korea,1975,3,1975.5,1975-Q3,114233136931.211,11736680.7731,9733.001956824859,9.183277653477008
KOR,Korea,1975,4,1975.75,1975-Q4,117893157906.971,11912826.9735118,9896.320845514396,9.199918335284261
KOR,Korea,1976,1,1976.0,1976-Q1,121627144211.991,12161707.3946537,10000.82803056571,9.21042317160477
KOR,Korea,1976,2,1976.25,1976-Q2,126912959205.571,12351386.0900014,10275.199745258438,9.23748847910331
KOR,Korea,1976,3,1976.5,1976-Q3,129684313810.737,12509103.7371689,10367.194687609774,9.246401742698218
KOR,Korea,1976,4,1976.75,1976-Q4,131166146041.36,12625802.778176,10388.737123954113,9.248477529444411
KOR,Korea,1977,1,1977.0,1977-Q1,132610093591.142,12671018.4495674,10465.622326962157,9.255851100571336
KOR,Korea,1977,2,1977.25,1977-Q2,139150432730.297,12749640.986951,10914.066746876611,9.297807763439096
KOR,Korea,1977,3,1977.5,1977-Q3,147662579305.623,12847460.6300787,11493.522615660933,9.34953890485392
KOR,Korea,1977,4,1977.75,1977-Q4,153016225918.233,12979879.9334028,11788.72429508817,9.37489878539453
KOR,Korea,1978,1,1978.0,1978-Q1,152077768252.82,13183144.1441699,11535.77375698154,9.353208247420273
KOR,Korea,1978,2,1978.25,1978-Q2,156711966735.928,13355221.5910167,11734.134523184493,9.370257353812837
KOR,Korea,1978,3,1978.5,1978-Q3,159784955561.888,13504706.9214673,11831.7973496997,9.378545876936634
KOR,Korea,1978,4,1978.75,1978-Q4,167230918976.393,13604927.343346,12291.937674932426,9.41669885286105
KOR,Korea,1979,1,1979.0,1979-Q1,175139797110.132,13626198.1748472,12853.166735342593,9.461345498510436
KOR,Korea,1979,2,1979.25,1979-Q2,176250720274.994,13618763.292392,12941.75664052072,9.468214311586355
KOR,Korea,1979,3,1979.5,1979-Q3,171264013856.819,13590335.2179543,12601.89768023976,9.441602691141929
KOR,Korea,1979,4,1979.75,1979-Q4,168700483786.554,13572703.3148066,12429.394489343691,9.42781946966927
KOR,Korea,1980,1,1980.0,1980-Q1,170560441212.622,13573427.7028177,12565.760465738176,9.438730970688114
KOR,Korea,1980,2,1980.25,1980-Q2,169444466756.981,13629983.8828677,12431.743735953009,9.428008459135079
KOR,Korea,1980,3,1980.5,1980-Q3,172562917199.951,13716174.3863997,12580.980114328097,9.439941437738492
KOR,Korea,1980,4,1980.75,1980-Q4,168249114874.815,13812414.0279149,12181.007210961343,9.407633231684132
KOR,Korea,1981,1,1981.0,1981-Q1,175247317442.424,13914375.2654827,12594.695349144342,9.441031000256325
KOR,Korea,1981,2,1981.25,1981-Q2,179363397814.216,13989542.4263667,12821.248354496713,9.458859101279735
KOR,Korea,1981,3,1981.5,1981-Q3,186593238144.684,14057259.2979526,13273.799265541098,9.493547391212521
KOR,Korea,1981,4,1981.75,1981-Q4,190019456518.679,14130823.0101979,13447.161314068273,9.506523308038691
KOR,Korea,1982,1,1982.0,1982-Q1,191412169547.704,14227545.6355108,13453.63244310774,9.50700441868715
KOR,Korea,1982,2,1982.25,1982-Q2,195537630888.086,14332078.6176831,13643.354610602624,9.521007840353109
KOR,Korea,1982,3,1982.5,1982-Q3,199522016893.143,14436153.5358762,13820.995765755622,9.533944147240883
KOR,Korea,1982,4,1982.75,1982-Q4,206673562216.539,14516222.2109299,14237.420674156216,9.563629036126656
KOR,Korea,1983,1,1983.0,1983-Q1,215425645103.86,14558767.1096581,14796.970339675903,9.602177732018259
KOR,Korea,1983,2,1983.25,1983-Q2,221587498241.085,14543184.1509241,15236.51876655945,9.631450375756014
KOR,Korea,1983,3,1983.5,1983-Q3,230098923203.443,14489814.7953041,15880.045842822927,9.6728186216246
KOR,Korea,1983,4,1983.75,1983-Q4,232844299741.747,14428233.9441137,16138.101214857326,9.688938290222799
KOR,Korea,1984,1,1984.0,1984-Q1,242254493656.255,14344030.8373221,16888.871503672934,9.734410193103878
KOR,Korea,1984,2,1984.25,1984-Q2,247718907859.515,14362143.6234326,17248.045581117043,9.755454116395228
KOR,Korea,1984,3,1984.5,1984-Q3,251878285009.412,14441159.5506553,17441.693939181114,9.766618822286404
KOR,Korea,1984,4,1984.75,1984-Q4,253829887282.468,14568665.98859,17423.00135655965,9.765546529283181
KOR,Korea,1985,1,1985.0,1985-Q1,260065344942.471,14763660.1255574,17615.235160573182,9.776519440704574
KOR,Korea,1985,2,1985.25,1985-Q2,266302967441.379,14911727.7003407,17858.62596158422,9.79024191762906
KOR,Korea,1985,3,1985.5,1985-Q3,269891187926.782,15043247.5418782,17941.018864141166,9.794844926873107
KOR,Korea,1985,4,1985.75,1985-Q4,278467197249.812,15161364.6322237,18366.895329326933,9.818305156268007
KOR,Korea,1986,1,1986.0,1986-Q1,282940476040.965,15251433.9403002,18551.729440556184,9.828318294986643
KOR,Korea,1986,2,1986.25,1986-Q2,294615452256.818,15397039.2485169,19134.552266936415,9.859250998941494
KOR,Korea,1986,3,1986.5,1986-Q3,308061988310.11,15578722.7433045,19774.53436884037,9.892150245903025
KOR,Korea,1986,4,1986.75,1986-Q4,312734432280.544,15792804.0678783,19802.337250332177,9.893555252662177
KOR,Korea,1987,1,1987.0,1987-Q1,321755676805.081,16065062.4193167,20028.2867508937,9.904900890847525
KOR,Korea,1987,2,1987.25,1987-Q2,339152322247.431,16280567.6667716,20831.72584575389,9.94423238467563
KOR,Korea,1987,3,1987.5,1987-Q3,342968211624.366,16463289.4138346,20832.30167454625,9.944260026208466
KOR,Korea,1987,4,1987.75,1987-Q4,348970227489.089,16607080.5000772,21013.33991170012,9.952912748920397
KOR,Korea,1988,1,1988.0,1988-Q1,375348428742.714,16685173.1050601,22495.92655582832,10.021089529839251
KOR,Korea,1988,2,1988.25,1988-Q2,368565266839.691,16795046.6136866,21944.879065672863,9.996289091315301
KOR,Korea,1988,3,1988.5,1988-Q3,381071541195.148,16921813.6081217,22519.54489158603,10.022138872972423
KOR,Korea,1988,4,1988.75,1988-Q4,392004699279.479,17077966.6731316,22953.827395401328,10.0412399726254
KOR,Korea,1989,1,1989.0,1989-Q1,391898622173.123,17017230.5527496,23029.51828491276,10.044532075744593
KOR,Korea,1989,2,1989.25,1989-Q2,398472155508.825,17648594.5382502,22578.123977249703,10.024736750870714
KOR,Korea,1989,3,1989.5,1989-Q3,409833230083.421,17736107.6859819,23107.28133475087,10.047903056138447
KOR,Korea,1989,4,1989.75,1989-Q4,425478160044.964,17813009.8486976,23885.80950995617,10.081039817230323
KOR,Korea,1990,1,1990.0,1990-Q1,429935563350.812,17688109.3313351,24306.473648326348,10.098497999129973
KOR,Korea,1990,2,1990.25,1990-Q2,439627547129.483,18113471.4277652,24270.750578246458,10.097027224416586
KOR,Korea,1990,3,1990.5,1990-Q3,455206810310.901,18235732.6320267,24962.353830053376,10.12512412212569
KOR,Korea,1990,4,1990.75,1990-Q4,463886010288.413,18287725.7079737,25365.975939050328,10.141164025075728
KOR,Korea,1991,1,1991.0,1991-Q1,480857986498.856,18339906.6866421,26219.21663587796,10.17424788028396
KOR,Korea,1991,2,1991.25,1991-Q2,489053344981.052,18581053.9740197,26320.00023598519,10.178084394405255
KOR,Korea,1991,3,1991.5,1991-Q3,500189637115.989,18756190.0782945,26667.97654683777,10.191218744287953
KOR,Korea,1991,4,1991.75,1991-Q4,513070428602.05,18920293.1324556,27117.467208895214,10.207933345690638
KOR,Korea,1992,1,1992.0,1992-Q1,521948432952.358,18931314.6229212,27570.63856095899,10.224506665191731
KOR,Korea,1992,2,1992.25,1992-Q2,525877976371.817,18995074.9141503,27684.96458942978,10.228644750203687
KOR,Korea,1992,3,1992.5,1992-Q3,526510830945.11,19036198.0655295,27658.402645983653,10.227684853948272
KOR,Korea,1992,4,1992.75,1992-Q4,534797112661.325,19081969.930526,28026.305177527505,10.240898818756994
KOR,Korea,1993,1,1993.0,1993-Q1,545907426729.4,18993265.1568705,28742.157929171386,10.266120241336631
KOR,Korea,1993,2,1993.25,1993-Q2,559685904748.158,19111628.3191693,29285.097815908397,10.28483405865518
KOR,Korea,1993,3,1993.5,1993-Q3,569923788737.429,19340763.2001889,29467.492199680233,10.291042975391441
KOR,Korea,1993,4,1993.75,1993-Q4,581145231202.639,19491272.5956522,29815.66382342175,10.302789166056014
KOR,Korea,1994,1,1994.0,1994-Q1,598400079696.697,19764322.3675716,30276.78199979801,10.318136427128326
KOR,Korea,1994,2,1994.25,1994-Q2,608364472370.942,19749149.4575325,30804.591037155096,10.335419017501273
KOR,Korea,1994,3,1994.5,1994-Q3,618172635837.526,19898993.0984547,31065.523405077798,10.34385391106269
KOR,Korea,1994,4,1994.75,1994-Q4,643215853099.599,20002982.0537934,32155.998109172848,10.37835427864616
KOR,Korea,1995,1,1995.0,1995-Q1,657423330028.075,20274824.1103442,32425.59967228806,10.386703503147418
KOR,Korea,1995,2,1995.25,1995-Q2,669958468902.269,20310904.5779062,32985.16155853721,10.403813089584562
KOR,Korea,1995,3,1995.5,1995-Q3,684049766142.832,20470257.3590739,33416.764339780595,10.416812979382637
KOR,Korea,1995,4,1995.75,1995-Q4,697018233604.554,20603871.4296677,33829.47889108409,10.429087857904536
KOR,Korea,1996,1,1996.0,1996-Q1,711017525191.646,20634113.7063151,34458.35063776149,10.447506645841887
KOR,Korea,1996,2,1996.25,1996-Q2,724710852880.132,20747548.3047352,34929.95134826276,10.461099944964602
KOR,Korea,1996,3,1996.5,1996-Q3,738087031669.004,20922440.9716371,35277.29066936168,10.470994712085714
KOR,Korea,1996,4,1996.75,1996-Q4,751050808646.432,21093203.5690597,35606.29404573241,10.480277700250442
KOR,Korea,1997,1,1997.0,1997-Q1,754675470586.739,21236063.9900925,35537.44568385301,10.478342227540303
KOR,Korea,1997,2,1997.25,1997-Q2,781159748946.72,21237415.8561212,36782.24103341502,10.512770427063801
KOR,Korea,1997,3,1997.5,1997-Q3,788799826249.726,21233779.0712995,37148.348562969746,10.522674595940329
KOR,Korea,1997,4,1997.75,1997-Q4,783977286781.864,21149714.1251815,37067.985039496896,10.520508939110323
KOR,Korea,1998,1,1998.0,1998-Q1,731339950414.401,20365653.5102395,35910.458264778776,10.488783848619592
KOR,Korea,1998,2,1998.25,1998-Q2,725633435060.24,19957705.4911328,36358.56012519268,10.50118494699004
KOR,Korea,1998,3,1998.5,1998-Q3,739832974246.064,19642099.0982671,37665.67771319995,10.536504553279917
KOR,Korea,1998,4,1998.75,1998-Q4,758274154460.184,19682268.053886,38525.75081206014,10.559082148955195
KOR,Korea,1999,1,1999.0,1999-Q1,781824354490.622,19846917.4936956,39392.73465206723,10.581336678588587
KOR,Korea,1999,2,1999.25,1999-Q2,815741968038.161,20153976.8402231,40475.48404492118,10.608451737582941
KOR,Korea,1999,3,1999.5,1999-Q3,839173101928.813,20541666.6666667,40852.24025616932,10.61771693981673
KOR,Korea,1999,4,1999.75,1999-Q4,861640160893.673,20915000.0,41197.23456340774,10.626126410837434
KOR,Korea,2000,1,2000.0,2000-Q1,878827538575.186,20863200.0,42123.33384021559,10.648357114117905
KOR,Korea,2000,2,2000.25,2000-Q2,892367884314.37,21090966.6666667,42310.430736430695,10.6527889241499
KOR,Korea,2000,3,2000.5,2000-Q3,916871335076.074,21349366.6666667,42946.06717807738,10.667700355771125
KOR,Korea,2000,4,2000.75,2000-Q4,913825406736.429,21378966.6666667,42744.133567560675,10.662987238458681
KOR,Korea,2001,1,2001.0,2001-Q1,923018034340.963,21136200.0,43670.008532326676,10.684416841861466
KOR,Korea,2001,2,2001.25,2001-Q2,936936144469.109,21630533.3333333,43315.44349973389,10.676264513212926
KOR,Korea,2001,3,2001.5,2001-Q3,948869097321.167,21776300.0,43573.47654657435,10.682203908137906
KOR,Korea,2001,4,2001.75,2001-Q4,963291614914.229,21900266.6666666,43985.38289857499,10.69161265085691
KOR,Korea,2002,1,2002.0,2002-Q1,990124793144.434,22060933.3333333,44881.36463602789,10.711777946062922
KOR,Korea,2002,2,2002.25,2002-Q2,1008972602266.25,22230033.3333333,45387.81328561143,10.722998918163356
KOR,Korea,2002,3,2002.5,2002-Q3,1027712169442.81,22310833.3333334,46063.36993730133,10.737773334773465
KOR,Korea,2002,4,2002.75,2002-Q4,1037417863867.88,22321866.6666666,46475.408143937326,10.746678594561569
KOR,Korea,2003,1,2003.0,2003-Q1,1031843403686.93,22206266.6666667,46466.315980785985,10.746482941570063
KOR,Korea,2003,2,2003.25,2003-Q2,1032525688748.56,22129866.6666667,46657.564833131626,10.75059035461066
KOR,Korea,2003,3,2003.5,2003-Q3,1049036554272.19,22211133.3333333,47230.21281844503,10.762789068881387
KOR,Korea,2003,4,2003.75,2003-Q4,1075785664591.58,22341800.0,48151.253014151946,10.782102440026865
KOR,Korea,2004,1,2004.0,2004-Q1,1091094322909.85,22717900.0,48027.95693747442,10.77953855653728
KOR,Korea,2004,2,2004.25,2004-Q2,1100193140828.49,22620033.3333334,48637.99821228469,10.792160360618084
KOR,Korea,2004,3,2004.5,2004-Q3,1103007792211.76,22618366.6666666,48766.02313805874,10.794789102177687
KOR,Korea,2004,4,2004.75,2004-Q4,1112048520286.44,22778866.6666667,48819.30855294695,10.79588118065425
KOR,Korea,2005,1,2005.0,2005-Q1,1122458508968.68,22808466.6666667,49212.361592420864,10.803900122800405
KOR,Korea,2005,2,2005.25,2005-Q2,1143504351192.26,22801733.3333334,50149.88704918296,10.822771541127983
KOR,Korea,2005,3,2005.5,2005-Q3,1159557353287.44,22784966.6666667,50891.33419641188,10.837447936500205
KOR,Korea,2005,4,2005.75,2005-Q4,1172862453198.92,22929900.0,51149.91575187506,10.842516124298749
KOR,Korea,2006,1,2006.0,2006-Q1,1191507128270.13,23103900.0,51571.68825480243,10.850728123658708
KOR,Korea,2006,2,2006.25,2006-Q2,1200106590014.63,23141800.0,51858.82645319853,10.856280429704306
KOR,Korea,2006,3,2006.5,2006-Q3,1218915432036.16,23180833.3333334,52582.899609713044,10.870146243391597
KOR,Korea,2006,4,2006.75,2006-Q4,1229038579563.45,23324733.3333333,52692.50293237158,10.872228465061845
KOR,Korea,2007,1,2007.0,2007-Q1,1250825879112.07,23492733.3333334,53243.09697659985,10.88262344092617
KOR,Korea,2007,2,2007.25,2007-Q2,1272000168444.03,23516300.0,54090.14889434265,10.898407357576467
KOR,Korea,2007,3,2007.5,2007-Q3,1287062395933.59,23550866.6666667,54650.319843866535,10.90871034617432
KOR,Korea,2007,4,2007.75,2007-Q4,1312405804190.52,23681666.6666666,55418.64188291324,10.922671312214732
KOR,Korea,2008,1,2008.0,2008-Q1,1322300922019.79,23778333.3333334,55609.48715300146,10.926109097930874
KOR,Korea,2008,2,2008.25,2008-Q2,1327114080519.07,23783033.3333333,55800.87543581091,10.92954483706015
KOR,Korea,2008,3,2008.5,2008-Q3,1335922449217.92,23769500.0,56203.22048078083,10.93672933816846
KOR,Korea,2008,4,2008.75,2008-Q4,1290850864017.72,23766300.0,54314.33853892781,10.902543532554311
KOR,Korea,2009,1,2009.0,2009-Q1,1294255073196.18,23637200.0,54755.00791955815,10.910624112346104
KOR,Korea,2009,2,2009.25,2009-Q2,1311751662034.65,23632000.0,55507.43322760028,10.924272222795267
KOR,Korea,2009,3,2009.5,2009-Q3,1351768709197.65,23735033.3333333,56952.46727541926,10.949972291473664
KOR,Korea,2009,4,2009.75,2009-Q4,1361670321543.64,23745166.6666667,57345.15746546193,10.956843680726703
KOR,Korea,2010,1,2010.0,2010-Q1,1393573552489.88,23758700.0,58655.294796848306,10.979433127872946
KOR,Korea,2010,2,2010.25,2010-Q2,1416089681136.59,24072500.0,58826.03307245156,10.982339775233989
KOR,Korea,2010,3,2010.5,2010-Q3,1430488024695.21,24125166.6666667,59294.430768500715,10.99027066436126
KOR,Korea,2010,4,2010.75,2010-Q4,1450680198777.17,24165633.3333333,60030.7129867831,11.00261159334982
KOR,Korea,2011,1,2011.0,2011-Q1,1464530838092.77,24264300.0,60357.43203359545,11.00803936780173
KOR,Korea,2011,2,2011.25,2011-Q2,1470887887537.95,24574700.0,59853.747453191696,10.999659323114354
KOR,Korea,2011,3,2011.5,2011-Q3,1477691254604.08,24560800.0,60164.622268170424,11.004839788587292
KOR,Korea,2011,4,2011.75,2011-Q4,1487601165499.21,24697833.3333333,60232.05134725227,11.005959904020834
KOR,Korea,2012,1,2012.0,2012-Q1,1501823435493.55,24777900.0,60611.40917888724,11.012238424615449
KOR,Korea,2012,2,2012.25,2012-Q2,1508163887840.45,25021100.0,60275.68283730331,11.006684031683722
KOR,Korea,2012,3,2012.5,2012-Q3,1514887877480.07,25026866.6666667,60530.46502612131,11.010902071428852
KOR,Korea,2012,4,2012.75,2012-Q4,1526166327369.78,24986700.0,61079.14720110219,11.019925797236118
KOR,Korea,2013,1,2013.0,2013-Q1,1538271024108.32,24964233.3333333,61618.9972096742,11.028725498238204
KOR,Korea,2013,2,2013.25,2013-Q2,1555653598097.79,25269600.0,61562.256549284124,11.027804243377231
KOR,Korea,2013,3,2013.5,2013-Q3,1571257035313.65,25400466.6666667,61859.37667734377,11.032618969844028
KOR,Korea,2013,4,2013.75,2013-Q4,1585023967524.91,25554900.0,62024.26804741595,11.03528100756197
KOR,Korea,2014,1,2014.0,2014-Q1,1597181702816.63,25769433.3333333,61979.698278838056,11.0345621632892
KOR,Korea,2014,2,2014.25,2014-Q2,1612344595315.27,25829566.6666667,62422.44076808365,11.041680117400627
KOR,Korea,2014,3,2014.5,2014-Q3,1616497838754.94,25982633.3333333,62214.54992712859,11.038344173029882
KOR,Korea,2014,4,2014.75,2014-Q4,1625105599048.58,26004566.6666667,62493.08515229676,11.042811192040455
KOR,Korea,2015,1,2015.0,2015-Q1,1639153960317.52,26100233.3333333,62802.27227793068,11.047746534571306
KOR,Korea,2015,2,2015.25,2015-Q2,1646203397405.89,26089333.3333333,63098.71457323142,11.052455677057646
KOR,Korea,2015,3,2015.5,2015-Q3,1670626027515.13,26217133.3333334,63722.68112894846,11.062295839864278
KOR,Korea,2015,4,2015.75,2015-Q4,1683537487552.35,26307200.0,63995.31259702097,11.066565118988033
KOR,Korea,2016,1,2016.0,2016-Q1,1690018654428.09,26298433.3333333,64263.09251988746,11.070740756626835
KOR,Korea,2016,2,2016.25,2016-Q2,1711202324728.64,26307733.3333334,65045.60096633065,11.082843856232438
KOR,Korea,2016,3,2016.5,2016-Q3,1717819876455.42,26469233.3333333,64898.73940897755,11.080583478913056
KOR,Korea,2016,4,2016.75,2016-Q4,1731054619102.48,26564166.6666667,65165.026286130225,11.084678197342782
KOR,Korea,2017,1,2017.0,2017-Q1,1750590125383.19,26646133.3333334,65697.71694391628,11.092819454156835
KOR,Korea,2017,2,2017.25,2017-Q2,1763449629286.68,26680233.3333333,66095.7348931237,11.09885949869174
KOR,Korea,2017,3,2017.5,2017-Q3,1787696907444.6,26745966.6666667,66839.86896882637,11.110055022336768
KOR,Korea,2017,4,2017.75,2017-Q4,1783536087068.77,26828766.6666666,66478.49710082739,11.104633822487202
KOR,Korea,2018,1,2018.0,2018-Q1,1809755172662.86,26821833.3333334,67473.20923859999,11.119485897906012
KOR,Korea,2018,2,2018.25,2018-Q2,1823864871034.12,26785066.6666667,68092.60151306143,11.128623844724107
KOR,Korea,2018,3,2018.5,2018-Q3,1833219139943.57,26768666.6666666,68483.7673378169,11.134352022997183
KOR,Korea,2018,4,2018.75,2018-Q4,1843469291353.31,26917666.6666667,68485.47885601678,11.134377014274385
KOR,Korea,2019,1,2019.0,2019-Q1,1845034469881.78,26993266.6666667,68351.65571717061,11.132421065957756
KOR,Korea,2019,2,2019.25,2019-Q2,1869365094337.55,27023833.3333333,69174.68263215381,11.144390216746572
KOR,Korea,2019,3,2019.5,2019-Q3,1873184230972.85,27133266.6666666,69036.44349148971,11.14238981069187
KOR,Korea,2019,4,2019.75,2019-Q4,1891871120402.71,27343166.6666666,69189.90559747582,11.144610258096433
KOR,Korea,2020,1,2020.0,2020-Q1,1867577659014.81,27282500.0,68453.31839145276,11.13390730859854
KOR,Korea,2020,2,2020.25,2020-Q2,1816520655048.16,26621633.3333334,68234.7560085152,11.130709332913131
KOR,Korea,2020,3,2020.5,2020-Q3,1856764288683.24,26825366.6666667,69216.73473304139,11.144997943771592
KOR,Korea,2020,4,2020.75,2020-Q4,1886218004408.21,26904633.3333333,70107.55289020401,11.157785811729415
KOR,Korea,2021,1,2021.0,2021-Q1,1914912222483.94,26883766.6666667,71229.31270111966,11.17365970791728
KOR,Korea,2021,2,2021.25,2021-Q2,1941571491988.76,27232400.0,71296.37828427755,11.174600809660326
KOR,Korea,2021,3,2021.5,2021-Q3,1941527112791.2,27397533.3333334,70865.03332871312,11.168532407913647
KOR,Korea,2021,4,2021.75,2021-Q4,1971678628256.62,27571600.0,71511.21546289008,11.177609576001755
KOR,Korea,2022,1,2022.0,2022-Q1,1979188815225.32,27900833.3333333,70936.54843852893,11.169541072485478
KOR,Korea,2022,2,2022.25,2022-Q2,1996695145838.86,28101966.6666666,71051.7939730979,11.171164382651916
KOR,Korea,2022,3,2022.5,2022-Q3,2006554183019.72,28169600.0,71231.19188840878,11.173686089787743
KOR,Korea,2022,4,2022.75,2022-Q4,1999174247191.82,28181066.6666666,70940.33277159458,11.169594419204609
KOR,Korea,2023,1,2023.0,2023-Q1,2006287547027.89,28305433.3333333,70879.94461703674,11.16874280391631
KOR,Korea,2023,2,2023.25,2023-Q2,2020031387624.17,28440333.3333333,71026.99409140208,11.17081528223678
KOR,Korea,2023,3,2023.5,2023-Q3,2035827134696.11,28430633.3333334,71606.81616997998,11.178945546322453
KOR,Korea,2023,4,2023.75,2023-Q4,2045817144630.73,28487700.0,71814.0511389382,11.181835434203801
KOR,Korea,2024,1,2024.0,2024-Q1,2069828816154.47,28605533.3333333,72357.63766524679,11.189376292006251
KOR,Korea,2024,2,2024.25,2024-Q2,2065101529598.44,28581166.6666667,72253.92698916317,11.187941957288805
KOR,Korea,2024,3,2024.5,2024-Q3,2066938034603.03,28576800.0,72329.23331524279,11.188983659970237
KOR,Korea,2024,4,2024.75,2024-Q4,2068546149103.12,28538966.6666667,72481.46624450725,11.191086170155005
KOR,Korea,2025,1,2025.0,2025-Q1,2064021274984.73,28764100.0,71756.85229104091,11.181038631375971
KOR,Korea,2025,2,2025.25,2025-Q2,2077950570113.89,28783200.0,72193.17414720704,11.187100779514235
KOR,Korea,2025,3,2025.5,2025-Q3,2105844972960.73,28793566.6666666,73135.95419905377,11.200075374327808
KOR,Korea,2025,4,2025.75,2025-Q4,2108894799210.03,28836757.0166667,73132.17633977212,11.20002371769873
LTU,Lithuania,2002,1,2002.0,2002-Q1,31638636971.5168,1381654.65206844,22899.091986663527,10.0388525375188
LTU,Lithuania,2002,2,2002.25,2002-Q2,32480241964.2246,1415017.70059478,22953.94746692713,10.0412452036141
LTU,Lithuania,2002,3,2002.5,2002-Q3,32997599133.4044,1421382.23571528,23215.14811728252,10.05256028067414
LTU,Lithuania,2002,4,2002.75,2002-Q4,33467688453.1537,1405445.41126951,23812.869702938533,10.077981457331257
LTU,Lithuania,2003,1,2003.0,2003-Q1,35093585077.9578,1411108.66915254,24869.512777519623,10.121397945834323
LTU,Lithuania,2003,2,2003.25,2003-Q2,35600638531.3598,1469253.733011,24230.42237803405,10.095364245686454
LTU,Lithuania,2003,3,2003.5,2003-Q3,36498154719.7467,1438838.68519429,25366.39798145145,10.141180663067153
LTU,Lithuania,2003,4,2003.75,2003-Q4,37170895613.077,1432698.91264216,25944.666590502984,10.16372134109306
LTU,Lithuania,2004,1,2004.0,2004-Q1,37484630219.6265,1419981.49968848,26397.970838246834,10.181042423992738
LTU,Lithuania,2004,2,2004.25,2004-Q2,38280372134.8308,1420422.6576633,26949.986983314415,10.201738093343128
LTU,Lithuania,2004,3,2004.5,2004-Q3,38556541290.9679,1415070.80571094,27247.075648343172,10.212701478675521
LTU,Lithuania,2004,4,2004.75,2004-Q4,39428280815.3357,1425925.03693728,27651.019369168964,10.227417873148635
LTU,Lithuania,2005,1,2005.0,2005-Q1,40338425541.7575,1427023.9510973,28267.518222619565,10.249468658458332
LTU,Lithuania,2005,2,2005.25,2005-Q2,40677144934.5344,1433145.66168124,28383.1197498903,10.253549872434586
LTU,Lithuania,2005,3,2005.5,2005-Q3,41807293159.3921,1437506.29212673,29083.20707072521,10.277916209979411
LTU,Lithuania,2005,4,2005.75,2005-Q4,42814045725.1749,1440124.09509471,29729.41420187767,10.299892211858484
LTU,Lithuania,2006,1,2006.0,2006-Q1,42853268318.469,1428362.67354417,30001.671922816335,10.309008389851936
LTU,Lithuania,2006,2,2006.25,2006-Q2,44055568195.0086,1430783.0907041,30791.227881599087,10.334985119356878
LTU,Lithuania,2006,3,2006.5,2006-Q3,44831054181.7311,1425300.43593515,31453.757433475508,10.356273728234692
LTU,Lithuania,2006,4,2006.75,2006-Q4,46146664749.9965,1431353.79981658,32239.87301805461,10.38095925796686
LTU,Lithuania,2007,1,2007.0,2007-Q1,47519824597.5619,1443803.63319097,32912.94155600488,10.401621219772448
LTU,Lithuania,2007,2,2007.25,2007-Q2,48834139867.5142,1452340.25353829,33624.44836775759,10.423008711349722
LTU,Lithuania,2007,3,2007.5,2007-Q3,50199245934.4413,1461908.18625274,34338.16597136331,10.444012725085878
LTU,Lithuania,2007,4,2007.75,2007-Q4,51039491290.0193,1448147.92701801,35244.66688642682,10.470069502792247
LTU,Lithuania,2008,1,2008.0,2008-Q1,50933998065.8608,1449077.40424235,35149.25974053928,10.467358837003939
LTU,Lithuania,2008,2,2008.25,2008-Q2,51246065731.4604,1436865.52088546,35665.17881219692,10.481930108359935
LTU,Lithuania,2008,3,2008.5,2008-Q3,50552417399.6884,1421218.85337181,35569.762728487534,10.479251194368876
LTU,Lithuania,2008,4,2008.75,2008-Q4,49996564811.6997,1401338.22150036,35677.72864867003,10.482281925717798
LTU,Lithuania,2009,1,2009.0,2009-Q1,43728694854.9065,1340238.3716011,32627.550278736257,10.392912311033102
LTU,Lithuania,2009,2,2009.25,2009-Q2,43190225221.4844,1326086.35513059,32569.69280649232,10.391137466432502
LTU,Lithuania,2009,3,2009.5,2009-Q3,43218212837.8343,1315549.40876998,32851.83555229804,10.399762899133991
LTU,Lithuania,2009,4,2009.75,2009-Q4,42509739154.7734,1287725.86449832,33011.48196734761,10.40461071833656
LTU,Lithuania,2010,1,2010.0,2010-Q1,42852189516.3109,1239340.88404433,34576.59637312353,10.45093232677942
LTU,Lithuania,2010,2,2010.25,2010-Q2,43135707103.7918,1239725.12790242,34794.57351709584,10.457216720186901
LTU,Lithuania,2010,3,2010.5,2010-Q3,43344179196.3817,1247451.11615149,34746.19456841145,10.455825336173717
LTU,Lithuania,2010,4,2010.75,2010-Q4,44052342431.5389,1264082.87190176,34849.25190487233,10.458786949814003
LTU,Lithuania,2011,1,2011.0,2011-Q1,45347582041.2468,1245986.87451891,36394.911510408994,10.502184250182705
LTU,Lithuania,2011,2,2011.25,2011-Q2,46224729405.8708,1259274.27161557,36707.435741196685,10.510734622272233
LTU,Lithuania,2011,3,2011.5,2011-Q3,46102237084.7368,1250635.8541691,36863.03805464325,10.514964649277251
LTU,Lithuania,2011,4,2011.75,2011-Q4,46674070279.8664,1258502.99969642,37086.975788794516,10.521021130054818
LTU,Lithuania,2012,1,2012.0,2012-Q1,47382916035.4307,1266506.6616312,37412.29120295646,10.52975457120202
LTU,Lithuania,2012,2,2012.25,2012-Q2,47521062571.7092,1274717.33535056,37279.68644800805,10.526203858034759
LTU,Lithuania,2012,3,2012.5,2012-Q3,48614847842.3216,1284498.06624191,37847.34996492081,10.541316242277656
LTU,Lithuania,2012,4,2012.75,2012-Q4,48909616837.1968,1277177.93677633,38295.06870487245,10.5530764124372
LTU,Lithuania,2013,1,2013.0,2013-Q1,49193496491.1953,1283306.20850985,38333.4048919765,10.554076985422748
LTU,Lithuania,2013,2,2013.25,2013-Q2,49730834115.3418,1292195.56952056,38485.532134886744,10.558037660945367
LTU,Lithuania,2013,3,2013.5,2013-Q3,50434237571.0501,1292780.63228728,39012.21623487524,10.571630112855054
LTU,Lithuania,2013,4,2013.75,2013-Q4,50857291436.3848,1302917.58968231,39033.390783207804,10.572172732732358
LTU,Lithuania,2014,1,2014.0,2014-Q1,51467999592.6861,1309744.30100617,39296.21953930047,10.578883598301582
LTU,Lithuania,2014,2,2014.25,2014-Q2,51910020216.7222,1310779.12074479,39602.41614714363,10.586645409198063
LTU,Lithuania,2014,3,2014.5,2014-Q3,52130705248.7748,1331267.06347348,39158.71328834486,10.575378238299328
LTU,Lithuania,2014,4,2014.75,2014-Q4,52260363230.6162,1324309.51477556,39462.34822565111,10.583102286818969
LTU,Lithuania,2015,1,2015.0,2015-Q1,52703785310.9584,1328049.59512663,39685.103255449634,10.588731163397606
LTU,Lithuania,2015,2,2015.25,2015-Q2,53240907068.8624,1332543.21264284,39954.35687467832,10.595493003437705
LTU,Lithuania,2015,3,2015.5,2015-Q3,53823309851.0624,1336397.40900146,40274.928317377184,10.603484428214347
LTU,Lithuania,2015,4,2015.75,2015-Q4,53886781890.4621,1342709.78322908,40132.85861436854,10.599950694573156
LTU,Lithuania,2016,1,2016.0,2016-Q1,53831527427.4882,1356604.39488229,39681.07993057111,10.588629777020676
LTU,Lithuania,2016,2,2016.25,2016-Q2,54398828149.7087,1362095.71651032,39937.595787378385,10.595073409549023
LTU,Lithuania,2016,3,2016.5,2016-Q3,55175029133.7825,1363071.14301506,40478.466158220835,10.608525411895153
LTU,Lithuania,2016,4,2016.75,2016-Q4,55958088786.5371,1363628.74559232,41036.16102800074,10.622208933266595
LTU,Lithuania,2017,1,2017.0,2017-Q1,56583259410.3427,1354637.67566629,41770.03225789637,10.639934429765196
LTU,Lithuania,2017,2,2017.25,2017-Q2,57021583394.0677,1357472.44070485,42005.70242476524,10.64556066006754
LTU,Lithuania,2017,3,2017.5,2017-Q3,57504924128.8621,1349724.72797951,42604.927461723935,10.659725193684006
LTU,Lithuania,2017,4,2017.75,2017-Q4,58371284131.3492,1357365.15564935,43003.37598059599,10.66903390277051
LTU,Lithuania,2018,1,2018.0,2018-Q1,59150368601.9041,1361790.94165463,43435.718943785934,10.679037398733527
LTU,Lithuania,2018,2,2018.25,2018-Q2,60106930026.7792,1368745.4354079,43913.885279088965,10.689985842426383
LTU,Lithuania,2018,3,2018.5,2018-Q3,60196521702.8916,1391079.39893685,43273.246479602494,10.675289858821415
LTU,Lithuania,2018,4,2018.75,2018-Q4,61313954678.4784,1377384.22400062,44514.77925338195,10.703576531068865
LTU,Lithuania,2019,1,2019.0,2019-Q1,62016545724.3318,1380779.49210162,44914.15615533174,10.712508305895406
LTU,Lithuania,2019,2,2019.25,2019-Q2,62995538350.5141,1382089.19989323,45579.93677642562,10.727222915708445
LTU,Lithuania,2019,3,2019.5,2019-Q3,63035365993.6522,1376525.37367989,45793.10138333202,10.73188873393914
LTU,Lithuania,2019,4,2019.75,2019-Q4,63981881060.236,1374305.93432526,46555.77732890242,10.748406385184685
LTU,Lithuania,2020,1,2020.0,2020-Q1,63703929077.083,1376683.20946582,46273.484443673406,10.742324385823217
LTU,Lithuania,2020,2,2020.25,2020-Q2,60326456278.1935,1355537.79301715,44503.70663876449,10.70332775993861
LTU,Lithuania,2020,3,2020.5,2020-Q3,63933377498.7072,1346994.9795302,47463.70882614994,10.767720673294471
LTU,Lithuania,2020,4,2020.75,2020-Q4,64173474598.3652,1353384.01798684,47417.04774512063,10.766737100092122
LTU,Lithuania,2021,1,2021.0,2021-Q1,65614169355.0255,1353329.74510833,48483.504919766085,10.788978914329748
LTU,Lithuania,2021,2,2021.25,2021-Q2,66426359297.1625,1361749.7458864,48780.1517847347,10.795078783383248
LTU,Lithuania,2021,3,2021.5,2021-Q3,67669273322.7861,1378312.65365602,49095.73538579299,10.801527454323942
LTU,Lithuania,2021,4,2021.75,2021-Q4,68551150304.9992,1381007.85534925,49638.49411824161,10.812521902803635
LTU,Lithuania,2022,1,2022.0,2022-Q1,69196947047.566,1394974.18647151,49604.46416760933,10.811836112042178
LTU,Lithuania,2022,2,2022.25,2022-Q2,68149327724.582,1431865.2325389,47594.79186720916,10.770478619678872
LTU,Lithuania,2022,3,2022.5,2022-Q3,68910077303.5807,1433865.31086452,48058.96117399811,10.780183893867463
LTU,Lithuania,2022,4,2022.75,2022-Q4,68618093804.4924,1422595.27012508,48234.4453447109,10.783828678517308
LTU,Lithuania,2023,1,2023.0,2023-Q1,68380777404.9122,1421367.98446804,48109.13018454143,10.78122725480737
LTU,Lithuania,2023,2,2023.25,2023-Q2,69418977451.6786,1439722.56897402,48216.91272169762,10.78346512483475
LTU,Lithuania,2023,3,2023.5,2023-Q3,69573934926.7607,1447371.05641757,48069.17660697538,10.780396431699808
LTU,Lithuania,2023,4,2023.75,2023-Q4,69533554832.6133,1455938.39014038,47758.583263889996,10.773914083972615
LTU,Lithuania,2024,1,2024.0,2024-Q1,70493980292.2933,1456244.57675522,48408.06373979213,10.787421685021505
LTU,Lithuania,2024,2,2024.25,2024-Q2,70786078334.6941,1466441.51309328,48270.645438411986,10.784578899984492
LTU,Lithuania,2024,3,2024.5,2024-Q3,71550611878.4183,1464592.13199381,48853.609353351836,10.796583541196973
LTU,Lithuania,2024,4,2024.75,2024-Q4,72467406847.3766,1467621.7781577,49377.440377278035,10.807248926344624
LTU,Lithuania,2025,1,2025.0,2025-Q1,72654188647.822,1459190.43618699,49790.7516702718,10.815584536334319
LTU,Lithuania,2025,2,2025.25,2025-Q2,73080271149.2243,1457009.33311597,50157.723418925765,10.822927787891757
LTU,Lithuania,2025,3,2025.5,2025-Q3,72907646405.9908,1453366.80978318,50164.656241783516,10.823065998785323
LTU,Lithuania,2025,4,2025.75,2025-Q4,73690526139.0381,1456854.89012666,50581.92592718098,10.831349596351187
LUX,Luxembourg,1985,1,1985.0,1985-Q1,20960617101.2576,153435.893990794,136608.30302533522,11.824873007765987
LUX,Luxembourg,1985,2,1985.25,1985-Q2,21130008441.5911,153603.137368495,137562.3493347018,11.831832543018436
LUX,Luxembourg,1985,3,1985.5,1985-Q3,21446092050.0614,153908.832307613,139342.8286636451,11.844692568820467
LUX,Luxembourg,1985,4,1985.75,1985-Q4,21925777639.2274,154307.415540382,142091.53566887043,11.864226746293266
LUX,Luxembourg,1986,1,1986.0,1986-Q1,22700731371.6225,154819.628097379,146626.95971174995,11.89564695133449
LUX,Luxembourg,1986,2,1986.25,1986-Q2,23308016979.5623,155285.730397146,150097.60987021562,11.91904109391193
LUX,Luxembourg,1986,3,1986.5,1986-Q3,23819882457.8024,155761.700416863,152925.15678792386,11.93770390937049
LUX,Luxembourg,1986,4,1986.75,1986-Q4,24166384220.5173,156251.304119073,154663.56813317246,11.949007508717877
LUX,Luxembourg,1987,1,1987.0,1987-Q1,24203343333.1587,156772.854181905,154384.7846584163,11.947203366758496
LUX,Luxembourg,1987,2,1987.25,1987-Q2,24304637775.2104,157293.852593399,154517.40404653532,11.94806201652607
LUX,Luxembourg,1987,3,1987.5,1987-Q3,24448006332.0599,157812.991505617,154917.5774365175,11.950648495993624
LUX,Luxembourg,1987,4,1987.75,1987-Q4,24752749907.0729,158312.881012106,156353.35387004982,11.959873813695571
LUX,Luxembourg,1988,1,1988.0,1988-Q1,25320013997.9808,158764.3480268,159481.7370062622,11.9796846931231
LUX,Luxembourg,1988,2,1988.25,1988-Q2,26053181755.3701,159220.955417954,163629.10074858335,12.005357564768797
LUX,Luxembourg,1988,3,1988.5,1988-Q3,26894130239.9625,159686.812067994,168417.97949170085,12.034204141669013
LUX,Luxembourg,1988,4,1988.75,1988-Q4,27710778154.4438,160190.969229711,172985.89482099356,12.060965337329307
LUX,Luxembourg,1989,1,1989.0,1989-Q1,28483628528.3578,160762.368248932,177178.458109378,12.0849127415316
LUX,Luxembourg,1989,2,1989.25,1989-Q2,28975334429.0589,161369.786489723,179558.6092003922,12.098256947267698
LUX,Luxembourg,1989,3,1989.5,1989-Q3,29312238777.7815,161998.449277653,180941.47757885358,12.105928929672473
LUX,Luxembourg,1989,4,1989.75,1989-Q4,29590702187.3814,162614.118614971,181968.83788082807,12.11159073096403
LUX,Luxembourg,1990,1,1990.0,1990-Q1,29776617276.6191,163195.566367259,182459.71958336863,12.11428471303195
LUX,Luxembourg,1990,2,1990.25,1990-Q2,30254907368.2604,163740.565374726,184773.43900102572,12.126885699510384
LUX,Luxembourg,1990,3,1990.5,1990-Q3,30891767903.7376,164273.186227973,188051.18846886556,12.144469483840572
LUX,Luxembourg,1990,4,1990.75,1990-Q4,31628985744.3841,164820.753363269,191899.2911934642,12.1647259883645
LUX,Luxembourg,1991,1,1991.0,1991-Q1,32563810878.8979,165455.384999073,196813.24291186017,12.190010552555139
LUX,Luxembourg,1991,2,1991.25,1991-Q2,33173813595.4854,166024.485200614,199812.77794898843,12.20513609685028
LUX,Luxembourg,1991,3,1991.5,1991-Q3,33592442467.0268,166530.90552342,201718.96838873875,12.214630762102326
LUX,Luxembourg,1991,4,1991.75,1991-Q4,33815863773.0871,166900.933498938,202610.39326842516,12.219040168930233
LUX,Luxembourg,1992,1,1992.0,1992-Q1,33722138641.3987,167075.627868487,201837.56943857163,12.215218541221882
LUX,Luxembourg,1992,2,1992.25,1992-Q2,33780896626.553,167058.92377095,202209.47114964706,12.21705942497423
LUX,Luxembourg,1992,3,1992.5,1992-Q3,33906531364.3064,166900.878626825,203153.70202524986,12.221718124362065
LUX,Luxembourg,1992,4,1992.75,1992-Q4,34159157684.6459,166702.25464768,204911.19185424462,12.230331953790682
LUX,Luxembourg,1993,1,1993.0,1993-Q1,34617204120.3361,166411.241536646,208022.02904491234,12.245399261945277
LUX,Luxembourg,1993,2,1993.25,1993-Q2,35085185338.9714,166440.528515543,210797.12767010936,12.25865146970314
LUX,Luxembourg,1993,3,1993.5,1993-Q3,35566296622.0134,166654.13529537,213413.8259394365,12.270988404595679
LUX,Luxembourg,1993,4,1993.75,1993-Q4,35994803135.5979,167020.647126997,215511.09850645374,12.280767688389838
LUX,Luxembourg,1994,1,1994.0,1994-Q1,36353424720.4454,167606.506483527,216897.4551355997,12.287179963853557
LUX,Luxembourg,1994,2,1994.25,1994-Q2,36601152380.427,168062.772994308,217782.62805211847,12.291252725290361
LUX,Luxembourg,1994,3,1994.5,1994-Q3,36781501735.8682,168476.989971416,218317.65715964293,12.293706424102778
LUX,Luxembourg,1994,4,1994.75,1994-Q4,36924977026.6976,168839.656035357,218698.48525967784,12.295449280530576
LUX,Luxembourg,1995,1,1995.0,1995-Q1,37223987730.8977,167973.189108025,221606.7214569501,12.308659564879708
LUX,Luxembourg,1995,2,1995.25,1995-Q2,37287773815.6494,168186.836416038,221704.47230133944,12.309100568162954
LUX,Luxembourg,1995,3,1995.5,1995-Q3,37263977383.8285,170908.573340546,218034.57050441642,12.292408909494188
LUX,Luxembourg,1995,4,1995.75,1995-Q4,36985796934.0718,171569.278003793,215573.541862513,12.281057391852448
LUX,Luxembourg,1996,1,1996.0,1996-Q1,37304646472.6101,172787.038635033,215899.56496335534,12.282568601509462
LUX,Luxembourg,1996,2,1996.25,1996-Q2,37733386671.4879,171935.947107922,219461.882789427,12.298933841699764
LUX,Luxembourg,1996,3,1996.5,1996-Q3,37050160000.0618,170551.264079888,217237.67454873343,12.28874730756531
LUX,Luxembourg,1996,4,1996.75,1996-Q4,38729612183.8485,169462.623080786,228543.68402751192,12.339482648407623
LUX,Luxembourg,1997,1,1997.0,1997-Q1,38556345257.2069,170617.546685301,225981.1256595017,12.328206759985903
LUX,Luxembourg,1997,2,1997.25,1997-Q2,39263729647.7714,172718.860040804,227327.40152694116,12.334146554827067
LUX,Luxembourg,1997,3,1997.5,1997-Q3,40274401260.4827,174678.330628981,230563.2365243176,12.348280448801015
LUX,Luxembourg,1997,4,1997.75,1997-Q4,40885888133.8247,176006.535722188,232297.55625870478,12.35577439893866
LUX,Luxembourg,1998,1,1998.0,1998-Q1,41364572260.0818,175335.58727948,235916.58089437278,12.371233550735667
LUX,Luxembourg,1998,2,1998.25,1998-Q2,42199102824.656,176993.73316209,238421.45182626473,12.38179519261787
LUX,Luxembourg,1998,3,1998.5,1998-Q3,42753430808.9652,177731.368099116,240550.8451672007,12.39068676059971
LUX,Luxembourg,1998,4,1998.75,1998-Q4,43272023702.9329,178798.083011027,242016.1501410739,12.396759739032207
LUX,Luxembourg,1999,1,1999.0,1999-Q1,44619517550.1398,178557.944290571,249888.16782931564,12.428768768080323
LUX,Luxembourg,1999,2,1999.25,1999-Q2,45538648662.8304,179759.268544824,253331.2970812132,12.442453385724784
LUX,Luxembourg,1999,3,1999.5,1999-Q3,46806130850.0875,181035.571007256,258546.5971668711,12.462831216518927
LUX,Luxembourg,1999,4,1999.75,1999-Q4,46489147063.9648,182602.614714615,254591.90240304888,12.44741715942702
LUX,Luxembourg,2000,1,2000.0,2000-Q1,48734720297.1846,183026.391186278,266271.54685896676,12.492271919901173
LUX,Luxembourg,2000,2,2000.25,2000-Q2,48429702131.3226,184214.426355069,262898.5312907876,12.479523424132521
LUX,Luxembourg,2000,3,2000.5,2000-Q3,49182511661.624,185120.180225901,265678.8233546818,12.490043427234294
LUX,Luxembourg,2000,4,2000.75,2000-Q4,49812936461.219,186538.727693937,267038.0412530178,12.495146403836623
LUX,Luxembourg,2001,1,2001.0,2001-Q1,50310089379.4514,189065.626887228,266098.5511102971,12.491622012044145
LUX,Luxembourg,2001,2,2001.25,2001-Q2,49747866997.6381,189667.929519652,262289.29225741135,12.477203342518507
LUX,Luxembourg,2001,3,2001.5,2001-Q3,50320663773.9225,190426.310543898,264252.68456966896,12.484661062884925
LUX,Luxembourg,2001,4,2001.75,2001-Q4,51808978789.7228,191082.153401583,271134.5767641616,12.510370569825916
LUX,Luxembourg,2002,1,2002.0,2002-Q1,51851071458.3822,192461.820322559,269409.64899678127,12.5039883589346
LUX,Luxembourg,2002,2,2002.25,2002-Q2,52415466956.4484,192341.914000629,272511.9339109675,12.515437686295186
LUX,Luxembourg,2002,3,2002.5,2002-Q3,52316075197.7076,192536.298545938,271720.5825229122,12.512529547138183
LUX,Luxembourg,2002,4,2002.75,2002-Q4,52131468163.1759,193088.185442736,269987.8713119736,12.506132315904766
LUX,Luxembourg,2003,1,2003.0,2003-Q1,52146701546.338,194304.446267521,268376.26491851715,12.500145248420155
LUX,Luxembourg,2003,2,2003.25,2003-Q2,53441048411.4405,194683.986645157,274501.51053689606,12.522712042783233
LUX,Luxembourg,2003,3,2003.5,2003-Q3,53799321406.3673,195212.109130468,275594.181354862,12.526684705253126
LUX,Luxembourg,2003,4,2003.75,2003-Q4,54848559092.1318,195807.750158741,280114.3419893552,12.542953163041098
LUX,Luxembourg,2004,1,2004.0,2004-Q1,55308375392.6601,195485.982666552,282927.5768943584,12.552946231840233
LUX,Luxembourg,2004,2,2004.25,2004-Q2,55874340064.0007,196424.689642041,284456.8071652529,12.558336700865393
LUX,Luxembourg,2004,3,2004.5,2004-Q3,56336054471.0327,197016.830083283,285945.39079335664,12.563556130288413
LUX,Luxembourg,2004,4,2004.75,2004-Q4,55858804709.3494,197464.144273527,282880.7473622851,12.552780700404329
LUX,Luxembourg,2005,1,2005.0,2005-Q1,55656111739.5521,196631.039755025,283048.45363627176,12.55337337623233
LUX,Luxembourg,2005,2,2005.25,2005-Q2,55514891537.205,197614.555558225,280925.1139440897,12.54584341437926
LUX,Luxembourg,2005,3,2005.5,2005-Q3,57308559044.4447,198287.850802225,289016.9963141364,12.574240776140842
LUX,Luxembourg,2005,4,2005.75,2005-Q4,60416136855.4106,199016.084205485,303574.14123890945,12.623381147091235
LUX,Luxembourg,2006,1,2006.0,2006-Q1,60022047884.9219,200461.821004858,299418.8498540444,12.60959870775019
LUX,Luxembourg,2006,2,2006.25,2006-Q2,60632963169.3735,201492.44638299,300919.2863444837,12.614597356092467
LUX,Luxembourg,2006,3,2006.5,2006-Q3,60817758936.086,201928.345706106,301184.85209898377,12.615479481807155
LUX,Luxembourg,2006,4,2006.75,2006-Q4,61203306427.3079,202877.255145956,301676.5303891577,12.617110630902026
LUX,Luxembourg,2007,1,2007.0,2007-Q1,64588131811.8227,204004.769194891,316601.0876447697,12.665397861814082
LUX,Luxembourg,2007,2,2007.25,2007-Q2,66001595644.7302,205542.75617856,321108.838237982,12.679535404575732
LUX,Luxembourg,2007,3,2007.5,2007-Q3,65604972270.6712,207030.92648969,316884.88953334367,12.666293862413259
LUX,Luxembourg,2007,4,2007.75,2007-Q4,66091917474.098,208551.086462753,316909.9648200679,12.666372989867718
LUX,Luxembourg,2008,1,2008.0,2008-Q1,66887801080.3988,210476.164235225,317792.75968582364,12.669154750212964
LUX,Luxembourg,2008,2,2008.25,2008-Q2,65904474064.5067,211568.276880823,311504.5177667675,12.649169120368574
LUX,Luxembourg,2008,3,2008.5,2008-Q3,65532493720.9081,212919.343344293,307780.837060639,12.637143240686115
LUX,Luxembourg,2008,4,2008.75,2008-Q4,63168979051.752,213792.407498861,295468.76706596115,12.596318415033904
LUX,Luxembourg,2009,1,2009.0,2009-Q1,61464490196.0994,213691.084320572,287632.45032671787,12.569438729919943
LUX,Luxembourg,2009,2,2009.25,2009-Q2,62694457818.1678,213916.149763141,293079.5916418014,12.588199494939374
LUX,Luxembourg,2009,3,2009.5,2009-Q3,63982802999.9218,214424.684367709,298392.89813387365,12.606166347209065
LUX,Luxembourg,2009,4,2009.75,2009-Q4,64833354230.4692,215623.139788651,300679.0193947524,12.61379859399419
LUX,Luxembourg,2010,1,2010.0,2010-Q1,65516791203.4681,216215.786227621,303015.7619226533,12.621540102685247
LUX,Luxembourg,2010,2,2010.25,2010-Q2,66033739431.2891,217161.279951491,304076.94892035803,12.625036069807075
LUX,Luxembourg,2010,3,2010.5,2010-Q3,65215892791.4949,218494.548318772,298478.3524042365,12.606452687926161
LUX,Luxembourg,2010,4,2010.75,2010-Q4,65695876473.6253,219507.291170188,299287.9012054779,12.60916126938684
LUX,Luxembourg,2011,1,2011.0,2011-Q1,66422705671.1569,221232.720780576,300239.06697344535,12.61233432620164
LUX,Luxembourg,2011,2,2011.25,2011-Q2,65994046357.4995,223173.368563548,295707.5334851518,12.597126182300457
LUX,Luxembourg,2011,3,2011.5,2011-Q3,66848550179.1469,224599.004962827,297635.11281009857,12.603623561574276
LUX,Luxembourg,2011,4,2011.75,2011-Q4,65908647741.8757,225718.993316716,291994.2481286741,12.584489382866934
LUX,Luxembourg,2012,1,2012.0,2012-Q1,67003078696.4123,227214.267642829,294889.39841461997,12.59435564439324
LUX,Luxembourg,2012,2,2012.25,2012-Q2,66946685520.7986,228547.939267723,292921.85147369315,12.587661133903675
LUX,Luxembourg,2012,3,2012.5,2012-Q3,67289288352.3737,229865.513373997,292733.29158729577,12.587017205833899
LUX,Luxembourg,2012,4,2012.75,2012-Q4,68258428100.62,231220.273334223,295209.52949464857,12.595440652673355
LUX,Luxembourg,2013,1,2013.0,2013-Q1,68230592800.1306,231720.812258273,294451.7246214452,12.592870345449962
LUX,Luxembourg,2013,2,2013.25,2013-Q2,69905256578.8737,233014.692352411,300003.64300268725,12.611549896906899
LUX,Luxembourg,2013,3,2013.5,2013-Q3,70096722680.0894,234626.081111775,298759.2954199136,12.607393496120094
LUX,Luxembourg,2013,4,2013.75,2013-Q4,69752825684.9891,235606.989840027,296055.84168937453,12.598303369869198
LUX,Luxembourg,2014,1,2014.0,2014-Q1,70583058548.1897,237031.745041521,297778.92634518474,12.604106632272734
LUX,Luxembourg,2014,2,2014.25,2014-Q2,69869677866.6249,238339.573460389,293151.8121485475,12.58844588401592
LUX,Luxembourg,2014,3,2014.5,2014-Q3,71343568351.4664,239575.299312782,297791.8364544021,12.604149986010109
LUX,Luxembourg,2014,4,2014.75,2014-Q4,73460232112.8734,240704.567437237,305188.35971830046,12.628684437816801
LUX,Luxembourg,2015,1,2015.0,2015-Q1,72515255476.1135,242003.253802688,299645.7871398589,12.61035634651788
LUX,Luxembourg,2015,2,2015.25,2015-Q2,73232081868.0643,243170.155555539,301155.7141983997,12.615382732883914
LUX,Luxembourg,2015,3,2015.5,2015-Q3,72997342173.9725,244623.216211018,298407.2538356425,12.60621445611696
LUX,Luxembourg,2015,4,2015.75,2015-Q4,73020890557.7844,245898.294499269,296955.6609023227,12.601338116748822
LUX,Luxembourg,2016,1,2016.0,2016-Q1,75417072071.2575,247003.965451534,305327.3737261336,12.629139836433481
LUX,Luxembourg,2016,2,2016.25,2016-Q2,76452478384.3456,248393.839213942,307787.3373441318,12.637164360307834
LUX,Luxembourg,2016,3,2016.5,2016-Q3,77012090869.7163,250555.117392914,307365.8669239948,12.635794065938358
LUX,Luxembourg,2016,4,2016.75,2016-Q4,77449927959.7071,252196.514819032,307101.49985729443,12.634933590354775
LUX,Luxembourg,2017,1,2017.0,2017-Q1,76392590967.2137,254230.503149511,300485.54371261975,12.613154924354674
LUX,Luxembourg,2017,2,2017.25,2017-Q2,77193462495.4348,256083.951149056,301438.11101424176,12.616320003810698
LUX,Luxembourg,2017,3,2017.5,2017-Q3,78119452674.8094,258100.112478479,302671.1299140685,12.620402115218713
LUX,Luxembourg,2017,4,2017.75,2017-Q4,78694055887.6811,260261.022889497,302365.8902666092,12.61939312018808
LUX,Luxembourg,2018,1,2018.0,2018-Q1,78612178475.3157,261774.12631745,300305.37999001384,12.612555169195604
LUX,Luxembourg,2018,2,2018.25,2018-Q2,78387635711.3334,262937.165110186,298123.0731626867,12.6052616774179
LUX,Luxembourg,2018,3,2018.5,2018-Q3,79003770788.6703,264846.833451379,298299.8503668119,12.605854468882908
LUX,Luxembourg,2018,4,2018.75,2018-Q4,79517014473.4002,266698.536628473,298153.17128707067,12.605362631043638
LUX,Luxembourg,2019,1,2019.0,2019-Q1,79744625483.407,268611.339566454,296877.36047226074,12.60107440480389
LUX,Luxembourg,2019,2,2019.25,2019-Q2,81024342908.3259,270423.786748521,299619.8813814926,12.6102698881748
LUX,Luxembourg,2019,3,2019.5,2019-Q3,81483587619.9639,272385.29363302,299148.2635980536,12.608694594348895
LUX,Luxembourg,2019,4,2019.75,2019-Q4,81975795755.0601,274086.670781377,299087.1300722516,12.608490214846574
LUX,Luxembourg,2020,1,2020.0,2020-Q1,81431098504.3181,274821.377741947,296305.54643671366,12.59914645237638
LUX,Luxembourg,2020,2,2020.25,2020-Q2,75890487873.4971,273883.05219717,277090.8505096661,12.532100711575033
LUX,Luxembourg,2020,3,2020.5,2020-Q3,82339967978.723,276368.57642321,297935.34794865316,12.604631788757354
LUX,Luxembourg,2020,4,2020.75,2020-Q4,83026656537.5791,276874.254953254,299871.3497273225,12.61110882742038
LUX,Luxembourg,2021,1,2021.0,2021-Q1,85448014923.9667,278065.8511331,307294.1699808577,12.635560776187415
LUX,Luxembourg,2021,2,2021.25,2021-Q2,85405091833.712,280476.807919727,304499.65709163056,12.626425239995594
LUX,Luxembourg,2021,3,2021.5,2021-Q3,86188346560.9453,282334.762025791,305270.0487270217,12.628952069511538
LUX,Luxembourg,2021,4,2021.75,2021-Q4,88013036246.3553,284003.893589307,309900.8085207078,12.644007552745355
LUX,Luxembourg,2022,1,2022.0,2022-Q1,85527374109.8058,285634.998506815,299428.9024696152,12.609632280943151
LUX,Luxembourg,2022,2,2022.25,2022-Q2,85016605512.818,287185.010933094,296034.2715540417,12.598230508881114
LUX,Luxembourg,2022,3,2022.5,2022-Q3,85685774332.9508,289398.457810741,296082.34605378256,12.598392890744474
LUX,Luxembourg,2022,4,2022.75,2022-Q4,85081799000.4034,290598.140629024,292781.63589153293,12.587182340152696
LUX,Luxembourg,2023,1,2023.0,2023-Q1,85093872467.6246,291539.99878121,291877.17919792,12.584088373580151
LUX,Luxembourg,2023,2,2023.25,2023-Q2,85454873990.6506,292556.075717096,292097.41681552405,12.584842644843144
LUX,Luxembourg,2023,3,2023.5,2023-Q3,86242555835.61,293043.107995234,294299.8947343018,12.592354576539888
LUX,Luxembourg,2023,4,2023.75,2023-Q4,84830138118.2187,293854.504589143,288680.74776265625,12.573076677465023
LUX,Luxembourg,2024,1,2024.0,2024-Q1,87147310948.4741,294593.742635412,295822.00276510033,12.597513210417778
LUX,Luxembourg,2024,2,2024.25,2024-Q2,86177599611.3374,294595.759106628,292528.3102264405,12.586316728069422
LUX,Luxembourg,2024,3,2024.5,2024-Q3,84576735507.6229,294919.498013478,286779.0569199927,12.566467361749755
LUX,Luxembourg,2024,4,2024.75,2024-Q4,84887286222.5554,295652.137186538,287118.7978898216,12.56765133902609
LUX,Luxembourg,2025,1,2025.0,2025-Q1,85501215829.5513,296487.320038808,288380.6829187833,12.572036701979005
LUX,Luxembourg,2025,2,2025.25,2025-Q2,85997495187.4041,297404.8834845,289159.66066134244,12.574734273581045
LUX,Luxembourg,2025,3,2025.5,2025-Q3,86674239692.2287,298569.197325382,290298.66599993146,12.57866555475563
LUX,Luxembourg,2025,4,2025.75,2025-Q4,87204212651.8628,299166.335720032,291490.7268626336,12.582763472474683
NLD,Netherlands,1960,1,1960.0,1960-Q1,202660887958.966,4407388.40262403,45982.08041712586,10.736007043425086
NLD,Netherlands,1960,2,1960.25,1960-Q2,208155938035.748,4430293.95784856,46984.67867284199,10.7575768418631
NLD,Netherlands,1960,3,1960.5,1960-Q3,205983726459.407,4454136.30669111,46245.492341573234,10.741719275305853
NLD,Netherlands,1960,4,1960.75,1960-Q4,210403424270.675,4479878.19078255,46966.327054066955,10.757186178264206
NLD,Netherlands,1961,1,1961.0,1961-Q1,213957463508.202,4495027.4533812,47598.70005849714,10.770560730151157
NLD,Netherlands,1961,2,1961.25,1961-Q2,212473477381.791,4526936.46569231,46935.37870302254,10.756527013408457
NLD,Netherlands,1961,3,1961.5,1961-Q3,212736938686.842,4560512.2351203,46647.59740113498,10.750376702293984
NLD,Netherlands,1961,4,1961.75,1961-Q4,214667196003.442,4593596.5002714,46731.83549986572,10.75218091375607
NLD,Netherlands,1962,1,1962.0,1962-Q1,217586777404.314,4635336.40848949,46940.8815735164,10.756644250087549
NLD,Netherlands,1962,2,1962.25,1962-Q2,220205260170.844,4661713.04164768,47236.98310117616,10.762932405045373
NLD,Netherlands,1962,3,1962.5,1962-Q3,226146581437.814,4685624.35080108,48263.916290931586,10.784439485719366
NLD,Netherlands,1962,4,1962.75,1962-Q4,225297053148.058,4709413.03900938,47839.73104118491,10.7756117665599
NLD,Netherlands,1963,1,1963.0,1963-Q1,211935801249.034,4727076.88321934,44834.43076658756,10.710731667121488
NLD,Netherlands,1963,2,1963.25,1963-Q2,231372793448.218,4756835.29764603,48640.068232489626,10.792202919445185
NLD,Netherlands,1963,3,1963.5,1963-Q3,237072160455.448,4788620.35388385,49507.40358090168,10.809877504663653
NLD,Netherlands,1963,4,1963.75,1963-Q4,241852101275.661,4819895.9085696,50177.868124839944,10.82332933445913
NLD,Netherlands,1964,1,1964.0,1964-Q1,244545858700.778,4861863.04871129,50298.79621261619,10.825736423646704
NLD,Netherlands,1964,2,1964.25,1964-Q2,246384711074.808,4885297.03492378,50433.92639453951,10.8284193703493
NLD,Netherlands,1964,3,1964.5,1964-Q3,251019479339.178,4905328.27781697,51172.81966109102,10.842963804074042
NLD,Netherlands,1964,4,1964.75,1964-Q4,253896046649.43,4924135.82234994,51561.54415908524,10.850531405384444
NLD,Netherlands,1965,1,1965.0,1965-Q1,261719234381.053,4943181.25467788,52945.50632416732,10.87701848102909
NLD,Netherlands,1965,2,1965.25,1965-Q2,259444864339.488,4965279.2411734,52251.81741806242,10.86382995234295
NLD,Netherlands,1965,3,1965.5,1965-Q3,262084854151.327,4987894.88702038,52544.181480915024,10.869409646690785
NLD,Netherlands,1965,4,1965.75,1965-Q4,269278960807.624,5008411.46001229,53765.34315472619,10.892384359297074
NLD,Netherlands,1966,1,1966.0,1966-Q1,262111737957.966,5045868.79756819,51945.80922997608,10.85795632397557
NLD,Netherlands,1966,2,1966.25,1966-Q2,269945679212.242,5055365.36078051,53397.85751322323,10.885525902668178
NLD,Netherlands,1966,3,1966.5,1966-Q3,275602032128.851,5061082.64981847,54455.1534124297,10.905132768738941
NLD,Netherlands,1966,4,1966.75,1966-Q4,276655877349.056,5066573.92777582,54604.13314653941,10.907864857522565
NLD,Netherlands,1967,1,1967.0,1967-Q1,280575536356.859,5058560.57820824,55465.489049503456,10.923516287397089
NLD,Netherlands,1967,2,1967.25,1967-Q2,283661797358.888,5073516.85710396,55910.2897158415,10.931503715832369
NLD,Netherlands,1967,3,1967.5,1967-Q3,288651431870.877,5094450.31711067,56659.97583711571,10.944823346930406
NLD,Netherlands,1967,4,1967.75,1967-Q4,291646287930.336,5120457.62423252,56957.074803260264,10.950053189487289
NLD,Netherlands,1968,1,1968.0,1968-Q1,301641687238.3,5128667.38441342,58814.827445238894,10.98214926953389
NLD,Netherlands,1968,2,1968.25,1968-Q2,302018060531.23,5161873.30770467,58509.39039523392,10.976942539914708
NLD,Netherlands,1968,3,1968.5,1968-Q3,303421395237.727,5196008.61968377,58395.0908180351,10.974987103947951
NLD,Netherlands,1968,4,1968.75,1968-Q4,312653294437.174,5228735.52991516,59795.20146857515,10.998680693718665
NLD,Netherlands,1969,1,1969.0,1969-Q1,312578019778.588,5276161.51247902,59243.451709976616,10.989410533226788
NLD,Netherlands,1969,2,1969.25,1969-Q2,316615967535.597,5299765.99002154,59741.49955521152,10.997782192814483
NLD,Netherlands,1969,3,1969.5,1969-Q3,323508975557.548,5319195.14718933,60819.15902793875,11.015660133906866
NLD,Netherlands,1969,4,1969.75,1969-Q4,333138755095.235,5336357.64622651,62428.1161759851,11.0417710326203
NLD,Netherlands,1970,1,1970.0,1970-Q1,328482479785.556,5360861.89181646,61274.191802440546,11.023114018630675
NLD,Netherlands,1970,2,1970.25,1970-Q2,337644481087.743,5378388.12472874,62778.00583697595,11.047360065587148
NLD,Netherlands,1970,3,1970.5,1970-Q3,342919083950.096,5394400.06666647,63569.45716152764,11.059888400669953
NLD,Netherlands,1970,4,1970.75,1970-Q4,350043292709.13,5405832.76029747,64752.889745310575,11.078333607837134
NLD,Netherlands,1971,1,1971.0,1971-Q1,351683204914.042,5446495.94043665,64570.543843248925,11.075513608122582
NLD,Netherlands,1971,2,1971.25,1971-Q2,354651177166.862,5440914.76534858,65182.27034643517,11.084942783733924
NLD,Netherlands,1971,3,1971.5,1971-Q3,357016952150.997,5429596.46930297,65753.86479813838,11.093673728512346
NLD,Netherlands,1971,4,1971.75,1971-Q4,353081162859.211,5417513.09431334,65174.030355336574,11.08481636113578
NLD,Netherlands,1972,1,1972.0,1972-Q1,363146460064.433,5390742.42378401,67364.83243239876,11.117878386728957
NLD,Netherlands,1972,2,1972.25,1972-Q2,364834763121.29,5390787.28785575,67677.454820594,11.122508387494285
NLD,Netherlands,1972,3,1972.5,1972-Q3,365404699822.013,5397436.82447642,67699.67147460947,11.122836606224034
NLD,Netherlands,1972,4,1972.75,1972-Q4,369948063143.815,5408116.70111185,68406.07989612312,11.133216987030615
NLD,Netherlands,1973,1,1973.0,1973-Q1,381610258463.326,5411289.22463273,70521.13509775045,11.163667732493304
NLD,Netherlands,1973,2,1973.25,1973-Q2,380368226596.656,5422618.07794467,70144.75685531345,11.158316340831567
NLD,Netherlands,1973,3,1973.5,1973-Q3,377626078319.593,5432122.03916607,69517.23020890848,11.149329917501564
NLD,Netherlands,1973,4,1973.75,1973-Q4,392336897311.837,5439094.54125997,72132.75929212877,11.186263579197323
NLD,Netherlands,1974,1,1974.0,1974-Q1,394600513830.747,5458667.27961061,72288.80120696705,11.188424502746688
NLD,Netherlands,1974,2,1974.25,1974-Q2,399122370107.237,5458934.54696112,73113.60242071787,11.199769708053987
NLD,Netherlands,1974,3,1974.5,1974-Q3,402262398722.542,5457414.96180829,73709.32969869935,11.20788466037858
NLD,Netherlands,1974,4,1974.75,1974-Q4,396702827509.828,5456266.26485014,72705.91431093287,11.194178012495126
NLD,Netherlands,1975,1,1975.0,1975-Q1,388928030630.156,5445854.35487089,71417.2662884916,11.176294943861569
NLD,Netherlands,1975,2,1975.25,1975-Q2,394245647583.126,5451305.35949175,72321.32885322046,11.188874369526955
NLD,Netherlands,1975,3,1975.5,1975-Q3,396493133818.053,5459908.69297435,72619.00447680538,11.192981936210156
NLD,Netherlands,1975,4,1975.75,1975-Q4,411585702864.557,5470130.31458963,75242.39445755037,11.228470107171615
NLD,Netherlands,1976,1,1976.0,1976-Q1,412381463541.041,5477917.55923828,75280.69911267227,11.228979061047598
NLD,Netherlands,1976,2,1976.25,1976-Q2,412806227685.917,5487167.76611819,75231.20219412395,11.228321346675473
NLD,Netherlands,1976,3,1976.5,1976-Q3,427361120599.664,5495798.92606197,77761.41855791853,11.26140068173951
NLD,Netherlands,1976,4,1976.75,1976-Q4,420150883659.383,5504641.78545887,76326.6530383973,11.242777475257803
NLD,Netherlands,1977,1,1977.0,1977-Q1,425001863251.798,5507533.87449556,77167.36255039816,11.25373188173138
NLD,Netherlands,1977,2,1977.25,1977-Q2,425060056492.468,5519282.12693974,77013.64900658735,11.251737944952964
NLD,Netherlands,1977,3,1977.5,1977-Q3,428568277572.848,5533672.84784417,77447.34633884461,11.257353582363834
NLD,Netherlands,1977,4,1977.75,1977-Q4,432841324102.031,5551475.31343743,77968.7019510529,11.264062768108799
NLD,Netherlands,1978,1,1978.0,1978-Q1,433938682354.661,5552105.52275168,78157.49909227168,11.266481288920602
NLD,Netherlands,1978,2,1978.25,1978-Q2,434736761083.847,5578539.07034873,77930.21714136178,11.263569053197921
NLD,Netherlands,1978,3,1978.5,1978-Q3,438801974610.638,5607690.77496258,78250.03057761617,11.26766449917058
NLD,Netherlands,1978,4,1978.75,1978-Q4,446508422339.341,5637328.49646407,79205.67740897248,11.279803259690032
NLD,Netherlands,1979,1,1979.0,1979-Q1,424602823887.206,5675756.56640282,74809.9075285589,11.222705608781727
NLD,Netherlands,1979,2,1979.25,1979-Q2,449334951171.874,5699911.27994757,78831.92020069604,11.275073272512785
NLD,Netherlands,1979,3,1979.5,1979-Q3,452660279210.148,5719303.86192549,79146.04471771378,11.279050092079643
NLD,Netherlands,1979,4,1979.75,1979-Q4,459626841450.334,5733150.44414054,80170.02971203852,11.291905029649858
NLD,Netherlands,1980,1,1980.0,1980-Q1,459360815207.272,5773190.9285117,79567.92368301128,11.284366321812335
NLD,Netherlands,1980,2,1980.25,1980-Q2,450856288749.384,5777535.87068662,78036.08646324213,11.264926645648261
NLD,Netherlands,1980,3,1980.5,1980-Q3,447830240234.554,5773747.61102193,77563.18259905542,11.258848142540701
NLD,Netherlands,1980,4,1980.75,1980-Q4,458221890354.163,5763290.11017126,79506.9971482915,11.283600311213297
NLD,Netherlands,1981,1,1981.0,1981-Q1,453807517383.354,5777361.09687481,78549.27358250732,11.271481395805326
NLD,Netherlands,1981,2,1981.25,1981-Q2,453691130902.014,5757960.7683302,78793.71693489043,11.274588538338218
NLD,Netherlands,1981,3,1981.5,1981-Q3,449542784174.266,5736305.7168631,78367.99612209277,11.269170910268594
NLD,Netherlands,1981,4,1981.75,1981-Q4,449900256938.38,5713882.53942964,78738.10037811681,11.273882438960543
NLD,Netherlands,1982,1,1982.0,1982-Q1,454123423546.989,5686516.22790605,79859.69007147478,11.288026499711545
NLD,Netherlands,1982,2,1982.25,1982-Q2,443075021139.822,5667001.49854003,78185.08981407009,11.266834241014818
NLD,Netherlands,1982,3,1982.5,1982-Q3,447988193316.373,5651087.8888661,79274.68164121272,11.280674083519742
NLD,Netherlands,1982,4,1982.75,1982-Q4,438577514968.055,5640171.45063033,77759.60692099898,11.261377384093239
NLD,Netherlands,1983,1,1983.0,1983-Q1,442227062490.062,5599688.66145175,78973.50892637167,11.276867745167538
NLD,Netherlands,1983,2,1983.25,1983-Q2,454239810028.329,5602532.9639168,81077.57918674775,11.303161743025331
NLD,Netherlands,1983,3,1983.5,1983-Q3,460940346025.452,5612032.04857522,82134.30394476728,11.316111039412908
NLD,Netherlands,1983,4,1983.75,1983-Q4,457706464508.23,5627051.42268996,81340.37351473636,11.306397771468577
NLD,Netherlands,1984,1,1984.0,1984-Q1,465379658956.549,5619999.01958214,82807.78294355486,11.324277332858756
NLD,Netherlands,1984,2,1984.25,1984-Q2,465105319393.392,5642797.41510549,82424.59992420215,11.319639214111982
NLD,Netherlands,1984,3,1984.5,1984-Q3,470193071291.952,5668564.14611613,82947.47297057744,11.325962830664816
NLD,Netherlands,1984,4,1984.75,1984-Q4,471057656581.903,5697016.24411908,82684.97690666877,11.322793206791385
NLD,Netherlands,1985,1,1985.0,1985-Q1,472795140481.902,5714326.09170466,82738.56494963536,11.323441095770665
NLD,Netherlands,1985,2,1985.25,1985-Q2,482122685629.263,5747234.82114349,83887.76527027969,11.337235056676123
NLD,Netherlands,1985,3,1985.5,1985-Q3,477425659775.199,5781588.82970683,82576.89604665436,11.32148521150497
NLD,Netherlands,1985,4,1985.75,1985-Q4,489105874509.639,5816713.96651677,84086.28605860962,11.339598765584604
NLD,Netherlands,1986,1,1986.0,1986-Q1,489970459799.591,5851890.16547584,83728.58101306309,11.335335667880182
NLD,Netherlands,1986,2,1986.25,1986-Q2,498458359617.287,5886550.46191042,84677.49709148292,11.346605167555044
NLD,Netherlands,1986,3,1986.5,1986-Q3,499721984271.832,5920051.56854801,84411.76204051159,11.34346203154382
NLD,Netherlands,1986,4,1986.75,1986-Q4,493353981078.536,5951811.4691007,82891.39930587893,11.325286587923102
NLD,Netherlands,1987,1,1987.0,1987-Q1,494534472532.123,5991925.5798613,82533.48042142579,11.320959313288782
NLD,Netherlands,1987,2,1987.25,1987-Q2,502656586265.609,6018884.12137432,83513.25197980968,11.332760604591453
NLD,Netherlands,1987,3,1987.5,1987-Q3,508417717091.92,6044918.01990136,84106.6355934164,11.339840744078185
NLD,Netherlands,1987,4,1987.75,1987-Q4,512557750499.572,6072007.8711171,84413.22234407348,11.343479331158179
NLD,Netherlands,1988,1,1988.0,1988-Q1,513230748811.658,6085506.75253708,84336.56713924266,11.342570823830993
NLD,Netherlands,1988,2,1988.25,1988-Q2,517140911155.361,6120253.36641029,84496.65074220276,11.344467176372781
NLD,Netherlands,1988,3,1988.5,1988-Q3,521544823703.431,6159616.14153235,84671.64377124391,11.346536040304542
NLD,Netherlands,1988,4,1988.75,1988-Q4,526396913611.069,6203194.09511405,84859.01062255747,11.348746459750776
NLD,Netherlands,1989,1,1989.0,1989-Q1,534386205431.954,6231592.73075351,85754.35342472023,11.359242132540896
NLD,Netherlands,1989,2,1989.25,1989-Q2,541043601650.183,6282010.23981787,86125.87069992887,11.36356511798827
NLD,Netherlands,1989,3,1989.5,1989-Q3,545792243360.035,6333112.86056046,86180.72271520109,11.364201797247466
NLD,Netherlands,1989,4,1989.75,1989-Q4,550187367155.186,6382172.4917783,86206.90961642817,11.36450561140251
NLD,Netherlands,1990,1,1990.0,1990-Q1,557083617598.429,6450741.75719758,86359.62166317519,11.366275503692505
NLD,Netherlands,1990,2,1990.25,1990-Q2,561745926658.483,6488317.09693921,86578.06304249223,11.368801748864131
NLD,Netherlands,1990,3,1990.5,1990-Q3,569398731770.204,6520381.09064062,87325.98967068367,11.377403402799288
NLD,Netherlands,1990,4,1990.75,1990-Q4,573912545547.954,6548921.58419232,87634.66445120594,11.380931911564087
NLD,Netherlands,1991,1,1991.0,1991-Q1,571580638033.691,6588610.11573339,86752.83982410414,11.370818432997847
NLD,Netherlands,1991,2,1991.25,1991-Q2,578279618289.343,6615460.74525895,87413.35495094187,11.378403352612848
NLD,Netherlands,1991,3,1991.5,1991-Q3,580644000086.135,6641113.00391711,87431.73015481821,11.378613541008281
NLD,Netherlands,1991,4,1991.75,1991-Q4,587085298044.754,6663916.32920915,88099.140061446,11.386218050939585
NLD,Netherlands,1992,1,1992.0,1992-Q1,591240090081.508,6705871.50881999,88167.52443047431,11.386993970455125
NLD,Netherlands,1992,2,1992.25,1992-Q2,585806805591.21,6718580.41182863,87192.05095169324,11.375868446930996
NLD,Netherlands,1992,3,1992.5,1992-Q3,587588885955.103,6726819.48564435,87350.17896779774,11.377680364418692
NLD,Netherlands,1992,4,1992.75,1992-Q4,589802361263.998,6732268.9594377,87608.25879322269,11.380630550941994
NLD,Netherlands,1993,1,1993.0,1993-Q1,593435027831.269,6740444.49364127,88040.93385697302,11.385557142773749
NLD,Netherlands,1993,2,1993.25,1993-Q2,594917997322.972,6745482.18431032,88195.029068007,11.387305880633448
NLD,Netherlands,1993,3,1993.5,1993-Q3,599780014028.921,6753531.33892083,88809.83650321847,11.3942526942782
NLD,Netherlands,1993,4,1993.75,1993-Q4,596059055422.473,6767032.56309545,88082.78220399417,11.386032358136502
NLD,Netherlands,1994,1,1994.0,1994-Q1,604979267604.015,6748101.41746722,89651.77465146683,11.40368827416883
NLD,Netherlands,1994,2,1994.25,1994-Q2,611938855825.564,6778776.19633206,90272.76282652303,11.410591064077556
NLD,Netherlands,1994,3,1994.5,1994-Q3,616578381833.064,6815910.4537932,90461.63179710275,11.412681081749334
NLD,Netherlands,1994,4,1994.75,1994-Q4,622416748092.718,6855630.38763756,90789.13431726034,11.416294891319357
NLD,Netherlands,1995,1,1995.0,1995-Q1,626651066330.686,6894191.49172371,90895.51212538319,11.417465907388815
NLD,Netherlands,1995,2,1995.25,1995-Q2,631567458242.117,6928736.17848641,91151.89869735863,11.420282610360056
NLD,Netherlands,1995,3,1995.5,1995-Q3,636529659722.059,6961893.97574016,91430.53053381006,11.423334733764518
NLD,Netherlands,1995,4,1995.75,1995-Q4,641064144268.225,6997439.92201902,91614.09764319267,11.42534044322182
NLD,Netherlands,1996,1,1996.0,1996-Q1,642147158623.138,7011100.01030378,91590.07255343869,11.425078166551307
NLD,Netherlands,1996,2,1996.25,1996-Q2,651387877483.044,7061335.69041988,92247.11953105168,11.43222633681963
NLD,Netherlands,1996,3,1996.5,1996-Q3,660860442335.851,7116814.55627278,92859.02240537753,11.438837733900336
NLD,Netherlands,1996,4,1996.75,1996-Q4,664844408173.045,7172841.56750608,92689.12493270144,11.437006430030205
NLD,Netherlands,1997,1,1997.0,1997-Q1,670333007188.657,7240572.78055012,92580.10761100681,11.43582957694154
NLD,Netherlands,1997,2,1997.25,1997-Q2,678764630848.848,7285135.99630013,93171.16814203183,11.442193598114418
NLD,Netherlands,1997,3,1997.5,1997-Q3,688890149722.477,7325312.44531174,94042.42547543107,11.451501294276216
NLD,Netherlands,1997,4,1997.75,1997-Q4,696749255726.729,7365557.29617894,94595.59239165575,11.457366161900147
NLD,Netherlands,1998,1,1998.0,1998-Q1,706500982081.192,7392896.35756853,95564.84331853328,11.467560283689632
NLD,Netherlands,1998,2,1998.25,1998-Q2,711587399272.385,7445069.38111061,95578.34357834214,11.467701541770033
NLD,Netherlands,1998,3,1998.5,1998-Q3,717804657122.828,7501231.49138072,95691.57516970653,11.468885539811474
NLD,Netherlands,1998,4,1998.75,1998-Q4,723506175927.839,7556393.03606338,95747.55739608282,11.469470396493824
NLD,Netherlands,1999,1,1999.0,1999-Q1,737213478814.243,7632653.4912556,96586.78723707772,11.478197232761552
NLD,Netherlands,1999,2,1999.25,1999-Q2,744698792299.328,7672382.92907465,97062.25551872248,11.48310786108527
NLD,Netherlands,1999,3,1999.5,1999-Q3,754800653418.58,7705370.73190691,97957.73359652267,11.492291374789097
NLD,Netherlands,1999,4,1999.75,1999-Q4,763861573345.216,7735855.13498413,98743.00384591974,11.500275833123665
NLD,Netherlands,2000,1,2000.0,2000-Q1,771219134956.662,7765659.54824341,99311.47897555096,11.506016442300368
NLD,Netherlands,2000,2,2000.25,2000-Q2,779215455936.304,7802492.69941712,99867.50208616213,11.511599607270856
NLD,Netherlands,2000,3,2000.5,2000-Q3,785744996144.533,7841382.20799953,100204.90970876803,11.514972465521987
NLD,Netherlands,2000,4,2000.75,2000-Q4,793977894667.951,7878411.36069094,100778.93350802627,11.5206846198014
NLD,Netherlands,2001,1,2001.0,2001-Q1,797848303284.133,7940647.17841613,100476.48325854402,11.517678981672175
NLD,Netherlands,2001,2,2001.25,2001-Q2,800602065893.69,7963049.41211745,100539.63305507135,11.51830728749922
NLD,Netherlands,2001,3,2001.5,2001-Q3,802135088377.361,7976904.74617497,100557.18526186429,11.518481852238576
NLD,Netherlands,2001,4,2001.75,2001-Q4,802764384643.806,7983360.0634353,100554.70106134364,11.518457147577244
NLD,Netherlands,2002,1,2002.0,2002-Q1,801335456279.397,8021990.17105928,99892.35079972468,11.511848393133798
NLD,Netherlands,2002,2,2002.25,2002-Q2,802674485177.171,8016857.6584365,100123.33003474005,11.514158005427474
NLD,Netherlands,2002,3,2002.5,2002-Q3,803317976096.243,8006395.10858476,100334.54072668674,11.516265288811296
NLD,Netherlands,2002,4,2002.75,2002-Q4,804160192152.087,7990378.73537906,100641.06080372648,11.519315612456284
NLD,Netherlands,2003,1,2003.0,2003-Q1,806005496993.543,7985000.0,100939.94952956079,11.522281059889778
NLD,Netherlands,2003,2,2003.25,2003-Q2,801974215647.593,7959000.0,100763.18829596596,11.520528372442769
NLD,Netherlands,2003,3,2003.5,2003-Q3,802092504419.481,7950666.66666667,100883.67907338764,11.521723439773433
NLD,Netherlands,2003,4,2003.75,2003-Q4,807103216796.665,7927333.33333333,101812.7007985029,11.530890137580668
NLD,Netherlands,2004,1,2004.0,2004-Q1,814602724934.377,7919333.33333333,102862.5378736902,11.541148792111157
NLD,Netherlands,2004,2,2004.25,2004-Q2,818326455473.417,7919000.0,103337.09502126745,11.54575169056225
NLD,Netherlands,2004,3,2004.5,2004-Q3,819433638378.291,7929333.33333333,103342.05965759518,11.545799732526971
NLD,Netherlands,2004,4,2004.75,2004-Q4,821354648033.755,7933333.33333333,103532.09849164983,11.547636973961188
NLD,Netherlands,2005,1,2005.0,2005-Q1,823412872664.61,7936000.0,103756.66238213332,11.549803651762609
NLD,Netherlands,2005,2,2005.25,2005-Q2,830964427861.952,7974333.33333333,104204.87746460967,11.554114215887386
NLD,Netherlands,2005,3,2005.5,2005-Q3,841056825879.453,7989333.33333333,105272.46652362985,11.564307187422386
NLD,Netherlands,2005,4,2005.75,2005-Q4,846744150031.838,8025333.33333333,105508.90721446731,11.566550656907516
NLD,Netherlands,2006,1,2006.0,2006-Q1,851627110535.382,8052000.0,105765.91039932711,11.568983538540335
NLD,Netherlands,2006,2,2006.25,2006-Q2,865481091498.928,8076000.0,107167.04946742546,11.582144105998623
NLD,Netherlands,2006,3,2006.5,2006-Q3,869909823118.422,8113333.33333333,107219.7809924103,11.582636034779277
NLD,Netherlands,2006,4,2006.75,2006-Q4,877461378315.764,8176666.66666667,107312.84691998741,11.583503650435887
NLD,Netherlands,2007,1,2007.0,2007-Q1,887373977399.995,8246333.33333333,107608.30802376757,11.586253135845919
NLD,Netherlands,2007,2,2007.25,2007-Q2,892829455559.479,8318000.0,107337.03481119007,11.583729021082355
NLD,Netherlands,2007,3,2007.5,2007-Q3,902666349829.701,8363666.66666667,107927.10730895947,11.589211345912549
NLD,Netherlands,2007,4,2007.75,2007-Q4,915796403509.291,8400666.66666667,109014.72940750227,11.59923828426067
NLD,Netherlands,2008,1,2008.0,2008-Q1,922212386496.507,8467333.33333333,108914.14689746956,11.598315207714963
NLD,Netherlands,2008,2,2008.25,2008-Q2,922874803619.081,8518666.66666667,108335.59284932079,11.592989029496913
NLD,Netherlands,2008,3,2008.5,2008-Q3,920395470960.304,8539333.33333333,107783.05928959766,11.587875775660619
NLD,Netherlands,2008,4,2008.75,2008-Q4,910269952086.675,8569333.33333333,106224.12697448366,11.573306546304698
NLD,Netherlands,2009,1,2009.0,2009-Q1,889474785988.73,8599000.0,103439.32852526224,11.546740521982889
NLD,Netherlands,2009,2,2009.25,2009-Q2,881222961261.809,8556333.33333333,102990.72358819697,11.54239420090541
NLD,Netherlands,2009,3,2009.5,2009-Q3,882145613682.537,8504333.33333333,103728.95547554627,11.54953657872846
NLD,Netherlands,2009,4,2009.75,2009-Q4,887932300403.308,8459666.66666667,104960.67225698108,11.561341009044801
NLD,Netherlands,2010,1,2010.0,2010-Q1,887960689708.561,8422666.66666667,105425.12542051931,11.565756268279875
NLD,Netherlands,2010,2,2010.25,2010-Q2,896117883417.971,8435000.0,106238.04189898886,11.573437533619748
NLD,Netherlands,2010,3,2010.5,2010-Q3,896908052414.184,8441000.0,106256.13699966639,11.573607845115479
NLD,Netherlands,2010,4,2010.75,2010-Q4,904658332748.299,8460666.66666667,106925.18313154581,11.579884645803915
NLD,Netherlands,2011,1,2011.0,2011-Q1,914622978892.16,8438000.0,108393.33715242475,11.593521900715073
NLD,Netherlands,2011,2,2011.25,2011-Q2,914083582092.35,8421666.66666667,108539.51103412028,11.594869542670086
NLD,Netherlands,2011,3,2011.5,2011-Q3,912768210948.953,8433000.0,108237.66286599703,11.592084670464448
NLD,Netherlands,2011,4,2011.75,2011-Q4,907956223708.542,8479333.33333333,107078.72753854969,11.58131961428529
NLD,Netherlands,2012,1,2012.0,2012-Q1,907142396957.955,8485666.66666667,106902.90257586769,11.579676248897727
NLD,Netherlands,2012,2,2012.25,2012-Q2,906692899624.779,8488333.33333333,106816.36359215937,11.578866410926732
NLD,Netherlands,2012,3,2012.5,2012-Q3,902363530573.672,8505666.66666667,106089.6889023402,11.572040137055204
NLD,Netherlands,2012,4,2012.75,2012-Q4,897367012849.114,8502000.0,105547.7549810767,11.566918783330477
NLD,Netherlands,2013,1,2013.0,2013-Q1,896993220329.948,8463333.33333333,105985.80783733143,11.5710604758033
NLD,Netherlands,2013,2,2013.25,2013-Q2,900835239640.876,8433666.66666667,106814.1859579711,11.578846024009291
NLD,Netherlands,2013,3,2013.5,2013-Q3,905363333828.756,8415000.0,107589.22564809934,11.586075788314163
NLD,Netherlands,2013,4,2013.75,2013-Q4,910833006640.866,8421333.33333333,108157.81427812694,11.591346682845225
NLD,Netherlands,2014,1,2014.0,2014-Q1,912938546780.476,8359666.66666667,109207.52981942768,11.601005294306061
NLD,Netherlands,2014,2,2014.25,2014-Q2,915872108323.304,8354666.66666667,109624.01551906762,11.60481174919236
NLD,Netherlands,2014,3,2014.5,2014-Q3,915588215270.772,8387000.0,109167.54683090163,11.600639107929977
NLD,Netherlands,2014,4,2014.75,2014-Q4,927965952361.153,8425333.33333333,110139.9690252991,11.609507281586172
NLD,Netherlands,2015,1,2015.0,2015-Q1,931609246535.309,8435000.0,110445.6723811866,11.612279026380202
NLD,Netherlands,2015,2,2015.25,2015-Q2,935564823067.251,8453000.0,110678.43642106364,11.614384306777797
NLD,Netherlands,2015,3,2015.5,2015-Q3,940007749339.371,8470333.33333333,110976.47664468593,11.617073535715859
NLD,Netherlands,2015,4,2015.75,2015-Q4,942217383598.243,8472666.66666667,111206.70984321064,11.619145999294858
NLD,Netherlands,2016,1,2016.0,2016-Q1,948330547329.425,8495000.0,111633.96672506475,11.622980643956538
NLD,Netherlands,2016,2,2016.25,2016-Q2,955659719635.618,8546666.66666667,111816.65986376182,11.624615843483111
NLD,Netherlands,2016,3,2016.5,2016-Q3,964195437415.07,8598000.0,112141.8280315271,11.627519670878195
NLD,Netherlands,2016,4,2016.75,2016-Q4,971936254647.433,8638000.0,112518.6680536505,11.630874425115053
NLD,Netherlands,2017,1,2017.0,2017-Q1,977699283613.826,8680333.33333333,112633.84089863981,11.631897490374872
NLD,Netherlands,2017,2,2017.25,2017-Q2,982686338236.633,8715333.33333333,112753.72962250058,11.632961335509638
NLD,Netherlands,2017,3,2017.5,2017-Q3,990143262416.465,8773666.66666667,112853.9868260854,11.633850110164714
NLD,Netherlands,2017,4,2017.75,2017-Q4,996398372673.912,8810666.66666667,113090.00900505959,11.635939320492742
NLD,Netherlands,2018,1,2018.0,2018-Q1,1003528819843.33,8858666.66666667,113282.15154763655,11.637636901928998
NLD,Netherlands,2018,2,2018.25,2018-Q2,1008118424192.59,8909666.66666667,113148.83731444382,11.636459375396374
NLD,Netherlands,2018,3,2018.5,2018-Q3,1010697119419.76,8968000.0,112700.3924419893,11.632488182204495
NLD,Netherlands,2018,4,2018.75,2018-Q4,1013502929088.95,9021000.0,112349.28822624432,11.629367942268479
NLD,Netherlands,2019,1,2019.0,2019-Q1,1026140901477.48,9069333.33333333,113144.02765482361,11.636416867121783
NLD,Netherlands,2019,2,2019.25,2019-Q2,1030763626682.87,9102333.33333333,113241.69187565867,11.6372796797329
NLD,Netherlands,2019,3,2019.5,2019-Q3,1035485714456.65,9125666.66666667,113469.5964996146,11.639290207769323
NLD,Netherlands,2019,4,2019.75,2019-Q4,1036072426765.21,9171000.0,112972.67765404099,11.634901277786197
NLD,Netherlands,2020,1,2020.0,2020-Q1,1025137812691.87,9214333.33333333,111254.69153404518,11.619577370231852
NLD,Netherlands,2020,2,2020.25,2020-Q2,939695466981.586,9048000.0,103856.70501564833,11.550767391646145
NLD,Netherlands,2020,3,2020.5,2020-Q3,1001153581303.82,9070000.0,110380.76971376185,11.611691210277403
NLD,Netherlands,2020,4,2020.75,2020-Q4,1004413619857.06,9131000.0,110000.39643599387,11.608239248731639
NLD,Netherlands,2021,1,2021.0,2021-Q1,1014723669214.83,9172333.33333333,110628.73887576738,11.61393517948615
NLD,Netherlands,2021,2,2021.25,2021-Q2,1054383528653.51,9197666.66666667,114635.97963108502,11.649516992374586
NLD,Netherlands,2021,3,2021.5,2021-Q3,1073631477615.15,9282000.0,115668.11868295088,11.658480323636999
NLD,Netherlands,2021,4,2021.75,2021-Q4,1074076243397.45,9364000.0,114702.71715051794,11.650098992030582
NLD,Netherlands,2022,1,2022.0,2022-Q1,1087603747350.59,9445000.0,115151.27023298993,11.654001936303837
NLD,Netherlands,2022,2,2022.25,2022-Q2,1113338652562.58,9540666.66666667,116694.01012115642,11.667310489803606
NLD,Netherlands,2022,3,2022.5,2022-Q3,1114772312477.87,9550333.33333333,116726.01086990372,11.667584680070679
NLD,Netherlands,2022,4,2022.75,2022-Q4,1112529557362.87,9650666.66666667,115280.07295138882,11.65511986349233
NLD,Netherlands,2023,1,2023.0,2023-Q1,1106364346572.06,9703000.0,114022.91523982893,11.644154718052345
NLD,Netherlands,2023,2,2023.25,2023-Q2,1102210044903.34,9726666.66666667,113318.37336223507,11.637956599466516
NLD,Netherlands,2023,3,2023.5,2023-Q3,1095543289719.72,9733333.33333333,112555.81743695757,11.631204532577598
NLD,Netherlands,2023,4,2023.75,2023-Q4,1098438998855.55,9783333.33333333,112276.55865644467,11.628720380348508
NLD,Netherlands,2024,1,2024.0,2024-Q1,1099030442714.99,9802000.0,112123.08128086003,11.627352486892361
NLD,Netherlands,2024,2,2024.25,2024-Q2,1110845125251.18,9815666.66666667,113170.6243676279,11.636651909021978
NLD,Netherlands,2024,3,2024.5,2024-Q3,1117365202357.66,9782666.66666667,114218.87716617755,11.64587186172208
NLD,Netherlands,2024,4,2024.75,2024-Q4,1122678733990.88,9792666.66666667,114644.84314700247,11.649594308181591
NLD,Netherlands,2025,1,2025.0,2025-Q1,1126194276291.39,9814000.0,114753.84922471875,11.650544671802184
NLD,Netherlands,2025,2,2025.25,2025-Q2,1129198811097.35,9829666.66666667,114876.61274685642,11.65161389870509
NLD,Netherlands,2025,3,2025.5,2025-Q3,1133400428274.82,9840666.66666667,115175.16715752521,11.654209441138208
NLD,Netherlands,2025,4,2025.75,2025-Q4,1137114922871.94,9851452.73607526,115426.11565377691,11.656385912944913
NOR,Norway,1972,1,1972.0,1972-Q1,135252838049.003,1675664.5066674,80715.94135391514,11.29869137321228
NOR,Norway,1972,2,1972.25,1972-Q2,136825786875.257,1683903.08360157,81255.14360518356,11.305349404098202
NOR,Norway,1972,3,1972.5,1972-Q3,138345769741.027,1666336.49908726,83023.90892644208,11.326883904652329
NOR,Norway,1972,4,1972.75,1972-Q4,139852535784.526,1666601.28870995,83914.81317812992,11.337557434417093
NOR,Norway,1973,1,1973.0,1973-Q1,141358886593.795,1676212.14153379,84332.33663636807,11.342520660430617
NOR,Norway,1973,2,1973.25,1973-Q2,142887035455.151,1668133.42745707,85656.83841787785,11.358104341988085
NOR,Norway,1973,3,1973.5,1973-Q3,144408659735.341,1680792.77019853,85916.9924429672,11.361136904974622
NOR,Norway,1973,4,1973.75,1973-Q4,145907732350.29,1684570.13264507,86614.22253829784,11.369219313609694
NOR,Norway,1974,1,1974.0,1974-Q1,147303774592.696,1678436.0939516,87762.5160251968,11.382389763922802
NOR,Norway,1974,2,1974.25,1974-Q2,148806556745.093,1667941.25807815,89215.70590354734,11.398812378220567
NOR,Norway,1974,3,1974.5,1974-Q3,150395615268.022,1687387.38059422,89129.27582465361,11.397843132157991
NOR,Norway,1974,4,1974.75,1974-Q4,152142658901.176,1705986.6522497,89181.62325628052,11.398430280037347
NOR,Norway,1975,1,1975.0,1975-Q1,154100870308.655,1713596.4974796,89928.32941436935,11.406768292225056
NOR,Norway,1975,2,1975.25,1975-Q2,156265864865.703,1734703.25259598,90082.18819665637,11.408477734782036
NOR,Norway,1975,3,1975.5,1975-Q3,158591432035.617,1743244.99865755,90974.83839491649,11.41833824611073
NOR,Norway,1975,4,1975.75,1975-Q4,160986715552.306,1741349.28457421,92449.41091279688,11.434416864840367
NOR,Norway,1976,1,1976.0,1976-Q1,163527258973.775,1784363.70284689,91644.57823977979,11.425673094287003
NOR,Norway,1976,2,1976.25,1976-Q2,165767913302.039,1808602.45906352,91655.25152933404,11.425789551455345
NOR,Norway,1976,3,1976.5,1976-Q3,167841118574.458,1815299.44047167,92459.1914879056,11.434522653051308
NOR,Norway,1976,4,1976.75,1976-Q4,169742801466.968,1842955.18112153,92103.59709543834,11.430669277891557
NOR,Norway,1977,1,1977.0,1977-Q1,171433256150.048,1840357.19061944,93152.16471230013,11.44198961475381
NOR,Norway,1977,2,1977.25,1977-Q2,173081475755.272,1845664.82444981,93777.30640061764,11.448678169695544
NOR,Norway,1977,3,1977.5,1977-Q3,174652758271.138,1872816.40365344,93256.74312251328,11.443111647197426
NOR,Norway,1977,4,1977.75,1977-Q4,176170167541.507,1840692.57648373,95708.6315184931,11.46906376687953
NOR,Norway,1978,1,1978.0,1978-Q1,177784560898.262,1873187.67045605,94910.17034880344,11.460686147968607
NOR,Norway,1978,2,1978.25,1978-Q2,179618482851.994,1886394.56330681,95217.87559497975,11.463922972007921
NOR,Norway,1978,3,1978.5,1978-Q3,181006419125.978,1867479.65028486,96925.51086078383,11.481698033206527
NOR,Norway,1978,4,1978.75,1978-Q4,181179965538.692,1887879.09635226,95970.11052708089,11.47179207329467
NOR,Norway,1979,1,1979.0,1979-Q1,183304632998.504,1885158.85009489,97235.64302778905,11.484892621048077
NOR,Norway,1979,2,1979.25,1979-Q2,186787684206.552,1882414.59527169,99227.70715639975,11.505172560286395
NOR,Norway,1979,3,1979.5,1979-Q3,189918515183.787,1915568.73798162,99144.7142658523,11.504335822046325
NOR,Norway,1979,4,1979.75,1979-Q4,191043092267.245,1916003.65816964,99709.14797195567,11.51001270672521
NOR,Norway,1980,1,1980.0,1980-Q1,198726547489.303,1894951.48077202,104871.57560801506,11.560491791107834
NOR,Norway,1980,2,1980.25,1980-Q2,196138029629.553,1905304.30474666,102943.1514645282,11.541932187314854
NOR,Norway,1980,3,1980.5,1980-Q3,193898783084.587,1911423.50703964,101442.08354164906,11.527243309105712
NOR,Norway,1980,4,1980.75,1980-Q4,196571079134.306,1924387.63317149,102147.34066355786,11.53417156626575
NOR,Norway,1981,1,1981.0,1981-Q1,199878727722.041,1946819.61751551,102669.36182671202,11.53926902450192
NOR,Norway,1981,2,1981.25,1981-Q2,200414164245.353,1917661.01058768,104509.69339150027,11.55703510581236
NOR,Norway,1981,3,1981.5,1981-Q3,198813812134.383,1948516.13130966,102033.44429114573,11.533055923731112
NOR,Norway,1981,4,1981.75,1981-Q4,198779193811.141,1934313.79946397,102764.70853189693,11.540197270842603
NOR,Norway,1982,1,1982.0,1982-Q1,199836172326.529,1943752.29083648,102809.48517392148,11.540632895975559
NOR,Norway,1982,2,1982.25,1982-Q2,199851677559.351,1951150.59473984,102427.60251214672,11.536911511046595
NOR,Norway,1982,3,1982.5,1982-Q3,199824336798.466,1945961.54524362,102686.68324247358,11.539437720931545
NOR,Norway,1982,4,1982.75,1982-Q4,200251539836.181,1937099.42349184,103377.00657367655,11.546137842765678
NOR,Norway,1983,1,1983.0,1983-Q1,205831723239.737,1928419.82185204,106735.95080663387,11.57811331406096
NOR,Norway,1983,2,1983.25,1983-Q2,207301374856.915,1945929.6486783,106530.76538389594,11.576189099258828
NOR,Norway,1983,3,1983.5,1983-Q3,209158909015.099,1953477.48413541,107070.03828491562,11.581238462721277
NOR,Norway,1983,4,1983.75,1983-Q4,209246289200.886,1963097.43655285,106589.86421393185,11.57674370377236
NOR,Norway,1984,1,1984.0,1984-Q1,217027884248.271,1977351.89803047,109756.83410951808,11.606022598789332
NOR,Norway,1984,2,1984.25,1984-Q2,217920661536.698,1965598.58233659,110867.32738565904,11.616089516637109
NOR,Norway,1984,3,1984.5,1984-Q3,221962499510.235,1965540.59398548,112926.94752244567,11.634496406532566
NOR,Norway,1984,4,1984.75,1984-Q4,224955520902.473,1978165.83766864,113719.24265338313,11.641487905994106
NOR,Norway,1985,1,1985.0,1985-Q1,231698159568.438,1991445.64440975,116346.71537174274,11.66432993774959
NOR,Norway,1985,2,1985.25,1985-Q2,229701128862.966,1997469.86811019,114996.04200802623,11.652652989431587
NOR,Norway,1985,3,1985.5,1985-Q3,233979310582.759,2026033.51731259,115486.39673696924,11.656908024838613
NOR,Norway,1985,4,1985.75,1985-Q4,235461114224.987,2048914.93907016,114919.90698835166,11.651990703732924
NOR,Norway,1986,1,1986.0,1986-Q1,241449510545.9,2069681.39526965,116660.23142390115,11.667020984052456
NOR,Norway,1986,2,1986.25,1986-Q2,239380175844.647,2088788.87944498,114602.37949383071,11.64922384651869
NOR,Norway,1986,3,1986.5,1986-Q3,243380777370.182,2080838.09736731,116962.86110779544,11.669611736960361
NOR,Norway,1986,4,1986.75,1986-Q4,244255008602.845,2108526.20861612,115841.58053371121,11.65997885163654
NOR,Norway,1987,1,1987.0,1987-Q1,245154214747.505,2117951.20574431,115750.6433965983,11.659193530434962
NOR,Norway,1987,2,1987.25,1987-Q2,248603526136.691,2132013.93458365,116605.0193688061,11.666547599731915
NOR,Norway,1987,3,1987.5,1987-Q3,244433197127.193,2120189.89421013,115288.35119660628,11.65519167076821
NOR,Norway,1987,4,1987.75,1987-Q4,247257219269.344,2136967.00704652,115704.74343030484,11.6587969100104
NOR,Norway,1988,1,1988.0,1988-Q1,246838048359.127,2134141.41929617,115661.52370564695,11.65842330563241
NOR,Norway,1988,2,1988.25,1988-Q2,244410547912.376,2119363.68447329,115322.6082446145,11.655488768949
NOR,Norway,1988,3,1988.5,1988-Q3,245727155559.765,2122714.67279021,115760.80323445828,11.659281300072397
NOR,Norway,1988,4,1988.75,1988-Q4,245957404673.494,2081434.03042521,118167.28326635847,11.679856554323583
NOR,Norway,1989,1,1989.0,1989-Q1,245837655762.89,2068607.41298433,118842.1032525577,11.685551027607056
NOR,Norway,1989,2,1989.25,1989-Q2,247690683423.54,2064651.16811546,119967.3277736419,11.694974716139388
NOR,Norway,1989,3,1989.5,1989-Q3,249240357258.438,2048506.40508989,121669.3082526638,11.709062055326553
NOR,Norway,1989,4,1989.75,1989-Q4,250369719581.921,2024908.60268856,123644.94834457917,11.725169417643334
NOR,Norway,1990,1,1990.0,1990-Q1,251481644310.47,2030897.85769757,123827.81505101142,11.726647291306735
NOR,Norway,1990,2,1990.25,1990-Q2,253227074288.19,2038765.96530582,124206.05336630941,11.72969718615299
NOR,Norway,1990,3,1990.5,1990-Q3,251654346447.916,2036532.78818998,123569.99499702637,11.724563035611276
NOR,Norway,1990,4,1990.75,1990-Q4,255965861006.05,2027073.75954035,126273.58022931126,11.746206103791051
NOR,Norway,1991,1,1991.0,1991-Q1,260094924729.744,2013444.45273312,129179.09127151834,11.768955024970595
NOR,Norway,1991,2,1991.25,1991-Q2,260989092909.423,1999564.57178344,130522.96314524274,11.779304453064043
NOR,Norway,1991,3,1991.5,1991-Q3,260609841552.697,2027688.47862027,128525.5818635551,11.763883244153723
NOR,Norway,1991,4,1991.75,1991-Q4,261860125465.036,2011825.43125005,130160.46094134964,11.77652328323076
NOR,Norway,1992,1,1992.0,1992-Q1,268691213262.492,2007891.84186746,133817.57306837456,11.8042327563808
NOR,Norway,1992,2,1992.25,1992-Q2,269611828056.489,2001953.5852913,134674.36509885837,11.810615033216912
NOR,Norway,1992,3,1992.5,1992-Q3,271889968891.759,2014250.18376481,134983.2166248449,11.812905728394588
NOR,Norway,1992,4,1992.75,1992-Q4,270661808365.91,2007529.72762426,134823.31277166947,11.811720405917367
NOR,Norway,1993,1,1993.0,1993-Q1,272289269600.49,1998539.51928972,136244.125759025,11.822203597900838
NOR,Norway,1993,2,1993.25,1993-Q2,275297879140.143,2003700.12352004,137394.7507955971,11.830613454223986
NOR,Norway,1993,3,1993.5,1993-Q3,278815682355.079,2010829.01430038,138657.08141877307,11.839759123802242
NOR,Norway,1993,4,1993.75,1993-Q4,285204328814.198,2019778.40544953,141205.75209869212,11.857973340454402
NOR,Norway,1994,1,1994.0,1994-Q1,288142816815.144,2019119.00193682,142707.19880242116,11.868550249301283
NOR,Norway,1994,2,1994.25,1994-Q2,292443867783.433,2028105.31168123,144195.6027130598,11.87892600900644
NOR,Norway,1994,3,1994.5,1994-Q3,289946238205.852,2049780.7092233,141452.32068054637,11.859717982961666
NOR,Norway,1994,4,1994.75,1994-Q4,297269634682.935,2056963.09794997,144518.7008844265,11.881164196046157
NOR,Norway,1995,1,1995.0,1995-Q1,299910219946.664,2067024.08064117,145092.7556942805,11.88512851132875
NOR,Norway,1995,2,1995.25,1995-Q2,301607016291.793,2068750.50846266,145791.87536535022,11.889935372486539
NOR,Norway,1995,3,1995.5,1995-Q3,306172865312.046,2092015.99937533,146353.02282748715,11.893776946689691
NOR,Norway,1995,4,1995.75,1995-Q4,308641864543.856,2106108.37072544,146546.0509221307,11.895094998809949
NOR,Norway,1996,1,1996.0,1996-Q1,316975811844.073,2113977.83347069,149942.82665853118,11.918009344810338
NOR,Norway,1996,2,1996.25,1996-Q2,316749552215.497,2130949.30148123,148642.46277249453,11.90929912261664
NOR,Norway,1996,3,1996.5,1996-Q3,323525773583.809,2140130.10338026,151171.0774372135,11.926167437639002
NOR,Norway,1996,4,1996.75,1996-Q4,320236678372.684,2158613.73243218,148352.93297789918,11.907349396186822
NOR,Norway,1997,1,1997.0,1997-Q1,331727295701.088,2175000.0,152518.29687406347,11.935039847334695
NOR,Norway,1997,2,1997.25,1997-Q2,336858629852.736,2184000.0,154239.2993831209,11.946260567452837
NOR,Norway,1997,3,1997.5,1997-Q3,336667599643.622,2211000.0,152269.38020968882,11.933406469488862
NOR,Norway,1997,4,1997.75,1997-Q4,339744112886.556,2224000.0,152762.64068640108,11.93664062769437
NOR,Norway,1998,1,1998.0,1998-Q1,345038676416.365,2235000.0,154379.72099166218,11.947170567219288
NOR,Norway,1998,2,1998.25,1998-Q2,347560739141.067,2248000.0,154608.86972467395,11.948653785576896
NOR,Norway,1998,3,1998.5,1998-Q3,343576613119.812,2256000.0,152294.59801410107,11.933572068878632
NOR,Norway,1998,4,1998.75,1998-Q4,344716245283.54,2263000.0,152327.10794676977,11.933785513502938
NOR,Norway,1999,1,1999.0,1999-Q1,348999223156.085,2260000.0,154424.43502481637,11.947460161984095
NOR,Norway,1999,2,1999.25,1999-Q2,349123846704.213,2258000.0,154616.40686634765,11.948702534125259
NOR,Norway,1999,3,1999.5,1999-Q3,353721377574.728,2262000.0,156375.498485733,11.960015435522616
NOR,Norway,1999,4,1999.75,1999-Q4,357660443016.205,2272000.0,157420.96963741418,11.96667883123416
NOR,Norway,2000,1,2000.0,2000-Q1,365414638971.864,2265000.0,161330.96643349403,11.991213226056269
NOR,Norway,2000,2,2000.25,2000-Q2,362069531272.257,2279000.0,158872.1067451764,11.975854797437982
NOR,Norway,2000,3,2000.5,2000-Q3,364342177833.43,2273000.0,160291.32328791465,11.984748209172066
NOR,Norway,2000,4,2000.75,2000-Q4,364459078195.657,2278000.0,159990.81571363343,11.982871690778627
NOR,Norway,2001,1,2001.0,2001-Q1,369915491556.917,2278000.0,162386.0805781023,11.997731992310369
NOR,Norway,2001,2,2001.25,2001-Q2,369515516120.361,2283000.0,161855.24140182263,11.994457643147747
NOR,Norway,2001,3,2001.5,2001-Q3,372433495632.506,2276000.0,163635.10352922056,12.00539424938361
NOR,Norway,2001,4,2001.75,2001-Q4,374524138358.25,2289000.0,163619.10806389252,12.005296493787048
NOR,Norway,2002,1,2002.0,2002-Q1,374120498795.607,2292000.0,163228.83891605888,12.002908414945418
NOR,Norway,2002,2,2002.25,2002-Q2,379076803803.13,2295000.0,165175.07790986056,12.014761268578681
NOR,Norway,2002,3,2002.5,2002-Q3,375481308107.911,2290000.0,163965.63672834542,12.007412152707174
NOR,Norway,2002,4,2002.75,2002-Q4,378185752387.648,2284000.0,165580.45200860244,12.01721247053931
NOR,Norway,2003,1,2003.0,2003-Q1,379393984860.037,2279000.0,166473.8854146718,12.022593731744948
NOR,Norway,2003,2,2003.25,2003-Q2,378257520354.651,2274000.0,166340.15846730475,12.02179011809329
NOR,Norway,2003,3,2003.5,2003-Q3,381663969185.647,2273000.0,167911.99700204443,12.031195293771127
NOR,Norway,2003,4,2003.75,2003-Q4,381787640026.506,2274000.0,167892.5417882612,12.031079421520708
NOR,Norway,2004,1,2004.0,2004-Q1,395926710076.891,2269000.0,174493.92246667738,12.069645191746911
NOR,Norway,2004,2,2004.25,2004-Q2,396501047857.704,2282000.0,173751.554714156,12.065381711382148
NOR,Norway,2004,3,2004.5,2004-Q3,393624677630.479,2284000.0,172340.05150196105,12.057224847632991
NOR,Norway,2004,4,2004.75,2004-Q4,396117056625.664,2285000.0,173355.38583180043,12.06309901974966
NOR,Norway,2005,1,2005.0,2005-Q1,403896833604.131,2279000.0,177225.46450378717,12.085178011703206
NOR,Norway,2005,2,2005.25,2005-Q2,405269327983.46,2279000.0,177827.69986110576,12.088570382172279
NOR,Norway,2005,3,2005.5,2005-Q3,407436619009.468,2299000.0,177223.409747485,12.085166417611921
NOR,Norway,2005,4,2005.75,2005-Q4,408049685957.192,2306000.0,176951.2948643504,12.083629803431776
NOR,Norway,2006,1,2006.0,2006-Q1,413299666189.789,2338000.0,176774.87860983275,12.082632329779138
NOR,Norway,2006,2,2006.25,2006-Q2,413659836753.591,2357000.0,175502.68848264363,12.075409640760146
NOR,Norway,2006,3,2006.5,2006-Q3,416392567470.369,2392000.0,174077.16031369942,12.06725392998047
NOR,Norway,2006,4,2006.75,2006-Q4,421290828326.361,2409000.0,174882.0374953761,12.07186695416235
NOR,Norway,2007,1,2007.0,2007-Q1,425765263561.715,2423000.0,175718.2268104478,12.07663700704431
NOR,Norway,2007,2,2007.25,2007-Q2,425797149908.444,2443000.0,174292.734305544,12.068491545645259
NOR,Norway,2007,3,2007.5,2007-Q3,429295050630.389,2463000.0,174297.6251036902,12.068519606077881
NOR,Norway,2007,4,2007.75,2007-Q4,432293833590.066,2494000.0,173333.53391742823,12.062972959104762
NOR,Norway,2008,1,2008.0,2008-Q1,430306241964.239,2515000.0,171095.92125814673,12.049979621245164
NOR,Norway,2008,2,2008.25,2008-Q2,430437611105.878,2521000.0,170740.82154140342,12.047902022204376
NOR,Norway,2008,3,2008.5,2008-Q3,429919641364.968,2536000.0,169526.67246252683,12.040765553083835
NOR,Norway,2008,4,2008.75,2008-Q4,430743511549.517,2525000.0,170591.489722581,12.047027028402605
NOR,Norway,2009,1,2009.0,2009-Q1,423694556966.406,2531000.0,167402.0375212983,12.028153608536309
NOR,Norway,2009,2,2009.25,2009-Q2,421277894726.723,2520000.0,167173.7677486996,12.026789075868841
NOR,Norway,2009,3,2009.5,2009-Q3,421441001323.334,2508000.0,168038.6767636898,12.031949450720594
NOR,Norway,2009,4,2009.75,2009-Q4,421591821504.466,2501000.0,168569.30088143382,12.035102225417079
NOR,Norway,2010,1,2010.0,2010-Q1,429003396014.943,2506000.0,171190.50120308978,12.050532257523694
NOR,Norway,2010,2,2010.25,2010-Q2,426101276745.437,2514000.0,169491.359087286,12.040557225667106
NOR,Norway,2010,3,2010.5,2010-Q3,419366836201.524,2520000.0,166415.41119108096,12.022242418411725
NOR,Norway,2010,4,2010.75,2010-Q4,426819837640.41,2529000.0,168770.2007277224,12.036293309586476
NOR,Norway,2011,1,2011.0,2011-Q1,428610305523.774,2542000.0,168611.44985199606,12.03535223358445
NOR,Norway,2011,2,2011.25,2011-Q2,427497889679.426,2553000.0,167449.23215018646,12.028435492665025
NOR,Norway,2011,3,2011.5,2011-Q3,431904712357.365,2572000.0,167925.6268885556,12.031276463274178
NOR,Norway,2011,4,2011.75,2011-Q4,432088239602.581,2581000.0,167411.1738096013,12.028208183971184
NOR,Norway,2012,1,2012.0,2012-Q1,442655199639.033,2598000.0,170383.06375636376,12.045804497336578
NOR,Norway,2012,2,2012.25,2012-Q2,443358634112.16,2600000.0,170522.55158159998,12.046622834299917
NOR,Norway,2012,3,2012.5,2012-Q3,439278423561.19,2605000.0,168628.9533824146,12.035456038053109
NOR,Norway,2012,4,2012.75,2012-Q4,441560809071.653,2611000.0,169115.59137175526,12.038337732716482
NOR,Norway,2013,1,2013.0,2013-Q1,443367023476.206,2614000.0,169612.48028929075,12.041271586243962
NOR,Norway,2013,2,2013.25,2013-Q2,445413630754.981,2610000.0,170656.56350765555,12.047408415403922
NOR,Norway,2013,3,2013.5,2013-Q3,448233893957.181,2631000.0,170366.36030299545,12.045706457826004
NOR,Norway,2013,4,2013.75,2013-Q4,447793080843.195,2636000.0,169875.97907556716,12.04282391494275
NOR,Norway,2014,1,2014.0,2014-Q1,452306912572.97,2633000.0,171783.86349144322,12.053992357994318
NOR,Norway,2014,2,2014.25,2014-Q2,454446386970.723,2650000.0,171489.2026304615,12.052275585183201
NOR,Norway,2014,3,2014.5,2014-Q3,455599829710.207,2645000.0,172249.46302843365,12.056699071474434
NOR,Norway,2014,4,2014.75,2014-Q4,459009490892.037,2654000.0,172950.07192616313,12.060758230243593
NOR,Norway,2015,1,2015.0,2015-Q1,461093228461.883,2660000.0,173343.3189706327,12.063029409676098
NOR,Norway,2015,2,2015.25,2015-Q2,462743414957.894,2665000.0,173637.30392416284,12.064723942479826
NOR,Norway,2015,3,2015.5,2015-Q3,466617730429.387,2657000.0,175618.2651220877,12.076067970275554
NOR,Norway,2015,4,2015.75,2015-Q4,464737415599.371,2659000.0,174779.0205337988,12.071277715171089
NOR,Norway,2016,1,2016.0,2016-Q1,468076860282.792,2665000.0,175638.59672900263,12.076183735170968
NOR,Norway,2016,2,2016.25,2016-Q2,468518222112.165,2656000.0,176399.9330241585,12.080509042873114
NOR,Norway,2016,3,2016.5,2016-Q3,467202669184.246,2662000.0,175508.14018942372,12.075440703658126
NOR,Norway,2016,4,2016.75,2016-Q4,473001745097.827,2654000.0,178222.2099087517,12.09078642098183
NOR,Norway,2017,1,2017.0,2017-Q1,477420205225.351,2660000.0,179481.2801599064,12.097826192669265
NOR,Norway,2017,2,2017.25,2017-Q2,481203694882.822,2666000.0,180496.5097084854,12.103466719773019
NOR,Norway,2017,3,2017.5,2017-Q3,483823161946.248,2668000.0,181343.01422273164,12.108145623002633
NOR,Norway,2017,4,2017.75,2017-Q4,480592152907.707,2678000.0,179459.3550812946,12.097704027182907
NOR,Norway,2018,1,2018.0,2018-Q1,482532102733.278,2700000.0,178715.59360491778,12.09355095869983
NOR,Norway,2018,2,2018.25,2018-Q2,483648738814.961,2708000.0,178599.97740582016,12.092903820917362
NOR,Norway,2018,3,2018.5,2018-Q3,486408803545.97,2723000.0,178629.74790524054,12.093070495174176
NOR,Norway,2018,4,2018.75,2018-Q4,486390103376.111,2733000.0,177969.3023695979,12.089366355803763
NOR,Norway,2019,1,2019.0,2019-Q1,484144235539.783,2733000.0,177147.5431905536,12.08473824167108
NOR,Norway,2019,2,2019.25,2019-Q2,488444878951.22,2732000.0,178786.5589133309,12.093947965033053
NOR,Norway,2019,3,2019.5,2019-Q3,491676970345.606,2763000.0,177950.40548158018,12.089260169562213
NOR,Norway,2019,4,2019.75,2019-Q4,496502850826.021,2757000.0,180088.08517447262,12.101201372254177
NOR,Norway,2020,1,2020.0,2020-Q1,492928702756.223,2770000.0,177952.6002730047,12.089272503211488
NOR,Norway,2020,2,2020.25,2020-Q2,468343914349.154,2713000.0,172629.5298006465,12.058903131066206
NOR,Norway,2020,3,2020.5,2020-Q3,485371327582.038,2715000.0,178773.96964347624,12.093877547473761
NOR,Norway,2020,4,2020.75,2020-Q4,489063006431.489,2731000.0,179078.3619302413,12.095578765173471
NOR,Norway,2021,1,2021.0,2021-Q1,497255391926.92,2720000.0,182814.4823260735,12.116227159842573
NOR,Norway,2021,2,2021.25,2021-Q2,490379298093.809,2762000.0,177545.002930416,12.086979393398519
NOR,Norway,2021,3,2021.5,2021-Q3,512998458667.668,2795000.0,183541.48789540897,12.120196012994874
NOR,Norway,2021,4,2021.75,2021-Q4,510734646745.44,2820000.0,181111.5768600851,12.10686856706352
NOR,Norway,2022,1,2022.0,2022-Q1,510192349818.184,2847000.0,179203.49484305727,12.096277281805214
NOR,Norway,2022,2,2022.25,2022-Q2,516255760525.682,2854000.0,180888.49352686826,12.105636062543738
NOR,Norway,2022,3,2022.5,2022-Q3,529377126175.012,2846000.0,186007.42311138863,12.133541861100001
NOR,Norway,2022,4,2022.75,2022-Q4,520836586694.174,2848000.0,182878.01499093187,12.116574624808159
NOR,Norway,2023,1,2023.0,2023-Q1,521969352069.789,2857000.0,182698.4081448334,12.11559202938251
NOR,Norway,2023,2,2023.25,2023-Q2,516553750381.917,2880000.0,179358.94110483228,12.097144334546545
NOR,Norway,2023,3,2023.5,2023-Q3,513158158727.511,2885000.0,177871.11221057572,12.088814478290749
NOR,Norway,2023,4,2023.75,2023-Q4,526478405647.351,2882000.0,182678.14213995525,12.11548109722289
NOR,Norway,2024,1,2024.0,2024-Q1,528705413796.305,2877000.0,183769.6954453615,12.12143859742827
NOR,Norway,2024,2,2024.25,2024-Q2,537294749480.292,2885000.0,186237.34817341145,12.134777204664234
NOR,Norway,2024,3,2024.5,2024-Q3,530095255864.211,2893000.0,183233.75591573142,12.118517971430837
NOR,Norway,2024,4,2024.75,2024-Q4,525647331131.316,2901000.0,181195.2192800124,12.10733028857857
NOR,Norway,2025,1,2025.0,2025-Q1,525933580700.725,2899000.0,181418.96540211278,12.108564361375212
NOR,Norway,2025,2,2025.25,2025-Q2,530325156373.186,2904000.0,182618.8555004084,12.115156503040893
NOR,Norway,2025,3,2025.5,2025-Q3,534033374067.373,2901000.0,184085.9614158473,12.123158109103638
NOR,Norway,2025,4,2025.75,2025-Q4,535884449195.656,2912604.0,183988.09079286302,12.122626310544605
NZL,New Zealand,1970,1,1970.0,1970-Q1,67617954149.3219,1288689.38036911,52470.3277448865,10.868003102990324
NZL,New Zealand,1970,2,1970.25,1970-Q2,68237950770.8101,1298077.78085478,52568.46067103593,10.869871611875098
NZL,New Zealand,1970,3,1970.5,1970-Q3,68867045233.6092,1304904.9005051,52775.52809170407,10.873802879141191
NZL,New Zealand,1970,4,1970.75,1970-Q4,69520429691.202,1309613.44898494,53084.694376868334,10.879643924190228
NZL,New Zealand,1971,1,1971.0,1971-Q1,69936963136.0333,1311776.1548713,53314.7083641682,10.883967526385142
NZL,New Zealand,1971,2,1971.25,1971-Q2,70687198278.9834,1314466.98907237,53776.320642991515,10.892588512513898
NZL,New Zealand,1971,3,1971.5,1971-Q3,71523465289.1066,1317424.16176785,54290.385256885944,10.902102423151458
NZL,New Zealand,1971,4,1971.75,1971-Q4,72477121731.8174,1319651.88015542,54921.39466605505,10.913658254061568
NZL,New Zealand,1972,1,1972.0,1972-Q1,72752678090.6952,1320945.81024769,55076.20185952472,10.91647299366621
NZL,New Zealand,1972,2,1972.25,1972-Q2,74024409153.5359,1325159.5070034,55860.7539411827,10.930617336385934
NZL,New Zealand,1972,3,1972.5,1972-Q3,75442940697.4801,1332372.05865954,56623.028235357175,10.944171040728408
NZL,New Zealand,1972,4,1972.75,1972-Q4,76974968640.2153,1342103.67442448,57353.966095967706,10.956997276155326
NZL,New Zealand,1973,1,1973.0,1973-Q1,78385716401.3783,1354191.2518407,57883.785835148185,10.966192586953799
NZL,New Zealand,1973,2,1973.25,1973-Q2,80017449637.1459,1367308.48557552,58521.870142176,10.977155811940182
NZL,New Zealand,1973,3,1973.5,1973-Q3,81498515479.0952,1381733.0543662,58982.82249350871,10.985001536319343
NZL,New Zealand,1973,4,1973.75,1973-Q4,82631358299.2417,1398677.47332686,59078.20771767831,10.986617399652966
NZL,New Zealand,1974,1,1974.0,1974-Q1,85905872097.0071,1417822.91603691,60589.987032464305,11.011884927917958
NZL,New Zealand,1974,2,1974.25,1974-Q2,85836799533.9621,1432763.64405051,59909.95087738006,11.000597895137393
NZL,New Zealand,1974,3,1974.5,1974-Q3,85350022331.3618,1443780.10304031,59115.66598793808,10.98725124420581
NZL,New Zealand,1974,4,1974.75,1974-Q4,84771170127.4222,1450906.50238951,58426.34931183495,10.975522253908627
NZL,New Zealand,1975,1,1975.0,1975-Q1,83639257165.9147,1453775.39517241,57532.44788958307,10.96010437874498
NZL,New Zealand,1975,2,1975.25,1975-Q2,83748661422.2744,1457968.0254881,57442.04259502669,10.958531763588221
NZL,New Zealand,1975,3,1975.5,1975-Q3,84115984881.9218,1463796.41770763,57464.26474635807,10.958918550913001
NZL,New Zealand,1975,4,1975.75,1975-Q4,84439962473.0516,1469941.58210782,57444.43418762879,10.958573397602414
NZL,New Zealand,1976,1,1976.0,1976-Q1,85913956724.7347,1475914.41045168,58210.66324465394,10.971823834199391
NZL,New Zealand,1976,2,1976.25,1976-Q2,85344592153.7327,1482474.20641088,57569.02331566013,10.960739912364579
NZL,New Zealand,1976,3,1976.5,1976-Q3,84410955240.7077,1489780.06877125,56660.01110508123,10.944823969379568
NZL,New Zealand,1976,4,1976.75,1976-Q4,83394649655.7644,1497520.98980087,55688.467957202825,10.927528366009627
NZL,New Zealand,1977,1,1977.0,1977-Q1,81677635027.1808,1504767.38401166,54279.243353501544,10.90189717415934
NZL,New Zealand,1977,2,1977.25,1977-Q2,81276850929.0044,1509524.7521321,53842.67519575709,10.89382165096974
NZL,New Zealand,1977,3,1977.5,1977-Q3,81254496090.9594,1512763.49194755,53712.623634479285,10.891403329862856
NZL,New Zealand,1977,4,1977.75,1977-Q4,81508461104.886,1509298.64949004,54004.19667269031,10.8968170386876
NZL,New Zealand,1978,1,1978.0,1978-Q1,80940350748.6032,1499374.00853813,53982.76233127382,10.89642005849859
NZL,New Zealand,1978,2,1978.25,1978-Q2,81446530859.695,1496187.70424478,54436.03809109379,10.904781678420829
NZL,New Zealand,1978,3,1978.5,1978-Q3,81958124304.4856,1501922.74383681,54568.80165161855,10.907217600100758
NZL,New Zealand,1978,4,1978.75,1978-Q4,82408443381.0218,1505467.07280233,54739.45253922014,10.910339981434321
NZL,New Zealand,1979,1,1979.0,1979-Q1,83228315890.3436,1512530.27283147,55025.88436431058,10.915558978311134
NZL,New Zealand,1979,2,1979.25,1979-Q2,83393461415.6449,1518026.10876153,54935.459235072594,10.91391430670817
NZL,New Zealand,1979,3,1979.5,1979-Q3,83521899213.6361,1528875.37777562,54629.631968534384,10.908331724565578
NZL,New Zealand,1979,4,1979.75,1979-Q4,83771571329.1684,1524640.74034968,54945.12189799886,10.914090182424362
NZL,New Zealand,1980,1,1980.0,1980-Q1,83048262504.2043,1533826.6619524,54144.49009413658,10.899411494604461
NZL,New Zealand,1980,2,1980.25,1980-Q2,83949691287.5595,1528762.88717824,54913.48069190256,10.913514147298748
NZL,New Zealand,1980,3,1980.5,1980-Q3,85058951912.132,1503881.7760272,56559.600141463234,10.943050230910798
NZL,New Zealand,1980,4,1980.75,1980-Q4,86146757811.8958,1512829.35339485,56944.13425980862,10.949825965498821
NZL,New Zealand,1981,1,1981.0,1981-Q1,88075193676.1846,1527200.4805051,57671.00966800048,10.962509894137845
NZL,New Zealand,1981,2,1981.25,1981-Q2,88503604101.1056,1525553.56701311,58014.09141888561,10.968441215517677
NZL,New Zealand,1981,3,1981.5,1981-Q3,88650942140.2562,1528137.40256435,58012.41563192685,10.968412329239852
NZL,New Zealand,1981,4,1981.75,1981-Q4,88716163264.7271,1542221.99464789,57524.8982134911,10.959973145471164
NZL,New Zealand,1982,1,1982.0,1982-Q1,88385923223.0014,1539078.82939291,57427.80781271954,10.958283921664
NZL,New Zealand,1982,2,1982.25,1982-Q2,88840700588.3899,1545557.99643516,57481.3114702273,10.959215156046584
NZL,New Zealand,1982,3,1982.5,1982-Q3,89551769394.4052,1548345.00260321,57837.09008253529,10.965385545790706
NZL,New Zealand,1982,4,1982.75,1982-Q4,90459627054.173,1542745.03976688,58635.500178203205,10.979095597228069
NZL,New Zealand,1983,1,1983.0,1983-Q1,90731174479.5015,1528569.46372025,59356.919415803924,10.991323979860555
NZL,New Zealand,1983,2,1983.25,1983-Q2,91855144473.587,1523189.91244293,60304.459557684066,11.007161336161152
NZL,New Zealand,1983,3,1983.5,1983-Q3,93003649885.4168,1527780.69847499,60874.9999121286,11.016577858941417
NZL,New Zealand,1983,4,1983.75,1983-Q4,94123442452.7328,1534054.60921807,61355.99207951853,11.024448115777414
NZL,New Zealand,1984,1,1984.0,1984-Q1,95805121954.5527,1547316.23715396,61916.96283803682,11.033549457287322
NZL,New Zealand,1984,2,1984.25,1984-Q2,96696762586.2438,1571951.90855755,61513.81735015953,11.027017100919872
NZL,New Zealand,1984,3,1984.5,1984-Q3,97334056827.7246,1573931.91286061,61841.33889935597,11.032327334051438
NZL,New Zealand,1984,4,1984.75,1984-Q4,97597867657.8137,1586943.05977659,61500.54789713347,11.026801362651405
NZL,New Zealand,1985,1,1985.0,1985-Q1,99784356751.5792,1610451.59279262,61960.481891012394,11.034252071953956
NZL,New Zealand,1985,2,1985.25,1985-Q2,99017074242.0555,1626929.81457989,60861.30658784683,11.01635289196594
NZL,New Zealand,1985,3,1985.5,1985-Q3,97958604537.8372,1623146.85839728,60351.04219378092,11.007933495536152
NZL,New Zealand,1985,4,1985.75,1985-Q4,96929517897.9843,1639961.12658572,59104.76555001307,10.987066835507346
NZL,New Zealand,1986,1,1986.0,1986-Q1,94598655250.0142,1623000.0,58286.29405422933,10.97312225129035
NZL,New Zealand,1986,2,1986.25,1986-Q2,94504649864.0565,1621000.0,58300.2158322372,10.973361074428423
NZL,New Zealand,1986,3,1986.5,1986-Q3,94889364407.6028,1621000.0,58537.547444542135,10.977423663989732
NZL,New Zealand,1986,4,1986.75,1986-Q4,95560995227.6774,1609000.0,59391.54457904127,10.99190714806423
NZL,New Zealand,1987,1,1987.0,1987-Q1,95685244801.5871,1627000.0,58810.84499175605,10.982081555515311
NZL,New Zealand,1987,2,1987.25,1987-Q2,96232756167.9441,1624000.0,59256.62325612322,10.989632837663383
NZL,New Zealand,1987,3,1987.5,1987-Q3,97615306162.0394,1627000.0,59997.11503505802,11.002051757299192
NZL,New Zealand,1987,4,1987.75,1987-Q4,97815412082.2372,1617000.0,60491.90604962102,11.01026485076523
NZL,New Zealand,1988,1,1988.0,1988-Q1,97804497213.8629,1597000.0,61242.640709995554,11.022598969514641
NZL,New Zealand,1988,2,1988.25,1988-Q2,97571090138.5647,1580000.0,61753.85451807892,11.0309116738875
NZL,New Zealand,1988,3,1988.5,1988-Q3,100016116646.605,1557000.0,64236.42687643224,11.070325725598497
NZL,New Zealand,1988,4,1988.75,1988-Q4,99304977352.2192,1553000.0,63943.96481147405,11.06576242900347
NZL,New Zealand,1989,1,1989.0,1989-Q1,100843182944.66,1533000.0,65781.59357120679,11.094095345220463
NZL,New Zealand,1989,2,1989.25,1989-Q2,101118454645.521,1517000.0,66656.85869843177,11.107313226515402
NZL,New Zealand,1989,3,1989.5,1989-Q3,98615040576.255,1520000.0,64878.31616858882,11.080268735440622
NZL,New Zealand,1989,4,1989.75,1989-Q4,99585123721.9818,1525000.0,65301.72047343069,11.086773662136899
NZL,New Zealand,1990,1,1990.0,1990-Q1,100197473424.276,1533000.0,65360.38709998434,11.087671652098726
NZL,New Zealand,1990,2,1990.25,1990-Q2,99795728516.8891,1543000.0,64676.42807316209,11.077152087570594
NZL,New Zealand,1990,3,1990.5,1990-Q3,100964608788.278,1536000.0,65732.16717986848,11.093343691653823
NZL,New Zealand,1990,4,1990.75,1990-Q4,102646071071.197,1527000.0,67220.74071460184,11.115737120477561
NZL,New Zealand,1991,1,1991.0,1991-Q1,98715222047.0773,1519000.0,64986.979622829036,11.081942215317408
NZL,New Zealand,1991,2,1991.25,1991-Q2,97751115083.0098,1513000.0,64607.47857436206,11.07608545047515
NZL,New Zealand,1991,3,1991.5,1991-Q3,99233506462.2145,1505000.0,65935.88469250132,11.09643810479797
NZL,New Zealand,1991,4,1991.75,1991-Q4,99200597246.3548,1499000.0,66177.85006427938,11.100101094762955
NZL,New Zealand,1992,1,1992.0,1992-Q1,99633351038.9864,1508000.0,66069.8614316886,11.098467967726267
NZL,New Zealand,1992,2,1992.25,1992-Q2,100527931748.595,1518000.0,66223.93395823122,11.100797216739757
NZL,New Zealand,1992,3,1992.5,1992-Q3,98616064377.0844,1511000.0,65265.42976643574,11.086217768746215
NZL,New Zealand,1992,4,1992.75,1992-Q4,99921752689.1717,1518000.0,65824.60651460587,11.094749006596638
NZL,New Zealand,1993,1,1993.0,1993-Q1,102027557651.793,1526000.0,66859.47421480538,11.11034829597077
NZL,New Zealand,1993,2,1993.25,1993-Q2,102837695479.027,1535000.0,66995.24135441497,11.112376871289769
NZL,New Zealand,1993,3,1993.5,1993-Q3,105653692987.174,1552000.0,68075.83311029253,11.128377555591094
NZL,New Zealand,1993,4,1993.75,1993-Q4,107613714847.03,1566000.0,68718.84728418263,11.13777878242232
NZL,New Zealand,1994,1,1994.0,1994-Q1,110983197217.515,1582000.0,70153.72769754425,11.158444223071658
NZL,New Zealand,1994,2,1994.25,1994-Q2,111980387860.058,1599000.0,70031.5121076035,11.15670059269981
NZL,New Zealand,1994,3,1994.5,1994-Q3,111863497687.25,1620000.0,69051.54178225309,11.14260848707843
NZL,New Zealand,1994,4,1994.75,1994-Q4,113421958151.013,1643000.0,69033.44987888802,11.14234644696457
NZL,New Zealand,1995,1,1995.0,1995-Q1,114681152256.954,1662000.0,69001.89666483393,11.141889271097755
NZL,New Zealand,1995,2,1995.25,1995-Q2,116736499454.254,1678000.0,69568.83161755303,11.150071924433597
NZL,New Zealand,1995,3,1995.5,1995-Q3,116459545959.659,1695000.0,68707.69673136224,11.137616505870511
NZL,New Zealand,1995,4,1995.75,1995-Q4,118004316029.991,1709000.0,69048.75133410825,11.142568075170791
NZL,New Zealand,1996,1,1996.0,1996-Q1,118617208550.415,1722000.0,68883.39637074042,11.140170446404285
NZL,New Zealand,1996,2,1996.25,1996-Q2,120223682569.774,1740000.0,69094.07044239885,11.143224194820492
NZL,New Zealand,1996,3,1996.5,1996-Q3,121677995192.541,1754000.0,69371.71903793671,11.147234556783522
NZL,New Zealand,1996,4,1996.75,1996-Q4,122256472031.312,1744000.0,70101.18809134862,11.157695021400436
NZL,New Zealand,1997,1,1997.0,1997-Q1,121493894223.03,1745000.0,69624.00815073353,11.150864731537215
NZL,New Zealand,1997,2,1997.25,1997-Q2,124551144901.145,1754000.0,71009.77474409636,11.170572818999531
NZL,New Zealand,1997,3,1997.5,1997-Q3,126949015344.408,1752000.0,72459.4836440685,11.190782838341267
NZL,New Zealand,1997,4,1997.75,1997-Q4,124866783067.927,1750000.0,71352.44746738685,11.175386924592592
NZL,New Zealand,1998,1,1998.0,1998-Q1,124648311199.48,1745000.0,71431.69696245273,11.176496984866024
NZL,New Zealand,1998,2,1998.25,1998-Q2,124512978898.346,1738000.0,71641.52986095857,11.179430210789722
NZL,New Zealand,1998,3,1998.5,1998-Q3,125115448873.881,1737000.0,72029.61938622971,11.184832693768792
NZL,New Zealand,1998,4,1998.75,1998-Q4,128274205337.379,1734000.0,73975.89696503979,11.211494602440453
NZL,New Zealand,1999,1,1999.0,1999-Q1,129195517671.707,1752000.0,73741.733830883,11.20832418427118
NZL,New Zealand,1999,2,1999.25,1999-Q2,130574666624.062,1758000.0,74274.5543936644,11.215523700900686
NZL,New Zealand,1999,3,1999.5,1999-Q3,132400817114.955,1766000.0,74972.15012171857,11.224871991847337
NZL,New Zealand,1999,4,1999.75,1999-Q4,133684934270.228,1786000.0,74851.5869374177,11.22326259119173
NZL,New Zealand,2000,1,2000.0,2000-Q1,136695487043.55,1784000.0,76623.03085400785,11.246652974428795
NZL,New Zealand,2000,2,2000.25,2000-Q2,135897933848.157,1784000.0,76175.97188798038,11.240801362393857
NZL,New Zealand,2000,3,2000.5,2000-Q3,136469084181.461,1806000.0,75564.27695540476,11.232738923446629
NZL,New Zealand,2000,4,2000.75,2000-Q4,137118439476.364,1822000.0,75257.10179822393,11.228665554214114
NZL,New Zealand,2001,1,2001.0,2001-Q1,135922705527.303,1824000.0,74519.02715312665,11.218809769787672
NZL,New Zealand,2001,2,2001.25,2001-Q2,140527131506.854,1841000.0,76331.95627748723,11.242846953672625
NZL,New Zealand,2001,3,2001.5,2001-Q3,140522355194.752,1845000.0,76163.87815433713,11.240642589312943
NZL,New Zealand,2001,4,2001.75,2001-Q4,142038322902.545,1868000.0,76037.64609343951,11.238983839961188
NZL,New Zealand,2002,1,2002.0,2002-Q1,143689696930.832,1893000.0,75905.80926087269,11.23724849880623
NZL,New Zealand,2002,2,2002.25,2002-Q2,145066589595.451,1905000.0,76150.4407325202,11.240466145995597
NZL,New Zealand,2002,3,2002.5,2002-Q3,148136232313.232,1903000.0,77843.5272271319,11.262456029645321
NZL,New Zealand,2002,4,2002.75,2002-Q4,150680710151.295,1918000.0,78561.37129890251,11.271635398310098
NZL,New Zealand,2003,1,2003.0,2003-Q1,151489273956.384,1926000.0,78654.8670593894,11.272824789081499
NZL,New Zealand,2003,2,2003.25,2003-Q2,152171936155.727,1942000.0,78358.36053333007,11.269047949600324
NZL,New Zealand,2003,3,2003.5,2003-Q3,154423298666.235,1971000.0,78347.690850449,11.268911775115633
NZL,New Zealand,2003,4,2003.75,2003-Q4,156275815681.58,1973000.0,79207.20510977191,11.2798225472729
NZL,New Zealand,2004,1,2004.0,2004-Q1,160419723758.154,1991000.0,80572.4378493993,11.296911907846063
NZL,New Zealand,2004,2,2004.25,2004-Q2,160476387411.234,2006000.0,79998.19910829213,11.28975940225629
NZL,New Zealand,2004,3,2004.5,2004-Q3,160776288060.248,2030000.0,79200.1419016,11.279733369487781
NZL,New Zealand,2004,4,2004.75,2004-Q4,160937722733.986,2064000.0,77973.7028749932,11.264126906198083
NZL,New Zealand,2005,1,2005.0,2005-Q1,161287845276.158,2061000.0,78257.08164782047,11.26775460459913
NZL,New Zealand,2005,2,2005.25,2005-Q2,165376987844.929,2071000.0,79853.68799851714,11.287951339157896
NZL,New Zealand,2005,3,2005.5,2005-Q3,165784150079.042,2098000.0,79020.09060011535,11.277457410511362
NZL,New Zealand,2005,4,2005.75,2005-Q4,165759655236.749,2099000.0,78970.77429097141,11.276833117318466
NZL,New Zealand,2006,1,2006.0,2006-Q1,167259845952.874,2120000.0,78896.15375135565,11.27588775724719
NZL,New Zealand,2006,2,2006.25,2006-Q2,166552036204.212,2140000.0,77828.05430103364,11.262257240296652
NZL,New Zealand,2006,3,2006.5,2006-Q3,169596102601.854,2133000.0,79510.59662534177,11.283645582644784
NZL,New Zealand,2006,4,2006.75,2006-Q4,170890376058.329,2133000.0,80117.38211829771,11.291248114736417
NZL,New Zealand,2007,1,2007.0,2007-Q1,172169452195.007,2158000.0,79781.9518975936,11.287052591161533
NZL,New Zealand,2007,2,2007.25,2007-Q2,174509396679.524,2169000.0,80456.15337921807,11.295467636496394
NZL,New Zealand,2007,3,2007.5,2007-Q3,176299377734.672,2165000.0,81431.58324927113,11.307518477343159
NZL,New Zealand,2007,4,2007.75,2007-Q4,177248528980.264,2179000.0,81343.97842141533,11.306442089273414
NZL,New Zealand,2008,1,2008.0,2008-Q1,176266334222.951,2182000.0,80782.00468512878,11.299509505411715
NZL,New Zealand,2008,2,2008.25,2008-Q2,173829395366.575,2180000.0,79738.25475530964,11.286504734005456
NZL,New Zealand,2008,3,2008.5,2008-Q3,173983104448.079,2181000.0,79772.17076940807,11.28692998538947
NZL,New Zealand,2008,4,2008.75,2008-Q4,173975699873.642,2194000.0,79296.12574003737,11.280944550692226
NZL,New Zealand,2009,1,2009.0,2009-Q1,172636557008.932,2154000.0,80146.96239968989,11.291617258376158
NZL,New Zealand,2009,2,2009.25,2009-Q2,174756357518.728,2155000.0,81093.43736367888,11.30335731652939
NZL,New Zealand,2009,3,2009.5,2009-Q3,175826912571.856,2135000.0,82354.52579478032,11.318788692137911
NZL,New Zealand,2009,4,2009.75,2009-Q4,177887460560.521,2137000.0,83241.6755079649,11.329503408944648
NZL,New Zealand,2010,1,2010.0,2010-Q1,179981262653.605,2144000.0,83946.48444664413,11.337934784876527
NZL,New Zealand,2010,2,2010.25,2010-Q2,180985339756.278,2148000.0,84257.60696288547,11.341634134499337
NZL,New Zealand,2010,3,2010.5,2010-Q3,178414478523.486,2166000.0,82370.48869967036,11.318982504899003
NZL,New Zealand,2010,4,2010.75,2010-Q4,176305925762.901,2158000.0,81698.76077984291,11.31079411279968
NZL,New Zealand,2011,1,2011.0,2011-Q1,179311929458.434,2177000.0,82366.5270824226,11.318934408638066
NZL,New Zealand,2011,2,2011.25,2011-Q2,180836541274.668,2186000.0,82724.8587715773,11.323275425584697
NZL,New Zealand,2011,3,2011.5,2011-Q3,182820357311.919,2188000.0,83555.92198899406,11.333271411092719
NZL,New Zealand,2011,4,2011.75,2011-Q4,184339746557.844,2189000.0,84211.85315570762,11.341090964143469
NZL,New Zealand,2012,1,2012.0,2012-Q1,184732897448.267,2191000.0,84314.42147342172,11.342308202590164
NZL,New Zealand,2012,2,2012.25,2012-Q2,185960953352.543,2194000.0,84758.86661465041,11.347565640592155
NZL,New Zealand,2012,3,2012.5,2012-Q3,187075076608.798,2184000.0,85657.08635933975,11.358107236574293
NZL,New Zealand,2012,4,2012.75,2012-Q4,189184244916.399,2189000.0,86424.96341544038,11.367031841479818
NZL,New Zealand,2013,1,2013.0,2013-Q1,190146769631.524,2193000.0,86706.23330210852,11.370281055248995
NZL,New Zealand,2013,2,2013.25,2013-Q2,189268357307.152,2205000.0,85835.98970845896,11.360193657998654
NZL,New Zealand,2013,3,2013.5,2013-Q3,191035906543.969,2239000.0,85321.9770182979,11.354187344120598
NZL,New Zealand,2013,4,2013.75,2013-Q4,192100655316.617,2258000.0,85075.57808530425,11.351295294354005
NZL,New Zealand,2014,1,2014.0,2014-Q1,194251675361.404,2281000.0,85160.75202165892,11.352295949659583
NZL,New Zealand,2014,2,2014.25,2014-Q2,195159742260.989,2290000.0,85222.59487379433,11.35302187570785
NZL,New Zealand,2014,3,2014.5,2014-Q3,197664818198.702,2315000.0,85384.37071218228,11.354918350289875
NZL,New Zealand,2014,4,2014.75,2014-Q4,200235869260.068,2346000.0,85352.0329326803,11.354539546716666
NZL,New Zealand,2015,1,2015.0,2015-Q1,201836472386.601,2364000.0,85379.21843764848,11.354858006342303
NZL,New Zealand,2015,2,2015.25,2015-Q2,203455648563.949,2366000.0,85991.39837867668,11.36200255138083
NZL,New Zealand,2015,3,2015.5,2015-Q3,206282524434.245,2357000.0,87519.10243285744,11.379612362037149
NZL,New Zealand,2015,4,2015.75,2015-Q4,208335339118.781,2387000.0,87279.15338030206,11.376866920417537
NZL,New Zealand,2016,1,2016.0,2016-Q1,210381295422.897,2418000.0,87006.32565049504,11.373736103619956
NZL,New Zealand,2016,2,2016.25,2016-Q2,212855380465.771,2480000.0,85828.7824458754,11.360109688964153
NZL,New Zealand,2016,3,2016.5,2016-Q3,214572226171.485,2504000.0,85691.7836148103,11.358512226183503
NZL,New Zealand,2016,4,2016.75,2016-Q4,215015516783.769,2530000.0,84986.37027026444,11.350246172853462
NZL,New Zealand,2017,1,2017.0,2017-Q1,218094223084.307,2560000.0,85193.05589230743,11.352675205884392
NZL,New Zealand,2017,2,2017.25,2017-Q2,220423476306.188,2558000.0,86170.24093283346,11.364080164247467
NZL,New Zealand,2017,3,2017.5,2017-Q3,222759519308.231,2606000.0,85479.4778619459,11.356031601107759
NZL,New Zealand,2017,4,2017.75,2017-Q4,225716938470.445,2622000.0,86085.7888903299,11.363099623254428
NZL,New Zealand,2018,1,2018.0,2018-Q1,228175762545.086,2635000.0,86594.21728466262,11.368988317317081
NZL,New Zealand,2018,2,2018.25,2018-Q2,230240412752.334,2653000.0,86784.92753574596,11.371188239668703
NZL,New Zealand,2018,3,2018.5,2018-Q3,230441635398.649,2675000.0,86146.40575650429,11.363803520325488
NZL,New Zealand,2018,4,2018.75,2018-Q4,234107173124.515,2678000.0,87418.66061408327,11.378464047024291
NZL,New Zealand,2019,1,2019.0,2019-Q1,236949006696.456,2670000.0,88744.94632826067,11.3935217629362
NZL,New Zealand,2019,2,2019.25,2019-Q2,236852042642.189,2686000.0,88180.2094721478,11.387137834415434
NZL,New Zealand,2019,3,2019.5,2019-Q3,238896374905.903,2696000.0,88611.41502444474,11.392015966041987
NZL,New Zealand,2019,4,2019.75,2019-Q4,240445795085.525,2704000.0,88922.26149612611,11.395517800684615
NZL,New Zealand,2020,1,2020.0,2020-Q1,238445832884.771,2733000.0,87246.92019201281,11.376497540782783
NZL,New Zealand,2020,2,2020.25,2020-Q2,214725003505.986,2723000.0,78856.04241865074,11.2753792212706
NZL,New Zealand,2020,3,2020.5,2020-Q3,244720705538.027,2700000.0,90637.29834741741,11.4146210888523
NZL,New Zealand,2020,4,2020.75,2020-Q4,245856909607.037,2714000.0,90588.39705491414,11.414081416003132
NZL,New Zealand,2021,1,2021.0,2021-Q1,250974316617.532,2732000.0,91864.68397420645,11.428071946936956
NZL,New Zealand,2021,2,2021.25,2021-Q2,253234786434.279,2756000.0,91884.90073812735,11.428291993845189
NZL,New Zealand,2021,3,2021.5,2021-Q3,242543713688.118,2800000.0,86622.75488861358,11.369317818564575
NZL,New Zealand,2021,4,2021.75,2021-Q4,252057997704.634,2799000.0,90052.87520708611,11.408152279101445
NZL,New Zealand,2022,1,2022.0,2022-Q1,252246628665.822,2795000.0,90249.24102533882,11.41033046646823
NZL,New Zealand,2022,2,2022.25,2022-Q2,255568047866.102,2786000.0,91732.96764755994,11.426637109965124
NZL,New Zealand,2022,3,2022.5,2022-Q3,262011050925.147,2828000.0,92648.88646575212,11.436572212923009
NZL,New Zealand,2022,4,2022.75,2022-Q4,261626629157.208,2842000.0,92057.22348951724,11.430165657124077
NZL,New Zealand,2023,1,2023.0,2023-Q1,260518224659.443,2877000.0,90552.04193932672,11.413680013464003
NZL,New Zealand,2023,2,2023.25,2023-Q2,263079055590.825,2905000.0,90560.77645123065,11.41377646728752
NZL,New Zealand,2023,3,2023.5,2023-Q3,263140232306.289,2908000.0,90488.38800078713,11.412976812072097
NZL,New Zealand,2023,4,2023.75,2023-Q4,263482548272.569,2918000.0,90295.59570684339,11.410843964204993
NZL,New Zealand,2024,1,2024.0,2024-Q1,263891576107.311,2904000.0,90871.75485788946,11.417204504243756
NZL,New Zealand,2024,2,2024.25,2024-Q2,261812697528.406,2909000.0,90000.92730436783,11.407575252641188
NZL,New Zealand,2024,3,2024.5,2024-Q3,259208899403.671,2891000.0,89660.63625170218,11.403787113955746
NZL,New Zealand,2024,4,2024.75,2024-Q4,261009745742.873,2882000.0,90565.49123625016,11.413828528041387
NZL,New Zealand,2025,1,2025.0,2025-Q1,264244170944.509,2878000.0,91815.20880629221,11.427533236157439
NZL,New Zealand,2025,2,2025.25,2025-Q2,261897484493.378,2873000.0,91158.19160925095,11.420351645616243
NZL,New Zealand,2025,3,2025.5,2025-Q3,262787516496.576,2873000.0,91467.9834655677,11.423744282551572
NZL,New Zealand,2025,4,2025.75,2025-Q4,264002575848.077,2878746.0,91707.49202884763,11.42635935642132
POL,Poland,1992,2,1992.25,1992-Q2,212462922027.623,14703012.7467584,14450.29843114739,9.578470346001875
POL,Poland,1992,3,1992.5,1992-Q3,214370791545.15,14567244.28828,14715.946770908542,9.596686999128462
POL,Poland,1992,4,1992.75,1992-Q4,216340161236.23,14610004.8935131,14807.672058500535,9.602900707769619
POL,Poland,1993,1,1993.0,1993-Q1,217446629622.69,14662984.8217855,14829.629319374259,9.604382439497558
POL,Poland,1993,2,1993.25,1993-Q2,219861822080.224,14344427.144162,15327.333735296985,9.637393032101054
POL,Poland,1993,3,1993.5,1993-Q3,222596876843.628,14481476.314119,15371.145318008965,9.64024735021765
POL,Poland,1993,4,1993.75,1993-Q4,225686346394.051,14262220.2508971,15824.068232283485,9.669287365802356
POL,Poland,1994,1,1994.0,1994-Q1,227118257907.177,14208011.4189869,15985.224899500512,9.679420130803821
POL,Poland,1994,2,1994.25,1994-Q2,230984455499.008,14171837.3956847,16298.83613887232,9.698848981722401
POL,Poland,1994,3,1994.5,1994-Q3,235094171464.844,14207992.7340388,16546.613998585253,9.713936767642865
POL,Poland,1994,4,1994.75,1994-Q4,239267404429.372,14247656.8813309,16793.456385301553,9.728744588641273
POL,Poland,1995,1,1995.0,1995-Q1,241875693746.694,14296484.8583075,16918.54299458396,9.736165518021204
POL,Poland,1995,2,1995.25,1995-Q2,246401995006.939,14414147.6911548,17094.454718133828,9.746509404409592
POL,Poland,1995,3,1995.5,1995-Q3,252548115909.11,14357704.4399555,17589.72800737586,9.775070374699935
POL,Poland,1995,4,1995.75,1995-Q4,256462065078.068,14284214.1643609,17954.229902120944,9.795581015298755
POL,Poland,1996,1,1996.0,1996-Q1,261500171538.386,14330799.6487755,18247.42358747092,9.811779175755486
POL,Poland,1996,2,1996.25,1996-Q2,266931087336.7,14448061.3754674,18475.21825938151,9.824185559515579
POL,Poland,1996,3,1996.5,1996-Q3,270185793280.091,14646885.0832234,18446.63843164598,9.822637434041674
POL,Poland,1996,4,1996.75,1996-Q4,261619936107.583,14616278.8264252,17899.216292630696,9.792512208335765
POL,Poland,1997,1,1997.0,1997-Q1,277687452316.548,14590315.1734808,19032.313491162255,9.853893523640023
POL,Poland,1997,2,1997.25,1997-Q2,281757141547.892,14664202.3335578,19213.94257518627,9.86339147026876
POL,Poland,1997,3,1997.5,1997-Q3,285101786224.25,14764713.5463935,19309.67270908485,9.868361425982433
POL,Poland,1997,4,1997.75,1997-Q4,289765224834.587,14831626.6440466,19536.9821388336,9.880064468368644
POL,Poland,1998,1,1998.0,1998-Q1,294947387009.075,14872405.6763896,19831.854605560755,9.895044742383229
POL,Poland,1998,2,1998.25,1998-Q2,297581900048.562,14898975.7641942,19973.312579225912,9.902152290431626
POL,Poland,1998,3,1998.5,1998-Q3,301196514665.241,14918731.4000206,20189.150577831646,9.91290063899202
POL,Poland,1998,4,1998.75,1998-Q4,296345972742.049,14854688.5639939,19949.659090151406,9.900967333959041
POL,Poland,1999,1,1999.0,1999-Q1,302001197277.791,14698354.2065135,20546.59950594746,9.93045073206888
POL,Poland,1999,2,1999.25,1999-Q2,308062299172.56,14383903.1365783,21417.156125666395,9.971947567944923
POL,Poland,1999,3,1999.5,1999-Q3,314584932821.796,14065557.5582353,22365.62123608164,10.01528029263662
POL,Poland,1999,4,1999.75,1999-Q4,318384959595.666,14094573.1391758,22589.187799573476,10.025226654834878
POL,Poland,2000,1,2000.0,2000-Q1,321155687536.705,14108372.0446815,22763.483024093668,10.032912909225002
POL,Poland,2000,2,2000.25,2000-Q2,324754466786.723,14070178.1001817,23081.048759612302,10.046767159780837
POL,Poland,2000,3,2000.5,2000-Q3,324793824591.234,14092066.4769908,23047.99123120444,10.04533389630631
POL,Poland,2000,4,2000.75,2000-Q4,327933224466.72,14050999.06795,23338.78344741535,10.057871781406487
POL,Poland,2001,1,2001.0,2001-Q1,328565562943.109,13948351.5725873,23555.870472094997,10.067130345326937
POL,Poland,2001,2,2001.25,2001-Q2,327666483096.301,13809224.6984122,23728.08685877756,10.074414724973574
POL,Poland,2001,3,2001.5,2001-Q3,329725695727.655,13765979.021633,23952.21547334169,10.083816102666946
POL,Poland,2001,4,2001.75,2001-Q4,329274618390.014,13556510.2556999,24289.039891484525,10.097780494310296
POL,Poland,2002,1,2002.0,2002-Q1,329905721664.589,13518908.8093627,24403.28034730942,10.102472842708485
POL,Poland,2002,2,2002.25,2002-Q2,332102001474.384,13390698.9779353,24800.945941777158,10.11863707423925
POL,Poland,2002,3,2002.5,2002-Q3,335266568947.397,13297023.6407465,25213.655176187607,10.135140998810796
POL,Poland,2002,4,2002.75,2002-Q4,336958201940.054,13225407.5682247,25478.09586977328,10.145574376507982
POL,Poland,2003,1,2003.0,2003-Q1,338382694699.935,13170498.8330164,25692.47368608864,10.153953375312215
POL,Poland,2003,2,2003.25,2003-Q2,344025335015.844,13243282.2496036,25977.346743186827,10.164980158111163
POL,Poland,2003,3,2003.5,2003-Q3,348464696117.067,13166782.0306873,26465.4412372677,10.183595056636296
POL,Poland,2003,4,2003.75,2003-Q4,351185196260.851,13211188.2618731,26582.40797872481,10.188004921795363
POL,Poland,2004,1,2004.0,2004-Q1,359493224695.443,13274340.3064924,27081.814718854017,10.206617738032548
POL,Poland,2004,2,2004.25,2004-Q2,362490597155.801,13290052.7868157,27275.331631143497,10.213737969422716
POL,Poland,2004,3,2004.5,2004-Q3,362298142464.975,13383557.7574999,27070.39107459672,10.206195829293677
POL,Poland,2004,4,2004.75,2004-Q4,365837340489.562,13534776.7154041,27029.433006692892,10.20468166260553
POL,Poland,2005,1,2005.0,2005-Q1,367865550492.653,13558308.3025273,27132.112818535188,10.208473280192928
POL,Poland,2005,2,2005.25,2005-Q2,369569539951.256,13562456.606433,27249.45418634263,10.212788770031803
POL,Poland,2005,3,2005.5,2005-Q3,376227925507.553,13744271.9398364,27373.434340824842,10.217328272453988
POL,Poland,2005,4,2005.75,2005-Q4,382995769669.257,13863825.2699899,27625.547942983852,10.226496273663482
POL,Poland,2006,1,2006.0,2006-Q1,388980017061.383,13863403.1160907,28058.047061324312,10.242030752564514
POL,Poland,2006,2,2006.25,2006-Q2,398017733082.272,14071374.7834672,28285.632300115598,10.250109262136396
POL,Poland,2006,3,2006.5,2006-Q3,404508048831.865,14278473.6162896,28329.92235041019,10.25167385192459
POL,Poland,2006,4,2006.75,2006-Q4,398924347765.021,14372882.9314769,27755.346625092778,10.231183771790388
POL,Poland,2007,1,2007.0,2007-Q1,415365883221.389,14561169.0910822,28525.586141003914,10.258556722845329
POL,Poland,2007,2,2007.25,2007-Q2,420792996153.425,14746535.9999796,28535.040103927262,10.258888088399198
POL,Poland,2007,3,2007.5,2007-Q3,428156575062.64,14804160.4017329,28921.368280535666,10.272335987758463
POL,Poland,2007,4,2007.75,2007-Q4,434043282918.279,14987155.7953175,28961.017610418712,10.27370598436362
POL,Poland,2008,1,2008.0,2008-Q1,440921897876.465,15195105.2033633,29017.36394552049,10.2756496865274
POL,Poland,2008,2,2008.25,2008-Q2,443340375374.759,15268473.224986,29036.32660856079,10.276302966742103
POL,Poland,2008,3,2008.5,2008-Q3,443179960015.985,15355506.3704385,28861.305470796357,10.270257065913135
POL,Poland,2008,4,2008.75,2008-Q4,443959948260.111,15452465.5567557,28730.686803958943,10.265721057150847
POL,Poland,2009,1,2009.0,2009-Q1,449208821904.62,15396099.2204266,29176.79442521631,10.281128960840618
POL,Poland,2009,2,2009.25,2009-Q2,450230690703.352,15417777.2907976,29202.049180726,10.281994163216176
POL,Poland,2009,3,2009.5,2009-Q3,453671474397.403,15382383.4333975,29492.924575811383,10.291905668672776
POL,Poland,2009,4,2009.75,2009-Q4,461450033733.712,15338760.3233498,30083.919691427636,10.311746078464857
POL,Poland,2010,1,2010.0,2010-Q1,459782785625.176,15378830.6679825,29897.122580483778,10.305517519981487
POL,Poland,2010,2,2010.25,2010-Q2,466625971424.369,15467047.7523477,30169.039295397608,10.314571488603269
POL,Poland,2010,3,2010.5,2010-Q3,472109945969.603,15537345.9864858,30385.49481875725,10.321720629405007
POL,Poland,2010,4,2010.75,2010-Q4,476026617626.423,15508775.5956252,30694.016732094773,10.331823019860805
POL,Poland,2011,1,2011.0,2011-Q1,484584399762.065,15556241.7582968,31150.480128249208,10.346584937523755
POL,Poland,2011,2,2011.25,2011-Q2,490709817043.882,15574498.400309,31507.262990514435,10.35797336936373
POL,Poland,2011,3,2011.5,2011-Q3,496450871690.327,15553986.9747456,31917.917412197585,10.370922805456491
POL,Poland,2011,4,2011.75,2011-Q4,501053272532.471,15565272.8666486,32190.458646315663,10.379425372290626
POL,Poland,2012,1,2012.0,2012-Q1,502121068018.788,15597857.7108675,32191.668710309175,10.379462962349958
POL,Poland,2012,2,2012.25,2012-Q2,501008986083.732,15605456.7152907,32104.730750547544,10.376758673665885
POL,Poland,2012,3,2012.5,2012-Q3,501252069480.155,15576091.1678112,32180.86386885167,10.379127265085113
POL,Poland,2012,4,2012.75,2012-Q4,500724021922.202,15583594.4060306,32131.48448784254,10.37759165358983
POL,Poland,2013,1,2013.0,2013-Q1,499349939169.407,15494688.5422816,32227.168542742293,10.38056511934442
POL,Poland,2013,2,2013.25,2013-Q2,503127190524.635,15527115.3431879,32403.133447795786,10.3860104084559
POL,Poland,2013,3,2013.5,2013-Q3,506813353949.488,15597508.4552265,32493.22514581886,10.38878688953591
POL,Poland,2013,4,2013.75,2013-Q4,509649654955.536,15654687.6593041,32555.721713977113,10.390708414492261
POL,Poland,2014,1,2014.0,2014-Q1,516465503440.691,15763937.4390014,32762.468478396066,10.3970388855067
POL,Poland,2014,2,2014.25,2014-Q2,522320390662.789,15783589.2460325,33092.62440379865,10.40706570885558
POL,Poland,2014,3,2014.5,2014-Q3,526559314577.487,15936204.4331601,33041.701792041575,10.405525733331523
POL,Poland,2014,4,2014.75,2014-Q4,531046351954.392,15962268.8818061,33268.85143249793,10.412376845798567
POL,Poland,2015,1,2015.0,2015-Q1,539731854021.218,16002974.4747013,33726.97087497493,10.426053118952565
POL,Poland,2015,2,2015.25,2015-Q2,542811566471.458,15973096.8892602,33982.863200211796,10.433611653012564
POL,Poland,2015,3,2015.5,2015-Q3,550070826190.306,16122737.7524712,34117.70597744756,10.437571765390082
POL,Poland,2015,4,2015.75,2015-Q4,554740258126.47,16237190.8835672,34164.79254967023,10.438950935183279
POL,Poland,2016,1,2016.0,2016-Q1,553751740850.864,16161056.7917746,34264.57489665551,10.441867297599918
POL,Poland,2016,2,2016.25,2016-Q2,561915646965.85,16159740.3981024,34772.56645978263,10.456584034753673
POL,Poland,2016,3,2016.5,2016-Q3,565190657187.575,16165313.5763249,34963.1731249143,10.462050590093257
POL,Poland,2016,4,2016.75,2016-Q4,576123177119.051,16301889.233798,35340.88404456827,10.47279576097021
POL,Poland,2017,1,2017.0,2017-Q1,582865761602.584,16410696.0332592,35517.430852494166,10.47777886488699
POL,Poland,2017,2,2017.25,2017-Q2,588606925598.286,16473287.8931187,35730.99246594007,10.483773727456207
POL,Poland,2017,3,2017.5,2017-Q3,597434800396.621,16414016.1946791,36397.84397131826,10.502264820313384
POL,Poland,2017,4,2017.75,2017-Q4,605927410375.597,16392999.8789431,36962.57029525842,10.517661065958272
POL,Poland,2018,1,2018.0,2018-Q1,617933958700.989,16450399.1728401,37563.462880658175,10.533787125043077
POL,Poland,2018,2,2018.25,2018-Q2,626970253181.548,16549437.2512098,37884.68717482917,10.542302277101058
POL,Poland,2018,3,2018.5,2018-Q3,634894575076.307,16524529.9802923,38421.33941682476,10.556368298203797
POL,Poland,2018,4,2018.75,2018-Q4,641096208789.66,16410633.5956578,39065.902303692405,10.573005301660388
POL,Poland,2019,1,2019.0,2019-Q1,650400190249.277,16357542.1888033,39761.48633713899,10.590654042796617
POL,Poland,2019,2,2019.25,2019-Q2,656445345177.079,16472918.0681526,39849.97329927822,10.592877014187478
POL,Poland,2019,3,2019.5,2019-Q3,661608817052.535,16536133.9061159,40009.885067986696,10.596881829264968
POL,Poland,2019,4,2019.75,2019-Q4,666329971186.859,16476405.8369283,40441.4638593949,10.607610870782798
POL,Poland,2020,1,2020.0,2020-Q1,670338168171.078,16482216.3321379,40670.39011398103,10.613255591035768
POL,Poland,2020,2,2020.25,2020-Q2,610023633511.018,16274699.4354396,37482.94313704113,10.531641258804106
POL,Poland,2020,3,2020.5,2020-Q3,650097730206.764,16451184.1430203,39516.774267132576,10.584480525735254
POL,Poland,2020,4,2020.75,2020-Q4,651026542788.511,16558900.0894022,39315.8083733576,10.579381965662982
POL,Poland,2021,1,2021.0,2021-Q1,666291917645.718,16979264.6853124,39241.50603660013,10.57749029308042
POL,Poland,2021,2,2021.25,2021-Q2,683227493041.377,17105748.7566517,39941.396472089466,10.59516857060718
POL,Poland,2021,3,2021.5,2021-Q3,697308068708.187,17279064.9772312,40355.65984774274,10.605486932702549
POL,Poland,2021,4,2021.75,2021-Q4,711223964395.233,17279921.5808048,41158.981021377316,10.625197433115234
POL,Poland,2022,1,2022.0,2022-Q1,734691626956.335,17255320.2019699,42577.6872498988,10.659085621563664
POL,Poland,2022,2,2022.25,2022-Q2,726517332662.015,17291783.2214334,42015.17699814134,10.645786189090357
POL,Poland,2022,3,2022.5,2022-Q3,730554616548.37,17177098.3384197,42530.73494458327,10.657982268714013
POL,Poland,2022,4,2022.75,2022-Q4,718675569455.651,17278798.238177,41592.914018045434,10.635685095635836
POL,Poland,2023,1,2023.0,2023-Q1,725680482804.691,17366297.4888425,41786.71264101783,10.640333688576995
POL,Poland,2023,2,2023.25,2023-Q2,721212253499.844,17306524.6125494,41672.852848623035,10.637605184962943
POL,Poland,2023,3,2023.5,2023-Q3,735126618297.304,17274415.7068854,42555.802220522586,10.658571487114473
POL,Poland,2023,4,2023.75,2023-Q4,732640781657.221,17278762.1917228,42401.23068585228,10.654932666408538
POL,Poland,2024,1,2024.0,2024-Q1,739074126444.359,17236689.7161557,42877.96198777283,10.666113266344956
POL,Poland,2024,2,2024.25,2024-Q2,750163015812.131,17211118.1394515,43585.95471450514,10.682490237863457
POL,Poland,2024,3,2024.5,2024-Q3,750503310697.273,17279246.2945744,43433.79901546559,10.67899319615555
POL,Poland,2024,4,2024.75,2024-Q4,761463824038.324,17195945.8479916,44281.59001950213,10.698324294477391
POL,Poland,2025,1,2025.0,2025-Q1,766393616553.384,17106455.4083742,44801.42719561925,10.709995274940724
POL,Poland,2025,2,2025.25,2025-Q2,772334014893.793,17202095.8836201,44897.66945370955,10.712141167120627
POL,Poland,2025,3,2025.5,2025-Q3,777985357360.795,17313209.6693331,44935.940372676305,10.712993207272548
POL,Poland,2025,4,2025.75,2025-Q4,783432003517.016,17202095.8836201,45542.822736094786,10.726408321361617
PRT,Portugal,1960,1,1960.0,1960-Q1,42497743979.0261,3125320.63061932,13597.882906050718,9.517669390933778
PRT,Portugal,1960,2,1960.25,1960-Q2,42606971451.8014,3131762.81289415,13604.788739549243,9.518177122948988
PRT,Portugal,1960,3,1960.5,1960-Q3,42854279744.3024,3137634.44285598,13658.149323888414,9.522091642532613
PRT,Portugal,1960,4,1960.75,1960-Q4,43275145897.7249,3143692.91947844,13765.703904980814,9.529935553572605
PRT,Portugal,1961,1,1961.0,1961-Q1,43956348713.603,3141427.23433684,13992.47712413821,9.54627511589823
PRT,Portugal,1961,2,1961.25,1961-Q2,44713971587.1552,3139355.22757805,14243.04302818612,9.564023857935858
PRT,Portugal,1961,3,1961.5,1961-Q3,45550225798.9361,3136698.19579454,14521.71135240444,9.58340014316948
PRT,Portugal,1961,4,1961.75,1961-Q4,46379079479.5232,3134203.32801699,14797.725171476746,9.60222874330849
PRT,Portugal,1962,1,1962.0,1962-Q1,47170932560.1834,3132182.5968149,15060.083855951207,9.619803069462632
PRT,Portugal,1962,2,1962.25,1962-Q2,47847391479.8929,3130315.05239707,15285.168003537945,9.634638225663807
PRT,Portugal,1962,3,1962.5,1962-Q3,48477180842.4497,3127939.45745511,15498.119929050901,9.648474000650575
PRT,Portugal,1962,4,1962.75,1962-Q4,49120434080.0252,3125693.73110517,15715.050259469086,9.662374147411033
PRT,Portugal,1963,1,1963.0,1963-Q1,49796999765.909,3123421.4777238,15943.093213983617,9.676780987093128
PRT,Portugal,1963,2,1963.25,1963-Q2,50576490470.6284,3121245.96943297,16203.942581243133,9.693009860823532
PRT,Portugal,1963,3,1963.5,1963-Q3,51404821579.8748,3118705.72622243,16482.741910420486,9.710069167683663
PRT,Portugal,1963,4,1963.75,1963-Q4,52243082131.9027,3116256.42207959,16764.6929699832,9.727030344982747
PRT,Portugal,1964,1,1964.0,1964-Q1,53044445738.1077,3114178.00705248,17033.209282828833,9.742920204688684
PRT,Portugal,1964,2,1964.25,1964-Q2,53877955337.7568,3112156.53245361,17312.096861426075,9.759160776675962
PRT,Portugal,1964,3,1964.5,1964-Q3,54762145198.2911,3109939.14928165,17608.751351594885,9.776151293331518
PRT,Portugal,1964,4,1964.75,1964-Q4,55736215578.941,3107802.76812695,17934.283394867045,9.794469433487455
PRT,Portugal,1965,1,1965.0,1965-Q1,56933939159.0267,3105406.67801845,18333.81101484462,9.816502230562225
PRT,Portugal,1965,2,1965.25,1965-Q2,58006971458.7845,3103056.19859508,18693.496909610392,9.835930983516185
PRT,Portugal,1965,3,1965.5,1965-Q3,58981336558.1946,3100682.93735436,19022.04699733669,9.853353953722523
PRT,Portugal,1965,4,1965.75,1965-Q4,59753828674.729,3098429.40063334,19285.199353748358,9.867093207832786
PRT,Portugal,1966,1,1966.0,1966-Q1,60103336695.7141,3093575.81960749,19428.434989299843,9.87449299302865
PRT,Portugal,1966,2,1966.25,1966-Q2,60501750897.1275,3088677.14545121,19588.240547002555,9.882684693071624
PRT,Portugal,1966,3,1966.5,1966-Q3,60944730027.6696,3084029.68294139,19761.395412233396,9.891485586836529
PRT,Portugal,1966,4,1966.75,1966-Q4,61655393473.4386,3079667.11077456,20020.148690009486,9.904494479915032
PRT,Portugal,1967,1,1967.0,1967-Q1,62800099962.0227,3074709.98116624,20424.723094762445,9.924501362464332
PRT,Portugal,1967,2,1967.25,1967-Q2,64382296474.0713,3069566.522452,20974.39361654299,9.951057621098345
PRT,Portugal,1967,3,1967.5,1967-Q3,66250211613.3017,3065004.12711644,21615.04809314237,9.981145022088494
PRT,Portugal,1967,4,1967.75,1967-Q4,68120940017.1814,3060822.40738567,22255.76363163301,10.010356293673372
PRT,Portugal,1968,1,1968.0,1968-Q1,70054027217.3761,3055832.61537006,22924.693867400387,10.039969943377942
PRT,Portugal,1968,2,1968.25,1968-Q2,71125797998.8758,3050525.55290676,23315.91614799031,10.056891502829856
PRT,Portugal,1968,3,1968.5,1968-Q3,71683018510.845,3045993.16633432,23533.545414059958,10.06618214670151
PRT,Portugal,1968,4,1968.75,1968-Q4,71905021518.3067,3041904.99226498,23638.15493946994,10.07061742022834
PRT,Portugal,1969,1,1969.0,1969-Q1,71515704340.4594,3036929.3436081,23548.68890544993,10.066825425090101
PRT,Portugal,1969,2,1969.25,1969-Q2,71984199444.2269,3031550.66098293,23745.009565793374,10.0751276638382
PRT,Portugal,1969,3,1969.5,1969-Q3,72930229829.0482,3027039.89878732,24092.919904446982,10.089673296418512
PRT,Portugal,1969,4,1969.75,1969-Q4,74377009146.4528,3022889.70284347,24604.60567796779,10.110688927078092
PRT,Portugal,1970,1,1970.0,1970-Q1,78193298510.8956,3063960.55802818,25520.334557184084,10.147230846980323
PRT,Portugal,1970,2,1970.25,1970-Q2,78687610033.2177,3104292.92851143,25347.997706824004,10.140455019975674
PRT,Portugal,1970,3,1970.5,1970-Q3,79605363704.147,3146143.69159463,25302.520007850897,10.138659274808752
PRT,Portugal,1970,4,1970.75,1970-Q4,80824519284.6492,3187986.44669495,25352.84281664422,10.140646145400222
PRT,Portugal,1971,1,1971.0,1971-Q1,82423006834.2188,3185378.51673835,25875.419954365538,10.16104876055637
PRT,Portugal,1971,2,1971.25,1971-Q2,83857898952.3764,3181801.47029114,26355.478094836402,10.179431429699097
PRT,Portugal,1971,3,1971.5,1971-Q3,85297425329.7169,3180593.73284867,26818.082563886914,10.196831661509131
PRT,Portugal,1971,4,1971.75,1971-Q4,86775408998.6187,3178357.72711721,27301.96423714851,10.214713928663468
PRT,Portugal,1972,1,1972.0,1972-Q1,88188293595.2499,3173304.93457819,27790.677357948985,10.232455896601037
PRT,Portugal,1972,2,1972.25,1972-Q2,90076027256.4722,3167031.53159954,28441.784162148342,10.255614616202221
PRT,Portugal,1972,3,1972.5,1972-Q3,92317957185.0628,3163494.79795925,29182.2693195565,10.28131658874295
PRT,Portugal,1972,4,1972.75,1972-Q4,94892870010.6768,3158304.51465883,30045.51004193699,10.310468512557938
PRT,Portugal,1973,1,1973.0,1973-Q1,98270803198.6991,3151721.70806408,31180.03818270527,10.347533367200667
PRT,Portugal,1973,2,1973.25,1973-Q2,100880451567.692,3144044.23561601,32086.206175126088,10.376181502593989
PRT,Portugal,1973,3,1973.5,1973-Q3,102990271946.556,3138796.52256289,32812.02563027641,10.398550362247423
PRT,Portugal,1973,4,1973.75,1973-Q4,104269290506.179,3131342.78431118,33298.587120067,10.41327024624159
PRT,Portugal,1974,1,1974.0,1974-Q1,104412194741.558,3224505.03179626,32380.84410226322,10.385322295522581
PRT,Portugal,1974,2,1974.25,1974-Q2,103702199167.902,3316316.58381771,31270.295385527115,10.350423896698512
PRT,Portugal,1974,3,1974.5,1974-Q3,102295437804.848,3410226.08620409,29996.673305233166,10.30884176467
PRT,Portugal,1974,4,1974.75,1974-Q4,100645693730.556,3501790.10592258,28741.212547357954,10.266087348978173
PRT,Portugal,1975,1,1975.0,1975-Q1,98375121017.3895,3509684.34910363,28029.620681561977,10.241017111479398
PRT,Portugal,1975,2,1975.25,1975-Q2,97695418355.2219,3516249.02246334,27783.987348763054,10.232215139081273
PRT,Portugal,1975,3,1975.5,1975-Q3,97957071819.3651,3524098.65242833,27796.34779856869,10.232659916896184
PRT,Portugal,1975,4,1975.75,1975-Q4,99156736647.8478,3529963.36597721,28090.018611396536,10.243169582661137
PRT,Portugal,1976,1,1976.0,1976-Q1,101773973769.885,3546318.35831549,28698.487695342694,10.264599706817293
PRT,Portugal,1976,2,1976.25,1976-Q2,104042626885.588,3561656.69441047,29211.862852719238,10.282330167833704
PRT,Portugal,1976,3,1976.5,1976-Q3,106286584989.467,3577027.59881187,29713.660868809256,10.299362180953507
PRT,Portugal,1976,4,1976.75,1976-Q4,108211790391.881,3591720.15836918,30128.124024287725,10.313214367467316
PRT,Portugal,1977,1,1977.0,1977-Q1,109692408914.243,3591168.76499056,30545.04427182813,10.326957734479711
PRT,Portugal,1977,2,1977.25,1977-Q2,110710632652.641,3590344.1874155,30835.660001816083,10.33642709150384
PRT,Portugal,1977,3,1977.5,1977-Q3,111425113745.785,3588677.47304556,31049.07436867632,10.343324275924557
PRT,Portugal,1977,4,1977.75,1977-Q4,112035376175.345,3587119.52044554,31232.6855954411,10.349220440670177
PRT,Portugal,1978,1,1978.0,1978-Q1,112431656433.186,3584925.8600995,31362.337973166745,10.353363024401204
PRT,Portugal,1978,2,1978.25,1978-Q2,113352129432.565,3582024.02493786,31644.715011237648,10.362326431361858
PRT,Portugal,1978,3,1978.5,1978-Q3,114554357435.341,3578495.07343839,32011.88071645762,10.373862385266625
PRT,Portugal,1978,4,1978.75,1978-Q4,116024434828.137,3576311.84887733,32442.482571691617,10.387224033405158
PRT,Portugal,1979,1,1979.0,1979-Q1,117909797973.137,3596740.48611271,32782.40352018605,10.397647172373294
PRT,Portugal,1979,2,1979.25,1979-Q2,119679330020.104,3614835.09275444,33107.82565434001,10.40752495802368
PRT,Portugal,1979,3,1979.5,1979-Q3,121436251483.199,3632624.81262118,33429.340421086505,10.417189249069532
PRT,Portugal,1979,4,1979.75,1979-Q4,123071198523.093,3654848.12257114,33673.409782213865,10.424463777660618
PRT,Portugal,1980,1,1980.0,1980-Q1,124620793427.572,3678449.93478782,33878.616166284824,10.430539302780826
PRT,Portugal,1980,2,1980.25,1980-Q2,125765218106.608,3693916.47388966,34046.57874523578,10.435484829150196
PRT,Portugal,1980,3,1980.5,1980-Q3,126617938278.928,3709835.28993799,34130.33959279751,10.43794199183067
PRT,Portugal,1980,4,1980.75,1980-Q4,127217679939.426,3737299.19891633,34040.004069332776,10.43529170223292
PRT,Portugal,1981,1,1981.0,1981-Q1,127413886374.29,3740176.14440143,34066.279622956376,10.436063306657731
PRT,Portugal,1981,2,1981.25,1981-Q2,127807818757.774,3723527.27508837,34324.39440227835,10.443611587429645
PRT,Portugal,1981,3,1981.5,1981-Q3,128274739732.315,3708737.27409418,34587.173545110374,10.45123818552835
PRT,Portugal,1981,4,1981.75,1981-Q4,128884012691.739,3717218.42431709,34672.165576446314,10.453692499273687
PRT,Portugal,1982,1,1982.0,1982-Q1,129825587887.634,3734883.42290866,34760.278484549905,10.45623059098561
PRT,Portugal,1982,2,1982.25,1982-Q2,130605369527.205,3717224.4467719,35135.18524301778,10.466958335933953
PRT,Portugal,1982,3,1982.5,1982-Q3,131263125650.328,3701908.11145717,35458.23442890897,10.47611078788971
PRT,Portugal,1982,4,1982.75,1982-Q4,131627620090.524,3728058.45716985,35307.284368724446,10.471844577687422
PRT,Portugal,1983,1,1983.0,1983-Q1,131583185826.839,3798423.03130728,34641.53011455199,10.452808533598974
PRT,Portugal,1983,2,1983.25,1983-Q2,131106907634.323,3943407.76848526,33247.10893002164,10.411723092830643
PRT,Portugal,1983,3,1983.5,1983-Q3,130312628411.873,3877102.45122397,33610.82923427374,10.422603592663346
PRT,Portugal,1983,4,1983.75,1983-Q4,129413043036.492,3949205.35048313,32769.38815568558,10.397250070651472
PRT,Portugal,1984,1,1984.0,1984-Q1,128217021109.946,3885071.03408165,33002.490812952106,10.404338316780574
PRT,Portugal,1984,2,1984.25,1984-Q2,127840599843.511,3882079.75605592,32930.95656885559,10.40216842350167
PRT,Portugal,1984,3,1984.5,1984-Q3,127961053647.398,3875899.18357219,33014.54645408598,10.404703544963084
PRT,Portugal,1984,4,1984.75,1984-Q4,128575780583.238,3886091.78371221,33086.140971280736,10.406869771911095
PRT,Portugal,1985,1,1985.0,1985-Q1,129865090292.462,3864802.6129645,33601.99816074148,10.422340813252768
PRT,Portugal,1985,2,1985.25,1985-Q2,131082252575.802,3865009.93597149,33915.113996428525,10.431616034613763
PRT,Portugal,1985,3,1985.5,1985-Q3,132373055111.511,3866187.84344246,34238.65069981851,10.441110422347728
PRT,Portugal,1985,4,1985.75,1985-Q4,133664836895.043,3861692.65493859,34613.017875491336,10.451985129461654
PRT,Portugal,1986,1,1986.0,1986-Q1,134839355240.434,3826518.10296027,35238.13336623695,10.469884109471176
PRT,Portugal,1986,2,1986.25,1986-Q2,136259001261.464,3863297.56386599,35270.128435333376,10.47079166471293
PRT,Portugal,1986,3,1986.5,1986-Q3,137893355927.059,3914001.28847622,35230.78960986826,10.469675684080661
PRT,Portugal,1986,4,1986.75,1986-Q4,139815747366.826,3881502.9272158,36021.03360182592,10.49185831353829
PRT,Portugal,1987,1,1987.0,1987-Q1,142117583439.499,3946318.92904178,36012.69588061578,10.491626818617583
PRT,Portugal,1987,2,1987.25,1987-Q2,144582521553.532,3977826.2012616,36347.11881270139,10.500870217446135
PRT,Portugal,1987,3,1987.5,1987-Q3,147209093838.417,3977973.40323139,37006.05281041749,10.518836767717806
PRT,Portugal,1987,4,1987.75,1987-Q4,149919826591.295,3989982.74273683,37574.05388888004,10.534069035032848
PRT,Portugal,1988,1,1988.0,1988-Q1,152757863324.364,4093042.78178867,37321.3453824708,10.527320704216931
PRT,Portugal,1988,2,1988.25,1988-Q2,155520572063.526,4016068.51644179,38724.581372759094,10.564229854968643
PRT,Portugal,1988,3,1988.5,1988-Q3,158280577848.651,4098385.76254889,38620.22440518442,10.561531366560766
PRT,Portugal,1988,4,1988.75,1988-Q4,160993598771.999,4101864.75590366,39248.88029043058,10.577678195171291
PRT,Portugal,1989,1,1989.0,1989-Q1,163752987073.693,4143609.76844435,39519.4036660386,10.584547062325857
PRT,Portugal,1989,2,1989.25,1989-Q2,166111958169.016,4163721.97272966,39895.06486191152,10.594007907556614
PRT,Portugal,1989,3,1989.5,1989-Q3,168172436554.008,4178198.89076426,40249.98353375335,10.60286487374733
PRT,Portugal,1989,4,1989.75,1989-Q4,169933627866.842,4191553.95720811,40541.91586263882,10.610091677464546
PRT,Portugal,1990,1,1990.0,1990-Q1,171192775934.484,4182588.56397776,40929.86276701212,10.619615216610368
PRT,Portugal,1990,2,1990.25,1990-Q2,172697217222.526,4255835.97431392,40578.917576908345,10.611003939216964
PRT,Portugal,1990,3,1990.5,1990-Q3,174318852936.182,4218419.11184676,41323.26549693348,10.629180949562352
PRT,Portugal,1990,4,1990.75,1990-Q4,176150514157.876,4390821.6485834,40117.89324549473,10.599577729368457
PRT,Portugal,1991,1,1991.0,1991-Q1,178511079043.194,4394978.73270994,40617.05184478202,10.611943253593015
PRT,Portugal,1991,2,1991.25,1991-Q2,180509402426.285,4380307.40230585,41209.30013525136,10.62641924130225
PRT,Portugal,1991,3,1991.5,1991-Q3,182237295110.052,4372853.93694663,41674.68150955443,10.637649065347548
PRT,Portugal,1991,4,1991.75,1991-Q4,183432634163.907,4406334.82406971,41629.29997101033,10.636559524554253
PRT,Portugal,1992,1,1992.0,1992-Q1,183947469523.687,4437952.22252187,41448.72686780722,10.632212445201674
PRT,Portugal,1992,2,1992.25,1992-Q2,183740909403.03,4430659.64139696,41470.32818460811,10.632733466992766
PRT,Portugal,1992,3,1992.5,1992-Q3,182979410541.063,4433636.01384702,41270.73354005297,10.62790889676005
PRT,Portugal,1992,4,1992.75,1992-Q4,181917952803.039,4410217.29366679,41249.20399370771,10.627387094454399
PRT,Portugal,1993,1,1993.0,1993-Q1,180310648605.933,4370739.86710499,41254.03343332895,10.627504167184568
PRT,Portugal,1993,2,1993.25,1993-Q2,179446052419.574,4353550.36014121,41218.324717795054,10.626638211158433
PRT,Portugal,1993,3,1993.5,1993-Q3,178952509442.545,4315771.8680826,41464.77499563701,10.632599550502247
PRT,Portugal,1993,4,1993.75,1993-Q4,178907775522.235,4312832.11968589,41482.66627527925,10.633030938852402
PRT,Portugal,1994,1,1994.0,1994-Q1,179328663529.757,4312826.61478578,41580.3090518315,10.635381994088362
PRT,Portugal,1994,2,1994.25,1994-Q2,180238075437.819,4329450.23683905,41630.7072672145,10.636593329408491
PRT,Portugal,1994,3,1994.5,1994-Q3,181604775601.979,4349430.40821263,41753.69153144085,10.639543146284941
PRT,Portugal,1994,4,1994.75,1994-Q4,183369314461.024,4340640.05198542,42244.76396681415,10.651235695325843
PRT,Portugal,1995,1,1995.0,1995-Q1,186515638800.063,4314313.83177199,43231.819953963946,10.67433207610386
PRT,Portugal,1995,2,1995.25,1995-Q2,188665717796.022,4312028.37604045,43753.35720060024,10.686323624855422
PRT,Portugal,1995,3,1995.5,1995-Q3,189538880196.97,4294425.61575536,44136.02589868853,10.69503164174493
PRT,Portugal,1995,4,1995.75,1995-Q4,190851084877.305,4315008.99243914,44229.591458956114,10.697149334078953
PRT,Portugal,1996,1,1996.0,1996-Q1,192110191780.111,4338390.08168686,44281.4473025474,10.698321071531137
PRT,Portugal,1996,2,1996.25,1996-Q2,194730653948.833,4319030.11964824,45086.66264283721,10.716341753214268
PRT,Portugal,1996,3,1996.5,1996-Q3,197392235066.764,4336408.5340814,45519.75062206136,10.72590159035949
PRT,Portugal,1996,4,1996.75,1996-Q4,197815322928.818,4335436.53810458,45627.544352269855,10.728266855954985
PRT,Portugal,1997,1,1997.0,1997-Q1,201092897899.915,4358800.09636275,46134.92095398439,10.739325446647893
PRT,Portugal,1997,2,1997.25,1997-Q2,202924484887.584,4405752.81968248,46058.98088086764,10.737678047226023
PRT,Portugal,1997,3,1997.5,1997-Q3,205619882176.335,4431398.32371023,46400.67697732435,10.745069328136456
PRT,Portugal,1997,4,1997.75,1997-Q4,206828054211.349,4455900.53997212,46416.66759748706,10.745413889175001
PRT,Portugal,1998,1,1998.0,1998-Q1,209964254397.478,4487253.66992537,46791.26027679421,10.753451718244145
PRT,Portugal,1998,2,1998.25,1998-Q2,212969771293.374,4527628.04299919,47037.824059482286,10.758707324263712
PRT,Portugal,1998,3,1998.5,1998-Q3,215484208289.425,4525681.70372932,47613.64638433552,10.77087468787869
PRT,Portugal,1998,4,1998.75,1998-Q4,217302434458.308,4552584.67121152,47731.66237465719,10.773350238110327
PRT,Portugal,1999,1,1999.0,1999-Q1,220019995655.8,4569309.67262957,48151.69279808995,10.78211157337028
PRT,Portugal,1999,2,1999.25,1999-Q2,221176300452.742,4580644.33413446,48284.97571936778,10.784875729540124
PRT,Portugal,1999,3,1999.5,1999-Q3,223313861076.157,4607997.62513403,48462.23441134295,10.788540101672044
PRT,Portugal,1999,4,1999.75,1999-Q4,224639904592.529,4623772.48812288,48583.68467946103,10.79104304734272
PRT,Portugal,2000,1,2000.0,2000-Q1,229767723422.586,4661832.67857458,49286.99489335612,10.80541552996408
PRT,Portugal,2000,2,2000.25,2000-Q2,228244149926.454,4683046.49949122,48738.39069316333,10.794222308438831
PRT,Portugal,2000,3,2000.5,2000-Q3,231879385923.295,4721843.07019722,49107.81287646859,10.801773422844432
PRT,Portugal,2000,4,2000.75,2000-Q4,233190345865.642,4746792.97321797,49125.8723903344,10.802141107595752
PRT,Portugal,2001,1,2001.0,2001-Q1,232354800109.296,4768685.1509911,48725.12920275404,10.793950176044982
PRT,Portugal,2001,2,2001.25,2001-Q2,234806976541.715,4773694.48606756,49187.68413584478,10.803398548702328
PRT,Portugal,2001,3,2001.5,2001-Q3,235278377275.952,4784297.76682878,49177.20190980164,10.803185419271609
PRT,Portugal,2001,4,2001.75,2001-Q4,238583132970.495,4811707.44060217,49583.881795738824,10.811421096105255
PRT,Portugal,2002,1,2002.0,2002-Q1,239130429592.105,4807586.58029542,49740.223207256466,10.814569204827352
PRT,Portugal,2002,2,2002.25,2002-Q2,237800760717.183,4814046.73830422,49397.268793644886,10.807650414069562
PRT,Portugal,2002,3,2002.5,2002-Q3,236544938408.155,4810568.09669169,49171.934302485184,10.803078298710629
PRT,Portugal,2002,4,2002.75,2002-Q4,234801737283.339,4764495.75383368,49281.55032868049,10.80530505730429
PRT,Portugal,2003,1,2003.0,2003-Q1,235193186082.841,4762099.45804428,49388.54976780161,10.807473890232579
PRT,Portugal,2003,2,2003.25,2003-Q2,233215344747.976,4750588.42038175,49091.8859119425,10.801449043750356
PRT,Portugal,2003,3,2003.5,2003-Q3,235192277376.781,4748898.26584411,49525.6508374529,10.810246013074604
PRT,Portugal,2003,4,2003.75,2003-Q4,235853133858.808,4747018.79051098,49684.47446011062,10.81344777817389
PRT,Portugal,2004,1,2004.0,2004-Q1,238185801245.825,4735074.68636665,50302.43808648166,10.825808825817361
PRT,Portugal,2004,2,2004.25,2004-Q2,239663234245.198,4724859.06905401,50723.89054202674,10.834152292439576
PRT,Portugal,2004,3,2004.5,2004-Q3,239785885899.058,4712961.07636118,50877.968651545445,10.83718527291562
PRT,Portugal,2004,4,2004.75,2004-Q4,238623366877.864,4719738.55176444,50558.598587766355,10.83088831063134
PRT,Portugal,2005,1,2005.0,2005-Q1,240808227544.832,4706978.32538066,51159.83352767139,10.842710001732664
PRT,Portugal,2005,2,2005.25,2005-Q2,241466159129.229,4709908.654446,51267.69473571272,10.844816100546911
PRT,Portugal,2005,3,2005.5,2005-Q3,240551021134.298,4704095.98191649,51136.50360431111,10.842253877409568
PRT,Portugal,2005,4,2005.75,2005-Q4,240909363689.587,4715577.29043375,51087.989625004666,10.841304711873676
PRT,Portugal,2006,1,2006.0,2006-Q1,242971676825.266,4733595.65581414,51329.199723012,10.846015064608965
PRT,Portugal,2006,2,2006.25,2006-Q2,245155950619.571,4749167.40462553,51620.827343503894,10.85168050072076
PRT,Portugal,2006,3,2006.5,2006-Q3,244834817684.294,4745751.70216437,51590.31341075714,10.851089209249457
PRT,Portugal,2006,4,2006.75,2006-Q4,246433354697.519,4726536.13323195,52138.256801817945,10.861654253898637
PRT,Portugal,2007,1,2007.0,2007-Q1,249356132013.528,4738790.33283871,52620.20779555243,10.870855503570759
PRT,Portugal,2007,2,2007.25,2007-Q2,250065504880.033,4732113.88835233,52844.35471757064,10.875106168517739
PRT,Portugal,2007,3,2007.5,2007-Q3,250770845363.396,4762560.90174988,52654.62227921468,10.871509306286255
PRT,Portugal,2007,4,2007.75,2007-Q4,253752650710.543,4771781.0219412,53177.765187413046,10.881395640360275
PRT,Portugal,2008,1,2008.0,2008-Q1,253696575974.1,4786379.0021715,53003.86280714547,10.878120073032099
PRT,Portugal,2008,2,2008.25,2008-Q2,252425300929.211,4794043.42738834,52653.94541215602,10.871496451357668
PRT,Portugal,2008,3,2008.5,2008-Q3,252079713388.668,4764091.95023632,52912.43662418475,10.876393687080949
PRT,Portugal,2008,4,2008.75,2008-Q4,248948610475.593,4750672.69460357,52402.81250240226,10.866715542578719
PRT,Portugal,2009,1,2009.0,2009-Q1,242647926627.223,4692652.78591048,51708.05037094682,10.853368761545601
PRT,Portugal,2009,2,2009.25,2009-Q2,242908327707.499,4649480.14058793,52244.19082619914,10.863683983286238
PRT,Portugal,2009,3,2009.5,2009-Q3,244984560137.563,4599619.27586214,53261.92135579391,10.88297693374153
PRT,Portugal,2009,4,2009.75,2009-Q4,245165368979.253,4601193.83281229,53282.990868786284,10.883372438563432
PRT,Portugal,2010,1,2010.0,2010-Q1,247348511623.828,4614832.62462021,53598.58780234401,10.889277999740612
PRT,Portugal,2010,2,2010.25,2010-Q2,248205677011.847,4568913.41198872,54324.880913821034,10.90273761301585
PRT,Portugal,2010,3,2010.5,2010-Q3,249117284305.109,4551831.50386912,54729.02151438511,10.910149405563839
PRT,Portugal,2010,4,2010.75,2010-Q4,247988822829.783,4545382.88257295,54558.401181245914,10.907026988225182
PRT,Portugal,2011,1,2011.0,2011-Q1,246875691036.373,4504597.43842329,54805.27270440952,10.911541685541277
PRT,Portugal,2011,2,2011.25,2011-Q2,245143138810.695,4456185.239847,55011.88249955064,10.915304486326527
PRT,Portugal,2011,3,2011.5,2011-Q3,243442301373.076,4391848.53083511,55430.48665359719,10.92288502198197
PRT,Portugal,2011,4,2011.75,2011-Q4,240189654291.652,4337368.79116082,55376.81157782516,10.921916221536026
PRT,Portugal,2012,1,2012.0,2012-Q1,238910626848.191,4297600.59503461,55591.63108926994,10.925787948932246
PRT,Portugal,2012,2,2012.25,2012-Q2,235300385000.839,4258724.59047857,55251.373974008806,10.91964848737864
PRT,Portugal,2012,3,2012.5,2012-Q3,232872942411.487,4188578.94048473,55597.12392206637,10.925886750880345
PRT,Portugal,2012,4,2012.75,2012-Q4,229044170955.273,4125195.87400208,55523.22312711533,10.92455664693793
PRT,Portugal,2013,1,2013.0,2013-Q1,229861973279.231,4112233.43864263,55897.11204602822,10.93126799494687
PRT,Portugal,2013,2,2013.25,2013-Q2,231829236707.618,4095685.5002349,56603.280865760295,10.943822228337474
PRT,Portugal,2013,3,2013.5,2013-Q3,231176104227.099,4141963.9408629,55813.16195112452,10.929764997815031
PRT,Portugal,2013,4,2013.75,2013-Q4,234048311104.309,4208317.12025957,55615.65452792513,10.926219996866795
PRT,Portugal,2014,1,2014.0,2014-Q1,232369755896.532,4224247.40598619,55008.557398233905,10.915244041170684
PRT,Portugal,2014,2,2014.25,2014-Q2,233012812152.043,4251054.32307941,54812.94625829469,10.911681690623832
PRT,Portugal,2014,3,2014.5,2014-Q3,233258602942.701,4299286.41926999,54255.19032581872,10.90145394103486
PRT,Portugal,2014,4,2014.75,2014-Q4,235146524973.237,4292811.8516644,54776.80669421058,10.911022147839574
PRT,Portugal,2015,1,2015.0,2015-Q1,236556330363.812,4314464.44006522,54828.66614152372,10.911968440936832
PRT,Portugal,2015,2,2015.25,2015-Q2,236723286170.934,4357243.67005726,54328.67750722399,10.902807497398095
PRT,Portugal,2015,3,2015.5,2015-Q3,237114839093.005,4357054.4327646,54420.903560425104,10.904503615661826
PRT,Portugal,2015,4,2015.75,2015-Q4,238238581922.802,4384637.45711292,54334.84164952399,10.902920951156164
PRT,Portugal,2016,1,2016.0,2016-Q1,239060662737.792,4392950.42087373,54419.15793127579,10.904471538701825
PRT,Portugal,2016,2,2016.25,2016-Q2,240175039269.19,4421450.92228997,54320.41279897276,10.90265536159569
PRT,Portugal,2016,3,2016.5,2016-Q3,242831447388.561,4462282.25096192,54418.66599456244,10.904462498890192
PRT,Portugal,2016,4,2016.75,2016-Q4,245577831606.39,4479516.40587438,54822.39807947626,10.911854113509207
PRT,Portugal,2017,1,2017.0,2017-Q1,247956772009.798,4533330.70887062,54696.378432000834,10.909552778393756
PRT,Portugal,2017,2,2017.25,2017-Q2,248668080609.523,4582204.51803547,54268.219506739646,10.901694058462127
PRT,Portugal,2017,3,2017.5,2017-Q3,250367886287.137,4620208.12598986,54189.741989923175,10.900246907336852
PRT,Portugal,2017,4,2017.75,2017-Q4,252726967676.862,4669156.64710405,54126.898448269196,10.899086539946374
PRT,Portugal,2018,1,2018.0,2018-Q1,254208087561.76,4704537.28631759,54034.663154033115,10.897381029870017
PRT,Portugal,2018,2,2018.25,2018-Q2,256637958100.117,4722738.95427614,54340.91542742324,10.903032729128896
PRT,Portugal,2018,3,2018.5,2018-Q3,258359984480.6,4738975.72967326,54518.10670032979,10.906288158507737
PRT,Portugal,2018,4,2018.75,2018-Q4,259968252221.217,4759748.029733,54618.07024179808,10.908120063788362
PRT,Portugal,2019,1,2019.0,2019-Q1,262109613318.414,4765164.32140341,55005.36721076156,10.915186045103649
PRT,Portugal,2019,2,2019.25,2019-Q2,263563055531.239,4789282.42259699,55031.846584716935,10.915667325455143
PRT,Portugal,2019,3,2019.5,2019-Q3,264651107983.966,4806092.58958519,55065.75311459154,10.916283261334566
PRT,Portugal,2019,4,2019.75,2019-Q4,267108381689.44,4799060.66641442,55658.47157523181,10.92698957468186
PRT,Portugal,2020,1,2020.0,2020-Q1,255743597290.616,4771031.95769534,53603.41317314371,10.889368023634924
PRT,Portugal,2020,2,2020.25,2020-Q2,217266758279.771,4602973.4650675,47201.392736376525,10.762178678264942
PRT,Portugal,2020,3,2020.5,2020-Q3,248407054793.831,4634537.77677975,53599.100224927606,10.889287560069628
PRT,Portugal,2020,4,2020.75,2020-Q4,249256335263.644,4712056.80045741,52897.5659290542,10.87611260410449
PRT,Portugal,2021,1,2021.0,2021-Q1,241990553518.426,4666631.62721449,51855.50796578945,10.856216436864187
PRT,Portugal,2021,2,2021.25,2021-Q2,253172408761.42,4785019.62601763,52909.37729593488,10.87633586671032
PRT,Portugal,2021,3,2021.5,2021-Q3,262164798280.174,4823863.86161354,54347.47036838684,10.903153348106231
PRT,Portugal,2021,4,2021.75,2021-Q4,267303374864.783,4855984.88515434,55046.17110361684,10.915927586664086
PRT,Portugal,2022,1,2022.0,2022-Q1,271224389451.76,4914064.53877314,55193.49355543358,10.91860035494535
PRT,Portugal,2022,2,2022.25,2022-Q2,272279345125.963,4914783.33052726,55400.07093186604,10.922336153093148
PRT,Portugal,2022,3,2022.5,2022-Q3,275367923435.143,4960895.314834,55507.7069680833,10.924277154383562
PRT,Portugal,2022,4,2022.75,2022-Q4,277338585045.566,4969956.8158656,55803.01707254632,10.929583216308176
PRT,Portugal,2023,1,2023.0,2023-Q1,280861449125.85,5005953.24582709,56105.48787285881,10.934988909772038
PRT,Portugal,2023,2,2023.25,2023-Q2,282225308066.274,5053458.12145786,55847.95624760327,10.930388210230708
PRT,Portugal,2023,3,2023.5,2023-Q3,282514380715.877,5060406.61626792,55828.39525339034,10.930037894444956
PRT,Portugal,2023,4,2023.75,2023-Q4,284591394065.211,5084882.01644713,55968.14107873019,10.932537898518593
PRT,Portugal,2024,1,2024.0,2024-Q1,286248566283.517,5078795.21524441,56361.50979750455,10.93954175411202
PRT,Portugal,2024,2,2024.25,2024-Q2,287852162707.044,5100380.82947149,56437.386213152975,10.940887094000551
PRT,Portugal,2024,3,2024.5,2024-Q3,288408887154.026,5118346.58308233,56348.057419031335,10.93930304538712
PRT,Portugal,2024,4,2024.75,2024-Q4,291865325767.903,5151477.37254489,56656.625791159815,10.944764219743236
PRT,Portugal,2025,1,2025.0,2025-Q1,291018922867.28,5201288.35438473,55951.314951025284,10.932237215716361
PRT,Portugal,2025,2,2025.25,2025-Q2,292931682863.451,5248223.92248838,55815.39339589784,10.92980497763501
PRT,Portugal,2025,3,2025.5,2025-Q3,295272032649.853,5308813.83170046,55619.21024367034,10.926283928544219
PRT,Portugal,2025,4,2025.75,2025-Q4,297434381661.692,5319431.45936385,55914.69387919553,10.931582484694472
SVK,Slovak Republic,1992,1,1992.0,1992-Q1,42767817981.1636,2085581.60936649,20506.422663630325,9.928493416722988
SVK,Slovak Republic,1992,2,1992.25,1992-Q2,42718964700.9296,2085903.28704049,20479.839581412183,9.927196246183907
SVK,Slovak Republic,1992,3,1992.5,1992-Q3,42670898859.3901,2085839.91228758,20457.417948529,9.926100831567586
SVK,Slovak Republic,1992,4,1992.75,1992-Q4,42701264647.5225,2086675.19130544,20463.781246571616,9.926411834090437
SVK,Slovak Republic,1993,1,1993.0,1993-Q1,42814191818.6974,2085783.40712739,20526.671979648418,9.929480391643496
SVK,Slovak Republic,1993,2,1993.25,1993-Q2,43182316608.1735,2085900.63268223,20702.000819974808,9.937985632552177
SVK,Slovak Republic,1993,3,1993.5,1993-Q3,43724578859.0362,2084876.99180382,20972.258330313303,9.950955811483873
SVK,Slovak Republic,1993,4,1993.75,1993-Q4,44386446679.4505,2084438.96838655,21294.19347490304,9.966189707721462
SVK,Slovak Republic,1994,1,1994.0,1994-Q1,45207509915.1261,2114893.18604297,21375.788722318754,9.970014192413965
SVK,Slovak Republic,1994,2,1994.25,1994-Q2,45908378696.9792,2105186.19103378,21807.277138957135,9.989999006787409
SVK,Slovak Republic,1994,3,1994.5,1994-Q3,46575385875.6855,2111106.8024333,22062.069916122608,10.001615119598851
SVK,Slovak Republic,1994,4,1994.75,1994-Q4,47220555222.4106,2109713.82048995,22382.445791365353,10.01603226058492
SVK,Slovak Republic,1995,1,1995.0,1995-Q1,48043361366.5774,2118539.51492638,22677.585680174074,10.029132300683884
SVK,Slovak Republic,1995,2,1995.25,1995-Q2,48788638911.1101,2139526.74504902,22803.47232116151,10.034668098134643
SVK,Slovak Republic,1995,3,1995.5,1995-Q3,49001772350.6515,2155145.8907117,22737.102189619978,10.031753326889707
SVK,Slovak Republic,1995,4,1995.75,1995-Q4,49883371299.2033,2173887.8493129,22946.616733227485,10.040925785589955
SVK,Slovak Republic,1996,1,1996.0,1996-Q1,50666699227.8209,2204494.67485989,22983.36204011974,10.042525843578797
SVK,Slovak Republic,1996,2,1996.25,1996-Q2,51195640210.449,2220456.16824105,23056.361545296335,10.0456969992968
SVK,Slovak Republic,1996,3,1996.5,1996-Q3,52426805289.2899,2238020.43192997,23425.525764337788,10.061581551436937
SVK,Slovak Republic,1996,4,1996.75,1996-Q4,53405059180.9342,2236528.7249691,23878.548298847374,10.080735774153107
SVK,Slovak Republic,1997,1,1997.0,1997-Q1,53858630016.9588,2219715.12945648,24263.757678737198,10.096739062454766
SVK,Slovak Republic,1997,2,1997.25,1997-Q2,54610299290.5576,2210992.87923864,24699.446028683175,10.114536094376023
SVK,Slovak Republic,1997,3,1997.5,1997-Q3,55486566153.242,2198593.86153851,25237.29694870255,10.136078216970205
SVK,Slovak Republic,1997,4,1997.75,1997-Q4,55132485652.6132,2194198.12976636,25126.48466184034,10.131677734634092
SVK,Slovak Republic,1998,1,1998.0,1998-Q1,56111489520.0374,2201910.60013204,25483.09160084547,10.145770436738763
SVK,Slovak Republic,1998,2,1998.25,1998-Q2,56065542616.7732,2207548.59985834,25397.195160446736,10.142394020155079
SVK,Slovak Republic,1998,3,1998.5,1998-Q3,55540690211.7839,2195861.30681413,25293.350740974267,10.138296823611004
SVK,Slovak Republic,1998,4,1998.75,1998-Q4,59752800957.9393,2188879.49319549,27298.351116948743,10.214581580702413
SVK,Slovak Republic,1999,1,1999.0,1999-Q1,57656754132.6082,2165472.78198806,26625.48087059083,10.189623963715892
SVK,Slovak Republic,1999,2,1999.25,1999-Q2,56616707075.2535,2136021.10259794,26505.687142506842,10.185114598100265
SVK,Slovak Republic,1999,3,1999.5,1999-Q3,56213089464.7237,2120825.59561612,26505.286234247502,10.185099472618358
SVK,Slovak Republic,1999,4,1999.75,1999-Q4,55907442883.8163,2105980.51979788,26546.989565308028,10.186671632870555
SVK,Slovak Republic,2000,1,2000.0,2000-Q1,56451925300.0254,2105263.81636534,26814.65613059724,10.19670388756442
SVK,Slovak Republic,2000,2,2000.25,2000-Q2,56959721804.2137,2091875.70660482,27229.01825589873,10.212038531249902
SVK,Slovak Republic,2000,3,2000.5,2000-Q3,57249028590.226,2100111.93111216,27259.98921395991,10.213175309577661
SVK,Slovak Republic,2000,4,2000.75,2000-Q4,57520074675.6361,2109448.54591769,27267.82541671937,10.213462729965457
SVK,Slovak Republic,2001,1,2001.0,2001-Q1,57866592517.2715,2115497.91703548,27353.651379795232,10.21660530459883
SVK,Slovak Republic,2001,2,2001.25,2001-Q2,58445510918.1616,2125650.53424254,27495.352588137554,10.221772272578097
SVK,Slovak Republic,2001,3,2001.5,2001-Q3,58629356593.8594,2127281.24755349,27560.698267465537,10.224146061071714
SVK,Slovak Republic,2001,4,2001.75,2001-Q4,59913944140.9965,2126270.30116849,28177.952778661696,10.246295134788895
SVK,Slovak Republic,2002,1,2002.0,2002-Q1,60140252961.4971,2122085.42142379,28340.16593033595,10.252035368214685
SVK,Slovak Republic,2002,2,2002.25,2002-Q2,60709421677.2485,2120525.86141015,28629.418193879857,10.262190076330658
SVK,Slovak Republic,2002,3,2002.5,2002-Q3,62036709458.3058,2126624.96511583,29171.43853567377,10.280945377232827
SVK,Slovak Republic,2002,4,2002.75,2002-Q4,62343178593.2944,2138563.75205024,29151.891559709653,10.280275080229414
SVK,Slovak Republic,2003,1,2003.0,2003-Q1,63249821894.3415,2150296.71507067,29414.462409325115,10.289241751058968
SVK,Slovak Republic,2003,2,2003.25,2003-Q2,64137575482.842,2175689.6548129,29479.193110543867,10.291439975187298
SVK,Slovak Republic,2003,3,2003.5,2003-Q3,64329487027.0888,2172815.93410235,29606.50555688468,10.29574939849074
SVK,Slovak Republic,2003,4,2003.75,2003-Q4,65422743656.3893,2159397.69601407,30296.755330039505,10.318795900946293
SVK,Slovak Republic,2004,1,2004.0,2004-Q1,66383762620.7561,2148369.40464733,30899.60342814204,10.33849862876277
SVK,Slovak Republic,2004,2,2004.25,2004-Q2,66815918019.3495,2157119.79980514,30974.597713759435,10.340922718963753
SVK,Slovak Republic,2004,3,2004.5,2004-Q3,68385641519.452,2186633.82436514,31274.39114745555,10.350554867438357
SVK,Slovak Republic,2004,4,2004.75,2004-Q4,69412837378.9266,2189276.97118239,31705.827217210415,10.364255766858596
SVK,Slovak Republic,2005,1,2005.0,2005-Q1,70161472879.5319,2195810.84316522,31952.42117412785,10.372003237032413
SVK,Slovak Republic,2005,2,2005.25,2005-Q2,71640391247.6252,2202179.8889208,32531.580007632023,10.38996658907275
SVK,Slovak Republic,2005,3,2005.5,2005-Q3,72831865672.7724,2222448.67881691,32771.00000866767,10.39729925720735
SVK,Slovak Republic,2005,4,2005.75,2005-Q4,73938481548.062,2244160.58909706,32947.054639174115,10.402657147139307
SVK,Slovak Republic,2006,1,2006.0,2006-Q1,75877585054.7034,2275200.01284467,33349.85259596323,10.414808631422854
SVK,Slovak Republic,2006,2,2006.25,2006-Q2,77717957878.8357,2300857.89290573,33777.81744733765,10.42755957747921
SVK,Slovak Republic,2006,3,2006.5,2006-Q3,79233755701.0865,2308561.23211052,34321.70418483978,10.443533208104519
SVK,Slovak Republic,2006,4,2006.75,2006-Q4,81499959934.4939,2320980.86213909,35114.44719944004,10.466367925893099
SVK,Slovak Republic,2007,1,2007.0,2007-Q1,83168738300.1846,2345275.96850248,35462.23959020482,10.476223735846009
SVK,Slovak Republic,2007,2,2007.25,2007-Q2,85213752902.6084,2344841.85503946,36340.938182875616,10.50070015842692
SVK,Slovak Republic,2007,3,2007.5,2007-Q3,87210333585.3108,2353854.2762597,37050.01387081998,10.520024005105268
SVK,Slovak Republic,2007,4,2007.75,2007-Q4,92742551699.2502,2385127.90019836,38883.68069969633,10.56832992229569
SVK,Slovak Republic,2008,1,2008.0,2008-Q1,90010099619.8611,2413571.56992817,37293.32112680622,10.526569531336495
SVK,Slovak Republic,2008,2,2008.25,2008-Q2,91103694947.9009,2411847.11416229,37773.41209272465,10.539360750326887
SVK,Slovak Republic,2008,3,2008.5,2008-Q3,92392404942.5508,2458039.78589161,37587.83949424037,10.534435859360828
SVK,Slovak Republic,2008,4,2008.75,2008-Q4,93511712343.4577,2451541.53001793,38144.045776280924,10.549124950515559
SVK,Slovak Republic,2009,1,2009.0,2009-Q1,84403053277.3011,2413148.66010472,34976.31732047473,10.462426463455545
SVK,Slovak Republic,2009,2,2009.25,2009-Q2,85841603594.222,2381779.12616888,36040.958899618556,10.492411317906022
SVK,Slovak Republic,2009,3,2009.5,2009-Q3,87387748823.5151,2350255.6470012,37182.231190473765,10.52358626997713
SVK,Slovak Republic,2009,4,2009.75,2009-Q4,89179934494.1503,2318016.5667252,38472.51817537271,10.557699451762945
SVK,Slovak Republic,2010,1,2010.0,2010-Q1,91049353154.4552,2306193.85830254,39480.35540319733,10.583558495614227
SVK,Slovak Republic,2010,2,2010.25,2010-Q2,92186722875.2742,2312669.37631265,39861.60919476433,10.593168964120089
SVK,Slovak Republic,2010,3,2010.5,2010-Q3,93251286882.8017,2319048.69299006,40211.008576352215,10.601896082301256
SVK,Slovak Republic,2010,4,2010.75,2010-Q4,93875552206.3321,2332088.07239475,40253.8623294506,10.602961236738654
SVK,Slovak Republic,2011,1,2011.0,2011-Q1,94059373689.2628,2315149.64078592,40627.772836892145,10.612207171749386
SVK,Slovak Republic,2011,2,2011.25,2011-Q2,94708431760.5108,2316857.72932971,40877.96611832135,10.618346471152643
SVK,Slovak Republic,2011,3,2011.5,2011-Q3,95155789893.9458,2315295.41951429,41098.76825736039,10.623733430627944
SVK,Slovak Republic,2011,4,2011.75,2011-Q4,95929585872.3284,2313997.21037007,41456.22364729934,10.63239329759869
SVK,Slovak Republic,2012,1,2012.0,2012-Q1,96263441219.6671,2337439.49581219,41183.28683678652,10.625787793734327
SVK,Slovak Republic,2012,2,2012.25,2012-Q2,96465126641.8198,2332827.50050803,41351.161464279794,10.629855788673558
SVK,Slovak Republic,2012,3,2012.5,2012-Q3,96590217763.3541,2330865.03173382,41439.644272969854,10.63199329275004
SVK,Slovak Republic,2012,4,2012.75,2012-Q4,96494951485.0929,2314767.97194596,41686.66261783997,10.637936515327954
SVK,Slovak Republic,2013,1,2013.0,2013-Q1,96526203701.6244,2336823.91981554,41306.579791105454,10.628777083235441
SVK,Slovak Republic,2013,2,2013.25,2013-Q2,96844720834.6256,2326213.62908908,41631.91188616195,10.636622264816957
SVK,Slovak Republic,2013,3,2013.5,2013-Q3,97294590177.2849,2325422.72165061,41839.528474299994,10.641596828940596
SVK,Slovak Republic,2013,4,2013.75,2013-Q4,97861736377.7073,2328539.72944477,42027.08467466947,10.646069562630545
SVK,Slovak Republic,2014,1,2014.0,2014-Q1,98457594554.1164,2339018.44799483,42093.55195061464,10.647649847622292
SVK,Slovak Republic,2014,2,2014.25,2014-Q2,99204473659.8307,2352377.6450195,42172.001536347,10.649511809127338
SVK,Slovak Republic,2014,3,2014.5,2014-Q3,100151523720.477,2370365.88025594,42251.504105207234,10.651395232274899
SVK,Slovak Republic,2014,4,2014.75,2014-Q4,101234788736.968,2390338.02672973,42351.66223559995,10.653762949265076
SVK,Slovak Republic,2015,1,2015.0,2015-Q1,103180617832.862,2400270.248755,42987.08359459978,10.668654968031198
SVK,Slovak Republic,2015,2,2015.25,2015-Q2,104447331763.67,2415449.80416814,43241.35884895391,10.674552696998356
SVK,Slovak Republic,2015,3,2015.5,2015-Q3,105652992827.441,2429827.75644855,43481.67994502787,10.680094977678902
SVK,Slovak Republic,2015,4,2015.75,2015-Q4,106425690454.198,2450452.1906283,43431.04136502671,10.678929703252606
SVK,Slovak Republic,2016,1,2016.0,2016-Q1,106423672777.422,2469506.48998206,43095.117671950364,10.671164990602202
SVK,Slovak Republic,2016,2,2016.25,2016-Q2,106689290005.896,2490811.90320054,42833.13800966135,10.665067334553177
SVK,Slovak Republic,2016,3,2016.5,2016-Q3,107070427697.243,2498551.70660169,42852.9965637056,10.665530853055877
SVK,Slovak Republic,2016,4,2016.75,2016-Q4,107698365482.818,2509529.90021571,42915.75305540716,10.666994241601932
SVK,Slovak Republic,2017,1,2017.0,2017-Q1,108503162072.954,2519780.29133294,43060.564623893,10.670362883324096
SVK,Slovak Republic,2017,2,2017.25,2017-Q2,109513466542.444,2530062.50839114,43284.88572089996,10.6755587934916
SVK,Slovak Republic,2017,3,2017.5,2017-Q3,110419422768.906,2537593.05741138,43513.44769265163,10.680825311661929
SVK,Slovak Republic,2017,4,2017.75,2017-Q4,111746163793.427,2535264.14286454,44076.734216406905,10.6936873534326
SVK,Slovak Republic,2018,1,2018.0,2018-Q1,112827662737.92,2549592.61091317,44253.212162200805,10.697683239037636
SVK,Slovak Republic,2018,2,2018.25,2018-Q2,114160945486.663,2563735.89046965,44529.13652730036,10.703899007319308
SVK,Slovak Republic,2018,3,2018.5,2018-Q3,115272753129.771,2573559.91172055,44791.167520442745,10.709766245404213
SVK,Slovak Republic,2018,4,2018.75,2018-Q4,115801577987.117,2580011.58689662,44884.130976485074,10.711839580891297
SVK,Slovak Republic,2019,1,2019.0,2019-Q1,116562329225.483,2597891.1402704,44868.05756354775,10.71148140771757
SVK,Slovak Republic,2019,2,2019.25,2019-Q2,116802200511.216,2581584.71793155,45244.38020565978,10.719833747065255
SVK,Slovak Republic,2019,3,2019.5,2019-Q3,117206384232.496,2578501.94660715,45455.22425791408,10.724483038168561
SVK,Slovak Republic,2019,4,2019.75,2019-Q4,117917080635.745,2576622.1951909,45764.21054504213,10.73125763547982
SVK,Slovak Republic,2020,1,2020.0,2020-Q1,115247452333.944,2566530.81352023,44903.98156407546,10.71228174605887
SVK,Slovak Republic,2020,2,2020.25,2020-Q2,106338165861.406,2516578.60044374,42255.05447859079,10.651479258259275
SVK,Slovak Republic,2020,3,2020.5,2020-Q3,116901869873.088,2521417.3227627,46363.55466337457,10.744268969738076
SVK,Slovak Republic,2020,4,2020.75,2020-Q4,117887691262.279,2520573.26327333,46770.190329316094,10.753001320186018
SVK,Slovak Republic,2021,1,2021.0,2021-Q1,119133889726.592,2521514.13539418,47246.9648511283,10.763143694903714
SVK,Slovak Republic,2021,2,2021.25,2021-Q2,120383659043.328,2545122.99891457,47299.74114990456,10.764260101947176
SVK,Slovak Republic,2021,3,2021.5,2021-Q3,121136223449.31,2582352.39477988,46909.253630210165,10.755970240520382
SVK,Slovak Republic,2021,4,2021.75,2021-Q4,121533342882.598,2593210.47091137,46865.97723010341,10.755047258987156
SVK,Slovak Republic,2022,1,2022.0,2022-Q1,121228770460.55,2596415.7489137,46690.81618044808,10.751302768652804
SVK,Slovak Republic,2022,2,2022.25,2022-Q2,120872352938.62,2608967.4191233,46329.57546830429,10.743535815154903
SVK,Slovak Republic,2022,3,2022.5,2022-Q3,121115799915.329,2608660.11134799,46428.35584001935,10.745665668800044
SVK,Slovak Republic,2022,4,2022.75,2022-Q4,121596137628.866,2601656.72061501,46737.963800282494,10.752312042751136
SVK,Slovak Republic,2023,1,2023.0,2023-Q1,122273539946.041,2602955.77639378,46974.881807420774,10.757368308204436
SVK,Slovak Republic,2023,2,2023.25,2023-Q2,123422144787.898,2611112.18209659,47268.0360630068,10.763589575706208
SVK,Slovak Republic,2023,3,2023.5,2023-Q3,124386318489.094,2606875.95084439,47714.705584208634,10.77299492253385
SVK,Slovak Republic,2023,4,2023.75,2023-Q4,124973394691.048,2618856.09066523,47720.604097532836,10.773118535342388
SVK,Slovak Republic,2024,1,2024.0,2024-Q1,125759969289.01,2623372.2923673,47938.285257837226,10.777669738842977
SVK,Slovak Republic,2024,2,2024.25,2024-Q2,126086358748.423,2619394.20370667,48135.6943410808,10.781779266977269
SVK,Slovak Republic,2024,3,2024.5,2024-Q3,126213278843.15,2615824.37172854,48249.90553924234,10.784149149029306
SVK,Slovak Republic,2024,4,2024.75,2024-Q4,126593303667.21,2624409.13217439,48236.87820439957,10.78387911546789
SVK,Slovak Republic,2025,1,2025.0,2025-Q1,126739877965.923,2625093.52549639,48280.13811125347,10.784775535838143
SVK,Slovak Republic,2025,2,2025.25,2025-Q2,126957017727.695,2609466.54211194,48652.479607936984,10.79245805461823
SVK,Slovak Republic,2025,3,2025.5,2025-Q3,127315863115.848,2616478.39618583,48659.24492303955,10.792597098811436
SVK,Slovak Republic,2025,4,2025.75,2025-Q4,127636022790.372,2606335.70415471,48971.44392677806,10.79899263020771
SWE,Sweden,1960,1,1960.0,1960-Q1,138294916153.266,3587853.44522374,38545.30801344977,10.559589659870639
SWE,Sweden,1960,2,1960.25,1960-Q2,140087241093.485,3596497.78162788,38951.01557106408,10.57006012467051
SWE,Sweden,1960,3,1960.5,1960-Q3,142153239276.243,3605161.11836517,39430.48163703295,10.582294441786493
SWE,Sweden,1960,4,1960.75,1960-Q4,144295682612.674,3613674.86215933,39930.45531673842,10.594894602865743
SWE,Sweden,1961,1,1961.0,1961-Q1,146758115484.149,3624259.82853225,40493.26550176812,10.60889095536097
SWE,Sweden,1961,2,1961.25,1961-Q2,148515226331.306,3631933.97347737,40891.49951950011,10.618677484721015
SWE,Sweden,1961,3,1961.5,1961-Q3,150077866885.394,3638744.9468469,41244.4040672435,10.6272707235844
SWE,Sweden,1961,4,1961.75,1961-Q4,151569577877.407,3644316.35656092,41590.67519057009,10.635631267050242
SWE,Sweden,1962,1,1962.0,1962-Q1,152799102793.865,3657097.14421012,41781.526923826736,10.640209581207381
SWE,Sweden,1962,2,1962.25,1962-Q2,154505753465.812,3659198.78290919,42223.93005470301,10.650742402212343
SWE,Sweden,1962,3,1962.5,1962-Q3,156429156435.311,3659762.87692754,42742.975896470394,10.6629601543498
SWE,Sweden,1962,4,1962.75,1962-Q4,158609912100.012,3659244.22939977,43344.99206849305,10.676946452317214
SWE,Sweden,1963,1,1963.0,1963-Q1,159615823914.639,3660880.22121492,43600.395060635994,10.682821490319837
SWE,Sweden,1963,2,1963.25,1963-Q2,162393583716.92,3659619.41661863,44374.44587256192,10.700419039320863
SWE,Sweden,1963,3,1963.5,1963-Q3,165313482732.806,3658993.77960012,45180.03929235228,10.718410659706262
SWE,Sweden,1963,4,1963.75,1963-Q4,168179106685.405,3659811.61301417,45952.94088017143,10.735373127480562
SWE,Sweden,1964,1,1964.0,1964-Q1,172119807491.382,3650382.4210019,47151.17147757391,10.76111413351274
SWE,Sweden,1964,2,1964.25,1964-Q2,174329281167.23,3656309.8656381,47679.02272331232,10.772246804954348
SWE,Sweden,1964,3,1964.5,1964-Q3,176145093032.049,3664892.26002781,48062.82982810315,10.780264388707744
SWE,Sweden,1964,4,1964.75,1964-Q4,177620684891.876,3675724.47778246,48322.63298445954,10.785655321696563
SWE,Sweden,1965,1,1965.0,1965-Q1,180358085847.071,3681399.4564876,48991.718496951566,10.799406552542624
SWE,Sweden,1965,2,1965.25,1965-Q2,181326745347.62,3695109.1507571,49072.094476686165,10.801045811618852
SWE,Sweden,1965,3,1965.5,1965-Q3,182194603656.87,3707412.54292997,49143.331514135054,10.802496440157544
SWE,Sweden,1965,4,1965.75,1965-Q4,183094195976.443,3715463.76032183,49278.961601440446,10.805252526586054
SWE,Sweden,1966,1,1966.0,1966-Q1,183363989522.133,3749748.01750451,48900.34974781141,10.797539827744368
SWE,Sweden,1966,2,1966.25,1966-Q2,184688646301.94,3742102.05286117,49354.251619281495,10.80677919351712
SWE,Sweden,1966,3,1966.5,1966-Q3,186226587705.297,3729735.00886406,49930.24632117625,10.818382236812674
SWE,Sweden,1966,4,1966.75,1966-Q4,187894293942.187,3717869.7263093,50538.15969197721,10.830483967378095
SWE,Sweden,1967,1,1967.0,1967-Q1,189227215097.183,3685534.72202806,51343.21865595012,10.846288145408007
SWE,Sweden,1967,2,1967.25,1967-Q2,190924678259.356,3688855.24805048,51757.16188924941,10.854318095547209
SWE,Sweden,1967,3,1967.5,1967-Q3,192626066654.56,3699428.63772902,52069.1397287793,10.86032772458354
SWE,Sweden,1967,4,1967.75,1967-Q4,194372580262.318,3713560.31168527,52341.30159423983,10.865541043834538
SWE,Sweden,1968,1,1968.0,1968-Q1,195514400538.638,3723026.4873242,52514.909900401326,10.86885240636277
SWE,Sweden,1968,2,1968.25,1968-Q2,197489416442.472,3734195.60872279,52886.735762088116,10.87590784466796
SWE,Sweden,1968,3,1968.5,1968-Q3,199721069091.778,3743866.97839667,53346.19799374111,10.88455798884347
SWE,Sweden,1968,4,1968.75,1968-Q4,202338470060.427,3754373.71910023,53894.06734631609,10.894775683052842
SWE,Sweden,1969,1,1969.0,1969-Q1,203201380783.873,3755284.73474956,54110.77857919727,10.898788679355981
SWE,Sweden,1969,2,1969.25,1969-Q2,206872177468.954,3773508.2672623,54822.24042377436,10.911851237751595
SWE,Sweden,1969,3,1969.5,1969-Q3,210683443331.836,3793846.62798752,55532.9363547822,10.924731571547909
SWE,Sweden,1969,4,1969.75,1969-Q4,214131676083.244,3812913.02859923,56159.60145881184,10.935952942143384
SWE,Sweden,1970,1,1970.0,1970-Q1,220938409480.658,3849843.38567896,57388.93439211767,10.957606783097956
SWE,Sweden,1970,2,1970.25,1970-Q2,222314255657.62,3857185.12042518,57636.39771407034,10.961909551874404
SWE,Sweden,1970,3,1970.5,1970-Q3,222801680953.297,3858972.24611691,57736.01538012903,10.963636441139233
SWE,Sweden,1970,4,1970.75,1970-Q4,222882302176.436,3857695.69046511,57776.019691580135,10.964329084343477
SWE,Sweden,1971,1,1971.0,1971-Q1,222932401128.747,3861529.95256275,57731.62551304187,10.963560404821953
SWE,Sweden,1971,2,1971.25,1971-Q2,223552580386.496,3861072.37543489,57899.09088697574,10.966456962003893
SWE,Sweden,1971,3,1971.5,1971-Q3,224660700518.638,3861865.24856464,58174.14281923452,10.97119625354083
SWE,Sweden,1971,4,1971.75,1971-Q4,226188272854.62,3863240.84813118,58548.84066160081,10.977616568003194
SWE,Sweden,1972,1,1972.0,1972-Q1,226106685932.38,3862186.49803587,58543.69954619422,10.97752875514337
SWE,Sweden,1972,2,1972.25,1972-Q2,228259122249.074,3863115.78572489,59086.79286614822,10.986762707458874
SWE,Sweden,1972,3,1972.5,1972-Q3,230574098266.182,3864973.06865683,59657.36220415941,10.996372843282353
SWE,Sweden,1972,4,1972.75,1972-Q4,232931678821.397,3869439.06327951,60197.78965687542,11.00539091395964
SWE,Sweden,1973,1,1973.0,1973-Q1,235559450640.035,3854783.44720698,61108.34859237342,11.020403773998593
SWE,Sweden,1973,2,1973.25,1973-Q2,237668701120.083,3869063.87606064,61427.960026876026,11.025620385514044
SWE,Sweden,1973,3,1973.5,1973-Q3,239618348664.575,3888324.33498491,61625.0929760737,11.028824420083385
SWE,Sweden,1973,4,1973.75,1973-Q4,241446056124.462,3911574.70946403,61726.05000750333,11.030461325125856
SWE,Sweden,1974,1,1974.0,1974-Q1,243741717990.859,3922946.1694207,62132.31267123205,11.037021465465445
SWE,Sweden,1974,2,1974.25,1974-Q2,245429174824.484,3950969.36744475,62118.72378631295,11.036802732723075
SWE,Sweden,1974,3,1974.5,1974-Q3,247051526066.89,3978592.15337153,62095.212714259775,11.03642417500248
SWE,Sweden,1974,4,1974.75,1974-Q4,248590280509.564,4003404.4285805,62094.72086678673,11.036416254111328
SWE,Sweden,1975,1,1975.0,1975-Q1,250894830648.939,4049972.20151779,61949.7661131877,11.034079111637533
SWE,Sweden,1975,2,1975.25,1975-Q2,252184599594.714,4062684.00916102,62073.39754360869,11.036072795199964
SWE,Sweden,1975,3,1975.5,1975-Q3,253177388483.917,4069860.10861416,62207.88472509124,11.038237034762377
SWE,Sweden,1975,4,1975.75,1975-Q4,253696796476.739,4073595.49964611,62278.34759214034,11.03936909367785
SWE,Sweden,1976,1,1976.0,1976-Q1,256731063331.608,4080753.86100267,62912.6558661216,11.04950262858795
SWE,Sweden,1976,2,1976.25,1976-Q2,255875668196.549,4089503.8965144,62568.877465709,11.044023268376131
SWE,Sweden,1976,3,1976.5,1976-Q3,254624656751.486,4087938.58319874,62286.81071628201,11.039504976363983
SWE,Sweden,1976,4,1976.75,1976-Q4,253408595262.404,4101967.40025488,61777.33037241061,11.031291753697065
SWE,Sweden,1977,1,1977.0,1977-Q1,250259348523.82,4107556.84885423,60926.56966966333,11.017424642128093
SWE,Sweden,1977,2,1977.25,1977-Q2,250313223286.19,4109463.8350602,60911.406775410425,11.017175739531815
SWE,Sweden,1977,3,1977.5,1977-Q3,251143772051.612,4109360.12600141,61115.05547117528,11.020513521863332
SWE,Sweden,1977,4,1977.75,1977-Q4,252631586335.182,4110307.70331332,61462.937709392325,11.026189633263147
SWE,Sweden,1978,1,1978.0,1978-Q1,251729869464.95,4113313.86156326,61198.79929835463,11.021882849000026
SWE,Sweden,1978,2,1978.25,1978-Q2,254153950938.153,4109039.5121044,61852.398885303206,11.032506162602903
SWE,Sweden,1978,3,1978.5,1978-Q3,256756842123.121,4129031.57690121,62183.30796002631,11.037841881940794
SWE,Sweden,1978,4,1978.75,1978-Q4,259298904183.284,4140162.11675187,62630.13304095319,11.04500179975404
SWE,Sweden,1979,1,1979.0,1979-Q1,263113112828.274,4153761.28539002,63343.33986734359,11.056325047899584
SWE,Sweden,1979,2,1979.25,1979-Q2,264866803691.188,4182863.2052988,63321.88998092454,11.055986361637382
SWE,Sweden,1979,3,1979.5,1979-Q3,266153970291.996,4187082.32228399,63565.49735731325,11.059826107743028
SWE,Sweden,1979,4,1979.75,1979-Q4,267048195166.541,4224023.9754494,63221.27826893533,11.054396204940957
SWE,Sweden,1980,1,1980.0,1980-Q1,269374278413.3,4231992.72685763,63651.87650341681,11.06118408514433
SWE,Sweden,1980,2,1980.25,1980-Q2,269713518003.292,4241330.72276542,63591.72053138884,11.060238560529944
SWE,Sweden,1980,3,1980.5,1980-Q3,269941466837.246,4242465.02762239,63628.448338330716,11.06081595023613
SWE,Sweden,1980,4,1980.75,1980-Q4,270192610813.712,4233064.39682099,63829.0811301206,11.06396418256636
SWE,Sweden,1981,1,1981.0,1981-Q1,269874892719.273,4256514.46192082,63402.79003715346,11.057263146352208
SWE,Sweden,1981,2,1981.25,1981-Q2,270536548117.186,4218906.96126008,64124.795972363325,11.068586400750478
SWE,Sweden,1981,3,1981.5,1981-Q3,271388836997.965,4243639.90486555,63951.90051040943,11.065886525258273
SWE,Sweden,1981,4,1981.75,1981-Q4,272330225904.867,4214334.00759429,64619.99106243692,11.07627910106893
SWE,Sweden,1982,1,1982.0,1982-Q1,272921351355.331,4215481.64159701,64742.626005586484,11.078175088992893
SWE,Sweden,1982,2,1982.25,1982-Q2,273793447062.732,4228125.93612396,64755.27247746221,11.078370404470041
SWE,Sweden,1982,3,1982.5,1982-Q3,274792685136.876,4220339.2077925,65111.51630406734,11.083856714303577
SWE,Sweden,1982,4,1982.75,1982-Q4,276160174831.866,4227640.21671031,65322.53471814044,11.087092350957064
SWE,Sweden,1983,1,1983.0,1983-Q1,275223568630.928,4228532.63327376,65087.251890935026,11.083483985532796
SWE,Sweden,1983,2,1983.25,1983-Q2,277941576248.482,4235987.89102103,65614.3462632722,11.091549644060029
SWE,Sweden,1983,3,1983.5,1983-Q3,281095284760.579,4224035.74043383,66546.61608798534,11.10565797486684
SWE,Sweden,1983,4,1983.75,1983-Q4,284269924932.71,4233980.10837033,67140.11820006548,11.114537031033898
SWE,Sweden,1984,1,1984.0,1984-Q1,288786888944.297,4244032.28261166,68045.4034545151,11.127930459207718
SWE,Sweden,1984,2,1984.25,1984-Q2,290874821762.682,4240886.47488476,68588.21227243207,11.135875966185655
SWE,Sweden,1984,3,1984.5,1984-Q3,292433800715.861,4288337.73605498,68192.81006184999,11.13009441396097
SWE,Sweden,1984,4,1984.75,1984-Q4,293743478747.605,4295733.30802725,68380.28752825492,11.132839868043401
SWE,Sweden,1985,1,1985.0,1985-Q1,295077806511.488,4305602.26286421,68533.45676086527,11.135077324878804
SWE,Sweden,1985,2,1985.25,1985-Q2,296677167888.625,4285297.38271854,69231.4071562559,11.14520989928171
SWE,Sweden,1985,3,1985.5,1985-Q3,298562145317.237,4330771.13816543,68939.7189997234,11.140987764050415
SWE,Sweden,1985,4,1985.75,1985-Q4,300708349882.68,4336095.03267536,69350.03675349423,11.146921955713914
SWE,Sweden,1986,1,1986.0,1986-Q1,301857558171.236,4340603.49166446,69542.76260223088,11.149697131580801
SWE,Sweden,1986,2,1986.25,1986-Q2,304434960719.815,4327589.48042696,70347.46759061339,11.161202064604119
SWE,Sweden,1986,3,1986.5,1986-Q3,307091886381.689,4346975.72017572,70644.95091527111,11.165421919391417
SWE,Sweden,1986,4,1986.75,1986-Q4,309695408962.596,4350517.65318852,71185.87571656407,11.173049702953833
SWE,Sweden,1987,1,1987.0,1987-Q1,312950032102.041,4362651.87464547,71733.89972296904,11.180718714336782
SWE,Sweden,1987,2,1987.25,1987-Q2,315093911272.897,4394532.80571854,71701.34464871214,11.180264780229324
SWE,Sweden,1987,3,1987.5,1987-Q3,317061256787.903,4391341.47589292,72201.4579208812,11.187215517487035
SWE,Sweden,1987,4,1987.75,1987-Q4,318994790460.684,4414283.51487225,72264.22801932688,11.188084514190123
SWE,Sweden,1988,1,1988.0,1988-Q1,320734471484.933,4427568.90083521,72440.3117531226,11.190518215592764
SWE,Sweden,1988,2,1988.25,1988-Q2,322973722578.355,4446283.77308409,72639.02599593406,11.193257604538996
SWE,Sweden,1988,3,1988.5,1988-Q3,325278381255.693,4453594.50087929,73037.26937678589,11.198725129257651
SWE,Sweden,1988,4,1988.75,1988-Q4,327462223315.842,4475558.41555371,73166.78566362288,11.20049684921002
SWE,Sweden,1989,1,1989.0,1989-Q1,331114563213.721,4487360.5148749,73788.26865283676,11.208955036609195
SWE,Sweden,1989,2,1989.25,1989-Q2,332526202820.038,4511473.51133632,73706.78382228651,11.207850120376781
SWE,Sweden,1989,3,1989.5,1989-Q3,333426973509.086,4527513.00163487,73644.61976998998,11.207006367898433
SWE,Sweden,1989,4,1989.75,1989-Q4,333799271383.007,4543927.76605722,73460.51446426175,11.204503322674233
SWE,Sweden,1990,1,1990.0,1990-Q1,336544603293.443,4567468.1000533,73682.96743868133,11.2075269448017
SWE,Sweden,1990,2,1990.25,1990-Q2,335848805335.334,4565294.81562234,73565.6335240534,11.205933259854001
SWE,Sweden,1990,3,1990.5,1990-Q3,334821691819.374,4557882.89378354,73459.9154085408,11.204495167842104
SWE,Sweden,1990,4,1990.75,1990-Q4,333695627798.566,4545666.39790269,73409.61667414237,11.20381022337947
SWE,Sweden,1991,1,1991.0,1991-Q1,332492819280.671,4531185.47062819,73378.7706188454,11.203389944141856
SWE,Sweden,1991,2,1991.25,1991-Q2,331774539042.865,4498481.71312805,73752.55924118524,11.208470975175373
SWE,Sweden,1991,3,1991.5,1991-Q3,331105941261.432,4440049.70515258,74572.57536490884,11.219528096147847
SWE,Sweden,1991,4,1991.75,1991-Q4,330170928791.598,4392402.27274249,75168.64537670152,11.227489473212298
SWE,Sweden,1992,1,1992.0,1992-Q1,330854233382.677,4343650.59390195,76169.62419748107,11.24071802962066
SWE,Sweden,1992,2,1992.25,1992-Q2,328617026685.022,4316090.31804352,76137.6622058233,11.240298325575218
SWE,Sweden,1992,3,1992.5,1992-Q3,326238673364.469,4240956.3973882,76925.73155559524,11.250595710130012
SWE,Sweden,1992,4,1992.75,1992-Q4,324476635776.065,4185893.23343604,77516.70137790746,11.258248693774712
SWE,Sweden,1993,1,1993.0,1993-Q1,317824487257.83,4099629.42772916,77525.17461898435,11.25835799638771
SWE,Sweden,1993,2,1993.25,1993-Q2,320345903373.533,4015684.57624219,79773.67178407905,11.286948801482037
SWE,Sweden,1993,3,1993.5,1993-Q3,322190342005.81,3982209.41535405,80907.43313587508,11.301060979368161
SWE,Sweden,1993,4,1993.75,1993-Q4,322762408139.817,3963565.11892397,81432.34650007231,11.307527850208007
SWE,Sweden,1994,1,1994.0,1994-Q1,327154106282.954,3964310.16889155,82524.85106997282,11.320854752054183
SWE,Sweden,1994,2,1994.25,1994-Q2,331453497937.375,3985140.0643432,83172.35845812174,11.328670341538011
SWE,Sweden,1994,3,1994.5,1994-Q3,333186434205.976,3993854.10398638,83424.78857037194,11.33170076924863
SWE,Sweden,1994,4,1994.75,1994-Q4,340408821617.609,4006853.00190304,84956.65337758414,11.349896445134778
SWE,Sweden,1995,1,1995.0,1995-Q1,344877367838.804,4024876.8083336,85686.44066937092,11.358449873507562
SWE,Sweden,1995,2,1995.25,1995-Q2,347039486900.481,4059255.70553604,85493.37910080074,11.356194214508884
SWE,Sweden,1995,3,1995.5,1995-Q3,346883938156.771,4055984.63678066,85523.97733737517,11.356552052304279
SWE,Sweden,1995,4,1995.75,1995-Q4,351425098546.68,4033263.50602608,87131.69819467967,11.375176025390955
SWE,Sweden,1996,1,1996.0,1996-Q1,354115402844.012,4048047.94998133,87478.06528468746,11.37914335845889
SWE,Sweden,1996,2,1996.25,1996-Q2,350761202188.306,4018047.81601692,87296.4231013096,11.377064768494709
SWE,Sweden,1996,3,1996.5,1996-Q3,352540675134.428,4009122.25763306,87934.62820027942,11.384348956041658
SWE,Sweden,1996,4,1996.75,1996-Q4,356734025320.635,4001911.79186829,89140.90161744769,11.397973561071872
SWE,Sweden,1997,1,1997.0,1997-Q1,358099450993.255,3976644.95716052,90050.64692749237,11.408127534670383
SWE,Sweden,1997,2,1997.25,1997-Q2,363912164545.308,3968397.97423157,91702.53762559562,11.426305330987024
SWE,Sweden,1997,3,1997.5,1997-Q3,366260155859.647,3987912.69417123,91842.57127669224,11.427831208512218
SWE,Sweden,1997,4,1997.75,1997-Q4,372443257774.47,3994197.95172319,93246.06899209622,11.442997181036754
SWE,Sweden,1998,1,1998.0,1998-Q1,374132801517.483,4013399.05809853,93220.93220770819,11.44272756995942
SWE,Sweden,1998,2,1998.25,1998-Q2,377983915407.33,4025814.64692341,93890.0442662434,11.449879634721684
SWE,Sweden,1998,3,1998.5,1998-Q3,382030652860.584,4059434.08962393,94109.33751506622,11.452212550353678
SWE,Sweden,1998,4,1998.75,1998-Q4,387195723584.218,4091457.12577418,94635.16583005947,11.457784417783625
SWE,Sweden,1999,1,1999.0,1999-Q1,389824678575.538,4117814.16793056,94667.8656874522,11.458129894107547
SWE,Sweden,1999,2,1999.25,1999-Q2,391712267565.09,4145458.63113736,94491.90123931323,11.45626940863799
SWE,Sweden,1999,3,1999.5,1999-Q3,397628120601.737,4135897.59212455,96140.70748726669,11.473568100348134
SWE,Sweden,1999,4,1999.75,1999-Q4,402219728687.425,4152186.59066103,96869.37711134784,11.481118722249533
SWE,Sweden,2000,1,2000.0,2000-Q1,403328092695.577,4176983.43634708,96559.65814609543,11.477916315438877
SWE,Sweden,2000,2,2000.25,2000-Q2,415137595970.689,4228191.10929855,98183.26211833877,11.494591032954746
SWE,Sweden,2000,3,2000.5,2000-Q3,419242187433.968,4230406.66624321,99102.10069857746,11.503905917859075
SWE,Sweden,2000,4,2000.75,2000-Q4,419789851074.281,4281910.42881754,98037.98048858461,11.493110238578243
SWE,Sweden,2001,1,2001.0,2001-Q1,419757279436.155,4305366.66666667,97496.29054501468,11.487569610570025
SWE,Sweden,2001,2,2001.25,2001-Q2,418123127658.649,4310100.0,97010.07578911139,11.482570126205529
SWE,Sweden,2001,3,2001.5,2001-Q3,421594166453.198,4315400.0,97695.26960494925,11.489608419304451
SWE,Sweden,2001,4,2001.75,2001-Q4,423537567166.667,4319533.33333333,98051.69551494774,11.49325012382529
SWE,Sweden,2002,1,2002.0,2002-Q1,426872224839.497,4332633.33333333,98524.89052219912,11.498064490894855
SWE,Sweden,2002,2,2002.25,2002-Q2,431610934030.902,4321433.33333333,99876.80029717817,11.511692708409779
SWE,Sweden,2002,3,2002.5,2002-Q3,430824371349.613,4319166.66666667,99747.1050780504,11.510393312557039
SWE,Sweden,2002,4,2002.75,2002-Q4,431732986860.757,4327566.66666667,99763.45140704708,11.51055717685897
SWE,Sweden,2003,1,2003.0,2003-Q1,436838379239.74,4325066.66666667,101001.53660207312,11.522891009589578
SWE,Sweden,2003,2,2003.25,2003-Q2,436150379061.926,4323466.66666667,100879.78298169503,11.521684819384456
SWE,Sweden,2003,3,2003.5,2003-Q3,439710253266.036,4308533.33333333,102055.66935369415,11.53327372136117
SWE,Sweden,2003,4,2003.75,2003-Q4,442837493778.606,4300233.33333333,102979.87561417745,11.542288865735522
SWE,Sweden,2004,1,2004.0,2004-Q1,449705952200.491,4299133.33333333,104603.86253054679,11.557935756609455
SWE,Sweden,2004,2,2004.25,2004-Q2,453098447738.791,4295600.0,105479.66471244786,11.566273461778515
SWE,Sweden,2004,3,2004.5,2004-Q3,456756763362.219,4301933.33333333,106174.7656159756,11.572841747653493
SWE,Sweden,2004,4,2004.75,2004-Q4,459249200003.108,4294866.66666667,106929.79215569928,11.579927750007107
SWE,Sweden,2005,1,2005.0,2005-Q1,460959796244.816,4293400.0,107364.74501439791,11.583987148456838
SWE,Sweden,2005,2,2005.25,2005-Q2,464597083586.38,4304200.0,107940.4032308861,11.589334531860358
SWE,Sweden,2005,3,2005.5,2005-Q3,471446572157.064,4307966.66666667,109435.98422079952,11.603095038294247
SWE,Sweden,2005,4,2005.75,2005-Q4,472482447116.798,4338300.0,108909.58373482653,11.598273309960017
SWE,Sweden,2006,1,2006.0,2006-Q1,481145937798.928,4349566.66666667,110619.28110821637,11.613849684777023
SWE,Sweden,2006,2,2006.25,2006-Q2,489119410233.966,4368900.0,111954.81934444963,11.625850670179812
SWE,Sweden,2006,3,2006.5,2006-Q3,493426817659.554,4421433.33333333,111598.83695171725,11.622665907295447
SWE,Sweden,2006,4,2006.75,2006-Q4,498038671016.226,4442066.66666667,112118.68447484482,11.62731327202085
SWE,Sweden,2007,1,2007.0,2007-Q1,500583900349.393,4477000.0,111812.3520994847,11.624577317495453
SWE,Sweden,2007,2,2007.25,2007-Q2,506319212872.408,4495500.0,112628.00864695985,11.631845708400311
SWE,Sweden,2007,3,2007.5,2007-Q3,507990658570.147,4527766.66666667,112194.53120452614,11.627989529390192
SWE,Sweden,2007,4,2007.75,2007-Q4,513019323955.23,4541566.66666667,112960.87046802416,11.634796758682011
SWE,Sweden,2008,1,2008.0,2008-Q1,511050657014.417,4564566.66666667,111960.38842995318,11.625900412987011
SWE,Sweden,2008,2,2008.25,2008-Q2,507756239642.965,4574400.0,110999.52772887483,11.617281225590599
SWE,Sweden,2008,3,2008.5,2008-Q3,503606483789.273,4562733.33333333,110373.85860579331,11.611628596795427
SWE,Sweden,2008,4,2008.75,2008-Q4,483275444861.094,4547066.66666667,106282.90286655727,11.57385971288574
SWE,Sweden,2009,1,2009.0,2009-Q1,478637518049.367,4506833.33333333,106202.62225125566,11.573104079116552
SWE,Sweden,2009,2,2009.25,2009-Q2,480894688173.978,4471133.33333333,107555.43445524141,11.585761662989189
SWE,Sweden,2009,3,2009.5,2009-Q3,480702810147.148,4430800.0,108491.20026793085,11.594424345152207
SWE,Sweden,2009,4,2009.75,2009-Q4,481664541241.656,4450866.66666667,108218.1465575968,11.591904344433882
SWE,Sweden,2010,1,2010.0,2010-Q1,489184028812.206,4449766.66666667,109934.75960811555,11.607642374352777
SWE,Sweden,2010,2,2010.25,2010-Q2,505461331622.88,4475400.0,112942.15748824239,11.634631086003838
SWE,Sweden,2010,3,2010.5,2010-Q3,513890766630.297,4501300.0,114164.96714955613,11.645399761624246
SWE,Sweden,2010,4,2010.75,2010-Q4,517777164443.379,4527633.33333333,114359.34103395727,11.647100884212207
SWE,Sweden,2011,1,2011.0,2011-Q1,521330419380.261,4572700.0,114009.32039719661,11.644035481904785
SWE,Sweden,2011,2,2011.25,2011-Q2,525689449017.947,4592800.0,114459.46895530984,11.647976056386629
SWE,Sweden,2011,3,2011.5,2011-Q3,530268286761.252,4597366.66666667,115341.74348241059,11.655654683080913
SWE,Sweden,2011,4,2011.75,2011-Q4,514991502336.584,4609333.33333333,111727.9799688858,11.623822445801162
SWE,Sweden,2012,1,2012.0,2012-Q1,520277955891.073,4609733.33333333,112865.0874723932,11.633948468235259
SWE,Sweden,2012,2,2012.25,2012-Q2,523366974171.542,4626066.66666667,113134.33460496497,11.636331193442976
SWE,Sweden,2012,3,2012.5,2012-Q3,526568802524.579,4624566.66666667,113863.38234023626,11.642754608196265
SWE,Sweden,2012,4,2012.75,2012-Q4,520718056438.937,4636833.33333333,112300.36082935998,11.628932353805611
SWE,Sweden,2013,1,2013.0,2013-Q1,524149056739.037,4647933.33333333,112770.34741011146,11.633108705917797
SWE,Sweden,2013,2,2013.25,2013-Q2,525598716623.266,4660700.0,112772.48409536465,11.633127652964253
SWE,Sweden,2013,3,2013.5,2013-Q3,529904751761.746,4676833.33333333,113304.17699192751,11.637831312990798
SWE,Sweden,2013,4,2013.75,2013-Q4,534349226452.608,4699633.33333333,113700.19500512983,11.641320394821852
SWE,Sweden,2014,1,2014.0,2014-Q1,536687805491.841,4697733.33333333,114243.9911784069,11.64609171374891
SWE,Sweden,2014,2,2014.25,2014-Q2,539309075675.355,4725633.33333333,114124.1898458807,11.645042519040798
SWE,Sweden,2014,3,2014.5,2014-Q3,543742289539.653,4769700.0,113999.2640081458,11.643947271286896
SWE,Sweden,2014,4,2014.75,2014-Q4,545824977394.599,4763700.0,114580.04857455318,11.649028971898185
SWE,Sweden,2015,1,2015.0,2015-Q1,552574571536.086,4779066.66666667,115623.95130208528,11.658098404953792
SWE,Sweden,2015,2,2015.25,2015-Q2,564903481445.498,4783166.66666667,118102.40387027375,11.67930735651068
SWE,Sweden,2015,3,2015.5,2015-Q3,565086278160.582,4818033.33333333,117285.67219555331,11.67236788051058
SWE,Sweden,2015,4,2015.75,2015-Q4,570899568880.449,4835033.33333333,118075.62213575556,11.679080563738415
SWE,Sweden,2016,1,2016.0,2016-Q1,568686836641.311,4843966.66666667,117401.06317301469,11.673351242323328
SWE,Sweden,2016,2,2016.25,2016-Q2,573144105891.387,4876733.33333333,117526.23461566909,11.674416860969414
SWE,Sweden,2016,3,2016.5,2016-Q3,575668750917.932,4865366.66666667,118319.70545240132,11.681145607966448
SWE,Sweden,2016,4,2016.75,2016-Q4,578498487657.73,4909833.33333333,117824.46539075943,11.676951214465783
SWE,Sweden,2017,1,2017.0,2017-Q1,583538696399.076,4951966.66666667,117839.78683198104,11.677081242173411
SWE,Sweden,2017,2,2017.25,2017-Q2,584800796924.728,4973800.0,117576.25898201135,11.674842414661608
SWE,Sweden,2017,3,2017.5,2017-Q3,587289439595.377,4997233.33333333,117522.91726662967,11.674388634115473
SWE,Sweden,2017,4,2017.75,2017-Q4,590125593795.475,5009900.0,117791.89081528074,11.67667470925018
SWE,Sweden,2018,1,2018.0,2018-Q1,593300299297.433,5045566.66666667,117588.43723481987,11.674945986779493
SWE,Sweden,2018,2,2018.25,2018-Q2,596624382287.253,5058833.33333333,117937.14933362503,11.677907128782692
SWE,Sweden,2018,3,2018.5,2018-Q3,596360257380.317,5058466.66666667,117893.48367363957,11.677536815054339
SWE,Sweden,2018,4,2018.75,2018-Q4,603378577626.69,5068233.33333333,119051.06532059632,11.68730780038901
SWE,Sweden,2019,1,2019.0,2019-Q1,605287065741.672,5082233.33333333,119098.63755599684,11.687707315781712
SWE,Sweden,2019,2,2019.25,2019-Q2,613703544744.333,5081800.0,120764.99365270829,11.701601734843155
SWE,Sweden,2019,3,2019.5,2019-Q3,611781172312.728,5088933.33333333,120217.95772121107,11.697061688603334
SWE,Sweden,2019,4,2019.75,2019-Q4,621620914853.479,5106400.0,121733.69004650615,11.709591069314005
SWE,Sweden,2020,1,2020.0,2020-Q1,621706803881.895,5086966.66666667,122215.6236949121,11.713542171024258
SWE,Sweden,2020,2,2020.25,2020-Q2,568414679818.654,4966233.33333333,114455.89477309854,11.647944829280215
SWE,Sweden,2020,3,2020.5,2020-Q3,601097069586.603,4975666.66666667,120807.3429865216,11.701952348947703
SWE,Sweden,2020,4,2020.75,2020-Q4,609391536120.794,5016533.33333333,121476.62451908243,11.707477132463813
SWE,Sweden,2021,1,2021.0,2021-Q1,624528912319.827,4987300.0,125223.85104562128,11.737858223063911
SWE,Sweden,2021,2,2021.25,2021-Q2,629576426471.954,5034300.0,125057.39158809645,11.73652804362004
SWE,Sweden,2021,3,2021.5,2021-Q3,626870114849.12,5058866.66666667,123915.12885279699,11.727352165512434
SWE,Sweden,2021,4,2021.75,2021-Q4,639780147987.452,5099333.33333333,125463.48829666343,11.739770065318597
SWE,Sweden,2022,1,2022.0,2022-Q1,637868753852.713,5154466.66666667,123750.67977017589,11.726024173508181
SWE,Sweden,2022,2,2022.25,2022-Q2,642841962694.071,5196633.33333333,123703.54447958064,11.725643211806611
SWE,Sweden,2022,3,2022.5,2022-Q3,638857042738.901,5220133.33333333,122383.28064523921,11.714913043694647
SWE,Sweden,2022,4,2022.75,2022-Q4,634164305165.619,5230500.0,121243.53411062404,11.70555648045511
SWE,Sweden,2023,1,2023.0,2023-Q1,642304389400.142,5271133.33333333,121853.18579182384,11.71057220390504
SWE,Sweden,2023,2,2023.25,2023-Q2,637330696222.157,5274000.0,120843.89386085646,11.702254858258977
SWE,Sweden,2023,3,2023.5,2023-Q3,638748672418.742,5276433.33333333,121056.90190066693,11.704015977681461
SWE,Sweden,2023,4,2023.75,2023-Q4,635979518118.631,5262233.33333333,120857.3390484328,11.702366112863915
SWE,Sweden,2024,1,2024.0,2024-Q1,642186655238.539,5247233.33333333,122385.76301896351,11.714933327090678
SWE,Sweden,2024,2,2024.25,2024-Q2,640594479301.988,5246066.66666667,122109.48125617688,11.71267330864981
SWE,Sweden,2024,3,2024.5,2024-Q3,644142648704.294,5237733.33333333,122981.18436173936,11.719786649984258
SWE,Sweden,2024,4,2024.75,2024-Q4,647689203651.178,5230633.33333333,123826.15304415241,11.726633869298022
SWE,Sweden,2025,1,2025.0,2025-Q1,647214674841.453,5247533.33333333,123336.93446599419,11.72267519389896
SWE,Sweden,2025,2,2025.25,2025-Q2,651184580361.205,5263000.0,123728.7821320929,11.725847208211976
SWE,Sweden,2025,3,2025.5,2025-Q3,656166791943.921,5251900.0,124938.93485099127,11.735580375727015
SWE,Sweden,2025,4,2025.75,2025-Q4,660536144629.945,5258902.53333334,125603.42018950978,11.740884763453682
TUR,Türkiye,1960,1,1960.0,1960-Q1,50122325353.2786,10479273.1626586,4782.996356262797,8.472822481870013
TUR,Türkiye,1960,2,1960.25,1960-Q2,50130476537.0436,10490920.5610619,4778.463076263095,8.471874241620421
TUR,Türkiye,1960,3,1960.5,1960-Q3,50283697664.7925,10513612.0796872,4782.723319413982,8.472765395344764
TUR,Türkiye,1960,4,1960.75,1960-Q4,50572264937.9791,10545012.1386938,4795.847010209647,8.475505616182737
TUR,Türkiye,1961,1,1961.0,1961-Q1,50187899880.6692,10595065.7762597,4736.91253461823,8.463140838454832
TUR,Türkiye,1961,2,1961.25,1961-Q2,50724048537.3792,10625777.7722725,4773.678654351438,8.47087249301855
TUR,Türkiye,1961,3,1961.5,1961-Q3,51402734873.6127,10644492.3931132,4829.045197765313,8.482404045482943
TUR,Türkiye,1961,4,1961.75,1961-Q4,52250598020.5461,10647123.8293823,4907.4847684548295,8.498516822417798
TUR,Türkiye,1962,1,1962.0,1962-Q1,52310919905.255,10617312.095062,4926.94567484592,8.502474536472606
TUR,Türkiye,1962,2,1962.25,1962-Q2,53552812113.9746,10603144.7777843,5050.653672689485,8.527272954029286
TUR,Türkiye,1962,3,1962.5,1962-Q3,54898346808.0307,10599251.7891907,5179.454918130823,8.552455101556586
TUR,Türkiye,1962,4,1962.75,1962-Q4,56228711399.7036,10617289.2633426,5295.957377165904,8.574699049466238
TUR,Türkiye,1963,1,1963.0,1963-Q1,58152557602.3442,10673478.9707341,5448.322684833526,8.603063076037424
TUR,Türkiye,1963,2,1963.25,1963-Q2,59117838051.3417,10736562.0705539,5506.216763136712,8.613633053459544
TUR,Türkiye,1963,3,1963.5,1963-Q3,59841673586.3089,10804347.700166,5538.666030286075,8.619508961990036
TUR,Türkiye,1963,4,1963.75,1963-Q4,60335414571.0383,10860604.7880417,5555.437818478755,8.622532514175672
TUR,Türkiye,1964,1,1964.0,1964-Q1,61562947255.1398,10894738.5381639,5650.704423927833,8.639535493170367
TUR,Türkiye,1964,2,1964.25,1964-Q2,61669281216.2262,10907469.4694757,5653.857788812176,8.640093385622421
TUR,Türkiye,1964,3,1964.5,1964-Q3,61811957631.1584,10909286.3227186,5665.994621704533,8.642237731167373
TUR,Türkiye,1964,4,1964.75,1964-Q4,62234712776.4313,10915742.705926,5701.372270587229,8.648462174073027
TUR,Türkiye,1965,1,1965.0,1965-Q1,60704618535.7725,10934344.1003657,5551.738447095535,8.62186639140395
TUR,Türkiye,1965,2,1965.25,1965-Q2,62317633090.6874,10977911.3880288,5676.638377555459,8.64411450157435
TUR,Türkiye,1965,3,1965.5,1965-Q3,64335293922.2655,11033482.103183,5830.91478470842,8.670929176933996
TUR,Türkiye,1965,4,1965.75,1965-Q4,66394696023.8367,11086249.3440918,5988.923211367283,8.697666910570524
TUR,Türkiye,1966,1,1966.0,1966-Q1,69479646399.2693,11132222.5804702,6241.309486675269,8.738945292981137
TUR,Türkiye,1966,2,1966.25,1966-Q2,70638613289.2836,11145764.0372885,6337.709380259615,8.75427268565895
TUR,Türkiye,1966,3,1966.5,1966-Q3,71379390040.0755,11141855.8061726,6406.418399395479,8.765055641710232
TUR,Türkiye,1966,4,1966.75,1966-Q4,71967855255.7699,11133517.2634886,6464.071824973246,8.774014711675902
TUR,Türkiye,1967,1,1967.0,1967-Q1,72328578700.627,11123359.593546,6502.404070672454,8.77992724453001
TUR,Türkiye,1967,2,1967.25,1967-Q2,73342726416.4523,11140678.2115621,6583.326887615802,8.792295502564345
TUR,Türkiye,1967,3,1967.5,1967-Q3,74598216957.2726,11170647.7435253,6678.056516508724,8.806582283556846
TUR,Türkiye,1967,4,1967.75,1967-Q4,75956947474.9318,11200996.1522205,6781.267169694901,8.82191926165624
TUR,Türkiye,1968,1,1968.0,1968-Q1,77343412103.7086,11227811.8279782,6888.55613976173,8.837616783231764
TUR,Türkiye,1968,2,1968.25,1968-Q2,78525945485.4247,11223599.5683795,6996.502771415474,8.853165699110242
TUR,Türkiye,1968,3,1968.5,1968-Q3,79587199028.5941,11202718.9162709,7104.275276692085,8.868452033455622
TUR,Türkiye,1968,4,1968.75,1968-Q4,80578858614.1434,11180496.254025,7207.091419142944,8.882820739614761
TUR,Türkiye,1969,1,1969.0,1969-Q1,81703771461.9335,11150154.2218025,7327.591155840132,8.899402112745149
TUR,Türkiye,1969,2,1969.25,1969-Q2,82700700912.833,11180476.9568503,7396.884876379278,8.908814227911162
TUR,Türkiye,1969,3,1969.5,1969-Q3,83719494875.7594,11248543.7146827,7442.696316900162,8.914988470358658
TUR,Türkiye,1969,4,1969.75,1969-Q4,84748240058.5073,11344633.8545389,7470.337178365627,8.91869541477427
TUR,Türkiye,1970,1,1970.0,1970-Q1,85879645262.395,11484697.7000159,7477.745388307095,8.919686606857262
TUR,Türkiye,1970,2,1970.25,1970-Q2,86563346846.8365,11579892.1651665,7475.315453042638,8.919361598444386
TUR,Türkiye,1970,3,1970.5,1970-Q3,87649080755.1051,11653226.6260446,7521.443079053499,8.92551329734397
TUR,Türkiye,1970,4,1970.75,1970-Q4,89065141272.4476,11704938.9179299,7609.193170245043,8.937112422928141
TUR,Türkiye,1971,1,1971.0,1971-Q1,89401524049.1481,11721339.0901821,7627.244921532185,8.939481974082392
TUR,Türkiye,1971,2,1971.25,1971-Q2,91247373860.8025,11765836.6520988,7755.281375976415,8.956129358121526
TUR,Türkiye,1971,3,1971.5,1971-Q3,93113952459.7981,11825383.4859467,7874.074660703801,8.971330953387076
TUR,Türkiye,1971,4,1971.75,1971-Q4,94835073453.9054,11902545.5602344,7967.629527144426,8.983142303096209
TUR,Türkiye,1972,1,1972.0,1972-Q1,97713716760.9688,12009432.6424177,8136.414073037958,9.004104830366229
TUR,Türkiye,1972,2,1972.25,1972-Q2,98708350486.9313,12096969.7548303,8159.758393007242,9.006969838819714
TUR,Türkiye,1972,3,1972.5,1972-Q3,99436890141.2236,12173511.1888916,8168.299892964352,9.00801607476359
TUR,Türkiye,1972,4,1972.75,1972-Q4,100111072041.523,12235192.9978056,8182.222549286968,9.0097190979834
TUR,Türkiye,1973,1,1973.0,1973-Q1,100267040555.13,12270609.6042616,8171.316975181667,9.008385371335958
TUR,Türkiye,1973,2,1973.25,1973-Q2,101414336372.758,12320713.892082,8231.206183428436,9.015687842279663
TUR,Türkiye,1973,3,1973.5,1973-Q3,102822206223.157,12379826.0882823,8305.626063719896,9.024688403157992
TUR,Türkiye,1973,4,1973.75,1973-Q4,104382109257.739,12452929.2309898,8382.133016381267,9.033857697648205
TUR,Türkiye,1974,1,1974.0,1974-Q1,105402077469.179,12553876.9371038,8395.978230251429,9.035508088065727
TUR,Türkiye,1974,2,1974.25,1974-Q2,106988314770.116,12640421.0600573,8463.983459236999,9.043575199847234
TUR,Türkiye,1974,3,1974.5,1974-Q3,108688305371.973,12717193.4540337,8546.563812591741,9.05328458788594
TUR,Türkiye,1974,4,1974.75,1974-Q4,110680851088.662,12774858.2370802,8663.959242021228,9.066927084378582
TUR,Türkiye,1975,1,1975.0,1975-Q1,110987369033.041,12800713.819873,8670.40468170877,9.067670744776269
TUR,Türkiye,1975,2,1975.25,1975-Q2,114007035011.65,12819579.7933644,8893.195943182294,9.09304176257446
TUR,Türkiye,1975,3,1975.5,1975-Q3,117289289089.947,12832815.9557074,9139.79359594747,9.12039308169293
TUR,Türkiye,1975,4,1975.75,1975-Q4,120446560624.96,12854085.3039807,9370.294173141956,9.145299769952237
TUR,Türkiye,1976,1,1976.0,1976-Q1,125619158143.635,12882986.8734779,9750.7790217691,9.18510246046871
TUR,Türkiye,1976,2,1976.25,1976-Q2,127467642728.794,12949589.6502461,9843.373123902158,9.19455372844931
TUR,Türkiye,1976,3,1976.5,1976-Q3,128651773235.475,13040509.7823303,9865.547849194996,9.196803951551825
TUR,Türkiye,1976,4,1976.75,1976-Q4,129407319414.421,13147566.0166349,9842.682611419403,9.1944835760031
TUR,Türkiye,1977,1,1977.0,1977-Q1,131320096953.223,13284462.6579385,9885.23964684029,9.198797978794945
TUR,Türkiye,1977,2,1977.25,1977-Q2,131878125037.19,13385633.9031523,9852.213648703844,9.195451444825823
TUR,Türkiye,1977,3,1977.5,1977-Q3,132428925895.225,13467431.8896023,9833.272370025381,9.193527053982148
TUR,Türkiye,1977,4,1977.75,1977-Q4,132922317127.645,13526134.0567889,9827.073764726587,9.192896484666461
TUR,Türkiye,1978,1,1978.0,1978-Q1,134046211865.016,13548470.7604835,9893.825970085523,9.199666202193452
TUR,Türkiye,1978,2,1978.25,1978-Q2,134269529871.736,13576661.4270745,9889.731035346913,9.199252228629854
TUR,Türkiye,1978,3,1978.5,1978-Q3,134256650401.274,13605246.4016047,9868.005799986011,9.197053065406068
TUR,Türkiye,1978,4,1978.75,1978-Q4,133929150401.428,13643311.2841899,9816.469595370689,9.191816825035652
TUR,Türkiye,1979,1,1979.0,1979-Q1,134925132029.084,13699287.5870743,9849.061943658298,9.19513149548471
TUR,Türkiye,1979,2,1979.25,1979-Q2,133813139517.492,13760415.7589252,9724.4982900098,9.182403577439636
TUR,Türkiye,1979,3,1979.5,1979-Q3,132631363541.661,13823509.747132,9594.622926292534,9.168958108690163
TUR,Türkiye,1979,4,1979.75,1979-Q4,131781487271.14,13879396.075633,9494.75658400575,9.158494986688783
TUR,Türkiye,1980,1,1980.0,1980-Q1,128070159156.651,13922877.7313244,9198.540820947685,9.126800144039073
TUR,Türkiye,1980,2,1980.25,1980-Q2,128954893394.294,13951966.18644,9242.775654059858,9.131597514987071
TUR,Türkiye,1980,3,1980.5,1980-Q3,130571146379.313,13972935.3099676,9344.575315264647,9.142551273727483
TUR,Türkiye,1980,4,1980.75,1980-Q4,132515170814.681,13993986.5518658,9469.436770111297,9.155824709238365
TUR,Türkiye,1981,1,1981.0,1981-Q1,134368119898.252,14017565.8315413,9585.695655939542,9.168027230408931
TUR,Türkiye,1981,2,1981.25,1981-Q2,135853634441.261,14054772.4844764,9666.014486631664,9.176371351124335
TUR,Türkiye,1981,3,1981.5,1981-Q3,137038813131.681,14098104.4427178,9720.371535654687,9.18197912055676
TUR,Türkiye,1981,4,1981.75,1981-Q4,138103043260.627,14141244.5142161,9765.975202662887,9.186659705468564
TUR,Türkiye,1982,1,1982.0,1982-Q1,138927241876.905,14181395.9550025,9796.443334472888,9.189774673731641
TUR,Türkiye,1982,2,1982.25,1982-Q2,140262009042.175,14210645.0733713,9870.207039721636,9.197276108876379
TUR,Türkiye,1982,3,1982.5,1982-Q3,141859623234.881,14235027.2491153,9965.53225731953,9.20688764389681
TUR,Türkiye,1982,4,1982.75,1982-Q4,143745105461.703,14260873.0895031,10079.684782238784,9.218277269533097
TUR,Türkiye,1983,1,1983.0,1983-Q1,144389160351.593,14289337.2071141,10104.678632659554,9.220753826527405
TUR,Türkiye,1983,2,1983.25,1983-Q2,146886770680.715,14333244.3467914,10247.97785670881,9.234835682831536
TUR,Türkiye,1983,3,1983.5,1983-Q3,149515286148.176,14385795.7545226,10393.257953851558,9.248912601241113
TUR,Türkiye,1983,4,1983.75,1983-Q4,152067701844.842,14442097.8170314,10529.474579898657,9.261933706437581
TUR,Türkiye,1984,1,1984.0,1984-Q1,155595419726.899,14500674.211268,10730.219675302467,9.280819308416337
TUR,Türkiye,1984,2,1984.25,1984-Q2,157446535168.278,14552804.3918101,10818.982440036396,9.289057503619096
TUR,Türkiye,1984,3,1984.5,1984-Q3,159032020193.722,14603752.1648311,10889.805469083793,9.295582352506097
TUR,Türkiye,1984,4,1984.75,1984-Q4,160576353976.36,14657625.4986105,10955.140994125013,9.301564122245697
TUR,Türkiye,1985,1,1985.0,1985-Q1,161214036010.945,14717617.8475317,10953.813156521272,9.301442908097707
TUR,Türkiye,1985,2,1985.25,1985-Q2,163323452929.952,14784205.3923614,11047.158003793482,9.309928479638957
TUR,Türkiye,1985,3,1985.5,1985-Q3,165908844741.076,14854043.9710431,11169.271146935032,9.320921638988477
TUR,Türkiye,1985,4,1985.75,1985-Q4,169038379232.982,14922842.6295434,11327.491914866769,9.334987962779552
TUR,Türkiye,1986,1,1986.0,1986-Q1,169842572766.701,14984822.7373782,11334.306434139191,9.335589373080083
TUR,Türkiye,1986,2,1986.25,1986-Q2,174175520521.968,15049376.0114108,11573.604140789883,9.356482279094218
TUR,Türkiye,1986,3,1986.5,1986-Q3,178720861538.873,15118229.132964,11821.547349695045,9.37767919184186
TUR,Türkiye,1986,4,1986.75,1986-Q4,183010510820.952,15196468.1333725,12042.963484327533,9.39623582514823
TUR,Türkiye,1987,1,1987.0,1987-Q1,182525794314.003,15296151.4357688,11932.792054292908,9.387045524113145
TUR,Türkiye,1987,2,1987.25,1987-Q2,190246427625.804,15388127.5155682,12363.195420192045,9.422479226740533
TUR,Türkiye,1987,3,1987.5,1987-Q3,193465053967.289,15473391.0691108,12503.080488510315,9.433730332010095
TUR,Türkiye,1987,4,1987.75,1987-Q4,206447432161.548,15542679.0485574,13282.615662111964,9.494211366144288
TUR,Türkiye,1988,1,1988.0,1988-Q1,198525874527.742,15576817.9310422,12744.956987146297,9.452890941923885
TUR,Türkiye,1988,2,1988.25,1988-Q2,196908788091.081,15620065.0328302,12606.143935842698,9.441939588050285
TUR,Türkiye,1988,3,1988.5,1988-Q3,197687362734.275,15671639.1216628,12614.338627860127,9.44258943226204
TUR,Türkiye,1988,4,1988.75,1988-Q4,195946308703.813,15747659.3829264,12442.884617904412,9.428904221880787
TUR,Türkiye,1989,1,1989.0,1989-Q1,193460029178.086,15873442.0589989,12187.654603143275,9.40817880061176
TUR,Türkiye,1989,2,1989.25,1989-Q2,193948524794.87,15999818.0127102,12121.920676897571,9.402770718759212
TUR,Türkiye,1989,3,1989.5,1989-Q3,199203255438.384,16123690.7399897,12354.693391899631,9.421791301595118
TUR,Türkiye,1989,4,1989.75,1989-Q4,204442154262.219,16221079.8348385,12603.486102271221,9.44172872945559
TUR,Türkiye,1990,1,1990.0,1990-Q1,213344448965.026,16253923.8181483,13125.719755547058,9.48232892447412
TUR,Türkiye,1990,2,1990.25,1990-Q2,217575546826.93,16289127.7123048,13357.102397973926,9.499803537188187
TUR,Türkiye,1990,3,1990.5,1990-Q3,210850456938.068,16332995.7719182,12909.478449788703,9.465717084092693
TUR,Türkiye,1990,4,1990.75,1990-Q4,222497979651.94,16425889.8543843,13545.566275214745,9.513814560600993
TUR,Türkiye,1991,1,1991.0,1991-Q1,212031236373.208,16624222.6154463,12754.354972135685,9.45362805870805
TUR,Türkiye,1991,2,1991.25,1991-Q2,217083884273.318,16855849.0435045,12878.846014403087,9.46334140048942
TUR,Türkiye,1991,3,1991.5,1991-Q3,220593177215.687,17103150.332795,12897.80963877183,9.464812780488842
TUR,Türkiye,1991,4,1991.75,1991-Q4,222567700254.114,17291278.0848313,12871.674329809117,9.462784387684744
TUR,Türkiye,1992,1,1992.0,1992-Q1,229165744679.825,17401079.4240039,13169.628107305953,9.485668556472719
TUR,Türkiye,1992,2,1992.25,1992-Q2,227439469902.344,17293034.3484538,13152.085708005301,9.484335634002624
TUR,Türkiye,1992,3,1992.5,1992-Q3,233354413115.338,17042228.3993679,13692.71715217672,9.524619375738016
TUR,Türkiye,1992,4,1992.75,1992-Q4,234515863961.35,16728132.3343641,14019.249685130188,9.548186641690721
TUR,Türkiye,1993,1,1993.0,1993-Q1,240174095324.323,16272463.778589,14759.540939359134,9.599644996001361
TUR,Türkiye,1993,2,1993.25,1993-Q2,251597806705.621,16153969.5592494,15574.983336622778,9.653421273775324
TUR,Türkiye,1993,3,1993.5,1993-Q3,252550682851.996,16237192.5357285,15553.839267242824,9.652062785348004
TUR,Türkiye,1993,4,1993.75,1993-Q4,254499416162.84,16507968.0952509,15416.76205662499,9.643210641710075
TUR,Türkiye,1994,1,1994.0,1994-Q1,249441408722.574,17078644.0889142,14605.457401883981,9.5891505325022
TUR,Türkiye,1994,2,1994.25,1994-Q2,222369997594.163,17474466.4125035,12725.424190065722,9.451357176035279
TUR,Türkiye,1994,3,1994.5,1994-Q3,232903409840.164,17792916.2023916,13089.670472840127,9.479578684625283
TUR,Türkiye,1994,4,1994.75,1994-Q4,239614820975.181,17991273.6080106,13318.391248771442,9.496901159680975
TUR,Türkiye,1995,1,1995.0,1995-Q1,246115030714.623,17999549.699112,13673.399325471179,9.523207569285317
TUR,Türkiye,1995,2,1995.25,1995-Q2,250117271512.765,18039819.5010244,13864.732487958763,9.537103663811006
TUR,Türkiye,1995,3,1995.5,1995-Q3,256698536559.913,18091924.8491094,14188.569690667786,9.560191968080622
TUR,Türkiye,1995,4,1995.75,1995-Q4,259307606506.357,18195454.9205698,14251.229641596488,9.564598472612325
TUR,Türkiye,1996,1,1996.0,1996-Q1,265752507005.561,18405490.0967155,14438.762869617101,9.577671734927373
TUR,Türkiye,1996,2,1996.25,1996-Q2,269202467469.246,18569563.6622938,14496.973238841998,9.581695164470164
TUR,Türkiye,1996,3,1996.5,1996-Q3,272367114969.358,18693639.5380541,14570.042094526758,9.586722788308396
TUR,Türkiye,1996,4,1996.75,1996-Q4,277370343855.932,18743546.6797546,14798.178199408068,9.60225935754085
TUR,Türkiye,1997,1,1997.0,1997-Q1,281402102497.182,18653075.402105,15086.096873088594,9.621528861782897
TUR,Türkiye,1997,2,1997.25,1997-Q2,290450621958.22,18600014.5868757,15615.612590065599,9.656026499819625
TUR,Türkiye,1997,3,1997.5,1997-Q3,292788133353.044,18573868.1624357,15763.444145963455,9.665448876716521
TUR,Türkiye,1997,4,1997.75,1997-Q4,299861751862.282,18623012.7482252,16101.677849673342,9.68667875980805
TUR,Türkiye,1998,1,1998.0,1998-Q1,303294891203.771,18809517.3709092,16124.544039223829,9.688097864626899
TUR,Türkiye,1998,2,1998.25,1998-Q2,297978633871.614,19011827.2743565,15673.329531745381,9.659715790874584
TUR,Türkiye,1998,3,1998.5,1998-Q3,297061906680.94,19221133.2937711,15454.963146070448,9.645685469967479
TUR,Türkiye,1998,4,1998.75,1998-Q4,288392532892.587,19376361.1152416,14883.730292667551,9.608023968680696
TUR,Türkiye,1999,1,1999.0,1999-Q1,287826105680.433,19452125.517656,14796.64036812756,9.602155431829775
TUR,Türkiye,1999,2,1999.25,1999-Q2,285496451635.475,19413681.7515712,14705.940649942353,9.59600681697639
TUR,Türkiye,1999,3,1999.5,1999-Q3,286230839641.413,19304593.2280482,14827.084738855827,9.604210837173733
TUR,Türkiye,1999,4,1999.75,1999-Q4,290946485828.096,19171131.1242461,15176.281667602301,9.627489071511295
TUR,Türkiye,2000,1,2000.0,2000-Q1,297634266913.354,19004107.6901468,15661.575474426018,9.658965569492496
TUR,Türkiye,2000,2,2000.25,2000-Q2,305845318657.916,18931819.1418941,16155.094043821331,9.689990699586213
TUR,Türkiye,2000,3,2000.5,2000-Q3,311313548480.42,18902704.5911874,16469.25956963624,9.709250865854882
TUR,Türkiye,2000,4,2000.75,2000-Q4,316072467215.801,18901051.0202175,16722.481034399316,9.724509262855237
TUR,Türkiye,2001,1,2001.0,2001-Q1,306649343196.331,18933594.0403407,16196.045111296418,9.692522362483837
TUR,Türkiye,2001,2,2001.25,2001-Q2,285417155189.431,18934889.3955857,15073.610900308215,9.620700871433154
TUR,Türkiye,2001,3,2001.5,2001-Q3,288127336488.645,18928317.8356087,15222.025485360802,9.63049870307116
TUR,Türkiye,2001,4,2001.75,2001-Q4,283473786445.572,18917167.0548427,14985.002015563645,9.61480511425617
TUR,Türkiye,2002,1,2002.0,2002-Q1,300754602897.755,18907476.9709287,15906.649171657435,9.674492487689246
TUR,Türkiye,2002,2,2002.25,2002-Q2,308183002686.56,18890210.8483978,16314.428947345445,9.699805206719809
TUR,Türkiye,2002,3,2002.5,2002-Q3,311932437101.545,18862988.1780942,16536.745618268244,9.713340190951502
TUR,Türkiye,2002,4,2002.75,2002-Q4,317685511367.298,18822722.4125797,16877.76637214714,9.733752435469432
TUR,Türkiye,2003,1,2003.0,2003-Q1,320313906314.783,18742138.8019872,17090.573797309655,9.746282350578756
TUR,Türkiye,2003,2,2003.25,2003-Q2,319918051592.736,18704741.5700677,17103.580415389726,9.747043101590549
TUR,Türkiye,2003,3,2003.5,2003-Q3,330665360429.571,18699644.4657171,17682.975793245412,9.780357636125997
TUR,Türkiye,2003,4,2003.75,2003-Q4,339483226651.599,18744591.7424273,18110.99603109511,9.80427454832118
TUR,Türkiye,2004,1,2004.0,2004-Q1,347879905062.786,18870273.7388428,18435.33961813738,9.822024732963287
TUR,Türkiye,2004,2,2004.25,2004-Q2,359099790476.592,19007497.058231,18892.534318246155,9.846522113394279
TUR,Türkiye,2004,3,2004.5,2004-Q3,363511935747.868,19156576.3126195,18975.830013445695,9.850921343781238
TUR,Türkiye,2004,4,2004.75,2004-Q4,369949496666.972,19289902.9284333,19178.401158342105,9.861539985126626
TUR,Türkiye,2005,1,2005.0,2005-Q1,381438039369.572,19292371.5767575,19771.443746662528,9.891993940643609
TUR,Türkiye,2005,2,2005.25,2005-Q2,384651554506.3,19531960.4436027,19693.443247387124,9.888041029243983
TUR,Türkiye,2005,3,2005.5,2005-Q3,397008097183.756,19582993.2036223,20273.10600865248,9.917050459510532
TUR,Türkiye,2005,4,2005.75,2005-Q4,408590346082.03,19566092.7441353,20882.572285900056,9.946670228178006
TUR,Türkiye,2006,1,2006.0,2006-Q1,407388754576.289,19421610.3845993,20976.05432860166,9.951136796036439
TUR,Türkiye,2006,2,2006.25,2006-Q2,423786965844.293,19706267.1434099,21505.187297027704,9.976049454644114
TUR,Türkiye,2006,3,2006.5,2006-Q3,420899843840.075,19968058.5746792,21078.656308320504,9.95601625813412
TUR,Türkiye,2006,4,2006.75,2006-Q4,430693506458.111,20223553.7563358,21296.628260657693,9.96630404154542
TUR,Türkiye,2007,1,2007.0,2007-Q1,435651384110.419,20082385.2123855,21693.20922306269,9.984754551523546
TUR,Türkiye,2007,2,2007.25,2007-Q2,435036943542.096,20096966.0009625,21646.896527628145,9.982617375701743
TUR,Türkiye,2007,3,2007.5,2007-Q3,439509506324.798,20185113.4955418,21773.942783223418,9.988469248680872
TUR,Türkiye,2007,4,2007.75,2007-Q4,458530196332.166,20117843.0391523,22792.21462458964,10.034174292796695
TUR,Türkiye,2008,1,2008.0,2008-Q1,463394414082.77,20216926.1251644,22921.111311079778,10.039813656175047
TUR,Türkiye,2008,2,2008.25,2008-Q2,446902080389.769,20544993.8681475,21752.358908348764,9.987477486192217
TUR,Türkiye,2008,3,2008.5,2008-Q3,440867691186.942,20605968.0749241,21395.145793875345,9.97091934321776
TUR,Türkiye,2008,4,2008.75,2008-Q4,433838233449.229,20511855.7122906,21150.60867892491,9.959423963205698
TUR,Türkiye,2009,1,2009.0,2009-Q1,404397240514.938,20081722.4492683,20137.577418299228,9.910342871961973
TUR,Türkiye,2009,2,2009.25,2009-Q2,422906915325.576,20183125.2061904,20953.49015601734,9.950060506034252
TUR,Türkiye,2009,3,2009.5,2009-Q3,432049819146.364,20685499.6489807,20886.603005871977,9.946863227917946
TUR,Türkiye,2009,4,2009.75,2009-Q4,438492237863.951,21153741.7912383,20728.82623752034,9.939280582385399
TUR,Türkiye,2010,1,2010.0,2010-Q1,440010920930.03,21371128.0936595,20589.03577769368,9.932513969284384
TUR,Türkiye,2010,2,2010.25,2010-Q2,454161494274.0,21641866.8270102,20985.319700201755,9.951578410352704
TUR,Türkiye,2010,3,2010.5,2010-Q3,467162531357.026,21773756.6873205,21455.302273542373,9.973727086048934
TUR,Türkiye,2010,4,2010.75,2010-Q4,481544659643.072,22233382.9090554,21658.632049508957,9.983159362951577
TUR,Türkiye,2011,1,2011.0,2011-Q1,494714980088.081,22747024.3248371,21748.55809812055,9.987302739979977
TUR,Türkiye,2011,2,2011.25,2011-Q2,504613592405.101,22977334.5080424,21961.363369997463,9.997039977940284
TUR,Türkiye,2011,3,2011.5,2011-Q3,518665971270.08,23278891.72634,22280.52681233149,10.011468338839395
TUR,Türkiye,2011,4,2011.75,2011-Q4,527232552701.154,23359417.4450722,22570.449538859397,10.024396787152414
TUR,Türkiye,2012,1,2012.0,2012-Q1,524758068686.193,23367039.2209193,22457.191248106617,10.019366164733515
TUR,Türkiye,2012,2,2012.25,2012-Q2,530418773742.83,23687816.5696138,22392.05003061529,10.016461265500372
TUR,Türkiye,2012,3,2012.5,2012-Q3,539633222230.646,23910836.3585306,22568.56322962215,10.024313209372457
TUR,Türkiye,2012,4,2012.75,2012-Q4,548743921302.892,24294244.8217947,22587.40394394175,10.025147682271264
TUR,Türkiye,2013,1,2013.0,2013-Q1,565699441263.787,24392002.3815725,23192.005002883965,10.051562886317404
TUR,Türkiye,2013,2,2013.25,2013-Q2,581874832933.248,24520909.8078558,23729.74075973445,10.074484424790889
TUR,Türkiye,2013,3,2013.5,2013-Q3,587946752778.149,24491085.4675846,24006.56163469485,10.086082473408338
TUR,Türkiye,2013,4,2013.75,2013-Q4,589983327821.526,24619330.1307507,23964.231548469674,10.084317645503559
TUR,Türkiye,2014,1,2014.0,2014-Q1,605031627179.874,25520666.6666667,23707.51654266633,10.073547430539621
TUR,Türkiye,2014,2,2014.25,2014-Q2,600055840483.026,25839666.6666667,23222.27481583967,10.052867218405087
TUR,Türkiye,2014,3,2014.5,2014-Q3,610653906666.023,25764333.3333333,23701.521741918044,10.073294533581693
TUR,Türkiye,2014,4,2014.75,2014-Q4,616754656360.796,25934666.6666667,23781.09054910269,10.076646029121862
TUR,Türkiye,2015,1,2015.0,2015-Q1,627017140973.274,26141666.6666667,23985.354452276948,10.085198691908143
TUR,Türkiye,2015,2,2015.25,2015-Q2,641439308619.068,26457666.6666667,24243.986315966406,10.095923878641319
TUR,Türkiye,2015,3,2015.5,2015-Q3,647045854976.212,26644666.6666667,24284.254071216674,10.097583438690103
TUR,Türkiye,2015,4,2015.75,2015-Q4,658214079941.062,26890333.3333333,24477.721111963267,10.105518640461383
TUR,Türkiye,2016,1,2016.0,2016-Q1,656806644687.11,26940000.0,24380.35058229807,10.101532782845657
TUR,Türkiye,2016,2,2016.25,2016-Q2,667043181776.705,27193333.3333333,24529.65856006518,10.107638217875808
TUR,Türkiye,2016,3,2016.5,2016-Q3,648979135484.612,27066666.6666667,23977.06165583539,10.08485288795592
TUR,Türkiye,2016,4,2016.75,2016-Q4,686429135383.949,27315666.6666667,25129.503290563953,10.131797864745955
TUR,Türkiye,2017,1,2017.0,2017-Q1,692078412683.646,27387666.6666667,25269.71067330715,10.137361750902652
TUR,Türkiye,2017,2,2017.25,2017-Q2,709027489421.272,27853333.3333333,25455.74997922234,10.144696928845738
TUR,Türkiye,2017,3,2017.5,2017-Q3,727336545585.298,28346000.0,25659.230423527057,10.15265864643099
TUR,Türkiye,2017,4,2017.75,2017-Q4,738925393608.009,28650000.0,25791.462255078848,10.157798795797708
TUR,Türkiye,2018,1,2018.0,2018-Q1,749445964462.469,28712333.3333333,26101.882970006034,10.169762735153174
TUR,Türkiye,2018,2,2018.25,2018-Q2,750504149709.876,28755333.3333333,26099.650489528096,10.169677202015302
TUR,Türkiye,2018,3,2018.5,2018-Q3,744930363002.553,28816000.0,25851.275784375102,10.160115232079477
TUR,Türkiye,2018,4,2018.75,2018-Q4,721932069547.676,28412333.3333333,25409.108821791368,10.142863003750783
TUR,Türkiye,2019,1,2019.0,2019-Q1,736196617721.089,27999333.3333333,26293.362379619393,10.177071805309346
TUR,Türkiye,2019,2,2019.25,2019-Q2,752127173596.451,28071333.3333333,26793.425330578717,10.19591181291635
TUR,Türkiye,2019,3,2019.5,2019-Q3,752465949943.639,27938666.6666667,26932.77953888177,10.2010993939545
TUR,Türkiye,2019,4,2019.75,2019-Q4,764639539346.486,28167000.0,27146.64463189143,10.209008731422324
TUR,Türkiye,2020,1,2020.0,2020-Q1,768075507958.7,27348666.6666667,28084.56870385024,10.242975548033598
TUR,Türkiye,2020,2,2020.25,2020-Q2,688837397867.915,25698000.0,26805.097590003697,10.196347356993817
TUR,Türkiye,2020,3,2020.5,2020-Q3,796522350939.378,26753666.6666667,29772.45552407933,10.301338933781915
TUR,Türkiye,2020,4,2020.75,2020-Q4,806183791321.68,27036333.3333333,29818.53276412042,10.302885384027078
TUR,Türkiye,2021,1,2021.0,2021-Q1,826897664614.739,27979666.6666667,29553.520935967954,10.293958167545638
TUR,Türkiye,2021,2,2021.25,2021-Q2,839678501013.847,28298000.0,29672.715422073892,10.297983229895001
TUR,Türkiye,2021,3,2021.5,2021-Q3,869053184608.585,29075000.0,29890.049341653827,10.305280906051255
TUR,Türkiye,2021,4,2021.75,2021-Q4,885364193442.809,29783000.0,29727.166284216128,10.29981659642133
TUR,Türkiye,2022,1,2022.0,2022-Q1,883590177961.143,30036000.0,29417.7046864144,10.28935197229516
TUR,Türkiye,2022,2,2022.25,2022-Q2,899076260925.102,30719666.6666667,29267.12293726389,10.284220080945095
TUR,Türkiye,2022,3,2022.5,2022-Q3,907670970528.58,30774000.0,29494.734858275817,10.29196704701809
TUR,Türkiye,2022,4,2022.75,2022-Q4,916800094139.004,31333666.6666667,29259.26620373197,10.283951595781586
TUR,Türkiye,2023,1,2023.0,2023-Q1,909831556346.098,31383666.6666667,28990.60731206563,10.27472717071544
TUR,Türkiye,2023,2,2023.25,2023-Q2,952921412674.85,31543333.3333333,30209.91480528958,10.315925454293643
TUR,Türkiye,2023,3,2023.5,2023-Q3,960149170979.058,31696333.3333333,30292.121201581434,10.318642931334299
TUR,Türkiye,2023,4,2023.75,2023-Q4,966219912537.237,31924000.0,30266.254621514756,10.317788662002002
TUR,Türkiye,2024,1,2024.0,2024-Q1,973894054189.771,32493333.3333333,29972.119025126343,10.308022862686991
TUR,Türkiye,2024,2,2024.25,2024-Q2,972300937441.598,32610333.3333333,29815.731335924167,10.302791430383461
TUR,Türkiye,2024,3,2024.5,2024-Q3,978158175291.136,32551666.6666667,30049.403777312014,10.310598098745286
TUR,Türkiye,2024,4,2024.75,2024-Q4,990856585890.768,32687666.6666667,30312.857628996673,10.319327245680237
TUR,Türkiye,2025,1,2025.0,2025-Q1,998267154213.77,32528333.3333333,30689.15778696842,10.331664704649036
TUR,Türkiye,2025,2,2025.25,2025-Q2,1014405509587.64,32555333.3333333,31159.426297410802,10.346872088307194
TUR,Türkiye,2025,3,2025.5,2025-Q3,1019426749273.76,32652999.3333332,31220.00337142375,10.348814302058647
TUR,Türkiye,2025,4,2025.75,2025-Q4,1025899214117.31,32750958.3313331,31324.250232269515,10.35214784435474
USA,United States,1960,1,1960.0,1960-Q1,3874397034100.9,65213333.3333333,59411.11788132645,10.99223665755597
USA,United States,1960,2,1960.25,1960-Q2,3853538935572.36,66061333.3333333,58332.745361467554,10.973918884669043
USA,United States,1960,3,1960.5,1960-Q3,3872418626656.63,66023666.6666667,58651.97772500711,10.979376574314573
USA,United States,1960,4,1960.75,1960-Q4,3822730416974.73,65839666.6666667,58061.20550895956,10.969253000521174
USA,United States,1961,1,1961.0,1961-Q1,3848534534113.94,65738000.0,58543.529375915605,10.977525848416818
USA,United States,1961,2,1961.25,1961-Q2,3913877057933.1,65605333.3333333,59657.909792899496,10.996382022136508
USA,United States,1961,3,1961.5,1961-Q3,3989037814241.56,65667000.0,60746.46038712839,11.014464094272856
USA,United States,1961,4,1961.75,1961-Q4,4067289556790.9,65966666.6666667,61656.73911254519,11.029337815068363
USA,United States,1962,1,1962.0,1962-Q1,4139836303708.9,66379666.6666667,62366.03031614447,11.04077602016646
USA,United States,1962,2,1962.25,1962-Q2,4177291654443.91,66576666.6666667,62744.079323745675,11.046819499136024
USA,United States,1962,3,1962.5,1962-Q3,4228654240136.55,66881000.0,63226.54027506392,11.054479433045517
USA,United States,1962,4,1962.75,1962-Q4,4242583506357.48,66969333.3333333,63351.13842690409,11.056448156020402
USA,United States,1963,1,1963.0,1963-Q1,4288916354638.91,67149000.0,63871.634047251784,11.06463063018409
USA,United States,1963,2,1963.25,1963-Q2,4337055766510.87,67635333.3333333,64124.113133828556,11.068575752105753
USA,United States,1963,3,1963.5,1963-Q3,4432420292827.88,67995666.6666667,65186.80542624595,11.08501235667192
USA,United States,1963,4,1963.75,1963-Q4,4461492747877.53,68258000.0,65362.19560897668,11.08769932151827
USA,United States,1964,1,1964.0,1964-Q1,4555572851544.2,68613666.6666667,66394.54022586654,11.103370106569765
USA,United States,1964,2,1964.25,1964-Q2,4605186154930.88,69401666.6666667,66355.55565328707,11.102782768783799
USA,United States,1964,3,1964.5,1964-Q3,4677146870245.12,69480000.0,67316.44890968797,11.117159897502985
USA,United States,1964,4,1964.75,1964-Q4,4691608191474.73,69710333.3333333,67301.47407330429,11.116937418413817
USA,United States,1965,1,1965.0,1965-Q1,4805140799071.44,70187666.6666667,68461.32700053815,11.134024295485832
USA,United States,1965,2,1965.25,1965-Q2,4865852351345.11,70897333.3333333,68632.37476743525,11.136519637772851
USA,United States,1965,3,1965.5,1965-Q3,4974028057270.61,71369333.3333333,69694.19251878416,11.151872272169388
USA,United States,1965,4,1965.75,1965-Q4,5088624774884.68,71827000.0,70845.57025748923,11.168257720334118
USA,United States,1966,1,1966.0,1966-Q1,5212473521521.25,72173333.3333333,72221.59876484277,11.187494432011547
USA,United States,1966,2,1966.25,1966-Q2,5230272579140.69,72594000.0,72048.27642974199,11.185091679278136
USA,United States,1966,3,1966.5,1966-Q3,5274564230877.44,73088000.0,72167.30832527146,11.186742429060297
USA,United States,1966,4,1966.75,1966-Q4,5317836936686.61,73656666.6666667,72197.63230329829,11.18716253076007
USA,United States,1967,1,1967.0,1967-Q1,5364941980746.67,73572000.0,72920.97510937136,11.197131601020406
USA,United States,1967,2,1967.25,1967-Q2,5368233451483.58,74001333.3333333,72542.38822026066,11.191926335099756
USA,United States,1967,3,1967.5,1967-Q3,5419021021204.11,74713666.6666667,72530.51901977917,11.191762704264285
USA,United States,1967,4,1967.75,1967-Q4,5459872491176.69,75216333.3333333,72588.92117195325,11.192567588230897
USA,United States,1968,1,1968.0,1968-Q1,5571214089638.29,75102666.6666667,74181.30855946022,11.214267491215038
USA,United States,1968,2,1968.25,1968-Q2,5664274145814.2,75950000.0,74578.98809498618,11.219614085592847
USA,United States,1968,3,1968.5,1968-Q3,5708145000421.94,76100666.6666667,75007.8185967088,11.225347635041125
USA,United States,1968,4,1968.75,1968-Q4,5730565115518.39,76498666.6666667,74910.65354757887,11.224051396340913
USA,United States,1969,1,1969.0,1969-Q1,5820215833698.75,77166333.3333333,75424.28909453716,11.230884638653539
USA,United States,1969,2,1969.25,1969-Q2,5837871688106.74,77605000.0,75225.45825793107,11.228244993309948
USA,United States,1969,3,1969.5,1969-Q3,5876398859801.26,78153000.0,75190.95696647934,11.22778624960162
USA,United States,1969,4,1969.75,1969-Q4,5847709748733.01,78575333.3333333,74421.69826917283,11.217502821704374
USA,United States,1970,1,1970.0,1970-Q1,5839002993477.16,78780333.3333333,74117.52078747017,11.213407231208876
USA,United States,1970,2,1970.25,1970-Q2,5847277935972.35,78635666.6666667,74359.10680020959,11.216661429931737
USA,United States,1970,3,1970.5,1970-Q3,5901158695060.09,78616000.0,75063.07488373983,11.226084037527263
USA,United States,1970,4,1970.75,1970-Q4,5837923461575.5,78643000.0,74233.22433751891,11.214967096289593
USA,United States,1971,1,1971.0,1971-Q1,5996490174482.15,78717333.3333333,76177.50653581785,11.240821508278984
USA,United States,1971,2,1971.25,1971-Q2,6028920194058.6,78961000.0,76353.13881610669,11.243124420687233
USA,United States,1971,3,1971.5,1971-Q3,6078504856802.99,79511000.0,76448.6027946195,11.244373935122436
USA,United States,1971,4,1971.75,1971-Q4,6092781115420.89,80228666.6666667,75942.69440791181,11.237734313903164
USA,United States,1972,1,1972.0,1972-Q1,6204718659554.74,81213333.3333333,76400.24617741023,11.243741197366832
USA,United States,1972,2,1972.25,1972-Q2,6345521564863.22,81875000.0,77502.55346397826,11.258066162720967
USA,United States,1972,3,1972.5,1972-Q3,6405428976026.47,82450333.3333333,77688.33329187841,11.26046037439832
USA,United States,1972,4,1972.75,1972-Q4,6512683775146.06,83002000.0,78464.17887696753,11.270397479586197
USA,United States,1973,1,1973.0,1973-Q1,6673868903695.83,83841666.6666667,79600.86158865911,11.284780195752026
USA,United States,1973,2,1973.25,1973-Q2,6746530213182.99,84797333.3333333,79560.64121335962,11.284274792429644
USA,United States,1973,3,1973.5,1973-Q3,6711054371455.42,85330333.3333333,78647.9333819012,11.27273663200517
USA,United States,1973,4,1973.75,1973-Q4,6774757769285.11,86236000.0,78560.66804217624,11.27162644658405
USA,United States,1974,1,1974.0,1974-Q1,6716514820064.13,86709333.3333333,77460.1137139885,11.257518421102631
USA,United States,1974,2,1974.25,1974-Q2,6732479775013.91,86833666.6666667,77533.05870243002,11.258459688291243
USA,United States,1974,3,1974.5,1974-Q3,6668839166284.61,87079000.0,76583.78215510755,11.246140612099888
USA,United States,1974,4,1974.75,1974-Q4,6642937010023.72,86588333.3333333,76718.61501769356,11.247899656965979
USA,United States,1975,1,1975.0,1975-Q1,6562050328383.79,85356666.6666667,76878.00595599391,11.249975106210949
USA,United States,1975,2,1975.25,1975-Q2,6608949380132.01,85331666.6666667,77450.13824643458,11.257389630819981
USA,United States,1975,3,1975.5,1975-Q3,6722097542184.15,86135666.6666667,78040.81401259426,11.264987225392467
USA,United States,1975,4,1975.75,1975-Q4,6812650440596.61,86497000.0,78761.69625069783,11.274182069477694
USA,United States,1976,1,1976.0,1976-Q1,6965898806542.83,87685666.6666667,79441.70434403373,11.282778752970705
USA,United States,1976,2,1976.25,1976-Q2,7016984899881.06,88591000.0,79206.52097708639,11.279813909982403
USA,United States,1976,3,1976.5,1976-Q3,7055396407443.25,89163000.0,79129.19492887464,11.278837174519822
USA,United States,1976,4,1976.75,1976-Q4,7106378953843.98,89570333.3333333,79338.53419298782,11.281479218891201
USA,United States,1977,1,1977.0,1977-Q1,7190677176605.79,90359333.3333333,79578.6877939832,11.28450159470176
USA,United States,1977,2,1977.25,1977-Q2,7330314628085.75,91661333.3333333,79971.72157019048,11.289428370794486
USA,United States,1977,3,1977.5,1977-Q3,7462492293812.59,92409000.0,80755.03786224924,11.299175627525816
USA,United States,1977,4,1977.75,1977-Q4,7462641004839.86,93639333.3333333,79695.58025658588,11.285969408492653
USA,United States,1978,1,1978.0,1978-Q1,7486509675498.24,94552666.6666667,79178.19707709535,11.279456250472812
USA,United States,1978,2,1978.25,1978-Q2,7775846256406.91,95835333.3333333,81137.57197839607,11.303901412457597
USA,United States,1978,3,1978.5,1978-Q3,7854051733303.32,96397000.0,81476.1012614845,11.30806502017145
USA,United States,1978,4,1978.75,1978-Q4,7959620039217.36,97399666.6666667,81721.22463681283,11.31106903458546
USA,United States,1979,1,1979.0,1979-Q1,7973915024409.06,98252333.3333333,81157.51304711062,11.304147150876746
USA,United States,1979,2,1979.25,1979-Q2,7982426802984.71,98371000.0,81146.13862809882,11.304006988669512
USA,United States,1979,3,1979.5,1979-Q3,8041720643465.07,99040666.6666667,81196.14814922895,11.304623088438769
USA,United States,1979,4,1979.75,1979-Q4,8061828577478.27,99637000.0,80911.99632142948,11.30111737785592
USA,United States,1980,1,1980.0,1980-Q1,8087188764662.01,99862333.3333333,80983.3747592053,11.30199916270158
USA,United States,1980,2,1980.25,1980-Q2,7920557507824.68,98953333.3333333,80043.36227000623,11.290323795186778
USA,United States,1980,3,1980.5,1980-Q3,7911143549016.92,98899000.0,79992.14905122317,11.289683771980572
USA,United States,1980,4,1980.75,1980-Q4,8058680309952.81,99498666.6666667,80992.84724035974,11.302116124080829
USA,United States,1981,1,1981.0,1981-Q1,8216583881834.16,100239000.0,81969.93068400683,11.314107760020354
USA,United States,1981,2,1981.25,1981-Q2,8155692774764.61,100800666.666667,80909.11543010215,11.301081771978584
USA,United States,1981,3,1981.5,1981-Q3,8253357364970.05,100482000.0,82137.6700799153,11.316152021877123
USA,United States,1981,4,1981.75,1981-Q4,8163429052872.13,100076666.666667,81571.75218537891,11.30923830682129
USA,United States,1982,1,1982.0,1982-Q1,8036598374748.0,99708666.6666667,80600.80074698954,11.297263863271542
USA,United States,1982,2,1982.25,1982-Q2,8073259498441.07,99745000.0,80938.98940739957,11.301450932651385
USA,United States,1982,3,1982.5,1982-Q3,8042398104811.53,99543333.3333333,80792.9354533523,11.299644808178726
USA,United States,1982,4,1982.75,1982-Q4,8045615770816.38,99119666.6666667,81170.73070749205,11.304310001901372
USA,United States,1983,1,1983.0,1983-Q1,8151640123880.71,99143000.0,82221.03551315484,11.31716645479186
USA,United States,1983,2,1983.25,1983-Q2,8337132345228.51,99945000.0,83417.20291388774,11.331609837026809
USA,United States,1983,3,1983.5,1983-Q3,8503787836455.46,101610666.666667,83689.91283515608,11.334873733505958
USA,United States,1983,4,1983.75,1983-Q4,8681192381046.11,102588000.0,84621.90881044674,11.345948481458153
USA,United States,1984,1,1984.0,1984-Q1,8850891491297.86,103664000.0,85380.57079890666,11.354873845683219
USA,United States,1984,2,1984.25,1984-Q2,9003813794547.25,105040000.0,85717.95310878952,11.358817570496875
USA,United States,1984,3,1984.5,1984-Q3,9090611464130.35,105362666.666667,86279.24626177191,11.365344364509578
USA,United States,1984,4,1984.75,1984-Q4,9165224743545.83,105944333.333333,86509.81562845134,11.368013161955542
USA,United States,1985,1,1985.0,1985-Q1,9254033867468.15,106615333.333333,86798.33920825816,11.37134276691998
USA,United States,1985,2,1985.25,1985-Q2,9335513190090.83,106791000.0,87418.53892266979,11.378462654970267
USA,United States,1985,3,1985.5,1985-Q3,9478091815221.23,107186333.333333,88426.30884429849,11.3899248157091
USA,United States,1985,4,1985.75,1985-Q4,9548556607757.46,108023333.333333,88393.4638296432,11.389553307313447
USA,United States,1986,1,1986.0,1986-Q1,9637716028766.24,108734666.666667,88635.17334642932,11.392284048179366
USA,United States,1986,2,1986.25,1986-Q2,9681114312776.21,109205666.666667,88650.29268422745,11.392454613067434
USA,United States,1986,3,1986.5,1986-Q3,9773730438996.64,109970000.0,88876.33390012404,11.39500117571442
USA,United States,1986,4,1986.75,1986-Q4,9826156033143.47,110492000.0,88930.9274259084,11.395615251057494
USA,United States,1987,1,1987.0,1987-Q1,9899050874021.6,111206000.0,89015.43868156035,11.396565102002524
USA,United States,1987,2,1987.25,1987-Q2,10005780227511.5,112158000.0,89211.47156254124,11.398764915260417
USA,United States,1987,3,1987.5,1987-Q3,10092548154889.2,112866666.666667,89420.09587911254,11.401100722020818
USA,United States,1987,4,1987.75,1987-Q4,10265832853242.9,113526666.666667,90426.62093995129,11.412293982453953
USA,United States,1988,1,1988.0,1988-Q1,10318895150899.0,114093333.333333,90442.5775759527,11.412470426383308
USA,United States,1988,2,1988.25,1988-Q2,10454488764000.4,114623000.0,91207.60025475167,11.420893508716823
USA,United States,1988,3,1988.5,1988-Q3,10515748894730.2,115232666.666667,91256.66530957803,11.421431313265646
USA,United States,1988,4,1988.75,1988-Q4,10655866627750.1,115947333.333333,91902.6451183307,11.428485090501175
USA,United States,1989,1,1989.0,1989-Q1,10764172318129.1,116835333.333333,92131.13885179537,11.430968263383305
USA,United States,1989,2,1989.25,1989-Q2,10846313680213.9,117204666.666667,92541.65374712499,11.435414132920775
USA,United States,1989,3,1989.5,1989-Q3,10926656189650.3,117493666.666667,92997.83128438359,11.440331452340732
USA,United States,1989,4,1989.75,1989-Q4,10948179632330.5,117774333.333333,92958.96077241389,11.439913392724776
USA,United States,1990,1,1990.0,1990-Q1,11067830321745.4,119114333.333333,92917.70362155211,11.439469473078661
USA,United States,1990,2,1990.25,1990-Q2,11108003228808.4,118995333.333333,93348.22566270188,11.444092141426633
USA,United States,1990,3,1990.5,1990-Q3,11115399123897.9,118712000.0,93633.32370693696,11.447141621614717
USA,United States,1990,4,1990.75,1990-Q4,11014204023748.8,118361000.0,93056.02372190841,11.440956996373888
USA,United States,1991,1,1991.0,1991-Q1,10962664086386.6,117782333.333333,93075.6232801181,11.441167595254818
USA,United States,1991,2,1991.25,1991-Q2,11048138778608.6,117729333.333333,93843.5516943551,11.449384331016443
USA,United States,1991,3,1991.5,1991-Q3,11103971507624.6,117660000.0,94373.37674336732,11.455014286333123
USA,United States,1991,4,1991.75,1991-Q4,11142673827862.4,117678666.666667,94687.2882187287,11.458335038049436
USA,United States,1992,1,1992.0,1992-Q1,11276079736518.1,117958333.333333,95593.75262325509,11.467862747775014
USA,United States,1992,2,1992.25,1992-Q2,11398346638449.8,118406666.666667,96264.39928874868,11.474853843960604
USA,United States,1992,3,1992.5,1992-Q3,11510974862688.1,118753000.0,96932.07634912887,11.481765768376887
USA,United States,1992,4,1992.75,1992-Q4,11631017708589.7,118833666.666667,97876.45231224877,11.49146127162234
USA,United States,1993,1,1993.0,1993-Q1,11650434962498.5,119297333.333333,97658.80457650799,11.489235096874218
USA,United States,1993,2,1993.25,1993-Q2,11718260409691.5,119959666.666667,97685.00309569162,11.489503326716287
USA,United States,1993,3,1993.5,1993-Q3,11774174654381.8,120625666.666667,97609.1986037944,11.488727015949818
USA,United States,1993,4,1993.75,1993-Q4,11934321008867.0,121152000.0,98507.00779902107,11.49788296979721
USA,United States,1994,1,1994.0,1994-Q1,12050127242836.1,121994000.0,98776.39263272045,11.50061391422065
USA,United States,1994,2,1994.25,1994-Q2,12213428474225.8,122596000.0,99623.38472891286,11.509152202449537
USA,United States,1994,3,1994.5,1994-Q3,12284826290762.7,123245000.0,99678.09071980769,11.50970117974281
USA,United States,1994,4,1994.75,1994-Q4,12425557594465.5,124449666.666667,99844.04078595738,11.511364655400019
USA,United States,1995,1,1995.0,1995-Q1,12469641050764.1,124848666.666667,99878.04742886641,11.511705195032281
USA,United States,1995,2,1995.25,1995-Q2,12506840838844.8,124629333.333333,100352.30474509613,11.516442321026975
USA,United States,1995,3,1995.5,1995-Q3,12613239723385.2,124933666.666667,100959.49362503168,11.522474662162537
USA,United States,1995,4,1995.75,1995-Q4,12698893970403.1,125221333.333333,101411.58564890275,11.526942620504931
USA,United States,1996,1,1996.0,1996-Q1,12794015051260.7,125542000.0,101910.23761976628,11.531847681482922
USA,United States,1996,2,1996.25,1996-Q2,13007412070703.3,126280000.0,103004.53017661785,11.54252824854184
USA,United States,1996,3,1996.5,1996-Q3,13124092945825.4,127218333.333333,103161.96260359828,11.544055484665012
USA,United States,1996,4,1996.75,1996-Q4,13260369528089.1,127840333.333333,103726.02434877725,11.5495083207732
USA,United States,1997,1,1997.0,1997-Q1,13345957681317.1,128495666.666667,103863.09536755117,11.550828920223518
USA,United States,1997,2,1997.25,1997-Q2,13568196948284.8,129339666.666667,104903.60225879222,11.560797133726076
USA,United States,1997,3,1997.5,1997-Q3,13737605245861.0,129950333.333333,105714.27478083449,11.568495212700496
USA,United States,1997,4,1997.75,1997-Q4,13854905199481.9,130503666.666667,106164.8730136461,11.572748570492596
USA,United States,1998,1,1998.0,1998-Q1,13993974244368.7,130782333.333333,107002.02303855059,11.580603020167652
USA,United States,1998,2,1998.25,1998-Q2,14123514767878.6,131259333.333333,107600.0800035449,11.586176670236913
USA,United States,1998,3,1998.5,1998-Q3,14301321383024.5,131568333.333333,108698.81088173094,11.596336133598967
USA,United States,1998,4,1998.75,1998-Q4,14531457756321.8,132293666.666667,109842.42951656868,11.606802158884134
USA,United States,1999,1,1999.0,1999-Q1,14667971174666.0,132943333.333333,110332.5063911895,11.611253870719102
USA,United States,1999,2,1999.25,1999-Q2,14790411022014.5,133214666.666667,111026.89660308522,11.61752776268123
USA,United States,1999,3,1999.5,1999-Q3,14986514601330.4,133570666.666667,112199.14503182108,11.628030652004455
USA,United States,1999,4,1999.75,1999-Q4,15232393413818.2,134275000.0,113441.76811631503,11.639044928001285
USA,United States,2000,1,2000.0,2000-Q1,15287655533114.8,136619333.333333,111899.64963315226,11.62535776322409
USA,United States,2000,2,2000.25,2000-Q2,15566087740253.5,136946666.666667,113665.32767199002,11.641013687516342
USA,United States,2000,3,2000.5,2000-Q3,15581954656081.6,136695333.333333,113990.39218174948,11.643869444717488
USA,United States,2000,4,2000.75,2000-Q4,15674984970052.1,137341333.333333,114131.59163096426,11.645107374222457
USA,United States,2001,1,2001.0,2001-Q1,15623602556222.5,137724333.333333,113441.11950361621,11.639039210402169
USA,United States,2001,2,2001.25,2001-Q2,15721172411995.7,137088000.0,114679.42060571093,11.649895867714845
USA,United States,2001,3,2001.5,2001-Q3,15658187233349.6,136719333.333333,114527.96653984298,11.64857432140871
USA,United States,2001,4,2001.75,2001-Q4,15701212087446.6,136225666.666667,115258.83830589849,11.654935646039105
USA,United States,2002,1,2002.0,2002-Q1,15832530533904.8,136105333.333333,116325.57039575849,11.664148180167482
USA,United States,2002,2,2002.25,2002-Q2,15929537490900.8,136360000.0,116819.72345923145,11.668387200353282
USA,United States,2002,3,2002.5,2002-Q3,15994292881553.0,136806666.666667,116911.64817664558,11.669173784725848
USA,United States,2002,4,2002.75,2002-Q4,16014062635674.6,136651666.666667,117188.9302655747,11.671542700005292
USA,United States,2003,1,2003.0,2003-Q1,16098399413147.2,137444333.333333,117126.68702102844,11.671011423031686
USA,United States,2003,2,2003.25,2003-Q2,16240970327335.4,137655666.666667,117982.5772567931,11.678292242180254
USA,United States,2003,3,2003.5,2003-Q3,16511090138831.3,137544000.0,120042.24203768467,11.695598976801447
USA,United States,2003,4,2003.75,2003-Q4,16702737895144.9,138273000.0,120795.36782412257,11.701853217920831
USA,United States,2004,1,2004.0,2004-Q1,16797384202278.4,138489000.0,121290.38553443523,11.705942829914704
USA,United States,2004,2,2004.25,2004-Q2,16927555921481.8,138902000.0,121866.89839946006,11.710684731419512
USA,United States,2004,3,2004.5,2004-Q3,17088129682475.0,139538666.666667,122461.6093207734,11.715552866549167
USA,United States,2004,4,2004.75,2004-Q4,17262464170524.9,140029333.333333,123277.48593526792,11.722193076658767
USA,United States,2005,1,2005.0,2005-Q1,17453967622063.9,140428000.0,124291.22128111131,11.730382649752197
USA,United States,2005,2,2005.25,2005-Q2,17539950134905.0,141525666.666667,123934.76425881495,11.727510611463831
USA,United States,2005,3,2005.5,2005-Q3,17677430725707.9,142287000.0,124237.8483326509,11.7299531390365
USA,United States,2005,4,2005.75,2005-Q4,17775631777174.7,142599666.666667,124654.0906629608,11.733297905605054
USA,United States,2006,1,2006.0,2006-Q1,18014782241850.9,143449333.333333,125582.8927415785,11.740721319452794
USA,United States,2006,2,2006.25,2006-Q2,18061395988739.4,144067666.666667,125367.44993953782,11.739004303626725
USA,United States,2006,3,2006.5,2006-Q3,18088480122276.3,144547333.333333,125138.80197681274,11.73717881604331
USA,United States,2006,4,2006.75,2006-Q4,18243941528620.9,145606000.0,125296.63289027168,11.738439268138986
USA,United States,2007,1,2007.0,2007-Q1,18298825811751.9,146135000.0,125218.63901017483,11.737816600450705
USA,United States,2007,2,2007.25,2007-Q2,18410771066828.0,145850666.666667,126230.28394450001,11.745863168166068
USA,United States,2007,3,2007.5,2007-Q3,18516821857408.2,145943666.666667,126876.50160044507,11.750969463982596
USA,United States,2007,4,2007.75,2007-Q4,18633151333880.8,146271333.333333,127387.5810745385,11.754989537577044
USA,United States,2008,1,2008.0,2008-Q1,18553631692128.6,146206666.666667,126900.03893207258,11.751154960495754
USA,United States,2008,2,2008.25,2008-Q2,18664105258816.2,145925666.666667,127901.45616706328,11.759015372701992
USA,United States,2008,3,2008.5,2008-Q3,18566070543387.3,145270333.333333,127803.59291106016,11.758249934075465
USA,United States,2008,4,2008.75,2008-Q4,18159654321490.8,144090333.333333,126029.65029917004,11.744272478084929
USA,United States,2009,1,2009.0,2009-Q1,17953565072084.5,141499666.666667,126880.61742490175,11.751001903068229
USA,United States,2009,2,2009.25,2009-Q2,17921490857410.4,140304333.333333,127732.98180914186,11.757697284390833
USA,United States,2009,3,2009.5,2009-Q3,17984429770403.6,139403666.666667,129009.73267372372,11.76764312758095
USA,United States,2009,4,2009.75,2009-Q4,18178825926813.8,138368000.0,131380.27525738467,11.78585126156822
USA,United States,2010,1,2010.0,2010-Q1,18266902511231.4,138590000.0,131805.34317938812,11.789081440284873
USA,United States,2010,2,2010.25,2010-Q2,18443650524175.7,139226333.333333,132472.42876114728,11.794129817934234
USA,United States,2010,3,2010.5,2010-Q3,18585866735024.8,139337666.666667,133387.23964344233,11.801011753041685
USA,United States,2010,4,2010.75,2010-Q4,18683463028314.1,139154666.666667,134264.00620159382,11.807563336177564
USA,United States,2011,1,2011.0,2011-Q1,18639144939061.3,139427666.666667,133683.2594611394,11.803228545535905
USA,United States,2011,2,2011.25,2011-Q2,18765254093312.4,139531333.333333,134487.74296797693,11.809228343521795
USA,United States,2011,3,2011.5,2011-Q3,18761067051722.4,139883000.0,134119.7075536155,11.806488020094754
USA,United States,2011,4,2011.75,2011-Q4,18971763038284.5,140698666.666667,134839.67892340454,11.811841788177887
USA,United States,2012,1,2012.0,2012-Q1,19130858501510.4,141826000.0,134889.6429534105,11.8122122635139
USA,United States,2012,2,2012.25,2012-Q2,19216246170242.4,142165333.333333,135168.2982037987,11.81427593435496
USA,United States,2012,3,2012.5,2012-Q3,19243922944762.0,142542333.333333,135004.96655797257,11.81306684606217
USA,United States,2012,4,2012.75,2012-Q4,19266176723820.6,143364666.666667,134385.809082344,11.808470114311527
USA,United States,2013,1,2013.0,2013-Q1,19456249244808.3,143323333.333333,135750.74478318266,11.818575724213416
USA,United States,2013,2,2013.25,2013-Q2,19508321237179.1,143838666.666667,135626.4048413898,11.817659361500743
USA,United States,2013,3,2013.5,2013-Q3,19674413829628.8,144336000.0,136309.81757585634,11.82268564426054
USA,United States,2013,4,2013.75,2013-Q4,19845923909723.8,144264666.666667,137566.07468950877,11.831859623861284
USA,United States,2014,1,2014.0,2014-Q1,19777436423068.6,145310666.666667,136104.5054485692,11.821178292048792
USA,United States,2014,2,2014.25,2014-Q2,20032929678860.2,145913000.0,137293.65909041825,11.829877407808452
USA,United States,2014,3,2014.5,2014-Q3,20276408185211.5,146569000.0,138340.35972962563,11.837472302481002
USA,United States,2014,4,2014.75,2014-Q4,20378952700237.8,147482000.0,138179.2537410518,11.836307061398964
USA,United States,2015,1,2015.0,2015-Q1,20562462107888.6,148106000.0,138836.1181038486,11.841049510090816
USA,United States,2015,2,2015.25,2015-Q2,20689827044147.8,148714666.666667,139124.32114394289,11.843123209097426
USA,United States,2015,3,2015.5,2015-Q3,20772637055073.7,148945666.666667,139464.52770299002,11.845565566209489
USA,United States,2015,4,2015.75,2015-Q4,20810958234456.4,149612333.333333,139099.21575843645,11.842942739926096
USA,United States,2016,1,2016.0,2016-Q1,20931561776009.0,150936666.666667,138677.77948372797,11.839908387871866
USA,United States,2016,2,2016.25,2016-Q2,20998778058771.7,151143000.0,138933.1828716626,11.841748397775122
USA,United States,2016,3,2016.5,2016-Q3,21147741344006.3,151698000.0,139406.85667580523,11.845151963156344
USA,United States,2016,4,2016.75,2016-Q4,21264963086642.4,151968000.0,139930.5319978048,11.848901378427794
USA,United States,2017,1,2017.0,2017-Q1,21368500110080.3,152565666.666667,140061.00177681033,11.849833333667226
USA,United States,2017,2,2017.25,2017-Q2,21488136479174.0,153214000.0,140249.17095809782,11.851175912195263
USA,United States,2017,3,2017.5,2017-Q3,21657575620518.9,153786000.0,140829.30579193748,11.855303838775257
USA,United States,2017,4,2017.75,2017-Q4,21901666595989.9,153772666.666667,142428.86639578242,11.866597970869945
USA,United States,2018,1,2018.0,2018-Q1,22079816898843.2,154945333.333333,142500.6899132807,11.86710212017583
USA,United States,2018,2,2018.25,2018-Q2,22197022118031.9,155575333.333333,142677.00182568753,11.868338625975396
USA,United States,2018,3,2018.5,2018-Q3,22335464373477.9,155888333.333333,143278.61422264623,11.87254636487491
USA,United States,2018,4,2018.75,2018-Q4,22367101267575.6,156643000.0,142790.3019450317,11.869132413031194
USA,United States,2019,1,2019.0,2019-Q1,22506743125308.2,156683666.666667,143644.4755482372,11.875096605945936
USA,United States,2019,2,2019.25,2019-Q2,22694707254398.2,156892666.666667,144651.1665367713,11.882080374919093
USA,United States,2019,3,2019.5,2019-Q3,22960235750622.5,157899000.0,145410.90032630035,11.887318809127867
USA,United States,2019,4,2019.75,2019-Q4,23116796517005.8,158673000.0,145688.28040691107,11.88922455248216
USA,United States,2020,1,2020.0,2020-Q1,22812505114569.6,157525000.0,144818.31528055613,11.883235237679152
USA,United States,2020,2,2020.25,2020-Q2,21015613248621.8,137566666.666667,152766.7548966931,11.93666755937657
USA,United States,2020,3,2020.5,2020-Q3,22646903819291.5,146214666.666667,154888.0446509569,11.950457842347953
USA,United States,2020,4,2020.75,2020-Q4,22903609896127.7,149946666.666667,152745.04198911376,11.936525418170651
USA,United States,2021,1,2021.0,2021-Q1,23223302253173.2,150228333.333333,154586.69971159403,11.948510381108596
USA,United States,2021,2,2021.25,2021-Q2,23618537608945.4,151450000.0,155949.40646381906,11.957286916089746
USA,United States,2021,3,2021.5,2021-Q3,23813403031263.9,153288666.666667,155350.05652470834,11.95343627867506
USA,United States,2021,4,2021.75,2021-Q4,24221982723216.4,155368000.0,155900.71780042478,11.956974659271475
USA,United States,2022,1,2022.0,2022-Q1,24160265443773.1,157639666.666667,153262.60169567968,11.939908080079642
USA,United States,2022,2,2022.25,2022-Q2,24198087615042.1,158121000.0,153035.25537431525,11.93842360111339
USA,United States,2022,3,2022.5,2022-Q3,24372773501741.6,158601000.0,153673.51720191928,11.94258561280671
USA,United States,2022,4,2022.75,2022-Q4,24541004228294.5,158816666.666667,154524.11099776122,11.948105421382055
USA,United States,2023,1,2023.0,2023-Q1,24718644507402.4,160474666.666667,154034.55897962512,11.944932265178448
USA,United States,2023,2,2023.25,2023-Q2,24873845944840.1,160916333.333333,154576.26599852194,11.948442884582601
USA,United States,2023,3,2023.5,2023-Q3,25160792133680.8,161366666.666667,155923.10762454502,11.957118264873955
USA,United States,2023,4,2023.75,2023-Q4,25373163597816.8,161407000.0,157199.89590176882,11.965273496774536
USA,United States,2024,1,2024.0,2024-Q1,25426412059647.9,161209333.333333,157722.9527218107,11.968595309106018
USA,United States,2024,2,2024.25,2024-Q2,25651559453371.1,161271333.333333,159058.3950859493,11.977026678468706
USA,United States,2024,3,2024.5,2024-Q3,25863127877959.9,161482000.0,160161.0574426865,11.983935196941628
USA,United States,2024,4,2024.75,2024-Q4,25982065856007.0,161433333.333333,160946.10276279406,11.988824822471654
USA,United States,2025,1,2025.0,2025-Q1,25939840736767.7,163570000.0,158585.56420350735,11.974049563885869
USA,United States,2025,2,2025.25,2025-Q2,26185231556773.5,163536000.0,160119.06587401856,11.983672979177543
USA,United States,2025,3,2025.5,2025-Q3,26369538758295.8,163381666.666667,161398.39491351994,11.991631089994806
USA,United States,2025,4,2025.75,2025-Q4,26442881130040.1,163708430.0,161524.2485071789,11.99241055592942
