country,country_name,year,quarter,time,period,gdp_per_worker,y
ALB,Albania,2012,1,2012.0,2012-Q1,9550.5214064496,9.164351029518373
ALB,Albania,2012,2,2012.25,2012-Q2,9382.111189297271,9.146560090160882
ALB,Albania,2012,3,2012.5,2012-Q3,9898.42004323954,9.200130431794623
ALB,Albania,2012,4,2012.75,2012-Q4,9766.33191048559,9.186696230372732
ALB,Albania,2013,1,2013.0,2013-Q1,10184.37245326524,9.228609711962955
ALB,Albania,2013,2,2013.25,2013-Q2,10991.595549421369,9.304886218790761
ALB,Albania,2013,3,2013.5,2013-Q3,10682.484448426212,9.276360711718029
ALB,Albania,2013,4,2013.75,2013-Q4,11433.719176607146,9.344322091141612
ALB,Albania,2014,1,2014.0,2014-Q1,12066.227490190016,9.398165712642802
ALB,Albania,2014,2,2014.25,2014-Q2,10901.281558878463,9.296635635514964
ALB,Albania,2014,3,2014.5,2014-Q3,10516.725138819404,9.260722139236925
ALB,Albania,2014,4,2014.75,2014-Q4,10707.814487524804,9.278729079828683
ALB,Albania,2015,1,2015.0,2015-Q1,10752.191414342957,9.28286486527773
ALB,Albania,2015,2,2015.25,2015-Q2,10643.630031488448,9.272716873083914
ALB,Albania,2015,3,2015.5,2015-Q3,10681.65011791196,9.27628260600192
ALB,Albania,2015,4,2015.75,2015-Q4,10699.580920932236,9.277959853414965
ALB,Albania,2016,1,2016.0,2016-Q1,10682.788982214952,9.27638921907973
ALB,Albania,2016,2,2016.25,2016-Q2,10461.220946762518,9.25543045611895
ALB,Albania,2016,3,2016.5,2016-Q3,10307.18994191722,9.240596983305647
ALB,Albania,2016,4,2016.75,2016-Q4,10598.089478795318,9.268429026005867
ALB,Albania,2017,1,2017.0,2017-Q1,10593.92599266776,9.268036096302062
ALB,Albania,2017,2,2017.25,2017-Q2,10401.763318790054,9.249730620641166
ALB,Albania,2017,3,2017.5,2017-Q3,10246.07223334769,9.234649714381353
ALB,Albania,2017,4,2017.75,2017-Q4,10364.164317688756,9.246109396215594
ALB,Albania,2018,1,2018.0,2018-Q1,10452.328761076904,9.254580080515984
ALB,Albania,2018,2,2018.25,2018-Q2,10486.696376160437,9.257862721013296
ALB,Albania,2018,3,2018.5,2018-Q3,10513.990396898658,9.260462068015714
ALB,Albania,2018,4,2018.75,2018-Q4,10361.979585308276,9.245898577223041
ALB,Albania,2019,1,2019.0,2019-Q1,10544.375345986293,9.263347854172643
ALB,Albania,2019,2,2019.25,2019-Q2,10314.826793212356,9.241337633625383
ALB,Albania,2019,3,2019.5,2019-Q3,10427.307091892955,9.252183325961633
ALB,Albania,2019,4,2019.75,2019-Q4,10076.288754225565,9.217940294686489
ALB,Albania,2020,1,2020.0,2020-Q1,10150.441378904025,9.22527246913077
ALB,Albania,2020,2,2020.25,2020-Q2,9757.021965939588,9.185742506405978
ALB,Albania,2020,3,2020.5,2020-Q3,10353.55457246189,9.245085176685384
ALB,Albania,2020,4,2020.75,2020-Q4,10815.858751465086,9.288768738976419
ALB,Albania,2021,1,2021.0,2021-Q1,11086.537461842196,9.313486809937736
ALB,Albania,2021,2,2021.25,2021-Q2,11229.73370060569,9.326320334237229
ALB,Albania,2021,3,2021.5,2021-Q3,10940.56716559074,9.300232917921985
ALB,Albania,2021,4,2021.75,2021-Q4,11176.627704554665,9.321580064763541
ALB,Albania,2022,1,2022.0,2022-Q1,11320.897933880968,9.334405671392293
ALB,Albania,2022,2,2022.25,2022-Q2,11112.798438890502,9.315852735604668
ALB,Albania,2022,3,2022.5,2022-Q3,11029.97938393317,9.308372243155427
ALB,Albania,2022,4,2022.75,2022-Q4,11193.146222870986,9.323056925582279
ALB,Albania,2023,1,2023.0,2023-Q1,12905.135619838098,9.465380621189947
ALB,Albania,2023,2,2023.25,2023-Q2,12930.723346743564,9.467361413491435
ALB,Albania,2023,3,2023.5,2023-Q3,13033.64940292431,9.475289707875058
ALB,Albania,2023,4,2023.75,2023-Q4,13394.631933214803,9.50260930367769
ALB,Albania,2024,1,2024.0,2024-Q1,13145.615768179512,9.483843580355868
ALB,Albania,2024,2,2024.25,2024-Q2,13207.317103520632,9.488526281016835
ALB,Albania,2024,3,2024.5,2024-Q3,13347.276345327766,9.499067623937101
ALB,Albania,2024,4,2024.75,2024-Q4,13626.625295328276,9.519780900147746
ARG,Argentina,2004,1,2004.0,2004-Q1,46899.18420578481,10.755755559950142
ARG,Argentina,2004,2,2004.25,2004-Q2,45875.25819226498,10.733681213510296
ARG,Argentina,2004,3,2004.5,2004-Q3,47253.42094044626,10.763280331157079
ARG,Argentina,2004,4,2004.75,2004-Q4,47365.31352871534,10.765645457705341
ARG,Argentina,2005,1,2005.0,2005-Q1,49652.75060076034,10.81280906775271
ARG,Argentina,2005,2,2005.25,2005-Q2,49967.96556820373,10.819137390445688
ARG,Argentina,2005,3,2005.5,2005-Q3,49035.35500392943,10.800296847607074
ARG,Argentina,2005,4,2005.75,2005-Q4,49563.79596109117,10.811015926052322
ARG,Argentina,2006,1,2006.0,2006-Q1,51396.01254381972,10.84731587146552
ARG,Argentina,2006,2,2006.25,2006-Q2,50774.488851329406,10.835149319462008
ARG,Argentina,2006,3,2006.5,2006-Q3,51375.12706813349,10.846909425141142
ARG,Argentina,2006,4,2006.75,2006-Q4,51954.55176582662,10.858124610895603
ARG,Argentina,2007,1,2007.0,2007-Q1,53498.69984752251,10.887412630673335
ARG,Argentina,2007,2,2007.25,2007-Q2,53751.32931982866,10.892123677215785
ARG,Argentina,2007,4,2007.75,2007-Q4,56417.84130688478,10.940540722691164
ARG,Argentina,2008,1,2008.0,2008-Q1,57094.26646570589,10.952458978443197
ARG,Argentina,2008,2,2008.25,2008-Q2,56958.12171373008,10.950071570010728
ARG,Argentina,2008,3,2008.5,2008-Q3,57424.52703651369,10.958226791328583
ARG,Argentina,2008,4,2008.75,2008-Q4,53674.01739809319,10.890684316069741
ARG,Argentina,2009,1,2009.0,2009-Q1,51791.339963428894,10.85497823209789
ARG,Argentina,2009,2,2009.25,2009-Q2,50882.590870358974,10.837276117911726
ARG,Argentina,2009,3,2009.5,2009-Q3,53193.62288793204,10.881693797617096
ARG,Argentina,2009,4,2009.75,2009-Q4,53417.21355189891,10.885888324163469
ARG,Argentina,2010,1,2010.0,2010-Q1,55171.16841336402,10.918195784460996
ARG,Argentina,2010,2,2010.25,2010-Q2,57184.49236273923,10.954038028070716
ARG,Argentina,2010,3,2010.5,2010-Q3,57274.019956740325,10.955602395987874
ARG,Argentina,2010,4,2010.75,2010-Q4,57981.86670391678,10.967885597609616
ARG,Argentina,2011,1,2011.0,2011-Q1,59405.7257944961,10.992145894551884
ARG,Argentina,2011,2,2011.25,2011-Q2,58689.23162023628,10.980011541291455
ARG,Argentina,2011,3,2011.5,2011-Q3,58861.05818626176,10.982934999645938
ARG,Argentina,2011,4,2011.75,2011-Q4,59111.06564150573,10.987173421764618
ARG,Argentina,2012,1,2012.0,2012-Q1,59394.907052409886,10.991963761816445
ARG,Argentina,2012,2,2012.25,2012-Q2,56504.27213703045,10.942071527320797
ARG,Argentina,2012,3,2012.5,2012-Q3,57494.46877302926,10.959444026906716
ARG,Argentina,2012,4,2012.75,2012-Q4,58585.870822490826,10.97824883424869
ARG,Argentina,2013,1,2013.0,2013-Q1,59711.80999889428,10.997285102243458
ARG,Argentina,2013,2,2013.25,2013-Q2,58769.90613957045,10.981385202524775
ARG,Argentina,2013,3,2013.5,2013-Q3,59082.196191806855,10.986684909140038
ARG,Argentina,2013,4,2013.75,2013-Q4,57848.47923251008,10.965582444160642
ARG,Argentina,2014,1,2014.0,2014-Q1,57595.91802660548,10.961206976579101
ARG,Argentina,2014,2,2014.25,2014-Q2,57210.30250422886,10.954489274859657
ARG,Argentina,2014,3,2014.5,2014-Q3,56681.43008101301,10.945201924273428
ARG,Argentina,2014,4,2014.75,2014-Q4,55834.082929312695,10.930139767088656
ARG,Argentina,2015,1,2015.0,2015-Q1,57493.32512121348,10.959424135198613
ARG,Argentina,2015,2,2015.25,2015-Q2,58483.913966664106,10.976507020478591
ARG,Argentina,2016,2,2016.25,2016-Q2,55332.59332926464,10.921117405013637
ARG,Argentina,2016,3,2016.5,2016-Q3,54887.58964501082,10.913042548118666
ARG,Argentina,2016,4,2016.75,2016-Q4,55279.31968495192,10.920154151653666
ARG,Argentina,2017,1,2017.0,2017-Q1,56361.760660059386,10.939546205057308
ARG,Argentina,2017,2,2017.25,2017-Q2,56702.26575433897,10.945569449311433
ARG,Argentina,2017,3,2017.5,2017-Q3,55929.34806973112,10.931844531565527
ARG,Argentina,2017,4,2017.75,2017-Q4,55545.17278436448,10.92495189272058
ARG,Argentina,2018,1,2018.0,2018-Q1,56014.622662173126,10.93336805459904
ARG,Argentina,2018,2,2018.25,2018-Q2,53973.11929091605,10.896241410698423
ARG,Argentina,2018,3,2018.5,2018-Q3,52994.668625945225,10.87794659551125
ARG,Argentina,2018,4,2018.75,2018-Q4,52376.99788521515,10.86622280227667
ARG,Argentina,2019,1,2019.0,2019-Q1,51736.98425307358,10.853928167475262
ARG,Argentina,2019,2,2019.25,2019-Q2,51717.09640578143,10.853543690663704
ARG,Argentina,2019,3,2019.5,2019-Q3,52238.723177387146,10.863579322177403
ARG,Argentina,2019,4,2019.75,2019-Q4,50178.21279541556,10.823336203411612
ARG,Argentina,2020,1,2020.0,2020-Q1,48815.125284183945,10.795795488166444
ARG,Argentina,2020,2,2020.25,2020-Q2,52639.71844704064,10.871226217334451
ARG,Argentina,2020,3,2020.5,2020-Q3,52352.75487323178,10.865759839044584
ARG,Argentina,2020,4,2020.75,2020-Q4,50857.06172157372,10.836774265415267
ARG,Argentina,2021,1,2021.0,2021-Q1,50610.68662814256,10.831918031160995
ARG,Argentina,2021,2,2021.25,2021-Q2,50670.58716723696,10.833100886467488
ARG,Argentina,2021,3,2021.5,2021-Q3,50023.043902346166,10.820239056285539
ARG,Argentina,2021,4,2021.75,2021-Q4,50190.59617842773,10.82358296100895
ARG,Argentina,2022,1,2022.0,2022-Q1,51664.184743823615,10.852520068863132
ARG,Argentina,2022,2,2022.25,2022-Q2,51046.20726733189,10.840486526363339
ARG,Argentina,2022,3,2022.5,2022-Q3,50953.728963402726,10.838673224655786
ARG,Argentina,2022,4,2022.75,2022-Q4,49369.8822689624,10.807095846582502
ARG,Argentina,2023,1,2023.0,2023-Q1,49491.26847666559,10.809551538586662
ARG,Argentina,2023,2,2023.25,2023-Q2,48408.1186788383,10.787422819936037
ARG,Argentina,2023,3,2023.5,2023-Q3,48413.32966577159,10.787530461104959
ARG,Argentina,2023,4,2023.75,2023-Q4,46784.46392203108,10.753306459314368
ARG,Argentina,2024,1,2024.0,2024-Q1,47381.57906322961,10.765988804789961
ARG,Argentina,2024,2,2024.25,2024-Q2,46522.54785773889,10.74769237421578
ARG,Argentina,2024,3,2024.5,2024-Q3,47915.19947943599,10.777188049963103
ARG,Argentina,2024,4,2024.75,2024-Q4,47986.55371275984,10.778676119661844
ARG,Argentina,2025,1,2025.0,2025-Q1,49660.135279335744,10.812957783169114
ARG,Argentina,2025,2,2025.25,2025-Q2,49571.42881297073,10.81116991474629
ARG,Argentina,2025,3,2025.5,2025-Q3,48557.44384723419,10.790502785287645
ARG,Argentina,2025,4,2025.75,2025-Q4,49515.60291025551,10.810043109196641
ARM,"Armenia, Republic of",2008,1,2008.0,2008-Q1,3420.2946296831306,8.137481975376192
ARM,"Armenia, Republic of",2008,2,2008.25,2008-Q2,5350.800755002312,8.58500150252225
ARM,"Armenia, Republic of",2008,3,2008.5,2008-Q3,8111.016057292394,9.00097842376169
ARM,"Armenia, Republic of",2008,4,2008.75,2008-Q4,7228.403770585998,8.885773512158812
ARM,"Armenia, Republic of",2009,1,2009.0,2009-Q1,3630.5366041354096,8.197135741164574
ARM,"Armenia, Republic of",2009,2,2009.25,2009-Q2,4797.1415590451625,8.475775510978092
ARM,"Armenia, Republic of",2009,3,2009.5,2009-Q3,7344.180566895063,8.901663518993587
ARM,"Armenia, Republic of",2009,4,2009.75,2009-Q4,6606.362780275854,8.795788521226978
ARM,"Armenia, Republic of",2010,1,2010.0,2010-Q1,3928.137121745097,8.275920577659635
ARM,"Armenia, Republic of",2010,2,2010.25,2010-Q2,4886.465271237121,8.494224472670266
ARM,"Armenia, Republic of",2010,3,2010.5,2010-Q3,6589.992979615603,8.793307562187275
ARM,"Armenia, Republic of",2010,4,2010.75,2010-Q4,7033.097105528708,8.858382443340343
ARM,"Armenia, Republic of",2011,1,2011.0,2011-Q1,4275.032482563602,8.360546979602486
ARM,"Armenia, Republic of",2011,2,2011.25,2011-Q2,5516.051665350861,8.615417605321623
ARM,"Armenia, Republic of",2011,3,2011.5,2011-Q3,7683.838753993647,8.946874539024025
ARM,"Armenia, Republic of",2011,4,2011.75,2011-Q4,8672.503956203185,9.06791283502174
ARM,"Armenia, Republic of",2012,1,2012.0,2012-Q1,4756.218592875776,8.467208218250644
ARM,"Armenia, Republic of",2012,2,2012.25,2012-Q2,6373.778108711344,8.759947682433983
ARM,"Armenia, Republic of",2012,3,2012.5,2012-Q3,8957.080579749789,9.100199624722524
ARM,"Armenia, Republic of",2012,4,2012.75,2012-Q4,9008.210887154422,9.10589176120162
ARM,"Armenia, Republic of",2013,1,2013.0,2013-Q1,5572.173099287456,8.62554040033379
ARM,"Armenia, Republic of",2013,2,2013.25,2013-Q2,6789.433971482019,8.823122854998699
ARM,"Armenia, Republic of",2013,3,2013.5,2013-Q3,9552.85161034404,9.164594986845067
ARM,"Armenia, Republic of",2013,4,2013.75,2013-Q4,10032.743986626943,9.213609421469272
AUS,Australia,1978,2,1978.25,1978-Q2,63436.42261651027,11.057793464688965
AUS,Australia,1978,3,1978.5,1978-Q3,64607.776257882186,11.076090058035156
AUS,Australia,1978,4,1978.75,1978-Q4,64632.10614013228,11.076466565380814
AUS,Australia,1979,1,1979.0,1979-Q1,66736.52840535213,11.108507734251102
AUS,Australia,1979,2,1979.25,1979-Q2,65151.74347485828,11.084474343129049
AUS,Australia,1979,3,1979.5,1979-Q3,65464.9437457734,11.089270068359161
AUS,Australia,1979,4,1979.75,1979-Q4,65755.11634994333,11.093692762220828
AUS,Australia,1980,1,1980.0,1980-Q1,66110.80613037529,11.09908749402692
AUS,Australia,1980,2,1980.25,1980-Q2,65673.43932685938,11.092449850691015
AUS,Australia,1980,3,1980.5,1980-Q3,65376.64358161371,11.087920341878942
AUS,Australia,1980,4,1980.75,1980-Q4,66028.03682185974,11.097834731137654
AUS,Australia,1981,1,1981.0,1981-Q1,66462.34021091642,11.10439075361059
AUS,Australia,1981,2,1981.25,1981-Q2,66738.8818232157,11.108542997942891
AUS,Australia,1981,3,1981.5,1981-Q3,67842.72409348206,11.124947424339473
AUS,Australia,1981,4,1981.75,1981-Q4,67338.66566949489,11.117489877690934
AUS,Australia,1982,1,1982.0,1982-Q1,67155.49053785572,11.114765963878417
AUS,Australia,1982,2,1982.25,1982-Q2,67743.7062291826,11.12348683744052
AUS,Australia,1982,3,1982.5,1982-Q3,67428.27637923641,11.118819739771142
AUS,Australia,1982,4,1982.75,1982-Q4,66655.7480841631,11.107296564711309
AUS,Australia,1983,1,1983.0,1983-Q1,67467.20384956931,11.119396889892814
AUS,Australia,1983,2,1983.25,1983-Q2,67155.61498942338,11.114767817061997
AUS,Australia,1983,3,1983.5,1983-Q3,68657.26344578918,11.136882209616589
AUS,Australia,1983,4,1983.75,1983-Q4,68805.41580423444,11.139037738908131
AUS,Australia,1984,1,1984.0,1984-Q1,70676.76852395937,11.165872205580293
AUS,Australia,1984,2,1984.25,1984-Q2,70226.9041016096,11.159486765903322
AUS,Australia,1984,3,1984.5,1984-Q3,70482.75632633144,11.16312336776721
AUS,Australia,1984,4,1984.75,1984-Q4,70223.95070010002,11.159444709890003
AUS,Australia,1985,1,1985.0,1985-Q1,71482.76621353571,11.1772116676507
AUS,Australia,1985,2,1985.25,1985-Q2,72346.32274935649,11.189219904912479
AUS,Australia,1985,3,1985.5,1985-Q3,72231.71507134942,11.187634495347647
AUS,Australia,1985,4,1985.75,1985-Q4,70726.37751825308,11.166573873085119
AUS,Australia,1986,1,1986.0,1986-Q1,71169.71791120908,11.172822696694189
AUS,Australia,1986,2,1986.25,1986-Q2,69662.93438985143,11.15142366749232
AUS,Australia,1986,3,1986.5,1986-Q3,69958.70087917843,11.155660359480112
AUS,Australia,1986,4,1986.75,1986-Q4,70330.69333247957,11.160963587528455
AUS,Australia,1987,1,1987.0,1987-Q1,71452.99865644235,11.17679515107697
AUS,Australia,1987,2,1987.25,1987-Q2,71624.23360214871,11.179188753815273
AUS,Australia,1987,3,1987.5,1987-Q3,72533.41393036961,11.191802616467573
AUS,Australia,1987,4,1987.75,1987-Q4,73187.4295352672,11.200778957542235
AUS,Australia,1988,1,1988.0,1988-Q1,73083.66622905413,11.19936017657151
AUS,Australia,1988,2,1988.25,1988-Q2,72154.71681515788,11.18656793718862
AUS,Australia,1988,3,1988.5,1988-Q3,72332.38984173194,11.189027300106726
AUS,Australia,1988,4,1988.75,1988-Q4,72311.44163340768,11.188737647817277
AUS,Australia,1989,1,1989.0,1989-Q1,72934.8259511995,11.197321526162487
AUS,Australia,1989,2,1989.25,1989-Q2,72941.56059178978,11.1974138596889
AUS,Australia,1989,3,1989.5,1989-Q3,72973.23204435411,11.197847968561476
AUS,Australia,1989,4,1989.75,1989-Q4,71831.14380409199,11.18207341870779
AUS,Australia,1990,1,1990.0,1990-Q1,73051.83072263998,11.198924478091923
AUS,Australia,1990,2,1990.25,1990-Q2,72183.43297815339,11.186965838414533
AUS,Australia,1990,3,1990.5,1990-Q3,72003.67478421872,11.184472435365468
AUS,Australia,1990,4,1990.75,1990-Q4,72527.92867781532,11.191726989805662
AUS,Australia,1991,1,1991.0,1991-Q1,73251.84294792272,11.201658686261418
AUS,Australia,1991,2,1991.25,1991-Q2,72988.22697905527,11.198053432864919
AUS,Australia,1991,3,1991.5,1991-Q3,73908.56237009904,11.210583964501936
AUS,Australia,1991,4,1991.75,1991-Q4,73801.67982390831,11.209136772171092
AUS,Australia,1992,1,1992.0,1992-Q1,75053.01467875016,11.225950005192235
AUS,Australia,1992,2,1992.25,1992-Q2,75094.91423685027,11.226508115576978
AUS,Australia,1992,3,1992.5,1992-Q3,75566.71314405755,11.23277116287881
AUS,Australia,1992,4,1992.75,1992-Q4,77299.85883067262,11.255447408321228
AUS,Australia,1993,1,1993.0,1993-Q1,78646.46811904035,11.272718001172198
AUS,Australia,1993,2,1993.25,1993-Q2,78708.67428618706,11.273508647978352
AUS,Australia,1993,3,1993.5,1993-Q3,78246.66886081528,11.267621537027438
AUS,Australia,1993,4,1993.75,1993-Q4,78513.87867887015,11.271030686600438
AUS,Australia,1994,1,1994.0,1994-Q1,80222.21661181054,11.292555770602862
AUS,Australia,1994,2,1994.25,1994-Q2,79953.20234543856,11.289196771811898
AUS,Australia,1994,3,1994.5,1994-Q3,79482.26429528395,11.283289185128648
AUS,Australia,1994,4,1994.75,1994-Q4,79531.92604499111,11.283913805500145
AUS,Australia,1995,1,1995.0,1995-Q1,79590.16899531426,11.284645859121103
AUS,Australia,1995,2,1995.25,1995-Q2,78507.49837124987,11.270949419861557
AUS,Australia,1995,3,1995.5,1995-Q3,79817.3556620968,11.287496249290447
AUS,Australia,1995,4,1995.75,1995-Q4,79090.18688588144,11.27834408646277
AUS,Australia,1996,1,1996.0,1996-Q1,81058.47811980604,11.302926125268895
AUS,Australia,1996,2,1996.25,1996-Q2,81043.32925008712,11.302739219644476
AUS,Australia,1996,3,1996.5,1996-Q3,81330.33641530784,11.306274367575577
AUS,Australia,1996,4,1996.75,1996-Q4,81772.24800776753,11.31169319861826
AUS,Australia,1997,1,1997.0,1997-Q1,82986.77830596689,11.326436576571066
AUS,Australia,1997,2,1997.25,1997-Q2,84972.76153621757,11.350086031601487
AUS,Australia,1997,3,1997.5,1997-Q3,84830.74319058239,11.348413293703901
AUS,Australia,1997,4,1997.75,1997-Q4,84998.12250055431,11.350384446999731
AUS,Australia,1998,1,1998.0,1998-Q1,86199.7740291431,11.36442283517669
AUS,Australia,1998,2,1998.25,1998-Q2,86111.45425020938,11.363397715832466
AUS,Australia,1998,3,1998.5,1998-Q3,87196.5558379249,11.375920111845529
AUS,Australia,1998,4,1998.75,1998-Q4,87851.63914991284,11.383404751949005
AUS,Australia,1999,1,1999.0,1999-Q1,89193.98180525184,11.398568847741007
AUS,Australia,1999,2,1999.25,1999-Q2,88645.94752446123,11.392405597253427
AUS,Australia,1999,3,1999.5,1999-Q3,89015.88816652176,11.396570151506669
AUS,Australia,1999,4,1999.75,1999-Q4,89386.56107102237,11.400725626271528
AUS,Australia,2000,1,2000.0,2000-Q1,90445.89032318334,11.41250705389494
AUS,Australia,2000,2,2000.25,2000-Q2,89775.44505346575,11.405066776514085
AUS,Australia,2000,3,2000.5,2000-Q3,88940.23635094672,11.395719921481291
AUS,Australia,2000,4,2000.75,2000-Q4,88735.37314175373,11.393413884084676
AUS,Australia,2001,1,2001.0,2001-Q1,90358.94558450003,11.411545301462285
AUS,Australia,2001,2,2001.25,2001-Q2,90032.04371598036,11.407920927233414
AUS,Australia,2001,3,2001.5,2001-Q3,90788.42310498597,11.41628705761695
AUS,Australia,2001,4,2001.75,2001-Q4,91312.58040924824,11.422043849086762
AUS,Australia,2002,1,2002.0,2002-Q1,92287.09632161024,11.432659609218456
AUS,Australia,2002,2,2002.25,2002-Q2,93103.95082514948,11.441471898725121
AUS,Australia,2002,3,2002.5,2002-Q3,92632.60578998562,11.436396473019252
AUS,Australia,2002,4,2002.75,2002-Q4,92312.5273568831,11.43293513562449
AUS,Australia,2003,1,2003.0,2003-Q1,92395.55091253156,11.433834106173235
AUS,Australia,2003,2,2003.25,2003-Q2,92444.21527466776,11.434360663464066
AUS,Australia,2003,3,2003.5,2003-Q3,93800.8880030909,11.448929601933417
AUS,Australia,2003,4,2003.75,2003-Q4,94475.71710664708,11.456098118627063
AUS,Australia,2004,1,2004.0,2004-Q1,95674.49128657748,11.468706993181021
AUS,Australia,2004,2,2004.25,2004-Q2,95438.55373755709,11.466237903027025
AUS,Australia,2004,3,2004.5,2004-Q3,95752.08037261906,11.469517633936043
AUS,Australia,2004,4,2004.75,2004-Q4,95022.10397508478,11.461864816940361
AUS,Australia,2005,1,2005.0,2005-Q1,95527.17940615542,11.467166087089183
AUS,Australia,2005,2,2005.25,2005-Q2,94686.85096806526,11.458330420199657
AUS,Australia,2005,3,2005.5,2005-Q3,95120.37954196356,11.462898521495092
AUS,Australia,2005,4,2005.75,2005-Q4,95306.6478740354,11.464854844544467
AUS,Australia,2006,1,2006.0,2006-Q1,95754.6599466059,11.46954457370832
AUS,Australia,2006,2,2006.25,2006-Q2,94784.0587338012,11.459356517286727
AUS,Australia,2006,3,2006.5,2006-Q3,95161.76089653451,11.46333346883306
AUS,Australia,2006,4,2006.75,2006-Q4,95578.71008395326,11.467705376372043
AUS,Australia,2007,1,2007.0,2007-Q1,97008.13194572748,11.482550088463642
AUS,Australia,2007,2,2007.25,2007-Q2,96310.74108231052,11.475335129285044
AUS,Australia,2007,3,2007.5,2007-Q3,96692.8935973306,11.479295189571644
AUS,Australia,2007,4,2007.75,2007-Q4,96074.09640635668,11.472875010302756
AUS,Australia,2008,1,2008.0,2008-Q1,96972.45531627076,11.482182251347952
AUS,Australia,2008,2,2008.25,2008-Q2,96370.40561735311,11.475954437795208
AUS,Australia,2008,3,2008.5,2008-Q3,96464.24827470128,11.476927734480864
AUS,Australia,2008,4,2008.75,2008-Q4,95591.18610431546,11.467835899227667
AUS,Australia,2009,1,2009.0,2009-Q1,97309.9369533417,11.485656389920868
AUS,Australia,2009,2,2009.25,2009-Q2,97583.80338862518,11.488466809743107
AUS,Australia,2009,3,2009.5,2009-Q3,97743.13649519504,11.490098260499517
AUS,Australia,2009,4,2009.75,2009-Q4,97665.22813858947,11.4893008702662
AUS,Australia,2010,1,2010.0,2010-Q1,98286.83959646964,11.49564541717731
AUS,Australia,2010,2,2010.25,2010-Q2,98080.14001544584,11.493540178732701
AUS,Australia,2010,3,2010.5,2010-Q3,97968.90458995456,11.492405407199875
AUS,Australia,2010,4,2010.75,2010-Q4,97596.6065021116,11.488598002351134
AUS,Australia,2011,1,2011.0,2011-Q1,97742.82274302242,11.490095050528081
AUS,Australia,2011,2,2011.25,2011-Q2,98419.22308687885,11.496991420534707
AUS,Australia,2011,3,2011.5,2011-Q3,99563.3945943591,11.508549851866114
AUS,Australia,2011,4,2011.75,2011-Q4,100083.3689115154,11.51375880675964
AUS,Australia,2012,1,2012.0,2012-Q1,101549.72968187946,11.528303905083565
AUS,Australia,2012,2,2012.25,2012-Q2,101238.0550375024,11.525230003070947
AUS,Australia,2012,3,2012.5,2012-Q3,101805.1772186768,11.530816238570397
AUS,Australia,2012,4,2012.75,2012-Q4,101610.13313503737,11.528898544734332
AUS,Australia,2013,1,2013.0,2013-Q1,102573.36887311908,11.53833361538643
AUS,Australia,2013,2,2013.25,2013-Q2,102066.67512683968,11.533381556426304
AUS,Australia,2013,3,2013.5,2013-Q3,103146.89484529562,11.54390941475298
AUS,Australia,2013,4,2013.75,2013-Q4,103693.84510744864,11.54919803958682
AUS,Australia,2014,1,2014.0,2014-Q1,104956.76863650684,11.561303817085351
AUS,Australia,2014,2,2014.25,2014-Q2,104432.93371037426,11.556300361680501
AUS,Australia,2014,3,2014.5,2014-Q3,104893.12274457856,11.560697232126351
AUS,Australia,2014,4,2014.75,2014-Q4,104679.87633965028,11.558662175325562
AUS,Australia,2015,1,2015.0,2015-Q1,105577.34643352746,11.567199104831296
AUS,Australia,2015,2,2015.25,2015-Q2,104612.25911728403,11.558016023719613
AUS,Australia,2015,3,2015.5,2015-Q3,105683.84816146312,11.568207351870342
AUS,Australia,2015,4,2015.75,2015-Q4,104574.93407304384,11.557659165882697
AUS,Australia,2016,1,2016.0,2016-Q1,105972.03272592276,11.57093049607345
AUS,Australia,2016,2,2016.25,2016-Q2,105824.671073362,11.56953895717132
AUS,Australia,2016,3,2016.5,2016-Q3,106233.49483700268,11.573394732009172
AUS,Australia,2016,4,2016.75,2016-Q4,106561.78951575844,11.576480279136947
AUS,Australia,2017,1,2017.0,2017-Q1,107269.82408993486,11.583102659708848
AUS,Australia,2017,2,2017.25,2017-Q2,106107.192043728,11.572205107825267
AUS,Australia,2017,3,2017.5,2017-Q3,106672.1738076847,11.57751561422209
AUS,Australia,2017,4,2017.75,2017-Q4,105686.376288441,11.568231273186456
AUS,Australia,2018,1,2018.0,2018-Q1,106639.8133545128,11.577212204612056
AUS,Australia,2018,2,2018.25,2018-Q2,106320.50735854029,11.574213465371042
AUS,Australia,2018,3,2018.5,2018-Q3,106646.591864807,11.577275767128285
AUS,Australia,2018,4,2018.75,2018-Q4,105536.48201138726,11.566811973178657
AUS,Australia,2019,1,2019.0,2019-Q1,106510.01238087004,11.57599427267859
AUS,Australia,2019,2,2019.25,2019-Q2,105522.48285632978,11.566679316836986
AUS,Australia,2019,3,2019.5,2019-Q3,106050.34469324784,11.571669210277484
AUS,Australia,2019,4,2019.75,2019-Q4,105803.73387157956,11.569341089575463
AUS,Australia,2020,1,2020.0,2020-Q1,105947.33684268444,11.570697427398317
AUS,Australia,2020,2,2020.25,2020-Q2,103797.95874029596,11.550201584205492
AUS,Australia,2020,3,2020.5,2020-Q3,105669.12225941842,11.56806800296941
AUS,Australia,2020,4,2020.75,2020-Q4,106447.00964650347,11.575402578301905
AUS,Australia,2021,1,2021.0,2021-Q1,108234.05611215498,11.592051347369317
AUS,Australia,2021,2,2021.25,2021-Q2,107405.27445852154,11.584364570265564
AUS,Australia,2021,3,2021.5,2021-Q3,106703.60670540675,11.577810239018529
AUS,Australia,2021,4,2021.75,2021-Q4,109022.80265222324,11.599312337976546
AUS,Australia,2022,1,2022.0,2022-Q1,108380.38201551384,11.593402373892578
AUS,Australia,2022,2,2022.25,2022-Q2,107495.13086342244,11.585200831230292
AUS,Australia,2022,3,2022.5,2022-Q3,107604.92660572293,11.586221711960201
AUS,Australia,2022,4,2022.75,2022-Q4,106924.15154777686,11.579874998041666
AUS,Australia,2023,1,2023.0,2023-Q1,107502.67700255956,11.585271028589187
AUS,Australia,2023,2,2023.25,2023-Q2,106283.86920335754,11.573868804963405
AUS,Australia,2023,3,2023.5,2023-Q3,106625.82191171196,11.577080993197677
AUS,Australia,2023,4,2023.75,2023-Q4,105137.58580217887,11.563025112365272
AUS,Australia,2024,1,2024.0,2024-Q1,106274.6691434015,11.573782240010209
AUS,Australia,2024,2,2024.25,2024-Q2,104753.36798072574,11.55936398982813
AUS,Australia,2024,3,2024.5,2024-Q3,104832.81999050642,11.560122169690608
AUS,Australia,2024,4,2024.75,2024-Q4,104100.81363957674,11.553115070514655
AUS,Australia,2025,1,2025.0,2025-Q1,105207.23524430522,11.563687353007332
AUS,Australia,2025,2,2025.25,2025-Q2,104885.73866100793,11.560626833388135
AUS,Australia,2025,3,2025.5,2025-Q3,105928.2694942823,11.570517441143332
AUS,Australia,2025,4,2025.75,2025-Q4,106030.69232879252,11.571483881454242
AUS,Australia,2026,1,2026.0,2026-Q1,106393.73484609,11.574901971130538
AUT,Austria,1995,1,1995.0,1995-Q1,71628.75509706113,11.179251879826884
AUT,Austria,1996,1,1996.0,1996-Q1,74740.43557191713,11.221776530851194
AUT,Austria,1997,1,1997.0,1997-Q1,76914.91548702276,11.25045509620517
AUT,Austria,1998,1,1998.0,1998-Q1,78740.69955949514,11.273915448881619
AUT,Austria,1999,1,1999.0,1999-Q1,79894.8128370723,11.288466208959472
AUT,Austria,1999,2,1999.25,1999-Q2,80477.0450517789,11.295727268106054
AUT,Austria,1999,3,1999.5,1999-Q3,80962.08737230976,11.301736266949666
AUT,Austria,1999,4,1999.75,1999-Q4,82494.66652875961,11.320488922096745
AUT,Austria,2000,1,2000.0,2000-Q1,82536.62102924583,11.320997365095776
AUT,Austria,2000,2,2000.25,2000-Q2,82810.91576642763,11.324315164612024
AUT,Austria,2000,3,2000.5,2000-Q3,83462.06073919109,11.332147445180174
AUT,Austria,2000,4,2000.75,2000-Q4,84338.06534230369,11.342588588245702
AUT,Austria,2001,1,2001.0,2001-Q1,84629.98703956332,11.346043939521795
AUT,Austria,2001,2,2001.25,2001-Q2,83319.76710209688,11.33044110014893
AUT,Austria,2001,3,2001.5,2001-Q3,83433.00582785389,11.331799263388724
AUT,Austria,2001,4,2001.75,2001-Q4,83775.22636595013,11.33589261467229
AUT,Austria,2002,1,2002.0,2002-Q1,86554.18743760341,11.368525941150963
AUT,Austria,2002,2,2002.25,2002-Q2,85645.5074570001,11.357972050035672
AUT,Austria,2002,3,2002.5,2002-Q3,85155.84373250033,11.352238312420672
AUT,Austria,2002,4,2002.75,2002-Q4,84956.55761927672,11.349895317991022
AUT,Austria,2003,1,2003.0,2003-Q1,84951.13713422907,11.349831512934314
AUT,Austria,2003,2,2003.25,2003-Q2,84290.42761902181,11.342023586166722
AUT,Austria,2003,3,2003.5,2003-Q3,84290.44419879653,11.342023782864894
AUT,Austria,2003,4,2003.75,2003-Q4,85202.21878720938,11.352782754581714
AUT,Austria,2004,1,2004.0,2004-Q1,89941.61239844354,11.406915987653925
AUT,Austria,2004,2,2004.25,2004-Q2,89093.58719168667,11.397442637711432
AUT,Austria,2004,3,2004.5,2004-Q3,88765.52550875445,11.393753627348174
AUT,Austria,2004,4,2004.75,2004-Q4,89861.14287819386,11.406020900974097
AUT,Austria,2005,1,2005.0,2005-Q1,90683.6818975858,11.415132706990669
AUT,Austria,2005,2,2005.25,2005-Q2,90023.8074592547,11.40782944165627
AUT,Austria,2005,3,2005.5,2005-Q3,88159.80839405148,11.38690645099567
AUT,Austria,2005,4,2005.75,2005-Q4,90497.1837004116,11.413074009871332
AUT,Austria,2006,1,2006.0,2006-Q1,92187.09675670163,11.431575451342116
AUT,Austria,2006,2,2006.25,2006-Q2,90707.492417726,11.415395239281635
AUT,Austria,2006,3,2006.5,2006-Q3,89319.64883985867,11.399976774462473
AUT,Austria,2006,4,2006.75,2006-Q4,91927.33292027292,11.428753684365507
AUT,Austria,2007,1,2007.0,2007-Q1,93120.17458170616,11.441646137767053
AUT,Austria,2007,2,2007.25,2007-Q2,92368.66563272152,11.433543083587775
AUT,Austria,2007,3,2007.5,2007-Q3,90760.10924392848,11.415975142550264
AUT,Austria,2007,4,2007.75,2007-Q4,92004.12706858544,11.429588714466169
AUT,Austria,2008,1,2008.0,2008-Q1,94264.88482896802,11.453864022060571
AUT,Austria,2008,2,2008.25,2008-Q2,92231.51731359724,11.432057187505016
AUT,Austria,2008,3,2008.5,2008-Q3,90789.41215836404,11.416297951604937
AUT,Austria,2008,4,2008.75,2008-Q4,89491.54940688476,11.401899479770288
AUT,Austria,2009,1,2009.0,2009-Q1,89910.1554740034,11.406566178195469
AUT,Austria,2009,2,2009.25,2009-Q2,88468.41593899857,11.390400885253255
AUT,Austria,2009,3,2009.5,2009-Q3,87725.29996989059,11.38196561988006
AUT,Austria,2009,4,2009.75,2009-Q4,88577.49975717615,11.391633151262353
AUT,Austria,2010,1,2010.0,2010-Q1,89323.73442890166,11.400022514628931
AUT,Austria,2010,2,2010.25,2010-Q2,89326.42819583234,11.40005267152206
AUT,Austria,2010,3,2010.5,2010-Q3,88754.31696042306,11.393627347962271
AUT,Austria,2010,4,2010.75,2010-Q4,90279.62685420291,11.41066709771738
AUT,Austria,2011,1,2011.0,2011-Q1,92482.85471777462,11.43477855191783
AUT,Austria,2011,2,2011.25,2011-Q2,91102.7209491762,11.419742950520748
AUT,Austria,2011,3,2011.5,2011-Q3,89989.08424608366,11.407443655802016
AUT,Austria,2011,4,2011.75,2011-Q4,91810.54266572188,11.427482413867711
AUT,Austria,2012,1,2012.0,2012-Q1,92846.63748176007,11.438704351604466
AUT,Austria,2012,2,2012.25,2012-Q2,91092.3780827537,11.419629414355521
AUT,Austria,2012,3,2012.5,2012-Q3,90459.75508194148,11.412660335554605
AUT,Austria,2012,4,2012.75,2012-Q4,90741.84367341426,11.41577387121095
AUT,Austria,2013,1,2013.0,2013-Q1,91607.45331192772,11.425267915386168
AUT,Austria,2013,2,2013.25,2013-Q2,90303.62064704575,11.410932834360352
AUT,Austria,2013,3,2013.5,2013-Q3,89403.5203835592,11.400915338278478
AUT,Austria,2013,4,2013.75,2013-Q4,90894.50031053313,11.417454775700813
AUT,Austria,2014,1,2014.0,2014-Q1,92033.976296537,11.429913095424975
AUT,Austria,2014,2,2014.25,2014-Q2,91004.20212863616,11.41866096167061
AUT,Austria,2014,3,2014.5,2014-Q3,90206.05318164753,11.40985181224303
AUT,Austria,2014,4,2014.75,2014-Q4,91378.91015652409,11.42276998854717
AUT,Austria,2015,1,2015.0,2015-Q1,92460.6285606031,11.43453819570863
AUT,Austria,2015,2,2015.25,2015-Q2,91864.61258537996,11.428071169828156
AUT,Austria,2015,3,2015.5,2015-Q3,90421.01727108324,11.412232011294968
AUT,Austria,2015,4,2015.75,2015-Q4,91381.41184276134,11.42279736523605
AUT,Austria,2016,1,2016.0,2016-Q1,93194.04489936524,11.442439102702693
AUT,Austria,2016,2,2016.25,2016-Q2,91690.65276434438,11.426175720272006
AUT,Austria,2016,3,2016.5,2016-Q3,90646.97104540298,11.414727801895049
AUT,Austria,2016,4,2016.75,2016-Q4,92154.2809913068,11.43121941878836
AUT,Austria,2017,1,2017.0,2017-Q1,94275.6747535607,11.453978479391433
AUT,Austria,2017,2,2017.25,2017-Q2,92900.98797466735,11.43928955956419
AUT,Austria,2017,3,2017.5,2017-Q3,92483.29277980492,11.43478328859031
AUT,Austria,2017,4,2017.75,2017-Q4,93294.85282609909,11.443520217318975
AUT,Austria,2018,1,2018.0,2018-Q1,94646.99888050412,11.457909448585953
AUT,Austria,2018,2,2018.25,2018-Q2,94019.9605699946,11.45126238519912
AUT,Austria,2018,3,2018.5,2018-Q3,93304.04415681804,11.443618731628277
AUT,Austria,2018,4,2018.75,2018-Q4,94589.7767560337,11.457304681082153
AUT,Austria,2019,1,2019.0,2019-Q1,96671.92330213026,11.479078290803619
AUT,Austria,2019,2,2019.25,2019-Q2,95097.93856765986,11.46266257182809
AUT,Austria,2019,3,2019.5,2019-Q3,94260.26201742596,11.453814980204667
AUT,Austria,2019,4,2019.75,2019-Q4,93779.66816265932,11.448703354171325
AUT,Austria,2020,1,2020.0,2020-Q1,94840.1652795487,11.459948282897653
AUT,Austria,2020,2,2020.25,2020-Q2,82879.30093051768,11.325140622739081
AUT,Austria,2020,3,2020.5,2020-Q3,90871.87872609118,11.417205867352871
AUT,Austria,2020,4,2020.75,2020-Q4,90266.44595120291,11.410521086200003
AUT,Austria,2021,1,2021.0,2021-Q1,92339.33706267863,11.433225516726985
AUT,Austria,2021,2,2021.25,2021-Q2,95284.90697892215,11.46462670332148
AUT,Austria,2021,3,2021.5,2021-Q3,94848.22226763588,11.460033232621738
AUT,Austria,2021,4,2021.75,2021-Q4,95392.73241496483,11.465757674397887
AUT,Austria,2022,1,2022.0,2022-Q1,95980.85666111376,11.471904040785134
AUT,Austria,2022,2,2022.25,2022-Q2,97333.6338432146,11.48589988000783
AUT,Austria,2022,3,2022.5,2022-Q3,96188.10872308834,11.474061019066353
AUT,Austria,2022,4,2022.75,2022-Q4,96712.2369189166,11.47949521861533
AUT,Austria,2023,1,2023.0,2023-Q1,97628.54733926132,11.488925222863514
AUT,Austria,2023,2,2023.25,2023-Q2,95145.60818877647,11.463163714946235
AUT,Austria,2023,3,2023.5,2023-Q3,93588.108768384,11.446658611322208
AUT,Austria,2023,4,2023.75,2023-Q4,93849.25599882136,11.44944511442672
AUT,Austria,2024,1,2024.0,2024-Q1,95172.34558026848,11.46344469097754
AUT,Austria,2024,2,2024.25,2024-Q2,94082.18620131328,11.45192400054649
AUT,Austria,2024,3,2024.5,2024-Q3,92950.23501343434,11.439819521531916
AUT,Austria,2024,4,2024.75,2024-Q4,94328.19901419595,11.45453545906469
AUT,Austria,2025,1,2025.0,2025-Q1,95669.93256381644,11.468659343788683
AUT,Austria,2025,2,2025.25,2025-Q2,94659.84738169715,11.458045191180227
AUT,Austria,2025,3,2025.5,2025-Q3,94090.61863317412,11.452013624888052
AUT,Austria,2025,4,2025.75,2025-Q4,94753.70525347744,11.459036227757668
AUT,Austria,2026,1,2026.0,2026-Q1,95874.38981043748,11.470794174221012
BEL,Belgium,1995,2,1995.25,1995-Q2,83943.82455629538,11.337903098826692
BEL,Belgium,1996,2,1996.25,1996-Q2,85141.18255141252,11.352066128778432
BEL,Belgium,1997,2,1997.25,1997-Q2,87329.52009957522,11.377443830139905
BEL,Belgium,1998,2,1998.25,1998-Q2,88673.51253766187,11.392716505186634
BEL,Belgium,1999,1,1999.0,1999-Q1,87075.8157012622,11.37453446299121
BEL,Belgium,1999,2,1999.25,1999-Q2,88306.58862402584,11.388570000162023
BEL,Belgium,1999,3,1999.5,1999-Q3,88531.84312567327,11.391117575609808
BEL,Belgium,1999,4,1999.75,1999-Q4,90071.56310463784,11.4083597789587
BEL,Belgium,2000,1,2000.0,2000-Q1,89977.56653145161,11.407315657480126
BEL,Belgium,2000,2,2000.25,2000-Q2,88984.13426211078,11.396213366105021
BEL,Belgium,2000,3,2000.5,2000-Q3,89143.16400473267,11.39799894065111
BEL,Belgium,2000,4,2000.75,2000-Q4,91387.0909919036,11.422859511055007
BEL,Belgium,2001,1,2001.0,2001-Q1,91629.4803246984,11.425508336489486
BEL,Belgium,2001,2,2001.25,2001-Q2,92166.75731971153,11.431354794853274
BEL,Belgium,2001,3,2001.5,2001-Q3,90808.5771626999,11.41650902227239
BEL,Belgium,2001,4,2001.75,2001-Q4,92160.02070062012,11.431281700545796
BEL,Belgium,2002,1,2002.0,2002-Q1,92554.7716131622,11.435555873811055
BEL,Belgium,2002,2,2002.25,2002-Q2,93163.05717887236,11.442106539892551
BEL,Belgium,2002,3,2002.5,2002-Q3,92499.73906344488,11.434961102560807
BEL,Belgium,2002,4,2002.75,2002-Q4,93483.59041245306,11.44554119626409
BEL,Belgium,2003,1,2003.0,2003-Q1,94359.33555551236,11.454865491906233
BEL,Belgium,2003,2,2003.25,2003-Q2,93915.55075043344,11.450151261180359
BEL,Belgium,2003,3,2003.5,2003-Q3,93882.02477209212,11.449794217394206
BEL,Belgium,2003,4,2003.75,2003-Q4,93364.86362460768,11.444270360982781
BEL,Belgium,2004,1,2004.0,2004-Q1,95066.66435569285,11.462333654545187
BEL,Belgium,2004,2,2004.25,2004-Q2,95208.17898448916,11.463821130791704
BEL,Belgium,2004,3,2004.5,2004-Q3,96176.64479231564,11.473941829551883
BEL,Belgium,2004,4,2004.75,2004-Q4,96018.30886006117,11.472294169558046
BEL,Belgium,2005,1,2005.0,2005-Q1,95216.06517765422,11.463903958408578
BEL,Belgium,2005,2,2005.25,2005-Q2,95887.07039881231,11.470926427994836
BEL,Belgium,2005,3,2005.5,2005-Q3,95555.89452002948,11.467466638189814
BEL,Belgium,2005,4,2005.75,2005-Q4,95780.623836892,11.469815687102493
BEL,Belgium,2006,1,2006.0,2006-Q1,97731.8303305365,11.48998258159848
BEL,Belgium,2006,2,2006.25,2006-Q2,97856.70330363724,11.491259476391312
BEL,Belgium,2006,3,2006.5,2006-Q3,97344.19848908602,11.48600841466486
BEL,Belgium,2006,4,2006.75,2006-Q4,96668.96849573232,11.479047725035862
BEL,Belgium,2007,1,2007.0,2007-Q1,98215.25081981262,11.494916785948272
BEL,Belgium,2007,2,2007.25,2007-Q2,98706.29999039472,11.499904053074461
BEL,Belgium,2007,3,2007.5,2007-Q3,98584.6730021642,11.498671082282195
BEL,Belgium,2007,4,2007.75,2007-Q4,97732.43536201648,11.489988772310404
BEL,Belgium,2008,1,2008.0,2008-Q1,97957.5328519341,11.492289325488988
BEL,Belgium,2008,2,2008.25,2008-Q2,98786.62403534653,11.500717490313058
BEL,Belgium,2008,3,2008.5,2008-Q3,97140.7611479936,11.483916351446489
BEL,Belgium,2008,4,2008.75,2008-Q4,95233.58218319665,11.464087912601558
BEL,Belgium,2009,1,2009.0,2009-Q1,95076.80298791527,11.462440296465351
BEL,Belgium,2009,2,2009.25,2009-Q2,95707.17980754792,11.469048598739185
BEL,Belgium,2009,3,2009.5,2009-Q3,96619.43221690346,11.478535161635982
BEL,Belgium,2009,4,2009.75,2009-Q4,96451.63065329385,11.476796924912511
BEL,Belgium,2010,1,2010.0,2010-Q1,96484.55011047036,11.477138172027134
BEL,Belgium,2010,2,2010.25,2010-Q2,97962.23673924354,11.492337343994931
BEL,Belgium,2010,3,2010.5,2010-Q3,97359.82070042638,11.486168886045357
BEL,Belgium,2010,4,2010.75,2010-Q4,96500.22140901432,11.477300581718376
BEL,Belgium,2011,1,2011.0,2011-Q1,99355.5936133687,11.50646054849238
BEL,Belgium,2011,2,2011.25,2011-Q2,97630.74968680096,11.488947781047154
BEL,Belgium,2011,3,2011.5,2011-Q3,99098.06041554049,11.503865148134018
BEL,Belgium,2011,4,2011.75,2011-Q4,97925.54838293236,11.491962758548297
BEL,Belgium,2012,1,2012.0,2012-Q1,98972.9608599306,11.502601969184987
BEL,Belgium,2012,2,2012.25,2012-Q2,98261.79231630889,11.495390546104918
BEL,Belgium,2012,3,2012.5,2012-Q3,98183.41873929588,11.494592628143467
BEL,Belgium,2012,4,2012.75,2012-Q4,98142.81945627902,11.494179038151943
BEL,Belgium,2013,1,2013.0,2013-Q1,98739.73573884458,11.500242735475918
BEL,Belgium,2013,2,2013.25,2013-Q2,98046.49765194576,11.493197110965566
BEL,Belgium,2013,3,2013.5,2013-Q3,98225.79826146056,11.495024171260123
BEL,Belgium,2013,4,2013.75,2013-Q4,99197.4919980567,11.504868010675708
BEL,Belgium,2014,1,2014.0,2014-Q1,100222.43278756712,11.515147322690929
BEL,Belgium,2014,2,2014.25,2014-Q2,99617.52625212648,11.509093394479233
BEL,Belgium,2014,3,2014.5,2014-Q3,100160.95548801609,11.514533725905197
BEL,Belgium,2014,4,2014.75,2014-Q4,99994.10822813548,11.512866545515866
BEL,Belgium,2015,1,2015.0,2015-Q1,100631.74708395876,11.519223064239045
BEL,Belgium,2015,2,2015.25,2015-Q2,102007.29040621928,11.532799564283
BEL,Belgium,2015,3,2015.5,2015-Q3,101130.75384459384,11.524169551081762
BEL,Belgium,2015,4,2015.75,2015-Q4,101406.37504871652,11.52689123846589
BEL,Belgium,2016,1,2016.0,2016-Q1,102307.7886718361,11.53574108464112
BEL,Belgium,2016,2,2016.25,2016-Q2,102386.28983197804,11.536508094264109
BEL,Belgium,2016,3,2016.5,2016-Q3,102135.44765120036,11.534055129511884
BEL,Belgium,2016,4,2016.75,2016-Q4,100111.55532819874,11.51404039648502
BEL,Belgium,2017,1,2017.0,2017-Q1,103233.10943521444,11.544744908435952
BEL,Belgium,2017,2,2017.25,2017-Q2,102539.52453762808,11.538003608479157
BEL,Belgium,2017,3,2017.5,2017-Q3,101629.31975014864,11.529087352713255
BEL,Belgium,2017,4,2017.75,2017-Q4,100959.10907330924,11.522470853184888
BEL,Belgium,2018,1,2018.0,2018-Q1,101449.00516353305,11.52731153903075
BEL,Belgium,2018,2,2018.25,2018-Q2,102334.0407692586,11.535997650931973
BEL,Belgium,2018,3,2018.5,2018-Q3,100698.11031616086,11.519882313050548
BEL,Belgium,2018,4,2018.75,2018-Q4,101257.63665038306,11.525423405832047
BEL,Belgium,2019,1,2019.0,2019-Q1,102598.1500833528,11.538575181179578
BEL,Belgium,2019,2,2019.25,2019-Q2,101390.14829260088,11.52673120854148
BEL,Belgium,2019,3,2019.5,2019-Q3,101994.7990237169,11.532677101002816
BEL,Belgium,2019,4,2019.75,2019-Q4,103046.62905726008,11.542936874063624
BEL,Belgium,2020,1,2020.0,2020-Q1,100651.15795816216,11.519415935802177
BEL,Belgium,2020,2,2020.25,2020-Q2,90870.15300453948,11.417186876461932
BEL,Belgium,2020,3,2020.5,2020-Q3,100031.36879382658,11.51323910371872
BEL,Belgium,2020,4,2020.75,2020-Q4,100207.0440632124,11.51499376519403
BEL,Belgium,2021,1,2021.0,2021-Q1,103522.13651325612,11.547540748173764
BEL,Belgium,2021,2,2021.25,2021-Q2,102627.83883136229,11.5388645085535
BEL,Belgium,2021,3,2021.5,2021-Q3,102534.88344209394,11.537958345927084
BEL,Belgium,2021,4,2021.75,2021-Q4,103256.99907031628,11.544976296131772
BEL,Belgium,2022,1,2022.0,2022-Q1,103511.54089595386,11.547438391712301
BEL,Belgium,2022,2,2022.25,2022-Q2,104743.7090264639,11.55927177895429
BEL,Belgium,2022,3,2022.5,2022-Q3,104364.09604418282,11.555640987658117
BEL,Belgium,2022,4,2022.75,2022-Q4,104154.57956134866,11.55363141654671
BEL,Belgium,2023,1,2023.0,2023-Q1,104648.7366617756,11.558364655768555
BEL,Belgium,2023,2,2023.25,2023-Q2,106132.03893488404,11.572439248244596
BEL,Belgium,2023,3,2023.5,2023-Q3,104874.99833157686,11.560524427860823
BEL,Belgium,2023,4,2023.75,2023-Q4,104432.47910207728,11.556296008558643
BEL,Belgium,2024,1,2024.0,2024-Q1,106093.93846595936,11.572080192583261
BEL,Belgium,2024,2,2024.25,2024-Q2,105670.449901514,11.568080567034738
BEL,Belgium,2024,3,2024.5,2024-Q3,105439.59675421828,11.565893525319103
BEL,Belgium,2024,4,2024.75,2024-Q4,104465.09229729437,11.556608249579575
BEL,Belgium,2025,1,2025.0,2025-Q1,105170.46235638885,11.56333776378081
BEL,Belgium,2025,2,2025.25,2025-Q2,104069.77557694566,11.55281687216706
BEL,Belgium,2025,3,2025.5,2025-Q3,104939.7274384953,11.5611414399293
BEL,Belgium,2025,4,2025.75,2025-Q4,104833.193195648,11.560125729687154
BEL,Belgium,2026,1,2026.0,2026-Q1,105357.53882733478,11.565114976494879
BGD,Bangladesh,2024,1,2024.0,2024-Q1,10457.367901376829,9.255062071285991
BGD,Bangladesh,2024,2,2024.25,2024-Q2,11493.33319241646,9.349522423848772
BGD,Bangladesh,2024,3,2024.5,2024-Q3,11886.16092267244,9.383130054676656
BGD,Bangladesh,2024,4,2024.75,2024-Q4,11875.904149077052,9.382266764874071
BGR,Bulgaria,2000,1,2000.0,2000-Q1,5598.516470281384,8.630256925605611
BGR,Bulgaria,2000,2,2000.25,2000-Q2,5376.269920196502,8.589750089312473
BGR,Bulgaria,2000,3,2000.5,2000-Q3,5487.488859533643,8.610226027228043
BGR,Bulgaria,2000,4,2000.75,2000-Q4,5742.921569881123,8.655723344124887
BGR,Bulgaria,2001,1,2001.0,2001-Q1,5985.587595627529,8.697109791222637
BGR,Bulgaria,2001,2,2001.25,2001-Q2,5801.463621596482,8.665865513251088
BGR,Bulgaria,2001,3,2001.5,2001-Q3,5831.170837258212,8.67097308889934
BGR,Bulgaria,2001,4,2001.75,2001-Q4,6236.411442229032,8.738160206549772
BGR,Bulgaria,2002,1,2002.0,2002-Q1,6280.002538902565,8.74512566374601
BGR,Bulgaria,2002,2,2002.25,2002-Q2,6045.687714098987,8.707100522351258
BGR,Bulgaria,2002,3,2002.5,2002-Q3,6127.574400651685,8.72055425741777
BGR,Bulgaria,2002,4,2002.75,2002-Q4,6417.321995871859,8.76675617505977
BGR,Bulgaria,2003,1,2003.0,2003-Q1,6509.076710222038,8.780952898757517
BGR,Bulgaria,2003,2,2003.25,2003-Q2,6180.92948870393,8.729223941845285
BGR,Bulgaria,2003,3,2003.5,2003-Q3,6131.966196950033,8.721270727411284
BGR,Bulgaria,2003,4,2003.75,2003-Q4,6495.1636457898485,8.77881312444393
BGR,Bulgaria,2004,1,2004.0,2004-Q1,6671.974149845797,8.805671069607486
BGR,Bulgaria,2004,2,2004.25,2004-Q2,6377.598058131084,8.760546825535721
BGR,Bulgaria,2004,3,2004.5,2004-Q3,6393.498683806986,8.763036922386963
BGR,Bulgaria,2004,4,2004.75,2004-Q4,6732.27949301823,8.814669071534185
BGR,Bulgaria,2005,1,2005.0,2005-Q1,7052.591782729339,8.861150457003355
BGR,Bulgaria,2005,2,2005.25,2005-Q2,6745.573025105736,8.816641720571624
BGR,Bulgaria,2005,3,2005.5,2005-Q3,6636.493131916378,8.800338960170276
BGR,Bulgaria,2005,4,2005.75,2005-Q4,7008.504544295926,8.854879625500695
BGR,Bulgaria,2006,1,2006.0,2006-Q1,7218.984232405785,8.884469533956942
BGR,Bulgaria,2006,2,2006.25,2006-Q2,6879.509752625613,8.836302671502684
BGR,Bulgaria,2006,3,2006.5,2006-Q3,6890.318220422208,8.837872548778938
BGR,Bulgaria,2006,4,2006.75,2006-Q4,7094.145377375385,8.867025128128294
BGR,Bulgaria,2007,1,2007.0,2007-Q1,7250.592632481006,8.888838486919164
BGR,Bulgaria,2007,2,2007.25,2007-Q2,7125.018781147361,8.871367641083884
BGR,Bulgaria,2007,3,2007.5,2007-Q3,7078.540177935963,8.864822975870709
BGR,Bulgaria,2007,4,2007.75,2007-Q4,7251.431513629813,8.88895417851384
BGR,Bulgaria,2008,1,2008.0,2008-Q1,7409.227422525285,8.910481451386955
BGR,Bulgaria,2008,2,2008.25,2008-Q2,7312.5576439073775,8.897348374436547
BGR,Bulgaria,2008,3,2008.5,2008-Q3,7296.32006754258,8.895125399698559
BGR,Bulgaria,2008,4,2008.75,2008-Q4,7447.15061247669,8.915586770090083
BGR,Bulgaria,2009,1,2009.0,2009-Q1,7349.845152794291,8.902434524337922
BGR,Bulgaria,2009,2,2009.25,2009-Q2,7265.183167936342,8.890848788065957
BGR,Bulgaria,2009,3,2009.5,2009-Q3,7369.889837516277,8.905158037651896
BGR,Bulgaria,2009,4,2009.75,2009-Q4,7395.749608920406,8.908660737001583
BGR,Bulgaria,2010,1,2010.0,2010-Q1,7846.053940651481,8.967766001669583
BGR,Bulgaria,2010,2,2010.25,2010-Q2,7807.10697847722,8.962789748918327
BGR,Bulgaria,2010,3,2010.5,2010-Q3,7780.240790105874,8.959342566578574
BGR,Bulgaria,2010,4,2010.75,2010-Q4,8082.752659059319,8.997487769124529
BGR,Bulgaria,2011,1,2011.0,2011-Q1,8472.50544752204,9.044581546446127
BGR,Bulgaria,2011,2,2011.25,2011-Q2,8436.818441110343,9.040360554568235
BGR,Bulgaria,2011,3,2011.5,2011-Q3,8192.049079648155,9.01091933842933
BGR,Bulgaria,2011,4,2011.75,2011-Q4,8354.868385193546,9.030599688085973
BGR,Bulgaria,2012,1,2012.0,2012-Q1,8768.783438825256,9.07895335725194
BGR,Bulgaria,2012,2,2012.25,2012-Q2,8563.631937865772,9.05527967095622
BGR,Bulgaria,2012,3,2012.5,2012-Q3,8250.652239747951,9.018047535567089
BGR,Bulgaria,2012,4,2012.75,2012-Q4,8406.185314872162,9.036723060869548
BGR,Bulgaria,2013,1,2013.0,2013-Q1,8667.757305201289,9.067365363325797
BGR,Bulgaria,2013,2,2013.25,2013-Q2,8400.387128703984,9.036033070519917
BGR,Bulgaria,2013,3,2013.5,2013-Q3,8232.464995988452,9.015840762311745
BGR,Bulgaria,2013,4,2013.75,2013-Q4,8475.07238823971,9.04488447359739
BGR,Bulgaria,2014,1,2014.0,2014-Q1,8578.363051765948,9.056998387772481
BGR,Bulgaria,2014,2,2014.25,2014-Q2,8385.813739037872,9.034296716541741
BGR,Bulgaria,2014,3,2014.5,2014-Q3,8192.179144618198,9.010935215279709
BGR,Bulgaria,2014,4,2014.75,2014-Q4,8466.141938684825,9.043830186672055
BGR,Bulgaria,2015,1,2015.0,2015-Q1,8667.284858535992,9.067310855622734
BGR,Bulgaria,2015,2,2015.25,2015-Q2,8550.020606605347,9.053688972057182
BGR,Bulgaria,2015,3,2015.5,2015-Q3,8383.644953944948,9.03403805761366
BGR,Bulgaria,2015,4,2015.75,2015-Q4,8554.000860157485,9.054154389343019
BGR,Bulgaria,2016,1,2016.0,2016-Q1,8872.374734482151,9.090697766019424
BGR,Bulgaria,2016,2,2016.25,2016-Q2,8767.95267932652,9.078858612198612
BGR,Bulgaria,2016,3,2016.5,2016-Q3,8753.47415900654,9.077205947293065
BGR,Bulgaria,2016,4,2016.75,2016-Q4,8975.280777402764,9.102229497257413
BGR,Bulgaria,2017,1,2017.0,2017-Q1,8939.916229283655,9.098281497797444
BGR,Bulgaria,2017,2,2017.25,2017-Q2,8609.569446365895,9.060629589942144
BGR,Bulgaria,2017,3,2017.5,2017-Q3,8530.84972986734,9.051444252155893
BGR,Bulgaria,2017,4,2017.75,2017-Q4,8733.72783748398,9.074947572291833
BGR,Bulgaria,2018,1,2018.0,2018-Q1,8979.904252695476,9.102744498956048
BGR,Bulgaria,2018,2,2018.25,2018-Q2,8875.969956956858,9.091102899296516
BGR,Bulgaria,2018,3,2018.5,2018-Q3,8766.494658265028,9.078692308575032
BGR,Bulgaria,2018,4,2018.75,2018-Q4,8951.687619681614,9.099597354351818
BGR,Bulgaria,2019,1,2019.0,2019-Q1,9823.88465011273,9.19257190867637
BGR,Bulgaria,2019,2,2019.25,2019-Q2,9475.15084843079,9.156427950502605
BGR,Bulgaria,2019,3,2019.5,2019-Q3,9351.459103350053,9.14328766394183
BGR,Bulgaria,2019,4,2019.75,2019-Q4,9611.966374848238,9.170764098603074
BGR,Bulgaria,2020,1,2020.0,2020-Q1,9958.489979453352,9.206180730596296
BGR,Bulgaria,2020,2,2020.25,2020-Q2,9488.108698818938,9.15779457762413
BGR,Bulgaria,2020,3,2020.5,2020-Q3,9493.470491984568,9.158359524645066
BGR,Bulgaria,2020,4,2020.75,2020-Q4,9584.788853392756,9.16793262637876
BGR,Bulgaria,2021,1,2021.0,2021-Q1,10455.683385093827,9.254900974154486
BGR,Bulgaria,2021,2,2021.25,2021-Q2,10477.090478357572,9.256946293218851
BGR,Bulgaria,2021,3,2021.5,2021-Q3,10457.674581029258,9.255091397514013
BGR,Bulgaria,2021,4,2021.75,2021-Q4,10770.732682136631,9.284587797747056
BGR,Bulgaria,2022,1,2022.0,2022-Q1,10904.153730768288,9.29689907184341
BGR,Bulgaria,2022,2,2022.25,2022-Q2,10822.880285960528,9.289417717156686
BGR,Bulgaria,2022,3,2022.5,2022-Q3,10570.913596492628,9.265861508099144
BGR,Bulgaria,2022,4,2022.75,2022-Q4,10682.68307327285,9.276379305051917
BGR,Bulgaria,2023,1,2023.0,2023-Q1,10913.02432351982,9.297712246967915
BGR,Bulgaria,2023,2,2023.25,2023-Q2,10983.624395480592,9.304160751258662
BGR,Bulgaria,2023,3,2023.5,2023-Q3,10851.12413292492,9.292023960322991
BGR,Bulgaria,2023,4,2023.75,2023-Q4,11085.676452139582,9.313409144287712
BGR,Bulgaria,2024,1,2024.0,2024-Q1,11237.660427774235,9.327025954786915
BGR,Bulgaria,2024,2,2024.25,2024-Q2,11261.49784958866,9.329144916788936
BGR,Bulgaria,2024,3,2024.5,2024-Q3,11232.480987227016,9.326564948285595
BGR,Bulgaria,2024,4,2024.75,2024-Q4,11477.837970787012,9.348173322066405
BGR,Bulgaria,2025,1,2025.0,2025-Q1,11618.042503860815,9.360314556994814
BGR,Bulgaria,2025,2,2025.25,2025-Q2,11627.168271279828,9.3610997310228
BGR,Bulgaria,2025,3,2025.5,2025-Q3,11616.518882446384,9.360183405699011
BGR,Bulgaria,2025,4,2025.75,2025-Q4,11847.171707311343,9.379844443587494
BGR,Bulgaria,2026,1,2026.0,2026-Q1,11939.6825404532,9.387622798691387
BHS,"Bahamas, The",2015,1,2015.0,2015-Q1,66140.68240283687,11.099539304033765
BHS,"Bahamas, The",2015,2,2015.25,2015-Q2,67364.68560427251,11.117876207130479
BHS,"Bahamas, The",2015,3,2015.5,2015-Q3,65995.54883295091,11.097342576809268
BHS,"Bahamas, The",2015,4,2015.75,2015-Q4,63934.85715827832,11.065619987071791
BHS,"Bahamas, The",2016,1,2016.0,2016-Q1,62652.53574228006,11.045359434242247
BHS,"Bahamas, The",2016,2,2016.25,2016-Q2,64386.46899768037,11.072658781284842
BHS,"Bahamas, The",2016,3,2016.5,2016-Q3,62079.82020633314,11.036176258692036
BHS,"Bahamas, The",2016,4,2016.75,2016-Q4,60332.57827284428,11.007627506686806
BHS,"Bahamas, The",2017,1,2017.0,2017-Q1,61055.63590567056,11.01954079150517
BHS,"Bahamas, The",2017,2,2017.25,2017-Q2,67570.31980044786,11.120924109411265
BHS,"Bahamas, The",2017,3,2017.5,2017-Q3,59557.01989456527,10.994689450196324
BHS,"Bahamas, The",2017,4,2017.75,2017-Q4,59294.81505647693,10.99027714535325
BHS,"Bahamas, The",2018,1,2018.0,2018-Q1,65577.00099037326,11.090980318800561
BHS,"Bahamas, The",2018,2,2018.25,2018-Q2,62399.94804242798,11.041319721703776
BHS,"Bahamas, The",2018,3,2018.5,2018-Q3,57667.73623395027,10.962453132049347
BHS,"Bahamas, The",2018,4,2018.75,2018-Q4,58009.58021056449,10.968363451932712
BHS,"Bahamas, The",2019,1,2019.0,2019-Q1,58114.89704405285,10.970177313486337
BHS,"Bahamas, The",2019,2,2019.25,2019-Q2,63419.09495450879,11.057520277326821
BHS,"Bahamas, The",2019,3,2019.5,2019-Q3,56085.2742068146,10.934628565196633
BHS,"Bahamas, The",2019,4,2019.75,2019-Q4,56058.03056429371,10.934142693247123
BHS,"Bahamas, The",2020,1,2020.0,2020-Q1,54348.15780394046,10.903165996923212
BHS,"Bahamas, The",2020,2,2020.25,2020-Q2,41471.67788639375,10.632766012667744
BHS,"Bahamas, The",2020,3,2020.5,2020-Q3,43980.2506565046,10.691495963421856
BHS,"Bahamas, The",2020,4,2020.75,2020-Q4,46642.944468149326,10.750276950853028
BHS,"Bahamas, The",2021,1,2021.0,2021-Q1,48335.830198726566,10.785928390684305
BHS,"Bahamas, The",2021,2,2021.25,2021-Q2,57245.98054870743,10.955112710195534
BHS,"Bahamas, The",2021,3,2021.5,2021-Q3,57829.26893280327,10.965250309412376
BHS,"Bahamas, The",2021,4,2021.75,2021-Q4,56661.56585327432,10.94485140895877
BHS,"Bahamas, The",2022,1,2022.0,2022-Q1,58587.12655760767,10.978270268113913
BHS,"Bahamas, The",2022,2,2022.25,2022-Q2,62063.12409900272,11.035907276712843
BHS,"Bahamas, The",2022,3,2022.5,2022-Q3,62968.01444460413,11.050382169218208
BHS,"Bahamas, The",2022,4,2022.75,2022-Q4,61296.06023042482,11.023470849555858
BHS,"Bahamas, The",2023,1,2023.0,2023-Q1,63863.57153337302,11.064504392255357
BHS,"Bahamas, The",2023,2,2023.25,2023-Q2,63727.6723343967,11.062374163781241
BHS,"Bahamas, The",2023,3,2023.5,2023-Q3,65193.02730087255,11.085107798957758
BHS,"Bahamas, The",2023,4,2023.75,2023-Q4,65091.06303689478,11.083542538233575
BHS,"Bahamas, The",2024,1,2024.0,2024-Q1,71601.44978368447,11.178870601119224
BHS,"Bahamas, The",2024,2,2024.25,2024-Q2,76509.92344177022,11.245175729595024
BIH,Bosnia and Herzegovina,2020,1,2020.0,2020-Q1,16186.408601762843,9.691927193883988
BIH,Bosnia and Herzegovina,2020,2,2020.25,2020-Q2,14975.830381387092,9.61419287262406
BIH,Bosnia and Herzegovina,2020,3,2020.5,2020-Q3,14971.45781331198,9.613900854991094
BIH,Bosnia and Herzegovina,2020,4,2020.75,2020-Q4,15678.801547899617,9.660064859089175
BIH,Bosnia and Herzegovina,2021,1,2021.0,2021-Q1,15959.904350046463,9.677834877880983
BIH,Bosnia and Herzegovina,2021,2,2021.25,2021-Q2,15311.299429289453,9.636346359595448
BIH,Bosnia and Herzegovina,2021,3,2021.5,2021-Q3,14879.543527941532,9.607742631030888
BIH,Bosnia and Herzegovina,2021,4,2021.75,2021-Q4,15517.099299363515,9.64969787545487
BIH,Bosnia and Herzegovina,2022,1,2022.0,2022-Q1,15811.47353623648,9.668491128658413
BIH,Bosnia and Herzegovina,2022,2,2022.25,2022-Q2,15663.633577571194,9.659096971849284
BIH,Bosnia and Herzegovina,2022,3,2022.5,2022-Q3,15415.059636329968,9.643100209033491
BIH,Bosnia and Herzegovina,2022,4,2022.75,2022-Q4,15665.300364656958,9.659203377454428
BIH,Bosnia and Herzegovina,2023,1,2023.0,2023-Q1,15631.618448162844,9.657050965602052
BIH,Bosnia and Herzegovina,2023,2,2023.25,2023-Q2,15281.881724674631,9.634423204658823
BIH,Bosnia and Herzegovina,2023,3,2023.5,2023-Q3,15228.583664918846,9.63092944517074
BIH,Bosnia and Herzegovina,2023,4,2023.75,2023-Q4,15572.346358137213,9.653251950849878
BIH,Bosnia and Herzegovina,2024,1,2024.0,2024-Q1,16094.215419032396,9.686215195668842
BIH,Bosnia and Herzegovina,2024,2,2024.25,2024-Q2,15644.593416975393,9.657880667716414
BIH,Bosnia and Herzegovina,2024,3,2024.5,2024-Q3,15329.542051185685,9.637537098698571
BIH,Bosnia and Herzegovina,2024,4,2024.75,2024-Q4,16002.559959937636,9.680503985919787
BIH,Bosnia and Herzegovina,2025,1,2025.0,2025-Q1,16675.308328998104,9.721684361107517
BIH,Bosnia and Herzegovina,2025,2,2025.25,2025-Q2,16310.051983689484,9.69953688283803
BIH,Bosnia and Herzegovina,2025,3,2025.5,2025-Q3,15733.068174328237,9.663520029436922
BLR,"Belarus, Republic of",2014,1,2014.0,2014-Q1,11763.491657119052,9.372756087002648
BLR,"Belarus, Republic of",2014,2,2014.25,2014-Q2,12639.16998335872,9.444555999671232
BLR,"Belarus, Republic of",2014,3,2014.5,2014-Q3,13869.689907101196,9.537461155964591
BLR,"Belarus, Republic of",2014,4,2014.75,2014-Q4,13372.964946248863,9.500990406636195
BLR,"Belarus, Republic of",2015,1,2015.0,2015-Q1,11636.301696057237,9.361884947094135
BLR,"Belarus, Republic of",2015,2,2015.25,2015-Q2,12227.241399240636,9.411421643078489
BRA,Brazil,2012,1,2012.0,2012-Q1,20102.074902729077,9.908578317710917
BRA,Brazil,2012,2,2012.25,2012-Q2,20096.639475578257,9.908307889799577
BRA,Brazil,2012,3,2012.5,2012-Q3,20280.164874984403,9.91739858760227
BRA,Brazil,2012,4,2012.75,2012-Q4,20228.840262775157,9.91486460092459
BRA,Brazil,2013,1,2013.0,2013-Q1,20529.22584406032,9.929604800780822
BRA,Brazil,2013,2,2013.25,2013-Q2,20547.0334937303,9.930471853967878
BRA,Brazil,2013,3,2013.5,2013-Q3,20508.0720599508,9.928573846645751
BRA,Brazil,2013,4,2013.75,2013-Q4,20382.22442600827,9.922418448318513
BRA,Brazil,2014,1,2014.0,2014-Q1,20711.243439725687,9.938431993134138
BRA,Brazil,2014,2,2014.25,2014-Q2,20255.73301051841,9.916193144096688
BRA,Brazil,2014,3,2014.5,2014-Q3,20177.767271470944,9.912336647125962
BRA,Brazil,2014,4,2014.75,2014-Q4,20172.7632394565,9.912088619059082
BRA,Brazil,2015,1,2015.0,2015-Q1,20221.925242520992,9.914522702805474
BRA,Brazil,2015,2,2015.25,2015-Q2,19684.417440896017,9.887582608878255
BRA,Brazil,2015,3,2015.5,2015-Q3,19365.216666522512,9.871233780449263
BRA,Brazil,2015,4,2015.75,2015-Q4,19182.322396051703,9.86174442536445
BRA,Brazil,2016,1,2016.0,2016-Q1,19239.246950596174,9.864707583671812
BRA,Brazil,2016,2,2016.25,2016-Q2,19292.54587789326,9.867474076345946
BRA,Brazil,2016,3,2016.5,2016-Q3,19371.700260740057,9.871568530594208
BRA,Brazil,2016,4,2016.75,2016-Q4,19273.249861680102,9.866473395952696
BRA,Brazil,2017,1,2017.0,2017-Q1,19766.38366220645,9.891737978957531
BRA,Brazil,2017,2,2017.25,2017-Q2,19629.238532004983,9.884775495484238
BRA,Brazil,2017,3,2017.5,2017-Q3,19444.96355682605,9.875343372421264
BRA,Brazil,2017,4,2017.75,2017-Q4,19347.383766281924,9.870312483439886
BRA,Brazil,2018,1,2018.0,2018-Q1,19755.024327968316,9.89116313432883
BRA,Brazil,2018,2,2018.25,2018-Q2,19601.72881395401,9.883373046122367
BRA,Brazil,2018,3,2018.5,2018-Q3,19478.652602872608,9.877074406573934
BRA,Brazil,2018,4,2018.75,2018-Q4,19304.67700523314,9.868102677412715
BRA,Brazil,2019,1,2019.0,2019-Q1,19557.00737109073,9.881088934495514
BRA,Brazil,2019,2,2019.25,2019-Q2,19342.19452725525,9.870044233472496
BRA,Brazil,2019,3,2019.5,2019-Q3,19229.61171640644,9.864206646824446
BRA,Brazil,2019,4,2019.75,2019-Q4,19241.18032004587,9.864808069533767
BRA,Brazil,2020,1,2020.0,2020-Q1,19278.934234621505,9.86676828834937
BRA,Brazil,2020,2,2020.25,2020-Q2,19456.883380121268,9.875956187729884
BRA,Brazil,2020,3,2020.5,2020-Q3,21154.025217145976,9.959585483961883
BRA,Brazil,2020,4,2020.75,2020-Q4,21017.902720968268,9.953129864047158
BRA,Brazil,2021,1,2021.0,2021-Q1,21233.963910457063,9.963357249960934
BRA,Brazil,2021,2,2021.25,2021-Q2,20543.920726841992,9.930320347781016
BRA,Brazil,2021,3,2021.5,2021-Q3,19784.705761020094,9.892664481887866
BRA,Brazil,2021,4,2021.75,2021-Q4,19470.88981899316,9.876675799376029
BRA,Brazil,2022,1,2022.0,2022-Q1,19701.4510094637,9.888447567316387
BRA,Brazil,2022,2,2022.25,2022-Q2,19319.675916309832,9.86887933310769
BRA,Brazil,2022,3,2022.5,2022-Q3,19324.961291022748,9.869152870401754
BRA,Brazil,2022,4,2022.75,2022-Q4,19753.31781281643,9.89107674674279
BRA,Brazil,2023,1,2023.0,2023-Q1,19953.676223087397,9.901168677175995
BRA,Brazil,2023,2,2023.25,2023-Q2,19888.627693481994,9.897903374670483
BRA,Brazil,2023,3,2023.5,2023-Q3,19728.60934769791,9.889825112381391
BRA,Brazil,2023,4,2023.75,2023-Q4,19963.2679696018,9.90164926239578
BRA,Brazil,2024,1,2024.0,2024-Q1,19865.93866093823,9.896761919130256
BRA,Brazil,2024,2,2024.25,2024-Q2,19879.384527891158,9.897438520369702
BRA,Brazil,2024,3,2024.5,2024-Q3,19822.63209250795,9.894579598890674
BRA,Brazil,2024,4,2024.75,2024-Q4,19689.47980219311,9.887839751893269
BRA,Brazil,2025,1,2025.0,2025-Q1,20195.99880057501,9.91323978458957
BRA,Brazil,2025,2,2025.25,2025-Q2,20300.308832252267,9.918391378325598
BRA,Brazil,2025,3,2025.5,2025-Q3,20299.947819591765,9.918373594563116
BRA,Brazil,2025,4,2025.75,2025-Q4,20240.836896795747,9.915457471202487
BRA,Brazil,2026,1,2026.0,2026-Q1,20659.01677737381,9.935907150900976
BRN,Brunei Darussalam,2014,3,2014.5,2014-Q3,66561.69553278136,11.10588454892036
BRN,Brunei Darussalam,2014,4,2014.75,2014-Q4,68209.57054930966,11.13034016462117
BRN,Brunei Darussalam,2015,1,2015.0,2015-Q1,66274.45995764043,11.101559882616149
BRN,Brunei Darussalam,2015,2,2015.25,2015-Q2,69268.09634012594,11.145739708902713
BRN,Brunei Darussalam,2015,3,2015.5,2015-Q3,68608.47323638188,11.136171322651768
BRN,Brunei Darussalam,2015,4,2015.75,2015-Q4,68762.09258240728,11.138407892169356
BRN,Brunei Darussalam,2016,1,2016.0,2016-Q1,69041.25145334862,11.142459452089964
BRN,Brunei Darussalam,2016,2,2016.25,2016-Q2,65591.34587290097,11.091199043560428
BRN,Brunei Darussalam,2016,3,2016.5,2016-Q3,66622.08203269386,11.10679136362639
BRN,Brunei Darussalam,2016,4,2016.75,2016-Q4,66746.95071404698,11.108663893032471
BRN,Brunei Darussalam,2017,1,2017.0,2017-Q1,68619.66200933175,11.136334390858657
BRN,Brunei Darussalam,2017,2,2017.25,2017-Q2,66182.88874182444,11.100177230293673
BRN,Brunei Darussalam,2017,3,2017.5,2017-Q3,67259.25668518078,11.116309933868056
BRN,Brunei Darussalam,2017,4,2017.75,2017-Q4,68470.13996504048,11.134153016293544
BRN,Brunei Darussalam,2018,1,2018.0,2018-Q1,67377.6640746813,11.118068848426699
BRN,Brunei Darussalam,2018,2,2018.25,2018-Q2,60341.23099079356,11.007770913413037
BRN,Brunei Darussalam,2018,3,2018.5,2018-Q3,61470.63724464531,11.026314896605825
BRN,Brunei Darussalam,2018,4,2018.75,2018-Q4,63580.00680311727,11.060054341465689
BRN,Brunei Darussalam,2019,1,2019.0,2019-Q1,61563.25293037667,11.0278204281808
BRN,Brunei Darussalam,2019,2,2019.25,2019-Q2,58651.65760220285,10.979371116294395
BRN,Brunei Darussalam,2019,3,2019.5,2019-Q3,57991.31167143111,10.96804847953917
BRN,Brunei Darussalam,2019,4,2019.75,2019-Q4,64788.17781943028,11.078878424637796
BRN,Brunei Darussalam,2020,1,2020.0,2020-Q1,61665.639321334114,11.029482155599537
BRN,Brunei Darussalam,2020,2,2020.25,2020-Q2,61191.89900364814,11.021770090517403
BRN,Brunei Darussalam,2020,3,2020.5,2020-Q3,59534.361372028376,10.994308926894481
BRN,Brunei Darussalam,2020,4,2020.75,2020-Q4,65260.350875924414,11.086139946717664
BRN,Brunei Darussalam,2021,1,2021.0,2021-Q1,62189.57916417108,11.037942727137768
BRN,Brunei Darussalam,2021,2,2021.25,2021-Q2,61323.32504218979,11.023915555947978
BRN,Brunei Darussalam,2021,3,2021.5,2021-Q3,59582.09721990475,10.995110425713303
BRN,Brunei Darussalam,2021,4,2021.75,2021-Q4,65399.64976905415,11.088272182217711
BRN,Brunei Darussalam,2022,1,2022.0,2022-Q1,60808.53360569451,11.015485413462184
BRN,Brunei Darussalam,2022,2,2022.25,2022-Q2,59901.786877986,11.000461614676736
BRN,Brunei Darussalam,2022,3,2022.5,2022-Q3,60893.058732259335,11.016874469078168
BRN,Brunei Darussalam,2022,4,2022.75,2022-Q4,63940.441178114816,11.065707322466707
BRN,Brunei Darussalam,2023,1,2023.0,2023-Q1,60288.84309105476,11.006902342230749
BRN,Brunei Darussalam,2023,2,2023.25,2023-Q2,56561.85111831204,10.943090028435034
BRN,Brunei Darussalam,2023,3,2023.5,2023-Q3,58838.863845904016,10.982557865315897
BRN,Brunei Darussalam,2023,4,2023.75,2023-Q4,66353.78227255284,11.102756042997022
BRN,Brunei Darussalam,2024,1,2024.0,2024-Q1,62872.55059074925,11.048864949836036
BRN,Brunei Darussalam,2024,2,2024.25,2024-Q2,58061.10348722997,10.969251243378546
BRN,Brunei Darussalam,2024,3,2024.5,2024-Q3,60861.8457450023,11.01636175071048
BRN,Brunei Darussalam,2024,4,2024.75,2024-Q4,64613.69603742276,11.076181680262321
BRN,Brunei Darussalam,2025,1,2025.0,2025-Q1,61554.20965218214,11.027673523297915
BRN,Brunei Darussalam,2025,2,2025.25,2025-Q2,58390.84605828192,10.974914410953081
BWA,Botswana,2006,1,2006.0,2006-Q1,20650.27853476262,9.93548408666444
BWA,Botswana,2006,2,2006.25,2006-Q2,20076.56748373176,9.907308617148178
CAN,Canada,1976,1,1976.0,1976-Q1,62500.88963483294,11.042936069780515
CAN,Canada,1976,2,1976.25,1976-Q2,61068.09867451579,11.019744892189305
CAN,Canada,1976,3,1976.5,1976-Q3,59340.870747017965,10.991053567599943
CAN,Canada,1976,4,1976.75,1976-Q4,61338.949527738114,11.024170312117919
CAN,Canada,1977,1,1977.0,1977-Q1,63893.44334965931,11.064972027114514
CAN,Canada,1977,2,1977.25,1977-Q2,61599.97800331401,11.02841679243249
CAN,Canada,1977,3,1977.5,1977-Q3,60110.23356715956,11.003935381687937
CAN,Canada,1977,4,1977.75,1977-Q4,62964.60909577572,11.050328087142676
CAN,Canada,1978,1,1978.0,1978-Q1,64892.549790277786,11.080488100883565
CAN,Canada,1978,2,1978.25,1978-Q2,62341.77321010616,11.040386997095597
CAN,Canada,1978,3,1978.5,1978-Q3,60464.23438222543,11.009807301974742
CAN,Canada,1978,4,1978.75,1978-Q4,62563.99384669821,11.043945213442012
CAN,Canada,1979,1,1979.0,1979-Q1,64232.80629549623,11.070269360648734
CAN,Canada,1979,2,1979.25,1979-Q2,62098.887613202096,11.03648335493025
CAN,Canada,1979,3,1979.5,1979-Q3,60159.06357292698,11.004747392892984
CAN,Canada,1979,4,1979.75,1979-Q4,62170.94800221684,11.037643095694927
CAN,Canada,1980,1,1980.0,1980-Q1,63934.40117174143,11.065612854997314
CAN,Canada,1980,2,1980.25,1980-Q2,61494.16462539229,11.026697565152862
CAN,Canada,1980,3,1980.5,1980-Q3,59529.651910138775,10.99422981882879
CAN,Canada,1980,4,1980.75,1980-Q4,61800.14021346518,11.031660912269507
CAN,Canada,1981,1,1981.0,1981-Q1,64046.70414338887,11.067367848442563
CAN,Canada,1981,2,1981.25,1981-Q2,61958.59754789113,11.034221659476234
CAN,Canada,1981,3,1981.5,1981-Q3,59863.32467923509,10.999819320780405
CAN,Canada,1981,4,1981.75,1981-Q4,62062.98577091967,11.035905047881483
CAN,Canada,1982,1,1982.0,1982-Q1,63601.44473773505,11.060391465072332
CAN,Canada,1982,2,1982.25,1982-Q2,61559.091746146834,11.027752833882747
CAN,Canada,1982,3,1982.5,1982-Q3,60461.24821881283,11.00975791348608
CAN,Canada,1982,4,1982.75,1982-Q4,62299.302657188935,11.03970551140935
CAN,Canada,1983,1,1983.0,1983-Q1,64735.23521748966,11.078060926030437
CAN,Canada,1983,2,1983.25,1983-Q2,62815.42953444037,11.047956015502226
CAN,Canada,1983,3,1983.5,1983-Q3,61235.568620588565,11.022483486287813
CAN,Canada,1983,4,1983.75,1983-Q4,63764.60134258664,11.062953477462889
CAN,Canada,1984,1,1984.0,1984-Q1,66510.78047873251,11.105119325967284
CAN,Canada,1984,2,1984.25,1984-Q2,64990.35430444181,11.08199414254982
CAN,Canada,1984,3,1984.5,1984-Q3,63222.28701946732,11.054412160684212
CAN,Canada,1984,4,1984.75,1984-Q4,66072.86709799101,11.098513458936209
CAN,Canada,1985,1,1985.0,1985-Q1,68180.96058699756,11.12992063457765
CAN,Canada,1985,2,1985.25,1985-Q2,65502.21652297426,11.08983926109619
CAN,Canada,1985,3,1985.5,1985-Q3,64334.71791344224,11.071854700957923
CAN,Canada,1985,4,1985.75,1985-Q4,66805.76855632091,11.10954471142985
CAN,Canada,1986,1,1986.0,1986-Q1,67803.46081437473,11.124368517085568
CAN,Canada,1986,2,1986.25,1986-Q2,65374.974405854126,11.087894809869697
CAN,Canada,1986,3,1986.5,1986-Q3,64062.21319548136,11.067609971356259
CAN,Canada,1986,4,1986.75,1986-Q4,65294.71894446955,11.086666438249342
CAN,Canada,1987,1,1987.0,1987-Q1,68092.71739412271,11.128625546538403
CAN,Canada,1987,2,1987.25,1987-Q2,65856.46786133054,11.095232923476834
CAN,Canada,1987,3,1987.5,1987-Q3,65042.36289407851,11.082794073421535
CAN,Canada,1987,4,1987.75,1987-Q4,67027.50433953454,11.112858326666254
CAN,Canada,1988,1,1988.0,1988-Q1,69079.73133456508,11.143016643060305
CAN,Canada,1988,2,1988.25,1988-Q2,67123.61700351269,11.11429122829929
CAN,Canada,1988,3,1988.5,1988-Q3,65732.70106563017,11.093351813759277
CAN,Canada,1988,4,1988.75,1988-Q4,67576.8653931014,11.121020975545019
CAN,Canada,1989,1,1989.0,1989-Q1,69188.41622793369,11.144588732043472
CAN,Canada,1989,2,1989.25,1989-Q2,67210.78740706305,11.115589040518998
CAN,Canada,1989,3,1989.5,1989-Q3,65940.023394616,11.09650087141207
CAN,Canada,1989,4,1989.75,1989-Q4,67384.28498058775,11.118167109188853
CAN,Canada,1990,1,1990.0,1990-Q1,69329.85710204788,11.146630930807163
CAN,Canada,1990,2,1990.25,1990-Q2,66864.03031156053,11.11041643801914
CAN,Canada,1990,3,1990.5,1990-Q3,65238.27327966812,11.085801589181562
CAN,Canada,1990,4,1990.75,1990-Q4,66986.37190411768,11.112244473267465
CAN,Canada,1991,1,1991.0,1991-Q1,68397.64260785126,11.13309363821922
CAN,Canada,1991,2,1991.25,1991-Q2,66484.2227855151,11.104719947149755
CAN,Canada,1991,3,1991.5,1991-Q3,65269.27724408812,11.08627671824312
CAN,Canada,1991,4,1991.75,1991-Q4,67320.81307873123,11.117224726050155
CAN,Canada,1992,1,1992.0,1992-Q1,69480.04696662561,11.148794896328123
CAN,Canada,1992,2,1992.25,1992-Q2,67533.10596440648,11.120373215356997
CAN,Canada,1992,3,1992.5,1992-Q3,66691.93169114571,11.107839260436224
CAN,Canada,1992,4,1992.75,1992-Q4,68811.72676574031,11.139129456573423
CAN,Canada,1993,1,1993.0,1993-Q1,70812.7841857751,11.167794830977138
CAN,Canada,1993,2,1993.25,1993-Q2,69205.09896929163,11.144829823418526
CAN,Canada,1993,3,1993.5,1993-Q3,68293.93892226544,11.13157629963375
CAN,Canada,1993,4,1993.75,1993-Q4,70090.98437469041,11.157549453834191
CAN,Canada,1994,1,1994.0,1994-Q1,72778.58887158558,11.195177082019478
CAN,Canada,1994,2,1994.25,1994-Q2,70882.33329268232,11.168776503651966
CAN,Canada,1994,3,1994.5,1994-Q3,69821.12281292441,11.153691862066879
CAN,Canada,1994,4,1994.75,1994-Q4,71535.5228696797,11.177949428658403
CAN,Canada,1995,1,1995.0,1995-Q1,73692.66908058271,11.207658603495695
CAN,Canada,1995,2,1995.25,1995-Q2,71551.46183885579,11.178172215787148
CAN,Canada,1995,3,1995.5,1995-Q3,70211.71018133615,11.159270387802323
CAN,Canada,1995,4,1995.75,1995-Q4,71986.68317064935,11.184236424928525
CAN,Canada,1996,1,1996.0,1996-Q1,73570.24870024204,11.205995993377876
CAN,Canada,1996,2,1996.25,1996-Q2,71772.77716715513,11.181260535051743
CAN,Canada,1996,3,1996.5,1996-Q3,70981.21121997875,11.170170490298045
CAN,Canada,1996,4,1996.75,1996-Q4,73235.57011116268,11.201436512403784
CAN,Canada,1997,1,1997.0,1997-Q1,75353.55449295118,11.22994637604025
CAN,Canada,1997,2,1997.25,1997-Q2,73465.25579394444,11.204567863151729
CAN,Canada,1997,3,1997.5,1997-Q3,72426.84071327768,11.190332237755078
CAN,Canada,1997,4,1997.75,1997-Q4,74380.07664533448,11.216943397934761
CAN,Canada,1998,1,1998.0,1998-Q1,76866.94347578395,11.249831199301877
CAN,Canada,1998,2,1998.25,1998-Q2,74224.03767478208,11.214843334573608
CAN,Canada,1998,3,1998.5,1998-Q3,73258.65555472125,11.201751684468004
CAN,Canada,1998,4,1998.75,1998-Q4,75389.8584333951,11.230428041413761
CAN,Canada,1999,1,1999.0,1999-Q1,77982.26869866061,11.26423675545348
CAN,Canada,1999,2,1999.25,1999-Q2,76020.50495794708,11.238758384956684
CAN,Canada,1999,3,1999.5,1999-Q3,75669.79198120003,11.234134310658755
CAN,Canada,1999,4,1999.75,1999-Q4,77659.47815961915,11.260088883711436
CAN,Canada,2000,1,2000.0,2000-Q1,79920.14703939235,11.28878325315298
CAN,Canada,2000,2,2000.25,2000-Q2,78338.79285074018,11.268798197996432
CAN,Canada,2000,3,2000.5,2000-Q3,77966.73899116874,11.264037591537361
CAN,Canada,2000,4,2000.75,2000-Q4,79048.35091827036,11.277814981171067
CAN,Canada,2001,1,2001.0,2001-Q1,81033.89895231048,11.30262285168962
CAN,Canada,2001,2,2001.25,2001-Q2,78909.26132509286,11.27605388049158
CAN,Canada,2001,3,2001.5,2001-Q3,77877.4531287266,11.262891756444034
CAN,Canada,2001,4,2001.75,2001-Q4,79683.84647428883,11.285822165118036
CAN,Canada,2002,1,2002.0,2002-Q1,81935.40461359327,11.313686467194692
CAN,Canada,2002,2,2002.25,2002-Q2,79406.27277291703,11.282332646292515
CAN,Canada,2002,3,2002.5,2002-Q3,78369.6482785981,11.269191992077136
CAN,Canada,2002,4,2002.75,2002-Q4,79678.8150328903,11.285759020572725
CAN,Canada,2003,1,2003.0,2003-Q1,81171.65652487383,11.304321407639549
CAN,Canada,2003,2,2003.25,2003-Q2,78881.21735421919,11.275698422147023
CAN,Canada,2003,3,2003.5,2003-Q3,78093.19709401786,11.265658226963717
CAN,Canada,2003,4,2003.75,2003-Q4,79298.08769742124,11.280969292545556
CAN,Canada,2004,1,2004.0,2004-Q1,81281.34988682372,11.305671870533944
CAN,Canada,2004,2,2004.25,2004-Q2,79758.79514625756,11.286762298531874
CAN,Canada,2004,3,2004.5,2004-Q3,79733.67804455434,11.286447335682425
CAN,Canada,2004,4,2004.75,2004-Q4,81224.82330280419,11.304976185130862
CAN,Canada,2005,1,2005.0,2005-Q1,82949.71942359346,11.3259899131366
CAN,Canada,2005,2,2005.25,2005-Q2,81166.78616401044,11.304261405082123
CAN,Canada,2005,3,2005.5,2005-Q3,81138.81792762048,11.303916768347941
CAN,Canada,2005,4,2005.75,2005-Q4,82786.80415561178,11.32402395757128
CAN,Canada,2006,1,2006.0,2006-Q1,84630.91034376572,11.346054849356454
CAN,Canada,2006,2,2006.25,2006-Q2,81978.5687290944,11.314213135124444
CAN,Canada,2006,3,2006.5,2006-Q3,81510.37388815098,11.308485578099832
CAN,Canada,2006,4,2006.75,2006-Q4,82658.06984128746,11.32246773721588
CAN,Canada,2007,1,2007.0,2007-Q1,84020.83120292112,11.338820037591853
CAN,Canada,2007,2,2007.25,2007-Q2,82458.61451763677,11.320051804247761
CAN,Canada,2007,3,2007.5,2007-Q3,81659.94951833418,11.310318946680065
CAN,Canada,2007,4,2007.75,2007-Q4,82488.46670756143,11.320413765066089
CAN,Canada,2008,1,2008.0,2008-Q1,83660.74233717867,11.334525118219776
CAN,Canada,2008,2,2008.25,2008-Q2,81786.1901626814,11.311863683921295
CAN,Canada,2008,3,2008.5,2008-Q3,81819.34944185313,11.312269040362231
CAN,Canada,2008,4,2008.75,2008-Q4,81922.24701273376,11.313525869251817
CAN,Canada,2009,1,2009.0,2009-Q1,82693.54141137641,11.32289678136446
CAN,Canada,2009,2,2009.25,2009-Q2,80026.41054424948,11.290111990977623
CAN,Canada,2009,3,2009.5,2009-Q3,79948.68029334226,11.289140211475987
CAN,Canada,2009,4,2009.75,2009-Q4,81534.34853475167,11.308779664856118
CAN,Canada,2010,1,2010.0,2010-Q1,83878.55795474227,11.337125293102963
CAN,Canada,2010,2,2010.25,2010-Q2,81598.5946543042,11.309567318430169
CAN,Canada,2010,3,2010.5,2010-Q3,81320.09997406014,11.30614849713233
CAN,Canada,2010,4,2010.75,2010-Q4,83054.22935569256,11.327249039159506
CAN,Canada,2011,1,2011.0,2011-Q1,84783.66486272535,11.34785817188841
CAN,Canada,2011,2,2011.25,2011-Q2,82654.23631559641,11.322421358022693
CAN,Canada,2011,3,2011.5,2011-Q3,83115.03134514742,11.327980847099338
CAN,Canada,2011,4,2011.75,2011-Q4,84855.84358725598,11.348709137910957
CAN,Canada,2012,1,2012.0,2012-Q1,86278.78462476356,11.36533901399641
CAN,Canada,2012,2,2012.25,2012-Q2,83771.18277077629,11.33584434631255
CAN,Canada,2012,3,2012.5,2012-Q3,83181.86762911099,11.32878466590744
CAN,Canada,2012,4,2012.75,2012-Q4,83951.98570724232,11.338000315677316
CAN,Canada,2013,1,2013.0,2013-Q1,85805.85899624511,11.359842569814148
CAN,Canada,2013,2,2013.25,2013-Q2,84094.76239337277,11.339699565702672
CAN,Canada,2013,3,2013.5,2013-Q3,84322.1976346376,11.342400426464938
CAN,Canada,2013,4,2013.75,2013-Q4,86147.14091522853,11.363812054118407
CAN,Canada,2014,1,2014.0,2014-Q1,87820.12350151589,11.383045950417564
CAN,Canada,2014,2,2014.25,2014-Q2,86440.27219857764,11.3672089596045
CAN,Canada,2014,3,2014.5,2014-Q3,86572.32659820802,11.368735489188964
CAN,Canada,2014,4,2014.75,2014-Q4,87912.24682926474,11.384094400808513
CAN,Canada,2015,1,2015.0,2015-Q1,88871.53954837978,11.394947230183007
CAN,Canada,2015,2,2015.25,2015-Q2,86537.22785066336,11.368329980109614
CAN,Canada,2015,3,2015.5,2015-Q3,86163.54462307383,11.364002450991864
CAN,Canada,2015,4,2015.75,2015-Q4,87132.32285190972,11.375183194481009
CAN,Canada,2016,1,2016.0,2016-Q1,89226.24213938502,11.398930469689143
CAN,Canada,2016,2,2016.25,2016-Q2,86478.08686621785,11.367646329799863
CAN,Canada,2016,3,2016.5,2016-Q3,86801.1312825039,11.37137493377208
CAN,Canada,2016,4,2016.75,2016-Q4,87669.01320312379,11.38132378870913
CAN,Canada,2017,1,2017.0,2017-Q1,89606.16934093923,11.403179450844231
CAN,Canada,2017,2,2017.25,2017-Q2,88086.31232980615,11.38607243469842
CAN,Canada,2017,3,2017.5,2017-Q3,87242.85693610688,11.376450967786088
CAN,Canada,2017,4,2017.75,2017-Q4,87906.16446242982,11.384025211617317
CAN,Canada,2018,1,2018.0,2018-Q1,90186.42899201073,11.409634240097255
CAN,Canada,2018,2,2018.25,2018-Q2,88677.65101825532,11.392763175087312
CAN,Canada,2018,3,2018.5,2018-Q3,88348.8864323078,11.38904887361983
CAN,Canada,2018,4,2018.75,2018-Q4,88810.5601799708,11.394260842855344
CAN,Canada,2019,1,2019.0,2019-Q1,90075.1066787644,11.408399119948253
CAN,Canada,2019,2,2019.25,2019-Q2,88519.8229457717,11.39098179400225
CAN,Canada,2019,3,2019.5,2019-Q3,88222.47146528075,11.38761698806227
CAN,Canada,2019,4,2019.75,2019-Q4,89071.76101583391,11.397197627374894
CAN,Canada,2020,1,2020.0,2020-Q1,90370.9088727624,11.411677690085247
CAN,Canada,2020,2,2020.25,2020-Q2,88831.74261183951,11.394499326951037
CAN,Canada,2020,3,2020.5,2020-Q3,88595.77694601336,11.39183947119098
CAN,Canada,2020,4,2020.75,2020-Q4,88837.18525652385,11.394560594216522
CAN,Canada,2021,1,2021.0,2021-Q1,91804.39825478233,11.427415486733013
CAN,Canada,2021,2,2021.25,2021-Q2,89219.97801824943,11.398860262305286
CAN,Canada,2021,3,2021.5,2021-Q3,89134.9812234733,11.397907142733258
CAN,Canada,2021,4,2021.75,2021-Q4,89956.60632610763,11.407082681107646
CAN,Canada,2022,1,2022.0,2022-Q1,91715.83038038824,11.426450275628723
CAN,Canada,2022,2,2022.25,2022-Q2,89770.79497714598,11.405014978422184
CAN,Canada,2022,3,2022.5,2022-Q3,90352.45932922736,11.411473515674569
CAN,Canada,2022,4,2022.75,2022-Q4,90345.27061374436,11.4113939494787
CAN,Canada,2023,1,2023.0,2023-Q1,91428.84444351798,11.423316292377061
CAN,Canada,2023,2,2023.25,2023-Q2,89237.42650932047,11.399055810270054
CAN,Canada,2023,3,2023.5,2023-Q3,88805.45329535425,11.394203338078404
CAN,Canada,2023,4,2023.75,2023-Q4,88992.24513732697,11.39630451162949
CAN,Canada,2024,1,2024.0,2024-Q1,90314.22532743595,11.41105026107802
CAN,Canada,2024,2,2024.25,2024-Q2,88824.96377524557,11.394423013067536
CAN,Canada,2024,3,2024.5,2024-Q3,89424.29362906855,11.401147665064078
CAN,Canada,2024,4,2024.75,2024-Q4,90214.82707780768,11.40994907256184
CAN,Canada,2025,1,2025.0,2025-Q1,91352.54825807076,11.422481456962462
CAN,Canada,2025,2,2025.25,2025-Q2,89240.77704496382,11.399093355870324
CAN,Canada,2025,3,2025.5,2025-Q3,89919.46470586908,11.406669712105673
CAN,Canada,2025,4,2025.75,2025-Q4,89744.24736121146,11.404719208042362
CAN,Canada,2026,1,2026.0,2026-Q1,91156.13419918632,11.420329075694152
CAN,Canada,2026,2,2026.25,2026-Q2,89862.8892923806,11.40604033537211
CHE,Switzerland,1996,2,1996.25,1996-Q2,128625.29445557074,11.764658762389868
CHE,Switzerland,1997,2,1997.25,1997-Q2,131223.3119669568,11.784655822383405
CHE,Switzerland,1998,2,1998.25,1998-Q2,133949.70845209286,11.805219698427592
CHE,Switzerland,1999,2,1999.25,1999-Q2,133323.85649458948,11.800536458605391
CHE,Switzerland,2000,2,2000.25,2000-Q2,137944.34450510642,11.834605582104112
CHE,Switzerland,2001,2,2001.25,2001-Q2,139140.90402922928,11.843242396719925
CHE,Switzerland,2002,2,2002.25,2002-Q2,138838.5512748104,11.841067035426976
CHE,Switzerland,2003,2,2003.25,2003-Q2,137150.10198254854,11.828831239949494
CHE,Switzerland,2004,2,2004.25,2004-Q2,141859.25993981154,11.862590717907644
CHE,Switzerland,2005,2,2005.25,2005-Q2,144770.89433995218,11.882907732789795
CHE,Switzerland,2006,2,2006.25,2006-Q2,147881.14761979537,11.904164173500543
CHE,Switzerland,2007,2,2007.25,2007-Q2,151628.64723833275,11.929189700290655
CHE,Switzerland,2008,2,2008.25,2008-Q2,152564.71009468383,11.93534411351746
CHE,Switzerland,2009,2,2009.25,2009-Q2,146709.8806679287,11.896212314745918
CHE,Switzerland,2010,1,2010.0,2010-Q1,154675.08081102965,11.94908194285601
CHE,Switzerland,2010,2,2010.25,2010-Q2,153960.2763561088,11.94444990238249
CHE,Switzerland,2010,3,2010.5,2010-Q3,154013.6151326174,11.944796287439898
CHE,Switzerland,2010,4,2010.75,2010-Q4,154799.6985598319,11.94988729284796
CHE,Switzerland,2011,1,2011.0,2011-Q1,154283.99725733174,11.946550321095497
CHE,Switzerland,2011,2,2011.25,2011-Q2,153909.3735170546,11.944119224515807
CHE,Switzerland,2011,3,2011.5,2011-Q3,153002.75994407866,11.938211239062062
CHE,Switzerland,2011,4,2011.75,2011-Q4,152089.34108423485,11.932223397450132
CHE,Switzerland,2012,1,2012.0,2012-Q1,153601.2396588495,11.942115170358775
CHE,Switzerland,2012,2,2012.25,2012-Q2,152898.9684349893,11.937532645229838
CHE,Switzerland,2012,3,2012.5,2012-Q3,152964.4570962414,11.93796086682671
CHE,Switzerland,2012,4,2012.75,2012-Q4,153423.5382038891,11.940957599454952
CHE,Switzerland,2013,1,2013.0,2013-Q1,154591.33409640114,11.948540359854178
CHE,Switzerland,2013,2,2013.25,2013-Q2,154536.20774175122,11.948183702178795
CHE,Switzerland,2013,3,2013.5,2013-Q3,155330.18853146903,11.953308378729165
CHE,Switzerland,2013,4,2013.75,2013-Q4,153915.13947749214,11.944156687162184
CHE,Switzerland,2014,1,2014.0,2014-Q1,156613.42473955266,11.961535785170762
CHE,Switzerland,2014,2,2014.25,2014-Q2,155728.03993170563,11.955866431085804
CHE,Switzerland,2014,3,2014.5,2014-Q3,156545.08744422937,11.96109934615506
CHE,Switzerland,2014,4,2014.75,2014-Q4,154382.49888765014,11.947188560975059
CHE,Switzerland,2015,1,2015.0,2015-Q1,155044.10276132205,11.951464889373291
CHE,Switzerland,2015,2,2015.25,2015-Q2,155131.73522799023,11.952029939633608
CHE,Switzerland,2015,3,2015.5,2015-Q3,156579.0169464547,11.96131606215924
CHE,Switzerland,2015,4,2015.75,2015-Q4,155514.637880656,11.954495140451819
CHE,Switzerland,2016,1,2016.0,2016-Q1,156640.07468371317,11.961705934549931
CHE,Switzerland,2016,2,2016.25,2016-Q2,156641.10305426,11.961712499710048
CHE,Switzerland,2016,3,2016.5,2016-Q3,156984.44244530558,11.96390198671538
CHE,Switzerland,2016,4,2016.75,2016-Q4,154856.52661346685,11.950254332485166
CHE,Switzerland,2017,1,2017.0,2017-Q1,156789.0404237518,11.962656489198972
CHE,Switzerland,2017,2,2017.25,2017-Q2,156626.89700278305,11.961621803874635
CHE,Switzerland,2017,3,2017.5,2017-Q3,157941.58915589022,11.969980554770551
CHE,Switzerland,2017,4,2017.75,2017-Q4,158477.92805774586,11.973370607446395
CHE,Switzerland,2018,1,2018.0,2018-Q1,161791.32219877903,11.994062649280588
CHE,Switzerland,2018,2,2018.25,2018-Q2,162094.2336339734,11.995933134197598
CHE,Switzerland,2018,3,2018.5,2018-Q3,160768.3398040809,11.987719724575609
CHE,Switzerland,2018,4,2018.75,2018-Q4,160839.90821778256,11.988164790368064
CHE,Switzerland,2019,1,2019.0,2019-Q1,162110.80548343388,11.996035364869398
CHE,Switzerland,2019,2,2019.25,2019-Q2,161427.05598938375,11.991808653912761
CHE,Switzerland,2019,3,2019.5,2019-Q3,163079.82374384583,12.001995076136959
CHE,Switzerland,2019,4,2019.75,2019-Q4,161881.95263964028,11.994622661183179
CHE,Switzerland,2020,1,2020.0,2020-Q1,160733.37842251852,11.987502236582742
CHE,Switzerland,2020,2,2020.25,2020-Q2,153003.73805683883,11.938217631820168
CHE,Switzerland,2020,3,2020.5,2020-Q3,160714.2785892186,11.987383400231593
CHE,Switzerland,2020,4,2020.75,2020-Q4,160115.3053589377,11.983649493159684
CHE,Switzerland,2021,1,2021.0,2021-Q1,164513.7344434674,12.010749337759849
CHE,Switzerland,2021,2,2021.25,2021-Q2,168601.21384746014,12.035291524093727
CHE,Switzerland,2021,3,2021.5,2021-Q3,169923.97473241456,12.043106408548937
CHE,Switzerland,2021,4,2021.75,2021-Q4,169072.53868048565,12.03808312477684
CHE,Switzerland,2022,1,2022.0,2022-Q1,172073.62034238564,12.055677689465343
CHE,Switzerland,2022,2,2022.25,2022-Q2,173112.04386208308,12.061694316225605
CHE,Switzerland,2022,3,2022.5,2022-Q3,172998.5521226052,12.061038504211398
CHE,Switzerland,2022,4,2022.75,2022-Q4,171436.182669145,12.051966363620659
CHE,Switzerland,2023,1,2023.0,2023-Q1,172107.65278088208,12.055875448270164
CHE,Switzerland,2023,2,2023.25,2023-Q2,169942.88085859423,12.043217664624002
CHE,Switzerland,2023,3,2023.5,2023-Q3,170962.20344437932,12.049197778564507
CHE,Switzerland,2023,4,2023.75,2023-Q4,170080.04648724847,12.044024466901517
CHE,Switzerland,2024,1,2024.0,2024-Q1,171590.74234976154,12.052867515569986
CHE,Switzerland,2024,2,2024.25,2024-Q2,172315.83976945103,12.057084349628093
CHE,Switzerland,2024,3,2024.5,2024-Q3,173472.81018222816,12.063776152441084
CHE,Switzerland,2024,4,2024.75,2024-Q4,172111.06383820597,12.055895267397709
CHE,Switzerland,2025,1,2025.0,2025-Q1,175523.50756164486,12.075528259138261
CHE,Switzerland,2025,2,2025.25,2025-Q2,174899.95793320407,12.071969420487534
CHE,Switzerland,2025,3,2025.5,2025-Q3,174546.86864003137,12.069948572756289
CHE,Switzerland,2025,4,2025.75,2025-Q4,174190.5823348432,12.067905279567379
CHE,Switzerland,2026,1,2026.0,2026-Q1,176848.2262732939,12.083047165028871
CHL,Chile,2010,1,2010.0,2010-Q1,26839.85076667248,10.197643030961087
CHL,Chile,2010,2,2010.25,2010-Q2,27511.21812438339,10.222349132268867
CHL,Chile,2010,3,2010.5,2010-Q3,27520.644927099725,10.222691726623696
CHL,Chile,2010,4,2010.75,2010-Q4,27179.639860009967,10.210223437433758
CHL,Chile,2011,1,2011.0,2011-Q1,27302.939165892672,10.21474963713225
CHL,Chile,2011,2,2011.25,2011-Q2,27387.71477073649,10.217849825798542
CHL,Chile,2011,3,2011.5,2011-Q3,27620.03946886098,10.226296855957953
CHL,Chile,2011,4,2011.75,2011-Q4,27878.179090463644,10.235599550347812
CHL,Chile,2012,1,2012.0,2012-Q1,28196.672926190746,10.246959268625105
CHL,Chile,2012,2,2012.25,2012-Q2,28858.78930374275,10.270169880780644
CHL,Chile,2012,3,2012.5,2012-Q3,28885.388407927127,10.271091154824878
CHL,Chile,2012,4,2012.75,2012-Q4,28772.81277068362,10.267186219256535
CHL,Chile,2013,1,2013.0,2013-Q1,28883.195563075653,10.271015236576522
CHL,Chile,2013,2,2013.25,2013-Q2,29073.5467889284,10.27758399467355
CHL,Chile,2013,3,2013.5,2013-Q3,29220.85086937813,10.282637804298187
CHL,Chile,2013,4,2013.75,2013-Q4,28821.872809138,10.26888985041022
CHL,Chile,2014,1,2014.0,2014-Q1,28884.10684836377,10.27104678678746
CHL,Chile,2014,2,2014.25,2014-Q2,29249.53835291597,10.283619069729161
CHL,Chile,2014,3,2014.5,2014-Q3,29232.77699065836,10.283045858404744
CHL,Chile,2014,4,2014.75,2014-Q4,28987.79720259965,10.274630234296037
CHL,Chile,2015,1,2015.0,2015-Q1,29233.86653189038,10.283083128929148
CHL,Chile,2015,2,2015.25,2015-Q2,29558.22545232094,10.294117341200634
CHL,Chile,2015,3,2015.5,2015-Q3,29112.25831208386,10.278914612297555
CHL,Chile,2015,4,2015.75,2015-Q4,28906.65010053271,10.271826954914772
CHL,Chile,2016,1,2016.0,2016-Q1,29439.88620846685,10.29010570763381
CHL,Chile,2016,2,2016.25,2016-Q2,29405.658652152,10.288942405968209
CHL,Chile,2016,3,2016.5,2016-Q3,29451.18509038632,10.290489429030242
CHL,Chile,2016,4,2016.75,2016-Q4,29001.33892423433,10.275097277704003
CHL,Chile,2017,1,2017.0,2017-Q1,28880.792426965352,10.270932031237164
CHL,Chile,2017,2,2017.25,2017-Q2,29124.44447031152,10.27933311670537
CHL,Chile,2017,3,2017.5,2017-Q3,29357.636535094767,10.287307980002321
CHL,Chile,2017,4,2017.75,2017-Q4,29033.03986520041,10.276189766148967
CHL,Chile,2018,1,2018.0,2018-Q1,29424.64724324923,10.289587943721841
CHL,Chile,2018,2,2018.25,2018-Q2,29760.813198189026,10.300947813781667
CHL,Chile,2018,3,2018.5,2018-Q3,29818.730542946865,10.302892016753514
CHL,Chile,2018,4,2018.75,2018-Q4,29496.386013781583,10.292023026815789
CHL,Chile,2019,1,2019.0,2019-Q1,29495.57900227881,10.2919956667676
CHL,Chile,2019,2,2019.25,2019-Q2,29747.03684744264,10.300484804246556
CHL,Chile,2019,3,2019.5,2019-Q3,29429.019961706108,10.289736540017454
CHL,Chile,2019,4,2019.75,2019-Q4,27991.21461559505,10.239645976194454
CHL,Chile,2020,1,2020.0,2020-Q1,29005.660595494952,10.275246282869048
CHL,Chile,2020,2,2020.25,2020-Q2,31781.77983319051,10.36664844334284
CHL,Chile,2020,3,2020.5,2020-Q3,32355.032476369957,10.384524851242059
CHL,Chile,2020,4,2020.75,2020-Q4,31625.11007547709,10.36170670667126
CHL,Chile,2021,1,2021.0,2021-Q1,32393.83685780709,10.385723463248166
CHL,Chile,2021,2,2021.25,2021-Q2,33225.816363847654,10.411082454050023
CHL,Chile,2021,3,2021.5,2021-Q3,33342.10641690497,10.414576334180197
CHL,Chile,2021,4,2021.75,2021-Q4,32623.2152227566,10.392779437312686
CHL,Chile,2022,1,2022.0,2022-Q1,31742.175286428177,10.365401526276067
CHL,Chile,2022,2,2022.25,2022-Q2,31733.0355021072,10.365113546629505
CHL,Chile,2022,3,2022.5,2022-Q3,31429.48479994263,10.355501737673256
CHL,Chile,2022,4,2022.75,2022-Q4,30910.314751134083,10.338845217899749
CHL,Chile,2023,1,2023.0,2023-Q1,30925.97782997318,10.339351816161717
CHL,Chile,2023,2,2023.25,2023-Q2,30970.064773274786,10.340776364449555
CHL,Chile,2023,3,2023.5,2023-Q3,31274.247028539743,10.350550259219217
CHL,Chile,2023,4,2023.75,2023-Q4,30657.8983462982,10.330645602988877
CHL,Chile,2024,1,2024.0,2024-Q1,30725.42326504905,10.332845710256324
CHL,Chile,2024,2,2024.25,2024-Q2,30540.38803194905,10.326805284387685
CHL,Chile,2024,3,2024.5,2024-Q3,31286.34232642957,10.3509369339026
CHL,Chile,2024,4,2024.75,2024-Q4,31350.840642968036,10.352996360469279
CHL,Chile,2025,1,2025.0,2025-Q1,31326.64405608404,10.35222426222053
CHL,Chile,2025,2,2025.25,2025-Q2,31793.93524280406,10.367030834944636
CHL,Chile,2025,3,2025.5,2025-Q3,31460.8912936744,10.356500507224126
CHL,Chile,2025,4,2025.75,2025-Q4,31251.254904383863,10.349814811298563
CHL,Chile,2026,2,2026.25,2026-Q2,31395.28015648786,10.354412847110492
CHN,"China, People's Republic of",2011,1,2011.0,2011-Q1,9689.56902571259,9.178805227705066
CHN,"China, People's Republic of",2011,2,2011.25,2011-Q2,10796.91570837292,9.287015789767784
CHN,"China, People's Republic of",2011,3,2011.5,2011-Q3,11275.004899954549,9.330343598956555
CHN,"China, People's Republic of",2011,4,2011.75,2011-Q4,12418.966705775008,9.42698015603414
CHN,"China, People's Republic of",2012,1,2012.0,2012-Q1,10433.163816974818,9.252744840153843
CHN,"China, People's Republic of",2012,2,2012.25,2012-Q2,11580.162345594536,9.357048770510108
CHN,"China, People's Republic of",2012,3,2012.5,2012-Q3,12080.727132551998,9.399366662769328
CHN,"China, People's Republic of",2012,4,2012.75,2012-Q4,13380.349724763384,9.501542471215323
CHN,"China, People's Republic of",2013,1,2013.0,2013-Q1,11217.743876339024,9.32525207831709
CHN,"China, People's Republic of",2013,2,2013.25,2013-Q2,12413.570401067462,9.426545540370887
CHN,"China, People's Republic of",2013,3,2013.5,2013-Q3,12994.231612964584,9.472260815890253
CHN,"China, People's Republic of",2013,4,2013.75,2013-Q4,14359.082082185803,9.57213791870577
CHN,"China, People's Republic of",2014,1,2014.0,2014-Q1,12025.084058053186,9.394750085224223
CHN,"China, People's Republic of",2014,2,2014.25,2014-Q2,13316.397387446992,9.49675144110386
CHN,"China, People's Republic of",2014,3,2014.5,2014-Q3,13891.958799546775,9.539065448091266
CHN,"China, People's Republic of",2014,4,2014.75,2014-Q4,15367.284180212251,9.639996124772495
CHN,"China, People's Republic of",2015,1,2015.0,2015-Q1,12835.527754260907,9.459972210828498
CHN,"China, People's Republic of",2015,2,2015.25,2015-Q2,14218.496074596713,9.562298936483995
COL,Colombia,2007,1,2007.0,2007-Q1,12802.742891935217,9.45741471538366
COL,Colombia,2007,2,2007.25,2007-Q2,12523.401661107388,9.435354305922342
COL,Colombia,2007,3,2007.5,2007-Q3,12771.057674074744,9.454936770504759
COL,Colombia,2007,4,2007.75,2007-Q4,12456.449692682148,9.429993815357511
COL,Colombia,2008,1,2008.0,2008-Q1,12901.178691936966,9.465073957643627
COL,Colombia,2008,2,2008.25,2008-Q2,12706.413848638304,9.449862172415074
COL,Colombia,2008,3,2008.5,2008-Q3,12921.238926726524,9.466627664900729
COL,Colombia,2008,4,2008.75,2008-Q4,12611.98983239332,9.44240321447951
COL,Colombia,2009,1,2009.0,2009-Q1,12590.757551935,9.440718296152342
COL,Colombia,2009,2,2009.25,2009-Q2,12173.679971361276,9.407031520829356
COL,Colombia,2009,3,2009.5,2009-Q3,12385.510153406474,9.424282532306975
COL,Colombia,2009,4,2009.75,2009-Q4,12004.16441053117,9.393008902778623
COL,Colombia,2010,1,2010.0,2010-Q1,12689.453690094597,9.44852650935578
COL,Colombia,2010,2,2010.25,2010-Q2,12533.937960063504,9.436195281040721
COL,Colombia,2010,3,2010.5,2010-Q3,12534.879074399185,9.436270363509497
COL,Colombia,2010,4,2010.75,2010-Q4,12525.385246163054,9.435512683656734
COL,Colombia,2011,1,2011.0,2011-Q1,13127.546805885966,9.482468110989258
COL,Colombia,2011,2,2011.25,2011-Q2,13044.94978119793,9.476156347904388
COL,Colombia,2011,3,2011.5,2011-Q3,13158.069169239485,9.484790474452273
COL,Colombia,2011,4,2011.75,2011-Q4,12683.199879987716,9.448033552620588
COL,Colombia,2012,1,2012.0,2012-Q1,13326.336091131874,9.497497513510725
COL,Colombia,2012,2,2012.25,2012-Q2,13069.345640634969,9.478024739613977
COL,Colombia,2012,3,2012.5,2012-Q3,13111.15627391435,9.481218770726235
COL,Colombia,2012,4,2012.75,2012-Q4,13005.11816615191,9.473098264050769
COL,Colombia,2013,1,2013.0,2013-Q1,13690.082226549335,9.52442692458654
COL,Colombia,2013,2,2013.25,2013-Q2,13663.70695365243,9.522498469197991
COL,Colombia,2013,3,2013.5,2013-Q3,13645.9434780294,9.521197575349305
COL,Colombia,2013,4,2013.75,2013-Q4,13545.472325213455,9.513807624728015
COL,Colombia,2014,1,2014.0,2014-Q1,14207.781099553968,9.561545058268809
COL,Colombia,2014,2,2014.25,2014-Q2,13834.443138407503,9.534916641205507
COL,Colombia,2014,3,2014.5,2014-Q3,13915.46173004158,9.54075585558997
COL,Colombia,2014,4,2014.75,2014-Q4,13734.633811129386,9.52767593717137
COL,Colombia,2015,1,2015.0,2015-Q1,14336.564435170523,9.570568506312604
COL,Colombia,2015,2,2015.25,2015-Q2,14021.49630324714,9.548346881230902
COL,Colombia,2015,3,2015.5,2015-Q3,14190.268355278276,9.560311681552312
COL,Colombia,2015,4,2015.75,2015-Q4,13746.523627017465,9.528541244002549
COL,Colombia,2016,1,2016.0,2016-Q1,14641.739188983058,9.591631577521175
COL,Colombia,2016,2,2016.25,2016-Q2,14209.75413921786,9.561683918986354
COL,Colombia,2016,3,2016.5,2016-Q3,14380.998991068514,9.573663099729123
COL,Colombia,2016,4,2016.75,2016-Q4,14042.013810149629,9.549809101065504
COL,Colombia,2017,1,2017.0,2017-Q1,14636.937139944115,9.59130355387502
COL,Colombia,2017,2,2017.25,2017-Q2,14243.810251901125,9.564077723043924
COL,Colombia,2017,3,2017.5,2017-Q3,14442.009293568512,9.577896550520718
COL,Colombia,2017,4,2017.75,2017-Q4,14191.92782282124,9.560428618771295
COL,Colombia,2018,1,2018.0,2018-Q1,14899.29833553522,9.60906939924989
COL,Colombia,2018,2,2018.25,2018-Q2,14514.013525740853,9.582869911747586
COL,Colombia,2018,3,2018.5,2018-Q3,14630.438118886748,9.59085944017458
COL,Colombia,2018,4,2018.75,2018-Q4,14537.61642262102,9.58449480522966
COL,Colombia,2019,1,2019.0,2019-Q1,15182.795785616689,9.62791820959195
COL,Colombia,2019,2,2019.25,2019-Q2,15060.3715251924,9.619822170717084
COL,Colombia,2019,3,2019.5,2019-Q3,15256.845140128438,9.63278354297507
COL,Colombia,2019,4,2019.75,2019-Q4,14839.176470770357,9.60502602129813
COL,Colombia,2020,1,2020.0,2020-Q1,15571.93444010658,9.653225498607599
COL,Colombia,2020,2,2020.25,2020-Q2,15918.265234795135,9.675222485797345
COL,Colombia,2020,3,2020.5,2020-Q3,15850.648448471373,9.670965690044051
COL,Colombia,2020,4,2020.75,2020-Q4,15362.679739573485,9.639696453696716
COL,Colombia,2021,1,2021.0,2021-Q1,15869.690330822274,9.672166300464434
COL,Colombia,2021,2,2021.25,2021-Q2,15467.364214590923,9.646487548610569
COL,Colombia,2021,3,2021.5,2021-Q3,15994.038704437397,9.67997135082372
COL,Colombia,2021,4,2021.75,2021-Q4,16393.48824509483,9.704639476737874
COL,Colombia,2022,1,2022.0,2022-Q1,16362.15396155034,9.702726261731753
COL,Colombia,2022,2,2022.25,2022-Q2,16129.963737762768,9.688433922992907
COL,Colombia,2022,3,2022.5,2022-Q3,16121.83202224788,9.68792965862588
COL,Colombia,2022,4,2022.75,2022-Q4,15806.756209627223,9.668192735820979
COL,Colombia,2023,1,2023.0,2023-Q1,16178.173552883223,9.69141830122979
COL,Colombia,2023,2,2023.25,2023-Q2,15680.14438109699,9.66015050184013
COL,Colombia,2023,3,2023.5,2023-Q3,15401.857913664177,9.642243424869276
COL,Colombia,2023,4,2023.75,2023-Q4,15552.368951775772,9.651968250169832
COL,Colombia,2024,1,2024.0,2024-Q1,16112.480630771082,9.68734944512235
COL,Colombia,2024,2,2024.25,2024-Q2,15764.3143097662,9.66550407656869
COL,Colombia,2024,3,2024.5,2024-Q3,15567.511615624762,9.65294143289213
COL,Colombia,2024,4,2024.75,2024-Q4,15616.589996312725,9.656089089465343
COL,Colombia,2025,1,2025.0,2025-Q1,15782.15921644412,9.666635417513435
COL,Colombia,2025,2,2025.25,2025-Q2,15638.024948118633,9.657460724035445
COL,Colombia,2025,3,2025.5,2025-Q3,15734.139147972077,9.663588098626112
COL,Colombia,2025,4,2025.75,2025-Q4,15372.778079146214,9.640353567053912
COL,Colombia,2026,1,2026.0,2026-Q1,15799.475075742204,9.66773199540887
CPV,Cabo Verde,2009,3,2009.5,2009-Q3,11297.06572717309,9.332298300818625
CPV,Cabo Verde,2009,4,2009.75,2009-Q4,11563.786555641156,9.355633645307742
CPV,Cabo Verde,2010,1,2010.0,2010-Q1,11353.275539287966,9.337261575044241
CPV,Cabo Verde,2010,2,2010.25,2010-Q2,11716.25558584754,9.368732522821281
CPV,Cabo Verde,2010,3,2010.5,2010-Q3,11687.432892763552,9.366269431784826
CPV,Cabo Verde,2010,4,2010.75,2010-Q4,12048.313015832566,9.396679930431976
CPV,Cabo Verde,2011,1,2011.0,2011-Q1,11718.604043372585,9.368932947109718
CPV,Cabo Verde,2011,2,2011.25,2011-Q2,12229.266708190898,9.41158726843645
CPV,Cabo Verde,2011,3,2011.5,2011-Q3,12623.18825733264,9.443290739476131
CPV,Cabo Verde,2011,4,2011.75,2011-Q4,13444.802008638935,9.506347842572888
CPV,Cabo Verde,2012,1,2012.0,2012-Q1,12545.923483501749,9.437151069762093
CPV,Cabo Verde,2012,2,2012.25,2012-Q2,12700.806520609993,9.449420775990133
CPV,Cabo Verde,2012,3,2012.5,2012-Q3,12922.62497918022,9.46673492846318
CPV,Cabo Verde,2012,4,2012.75,2012-Q4,13838.951823863576,9.535242491033628
CPV,Cabo Verde,2013,1,2013.0,2013-Q1,13318.125886601774,9.496881234991248
CPV,Cabo Verde,2013,2,2013.25,2013-Q2,13075.580351142638,9.47850167426874
CPV,Cabo Verde,2013,3,2013.5,2013-Q3,13290.042922129249,9.494770381358151
CPV,Cabo Verde,2013,4,2013.75,2013-Q4,14200.525556720077,9.561034253941086
CPV,Cabo Verde,2014,1,2014.0,2014-Q1,13663.87687898653,9.522510905374943
CPV,Cabo Verde,2014,2,2014.25,2014-Q2,13609.139046911116,9.51849683478427
CPV,Cabo Verde,2014,3,2014.5,2014-Q3,13979.641754636696,9.545357389896992
CPV,Cabo Verde,2014,4,2014.75,2014-Q4,14666.98115510249,9.593354066395756
CPV,Cabo Verde,2015,1,2015.0,2015-Q1,14264.596730999689,9.565535993426739
CPV,Cabo Verde,2015,2,2015.25,2015-Q2,14315.793576166496,9.569118652682107
CPV,Cabo Verde,2015,3,2015.5,2015-Q3,13471.45241918588,9.508328089811764
CPV,Cabo Verde,2015,4,2015.75,2015-Q4,13578.52392662713,9.51624470055309
CPV,Cabo Verde,2016,1,2016.0,2016-Q1,12271.488936963868,9.41503387809873
CPV,Cabo Verde,2016,2,2016.25,2016-Q2,11291.105209282476,9.331770545114479
CPV,Cabo Verde,2016,3,2016.5,2016-Q3,10936.208993282104,9.29983448879928
CPV,Cabo Verde,2016,4,2016.75,2016-Q4,10715.85775878948,9.279479956853883
CPV,Cabo Verde,2017,1,2017.0,2017-Q1,10198.277365100375,9.229974099235081
CPV,Cabo Verde,2017,2,2017.25,2017-Q2,9357.277957166005,9.143909710634214
CPV,Cabo Verde,2017,3,2017.5,2017-Q3,9213.419940688038,9.128416389388711
CPV,Cabo Verde,2017,4,2017.75,2017-Q4,9913.676446530852,9.201670542031295
CPV,Cabo Verde,2018,1,2018.0,2018-Q1,9582.838969945476,9.167729170481977
CPV,Cabo Verde,2018,2,2018.25,2018-Q2,9894.685374563143,9.199753061125202
CPV,Cabo Verde,2018,3,2018.5,2018-Q3,10211.268474760604,9.231247141909979
CPV,Cabo Verde,2018,4,2018.75,2018-Q4,10378.517702162266,9.247493343262626
CPV,Cabo Verde,2019,1,2019.0,2019-Q1,10154.678984922852,9.225689861985815
CPV,Cabo Verde,2019,2,2019.25,2019-Q2,9911.306426548415,9.201431447752233
CRI,Costa Rica,2010,3,2010.5,2010-Q3,24348.646481352527,10.100231540984362
CRI,Costa Rica,2010,4,2010.75,2010-Q4,24560.501820814115,10.10889481449591
CRI,Costa Rica,2011,1,2011.0,2011-Q1,25687.657000128424,10.153765883147054
CRI,Costa Rica,2011,2,2011.25,2011-Q2,26854.30601221132,10.198181459972929
CRI,Costa Rica,2011,3,2011.5,2011-Q3,25772.18752341211,10.15705118647807
CRI,Costa Rica,2011,4,2011.75,2011-Q4,24936.996194412128,10.124107770697801
CRI,Costa Rica,2012,1,2012.0,2012-Q1,24446.59419305808,10.104246188392876
CRI,Costa Rica,2012,2,2012.25,2012-Q2,25039.088385166546,10.128193418208118
CRI,Costa Rica,2012,3,2012.5,2012-Q3,24761.873045147902,10.11706037196434
CRI,Costa Rica,2012,4,2012.75,2012-Q4,25302.54426938924,10.13866023366687
CRI,Costa Rica,2013,1,2013.0,2013-Q1,25522.80679163791,10.147327715409281
CRI,Costa Rica,2013,2,2013.25,2013-Q2,24949.134141416933,10.124594396826652
CRI,Costa Rica,2013,3,2013.5,2013-Q3,25172.11271464953,10.13349202241566
CRI,Costa Rica,2013,4,2013.75,2013-Q4,24693.2474104828,10.114285101048818
CRI,Costa Rica,2014,1,2014.0,2014-Q1,25073.65239450734,10.129572868395195
CRI,Costa Rica,2014,2,2014.25,2014-Q2,25466.540851179863,10.145120746075602
CRI,Costa Rica,2014,3,2014.5,2014-Q3,25340.31604130073,10.140151925829743
CRI,Costa Rica,2014,4,2014.75,2014-Q4,25653.494810823973,10.152435091252395
CRI,Costa Rica,2015,1,2015.0,2015-Q1,25909.289614787267,10.162356855765674
CRI,Costa Rica,2015,2,2015.25,2015-Q2,25971.49480822872,10.164754862038793
CRI,Costa Rica,2015,3,2015.5,2015-Q3,26754.172819924577,10.194445733426676
CRI,Costa Rica,2015,4,2015.75,2015-Q4,27024.16120226956,10.204486604181861
CRI,Costa Rica,2016,1,2016.0,2016-Q1,28201.87654551048,10.247143798879279
CRI,Costa Rica,2016,2,2016.25,2016-Q2,28531.94468385644,10.258779604655563
CRI,Costa Rica,2016,3,2016.5,2016-Q3,28817.53472053536,10.268739325316478
CRI,Costa Rica,2016,4,2016.75,2016-Q4,27970.79118813464,10.238916072822558
CRI,Costa Rica,2017,1,2017.0,2017-Q1,28134.29982454996,10.244744745279053
CRI,Costa Rica,2017,2,2017.25,2017-Q2,28588.537845776453,10.26076114185313
CRI,Costa Rica,2017,3,2017.5,2017-Q3,28780.019339241844,10.26743665240923
CRI,Costa Rica,2017,4,2017.75,2017-Q4,30231.68350385823,10.316645776062717
CRI,Costa Rica,2018,1,2018.0,2018-Q1,30120.332304928423,10.312955714553118
CRI,Costa Rica,2018,2,2018.25,2018-Q2,28184.12018013988,10.246513984138433
CRI,Costa Rica,2018,3,2018.5,2018-Q3,28307.05009159248,10.25086617245039
CRI,Costa Rica,2018,4,2018.75,2018-Q4,27960.39032440215,10.238544156350525
CRI,Costa Rica,2019,1,2019.0,2019-Q1,28299.59379014606,10.250602729823227
CRI,Costa Rica,2019,2,2019.25,2019-Q2,28643.8537145477,10.262694169094788
CRI,Costa Rica,2019,3,2019.5,2019-Q3,28756.83837939341,10.266630874616636
CRI,Costa Rica,2019,4,2019.75,2019-Q4,28753.015247190327,10.266497918889309
CRI,Costa Rica,2020,1,2020.0,2020-Q1,28557.901309864483,10.25968893020531
CRI,Costa Rica,2020,2,2020.25,2020-Q2,32624.55626895724,10.392820543581
CRI,Costa Rica,2020,3,2020.5,2020-Q3,31219.170723379808,10.348787631364933
CRI,Costa Rica,2020,4,2020.75,2020-Q4,30513.69751320626,10.325930960574471
CRI,Costa Rica,2021,1,2021.0,2021-Q1,31297.094994947187,10.351280560557946
CRI,Costa Rica,2021,2,2021.25,2021-Q2,32312.667914284557,10.383214627810887
CRI,Costa Rica,2021,3,2021.5,2021-Q3,31484.019176816,10.357235368359348
CRI,Costa Rica,2021,4,2021.75,2021-Q4,31406.551900086008,10.354771809368442
CRI,Costa Rica,2022,1,2022.0,2022-Q1,31834.53450656924,10.36830697027949
CRI,Costa Rica,2022,2,2022.25,2022-Q2,31250.31834310174,10.349784842091916
CRI,Costa Rica,2022,3,2022.5,2022-Q3,31281.36425607929,10.350777808032955
CRI,Costa Rica,2022,4,2022.75,2022-Q4,32270.00615078787,10.381893475649889
CRI,Costa Rica,2023,1,2023.0,2023-Q1,33634.96859313507,10.42332153670381
CRI,Costa Rica,2023,2,2023.25,2023-Q2,33687.70123529831,10.424888101223072
CRI,Costa Rica,2023,3,2023.5,2023-Q3,34694.695293978504,10.454342080876248
CRI,Costa Rica,2023,4,2023.75,2023-Q4,35148.65425513735,10.46734161073455
CRI,Costa Rica,2024,1,2024.0,2024-Q1,34265.28824999702,10.441888116358596
CRI,Costa Rica,2024,2,2024.25,2024-Q2,34598.594810661765,10.45156834781249
CRI,Costa Rica,2024,3,2024.5,2024-Q3,33487.0230507133,10.418913271144891
CRI,Costa Rica,2024,4,2024.75,2024-Q4,34455.252042464585,10.447416718884698
CRI,Costa Rica,2025,1,2025.0,2025-Q1,34988.97976590279,10.462788427060179
CRI,Costa Rica,2025,2,2025.25,2025-Q2,36773.28797595279,10.512526990367007
CRI,Costa Rica,2025,3,2025.5,2025-Q3,36310.8006561395,10.499870514733695
CRI,Costa Rica,2025,4,2025.75,2025-Q4,36723.17943097781,10.511163426797035
CRI,Costa Rica,2026,1,2026.0,2026-Q1,37333.29630509051,10.527640869780697
CYP,Cyprus,1999,2,1999.25,1999-Q2,51821.30597256363,10.855556655893547
CYP,Cyprus,2000,2,2000.25,2000-Q2,53788.81960752414,10.892820910567018
CYP,Cyprus,2001,2,2001.25,2001-Q2,51770.60526490784,10.854577801249427
CYP,Cyprus,2002,2,2002.25,2002-Q2,53252.65466454913,10.882802935184442
CYP,Cyprus,2003,2,2003.25,2003-Q2,51792.11416279968,10.854993180419074
CYP,Cyprus,2004,2,2004.25,2004-Q2,53182.41751771664,10.881483122916025
CYP,Cyprus,2004,3,2004.5,2004-Q3,53926.96943204616,10.895385992278841
CYP,Cyprus,2004,4,2004.75,2004-Q4,53961.51592483556,10.896026403419212
CYP,Cyprus,2005,1,2005.0,2005-Q1,54219.95430210729,10.900804280228755
CYP,Cyprus,2005,2,2005.25,2005-Q2,53987.37048330394,10.896505418253417
CYP,Cyprus,2005,3,2005.5,2005-Q3,54508.40614810593,10.906110210007027
CYP,Cyprus,2005,4,2005.75,2005-Q4,54843.78518094838,10.912244153558152
CYP,Cyprus,2006,1,2006.0,2006-Q1,55486.91821477572,10.923902564109188
CYP,Cyprus,2006,2,2006.25,2006-Q2,55526.13611268012,10.924609109835247
CYP,Cyprus,2006,3,2006.5,2006-Q3,55259.24278458172,10.919790895607225
CYP,Cyprus,2006,4,2006.75,2006-Q4,55647.993485668325,10.926801300090826
CYP,Cyprus,2007,1,2007.0,2007-Q1,55571.98466833786,10.925434480380458
CYP,Cyprus,2007,2,2007.25,2007-Q2,54634.602202729686,10.908422700981353
CYP,Cyprus,2007,3,2007.5,2007-Q3,54975.270719346096,10.914638739819134
CYP,Cyprus,2007,4,2007.75,2007-Q4,55306.61812820605,10.920647857170813
CYP,Cyprus,2008,1,2008.0,2008-Q1,56652.81575223871,10.944696969585252
CYP,Cyprus,2008,2,2008.25,2008-Q2,56377.09919937059,10.939818312464196
CYP,Cyprus,2008,3,2008.5,2008-Q3,56686.42336281857,10.945290014179996
CYP,Cyprus,2008,4,2008.75,2008-Q4,55886.34474840788,10.93107534930927
CYP,Cyprus,2009,1,2009.0,2009-Q1,56348.415149153305,10.939309393946465
CYP,Cyprus,2009,2,2009.25,2009-Q2,55243.35128792569,10.919503273458641
CYP,Cyprus,2009,3,2009.5,2009-Q3,54871.648171755005,10.912752067359415
CYP,Cyprus,2009,4,2009.75,2009-Q4,54578.71395943146,10.907399231497216
CYP,Cyprus,2010,1,2010.0,2010-Q1,55588.4840924032,10.925731338146
CYP,Cyprus,2010,2,2010.25,2010-Q2,54594.5695055676,10.907689697181572
CYP,Cyprus,2010,3,2010.5,2010-Q3,54569.59310889775,10.907232103837613
CYP,Cyprus,2010,4,2010.75,2010-Q4,54291.99522308653,10.902132077432265
CYP,Cyprus,2011,1,2011.0,2011-Q1,54524.72492893122,10.906409546195688
CYP,Cyprus,2011,2,2011.25,2011-Q2,54525.51160271397,10.906423973927488
CYP,Cyprus,2011,3,2011.5,2011-Q3,54426.20352668394,10.904600999348077
CYP,Cyprus,2011,4,2011.75,2011-Q4,54806.19072328337,10.911558435958526
CYP,Cyprus,2012,1,2012.0,2012-Q1,55560.21190762031,10.92522261089305
CYP,Cyprus,2012,2,2012.25,2012-Q2,54562.91786926432,10.907109771095849
CYP,Cyprus,2012,3,2012.5,2012-Q3,54330.81527182382,10.902846845356482
CYP,Cyprus,2012,4,2012.75,2012-Q4,53391.52079604373,10.88540722574942
CYP,Cyprus,2013,1,2013.0,2013-Q1,54285.37244616528,10.902010085583106
CYP,Cyprus,2013,2,2013.25,2013-Q2,53483.84534782968,10.887134931170838
CYP,Cyprus,2013,3,2013.5,2013-Q3,53582.93107022092,10.888985846160422
CYP,Cyprus,2013,4,2013.75,2013-Q4,53381.95088060218,10.885227969323326
CYP,Cyprus,2014,1,2014.0,2014-Q1,53882.68434985596,10.8945644501789
CYP,Cyprus,2014,2,2014.25,2014-Q2,52890.27862286452,10.87597483201485
CYP,Cyprus,2014,3,2014.5,2014-Q3,52839.54871452965,10.875015217996642
CYP,Cyprus,2014,4,2014.75,2014-Q4,52688.99190075052,10.8721618303718
CYP,Cyprus,2015,1,2015.0,2015-Q1,55181.510593407824,10.918383223137921
CYP,Cyprus,2015,2,2015.25,2015-Q2,54674.12350914856,10.909145814490977
CYP,Cyprus,2015,3,2015.5,2015-Q3,56064.76144704901,10.934262755950568
CYP,Cyprus,2015,4,2015.75,2015-Q4,56395.9478502453,10.9401525882782
CYP,Cyprus,2016,1,2016.0,2016-Q1,59490.57528554096,10.993573180425008
CYP,Cyprus,2016,2,2016.25,2016-Q2,57251.81484932866,10.955214621338992
CYP,Cyprus,2016,3,2016.5,2016-Q3,58030.86493438268,10.968730302025888
CYP,Cyprus,2016,4,2016.75,2016-Q4,59042.53688156689,10.986013427212447
CYP,Cyprus,2017,1,2017.0,2017-Q1,60738.89792624473,11.014339594316674
CYP,Cyprus,2017,2,2017.25,2017-Q2,58282.1165921497,10.973050577291225
CYP,Cyprus,2017,3,2017.5,2017-Q3,58200.958620314654,10.971657104723308
CYP,Cyprus,2017,4,2017.75,2017-Q4,59277.15810648792,10.989979318646846
CYP,Cyprus,2018,1,2018.0,2018-Q1,60760.32069364321,11.014692234734675
CYP,Cyprus,2018,2,2018.25,2018-Q2,58783.91938218301,10.981623616589426
CYP,Cyprus,2018,3,2018.5,2018-Q3,58437.70000309761,10.975716508538087
CYP,Cyprus,2018,4,2018.75,2018-Q4,60011.69821001602,11.002294792366959
CYP,Cyprus,2019,1,2019.0,2019-Q1,60766.52234305515,11.014794296950106
CYP,Cyprus,2019,2,2019.25,2019-Q2,58803.253751920594,10.981952468272759
CYP,Cyprus,2019,3,2019.5,2019-Q3,59510.87669173627,10.993914376369341
CYP,Cyprus,2019,4,2019.75,2019-Q4,59377.39177759797,10.991668823095692
CYP,Cyprus,2020,1,2020.0,2020-Q1,60116.92977956906,11.004046774358779
CYP,Cyprus,2020,2,2020.25,2020-Q2,52330.279238549134,10.86533043546035
CYP,Cyprus,2020,3,2020.5,2020-Q3,56327.77671198807,10.938943062123297
CYP,Cyprus,2020,4,2020.75,2020-Q4,58683.7741326956,10.979918547378425
CYP,Cyprus,2021,1,2021.0,2021-Q1,61744.08446501178,11.030753451763827
CYP,Cyprus,2021,2,2021.25,2021-Q2,60497.750755351815,11.010361465730337
CYP,Cyprus,2021,3,2021.5,2021-Q3,60580.69739155252,11.011731596425705
CYP,Cyprus,2021,4,2021.75,2021-Q4,61962.83895144257,11.034290112581248
CYP,Cyprus,2022,1,2022.0,2022-Q1,63945.34977492574,11.0657840877864
CYP,Cyprus,2022,2,2022.25,2022-Q2,63182.5788320345,11.053783890744262
CYP,Cyprus,2022,3,2022.5,2022-Q3,63333.42259433901,11.05616847185782
CYP,Cyprus,2022,4,2022.75,2022-Q4,63126.32645821273,11.052893179556296
CYP,Cyprus,2023,1,2023.0,2023-Q1,63796.3197298159,11.063450783183423
CYP,Cyprus,2023,2,2023.25,2023-Q2,63347.37271173755,11.056388712304232
CYP,Cyprus,2023,3,2023.5,2023-Q3,63565.75277111029,11.059830125854969
CYP,Cyprus,2023,4,2023.75,2023-Q4,64905.04014696982,11.080680559876628
CYP,Cyprus,2024,1,2024.0,2024-Q1,66217.43177515423,11.100699027128886
CYP,Cyprus,2024,2,2024.25,2024-Q2,65022.21836978496,11.082484311543876
CYP,Cyprus,2024,3,2024.5,2024-Q3,64968.59049684565,11.081659208962403
CYP,Cyprus,2024,4,2024.75,2024-Q4,65647.85528487436,11.092060210269263
CYP,Cyprus,2025,1,2025.0,2025-Q1,66314.90924994931,11.102170026458081
CYP,Cyprus,2025,2,2025.25,2025-Q2,64970.16657521131,11.081683467750178
CYP,Cyprus,2025,3,2025.5,2025-Q3,65121.36293640161,11.084007930070447
CYP,Cyprus,2025,4,2025.75,2025-Q4,65812.50098491226,11.09456508384176
CYP,Cyprus,2026,1,2026.0,2026-Q1,66059.22605362076,11.098306983066594
CZE,Czech Republic,1995,1,1995.0,1995-Q1,35029.320359689045,10.463940714338717
CZE,Czech Republic,1995,2,1995.25,1995-Q2,35564.88125377766,10.47911394831142
CZE,Czech Republic,1995,3,1995.5,1995-Q3,35877.369605520085,10.487862002602418
CZE,Czech Republic,1995,4,1995.75,1995-Q4,35832.33197525013,10.48660589261454
CZE,Czech Republic,1996,1,1996.0,1996-Q1,36625.8175530601,10.508508668338083
CZE,Czech Republic,1996,2,1996.25,1996-Q2,37038.3282176291,10.51970855322827
CZE,Czech Republic,1996,3,1996.5,1996-Q3,37122.19545063747,10.52197032983428
CZE,Czech Republic,1996,4,1996.75,1996-Q4,36994.8699611883,10.51853453231599
CZE,Czech Republic,1997,1,1997.0,1997-Q1,37074.17926226905,10.520676029533023
CZE,Czech Republic,1997,2,1997.25,1997-Q2,37056.54040222136,10.52020014421961
CZE,Czech Republic,1997,3,1997.5,1997-Q3,36922.27173803543,10.516570218089885
CZE,Czech Republic,1997,4,1997.75,1997-Q4,34190.19668877517,10.439694235432686
CZE,Czech Republic,1998,1,1998.0,1998-Q1,24916.356380715068,10.123279749559394
CZE,Czech Republic,1998,2,1998.25,1998-Q2,25033.14775442493,10.127956135784665
CZE,Czech Republic,1998,3,1998.5,1998-Q3,25113.923777251788,10.131177703474295
CZE,Czech Republic,1998,4,1998.75,1998-Q4,25130.28922934636,10.131829139796768
CZE,Czech Republic,1999,1,1999.0,1999-Q1,25602.585538956253,10.150448622983216
CZE,Czech Republic,1999,2,1999.25,1999-Q2,25702.804753847613,10.154355399319545
CZE,Czech Republic,1999,3,1999.5,1999-Q3,26011.953191516903,10.166311449491687
CZE,Czech Republic,1999,4,1999.75,1999-Q4,26242.18473677621,10.1751234993778
CZE,Czech Republic,2000,1,2000.0,2000-Q1,26930.186590573925,10.201003114507
CZE,Czech Republic,2000,2,2000.25,2000-Q2,27124.142503161416,10.20817947755639
CZE,Czech Republic,2000,3,2000.5,2000-Q3,27384.388143682358,10.217728354214243
CZE,Czech Republic,2000,4,2000.75,2000-Q4,27400.804929629176,10.218327668938432
CZE,Czech Republic,2001,1,2001.0,2001-Q1,27913.15916945826,10.236853511434578
CZE,Czech Republic,2001,2,2001.25,2001-Q2,27944.33350306132,10.237969721108454
CZE,Czech Republic,2001,3,2001.5,2001-Q3,28089.4502057034,10.243149347308075
CZE,Czech Republic,2001,4,2001.75,2001-Q4,28147.893245637395,10.24522779047009
CZE,Czech Republic,2002,1,2002.0,2002-Q1,28279.020947068573,10.249875499434864
CZE,Czech Republic,2002,2,2002.25,2002-Q2,28114.02407039281,10.24402380806239
CZE,Czech Republic,2002,3,2002.5,2002-Q3,28159.09375184009,10.245625627646172
CZE,Czech Republic,2002,4,2002.75,2002-Q4,28251.340741867345,10.248896195337512
CZE,Czech Republic,2003,1,2003.0,2003-Q1,28895.631478485368,10.271445702760712
CZE,Czech Republic,2003,2,2003.25,2003-Q2,29163.558580971683,10.28067521506125
CZE,Czech Republic,2003,3,2003.5,2003-Q3,29471.82543930801,10.291190016104133
CZE,Czech Republic,2003,4,2003.75,2003-Q4,29775.74155330776,10.301449299146208
CZE,Czech Republic,2004,1,2004.0,2004-Q1,30398.522275758256,10.322149276862783
CZE,Czech Republic,2004,2,2004.25,2004-Q2,30599.17903531804,10.328728458669396
CZE,Czech Republic,2004,3,2004.5,2004-Q3,30976.20961793965,10.34097475716148
CZE,Czech Republic,2004,4,2004.75,2004-Q4,31367.877072164443,10.353539625071491
CZE,Czech Republic,2005,1,2005.0,2005-Q1,32151.162500528422,10.37820388765991
CZE,Czech Republic,2005,2,2005.25,2005-Q2,32204.77065617959,10.379869877582543
CZE,Czech Republic,2005,3,2005.5,2005-Q3,32433.73582753448,10.386954389322135
CZE,Czech Republic,2005,4,2005.75,2005-Q4,32930.81900162284,10.402164246048768
CZE,Czech Republic,2006,1,2006.0,2006-Q1,33658.861833404335,10.424031653548752
CZE,Czech Republic,2006,2,2006.25,2006-Q2,34058.128199452934,10.435823996730411
CZE,Czech Republic,2006,3,2006.5,2006-Q3,34394.47935277255,10.445651346551536
CZE,Czech Republic,2006,4,2006.75,2006-Q4,34626.58217374499,10.452376936994268
CZE,Czech Republic,2007,1,2007.0,2007-Q1,35227.808842844366,10.469591073625978
CZE,Czech Republic,2007,2,2007.25,2007-Q2,35153.47261566852,10.467478686545858
CZE,Czech Republic,2007,3,2007.5,2007-Q3,35443.6749333283,10.47570009385012
CZE,Czech Republic,2007,4,2007.75,2007-Q4,35648.00186753708,10.481448375675225
CZE,Czech Republic,2008,1,2008.0,2008-Q1,35961.62316025104,10.490207625504887
CZE,Czech Republic,2008,2,2008.25,2008-Q2,35839.70159634208,10.486811541059286
CZE,Czech Republic,2008,3,2008.5,2008-Q3,35798.16138561849,10.48565181312631
CZE,Czech Republic,2008,4,2008.75,2008-Q4,34982.392788885154,10.462600150718108
CZE,Czech Republic,2009,1,2009.0,2009-Q1,34432.84871916455,10.446766292356976
CZE,Czech Republic,2009,2,2009.25,2009-Q2,34307.859704711016,10.443129752814059
CZE,Czech Republic,2009,3,2009.5,2009-Q3,34564.911393697505,10.45059432490718
CZE,Czech Republic,2009,4,2009.75,2009-Q4,34535.74855598325,10.449750256573624
CZE,Czech Republic,2010,1,2010.0,2010-Q1,35521.54523467308,10.477894699388278
CZE,Czech Republic,2010,2,2010.25,2010-Q2,35591.60047024046,10.479864947154287
CZE,Czech Republic,2010,3,2010.5,2010-Q3,35782.78033097022,10.48522206033133
CZE,Czech Republic,2010,4,2010.75,2010-Q4,35860.151795007245,10.48738198013977
CZE,Czech Republic,2011,1,2011.0,2011-Q1,36556.34361603164,10.506610010064286
CZE,Czech Republic,2011,2,2011.25,2011-Q2,36409.14800573717,10.502575340888477
CZE,Czech Republic,2011,3,2011.5,2011-Q3,36309.75247412367,10.499841647368447
CZE,Czech Republic,2011,4,2011.75,2011-Q4,36401.97120453601,10.502378206129329
CZE,Czech Republic,2012,1,2012.0,2012-Q1,36690.65877441593,10.510277472337112
CZE,Czech Republic,2012,2,2012.25,2012-Q2,36080.42511995282,10.493505756810936
CZE,Czech Republic,2012,3,2012.5,2012-Q3,35737.68593898653,10.483961039526763
CZE,Czech Republic,2012,4,2012.75,2012-Q4,35657.00722595308,10.481700962655534
CZE,Czech Republic,2013,1,2013.0,2013-Q1,35784.34523030126,10.485265792682434
CZE,Czech Republic,2013,2,2013.25,2013-Q2,35422.70487501041,10.475108274175215
CZE,Czech Republic,2013,3,2013.5,2013-Q3,35552.178259798035,10.478756706485012
CZE,Czech Republic,2013,4,2013.75,2013-Q4,35964.11276658129,10.490276852640324
CZE,Czech Republic,2014,1,2014.0,2014-Q1,36071.16519374742,10.493249077056104
CZE,Czech Republic,2014,2,2014.25,2014-Q2,36118.22506938086,10.49455286649464
CZE,Czech Republic,2014,3,2014.5,2014-Q3,36206.18436858785,10.496985222133825
CZE,Czech Republic,2014,4,2014.75,2014-Q4,36435.68760149185,10.503304001931026
CZE,Czech Republic,2015,1,2015.0,2015-Q1,37307.78567939213,10.526957315201544
CZE,Czech Republic,2015,2,2015.25,2015-Q2,37400.79354212008,10.529447200881277
CZE,Czech Republic,2015,3,2015.5,2015-Q3,37663.46064270044,10.536445689723303
CZE,Czech Republic,2015,4,2015.75,2015-Q4,37724.07056302685,10.538053646169576
CZE,Czech Republic,2016,1,2016.0,2016-Q1,37769.74881399563,10.539263765273894
CZE,Czech Republic,2016,2,2016.25,2016-Q2,37575.27112538404,10.534101430174227
CZE,Czech Republic,2016,3,2016.5,2016-Q3,37773.941164325166,10.5393747566839
CZE,Czech Republic,2016,4,2016.75,2016-Q4,37805.69240459482,10.540214962983883
CZE,Czech Republic,2017,1,2017.0,2017-Q1,38484.967651210456,10.558022993412276
CZE,Czech Republic,2017,2,2017.25,2017-Q2,39434.19542370753,10.582388623030004
CZE,Czech Republic,2017,3,2017.5,2017-Q3,39221.97856950405,10.576992546450958
CZE,Czech Republic,2017,4,2017.75,2017-Q4,39383.609937759546,10.581105017310165
CZE,Czech Republic,2018,1,2018.0,2018-Q1,39572.64418458671,10.58589335510842
CZE,Czech Republic,2018,2,2018.25,2018-Q2,39572.185678185866,10.585881768592872
CZE,Czech Republic,2018,3,2018.5,2018-Q3,39723.51138331958,10.589698517658595
CZE,Czech Republic,2018,4,2018.75,2018-Q4,39863.89851431992,10.593226394160286
CZE,Czech Republic,2019,1,2019.0,2019-Q1,40597.89599112612,10.611471521368305
CZE,Czech Republic,2019,2,2019.25,2019-Q2,40957.95860940732,10.620301419833886
CZE,Czech Republic,2019,3,2019.5,2019-Q3,41067.98633094697,10.622984175579289
CZE,Czech Republic,2019,4,2019.75,2019-Q4,41359.48360735203,10.630057023788895
CZE,Czech Republic,2020,1,2020.0,2020-Q1,40185.60432914869,10.601264109208586
CZE,Czech Republic,2020,2,2020.25,2020-Q2,37206.83721111275,10.524247819370478
CZE,Czech Republic,2020,3,2020.5,2020-Q3,39718.13083476281,10.589563058511105
CZE,Czech Republic,2020,4,2020.75,2020-Q4,40151.70924879708,10.600420290045278
CZE,Czech Republic,2021,1,2021.0,2021-Q1,40389.852498469576,10.606333856618866
CZE,Czech Republic,2021,2,2021.25,2021-Q2,41102.57511593458,10.62382605341051
CZE,Czech Republic,2021,3,2021.5,2021-Q3,41132.18725827267,10.624546238956453
CZE,Czech Republic,2021,4,2021.75,2021-Q4,41369.087966970656,10.63028921345394
CZE,Czech Republic,2022,1,2022.0,2022-Q1,41668.164076739246,10.637492664812322
CZE,Czech Republic,2022,2,2022.25,2022-Q2,44038.85962428329,10.692827696411515
CZE,Czech Republic,2022,3,2022.5,2022-Q3,41738.24457647798,10.639173123601095
CZE,Czech Republic,2022,4,2022.75,2022-Q4,42942.460947489,10.66761638109676
CZE,Czech Republic,2023,1,2023.0,2023-Q1,44088.92416170371,10.693963877094959
CZE,Czech Republic,2023,2,2023.25,2023-Q2,44137.94844891384,10.695075200454951
CZE,Czech Republic,2023,3,2023.5,2023-Q3,43118.706328667504,10.671712203478542
CZE,Czech Republic,2023,4,2023.75,2023-Q4,42983.96491404725,10.668582416152212
CZE,Czech Republic,2024,1,2024.0,2024-Q1,42040.260830354,10.646383029309272
CZE,Czech Republic,2024,2,2024.25,2024-Q2,44338.28963947677,10.699603908666207
CZE,Czech Republic,2024,3,2024.5,2024-Q3,42826.53906936572,10.664913261119008
CZE,Czech Republic,2024,4,2024.75,2024-Q4,42702.47110754343,10.662012068913274
CZE,Czech Republic,2025,1,2025.0,2025-Q1,43429.3942679586,10.678891778113128
CZE,Czech Republic,2025,2,2025.25,2025-Q2,43528.360499785165,10.681167970151893
CZE,Czech Republic,2025,3,2025.5,2025-Q3,43593.13486029252,10.682654959606678
CZE,Czech Republic,2025,4,2025.75,2025-Q4,43899.23516982746,10.689652176811894
CZE,Czech Republic,2026,1,2026.0,2026-Q1,43879.053154013134,10.689192336080083
DEU,Germany,1991,2,1991.25,1991-Q2,67056.32984484057,11.113288289098719
DEU,Germany,1992,2,1992.25,1992-Q2,69328.89382864362,11.146617036647612
DEU,Germany,1993,2,1993.25,1993-Q2,69218.91113529219,11.145029386572865
DEU,Germany,1994,2,1994.25,1994-Q2,71489.87650881935,11.177311131368432
DEU,Germany,1995,2,1995.25,1995-Q2,73122.83088405206,11.199895920970125
DEU,Germany,1996,2,1996.25,1996-Q2,74087.83624129562,11.213006644520695
DEU,Germany,1997,2,1997.25,1997-Q2,76231.15510566272,11.241525517768771
DEU,Germany,1998,2,1998.25,1998-Q2,76964.91944142523,11.251105005352601
DEU,Germany,1999,2,1999.25,1999-Q2,76908.69028115844,11.25037415666619
DEU,Germany,2000,2,2000.25,2000-Q2,79647.50170679977,11.2853659489555
DEU,Germany,2001,2,2001.25,2001-Q2,80389.90352320913,11.294643869211933
DEU,Germany,2002,2,2002.25,2002-Q2,80638.78710300053,11.29773504230667
DEU,Germany,2003,2,2003.25,2003-Q2,80745.78862067172,11.299061086420497
DEU,Germany,2004,2,2004.25,2004-Q2,82993.05479699404,11.326512206132957
DEU,Germany,2005,1,2005.0,2005-Q1,81279.47312919538,11.305648780620967
DEU,Germany,2005,2,2005.25,2005-Q2,82049.90510732042,11.315082939994966
DEU,Germany,2005,3,2005.5,2005-Q3,81674.90597450199,11.31050208525345
DEU,Germany,2005,4,2005.75,2005-Q4,81235.20317595435,11.305103968849593
DEU,Germany,2006,1,2006.0,2006-Q1,82603.97374497635,11.321813066644594
DEU,Germany,2006,2,2006.25,2006-Q2,82550.13933115479,11.3211611371864
DEU,Germany,2006,3,2006.5,2006-Q3,82750.6426813026,11.32358705975057
DEU,Germany,2006,4,2006.75,2006-Q4,83637.50301079833,11.334247299089258
DEU,Germany,2007,1,2007.0,2007-Q1,84380.41850332581,11.343090645411536
DEU,Germany,2007,2,2007.25,2007-Q2,83885.49793223558,11.337208028078111
DEU,Germany,2007,3,2007.5,2007-Q3,83262.79292124996,11.329757064760585
DEU,Germany,2007,4,2007.75,2007-Q4,83341.06447705404,11.330696677597706
DEU,Germany,2008,1,2008.0,2008-Q1,85013.3861546716,11.35056400724573
DEU,Germany,2008,2,2008.25,2008-Q2,83955.95360004266,11.338047578395416
DEU,Germany,2008,3,2008.5,2008-Q3,81912.62223026996,11.31340837555198
DEU,Germany,2008,4,2008.75,2008-Q4,80986.99906559101,11.302043915409138
DEU,Germany,2009,1,2009.0,2009-Q1,78304.20043471742,11.26835652593872
DEU,Germany,2009,2,2009.25,2009-Q2,78630.16977004903,11.272510744083435
DEU,Germany,2009,3,2009.5,2009-Q3,79209.26105367944,11.279848503462398
DEU,Germany,2009,4,2009.75,2009-Q4,78078.3517907965,11.265468111627445
DEU,Germany,2010,1,2010.0,2010-Q1,82180.03762562323,11.316667700281336
DEU,Germany,2010,2,2010.25,2010-Q2,83690.7279270459,11.334883472886643
DEU,Germany,2010,3,2010.5,2010-Q3,83622.19265584741,11.334064226234407
DEU,Germany,2010,4,2010.75,2010-Q4,83299.64647837674,11.330199584188867
DEU,Germany,2011,1,2011.0,2011-Q1,85343.39894696751,11.354438384247056
DEU,Germany,2011,2,2011.25,2011-Q2,84251.5490671325,11.34156223459908
DEU,Germany,2011,3,2011.5,2011-Q3,83868.86785163154,11.337009761039505
DEU,Germany,2011,4,2011.75,2011-Q4,83335.91257795779,11.330634858632797
DEU,Germany,2012,1,2012.0,2012-Q1,84979.6540859382,11.350167143125548
DEU,Germany,2012,2,2012.25,2012-Q2,84302.66268890446,11.342168729361877
DEU,Germany,2012,3,2012.5,2012-Q3,83373.84047290892,11.331089875749809
DEU,Germany,2012,4,2012.75,2012-Q4,83283.81241921546,11.330009480569771
DEU,Germany,2013,1,2013.0,2013-Q1,83999.03536388367,11.338560593996222
DEU,Germany,2013,2,2013.25,2013-Q2,83560.07960518314,11.333321168340982
DEU,Germany,2013,3,2013.5,2013-Q3,83369.13102786019,11.331033388270816
DEU,Germany,2013,4,2013.75,2013-Q4,83842.86299958592,11.33669964734475
DEU,Germany,2014,1,2014.0,2014-Q1,85005.68980808185,11.350473472150753
DEU,Germany,2014,2,2014.25,2014-Q2,84526.61552141893,11.344821740335394
DEU,Germany,2014,3,2014.5,2014-Q3,84424.37223422523,11.34361140944555
DEU,Germany,2014,4,2014.75,2014-Q4,84667.02193531136,11.346481453410115
DEU,Germany,2015,1,2015.0,2015-Q1,85335.96855094368,11.354351315773139
DEU,Germany,2015,2,2015.25,2015-Q2,85618.3204501259,11.357654563180045
DEU,Germany,2015,3,2015.5,2015-Q3,84890.1502182732,11.349113349294274
DEU,Germany,2015,4,2015.75,2015-Q4,85043.11026861325,11.35091358653108
DEU,Germany,2016,1,2016.0,2016-Q1,84751.39534636009,11.347477489370998
DEU,Germany,2016,2,2016.25,2016-Q2,85527.39309435473,11.35659199068035
DEU,Germany,2016,3,2016.5,2016-Q3,84405.03830392659,11.343382374346493
DEU,Germany,2016,4,2016.75,2016-Q4,84800.73108013529,11.348059442970841
DEU,Germany,2017,1,2017.0,2017-Q1,86594.04829559012,11.368986365809894
DEU,Germany,2017,2,2017.25,2017-Q2,87131.5482271174,11.375174304229834
DEU,Germany,2017,3,2017.5,2017-Q3,86139.60251086293,11.363724544142649
DEU,Germany,2017,4,2017.75,2017-Q4,87389.86415635938,11.378134584167462
DEU,Germany,2018,1,2018.0,2018-Q1,87329.69775104446,11.377445864403787
DEU,Germany,2018,2,2018.25,2018-Q2,88282.91736868671,11.388301906592726
DEU,Germany,2018,3,2018.5,2018-Q3,86910.4211331763,11.372633225043701
DEU,Germany,2018,4,2018.75,2018-Q4,87123.64756893372,11.375083625060665
DEU,Germany,2019,1,2019.0,2019-Q1,87728.26569032195,11.38199942620848
DEU,Germany,2019,2,2019.25,2019-Q2,88121.79214353728,11.386475138243942
DEU,Germany,2019,3,2019.5,2019-Q3,87292.20419312757,11.377016438792502
DEU,Germany,2019,4,2019.75,2019-Q4,86386.50830745383,11.36658678874995
DEU,Germany,2021,1,2021.0,2021-Q1,90044.14992966218,11.408055383803768
DEU,Germany,2021,2,2021.25,2021-Q2,90262.0850885988,11.41047277402929
DEU,Germany,2021,3,2021.5,2021-Q3,89351.82958015257,11.400336996932522
DEU,Germany,2021,4,2021.75,2021-Q4,89704.54566736102,11.404276723099128
DEU,Germany,2022,1,2022.0,2022-Q1,90634.33384248002,11.414588380977362
DEU,Germany,2022,2,2022.25,2022-Q2,89614.32416401914,11.40327045408751
DEU,Germany,2022,3,2022.5,2022-Q3,89556.49048968137,11.402624883809136
DEU,Germany,2022,4,2022.75,2022-Q4,88075.64360002195,11.385951310591448
DEU,Germany,2023,1,2023.0,2023-Q1,87945.8452069431,11.384476508651241
DEU,Germany,2023,2,2023.25,2023-Q2,87538.09637198904,11.379829364700687
DEU,Germany,2023,3,2023.5,2023-Q3,87338.25713894909,11.377543871939478
DEU,Germany,2023,4,2023.75,2023-Q4,86555.9199490591,11.368545957445585
DEU,Germany,2024,1,2024.0,2024-Q1,87765.92640611905,11.382428622365063
DEU,Germany,2024,2,2024.25,2024-Q2,87136.46557905752,11.375230738590151
DEU,Germany,2024,3,2024.5,2024-Q3,86792.157453009,11.371271544642601
DEU,Germany,2024,4,2024.75,2024-Q4,85712.93340576733,11.358759008085798
DEU,Germany,2025,1,2025.0,2025-Q1,88112.97354199653,11.386375060356201
DEU,Germany,2025,2,2025.25,2025-Q2,88205.93565414834,11.387429537396578
DEU,Germany,2025,3,2025.5,2025-Q3,87696.88562336795,11.381641666023539
DEU,Germany,2025,4,2025.75,2025-Q4,87064.06576580879,11.374399514748772
DEU,Germany,2026,1,2026.0,2026-Q1,88641.68525398766,11.392357514142297
DNK,Denmark,1995,2,1995.25,1995-Q2,86797.56327198213,11.37133382735096
DNK,Denmark,1996,2,1996.25,1996-Q2,89440.79968171619,11.401332229334155
DNK,Denmark,1997,2,1997.25,1997-Q2,90467.31980341893,11.41274395732859
DNK,Denmark,1998,2,1998.25,1998-Q2,90855.92408041218,11.417030278967674
DNK,Denmark,1999,1,1999.0,1999-Q1,93378.05741436046,11.444411665292483
DNK,Denmark,1999,2,1999.25,1999-Q2,93146.0924455304,11.441924426094888
DNK,Denmark,1999,3,1999.5,1999-Q3,93073.20742123034,11.441141639046778
DNK,Denmark,1999,4,1999.75,1999-Q4,96202.84084448298,11.474214166825709
DNK,Denmark,2000,1,2000.0,2000-Q1,96387.37128384324,11.476130468737324
DNK,Denmark,2000,2,2000.25,2000-Q2,96643.1678060551,11.478780792081482
DNK,Denmark,2000,3,2000.5,2000-Q3,96854.51592310588,11.480965295761573
DNK,Denmark,2000,4,2000.75,2000-Q4,97935.2769662358,11.49206210034668
DNK,Denmark,2001,1,2001.0,2001-Q1,97043.95790711849,11.48291932913325
DNK,Denmark,2001,2,2001.25,2001-Q2,97439.3600597816,11.486985515391181
DNK,Denmark,2001,3,2001.5,2001-Q3,96579.40085260666,11.478120755769925
DNK,Denmark,2001,4,2001.75,2001-Q4,97012.46790050894,11.48259478428239
DNK,Denmark,2002,1,2002.0,2002-Q1,98496.02793849845,11.497771500849607
DNK,Denmark,2002,2,2002.25,2002-Q2,97230.92106169953,11.484844057778473
DNK,Denmark,2002,3,2002.5,2002-Q3,97817.4931586622,11.490858706681164
DNK,Denmark,2002,4,2002.75,2002-Q4,98279.93328938322,11.49557514785368
DNK,Denmark,2003,1,2003.0,2003-Q1,99702.73343650548,11.509948372189001
DNK,Denmark,2003,2,2003.25,2003-Q2,98267.40482413028,11.495447662379798
DNK,Denmark,2003,3,2003.5,2003-Q3,97556.28507462992,11.48818477323903
DNK,Denmark,2003,4,2003.75,2003-Q4,100372.74686236076,11.516646003797726
DNK,Denmark,2004,1,2004.0,2004-Q1,101204.06389849915,11.524894192129022
DNK,Denmark,2004,2,2004.25,2004-Q2,100238.7357897804,11.515309977656624
DNK,Denmark,2004,3,2004.5,2004-Q3,99275.0307233175,11.505649365476287
DNK,Denmark,2004,4,2004.75,2004-Q4,101609.64505041244,11.528893741219347
DNK,Denmark,2005,1,2005.0,2005-Q1,101886.4655863156,11.531614389842925
DNK,Denmark,2005,2,2005.25,2005-Q2,103427.89663275688,11.546629998022333
DNK,Denmark,2005,3,2005.5,2005-Q3,102336.92302459438,11.536025815702223
DNK,Denmark,2005,4,2005.75,2005-Q4,102027.18632082937,11.532994589310068
DNK,Denmark,2006,1,2006.0,2006-Q1,103784.99761560211,11.550076707626623
DNK,Denmark,2006,2,2006.25,2006-Q2,105982.38463624798,11.571028176607427
DNK,Denmark,2006,3,2006.5,2006-Q3,103624.01179455734,11.548524356030796
DNK,Denmark,2006,4,2006.75,2006-Q4,103890.7927634898,11.551095556832362
DNK,Denmark,2007,1,2007.0,2007-Q1,105161.5231809735,11.563252763152894
DNK,Denmark,2007,2,2007.25,2007-Q2,103535.52671451746,11.547670086069994
DNK,Denmark,2007,3,2007.5,2007-Q3,105525.84481697428,11.566711176465365
DNK,Denmark,2007,4,2007.75,2007-Q4,107440.55546527602,11.584693001188185
DNK,Denmark,2008,1,2008.0,2008-Q1,107661.8713512424,11.586750774011461
DNK,Denmark,2008,2,2008.25,2008-Q2,104854.83198417172,11.560332120000403
DNK,Denmark,2008,3,2008.5,2008-Q3,104217.6560983288,11.554236838269109
DNK,Denmark,2008,4,2008.75,2008-Q4,102810.62168034608,11.540643950404448
DNK,Denmark,2009,1,2009.0,2009-Q1,102955.36653409226,11.54205083867473
DNK,Denmark,2009,2,2009.25,2009-Q2,101542.0159977072,11.528227942526346
DNK,Denmark,2009,3,2009.5,2009-Q3,102114.57663110436,11.533850762141629
DNK,Denmark,2009,4,2009.75,2009-Q4,104879.73134879667,11.560569556923971
DNK,Denmark,2010,1,2010.0,2010-Q1,106815.45542911714,11.578857908793985
DNK,Denmark,2010,2,2010.25,2010-Q2,105795.991754937,11.56926791257466
DNK,Denmark,2010,3,2010.5,2010-Q3,106973.45504919844,11.580335999013853
DNK,Denmark,2010,4,2010.75,2010-Q4,107405.49616980112,11.584366634512891
DNK,Denmark,2011,1,2011.0,2011-Q1,108898.66740729495,11.598173071998568
DNK,Denmark,2011,2,2011.25,2011-Q2,108164.25484863872,11.591406228970497
DNK,Denmark,2011,3,2011.5,2011-Q3,106588.48426274334,11.576730757324482
DNK,Denmark,2011,4,2011.75,2011-Q4,109262.82404377534,11.601511488620764
DNK,Denmark,2012,1,2012.0,2012-Q1,109630.94496528938,11.604874958218133
DNK,Denmark,2012,2,2012.25,2012-Q2,108410.95378233612,11.593684412535058
DNK,Denmark,2012,3,2012.5,2012-Q3,108594.3817410312,11.595374951635748
DNK,Denmark,2012,4,2012.75,2012-Q4,108640.05520350135,11.59579545092477
DNK,Denmark,2013,1,2013.0,2013-Q1,110819.50331527166,11.615658060506151
DNK,Denmark,2013,2,2013.25,2013-Q2,110118.09803502602,11.60930868735862
DNK,Denmark,2013,3,2013.5,2013-Q3,110387.99430832824,11.611756659704554
DNK,Denmark,2013,4,2013.75,2013-Q4,111439.8466105296,11.621240232021743
DNK,Denmark,2014,1,2014.0,2014-Q1,112288.20448468378,11.62882409945463
DNK,Denmark,2014,2,2014.25,2014-Q2,110238.38561844968,11.610400441895425
DNK,Denmark,2014,3,2014.5,2014-Q3,110953.79780310416,11.616869157636147
DNK,Denmark,2014,4,2014.75,2014-Q4,110322.28912001442,11.611161262070748
DNK,Denmark,2015,1,2015.0,2015-Q1,111804.66502308956,11.624508565336093
DNK,Denmark,2015,2,2015.25,2015-Q2,111228.6698498854,11.619343449959194
DNK,Denmark,2015,3,2015.5,2015-Q3,111389.17380513356,11.620785418674943
DNK,Denmark,2015,4,2015.75,2015-Q4,111143.94647478686,11.618581455244213
DNK,Denmark,2016,1,2016.0,2016-Q1,112809.90643755668,11.633459437217864
DNK,Denmark,2016,2,2016.25,2016-Q2,111774.9792502332,11.624243015463454
DNK,Denmark,2016,3,2016.5,2016-Q3,112667.88413195914,11.632199691643626
DNK,Denmark,2016,4,2016.75,2016-Q4,113483.74527387207,11.63941489220151
DNK,Denmark,2017,1,2017.0,2017-Q1,115307.11424324827,11.655354406376627
DNK,Denmark,2017,2,2017.25,2017-Q2,114992.47135031274,11.65262193868334
DNK,Denmark,2017,3,2017.5,2017-Q3,114374.80710774029,11.647236116086697
DNK,Denmark,2017,4,2017.75,2017-Q4,115127.20566467004,11.653792932242006
DNK,Denmark,2018,1,2018.0,2018-Q1,116490.29738539906,11.665563264274065
DNK,Denmark,2018,2,2018.25,2018-Q2,114672.21983684384,11.649833075324473
DNK,Denmark,2018,3,2018.5,2018-Q3,114821.67503844472,11.651135552000907
DNK,Denmark,2018,4,2018.75,2018-Q4,115153.05028721465,11.654017394582873
DNK,Denmark,2019,1,2019.0,2019-Q1,115937.41036875664,11.660805758683919
DNK,Denmark,2019,2,2019.25,2019-Q2,115318.86704526104,11.65545632726132
DNK,Denmark,2019,3,2019.5,2019-Q3,114882.30839263934,11.65166347802724
DNK,Denmark,2019,4,2019.75,2019-Q4,115482.0118046022,11.656870054863452
DNK,Denmark,2020,1,2020.0,2020-Q1,115700.93872668028,11.658764026603308
DNK,Denmark,2020,2,2020.25,2020-Q2,110327.5007235688,11.611208500761155
DNK,Denmark,2020,3,2020.5,2020-Q3,115939.66336546322,11.660825191365817
DNK,Denmark,2020,4,2020.75,2020-Q4,115290.95706009168,11.655214273520427
DNK,Denmark,2021,1,2021.0,2021-Q1,117343.52364395042,11.672861011379162
DNK,Denmark,2021,2,2021.25,2021-Q2,118314.01050415094,11.681097474941716
DNK,Denmark,2021,3,2021.5,2021-Q3,119661.2693655939,11.692420274990665
DNK,Denmark,2021,4,2021.75,2021-Q4,122479.86279170944,11.715701910080362
DNK,Denmark,2022,1,2022.0,2022-Q1,116466.79822758432,11.665361517614814
DNK,Denmark,2022,2,2022.25,2022-Q2,116423.55675053148,11.66499017138578
DNK,Denmark,2022,3,2022.5,2022-Q3,117585.00539922266,11.674916801208544
DNK,Denmark,2022,4,2022.75,2022-Q4,115620.00650022522,11.65806428685706
DNK,Denmark,2023,1,2023.0,2023-Q1,117941.89654468422,11.677947380014352
DNK,Denmark,2023,2,2023.25,2023-Q2,116614.79002469644,11.666631388977105
DNK,Denmark,2023,3,2023.5,2023-Q3,116244.98702731794,11.663455200174155
DNK,Denmark,2023,4,2023.75,2023-Q4,116936.3113886836,11.669384718463952
DNK,Denmark,2024,1,2024.0,2024-Q1,116925.39441596008,11.669291355827312
DNK,Denmark,2024,2,2024.25,2024-Q2,118372.89781948327,11.681595071677965
DNK,Denmark,2024,3,2024.5,2024-Q3,119360.13579811198,11.689900553155708
DNK,Denmark,2024,4,2024.75,2024-Q4,121389.54453964243,11.706760029842982
DNK,Denmark,2025,1,2025.0,2025-Q1,119733.08503857396,11.693020253008635
DNK,Denmark,2025,2,2025.25,2025-Q2,121027.3860842292,11.70377213024444
DNK,Denmark,2025,3,2025.5,2025-Q3,124067.88563879023,11.72858415961193
DNK,Denmark,2025,4,2025.75,2025-Q4,124628.68891720589,11.733094106964126
DNK,Denmark,2026,1,2026.0,2026-Q1,126930.9563592742,11.751398566894721
DOM,Dominican Republic,2015,1,2015.0,2015-Q1,16827.082471426336,9.730744919301081
DOM,Dominican Republic,2015,2,2015.25,2015-Q2,17594.78001829183,9.775357547164987
DOM,Dominican Republic,2015,3,2015.5,2015-Q3,17191.932101153303,9.75219548887023
DOM,Dominican Republic,2015,4,2015.75,2015-Q4,17576.385049550332,9.774311521513958
DOM,Dominican Republic,2016,1,2016.0,2016-Q1,17460.34418057103,9.767687541717692
DOM,Dominican Republic,2016,2,2016.25,2016-Q2,18161.59927835151,9.807064714266222
DOM,Dominican Republic,2016,3,2016.5,2016-Q3,17570.523325017853,9.773977965883724
DOM,Dominican Republic,2016,4,2016.75,2016-Q4,18070.53448814538,9.802037961906185
DOM,Dominican Republic,2017,1,2017.0,2017-Q1,17704.260910543195,9.781560619000466
DOM,Dominican Republic,2017,2,2017.25,2017-Q2,18025.19929791649,9.799526018841899
DOM,Dominican Republic,2017,3,2017.5,2017-Q3,17760.121996212874,9.784710885678699
DOM,Dominican Republic,2017,4,2017.75,2017-Q4,18543.43807657357,9.82787126295117
DOM,Dominican Republic,2018,1,2018.0,2018-Q1,18232.249383020684,9.810947249145963
DOM,Dominican Republic,2018,2,2018.25,2018-Q2,18623.721024182298,9.832191371047317
DOM,Dominican Republic,2018,3,2018.5,2018-Q3,18447.602360187127,9.82268968764661
DOM,Dominican Republic,2018,4,2018.75,2018-Q4,19182.243673569177,9.861740321448227
DOM,Dominican Republic,2019,1,2019.0,2019-Q1,18721.453179962988,9.837425374153527
DOM,Dominican Republic,2019,2,2019.25,2019-Q2,18834.351312123446,9.843437678976825
DOM,Dominican Republic,2019,3,2019.5,2019-Q3,19013.1702325756,9.852887188152678
DOM,Dominican Republic,2019,4,2019.75,2019-Q4,19486.37789407241,9.8774709309037
DOM,Dominican Republic,2020,1,2020.0,2020-Q1,18704.279336528347,9.83650761818803
DOM,Dominican Republic,2020,2,2020.25,2020-Q2,17056.64714708892,9.74429526873457
DOM,Dominican Republic,2020,3,2020.5,2020-Q3,18873.17229323206,9.845496737282044
DOM,Dominican Republic,2020,4,2020.75,2020-Q4,19689.22925141684,9.887827026703324
DOM,Dominican Republic,2021,1,2021.0,2021-Q1,20514.66507699164,9.928895278980974
DOM,Dominican Republic,2021,2,2021.25,2021-Q2,20261.21263884838,9.916463629853972
DOM,Dominican Republic,2021,3,2021.5,2021-Q3,19922.10588835568,9.899585242837842
DOM,Dominican Republic,2021,4,2021.75,2021-Q4,21004.840916102185,9.95250820995434
DOM,Dominican Republic,2022,1,2022.0,2022-Q1,21182.29800235126,9.960921111964423
DOM,Dominican Republic,2022,2,2022.25,2022-Q2,20762.83027826705,9.94091966123715
DOM,Dominican Republic,2022,3,2022.5,2022-Q3,20656.60469140254,9.935790387028703
DOM,Dominican Republic,2022,4,2022.75,2022-Q4,20990.9096908666,9.951844751125995
DOM,Dominican Republic,2023,1,2023.0,2023-Q1,21029.393485784985,9.953676427852178
DOM,Dominican Republic,2023,2,2023.25,2023-Q2,20809.768072931456,9.943177774343905
DOM,Dominican Republic,2023,3,2023.5,2023-Q3,20295.71641225937,9.918165128588841
DOM,Dominican Republic,2023,4,2023.75,2023-Q4,20688.553477815603,9.937335854221809
DOM,Dominican Republic,2024,1,2024.0,2024-Q1,21209.498809312743,9.962204417355574
DOM,Dominican Republic,2024,2,2024.25,2024-Q2,21020.730161265757,9.953264380329346
DOM,Dominican Republic,2024,3,2024.5,2024-Q3,20605.046470113997,9.933291299053753
DOM,Dominican Republic,2024,4,2024.75,2024-Q4,21122.805448834235,9.958108562750198
DOM,Dominican Republic,2025,1,2025.0,2025-Q1,21038.01896390887,9.954086506710967
DOM,Dominican Republic,2025,2,2025.25,2025-Q2,20930.46171495774,9.948960875156486
DOM,Dominican Republic,2025,3,2025.5,2025-Q3,20494.077548467376,9.927891223312072
DOM,Dominican Republic,2025,4,2025.75,2025-Q4,21033.18483859351,9.95385669986449
DOM,Dominican Republic,2026,1,2026.0,2026-Q1,21412.34661844348,9.971722979428366
ECU,Ecuador,2003,4,2003.75,2003-Q4,10851.628509513845,9.292070440748523
ECU,Ecuador,2004,1,2004.0,2004-Q1,10794.326590924937,9.286775959430603
ECU,Ecuador,2004,3,2004.5,2004-Q3,10884.269645629063,9.295073874093596
ECU,Ecuador,2004,4,2004.75,2004-Q4,10590.858420129054,9.26774649481258
ECU,Ecuador,2005,4,2005.75,2005-Q4,10996.352753314912,9.305318928919261
ECU,Ecuador,2006,4,2006.75,2006-Q4,11007.86111009354,9.306364942914525
ECU,Ecuador,2007,4,2007.75,2007-Q4,11414.844681665556,9.34266995235933
ECU,Ecuador,2008,2,2008.25,2008-Q2,11441.94777737407,9.345041510701128
ECU,Ecuador,2008,4,2008.75,2008-Q4,12224.502975092397,9.411197657082418
ECU,Ecuador,2009,4,2009.75,2009-Q4,11807.867536817776,9.376521328689405
ECU,Ecuador,2010,2,2010.25,2010-Q2,12092.709727697362,9.400358048164467
ECU,Ecuador,2010,4,2010.75,2010-Q4,12819.264440192375,9.458704352868564
ECU,Ecuador,2011,2,2011.25,2011-Q2,13135.749977966703,9.483092798165055
ECU,Ecuador,2011,4,2011.75,2011-Q4,13309.15960920126,9.496207769591193
ECU,Ecuador,2012,2,2012.25,2012-Q2,13088.891575829524,9.479519178147472
ECU,Ecuador,2012,4,2012.75,2012-Q4,13749.91161423788,9.52878767501863
ECU,Ecuador,2013,2,2013.25,2013-Q2,13723.301864246145,9.526850532985085
ECU,Ecuador,2013,4,2013.75,2013-Q4,14267.752161184068,9.565757176071685
ECU,Ecuador,2014,1,2014.0,2014-Q1,14213.615741770203,9.56195563923573
ECU,Ecuador,2014,2,2014.25,2014-Q2,14540.991548211425,9.584726943274848
ECU,Ecuador,2014,3,2014.5,2014-Q3,14313.092978399223,9.56892999024355
ECU,Ecuador,2014,4,2014.75,2014-Q4,14183.888177902414,9.559861964044345
ECU,Ecuador,2015,1,2015.0,2015-Q1,13923.1162526852,9.54130577756093
ECU,Ecuador,2015,2,2015.25,2015-Q2,13497.72057622207,9.510276103964623
ECU,Ecuador,2015,3,2015.5,2015-Q3,13417.792202232604,9.504336881509595
ECU,Ecuador,2015,4,2015.75,2015-Q4,13541.637219259588,9.513524456383811
ECU,Ecuador,2016,1,2016.0,2016-Q1,12861.583434222124,9.462000118845038
ECU,Ecuador,2016,2,2016.25,2016-Q2,12897.60541371098,9.46479694627486
ECU,Ecuador,2016,3,2016.5,2016-Q3,12573.085085455346,9.43931370388559
ECU,Ecuador,2016,4,2016.75,2016-Q4,13286.456659626145,9.494500499125254
ECU,Ecuador,2017,1,2017.0,2017-Q1,13281.26383459804,9.494109586770136
ECU,Ecuador,2017,2,2017.25,2017-Q2,13264.788291170848,9.492868306487512
ECU,Ecuador,2017,3,2017.5,2017-Q3,12904.054630263883,9.46529685338752
ECU,Ecuador,2017,4,2017.75,2017-Q4,13245.000411198333,9.491375432751722
ECU,Ecuador,2018,1,2018.0,2018-Q1,13269.70723348213,9.493239064798185
ECU,Ecuador,2018,2,2018.25,2018-Q2,13556.132882627338,9.514594335174275
ECU,Ecuador,2018,3,2018.5,2018-Q3,13023.41277241717,9.47450399911289
ECU,Ecuador,2018,4,2018.75,2018-Q4,13316.266331642524,9.496741599369226
ECU,Ecuador,2019,1,2019.0,2019-Q1,13317.725725515527,9.496851188188757
ECU,Ecuador,2019,2,2019.25,2019-Q2,13288.742266001202,9.494672509606687
ECU,Ecuador,2019,3,2019.5,2019-Q3,12997.398198004305,9.472504477798216
ECU,Ecuador,2019,4,2019.75,2019-Q4,13139.518584483783,9.48337965396133
ECU,Ecuador,2020,2,2020.25,2020-Q2,13891.334287417623,9.539020492144015
ECU,Ecuador,2020,3,2020.5,2020-Q3,12634.52375645571,9.444188326706355
ECU,Ecuador,2020,4,2020.75,2020-Q4,12463.042077369162,9.430522910003713
ECU,Ecuador,2021,1,2021.0,2021-Q1,12764.930026973843,9.454456848029055
ECU,Ecuador,2021,2,2021.25,2021-Q2,12936.369277561402,9.467797947352391
ECU,Ecuador,2021,3,2021.5,2021-Q3,13041.838166427951,9.475917789229323
ECU,Ecuador,2021,4,2021.75,2021-Q4,12995.641956763118,9.472369346145019
ECU,Ecuador,2022,1,2022.0,2022-Q1,13482.148649235774,9.50912176710811
ECU,Ecuador,2022,2,2022.25,2022-Q2,13165.222734411684,9.485333990466492
ECU,Ecuador,2022,3,2022.5,2022-Q3,13330.879538149837,9.49783839285275
ECU,Ecuador,2022,4,2022.75,2022-Q4,13448.276901575216,9.506606265415972
ECU,Ecuador,2023,1,2023.0,2023-Q1,13599.786847599293,9.51780939863068
ECU,Ecuador,2023,2,2023.25,2023-Q2,13964.886866532552,9.544301377131465
ECU,Ecuador,2023,3,2023.5,2023-Q3,13326.311296455726,9.497495652931864
ECU,Ecuador,2023,4,2023.75,2023-Q4,13420.086317664962,9.50450784252175
ECU,Ecuador,2024,1,2024.0,2024-Q1,13447.320126672304,9.506535118090087
ECU,Ecuador,2024,2,2024.25,2024-Q2,13129.507538440404,9.482617460000947
ECU,Ecuador,2024,3,2024.5,2024-Q3,12975.163226760504,9.47079228805211
ECU,Ecuador,2024,4,2024.75,2024-Q4,13259.015676741164,9.492433028461193
ECU,Ecuador,2025,1,2025.0,2025-Q1,13827.478953193684,9.534413119769948
ECU,Ecuador,2025,2,2025.25,2025-Q2,13565.095906774734,9.515255295232045
ECU,Ecuador,2025,3,2025.5,2025-Q3,13089.59749750848,9.47957310957775
EGY,"Egypt, Arab Republic of",2019,4,2019.75,2019-Q4,15771.68753994313,9.6659716837401
EGY,"Egypt, Arab Republic of",2020,1,2020.0,2020-Q1,25676.14758304205,10.153317730313656
EGY,"Egypt, Arab Republic of",2020,2,2020.25,2020-Q2,28888.972707753248,10.271215234079465
EGY,"Egypt, Arab Republic of",2020,3,2020.5,2020-Q3,27815.4912581498,10.233348383980243
EGY,"Egypt, Arab Republic of",2020,4,2020.75,2020-Q4,26524.352964645277,10.185818569768836
EGY,"Egypt, Arab Republic of",2021,1,2021.0,2021-Q1,26083.51124541543,10.169058640621524
EGY,"Egypt, Arab Republic of",2021,2,2021.25,2021-Q2,27766.14069036789,10.231572596583563
EGY,"Egypt, Arab Republic of",2021,3,2021.5,2021-Q3,29314.25781010015,10.285829291325816
EGY,"Egypt, Arab Republic of",2021,4,2021.75,2021-Q4,29048.175340234324,10.27671094929994
EGY,"Egypt, Arab Republic of",2022,1,2022.0,2022-Q1,26844.208854528715,10.197805391553656
EGY,"Egypt, Arab Republic of",2022,2,2022.25,2022-Q2,27836.54245978896,10.234104913481028
EGY,"Egypt, Arab Republic of",2022,3,2022.5,2022-Q3,29696.057376547917,10.298769567714581
EGY,"Egypt, Arab Republic of",2022,4,2022.75,2022-Q4,29481.28544907714,10.291510949459736
EGY,"Egypt, Arab Republic of",2023,1,2023.0,2023-Q1,26888.308358001792,10.199446837577868
EGY,"Egypt, Arab Republic of",2023,2,2023.25,2023-Q2,27304.09689720533,10.21479203940845
EGY,"Egypt, Arab Republic of",2023,3,2023.5,2023-Q3,27409.84794687236,10.218657641921808
EGY,"Egypt, Arab Republic of",2023,4,2023.75,2023-Q4,28053.082044525523,10.241853781725007
EGY,"Egypt, Arab Republic of",2024,1,2024.0,2024-Q1,24438.656180394635,10.10392142733826
EGY,"Egypt, Arab Republic of",2024,2,2024.25,2024-Q2,25567.007679629634,10.14905803678458
EGY,"Egypt, Arab Republic of",2024,3,2024.5,2024-Q3,26863.72713517502,10.198532221998576
EGY,"Egypt, Arab Republic of",2024,4,2024.75,2024-Q4,26564.50988172129,10.187331388939624
ESP,Spain,1995,1,1995.0,1995-Q1,67107.89313101317,11.114056948396522
ESP,Spain,1995,2,1995.25,1995-Q2,64120.43373249211,11.068518371087574
ESP,Spain,1995,3,1995.5,1995-Q3,66299.65667572657,11.101939997815547
ESP,Spain,1995,4,1995.75,1995-Q4,66771.84387812144,11.109036771838618
ESP,Spain,1996,1,1996.0,1996-Q1,64581.54704987704,11.075683999582429
ESP,Spain,1996,2,1996.25,1996-Q2,64212.17562116489,11.069948123116509
ESP,Spain,1996,3,1996.5,1996-Q3,63640.74947835891,11.061009259226482
ESP,Spain,1996,4,1996.75,1996-Q4,63683.82540858794,11.061685891085034
ESP,Spain,1997,1,1997.0,1997-Q1,64010.71113117416,11.066805709763045
ESP,Spain,1997,2,1997.25,1997-Q2,63864.6286771213,11.0645209452757
ESP,Spain,1997,3,1997.5,1997-Q3,63755.87207923788,11.062816569825578
ESP,Spain,1997,4,1997.75,1997-Q4,64228.18830120656,11.070197463427228
ESP,Spain,1998,1,1998.0,1998-Q1,64301.47765292585,11.071337890567039
ESP,Spain,1998,2,1998.25,1998-Q2,64152.61385723984,11.069020115234572
ESP,Spain,1998,3,1998.5,1998-Q3,63687.51906937261,11.061743889386
ESP,Spain,1998,4,1998.75,1998-Q4,64013.72335406119,11.066852766762745
ESP,Spain,1999,1,1999.0,1999-Q1,63730.86173849732,11.062424209925652
ESP,Spain,1999,2,1999.25,1999-Q2,63129.35398893966,11.052941138281271
ESP,Spain,1999,3,1999.5,1999-Q3,63029.96238708065,11.051365485760677
ESP,Spain,1999,4,1999.75,1999-Q4,63256.72677646131,11.054956753131789
ESP,Spain,2000,1,2000.0,2000-Q1,63578.07088273537,11.06002389243064
ESP,Spain,2000,2,2000.25,2000-Q2,63043.65854654923,11.051582758167402
ESP,Spain,2000,3,2000.5,2000-Q3,62705.29306332839,11.046201141930801
ESP,Spain,2000,4,2000.75,2000-Q4,62972.902338570246,11.050459791234841
ESP,Spain,2001,1,2001.0,2001-Q1,63275.724667751645,11.05525703801865
ESP,Spain,2001,2,2001.25,2001-Q2,62934.47421013078,11.049849372200054
ESP,Spain,2001,3,2001.5,2001-Q3,62689.58752148035,11.045950644592203
ESP,Spain,2001,4,2001.75,2001-Q4,62880.43404981778,11.048990329907154
ESP,Spain,2002,1,2002.0,2002-Q1,62663.739562240415,11.045538242939887
ESP,Spain,2002,2,2002.25,2002-Q2,62116.234492691576,11.036762658759093
ESP,Spain,2002,3,2002.5,2002-Q3,61902.95994441921,11.033323275694528
ESP,Spain,2002,4,2002.75,2002-Q4,62118.52722276754,11.036799568397662
ESP,Spain,2003,1,2003.0,2003-Q1,62347.26616635852,11.040475103576862
ESP,Spain,2003,2,2003.25,2003-Q2,61398.97389826583,11.025148402240962
ESP,Spain,2003,3,2003.5,2003-Q3,61075.49018483344,11.019865922042705
ESP,Spain,2003,4,2003.75,2003-Q4,61259.60789735604,11.022875979735463
ESP,Spain,2004,1,2004.0,2004-Q1,61514.86263598393,11.027034093475178
ESP,Spain,2004,2,2004.25,2004-Q2,61309.96031539707,11.023697593478708
ESP,Spain,2004,3,2004.5,2004-Q3,60913.69791693929,11.017213353150698
ESP,Spain,2004,4,2004.75,2004-Q4,60676.5934633081,11.013313292521206
ESP,Spain,2005,1,2005.0,2005-Q1,60417.47981517652,11.009033742968057
ESP,Spain,2005,2,2005.25,2005-Q2,59603.20915369128,10.99546469646445
ESP,Spain,2005,3,2005.5,2005-Q3,59364.75466469804,10.991455973432346
ESP,Spain,2005,4,2005.75,2005-Q4,59682.04876401054,10.996786563444083
ESP,Spain,2006,1,2006.0,2006-Q1,60163.22833398488,11.004816619650446
ESP,Spain,2006,2,2006.25,2006-Q2,59750.52451985864,10.997933248330266
ESP,Spain,2006,3,2006.5,2006-Q3,59714.77719328173,10.997334792927212
ESP,Spain,2006,4,2006.75,2006-Q4,59958.57843449094,11.001409243371288
ESP,Spain,2007,1,2007.0,2007-Q1,60287.98321186537,11.006888079470388
ESP,Spain,2007,2,2007.25,2007-Q2,59890.9209881468,11.000280203135706
ESP,Spain,2007,3,2007.5,2007-Q3,59839.50409140212,10.999421325371408
ESP,Spain,2007,4,2007.75,2007-Q4,60307.072527935336,11.007204664857944
ESP,Spain,2008,1,2008.0,2008-Q1,60706.73802861994,11.013809976300783
ESP,Spain,2008,2,2008.25,2008-Q2,60648.76093961382,11.012854484478657
ESP,Spain,2008,3,2008.5,2008-Q3,60786.84532649667,11.01512868478354
ESP,Spain,2008,4,2008.75,2008-Q4,61339.66542843147,11.024181983275009
ESP,Spain,2009,1,2009.0,2009-Q1,62085.59395623413,11.036269259628634
ESP,Spain,2009,2,2009.25,2009-Q2,62548.676310274604,11.043700353565216
ESP,Spain,2009,3,2009.5,2009-Q3,62855.02970907693,11.048586238009339
ESP,Spain,2009,4,2009.75,2009-Q4,63531.778253180455,11.059295504631956
ESP,Spain,2010,1,2010.0,2010-Q1,64283.44837952131,11.071057464640315
ESP,Spain,2010,2,2010.25,2010-Q2,64025.58629128389,11.067038068250069
ESP,Spain,2010,3,2010.5,2010-Q3,63754.34676339984,11.062792645220133
ESP,Spain,2010,4,2010.75,2010-Q4,64313.45862262789,11.071524198162155
ESP,Spain,2011,1,2011.0,2011-Q1,65129.57944221614,11.084134094314258
ESP,Spain,2011,2,2011.25,2011-Q2,64278.02868565061,11.070973151765298
ESP,Spain,2011,3,2011.5,2011-Q3,64363.11453755589,11.072295992377269
ESP,Spain,2011,4,2011.75,2011-Q4,65169.20759474729,11.084742360203053
ESP,Spain,2012,1,2012.0,2012-Q1,65966.11565376465,11.096896489988692
ESP,Spain,2012,2,2012.25,2012-Q2,65350.914811539085,11.08752671760074
ESP,Spain,2012,3,2012.5,2012-Q3,65385.02884249463,11.088048594458417
ESP,Spain,2012,4,2012.75,2012-Q4,66068.4731144566,11.098446954638176
ESP,Spain,2013,1,2013.0,2013-Q1,67082.74599928859,11.113682151284264
ESP,Spain,2013,2,2013.25,2013-Q2,66504.93426428185,11.105031423354186
ESP,Spain,2013,3,2013.5,2013-Q3,66194.7384941151,11.100356259825622
ESP,Spain,2013,4,2013.75,2013-Q4,66690.44518920024,11.107816971105649
ESP,Spain,2014,1,2014.0,2014-Q1,67671.91898472483,11.122426586807416
ESP,Spain,2014,2,2014.25,2014-Q2,66459.46443581488,11.104347483432162
ESP,Spain,2014,3,2014.5,2014-Q3,66410.18316842894,11.10360568467625
ESP,Spain,2014,4,2014.75,2014-Q4,66804.01300324225,11.109518432619149
ESP,Spain,2015,1,2015.0,2015-Q1,68059.94686564902,11.128144167355929
ESP,Spain,2015,2,2015.25,2015-Q2,67238.25800521925,11.115997680066481
ESP,Spain,2015,3,2015.5,2015-Q3,67169.62943609612,11.114976481439024
ESP,Spain,2015,4,2015.75,2015-Q4,67600.71938583929,11.121373903776789
ESP,Spain,2016,1,2016.0,2016-Q1,68312.52145124656,11.131848358935263
ESP,Spain,2016,2,2016.25,2016-Q2,67520.51389782819,11.120186740286908
ESP,Spain,2016,3,2016.5,2016-Q3,67224.1755400773,11.115788216875579
ESP,Spain,2016,4,2016.75,2016-Q4,67676.47427476698,11.122493898874211
ESP,Spain,2017,1,2017.0,2017-Q1,68412.29216017309,11.133307797408795
ESP,Spain,2017,2,2017.25,2017-Q2,67749.73998542991,11.12357590088115
ESP,Spain,2017,3,2017.5,2017-Q3,67333.21739862235,11.117408965911112
ESP,Spain,2017,4,2017.75,2017-Q4,67924.68185957862,11.126154750582124
ESP,Spain,2018,1,2018.0,2018-Q1,68663.68033059819,11.136975667826782
ESP,Spain,2018,2,2018.25,2018-Q2,67433.71267179612,11.11890035985692
ESP,Spain,2018,3,2018.5,2018-Q3,67171.59360194803,11.115005722885657
ESP,Spain,2018,4,2018.75,2018-Q4,67438.43326495666,11.118970360866092
ESP,Spain,2019,1,2019.0,2019-Q1,68177.43962874453,11.129868991873595
ESP,Spain,2019,2,2019.25,2019-Q2,67221.41827575819,11.115747200071068
ESP,Spain,2019,3,2019.5,2019-Q3,67114.88251559743,11.114161094426239
ESP,Spain,2019,4,2019.75,2019-Q4,67184.89879131947,11.115203780890566
ESP,Spain,2020,1,2020.0,2020-Q1,64631.03135162696,11.076449935914345
ESP,Spain,2020,2,2020.25,2020-Q2,56199.92646898343,10.936670727499848
ESP,Spain,2020,3,2020.5,2020-Q3,63201.459552791246,11.054082674058018
ESP,Spain,2020,4,2020.75,2020-Q4,63109.72651278311,11.052630181068391
ESP,Spain,2021,1,2021.0,2021-Q1,64214.95085063592,11.069991341859273
ESP,Spain,2021,2,2021.25,2021-Q2,63522.03891883509,11.05914219425402
ESP,Spain,2021,3,2021.5,2021-Q3,63526.71194586009,11.059215756992659
ESP,Spain,2021,4,2021.75,2021-Q4,64268.83225259894,11.070830068799285
ESP,Spain,2022,1,2022.0,2022-Q1,65531.59161730934,11.090287620115044
ESP,Spain,2022,2,2022.25,2022-Q2,65318.933144347495,11.087037214194552
ESP,Spain,2022,3,2022.5,2022-Q3,65412.90893954568,11.088474902364275
ESP,Spain,2022,4,2022.75,2022-Q4,66097.33647784889,11.09888372968522
ESP,Spain,2023,1,2023.0,2023-Q1,66455.26943468933,11.104284360240252
ESP,Spain,2023,2,2023.25,2023-Q2,64596.72191651145,11.075918944156708
ESP,Spain,2023,3,2023.5,2023-Q3,64536.04907255009,11.074979247006848
ESP,Spain,2023,4,2023.75,2023-Q4,65217.38842212522,11.085481405949208
ESP,Spain,2024,1,2024.0,2024-Q1,66376.97543728704,11.103105519868404
ESP,Spain,2024,2,2024.25,2024-Q2,65644.11573094263,11.092003244806657
ESP,Spain,2024,3,2024.5,2024-Q3,65727.06600186648,11.093266083137767
ESP,Spain,2024,4,2024.75,2024-Q4,66156.25264820189,11.099774687346779
ESP,Spain,2025,1,2025.0,2025-Q1,66801.61730622854,11.109482570402736
ESP,Spain,2025,2,2025.25,2025-Q2,65758.25487459845,11.093740491582892
ESP,Spain,2025,3,2025.5,2025-Q3,65800.96871508977,11.094389839318865
ESP,Spain,2025,4,2025.75,2025-Q4,66081.16862044198,11.098639092972533
ESP,Spain,2026,1,2026.0,2026-Q1,67001.32708902788,11.112467705475865
EST,"Estonia, Republic of",1997,2,1997.25,1997-Q2,19950.75524660608,9.901022278574189
EST,"Estonia, Republic of",1998,2,1998.25,1998-Q2,21003.934137375996,9.952465039034685
EST,"Estonia, Republic of",1999,2,1999.25,1999-Q2,21655.17723465505,9.982999838083257
EST,"Estonia, Republic of",2000,1,2000.0,2000-Q1,23687.53407998099,10.072704200556453
EST,"Estonia, Republic of",2000,2,2000.25,2000-Q2,23624.62612195483,10.070044926710997
EST,"Estonia, Republic of",2000,3,2000.5,2000-Q3,23507.37774780234,10.065069597576286
EST,"Estonia, Republic of",2000,4,2000.75,2000-Q4,24343.23977174321,10.100009462521292
EST,"Estonia, Republic of",2001,1,2001.0,2001-Q1,25023.740304534287,10.1275802654353
EST,"Estonia, Republic of",2001,2,2001.25,2001-Q2,24971.206740317622,10.12547870971191
EST,"Estonia, Republic of",2001,3,2001.5,2001-Q3,24786.74262815533,10.118064217773467
EST,"Estonia, Republic of",2001,4,2001.75,2001-Q4,25207.58081949145,10.134900054430691
EST,"Estonia, Republic of",2002,1,2002.0,2002-Q1,26005.782398682262,10.166074192225734
EST,"Estonia, Republic of",2002,2,2002.25,2002-Q2,26703.55965159341,10.192552155786379
EST,"Estonia, Republic of",2002,3,2002.5,2002-Q3,26902.13400339626,10.199960893424668
EST,"Estonia, Republic of",2002,4,2002.75,2002-Q4,27306.240955079764,10.214870561459765
EST,"Estonia, Republic of",2003,1,2003.0,2003-Q1,28252.21214250264,10.248927039438135
EST,"Estonia, Republic of",2003,2,2003.25,2003-Q2,28346.358822369297,10.252253864306482
EST,"Estonia, Republic of",2003,3,2003.5,2003-Q3,27701.332320092955,10.22923578921705
EST,"Estonia, Republic of",2003,4,2003.75,2003-Q4,28488.690517227256,10.257262463544341
EST,"Estonia, Republic of",2004,1,2004.0,2004-Q1,29877.96259421629,10.304876450650756
EST,"Estonia, Republic of",2004,2,2004.25,2004-Q2,29460.10976669426,10.290792415966715
EST,"Estonia, Republic of",2004,3,2004.5,2004-Q3,30280.924729329443,10.318273246362793
EST,"Estonia, Republic of",2004,4,2004.75,2004-Q4,30826.04132033477,10.33611510914354
EST,"Estonia, Republic of",2005,1,2005.0,2005-Q1,31475.499630256007,10.356964732662842
EST,"Estonia, Republic of",2005,2,2005.25,2005-Q2,31894.22756905186,10.370180318450577
EST,"Estonia, Republic of",2005,3,2005.5,2005-Q3,32488.384235208192,10.388637896284875
EST,"Estonia, Republic of",2005,4,2005.75,2005-Q4,32887.54524674144,10.400849301151219
EST,"Estonia, Republic of",2006,1,2006.0,2006-Q1,32989.03560324846,10.403930530792863
EST,"Estonia, Republic of",2006,2,2006.25,2006-Q2,32831.832982885244,10.399153841495245
EST,"Estonia, Republic of",2006,3,2006.5,2006-Q3,33504.17295558067,10.419425275893706
EST,"Estonia, Republic of",2006,4,2006.75,2006-Q4,34299.04458612149,10.442872778134058
EST,"Estonia, Republic of",2007,1,2007.0,2007-Q1,35872.12846903138,10.487715907183253
EST,"Estonia, Republic of",2007,2,2007.25,2007-Q2,35398.45114777788,10.47442334527705
EST,"Estonia, Republic of",2007,3,2007.5,2007-Q3,35270.26693688393,10.470795591584897
EST,"Estonia, Republic of",2007,4,2007.75,2007-Q4,35442.63504923749,10.475670754360134
EST,"Estonia, Republic of",2008,1,2008.0,2008-Q1,34653.49847415627,10.453153965586436
EST,"Estonia, Republic of",2008,2,2008.25,2008-Q2,35097.10857838381,10.46587402937659
EST,"Estonia, Republic of",2008,3,2008.5,2008-Q3,34893.44214468965,10.4600541863707
EST,"Estonia, Republic of",2008,4,2008.75,2008-Q4,31086.08547035608,10.344515585519732
EST,"Estonia, Republic of",2009,1,2009.0,2009-Q1,32365.83900236133,10.38485879378161
EST,"Estonia, Republic of",2009,2,2009.25,2009-Q2,32309.486312871224,10.383116159988079
EST,"Estonia, Republic of",2009,3,2009.5,2009-Q3,31382.892382800343,10.35401819485009
EST,"Estonia, Republic of",2009,4,2009.75,2009-Q4,32543.98864593278,10.390347949964646
EST,"Estonia, Republic of",2010,1,2010.0,2010-Q1,34482.51617292039,10.448207696967774
EST,"Estonia, Republic of",2010,2,2010.25,2010-Q2,34730.94328080296,10.455386305772478
EST,"Estonia, Republic of",2010,3,2010.5,2010-Q3,34184.94966740148,10.439540757987633
EST,"Estonia, Republic of",2010,4,2010.75,2010-Q4,34022.59305680776,10.434780084585638
EST,"Estonia, Republic of",2011,1,2011.0,2011-Q1,35164.29312891047,10.467786446987697
EST,"Estonia, Republic of",2011,2,2011.25,2011-Q2,34969.33003376052,10.46222667155993
EST,"Estonia, Republic of",2011,3,2011.5,2011-Q3,34016.15341673047,10.434590791265867
EST,"Estonia, Republic of",2011,4,2011.75,2011-Q4,34742.43163572981,10.455717032616981
EST,"Estonia, Republic of",2012,1,2012.0,2012-Q1,35221.0453170569,10.469399061253629
EST,"Estonia, Republic of",2012,2,2012.25,2012-Q2,35252.84829276978,10.470301607607825
EST,"Estonia, Republic of",2012,3,2012.5,2012-Q3,34876.56317124768,10.459570340233814
EST,"Estonia, Republic of",2012,4,2012.75,2012-Q4,35843.71892335206,10.48692362630815
EST,"Estonia, Republic of",2013,1,2013.0,2013-Q1,36290.488102482464,10.499310950171294
EST,"Estonia, Republic of",2013,2,2013.25,2013-Q2,34952.327803762986,10.461740349271286
EST,"Estonia, Republic of",2013,3,2013.5,2013-Q3,35174.02275141561,10.468063099120902
EST,"Estonia, Republic of",2013,4,2013.75,2013-Q4,35757.61589866701,10.484518557564577
EST,"Estonia, Republic of",2014,1,2014.0,2014-Q1,37045.34232049339,10.519897909474642
EST,"Estonia, Republic of",2014,2,2014.25,2014-Q2,35824.396349769035,10.486384402582855
EST,"Estonia, Republic of",2014,3,2014.5,2014-Q3,36044.95173599712,10.492522097844777
EST,"Estonia, Republic of",2014,4,2014.75,2014-Q4,36820.16833524425,10.51380102661921
EST,"Estonia, Republic of",2015,1,2015.0,2015-Q1,37134.84077611158,10.522310912390195
EST,"Estonia, Republic of",2015,2,2015.25,2015-Q2,36885.490800772764,10.515573549472867
EST,"Estonia, Republic of",2015,3,2015.5,2015-Q3,36137.46165065377,10.495085325117639
EST,"Estonia, Republic of",2015,4,2015.75,2015-Q4,37039.52117498101,10.519740761435225
EST,"Estonia, Republic of",2016,1,2016.0,2016-Q1,38359.465362089366,10.554756591519888
EST,"Estonia, Republic of",2016,2,2016.25,2016-Q2,36513.92743799997,10.505449040433708
EST,"Estonia, Republic of",2016,3,2016.5,2016-Q3,37049.65095203085,10.520014209682037
EST,"Estonia, Republic of",2016,4,2016.75,2016-Q4,38364.293438073415,10.554882447605824
EST,"Estonia, Republic of",2017,1,2017.0,2017-Q1,38759.24306419494,10.565124537026472
EST,"Estonia, Republic of",2017,2,2017.25,2017-Q2,39048.73060470643,10.57256564781774
EST,"Estonia, Republic of",2017,3,2017.5,2017-Q3,38516.65195016133,10.558845944952855
EST,"Estonia, Republic of",2017,4,2017.75,2017-Q4,39051.28389677382,10.572631033005813
EST,"Estonia, Republic of",2018,1,2018.0,2018-Q1,40204.19772598631,10.601726690200051
EST,"Estonia, Republic of",2018,2,2018.25,2018-Q2,39684.307093347525,10.588711101207434
EST,"Estonia, Republic of",2018,3,2018.5,2018-Q3,39979.113760633096,10.596112440740992
EST,"Estonia, Republic of",2018,4,2018.75,2018-Q4,39800.63806488304,10.591638222925003
EST,"Estonia, Republic of",2019,1,2019.0,2019-Q1,41337.067671134864,10.629514898720325
EST,"Estonia, Republic of",2019,2,2019.25,2019-Q2,41268.59366051146,10.627857045609465
EST,"Estonia, Republic of",2019,3,2019.5,2019-Q3,40799.903863067535,10.616435004092112
EST,"Estonia, Republic of",2019,4,2019.75,2019-Q4,40690.24654237253,10.613743700018238
EST,"Estonia, Republic of",2020,1,2020.0,2020-Q1,40717.37687569077,10.614410230576029
EST,"Estonia, Republic of",2020,2,2020.25,2020-Q2,40205.09307951236,10.601748960102373
EST,"Estonia, Republic of",2020,3,2020.5,2020-Q3,41219.26972466503,10.626661137758278
EST,"Estonia, Republic of",2020,4,2020.75,2020-Q4,41661.19650718409,10.63732543517027
EST,"Estonia, Republic of",2021,1,2021.0,2021-Q1,43474.90742205073,10.679939209767674
EST,"Estonia, Republic of",2021,2,2021.25,2021-Q2,44560.83029803768,10.704610507686942
EST,"Estonia, Republic of",2021,3,2021.5,2021-Q3,43235.284501699,10.67441221172905
EST,"Estonia, Republic of",2021,4,2021.75,2021-Q4,44016.00062847736,10.69230849744274
EST,"Estonia, Republic of",2022,1,2022.0,2022-Q1,43359.78051260933,10.677287574122149
EST,"Estonia, Republic of",2022,2,2022.25,2022-Q2,42689.797787241565,10.661715242969684
EST,"Estonia, Republic of",2022,3,2022.5,2022-Q3,42022.21632839509,10.645953717615257
EST,"Estonia, Republic of",2022,4,2022.75,2022-Q4,41286.95751394624,10.62830193038042
EST,"Estonia, Republic of",2023,1,2023.0,2023-Q1,39747.30819197695,10.59029739934865
EST,"Estonia, Republic of",2023,2,2023.25,2023-Q2,39955.58568974129,10.595523758435734
EST,"Estonia, Republic of",2023,3,2023.5,2023-Q3,39948.48789576621,10.595346100559851
EST,"Estonia, Republic of",2023,4,2023.75,2023-Q4,40146.69925497765,10.600295505658657
EST,"Estonia, Republic of",2024,1,2024.0,2024-Q1,40108.10723290039,10.599333768244021
EST,"Estonia, Republic of",2024,2,2024.25,2024-Q2,39170.07059517649,10.575668228934905
EST,"Estonia, Republic of",2024,3,2024.5,2024-Q3,39879.60420563902,10.593620299393601
EST,"Estonia, Republic of",2024,4,2024.75,2024-Q4,40109.15303804696,10.599359842561272
EST,"Estonia, Republic of",2025,1,2025.0,2025-Q1,40765.5750259108,10.615593254870474
EST,"Estonia, Republic of",2025,2,2025.25,2025-Q2,40446.85694523086,10.607744217248403
EST,"Estonia, Republic of",2025,3,2025.5,2025-Q3,40143.30914658853,10.600211059076607
EST,"Estonia, Republic of",2025,4,2025.75,2025-Q4,41145.170257959406,10.624861830030023
EST,"Estonia, Republic of",2026,1,2026.0,2026-Q1,41668.42418450055,10.637498907154772
FIN,Finland,1995,2,1995.25,1995-Q2,76410.05966156727,11.243869637449674
FIN,Finland,1996,2,1996.25,1996-Q2,76258.625202599,11.2418858054835
FIN,Finland,1997,2,1997.25,1997-Q2,78209.35709747531,11.267144575353141
FIN,Finland,1998,1,1998.0,1998-Q1,81126.08038210229,11.303759771416663
FIN,Finland,1998,2,1998.25,1998-Q2,81160.69509195667,11.304186358367796
FIN,Finland,1998,3,1998.5,1998-Q3,78493.14069491594,11.270766520270074
FIN,Finland,1998,4,1998.75,1998-Q4,81674.12377794365,11.310492508256765
FIN,Finland,1999,1,1999.0,1999-Q1,83070.8220147879,11.327448800231226
FIN,Finland,1999,2,1999.25,1999-Q2,79199.42008421049,11.27972425560665
FIN,Finland,1999,3,1999.5,1999-Q3,78668.37168303183,11.272996469041606
FIN,Finland,1999,4,1999.75,1999-Q4,82197.38389377254,11.316878754427988
FIN,Finland,2000,1,2000.0,2000-Q1,86040.00673592305,11.362567661669937
FIN,Finland,2000,2,2000.25,2000-Q2,82086.55827707925,11.315529558249219
FIN,Finland,2000,3,2000.5,2000-Q3,81918.20681366605,11.31347655055214
FIN,Finland,2000,4,2000.75,2000-Q4,85897.99667690218,11.360915786127661
FIN,Finland,2001,1,2001.0,2001-Q1,87456.26131185266,11.378894076647002
FIN,Finland,2001,2,2001.25,2001-Q2,83535.39449045087,11.333025707137793
FIN,Finland,2001,3,2001.5,2001-Q3,83510.3570028591,11.332725939109507
FIN,Finland,2001,4,2001.75,2001-Q4,85662.29915286059,11.358168091258154
FIN,Finland,2002,1,2002.0,2002-Q1,87703.39310196211,11.381715867485982
FIN,Finland,2002,2,2002.25,2002-Q2,85059.22268961325,11.351103030388408
FIN,Finland,2002,3,2002.5,2002-Q3,84165.31644576517,11.340538196672231
FIN,Finland,2002,4,2002.75,2002-Q4,88188.38379313982,11.387230530295652
FIN,Finland,2003,1,2003.0,2003-Q1,88458.92787351349,11.390293631447372
FIN,Finland,2003,2,2003.25,2003-Q2,86691.51232799402,11.370111260952116
FIN,Finland,2003,3,2003.5,2003-Q3,87161.75978006245,11.375520979080326
FIN,Finland,2003,4,2003.75,2003-Q4,90818.91635123568,11.416622872751157
FIN,Finland,2004,1,2004.0,2004-Q1,92887.57490311564,11.439145168850711
FIN,Finland,2004,2,2004.25,2004-Q2,90380.37734605484,11.411782458062273
FIN,Finland,2004,3,2004.5,2004-Q3,89870.63272869664,11.40612650111608
FIN,Finland,2004,4,2004.75,2004-Q4,94188.3009976129,11.453051259620551
FIN,Finland,2005,1,2005.0,2005-Q1,95590.02052675898,11.467823705795299
FIN,Finland,2005,2,2005.25,2005-Q2,91000.06827216652,11.418615535742294
FIN,Finland,2005,3,2005.5,2005-Q3,91605.40315869826,11.42524553537126
FIN,Finland,2005,4,2005.75,2005-Q4,93649.76651156272,11.447317214666379
FIN,Finland,2006,1,2006.0,2006-Q1,96699.16136160948,11.479360008824766
FIN,Finland,2006,2,2006.25,2006-Q2,93703.61036021016,11.447891998543017
FIN,Finland,2006,3,2006.5,2006-Q3,93320.4349476055,11.443794386943251
FIN,Finland,2006,4,2006.75,2006-Q4,96290.76305864668,11.475127674791638
FIN,Finland,2007,1,2007.0,2007-Q1,99115.99433146436,11.504046103172707
FIN,Finland,2007,2,2007.25,2007-Q2,96455.41801827756,11.476836191129172
FIN,Finland,2007,3,2007.5,2007-Q3,96707.56473467298,11.47944690728211
FIN,Finland,2007,4,2007.75,2007-Q4,100177.43791164838,11.514698271735778
FIN,Finland,2008,1,2008.0,2008-Q1,100535.8562377822,11.518269721336353
FIN,Finland,2008,2,2008.25,2008-Q2,95867.8461697636,11.470725919664128
FIN,Finland,2008,3,2008.5,2008-Q3,96482.62903953563,11.477118261170343
FIN,Finland,2008,4,2008.75,2008-Q4,96533.74367487458,11.477647901592189
FIN,Finland,2009,1,2009.0,2009-Q1,92531.45410002704,11.435303910023165
FIN,Finland,2009,2,2009.25,2009-Q2,90305.7174042654,11.410956053062579
FIN,Finland,2009,3,2009.5,2009-Q3,91936.24747883226,11.428850653635298
FIN,Finland,2009,4,2009.75,2009-Q4,93897.18670199173,11.449955704172359
FIN,Finland,2010,1,2010.0,2010-Q1,95475.18405520493,11.466621639876147
FIN,Finland,2010,2,2010.25,2010-Q2,94374.18495990652,11.455022850327612
FIN,Finland,2010,3,2010.5,2010-Q3,93720.70323111147,11.448074396126566
FIN,Finland,2010,4,2010.75,2010-Q4,98297.92995468338,11.495758247466764
FIN,Finland,2011,1,2011.0,2011-Q1,99440.05947427686,11.507310324276498
FIN,Finland,2011,2,2011.25,2011-Q2,94894.0892766307,11.460516698955788
FIN,Finland,2011,3,2011.5,2011-Q3,95133.87729293387,11.463040413205874
FIN,Finland,2011,4,2011.75,2011-Q4,97452.22413142282,11.487117527983857
FIN,Finland,2012,1,2012.0,2012-Q1,97812.05291312264,11.490803088849908
FIN,Finland,2012,2,2012.25,2012-Q2,93262.57978414856,11.443174232258816
FIN,Finland,2012,3,2012.5,2012-Q3,92767.38535040508,11.437850406035466
FIN,Finland,2012,4,2012.75,2012-Q4,95720.26945838622,11.469185357087154
FIN,Finland,2013,1,2013.0,2013-Q1,96455.89743471245,11.476841161459022
FIN,Finland,2013,2,2013.25,2013-Q2,93087.2706557764,11.441292726266989
FIN,Finland,2013,3,2013.5,2013-Q3,93932.6901407077,11.45033374242416
FIN,Finland,2013,4,2013.75,2013-Q4,96396.17915574896,11.47622184449933
FIN,Finland,2014,1,2014.0,2014-Q1,96696.81939228688,11.479335789403933
FIN,Finland,2014,2,2014.25,2014-Q2,93168.64094167252,11.442166473471842
FIN,Finland,2014,3,2014.5,2014-Q3,93534.82707171536,11.446089127972993
FIN,Finland,2014,4,2014.75,2014-Q4,96121.56363302488,11.473368957227713
FIN,Finland,2015,1,2015.0,2015-Q1,96389.71717895822,11.476154806641105
FIN,Finland,2015,2,2015.25,2015-Q2,94949.98808756864,11.461105590780377
FIN,Finland,2015,3,2015.5,2015-Q3,94146.55812710544,11.452607976084142
FIN,Finland,2015,4,2015.75,2015-Q4,97396.85292297971,11.486549178256256
FIN,Finland,2016,1,2016.0,2016-Q1,99198.88228834917,11.504882025954943
FIN,Finland,2016,2,2016.25,2016-Q2,95954.28843229938,11.471627194885222
FIN,Finland,2016,3,2016.5,2016-Q3,96354.06487625974,11.475784861600856
FIN,Finland,2016,4,2016.75,2016-Q4,99437.74771295386,11.507287076219253
FIN,Finland,2017,1,2017.0,2017-Q1,101234.65343942042,11.525196402512059
FIN,Finland,2017,2,2017.25,2017-Q2,98979.61906742008,11.502669239917143
FIN,Finland,2017,3,2017.5,2017-Q3,98950.63228805826,11.50237634098562
FIN,Finland,2017,4,2017.75,2017-Q4,100561.82350638392,11.518527976615868
FIN,Finland,2018,1,2018.0,2018-Q1,101447.28768777625,11.527294609438467
FIN,Finland,2018,2,2018.25,2018-Q2,97166.9199043085,11.484185602320476
FIN,Finland,2018,3,2018.5,2018-Q3,96926.71477870068,11.4817104541928
FIN,Finland,2018,4,2018.75,2018-Q4,98397.32505457924,11.49676889826616
FIN,Finland,2019,1,2019.0,2019-Q1,100342.44036039122,11.516344018655303
FIN,Finland,2019,2,2019.25,2019-Q2,97928.851485942,11.491996488737787
FIN,Finland,2019,3,2019.5,2019-Q3,97736.56662949231,11.490031042618579
FIN,Finland,2019,4,2019.75,2019-Q4,99185.38367043943,11.5047459403852
FIN,Finland,2020,1,2020.0,2020-Q1,100104.03736383854,11.513965297795027
FIN,Finland,2020,2,2020.25,2020-Q2,94106.36892906069,11.45218100584486
FIN,Finland,2020,3,2020.5,2020-Q3,97367.18910345306,11.486244565357001
FIN,Finland,2020,4,2020.75,2020-Q4,99402.14904268835,11.506929012558723
FIN,Finland,2021,1,2021.0,2021-Q1,99816.90082804007,11.511092794936324
FIN,Finland,2021,2,2021.25,2021-Q2,97088.55119415394,11.48337873995554
FIN,Finland,2021,3,2021.5,2021-Q3,98353.4440505626,11.496322841511782
FIN,Finland,2021,4,2021.75,2021-Q4,99207.4309871481,11.504968199612053
FIN,Finland,2022,1,2022.0,2022-Q1,99194.74226939898,11.504840290551803
FIN,Finland,2022,2,2022.25,2022-Q2,95752.33822339808,11.469520326832436
FIN,Finland,2022,3,2022.5,2022-Q3,96321.40909799324,11.475445889775271
FIN,Finland,2022,4,2022.75,2022-Q4,96169.62020729684,11.473868788518079
FIN,Finland,2023,1,2023.0,2023-Q1,97599.1523990899,11.488624087927919
FIN,Finland,2023,2,2023.25,2023-Q2,94200.94230401875,11.453185463741798
FIN,Finland,2023,3,2023.5,2023-Q3,94284.14817689551,11.454068354564296
FIN,Finland,2023,4,2023.75,2023-Q4,95236.6935867231,11.464120583353088
FIN,Finland,2024,1,2024.0,2024-Q1,97753.33770150167,11.49020262254858
FIN,Finland,2024,2,2024.25,2024-Q2,95372.61254638345,11.465546735994373
FIN,Finland,2024,3,2024.5,2024-Q3,96813.68317745518,11.480543618413972
FIN,Finland,2024,4,2024.75,2024-Q4,98673.56210001008,11.499572328344916
FIN,Finland,2025,1,2025.0,2025-Q1,99954.88311443408,11.512474194307279
FIN,Finland,2025,2,2025.25,2025-Q2,96660.99883760184,11.478965278861118
FIN,Finland,2025,3,2025.5,2025-Q3,97377.5031034169,11.486350488654388
FIN,Finland,2025,4,2025.75,2025-Q4,98951.91502429408,11.502389304297646
FIN,Finland,2026,1,2026.0,2026-Q1,101333.96057636334,11.526176881599413
FRA,France,1983,1,1983.0,1983-Q1,62403.139575689296,11.041370866804796
FRA,France,1984,1,1984.0,1984-Q1,63267.26219455633,11.055123289425895
FRA,France,1985,1,1985.0,1985-Q1,64207.49316939034,11.069875198901384
FRA,France,1986,1,1986.0,1986-Q1,64987.76340210191,11.081954275803232
FRA,France,1987,1,1987.0,1987-Q1,66555.48524618443,11.105791243359574
FRA,France,1988,1,1988.0,1988-Q1,69535.68950242928,11.149595417768191
FRA,France,1989,1,1989.0,1989-Q1,71738.97689956757,11.180789489757478
FRA,France,1990,1,1990.0,1990-Q1,74068.15639155085,11.212740980614553
FRA,France,1991,1,1991.0,1991-Q1,74477.26748069981,11.2182492233174
FRA,France,1992,1,1992.0,1992-Q1,76340.45853880221,11.242958332815137
FRA,France,1993,1,1993.0,1993-Q1,76377.08814288625,11.24343803675987
FRA,France,1994,1,1994.0,1994-Q1,78060.00550868765,11.26523311130452
FRA,France,1995,1,1995.0,1995-Q1,79483.04423598305,11.28329899784447
FRA,France,1996,1,1996.0,1996-Q1,80231.60363798533,11.292672776557234
FRA,France,1997,1,1997.0,1997-Q1,81591.92450755801,11.309485571686741
FRA,France,1998,1,1998.0,1998-Q1,83789.75656901956,11.336066042352122
FRA,France,1999,1,1999.0,1999-Q1,85006.03275465514,11.350477506538127
FRA,France,2000,1,2000.0,2000-Q1,86511.82332423082,11.368036369408571
FRA,France,2001,1,2001.0,2001-Q1,87065.34485195133,11.37441420596191
FRA,France,2002,1,2002.0,2002-Q1,86963.52249241759,11.373244028017224
FRA,France,2003,1,2003.0,2003-Q1,85446.32496695654,11.35564367962538
FRA,France,2003,2,2003.25,2003-Q2,84716.08162817404,11.34706072835788
FRA,France,2003,3,2003.5,2003-Q3,84949.56247847385,11.34981297674513
FRA,France,2003,4,2003.75,2003-Q4,86493.0426475754,11.367819257865222
FRA,France,2004,1,2004.0,2004-Q1,87370.82626841334,11.377916710365579
FRA,France,2004,2,2004.25,2004-Q2,86907.34381611801,11.372597816498903
FRA,France,2004,3,2004.5,2004-Q3,86329.69794412811,11.365928942371694
FRA,France,2004,4,2004.75,2004-Q4,88146.60059809625,11.38675662324913
FRA,France,2005,1,2005.0,2005-Q1,88441.11527860387,11.390092245459531
FRA,France,2005,2,2005.25,2005-Q2,87685.6579716692,11.381513629886259
FRA,France,2005,3,2005.5,2005-Q3,87926.80600240814,11.384259997391776
FRA,France,2005,4,2005.75,2005-Q4,89671.34998055823,11.403906598818363
FRA,France,2006,1,2006.0,2006-Q1,90526.84944541298,11.413401764642359
FRA,France,2006,2,2006.25,2006-Q2,90721.2515311678,11.415546914403985
FRA,France,2006,3,2006.5,2006-Q3,89667.41990605798,11.403862770319892
FRA,France,2006,4,2006.75,2006-Q4,90788.3418894842,11.416286163058642
FRA,France,2007,1,2007.0,2007-Q1,91808.61719059935,11.427461441381789
FRA,France,2007,2,2007.25,2007-Q2,91172.44038650456,11.420507941649737
FRA,France,2007,3,2007.5,2007-Q3,90442.79260604957,11.4124728039122
FRA,France,2007,4,2007.75,2007-Q4,90930.19279083806,11.417847378929281
FRA,France,2008,1,2008.0,2008-Q1,91629.79617723994,11.425511783546002
FRA,France,2008,2,2008.25,2008-Q2,90173.44142126395,11.40949022168851
FRA,France,2008,3,2008.5,2008-Q3,89532.51300658107,11.402357112111538
FRA,France,2008,4,2008.75,2008-Q4,89181.67485505783,11.398430858618008
FRA,France,2009,1,2009.0,2009-Q1,88334.54001814661,11.388886476789736
FRA,France,2009,2,2009.25,2009-Q2,87959.32351872849,11.384629753856137
FRA,France,2009,3,2009.5,2009-Q3,88072.6619365744,11.385917456579184
FRA,France,2009,4,2009.75,2009-Q4,89769.11562331149,11.404996271118288
FRA,France,2010,1,2010.0,2010-Q1,89851.3902802418,11.405912365439148
FRA,France,2010,2,2010.25,2010-Q2,89425.39667782647,11.401159999989076
FRA,France,2010,3,2010.5,2010-Q3,89532.32429589724,11.40235500437574
FRA,France,2010,4,2010.75,2010-Q4,91032.01254670492,11.418966509864246
FRA,France,2011,1,2011.0,2011-Q1,92567.90377289732,11.435697749026826
FRA,France,2011,2,2011.25,2011-Q2,91555.5186688432,11.42470082866646
FRA,France,2011,3,2011.5,2011-Q3,91540.14010909307,11.424532844784276
FRA,France,2011,4,2011.75,2011-Q4,92696.7935809625,11.437089161753596
FRA,France,2012,1,2012.0,2012-Q1,92997.47667444986,11.440327639234502
FRA,France,2012,2,2012.25,2012-Q2,91625.44046555078,11.425464246441253
FRA,France,2012,3,2012.5,2012-Q3,91535.65147090454,11.424483808937966
FRA,France,2012,4,2012.75,2012-Q4,92256.69087102952,11.432330089039874
FRA,France,2013,1,2013.0,2013-Q1,93137.9162181285,11.441836643708564
FRA,France,2013,2,2013.25,2013-Q2,92865.48507458836,11.438907328046
FRA,France,2013,3,2013.5,2013-Q3,92112.86284814175,11.4307698742521
FRA,France,2013,4,2013.75,2013-Q4,93569.77057770576,11.446462646388207
FRA,France,2014,1,2014.0,2014-Q1,91794.20236797164,11.42730441958123
FRA,France,2014,2,2014.25,2014-Q2,91240.78344100829,11.421257262957342
FRA,France,2014,3,2014.5,2014-Q3,91803.0292058645,11.427400573949397
FRA,France,2014,4,2014.75,2014-Q4,92135.50618803248,11.43101566573588
FRA,France,2015,1,2015.0,2015-Q1,93058.65341660836,11.440985255238159
FRA,France,2015,2,2015.25,2015-Q2,92149.18394733589,11.431164107359743
FRA,France,2015,3,2015.5,2015-Q3,91937.30803086696,11.428862189302096
FRA,France,2015,4,2015.75,2015-Q4,92836.46093410348,11.43859473960689
FRA,France,2016,1,2016.0,2016-Q1,93243.6635984034,11.442971384509946
FRA,France,2016,2,2016.25,2016-Q2,92064.2779001954,11.430242284901153
FRA,France,2016,3,2016.5,2016-Q3,91929.57676878142,11.428778093004947
FRA,France,2016,4,2016.75,2016-Q4,93227.8634823119,11.442801920395219
FRA,France,2017,1,2017.0,2017-Q1,94286.559573513,11.454093930080731
FRA,France,2017,2,2017.25,2017-Q2,93235.99910989097,11.442889182639721
FRA,France,2017,3,2017.5,2017-Q3,93910.7947669999,11.450100618833872
FRA,France,2017,4,2017.75,2017-Q4,94334.4720881768,11.454601959490518
FRA,France,2018,1,2018.0,2018-Q1,94801.9131484146,11.459544868929932
FRA,France,2018,2,2018.25,2018-Q2,94148.118272216,11.452624547398216
FRA,France,2018,3,2018.5,2018-Q3,94369.26988186556,11.454970768224461
FRA,France,2018,4,2018.75,2018-Q4,95305.44003755043,11.464842171303246
FRA,France,2019,1,2019.0,2019-Q1,96649.4553576102,11.478845849417393
FRA,France,2019,2,2019.25,2019-Q2,96184.11633365064,11.474019512144684
FRA,France,2019,3,2019.5,2019-Q3,96580.37093257532,11.47813080009706
FRA,France,2019,4,2019.75,2019-Q4,95594.69095543752,11.467872563558489
FRA,France,2020,1,2020.0,2020-Q1,91097.32884709968,11.4196837617106
FRA,France,2020,2,2020.25,2020-Q2,81298.31574349235,11.305880578759101
FRA,France,2020,3,2020.5,2020-Q3,92729.02835470892,11.437436845519908
FRA,France,2020,4,2020.75,2020-Q4,92299.513589198,11.432794150587545
FRA,France,2021,1,2021.0,2021-Q1,91414.70111284546,11.42316158819368
FRA,France,2021,2,2021.25,2021-Q2,91214.21510944865,11.420966031344522
FRA,France,2021,3,2021.5,2021-Q3,92922.88295715189,11.439525212631539
FRA,France,2021,4,2021.75,2021-Q4,93449.42998438004,11.445175713179498
FRA,France,2022,1,2022.0,2022-Q1,93579.17984451151,11.446563200164142
FRA,France,2022,2,2022.25,2022-Q2,93007.58048650576,11.440436279421172
FRA,France,2022,3,2022.5,2022-Q3,92866.31969496964,11.43891631541768
FRA,France,2022,4,2022.75,2022-Q4,93694.15847284115,11.447791123410557
FRA,France,2023,1,2023.0,2023-Q1,93857.66965104136,11.449534761116062
FRA,France,2023,2,2023.25,2023-Q2,93981.63791044916,11.450854700792329
FRA,France,2023,3,2023.5,2023-Q3,94399.78724333478,11.45529409835282
FRA,France,2023,4,2023.75,2023-Q4,95121.48127030798,11.462910103891728
FRA,France,2024,1,2024.0,2024-Q1,94606.15862200344,11.457477854633455
FRA,France,2024,2,2024.25,2024-Q2,93745.67636643452,11.448340824011122
FRA,France,2024,3,2024.5,2024-Q3,93885.34309299273,11.449829562416493
FRA,France,2024,4,2024.75,2024-Q4,94793.66881353816,11.4594579013456
FRA,France,2025,1,2025.0,2025-Q1,93974.26538477391,11.450776251267204
FRA,France,2025,2,2025.25,2025-Q2,93143.91874488418,11.4419010893563
FRA,France,2025,3,2025.5,2025-Q3,93804.4909405364,11.448968011679089
FRA,France,2025,4,2025.75,2025-Q4,94790.01141343152,11.459419317854628
FRA,France,2026,1,2026.0,2026-Q1,94252.81481158994,11.453735970239256
GBR,United Kingdom,2005,1,2005.0,2005-Q1,90127.2396176076,11.408977724404512
GBR,United Kingdom,2005,2,2005.25,2005-Q2,90729.50555874567,11.415637892559337
GBR,United Kingdom,2005,3,2005.5,2005-Q3,90611.58726122609,11.414337378568758
GBR,United Kingdom,2005,4,2005.75,2005-Q4,91894.65573500456,11.428398153606084
GBR,United Kingdom,2006,1,2006.0,2006-Q1,92100.7617464774,11.430638493072141
GBR,United Kingdom,2006,2,2006.25,2006-Q2,92155.91530624464,11.431237153183641
GBR,United Kingdom,2006,3,2006.5,2006-Q3,91469.02158336971,11.423755632008197
GBR,United Kingdom,2006,4,2006.75,2006-Q4,91864.42593077112,11.42806913798158
GBR,United Kingdom,2007,1,2007.0,2007-Q1,93414.25180843944,11.444799201531877
GBR,United Kingdom,2007,2,2007.25,2007-Q2,93877.95320858984,11.449750847517977
GBR,United Kingdom,2007,3,2007.5,2007-Q3,93849.25238868975,11.449445075959375
GBR,United Kingdom,2007,4,2007.75,2007-Q4,94267.35363439936,11.45389021180352
GBR,United Kingdom,2008,1,2008.0,2008-Q1,94801.88288856587,11.459544549739606
GBR,United Kingdom,2008,2,2008.25,2008-Q2,94161.8116102291,11.452769981449896
GBR,United Kingdom,2008,3,2008.5,2008-Q3,92460.57286616386,11.434537593350017
GBR,United Kingdom,2008,4,2008.75,2008-Q4,90791.55588580947,11.416321563412591
GBR,United Kingdom,2009,1,2009.0,2009-Q1,89924.06679102566,11.406720890873343
GBR,United Kingdom,2009,2,2009.25,2009-Q2,90516.80425181144,11.413290794791644
GBR,United Kingdom,2009,3,2009.5,2009-Q3,90096.92792441008,11.40864134672668
GBR,United Kingdom,2009,4,2009.75,2009-Q4,90441.62994144614,11.412459948580745
GBR,United Kingdom,2010,1,2010.0,2010-Q1,92028.9859239382,11.429858870799448
GBR,United Kingdom,2010,2,2010.25,2010-Q2,92469.56327401112,11.43463482366674
GBR,United Kingdom,2010,3,2010.5,2010-Q3,91816.82030434826,11.427550787540646
GBR,United Kingdom,2010,4,2010.75,2010-Q4,92142.10992874583,11.431087337389283
GBR,United Kingdom,2011,1,2011.0,2011-Q1,92465.46252054715,11.43459047562129
GBR,United Kingdom,2011,2,2011.25,2011-Q2,92281.4455589264,11.432598377086176
GBR,United Kingdom,2011,3,2011.5,2011-Q3,92356.28326023863,11.433409020781689
GBR,United Kingdom,2011,4,2011.75,2011-Q4,92375.222407238,11.433614065903766
GBR,United Kingdom,2012,1,2012.0,2012-Q1,93536.54135460884,11.446107455554685
GBR,United Kingdom,2012,2,2012.25,2012-Q2,92834.40141771824,11.438572555012504
GBR,United Kingdom,2012,3,2012.5,2012-Q3,93020.40580547476,11.440574165330116
GBR,United Kingdom,2012,4,2012.75,2012-Q4,92482.6965192472,11.434776841344954
GBR,United Kingdom,2013,1,2013.0,2013-Q1,93440.31976231816,11.445078220170048
GBR,United Kingdom,2013,2,2013.25,2013-Q2,93341.23111432466,11.444017208985334
GBR,United Kingdom,2013,3,2013.5,2013-Q3,93396.35716529118,11.444607620943374
GBR,United Kingdom,2013,4,2013.75,2013-Q4,93386.05765477952,11.444497337429457
GBR,United Kingdom,2014,1,2014.0,2014-Q1,93840.75305017571,11.449354508126527
GBR,United Kingdom,2014,2,2014.25,2014-Q2,94173.40044008486,11.452893047442116
GBR,United Kingdom,2014,3,2014.5,2014-Q3,94015.07123917466,11.451210380731931
GBR,United Kingdom,2014,4,2014.75,2014-Q4,94284.3243940486,11.454070223563399
GBR,United Kingdom,2015,1,2015.0,2015-Q1,94579.26381501372,11.457193532439657
GBR,United Kingdom,2015,2,2015.25,2015-Q2,95217.94536455911,11.4639237047438
GBR,United Kingdom,2015,3,2015.5,2015-Q3,94126.26949202326,11.452392452310294
GBR,United Kingdom,2015,4,2015.75,2015-Q4,94095.99336584624,11.452070746195636
GBR,United Kingdom,2016,1,2016.0,2016-Q1,94747.38221592271,11.458969494235012
GBR,United Kingdom,2016,2,2016.25,2016-Q2,95077.63787694936,11.462449077633229
GBR,United Kingdom,2016,3,2016.5,2016-Q3,94797.082967944,11.459493917389358
GBR,United Kingdom,2016,4,2016.75,2016-Q4,95305.40145504574,11.464841766473128
GBR,United Kingdom,2017,1,2017.0,2017-Q1,96404.22042635058,11.47630525999664
GBR,United Kingdom,2017,2,2017.25,2017-Q2,96767.5807231958,11.480067307285488
GBR,United Kingdom,2017,3,2017.5,2017-Q3,96984.3220819191,11.482304616400851
GBR,United Kingdom,2017,4,2017.75,2017-Q4,97444.58607045044,11.487039147419615
GBR,United Kingdom,2018,1,2018.0,2018-Q1,97345.04005435453,11.486017059880947
GBR,United Kingdom,2018,2,2018.25,2018-Q2,97434.00430291083,11.486930548855455
GBR,United Kingdom,2018,3,2018.5,2018-Q3,97189.36808557824,11.484416602630287
GBR,United Kingdom,2018,4,2018.75,2018-Q4,96793.026026738,11.480330225490963
GBR,United Kingdom,2019,1,2019.0,2019-Q1,97360.18457254324,11.486172623433474
GBR,United Kingdom,2019,2,2019.25,2019-Q2,97273.82271113074,11.485285195092604
GBR,United Kingdom,2019,3,2019.5,2019-Q3,97549.13802481344,11.488111509772478
GBR,United Kingdom,2019,4,2019.75,2019-Q4,97069.43720836913,11.483181848897862
GBR,United Kingdom,2020,1,2020.0,2020-Q1,94414.18655985344,11.45544662219686
GBR,United Kingdom,2020,2,2020.25,2020-Q2,76521.58614294266,11.245328151814823
GBR,United Kingdom,2020,3,2020.5,2020-Q3,89703.70139287937,11.40426731133021
GBR,United Kingdom,2020,4,2020.75,2020-Q4,91144.33048149593,11.420199578298437
GBR,United Kingdom,2021,1,2021.0,2021-Q1,90891.53717122709,11.417422175404912
GBR,United Kingdom,2021,2,2021.25,2021-Q2,96975.7809338633,11.482216545215813
GBR,United Kingdom,2021,3,2021.5,2021-Q3,97710.91309023536,11.489768531795303
GBR,United Kingdom,2021,4,2021.75,2021-Q4,99047.64126256664,11.503356238239581
GBR,United Kingdom,2022,1,2022.0,2022-Q1,99931.5515139473,11.512240745742986
GBR,United Kingdom,2022,2,2022.25,2022-Q2,100147.08338049053,11.514395218158567
GBR,United Kingdom,2022,3,2022.5,2022-Q3,100135.87626041278,11.514283305291796
GBR,United Kingdom,2022,4,2022.75,2022-Q4,100198.29904814452,11.514906491921394
GBR,United Kingdom,2023,1,2023.0,2023-Q1,99852.7714853055,11.511452094946543
GBR,United Kingdom,2023,2,2023.25,2023-Q2,100201.57630942628,11.514939199140162
GBR,United Kingdom,2023,3,2023.5,2023-Q3,99128.27431340412,11.504169990557088
GBR,United Kingdom,2023,4,2023.75,2023-Q4,98618.14161193116,11.499010515673689
GBR,United Kingdom,2024,1,2024.0,2024-Q1,100014.24534362224,11.513067908260924
GBR,United Kingdom,2024,2,2024.25,2024-Q2,100550.53654298476,11.518415731267961
GBR,United Kingdom,2024,3,2024.5,2024-Q3,98359.9712575476,11.496389204113205
GBR,United Kingdom,2024,4,2024.75,2024-Q4,98554.52726704668,11.498365250308531
GBR,United Kingdom,2025,1,2025.0,2025-Q1,98891.53029778005,11.501778874891802
GBR,United Kingdom,2025,2,2025.25,2025-Q2,98456.97611199356,11.497374940998135
GBR,United Kingdom,2025,3,2025.5,2025-Q3,98400.91645493364,11.496805396563373
GBR,United Kingdom,2025,4,2025.75,2025-Q4,98269.79576209826,11.495471993020114
GBR,United Kingdom,2026,1,2026.0,2026-Q1,99110.4435638083,11.503990098860504
GEO,Georgia,2020,1,2020.0,2020-Q1,9555.383508868965,9.164859992851529
GEO,Georgia,2020,2,2020.25,2020-Q2,9304.483718159368,9.13825168319092
GEO,Georgia,2020,3,2020.5,2020-Q3,10548.639080745132,9.263752133497603
GEO,Georgia,2020,4,2020.75,2020-Q4,11713.497330526669,9.368497073873659
GEO,Georgia,2021,1,2021.0,2021-Q1,9273.225880625432,9.134886589462402
GEO,Georgia,2021,2,2021.25,2021-Q2,11308.222725512656,9.333285414897603
GEO,Georgia,2021,3,2021.5,2021-Q3,11764.402831791052,9.37283354184442
GEO,Georgia,2021,4,2021.75,2021-Q4,12428.69105912931,9.42776287398227
GEO,Georgia,2022,1,2022.0,2022-Q1,10465.59678208402,9.255848659731363
GEO,Georgia,2022,2,2022.25,2022-Q2,11826.07480440734,9.37806210177996
GEO,Georgia,2022,3,2022.5,2022-Q3,12818.882445095123,9.458674553905404
GEO,Georgia,2022,4,2022.75,2022-Q4,13812.046375639908,9.533296416138182
GEO,Georgia,2023,1,2023.0,2023-Q1,11208.6633826101,9.324442274578105
GEO,Georgia,2023,2,2023.25,2023-Q2,12627.061255169723,9.44359750855305
GEO,Georgia,2023,3,2023.5,2023-Q3,13413.6711144439,9.504029698276799
GEO,Georgia,2023,4,2023.75,2023-Q4,14336.346921232844,9.570553334226659
GEO,Georgia,2024,1,2024.0,2024-Q1,11457.838686089986,9.34642937615498
GEO,Georgia,2024,2,2024.25,2024-Q2,13604.35494674617,9.51814523713824
GEO,Georgia,2024,3,2024.5,2024-Q3,14785.937449621428,9.601431835729457
GEO,Georgia,2024,4,2024.75,2024-Q4,15435.595516756634,9.644431518424355
GEO,Georgia,2025,1,2025.0,2025-Q1,12620.206361972114,9.443054487940286
GEO,Georgia,2025,2,2025.25,2025-Q2,15001.310045776116,9.615892812655822
GEO,Georgia,2025,3,2025.5,2025-Q3,16102.311296884274,9.686718099481661
GHA,Ghana,2022,1,2022.0,2022-Q1,6127.187976846555,8.720491192334443
GHA,Ghana,2022,2,2022.25,2022-Q2,5569.33324586517,8.625030621243637
GHA,Ghana,2022,3,2022.5,2022-Q3,5516.515694863243,8.615501725272583
GHA,Ghana,2022,4,2022.75,2022-Q4,6246.185540243926,8.739726242852342
GHA,Ghana,2023,1,2023.0,2023-Q1,6185.086159427461,8.729896215113953
GHA,Ghana,2023,2,2023.25,2023-Q2,4941.777041808795,8.505480270558929
GHA,Ghana,2023,3,2023.5,2023-Q3,5304.345142309388,8.57628160182805
GHA,Ghana,2023,4,2023.75,2023-Q4,6343.153736318783,8.755131358502217
GHA,Ghana,2024,1,2024.0,2024-Q1,6796.883097067658,8.824219418003153
GHA,Ghana,2024,2,2024.25,2024-Q2,5397.047082621898,8.59360724643123
GHA,Ghana,2024,3,2024.5,2024-Q3,5534.063767496932,8.618677683138621
GMB,"Gambia, The",2014,1,2014.0,2014-Q1,2007.078461915438,7.604435442160453
GMB,"Gambia, The",2014,2,2014.25,2014-Q2,2097.6897416365564,7.64859189510178
GMB,"Gambia, The",2014,3,2014.5,2014-Q3,2408.338138785072,7.786692219653815
GMB,"Gambia, The",2014,4,2014.75,2014-Q4,1678.1358732734814,7.425438857094328
GMB,"Gambia, The",2015,1,2015.0,2015-Q1,2070.1498465645127,7.635376273284103
GMB,"Gambia, The",2015,2,2015.25,2015-Q2,2139.4236921113006,7.668291768995671
GMB,"Gambia, The",2015,3,2015.5,2015-Q3,2173.404084952356,7.684049920148635
GMB,"Gambia, The",2015,4,2015.75,2015-Q4,1694.5279118372512,7.435159462931066
GMB,"Gambia, The",2016,1,2016.0,2016-Q1,2061.403737492365,7.631142455685538
GMB,"Gambia, The",2016,2,2016.25,2016-Q2,2032.4459797494571,7.616995262839709
GMB,"Gambia, The",2016,3,2016.5,2016-Q3,2066.951331591651,7.633830013972374
GMB,"Gambia, The",2016,4,2016.75,2016-Q4,1662.1820090155245,7.415886481462422
GMB,"Gambia, The",2017,1,2017.0,2017-Q1,1803.959216737811,7.497739093237207
GMB,"Gambia, The",2017,2,2017.25,2017-Q2,2073.807908817474,7.637141765800711
GMB,"Gambia, The",2017,3,2017.5,2017-Q3,2112.956068510641,7.655843226349584
GMB,"Gambia, The",2017,4,2017.75,2017-Q4,1811.3475113347424,7.501826328671471
GMB,"Gambia, The",2018,1,2018.0,2018-Q1,1920.2515523137852,7.560211473269969
GMB,"Gambia, The",2018,2,2018.25,2018-Q2,2080.412548621508,7.640321493711868
GMB,"Gambia, The",2018,3,2018.5,2018-Q3,2193.297726662693,7.693161501475115
GMB,"Gambia, The",2018,4,2018.75,2018-Q4,1878.6652776181684,7.538316844970221
GMB,"Gambia, The",2019,1,2019.0,2019-Q1,2231.672787120619,7.71050671200185
GMB,"Gambia, The",2019,2,2019.25,2019-Q2,2438.972938214188,7.799332302711228
GMB,"Gambia, The",2019,3,2019.5,2019-Q3,2198.9657408583307,7.695742411014725
GMB,"Gambia, The",2019,4,2019.75,2019-Q4,1984.250326885524,7.592996452711062
GMB,"Gambia, The",2020,1,2020.0,2020-Q1,2549.532251890524,7.843665190695849
GMB,"Gambia, The",2020,2,2020.25,2020-Q2,2429.115722919018,7.795282570073584
GMB,"Gambia, The",2020,3,2020.5,2020-Q3,2345.8695822478107,7.7604114361284315
GMB,"Gambia, The",2020,4,2020.75,2020-Q4,1990.071468828955,7.595925831058046
GMB,"Gambia, The",2021,1,2021.0,2021-Q1,2547.4990378999714,7.84286738743242
GMB,"Gambia, The",2021,2,2021.25,2021-Q2,2647.601469836766,7.881409403402782
GMB,"Gambia, The",2021,3,2021.5,2021-Q3,2691.3976546409044,7.897815911879888
GMB,"Gambia, The",2021,4,2021.75,2021-Q4,2403.1158205828538,7.7845214329032455
GMB,"Gambia, The",2022,1,2022.0,2022-Q1,2843.282648264797,7.952714525726069
GMB,"Gambia, The",2022,2,2022.25,2022-Q2,2898.6621106105813,7.972004568355222
GMB,"Gambia, The",2022,3,2022.5,2022-Q3,2932.660331128524,7.9836652529046885
GMB,"Gambia, The",2022,4,2022.75,2022-Q4,2670.738267624642,7.890110217902238
GMB,"Gambia, The",2023,1,2023.0,2023-Q1,3131.1479579273755,8.0491549760155
GMB,"Gambia, The",2023,2,2023.25,2023-Q2,3184.603046978534,8.066082928207189
GMB,"Gambia, The",2023,3,2023.5,2023-Q3,3199.6397343376107,8.070793499430378
GMB,"Gambia, The",2023,4,2023.75,2023-Q4,2848.7302281187995,7.954628639989534
GRC,Greece,1995,2,1995.25,1995-Q2,49793.37891860135,10.815637300731913
GRC,Greece,1996,2,1996.25,1996-Q2,44936.581101410375,10.71300746588516
GRC,Greece,1997,2,1997.25,1997-Q2,45756.37323415012,10.731086366666018
GRC,Greece,1998,1,1998.0,1998-Q1,46767.77541135356,10.752949685153249
GRC,Greece,1998,2,1998.25,1998-Q2,45479.384296093245,10.725014409868113
GRC,Greece,1998,3,1998.5,1998-Q3,45094.08281445521,10.716506315429784
GRC,Greece,1998,4,1998.75,1998-Q4,46382.59359175087,10.744679529723626
GRC,Greece,1999,1,1999.0,1999-Q1,46714.7977002959,10.75181626070919
GRC,Greece,1999,2,1999.25,1999-Q2,46154.63618952873,10.739752694030035
GRC,Greece,1999,3,1999.5,1999-Q3,46515.12679990451,10.747532846199256
GRC,Greece,1999,4,1999.75,1999-Q4,48092.86696297459,10.78088914910886
GRC,Greece,2000,1,2000.0,2000-Q1,48185.07696224714,10.782804645508293
GRC,Greece,2000,2,2000.25,2000-Q2,47533.91836576175,10.769198806053582
GRC,Greece,2000,3,2000.5,2000-Q3,47892.67376823722,10.776717823230157
GRC,Greece,2000,4,2000.75,2000-Q4,49025.37773184162,10.800093355916896
GRC,Greece,2001,1,2001.0,2001-Q1,48737.22827606671,10.794198458021485
GRC,Greece,2001,2,2001.25,2001-Q2,48106.49952988547,10.781172572326687
GRC,Greece,2001,3,2001.5,2001-Q3,48838.78862919106,10.79628012507493
GRC,Greece,2001,4,2001.75,2001-Q4,50533.45140117292,10.83039079995439
GRC,Greece,2002,1,2002.0,2002-Q1,51701.77375645287,10.853247368543444
GRC,Greece,2002,2,2002.25,2002-Q2,50193.91503324773,10.823649083855615
GRC,Greece,2002,3,2002.5,2002-Q3,50184.15896293695,10.823454697373526
GRC,Greece,2002,4,2002.75,2002-Q4,51225.48052648389,10.84399235376557
GRC,Greece,2003,1,2003.0,2003-Q1,53046.22664136153,10.878919013168591
GRC,Greece,2003,2,2003.25,2003-Q2,51931.52260786166,10.857681256798703
GRC,Greece,2003,3,2003.5,2003-Q3,52033.129459377386,10.859635899686367
GRC,Greece,2003,4,2003.75,2003-Q4,54159.094378820926,10.89968118622813
GRC,Greece,2004,1,2004.0,2004-Q1,56205.07282890728,10.936762295667805
GRC,Greece,2004,2,2004.25,2004-Q2,53909.36983159391,10.895059579109985
GRC,Greece,2004,3,2004.5,2004-Q3,54548.95656901668,10.906853863104246
GRC,Greece,2004,4,2004.75,2004-Q4,55618.33020953626,10.926268105933785
GRC,Greece,2005,1,2005.0,2005-Q1,55574.14924048143,10.9254734304018
GRC,Greece,2005,2,2005.25,2005-Q2,54146.38305872219,10.899446455345485
GRC,Greece,2005,3,2005.5,2005-Q3,54740.65794911442,10.910362002053207
GRC,Greece,2005,4,2005.75,2005-Q4,55693.42758107806,10.927617422204165
GRC,Greece,2006,1,2006.0,2006-Q1,57454.30416277785,10.95874520062332
GRC,Greece,2006,2,2006.25,2006-Q2,56427.959973957964,10.940720058864695
GRC,Greece,2006,3,2006.5,2006-Q3,56304.19922538471,10.93852439794287
GRC,Greece,2006,4,2006.75,2006-Q4,58804.14155783919,10.981967566063444
GRC,Greece,2007,1,2007.0,2007-Q1,59204.16868268134,10.988747235330125
GRC,Greece,2007,2,2007.25,2007-Q2,59064.99940348946,10.986393801283398
GRC,Greece,2007,3,2007.5,2007-Q3,58332.15033972864,10.973908684141536
GRC,Greece,2007,4,2007.75,2007-Q4,58402.85199779109,10.975120003202514
GRC,Greece,2008,1,2008.0,2008-Q1,59469.65779117252,10.993221508373885
GRC,Greece,2008,2,2008.25,2008-Q2,57553.17057685932,10.960464505193034
GRC,Greece,2008,3,2008.5,2008-Q3,57431.98349557742,10.95835663088299
GRC,Greece,2008,4,2008.75,2008-Q4,58039.36259251749,10.968876724727576
GRC,Greece,2009,1,2009.0,2009-Q1,55995.99781643452,10.93303549959969
GRC,Greece,2009,2,2009.25,2009-Q2,56362.83719592783,10.939565305340459
GRC,Greece,2009,3,2009.5,2009-Q3,56043.10985773944,10.933876492446913
GRC,Greece,2009,4,2009.75,2009-Q4,57435.34399823146,10.958415141910075
GRC,Greece,2010,1,2010.0,2010-Q1,57735.88553363543,10.963634192167968
GRC,Greece,2010,2,2010.25,2010-Q2,54832.63071516422,10.912040746732146
GRC,Greece,2010,3,2010.5,2010-Q3,53452.32783233691,10.886545467092068
GRC,Greece,2010,4,2010.75,2010-Q4,55013.53033941717,10.915334440131273
GRC,Greece,2011,1,2011.0,2011-Q1,54728.0871381275,10.910132332643329
GRC,Greece,2011,2,2011.25,2011-Q2,53730.129363131215,10.891729191371768
GRC,Greece,2011,3,2011.5,2011-Q3,53574.04583542735,10.888820010298483
GRC,Greece,2011,4,2011.75,2011-Q4,53701.44007163306,10.891195097113794
GRC,Greece,2012,1,2012.0,2012-Q1,54922.542974440126,10.913679162059037
GRC,Greece,2012,2,2012.25,2012-Q2,53779.94300307261,10.892655870005868
GRC,Greece,2012,3,2012.5,2012-Q3,53837.47930424144,10.893725144950709
GRC,Greece,2012,4,2012.75,2012-Q4,54600.71546793855,10.90780226545554
GRC,Greece,2013,1,2013.0,2013-Q1,55911.386823216686,10.93152333827784
GRC,Greece,2013,2,2013.25,2013-Q2,54898.53533888096,10.91324194843283
GRC,Greece,2013,3,2013.5,2013-Q3,55200.10921877905,10.918720210864299
GRC,Greece,2013,4,2013.75,2013-Q4,56725.95212366175,10.945987094410867
GRC,Greece,2014,1,2014.0,2014-Q1,56877.56903322473,10.948656325048066
GRC,Greece,2014,2,2014.25,2014-Q2,55348.84052734421,10.92141098990191
GRC,Greece,2014,3,2014.5,2014-Q3,55092.43446977567,10.916767680265032
GRC,Greece,2014,4,2014.75,2014-Q4,55856.20086652284,10.930535825487786
GRC,Greece,2015,1,2015.0,2015-Q1,56833.211419992505,10.947876141932527
GRC,Greece,2015,2,2015.25,2015-Q2,54297.21510850811,10.902228217470666
GRC,Greece,2015,3,2015.5,2015-Q3,52398.822906468944,10.866639406439818
GRC,Greece,2015,4,2015.75,2015-Q4,54499.90030107092,10.905954151311514
GRC,Greece,2016,1,2016.0,2016-Q1,54752.285356544766,10.910574388479638
GRC,Greece,2016,2,2016.25,2016-Q2,52757.95169730494,10.873469783054588
GRC,Greece,2016,3,2016.5,2016-Q3,52355.43929014244,10.865811113291699
GRC,Greece,2016,4,2016.75,2016-Q4,54425.04154124275,10.904579649377473
GRC,Greece,2017,1,2017.0,2017-Q1,54538.74994303255,10.906666736133841
GRC,Greece,2017,2,2017.25,2017-Q2,52311.78780772424,10.864977012949895
GRC,Greece,2017,3,2017.5,2017-Q3,52278.34842922831,10.864337576367472
GRC,Greece,2017,4,2017.75,2017-Q4,53468.92682642725,10.886855957167716
GRC,Greece,2018,1,2018.0,2018-Q1,54815.34117985958,10.91172538229541
GRC,Greece,2018,2,2018.25,2018-Q2,58141.16805761209,10.97062926434126
GRC,Greece,2018,3,2018.5,2018-Q3,56979.401982086165,10.950445112771941
GRC,Greece,2018,4,2018.75,2018-Q4,57956.49123435895,10.967447856892665
GRC,Greece,2019,1,2019.0,2019-Q1,59119.09905619075,10.987309316266971
GRC,Greece,2019,2,2019.25,2019-Q2,57269.82334683082,10.955529120815847
GRC,Greece,2019,3,2019.5,2019-Q3,57271.23341965052,10.955553742080214
GRC,Greece,2019,4,2019.75,2019-Q4,59248.15426705876,10.989489906901333
GRC,Greece,2020,1,2020.0,2020-Q1,59706.6469792401,10.997198632868654
GRC,Greece,2020,2,2020.25,2020-Q2,49353.186443075785,10.806757611025937
GRC,Greece,2020,3,2020.5,2020-Q3,47150.24771189952,10.761094541746626
GRC,Greece,2020,4,2020.75,2020-Q4,54385.612196571,10.903854916181906
GRC,Greece,2021,1,2021.0,2021-Q1,54465.31853665464,10.905319420964599
GRC,Greece,2021,2,2021.25,2021-Q2,51139.059921746346,10.842303866230898
GRC,Greece,2021,3,2021.5,2021-Q3,50043.91364532995,10.820656171860907
GRC,Greece,2021,4,2021.75,2021-Q4,51511.7649093716,10.849565505404446
GRC,Greece,2022,1,2022.0,2022-Q1,52593.0671713152,10.870339587212339
GRC,Greece,2022,2,2022.25,2022-Q2,51146.42011560974,10.842447780965882
GRC,Greece,2022,3,2022.5,2022-Q3,51075.37726257712,10.84105780610156
GRC,Greece,2022,4,2022.75,2022-Q4,52549.83320478341,10.8695172022712
GRC,Greece,2023,1,2023.0,2023-Q1,53043.3695241984,10.878865150824552
GRC,Greece,2023,2,2023.25,2023-Q2,51878.145955465305,10.856652900618803
GRC,Greece,2023,3,2023.5,2023-Q3,51490.80663574143,10.849158558789327
GRC,Greece,2023,4,2023.75,2023-Q4,52743.96433493712,10.873204624601058
GRC,Greece,2024,1,2024.0,2024-Q1,53014.17636247242,10.878314635305468
GRC,Greece,2024,2,2024.25,2024-Q2,51710.087918287616,10.853408165607108
GRC,Greece,2024,3,2024.5,2024-Q3,51905.52459453121,10.857180510397026
GRC,Greece,2024,4,2024.75,2024-Q4,52691.86532843081,10.872216364520725
GRC,Greece,2025,1,2025.0,2025-Q1,53760.04715031406,10.89228585224862
GRC,Greece,2025,2,2025.25,2025-Q2,51898.14315133812,10.857038291083088
GRC,Greece,2025,3,2025.5,2025-Q3,52036.94216936145,10.859709171664106
GRC,Greece,2025,4,2025.75,2025-Q4,53010.368090928576,10.878242797759452
GRC,Greece,2026,1,2026.0,2026-Q1,54148.34789436564,10.899482742164361
GTM,Guatemala,2013,2,2013.25,2013-Q2,9912.088120148326,9.201510313518485
GTM,Guatemala,2013,4,2013.75,2013-Q4,10103.342746906745,9.220621613112774
GTM,Guatemala,2014,2,2014.25,2014-Q2,9878.179795832137,9.198083542578184
GTM,Guatemala,2014,4,2014.75,2014-Q4,10051.117645731232,9.215439115834483
GTM,Guatemala,2015,2,2015.25,2015-Q2,9963.488333737643,9.206682523571933
GTM,Guatemala,2015,4,2015.75,2015-Q4,10048.281716024812,9.215156925339713
GTM,Guatemala,2016,1,2016.0,2016-Q1,9892.064133150265,9.199488111955334
GTM,Guatemala,2016,3,2016.5,2016-Q3,9854.05116047865,9.195637934939288
GTM,Guatemala,2016,4,2016.75,2016-Q4,9929.083952548435,9.203223502285232
GTM,Guatemala,2017,1,2017.0,2017-Q1,10149.645737655945,9.225194081166824
GTM,Guatemala,2017,2,2017.25,2017-Q2,9889.133141519278,9.19919177077722
GTM,Guatemala,2017,4,2017.75,2017-Q4,9654.922815351663,9.175223200563615
GTM,Guatemala,2018,2,2018.25,2018-Q2,9900.82319419457,9.200373183594579
GTM,Guatemala,2018,4,2018.75,2018-Q4,9920.93613302478,9.202402564074982
GTM,Guatemala,2019,2,2019.25,2019-Q2,10120.222333625044,9.22229091232592
GTM,Guatemala,2019,4,2019.75,2019-Q4,9977.97219902861,9.208135162190263
GTM,Guatemala,2024,4,2024.75,2024-Q4,11341.440147870591,9.336218566385005
GTM,Guatemala,2025,1,2025.0,2025-Q1,10928.181794138363,9.299100217299797
GTM,Guatemala,2025,2,2025.25,2025-Q2,10902.087988420217,9.296709608442898
GTM,Guatemala,2025,3,2025.5,2025-Q3,11150.542975005032,9.319243473012458
HND,Honduras,2000,1,2000.0,2000-Q1,5078.743646525801,8.532819196309434
HND,Honduras,2000,2,2000.25,2000-Q2,5072.381471057503,8.531565704459487
HND,Honduras,2000,3,2000.5,2000-Q3,5181.284848361384,8.552808344720845
HND,Honduras,2000,4,2000.75,2000-Q4,5193.541232502532,8.555171061887824
HND,Honduras,2001,1,2001.0,2001-Q1,5246.745755039716,8.56536330721249
HND,Honduras,2001,2,2001.25,2001-Q2,5263.333665844508,8.568519881756593
HND,Honduras,2001,3,2001.5,2001-Q3,5232.443758563823,8.562633705779604
HND,Honduras,2001,4,2001.75,2001-Q4,5311.802877269495,8.577686581519956
HND,Honduras,2002,1,2002.0,2002-Q1,5219.276567835982,8.560114082735238
HND,Honduras,2002,2,2002.25,2002-Q2,5366.524292780137,8.58793573265691
HND,Honduras,2002,3,2002.5,2002-Q3,5424.1314777460575,8.598613069323877
HND,Honduras,2002,4,2002.75,2002-Q4,5318.352279301573,8.578918812426151
HND,Honduras,2003,1,2003.0,2003-Q1,5350.531689819283,8.584951216226694
HND,Honduras,2003,2,2003.25,2003-Q2,5394.102734927064,8.593061549667182
HND,Honduras,2003,3,2003.5,2003-Q3,5412.737719509004,8.596510291809826
HND,Honduras,2003,4,2003.75,2003-Q4,5534.962102673531,8.61883999826718
HND,Honduras,2004,1,2004.0,2004-Q1,5640.3613157860655,8.637703405522789
HND,Honduras,2004,2,2004.25,2004-Q2,5725.216225416919,8.652635596341
HND,Honduras,2004,3,2004.5,2004-Q3,5655.238141565976,8.640337499346304
HND,Honduras,2004,4,2004.75,2004-Q4,5731.189504558645,8.653678380583072
HND,Honduras,2005,1,2005.0,2005-Q1,5732.144287636477,8.653844960933492
HND,Honduras,2005,2,2005.25,2005-Q2,5852.241843797468,8.674580087977388
HND,Honduras,2005,3,2005.5,2005-Q3,5860.254228135785,8.675948265270934
HND,Honduras,2005,4,2005.75,2005-Q4,5911.552133074824,8.684663704189228
HND,Honduras,2006,1,2006.0,2006-Q1,5994.043353324613,8.698521480637341
HND,Honduras,2006,2,2006.25,2006-Q2,6019.51019044362,8.702761171278976
HND,Honduras,2006,3,2006.5,2006-Q3,6099.298105791964,8.715928978916693
HND,Honduras,2006,4,2006.75,2006-Q4,6223.821479720326,8.73613938288266
HND,Honduras,2007,1,2007.0,2007-Q1,6185.11341543893,8.729900621835332
HND,Honduras,2007,2,2007.25,2007-Q2,6377.718663714343,8.760565736172893
HND,Honduras,2007,3,2007.5,2007-Q3,6308.930178837986,8.74972139739532
HND,Honduras,2007,4,2007.75,2007-Q4,6256.489556857493,8.741374533136849
HND,Honduras,2008,1,2008.0,2008-Q1,6236.19579353538,8.738125626980386
HND,Honduras,2008,2,2008.25,2008-Q2,6349.472663203781,8.756127043273537
HND,Honduras,2008,3,2008.5,2008-Q3,6128.545860962096,8.720712783981106
HND,Honduras,2008,4,2008.75,2008-Q4,5939.697259075133,8.689413444572187
HND,Honduras,2009,1,2009.0,2009-Q1,5780.144114774665,8.66218389470761
HND,Honduras,2009,2,2009.25,2009-Q2,5756.597934761449,8.658101942869452
HND,Honduras,2009,3,2009.5,2009-Q3,5639.3408932207,8.637522474758972
HND,Honduras,2009,4,2009.75,2009-Q4,5699.499713850471,8.648133680470757
HND,Honduras,2010,1,2010.0,2010-Q1,5660.630299716746,8.641290525371106
HND,Honduras,2010,2,2010.25,2010-Q2,5725.477575958859,8.652681244324697
HND,Honduras,2010,3,2010.5,2010-Q3,5659.538307108087,8.641097596687802
HND,Honduras,2010,4,2010.75,2010-Q4,5796.351229194338,8.664983900154303
HND,Honduras,2011,1,2011.0,2011-Q1,5788.08864969048,8.663557403751996
HND,Honduras,2011,2,2011.25,2011-Q2,5858.9149263510135,8.675719699273985
HND,Honduras,2011,3,2011.5,2011-Q3,5989.790601014413,8.697811732404025
HND,Honduras,2011,4,2011.75,2011-Q4,5997.321254490869,8.699068190933476
HND,Honduras,2012,1,2012.0,2012-Q1,6054.045793420481,8.708482053712368
HND,Honduras,2012,2,2012.25,2012-Q2,6120.749368915641,8.719439813911732
HND,Honduras,2012,3,2012.5,2012-Q3,6096.931336439493,8.715540863984387
HND,Honduras,2012,4,2012.75,2012-Q4,6010.583634603237,8.701277133397227
HND,Honduras,2013,1,2013.0,2013-Q1,5912.392516377234,8.684805853586699
HND,Honduras,2013,2,2013.25,2013-Q2,5960.464175866698,8.692903638883589
HND,Honduras,2013,3,2013.5,2013-Q3,5882.896207940247,8.679804471999361
HND,Honduras,2013,4,2013.75,2013-Q4,5940.327183398946,8.689519492220061
HND,Honduras,2014,1,2014.0,2014-Q1,6010.365496503659,8.701240840406179
HND,Honduras,2014,2,2014.25,2014-Q2,6121.883920415783,8.719625158269695
HND,Honduras,2014,3,2014.5,2014-Q3,6071.973848090128,8.711439012098161
HND,Honduras,2014,4,2014.75,2014-Q4,6009.70132025259,8.701130329164958
HND,Honduras,2015,1,2015.0,2015-Q1,6059.54760344732,8.709390423380212
HND,Honduras,2015,2,2015.25,2015-Q2,6038.442045213632,8.70590131812257
HND,Honduras,2015,3,2015.5,2015-Q3,6064.931213985003,8.710278479843927
HND,Honduras,2015,4,2015.75,2015-Q4,6085.935644798091,8.713735756099018
HND,Honduras,2016,1,2016.0,2016-Q1,6121.97644877749,8.71964027251617
HND,Honduras,2016,2,2016.25,2016-Q2,6166.743430577282,8.72692617052255
HND,Honduras,2016,3,2016.5,2016-Q3,6167.566115683432,8.72705956835958
HND,Honduras,2016,4,2016.75,2016-Q4,6252.434705490673,8.740726219752931
HND,Honduras,2017,1,2017.0,2017-Q1,6203.629086205503,8.73288973627536
HND,Honduras,2017,2,2017.25,2017-Q2,6231.492658125719,8.737371175078419
HND,Honduras,2017,3,2017.5,2017-Q3,6252.113866084208,8.740674904120912
HND,Honduras,2017,4,2017.75,2017-Q4,6156.134653092351,8.72520436819134
HND,Honduras,2018,1,2018.0,2018-Q1,6099.44054607739,8.715952332197634
HND,Honduras,2018,2,2018.25,2018-Q2,6073.890818434892,8.71175467021116
HND,Honduras,2018,3,2018.5,2018-Q3,6099.71336290724,8.715997059370014
HND,Honduras,2018,4,2018.75,2018-Q4,6212.474412708566,8.7343145517177
HND,Honduras,2019,1,2019.0,2019-Q1,6248.626086050806,8.740116892333248
HND,Honduras,2019,2,2019.25,2019-Q2,6254.643080110543,8.741079359739853
HND,Honduras,2019,3,2019.5,2019-Q3,6406.434632222989,8.765058175545198
HND,Honduras,2019,4,2019.75,2019-Q4,6565.163065936325,8.789532625108745
HND,Honduras,2020,1,2020.0,2020-Q1,6361.675067566866,8.75804699706055
HND,Honduras,2020,2,2020.25,2020-Q2,5351.071337239233,8.585052069793965
HND,Honduras,2020,3,2020.5,2020-Q3,6125.575442205169,8.720227980747708
HND,Honduras,2020,4,2020.75,2020-Q4,6186.777416162412,8.73016961883121
HND,Honduras,2021,1,2021.0,2021-Q1,6581.257773921059,8.79198115710416
HND,Honduras,2021,2,2021.25,2021-Q2,6643.713814416576,8.801426395515362
HND,Honduras,2021,3,2021.5,2021-Q3,6805.582777101647,8.825498550963404
HND,Honduras,2021,4,2021.75,2021-Q4,6922.387724872654,8.842516036043623
HND,Honduras,2022,1,2022.0,2022-Q1,7005.057485139893,8.854387665038635
HND,Honduras,2022,2,2022.25,2022-Q2,7087.849211626477,8.866137218303898
HND,Honduras,2022,3,2022.5,2022-Q3,7154.906723016882,8.875553655290183
HND,Honduras,2022,4,2022.75,2022-Q4,7196.961507015112,8.881414203017068
HND,Honduras,2023,1,2023.0,2023-Q1,7185.780106903925,8.879859366997074
HND,Honduras,2023,2,2023.25,2023-Q2,7254.271314624061,8.88934572121455
HND,Honduras,2023,3,2023.5,2023-Q3,7350.864060660881,8.90257314457092
HND,Honduras,2023,4,2023.75,2023-Q4,7322.001716318945,8.89863902808591
HND,Honduras,2024,1,2024.0,2024-Q1,7231.410363057862,8.886189367091305
HND,Honduras,2024,2,2024.25,2024-Q2,7376.29521531647,8.906026788204002
HND,Honduras,2024,3,2024.5,2024-Q3,7340.759401184484,8.901197576908714
HND,Honduras,2024,4,2024.75,2024-Q4,7291.745422263151,8.894498223266895
HND,Honduras,2025,1,2025.0,2025-Q1,7166.158130301956,8.877124964367448
HND,Honduras,2025,2,2025.25,2025-Q2,7165.541635901296,8.877038932087803
HRV,"Croatia, Republic of",1998,1,1998.0,1998-Q1,3253.976428390962,8.08763304386552
HRV,"Croatia, Republic of",1998,3,1998.5,1998-Q3,3334.6877349607807,8.112134321270492
HRV,"Croatia, Republic of",1999,1,1999.0,1999-Q1,3341.603962956149,8.114206199127961
HRV,"Croatia, Republic of",1999,3,1999.5,1999-Q3,3421.9481635860743,8.137965306349702
HRV,"Croatia, Republic of",2000,1,2000.0,2000-Q1,3405.803474291463,8.133236159702227
HRV,"Croatia, Republic of",2000,3,2000.5,2000-Q3,3322.8521007186805,8.108578759605647
HRV,"Croatia, Republic of",2001,1,2001.0,2001-Q1,3635.944693704528,8.198624244429356
HRV,"Croatia, Republic of",2001,3,2001.5,2001-Q3,3654.032766030124,8.20358670406527
HRV,"Croatia, Republic of",2002,1,2002.0,2002-Q1,3650.849774163518,8.202715234318688
HRV,"Croatia, Republic of",2002,2,2002.25,2002-Q2,3702.8959911756447,8.216870492799902
HRV,"Croatia, Republic of",2002,3,2002.5,2002-Q3,3745.378863414384,8.22827805596515
HRV,"Croatia, Republic of",2002,4,2002.75,2002-Q4,3795.160700999183,8.241482034387516
HRV,"Croatia, Republic of",2003,1,2003.0,2003-Q1,3836.518826709211,8.252320678867301
HRV,"Croatia, Republic of",2003,2,2003.25,2003-Q2,3895.216608652267,8.267504568736035
HRV,"Croatia, Republic of",2003,3,2003.5,2003-Q3,3929.4669531226223,8.276259060326247
HRV,"Croatia, Republic of",2003,4,2003.75,2003-Q4,3968.525664014396,8.286149935440697
HRV,"Croatia, Republic of",2004,1,2004.0,2004-Q1,3908.274084152736,8.270851144826404
HRV,"Croatia, Republic of",2004,2,2004.25,2004-Q2,3918.963178860006,8.273582402610712
HRV,"Croatia, Republic of",2004,3,2004.5,2004-Q3,4054.835719740375,8.307665452717835
HRV,"Croatia, Republic of",2004,4,2004.75,2004-Q4,4130.835125270644,8.326234875022122
HRV,"Croatia, Republic of",2005,1,2005.0,2005-Q1,4011.617123738344,8.296949711760718
HRV,"Croatia, Republic of",2005,2,2005.25,2005-Q2,4169.234009250856,8.335487607092487
HRV,"Croatia, Republic of",2005,3,2005.5,2005-Q3,4175.222573222711,8.336922946815525
HRV,"Croatia, Republic of",2005,4,2005.75,2005-Q4,4220.678776320747,8.347751241564861
HRV,"Croatia, Republic of",2006,1,2006.0,2006-Q1,4325.818788926336,8.37235671680678
HRV,"Croatia, Republic of",2006,2,2006.25,2006-Q2,4395.068163693328,8.38823831937178
HRV,"Croatia, Republic of",2006,3,2006.5,2006-Q3,4253.620726860886,8.355525834959169
HRV,"Croatia, Republic of",2006,4,2006.75,2006-Q4,4302.509487908015,8.366953733291401
HRV,"Croatia, Republic of",2007,1,2007.0,2007-Q1,4242.290838939827,8.352858694523512
HRV,"Croatia, Republic of",2007,2,2007.25,2007-Q2,4164.037046659493,8.334240326587572
HRV,"Croatia, Republic of",2007,3,2007.5,2007-Q3,4051.092300900341,8.306741827663028
HRV,"Croatia, Republic of",2007,4,2007.75,2007-Q4,4146.158181030333,8.329937444952526
HRV,"Croatia, Republic of",2008,1,2008.0,2008-Q1,4344.348440476391,8.376631070293008
HRV,"Croatia, Republic of",2008,2,2008.25,2008-Q2,4182.276682287373,8.338611038079227
HRV,"Croatia, Republic of",2008,3,2008.5,2008-Q3,3997.3934716770273,8.293397795616823
HRV,"Croatia, Republic of",2008,4,2008.75,2008-Q4,4059.494406848036,8.308813714508236
HRV,"Croatia, Republic of",2009,1,2009.0,2009-Q1,3931.307434073464,8.276727329963261
HRV,"Croatia, Republic of",2009,2,2009.25,2009-Q2,3879.0101467486297,8.263335283252125
HRV,"Croatia, Republic of",2009,3,2009.5,2009-Q3,3836.0508246011127,8.252198685290194
HRV,"Croatia, Republic of",2009,4,2009.75,2009-Q4,3917.970387368144,8.27332904037693
HRV,"Croatia, Republic of",2010,1,2010.0,2010-Q1,3969.7583889786847,8.286460512629915
HRV,"Croatia, Republic of",2010,2,2010.25,2010-Q2,4012.710987582192,8.297222348630857
HRV,"Croatia, Republic of",2010,3,2010.5,2010-Q3,4002.863074372743,8.294765152655044
HRV,"Croatia, Republic of",2010,4,2010.75,2010-Q4,3979.546923942258,8.28892325359296
HRV,"Croatia, Republic of",2011,1,2011.0,2011-Q1,4109.055136677334,8.320948387308187
HRV,"Croatia, Republic of",2011,2,2011.25,2011-Q2,4245.759976808915,8.353676111416403
HRV,"Croatia, Republic of",2011,3,2011.5,2011-Q3,4075.642113205672,8.31278358705432
HRV,"Croatia, Republic of",2011,4,2011.75,2011-Q4,4166.331372338739,8.334791160745645
HRV,"Croatia, Republic of",2012,1,2012.0,2012-Q1,4347.853183967108,8.377437481334093
HRV,"Croatia, Republic of",2012,2,2012.25,2012-Q2,4180.90251474969,8.33828241483257
HRV,"Croatia, Republic of",2012,3,2012.5,2012-Q3,4079.909239133821,8.313830021840438
HRV,"Croatia, Republic of",2012,4,2012.75,2012-Q4,4385.938747360102,8.386158963390143
HRV,"Croatia, Republic of",2013,1,2013.0,2013-Q1,4515.588818820934,8.415290871261758
HRV,"Croatia, Republic of",2013,2,2013.25,2013-Q2,4347.684131803569,8.377398598822888
HRV,"Croatia, Republic of",2013,3,2013.5,2013-Q3,4269.804217957493,8.359323254576065
HRV,"Croatia, Republic of",2013,4,2013.75,2013-Q4,4358.607598799828,8.379907927263996
HRV,"Croatia, Republic of",2014,1,2014.0,2014-Q1,4409.258752174143,8.391461870906069
HRV,"Croatia, Republic of",2014,2,2014.25,2014-Q2,4246.373692261991,8.353820648814908
HRV,"Croatia, Republic of",2014,3,2014.5,2014-Q3,4061.138988862671,8.309218752380772
HRV,"Croatia, Republic of",2014,4,2014.75,2014-Q4,4346.985513246628,8.377237898396771
HRV,"Croatia, Republic of",2015,1,2015.0,2015-Q1,4370.697813292369,8.382677958017315
HRV,"Croatia, Republic of",2015,2,2015.25,2015-Q2,4265.069650561452,8.358213790521965
HRV,"Croatia, Republic of",2015,3,2015.5,2015-Q3,4275.5512880251645,8.360668329319912
HRV,"Croatia, Republic of",2015,4,2015.75,2015-Q4,4350.08005759365,8.377949527957895
HRV,"Croatia, Republic of",2016,1,2016.0,2016-Q1,4600.125095958555,8.433838776881014
HRV,"Croatia, Republic of",2016,2,2016.25,2016-Q2,4389.354966006493,8.386937562701016
HRV,"Croatia, Republic of",2016,3,2016.5,2016-Q3,4374.73976397444,8.383602314502431
HRV,"Croatia, Republic of",2016,4,2016.75,2016-Q4,4585.373460699682,8.43062683408878
HRV,"Croatia, Republic of",2017,1,2017.0,2017-Q1,4750.36613962657,8.465976976084667
HRV,"Croatia, Republic of",2017,2,2017.25,2017-Q2,4521.02936864,8.416494983323053
HRV,"Croatia, Republic of",2017,3,2017.5,2017-Q3,4450.841877741974,8.400848543276302
HRV,"Croatia, Republic of",2017,4,2017.75,2017-Q4,4620.785459423021,8.43831998248736
HRV,"Croatia, Republic of",2018,1,2018.0,2018-Q1,4711.236680660927,8.457705717442497
HRV,"Croatia, Republic of",2018,2,2018.25,2018-Q2,4639.857889709127,8.442439017533419
HRV,"Croatia, Republic of",2018,3,2018.5,2018-Q3,4606.7442464241885,8.43527664926953
HRV,"Croatia, Republic of",2018,4,2018.75,2018-Q4,4755.81449870565,8.467123253413689
HRV,"Croatia, Republic of",2019,1,2019.0,2019-Q1,4808.538964585699,8.47814856739218
HRV,"Croatia, Republic of",2019,2,2019.25,2019-Q2,4801.803058783712,8.476746763608581
HRV,"Croatia, Republic of",2019,3,2019.5,2019-Q3,4722.598470096887,8.460114450422841
HRV,"Croatia, Republic of",2019,4,2019.75,2019-Q4,4804.663687469768,8.477342326752902
HRV,"Croatia, Republic of",2020,1,2020.0,2020-Q1,4795.833215812602,8.475502739857271
HRV,"Croatia, Republic of",2020,2,2020.25,2020-Q2,4099.05077407726,8.318510707370109
HRV,"Croatia, Republic of",2020,3,2020.5,2020-Q3,4265.472393330251,8.358308214244873
HRV,"Croatia, Republic of",2020,4,2020.75,2020-Q4,4744.093988752319,8.464655752612906
HRV,"Croatia, Republic of",2021,1,2021.0,2021-Q1,5044.951576545327,8.526143334435467
HRV,"Croatia, Republic of",2021,2,2021.25,2021-Q2,4853.041371427251,8.487360874286919
HRV,"Croatia, Republic of",2021,3,2021.5,2021-Q3,4876.7979510232335,8.492244125904389
HRV,"Croatia, Republic of",2021,4,2021.75,2021-Q4,5045.424251561102,8.526237022723032
HRV,"Croatia, Republic of",2022,1,2022.0,2022-Q1,5249.110945323106,8.565813997497418
HRV,"Croatia, Republic of",2022,2,2022.25,2022-Q2,5226.6381495850765,8.561523549147122
HRV,"Croatia, Republic of",2022,3,2022.5,2022-Q3,5260.62732403644,8.568005561745274
HRV,"Croatia, Republic of",2022,4,2022.75,2022-Q4,5214.43908909548,8.559186804429755
HRV,"Croatia, Republic of",2023,1,2023.0,2023-Q1,5382.27052510236,8.590865594814098
HRV,"Croatia, Republic of",2023,2,2023.25,2023-Q2,5375.797301757617,8.589662177206003
HRV,"Croatia, Republic of",2023,3,2023.5,2023-Q3,5386.019228634508,8.591561843479266
HRV,"Croatia, Republic of",2023,4,2023.75,2023-Q4,5411.153746699607,8.596217610970289
HRV,"Croatia, Republic of",2024,1,2024.0,2024-Q1,5322.089369746342,8.579621243908168
HRV,"Croatia, Republic of",2024,2,2024.25,2024-Q2,5321.330305281113,8.57947860846022
HRV,"Croatia, Republic of",2024,3,2024.5,2024-Q3,5393.608427239412,8.59296990693026
HRV,"Croatia, Republic of",2024,4,2024.75,2024-Q4,5492.817882398169,8.611196678305136
HRV,"Croatia, Republic of",2025,1,2025.0,2025-Q1,5492.832612828965,8.611199360063635
HRV,"Croatia, Republic of",2025,2,2025.25,2025-Q2,5496.28443846743,8.611827586287067
HRV,"Croatia, Republic of",2025,3,2025.5,2025-Q3,5458.361301804032,8.604903895816847
HRV,"Croatia, Republic of",2025,4,2025.75,2025-Q4,5579.251014070598,8.626809819497057
HRV,"Croatia, Republic of",2026,1,2026.0,2026-Q1,5556.66634834505,8.622753629790294
HUN,Hungary,1995,1,1995.0,1995-Q1,21902.300716618956,9.994346965840021
HUN,Hungary,1995,2,1995.25,1995-Q2,21703.8529066154,9.985245077068079
HUN,Hungary,1995,3,1995.5,1995-Q3,21526.0355521132,9.97701843741227
HUN,Hungary,1995,4,1995.75,1995-Q4,21305.249552033467,9.966708779173718
HUN,Hungary,1996,1,1996.0,1996-Q1,22224.66671145236,10.008958064159533
HUN,Hungary,1996,2,1996.25,1996-Q2,22102.869760451387,10.003462732489709
HUN,Hungary,1996,3,1996.5,1996-Q3,21617.49943559315,9.981258424725791
HUN,Hungary,1996,4,1996.75,1996-Q4,21570.50621746381,9.979082207696777
HUN,Hungary,1997,1,1997.0,1997-Q1,22412.95427558949,10.01739438655748
HUN,Hungary,1997,2,1997.25,1997-Q2,22804.449834230192,10.034710964067694
HUN,Hungary,1997,3,1997.5,1997-Q3,22526.768153894474,10.02245957679398
HUN,Hungary,1997,4,1997.75,1997-Q4,22367.59841178689,10.015368691179006
HUN,Hungary,1998,2,1998.25,1998-Q2,23340.389679889013,10.057940601497618
HUN,Hungary,1999,1,1999.0,1999-Q1,22910.826449855424,10.039364848557502
HUN,Hungary,1999,2,1999.25,1999-Q2,22918.144988942386,10.039684233388511
HUN,Hungary,1999,3,1999.5,1999-Q3,23179.68654021171,10.051031593946902
HUN,Hungary,1999,4,1999.75,1999-Q4,23383.039717741354,10.059766240165331
HUN,Hungary,2000,1,2000.0,2000-Q1,23863.5086156806,10.080105734953445
HUN,Hungary,2000,2,2000.25,2000-Q2,23906.98168946829,10.081925816158854
HUN,Hungary,2000,3,2000.5,2000-Q3,23821.707435422933,10.078352521088583
HUN,Hungary,2000,4,2000.75,2000-Q4,24127.414390803868,10.09110399957497
HUN,Hungary,2001,1,2001.0,2001-Q1,24405.53782817095,10.10256534570067
HUN,Hungary,2001,2,2001.25,2001-Q2,24606.18269498472,10.110753019407015
HUN,Hungary,2001,3,2001.5,2001-Q3,24617.93807420582,10.111230646198957
HUN,Hungary,2001,4,2001.75,2001-Q4,24981.464497205416,10.125889408750734
HUN,Hungary,2002,1,2002.0,2002-Q1,25710.703372648462,10.154662657826144
HUN,Hungary,2002,2,2002.25,2002-Q2,25662.57664042072,10.152789047797965
HUN,Hungary,2002,3,2002.5,2002-Q3,25770.76794820189,10.156996103287842
HUN,Hungary,2002,4,2002.75,2002-Q4,26061.256131167374,10.16820505102015
HUN,Hungary,2003,1,2003.0,2003-Q1,26434.13663668893,10.182411508279536
HUN,Hungary,2003,2,2003.25,2003-Q2,26275.64910834189,10.176397899848828
HUN,Hungary,2003,3,2003.5,2003-Q3,26400.94369136984,10.18115503438076
HUN,Hungary,2003,4,2003.75,2003-Q4,26659.956196663818,10.190917950695484
HUN,Hungary,2004,1,2004.0,2004-Q1,27524.234312102028,10.222822143296673
HUN,Hungary,2004,2,2004.25,2004-Q2,27804.70890255952,10.232960670318867
HUN,Hungary,2004,3,2004.5,2004-Q3,28043.37436723245,10.24150767510755
HUN,Hungary,2004,4,2004.75,2004-Q4,28131.24278854006,10.244636080690713
HUN,Hungary,2005,1,2005.0,2005-Q1,28678.096012596277,10.263888905222386
HUN,Hungary,2005,2,2005.25,2005-Q2,29107.71015308137,10.278758371779684
HUN,Hungary,2005,3,2005.5,2005-Q3,29045.632733195096,10.276623414771727
HUN,Hungary,2005,4,2005.75,2005-Q4,29451.263010126164,10.29049207475185
HUN,Hungary,2006,1,2006.0,2006-Q1,29848.055517192224,10.303874974896324
HUN,Hungary,2006,2,2006.25,2006-Q2,29943.28497962088,10.307060370713168
HUN,Hungary,2006,3,2006.5,2006-Q3,30077.520688368957,10.311533350742833
HUN,Hungary,2006,4,2006.75,2006-Q4,30351.79739814276,10.320611017078148
HUN,Hungary,2007,1,2007.0,2007-Q1,30376.18288764388,10.321414122687688
HUN,Hungary,2007,2,2007.25,2007-Q2,30157.361925424662,10.31418434898007
HUN,Hungary,2007,3,2007.5,2007-Q3,30255.87808031252,10.317445761286487
HUN,Hungary,2007,4,2007.75,2007-Q4,30700.78693070524,10.332043566168766
HUN,Hungary,2008,1,2008.0,2008-Q1,31544.77659556345,10.359163294692763
HUN,Hungary,2008,2,2008.25,2008-Q2,31467.32528436326,10.356704993893578
HUN,Hungary,2008,3,2008.5,2008-Q3,30997.989887696483,10.341677639032557
HUN,Hungary,2008,4,2008.75,2008-Q4,30257.944482207826,10.317514056489422
HUN,Hungary,2009,1,2009.0,2009-Q1,29859.6570004855,10.304263584104417
HUN,Hungary,2009,2,2009.25,2009-Q2,29627.979250856784,10.296474438810833
HUN,Hungary,2009,3,2009.5,2009-Q3,29735.10714188267,10.300083685358775
HUN,Hungary,2009,4,2009.75,2009-Q4,29735.631714055864,10.3001013267126
HUN,Hungary,2010,1,2010.0,2010-Q1,30315.89306839691,10.319427377692453
HUN,Hungary,2010,2,2010.25,2010-Q2,30144.99469199817,10.31377417484116
HUN,Hungary,2010,3,2010.5,2010-Q3,30030.791821506693,10.309978528312294
HUN,Hungary,2010,4,2010.75,2010-Q4,30168.74820390537,10.314561839873864
HUN,Hungary,2011,1,2011.0,2011-Q1,31074.54419722017,10.344144248442543
HUN,Hungary,2011,2,2011.25,2011-Q2,30408.298299001643,10.32247082050658
HUN,Hungary,2011,3,2011.5,2011-Q3,30128.84993336128,10.313238461245211
HUN,Hungary,2011,4,2011.75,2011-Q4,30513.57859018847,10.32592706320184
HUN,Hungary,2012,1,2012.0,2012-Q1,30561.882303510447,10.3275088350849
HUN,Hungary,2012,2,2012.25,2012-Q2,29590.149799144318,10.295196807873644
HUN,Hungary,2012,3,2012.5,2012-Q3,29159.65680394523,10.280541416641306
HUN,Hungary,2012,4,2012.75,2012-Q4,29261.523421057656,10.284028738189994
HUN,Hungary,2013,1,2013.0,2013-Q1,30167.4510520479,10.314518842407214
HUN,Hungary,2013,2,2013.25,2013-Q2,29539.5098034972,10.293483961617866
HUN,Hungary,2013,3,2013.5,2013-Q3,29606.03930539268,10.295733650088332
HUN,Hungary,2013,4,2013.75,2013-Q4,29624.698562788373,10.296363703289915
HUN,Hungary,2014,1,2014.0,2014-Q1,29405.8913631734,10.288950319754576
HUN,Hungary,2014,2,2014.25,2014-Q2,29515.741578090125,10.292679012823834
HUN,Hungary,2014,3,2014.5,2014-Q3,29270.969771549764,10.284351511065669
HUN,Hungary,2014,4,2014.75,2014-Q4,29480.25715780943,10.29147606939309
HUN,Hungary,2015,1,2015.0,2015-Q1,30133.867897856304,10.313404997527915
HUN,Hungary,2015,2,2015.25,2015-Q2,29570.464236099517,10.294531312287017
HUN,Hungary,2015,3,2015.5,2015-Q3,29348.97988868437,10.287013067878256
HUN,Hungary,2015,4,2015.75,2015-Q4,29701.84424250337,10.298964418570117
HUN,Hungary,2016,1,2016.0,2016-Q1,29611.872772626208,10.295930667073488
HUN,Hungary,2016,2,2016.25,2016-Q2,29425.850803358186,10.289628846013208
HUN,Hungary,2016,3,2016.5,2016-Q3,29254.743692837717,10.283797017043561
HUN,Hungary,2016,4,2016.75,2016-Q4,29383.23368288921,10.28817950775871
HUN,Hungary,2017,1,2017.0,2017-Q1,30032.304952659186,10.310028913032168
HUN,Hungary,2017,2,2017.25,2017-Q2,30034.40352613078,10.310098787793931
HUN,Hungary,2017,3,2017.5,2017-Q3,30104.30694188671,10.31242352827121
HUN,Hungary,2017,4,2017.75,2017-Q4,30571.030754526848,10.327808132161616
HUN,Hungary,2018,1,2018.0,2018-Q1,31289.35366919669,10.351033180303748
HUN,Hungary,2018,2,2018.25,2018-Q2,31354.435384121603,10.353111015611086
HUN,Hungary,2018,3,2018.5,2018-Q3,31733.90171371768,10.36514084309751
HUN,Hungary,2018,4,2018.75,2018-Q4,32094.91857951208,10.376452996883714
HUN,Hungary,2019,1,2019.0,2019-Q1,32637.78823894877,10.393226044494966
HUN,Hungary,2019,2,2019.25,2019-Q2,32713.13673061123,10.39553201109257
HUN,Hungary,2019,3,2019.5,2019-Q3,33138.13190905892,10.408439919719392
HUN,Hungary,2019,4,2019.75,2019-Q4,33347.56322758685,10.414739982035197
HUN,Hungary,2020,1,2020.0,2020-Q1,33670.583489905046,10.424379841672472
HUN,Hungary,2020,2,2020.25,2020-Q2,29200.23114379504,10.281931904108434
HUN,Hungary,2020,3,2020.5,2020-Q3,32105.76214836045,10.376790799188255
HUN,Hungary,2020,4,2020.75,2020-Q4,32730.96731378929,10.396076921405871
HUN,Hungary,2021,1,2021.0,2021-Q1,32451.86011455361,10.387513042971756
HUN,Hungary,2021,2,2021.25,2021-Q2,32719.431884542035,10.395724427624076
HUN,Hungary,2021,3,2021.5,2021-Q3,32785.56999272697,10.397743758324443
HUN,Hungary,2021,4,2021.75,2021-Q4,33421.410499993006,10.416952006524866
HUN,Hungary,2022,1,2022.0,2022-Q1,33906.96399639416,10.431375699893424
HUN,Hungary,2022,2,2022.25,2022-Q2,34097.99064084325,10.436993736046965
HUN,Hungary,2022,3,2022.5,2022-Q3,33588.9838602053,10.421953430889614
HUN,Hungary,2022,4,2022.75,2022-Q4,33355.16854013454,10.414968018050489
HUN,Hungary,2023,1,2023.0,2023-Q1,33292.13766287313,10.413076541871048
HUN,Hungary,2023,2,2023.25,2023-Q2,33085.158615874214,10.406840080627632
HUN,Hungary,2023,3,2023.5,2023-Q3,33442.914858468976,10.417595230220076
HUN,Hungary,2023,4,2023.75,2023-Q4,33428.755997939574,10.417171766575168
HUN,Hungary,2024,1,2024.0,2024-Q1,33656.87122394536,10.423972511075837
HUN,Hungary,2024,2,2024.25,2024-Q2,33461.46672052883,10.41814980862279
HUN,Hungary,2024,3,2024.5,2024-Q3,33379.57553319279,10.41569948093344
HUN,Hungary,2024,4,2024.75,2024-Q4,33611.008933928424,10.422608939129898
HUN,Hungary,2025,1,2025.0,2025-Q1,33533.45426814335,10.420298854379029
HUN,Hungary,2025,2,2025.25,2025-Q2,33924.3385819824,10.431887988034969
HUN,Hungary,2025,3,2025.5,2025-Q3,33843.14615837282,10.42949178098169
HUN,Hungary,2025,4,2025.75,2025-Q4,34195.36347427845,10.439845342932596
HUN,Hungary,2026,1,2026.0,2026-Q1,34599.36103204548,10.45159049359337
IDN,Indonesia,2008,1,2008.0,2008-Q1,5690.792727278277,8.646604836797401
IDN,Indonesia,2008,3,2008.5,2008-Q3,5793.164923389448,8.664434040118177
IDN,Indonesia,2009,1,2009.0,2009-Q1,5819.99031696095,8.669053876971685
IDN,Indonesia,2009,3,2009.5,2009-Q3,5926.785334445199,8.687237242884127
IDN,Indonesia,2010,1,2010.0,2010-Q1,5980.928685319243,8.696331133435475
IDN,Indonesia,2010,3,2010.5,2010-Q3,6126.156684899092,8.720322864097806
IDN,Indonesia,2011,1,2011.0,2011-Q1,6137.986883805582,8.722252098293328
IDN,Indonesia,2011,3,2011.5,2011-Q3,6505.087568174203,8.780339852527666
IDN,Indonesia,2012,1,2012.0,2012-Q1,6354.192912438823,8.756870175155303
IDN,Indonesia,2012,3,2012.5,2012-Q3,6599.618061234126,8.79476705683003
IDN,Indonesia,2013,1,2013.0,2013-Q1,6611.971611936336,8.796637165516142
IDN,Indonesia,2013,3,2013.5,2013-Q3,6976.641833433328,8.85032296729594
IDN,Indonesia,2014,1,2014.0,2014-Q1,6823.594509968338,8.828141666240759
IDN,Indonesia,2014,3,2014.5,2014-Q3,7203.884369358431,8.882375655272865
IDN,Indonesia,2015,1,2015.0,2015-Q1,6995.954466834713,8.853087327660296
IDN,Indonesia,2015,3,2015.5,2015-Q3,7540.46006349561,8.928038475519307
IDN,Indonesia,2016,1,2016.0,2016-Q1,7354.260505278209,8.903035084850652
IDN,Indonesia,2016,3,2016.5,2016-Q3,7683.12566210966,8.946781730598731
IDN,Indonesia,2017,1,2017.0,2017-Q1,7488.625075716601,8.921140491665485
IDN,Indonesia,2017,3,2017.5,2017-Q3,7897.622019650569,8.974316982971644
IDN,Indonesia,2018,1,2018.0,2018-Q1,7711.63129424345,8.950485025791078
IDN,Indonesia,2018,3,2018.5,2018-Q3,7963.031281874564,8.982565020652913
IDN,Indonesia,2019,1,2019.0,2019-Q1,7737.234049792993,8.953799544808337
IDN,Indonesia,2019,3,2019.5,2019-Q3,8090.852106045179,8.998489332818036
IDN,Indonesia,2020,1,2020.0,2020-Q1,7886.274548208186,8.972879128466124
IDN,Indonesia,2020,3,2020.5,2020-Q3,7981.313331476582,8.984858254781672
IDN,Indonesia,2021,1,2021.0,2021-Q1,8051.635784244493,8.993630552781411
IDN,Indonesia,2021,3,2021.5,2021-Q3,8134.563273233421,9.003877333299135
IDN,Indonesia,2022,1,2022.0,2022-Q1,8147.577002703732,9.005475861750668
IDN,Indonesia,2022,3,2022.5,2022-Q3,8341.80799943123,9.02903525836054
IDN,Indonesia,2023,1,2023.0,2023-Q1,8346.853134827761,9.029639876731018
IDN,Indonesia,2023,3,2023.5,2023-Q3,8482.10376433013,9.04571378343414
IND,India,2017,3,2017.5,2017-Q3,6568.496642652018,8.790040263780867
IND,India,2017,4,2017.75,2017-Q4,6706.918058428642,8.810894818704194
IND,India,2018,1,2018.0,2018-Q1,7063.1826003146425,8.86265102215624
IND,India,2018,2,2018.25,2018-Q2,7382.372280393742,8.906850313149258
IND,India,2018,3,2018.5,2018-Q3,7176.5854325292,8.878578982424546
IND,India,2018,4,2018.75,2018-Q4,7224.415559948881,8.885221618352194
IND,India,2019,1,2019.0,2019-Q1,7368.494197774512,8.904968649216556
IND,India,2019,2,2019.25,2019-Q2,7231.740182431146,8.886234975324767
IND,India,2019,3,2019.5,2019-Q3,6615.964631799025,8.797240890830565
IND,India,2019,4,2019.75,2019-Q4,6452.730420276833,8.772258641187927
IND,India,2020,1,2020.0,2020-Q1,6778.287452382788,8.821479760884552
IND,India,2020,2,2020.25,2020-Q2,5629.631810430347,8.635799321203084
IND,India,2020,3,2020.5,2020-Q3,6329.458560684538,8.752969976042976
IND,India,2020,4,2020.75,2020-Q4,6678.7215547391,8.80668186419334
IND,India,2021,1,2021.0,2021-Q1,6680.647041914665,8.806970124401891
IND,India,2021,2,2021.25,2021-Q2,6499.846314145345,8.779533811626566
IND,India,2021,3,2021.5,2021-Q3,6694.04964178313,8.808974297606207
IND,India,2021,4,2021.75,2021-Q4,6661.214937726069,8.80405716997936
IND,India,2022,1,2022.0,2022-Q1,6730.799521176516,8.814449215163124
IND,India,2022,2,2022.25,2022-Q2,6931.893876474393,8.843888341496497
IND,India,2022,3,2022.5,2022-Q3,5932.98376997562,8.688282530703852
IND,India,2022,4,2022.75,2022-Q4,6766.103824008582,8.819680694184283
IND,India,2023,1,2023.0,2023-Q1,6659.502540557399,8.803800067134729
IND,India,2023,2,2023.25,2023-Q2,6793.794813483468,8.82376494712868
IND,India,2023,3,2023.5,2023-Q3,6405.264540124639,8.764875515605112
IND,India,2023,4,2023.75,2023-Q4,6746.235965823834,8.81673999363776
IND,India,2024,1,2024.0,2024-Q1,6703.157554552873,8.810333971161961
IND,India,2024,2,2024.25,2024-Q2,7085.392944213676,8.86579061201433
IND,India,2024,3,2024.5,2024-Q3,7002.406788715315,8.854009195901837
IND,India,2024,4,2024.75,2024-Q4,7111.822310379668,8.869513792401824
IND,India,2025,1,2025.0,2025-Q1,7244.972902058736,8.88806311452125
IND,India,2025,2,2025.25,2025-Q2,7690.895771170208,8.947792540913502
IND,India,2025,3,2025.5,2025-Q3,7777.307279892033,8.958965449280216
IND,India,2025,4,2025.75,2025-Q4,7661.752499770972,8.943996022438025
IRL,Ireland,1995,2,1995.25,1995-Q2,81051.56989021205,11.302840896380458
IRL,Ireland,1996,2,1996.25,1996-Q2,85113.52768299027,11.351741264125614
IRL,Ireland,1997,2,1997.25,1997-Q2,88792.5112814185,11.394057593007625
IRL,Ireland,1998,2,1998.25,1998-Q2,89085.2280095195,11.39734880857508
IRL,Ireland,1999,2,1999.25,1999-Q2,90733.90573991672,11.41568638918067
IRL,Ireland,1999,3,1999.5,1999-Q3,88469.55379938903,11.390413746940231
IRL,Ireland,1999,4,1999.75,1999-Q4,93047.27189229548,11.440862942911906
IRL,Ireland,2000,1,2000.0,2000-Q1,93838.86293218918,11.449334366163036
IRL,Ireland,2000,2,2000.25,2000-Q2,95960.31290041698,11.4716899776863
IRL,Ireland,2000,3,2000.5,2000-Q3,92902.68386882728,11.439307814253596
IRL,Ireland,2000,4,2000.75,2000-Q4,96688.79244798137,11.479252774496734
IRL,Ireland,2001,1,2001.0,2001-Q1,98048.64525059676,11.493219014604986
IRL,Ireland,2001,2,2001.25,2001-Q2,99364.29131133755,11.50654808576101
IRL,Ireland,2001,3,2001.5,2001-Q3,93116.594711275,11.44160769347439
IRL,Ireland,2001,4,2001.75,2001-Q4,97705.93029490473,11.489717535215423
IRL,Ireland,2002,1,2002.0,2002-Q1,101781.4793185968,11.530583434509559
IRL,Ireland,2002,2,2002.25,2002-Q2,101298.42278164714,11.52582612033913
IRL,Ireland,2002,3,2002.5,2002-Q3,98694.15033954076,11.499780956588623
IRL,Ireland,2002,4,2002.75,2002-Q4,102948.99353720136,11.541988936178923
IRL,Ireland,2003,1,2003.0,2003-Q1,101390.30470000234,11.526732751169472
IRL,Ireland,2003,2,2003.25,2003-Q2,103166.0746595397,11.544095344065571
IRL,Ireland,2003,3,2003.5,2003-Q3,98771.36756151984,11.500563039726334
IRL,Ireland,2003,4,2003.75,2003-Q4,106731.68004997546,11.578073300906349
IRL,Ireland,2004,1,2004.0,2004-Q1,105636.61706595452,11.567760342668047
IRL,Ireland,2004,2,2004.25,2004-Q2,109529.12678836905,11.603945790934777
IRL,Ireland,2004,3,2004.5,2004-Q3,102867.36208967572,11.541195690651303
IRL,Ireland,2004,4,2004.75,2004-Q4,107231.83761880282,11.582748476237946
IRL,Ireland,2005,1,2005.0,2005-Q1,108152.46431039012,11.591297217163124
IRL,Ireland,2005,2,2005.25,2005-Q2,109703.33379769415,11.6055350359355
IRL,Ireland,2005,3,2005.5,2005-Q3,103100.72273550216,11.54346168002415
IRL,Ireland,2005,4,2005.75,2005-Q4,108876.4773937376,11.59796928369523
IRL,Ireland,2006,1,2006.0,2006-Q1,108587.513557702,11.595311703423258
IRL,Ireland,2006,2,2006.25,2006-Q2,109128.7607322736,11.60028375515769
IRL,Ireland,2006,3,2006.5,2006-Q3,105439.595039237,11.565893509054044
IRL,Ireland,2006,4,2006.75,2006-Q4,107503.71947083484,11.585280725679993
IRL,Ireland,2007,1,2007.0,2007-Q1,107246.40532226372,11.582884319419833
IRL,Ireland,2007,2,2007.25,2007-Q2,105524.23659816998,11.566695936302523
IRL,Ireland,2007,3,2007.5,2007-Q3,99078.0464030901,11.503663166040013
IRL,Ireland,2007,4,2007.75,2007-Q4,104796.10195938508,11.55977185513329
IRL,Ireland,2008,1,2008.0,2008-Q1,103482.97432017038,11.547162378834038
IRL,Ireland,2008,2,2008.25,2008-Q2,101030.7527113088,11.523180231768258
IRL,Ireland,2008,3,2008.5,2008-Q3,100171.98870109164,11.51464387466911
IRL,Ireland,2008,4,2008.75,2008-Q4,98510.08369851022,11.497914194494173
IRL,Ireland,2009,1,2009.0,2009-Q1,103995.32708326812,11.552101245222389
IRL,Ireland,2009,2,2009.25,2009-Q2,105581.57468046836,11.567239152837976
IRL,Ireland,2009,3,2009.5,2009-Q3,104714.73513909176,11.558995123719193
IRL,Ireland,2009,4,2009.75,2009-Q4,104413.14187857365,11.55611082657141
IRL,Ireland,2010,1,2010.0,2010-Q1,110067.72631114414,11.6088511490506
IRL,Ireland,2010,2,2010.25,2010-Q2,111184.61204122944,11.6189472702989
IRL,Ireland,2010,3,2010.5,2010-Q3,111600.94111159552,11.622684761793392
IRL,Ireland,2010,4,2010.75,2010-Q4,112333.20870241032,11.629224811191682
IRL,Ireland,2011,1,2011.0,2011-Q1,116213.01445560984,11.663180117606933
IRL,Ireland,2011,2,2011.25,2011-Q2,116266.9586533766,11.663644193699282
IRL,Ireland,2011,3,2011.5,2011-Q3,115002.4435828482,11.652708655666146
IRL,Ireland,2011,4,2011.75,2011-Q4,113690.10766775036,11.641231672151909
IRL,Ireland,2012,1,2012.0,2012-Q1,115320.02015943776,11.655466326565346
IRL,Ireland,2012,2,2012.25,2012-Q2,118191.86221517196,11.680064533996653
IRL,Ireland,2012,3,2012.5,2012-Q3,114113.25346596856,11.644946685686184
IRL,Ireland,2012,4,2012.75,2012-Q4,113020.17853164511,11.635321652829067
IRL,Ireland,2013,1,2013.0,2013-Q1,114452.47887408295,11.647914984159554
IRL,Ireland,2013,2,2013.25,2013-Q2,114464.9921158085,11.648024309513218
IRL,Ireland,2013,3,2013.5,2013-Q3,115860.01409603831,11.660137966315016
IRL,Ireland,2013,4,2013.75,2013-Q4,112448.62251145436,11.630251707525455
IRL,Ireland,2014,1,2014.0,2014-Q1,121712.86889606137,11.70942001616307
IRL,Ireland,2014,2,2014.25,2014-Q2,123527.82578514084,11.724221719672823
IRL,Ireland,2014,3,2014.5,2014-Q3,122030.77422886352,11.712028539683843
IRL,Ireland,2014,4,2014.75,2014-Q4,120460.7245448999,11.699079041396988
IRL,Ireland,2015,1,2015.0,2015-Q1,150936.37885894944,11.924613694951832
IRL,Ireland,2015,2,2015.25,2015-Q2,144561.6172869996,11.881461112855712
IRL,Ireland,2015,3,2015.5,2015-Q3,146012.56906522842,11.891447986472851
IRL,Ireland,2015,4,2015.75,2015-Q4,145855.9710043342,11.890374913808813
IRL,Ireland,2016,1,2016.0,2016-Q1,143775.33370569008,11.876007177606493
IRL,Ireland,2016,2,2016.25,2016-Q2,139498.67755688,11.845810400319627
IRL,Ireland,2016,3,2016.5,2016-Q3,137735.70972071646,11.83309198094927
IRL,Ireland,2016,4,2016.75,2016-Q4,152171.32698370112,11.932762316278984
IRL,Ireland,2017,1,2017.0,2017-Q1,149175.97043765764,11.912881897733008
IRL,Ireland,2017,2,2017.25,2017-Q2,148888.79888394923,11.910954990079903
IRL,Ireland,2017,3,2017.5,2017-Q3,155916.22599898677,11.957074129161635
IRL,Ireland,2017,4,2017.75,2017-Q4,159179.0089049145,11.977784690086622
IRL,Ireland,2018,1,2018.0,2018-Q1,161517.6495310641,11.992369700695743
IRL,Ireland,2018,2,2018.25,2018-Q2,159504.1249150386,11.979825062408924
IRL,Ireland,2018,3,2018.5,2018-Q3,160562.54233256116,11.986438817503812
IRL,Ireland,2018,4,2018.75,2018-Q4,160665.09820452187,11.987077342104458
IRL,Ireland,2019,1,2019.0,2019-Q1,160949.10926619038,11.988843502484801
IRL,Ireland,2019,2,2019.25,2019-Q2,163382.47136113333,12.00384918124206
IRL,Ireland,2019,3,2019.5,2019-Q3,165834.3630997265,12.018744756539988
IRL,Ireland,2019,4,2019.75,2019-Q4,164877.84343951498,12.012960135902837
IRL,Ireland,2020,1,2020.0,2020-Q1,172043.70657680265,12.055503831520285
IRL,Ireland,2020,2,2020.25,2020-Q2,172254.52974238296,12.056728486018567
IRL,Ireland,2020,3,2020.5,2020-Q3,188118.6920455736,12.144828383268354
IRL,Ireland,2020,4,2020.75,2020-Q4,178702.50166615995,12.093477700300566
IRL,Ireland,2021,1,2021.0,2021-Q1,202659.9002273052,12.219284484686511
IRL,Ireland,2021,2,2021.25,2021-Q2,197484.926972508,12.193417541284319
IRL,Ireland,2021,3,2021.5,2021-Q3,195873.14365960375,12.18522250244483
IRL,Ireland,2021,4,2021.75,2021-Q4,186857.5877960479,12.138102043112642
IRL,Ireland,2022,1,2022.0,2022-Q1,192462.30703111208,12.167655605906573
IRL,Ireland,2022,2,2022.25,2022-Q2,195687.2118425537,12.184272805528828
IRL,Ireland,2022,3,2022.5,2022-Q3,204274.3820194801,12.227219379010197
IRL,Ireland,2022,4,2022.75,2022-Q4,199633.9995288048,12.204240966674242
IRL,Ireland,2023,1,2023.0,2023-Q1,187178.76841236005,12.13981941999284
IRL,Ireland,2023,2,2023.25,2023-Q2,186458.10042548508,12.13596183022765
IRL,Ireland,2023,3,2023.5,2023-Q3,187733.58135111828,12.14277911627445
IRL,Ireland,2023,4,2023.75,2023-Q4,177964.79273210352,12.089341016070613
IRL,Ireland,2024,1,2024.0,2024-Q1,182201.4034647832,12.112867966658587
IRL,Ireland,2024,2,2024.25,2024-Q2,179077.93287140265,12.095576369242728
IRL,Ireland,2024,3,2024.5,2024-Q3,190067.80656364685,12.15513616412807
IRL,Ireland,2024,4,2024.75,2024-Q4,194706.7135960229,12.179249672512203
IRL,Ireland,2025,1,2025.0,2025-Q1,205691.79346622303,12.234134179202139
IRL,Ireland,2025,2,2025.25,2025-Q2,195479.83440361667,12.183212504256746
IRL,Ireland,2025,3,2025.5,2025-Q3,197676.6882068909,12.194388087218282
IRL,Ireland,2025,4,2025.75,2025-Q4,190616.52102292853,12.158018945474835
IRL,Ireland,2026,1,2026.0,2026-Q1,178165.30853602,12.090467097940083
ISL,Iceland,1995,2,1995.25,1995-Q2,69069.6375011007,11.142870513786356
ISL,Iceland,1996,2,1996.25,1996-Q2,71579.69144704954,11.178566673707898
ISL,Iceland,1997,2,1997.25,1997-Q2,74676.28049742778,11.220917790542618
ISL,Iceland,1998,2,1998.25,1998-Q2,78683.86550191349,11.273193400705356
ISL,Iceland,1999,2,1999.25,1999-Q2,75675.32884940076,11.234207479429216
ISL,Iceland,2000,2,2000.25,2000-Q2,76943.41685747275,11.250825584697301
ISL,Iceland,2001,2,2001.25,2001-Q2,80788.43161236771,11.299589061144678
ISL,Iceland,2002,2,2002.25,2002-Q2,81857.59033407501,11.312736313186003
ISL,Iceland,2003,1,2003.0,2003-Q1,87725.78471761796,11.381971145610814
ISL,Iceland,2003,2,2003.25,2003-Q2,80932.42272358657,11.30136979808006
ISL,Iceland,2003,3,2003.5,2003-Q3,80607.9693187686,11.297352798529603
ISL,Iceland,2003,4,2003.75,2003-Q4,87973.55682648048,11.384791557695818
ISL,Iceland,2004,1,2004.0,2004-Q1,91201.7322344171,11.420829169680475
ISL,Iceland,2004,2,2004.25,2004-Q2,86466.15464527803,11.367508340574497
ISL,Iceland,2004,3,2004.5,2004-Q3,91082.07609983164,11.419516314162859
ISL,Iceland,2004,4,2004.75,2004-Q4,94094.47317945692,11.452054590367794
ISL,Iceland,2005,1,2005.0,2005-Q1,92424.08697123404,11.434142905165118
ISL,Iceland,2005,2,2005.25,2005-Q2,93545.5747214646,11.446204026697371
ISL,Iceland,2005,3,2005.5,2005-Q3,93814.51811159847,11.449074900326696
ISL,Iceland,2005,4,2005.75,2005-Q4,96428.4396766117,11.4765564544818
ISL,Iceland,2006,1,2006.0,2006-Q1,95034.90993154008,11.461999576044605
ISL,Iceland,2006,2,2006.25,2006-Q2,93638.90949338432,11.447201275802138
ISL,Iceland,2006,3,2006.5,2006-Q3,93441.68089087428,11.445092786886494
ISL,Iceland,2006,4,2006.75,2006-Q4,96598.89732197174,11.478322605249039
ISL,Iceland,2007,1,2007.0,2007-Q1,97237.84473590438,11.484915263806643
ISL,Iceland,2007,2,2007.25,2007-Q2,97403.15496634968,11.48661388095766
ISL,Iceland,2007,3,2007.5,2007-Q3,96143.3300921457,11.47359537879425
ISL,Iceland,2007,4,2007.75,2007-Q4,102991.80474587122,11.542404698472199
ISL,Iceland,2008,1,2008.0,2008-Q1,102066.14556851648,11.533376368056091
ISL,Iceland,2008,2,2008.25,2008-Q2,99140.93674637632,11.504297720252705
ISL,Iceland,2008,3,2008.5,2008-Q3,93447.31551293704,11.445153086017774
ISL,Iceland,2008,4,2008.75,2008-Q4,102598.8677681598,11.538582176259863
ISL,Iceland,2009,1,2009.0,2009-Q1,98335.9965699672,11.496145430049467
ISL,Iceland,2009,2,2009.25,2009-Q2,96379.25573790088,11.476046268001205
ISL,Iceland,2009,3,2009.5,2009-Q3,96046.73552250637,11.472590180346934
ISL,Iceland,2009,4,2009.75,2009-Q4,96914.12300287875,11.48158053548234
ISL,Iceland,2010,1,2010.0,2010-Q1,93903.11337554175,11.450018820935746
ISL,Iceland,2010,2,2010.25,2010-Q2,95517.36034453752,11.4670632936606
ISL,Iceland,2010,3,2010.5,2010-Q3,93432.47832884445,11.444994297485117
ISL,Iceland,2010,4,2010.75,2010-Q4,97270.21878255192,11.485248145090441
ISL,Iceland,2011,1,2011.0,2011-Q1,95985.7123257666,11.471954629433768
ISL,Iceland,2011,2,2011.25,2011-Q2,94573.98244107843,11.457137690163185
ISL,Iceland,2011,3,2011.5,2011-Q3,95686.4583343288,11.46883206622012
ISL,Iceland,2011,4,2011.75,2011-Q4,98656.1963772474,11.499396321209028
ISL,Iceland,2012,1,2012.0,2012-Q1,96759.84219444444,11.479987333826028
ISL,Iceland,2012,2,2012.25,2012-Q2,94471.07037769326,11.456048933044004
ISL,Iceland,2012,3,2012.5,2012-Q3,95845.58639426084,11.470493700405362
ISL,Iceland,2012,4,2012.75,2012-Q4,97881.8027037918,11.491515934875686
ISL,Iceland,2013,1,2013.0,2013-Q1,98747.52634804451,11.500321632809566
ISL,Iceland,2013,2,2013.25,2013-Q2,95438.8853770192,11.466241377921321
ISL,Iceland,2013,3,2013.5,2013-Q3,94220.75143012272,11.453395727494176
ISL,Iceland,2013,4,2013.75,2013-Q4,98207.16391877574,11.494834444011357
ISL,Iceland,2014,1,2014.0,2014-Q1,97968.5442795722,11.492401729389591
ISL,Iceland,2014,2,2014.25,2014-Q2,93946.02025502524,11.450475643699848
ISL,Iceland,2014,3,2014.5,2014-Q3,95651.2426593807,11.468463966518254
ISL,Iceland,2014,4,2014.75,2014-Q4,96673.85673217174,11.479098290516477
ISL,Iceland,2015,1,2015.0,2015-Q1,94838.48632164294,11.459930579715017
ISL,Iceland,2015,2,2015.25,2015-Q2,96031.61688549817,11.47243275878589
ISL,Iceland,2015,3,2015.5,2015-Q3,96651.70758916314,11.47886915224205
ISL,Iceland,2015,4,2015.75,2015-Q4,97974.18849008431,11.492459340207137
ISL,Iceland,2016,1,2016.0,2016-Q1,95909.7206698087,11.47116261829787
ISL,Iceland,2016,2,2016.25,2016-Q2,97295.97535000392,11.4855129040093
ISL,Iceland,2016,3,2016.5,2016-Q3,98627.23292987383,11.499102698498966
ISL,Iceland,2016,4,2016.75,2016-Q4,102891.27105070282,11.541428088784686
ISL,Iceland,2017,1,2017.0,2017-Q1,98733.65864448751,11.50018118698856
ISL,Iceland,2017,2,2017.25,2017-Q2,98960.2780341759,11.502473816623619
ISL,Iceland,2017,3,2017.5,2017-Q3,100293.0545142075,11.515851724435759
ISL,Iceland,2017,4,2017.75,2017-Q4,103409.0071791379,11.546447347312295
ISL,Iceland,2018,1,2018.0,2018-Q1,104114.74871375009,11.553248922893763
ISL,Iceland,2018,2,2018.25,2018-Q2,102239.67301788092,11.535075071424332
ISL,Iceland,2018,3,2018.5,2018-Q3,100631.11314922404,11.51921676466908
ISL,Iceland,2018,4,2018.75,2018-Q4,103752.31709784416,11.549761771316753
ISL,Iceland,2019,1,2019.0,2019-Q1,103993.42898255894,11.552082993267378
ISL,Iceland,2019,2,2019.25,2019-Q2,100777.91833708508,11.520674546505138
ISL,Iceland,2019,3,2019.5,2019-Q3,99951.76884552604,11.512443037075863
ISL,Iceland,2019,4,2019.75,2019-Q4,105149.95046162888,11.563142710009753
ISL,Iceland,2020,1,2020.0,2020-Q1,98620.79000607783,11.49903737035319
ISL,Iceland,2020,2,2020.25,2020-Q2,94248.75585327412,11.453692904727365
ISL,Iceland,2020,3,2020.5,2020-Q3,94731.02077744094,11.458796794462753
ISL,Iceland,2020,4,2020.75,2020-Q4,108373.6666716868,11.593340411093084
ISL,Iceland,2021,1,2021.0,2021-Q1,103312.3305427599,11.545512014322567
ISL,Iceland,2021,2,2021.25,2021-Q2,102132.09010989656,11.534022255553145
ISL,Iceland,2021,3,2021.5,2021-Q3,100547.90317428124,11.518389541420767
ISL,Iceland,2021,4,2021.75,2021-Q4,104670.9519351465,11.558576917439717
ISL,Iceland,2022,1,2022.0,2022-Q1,102829.52698481156,11.540827818239999
ISL,Iceland,2022,2,2022.25,2022-Q2,102812.01268126655,11.540657480052337
ISL,Iceland,2022,3,2022.5,2022-Q3,104607.96936607506,11.55797501667894
ISL,Iceland,2022,4,2022.75,2022-Q4,108184.11419427492,11.591589815708682
ISL,Iceland,2023,1,2023.0,2023-Q1,108311.23250146017,11.592764144152538
ISL,Iceland,2023,2,2023.25,2023-Q2,106076.30741177688,11.571913995347167
ISL,Iceland,2023,3,2023.5,2023-Q3,102306.61379043206,11.535729600782801
ISL,Iceland,2023,4,2023.75,2023-Q4,103948.12669681096,11.551647271929076
ISL,Iceland,2024,1,2024.0,2024-Q1,102820.79032266044,11.540742852048156
ISL,Iceland,2024,2,2024.25,2024-Q2,99517.15619983128,11.508085332402262
ISL,Iceland,2024,3,2024.5,2024-Q3,97242.69416240104,11.484965134364645
ISL,Iceland,2024,4,2024.75,2024-Q4,100607.57525336284,11.51898283454207
ISL,Iceland,2025,1,2025.0,2025-Q1,104364.20714483516,11.555642052206151
ISL,Iceland,2025,2,2025.25,2025-Q2,99802.60107400532,11.51094952482571
ISL,Iceland,2025,3,2025.5,2025-Q3,100850.75319250516,11.521397011797752
ISL,Iceland,2025,4,2025.75,2025-Q4,103454.83975452214,11.546890465593364
ISR,Israel,1995,1,1995.0,1995-Q1,72123.7208687298,11.186138268730845
ISR,Israel,1995,2,1995.25,1995-Q2,73242.77758483935,11.201534922493684
ISR,Israel,1995,3,1995.5,1995-Q3,73356.56282846873,11.203087252349437
ISR,Israel,1995,4,1995.75,1995-Q4,73918.29153977614,11.210715593761895
ISR,Israel,1996,1,1996.0,1996-Q1,74649.73837082749,11.220562298216754
ISR,Israel,1996,2,1996.25,1996-Q2,74378.63506322302,11.216924016453234
ISR,Israel,1996,3,1996.5,1996-Q3,75330.50845933723,11.229640490555852
ISR,Israel,1996,4,1996.75,1996-Q4,76875.91847880211,11.249947952729181
ISR,Israel,1997,1,1997.0,1997-Q1,77881.20638953445,11.262939949729983
ISR,Israel,1997,2,1997.25,1997-Q2,76922.2481554688,11.250550426465791
ISR,Israel,1997,3,1997.5,1997-Q3,76711.64808703733,11.2478088413665
ISR,Israel,1997,4,1997.75,1997-Q4,77904.03062381163,11.263232971519185
ISR,Israel,1998,1,1998.0,1998-Q1,79504.96446688393,11.283574744817072
ISR,Israel,1998,2,1998.25,1998-Q2,79302.01002270577,11.281018754372399
ISR,Israel,1998,3,1998.5,1998-Q3,78291.60659443132,11.26819568075963
ISR,Israel,1998,4,1998.75,1998-Q4,78282.64966566171,11.26808126950208
ISR,Israel,1999,1,1999.0,1999-Q1,78231.86729003105,11.26743235362641
ISR,Israel,1999,2,1999.25,1999-Q2,80400.21952882335,11.294772185621332
ISR,Israel,1999,3,1999.5,1999-Q3,79735.3381106439,11.286468155602554
ISR,Israel,1999,4,1999.75,1999-Q4,79575.04837865176,11.28445586011306
ISR,Israel,2000,1,2000.0,2000-Q1,80753.3297570542,11.299154475616223
ISR,Israel,2000,2,2000.25,2000-Q2,81914.39067278795,11.313429964696367
ISR,Israel,2000,3,2000.5,2000-Q3,84101.79633928566,11.33978320529637
ISR,Israel,2000,4,2000.75,2000-Q4,84249.29187723053,11.34153544316125
ISR,Israel,2001,1,2001.0,2001-Q1,83034.02923178468,11.327005793499888
ISR,Israel,2001,2,2001.25,2001-Q2,81473.47554231834,11.308032792788994
ISR,Israel,2001,3,2001.5,2001-Q3,80478.87705112505,11.295750032094135
ISR,Israel,2001,4,2001.75,2001-Q4,81011.70440966367,11.302348922100354
ISR,Israel,2002,1,2002.0,2002-Q1,81220.39688286938,11.30492168774484
ISR,Israel,2002,2,2002.25,2002-Q2,80941.38771954883,11.30148056332302
ISR,Israel,2002,3,2002.5,2002-Q3,80610.56689804101,11.297385022854842
ISR,Israel,2002,4,2002.75,2002-Q4,79461.84718974362,11.283032275885999
ISR,Israel,2003,1,2003.0,2003-Q1,80889.97699842992,11.300845201655795
ISR,Israel,2003,2,2003.25,2003-Q2,80194.18315167233,11.292206261943337
ISR,Israel,2003,3,2003.5,2003-Q3,80287.55380018143,11.29336989165994
ISR,Israel,2003,4,2003.75,2003-Q4,79733.58467455466,11.28644616465838
ISR,Israel,2004,1,2004.0,2004-Q1,80306.41576669738,11.293604794211431
ISR,Israel,2004,2,2004.25,2004-Q2,80630.92926783221,11.29763759270049
ISR,Israel,2004,3,2004.5,2004-Q3,81411.12245437816,11.307267182144983
ISR,Israel,2004,4,2004.75,2004-Q4,82182.63431713151,11.316699297376683
ISR,Israel,2005,1,2005.0,2005-Q1,81949.65975127222,11.313860432256977
ISR,Israel,2005,2,2005.25,2005-Q2,81457.88963305778,11.307841474078918
ISR,Israel,2005,3,2005.5,2005-Q3,82163.39538121544,11.31646517019954
ISR,Israel,2005,4,2005.75,2005-Q4,82394.16156776044,11.319269858627058
ISR,Israel,2006,1,2006.0,2006-Q1,83529.39317957751,11.332953863023187
ISR,Israel,2006,2,2006.25,2006-Q2,83742.18995293826,11.335498191045586
ISR,Israel,2006,3,2006.5,2006-Q3,83396.3835270158,11.331360224421214
ISR,Israel,2006,4,2006.75,2006-Q4,84060.80307875284,11.33929566215079
ISR,Israel,2007,1,2007.0,2007-Q1,84376.75089084177,11.343047179258392
ISR,Israel,2007,2,2007.25,2007-Q2,84209.54900729639,11.341063602437869
ISR,Israel,2007,3,2007.5,2007-Q3,85415.9227031179,11.355287810911559
ISR,Israel,2007,4,2007.75,2007-Q4,87033.2855331989,11.374045916802555
ISR,Israel,2008,1,2008.0,2008-Q1,85245.40329494912,11.35328947339816
ISR,Israel,2008,2,2008.25,2008-Q2,84806.68672028944,11.348129671504875
ISR,Israel,2008,3,2008.5,2008-Q3,85220.2674412991,11.352994565294685
ISR,Israel,2008,4,2008.75,2008-Q4,84289.88245108917,11.342017118413372
ISR,Israel,2009,1,2009.0,2009-Q1,84984.04913261176,11.350218860599234
ISR,Israel,2009,2,2009.25,2009-Q2,85763.1238755938,11.3593444014294
ISR,Israel,2009,3,2009.5,2009-Q3,85935.40306521115,11.361351165849602
ISR,Israel,2009,4,2009.75,2009-Q4,86703.19845727636,11.37024605317556
ISR,Israel,2010,1,2010.0,2010-Q1,86188.33380940888,11.364290108854737
ISR,Israel,2010,2,2010.25,2010-Q2,84863.39038841994,11.348798070685307
ISR,Israel,2010,3,2010.5,2010-Q3,85488.63854741651,11.356138763608834
ISR,Israel,2010,4,2010.75,2010-Q4,86339.32667882746,11.366040470594319
ISR,Israel,2011,1,2011.0,2011-Q1,87706.6112818264,11.381752560716517
ISR,Israel,2011,2,2011.25,2011-Q2,86826.81606716549,11.371670793802
ISR,Israel,2011,3,2011.5,2011-Q3,88956.54035103598,11.395903218789282
ISR,Israel,2011,4,2011.75,2011-Q4,89164.40597906128,11.398237202822829
ISR,Israel,2012,1,2012.0,2012-Q1,81743.34238341035,11.311339646708145
ISR,Israel,2012,2,2012.25,2012-Q2,80773.45251224485,11.299403632505404
ISR,Israel,2012,3,2012.5,2012-Q3,81139.93138609976,11.303930491136464
ISR,Israel,2012,4,2012.75,2012-Q4,81469.60112042089,11.307985237262518
ISR,Israel,2013,1,2013.0,2013-Q1,81844.34345778603,11.312574471770803
ISR,Israel,2013,2,2013.25,2013-Q2,82757.47170310297,11.323669581647817
ISR,Israel,2013,3,2013.5,2013-Q3,82636.13583452364,11.322202343679514
ISR,Israel,2013,4,2013.75,2013-Q4,83288.62632978661,11.330067280174658
ISR,Israel,2014,1,2014.0,2014-Q1,83249.06368507439,11.32959216075331
ISR,Israel,2014,2,2014.25,2014-Q2,82999.57908272017,11.326590815473347
ISR,Israel,2014,3,2014.5,2014-Q3,83390.13714731185,11.331285321729059
ISR,Israel,2014,4,2014.75,2014-Q4,84101.64113128016,11.339781359816781
ISR,Israel,2015,1,2015.0,2015-Q1,83688.3921964503,11.33485556342465
ISR,Israel,2015,2,2015.25,2015-Q2,82980.76823692411,11.326364151941425
ISR,Israel,2015,3,2015.5,2015-Q3,82427.32257340758,11.319672245564263
ISR,Israel,2015,4,2015.75,2015-Q4,82843.65253814548,11.324710406016823
ISR,Israel,2016,1,2016.0,2016-Q1,82726.30365314469,11.323292891543185
ISR,Israel,2016,2,2016.25,2016-Q2,84050.35189357065,11.339171325545077
ISR,Israel,2016,3,2016.5,2016-Q3,84225.5921513775,11.341254098839265
ISR,Israel,2016,4,2016.75,2016-Q4,85302.95815117899,11.353964412259216
ISR,Israel,2017,1,2017.0,2017-Q1,85017.52768592615,11.350612722284211
ISR,Israel,2017,2,2017.25,2017-Q2,85458.85087672336,11.35579026277861
ISR,Israel,2017,3,2017.5,2017-Q3,86439.45925347622,11.36719955485711
ISR,Israel,2017,4,2017.75,2017-Q4,87141.15264054242,11.375284527040256
ISR,Israel,2018,1,2018.0,2018-Q1,87567.99929130977,11.380170905290672
ISR,Israel,2018,2,2018.25,2018-Q2,87465.25714603285,11.378996932307844
ISR,Israel,2018,3,2018.5,2018-Q3,87832.71905477448,11.383189364587206
ISR,Israel,2018,4,2018.75,2018-Q4,88580.07026178046,11.39166217067828
ISR,Israel,2019,1,2019.0,2019-Q1,89197.90805062486,11.398612865945836
ISR,Israel,2019,2,2019.25,2019-Q2,88893.18573894491,11.395190767708657
ISR,Israel,2019,3,2019.5,2019-Q3,89688.65982055978,11.404099616649644
ISR,Israel,2019,4,2019.75,2019-Q4,90509.63988792956,11.413211642114037
ISR,Israel,2020,1,2020.0,2020-Q1,88035.51312972415,11.385495570344917
ISR,Israel,2020,2,2020.25,2020-Q2,82350.86185902049,11.318744201355763
ISR,Israel,2020,3,2020.5,2020-Q3,90355.98313887784,11.411512515619483
ISR,Israel,2020,4,2020.75,2020-Q4,93429.61942449331,11.444963698402844
ISR,Israel,2021,1,2021.0,2021-Q1,94252.86463609908,11.453736498865334
ISR,Israel,2021,2,2021.25,2021-Q2,95975.9277947926,11.471852686868823
ISR,Israel,2021,3,2021.5,2021-Q3,95393.49024757736,11.465765618709609
ISR,Israel,2021,4,2021.75,2021-Q4,97826.43991649144,11.49095016628019
ISR,Israel,2022,1,2022.0,2022-Q1,95709.96986107576,11.46907775029152
ISR,Israel,2022,2,2022.25,2022-Q2,96803.82032960818,11.480441738700858
ISR,Israel,2022,3,2022.5,2022-Q3,95139.03023748724,11.463094576929144
ISR,Israel,2022,4,2022.75,2022-Q4,97823.1952569278,11.49091699821871
ISR,Israel,2023,1,2023.0,2023-Q1,96513.40698130352,11.477437210125599
ISR,Israel,2023,2,2023.25,2023-Q2,96331.57543066116,11.475551430135337
ISR,Israel,2023,3,2023.5,2023-Q3,96094.95855325252,11.473092133158277
ISR,Israel,2023,4,2023.75,2023-Q4,91768.56742797978,11.427025115230059
ISR,Israel,2024,1,2024.0,2024-Q1,94995.75813174136,11.461587518340954
ISR,Israel,2024,2,2024.25,2024-Q2,94079.67316550705,11.45189728912033
ISR,Israel,2024,3,2024.5,2024-Q3,95007.97662434704,11.46171613152467
ISR,Israel,2024,4,2024.75,2024-Q4,95808.47933496846,11.470106470845531
ITA,Italy,1996,2,1996.25,1996-Q2,84287.34899445804,11.341987061488013
ITA,Italy,1997,2,1997.25,1997-Q2,85390.51334661218,11.354990288671988
ITA,Italy,1997,3,1997.5,1997-Q3,84769.17725703427,11.347687279964155
ITA,Italy,1997,4,1997.75,1997-Q4,86653.52608686565,11.36967298775914
ITA,Italy,1998,1,1998.0,1998-Q1,86813.36490222614,11.371515862323685
ITA,Italy,1998,2,1998.25,1998-Q2,86366.77466287537,11.366358328319851
ITA,Italy,1998,3,1998.5,1998-Q3,85272.99191057142,11.353613058614052
ITA,Italy,1998,4,1998.75,1998-Q4,85179.09162660583,11.352511279257461
ITA,Italy,1999,1,1999.0,1999-Q1,86399.98704436795,11.36674280484269
ITA,Italy,1999,2,1999.25,1999-Q2,85836.49749080928,11.360199573708952
ITA,Italy,1999,3,1999.5,1999-Q3,85590.5300921489,11.357329926245294
ITA,Italy,1999,4,1999.75,1999-Q4,87019.72399893055,11.37389008457268
ITA,Italy,2000,1,2000.0,2000-Q1,89114.15266781388,11.397673441112392
ITA,Italy,2000,2,2000.25,2000-Q2,88334.92187683997,11.388890799649944
ITA,Italy,2000,3,2000.5,2000-Q3,87484.3979383546,11.37921574717077
ITA,Italy,2000,4,2000.75,2000-Q4,87794.06389966451,11.382749167994364
ITA,Italy,2001,1,2001.0,2001-Q1,89258.35618588011,11.399290321991726
ITA,Italy,2001,2,2001.25,2001-Q2,88795.39289760025,11.394090045850573
ITA,Italy,2001,3,2001.5,2001-Q3,87017.446968677,11.37386391740114
ITA,Italy,2001,4,2001.75,2001-Q4,86967.04861738006,11.37328457436788
ITA,Italy,2002,1,2002.0,2002-Q1,87309.28325288687,11.377212073549842
ITA,Italy,2002,2,2002.25,2002-Q2,87130.10177294175,11.375157703283204
ITA,Italy,2002,3,2002.5,2002-Q3,86321.8079124902,11.365837544018644
ITA,Italy,2002,4,2002.75,2002-Q4,87041.20609340313,11.3741369187654
ITA,Italy,2003,1,2003.0,2003-Q1,87138.95461352996,11.37525930296796
ITA,Italy,2003,2,2003.25,2003-Q2,86015.87481748112,11.362287149101784
ITA,Italy,2003,3,2003.5,2003-Q3,85195.2738719563,11.352701240292406
ITA,Italy,2003,4,2003.75,2003-Q4,86390.86080417511,11.366637171467834
ITA,Italy,2004,1,2004.0,2004-Q1,86934.84489202926,11.37291420777705
ITA,Italy,2004,2,2004.25,2004-Q2,85819.4497169506,11.360000946464258
ITA,Italy,2004,3,2004.5,2004-Q3,85650.7213491987,11.358032925773996
ITA,Italy,2004,4,2004.75,2004-Q4,85738.68435046781,11.359059395393087
ITA,Italy,2005,1,2005.0,2005-Q1,86585.44779259553,11.368887041083862
ITA,Italy,2005,2,2005.25,2005-Q2,86329.03320105499,11.365921242291092
ITA,Italy,2005,3,2005.5,2005-Q3,87279.08847241594,11.376866176735826
ITA,Italy,2005,4,2005.75,2005-Q4,87176.67880674843,11.375692129250574
ITA,Italy,2006,1,2006.0,2006-Q1,87328.0394823696,11.377426875623774
ITA,Italy,2006,2,2006.25,2006-Q2,86024.4570546461,11.362386919162429
ITA,Italy,2006,3,2006.5,2006-Q3,87001.46102230085,11.373680190855493
ITA,Italy,2006,4,2006.75,2006-Q4,88162.30157447973,11.386934730834529
ITA,Italy,2007,1,2007.0,2007-Q1,89056.04713820151,11.397021193635142
ITA,Italy,2007,2,2007.25,2007-Q2,87569.37744150838,11.380186643224222
ITA,Italy,2007,3,2007.5,2007-Q3,87140.342766321,11.375275233176676
ITA,Italy,2007,4,2007.75,2007-Q4,87133.82195286412,11.37520039921066
ITA,Italy,2008,1,2008.0,2008-Q1,88689.63800921149,11.392898340833376
ITA,Italy,2008,2,2008.25,2008-Q2,86336.72499103335,11.36601033685233
ITA,Italy,2008,3,2008.5,2008-Q3,85282.7132101965,11.353727054210138
ITA,Italy,2008,4,2008.75,2008-Q4,83913.86226190951,11.33754610242966
ITA,Italy,2009,1,2009.0,2009-Q1,83180.92046029179,11.328773279120405
ITA,Italy,2009,2,2009.25,2009-Q2,81886.66415539909,11.313091425757374
ITA,Italy,2009,3,2009.5,2009-Q3,82919.09258074539,11.325620623179965
ITA,Italy,2009,4,2009.75,2009-Q4,83519.57823596179,11.332836353246936
ITA,Italy,2010,1,2010.0,2010-Q1,84421.36816626624,11.343575825865507
ITA,Italy,2010,2,2010.25,2010-Q2,84103.2477595858,11.339800463046375
ITA,Italy,2010,3,2010.5,2010-Q3,85103.15261412936,11.35161935986975
ITA,Italy,2010,4,2010.75,2010-Q4,85345.68151794159,11.354465129613168
ITA,Italy,2011,1,2011.0,2011-Q1,85990.86884644566,11.361996393394433
ITA,Italy,2011,2,2011.25,2011-Q2,85118.03010685835,11.35179416176607
ITA,Italy,2011,3,2011.5,2011-Q3,85256.24008398618,11.353416589933072
ITA,Italy,2011,4,2011.75,2011-Q4,84431.22132096534,11.343692533044713
ITA,Italy,2012,1,2012.0,2012-Q1,84100.8579293035,11.339772047208692
ITA,Italy,2012,2,2012.25,2012-Q2,82372.1058351719,11.319002137168436
ITA,Italy,2012,3,2012.5,2012-Q3,82132.60986126022,11.316090413427213
ITA,Italy,2012,4,2012.75,2012-Q4,81851.8817782624,11.31266657310632
ITA,Italy,2013,1,2013.0,2013-Q1,82625.50254490084,11.322073659373322
ITA,Italy,2013,2,2013.25,2013-Q2,82257.30197680983,11.317607442520654
ITA,Italy,2013,3,2013.5,2013-Q3,82598.52517037887,11.321747104269507
ITA,Italy,2013,4,2013.75,2013-Q4,82411.0243720521,11.319474497871319
ITA,Italy,2014,1,2014.0,2014-Q1,83167.67228289254,11.328613997010365
ITA,Italy,2014,2,2014.25,2014-Q2,82104.6326045738,11.3157497202137
ITA,Italy,2014,3,2014.5,2014-Q3,81810.44240225604,11.312160172172575
ITA,Italy,2014,4,2014.75,2014-Q4,81768.00192491105,11.311641271550041
ITA,Italy,2015,1,2015.0,2015-Q1,82897.28743175938,11.325357619620123
ITA,Italy,2015,2,2015.25,2015-Q2,81998.40048344084,11.314455019756638
ITA,Italy,2015,3,2015.5,2015-Q3,81489.79781705514,11.308233111234431
ITA,Italy,2015,4,2015.75,2015-Q4,82178.04421536734,11.316643443363347
ITA,Italy,2016,1,2016.0,2016-Q1,82926.65893620273,11.325711868875358
ITA,Italy,2016,2,2016.25,2016-Q2,81252.9845364705,11.305322832273912
ITA,Italy,2016,3,2016.5,2016-Q3,81996.74949907385,11.314434885205497
ITA,Italy,2016,4,2016.75,2016-Q4,82550.53310778977,11.321165907326087
ITA,Italy,2017,1,2017.0,2017-Q1,83264.44647705299,11.329776924043776
ITA,Italy,2017,2,2017.25,2017-Q2,82303.08366015053,11.31816385449483
ITA,Italy,2017,3,2017.5,2017-Q3,82020.97027640587,11.31473022862987
ITA,Italy,2017,4,2017.75,2017-Q4,82852.75510689423,11.324820276458642
ITA,Italy,2018,1,2018.0,2018-Q1,84350.43989090207,11.342735303027522
ITA,Italy,2018,2,2018.25,2018-Q2,82455.09783822218,11.320009155527229
ITA,Italy,2018,3,2018.5,2018-Q3,82851.2366909612,11.32480194961067
ITA,Italy,2018,4,2018.75,2018-Q4,83592.31636936917,11.333706885391553
ITA,Italy,2019,1,2019.0,2019-Q1,84345.9454817659,11.342682019027071
ITA,Italy,2019,2,2019.25,2019-Q2,82766.3008135632,11.323776262523129
ITA,Italy,2019,3,2019.5,2019-Q3,82601.05760743022,11.321777763391145
ITA,Italy,2019,4,2019.75,2019-Q4,82731.66558391588,11.3233577047498
ITA,Italy,2020,1,2020.0,2020-Q1,79045.43414706369,11.277778081919072
ITA,Italy,2020,2,2020.25,2020-Q2,70349.23752245201,11.161227224139123
ITA,Italy,2020,3,2020.5,2020-Q3,79994.92605132017,11.28971848728611
ITA,Italy,2020,4,2020.75,2020-Q4,80162.14458998345,11.291806669827873
ITA,Italy,2021,1,2021.0,2021-Q1,84272.27043393404,11.341808150778375
ITA,Italy,2021,2,2021.25,2021-Q2,83557.13646049492,11.333285945821629
ITA,Italy,2021,3,2021.5,2021-Q3,84370.27266115084,11.342970398885527
ITA,Italy,2021,4,2021.75,2021-Q4,85587.14038477337,11.35729032169446
ITA,Italy,2022,1,2022.0,2022-Q1,86904.75298957953,11.37256800468964
ITA,Italy,2022,2,2022.25,2022-Q2,86307.07166326609,11.365666816510059
ITA,Italy,2022,3,2022.5,2022-Q3,86893.01697603439,11.372432951017027
ITA,Italy,2022,4,2022.75,2022-Q4,86144.73125829303,11.363784082317936
ITA,Italy,2023,1,2023.0,2023-Q1,86739.7068866916,11.37066703816635
ITA,Italy,2023,2,2023.25,2023-Q2,85305.04308344766,11.353988853460727
ITA,Italy,2023,3,2023.5,2023-Q3,85514.37199066594,11.35643973425681
ITA,Italy,2023,4,2023.75,2023-Q4,85103.80083240669,11.351626976694611
ITA,Italy,2024,1,2024.0,2024-Q1,85771.08856269844,11.359437265552506
ITA,Italy,2024,2,2024.25,2024-Q2,84746.90734540099,11.347424533077172
ITA,Italy,2024,3,2024.5,2024-Q3,84215.42014445832,11.341133320570446
ITA,Italy,2024,4,2024.75,2024-Q4,84859.57205141235,11.348753075748224
ITA,Italy,2025,1,2025.0,2025-Q1,84805.52356985358,11.348115956095661
ITA,Italy,2025,2,2025.25,2025-Q2,84352.43172217073,11.342758916511393
ITA,Italy,2025,3,2025.5,2025-Q3,84786.63468938154,11.347893199563236
ITA,Italy,2025,4,2025.75,2025-Q4,85266.0958290561,11.35353218470285
ITA,Italy,2026,1,2026.0,2026-Q1,85331.38412858626,11.354297592289573
JAM,Jamaica,2000,1,2000.0,2000-Q1,12146.81071534654,9.404821921747422
JAM,Jamaica,2000,2,2000.25,2000-Q2,12173.899063253912,9.407049517846007
JAM,Jamaica,2000,3,2000.5,2000-Q3,11949.945609701625,9.388482005859895
JAM,Jamaica,2000,4,2000.75,2000-Q4,12091.778083748768,9.400281003411125
JAM,Jamaica,2001,1,2001.0,2001-Q1,12215.30838860081,9.410445230086271
JAM,Jamaica,2001,2,2001.25,2001-Q2,12227.17856871601,9.411416504496204
JAM,Jamaica,2002,2,2002.25,2002-Q2,10918.647637035929,9.29822739886747
JAM,Jamaica,2002,4,2002.75,2002-Q4,11329.323312565766,9.335149626957381
JAM,Jamaica,2003,2,2003.25,2003-Q2,11426.346855251188,9.343677095488383
JAM,Jamaica,2003,4,2003.75,2003-Q4,11485.914171396264,9.348876708942576
JAM,Jamaica,2004,2,2004.25,2004-Q2,11734.957204749837,9.370327461474028
JAM,Jamaica,2004,4,2004.75,2004-Q4,11293.78448711501,9.33200780798192
JAM,Jamaica,2005,1,2005.0,2005-Q1,11529.688316277394,9.35268058048466
JAM,Jamaica,2005,2,2005.25,2005-Q2,11600.340870251668,9.358789762029238
JAM,Jamaica,2005,3,2005.5,2005-Q3,11523.441404760211,9.35213862269015
JAM,Jamaica,2005,4,2005.75,2005-Q4,11504.653386101558,9.350506874775437
JAM,Jamaica,2006,1,2006.0,2006-Q1,11144.377662906534,9.318690404234525
JAM,Jamaica,2006,2,2006.25,2006-Q2,11145.771263426344,9.318815446065894
JAM,Jamaica,2006,3,2006.5,2006-Q3,11101.233848447822,9.314811538640708
JAM,Jamaica,2006,4,2006.75,2006-Q4,11281.591429135478,9.330927599243834
JAM,Jamaica,2007,1,2007.0,2007-Q1,11146.09294631586,9.31884430707873
JAM,Jamaica,2007,2,2007.25,2007-Q2,11133.262448185707,9.317692523346986
JAM,Jamaica,2007,3,2007.5,2007-Q3,11104.803551604584,9.315133046086922
JAM,Jamaica,2007,4,2007.75,2007-Q4,10802.946367582294,9.28757418771911
JAM,Jamaica,2008,1,2008.0,2008-Q1,10911.9820261671,9.297616732919781
JAM,Jamaica,2008,2,2008.25,2008-Q2,11212.251783783871,9.32476236866684
JAM,Jamaica,2008,3,2008.5,2008-Q3,10728.87635624631,9.280694110313311
JAM,Jamaica,2008,4,2008.75,2008-Q4,10620.186464460305,9.270511852500578
JAM,Jamaica,2009,1,2009.0,2009-Q1,10767.22045107376,9.28426165430415
JAM,Jamaica,2009,2,2009.25,2009-Q2,10847.632832923751,9.291702163084855
JAM,Jamaica,2009,3,2009.5,2009-Q3,10817.185306986332,9.288891380572242
JAM,Jamaica,2009,4,2009.75,2009-Q4,10917.89494975807,9.298158460547665
JAM,Jamaica,2010,1,2010.0,2010-Q1,11032.329554460644,9.30858529162129
JAM,Jamaica,2010,2,2010.25,2010-Q2,10938.274347362174,9.30002332563296
JAM,Jamaica,2010,3,2010.5,2010-Q3,10891.10361601372,9.295701552942257
JAM,Jamaica,2010,4,2010.75,2010-Q4,11055.977599647951,9.310726519924351
JAM,Jamaica,2011,1,2011.0,2011-Q1,11070.42505678329,9.312032422145592
JAM,Jamaica,2011,3,2011.5,2011-Q3,11207.033310051724,9.324296834301713
JAM,Jamaica,2011,4,2011.75,2011-Q4,11231.03298237571,9.326436027685258
JAM,Jamaica,2012,1,2012.0,2012-Q1,11252.056715459168,9.328306210075107
JAM,Jamaica,2012,2,2012.25,2012-Q2,11225.43441922232,9.325937412905894
JAM,Jamaica,2012,3,2012.5,2012-Q3,11083.130141488502,9.313179424149055
JAM,Jamaica,2012,4,2012.75,2012-Q4,11091.998882369044,9.31397930597557
JAM,Jamaica,2013,1,2013.0,2013-Q1,11021.888958673904,9.307638479875457
JAM,Jamaica,2013,2,2013.25,2013-Q2,10909.769793850755,9.297413978132523
JAM,Jamaica,2013,3,2013.5,2013-Q3,11019.7975947285,9.3074487154537
JAM,Jamaica,2013,4,2013.75,2013-Q4,11067.991244160565,9.311812549811506
JAM,Jamaica,2014,1,2014.0,2014-Q1,10878.831123409263,9.294574081128363
JAM,Jamaica,2014,2,2014.25,2014-Q2,10837.796142405989,9.290794946427658
JAM,Jamaica,2014,3,2014.5,2014-Q3,10740.683549185018,9.281794011213101
JAM,Jamaica,2014,4,2014.75,2014-Q4,10907.352719156492,9.297192402193469
JAM,Jamaica,2016,1,2016.0,2016-Q1,10726.7602765845,9.2804968586815
JAM,Jamaica,2016,2,2016.25,2016-Q2,10748.519246502628,9.282523279556779
JAM,Jamaica,2016,3,2016.5,2016-Q3,10573.552743947395,9.26611113818448
JAM,Jamaica,2016,4,2016.75,2016-Q4,10633.46006606175,9.27176091847221
JAM,Jamaica,2017,1,2017.0,2017-Q1,10562.053940605165,9.265023040298447
JAM,Jamaica,2017,2,2017.25,2017-Q2,10433.464255172395,9.252773636200484
JAM,Jamaica,2017,3,2017.5,2017-Q3,10418.074445432942,9.2512975041265
JAM,Jamaica,2017,4,2017.75,2017-Q4,10499.874650368936,9.259118598014254
JAM,Jamaica,2018,1,2018.0,2018-Q1,10561.041129687896,9.264927144226903
JAM,Jamaica,2018,2,2018.25,2018-Q2,10562.710892944242,9.265085237662012
JAM,Jamaica,2018,3,2018.5,2018-Q3,10547.413312052771,9.263635925150096
JAM,Jamaica,2018,4,2018.75,2018-Q4,10581.174261132732,9.266831688018401
JAM,Jamaica,2019,1,2019.0,2019-Q1,10507.13998783322,9.259810303892419
JAM,Jamaica,2019,2,2019.25,2019-Q2,10466.367697820784,9.255922318917806
JAM,Jamaica,2019,3,2019.5,2019-Q3,10351.269906805695,9.244864487476667
JAM,Jamaica,2019,4,2019.75,2019-Q4,10321.068653520766,9.241942585372195
JAM,Jamaica,2020,1,2020.0,2020-Q1,9975.35152332015,9.207872481570233
JAM,Jamaica,2020,3,2020.5,2020-Q3,10361.599739529567,9.24586191890521
JAM,Jamaica,2020,4,2020.75,2020-Q4,10133.854800175654,9.223637057945805
JAM,Jamaica,2021,1,2021.0,2021-Q1,9869.126064443337,9.197166583871287
JAM,Jamaica,2021,2,2021.25,2021-Q2,10014.113699914104,9.211750746921108
JAM,Jamaica,2021,3,2021.5,2021-Q3,10029.814734994414,9.213317409698092
JAM,Jamaica,2021,4,2021.75,2021-Q4,10002.459566636742,9.210586298397475
JAM,Jamaica,2022,1,2022.0,2022-Q1,9899.644851257071,9.200254161868811
JAM,Jamaica,2022,2,2022.25,2022-Q2,9938.61852740561,9.20418330884553
JAM,Jamaica,2022,3,2022.5,2022-Q3,10145.061393229056,9.224742303816672
JAM,Jamaica,2023,2,2023.25,2023-Q2,9939.092440146169,9.20423099167394
JAM,Jamaica,2023,3,2023.5,2023-Q3,10054.201104420225,9.215745846481381
JAM,Jamaica,2023,4,2023.75,2023-Q4,10029.222839542388,9.213258394358997
JPN,Japan,1994,1,1994.0,1994-Q1,59174.90067317413,10.988252755853933
JPN,Japan,1994,2,1994.25,1994-Q2,56887.26123307997,10.948826715138853
JPN,Japan,1994,3,1994.5,1994-Q3,57795.074991596,10.964658843272227
JPN,Japan,1994,4,1994.75,1994-Q4,58007.889108250754,10.968334299386568
JPN,Japan,1995,1,1995.0,1995-Q1,59577.62937817418,10.99503543658971
JPN,Japan,1995,2,1995.25,1995-Q2,58458.51442145919,10.976072626461734
JPN,Japan,1995,3,1995.5,1995-Q3,59112.05895534617,10.987190225817868
JPN,Japan,1995,4,1995.75,1995-Q4,59967.92002752782,11.001565032011422
JPN,Japan,1996,1,1996.0,1996-Q1,61540.20603450229,11.02744599684739
JPN,Japan,1996,2,1996.25,1996-Q2,60311.40304865577,11.007276470121633
JPN,Japan,1996,3,1996.5,1996-Q3,60153.58870376077,11.004656382195998
JPN,Japan,1996,4,1996.75,1996-Q4,61434.53366857913,11.025727393625498
JPN,Japan,1997,1,1997.0,1997-Q1,62387.16649320686,11.04111486803257
JPN,Japan,1997,2,1997.25,1997-Q2,60209.82969218172,11.005590901890828
JPN,Japan,1997,3,1997.5,1997-Q3,60449.31309670675,11.00956049281389
JPN,Japan,1997,4,1997.75,1997-Q4,61060.65114374008,11.019622930230373
JPN,Japan,1998,1,1998.0,1998-Q1,61027.71213648128,11.01908333731303
JPN,Japan,1998,2,1998.25,1998-Q2,59453.946022133896,10.992957275393614
JPN,Japan,1998,3,1998.5,1998-Q3,59795.210367690845,10.998680842545241
JPN,Japan,1998,4,1998.75,1998-Q4,60925.052725263646,11.01739974390565
JPN,Japan,1999,1,1999.0,1999-Q1,61148.69770099285,11.021063844093655
JPN,Japan,1999,2,1999.25,1999-Q2,60135.01016433685,11.00434748277001
JPN,Japan,1999,3,1999.5,1999-Q3,60459.5235956691,11.009729388640961
JPN,Japan,1999,4,1999.75,1999-Q4,60778.32463093233,11.014988501611317
JPN,Japan,2000,1,2000.0,2000-Q1,63964.35036351041,11.066081181575282
JPN,Japan,2000,2,2000.25,2000-Q2,62953.276943065386,11.050148094401415
JPN,Japan,2000,3,2000.5,2000-Q3,63006.00192753648,11.05098526952695
JPN,Japan,2000,4,2000.75,2000-Q4,63430.44444399171,11.057699221445453
JPN,Japan,2001,1,2001.0,2001-Q1,65075.585424522906,11.083304725973248
JPN,Japan,2001,2,2001.25,2001-Q2,63656.02087836275,11.061249193044667
JPN,Japan,2001,3,2001.5,2001-Q3,63050.61205028267,11.051693048725532
JPN,Japan,2001,4,2001.75,2001-Q4,63249.8484425239,11.054848010421265
JPN,Japan,2002,1,2002.0,2002-Q1,64747.81422588726,11.078255221862845
JPN,Japan,2002,2,2002.25,2002-Q2,64455.76039852769,11.07373438216279
JPN,Japan,2002,3,2002.5,2002-Q3,64403.745286736856,11.072927067027763
JPN,Japan,2002,4,2002.75,2002-Q4,64865.89569319636,11.080077274484452
JPN,Japan,2003,1,2003.0,2003-Q1,66054.14583683242,11.09823007613858
JPN,Japan,2003,2,2003.25,2003-Q2,65264.00693692107,11.086195967847495
JPN,Japan,2003,3,2003.5,2003-Q3,65221.78805393308,11.08554886469785
JPN,Japan,2003,4,2003.75,2003-Q4,66330.31794541019,11.102402355895874
JPN,Japan,2004,1,2004.0,2004-Q1,68031.01160529943,11.127718933216782
JPN,Japan,2004,2,2004.25,2004-Q2,66419.688882238,11.103748810822177
JPN,Japan,2004,3,2004.5,2004-Q3,66744.80544700423,11.10863175221562
JPN,Japan,2004,4,2004.75,2004-Q4,66804.45841037334,11.109525099967804
JPN,Japan,2005,1,2005.0,2005-Q1,68354.44806373514,11.132461917777647
JPN,Japan,2005,2,2005.25,2005-Q2,67213.04493984129,11.115622628800763
JPN,Japan,2005,3,2005.5,2005-Q3,67708.39904583833,11.12296551392071
JPN,Japan,2005,4,2005.75,2005-Q4,68453.44661114036,11.133909181693527
JPN,Japan,2006,1,2006.0,2006-Q1,69278.07260231722,11.14588372244397
JPN,Japan,2006,2,2006.25,2006-Q2,68311.64803891855,11.131835573315687
JPN,Japan,2006,3,2006.5,2006-Q3,68007.66898387659,11.127375756973807
JPN,Japan,2006,4,2006.75,2006-Q4,69213.41275776633,11.144949948803214
JPN,Japan,2007,1,2007.0,2007-Q1,70406.14627006097,11.162035843307734
JPN,Japan,2007,2,2007.25,2007-Q2,68816.33368981439,11.139196404026734
JPN,Japan,2007,3,2007.5,2007-Q3,68798.85357844041,11.13894236067854
JPN,Japan,2007,4,2007.75,2007-Q4,69549.09505288578,11.149788185805916
JPN,Japan,2008,1,2008.0,2008-Q1,70907.61888689281,11.169133166364517
JPN,Japan,2008,2,2008.25,2008-Q2,68714.20869266316,11.137711279135162
JPN,Japan,2008,3,2008.5,2008-Q3,68713.75900581767,11.137704734807206
JPN,Japan,2008,4,2008.75,2008-Q4,67238.33096485243,11.115998765156961
JPN,Japan,2009,1,2009.0,2009-Q1,65188.29154232544,11.085035154217065
JPN,Japan,2009,2,2009.25,2009-Q2,65595.9066061441,11.09126857368868
JPN,Japan,2009,3,2009.5,2009-Q3,65532.49826747817,11.09030145533367
JPN,Japan,2009,4,2009.75,2009-Q4,66900.69713501423,11.110964666615303
JPN,Japan,2010,1,2010.0,2010-Q1,68252.18222282783,11.130964686496897
JPN,Japan,2010,2,2010.25,2010-Q2,68419.54444360158,11.133413800275019
JPN,Japan,2010,3,2010.5,2010-Q3,69624.79457858102,11.150876026827833
JPN,Japan,2010,4,2010.75,2010-Q4,69252.28990813976,11.145511490768431
JPN,Japan,2011,1,2011.0,2011-Q1,69868.50862968525,11.154370306387893
JPN,Japan,2011,2,2011.25,2011-Q2,70497.28817760137,11.163329522494603
JPN,Japan,2011,3,2011.5,2011-Q3,71236.22827355152,11.17375679205973
JPN,Japan,2011,4,2011.75,2011-Q4,69583.84121452335,11.150287652909709
JPN,Japan,2012,1,2012.0,2012-Q1,70744.14429982458,11.166825045999966
JPN,Japan,2012,2,2012.25,2012-Q2,69390.63417453933,11.147507183130392
JPN,Japan,2012,3,2012.5,2012-Q3,69275.11030746544,11.145840962042657
JPN,Japan,2012,4,2012.75,2012-Q4,69115.85685169071,11.143539460299591
JPN,Japan,2013,1,2013.0,2013-Q1,70582.49795936579,11.164537488489719
JPN,Japan,2013,2,2013.25,2013-Q2,70390.67927069176,11.161816136657785
JPN,Japan,2013,3,2013.5,2013-Q3,70925.26802015981,11.169382038593561
JPN,Japan,2013,4,2013.75,2013-Q4,70506.051028751,11.16345381531221
JPN,Japan,2014,1,2014.0,2014-Q1,72090.75101312094,11.185681035060007
JPN,Japan,2014,2,2014.25,2014-Q2,70166.21933465326,11.158622268138041
JPN,Japan,2014,3,2014.5,2014-Q3,70059.5377339477,11.157100698584516
JPN,Japan,2014,4,2014.75,2014-Q4,70439.2877649836,11.162506451329376
JPN,Japan,2015,1,2015.0,2015-Q1,72380.50521897447,11.189692277184205
JPN,Japan,2015,2,2015.25,2015-Q2,71587.32919043969,11.178673370674327
JPN,Japan,2015,3,2015.5,2015-Q3,71492.778848321,11.17735172845337
JPN,Japan,2015,4,2015.75,2015-Q4,71589.79943513792,11.1787078768098
JPN,Japan,2016,1,2016.0,2016-Q1,72455.99709989439,11.190734720029035
JPN,Japan,2016,2,2016.25,2016-Q2,71151.97271220111,11.172573329236252
JPN,Japan,2016,3,2016.5,2016-Q3,70884.56534458073,11.168807992693766
JPN,Japan,2016,4,2016.75,2016-Q4,71072.52863091433,11.171456164629605
JPN,Japan,2017,1,2017.0,2017-Q1,71857.45519251355,11.182439646632613
JPN,Japan,2017,2,2017.25,2017-Q2,71010.67076152696,11.170585437146551
JPN,Japan,2017,3,2017.5,2017-Q3,71618.19830229472,11.17910448688714
JPN,Japan,2017,4,2017.75,2017-Q4,71865.90050856127,11.182557168464973
JPN,Japan,2018,1,2018.0,2018-Q1,71483.89568589877,11.177227468150596
JPN,Japan,2018,2,2018.25,2018-Q2,70773.21927515081,11.167235949298343
JPN,Japan,2018,3,2018.5,2018-Q3,70660.36760674439,11.165640123372635
JPN,Japan,2018,4,2018.75,2018-Q4,70150.48148451981,11.15839794914953
JPN,Japan,2019,1,2019.0,2019-Q1,70856.87470790133,11.168417272280294
JPN,Japan,2019,2,2019.25,2019-Q2,70331.74043551099,11.160978475697291
JPN,Japan,2019,3,2019.5,2019-Q3,70202.24904185292,11.15913562713394
JPN,Japan,2019,4,2019.75,2019-Q4,68095.58146311893,11.128667606965337
JPN,Japan,2020,1,2020.0,2020-Q1,68808.2562446661,11.139079020277778
JPN,Japan,2020,2,2020.25,2020-Q2,64541.30891975314,11.075060746152596
JPN,Japan,2020,3,2020.5,2020-Q3,67413.40702292905,11.118599194373125
JPN,Japan,2020,4,2020.75,2020-Q4,68344.43060444445,11.132315355356562
JPN,Japan,2021,1,2021.0,2021-Q1,69657.73559115083,11.15134903680466
JPN,Japan,2021,2,2021.25,2021-Q2,69724.37285934018,11.152305217967468
JPN,Japan,2021,3,2021.5,2021-Q3,69506.19253086466,11.149171128747131
JPN,Japan,2021,4,2021.75,2021-Q4,70394.49951525326,11.161870407208072
JPN,Japan,2022,1,2022.0,2022-Q1,70118.546672661,11.15794261253203
JPN,Japan,2022,2,2022.25,2022-Q2,69977.79172379426,11.155933209604896
JPN,Japan,2022,3,2022.5,2022-Q3,69784.30305654525,11.153164378883421
JPN,Japan,2022,4,2022.75,2022-Q4,70279.80747734055,11.16023980293104
JPN,Japan,2023,1,2023.0,2023-Q1,71463.90868682908,11.17694782763023
JPN,Japan,2023,2,2023.25,2023-Q2,70729.19632592583,11.166613727402577
JPN,Japan,2023,3,2023.5,2023-Q3,69440.16550270598,11.148220732722894
JPN,Japan,2023,4,2023.75,2023-Q4,69828.1777946169,11.153792900620854
JPN,Japan,2024,1,2024.0,2024-Q1,70037.8593999013,11.156791223395642
JPN,Japan,2024,2,2024.25,2024-Q2,69365.1419136392,11.147139742409644
JPN,Japan,2024,3,2024.5,2024-Q3,69631.28772716993,11.150969281621247
JPN,Japan,2024,4,2024.75,2024-Q4,69860.03912455257,11.15424907840293
JPN,Japan,2025,1,2025.0,2025-Q1,70654.81583603166,11.165561550489235
JPN,Japan,2025,2,2025.25,2025-Q2,70115.80071295146,11.157903450090572
JPN,Japan,2025,3,2025.5,2025-Q3,69668.765916746,11.151507374601113
JPN,Japan,2025,4,2025.75,2025-Q4,69766.03887616351,11.152902621294967
JPN,Japan,2026,1,2026.0,2026-Q1,70927.77517540094,11.16941738722176
JPN,Japan,2026,2,2026.25,2026-Q2,70050.39330099983,11.156970166324692
KAZ,"Kazakhstan, Republic of",2003,1,2003.0,2003-Q1,13397.4604186851,9.50282044698398
KAZ,"Kazakhstan, Republic of",2003,2,2003.25,2003-Q2,12629.424331943012,9.443784634887159
KAZ,"Kazakhstan, Republic of",2003,3,2003.5,2003-Q3,12642.211589294782,9.444796619903318
KAZ,"Kazakhstan, Republic of",2003,4,2003.75,2003-Q4,13075.832835197154,9.478520983669172
KAZ,"Kazakhstan, Republic of",2004,1,2004.0,2004-Q1,13698.008925227456,9.525005767329215
KAZ,"Kazakhstan, Republic of",2004,2,2004.25,2004-Q2,13506.718438638596,9.510942502755174
KAZ,"Kazakhstan, Republic of",2004,3,2004.5,2004-Q3,13568.627229245392,9.51551558553374
KAZ,"Kazakhstan, Republic of",2004,4,2004.75,2004-Q4,14336.18784905382,9.57054223843898
KAZ,"Kazakhstan, Republic of",2005,1,2005.0,2005-Q1,14787.057261890974,9.601507567814151
KAZ,"Kazakhstan, Republic of",2005,2,2005.25,2005-Q2,14576.766844517606,9.587184228195296
KAZ,"Kazakhstan, Republic of",2005,3,2005.5,2005-Q3,14796.26856118622,9.602130303719372
KAZ,"Kazakhstan, Republic of",2005,4,2005.75,2005-Q4,15634.570114118384,9.657239774414384
KAZ,"Kazakhstan, Republic of",2006,1,2006.0,2006-Q1,15563.409438450804,9.652677889311741
KAZ,"Kazakhstan, Republic of",2006,2,2006.25,2006-Q2,15905.78813731967,9.674438355757788
KAZ,"Kazakhstan, Republic of",2006,3,2006.5,2006-Q3,16463.141120395652,9.708879289584535
KAZ,"Kazakhstan, Republic of",2006,4,2006.75,2006-Q4,16819.83366822158,9.73031404454948
KAZ,"Kazakhstan, Republic of",2007,1,2007.0,2007-Q1,16859.970097496454,9.732697457977551
KAZ,"Kazakhstan, Republic of",2007,2,2007.25,2007-Q2,17007.4858603635,9.74140887084233
KAZ,"Kazakhstan, Republic of",2007,3,2007.5,2007-Q3,17397.496123301957,9.764081573888227
KAZ,"Kazakhstan, Republic of",2007,4,2007.75,2007-Q4,17148.537802063067,9.749668189604378
KAZ,"Kazakhstan, Republic of",2008,1,2008.0,2008-Q1,17358.82285647982,9.761856178108825
KAZ,"Kazakhstan, Republic of",2008,2,2008.25,2008-Q2,17379.901737236614,9.763069745019546
KAZ,"Kazakhstan, Republic of",2008,3,2008.5,2008-Q3,17214.584092790235,9.75351221589845
KAZ,"Kazakhstan, Republic of",2008,4,2008.75,2008-Q4,16721.73645587827,9.724464736262776
KAZ,"Kazakhstan, Republic of",2009,1,2009.0,2009-Q1,16899.471149366098,9.735037607484614
KAZ,"Kazakhstan, Republic of",2009,2,2009.25,2009-Q2,16892.92875369241,9.734650396409094
KAZ,"Kazakhstan, Republic of",2009,3,2009.5,2009-Q3,17305.754318251842,9.75879434473238
KAZ,"Kazakhstan, Republic of",2009,4,2009.75,2009-Q4,17950.609346154244,9.795379340201205
KAZ,"Kazakhstan, Republic of",2010,1,2010.0,2010-Q1,17748.707637862466,9.784067983118339
KAZ,"Kazakhstan, Republic of",2010,2,2010.25,2010-Q2,17908.143515568983,9.793010833376599
KAZ,"Kazakhstan, Republic of",2010,3,2010.5,2010-Q3,18016.841588428608,9.799062243238067
KAZ,"Kazakhstan, Republic of",2010,4,2010.75,2010-Q4,18503.05853278857,9.825691323498242
KAZ,"Kazakhstan, Republic of",2011,1,2011.0,2011-Q1,18803.611130753077,9.841804211795802
KAZ,"Kazakhstan, Republic of",2011,2,2011.25,2011-Q2,19018.98845689412,9.853193151556514
KAZ,"Kazakhstan, Republic of",2011,3,2011.5,2011-Q3,18775.61087583201,9.840314012765187
KAZ,"Kazakhstan, Republic of",2011,4,2011.75,2011-Q4,19234.32335699436,9.864451636870445
KAZ,"Kazakhstan, Republic of",2012,1,2012.0,2012-Q1,19187.38592343437,9.86200835895341
KAZ,"Kazakhstan, Republic of",2012,2,2012.25,2012-Q2,19358.731300986758,9.87089882670943
KAZ,"Kazakhstan, Republic of",2012,3,2012.5,2012-Q3,19386.78354143056,9.872346852136863
KAZ,"Kazakhstan, Republic of",2012,4,2012.75,2012-Q4,19780.29302169079,9.892441419105944
KAZ,"Kazakhstan, Republic of",2013,1,2013.0,2013-Q1,19991.926389627017,9.903083790516565
KAZ,"Kazakhstan, Republic of",2013,2,2013.25,2013-Q2,20341.908583184464,9.920438499181955
KAZ,"Kazakhstan, Republic of",2013,3,2013.5,2013-Q3,20541.685207602957,9.930211525277835
KAZ,"Kazakhstan, Republic of",2013,4,2013.75,2013-Q4,20723.403891785387,9.93901896337243
KAZ,"Kazakhstan, Republic of",2014,1,2014.0,2014-Q1,20809.59727013861,9.943169566492035
KAZ,"Kazakhstan, Republic of",2014,2,2014.25,2014-Q2,20942.57562389619,9.94953947704669
KAZ,"Kazakhstan, Republic of",2014,3,2014.5,2014-Q3,21159.951473355573,9.959865592649926
KAZ,"Kazakhstan, Republic of",2014,4,2014.75,2014-Q4,21586.28501513816,9.979813439001365
KAZ,"Kazakhstan, Republic of",2015,1,2015.0,2015-Q1,21702.962847853283,9.985204066975687
KAZ,"Kazakhstan, Republic of",2015,2,2015.25,2015-Q2,21378.49674227642,9.970140870707468
KAZ,"Kazakhstan, Republic of",2015,3,2015.5,2015-Q3,21305.179536151765,9.966705492847662
KAZ,"Kazakhstan, Republic of",2015,4,2015.75,2015-Q4,21959.74665858139,9.99696635906245
KAZ,"Kazakhstan, Republic of",2016,1,2016.0,2016-Q1,21708.39040045846,9.985454119196008
KAZ,"Kazakhstan, Republic of",2016,2,2016.25,2016-Q2,21581.27256719228,9.979581206822889
KAZ,"Kazakhstan, Republic of",2016,3,2016.5,2016-Q3,21727.12329514435,9.986316680462286
KAZ,"Kazakhstan, Republic of",2016,4,2016.75,2016-Q4,22386.536929027,10.016215027198072
KAZ,"Kazakhstan, Republic of",2017,1,2017.0,2017-Q1,22494.80730186315,10.02103977497333
KAZ,"Kazakhstan, Republic of",2017,2,2017.25,2017-Q2,22564.727348035158,10.024143229229324
KAZ,"Kazakhstan, Republic of",2017,3,2017.5,2017-Q3,22670.58471389068,10.028823535577015
KAZ,"Kazakhstan, Republic of",2017,4,2017.75,2017-Q4,22945.411872882407,10.040873277109423
KAZ,"Kazakhstan, Republic of",2018,1,2018.0,2018-Q1,23153.919419764137,10.04991935057322
KAZ,"Kazakhstan, Republic of",2018,2,2018.25,2018-Q2,23275.18936835516,10.055143238239136
KAZ,"Kazakhstan, Republic of",2018,3,2018.5,2018-Q3,23155.721783599027,10.04999719025364
KAZ,"Kazakhstan, Republic of",2018,4,2018.75,2018-Q4,23354.02954630456,10.058524819784495
KAZ,"Kazakhstan, Republic of",2019,1,2019.0,2019-Q1,23615.0503863216,10.06963951598543
KAZ,"Kazakhstan, Republic of",2019,2,2019.25,2019-Q2,23986.62423021869,10.08525163022659
KAZ,"Kazakhstan, Republic of",2019,3,2019.5,2019-Q3,24150.98948256345,10.09208063060425
KAZ,"Kazakhstan, Republic of",2019,4,2019.75,2019-Q4,24260.3585191316,10.096598960588828
KEN,Kenya,2019,1,2019.0,2019-Q1,4634.72928903574,8.441333070476738
KEN,Kenya,2019,4,2019.75,2019-Q4,4730.676228091391,8.461823437037197
KEN,Kenya,2020,1,2020.0,2020-Q1,4621.803193070614,8.438540209458392
KEN,Kenya,2020,2,2020.25,2020-Q2,4771.307070043987,8.470375565223218
KEN,Kenya,2021,1,2021.0,2021-Q1,4395.936380682032,8.388435843326441
KEN,Kenya,2021,2,2021.25,2021-Q2,4597.870710399143,8.433348586267316
KEN,Kenya,2021,3,2021.5,2021-Q3,4657.976090779594,8.446336317494143
KEN,Kenya,2021,4,2021.75,2021-Q4,4826.917362800892,8.481963315729587
KOR,"Korea, Republic of",1970,1,1970.0,1970-Q1,6860.087498685361,8.83347547554899
KOR,"Korea, Republic of",1970,2,1970.25,1970-Q2,5909.093580558362,8.684247728173794
KOR,"Korea, Republic of",1970,3,1970.5,1970-Q3,6095.6719315335295,8.715334278912641
KOR,"Korea, Republic of",1970,4,1970.75,1970-Q4,8380.169394893168,9.033623407459554
KOR,"Korea, Republic of",1971,1,1971.0,1971-Q1,7519.607263951651,8.92526919004174
KOR,"Korea, Republic of",1971,2,1971.25,1971-Q2,6385.85253314651,8.761840280798031
KOR,"Korea, Republic of",1971,3,1971.5,1971-Q3,6664.726835998647,8.804584246926494
KOR,"Korea, Republic of",1971,4,1971.75,1971-Q4,8505.384589977162,9.04845472308769
KOR,"Korea, Republic of",1972,1,1972.0,1972-Q1,7669.547780898641,8.945012933157496
KOR,"Korea, Republic of",1972,2,1972.25,1972-Q2,6435.93912015861,8.769653048800693
KOR,"Korea, Republic of",1972,3,1972.5,1972-Q3,6844.447905808353,8.831193077904016
KOR,"Korea, Republic of",1972,4,1972.75,1972-Q4,9007.66273405417,9.105830908965205
KOR,"Korea, Republic of",1973,1,1973.0,1973-Q1,8133.980132665265,9.003805643959302
KOR,"Korea, Republic of",1973,2,1973.25,1973-Q2,7015.904485319777,8.855934920122374
KOR,"Korea, Republic of",1973,3,1973.5,1973-Q3,7672.613291100536,8.94541255225005
KOR,"Korea, Republic of",1973,4,1973.75,1973-Q4,9807.20574611472,9.190872674688388
KOR,"Korea, Republic of",1974,1,1974.0,1974-Q1,8735.64564741724,9.075167134824243
KOR,"Korea, Republic of",1974,2,1974.25,1974-Q2,7433.044850357459,8.913690858658045
KOR,"Korea, Republic of",1974,3,1974.5,1974-Q3,8091.364101959874,8.99855261165553
KOR,"Korea, Republic of",1974,4,1974.75,1974-Q4,9954.439843342116,9.205773946039415
KOR,"Korea, Republic of",1975,1,1975.0,1975-Q1,8689.028315849871,9.069816395649624
KOR,"Korea, Republic of",1975,2,1975.25,1975-Q2,7860.082544912012,8.96955238726531
KOR,"Korea, Republic of",1975,3,1975.5,1975-Q3,8485.161167436809,9.046074171882374
KOR,"Korea, Republic of",1975,4,1975.75,1975-Q4,11148.552022440874,9.319064904997058
KOR,"Korea, Republic of",1976,1,1976.0,1976-Q1,9333.435827162448,9.141358481910625
KOR,"Korea, Republic of",1976,2,1976.25,1976-Q2,8503.38089800801,9.048219116102594
KOR,"Korea, Republic of",1976,3,1976.5,1976-Q3,9098.636421879071,9.115879837527693
KOR,"Korea, Republic of",1976,4,1976.75,1976-Q4,11575.065220691886,9.35660851355557
KOR,"Korea, Republic of",1977,1,1977.0,1977-Q1,9862.829844784792,9.196528408933009
KOR,"Korea, Republic of",1977,2,1977.25,1977-Q2,9076.71917817826,9.11346808231292
KOR,"Korea, Republic of",1977,3,1977.5,1977-Q3,10107.623864341038,9.221045256135959
KOR,"Korea, Republic of",1977,4,1977.75,1977-Q4,12877.069975476876,9.463203487403375
KOR,"Korea, Republic of",1978,1,1978.0,1978-Q1,10592.818994602672,9.267931597185584
KOR,"Korea, Republic of",1978,2,1978.25,1978-Q2,9863.538064266908,9.19660021327993
KOR,"Korea, Republic of",1978,3,1978.5,1978-Q3,10582.751134550605,9.266980703230969
KOR,"Korea, Republic of",1978,4,1978.75,1978-Q4,13364.9714939598,9.500392495683338
KOR,"Korea, Republic of",1979,1,1979.0,1979-Q1,12143.53911685015,9.404552547404213
KOR,"Korea, Republic of",1979,2,1979.25,1979-Q2,11070.025382063885,9.31199631856942
KOR,"Korea, Republic of",1979,3,1979.5,1979-Q3,11090.339803297806,9.31382972038878
KOR,"Korea, Republic of",1979,4,1979.75,1979-Q4,13090.920198943126,9.479674154289786
KOR,"Korea, Republic of",1980,1,1980.0,1980-Q1,11494.276222928856,9.349604470702438
KOR,"Korea, Republic of",1980,2,1980.25,1980-Q2,10662.757475395132,9.274512339259392
KOR,"Korea, Republic of",1980,3,1980.5,1980-Q3,11142.548791434518,9.318526283669954
KOR,"Korea, Republic of",1980,4,1980.75,1980-Q4,13137.246593693038,9.483206726222242
KOR,"Korea, Republic of",1981,1,1981.0,1981-Q1,11752.90345668826,9.371855591744335
KOR,"Korea, Republic of",1981,2,1981.25,1981-Q2,11001.736376843017,9.305808391763396
KOR,"Korea, Republic of",1981,3,1981.5,1981-Q3,11722.79840988666,9.369290806804095
KOR,"Korea, Republic of",1981,4,1981.75,1981-Q4,14225.046237975232,9.562759509462024
KOR,"Korea, Republic of",1982,1,1982.0,1982-Q1,12607.224588474244,9.442025308657684
KOR,"Korea, Republic of",1982,2,1982.25,1982-Q2,11821.02278066949,9.377634816884083
KOR,"Korea, Republic of",1982,3,1982.5,1982-Q3,12367.473414177948,9.422825193447476
KOR,"Korea, Republic of",1982,4,1982.75,1982-Q4,13549.848207811056,9.514130623869532
KOR,"Korea, Republic of",1983,1,1983.0,1983-Q1,15318.218496394244,9.636798150396679
KOR,"Korea, Republic of",1983,2,1983.25,1983-Q2,13451.966839122992,9.506880607730968
KOR,"Korea, Republic of",1983,3,1983.5,1983-Q3,13891.371417112225,9.539023165007846
KOR,"Korea, Republic of",1983,4,1983.75,1983-Q4,15053.842388773426,9.619388545815571
KOR,"Korea, Republic of",1984,1,1984.0,1984-Q1,17635.685680305287,9.777679723700796
KOR,"Korea, Republic of",1984,2,1984.25,1984-Q2,15123.47968300622,9.624003761020852
KOR,"Korea, Republic of",1984,3,1984.5,1984-Q3,15356.182550625765,9.6392734439522
KOR,"Korea, Republic of",1984,4,1984.75,1984-Q4,16144.95257588957,9.689362745801228
KOR,"Korea, Republic of",1985,1,1985.0,1985-Q1,17955.433204424033,9.79564803359965
KOR,"Korea, Republic of",1985,2,1985.25,1985-Q2,15696.897444403889,9.661218356801859
KOR,"Korea, Republic of",1985,3,1985.5,1985-Q3,16018.366544390165,9.681491251902504
KOR,"Korea, Republic of",1985,4,1985.75,1985-Q4,17108.82658665059,9.747349783976366
KOR,"Korea, Republic of",1986,1,1986.0,1986-Q1,18916.482001060365,9.847788884569407
KOR,"Korea, Republic of",1986,2,1986.25,1986-Q2,16944.603858815524,9.737704705710373
KOR,"Korea, Republic of",1986,3,1986.5,1986-Q3,17603.331511034605,9.775843453512769
KOR,"Korea, Republic of",1986,4,1986.75,1986-Q4,18356.73097538168,9.817751596871641
KOR,"Korea, Republic of",1987,1,1987.0,1987-Q1,19908.258140619677,9.89888990657208
KOR,"Korea, Republic of",1987,2,1987.25,1987-Q2,18518.343609903317,9.826517066290174
KOR,"Korea, Republic of",1987,3,1987.5,1987-Q3,18757.624058391622,9.839355565200044
KOR,"Korea, Republic of",1987,4,1987.75,1987-Q4,19622.897601955985,9.884452408349183
KOR,"Korea, Republic of",1988,1,1988.0,1988-Q1,22210.566936471285,10.008323442743293
KOR,"Korea, Republic of",1988,2,1988.25,1988-Q2,19689.580988953847,9.887844891008257
KOR,"Korea, Republic of",1988,3,1988.5,1988-Q3,20308.554878275798,9.918797498831488
KOR,"Korea, Republic of",1988,4,1988.75,1988-Q4,21322.57198644648,9.96752150826666
KOR,"Korea, Republic of",1989,1,1989.0,1989-Q1,22362.24488253502,10.015129319480687
KOR,"Korea, Republic of",1989,2,1989.25,1989-Q2,20436.065483244955,9.925056534753882
KOR,"Korea, Republic of",1989,3,1989.5,1989-Q3,20987.390140875512,9.95167706686944
KOR,"Korea, Republic of",1989,4,1989.75,1989-Q4,22163.08583840268,10.006183383801972
KOR,"Korea, Republic of",1990,1,1990.0,1990-Q1,23576.618473654955,10.06801075726207
KOR,"Korea, Republic of",1990,2,1990.25,1990-Q2,21982.638222828213,9.99800824909092
KOR,"Korea, Republic of",1990,3,1990.5,1990-Q3,22691.90013181839,10.029763317406383
KOR,"Korea, Republic of",1990,4,1990.75,1990-Q4,23528.03019513704,10.065947763603333
KOR,"Korea, Republic of",1991,1,1991.0,1991-Q1,25393.00362749184,10.14222896732739
KOR,"Korea, Republic of",1991,2,1991.25,1991-Q2,23867.20308107077,10.080260539491917
KOR,"Korea, Republic of",1991,3,1991.5,1991-Q3,24277.80397482433,10.09731779523553
KOR,"Korea, Republic of",1991,4,1991.75,1991-Q4,25134.54719973604,10.131998561233397
KOR,"Korea, Republic of",1992,1,1992.0,1992-Q1,26627.30074698936,10.1896923123108
KOR,"Korea, Republic of",1992,2,1992.25,1992-Q2,25152.069518103584,10.132695459144626
KOR,"Korea, Republic of",1992,3,1992.5,1992-Q3,25218.75887810643,10.13534339649617
KOR,"Korea, Republic of",1992,4,1992.75,1992-Q4,25952.12032704741,10.164008593427488
KOR,"Korea, Republic of",1993,1,1993.0,1993-Q1,27689.623508419805,10.228813019410232
KOR,"Korea, Republic of",1993,2,1993.25,1993-Q2,26653.58070917308,10.190678781137764
KOR,"Korea, Republic of",1993,3,1993.5,1993-Q3,26898.01231816484,10.199807671341782
KOR,"Korea, Republic of",1993,4,1993.75,1993-Q4,27584.86002229672,10.225022351279907
KOR,"Korea, Republic of",1994,1,1994.0,1994-Q1,29070.531297514462,10.277480269874195
KOR,"Korea, Republic of",1994,2,1994.25,1994-Q2,28112.73805237534,10.243978064079664
KOR,"Korea, Republic of",1994,3,1994.5,1994-Q3,28400.38920654008,10.25415812851103
KOR,"Korea, Republic of",1994,4,1994.75,1994-Q4,29741.017748268776,10.30028244095748
KOR,"Korea, Republic of",1995,1,1995.0,1995-Q1,31019.729791182384,10.342378725898985
KOR,"Korea, Republic of",1995,2,1995.25,1995-Q2,30171.173028122976,10.314642212011229
KOR,"Korea, Republic of",1995,3,1995.5,1995-Q3,30584.45171994755,10.328247045079744
KOR,"Korea, Republic of",1995,4,1995.75,1995-Q4,31263.77236568686,10.350215273779886
KOR,"Korea, Republic of",1996,1,1996.0,1996-Q1,32895.715092655475,10.401097687926635
KOR,"Korea, Republic of",1996,2,1996.25,1996-Q2,32002.79461009992,10.373578509534306
KOR,"Korea, Republic of",1996,3,1996.5,1996-Q3,32308.839560390046,10.383096142370091
KOR,"Korea, Republic of",1996,4,1996.75,1996-Q4,32873.20914579262,10.400413293343572
KOR,"Korea, Republic of",1997,1,1997.0,1997-Q1,33935.26183368485,10.432209924849506
KOR,"Korea, Republic of",1997,2,1997.25,1997-Q2,33745.08177027379,10.426589960356488
KOR,"Korea, Republic of",1997,3,1997.5,1997-Q3,34024.40195915197,10.434833250852398
KOR,"Korea, Republic of",1997,4,1997.75,1997-Q4,34180.480375034924,10.439410010843346
KOR,"Korea, Republic of",1998,1,1998.0,1998-Q1,34430.31260051864,10.446692635597731
KOR,"Korea, Republic of",1998,2,1998.25,1998-Q2,33370.47200029723,10.41542671609541
KOR,"Korea, Republic of",1998,3,1998.5,1998-Q3,34329.93771840002,10.443773072246772
KOR,"Korea, Republic of",1998,4,1998.75,1998-Q4,35325.29718972741,10.472354620531561
KOR,"Korea, Republic of",1999,1,1999.0,1999-Q1,37921.7604414742,10.543280380435707
KOR,"Korea, Republic of",1999,2,1999.25,1999-Q2,37171.50502609445,10.5232977528158
KOR,"Korea, Republic of",1999,3,1999.5,1999-Q3,37581.75854480021,10.534274066571932
KOR,"Korea, Republic of",1999,4,1999.75,1999-Q4,38064.011615663934,10.547024537704104
KOR,"Korea, Republic of",2000,1,2000.0,2000-Q1,39469.77640221184,10.583290503634812
KOR,"Korea, Republic of",2000,2,2000.25,2000-Q2,38483.27304343579,10.557978959463737
KOR,"Korea, Republic of",2000,3,2000.5,2000-Q3,39182.247839131815,10.575979061959293
KOR,"Korea, Republic of",2000,4,2000.75,2000-Q4,39120.08974166574,10.574391418155983
KOR,"Korea, Republic of",2001,1,2001.0,2001-Q1,40960.8800050645,10.620372743981246
KOR,"Korea, Republic of",2001,2,2001.25,2001-Q2,39389.768843672784,10.581261387546432
KOR,"Korea, Republic of",2001,3,2001.5,2001-Q3,39766.34239000669,10.590776164900324
KOR,"Korea, Republic of",2001,4,2001.75,2001-Q4,40275.60160541492,10.603501145374082
KOR,"Korea, Republic of",2002,1,2002.0,2002-Q1,42148.42366196541,10.648952564438032
KOR,"Korea, Republic of",2002,2,2002.25,2002-Q2,41315.33625325435,10.628989047871482
KOR,"Korea, Republic of",2002,3,2002.5,2002-Q3,42073.2799717747,10.647168138170505
KOR,"Korea, Republic of",2002,4,2002.75,2002-Q4,42641.38830100221,10.660580616963603
KOR,"Korea, Republic of",2003,1,2003.0,2003-Q1,43775.00217284802,10.686818206790786
KOR,"Korea, Republic of",2003,2,2003.25,2003-Q2,42522.30861213598,10.657784125717068
KOR,"Korea, Republic of",2003,3,2003.5,2003-Q3,43184.19651920826,10.673229885988638
KOR,"Korea, Republic of",2003,4,2003.75,2003-Q4,44131.8915983008,10.694937965571116
KOR,"Korea, Republic of",2004,1,2004.0,2004-Q1,45170.48362516512,10.718199135369396
KOR,"Korea, Republic of",2004,2,2004.25,2004-Q2,44256.45184450512,10.697756444203243
KOR,"Korea, Republic of",2004,3,2004.5,2004-Q3,44505.496130740736,10.70336796908375
KOR,"Korea, Republic of",2004,4,2004.75,2004-Q4,44745.9874413211,10.708757053567025
KOR,"Korea, Republic of",2005,1,2005.0,2005-Q1,46262.19834329378,10.742080456128301
KOR,"Korea, Republic of",2005,2,2005.25,2005-Q2,45622.97990671911,10.728166813887466
KOR,"Korea, Republic of",2005,3,2005.5,2005-Q3,46471.79488616112,10.746600845954612
KOR,"Korea, Republic of",2005,4,2005.75,2005-Q4,46917.52312517642,10.756146512055516
KOR,"Korea, Republic of",2006,1,2006.0,2006-Q1,48503.620038630936,10.789393714111922
KOR,"Korea, Republic of",2006,2,2006.25,2006-Q2,47201.96567933432,10.762190816455096
KOR,"Korea, Republic of",2006,3,2006.5,2006-Q3,48028.720654033736,10.779554457910898
KOR,"Korea, Republic of",2006,4,2006.75,2006-Q4,48338.00915045255,10.785973469099334
KOR,"Korea, Republic of",2007,1,2007.0,2007-Q1,50091.61874927459,10.82160898264471
KOR,"Korea, Republic of",2007,2,2007.25,2007-Q2,49253.89278271284,10.804743684749996
KOR,"Korea, Republic of",2007,3,2007.5,2007-Q3,49948.81907410068,10.818754141637072
KOR,"Korea, Republic of",2007,4,2007.75,2007-Q4,50885.26645304126,10.837328699989275
KOR,"Korea, Republic of",2008,1,2008.0,2008-Q1,52414.00491941506,10.8669291040535
KOR,"Korea, Republic of",2008,2,2008.25,2008-Q2,50836.73466127566,10.836374495492386
KOR,"Korea, Republic of",2008,3,2008.5,2008-Q3,51403.46885850562,10.847460936685641
KOR,"Korea, Republic of",2008,4,2008.75,2008-Q4,49928.12084050592,10.818339666906294
KOR,"Korea, Republic of",2009,1,2009.0,2009-Q1,51565.04380540526,10.850599276267994
KOR,"Korea, Republic of",2009,2,2009.25,2009-Q2,50504.65135316945,10.82982071702531
KOR,"Korea, Republic of",2009,3,2009.5,2009-Q3,51962.84859994669,10.85828429222151
KOR,"Korea, Republic of",2009,4,2009.75,2009-Q4,52638.85323418068,10.871209780696944
KOR,"Korea, Republic of",2010,1,2010.0,2010-Q1,55175.06321763156,10.918266376890145
KOR,"Korea, Republic of",2010,2,2010.25,2010-Q2,53544.69384387449,10.888271983083538
KOR,"Korea, Republic of",2010,3,2010.5,2010-Q3,54107.7180849879,10.898732117967596
KOR,"Korea, Republic of",2010,4,2010.75,2010-Q4,55107.86150247409,10.917047661959511
KOR,"Korea, Republic of",2011,1,2011.0,2011-Q1,56806.152284745534,10.947399913715891
KOR,"Korea, Republic of",2011,2,2011.25,2011-Q2,54519.739289671306,10.906318103878114
KOR,"Korea, Republic of",2011,3,2011.5,2011-Q3,54900.338332011685,10.913274790174656
KOR,"Korea, Republic of",2011,4,2011.75,2011-Q4,55328.99501364093,10.921052372228932
KOR,"Korea, Republic of",2012,1,2012.0,2012-Q1,57089.69425245665,10.952378893408085
KOR,"Korea, Republic of",2012,2,2012.25,2012-Q2,54958.4555639057,10.91433282540797
KOR,"Korea, Republic of",2012,3,2012.5,2012-Q3,55319.43198144653,10.92087951785625
KOR,"Korea, Republic of",2012,4,2012.75,2012-Q4,56192.43301846973,10.936537383017022
KOR,"Korea, Republic of",2013,1,2013.0,2013-Q1,58021.11597184376,10.968562291751773
KOR,"Korea, Republic of",2013,2,2013.25,2013-Q2,56165.0901124319,10.936050670497634
KOR,"Korea, Republic of",2013,3,2013.5,2013-Q3,56476.67391561913,10.941582980837085
KOR,"Korea, Republic of",2013,4,2013.75,2013-Q4,56987.20386131324,10.950582027953041
KOR,"Korea, Republic of",2014,1,2014.0,2014-Q1,58201.79555897376,10.97167148477239
KOR,"Korea, Republic of",2014,2,2014.25,2014-Q2,56890.22914629044,10.948878885620049
KOR,"Korea, Republic of",2014,3,2014.5,2014-Q3,56775.01718685055,10.946851669692348
KOR,"Korea, Republic of",2014,4,2014.75,2014-Q4,57432.14019768984,10.958359359360907
KOR,"Korea, Republic of",2015,1,2015.0,2015-Q1,59058.40144342688,10.986282088277811
KOR,"Korea, Republic of",2015,2,2015.25,2015-Q2,57619.83694766519,10.96162217884738
KOR,"Korea, Republic of",2015,3,2015.5,2015-Q3,58204.04477290457,10.971710129120897
KOR,"Korea, Republic of",2015,4,2015.75,2015-Q4,58813.527260055605,10.982127162871146
KOR,"Korea, Republic of",2016,1,2016.0,2016-Q1,60457.5963644584,11.009697511745257
KOR,"Korea, Republic of",2016,2,2016.25,2016-Q2,59473.83943617471,10.993291821507455
KOR,"Korea, Republic of",2016,3,2016.5,2016-Q3,59354.8155186541,10.991288534381619
KOR,"Korea, Republic of",2016,4,2016.75,2016-Q4,59978.05229592112,11.00173397921692
KOR,"Korea, Republic of",2017,1,2017.0,2017-Q1,61769.59972898817,11.031166608646092
KOR,"Korea, Republic of",2017,2,2017.25,2017-Q2,60446.143704349735,11.00950806086249
KOR,"Korea, Republic of",2017,3,2017.5,2017-Q3,61108.86612527306,11.020412243065751
KOR,"Korea, Republic of",2017,4,2017.75,2017-Q4,61231.09179859826,11.022410375418666
KOR,"Korea, Republic of",2018,1,2018.0,2018-Q1,63496.68363181484,11.058742957246311
KOR,"Korea, Republic of",2018,2,2018.25,2018-Q2,62364.94243728781,11.040758576562315
KOR,"Korea, Republic of",2018,3,2018.5,2018-Q3,62744.66142698495,11.04682877651399
KOR,"Korea, Republic of",2018,4,2018.75,2018-Q4,63178.38778290995,11.053717556191142
KOR,"Korea, Republic of",2019,1,2019.0,2019-Q1,64327.01832570601,11.071735013660511
KOR,"Korea, Republic of",2019,2,2019.25,2019-Q2,63360.11981302829,11.056589917474971
KOR,"Korea, Republic of",2019,3,2019.5,2019-Q3,63255.15870311593,11.05493196378746
KOR,"Korea, Republic of",2019,4,2019.75,2019-Q4,63773.42751763809,11.063091885985342
KOR,"Korea, Republic of",2020,1,2020.0,2020-Q1,64358.80176254016,11.07222898319746
KOR,"Korea, Republic of",2020,2,2020.25,2020-Q2,62492.740214342666,11.042805672407278
KOR,"Korea, Republic of",2020,3,2020.5,2020-Q3,63387.79278946512,11.057026579133666
KOR,"Korea, Republic of",2020,4,2020.75,2020-Q4,64612.418566143206,11.076161909161357
KOR,"Korea, Republic of",2021,1,2021.0,2021-Q1,67035.40472070075,11.112976187471016
KOR,"Korea, Republic of",2021,2,2021.25,2021-Q2,65293.73074771106,11.086651303729239
KOR,"Korea, Republic of",2021,3,2021.5,2021-Q3,64856.84781439195,11.07993777884052
KOR,"Korea, Republic of",2021,4,2021.75,2021-Q4,66022.77468810338,11.097755032517115
KOR,"Korea, Republic of",2022,1,2022.0,2022-Q1,66872.1785856959,11.110538293935539
KOR,"Korea, Republic of",2022,2,2022.25,2022-Q2,65278.5429183998,11.086418668898684
KOR,"Korea, Republic of",2022,3,2022.5,2022-Q3,65273.37600028924,11.086339513905695
KOR,"Korea, Republic of",2022,4,2022.75,2022-Q4,65473.998043546,11.089408366372927
KOR,"Korea, Republic of",2023,1,2023.0,2023-Q1,66629.6820136782,11.106905433125537
KOR,"Korea, Republic of",2023,2,2023.25,2023-Q2,65019.730421853696,11.082446047768922
KOR,"Korea, Republic of",2023,3,2023.5,2023-Q3,65650.08381867193,11.092094156480652
KOR,"Korea, Republic of",2023,4,2023.75,2023-Q4,66494.12258631406,11.104868840577321
KOR,"Korea, Republic of",2024,1,2024.0,2024-Q1,68234.47970389071,11.130705283581088
KOR,"Korea, Republic of",2024,2,2024.25,2024-Q2,66381.05719758745,11.103167011594676
KOR,"Korea, Republic of",2024,3,2024.5,2024-Q3,66428.16940491763,11.103876483526886
KOR,"Korea, Republic of",2024,4,2024.75,2024-Q4,67168.48662416426,11.114959467475074
KOR,"Korea, Republic of",2025,1,2025.0,2025-Q1,67846.04721876839,11.124996405920703
KOR,"Korea, Republic of",2025,2,2025.25,2025-Q2,66426.77879647832,11.10385554929059
KOR,"Korea, Republic of",2025,3,2025.5,2025-Q3,67333.28715425801,11.117410001887146
KOR,"Korea, Republic of",2025,4,2025.75,2025-Q4,67902.40059840276,11.12582666783202
KOR,"Korea, Republic of",2026,1,2026.0,2026-Q1,70015.02312665999,11.156465114099898
KOR,"Korea, Republic of",2026,2,2026.25,2026-Q2,68873.94641542717,11.140033249284526
KOS,"Kosovo, Republic of",2012,1,2012.0,2012-Q1,15437.262757969676,9.644539525347447
KOS,"Kosovo, Republic of",2012,2,2012.25,2012-Q2,19121.388609588863,9.858562809992772
KOS,"Kosovo, Republic of",2012,3,2012.5,2012-Q3,17804.992460129444,9.787234172242506
KOS,"Kosovo, Republic of",2012,4,2012.75,2012-Q4,16551.94261704993,9.714258752590583
KOS,"Kosovo, Republic of",2013,1,2013.0,2013-Q1,13936.14529317858,9.542241124782668
KOS,"Kosovo, Republic of",2013,2,2013.25,2013-Q2,16754.17984802807,9.72640304928835
KOS,"Kosovo, Republic of",2013,3,2013.5,2013-Q3,18824.20418057602,9.842898777170303
KOS,"Kosovo, Republic of",2013,4,2013.75,2013-Q4,17619.74194981438,9.77677525408295
KOS,"Kosovo, Republic of",2014,1,2014.0,2014-Q1,14681.928516979671,9.594372663906638
KOS,"Kosovo, Republic of",2014,2,2014.25,2014-Q2,18451.263582395444,9.822888133974258
KOS,"Kosovo, Republic of",2014,3,2014.5,2014-Q3,20295.981562113146,9.918178192829412
KOS,"Kosovo, Republic of",2014,4,2014.75,2014-Q4,19699.220059260417,9.888334323041853
KOS,"Kosovo, Republic of",2015,1,2015.0,2015-Q1,17472.61186604245,9.768389897736995
KOS,"Kosovo, Republic of",2015,2,2015.25,2015-Q2,21179.425183982534,9.960785479220661
KOS,"Kosovo, Republic of",2015,3,2015.5,2015-Q3,23610.329732015016,10.069439595759887
KOS,"Kosovo, Republic of",2015,4,2015.75,2015-Q4,22025.586299064675,9.999960070157899
KOS,"Kosovo, Republic of",2016,1,2016.0,2016-Q1,18261.650881142377,9.812558559763366
KOS,"Kosovo, Republic of",2016,2,2016.25,2016-Q2,20564.432986991076,9.931318308535866
KOS,"Kosovo, Republic of",2016,3,2016.5,2016-Q3,21166.37248958388,9.960168997986198
KOS,"Kosovo, Republic of",2016,4,2016.75,2016-Q4,19394.545524520046,9.872747146989056
KOS,"Kosovo, Republic of",2017,1,2017.0,2017-Q1,16542.87961026825,9.713711053198455
KOS,"Kosovo, Republic of",2017,2,2017.25,2017-Q2,19889.243973531826,9.897934360745104
KOS,"Kosovo, Republic of",2017,3,2017.5,2017-Q3,21123.087861627693,9.958121932702698
KOS,"Kosovo, Republic of",2017,4,2017.75,2017-Q4,19714.06676954743,9.889087709129836
KOS,"Kosovo, Republic of",2018,1,2018.0,2018-Q1,16889.99430040337,9.734476672347874
KOS,"Kosovo, Republic of",2018,2,2018.25,2018-Q2,20411.10296710528,9.923834294868266
KOS,"Kosovo, Republic of",2018,3,2018.5,2018-Q3,21306.21345786168,9.966754020794648
KOS,"Kosovo, Republic of",2018,4,2018.75,2018-Q4,19847.366338022974,9.895826599127567
KOS,"Kosovo, Republic of",2019,1,2019.0,2019-Q1,18082.055234744523,9.802675301973794
KOS,"Kosovo, Republic of",2019,2,2019.25,2019-Q2,21152.59455848341,9.959517851110537
KOS,"Kosovo, Republic of",2019,3,2019.5,2019-Q3,21311.106040532195,9.966983626163996
KOS,"Kosovo, Republic of",2019,4,2019.75,2019-Q4,20332.76841875715,9.919989071417318
KOS,"Kosovo, Republic of",2020,1,2020.0,2020-Q1,17387.353301277413,9.76349839917396
KOS,"Kosovo, Republic of",2020,2,2020.25,2020-Q2,22529.949460079275,10.022600790196046
KOS,"Kosovo, Republic of",2020,3,2020.5,2020-Q3,20493.139589294973,9.927845454936561
KOS,"Kosovo, Republic of",2020,4,2020.75,2020-Q4,20495.240184833267,9.927947952061439
KOS,"Kosovo, Republic of",2021,1,2021.0,2021-Q1,18119.515513257207,9.80474484156055
KOS,"Kosovo, Republic of",2021,2,2021.25,2021-Q2,20874.555497374145,9.946286255953382
KOS,"Kosovo, Republic of",2021,3,2021.5,2021-Q3,20972.860753062087,9.95098453581519
KOS,"Kosovo, Republic of",2021,4,2021.75,2021-Q4,20990.509362522327,9.95182567943412
LCA,St. Lucia,2017,1,2017.0,2017-Q1,24009.38051137981,10.08619988760713
LCA,St. Lucia,2017,2,2017.25,2017-Q2,23703.206035848525,10.073365593748479
LCA,St. Lucia,2017,3,2017.5,2017-Q3,21318.567343399853,9.967333678245167
LCA,St. Lucia,2017,4,2017.75,2017-Q4,26374.780482126836,10.180163547791194
LCA,St. Lucia,2018,1,2018.0,2018-Q1,25135.3229555029,10.13202942488053
LCA,St. Lucia,2018,2,2018.25,2018-Q2,24643.464238162927,10.112267001846321
LCA,St. Lucia,2018,3,2018.5,2018-Q3,24152.16173095196,10.092129167743517
LCA,St. Lucia,2018,4,2018.75,2018-Q4,23692.25440273002,10.072903455256224
LCA,St. Lucia,2019,1,2019.0,2019-Q1,23129.009149134672,10.048842915965254
LCA,St. Lucia,2019,2,2019.25,2019-Q2,24402.78424789115,10.10245251329154
LCA,St. Lucia,2019,3,2019.5,2019-Q3,24189.94699268713,10.09369241231135
LCA,St. Lucia,2019,4,2019.75,2019-Q4,22796.90692188338,10.0343801444188
LCA,St. Lucia,2020,2,2020.25,2020-Q2,17028.001330284547,9.742614405071398
LCA,St. Lucia,2020,3,2020.5,2020-Q3,18129.92867583348,9.805319369699982
LCA,St. Lucia,2021,1,2021.0,2021-Q1,19385.65835328848,9.872288811524129
LCA,St. Lucia,2021,2,2021.25,2021-Q2,20922.78328957677,9.94859395376407
LCA,St. Lucia,2021,4,2021.75,2021-Q4,22317.332960599608,10.013118918343064
LCA,St. Lucia,2022,1,2022.0,2022-Q1,22202.8103728286,10.007974153218765
LCA,St. Lucia,2022,2,2022.25,2022-Q2,23170.89330049621,10.050652170869514
LCA,St. Lucia,2022,3,2022.5,2022-Q3,21984.95522185821,9.998113644854056
LCA,St. Lucia,2022,4,2022.75,2022-Q4,22099.87470986665,10.00332721825297
LCA,St. Lucia,2023,1,2023.0,2023-Q1,23497.678517730208,10.06465690877298
LCA,St. Lucia,2023,2,2023.25,2023-Q2,22516.078969351776,10.021984953832687
LCA,St. Lucia,2023,3,2023.5,2023-Q3,19770.255749161388,9.891933852305643
LCA,St. Lucia,2023,4,2023.75,2023-Q4,22113.480932029,10.003942698457735
LCA,St. Lucia,2024,1,2024.0,2024-Q1,23034.94644428978,10.044767752396174
LCA,St. Lucia,2024,2,2024.25,2024-Q2,22849.1415247575,10.036668825584085
LCA,St. Lucia,2024,3,2024.5,2024-Q3,21216.80296889136,9.962548739596478
LKA,Sri Lanka,2010,1,2010.0,2010-Q1,5398.370388733721,8.593852407143533
LKA,Sri Lanka,2010,2,2010.25,2010-Q2,5898.081319941023,8.682382376994825
LKA,Sri Lanka,2010,3,2010.5,2010-Q3,6407.519397003687,8.76522748546793
LKA,Sri Lanka,2010,4,2010.75,2010-Q4,6818.637859588823,8.82741500355633
LKA,Sri Lanka,2011,1,2011.0,2011-Q1,6104.524834705854,8.716785551362713
LKA,Sri Lanka,2011,2,2011.25,2011-Q2,6277.696671513797,8.744758420132982
LKA,Sri Lanka,2011,3,2011.5,2011-Q3,6948.4323876633325,8.846271357385424
LKA,Sri Lanka,2012,2,2012.25,2012-Q2,7413.205367901717,8.911018198023378
LKA,Sri Lanka,2012,3,2012.5,2012-Q3,7621.874488929454,8.938777614351157
LKA,Sri Lanka,2012,4,2012.75,2012-Q4,8159.449540127819,9.00693198736507
LKA,Sri Lanka,2013,1,2013.0,2013-Q1,7258.942188113203,8.889989393086328
LKA,Sri Lanka,2013,2,2013.25,2013-Q2,7551.561431721045,8.92950963300887
LKA,Sri Lanka,2013,3,2013.5,2013-Q3,7811.45587779022,8.963346637470163
LKA,Sri Lanka,2013,4,2013.75,2013-Q4,8355.207494092709,9.030640275441968
LKA,Sri Lanka,2014,1,2014.0,2014-Q1,7377.96871075252,8.906253637262907
LKA,Sri Lanka,2014,2,2014.25,2014-Q2,7796.461009651537,8.96142519300577
LKA,Sri Lanka,2014,3,2014.5,2014-Q3,8054.470794898494,8.993982594495447
LKA,Sri Lanka,2014,4,2014.75,2014-Q4,9166.966509188302,9.123361704544859
LKA,Sri Lanka,2015,1,2015.0,2015-Q1,10870.328791376169,9.29379222725451
LKA,Sri Lanka,2015,2,2015.25,2015-Q2,10166.729511455964,9.226875855362973
LKA,Sri Lanka,2015,3,2015.5,2015-Q3,11197.982093806277,9.323488870854717
LKA,Sri Lanka,2015,4,2015.75,2015-Q4,11260.493605075684,9.329055737773336
LKA,Sri Lanka,2016,1,2016.0,2016-Q1,11357.982707201085,9.337676097914743
LKA,Sri Lanka,2016,2,2016.25,2016-Q2,10709.249410286542,9.278863077912709
LKA,Sri Lanka,2016,3,2016.5,2016-Q3,11248.01269007608,9.327946742257142
LKA,Sri Lanka,2016,4,2016.75,2016-Q4,11688.432965840282,9.366354996365269
LKA,Sri Lanka,2017,1,2017.0,2017-Q1,11771.286716275046,9.373418515967762
LKA,Sri Lanka,2017,2,2017.25,2017-Q2,10705.115001884988,9.278476943785789
LKA,Sri Lanka,2017,3,2017.5,2017-Q3,11652.387675048138,9.363266388642241
LKA,Sri Lanka,2017,4,2017.75,2017-Q4,12139.393221347413,9.404211081597259
LKA,Sri Lanka,2018,1,2018.0,2018-Q1,12625.258430794122,9.44345472369993
LKA,Sri Lanka,2018,2,2018.25,2018-Q2,11509.606025068246,9.350937272204671
LKA,Sri Lanka,2018,3,2018.5,2018-Q3,12359.95866180954,9.422217386492298
LKA,Sri Lanka,2018,4,2018.75,2018-Q4,12033.489271109827,9.395448814386889
LKA,Sri Lanka,2019,1,2019.0,2019-Q1,12272.68957346845,9.415131712826017
LKA,Sri Lanka,2019,2,2019.25,2019-Q2,10985.959072176394,9.304373288442903
LKA,Sri Lanka,2019,3,2019.5,2019-Q3,12326.900117184769,9.41953915475117
LKA,Sri Lanka,2019,4,2019.75,2019-Q4,11853.429933762676,9.380372550569044
LKA,Sri Lanka,2020,1,2020.0,2020-Q1,12432.101222471836,9.428037214665002
LKA,Sri Lanka,2020,2,2020.25,2020-Q2,9379.529438090574,9.146284874227025
LKA,Sri Lanka,2020,3,2020.5,2020-Q3,12500.217614918178,9.433501332332309
LKA,Sri Lanka,2020,4,2020.75,2020-Q4,12042.748347497656,9.39621796087821
LKA,Sri Lanka,2021,1,2021.0,2021-Q1,12820.815131971314,9.458825311290434
LKA,Sri Lanka,2021,2,2021.25,2021-Q2,10481.014732902797,9.257320778846395
LKA,Sri Lanka,2021,3,2021.5,2021-Q3,12118.380361514906,9.402478617155175
LKA,Sri Lanka,2021,4,2021.75,2021-Q4,12197.839489680293,9.409014124029072
LKA,Sri Lanka,2022,1,2022.0,2022-Q1,12414.015902558702,9.426581427990879
LKA,Sri Lanka,2022,2,2022.25,2022-Q2,9809.749237166188,9.191131990272064
LKA,Sri Lanka,2022,3,2022.5,2022-Q3,10814.286032778346,9.288623319821328
LKA,Sri Lanka,2022,4,2022.75,2022-Q4,10863.822947949277,9.293193552532879
LKA,Sri Lanka,2023,1,2023.0,2023-Q1,11353.00429015974,9.337237683052223
LKA,Sri Lanka,2023,2,2023.25,2023-Q2,9789.98727249373,9.189115435471997
LKA,Sri Lanka,2023,3,2023.5,2023-Q3,11037.856449533772,9.309086138799259
LKA,Sri Lanka,2023,4,2023.75,2023-Q4,11620.134370937418,9.36049459410302
LKA,Sri Lanka,2024,1,2024.0,2024-Q1,12371.22902579294,9.423128815810287
LKA,Sri Lanka,2024,2,2024.25,2024-Q2,10213.433614861277,9.231459153825677
LKA,Sri Lanka,2024,3,2024.5,2024-Q3,11871.83756968914,9.381924283515144
LKA,Sri Lanka,2024,4,2024.75,2024-Q4,11882.696801700937,9.382838570665417
LSO,"Lesotho, Kingdom of",2007,1,2007.0,2007-Q1,4390.774219157353,8.387260850236608
LSO,"Lesotho, Kingdom of",2007,2,2007.25,2007-Q2,4654.4044454687255,8.4455692428515
LSO,"Lesotho, Kingdom of",2007,3,2007.5,2007-Q3,4758.402997064976,8.46766738611285
LSO,"Lesotho, Kingdom of",2007,4,2007.75,2007-Q4,4824.589696237587,8.481480973108027
LSO,"Lesotho, Kingdom of",2008,1,2008.0,2008-Q1,5106.222213139042,8.53821511685819
LSO,"Lesotho, Kingdom of",2008,2,2008.25,2008-Q2,5381.026144585279,8.590634368162856
LSO,"Lesotho, Kingdom of",2008,3,2008.5,2008-Q3,5259.301988716453,8.567753595161165
LSO,"Lesotho, Kingdom of",2008,4,2008.75,2008-Q4,4872.493826224467,8.491361164315641
LSO,"Lesotho, Kingdom of",2009,1,2009.0,2009-Q1,4804.856611640542,8.477382479469124
LSO,"Lesotho, Kingdom of",2009,2,2009.25,2009-Q2,4484.658328151887,8.408417590576903
LSO,"Lesotho, Kingdom of",2009,3,2009.5,2009-Q3,4481.959000858518,8.407815506808662
LSO,"Lesotho, Kingdom of",2009,4,2009.75,2009-Q4,4620.748886915143,8.438312067674408
LSO,"Lesotho, Kingdom of",2010,1,2010.0,2010-Q1,4385.830834240567,8.386134358749416
LSO,"Lesotho, Kingdom of",2010,2,2010.25,2010-Q2,4363.630015870228,8.381059562394194
LSO,"Lesotho, Kingdom of",2010,3,2010.5,2010-Q3,4310.49234776542,8.36880741039389
LSO,"Lesotho, Kingdom of",2010,4,2010.75,2010-Q4,4233.603523418828,8.350808806171525
LSO,"Lesotho, Kingdom of",2011,1,2011.0,2011-Q1,4080.736755777445,8.314032828492504
LSO,"Lesotho, Kingdom of",2011,2,2011.25,2011-Q2,4106.185796940806,8.32024984666248
LSO,"Lesotho, Kingdom of",2011,3,2011.5,2011-Q3,4059.166854599696,8.308733023311014
LSO,"Lesotho, Kingdom of",2011,4,2011.75,2011-Q4,4098.77700989252,8.31844391792489
LSO,"Lesotho, Kingdom of",2012,1,2012.0,2012-Q1,4085.088386495546,8.315098643901045
LSO,"Lesotho, Kingdom of",2012,2,2012.25,2012-Q2,4007.1955539882138,8.295846912536955
LSO,"Lesotho, Kingdom of",2012,3,2012.5,2012-Q3,3917.892762612497,8.273309227688994
LSO,"Lesotho, Kingdom of",2012,4,2012.75,2012-Q4,3833.949213900434,8.251650677273838
LSO,"Lesotho, Kingdom of",2013,1,2013.0,2013-Q1,3783.6393376400415,8.238441613166255
LSO,"Lesotho, Kingdom of",2013,2,2013.25,2013-Q2,3670.022654007111,8.207953113783546
LSO,"Lesotho, Kingdom of",2013,3,2013.5,2013-Q3,3722.46743938164,8.222142017543856
LSO,"Lesotho, Kingdom of",2013,4,2013.75,2013-Q4,3766.261494859629,8.233838142510116
LSO,"Lesotho, Kingdom of",2014,1,2014.0,2014-Q1,3768.207637039516,8.23435473954943
LSO,"Lesotho, Kingdom of",2014,2,2014.25,2014-Q2,3718.257649452061,8.221010463742711
LSO,"Lesotho, Kingdom of",2014,3,2014.5,2014-Q3,3695.687291691968,8.214921821955983
LSO,"Lesotho, Kingdom of",2014,4,2014.75,2014-Q4,3729.816165079295,8.224114225921761
LSO,"Lesotho, Kingdom of",2015,1,2015.0,2015-Q1,3801.1675517588856,8.243063548985585
LSO,"Lesotho, Kingdom of",2015,2,2015.25,2015-Q2,3834.039651199498,8.251674265544677
LSO,"Lesotho, Kingdom of",2015,3,2015.5,2015-Q3,3858.302702165576,8.257982651291245
LSO,"Lesotho, Kingdom of",2015,4,2015.75,2015-Q4,3714.088573890719,8.21988859027952
LSO,"Lesotho, Kingdom of",2016,1,2016.0,2016-Q1,3882.834914363388,8.264320813855793
LSO,"Lesotho, Kingdom of",2016,2,2016.25,2016-Q2,3926.1013297224968,8.27540218441737
LSO,"Lesotho, Kingdom of",2016,3,2016.5,2016-Q3,3861.618155179395,8.258841585800788
LSO,"Lesotho, Kingdom of",2016,4,2016.75,2016-Q4,3841.353287700188,8.253580002168823
LSO,"Lesotho, Kingdom of",2017,1,2017.0,2017-Q1,3780.2429362658336,8.237543555401874
LSO,"Lesotho, Kingdom of",2017,2,2017.25,2017-Q2,3710.108623892585,8.218816433850115
LSO,"Lesotho, Kingdom of",2017,3,2017.5,2017-Q3,3724.2225588005554,8.222613399984064
LSO,"Lesotho, Kingdom of",2017,4,2017.75,2017-Q4,3737.385652344221,8.226141622540405
LSO,"Lesotho, Kingdom of",2018,1,2018.0,2018-Q1,3663.2853747050985,8.206115667116592
LSO,"Lesotho, Kingdom of",2018,2,2018.25,2018-Q2,3578.5158774633164,8.182703434073467
LSO,"Lesotho, Kingdom of",2018,3,2018.5,2018-Q3,3533.7780524348077,8.170122847408496
LSO,"Lesotho, Kingdom of",2018,4,2018.75,2018-Q4,3829.5212525724673,8.250495075033287
LSO,"Lesotho, Kingdom of",2019,1,2019.0,2019-Q1,3544.794293967782,8.173235410193108
LSO,"Lesotho, Kingdom of",2019,2,2019.25,2019-Q2,3621.105996890673,8.194534782159812
LSO,"Lesotho, Kingdom of",2019,3,2019.5,2019-Q3,3539.265128334004,8.171674393711754
LSO,"Lesotho, Kingdom of",2019,4,2019.75,2019-Q4,3490.130452493165,8.157694393435767
LSO,"Lesotho, Kingdom of",2020,1,2020.0,2020-Q1,3513.000359788441,8.164225754682116
LSO,"Lesotho, Kingdom of",2020,2,2020.25,2020-Q2,2851.8893974211373,7.955737000074319
LSO,"Lesotho, Kingdom of",2020,3,2020.5,2020-Q3,3139.2540326728267,8.051740481465789
LSO,"Lesotho, Kingdom of",2020,4,2020.75,2020-Q4,3070.07966268991,8.029458789003508
LSO,"Lesotho, Kingdom of",2021,1,2021.0,2021-Q1,3049.052657785404,8.022586217349257
LSO,"Lesotho, Kingdom of",2021,2,2021.25,2021-Q2,3152.5606756811258,8.055970314499575
LSO,"Lesotho, Kingdom of",2021,3,2021.5,2021-Q3,3009.099292944458,8.009396074737797
LSO,"Lesotho, Kingdom of",2021,4,2021.75,2021-Q4,3042.610952443269,8.02047129172125
LSO,"Lesotho, Kingdom of",2022,1,2022.0,2022-Q1,3056.973263755512,8.025180575943368
LSO,"Lesotho, Kingdom of",2022,2,2022.25,2022-Q2,2969.352434680145,7.996099172562328
LSO,"Lesotho, Kingdom of",2022,3,2022.5,2022-Q3,2977.17501397466,7.998730147992746
LSO,"Lesotho, Kingdom of",2022,4,2022.75,2022-Q4,2853.21236065217,7.956200782601204
LSO,"Lesotho, Kingdom of",2023,1,2023.0,2023-Q1,2885.9346959440404,7.967604111199784
LSO,"Lesotho, Kingdom of",2023,2,2023.25,2023-Q2,2881.8655570444407,7.966193126284837
LSO,"Lesotho, Kingdom of",2023,3,2023.5,2023-Q3,2872.0848725505607,7.962793481455204
LSO,"Lesotho, Kingdom of",2023,4,2023.75,2023-Q4,2844.097935253046,7.953001226073219
LSO,"Lesotho, Kingdom of",2024,1,2024.0,2024-Q1,2827.004772507632,7.94697304588022
LSO,"Lesotho, Kingdom of",2024,2,2024.25,2024-Q2,2926.283264861476,7.9814883864847115
LTU,"Lithuania, Republic of",1998,2,1998.25,1998-Q2,14763.42703011894,9.599908254816414
LTU,"Lithuania, Republic of",1998,4,1998.75,1998-Q4,14740.540318924355,9.598356821714933
LTU,"Lithuania, Republic of",1999,2,1999.25,1999-Q2,14685.512501741505,9.594616742699703
LTU,"Lithuania, Republic of",1999,4,1999.75,1999-Q4,15042.169054980115,9.618612806186384
LTU,"Lithuania, Republic of",2000,2,2000.25,2000-Q2,15635.699646260378,9.65731201761223
LTU,"Lithuania, Republic of",2000,4,2000.75,2000-Q4,16598.47019168178,9.717065812970302
LTU,"Lithuania, Republic of",2001,2,2001.25,2001-Q2,17061.244127320428,9.744564744958781
LTU,"Lithuania, Republic of",2001,4,2001.75,2001-Q4,18394.357064110904,9.81979921526243
LTU,"Lithuania, Republic of",2002,1,2002.0,2002-Q1,18236.984005568003,9.81120689938448
LTU,"Lithuania, Republic of",2002,2,2002.25,2002-Q2,17772.937220115353,9.785432198435931
LTU,"Lithuania, Republic of",2002,3,2002.5,2002-Q3,17813.39676821216,9.787706080625831
LTU,"Lithuania, Republic of",2002,4,2002.75,2002-Q4,18672.06552056334,9.83478386354778
LTU,"Lithuania, Republic of",2003,1,2003.0,2003-Q1,19713.160379054727,9.889041731232915
LTU,"Lithuania, Republic of",2003,2,2003.25,2003-Q2,18801.30066118281,9.841681330530399
LTU,"Lithuania, Republic of",2003,3,2003.5,2003-Q3,19534.79426123583,9.879952475631091
LTU,"Lithuania, Republic of",2003,4,2003.75,2003-Q4,20322.95086176921,9.919506110724333
LTU,"Lithuania, Republic of",2004,1,2004.0,2004-Q1,20807.14377466618,9.943051657428821
LTU,"Lithuania, Republic of",2004,2,2004.25,2004-Q2,20782.74924096226,9.94187855816202
LTU,"Lithuania, Republic of",2004,3,2004.5,2004-Q3,20868.418580436843,9.945992222424767
LTU,"Lithuania, Republic of",2004,4,2004.75,2004-Q4,21539.762377753243,9.97765591897605
LTU,"Lithuania, Republic of",2005,1,2005.0,2005-Q1,22236.46096161615,10.009488606278355
LTU,"Lithuania, Republic of",2005,2,2005.25,2005-Q2,22162.12119062065,10.006139857878605
LTU,"Lithuania, Republic of",2005,3,2005.5,2005-Q3,22482.58908414334,10.020496470157928
LTU,"Lithuania, Republic of",2005,4,2005.75,2005-Q4,23084.6364787686,10.046922587741886
LTU,"Lithuania, Republic of",2006,1,2006.0,2006-Q1,23538.751713761398,10.066403351105812
LTU,"Lithuania, Republic of",2006,2,2006.25,2006-Q2,23868.582102253047,10.080318316741305
LTU,"Lithuania, Republic of",2006,3,2006.5,2006-Q3,24280.31480872534,10.097421210852367
LTU,"Lithuania, Republic of",2006,4,2006.75,2006-Q4,25234.98716724479,10.135986690244208
LTU,"Lithuania, Republic of",2007,1,2007.0,2007-Q1,25972.832382006825,10.164806362321913
LTU,"Lithuania, Republic of",2007,2,2007.25,2007-Q2,26038.67238534648,10.167338111357145
LTU,"Lithuania, Republic of",2007,3,2007.5,2007-Q3,26434.44027494733,10.182422994809952
LTU,"Lithuania, Republic of",2007,4,2007.75,2007-Q4,27557.783000270312,10.22404027923118
LTU,"Lithuania, Republic of",2008,1,2008.0,2008-Q1,27909.90965117532,10.236737089376268
LTU,"Lithuania, Republic of",2008,2,2008.25,2008-Q2,27740.08139779189,10.230633628175688
LTU,"Lithuania, Republic of",2008,3,2008.5,2008-Q3,27104.90666875592,10.207470048366464
LTU,"Lithuania, Republic of",2008,4,2008.75,2008-Q4,27428.23284365849,10.219328157636797
LTU,"Lithuania, Republic of",2009,1,2009.0,2009-Q1,25576.746673014783,10.149438884597814
LTU,"Lithuania, Republic of",2009,2,2009.25,2009-Q2,25449.05913752436,10.14443405223928
LTU,"Lithuania, Republic of",2009,3,2009.5,2009-Q3,25317.163546891872,10.13923784576855
LTU,"Lithuania, Republic of",2009,4,2009.75,2009-Q4,25698.33724827802,10.15418157027969
LTU,"Lithuania, Republic of",2010,1,2010.0,2010-Q1,27284.602556659825,10.214077813146634
LTU,"Lithuania, Republic of",2010,2,2010.25,2010-Q2,27244.113567164062,10.212592760872711
LTU,"Lithuania, Republic of",2010,3,2010.5,2010-Q3,26705.20893458368,10.19261391654344
LTU,"Lithuania, Republic of",2010,4,2010.75,2010-Q4,26828.393851199835,10.197216077714218
LTU,"Lithuania, Republic of",2011,1,2011.0,2011-Q1,28593.680803312734,10.26094102146157
LTU,"Lithuania, Republic of",2011,2,2011.25,2011-Q2,28475.37636665707,10.256795005669897
LTU,"Lithuania, Republic of",2011,3,2011.5,2011-Q3,28439.259853969485,10.255525858753261
LTU,"Lithuania, Republic of",2011,4,2011.75,2011-Q4,28837.459929261284,10.269430512945242
LTU,"Lithuania, Republic of",2012,1,2012.0,2012-Q1,29439.55043970127,10.290094302335637
LTU,"Lithuania, Republic of",2012,2,2012.25,2012-Q2,28774.522927706184,10.2672456540506
LTU,"Lithuania, Republic of",2012,3,2012.5,2012-Q3,29119.209382021407,10.279153351599373
LTU,"Lithuania, Republic of",2012,4,2012.75,2012-Q4,29957.95835294518,10.307550289546283
LTU,"Lithuania, Republic of",2013,1,2013.0,2013-Q1,30190.73488808304,10.315290364507405
LTU,"Lithuania, Republic of",2013,2,2013.25,2013-Q2,29818.545156977405,10.302885799636208
LTU,"Lithuania, Republic of",2013,3,2013.5,2013-Q3,29986.024645540285,10.308486706956074
LTU,"Lithuania, Republic of",2013,4,2013.75,2013-Q4,30459.870953194066,10.324165389841166
LTU,"Lithuania, Republic of",2014,1,2014.0,2014-Q1,30901.201033432488,10.338550330526354
LTU,"Lithuania, Republic of",2014,2,2014.25,2014-Q2,30834.702075064124,10.33639602547083
LTU,"Lithuania, Republic of",2014,3,2014.5,2014-Q3,30049.58879199481,10.310604255743096
LTU,"Lithuania, Republic of",2014,4,2014.75,2014-Q4,30738.373922911745,10.333267117935213
LTU,"Lithuania, Republic of",2015,1,2015.0,2015-Q1,31118.718758806408,10.345564806455268
LTU,"Lithuania, Republic of",2015,2,2015.25,2015-Q2,30993.77296344484,10.34154159114283
LTU,"Lithuania, Republic of",2015,3,2015.5,2015-Q3,31068.98808057027,10.34396543283741
LTU,"Lithuania, Republic of",2015,4,2015.75,2015-Q4,31306.49226040846,10.35158077547993
LTU,"Lithuania, Republic of",2016,1,2016.0,2016-Q1,30981.551169298426,10.341147182739942
LTU,"Lithuania, Republic of",2016,2,2016.25,2016-Q2,30916.18546759115,10.339035127289863
LTU,"Lithuania, Republic of",2016,3,2016.5,2016-Q3,31335.321542693764,10.35250122406117
LTU,"Lithuania, Republic of",2016,4,2016.75,2016-Q4,32029.17243072866,10.37440240495217
LTU,"Lithuania, Republic of",2017,1,2017.0,2017-Q1,32719.338260914185,10.395721566212481
LTU,"Lithuania, Republic of",2017,2,2017.25,2017-Q2,32559.18552050522,10.390814805077104
LTU,"Lithuania, Republic of",2017,3,2017.5,2017-Q3,32933.55108095313,10.402247206815824
LTU,"Lithuania, Republic of",2017,4,2017.75,2017-Q4,33579.718972146824,10.421677561690819
LTU,"Lithuania, Republic of",2018,1,2018.0,2018-Q1,34144.37151728968,10.438353034937599
LTU,"Lithuania, Republic of",2018,2,2018.25,2018-Q2,34082.98969927725,10.436553703013319
LTU,"Lithuania, Republic of",2018,3,2018.5,2018-Q3,33306.42386693912,10.413505566281094
LTU,"Lithuania, Republic of",2018,4,2018.75,2018-Q4,34640.22703404227,10.452770916755421
LTU,"Lithuania, Republic of",2019,1,2019.0,2019-Q1,35097.78653619716,10.465893345818683
LTU,"Lithuania, Republic of",2019,2,2019.25,2019-Q2,35445.58666026184,10.47575402943616
LTU,"Lithuania, Republic of",2019,3,2019.5,2019-Q3,35580.341012099685,10.47954854554994
LTU,"Lithuania, Republic of",2019,4,2019.75,2019-Q4,36077.85886895886,10.493434628428908
LTU,"Lithuania, Republic of",2020,1,2020.0,2020-Q1,35736.78711146984,10.483935888518904
LTU,"Lithuania, Republic of",2020,2,2020.25,2020-Q2,34727.07751057595,10.455274993351336
LTU,"Lithuania, Republic of",2020,3,2020.5,2020-Q3,37041.77691033132,10.519801660350588
LTU,"Lithuania, Republic of",2020,4,2020.75,2020-Q4,36905.05101160112,10.516103704444117
LTU,"Lithuania, Republic of",2021,1,2021.0,2021-Q1,37750.545430514765,10.53875520306325
LTU,"Lithuania, Republic of",2021,2,2021.25,2021-Q2,37976.53131874093,10.544723651041775
LTU,"Lithuania, Republic of",2021,3,2021.5,2021-Q3,37953.7721298804,10.544124175245988
LTU,"Lithuania, Republic of",2021,4,2021.75,2021-Q4,38739.42142742052,10.564613002090054
LTU,"Lithuania, Republic of",2022,1,2022.0,2022-Q1,38940.40812413491,10.569787759717054
LTU,"Lithuania, Republic of",2022,2,2022.25,2022-Q2,36910.93447414515,10.516263113344987
LTU,"Lithuania, Republic of",2022,3,2022.5,2022-Q3,36917.402832814725,10.516438340335654
LTU,"Lithuania, Republic of",2022,4,2022.75,2022-Q4,37707.02343104206,10.537601653990427
LTU,"Lithuania, Republic of",2023,1,2023.0,2023-Q1,38145.01285585811,10.549150303550308
LTU,"Lithuania, Republic of",2023,2,2023.25,2023-Q2,37393.28995495483,10.52924655433707
LTU,"Lithuania, Republic of",2023,3,2023.5,2023-Q3,36826.75513600101,10.513979901729368
LTU,"Lithuania, Republic of",2023,4,2023.75,2023-Q4,37195.80527652387,10.523951272519428
LTU,"Lithuania, Republic of",2024,1,2024.0,2024-Q1,38255.57304727668,10.55204452922378
LTU,"Lithuania, Republic of",2024,2,2024.25,2024-Q2,37423.77479248293,10.530061471076133
LTU,"Lithuania, Republic of",2024,3,2024.5,2024-Q3,37663.52476293288,10.536447392173816
LTU,"Lithuania, Republic of",2024,4,2024.75,2024-Q4,38271.12366145173,10.552450939406315
LTU,"Lithuania, Republic of",2025,1,2025.0,2025-Q1,38983.041419233465,10.570881995139183
LTU,"Lithuania, Republic of",2025,2,2025.25,2025-Q2,38940.04773671966,10.569778504829898
LTU,"Lithuania, Republic of",2025,3,2025.5,2025-Q3,38374.88882413953,10.555158587794475
LTU,"Lithuania, Republic of",2025,4,2025.75,2025-Q4,39843.07860311768,10.59270398288768
LTU,"Lithuania, Republic of",2026,1,2026.0,2026-Q1,39726.64249967898,10.58977733730105
LUX,Luxembourg,1995,2,1995.25,1995-Q2,189278.64740020563,12.150975533160718
LUX,Luxembourg,1996,2,1996.25,1996-Q2,187767.7931018266,12.142961335318802
LUX,Luxembourg,1997,2,1997.25,1997-Q2,190817.25314439516,12.159071459193294
LUX,Luxembourg,1998,2,1998.25,1998-Q2,203296.385304596,12.222420219353086
LUX,Luxembourg,1999,2,1999.25,1999-Q2,212381.85040684455,12.26614111463692
LUX,Luxembourg,2000,2,2000.25,2000-Q2,220071.3622419686,12.301707146563812
LUX,Luxembourg,2001,2,2001.25,2001-Q2,220552.55970547447,12.303891311475596
LUX,Luxembourg,2002,2,2002.25,2002-Q2,228785.3169227071,12.340539362139655
LUX,Luxembourg,2003,1,2003.0,2003-Q1,228941.7695686715,12.341222968841878
LUX,Luxembourg,2003,2,2003.25,2003-Q2,234777.9518270724,12.366395460598023
LUX,Luxembourg,2003,3,2003.5,2003-Q3,236402.82385971997,12.37329250970382
LUX,Luxembourg,2003,4,2003.75,2003-Q4,240794.54911454915,12.391699355593104
LUX,Luxembourg,2004,1,2004.0,2004-Q1,241191.2439035885,12.393345440952297
LUX,Luxembourg,2004,2,2004.25,2004-Q2,243618.77653959452,12.403359891238198
LUX,Luxembourg,2004,3,2004.5,2004-Q3,245672.529678656,12.411754747939026
LUX,Luxembourg,2004,4,2004.75,2004-Q4,243671.4748631357,12.403576182549566
LUX,Luxembourg,2005,1,2005.0,2005-Q1,236262.27218211457,12.372697789751257
LUX,Luxembourg,2005,2,2005.25,2005-Q2,235641.88147440943,12.37006848013273
LUX,Luxembourg,2005,3,2005.5,2005-Q3,243187.75595222693,12.401589082215596
LUX,Luxembourg,2005,4,2005.75,2005-Q4,256473.78938788903,12.45478175274939
LUX,Luxembourg,2006,1,2006.0,2006-Q1,252493.9225159151,12.439142458163982
LUX,Luxembourg,2006,2,2006.25,2006-Q2,254993.7251480322,12.44899421657518
LUX,Luxembourg,2006,3,2006.5,2006-Q3,255743.73170583244,12.451931174054401
LUX,Luxembourg,2006,4,2006.75,2006-Q4,257429.2564068939,12.458500228939656
LUX,Luxembourg,2007,1,2007.0,2007-Q1,262110.190594616,12.476520269115058
LUX,Luxembourg,2007,2,2007.25,2007-Q2,270069.75457788864,12.5064355549023
LUX,Luxembourg,2007,3,2007.5,2007-Q3,263275.6573287772,12.480956888983986
LUX,Luxembourg,2007,4,2007.75,2007-Q4,266729.24825977336,12.493989371422833
LUX,Luxembourg,2008,1,2008.0,2008-Q1,276431.82693429664,12.529719512344652
LUX,Luxembourg,2008,2,2008.25,2008-Q2,259756.4011960616,12.467499552338522
LUX,Luxembourg,2008,3,2008.5,2008-Q3,264766.87241303443,12.486604991038426
LUX,Luxembourg,2008,4,2008.75,2008-Q4,260998.1158836055,12.472268467442014
LUX,Luxembourg,2009,1,2009.0,2009-Q1,235347.86362906185,12.368819969367488
LUX,Luxembourg,2009,2,2009.25,2009-Q2,235258.41816090592,12.368439840700727
LUX,Luxembourg,2009,3,2009.5,2009-Q3,240764.3920504533,12.391574107937803
LUX,Luxembourg,2009,4,2009.75,2009-Q4,245622.95716814173,12.411552944698371
LUX,Luxembourg,2010,1,2010.0,2010-Q1,245665.24977988828,12.411725114969316
LUX,Luxembourg,2010,2,2010.25,2010-Q2,247356.8877856889,12.418587462581835
LUX,Luxembourg,2010,3,2010.5,2010-Q3,241372.1415605092,12.394095177342763
LUX,Luxembourg,2010,4,2010.75,2010-Q4,242199.09550624425,12.397515375603009
LUX,Luxembourg,2011,1,2011.0,2011-Q1,239493.4395087948,12.386281303010307
LUX,Luxembourg,2011,2,2011.25,2011-Q2,244483.4407553924,12.406902858631678
LUX,Luxembourg,2011,3,2011.5,2011-Q3,244190.61612213537,12.405704412902121
LUX,Luxembourg,2011,4,2011.75,2011-Q4,241170.7385984707,12.393260420549057
LUX,Luxembourg,2012,1,2012.0,2012-Q1,236961.3285101093,12.375652235960038
LUX,Luxembourg,2012,2,2012.25,2012-Q2,234036.44485359488,12.36323212945008
LUX,Luxembourg,2012,3,2012.5,2012-Q3,232074.00683657112,12.354811594765584
LUX,Luxembourg,2012,4,2012.75,2012-Q4,234930.523795977,12.367045105993789
LUX,Luxembourg,2013,1,2013.0,2013-Q1,233585.1897720764,12.361302127978044
LUX,Luxembourg,2013,2,2013.25,2013-Q2,241513.33509112816,12.394679968318966
LUX,Luxembourg,2013,3,2013.5,2013-Q3,242239.1971767251,12.397680935060954
LUX,Luxembourg,2013,4,2013.75,2013-Q4,239517.9869946162,12.386383795287044
LUX,Luxembourg,2014,1,2014.0,2014-Q1,236276.53608776323,12.372758161112944
LUX,Luxembourg,2014,2,2014.25,2014-Q2,233617.84084642213,12.361441900506298
LUX,Luxembourg,2014,3,2014.5,2014-Q3,243579.26994033743,12.403197712429685
LUX,Luxembourg,2014,4,2014.75,2014-Q4,240749.16390696057,12.391510856786057
LUX,Luxembourg,2015,1,2015.0,2015-Q1,230951.35025797263,12.349962362379754
LUX,Luxembourg,2015,2,2015.25,2015-Q2,229714.5327692589,12.344592655153225
LUX,Luxembourg,2015,3,2015.5,2015-Q3,235631.19328238152,12.370023121326541
LUX,Luxembourg,2015,4,2015.75,2015-Q4,234877.04026719247,12.366817423286628
LUX,Luxembourg,2016,1,2016.0,2016-Q1,238221.216657841,12.380955002708564
LUX,Luxembourg,2016,2,2016.25,2016-Q2,242542.1897996903,12.398930952782585
LUX,Luxembourg,2016,3,2016.5,2016-Q3,244352.9095767331,12.406368810041908
LUX,Luxembourg,2016,4,2016.75,2016-Q4,241089.3088396999,12.392922719924767
LUX,Luxembourg,2017,1,2017.0,2017-Q1,231823.66485872943,12.3537322963883
LUX,Luxembourg,2017,2,2017.25,2017-Q2,235223.8171973287,12.368292753473883
LUX,Luxembourg,2017,3,2017.5,2017-Q3,233463.71612545385,12.360781952690926
LUX,Luxembourg,2017,4,2017.75,2017-Q4,237734.1429317096,12.378908281786739
LUX,Luxembourg,2018,1,2018.0,2018-Q1,230350.30453246317,12.347356492405574
LUX,Luxembourg,2018,2,2018.25,2018-Q2,233306.0150557881,12.360106240170893
LUX,Luxembourg,2018,3,2018.5,2018-Q3,232830.63011010067,12.358066558822388
LUX,Luxembourg,2018,4,2018.75,2018-Q4,229714.6272701321,12.344593066537096
LUX,Luxembourg,2019,1,2019.0,2019-Q1,227960.27774644617,12.336926672348115
LUX,Luxembourg,2019,2,2019.25,2019-Q2,228938.1837644824,12.341207306202955
LUX,Luxembourg,2019,3,2019.5,2019-Q3,231318.91361392048,12.35155261579701
LUX,Luxembourg,2019,4,2019.75,2019-Q4,233052.40398528732,12.359018617067518
LUX,Luxembourg,2020,1,2020.0,2020-Q1,230843.95486960176,12.349497241192447
LUX,Luxembourg,2020,2,2020.25,2020-Q2,214393.0405086771,12.275566247337931
LUX,Luxembourg,2020,3,2020.5,2020-Q3,232296.91397282676,12.355771634007437
LUX,Luxembourg,2020,4,2020.75,2020-Q4,229104.6200831729,12.341934034467727
LUX,Luxembourg,2021,1,2021.0,2021-Q1,232793.78494005796,12.357908297490171
LUX,Luxembourg,2021,2,2021.25,2021-Q2,227293.9896914711,12.333999567306568
LUX,Luxembourg,2021,3,2021.5,2021-Q3,228268.49624094655,12.33827783018368
LUX,Luxembourg,2021,4,2021.75,2021-Q4,235521.9014816927,12.369559188036646
LUX,Luxembourg,2022,1,2022.0,2022-Q1,226545.8979047673,12.33070284313271
LUX,Luxembourg,2022,2,2022.25,2022-Q2,223581.5057360601,12.317531305465115
LUX,Luxembourg,2022,3,2022.5,2022-Q3,225131.83737755253,12.324441453488692
LUX,Luxembourg,2022,4,2022.75,2022-Q4,223286.8263450518,12.316212440767991
LUX,Luxembourg,2023,1,2023.0,2023-Q1,218015.35831372664,12.29232079027007
LUX,Luxembourg,2023,2,2023.25,2023-Q2,216583.14920657212,12.285729813692466
LUX,Luxembourg,2023,3,2023.5,2023-Q3,218918.73074599067,12.296455847442722
LUX,Luxembourg,2023,4,2023.75,2023-Q4,218782.92630421708,12.295835313140675
LUX,Luxembourg,2024,1,2024.0,2024-Q1,221963.83140952475,12.310269726002536
LUX,Luxembourg,2024,2,2024.25,2024-Q2,218115.64109738372,12.292780664874535
LUX,Luxembourg,2024,3,2024.5,2024-Q3,214974.26300364555,12.278273592984561
LUX,Luxembourg,2024,4,2024.75,2024-Q4,214336.03802589863,12.275300333566422
LUX,Luxembourg,2025,1,2025.0,2025-Q1,212191.55705575368,12.265244716697302
LUX,Luxembourg,2025,2,2025.25,2025-Q2,212861.3483437157,12.268396285990626
LUX,Luxembourg,2025,3,2025.5,2025-Q3,216943.82855865703,12.28739374444557
LUX,Luxembourg,2025,4,2025.75,2025-Q4,221148.307837034,12.306588831614627
LUX,Luxembourg,2026,1,2026.0,2026-Q1,216672.6858490982,12.286143133659822
LVA,"Latvia, Republic of",1996,2,1996.25,1996-Q2,11964.286757550995,9.389681387830288
LVA,"Latvia, Republic of",1996,4,1996.75,1996-Q4,12842.66122426211,9.46052781622502
LVA,"Latvia, Republic of",1997,2,1997.25,1997-Q2,13171.891522512027,9.485840408001671
LVA,"Latvia, Republic of",1997,4,1997.75,1997-Q4,13227.659052763462,9.490065299106936
LVA,"Latvia, Republic of",1998,2,1998.25,1998-Q2,14136.8518248005,9.556540271437022
LVA,"Latvia, Republic of",1998,4,1998.75,1998-Q4,13534.212288602112,9.512976002246374
LVA,"Latvia, Republic of",1999,2,1999.25,1999-Q2,14095.349326909138,9.553600186987758
LVA,"Latvia, Republic of",1999,4,1999.75,1999-Q4,15165.930852315134,9.626806799862061
LVA,"Latvia, Republic of",2000,2,2000.25,2000-Q2,15651.47331883266,9.658320333315684
LVA,"Latvia, Republic of",2000,4,2000.75,2000-Q4,16068.650846013325,9.684625500385334
LVA,"Latvia, Republic of",2001,2,2001.25,2001-Q2,17262.667064700523,9.756301475567923
LVA,"Latvia, Republic of",2001,4,2001.75,2001-Q4,17378.309689849815,9.762978138039639
LVA,"Latvia, Republic of",2002,1,2002.0,2002-Q1,17694.143813259692,9.780989005808408
LVA,"Latvia, Republic of",2002,2,2002.25,2002-Q2,17915.223074705762,9.793406081501093
LVA,"Latvia, Republic of",2002,3,2002.5,2002-Q3,17631.267535638657,9.777429169326977
LVA,"Latvia, Republic of",2002,4,2002.75,2002-Q4,18376.01667333422,9.818801651711482
LVA,"Latvia, Republic of",2003,1,2003.0,2003-Q1,18847.4289943002,9.844131790698482
LVA,"Latvia, Republic of",2003,2,2003.25,2003-Q2,19226.46935602033,9.864043220895153
LVA,"Latvia, Republic of",2003,3,2003.5,2003-Q3,19193.83904562409,9.862344623481482
LVA,"Latvia, Republic of",2003,4,2003.75,2003-Q4,19927.333222868638,9.899847597072156
LVA,"Latvia, Republic of",2004,1,2004.0,2004-Q1,20655.727804388676,9.935747935442892
LVA,"Latvia, Republic of",2004,2,2004.25,2004-Q2,20773.461866033165,9.941431579246652
LVA,"Latvia, Republic of",2004,3,2004.5,2004-Q3,20800.681386516066,9.942741024119965
LVA,"Latvia, Republic of",2004,4,2004.75,2004-Q4,21533.391851300632,9.977360118651552
LVA,"Latvia, Republic of",2005,1,2005.0,2005-Q1,22525.660719891785,10.022410414782936
LVA,"Latvia, Republic of",2005,2,2005.25,2005-Q2,22670.97526543821,10.028840762666144
LVA,"Latvia, Republic of",2005,3,2005.5,2005-Q3,23333.183847833097,10.057631825821426
LVA,"Latvia, Republic of",2005,4,2005.75,2005-Q4,23965.223626101284,10.084359042912652
LVA,"Latvia, Republic of",2006,1,2006.0,2006-Q1,24049.26321294876,10.0878596394284
LVA,"Latvia, Republic of",2006,2,2006.25,2006-Q2,24317.09969965578,10.098935073197836
LVA,"Latvia, Republic of",2006,3,2006.5,2006-Q3,24167.156411934724,10.092749817290754
LVA,"Latvia, Republic of",2006,4,2006.75,2006-Q4,25964.95882059021,10.164503170318763
LVA,"Latvia, Republic of",2007,1,2007.0,2007-Q1,27025.979712727545,10.204553893940144
LVA,"Latvia, Republic of",2007,2,2007.25,2007-Q2,26827.076003117578,10.197166955114561
LVA,"Latvia, Republic of",2007,3,2007.5,2007-Q3,26433.274128637488,10.182378879178204
LVA,"Latvia, Republic of",2007,4,2007.75,2007-Q4,26063.050774427094,10.168273911149598
LVA,"Latvia, Republic of",2008,1,2008.0,2008-Q1,26911.60000984009,10.200312699769833
LVA,"Latvia, Republic of",2008,2,2008.25,2008-Q2,25916.98728114568,10.162653912273534
LVA,"Latvia, Republic of",2008,3,2008.5,2008-Q3,25141.188387942344,10.132262751828216
LVA,"Latvia, Republic of",2008,4,2008.75,2008-Q4,25320.226423092805,10.13935881867835
LVA,"Latvia, Republic of",2009,1,2009.0,2009-Q1,25365.607067700235,10.141149482996484
LVA,"Latvia, Republic of",2009,2,2009.25,2009-Q2,24934.195319516795,10.123995446335249
LVA,"Latvia, Republic of",2009,3,2009.5,2009-Q3,24928.323295064223,10.123759917740108
LVA,"Latvia, Republic of",2009,4,2009.75,2009-Q4,25599.5666554198,10.150330702801718
LVA,"Latvia, Republic of",2010,1,2010.0,2010-Q1,26607.47846998821,10.188947600744083
LVA,"Latvia, Republic of",2010,2,2010.25,2010-Q2,26056.941110522486,10.168039465068098
LVA,"Latvia, Republic of",2010,3,2010.5,2010-Q3,25189.43771406703,10.134180047305819
LVA,"Latvia, Republic of",2010,4,2010.75,2010-Q4,25626.212114849903,10.151371017364927
LVA,"Latvia, Republic of",2011,1,2011.0,2011-Q1,26278.59728107159,10.176510095263485
LVA,"Latvia, Republic of",2011,2,2011.25,2011-Q2,26292.91955559526,10.177054963501641
LVA,"Latvia, Republic of",2011,3,2011.5,2011-Q3,26237.92960310353,10.174961337624325
LVA,"Latvia, Republic of",2011,4,2011.75,2011-Q4,26315.37228872641,10.177908545083831
LVA,"Latvia, Republic of",2012,1,2012.0,2012-Q1,28629.974140539118,10.262209494862242
LVA,"Latvia, Republic of",2012,2,2012.25,2012-Q2,27878.15128080346,10.235598552805113
LVA,"Latvia, Republic of",2012,3,2012.5,2012-Q3,27195.041874364008,10.2107899516376
LVA,"Latvia, Republic of",2012,4,2012.75,2012-Q4,27395.07921352749,10.21811868550064
LVA,"Latvia, Republic of",2013,1,2013.0,2013-Q1,27805.131099715287,10.23297585457963
LVA,"Latvia, Republic of",2013,2,2013.25,2013-Q2,27735.16216383031,10.230456279374362
LVA,"Latvia, Republic of",2013,3,2013.5,2013-Q3,27578.641146408678,10.224796880605181
LVA,"Latvia, Republic of",2013,4,2013.75,2013-Q4,27888.19793674818,10.235958865294432
LVA,"Latvia, Republic of",2014,1,2014.0,2014-Q1,28529.17140182268,10.258682400737161
LVA,"Latvia, Republic of",2014,2,2014.25,2014-Q2,28342.202913036515,10.252107241805822
LVA,"Latvia, Republic of",2014,3,2014.5,2014-Q3,28754.929140709035,10.266564479902392
LVA,"Latvia, Republic of",2014,4,2014.75,2014-Q4,28939.590765668017,10.272965859300006
LVA,"Latvia, Republic of",2015,1,2015.0,2015-Q1,29219.616301891336,10.282595553866363
LVA,"Latvia, Republic of",2015,2,2015.25,2015-Q2,29135.05066778164,10.279697218644879
LVA,"Latvia, Republic of",2015,3,2015.5,2015-Q3,29494.06383560572,10.29194429616759
LVA,"Latvia, Republic of",2015,4,2015.75,2015-Q4,29479.737761756747,10.291458450800912
LVA,"Latvia, Republic of",2016,1,2016.0,2016-Q1,30156.699599999865,10.314162386425798
LVA,"Latvia, Republic of",2016,2,2016.25,2016-Q2,29942.35841644634,10.307029426295706
LVA,"Latvia, Republic of",2016,3,2016.5,2016-Q3,30071.027805744205,10.311317455835557
LVA,"Latvia, Republic of",2016,4,2016.75,2016-Q4,30582.0116388422,10.328167260146214
LVA,"Latvia, Republic of",2017,1,2017.0,2017-Q1,31186.468982224364,10.347739593261231
LVA,"Latvia, Republic of",2017,2,2017.25,2017-Q2,31004.803490020025,10.34189742275454
LVA,"Latvia, Republic of",2017,3,2017.5,2017-Q3,30925.759690143528,10.339344762525444
LVA,"Latvia, Republic of",2017,4,2017.75,2017-Q4,31195.93817625497,10.34804317866406
LVA,"Latvia, Republic of",2018,1,2018.0,2018-Q1,31720.163331364554,10.364707824895822
LVA,"Latvia, Republic of",2018,2,2018.25,2018-Q2,31769.56579503006,10.366264060032302
LVA,"Latvia, Republic of",2018,3,2018.5,2018-Q3,31599.69864284146,10.360902862910589
LVA,"Latvia, Republic of",2018,4,2018.75,2018-Q4,32242.16025040383,10.38103019966129
LVA,"Latvia, Republic of",2019,1,2019.0,2019-Q1,32413.34803138247,10.38632559321873
LVA,"Latvia, Republic of",2019,2,2019.25,2019-Q2,32256.839511238464,10.381485377606445
LVA,"Latvia, Republic of",2019,3,2019.5,2019-Q3,31978.391802547405,10.372815697523338
LVA,"Latvia, Republic of",2019,4,2019.75,2019-Q4,31926.085989451363,10.371178697219637
LVA,"Latvia, Republic of",2020,1,2020.0,2020-Q1,32196.029627387445,10.379598420432714
LVA,"Latvia, Republic of",2020,2,2020.25,2020-Q2,29354.37149241048,10.287196757688612
LVA,"Latvia, Republic of",2020,3,2020.5,2020-Q3,32411.723472461057,10.386275471903504
LVA,"Latvia, Republic of",2020,4,2020.75,2020-Q4,32829.17131642629,10.399072768520842
LVA,"Latvia, Republic of",2021,1,2021.0,2021-Q1,33941.67758355699,10.432398965485289
LVA,"Latvia, Republic of",2021,2,2021.25,2021-Q2,33949.30965398326,10.432623798582258
LVA,"Latvia, Republic of",2021,3,2021.5,2021-Q3,35252.270915426525,10.470285229298002
LVA,"Latvia, Republic of",2021,4,2021.75,2021-Q4,35752.0350937415,10.48436247220101
LVA,"Latvia, Republic of",2022,1,2022.0,2022-Q1,35465.74379477989,10.476322546059148
LVA,"Latvia, Republic of",2022,2,2022.25,2022-Q2,34695.49658262477,10.454365176032052
LVA,"Latvia, Republic of",2022,3,2022.5,2022-Q3,34145.539840169586,10.438387251496291
LVA,"Latvia, Republic of",2022,4,2022.75,2022-Q4,34525.11973474818,10.449442446330803
LVA,"Latvia, Republic of",2023,1,2023.0,2023-Q1,34952.48384126897,10.461744813556429
LVA,"Latvia, Republic of",2023,2,2023.25,2023-Q2,34263.22130777689,10.441827792787162
LVA,"Latvia, Republic of",2023,3,2023.5,2023-Q3,33990.04224450359,10.433822885540334
LVA,"Latvia, Republic of",2023,4,2023.75,2023-Q4,34291.26290427216,10.44264587488293
LVA,"Latvia, Republic of",2024,1,2024.0,2024-Q1,34212.22665696743,10.440338363750849
LVA,"Latvia, Republic of",2024,2,2024.25,2024-Q2,34330.22049718639,10.443781309302839
LVA,"Latvia, Republic of",2024,3,2024.5,2024-Q3,34479.948014704794,10.448133217082317
LVA,"Latvia, Republic of",2024,4,2024.75,2024-Q4,35093.10985873709,10.465760089863647
LVA,"Latvia, Republic of",2025,1,2025.0,2025-Q1,35301.02675717463,10.471667329103894
LVA,"Latvia, Republic of",2025,2,2025.25,2025-Q2,34620.18946093513,10.452192301301451
LVA,"Latvia, Republic of",2025,3,2025.5,2025-Q3,34762.38561428678,10.456291208045236
LVA,"Latvia, Republic of",2025,4,2025.75,2025-Q4,35392.503613253946,10.474255314359597
LVA,"Latvia, Republic of",2026,1,2026.0,2026-Q1,36103.871203194416,10.494155374117204
MAR,Morocco,2014,1,2014.0,2014-Q1,9972.123516863763,9.207548830934945
MAR,Morocco,2014,2,2014.25,2014-Q2,9768.703327545238,9.18693901642788
MAR,Morocco,2014,3,2014.5,2014-Q3,9912.837068898263,9.201585869793542
MAR,Morocco,2014,4,2014.75,2014-Q4,9918.382785661026,9.202145161349785
MAR,Morocco,2015,1,2015.0,2015-Q1,10337.680176446442,9.243550768582372
MAR,Morocco,2015,2,2015.25,2015-Q2,10087.23317745868,9.219025861418826
MAR,Morocco,2015,3,2015.5,2015-Q3,10284.723758346046,9.238414943033701
MAR,Morocco,2015,4,2015.75,2015-Q4,10451.901917865822,9.254539242542304
MAR,Morocco,2016,1,2016.0,2016-Q1,10428.851331964035,9.252331410766374
MAR,Morocco,2016,2,2016.25,2016-Q2,10064.43098500287,9.216762802447256
MAR,Morocco,2016,3,2016.5,2016-Q3,10448.346276053093,9.254198993774533
MAR,Morocco,2016,4,2016.75,2016-Q4,10577.388040908356,9.266473797892338
MAR,Morocco,2017,1,2017.0,2017-Q1,10687.85317796088,9.27686315859009
MAR,Morocco,2017,2,2017.25,2017-Q2,10651.802800527466,9.27348443385666
MAR,Morocco,2017,3,2017.5,2017-Q3,11242.096686715116,9.327420644015618
MDV,Maldives,2003,1,2003.0,2003-Q1,28056.10854370265,10.241961660635694
MDV,Maldives,2003,2,2003.25,2003-Q2,25586.934271331556,10.149837120153324
MDV,Maldives,2003,3,2003.5,2003-Q3,26880.63290104808,10.199161339785793
MDV,Maldives,2003,4,2003.75,2003-Q4,30213.880988286932,10.316056733136719
MDV,Maldives,2004,1,2004.0,2004-Q1,31928.261167484798,10.371246826583764
MDV,Maldives,2004,2,2004.25,2004-Q2,27572.218511116684,10.22456396908355
MDV,Maldives,2004,3,2004.5,2004-Q3,28831.00000365205,10.269206476248447
MDV,Maldives,2004,4,2004.75,2004-Q4,29631.41150625119,10.296590277173475
MDV,Maldives,2005,1,2005.0,2005-Q1,24186.464884127392,10.093548453368111
MDV,Maldives,2005,2,2005.25,2005-Q2,24782.234059799608,10.117882306882043
MDV,Maldives,2005,3,2005.5,2005-Q3,26710.058925916,10.192795512238451
MDV,Maldives,2005,4,2005.75,2005-Q4,29781.677812665177,10.301648644901626
MDV,Maldives,2006,1,2006.0,2006-Q1,33392.07966914169,10.416074015189245
MDV,Maldives,2006,2,2006.25,2006-Q2,31870.45333849457,10.36943463192567
MDV,Maldives,2006,3,2006.5,2006-Q3,31923.34343259135,10.371092790207264
MDV,Maldives,2006,4,2006.75,2006-Q4,34049.09375591927,10.435558696125652
MDV,Maldives,2007,1,2007.0,2007-Q1,35348.71243581939,10.473017247346505
MDV,Maldives,2007,2,2007.25,2007-Q2,33244.16362659404,10.411634500649555
MDV,Maldives,2007,3,2007.5,2007-Q3,34954.67383153387,10.461807467806395
MDV,Maldives,2007,4,2007.75,2007-Q4,38017.495852075095,10.545801749908936
MDV,Maldives,2008,1,2008.0,2008-Q1,41242.34527557148,10.6272208054657
MDV,Maldives,2008,2,2008.25,2008-Q2,37758.24457486081,10.53895913016557
MDV,Maldives,2008,3,2008.5,2008-Q3,37015.221516732905,10.519084499371864
MDV,Maldives,2008,4,2008.75,2008-Q4,34656.86601118011,10.453251138269092
MDV,Maldives,2009,1,2009.0,2009-Q1,31690.549948307584,10.363773806535889
MDV,Maldives,2009,2,2009.25,2009-Q2,27083.57856482028,10.206682866183938
MDV,Maldives,2009,3,2009.5,2009-Q3,25405.075055555026,10.142704238385011
MDV,Maldives,2009,4,2009.75,2009-Q4,29518.65092735096,10.29277757737713
MDV,Maldives,2010,1,2010.0,2010-Q1,29337.25354190932,10.286613439336922
MDV,Maldives,2010,2,2010.25,2010-Q2,24409.165063607747,10.102713958115725
MDV,Maldives,2010,3,2010.5,2010-Q3,23015.569092033176,10.043926182951203
MDV,Maldives,2010,4,2010.75,2010-Q4,24247.72362105996,10.096078020662947
MDV,Maldives,2011,1,2011.0,2011-Q1,25100.940845792305,10.130660608313478
MDV,Maldives,2011,2,2011.25,2011-Q2,23030.318534856167,10.044566824019824
MDV,Maldives,2011,3,2011.5,2011-Q3,22192.758285849523,10.007521311304377
MDV,Maldives,2011,4,2011.75,2011-Q4,23214.32120113443,10.0525246603597
MDV,Maldives,2012,1,2012.0,2012-Q1,21765.68925883269,9.98809012170609
MDV,Maldives,2012,2,2012.25,2012-Q2,20148.538501931747,9.910887033822833
MDV,Maldives,2012,3,2012.5,2012-Q3,20203.252415462703,9.91359888109494
MDV,Maldives,2012,4,2012.75,2012-Q4,21405.12906447315,9.971385848202221
MDV,Maldives,2013,1,2013.0,2013-Q1,21248.506263723822,9.964041878410042
MDV,Maldives,2013,2,2013.25,2013-Q2,19102.113361555275,9.857554255115618
MDV,Maldives,2013,3,2013.5,2013-Q3,18866.459641692272,9.84514100240778
MDV,Maldives,2013,4,2013.75,2013-Q4,20106.59544009045,9.908803171571634
MDV,Maldives,2014,1,2014.0,2014-Q1,20122.17761831271,9.909577849883544
MDV,Maldives,2014,2,2014.25,2014-Q2,18984.472433421328,9.851376683679389
MEX,Mexico,1995,2,1995.25,1995-Q2,21351.64649240812,9.968884134765595
MEX,Mexico,1996,2,1996.25,1996-Q2,22224.275700928203,10.008940470466502
MEX,Mexico,1997,2,1997.25,1997-Q2,22641.909380998182,10.027557865377513
MEX,Mexico,1998,2,1998.25,1998-Q2,23625.60967151321,10.070086558230587
MEX,Mexico,1999,2,1999.25,1999-Q2,23978.937207158797,10.08493110763099
MEX,Mexico,2000,2,2000.25,2000-Q2,24696.711417827926,10.114425372773395
MEX,Mexico,2000,3,2000.5,2000-Q3,25010.94929117294,10.127068979615668
MEX,Mexico,2000,4,2000.75,2000-Q4,24488.731382706344,10.105968347163326
MEX,Mexico,2001,1,2001.0,2001-Q1,24942.2765298583,10.124319495335211
MEX,Mexico,2001,2,2001.25,2001-Q2,24750.55595181012,10.116603230443953
MEX,Mexico,2001,3,2001.5,2001-Q3,24399.764887195248,10.102328775464182
MEX,Mexico,2001,4,2001.75,2001-Q4,24097.90770339049,10.089880298423205
MEX,Mexico,2002,1,2002.0,2002-Q1,23846.35361613189,10.079386596415393
MEX,Mexico,2002,2,2002.25,2002-Q2,23960.8590933216,10.084176906900522
MEX,Mexico,2002,3,2002.5,2002-Q3,24101.492155944943,10.090029032746518
MEX,Mexico,2002,4,2002.75,2002-Q4,24149.777887822485,10.092030461846809
MEX,Mexico,2003,1,2003.0,2003-Q1,23967.034253126272,10.084434592327845
MEX,Mexico,2003,2,2003.25,2003-Q2,24000.018514145133,10.0858098807525
MEX,Mexico,2003,3,2003.5,2003-Q3,23698.57833987377,10.073170339664676
MEX,Mexico,2003,4,2003.75,2003-Q4,23808.570424895857,10.077800896724824
MEX,Mexico,2004,1,2004.0,2004-Q1,24023.494186561267,10.086787554936075
MEX,Mexico,2004,2,2004.25,2004-Q2,23995.50011233995,10.08562159643147
MEX,Mexico,2004,3,2004.5,2004-Q3,24040.527403892404,10.08749632700635
MEX,Mexico,2004,4,2004.75,2004-Q4,24330.963019217725,10.099505016548605
MEX,Mexico,2005,1,2005.0,2005-Q1,24003.24148614965,10.085944162132945
MEX,Mexico,2005,2,2005.25,2005-Q2,23875.631918913212,10.080613632806548
MEX,Mexico,2005,3,2005.5,2005-Q3,23740.30728230901,10.074929611732335
MEX,Mexico,2005,4,2005.75,2005-Q4,23881.73635155797,10.080869276402462
MEX,Mexico,2006,1,2006.0,2006-Q1,24428.64460848017,10.103511682093776
MEX,Mexico,2006,2,2006.25,2006-Q2,24360.62892347347,10.100723539367136
MEX,Mexico,2006,3,2006.5,2006-Q3,24195.723693210497,10.093931189638147
MEX,Mexico,2006,4,2006.75,2006-Q4,24104.52696471397,10.090154942698362
MEX,Mexico,2007,1,2007.0,2007-Q1,24513.576614709,10.106982390588913
MEX,Mexico,2007,2,2007.25,2007-Q2,24370.317503493963,10.101121174991254
MEX,Mexico,2007,3,2007.5,2007-Q3,24429.46559762101,10.103545289170981
MEX,Mexico,2007,4,2007.75,2007-Q4,23874.204375374,10.08055384020199
MEX,Mexico,2008,1,2008.0,2008-Q1,24176.660151723863,10.093142990216977
MEX,Mexico,2008,2,2008.25,2008-Q2,24022.385601326994,10.086741407993221
MEX,Mexico,2008,3,2008.5,2008-Q3,24177.9842355449,10.093197755745217
MEX,Mexico,2008,4,2008.75,2008-Q4,23922.011932393485,10.08255431541346
MEX,Mexico,2009,1,2009.0,2009-Q1,22536.18465904828,10.022877503481118
MEX,Mexico,2009,2,2009.25,2009-Q2,21953.327176250685,9.996673986799893
MEX,Mexico,2009,3,2009.5,2009-Q3,22395.689202830392,10.01662377302075
MEX,Mexico,2009,4,2009.75,2009-Q4,22590.38809103753,10.02527978908595
MEX,Mexico,2010,1,2010.0,2010-Q1,23096.830808921888,10.047450692678904
MEX,Mexico,2010,2,2010.25,2010-Q2,22802.28063854331,10.034615837946351
MEX,Mexico,2010,3,2010.5,2010-Q3,23093.234604961064,10.047294979369738
MEX,Mexico,2010,4,2010.75,2010-Q4,23559.54162047114,10.067286181738869
MEX,Mexico,2011,1,2011.0,2011-Q1,24072.53069947271,10.088826664405877
MEX,Mexico,2011,2,2011.25,2011-Q2,23686.061327425607,10.072642024462654
MEX,Mexico,2011,3,2011.5,2011-Q3,23898.204493253623,10.08155860929223
MEX,Mexico,2011,4,2011.75,2011-Q4,23603.46649349557,10.069148865544719
MEX,Mexico,2012,1,2012.0,2012-Q1,24111.621412322467,10.09044921952878
MEX,Mexico,2012,2,2012.25,2012-Q2,23632.64775158576,10.070384414330594
MEX,Mexico,2012,3,2012.5,2012-Q3,23564.42543134301,10.067493456770869
MEX,Mexico,2012,4,2012.75,2012-Q4,23971.68975409684,10.084628819482681
MEX,Mexico,2013,1,2013.0,2013-Q1,24217.07598558065,10.09481328255144
MEX,Mexico,2013,2,2013.25,2013-Q2,23655.60837060317,10.071355506212791
MEX,Mexico,2013,3,2013.5,2013-Q3,23794.507084580844,10.077210038256846
MEX,Mexico,2013,4,2013.75,2013-Q4,23610.137294658245,10.069431445168888
MEX,Mexico,2014,1,2014.0,2014-Q1,24185.110946614772,10.09349247266086
MEX,Mexico,2014,2,2014.25,2014-Q2,24370.456180234887,10.101126865370395
MEX,Mexico,2014,3,2014.5,2014-Q3,24333.43675640252,10.099606681716503
MEX,Mexico,2014,4,2014.75,2014-Q4,24359.107230737754,10.10066107216775
MEX,Mexico,2015,1,2015.0,2015-Q1,24490.11787235788,10.106024963015802
MEX,Mexico,2015,2,2015.25,2015-Q2,24430.4526804582,10.103585693775496
MEX,Mexico,2015,3,2015.5,2015-Q3,24514.473865937216,10.107018992135151
MEX,Mexico,2015,4,2015.75,2015-Q4,24042.520244018426,10.087579218595991
MEX,Mexico,2016,1,2016.0,2016-Q1,24374.31316495373,10.101285117620993
MEX,Mexico,2016,2,2016.25,2016-Q2,24174.123659365807,10.093038069793337
MEX,Mexico,2016,3,2016.5,2016-Q3,24084.879329806565,10.089339508871433
MEX,Mexico,2016,4,2016.75,2016-Q4,24308.82424095485,10.098594700898033
MEX,Mexico,2017,1,2017.0,2017-Q1,24569.790531617764,10.109272940107202
MEX,Mexico,2017,2,2017.25,2017-Q2,24420.757750054512,10.10318877707904
MEX,Mexico,2017,3,2017.5,2017-Q3,24153.333656815503,10.092177689173816
MEX,Mexico,2017,4,2017.75,2017-Q4,24290.01924790717,10.097820814416949
MEX,Mexico,2018,1,2018.0,2018-Q1,24579.29732591815,10.109659795482687
MEX,Mexico,2018,2,2018.25,2018-Q2,24068.22539797218,10.088647801344262
MEX,Mexico,2018,3,2018.5,2018-Q3,24039.43087613369,10.08745071433121
MEX,Mexico,2018,4,2018.75,2018-Q4,23893.991719784444,10.081382313837578
MEX,Mexico,2019,1,2019.0,2019-Q1,23896.14435344937,10.081472400782008
MEX,Mexico,2019,2,2019.25,2019-Q2,23458.99074516614,10.063009101041922
MEX,Mexico,2019,3,2019.5,2019-Q3,23338.18751772179,10.05784624720059
MEX,Mexico,2019,4,2019.75,2019-Q4,22956.61176740256,10.041361268437655
MEX,Mexico,2020,1,2020.0,2020-Q1,22795.61226485298,10.034323351898717
MEX,Mexico,2020,2,2020.25,2020-Q2,22890.43926315676,10.038474602939711
MEX,Mexico,2020,3,2020.5,2020-Q3,22553.88344675572,10.02366254503727
MEX,Mexico,2020,4,2020.75,2020-Q4,22712.7480815426,10.030681635332396
MEX,Mexico,2021,1,2021.0,2021-Q1,23013.949390323447,10.043855806298838
MEX,Mexico,2021,2,2021.25,2021-Q2,25561.710828658343,10.148850840080076
MEX,Mexico,2021,3,2021.5,2021-Q3,21784.84520398876,9.988969832902646
MEX,Mexico,2021,4,2021.75,2021-Q4,21766.521956811685,9.988128378342077
MEX,Mexico,2022,1,2022.0,2022-Q1,22318.862544356984,10.013187453922349
MEX,Mexico,2022,2,2022.25,2022-Q2,21939.42410300105,9.996040484760973
MEX,Mexico,2022,3,2022.5,2022-Q3,22080.11458073316,10.002432689722365
MEX,Mexico,2022,4,2022.75,2022-Q4,22053.11315004813,10.00120905685242
MEX,Mexico,2023,1,2023.0,2023-Q1,22232.78952292868,10.009323483697884
MEX,Mexico,2023,2,2023.25,2023-Q2,22286.717889293257,10.01174616965631
MEX,Mexico,2023,3,2023.5,2023-Q3,22184.222533457425,10.007136618504651
MEX,Mexico,2023,4,2023.75,2023-Q4,22153.83192544439,10.005765759402093
MEX,Mexico,2024,1,2024.0,2024-Q1,22402.607179057457,10.016932622992325
MEX,Mexico,2024,2,2024.25,2024-Q2,22245.67975689342,10.009903100511785
MEX,Mexico,2024,3,2024.5,2024-Q3,22360.23735345534,10.015039542304617
MEX,Mexico,2024,4,2024.75,2024-Q4,22138.402687342525,10.005069057650157
MEX,Mexico,2025,1,2025.0,2025-Q1,22610.965565238035,10.02619026958963
MEX,Mexico,2025,2,2025.25,2025-Q2,22337.42668569673,10.014018877344636
MEX,Mexico,2025,3,2025.5,2025-Q3,22251.20892622621,10.010151619881336
MEX,Mexico,2025,4,2025.75,2025-Q4,22387.243872092797,10.016246605637651
MEX,Mexico,2026,1,2026.0,2026-Q1,22501.63947296882,10.021343451003233
MEX,Mexico,2026,2,2026.25,2026-Q2,22502.60948957914,10.021386558782291
MKD,"North Macedonia, Republic of",2004,1,2004.0,2004-Q1,12807.658367306263,9.457798580937476
MKD,"North Macedonia, Republic of",2004,2,2004.25,2004-Q2,12405.508829114126,9.425895913351118
MKD,"North Macedonia, Republic of",2004,3,2004.5,2004-Q3,12977.887212300902,9.471002204459184
MKD,"North Macedonia, Republic of",2004,4,2004.75,2004-Q4,15136.792276586972,9.624883633776616
MKD,"North Macedonia, Republic of",2005,1,2005.0,2005-Q1,13523.852274821407,9.512210240581295
MKD,"North Macedonia, Republic of",2005,2,2005.25,2005-Q2,13009.804297821782,9.473458528950813
MKD,"North Macedonia, Republic of",2005,3,2005.5,2005-Q3,12883.902355009404,9.463733931643219
MKD,"North Macedonia, Republic of",2005,4,2005.75,2005-Q4,13620.523807249288,9.519333037646021
MKD,"North Macedonia, Republic of",2006,1,2006.0,2006-Q1,14091.072999911736,9.55329675528716
MKD,"North Macedonia, Republic of",2006,2,2006.25,2006-Q2,13750.33488973608,9.528818458415294
MKD,"North Macedonia, Republic of",2006,3,2006.5,2006-Q3,13339.695238638093,9.498499473529344
MKD,"North Macedonia, Republic of",2006,4,2006.75,2006-Q4,13851.38098676147,9.536140216880234
MKD,"North Macedonia, Republic of",2007,1,2007.0,2007-Q1,14030.294776250508,9.548974183299919
MKD,"North Macedonia, Republic of",2007,2,2007.25,2007-Q2,13724.432817857896,9.526932940777604
MKD,"North Macedonia, Republic of",2007,3,2007.5,2007-Q3,13728.19062499279,9.52720670748454
MKD,"North Macedonia, Republic of",2007,4,2007.75,2007-Q4,14247.006594500468,9.564302100086532
MKD,"North Macedonia, Republic of",2008,1,2008.0,2008-Q1,13990.457399173449,9.546130761847971
MKD,"North Macedonia, Republic of",2008,2,2008.25,2008-Q2,13872.41843353476,9.5376578624592
MKD,"North Macedonia, Republic of",2008,3,2008.5,2008-Q3,13964.325427764235,9.544261172720221
MKD,"North Macedonia, Republic of",2008,4,2008.75,2008-Q4,15113.638476327233,9.623352825506785
MKD,"North Macedonia, Republic of",2009,1,2009.0,2009-Q1,14055.61206910922,9.550777030532547
MKD,"North Macedonia, Republic of",2009,2,2009.25,2009-Q2,13610.319022481865,9.51858353567071
MKD,"North Macedonia, Republic of",2009,3,2009.5,2009-Q3,13359.29379959784,9.499967586381995
MKD,"North Macedonia, Republic of",2009,4,2009.75,2009-Q4,14332.09555301869,9.570256745512491
MKD,"North Macedonia, Republic of",2010,1,2010.0,2010-Q1,15955.806469929765,9.677578083967644
MKD,"North Macedonia, Republic of",2010,2,2010.25,2010-Q2,14423.949004997026,9.576645229449632
MKD,"North Macedonia, Republic of",2010,3,2010.5,2010-Q3,14706.417831890742,9.596039264693816
MKD,"North Macedonia, Republic of",2010,4,2010.75,2010-Q4,13981.970108746586,9.545523929231466
MKD,"North Macedonia, Republic of",2011,1,2011.0,2011-Q1,14063.18419564543,9.551315611675777
MKD,"North Macedonia, Republic of",2011,2,2011.25,2011-Q2,14291.11679384042,9.567393419993387
MKD,"North Macedonia, Republic of",2011,3,2011.5,2011-Q3,14032.966949325306,9.549164622537452
MKD,"North Macedonia, Republic of",2011,4,2011.75,2011-Q4,14693.531561045274,9.595162646064413
MKD,"North Macedonia, Republic of",2012,1,2012.0,2012-Q1,13863.39991083108,9.5370075464736
MKD,"North Macedonia, Republic of",2012,2,2012.25,2012-Q2,14402.245070790415,9.57513938110553
MKD,"North Macedonia, Republic of",2012,3,2012.5,2012-Q3,13574.690972680552,9.5159623800996
MKD,"North Macedonia, Republic of",2012,4,2012.75,2012-Q4,14121.379155578135,9.555445180185247
MKD,"North Macedonia, Republic of",2013,1,2013.0,2013-Q1,13554.600720832832,9.514481305271172
MKD,"North Macedonia, Republic of",2013,2,2013.25,2013-Q2,13858.342121636477,9.536642649545781
MKD,"North Macedonia, Republic of",2013,3,2013.5,2013-Q3,13420.6405874984,9.50454914317918
MKD,"North Macedonia, Republic of",2013,4,2013.75,2013-Q4,14325.583237779198,9.569802255433297
MKD,"North Macedonia, Republic of",2014,1,2014.0,2014-Q1,14986.70914575505,9.61491903035419
MKD,"North Macedonia, Republic of",2014,2,2014.25,2014-Q2,13397.63330636965,9.502833351412406
MKD,"North Macedonia, Republic of",2014,3,2014.5,2014-Q3,14934.714556560444,9.611443618084603
MKD,"North Macedonia, Republic of",2014,4,2014.75,2014-Q4,13020.530848883946,9.474282686735096
MKD,"North Macedonia, Republic of",2015,1,2015.0,2015-Q1,14956.33482443993,9.61289022314515
MKD,"North Macedonia, Republic of",2015,2,2015.25,2015-Q2,14153.593074252192,9.55772379834624
MKD,"North Macedonia, Republic of",2015,3,2015.5,2015-Q3,14094.673581604078,9.553552244826989
MKD,"North Macedonia, Republic of",2015,4,2015.75,2015-Q4,13870.21202344496,9.537498799669686
MKD,"North Macedonia, Republic of",2016,1,2016.0,2016-Q1,14274.93161152693,9.56626024372653
MKD,"North Macedonia, Republic of",2016,2,2016.25,2016-Q2,14298.562664695522,9.567914298237877
MKD,"North Macedonia, Republic of",2016,3,2016.5,2016-Q3,14288.571120387029,9.567215274348987
MKD,"North Macedonia, Republic of",2016,4,2016.75,2016-Q4,14427.154720948136,9.5768674542903
MKD,"North Macedonia, Republic of",2017,1,2017.0,2017-Q1,14544.42176673604,9.584962815359825
MKD,"North Macedonia, Republic of",2017,2,2017.25,2017-Q2,14029.244815770924,9.548899345259427
MKD,"North Macedonia, Republic of",2017,3,2017.5,2017-Q3,14087.92230541224,9.553073135212811
MKD,"North Macedonia, Republic of",2017,4,2017.75,2017-Q4,14248.20846241403,9.564386455857274
MKD,"North Macedonia, Republic of",2018,1,2018.0,2018-Q1,14621.153142798365,9.590224604529766
MKD,"North Macedonia, Republic of",2018,2,2018.25,2018-Q2,14119.877248523351,9.55533881756209
MKD,"North Macedonia, Republic of",2018,3,2018.5,2018-Q3,14191.436577115875,9.56039400372718
MKD,"North Macedonia, Republic of",2018,4,2018.75,2018-Q4,14418.608235220989,9.576274889899459
MKD,"North Macedonia, Republic of",2019,1,2019.0,2019-Q1,14106.874884770505,9.554417538017699
MKD,"North Macedonia, Republic of",2019,2,2019.25,2019-Q2,14162.498366723144,9.558352790012206
MKD,"North Macedonia, Republic of",2019,3,2019.5,2019-Q3,14097.190246076185,9.553730783180761
MKD,"North Macedonia, Republic of",2019,4,2019.75,2019-Q4,13892.88477360092,9.539132101268713
MKD,"North Macedonia, Republic of",2020,1,2020.0,2020-Q1,13809.82896966339,9.533135861798291
MKD,"North Macedonia, Republic of",2020,2,2020.25,2020-Q2,12035.983666023109,9.395656080655554
MKD,"North Macedonia, Republic of",2020,3,2020.5,2020-Q3,13876.769574481545,9.537971467382068
MKD,"North Macedonia, Republic of",2020,4,2020.75,2020-Q4,14180.448173903013,9.559619405644698
MKD,"North Macedonia, Republic of",2021,1,2021.0,2021-Q1,14147.656298412565,9.557304256731767
MKD,"North Macedonia, Republic of",2021,2,2021.25,2021-Q2,13891.103027499414,9.539003844222481
MKD,"North Macedonia, Republic of",2021,3,2021.5,2021-Q3,14029.95429920785,9.548949915728967
MKD,"North Macedonia, Republic of",2021,4,2021.75,2021-Q4,14218.38672926659,9.562291246096066
MKD,"North Macedonia, Republic of",2022,1,2022.0,2022-Q1,16727.86118541139,9.724830942736604
MKD,"North Macedonia, Republic of",2022,2,2022.25,2022-Q2,16520.850084514586,9.712378503651456
MKD,"North Macedonia, Republic of",2022,3,2022.5,2022-Q3,16488.566692381137,9.710422491968812
MKD,"North Macedonia, Republic of",2022,4,2022.75,2022-Q4,16731.47878928315,9.72504718154398
MKD,"North Macedonia, Republic of",2023,1,2023.0,2023-Q1,16943.562068325784,9.73764322168127
MKD,"North Macedonia, Republic of",2023,2,2023.25,2023-Q2,16881.962846542396,9.73400104376778
MKD,"North Macedonia, Republic of",2023,3,2023.5,2023-Q3,17003.142709696334,9.74115347122913
MKD,"North Macedonia, Republic of",2023,4,2023.75,2023-Q4,17180.736656721445,9.751544073357131
MKD,"North Macedonia, Republic of",2024,1,2024.0,2024-Q1,17348.211193542753,9.761244678822978
MKD,"North Macedonia, Republic of",2024,2,2024.25,2024-Q2,17243.183798455826,9.755172202251785
MKD,"North Macedonia, Republic of",2024,3,2024.5,2024-Q3,17292.938485550872,9.758053517131767
MKD,"North Macedonia, Republic of",2024,4,2024.75,2024-Q4,17519.809233676868,9.77108747594234
MKD,"North Macedonia, Republic of",2025,1,2025.0,2025-Q1,17666.166922700664,9.779406616071752
MKD,"North Macedonia, Republic of",2025,2,2025.25,2025-Q2,17944.401347087685,9.79503344259546
MKD,"North Macedonia, Republic of",2025,3,2025.5,2025-Q3,17775.481678620945,9.785575352960873
MKD,"North Macedonia, Republic of",2025,4,2025.75,2025-Q4,18065.847982330863,9.801778583101756
MKD,"North Macedonia, Republic of",2026,1,2026.0,2026-Q1,17975.95558082148,9.79679034283527
MLT,Malta,2000,2,2000.25,2000-Q2,47434.00887700115,10.767094737269089
MLT,Malta,2000,4,2000.75,2000-Q4,47251.77666772871,10.763245533648384
MLT,Malta,2001,1,2001.0,2001-Q1,45754.80412434936,10.731052073373194
MLT,Malta,2001,2,2001.25,2001-Q2,44670.204203635214,10.707061985717743
MLT,Malta,2001,3,2001.5,2001-Q3,45872.37818457963,10.733618432433857
MLT,Malta,2001,4,2001.75,2001-Q4,45670.571769686736,10.729209425690925
MLT,Malta,2002,1,2002.0,2002-Q1,47374.97596955091,10.765849435145569
MLT,Malta,2002,2,2002.25,2002-Q2,45914.861817441386,10.73454413051334
MLT,Malta,2002,3,2002.5,2002-Q3,46017.25736582641,10.736771765242928
MLT,Malta,2002,4,2002.75,2002-Q4,45844.78789728112,10.733016793955274
MLT,Malta,2003,1,2003.0,2003-Q1,46784.00239741641,10.753296594353815
MLT,Malta,2003,2,2003.25,2003-Q2,47575.76053488888,10.77007867805631
MLT,Malta,2003,3,2003.5,2003-Q3,48612.99888265727,10.791646240847081
MLT,Malta,2003,4,2003.75,2003-Q4,48607.99613256517,10.791543325831745
MLT,Malta,2004,1,2004.0,2004-Q1,48049.408769426525,10.779985109836296
MLT,Malta,2004,2,2004.25,2004-Q2,47330.03236865551,10.764900306793056
MLT,Malta,2004,3,2004.5,2004-Q3,47840.51454738112,10.775628144155743
MLT,Malta,2004,4,2004.75,2004-Q4,49161.444156785474,10.802864939912144
MLT,Malta,2005,1,2005.0,2005-Q1,47133.607300474985,10.760741556358086
MLT,Malta,2005,2,2005.25,2005-Q2,49441.89358380628,10.808553392041452
MLT,Malta,2005,3,2005.5,2005-Q3,49585.91485505096,10.811462097688016
MLT,Malta,2005,4,2005.75,2005-Q4,49679.34864219647,10.81334460545451
MLT,Malta,2006,1,2006.0,2006-Q1,48302.80112138761,10.785244832190692
MLT,Malta,2006,2,2006.25,2006-Q2,49455.12056875631,10.808820882119738
MLT,Malta,2006,3,2006.5,2006-Q3,50101.680661858256,10.821809832655171
MLT,Malta,2006,4,2006.75,2006-Q4,50244.33308735176,10.824653045180755
MLT,Malta,2007,1,2007.0,2007-Q1,51293.65188670651,10.845322278603321
MLT,Malta,2007,2,2007.25,2007-Q2,50135.36396735097,10.82248190567738
MLT,Malta,2007,3,2007.5,2007-Q3,50852.8613929108,10.836691671140555
MLT,Malta,2007,4,2007.75,2007-Q4,50194.19730234651,10.823654707411876
MLT,Malta,2008,1,2008.0,2008-Q1,52178.26250807241,10.862421260092487
MLT,Malta,2008,2,2008.25,2008-Q2,51826.4744086239,10.855656386655664
MLT,Malta,2008,3,2008.5,2008-Q3,50732.75984361234,10.834327131675337
MLT,Malta,2008,4,2008.75,2008-Q4,52422.19624773156,10.867085373133113
MLT,Malta,2009,1,2009.0,2009-Q1,50406.6386656529,10.827878164941806
MLT,Malta,2009,2,2009.25,2009-Q2,50336.94159192257,10.826494511816282
MLT,Malta,2009,3,2009.5,2009-Q3,50810.92911520242,10.83586675049031
MLT,Malta,2009,4,2009.75,2009-Q4,51833.593540751855,10.855793741999529
MLT,Malta,2010,1,2010.0,2010-Q1,53058.20572046816,10.879144811071486
MLT,Malta,2010,2,2010.25,2010-Q2,51741.62895645366,10.854017938747589
MLT,Malta,2010,3,2010.5,2010-Q3,52756.52645661504,10.873442767981114
MLT,Malta,2010,4,2010.75,2010-Q4,54457.056022240926,10.905167707150737
MLT,Malta,2011,1,2011.0,2011-Q1,52524.57324829463,10.869036400945205
MLT,Malta,2011,2,2011.25,2011-Q2,51652.17827737842,10.852287647470273
MLT,Malta,2011,3,2011.5,2011-Q3,51559.12024770753,10.85048439421763
MLT,Malta,2011,4,2011.75,2011-Q4,53267.979950404726,10.883090678230975
MLT,Malta,2012,1,2012.0,2012-Q1,52243.06269544642,10.863662389633141
MLT,Malta,2012,2,2012.25,2012-Q2,52142.445448470775,10.861734587969366
MLT,Malta,2012,3,2012.5,2012-Q3,51984.40575743197,10.858699063307627
MLT,Malta,2012,4,2012.75,2012-Q4,52672.66765601253,10.871851959685683
MLT,Malta,2013,1,2013.0,2013-Q1,52586.09944442026,10.87020709468308
MLT,Malta,2013,2,2013.25,2013-Q2,53247.5828230965,10.882707689547885
MLT,Malta,2013,3,2013.5,2013-Q3,53066.61712941642,10.879303330232977
MLT,Malta,2013,4,2013.75,2013-Q4,53086.01435519381,10.87966878939724
MLT,Malta,2014,1,2014.0,2014-Q1,53880.85467729299,10.894530493006007
MLT,Malta,2014,2,2014.25,2014-Q2,53896.16798526489,10.894814659476681
MLT,Malta,2014,3,2014.5,2014-Q3,53819.58508074778,10.893392714863364
MLT,Malta,2014,4,2014.75,2014-Q4,55875.33269523904,10.930878286175352
MLT,Malta,2015,1,2015.0,2015-Q1,56774.93633219013,10.946850245567408
MLT,Malta,2015,2,2015.25,2015-Q2,57240.13489793281,10.955010590375032
MLT,Malta,2015,3,2015.5,2015-Q3,56738.4982043545,10.946208239989197
MLT,Malta,2015,4,2015.75,2015-Q4,58486.13248957322,10.976544953658523
MLT,Malta,2016,1,2016.0,2016-Q1,57262.234399262175,10.955396599882773
MLT,Malta,2016,2,2016.25,2016-Q2,56502.60569623577,10.942042034588553
MLT,Malta,2016,3,2016.5,2016-Q3,56187.645733362224,10.936452184907827
MLT,Malta,2016,4,2016.75,2016-Q4,57341.56671113011,10.956781062243897
MLT,Malta,2017,1,2017.0,2017-Q1,61400.962832867335,11.02518079532934
MLT,Malta,2017,2,2017.25,2017-Q2,60592.01042530379,11.01191832219899
MLT,Malta,2017,3,2017.5,2017-Q3,60077.73186783711,11.003394533858504
MLT,Malta,2017,4,2017.75,2017-Q4,60247.8532301925,11.006222219683952
MLT,Malta,2018,1,2018.0,2018-Q1,60190.54828088895,11.005270613669442
MLT,Malta,2018,2,2018.25,2018-Q2,60855.96977312309,11.016265199981916
MLT,Malta,2018,3,2018.5,2018-Q3,60272.51286813508,11.006631439122708
MLT,Malta,2018,4,2018.75,2018-Q4,60567.02688561667,11.011505913177002
MLT,Malta,2019,1,2019.0,2019-Q1,59153.495796036215,10.98789096818487
MLT,Malta,2019,2,2019.25,2019-Q2,59778.97965963536,10.998409367435913
MLT,Malta,2019,3,2019.5,2019-Q3,59354.89916296989,10.991289943606061
MLT,Malta,2019,4,2019.75,2019-Q4,58743.7160319458,10.980939465127284
MLT,Malta,2020,1,2020.0,2020-Q1,58876.152952271805,10.983191414180423
MLT,Malta,2020,2,2020.25,2020-Q2,52579.995213336726,10.870091007248051
MLT,Malta,2020,3,2020.5,2020-Q3,54690.53070203465,10.909445860115909
MLT,Malta,2020,4,2020.75,2020-Q4,56753.17354274592,10.94646685523818
MLT,Malta,2021,1,2021.0,2021-Q1,59590.97756301549,10.995259458422971
MLT,Malta,2021,2,2021.25,2021-Q2,60161.94276866045,11.004795251464344
MLT,Malta,2021,3,2021.5,2021-Q3,62738.72465046324,11.046734154003207
MLT,Malta,2021,4,2021.75,2021-Q4,62467.60114459502,11.042403319631775
MLT,Malta,2022,1,2022.0,2022-Q1,59712.20999759467,10.997291801041579
MLT,Malta,2022,2,2022.25,2022-Q2,60833.8445420494,11.015901566732214
MLT,Malta,2022,3,2022.5,2022-Q3,59424.79426705404,10.99246683016189
MLT,Malta,2022,4,2022.75,2022-Q4,59218.14865190274,10.988983338956553
MLT,Malta,2023,1,2023.0,2023-Q1,59763.61357872989,10.998152286163476
MLT,Malta,2023,2,2023.25,2023-Q2,60505.679257264834,11.010492511634137
MLT,Malta,2023,3,2023.5,2023-Q3,59823.44527393016,10.999152924539679
MLT,Malta,2023,4,2023.75,2023-Q4,59904.2412556999,11.00050258720128
MLT,Malta,2024,1,2024.0,2024-Q1,60472.21462671659,11.00993927615735
MLT,Malta,2024,2,2024.25,2024-Q2,61214.95344411271,11.022146775977019
MLT,Malta,2024,3,2024.5,2024-Q3,59585.22048539564,10.995162843868746
MLT,Malta,2024,4,2024.75,2024-Q4,59843.58933259128,10.999489593011788
MLT,Malta,2025,1,2025.0,2025-Q1,60286.49663578205,11.006863421249422
MLT,Malta,2025,2,2025.25,2025-Q2,59884.346412385166,11.000170421276547
MLT,Malta,2025,3,2025.5,2025-Q3,59985.89233914682,11.001864685876505
MLT,Malta,2025,4,2025.75,2025-Q4,61648.87817567238,11.029210311763059
MLT,Malta,2026,1,2026.0,2026-Q1,61407.77819306248,11.025291786780686
MNE,Montenegro,2010,1,2010.0,2010-Q1,17500.557355200446,9.769988008273037
MNE,Montenegro,2010,2,2010.25,2010-Q2,18049.62761166223,9.800880332615366
MNE,Montenegro,2010,3,2010.5,2010-Q3,17281.65843053174,9.757401011741944
MNE,Montenegro,2010,4,2010.75,2010-Q4,17485.639629507554,9.769135230441629
MNE,Montenegro,2011,1,2011.0,2011-Q1,20301.34664381415,9.918442499963371
MNE,Montenegro,2011,2,2011.25,2011-Q2,18380.88651954188,9.819066627583394
MNE,Montenegro,2011,3,2011.5,2011-Q3,17751.885909376033,9.78424703767515
MNE,Montenegro,2011,4,2011.75,2011-Q4,20386.20620743593,9.922613784826613
MNE,Montenegro,2012,1,2012.0,2012-Q1,16941.832788635485,9.737541155307298
MNE,Montenegro,2012,2,2012.25,2012-Q2,17192.759083515422,9.752243590646561
MNE,Montenegro,2012,3,2012.5,2012-Q3,20105.46186838678,9.90874679187958
MNE,Montenegro,2012,4,2012.75,2012-Q4,20122.591735309776,9.909598429800075
MNE,Montenegro,2013,1,2013.0,2013-Q1,19088.95199378816,9.856865017035156
MNE,Montenegro,2013,2,2013.25,2013-Q2,18431.826499032843,9.821834150421413
MNE,Montenegro,2013,3,2013.5,2013-Q3,18146.824015507595,9.806250839009788
MNE,Montenegro,2013,4,2013.75,2013-Q4,19545.50444711132,9.880500587416192
MNE,Montenegro,2014,1,2014.0,2014-Q1,18693.292082463573,9.835920026322356
MNE,Montenegro,2014,2,2014.25,2014-Q2,17843.821880496413,9.789412614159353
MNE,Montenegro,2014,3,2014.5,2014-Q3,17593.61234107792,9.77529117998331
MNE,Montenegro,2014,4,2014.75,2014-Q4,18354.287588471838,9.817618482236906
MNE,Montenegro,2015,1,2015.0,2015-Q1,18869.73318386915,9.845314498563061
MNE,Montenegro,2015,2,2015.25,2015-Q2,17650.626170069343,9.7785265387899
MNE,Montenegro,2015,3,2015.5,2015-Q3,17417.041840917023,9.765204422032225
MNE,Montenegro,2015,4,2015.75,2015-Q4,18293.79563706641,9.814317245117858
MNE,Montenegro,2016,1,2016.0,2016-Q1,18646.04508070175,9.833389342568065
MNE,Montenegro,2016,2,2016.25,2016-Q2,18223.36183808667,9.810459667409578
MNE,Montenegro,2016,3,2016.5,2016-Q3,17772.14349919381,9.78538753847705
MNE,Montenegro,2016,4,2016.75,2016-Q4,18736.339406235944,9.838220200865347
MNE,Montenegro,2017,1,2017.0,2017-Q1,18848.073933597745,9.84416600906659
MNE,Montenegro,2017,2,2017.25,2017-Q2,18206.246886901303,9.80952004971707
MNE,Montenegro,2017,3,2017.5,2017-Q3,17836.1381662179,9.788981912197398
MNE,Montenegro,2017,4,2017.75,2017-Q4,19473.569759752845,9.876813428234815
MNE,Montenegro,2018,1,2018.0,2018-Q1,19450.167939912557,9.875610983452122
MNE,Montenegro,2018,2,2018.25,2018-Q2,18435.32454927674,9.822023915573041
MNE,Montenegro,2018,3,2018.5,2018-Q3,18133.18242853189,9.805498822185335
MNE,Montenegro,2018,4,2018.75,2018-Q4,19119.728499532648,9.858475986689335
MNE,Montenegro,2019,1,2019.0,2019-Q1,19534.24495190909,9.879924355700945
MNE,Montenegro,2019,2,2019.25,2019-Q2,18690.33572155237,9.835761862918158
MNE,Montenegro,2019,3,2019.5,2019-Q3,18311.349838777147,9.815276356348162
MNE,Montenegro,2019,4,2019.75,2019-Q4,19534.8453485354,9.879955090822842
MNE,Montenegro,2020,1,2020.0,2020-Q1,19677.011455003576,9.887206302113608
MNE,Montenegro,2020,2,2020.25,2020-Q2,16651.015182967254,9.720226465499861
MNE,Montenegro,2020,3,2020.5,2020-Q3,16702.126094964333,9.723291301377188
MNE,Montenegro,2020,4,2020.75,2020-Q4,21517.950054659486,9.97664275205531
MNE,Montenegro,2021,1,2021.0,2021-Q1,22965.659598148995,10.04175531823504
MNE,Montenegro,2021,2,2021.25,2021-Q2,23314.45205272749,10.056828707045916
MNE,Montenegro,2021,3,2021.5,2021-Q3,19781.6784510478,9.892511457544677
MNE,Montenegro,2021,4,2021.75,2021-Q4,20277.598980676663,9.917272057238302
MNE,Montenegro,2022,1,2022.0,2022-Q1,20308.366129253005,9.918788204723608
MNE,Montenegro,2022,2,2022.25,2022-Q2,19124.41178981887,9.858720902133856
MNE,Montenegro,2022,3,2022.5,2022-Q3,18710.476313766667,9.836838876654765
MNE,Montenegro,2022,4,2022.75,2022-Q4,19405.46355873944,9.8733099321412
MNE,Montenegro,2023,1,2023.0,2023-Q1,18828.596917812192,9.843132105747618
MNE,Montenegro,2023,2,2023.25,2023-Q2,18671.77173160615,9.834768129280558
MNE,Montenegro,2023,3,2023.5,2023-Q3,18652.49499638189,9.833735196091077
MNE,Montenegro,2023,4,2023.75,2023-Q4,18744.710466848395,9.838666883163734
MNE,Montenegro,2024,1,2024.0,2024-Q1,18833.96174331839,9.843416994811621
MNE,Montenegro,2024,2,2024.25,2024-Q2,18744.214136703293,9.83864040440232
MNE,Montenegro,2024,3,2024.5,2024-Q3,18609.117059984383,9.831406904125197
MNE,Montenegro,2024,4,2024.75,2024-Q4,19354.471226125093,9.870678742882685
MNG,Mongolia,2015,1,2015.0,2015-Q1,7920.154236041751,8.977165958866546
MNG,Mongolia,2015,2,2015.25,2015-Q2,10604.48239310268,9.269032057990827
MNG,Mongolia,2015,3,2015.5,2015-Q3,11628.170443258176,9.361185919574279
MNG,Mongolia,2015,4,2015.75,2015-Q4,11678.671391454993,9.36551949918052
MNG,Mongolia,2016,1,2016.0,2016-Q1,8347.125008636862,9.029672448213594
MNG,Mongolia,2016,2,2016.25,2016-Q2,10786.89849663764,9.286087574545084
MNG,Mongolia,2016,3,2016.5,2016-Q3,10719.812838869637,9.279848975411713
MNG,Mongolia,2016,4,2016.75,2016-Q4,12016.86265575959,9.394066163683933
MNG,Mongolia,2017,1,2017.0,2017-Q1,8390.70248578552,9.034879524893668
MNG,Mongolia,2017,2,2017.25,2017-Q2,10415.210022874702,9.251022518914192
MNG,Mongolia,2017,3,2017.5,2017-Q3,11109.326589632245,9.315540267802236
MNG,Mongolia,2017,4,2017.75,2017-Q4,11099.356149820613,9.314642381097432
MNG,Mongolia,2018,1,2018.0,2018-Q1,8968.728534628613,9.101499198587653
MNG,Mongolia,2018,2,2018.25,2018-Q2,10869.780818500549,9.293741816020567
MNG,Mongolia,2018,3,2018.5,2018-Q3,11338.345137995806,9.335945635239053
MNG,Mongolia,2018,4,2018.75,2018-Q4,12282.151427879351,9.415902384065852
MNG,Mongolia,2019,1,2019.0,2019-Q1,8419.175764952934,9.038267212296711
MNG,Mongolia,2019,2,2019.25,2019-Q2,11318.230765262126,9.33417004672081
MNG,Mongolia,2019,3,2019.5,2019-Q3,11507.802753425678,9.350780584571964
MNG,Mongolia,2019,4,2019.75,2019-Q4,11990.394977711823,9.391861189740178
MNG,Mongolia,2020,1,2020.0,2020-Q1,7927.423222286138,8.978083321381199
MNG,Mongolia,2020,2,2020.25,2020-Q2,10481.07878741244,9.257326890307503
MNG,Mongolia,2020,3,2020.5,2020-Q3,11100.81222656484,9.31477355818777
MNG,Mongolia,2020,4,2020.75,2020-Q4,12556.098346000505,9.437961750521207
MNG,Mongolia,2021,1,2021.0,2021-Q1,9971.03443505444,9.207439612343483
MNG,Mongolia,2021,2,2021.25,2021-Q2,10978.918293131346,9.303732194102235
MNG,Mongolia,2021,3,2021.5,2021-Q3,11245.59544249344,9.327731814747274
MNG,Mongolia,2021,4,2021.75,2021-Q4,12161.09041435114,9.405996823732668
MNG,Mongolia,2022,1,2022.0,2022-Q1,9015.198364381564,9.106667139209154
MNG,Mongolia,2022,2,2022.25,2022-Q2,10345.153846310252,9.244273461631195
MNG,Mongolia,2022,3,2022.5,2022-Q3,11317.194715383524,9.334078504383317
MNG,Mongolia,2022,4,2022.75,2022-Q4,13099.57202038724,9.480334838456113
MNG,Mongolia,2023,1,2023.0,2023-Q1,9767.87605349572,9.18685432667397
MNG,Mongolia,2023,2,2023.25,2023-Q2,11187.224133949436,9.322527703861159
MNG,Mongolia,2023,3,2023.5,2023-Q3,12347.703127831724,9.421225343207322
MNG,Mongolia,2023,4,2023.75,2023-Q4,13472.33034329246,9.50839325691281
MNG,Mongolia,2024,1,2024.0,2024-Q1,9933.496178470645,9.20366777749678
MNG,Mongolia,2024,2,2024.25,2024-Q2,10966.855752638903,9.30263288981868
MNG,Mongolia,2024,3,2024.5,2024-Q3,12500.14339604466,9.433495394908165
MNG,Mongolia,2024,4,2024.75,2024-Q4,13963.275843898326,9.544186008093213
MNG,Mongolia,2025,1,2025.0,2025-Q1,10123.027290955575,9.222568037530667
MNG,Mongolia,2025,2,2025.25,2025-Q2,12002.7964229216,9.39289493686511
MNG,Mongolia,2025,3,2025.5,2025-Q3,13305.469599505266,9.495930477753632
MNG,Mongolia,2025,4,2025.75,2025-Q4,15283.685843665377,9.63454125376678
MOZ,"Mozambique, Republic of",2022,1,2022.0,2022-Q1,1644.8083642242834,7.405379160501007
MOZ,"Mozambique, Republic of",2022,2,2022.25,2022-Q2,1704.3621012679969,7.440946185558306
MUS,Mauritius,2013,1,2013.0,2013-Q1,20108.405732536277,9.908893202276309
MUS,Mauritius,2013,2,2013.25,2013-Q2,20909.552662872447,9.947961398739626
MUS,Mauritius,2013,3,2013.5,2013-Q3,21166.974169736208,9.96019742381122
MUS,Mauritius,2013,4,2013.75,2013-Q4,23790.90171617097,10.077058505738469
MUS,Mauritius,2014,1,2014.0,2014-Q1,20659.096177799023,9.935910994272298
MUS,Mauritius,2014,2,2014.25,2014-Q2,22671.80035047699,10.028877155896495
MUS,Mauritius,2014,3,2014.5,2014-Q3,22480.37035478193,10.020397778728766
MUS,Mauritius,2014,4,2014.75,2014-Q4,22667.586877879337,10.028691292219575
MUS,Mauritius,2015,1,2015.0,2015-Q1,21278.522255275413,9.965453498153119
MUS,Mauritius,2015,2,2015.25,2015-Q2,22992.55761021205,10.042925860382589
MUS,Mauritius,2015,3,2015.5,2015-Q3,22793.83263788346,10.034245280012813
MUS,Mauritius,2015,4,2015.75,2015-Q4,23401.229128431864,10.060543826822368
MUS,Mauritius,2016,1,2016.0,2016-Q1,21822.325889750868,9.990688848103664
MUS,Mauritius,2016,2,2016.25,2016-Q2,23909.45921298352,10.082029442588203
MUS,Mauritius,2016,3,2016.5,2016-Q3,23543.60632616789,10.066609569002528
MUS,Mauritius,2016,4,2016.75,2016-Q4,24656.635930089797,10.112801349330214
MUS,Mauritius,2017,1,2017.0,2017-Q1,22848.900254526685,10.036658266259378
MUS,Mauritius,2017,2,2017.25,2017-Q2,24500.85949467765,10.106463477332895
MUS,Mauritius,2017,3,2017.5,2017-Q3,23701.65457694269,10.073300138059492
MUS,Mauritius,2017,4,2017.75,2017-Q4,25376.426714095716,10.14157593994955
MUS,Mauritius,2018,1,2018.0,2018-Q1,23474.440333281287,10.06366746282448
MUS,Mauritius,2018,2,2018.25,2018-Q2,25906.02903576914,10.162231001902093
MUS,Mauritius,2018,3,2018.5,2018-Q3,24990.115542673542,10.126235647374674
MUS,Mauritius,2018,4,2018.75,2018-Q4,26151.31776683396,10.171654860836558
MUS,Mauritius,2019,1,2019.0,2019-Q1,23668.094173432823,10.071883182723637
MUS,Mauritius,2019,2,2019.25,2019-Q2,25740.616906350628,10.155825447698607
MUS,Mauritius,2019,3,2019.5,2019-Q3,25322.309735061823,10.139441093861555
MUS,Mauritius,2019,4,2019.75,2019-Q4,25808.383531820877,10.158454661220969
MUS,Mauritius,2020,1,2020.0,2020-Q1,22830.58058665852,10.035856170065946
MUS,Mauritius,2021,1,2021.0,2021-Q1,24123.1311794472,10.090926459142326
MUS,Mauritius,2021,2,2021.25,2021-Q2,23164.4919552691,10.050375866044053
MUS,Mauritius,2021,3,2021.5,2021-Q3,26523.97984804787,10.185804502725533
MUS,Mauritius,2021,4,2021.75,2021-Q4,27634.427034385004,10.22681763072096
MUS,Mauritius,2022,1,2022.0,2022-Q1,24198.820818334854,10.094059184442514
MUS,Mauritius,2022,2,2022.25,2022-Q2,23976.644060128077,10.084835471337074
MUS,Mauritius,2022,3,2022.5,2022-Q3,26308.93626483106,10.177663942385788
MUS,Mauritius,2022,4,2022.75,2022-Q4,27840.120268152517,10.234233434415767
MUS,Mauritius,2023,1,2023.0,2023-Q1,23902.52914706476,10.081739554373762
MUS,Mauritius,2023,2,2023.25,2023-Q2,23778.69016543254,10.07654508737503
MUS,Mauritius,2023,3,2023.5,2023-Q3,24848.098630113334,10.1205365147187
MUS,Mauritius,2023,4,2023.75,2023-Q4,27811.098717777146,10.233190454458274
MUS,Mauritius,2024,1,2024.0,2024-Q1,25178.17016692108,10.13373263485929
MUS,Mauritius,2024,2,2024.25,2024-Q2,25058.20260500365,10.128956502214733
MUS,Mauritius,2024,3,2024.5,2024-Q3,26904.470101412982,10.200047726558148
MUS,Mauritius,2024,4,2024.75,2024-Q4,29758.77957786801,10.300879479297945
NAM,Namibia,2013,1,2013.0,2013-Q1,14861.050498207374,9.606499008788418
NAM,Namibia,2013,2,2013.25,2013-Q2,15141.68489435394,9.625206808405375
NAM,Namibia,2013,3,2013.5,2013-Q3,15584.96472239096,9.654061928637178
NAM,Namibia,2013,4,2013.75,2013-Q4,14899.185268744515,9.609061810488514
NAM,Namibia,2014,1,2014.0,2014-Q1,14656.310711815944,9.59262628700414
NAM,Namibia,2014,2,2014.25,2014-Q2,15326.282086442525,9.637324417105617
NAM,Namibia,2014,3,2014.5,2014-Q3,15841.99534802431,9.670419626375924
NAM,Namibia,2014,4,2014.75,2014-Q4,16320.727596548892,9.70019121064617
NAM,Namibia,2015,1,2015.0,2015-Q1,15968.489612816478,9.678372660206453
NAM,Namibia,2015,2,2015.25,2015-Q2,16422.34414168829,9.706398134186552
NAM,Namibia,2015,3,2015.5,2015-Q3,17059.044903000897,9.744435834894706
NAM,Namibia,2015,4,2015.75,2015-Q4,16891.813562620413,9.734584378970691
NAM,Namibia,2016,1,2016.0,2016-Q1,16984.65558751332,9.740065602939186
NAM,Namibia,2016,2,2016.25,2016-Q2,16678.56220837429,9.721879473658719
NAM,Namibia,2016,3,2016.5,2016-Q3,17230.810460912802,9.75445436619361
NAM,Namibia,2016,4,2016.75,2016-Q4,16971.325365422905,9.739280455674928
NAM,Namibia,2017,1,2017.0,2017-Q1,16408.422249642605,9.705550033797167
NAM,Namibia,2017,2,2017.25,2017-Q2,16012.226582817895,9.68110787082535
NAM,Namibia,2017,3,2017.5,2017-Q3,16104.70515906354,9.686866754181606
NAM,Namibia,2017,4,2017.75,2017-Q4,16322.268899535971,9.70028564456178
NAM,Namibia,2018,1,2018.0,2018-Q1,15919.203128553,9.67528140340646
NAM,Namibia,2018,2,2018.25,2018-Q2,16134.554547653895,9.688718496274397
NGA,Nigeria,2014,1,2014.0,2014-Q1,6487.192031131189,8.777585055230775
NGA,Nigeria,2014,2,2014.25,2014-Q2,6702.740197502964,8.810271706469546
NGA,Nigeria,2014,3,2014.5,2014-Q3,7421.011617693651,8.91207066348483
NGA,Nigeria,2014,4,2014.75,2014-Q4,7313.348046993396,8.897456457054265
NGA,Nigeria,2015,1,2015.0,2015-Q1,6471.160712091156,8.775110770491587
NGA,Nigeria,2015,2,2015.25,2015-Q2,6632.738716852663,8.79977307735103
NGA,Nigeria,2015,3,2015.5,2015-Q3,7142.66766019728,8.873841607430727
NGA,Nigeria,2015,4,2015.75,2015-Q4,7272.020856977807,8.891789503974461
NGA,Nigeria,2016,1,2016.0,2016-Q1,6210.523204607295,8.734000423328173
NGA,Nigeria,2016,2,2016.25,2016-Q2,6253.383291138148,8.74087792284817
NGA,Nigeria,2016,3,2016.5,2016-Q3,6746.604796025195,8.816794664141618
NGA,Nigeria,2016,4,2016.75,2016-Q4,6939.8810317724365,8.845039910958015
NGA,Nigeria,2017,1,2017.0,2017-Q1,5883.338654990617,8.679879678223907
NGA,Nigeria,2017,2,2017.25,2017-Q2,6020.7353585699,8.70296468342921
NGA,Nigeria,2017,3,2017.5,2017-Q3,6576.275707087792,8.791223862117445
NGA,Nigeria,2017,4,2017.75,2017-Q4,6845.956451727207,8.831413457943286
NGA,Nigeria,2018,1,2018.0,2018-Q1,5818.435988933215,8.668786774187147
NGA,Nigeria,2018,2,2018.25,2018-Q2,5917.556509807644,8.685678890950932
NGA,Nigeria,2018,3,2018.5,2018-Q3,6428.738198514325,8.768533561351774
NGA,Nigeria,2022,4,2022.75,2022-Q4,8322.15459703721,9.0266764662794
NGA,Nigeria,2023,1,2023.0,2023-Q1,7173.440214573756,8.878140625297783
NGA,Nigeria,2024,1,2024.0,2024-Q1,5758.511146257963,8.658434238725386
NGA,Nigeria,2024,2,2024.25,2024-Q2,5552.656529299533,8.622031746150075
NIC,Nicaragua,2006,1,2006.0,2006-Q1,4166.989530293785,8.334949118890808
NIC,Nicaragua,2006,2,2006.25,2006-Q2,4116.531897700766,8.32276631545151
NIC,Nicaragua,2006,3,2006.5,2006-Q3,4265.485520121774,8.358311291693305
NIC,Nicaragua,2006,4,2006.75,2006-Q4,4527.184974031022,8.417855606780357
NIC,Nicaragua,2007,1,2007.0,2007-Q1,4328.387758430028,8.372950409496015
NIC,Nicaragua,2007,2,2007.25,2007-Q2,4333.655750037209,8.374166748862475
NIC,Nicaragua,2007,3,2007.5,2007-Q3,4507.202628785369,8.413431980363278
NIC,Nicaragua,2007,4,2007.75,2007-Q4,4825.286200722012,8.481625328225766
NIC,Nicaragua,2008,1,2008.0,2008-Q1,4577.93378854601,8.429003037442873
NIC,Nicaragua,2008,2,2008.25,2008-Q2,4645.926887809842,8.443746176618037
NIC,Nicaragua,2008,3,2008.5,2008-Q3,4660.9206185751245,8.4469682652419
NIC,Nicaragua,2008,4,2008.75,2008-Q4,4671.107094719678,8.449151387817883
NIC,Nicaragua,2009,1,2009.0,2009-Q1,4317.378762796394,8.370403729208828
NIC,Nicaragua,2009,2,2009.25,2009-Q2,4340.260180638702,8.375689574753476
NIC,Nicaragua,2009,3,2009.5,2009-Q3,4378.437349528885,8.384447170199154
NIC,Nicaragua,2009,4,2009.75,2009-Q4,4329.579683287671,8.3732257454506
NIC,Nicaragua,2010,1,2010.0,2010-Q1,3897.7275428045823,8.26814898096084
NIC,Nicaragua,2010,2,2010.25,2010-Q2,3721.045521046,8.221759961823526
NIC,Nicaragua,2010,3,2010.5,2010-Q3,3790.619722664668,8.240284799924268
NIC,Nicaragua,2010,4,2010.75,2010-Q4,3928.968433342112,8.27613218525337
NIC,Nicaragua,2011,1,2011.0,2011-Q1,3678.887607267873,8.210365704833247
NIC,Nicaragua,2011,2,2011.25,2011-Q2,3710.354054735332,8.218882583591302
NIC,Nicaragua,2011,3,2011.5,2011-Q3,3826.8956979276463,8.249809230789246
NIC,Nicaragua,2011,4,2011.75,2011-Q4,3876.474362937692,8.262681350181113
NIC,Nicaragua,2012,1,2012.0,2012-Q1,3786.239992739661,8.239128719284711
NIC,Nicaragua,2012,2,2012.25,2012-Q2,3665.20657849128,8.206639977941373
NIC,Nicaragua,2012,3,2012.5,2012-Q3,3754.456436287055,8.230698796406184
NIC,Nicaragua,2012,4,2012.75,2012-Q4,3984.817519102669,8.29024679823171
NIC,Nicaragua,2013,1,2013.0,2013-Q1,3721.87215499664,8.221982088142806
NIC,Nicaragua,2013,2,2013.25,2013-Q2,3734.9443284958593,8.22548819209997
NLD,"Netherlands, The",1996,2,1996.25,1996-Q2,77738.48192865642,11.26110567667061
NLD,"Netherlands, The",1997,2,1997.25,1997-Q2,78139.5220766362,11.26625125234562
NLD,"Netherlands, The",1998,2,1998.25,1998-Q2,79527.56279364682,11.283858942362118
NLD,"Netherlands, The",1999,2,1999.25,1999-Q2,81010.63230967187,11.3023356881227
NLD,"Netherlands, The",2000,1,2000.0,2000-Q1,82586.85127804212,11.321605761341855
NLD,"Netherlands, The",2000,2,2000.25,2000-Q2,82016.43834747563,11.314674973807577
NLD,"Netherlands, The",2000,3,2000.5,2000-Q3,82018.17703360647,11.314696172822515
NLD,"Netherlands, The",2000,4,2000.75,2000-Q4,82419.47625133285,11.31957705024186
NLD,"Netherlands, The",2001,1,2001.0,2001-Q1,82554.42779497648,11.321213085644244
NLD,"Netherlands, The",2001,2,2001.25,2001-Q2,82128.69328414531,11.316042726272165
NLD,"Netherlands, The",2001,3,2001.5,2001-Q3,82024.97646408029,11.31477907089333
NLD,"Netherlands, The",2001,4,2001.75,2001-Q4,81759.22281753363,11.311533899735963
NLD,"Netherlands, The",2002,1,2002.0,2002-Q1,81943.59234733244,11.313786391332597
NLD,"Netherlands, The",2002,2,2002.25,2002-Q2,81211.31969427962,11.304809921535746
NLD,"Netherlands, The",2002,3,2002.5,2002-Q3,80944.73328713329,11.301521895681399
NLD,"Netherlands, The",2002,4,2002.75,2002-Q4,81190.86329927584,11.304557998873934
NLD,"Netherlands, The",2003,1,2003.0,2003-Q1,82251.81867076519,11.317540779881828
NLD,"Netherlands, The",2003,2,2003.25,2003-Q2,81651.79563187942,11.310219089974057
NLD,"Netherlands, The",2003,3,2003.5,2003-Q3,81403.9742944984,11.307179375055503
NLD,"Netherlands, The",2003,4,2003.75,2003-Q4,82413.9803704776,11.319510366196399
NLD,"Netherlands, The",2004,1,2004.0,2004-Q1,83618.09423384216,11.334015213857278
NLD,"Netherlands, The",2004,2,2004.25,2004-Q2,83560.89193489614,11.333330889798503
NLD,"Netherlands, The",2004,3,2004.5,2004-Q3,83175.35628530986,11.32870638443999
NLD,"Netherlands, The",2004,4,2004.75,2004-Q4,83768.28959101641,11.335809809021493
NLD,"Netherlands, The",2005,1,2005.0,2005-Q1,87946.5534329942,11.38448456159789
NLD,"Netherlands, The",2005,2,2005.25,2005-Q2,87840.56269434033,11.3832786626238
NLD,"Netherlands, The",2005,3,2005.5,2005-Q3,88374.73023955508,11.389341350742221
NLD,"Netherlands, The",2005,4,2005.75,2005-Q4,88874.7177429317,11.394982991212247
NLD,"Netherlands, The",2006,1,2006.0,2006-Q1,89585.65981346524,11.40295053942946
NLD,"Netherlands, The",2006,2,2006.25,2006-Q2,90365.5434602011,11.411618317307994
NLD,"Netherlands, The",2006,3,2006.5,2006-Q3,90045.51978359015,11.408070596824373
NLD,"Netherlands, The",2006,4,2006.75,2006-Q4,90208.6052799149,11.409880103716565
NLD,"Netherlands, The",2007,1,2007.0,2007-Q1,90984.4249171877,11.41844361609416
NLD,"Netherlands, The",2007,2,2007.25,2007-Q2,90322.87753639834,11.41114605766501
NLD,"Netherlands, The",2007,3,2007.5,2007-Q3,90644.58481601844,11.414701477123623
NLD,"Netherlands, The",2007,4,2007.75,2007-Q4,91691.43280018294,11.42618422749163
NLD,"Netherlands, The",2008,1,2008.0,2008-Q1,92055.68003772464,11.4301488907621
NLD,"Netherlands, The",2008,2,2008.25,2008-Q2,91085.92727395358,11.419558595727691
NLD,"Netherlands, The",2008,3,2008.5,2008-Q3,90502.59676105493,11.413133822768687
NLD,"Netherlands, The",2008,4,2008.75,2008-Q4,89334.77277742696,11.40014608387522
NLD,"Netherlands, The",2009,1,2009.0,2009-Q1,87326.48665575705,11.37740909393043
NLD,"Netherlands, The",2009,2,2009.25,2009-Q2,86678.75215279694,11.369964059524486
NLD,"Netherlands, The",2009,3,2009.5,2009-Q3,86969.83889525729,11.37331665816468
NLD,"Netherlands, The",2009,4,2009.75,2009-Q4,88434.1735970427,11.390013753075333
NLD,"Netherlands, The",2010,1,2010.0,2010-Q1,89101.22541316596,11.397528366598511
NLD,"Netherlands, The",2010,2,2010.25,2010-Q2,89426.95903575448,11.401177470912753
NLD,"Netherlands, The",2010,3,2010.5,2010-Q3,89220.8542206975,11.398870082954932
NLD,"Netherlands, The",2010,4,2010.75,2010-Q4,90072.49101230552,11.408370080799326
NLD,"Netherlands, The",2011,1,2011.0,2011-Q1,91800.92516911868,11.427377654652773
NLD,"Netherlands, The",2011,2,2011.25,2011-Q2,91466.35127394403,11.423726437988647
NLD,"Netherlands, The",2011,3,2011.5,2011-Q3,90806.97869478868,11.416491419508091
NLD,"Netherlands, The",2011,4,2011.75,2011-Q4,90053.12774888481,11.408155083469925
NLD,"Netherlands, The",2012,1,2012.0,2012-Q1,90441.28470418428,11.41245613133507
NLD,"Netherlands, The",2012,2,2012.25,2012-Q2,89902.74638578507,11.406483769334415
NLD,"Netherlands, The",2012,3,2012.5,2012-Q3,89051.7410145914,11.396972839504695
NLD,"Netherlands, The",2012,4,2012.75,2012-Q4,88829.95130586,11.394479161591358
NLD,"Netherlands, The",2013,1,2013.0,2013-Q1,89661.84385614035,11.403800582478349
NLD,"Netherlands, The",2013,2,2013.25,2013-Q2,89867.88735377858,11.406095952573487
NLD,"Netherlands, The",2013,3,2013.5,2013-Q3,90237.14988001906,11.410196482456723
NLD,"Netherlands, The",2013,4,2013.75,2013-Q4,91089.71033951853,11.419600127796578
NLD,"Netherlands, The",2014,1,2014.0,2014-Q1,92466.10143031216,11.434597385309948
NLD,"Netherlands, The",2014,2,2014.25,2014-Q2,92274.56169685352,11.43252377792055
NLD,"Netherlands, The",2014,3,2014.5,2014-Q3,91550.62228757724,11.424647347322344
NLD,"Netherlands, The",2014,4,2014.75,2014-Q4,92588.84538601631,11.435923953184151
NLD,"Netherlands, The",2015,1,2015.0,2015-Q1,93328.63978908071,11.44388230424466
NLD,"Netherlands, The",2015,2,2015.25,2015-Q2,92974.37681384802,11.440079216042633
NLD,"Netherlands, The",2015,3,2015.5,2015-Q3,93053.3768775704,11.440928552412114
NLD,"Netherlands, The",2015,4,2015.75,2015-Q4,93533.24522297613,11.446072215961019
NLD,"Netherlands, The",2016,1,2016.0,2016-Q1,94357.55326636483,11.454846603409727
NLD,"Netherlands, The",2016,2,2016.25,2016-Q2,93991.21625268157,11.450956612765559
NLD,"Netherlands, The",2016,3,2016.5,2016-Q3,94044.96888084244,11.45152833920839
NLD,"Netherlands, The",2016,4,2016.75,2016-Q4,94585.37698546948,11.457258165771046
NLD,"Netherlands, The",2017,1,2017.0,2017-Q1,95160.88072695822,11.463324219596409
NLD,"Netherlands, The",2017,2,2017.25,2017-Q2,94760.66721978568,11.459109699402278
NLD,"Netherlands, The",2017,3,2017.5,2017-Q3,94544.94847423758,11.456830645628527
NLD,"Netherlands, The",2017,4,2017.75,2017-Q4,95003.02354113954,11.461663996825054
NLD,"Netherlands, The",2018,1,2018.0,2018-Q1,95673.6127804796,11.468697810899313
NLD,"Netherlands, The",2018,2,2018.25,2018-Q2,95101.73644937103,11.462702507561012
NLD,"Netherlands, The",2018,3,2018.5,2018-Q3,94368.33007621928,11.454960809364685
NLD,"Netherlands, The",2018,4,2018.75,2018-Q4,94402.46365659292,11.455322449850172
NLD,"Netherlands, The",2019,1,2019.0,2019-Q1,95485.6362288053,11.466731109175612
NLD,"Netherlands, The",2019,2,2019.25,2019-Q2,95078.31666561466,11.462456216917055
NLD,"Netherlands, The",2019,3,2019.5,2019-Q3,94920.5398014572,11.460795397443109
NLD,"Netherlands, The",2019,4,2019.75,2019-Q4,94762.8453998168,11.459132685257712
NLD,"Netherlands, The",2020,1,2020.0,2020-Q1,93817.91564880538,11.449111115144563
NLD,"Netherlands, The",2020,2,2020.25,2020-Q2,87234.75055513605,11.376358046051394
NLD,"Netherlands, The",2020,3,2020.5,2020-Q3,92373.80174078478,11.433598686483391
NLD,"Netherlands, The",2020,4,2020.75,2020-Q4,92245.22009720693,11.432205745895924
NLD,"Netherlands, The",2021,1,2021.0,2021-Q1,91740.34688262983,11.426717549293238
NLD,"Netherlands, The",2021,2,2021.25,2021-Q2,94384.3401984349,11.455130450644257
NLD,"Netherlands, The",2021,3,2021.5,2021-Q3,95118.81626617796,11.462882086650747
NLD,"Netherlands, The",2021,4,2021.75,2021-Q4,94520.81879902432,11.456575393969885
NLD,"Netherlands, The",2022,1,2022.0,2022-Q1,95236.52829000138,11.46411884771046
NLD,"Netherlands, The",2022,2,2022.25,2022-Q2,96099.85687378286,11.473143105610582
NLD,"Netherlands, The",2022,3,2022.5,2022-Q3,95923.09594045494,11.471302065457165
NLD,"Netherlands, The",2022,4,2022.75,2022-Q4,94836.57701525337,11.459910447322745
NLD,"Netherlands, The",2023,1,2023.0,2023-Q1,94337.10839142714,11.454629905440235
NLD,"Netherlands, The",2023,2,2023.25,2023-Q2,93328.13563894348,11.443876902349807
NLD,"Netherlands, The",2023,3,2023.5,2023-Q3,92440.47589708836,11.434320212547808
NLD,"Netherlands, The",2023,4,2023.75,2023-Q4,92249.23516210756,11.43224927094274
NLD,"Netherlands, The",2024,1,2024.0,2024-Q1,92729.93446091612,11.437446617020768
NLD,"Netherlands, The",2024,2,2024.25,2024-Q2,92892.005236317,11.439192863362658
NLD,"Netherlands, The",2024,3,2024.5,2024-Q3,93668.30454728514,11.447515145764838
NLD,"Netherlands, The",2024,4,2024.75,2024-Q4,93876.14121520068,11.44973154574568
NLD,"Netherlands, The",2025,1,2025.0,2025-Q1,94343.88228839132,11.454701708083869
NLD,"Netherlands, The",2025,2,2025.25,2025-Q2,94100.97660968469,11.45212370394347
NLD,"Netherlands, The",2025,3,2025.5,2025-Q3,94499.9588598327,11.456354678136053
NLD,"Netherlands, The",2025,4,2025.75,2025-Q4,94717.53108768912,11.458654384403221
NLD,"Netherlands, The",2026,1,2026.0,2026-Q1,95455.8457583712,11.466419071473108
NOR,Norway,1990,1,1990.0,1990-Q1,104542.3051723387,11.557347102648812
NOR,Norway,1990,2,1990.25,1990-Q2,103772.67318143453,11.549957950905807
NOR,Norway,1990,3,1990.5,1990-Q3,102465.41664651988,11.537280622058358
NOR,Norway,1990,4,1990.75,1990-Q4,105882.8185048738,11.570088275790985
NOR,Norway,1991,1,1991.0,1991-Q1,109034.00377177513,11.599415073770446
NOR,Norway,1991,2,1991.25,1991-Q2,108962.59649821876,11.59875995092888
NOR,Norway,1991,3,1991.5,1991-Q3,106160.49507204036,11.57270733244699
NOR,Norway,1991,4,1991.75,1991-Q4,108702.71218510137,11.596372023902916
NOR,Norway,1992,1,1992.0,1992-Q1,113031.99192872054,11.635426172038612
NOR,Norway,1992,2,1992.25,1992-Q2,112558.07311181678,11.63122457287679
NOR,Norway,1992,3,1992.5,1992-Q3,111471.65576587708,11.621525629188099
NOR,Norway,1992,4,1992.75,1992-Q4,112538.06112380404,11.631046764509414
NOR,Norway,1993,1,1993.0,1993-Q1,114887.36426163948,11.651707486176292
NOR,Norway,1993,2,1993.25,1993-Q2,114377.69928900411,11.647261402640359
NOR,Norway,1993,3,1993.5,1993-Q3,114402.9614720698,11.647482244586389
NOR,Norway,1993,4,1993.75,1993-Q4,118410.56768239634,11.681913251523428
NOR,Norway,1994,1,1994.0,1994-Q1,120426.16588314075,11.698792112856088
NOR,Norway,1994,2,1994.25,1994-Q2,120613.45317650048,11.700346109097707
NOR,Norway,1994,3,1994.5,1994-Q3,116405.90546057612,11.664838547189929
NOR,Norway,1994,4,1994.75,1994-Q4,121086.37747942744,11.704259433365893
NOR,Norway,1995,1,1995.0,1995-Q1,122311.33394751344,11.71432499070526
NOR,Norway,1995,2,1995.25,1995-Q2,122923.02220956316,11.719313602743043
NOR,Norway,1995,3,1995.5,1995-Q3,120916.58106068468,11.702856174103033
NOR,Norway,1995,4,1995.75,1995-Q4,122957.39303062242,11.719593176219844
NOR,Norway,1996,1,1996.0,1996-Q1,125882.91531365852,11.74310751037679
NOR,Norway,1996,2,1996.25,1996-Q2,124778.34377088158,11.734294192382919
NOR,Norway,1996,3,1996.5,1996-Q3,124806.6398619069,11.73452093752387
NOR,Norway,1996,4,1996.75,1996-Q4,123885.25241833752,11.727111032432243
NOR,Norway,1997,1,1997.0,1997-Q1,127764.92935426158,11.757947365067741
NOR,Norway,1997,2,1997.25,1997-Q2,129084.04757743822,11.768219002797284
NOR,Norway,1997,3,1997.5,1997-Q3,125682.44645520952,11.741513738488054
NOR,Norway,1997,4,1997.75,1997-Q4,129561.99479396128,11.771914769847513
NOR,Norway,1998,2,1998.25,1998-Q2,129454.47873172507,11.77108458274051
NOR,Norway,1999,2,1999.25,1999-Q2,128918.13100246564,11.766932838480706
NOR,Norway,2000,1,2000.0,2000-Q1,136596.27016383343,11.824784920942482
NOR,Norway,2000,2,2000.25,2000-Q2,132836.66455317845,11.796875566421903
NOR,Norway,2000,3,2000.5,2000-Q3,133982.3387321551,11.805463269740294
NOR,Norway,2000,4,2000.75,2000-Q4,135223.91468967186,11.814687310748255
NOR,Norway,2001,1,2001.0,2001-Q1,137316.15620586107,11.830041255669963
NOR,Norway,2001,2,2001.25,2001-Q2,135421.02700597167,11.816143922868298
NOR,Norway,2001,3,2001.5,2001-Q3,136816.8051894158,11.826398121577634
NOR,Norway,2001,4,2001.75,2001-Q4,138216.78736476632,11.83657865446372
NOR,Norway,2002,1,2002.0,2002-Q1,137821.6244954293,11.833715551922195
NOR,Norway,2002,2,2002.25,2002-Q2,138240.62298023028,11.83675109053981
NOR,Norway,2002,3,2002.5,2002-Q3,137100.1403327693,11.828466889129526
NOR,Norway,2002,4,2002.75,2002-Q4,140103.79351179223,11.850138809130483
NOR,Norway,2003,1,2003.0,2003-Q1,141076.41287278378,11.857056957834391
NOR,Norway,2003,2,2003.25,2003-Q2,139633.90565735867,11.846779317022227
NOR,Norway,2003,3,2003.5,2003-Q3,140920.2108910096,11.855949128984069
NOR,Norway,2003,4,2003.75,2003-Q4,142127.5372117509,11.864480082867114
NOR,Norway,2004,1,2004.0,2004-Q1,148155.4543581537,11.906017368781335
NOR,Norway,2004,2,2004.25,2004-Q2,146449.27518400358,11.89443440300501
NOR,Norway,2004,3,2004.5,2004-Q3,144623.97430034663,11.881892372338394
NOR,Norway,2004,4,2004.75,2004-Q4,146653.71663179094,11.895829417635706
NOR,Norway,2005,1,2005.0,2005-Q1,150278.94110241858,11.920248453498711
NOR,Norway,2005,2,2005.25,2005-Q2,149502.31810760906,11.915067177429181
NOR,Norway,2005,3,2005.5,2005-Q3,149221.7236784733,11.913188557215145
NOR,Norway,2005,4,2005.75,2005-Q4,149995.13104715032,11.918358112865901
NOR,Norway,2006,1,2006.0,2006-Q1,150831.69932169857,11.92391992016902
NOR,Norway,2006,2,2006.25,2006-Q2,148836.60569224312,11.910604377122873
NOR,Norway,2006,3,2006.5,2006-Q3,148156.46448964148,11.906024186809388
NOR,Norway,2006,4,2006.75,2006-Q4,149828.07701922685,11.917243762537334
NOR,Norway,2007,1,2007.0,2007-Q1,151391.25944080862,11.927622886752301
NOR,Norway,2007,2,2007.25,2007-Q2,148871.2845501879,11.910837349504448
NOR,Norway,2007,3,2007.5,2007-Q3,148750.8037574671,11.910027726804822
NOR,Norway,2007,4,2007.75,2007-Q4,148494.68989545718,11.9083044783058
NOR,Norway,2008,1,2008.0,2008-Q1,147332.3119118936,11.90044593964299
NOR,Norway,2008,2,2008.25,2008-Q2,145329.13097492672,11.88675631793487
NOR,Norway,2008,3,2008.5,2008-Q3,144616.4540694901,11.881840372478619
NOR,Norway,2008,4,2008.75,2008-Q4,146060.26762820617,11.891774607489321
NOR,Norway,2009,1,2009.0,2009-Q1,145159.10091120258,11.885585667529943
NOR,Norway,2009,2,2009.25,2009-Q2,143039.6338798068,11.870877030838956
NOR,Norway,2009,3,2009.5,2009-Q3,144259.55165500057,11.87936939815737
NOR,Norway,2009,4,2009.75,2009-Q4,144717.21985424298,11.882536909369472
NOR,Norway,2010,1,2010.0,2010-Q1,148370.80237626526,11.907469840871615
NOR,Norway,2010,2,2010.25,2010-Q2,145504.87613074225,11.887964877958202
NOR,Norway,2010,3,2010.5,2010-Q3,143028.28377298047,11.870797678306694
NOR,Norway,2010,4,2010.75,2010-Q4,145787.6829972453,11.889906616231272
NOR,Norway,2011,1,2011.0,2011-Q1,146927.42261566146,11.89769402013621
NOR,Norway,2011,2,2011.25,2011-Q2,144994.0101111716,11.88444771097132
NOR,Norway,2011,3,2011.5,2011-Q3,145383.20722400743,11.887128343766586
NOR,Norway,2011,4,2011.75,2011-Q4,145349.7867257783,11.88689843867104
NOR,Norway,2012,1,2012.0,2012-Q1,148502.72758158308,11.908358604608958
NOR,Norway,2012,2,2012.25,2012-Q2,146784.07157453627,11.896717885014887
NOR,Norway,2012,3,2012.5,2012-Q3,145300.77217291255,11.886561163879508
NOR,Norway,2012,4,2012.75,2012-Q4,146957.83526879977,11.897900989709749
NOR,Norway,2013,1,2013.0,2013-Q1,148245.52413395687,11.90662512506496
NOR,Norway,2013,2,2013.25,2013-Q2,147423.86053716138,11.901067121736997
NOR,Norway,2013,3,2013.5,2013-Q3,147655.39940581433,11.90263645545579
NOR,Norway,2013,4,2013.75,2013-Q4,147992.50480189078,11.904916908233373
NOR,Norway,2014,1,2014.0,2014-Q1,150180.9687068319,11.91959630393825
NOR,Norway,2014,2,2014.25,2014-Q2,148630.2819113948,11.909217171873934
NOR,Norway,2014,3,2014.5,2014-Q3,148978.6213254016,11.911558093595634
NOR,Norway,2014,4,2014.75,2014-Q4,150172.613339789,11.919540667065283
NOR,Norway,2015,1,2015.0,2015-Q1,152191.42601275904,11.932894389135399
NOR,Norway,2015,2,2015.25,2015-Q2,150756.24289985668,11.92341952600299
NOR,Norway,2015,3,2015.5,2015-Q3,151920.20281986968,11.931110680529178
NOR,Norway,2015,4,2015.75,2015-Q4,151978.6175593473,11.931495115981242
NOR,Norway,2016,1,2016.0,2016-Q1,152858.28714216637,11.937266543331544
NOR,Norway,2016,2,2016.25,2016-Q2,153216.39827592263,11.939606568915018
NOR,Norway,2016,3,2016.5,2016-Q3,151038.9068105406,11.925292743605125
NOR,Norway,2016,4,2016.75,2016-Q4,156419.51534167395,11.96029687770862
NOR,Norway,2017,1,2017.0,2017-Q1,157352.20656215047,11.966241925668143
NOR,Norway,2017,2,2017.25,2017-Q2,157831.42766395793,11.969282828932473
NOR,Norway,2017,3,2017.5,2017-Q3,158658.42374425975,11.974508892004298
NOR,Norway,2017,4,2017.75,2017-Q4,157426.8830768395,11.966716395024894
NOR,Norway,2018,1,2018.0,2018-Q1,158534.78236925503,11.973729295349111
NOR,Norway,2018,2,2018.25,2018-Q2,156747.87126640594,11.96239387796535
NOR,Norway,2018,3,2018.5,2018-Q3,157355.59518842827,11.966263460731836
NOR,Norway,2018,4,2018.75,2018-Q4,156571.98479252393,11.96127114993547
NOR,Norway,2019,1,2019.0,2019-Q1,158151.9850448102,11.97131178031364
NOR,Norway,2019,2,2019.25,2019-Q2,156830.1922412726,11.962918920921716
NOR,Norway,2019,3,2019.5,2019-Q3,155431.60920397428,11.953961101662584
NOR,Norway,2019,4,2019.75,2019-Q4,160818.79631848645,11.988033521423505
NOR,Norway,2020,1,2020.0,2020-Q1,156266.5487669726,11.959318474098982
NOR,Norway,2020,2,2020.25,2020-Q2,152759.17293382413,11.936617927170724
NOR,Norway,2020,3,2020.5,2020-Q3,157525.30733833363,11.967341405853162
NOR,Norway,2020,4,2020.75,2020-Q4,156299.59741054752,11.959529940657994
NOR,Norway,2021,1,2021.0,2021-Q1,158338.81085910805,11.97249238864991
NOR,Norway,2021,2,2021.25,2021-Q2,153514.29783280476,11.941548987162202
NOR,Norway,2021,3,2021.5,2021-Q3,156754.28886056208,11.962434819272769
NOR,Norway,2021,4,2021.75,2021-Q4,158437.90113989994,11.973118004613902
NOR,Norway,2022,1,2022.0,2022-Q1,158189.64802357045,11.97154989616689
NOR,Norway,2022,2,2022.25,2022-Q2,157980.90534743067,11.970229452474433
NOR,Norway,2022,3,2022.5,2022-Q3,161062.67286402287,11.989548840667085
NOR,Norway,2022,4,2022.75,2022-Q4,161006.7309441277,11.98920145019909
NOR,Norway,2023,1,2023.0,2023-Q1,161788.8673331674,11.994047476129134
NOR,Norway,2023,2,2023.25,2023-Q2,157163.15147408732,11.965039726118883
NOR,Norway,2023,3,2023.5,2023-Q3,155835.547505521,11.956556547533406
NOR,Norway,2023,4,2023.75,2023-Q4,160073.5116958742,11.983388436801217
NOR,Norway,2024,1,2024.0,2024-Q1,161732.95788415076,11.993701845972431
NOR,Norway,2024,2,2024.25,2024-Q2,160239.00675430597,11.984421771832633
NOR,Norway,2024,3,2024.5,2024-Q3,159267.515848855,11.978340557017736
NOR,Norway,2024,4,2024.75,2024-Q4,159124.8228232297,11.977444222415127
NOR,Norway,2025,1,2025.0,2025-Q1,160458.02545486367,11.985787663703226
NOR,Norway,2025,2,2025.25,2025-Q2,160540.46105162363,11.986301283561497
NOR,Norway,2025,3,2025.5,2025-Q3,161522.22868083385,11.992398051064097
NOR,Norway,2025,4,2025.75,2025-Q4,162038.59745536794,11.995589841733425
NOR,Norway,2026,1,2026.0,2026-Q1,163793.33124232126,12.006360736765975
NZL,New Zealand,1987,2,1987.25,1987-Q2,50957.72288765664,10.838751604939521
NZL,New Zealand,1987,3,1987.5,1987-Q3,51779.35258219759,10.854746749986683
NZL,New Zealand,1987,4,1987.75,1987-Q4,51455.7708482551,10.848477899175471
NZL,New Zealand,1988,1,1988.0,1988-Q1,52457.33871777035,10.867755522392748
NZL,New Zealand,1988,2,1988.25,1988-Q2,53082.854610048176,10.879609266390592
NZL,New Zealand,1988,3,1988.5,1988-Q3,55438.55174081594,10.923030510521418
NZL,New Zealand,1988,4,1988.75,1988-Q4,54419.15880424227,10.904471554743353
NZL,New Zealand,1989,1,1989.0,1989-Q1,56348.37355890081,10.93930865585529
NZL,New Zealand,1989,2,1989.25,1989-Q2,57305.673708877264,10.956154915407843
NZL,New Zealand,1989,3,1989.5,1989-Q3,56014.75657403928,10.93337044525526
NZL,New Zealand,1989,4,1989.75,1989-Q4,55581.43448569715,10.925604512349857
NZL,New Zealand,1990,1,1990.0,1990-Q1,56015.32431051177,10.933380580684387
NZL,New Zealand,1990,2,1990.25,1990-Q2,55536.09726692453,10.924788489521175
NZL,New Zealand,1990,3,1990.5,1990-Q3,56740.43736920143,10.946242416637705
NZL,New Zealand,1990,4,1990.75,1990-Q4,57224.09062712642,10.954730253512787
NZL,New Zealand,1991,1,1991.0,1991-Q1,55724.03176268562,10.928166782826054
NZL,New Zealand,1991,2,1991.25,1991-Q2,55463.017196765846,10.923471720805116
NZL,New Zealand,1991,3,1991.5,1991-Q3,56892.29536237562,10.948915204309484
NZL,New Zealand,1991,4,1991.75,1991-Q4,56340.38921681443,10.939166949763164
NZL,New Zealand,1992,1,1992.0,1992-Q1,56638.37694735708,10.944442072366575
NZL,New Zealand,1992,2,1992.25,1992-Q2,56841.54062358905,10.948022686410729
NZL,New Zealand,1992,3,1992.5,1992-Q3,56297.35617135091,10.938402853368853
NZL,New Zealand,1992,4,1992.75,1992-Q4,56049.94052993967,10.933998367481717
NZL,New Zealand,1993,1,1993.0,1993-Q1,57340.23279946331,10.956757799412783
NZL,New Zealand,1993,2,1993.25,1993-Q2,57479.45682855435,10.95918289040152
NZL,New Zealand,1993,3,1993.5,1993-Q3,58669.27802162214,10.979671496093758
NZL,New Zealand,1993,4,1993.75,1993-Q4,58520.686746867264,10.97713559031584
NZL,New Zealand,1994,1,1994.0,1994-Q1,60151.10828622024,11.00461514660665
NZL,New Zealand,1994,2,1994.25,1994-Q2,60070.51045128949,11.003274325415719
NZL,New Zealand,1994,3,1994.5,1994-Q3,59460.83667502427,10.993073167677851
NZL,New Zealand,1994,4,1994.75,1994-Q4,58807.97805534239,10.98203280589616
NZL,New Zealand,1995,1,1995.0,1995-Q1,59144.03437228486,10.987731008399436
NZL,New Zealand,1995,2,1995.25,1995-Q2,59708.743130896655,10.997233739761574
NZL,New Zealand,1995,3,1995.5,1995-Q3,59138.25895973775,10.987633353672106
NZL,New Zealand,1995,4,1995.75,1995-Q4,58784.83948961923,10.981639268833186
NZL,New Zealand,1996,1,1996.0,1996-Q1,59017.66630761566,10.985592107010596
NZL,New Zealand,1996,2,1996.25,1996-Q2,59380.5736990432,10.991722409757156
NZL,New Zealand,1996,3,1996.5,1996-Q3,59705.98074459121,10.997187474339416
NZL,New Zealand,1996,4,1996.75,1996-Q4,59686.15347241563,10.996855337344163
NZL,New Zealand,1997,1,1997.0,1997-Q1,59668.545638347234,10.996560286804431
NZL,New Zealand,1997,2,1997.25,1997-Q2,61119.02940033327,11.020578543484161
NZL,New Zealand,1997,3,1997.5,1997-Q3,62384.89040697192,11.041078384122763
NZL,New Zealand,1997,4,1997.75,1997-Q4,60738.845087808135,11.014338724388812
NZL,New Zealand,1998,1,1998.0,1998-Q1,61173.889171545714,11.021475729936704
NZL,New Zealand,1998,2,1998.25,1998-Q2,61697.63974952384,11.030000955507395
NZL,New Zealand,1998,3,1998.5,1998-Q3,61961.1908493198,11.034263513992975
NZL,New Zealand,1998,4,1998.75,1998-Q4,62934.94121796379,11.049856792713312
NZL,New Zealand,1999,1,1999.0,1999-Q1,63131.91371214357,11.052981684733098
NZL,New Zealand,1999,2,1999.25,1999-Q2,63986.40141922404,11.066425861940573
NZL,New Zealand,1999,3,1999.5,1999-Q3,64547.54405438576,11.075157348368727
NZL,New Zealand,1999,4,1999.75,1999-Q4,63662.223061723176,11.061346621082839
NZL,New Zealand,2000,1,2000.0,2000-Q1,65594.00640911101,11.091239605043308
NZL,New Zealand,2000,2,2000.25,2000-Q2,65709.8439727892,11.093004025407115
NZL,New Zealand,2000,3,2000.5,2000-Q3,65039.81151055709,11.082754846163327
NZL,New Zealand,2000,4,2000.75,2000-Q4,64009.04522464071,11.066779683990445
NZL,New Zealand,2001,1,2001.0,2001-Q1,63781.991508063016,11.063226164724782
NZL,New Zealand,2001,2,2001.25,2001-Q2,65850.11301056617,11.095136423351674
NZL,New Zealand,2001,3,2001.5,2001-Q3,65536.94249242493,11.09036927014882
NZL,New Zealand,2001,4,2001.75,2001-Q4,64636.02068124207,11.076527130056846
NZL,New Zealand,2002,1,2002.0,2002-Q1,64987.67571138084,11.081952926460286
NZL,New Zealand,2002,2,2002.25,2002-Q2,65703.39322962004,11.092905850469618
NZL,New Zealand,2002,3,2002.5,2002-Q3,66983.11232415441,11.11219581173857
NZL,New Zealand,2002,4,2002.75,2002-Q4,66786.01278914194,11.109248948215617
NZL,New Zealand,2003,1,2003.0,2003-Q1,67342.81982555262,11.117551566289686
NZL,New Zealand,2003,2,2003.25,2003-Q2,67547.2744982791,11.120582994658418
NZL,New Zealand,2003,3,2003.5,2003-Q3,67431.48618270911,11.118867341864046
NZL,New Zealand,2003,4,2003.75,2003-Q4,67309.09997131053,11.117050721518993
NZL,New Zealand,2004,1,2004.0,2004-Q1,69053.59959854989,11.142638287798032
NZL,New Zealand,2004,2,2004.25,2004-Q2,68981.35766166837,11.141591568258125
NZL,New Zealand,2004,3,2004.5,2004-Q3,68167.95160153756,11.129729815519534
NZL,New Zealand,2004,4,2004.75,2004-Q4,66274.52824508781,11.10156091298912
NZL,New Zealand,2005,1,2005.0,2005-Q1,67067.76921638606,11.113458868012625
NZL,New Zealand,2005,2,2005.25,2005-Q2,68812.18232111562,11.139136076867503
NZL,New Zealand,2005,3,2005.5,2005-Q3,68044.1358364023,11.127911830029907
NZL,New Zealand,2005,4,2005.75,2005-Q4,67078.37471173676,11.113616986540109
NZL,New Zealand,2006,1,2006.0,2006-Q1,67646.79274159484,11.122055222890362
NZL,New Zealand,2006,2,2006.25,2006-Q2,67019.55462261292,11.112739715829246
NZL,New Zealand,2006,3,2006.5,2006-Q3,68437.53489090594,11.133676708814283
NZL,New Zealand,2006,4,2006.75,2006-Q4,68031.07613202668,11.127719881706229
NZL,New Zealand,2007,1,2007.0,2007-Q1,68360.5404036167,11.13255104245891
NZL,New Zealand,2007,2,2007.25,2007-Q2,69233.2707073983,11.145236816632348
NZL,New Zealand,2007,3,2007.5,2007-Q3,70105.81785737418,11.15776106326469
NZL,New Zealand,2007,4,2007.75,2007-Q4,69070.06389764343,11.142876687196873
NZL,New Zealand,2008,1,2008.0,2008-Q1,70399.86103610689,11.161946568225249
NZL,New Zealand,2008,2,2008.25,2008-Q2,68597.87663679564,11.136016860418538
NZL,New Zealand,2008,3,2008.5,2008-Q3,68744.23036978587,11.138148090113155
NZL,New Zealand,2008,4,2008.75,2008-Q4,67428.50323609295,11.118823104182738
NZL,New Zealand,2009,1,2009.0,2009-Q1,68682.14180339048,11.137244499781284
NZL,New Zealand,2009,2,2009.25,2009-Q2,69751.62078991522,11.152695936545035
NZL,New Zealand,2009,3,2009.5,2009-Q3,70986.35048004692,11.170242890781774
NZL,New Zealand,2009,4,2009.75,2009-Q4,70862.55818878055,11.168497479782769
NZL,New Zealand,2010,1,2010.0,2010-Q1,71874.07774916077,11.182670946701306
NZL,New Zealand,2010,2,2010.25,2010-Q2,72491.62200175005,11.191226275568805
NZL,New Zealand,2010,3,2010.5,2010-Q3,71033.48862806706,11.170906715639584
NZL,New Zealand,2010,4,2010.75,2010-Q4,69563.96755719789,11.150002004754182
NZL,New Zealand,2011,1,2011.0,2011-Q1,70463.64976808487,11.162852249703356
NZL,New Zealand,2011,2,2011.25,2011-Q2,71188.55302288264,11.173087312324315
NZL,New Zealand,2011,3,2011.5,2011-Q3,72037.00868330659,11.184935275430934
NZL,New Zealand,2011,4,2011.75,2011-Q4,71692.46170521894,11.180140884452646
NZL,New Zealand,2012,1,2012.0,2012-Q1,72081.16642193333,11.185548074475557
NZL,New Zealand,2012,2,2012.25,2012-Q2,72894.13713017493,11.19676349130822
NZL,New Zealand,2012,3,2012.5,2012-Q3,73852.86587757622,11.209830093944225
NZL,New Zealand,2012,4,2012.75,2012-Q4,74830.83736761328,11.222985343277907
NZL,New Zealand,2013,1,2013.0,2013-Q1,74095.86503524876,11.213115007233892
NZL,New Zealand,2013,2,2013.25,2013-Q2,73813.91422192994,11.209302532409755
NZL,New Zealand,2013,3,2013.5,2013-Q3,73568.23783409355,11.205968660404757
NZL,New Zealand,2013,4,2013.75,2013-Q4,72421.26318467702,11.190255225651317
NZL,New Zealand,2014,1,2014.0,2014-Q1,72748.7078465755,11.194766423316901
NZL,New Zealand,2014,2,2014.25,2014-Q2,73206.68473138259,11.201042017246827
NZL,New Zealand,2014,3,2014.5,2014-Q3,73596.0261667664,11.206346310959962
NZL,New Zealand,2014,4,2014.75,2014-Q4,72634.71483636864,11.193198252318258
NZL,New Zealand,2015,1,2015.0,2015-Q1,72936.2452737158,11.197340986121262
NZL,New Zealand,2015,2,2015.25,2015-Q2,73873.86150718917,11.21011434351945
NZL,New Zealand,2015,3,2015.5,2015-Q3,75451.92016948533,11.23125091343459
NZL,New Zealand,2015,4,2015.75,2015-Q4,74313.81083541673,11.216052092778545
NZL,New Zealand,2016,1,2016.0,2016-Q1,74365.51787899966,11.216747644017774
NZL,New Zealand,2016,2,2016.25,2016-Q2,73788.64974368735,11.208960201249502
NZL,New Zealand,2016,3,2016.5,2016-Q3,73827.68772537765,11.209489112659577
NZL,New Zealand,2016,4,2016.75,2016-Q4,72362.916917285,11.189449249880907
NZL,New Zealand,2017,1,2017.0,2017-Q1,72811.03525248053,11.195622805835683
NZL,New Zealand,2017,2,2017.25,2017-Q2,74109.19995466922,11.213294959510925
NZL,New Zealand,2017,3,2017.5,2017-Q3,73592.72300734215,11.20630142764594
NZL,New Zealand,2017,4,2017.75,2017-Q4,73304.64713578994,11.20237928471628
NZL,New Zealand,2018,1,2018.0,2018-Q1,73994.95441265438,11.21175218624892
NZL,New Zealand,2018,2,2018.25,2018-Q2,74616.61691825808,11.220118508280986
NZL,New Zealand,2018,3,2018.5,2018-Q3,74026.6776204189,11.212180815602812
NZL,New Zealand,2018,4,2018.75,2018-Q4,75438.53221009622,11.231073460730153
NZL,New Zealand,2019,1,2019.0,2019-Q1,75852.69458232285,11.236548509291659
NZL,New Zealand,2019,2,2019.25,2019-Q2,75863.74115435297,11.236694130588337
NZL,New Zealand,2019,3,2019.5,2019-Q3,76166.36214500968,11.240675202544141
NZL,New Zealand,2019,4,2019.75,2019-Q4,75778.68712190753,11.235572359559853
NZL,New Zealand,2020,1,2020.0,2020-Q1,74676.86093019432,11.220925563164755
NZL,New Zealand,2020,2,2020.25,2020-Q2,67846.9356704039,11.125009500947675
NZL,New Zealand,2020,3,2020.5,2020-Q3,77966.20843818541,11.264030786651132
NZL,New Zealand,2020,4,2020.75,2020-Q4,77238.99883340379,11.25465977469516
NZL,New Zealand,2021,1,2021.0,2021-Q1,78656.59808112305,11.272846796653957
NZL,New Zealand,2021,2,2021.25,2021-Q2,78952.35036808313,11.27659978957737
NZL,New Zealand,2021,3,2021.5,2021-Q3,74262.67144791938,11.215363701335553
NZL,New Zealand,2021,4,2021.75,2021-Q4,76658.60321596939,11.24711711826202
NZL,New Zealand,2022,1,2022.0,2022-Q1,77138.15840243732,11.253353358032044
NZL,New Zealand,2022,2,2022.25,2022-Q2,78755.18883455721,11.274099444479862
NZL,New Zealand,2022,3,2022.5,2022-Q3,79348.170494927,11.28160066954417
NZL,New Zealand,2022,4,2022.75,2022-Q4,78498.84482329246,11.270839188035376
NZL,New Zealand,2023,1,2023.0,2023-Q1,77650.39951436296,11.259971973629444
NZL,New Zealand,2023,2,2023.25,2023-Q2,77859.78725951278,11.262664888814358
NZL,New Zealand,2023,3,2023.5,2023-Q3,77759.31455943167,11.261373624273347
NZL,New Zealand,2023,4,2023.75,2023-Q4,77160.17881970428,11.253638784535179
NZL,New Zealand,2024,1,2024.0,2024-Q1,77746.97687436496,11.261214946640708
NZL,New Zealand,2024,2,2024.25,2024-Q2,77784.69575379278,11.261699978139822
NZL,New Zealand,2024,3,2024.5,2024-Q3,77350.51419930739,11.256102503675399
NZL,New Zealand,2024,4,2024.75,2024-Q4,77140.87552520003,11.253388581518914
NZL,New Zealand,2025,1,2025.0,2025-Q1,78202.5360607003,11.267057356451284
NZL,New Zealand,2025,2,2025.25,2025-Q2,78354.05450282812,11.268992995045485
NZL,New Zealand,2025,3,2025.5,2025-Q3,79258.67796696755,11.280472186905186
NZL,New Zealand,2025,4,2025.75,2025-Q4,78447.08170851896,11.270179558087735
NZL,New Zealand,2026,1,2026.0,2026-Q1,79528.93297933854,11.283876171280498
PAK,Pakistan,2017,3,2017.5,2017-Q3,5608.333264537497,8.632008853578101
PAK,Pakistan,2017,4,2017.75,2017-Q4,5586.669756480344,8.628138638437086
PAK,Pakistan,2018,1,2018.0,2018-Q1,5843.983763503501,8.673167994547686
PAK,Pakistan,2018,2,2018.25,2018-Q2,5723.227217682636,8.652288124169052
PAK,Pakistan,2018,3,2018.5,2018-Q3,5845.755860427311,8.673471182983766
PAK,Pakistan,2018,4,2018.75,2018-Q4,6265.1811798752815,8.74276278628556
PAK,Pakistan,2019,1,2019.0,2019-Q1,6059.07443276965,8.709312333531962
PAK,Pakistan,2019,2,2019.25,2019-Q2,5838.217062960817,8.672180731771306
PAK,Pakistan,2020,3,2020.5,2020-Q3,6070.081836240499,8.711127366045115
PAK,Pakistan,2020,4,2020.75,2020-Q4,5464.057788498607,8.60594697742065
PAK,Pakistan,2021,1,2021.0,2021-Q1,5905.306282216688,8.683606595570293
PAK,Pakistan,2021,2,2021.25,2021-Q2,5984.573030846698,8.696940275572025
PAK,Pakistan,2025,1,2025.0,2025-Q1,5172.063742688279,8.551027064388167
PAK,Pakistan,2025,2,2025.25,2025-Q2,5337.742434581348,8.582558077504226
PAK,Pakistan,2025,3,2025.5,2025-Q3,5388.049383166104,8.591938702886564
PAK,Pakistan,2025,4,2025.75,2025-Q4,5814.794728271921,8.668160763946531
PER,Peru,2011,1,2011.0,2011-Q1,9460.19043342948,9.154847792226976
PER,Peru,2011,2,2011.25,2011-Q2,9879.215272834512,9.19818836176105
PER,Peru,2011,3,2011.5,2011-Q3,9854.607672750595,9.195694408824885
PER,Peru,2011,4,2011.75,2011-Q4,10028.44790811037,9.213181124027646
PER,Peru,2012,1,2012.0,2012-Q1,9776.207144948126,9.187706870318245
PER,Peru,2012,2,2012.25,2012-Q2,10173.882164002229,9.227579143243908
PER,Peru,2012,3,2012.5,2012-Q3,10225.818834540463,9.232671059322291
PER,Peru,2012,4,2012.75,2012-Q4,10364.062664831345,9.246099588058101
PER,Peru,2013,1,2013.0,2013-Q1,10405.299629624942,9.250070535109412
PER,Peru,2013,2,2013.25,2013-Q2,10933.792770357297,9.299613526500261
PER,Peru,2013,3,2013.5,2013-Q3,10680.774704591506,9.27620064776654
PER,Peru,2013,4,2013.75,2013-Q4,10789.18083574957,9.286299136533273
PER,Peru,2014,1,2014.0,2014-Q1,10755.62482881782,9.28318413660358
PER,Peru,2014,2,2014.25,2014-Q2,11050.802849514776,9.310258360371261
PER,Peru,2014,3,2014.5,2014-Q3,10799.09124087053,9.287217265208136
PER,Peru,2014,4,2014.75,2014-Q4,11003.094149781522,9.305931798570695
PER,Peru,2015,1,2015.0,2015-Q1,11007.885350852766,9.306367145043739
PER,Peru,2015,2,2015.25,2015-Q2,11419.20439123939,9.343051812765506
PER,Peru,2015,3,2015.5,2015-Q3,11015.47794242559,9.30705664843816
PER,Peru,2015,4,2015.75,2015-Q4,11351.031345945068,9.337063886265495
PER,Peru,2016,1,2016.0,2016-Q1,11211.768691751866,9.324719281653733
PER,Peru,2016,2,2016.25,2016-Q2,11694.847151478672,9.366903609371407
PER,Peru,2016,3,2016.5,2016-Q3,11270.461679601382,9.329940571554248
PER,Peru,2016,4,2016.75,2016-Q4,11569.66094939035,9.35614151547056
PER,Peru,2017,1,2017.0,2017-Q1,11293.32712748265,9.331967310583206
PER,Peru,2017,2,2017.25,2017-Q2,11926.530442122092,9.386520646483822
PER,Peru,2017,3,2017.5,2017-Q3,11435.38354831408,9.3444676475047
PER,Peru,2017,4,2017.75,2017-Q4,11702.50580736292,9.36755826942387
PER,Peru,2018,1,2018.0,2018-Q1,11467.772964493452,9.347296029501175
PER,Peru,2018,2,2018.25,2018-Q2,12336.44681160532,9.420313315283796
PER,Peru,2018,3,2018.5,2018-Q3,11667.568603830156,9.36456835771499
PER,Peru,2018,4,2018.75,2018-Q4,12062.772456504175,9.39787933245986
PER,Peru,2019,1,2019.0,2019-Q1,11662.547550529112,9.364137922363074
PER,Peru,2019,2,2019.25,2019-Q2,12238.432947649047,9.412336520717286
PER,Peru,2019,3,2019.5,2019-Q3,11834.67724142227,9.378789250044504
PER,Peru,2019,4,2019.75,2019-Q4,12173.980415400203,9.407056200329084
PER,Peru,2020,1,2020.0,2020-Q1,11441.089293056166,9.34496647832534
PER,Peru,2020,2,2020.25,2020-Q2,14056.864908204983,9.550866160999252
PER,Peru,2020,3,2020.5,2020-Q3,12904.23944262309,9.465311175322839
PER,Peru,2020,4,2020.75,2020-Q4,12655.286394598152,9.445830303667293
PER,Peru,2021,1,2021.0,2021-Q1,12184.995060626334,9.40796056069413
PER,Peru,2021,2,2021.25,2021-Q2,12333.029698522065,9.420036283616447
PER,Peru,2021,3,2021.5,2021-Q3,12240.24158347216,9.412484293083319
PER,Peru,2021,4,2021.75,2021-Q4,12167.443521116567,9.406519099914759
PHL,Philippines,2000,1,2000.0,2000-Q1,5113.4892678448505,8.539637281455335
PHL,Philippines,2000,2,2000.25,2000-Q2,5219.320327955956,8.560122467026806
PHL,Philippines,2000,3,2000.5,2000-Q3,5329.257925201045,8.580967281425966
PHL,Philippines,2000,4,2000.75,2000-Q4,5179.169370010348,8.552399969115712
PHL,Philippines,2001,1,2001.0,2001-Q1,5166.108830495751,8.549875040119089
PHL,Philippines,2001,2,2001.25,2001-Q2,5028.824613305948,8.522941560500373
PHL,Philippines,2001,3,2001.5,2001-Q3,5091.552515461843,8.535338075898474
PHL,Philippines,2001,4,2001.75,2001-Q4,4938.037318201693,8.504723227228066
PHL,Philippines,2002,1,2002.0,2002-Q1,5060.037214287935,8.529129116856826
PHL,Philippines,2002,2,2002.25,2002-Q2,5025.125595686459,8.522205726781387
PHL,Philippines,2002,3,2002.5,2002-Q3,5075.69060828471,8.532217875102072
PHL,Philippines,2003,1,2003.0,2003-Q1,5211.382065249652,8.55860037121012
PHL,Philippines,2003,2,2003.25,2003-Q2,5192.5473852062405,8.55497968141036
PHL,Philippines,2003,3,2003.5,2003-Q3,5310.919598210849,8.577520281578915
PHL,Philippines,2003,4,2003.75,2003-Q4,5224.809796523358,8.56117367359116
PHL,Philippines,2004,1,2004.0,2004-Q1,5329.236732867257,8.580963304816798
PHL,Philippines,2004,2,2004.25,2004-Q2,5365.23935576871,8.587696268378783
PHL,Philippines,2004,3,2004.5,2004-Q3,5439.510047561354,8.601444271007397
PHL,Philippines,2004,4,2004.75,2004-Q4,5488.194568444332,8.610354622210997
PHL,Philippines,2005,1,2005.0,2005-Q1,5593.019163071211,8.629274521075544
PHL,Philippines,2005,2,2005.25,2005-Q2,5521.267846472636,8.616362795230192
PHL,Philippines,2005,3,2005.5,2005-Q3,5548.800479585685,8.621337053576687
PHL,Philippines,2005,4,2005.75,2005-Q4,5537.3801601584855,8.619276772612842
PHL,Philippines,2006,1,2006.0,2006-Q1,5794.337588694757,8.664636441853682
PHL,Philippines,2006,2,2006.25,2006-Q2,5738.194762522275,8.654899938544967
PHL,Philippines,2006,3,2006.5,2006-Q3,5747.125073601756,8.656455021556422
PHL,Philippines,2006,4,2006.75,2006-Q4,5862.41193927184,8.67631639162199
PHL,Philippines,2007,1,2007.0,2007-Q1,5893.616729617126,8.68162513397207
PHL,Philippines,2007,2,2007.25,2007-Q2,5919.42341579924,8.685994327154896
PHL,Philippines,2007,3,2007.5,2007-Q3,6049.558846639505,8.70774063045542
PHL,Philippines,2007,4,2007.75,2007-Q4,6103.993906726422,8.716698574721072
PHL,Philippines,2008,1,2008.0,2008-Q1,6111.19102344689,8.717876963356927
PHL,Philippines,2008,2,2008.25,2008-Q2,6237.615702184249,8.738353289336112
PHL,Philippines,2008,3,2008.5,2008-Q3,6150.935606325339,8.724359480339611
PHL,Philippines,2008,4,2008.75,2008-Q4,6149.53777060335,8.724132198724478
PHL,Philippines,2009,1,2009.0,2009-Q1,6068.670796246724,8.71089488087257
PHL,Philippines,2009,2,2009.25,2009-Q2,6068.987171424908,8.710947012046326
PHL,Philippines,2009,3,2009.5,2009-Q3,6062.484764693568,8.709875022202345
PHL,Philippines,2009,4,2009.75,2009-Q4,6115.955213340294,8.718656244154301
PHL,Philippines,2010,1,2010.0,2010-Q1,6221.365020953917,8.73574461840112
PHL,Philippines,2010,2,2010.25,2010-Q2,6444.224612139484,8.770939599701123
PHL,Philippines,2010,3,2010.5,2010-Q3,6339.772486680205,8.754598161405704
PHL,Philippines,2010,4,2010.75,2010-Q4,6332.69349972752,8.753480938018148
PHL,Philippines,2011,1,2011.0,2011-Q1,6450.837312709574,8.771965217288425
PHL,Philippines,2011,2,2011.25,2011-Q2,6428.228904353496,8.76845433673262
PHL,Philippines,2011,3,2011.5,2011-Q3,6390.120583090165,8.762508417786673
PHL,Philippines,2011,4,2011.75,2011-Q4,6248.882475689522,8.740157922853449
PHL,Philippines,2012,1,2012.0,2012-Q1,6639.795656104752,8.80083646731391
PHL,Philippines,2012,2,2012.25,2012-Q2,6632.12767687614,8.799680948269769
PHL,Philippines,2012,3,2012.5,2012-Q3,6798.323165332572,8.824431267421618
PHL,Philippines,2012,4,2012.75,2012-Q4,6934.049448707424,8.844199257558945
PHL,Philippines,2013,1,2013.0,2013-Q1,7030.298820377298,8.857984490356145
PHL,Philippines,2013,2,2013.25,2013-Q2,7110.320596741878,8.86930261274301
PHL,Philippines,2013,3,2013.5,2013-Q3,7147.17546346348,8.87447251756413
PHL,Philippines,2013,4,2013.75,2013-Q4,7145.096743255626,8.874181630266092
PHL,Philippines,2014,1,2014.0,2014-Q1,7750.769116331024,8.955547358240254
PHL,Philippines,2014,2,2014.25,2014-Q2,7414.555509014728,8.911200307935717
PHL,Philippines,2014,3,2014.5,2014-Q3,7526.265564838501,8.926154256850062
PHL,Philippines,2014,4,2014.75,2014-Q4,7564.370586399801,8.931204422020805
PHL,Philippines,2015,1,2015.0,2015-Q1,7751.956202823392,8.955700503764058
PHL,Philippines,2015,2,2015.25,2015-Q2,7753.411307264234,8.955888194180833
PHL,Philippines,2015,3,2015.5,2015-Q3,7848.459976679778,8.968072610215705
PHL,Philippines,2015,4,2015.75,2015-Q4,7905.529280161191,8.975317702514284
PHL,Philippines,2016,1,2016.0,2016-Q1,7862.879323870501,8.96990814453437
PHL,Philippines,2016,2,2016.25,2016-Q2,8011.661056820601,8.988653391450088
PHL,Philippines,2016,3,2016.5,2016-Q3,8069.278192458693,8.995819313950035
PHL,Philippines,2016,4,2016.75,2016-Q4,8047.706711194593,8.99314244922948
PHL,Philippines,2017,1,2017.0,2017-Q1,8683.704023845667,9.069203447488473
PHL,Philippines,2017,2,2017.25,2017-Q2,8678.286821721536,9.068579417404814
PHL,Philippines,2017,3,2017.5,2017-Q3,8857.243571106981,9.088990885838701
PHL,Philippines,2017,4,2017.75,2017-Q4,8587.363848949743,9.058047081843027
PHL,Philippines,2018,1,2018.0,2018-Q1,8734.047709450391,9.074984196527769
PHL,Philippines,2018,2,2018.25,2018-Q2,9101.032333000248,9.11614312925759
PHL,Philippines,2018,3,2018.5,2018-Q3,9278.962280472157,9.135504996302581
PHL,Philippines,2018,4,2018.75,2018-Q4,9140.869108335664,9.120510748366927
PHL,Philippines,2019,1,2019.0,2019-Q1,9353.926712675777,9.143551503390459
PHL,Philippines,2019,2,2019.25,2019-Q2,9339.020358382406,9.14195663903907
PHL,Philippines,2019,3,2019.5,2019-Q3,9338.237867609778,9.141872848285242
PHL,Philippines,2019,4,2019.75,2019-Q4,9259.887803380256,9.133447211301192
PHL,Philippines,2020,1,2020.0,2020-Q1,9068.762300951425,9.112591073042486
PHL,Philippines,2020,2,2020.25,2020-Q2,9814.004453104488,9.191565670399948
PHL,Philippines,2020,3,2020.5,2020-Q3,8586.349623896482,9.057928968185658
PHL,Philippines,2020,4,2020.75,2020-Q4,9109.629329634923,9.117087301131473
PHL,Philippines,2021,1,2021.0,2021-Q1,10381.017132696756,9.247734141581708
PHL,Philippines,2021,2,2021.25,2021-Q2,8637.004875585835,9.063811143780049
PHL,Philippines,2021,3,2021.5,2021-Q3,9131.656892544584,9.119502434949162
PHL,Philippines,2021,4,2021.75,2021-Q4,8919.313611444253,9.095974273223641
PHL,Philippines,2022,1,2022.0,2022-Q1,9176.466800971712,9.124397529460751
PHL,Philippines,2022,2,2022.25,2022-Q2,8851.937999641319,9.088391697039015
PHL,Philippines,2022,3,2022.5,2022-Q3,8670.343611692138,9.067663701249012
PHL,Philippines,2022,4,2022.75,2022-Q4,8872.906761953185,9.090757728716698
PHL,Philippines,2023,1,2023.0,2023-Q1,8903.359941558314,9.094184006000317
PHL,Philippines,2023,2,2023.25,2023-Q2,8801.141253944872,9.082636680005823
PHL,Philippines,2023,3,2023.5,2023-Q3,9748.29055488564,9.184847220916158
PHL,Philippines,2023,4,2023.75,2023-Q4,9232.840247428545,9.130521999275766
PHL,Philippines,2024,1,2024.0,2024-Q1,9714.31996443831,9.181356360847717
PHL,Philippines,2024,2,2024.25,2024-Q2,9308.562292230688,9.138689932162562
PHL,Philippines,2024,3,2024.5,2024-Q3,9579.657943463204,9.167397165052218
PHL,Philippines,2024,4,2024.75,2024-Q4,9643.197593565908,9.174008033181494
POL,"Poland, Republic of",2000,1,2000.0,2000-Q1,19452.564212943114,9.875734176498007
POL,"Poland, Republic of",2000,2,2000.25,2000-Q2,19419.122617460347,9.87401356149722
POL,"Poland, Republic of",2000,3,2000.5,2000-Q3,19210.272694136627,9.863200451088012
POL,"Poland, Republic of",2000,4,2000.75,2000-Q4,19827.025693123407,9.89480122000313
POL,"Poland, Republic of",2001,1,2001.0,2001-Q1,20291.73355686074,9.917968868148018
POL,"Poland, Republic of",2001,2,2001.25,2001-Q2,20083.719004656345,9.90766476605176
POL,"Poland, Republic of",2001,3,2001.5,2001-Q3,19999.53853156051,9.903464478847958
POL,"Poland, Republic of",2001,4,2001.75,2001-Q4,20461.1763803416,9.926284534448138
POL,"Poland, Republic of",2002,1,2002.0,2002-Q1,21120.7195423938,9.958009806481986
POL,"Poland, Republic of",2002,2,2002.25,2002-Q2,21068.934830078804,9.955554951656026
POL,"Poland, Republic of",2002,3,2002.5,2002-Q3,21159.779631250265,9.959857471515845
POL,"Poland, Republic of",2002,4,2002.75,2002-Q4,21531.87297578311,9.977289580340724
POL,"Poland, Republic of",2003,1,2003.0,2003-Q1,22228.58077801627,10.009134162275872
POL,"Poland, Republic of",2003,2,2003.25,2003-Q2,22075.344940445302,10.002216651191315
POL,"Poland, Republic of",2003,3,2003.5,2003-Q3,22221.70339565928,10.008824720726071
POL,"Poland, Republic of",2003,4,2003.75,2003-Q4,22432.78155507093,10.018278630305792
POL,"Poland, Republic of",2004,1,2004.0,2004-Q1,23376.46853310805,10.059485177129282
POL,"Poland, Republic of",2004,2,2004.25,2004-Q2,23215.627193411405,10.05258091682013
POL,"Poland, Republic of",2004,3,2004.5,2004-Q3,22708.76963629596,10.030506456454335
POL,"Poland, Republic of",2004,4,2004.75,2004-Q4,22790.879011190027,10.034115691534979
POL,"Poland, Republic of",2005,1,2005.0,2005-Q1,23428.64416921928,10.061714662529951
POL,"Poland, Republic of",2005,2,2005.25,2005-Q2,23209.14199555793,10.052301531569155
POL,"Poland, Republic of",2005,3,2005.5,2005-Q3,22962.540891097506,10.041619510299041
POL,"Poland, Republic of",2005,4,2005.75,2005-Q4,23334.66583879906,10.057695338109925
POL,"Poland, Republic of",2006,1,2006.0,2006-Q1,24051.478257539948,10.087951739654926
POL,"Poland, Republic of",2006,2,2006.25,2006-Q2,24018.55661811554,10.086582002992293
POL,"Poland, Republic of",2006,3,2006.5,2006-Q3,23685.57820080795,10.072621627169147
POL,"Poland, Republic of",2006,4,2006.75,2006-Q4,23326.418021984264,10.057341817950586
POL,"Poland, Republic of",2007,1,2007.0,2007-Q1,24408.4935037298,10.102686445125643
POL,"Poland, Republic of",2007,2,2007.25,2007-Q2,24215.98832873017,10.094768368736215
POL,"Poland, Republic of",2007,3,2007.5,2007-Q3,24181.496033530275,10.093342992955048
POL,"Poland, Republic of",2007,4,2007.75,2007-Q4,24308.301230359488,10.098573185409807
POL,"Poland, Republic of",2008,1,2008.0,2008-Q1,24735.99741603928,10.1160148469256
POL,"Poland, Republic of",2008,2,2008.25,2008-Q2,24606.676166159235,10.110773073969419
POL,"Poland, Republic of",2008,3,2008.5,2008-Q3,24139.559449836557,10.091607244685347
POL,"Poland, Republic of",2008,4,2008.75,2008-Q4,24137.76462146432,10.091532889761682
POL,"Poland, Republic of",2009,1,2009.0,2009-Q1,24918.242737929973,10.12335545428058
POL,"Poland, Republic of",2009,2,2009.25,2009-Q2,24791.92431281985,10.118273246575697
POL,"Poland, Republic of",2009,3,2009.5,2009-Q3,24702.658937153246,10.11466616609976
POL,"Poland, Republic of",2009,4,2009.75,2009-Q4,25283.019534583946,10.137888284742845
POL,"Poland, Republic of",2010,1,2010.0,2010-Q1,26372.948268807064,10.18009407699638
POL,"Poland, Republic of",2010,2,2010.25,2010-Q2,26244.49257121603,10.175211439196424
POL,"Poland, Republic of",2010,3,2010.5,2010-Q3,26213.800392955407,10.17404128362984
POL,"Poland, Republic of",2010,4,2010.75,2010-Q4,26580.279084321108,10.187924831998462
POL,"Poland, Republic of",2011,1,2011.0,2011-Q1,27477.190221094097,10.221111492967907
POL,"Poland, Republic of",2011,2,2011.25,2011-Q2,27416.45208012748,10.218898553064227
POL,"Poland, Republic of",2011,3,2011.5,2011-Q3,27523.48977101657,10.222795092547603
POL,"Poland, Republic of",2011,4,2011.75,2011-Q4,27929.675762030765,10.237445049921991
POL,"Poland, Republic of",2012,1,2012.0,2012-Q1,28351.800674566308,10.25244582299657
POL,"Poland, Republic of",2012,2,2012.25,2012-Q2,27945.403575566477,10.238008013380389
POL,"Poland, Republic of",2012,3,2012.5,2012-Q3,27802.370799546807,10.232876576601786
POL,"Poland, Republic of",2012,4,2012.75,2012-Q4,27871.134202959354,10.235346815843094
POL,"Poland, Republic of",2013,1,2013.0,2013-Q1,28493.013386515147,10.257414191871156
POL,"Poland, Republic of",2013,2,2013.25,2013-Q2,28308.58458416976,10.250920379829198
POL,"Poland, Republic of",2013,3,2013.5,2013-Q3,28155.63394610952,10.245502753723972
POL,"Poland, Republic of",2013,4,2013.75,2013-Q4,28332.77013839437,10.251774369138351
POL,"Poland, Republic of",2014,1,2014.0,2014-Q1,28967.272030906213,10.273921921017386
POL,"Poland, Republic of",2014,2,2014.25,2014-Q2,28911.313956533955,10.27198828387498
POL,"Poland, Republic of",2014,3,2014.5,2014-Q3,28701.402179430825,10.264701256980437
POL,"Poland, Republic of",2014,4,2014.75,2014-Q4,29018.19854792228,10.275678448285397
POL,"Poland, Republic of",2015,1,2015.0,2015-Q1,29752.89211956941,10.300681620351964
POL,"Poland, Republic of",2015,2,2015.25,2015-Q2,29653.642048420883,10.297340231567668
POL,"Poland, Republic of",2015,3,2015.5,2015-Q3,29553.60500868997,10.293961012303209
POL,"Poland, Republic of",2015,4,2015.75,2015-Q4,29679.01656741871,10.298195562211424
POL,"Poland, Republic of",2016,1,2016.0,2016-Q1,30164.00184273872,10.314404500413197
POL,"Poland, Republic of",2016,2,2016.25,2016-Q2,30288.793343941707,10.318533066448039
POL,"Poland, Republic of",2016,3,2016.5,2016-Q3,30308.62491246585,10.319187601568602
POL,"Poland, Republic of",2016,4,2016.75,2016-Q4,30733.3733595188,10.333104423246187
POL,"Poland, Republic of",2017,1,2017.0,2017-Q1,31201.89402963542,10.348234078033093
POL,"Poland, Republic of",2017,2,2017.25,2017-Q2,31154.960765828808,10.346728765655714
POL,"Poland, Republic of",2017,3,2017.5,2017-Q3,31583.054534061022,10.360376006820008
POL,"Poland, Republic of",2017,4,2017.75,2017-Q4,32231.128570602505,10.380687990349163
POL,"Poland, Republic of",2018,1,2018.0,2018-Q1,32985.233194040215,10.403815261331548
POL,"Poland, Republic of",2018,2,2018.25,2018-Q2,33032.52337874093,10.40524791203779
POL,"Poland, Republic of",2018,3,2018.5,2018-Q3,33364.47627815588,10.415247028471095
POL,"Poland, Republic of",2018,4,2018.75,2018-Q4,34077.66364817613,10.436397423668847
POL,"Poland, Republic of",2019,1,2019.0,2019-Q1,34884.38511436712,10.45979459014281
POL,"Poland, Republic of",2019,2,2019.25,2019-Q2,34730.71864462375,10.45537983785412
POL,"Poland, Republic of",2019,3,2019.5,2019-Q3,34750.56634384471,10.45595114852473
POL,"Poland, Republic of",2019,4,2019.75,2019-Q4,35325.840157064726,10.472369990909385
POL,"Poland, Republic of",2020,1,2020.0,2020-Q1,35576.77149612015,10.479448217814408
POL,"Poland, Republic of",2020,2,2020.25,2020-Q2,32671.030890008587,10.394244058734824
POL,"Poland, Republic of",2020,3,2020.5,2020-Q3,34343.614320230336,10.444171379938894
POL,"Poland, Republic of",2020,4,2020.75,2020-Q4,36549.12764678876,10.506412597500173
POL,"Poland, Republic of",2021,1,2021.0,2021-Q1,35311.46442560712,10.471962961458274
POL,"Poland, Republic of",2021,2,2021.25,2021-Q2,35759.45107741508,10.484569878985493
POL,"Poland, Republic of",2021,3,2021.5,2021-Q3,36056.86973339813,10.492852685817915
POL,"Poland, Republic of",2021,4,2021.75,2021-Q4,36849.0610305694,10.514585416439907
POL,"Poland, Republic of",2022,1,2022.0,2022-Q1,38256.03431484762,10.5520565866772
POL,"Poland, Republic of",2022,2,2022.25,2022-Q2,37654.79367574774,10.536215547188286
POL,"Poland, Republic of",2022,3,2022.5,2022-Q3,38082.66284106875,10.547514414009559
POL,"Poland, Republic of",2022,4,2022.75,2022-Q4,37250.934928220224,10.525432322236904
POL,"Poland, Republic of",2023,1,2023.0,2023-Q1,37439.18455708524,10.53047315036196
POL,"Poland, Republic of",2023,2,2023.25,2023-Q2,37237.6931079294,10.525076782853795
POL,"Poland, Republic of",2023,3,2023.5,2023-Q3,37922.05754480445,10.543288215044726
POL,"Poland, Republic of",2023,4,2023.75,2023-Q4,36828.30925291588,10.514022101595133
POL,"Poland, Republic of",2024,1,2024.0,2024-Q1,37501.42050978592,10.532134091502021
POL,"Poland, Republic of",2024,2,2024.25,2024-Q2,38011.0219021382,10.545631446708406
POL,"Poland, Republic of",2024,3,2024.5,2024-Q3,37918.34471108037,10.54319030328222
POL,"Poland, Republic of",2024,4,2024.75,2024-Q4,38547.89418903744,10.559656752052952
POL,"Poland, Republic of",2025,1,2025.0,2025-Q1,39260.08323552106,10.577963587938267
POL,"Poland, Republic of",2025,2,2025.25,2025-Q2,39219.89836465898,10.57693950833084
POL,"Poland, Republic of",2025,3,2025.5,2025-Q3,39655.623970729655,10.58798805737609
POL,"Poland, Republic of",2025,4,2025.75,2025-Q4,39746.75187174382,10.59028340282532
POL,"Poland, Republic of",2026,1,2026.0,2026-Q1,40260.61825105822,10.603129055535343
PRT,Portugal,1995,2,1995.25,1995-Q2,35851.818194749845,10.48714956147114
PRT,Portugal,1996,2,1996.25,1996-Q2,36883.09371642419,10.515508560172474
PRT,Portugal,1996,3,1996.5,1996-Q3,37225.71758387495,10.524755134300595
PRT,Portugal,1996,4,1996.75,1996-Q4,37406.03467166093,10.529587325243572
PRT,Portugal,1997,1,1997.0,1997-Q1,37842.49384040012,10.541187925867337
PRT,Portugal,1997,2,1997.25,1997-Q2,37650.08357520622,10.53609045301857
PRT,Portugal,1997,3,1997.5,1997-Q3,37942.65220882965,10.543831146391804
PRT,Portugal,1997,4,1997.75,1997-Q4,38110.2489459956,10.548238526147689
PRT,Portugal,1998,1,1998.0,1998-Q1,36711.0392938532,10.510832787009589
PRT,Portugal,1998,2,1998.25,1998-Q2,36691.6054041412,10.510303272296705
PRT,Portugal,1998,3,1998.5,1998-Q3,37278.9236684049,10.526183396827074
PRT,Portugal,1998,4,1998.75,1998-Q4,37457.95302617955,10.530974330249276
PRT,Portugal,1999,1,1999.0,1999-Q1,37765.40873671967,10.539148849851157
PRT,Portugal,1999,2,1999.25,1999-Q2,37710.12108354352,10.537683801160627
PRT,Portugal,1999,3,1999.5,1999-Q3,37901.73349296735,10.542752128625262
PRT,Portugal,1999,4,1999.75,1999-Q4,38146.22727509133,10.549182139950693
PRT,Portugal,2000,1,2000.0,2000-Q1,38656.91205959047,10.562480875272936
PRT,Portugal,2000,2,2000.25,2000-Q2,38139.315029592566,10.549000919622204
PRT,Portugal,2000,3,2000.5,2000-Q3,38388.25622716159,10.55550686438341
PRT,Portugal,2000,4,2000.75,2000-Q4,38530.18168029605,10.55919715290356
PRT,Portugal,2001,1,2001.0,2001-Q1,38202.32147262232,10.550651564282768
PRT,Portugal,2001,2,2001.25,2001-Q2,38494.35936440874,10.558266999526877
PRT,Portugal,2001,3,2001.5,2001-Q3,38435.77667537525,10.556743989081998
PRT,Portugal,2001,4,2001.75,2001-Q4,38881.69817944617,10.568278935075435
PRT,Portugal,2002,1,2002.0,2002-Q1,38994.33343943184,10.57117161813041
PRT,Portugal,2002,2,2002.25,2002-Q2,38623.00072585523,10.561603251717486
PRT,Portugal,2002,3,2002.5,2002-Q3,38419.94031888455,10.556331882934682
PRT,Portugal,2002,4,2002.75,2002-Q4,38708.953197368144,10.563826201030077
PRT,Portugal,2003,1,2003.0,2003-Q1,38746.58161252085,10.564797814439117
PRT,Portugal,2003,2,2003.25,2003-Q2,38385.05999671607,10.555423600285815
PRT,Portugal,2003,3,2003.5,2003-Q3,38705.35127337704,10.563733145256512
PRT,Portugal,2003,4,2003.75,2003-Q4,38990.47482993233,10.571072660151588
PRT,Portugal,2004,1,2004.0,2004-Q1,39506.193114066686,10.584212726297197
PRT,Portugal,2004,2,2004.25,2004-Q2,39682.34917375177,10.588661762613917
PRT,Portugal,2004,3,2004.5,2004-Q3,39785.07232657106,10.591247053745663
PRT,Portugal,2004,4,2004.75,2004-Q4,39601.20715267806,10.58661488043144
PRT,Portugal,2005,1,2005.0,2005-Q1,40186.62893936698,10.601289605830408
PRT,Portugal,2005,2,2005.25,2005-Q2,40043.026034709845,10.597709805865941
PRT,Portugal,2005,3,2005.5,2005-Q3,39968.59066306641,10.595849191215484
PRT,Portugal,2005,4,2005.75,2005-Q4,40060.28301132837,10.598140673881035
PRT,Portugal,2006,1,2006.0,2006-Q1,40351.32484432688,10.605379506971392
PRT,Portugal,2006,2,2006.25,2006-Q2,40325.78457400891,10.604746359072184
PRT,Portugal,2006,3,2006.5,2006-Q3,40278.41627429829,10.603571028142406
PRT,Portugal,2006,4,2006.75,2006-Q4,40913.930358871,10.619225879612806
PRT,Portugal,2007,1,2007.0,2007-Q1,41373.69565212735,10.630400587158327
PRT,Portugal,2007,2,2007.25,2007-Q2,41316.08296360908,10.629007121150675
PRT,Portugal,2007,3,2007.5,2007-Q3,41101.94487329922,10.623810719882975
PRT,Portugal,2007,4,2007.75,2007-Q4,41703.43709734093,10.638338828786853
PRT,Portugal,2008,1,2008.0,2008-Q1,41654.56256263444,10.637166186916692
PRT,Portugal,2008,2,2008.25,2008-Q2,41151.14526540049,10.625007037197891
PRT,Portugal,2008,3,2008.5,2008-Q3,41361.5607603925,10.630107244456605
PRT,Portugal,2008,4,2008.75,2008-Q4,41053.62202513506,10.622634345461591
PRT,Portugal,2009,1,2009.0,2009-Q1,40597.14745609271,10.611453083419345
PRT,Portugal,2009,2,2009.25,2009-Q2,40835.48747649831,10.617306773433826
PRT,Portugal,2009,3,2009.5,2009-Q3,41696.2211230957,10.638165783131338
PRT,Portugal,2009,4,2009.75,2009-Q4,41702.55364172269,10.638317644322514
PRT,Portugal,2010,1,2010.0,2010-Q1,42098.56420888087,10.647768914786791
PRT,Portugal,2010,2,2010.25,2010-Q2,42423.33255332647,10.655453785931712
PRT,Portugal,2010,3,2010.5,2010-Q3,42808.87846547908,10.664500800839246
PRT,Portugal,2010,4,2010.75,2010-Q4,42770.316786781164,10.66359960794548
PRT,Portugal,2011,1,2011.0,2011-Q1,43411.93715096343,10.67848973183067
PRT,Portugal,2011,2,2011.25,2011-Q2,42976.61027924018,10.668411299688449
PRT,Portugal,2011,3,2011.5,2011-Q3,43059.73427162555,10.670343599780537
PRT,Portugal,2011,4,2011.75,2011-Q4,43592.82132337363,10.68264776723459
PRT,Portugal,2012,1,2012.0,2012-Q1,43839.03463060285,10.688279901092104
PRT,Portugal,2012,2,2012.25,2012-Q2,42908.29133480678,10.666820357449252
PRT,Portugal,2012,3,2012.5,2012-Q3,42880.29785020496,10.666167741854071
PRT,Portugal,2012,4,2012.75,2012-Q4,43357.346887749765,10.677231446228314
PRT,Portugal,2013,1,2013.0,2013-Q1,44382.96800750361,10.700611071391094
PRT,Portugal,2013,2,2013.25,2013-Q2,44037.66425327462,10.692800552492656
PRT,Portugal,2013,3,2013.5,2013-Q3,43482.62609876952,10.680116737267053
PRT,Portugal,2013,4,2013.75,2013-Q4,43943.63718957933,10.690663118789105
PRT,Portugal,2014,1,2014.0,2014-Q1,44102.02908220592,10.69426107131084
PRT,Portugal,2014,2,2014.25,2014-Q2,43316.97892015355,10.67629995999779
PRT,Portugal,2014,3,2014.5,2014-Q3,42820.20708104484,10.664765398214298
PRT,Portugal,2014,4,2014.75,2014-Q4,43924.85254833715,10.690235556153526
PRT,Portugal,2015,1,2015.0,2015-Q1,44351.15781088571,10.699894093617612
PRT,Portugal,2015,2,2015.25,2015-Q2,43358.64318701686,10.677261343811587
PRT,Portugal,2015,3,2015.5,2015-Q3,43404.40574210412,10.678316229731244
PRT,Portugal,2015,4,2015.75,2015-Q4,43658.24469355539,10.684147425300209
PRT,Portugal,2016,1,2016.0,2016-Q1,44402.43219800994,10.701049526154447
PRT,Portugal,2016,2,2016.25,2016-Q2,43683.47359991983,10.684725131064624
PRT,Portugal,2016,3,2016.5,2016-Q3,43578.06323200811,10.682309165840746
PRT,Portugal,2016,4,2016.75,2016-Q4,44200.97525667129,10.696502132452942
PRT,Portugal,2017,1,2017.0,2017-Q1,44573.45386266068,10.704893755930337
PRT,Portugal,2017,2,2017.25,2017-Q2,43712.43898263634,10.685387985491591
PRT,Portugal,2017,3,2017.5,2017-Q3,43616.9632402143,10.683201418813438
PRT,Portugal,2017,4,2017.75,2017-Q4,43957.01807194324,10.690967573458469
PRT,Portugal,2018,1,2018.0,2018-Q1,44243.47653045622,10.697463216527694
PRT,Portugal,2018,2,2018.25,2018-Q2,44049.41435994001,10.693067336382418
PRT,Portugal,2018,3,2018.5,2018-Q3,44076.44162753428,10.693680715240161
PRT,Portugal,2018,4,2018.75,2018-Q4,44456.1825855433,10.7022593220582
PRT,Portugal,2019,1,2019.0,2019-Q1,44955.61958101573,10.713431050573165
PRT,Portugal,2019,2,2019.25,2019-Q2,44823.08244554969,10.710478518875638
PRT,Portugal,2019,3,2019.5,2019-Q3,44686.25121916049,10.707421154299842
PRT,Portugal,2019,4,2019.75,2019-Q4,45409.90924269555,10.723485625470655
PRT,Portugal,2020,1,2020.0,2020-Q1,43983.06850541096,10.691560032148097
PRT,Portugal,2020,2,2020.25,2020-Q2,38491.72135443644,10.558198467398766
PRT,Portugal,2020,3,2020.5,2020-Q3,43408.47707057613,10.67841002522203
PRT,Portugal,2020,4,2020.75,2020-Q4,43028.82002173249,10.669625403233375
PRT,Portugal,2021,1,2021.0,2021-Q1,43672.33664018511,10.68447015180762
PRT,Portugal,2021,2,2021.25,2021-Q2,44457.37222527644,10.702286081526669
PRT,Portugal,2021,3,2021.5,2021-Q3,45450.35541669237,10.724375919524276
PRT,Portugal,2021,4,2021.75,2021-Q4,46153.71407426942,10.73973271500849
PRT,Portugal,2022,1,2022.0,2022-Q1,46489.77863979364,10.74698775321478
PRT,Portugal,2022,2,2022.25,2022-Q2,46524.35234904877,10.747731160920251
PRT,Portugal,2022,3,2022.5,2022-Q3,46404.69008425868,10.745155812508294
PRT,Portugal,2022,4,2022.75,2022-Q4,46819.09864091177,10.754046489277181
PRT,Portugal,2023,1,2023.0,2023-Q1,47258.38251147873,10.763385324837357
PRT,Portugal,2023,2,2023.25,2023-Q2,46890.32621687326,10.755566669126466
PRT,Portugal,2023,3,2023.5,2023-Q3,46657.3790132666,10.750586371971709
PRT,Portugal,2023,4,2023.75,2023-Q4,46982.87889286949,10.757538535451411
PRT,Portugal,2024,1,2024.0,2024-Q1,47546.264438197046,10.769458504176589
PRT,Portugal,2024,2,2024.25,2024-Q2,47414.55468991307,10.766684521518227
PRT,Portugal,2024,3,2024.5,2024-Q3,47103.851127620175,10.760110041579566
PRT,Portugal,2024,4,2024.75,2024-Q4,47586.74214913468,10.770309475145181
PRT,Portugal,2025,1,2025.0,2025-Q1,47154.12781407776,10.761176830657586
PRT,Portugal,2025,2,2025.25,2025-Q2,46871.977707689824,10.755175285624789
PRT,Portugal,2025,3,2025.5,2025-Q3,46412.011275426725,10.745313568409463
PRT,Portugal,2025,4,2025.75,2025-Q4,46780.8626620744,10.753229480799146
PRT,Portugal,2026,1,2026.0,2026-Q1,47180.43165935003,10.761734502121806
PRY,Paraguay,2017,1,2017.0,2017-Q1,14878.567050189442,9.607677003359408
PRY,Paraguay,2017,2,2017.25,2017-Q2,13922.203097594109,9.541240189870596
PRY,Paraguay,2017,3,2017.5,2017-Q3,13350.622868977618,9.499318319592254
PRY,Paraguay,2017,4,2017.75,2017-Q4,14549.055446345292,9.585281352715432
PRY,Paraguay,2018,1,2018.0,2018-Q1,15120.91488736014,9.623834156326254
PRY,Paraguay,2018,2,2018.25,2018-Q2,14244.298125609344,9.564111974086627
PRY,Paraguay,2018,3,2018.5,2018-Q3,13277.721337860376,9.493842822303373
PRY,Paraguay,2018,4,2018.75,2018-Q4,14208.982223548514,9.561629594567444
PRY,Paraguay,2019,1,2019.0,2019-Q1,14089.977569598952,9.55321901295384
PRY,Paraguay,2019,2,2019.25,2019-Q2,13828.28067142049,9.534471098161278
PRY,Paraguay,2019,3,2019.5,2019-Q3,13511.064709306926,9.511264236828028
PRY,Paraguay,2019,4,2019.75,2019-Q4,14315.776723833536,9.569117475496729
PRY,Paraguay,2020,1,2020.0,2020-Q1,14774.354679742544,9.600648164822486
PRY,Paraguay,2020,2,2020.25,2020-Q2,13545.388688403948,9.513801450187497
PRY,Paraguay,2020,3,2020.5,2020-Q3,13718.414058412916,9.526494301188306
PRY,Paraguay,2020,4,2020.75,2020-Q4,14636.2662807734,9.591257719521929
PRY,Paraguay,2021,1,2021.0,2021-Q1,14711.119131965252,9.596358890372901
PRY,Paraguay,2021,2,2021.25,2021-Q2,14252.156679182175,9.564663520152681
PRY,Paraguay,2021,3,2021.5,2021-Q3,13498.824834117982,9.510357911312914
PRY,Paraguay,2021,4,2021.75,2021-Q4,14628.136285511737,9.590702095982211
PRY,Paraguay,2022,1,2022.0,2022-Q1,14722.59782183933,9.597138859173581
PRY,Paraguay,2022,2,2022.25,2022-Q2,13714.317791358128,9.526195660345122
PRY,Paraguay,2022,3,2022.5,2022-Q3,13732.127337986516,9.52749342761837
PRY,Paraguay,2022,4,2022.75,2022-Q4,14850.30917932101,9.605775964170407
PRY,Paraguay,2023,1,2023.0,2023-Q1,15279.94712944697,9.634296602599798
PRY,Paraguay,2023,2,2023.25,2023-Q2,14003.097342447689,9.547033822873976
PRY,Paraguay,2023,3,2023.5,2023-Q3,13947.756312636338,9.54307393650988
PRY,Paraguay,2023,4,2023.75,2023-Q4,15059.437349462389,9.619760140062493
PRY,Paraguay,2024,1,2024.0,2024-Q1,15592.09404955099,9.654519273079863
PRY,Paraguay,2024,2,2024.25,2024-Q2,14920.123636458062,9.610466160349294
PRY,Paraguay,2024,3,2024.5,2024-Q3,14343.851462594946,9.571076659862902
PRY,Paraguay,2024,4,2024.75,2024-Q4,15294.85334604574,9.635271668179817
PRY,Paraguay,2025,1,2025.0,2025-Q1,16401.777168235054,9.705144971858116
PRY,Paraguay,2025,2,2025.25,2025-Q2,15242.057657285422,9.631813837008924
PRY,Paraguay,2025,3,2025.5,2025-Q3,14611.490867277802,9.589563543842331
PRY,Paraguay,2025,4,2025.75,2025-Q4,15666.892872637753,9.659305030598855
QAT,Qatar,2013,1,2013.0,2013-Q1,122862.60156419776,11.718821949523829
QAT,Qatar,2013,2,2013.25,2013-Q2,122035.47259735804,11.712067040447927
QAT,Qatar,2013,3,2013.5,2013-Q3,124114.91315180968,11.728963134414467
QAT,Qatar,2013,4,2013.75,2013-Q4,115985.34650440273,11.661219138871141
QAT,Qatar,2014,1,2014.0,2014-Q1,117357.18079219996,11.672977390648647
QAT,Qatar,2014,2,2014.25,2014-Q2,115553.34418555556,11.657487556742455
QAT,Qatar,2014,3,2014.5,2014-Q3,115195.24640898898,11.654383762581693
QAT,Qatar,2014,4,2014.75,2014-Q4,111113.37992133196,11.618306399711571
QAT,Qatar,2015,1,2015.0,2015-Q1,104444.0173510353,11.556406487709392
QAT,Qatar,2015,2,2015.25,2015-Q2,104346.03065425753,11.555467873010963
QAT,Qatar,2015,3,2015.5,2015-Q3,105491.08021319775,11.566381680581696
QAT,Qatar,2015,4,2015.75,2015-Q4,102865.2270003874,11.541174934685534
QAT,Qatar,2016,1,2016.0,2016-Q1,96058.77092400951,11.472715480258858
QAT,Qatar,2016,2,2016.25,2016-Q2,99786.05960826745,11.510783769259044
QAT,Qatar,2016,3,2016.5,2016-Q3,98519.34538954204,11.498008207770074
QAT,Qatar,2016,4,2016.75,2016-Q4,97681.11748104432,11.489463548942778
ROU,Romania,1997,2,1997.25,1997-Q2,9077.345002552924,9.113537028238051
ROU,Romania,1998,2,1998.25,1998-Q2,8803.682222853578,9.082925347362211
ROU,Romania,1999,1,1999.0,1999-Q1,10247.081479134518,9.234748210279232
ROU,Romania,1999,2,1999.25,1999-Q2,9149.370722468777,9.12144038240388
ROU,Romania,1999,3,1999.5,1999-Q3,8893.8325097068,9.093113339063638
ROU,Romania,1999,4,1999.75,1999-Q4,9400.897882129746,9.148560483071915
ROU,Romania,2000,1,2000.0,2000-Q1,10060.25360573319,9.216347652653395
ROU,Romania,2000,2,2000.25,2000-Q2,9776.584204940056,9.187745438723669
ROU,Romania,2000,3,2000.5,2000-Q3,9044.426822088672,9.1099040262348
ROU,Romania,2000,4,2000.75,2000-Q4,9686.594415130336,9.17849818956362
ROU,Romania,2001,1,2001.0,2001-Q1,10552.503334371268,9.264118393635876
ROU,Romania,2001,2,2001.25,2001-Q2,9765.057312997193,9.186565712520098
ROU,Romania,2001,3,2001.5,2001-Q3,9759.371662159903,9.18598329845767
ROU,Romania,2001,4,2001.75,2001-Q4,10702.849707786292,9.278265312821532
ROU,Romania,2002,1,2002.0,2002-Q1,12350.919503559238,9.421485793014075
ROU,Romania,2002,2,2002.25,2002-Q2,11782.319865342775,9.374355370358742
ROU,Romania,2002,3,2002.5,2002-Q3,11380.61087500751,9.33966638594151
ROU,Romania,2002,4,2002.75,2002-Q4,12111.933506086163,9.401946485741929
ROU,Romania,2003,1,2003.0,2003-Q1,13153.77269256096,9.484463893231599
ROU,Romania,2003,2,2003.25,2003-Q2,12566.514861817735,9.438791004733575
ROU,Romania,2003,3,2003.5,2003-Q3,12361.633897484491,9.422352914628156
ROU,Romania,2003,4,2003.75,2003-Q4,12961.083057809086,9.46970653568994
ROU,Romania,2004,1,2004.0,2004-Q1,14067.64605456593,9.55163283366448
ROU,Romania,2004,2,2004.25,2004-Q2,13609.300789994248,9.518508719600895
ROU,Romania,2004,3,2004.5,2004-Q3,14113.23481809157,9.554868275700558
ROU,Romania,2004,4,2004.75,2004-Q4,14861.285779524367,9.606514840741518
ROU,Romania,2005,1,2005.0,2005-Q1,14849.766009835566,9.605739387193275
ROU,Romania,2005,2,2005.25,2005-Q2,14365.84846755042,9.57260903458736
ROU,Romania,2005,3,2005.5,2005-Q3,14666.511769221812,9.593322062987097
ROU,Romania,2005,4,2005.75,2005-Q4,15340.071968322263,9.638223766456674
ROU,Romania,2006,1,2006.0,2006-Q1,15831.181107898065,9.669736762087808
ROU,Romania,2006,2,2006.25,2006-Q2,15312.029336053723,9.636394029577376
ROU,Romania,2006,3,2006.5,2006-Q3,15352.03055813428,9.63900302818414
ROU,Romania,2006,4,2006.75,2006-Q4,16286.840604938125,9.698112735882221
ROU,Romania,2007,1,2007.0,2007-Q1,16740.88240931834,9.725609055277761
ROU,Romania,2007,2,2007.25,2007-Q2,16374.102008837806,9.703456219844789
ROU,Romania,2007,3,2007.5,2007-Q3,16112.638245899065,9.687359227250917
ROU,Romania,2007,4,2007.75,2007-Q4,17653.306056639347,9.77867835681164
ROU,Romania,2008,1,2008.0,2008-Q1,17975.48858002836,9.796764363306266
ROU,Romania,2008,2,2008.25,2008-Q2,17948.203761928562,9.795245319935852
ROU,Romania,2008,3,2008.5,2008-Q3,18108.4702032133,9.804135074819856
ROU,Romania,2008,4,2008.75,2008-Q4,18912.658658826604,9.847586747159987
ROU,Romania,2009,1,2009.0,2009-Q1,17456.006184374564,9.767439062356392
ROU,Romania,2009,2,2009.25,2009-Q2,16931.55004158693,9.736934026848003
ROU,Romania,2009,3,2009.5,2009-Q3,17189.548399374,9.752056826907545
ROU,Romania,2009,4,2009.75,2009-Q4,18307.01875926867,9.815039804055175
ROU,Romania,2010,1,2010.0,2010-Q1,18543.09424878912,9.827852721029728
ROU,Romania,2010,2,2010.25,2010-Q2,17563.22327098596,9.77356240791771
ROU,Romania,2010,3,2010.5,2010-Q3,16862.12259406093,9.732825118890359
ROU,Romania,2010,4,2010.75,2010-Q4,18310.167064690497,9.815211761859072
ROU,Romania,2011,1,2011.0,2011-Q1,18994.82414310535,9.851921807516504
ROU,Romania,2011,2,2011.25,2011-Q2,18936.04340942597,9.848822443619687
ROU,Romania,2011,3,2011.5,2011-Q3,19249.03622847225,9.865216272409194
ROU,Romania,2011,4,2011.75,2011-Q4,18835.844760901637,9.843516969712454
ROU,Romania,2012,1,2012.0,2012-Q1,20011.93073767713,9.904083911562587
ROU,Romania,2012,2,2012.25,2012-Q2,19243.03175075816,9.864904287209228
ROU,Romania,2012,3,2012.5,2012-Q3,18617.88194144831,9.831877792558915
ROU,Romania,2012,4,2012.75,2012-Q4,18934.7269133948,9.84875291791316
ROU,Romania,2013,1,2013.0,2013-Q1,19453.894378125915,9.875802554100671
ROU,Romania,2013,2,2013.25,2013-Q2,19084.4714996348,9.85663027287213
ROU,Romania,2013,3,2013.5,2013-Q3,19143.38617046339,9.85971256526635
ROU,Romania,2013,4,2013.75,2013-Q4,19823.416102739586,9.894619149376407
ROU,Romania,2014,1,2014.0,2014-Q1,20269.67495708434,9.916881203653158
ROU,Romania,2014,2,2014.25,2014-Q2,19687.399969109047,9.887734114620937
ROU,Romania,2014,3,2014.5,2014-Q3,19751.54345176881,9.890986916732407
ROU,Romania,2014,4,2014.75,2014-Q4,20386.26449989274,9.922616644229333
ROU,Romania,2015,1,2015.0,2015-Q1,21428.09465992541,9.97245817457208
ROU,Romania,2015,2,2015.25,2015-Q2,20608.52989298154,9.933460341548155
ROU,Romania,2015,3,2015.5,2015-Q3,20378.130733067526,9.922217581915925
ROU,Romania,2015,4,2015.75,2015-Q4,20985.823970319118,9.95160243972495
ROU,Romania,2016,1,2016.0,2016-Q1,22142.57184924604,10.00525736253547
ROU,Romania,2016,2,2016.25,2016-Q2,21406.34874526,9.971442827351252
ROU,Romania,2016,3,2016.5,2016-Q3,21237.7676114768,9.963536366794349
ROU,Romania,2016,4,2016.75,2016-Q4,21863.9698206887,9.992595347287189
ROU,Romania,2017,1,2017.0,2017-Q1,23099.327342756533,10.047558776724719
ROU,Romania,2017,2,2017.25,2017-Q2,22080.077699107034,10.002431019366137
ROU,Romania,2017,3,2017.5,2017-Q3,22705.876706179926,10.030379055699163
ROU,Romania,2017,4,2017.75,2017-Q4,23492.465619766823,10.064435036800443
ROU,Romania,2018,1,2018.0,2018-Q1,23986.79538298377,10.085258765543042
ROU,Romania,2018,2,2018.25,2018-Q2,23489.594773378318,10.064312826477266
ROU,Romania,2018,3,2018.5,2018-Q3,24004.3452404618,10.085990144628113
ROU,Romania,2018,4,2018.75,2018-Q4,24590.551091046174,10.110117546144396
ROU,Romania,2019,1,2019.0,2019-Q1,24941.891901769497,10.124304074487238
ROU,Romania,2019,2,2019.25,2019-Q2,24592.559380434508,10.11019921195895
ROU,Romania,2019,3,2019.5,2019-Q3,24825.8938787362,10.119642495464976
ROU,Romania,2019,4,2019.75,2019-Q4,25603.180785999168,10.150471872202422
ROU,Romania,2020,1,2020.0,2020-Q1,25377.47327606961,10.141617180601962
ROU,Romania,2020,2,2020.25,2020-Q2,23325.520026845224,10.057303320294253
ROU,Romania,2020,3,2020.5,2020-Q3,24059.455787562976,10.088283370302074
ROU,Romania,2020,4,2020.75,2020-Q4,25398.596850253805,10.142449209364734
ROU,Romania,2021,1,2021.0,2021-Q1,28670.674579279334,10.263630087699994
ROU,Romania,2021,2,2021.25,2021-Q2,28194.388384878865,10.24687824368037
ROU,Romania,2021,3,2021.5,2021-Q3,28445.424150888404,10.25574258833701
ROU,Romania,2021,4,2021.75,2021-Q4,28571.15436674345,10.260152899264828
ROU,Romania,2022,1,2022.0,2022-Q1,29520.87536627755,10.292852931603942
ROU,Romania,2022,2,2022.25,2022-Q2,29034.73385130897,10.276248111286058
ROU,Romania,2022,3,2022.5,2022-Q3,29418.844374316297,10.289390713109169
ROU,Romania,2022,4,2022.75,2022-Q4,29901.48145301857,10.305663305075068
ROU,Romania,2023,1,2023.0,2023-Q1,30255.3072363676,10.317426893900501
ROU,Romania,2023,2,2023.25,2023-Q2,30494.89995998502,10.325314734186891
ROU,Romania,2023,3,2023.5,2023-Q3,30595.07306983453,10.328594264187123
ROU,Romania,2023,4,2023.75,2023-Q4,30907.360749411622,10.338749646472943
ROU,Romania,2024,1,2024.0,2024-Q1,29726.763852806816,10.299803058833204
ROU,Romania,2024,2,2024.25,2024-Q2,29487.55533699948,10.291723600339841
ROU,Romania,2024,3,2024.5,2024-Q3,30608.570087270466,10.329035316940145
ROU,Romania,2024,4,2024.75,2024-Q4,31130.098129179278,10.345930415669018
ROU,Romania,2025,1,2025.0,2025-Q1,31190.034391991896,10.34785391226209
ROU,Romania,2025,2,2025.25,2025-Q2,31121.293264782867,10.345647534780479
ROU,Romania,2025,3,2025.5,2025-Q3,31079.090487858783,10.34429054047099
ROU,Romania,2025,4,2025.75,2025-Q4,30851.62926340873,10.336944840367167
ROU,Romania,2026,1,2026.0,2026-Q1,30791.45750644792,10.334992576805263
RUS,Russian Federation,2011,1,2011.0,2011-Q1,12148.4002130909,9.404952770395026
RUS,Russian Federation,2011,2,2011.25,2011-Q2,12748.460176578452,9.453165772828797
RUS,Russian Federation,2011,3,2011.5,2011-Q3,13336.664987766682,9.498272287297135
RUS,Russian Federation,2011,4,2011.75,2011-Q4,14574.438098313609,9.587024458044215
RUS,Russian Federation,2012,1,2012.0,2012-Q1,12736.186157416232,9.452202524608643
RUS,Russian Federation,2012,2,2012.25,2012-Q2,13166.678457933744,9.485444557759974
RUS,Russian Federation,2012,3,2012.5,2012-Q3,13705.972910146946,9.525586995647897
RUS,Russian Federation,2012,4,2012.75,2012-Q4,14811.45948469079,9.603156449650866
RUS,Russian Federation,2013,1,2013.0,2013-Q1,12733.184907276203,9.451966849361986
RUS,Russian Federation,2013,2,2013.25,2013-Q2,13495.781143710215,9.510132407712442
RUS,Russian Federation,2013,3,2013.5,2013-Q3,14020.130814558512,9.548249491112706
RUS,Russian Federation,2013,4,2013.75,2013-Q4,15263.473754014518,9.633217916810631
RUS,Russian Federation,2014,1,2014.0,2014-Q1,18223.91556856346,9.810490052695735
RUS,Russian Federation,2014,2,2014.25,2014-Q2,19519.43214200382,9.87916576845806
RUS,Russian Federation,2014,3,2014.5,2014-Q3,20222.237314738213,9.914538135055643
RUS,Russian Federation,2014,4,2014.75,2014-Q4,21680.380921170505,9.98416302556392
RUS,Russian Federation,2015,1,2015.0,2015-Q1,17783.07578488678,9.786002485382602
RUS,Russian Federation,2015,2,2015.25,2015-Q2,18767.273980520284,9.839869886242644
RUS,Russian Federation,2015,3,2015.5,2015-Q3,19652.118505134706,9.885940423452258
RUS,Russian Federation,2015,4,2015.75,2015-Q4,21201.687823934997,9.961836071827607
RUS,Russian Federation,2016,1,2016.0,2016-Q1,17780.154936369163,9.785838223111433
RUS,Russian Federation,2016,2,2016.25,2016-Q2,18824.12647404265,9.842894649150175
RUS,Russian Federation,2016,3,2016.5,2016-Q3,19634.10052909457,9.885023156392897
RUS,Russian Federation,2016,4,2016.75,2016-Q4,21214.109905261023,9.962421800841145
RUS,Russian Federation,2017,1,2017.0,2017-Q1,17944.89087138254,9.79506072228055
RUS,Russian Federation,2017,2,2017.25,2017-Q2,19301.29499552556,9.867927470855753
RUS,Russian Federation,2017,3,2017.5,2017-Q3,20244.08340575016,9.915617852348706
RUS,Russian Federation,2017,4,2017.75,2017-Q4,21437.48179706505,9.972896154791437
RUS,Russian Federation,2018,1,2018.0,2018-Q1,18319.56409625598,9.815724844072552
RUS,Russian Federation,2018,2,2018.25,2018-Q2,19722.17350151637,9.889498840212688
RUS,Russian Federation,2018,3,2018.5,2018-Q3,20730.15800279028,9.939344827339529
RUS,Russian Federation,2018,4,2018.75,2018-Q4,22156.55608247776,10.005888717343076
RUS,Russian Federation,2019,1,2019.0,2019-Q1,18748.160657384127,9.83885092831376
RUS,Russian Federation,2019,2,2019.25,2019-Q2,20228.40260346467,9.914842965277694
RUS,Russian Federation,2019,3,2019.5,2019-Q3,21511.279504455222,9.976332704660734
RUS,Russian Federation,2019,4,2019.75,2019-Q4,22871.473506614224,10.037645714614007
RUS,Russian Federation,2020,1,2020.0,2020-Q1,19062.673371834004,9.855487428224292
RUS,Russian Federation,2020,2,2020.25,2020-Q2,19142.065832535205,9.859643591916964
RUS,Russian Federation,2020,3,2020.5,2020-Q3,21363.18087123246,9.969424199179597
RUS,Russian Federation,2020,4,2020.75,2020-Q4,23168.035440747968,10.05052882491269
RUS,Russian Federation,2021,1,2021.0,2021-Q1,19378.93603339168,9.871941983699896
RUS,Russian Federation,2021,2,2021.25,2021-Q2,20918.76910495317,9.94840207825247
RUS,Russian Federation,2021,3,2021.5,2021-Q3,21924.10231112207,9.99534187278174
RUS,Russian Federation,2021,4,2021.75,2021-Q4,23954.40976542293,10.083907709707592
RUS,Russian Federation,2022,1,2022.0,2022-Q1,19320.99941459721,9.868947835962599
RUS,Russian Federation,2022,2,2022.25,2022-Q2,19514.483654905904,9.878912220382064
RUS,Russian Federation,2022,3,2022.5,2022-Q3,20716.643424155773,9.938692686346824
RUS,Russian Federation,2022,4,2022.75,2022-Q4,22940.730799762758,10.040669247183905
RUS,Russian Federation,2023,1,2023.0,2023-Q1,18807.75517639769,9.842024573142291
RUS,Russian Federation,2023,2,2023.25,2023-Q2,20132.671021346865,9.910099198422984
RUS,Russian Federation,2023,3,2023.5,2023-Q3,21435.23240565812,9.972791221317975
RUS,Russian Federation,2023,4,2023.75,2023-Q4,23506.16796124605,10.065018132129964
RUS,Russian Federation,2024,1,2024.0,2024-Q1,20016.74782099622,9.904324593169664
RUS,Russian Federation,2024,2,2024.25,2024-Q2,21179.753060668285,9.960800960006612
RUS,Russian Federation,2024,3,2024.5,2024-Q3,22423.19514970016,10.017851199839622
RUS,Russian Federation,2024,4,2024.75,2024-Q4,24859.73783455936,10.121004819335699
RUS,Russian Federation,2025,1,2025.0,2025-Q1,20211.046581081948,9.913984594365214
RUS,Russian Federation,2025,2,2025.25,2025-Q2,21331.94723694656,9.967961098294715
RUS,Russian Federation,2025,3,2025.5,2025-Q3,22490.236785992096,10.020836573399142
RUS,Russian Federation,2025,4,2025.75,2025-Q4,25088.879847839824,10.130179993000734
RWA,Rwanda,2017,1,2017.0,2017-Q1,3817.860742105113,8.247445529577837
RWA,Rwanda,2017,3,2017.5,2017-Q3,3808.3811748746434,8.244959489345712
RWA,Rwanda,2018,1,2018.0,2018-Q1,4095.1788372862634,8.31756566744255
RWA,Rwanda,2018,3,2018.5,2018-Q3,3778.9980777623673,8.237214194686318
RWA,Rwanda,2020,1,2020.0,2020-Q1,4149.783751356709,8.330811503760252
RWA,Rwanda,2020,2,2020.25,2020-Q2,4786.008751700984,8.473452097071116
RWA,Rwanda,2020,3,2020.5,2020-Q3,3552.847453345826,8.175504660493576
RWA,Rwanda,2020,4,2020.75,2020-Q4,4734.928812768763,8.462721971245022
RWA,Rwanda,2021,1,2021.0,2021-Q1,4720.471471452179,8.459663961610655
RWA,Rwanda,2021,2,2021.25,2021-Q2,5273.116261451823,8.57037678773266
RWA,Rwanda,2021,3,2021.5,2021-Q3,4370.669179367123,8.38267140665635
RWA,Rwanda,2021,4,2021.75,2021-Q4,4988.415571696528,8.514873617623094
RWA,Rwanda,2022,1,2022.0,2022-Q1,4633.49960798316,8.441067716421834
RWA,Rwanda,2022,2,2022.25,2022-Q2,5653.624038214056,8.640052041209628
RWA,Rwanda,2022,3,2022.5,2022-Q3,4274.831347811002,8.360499929788213
RWA,Rwanda,2022,4,2022.75,2022-Q4,5279.680143331867,8.571620795950912
RWA,Rwanda,2023,1,2023.0,2023-Q1,4592.394030013415,8.432156742247864
RWA,Rwanda,2023,2,2023.25,2023-Q2,4935.936456262534,8.504297691973699
RWA,Rwanda,2023,3,2023.5,2023-Q3,4582.073064861807,8.429906808949553
RWA,Rwanda,2023,4,2023.75,2023-Q4,5320.247755470824,8.579275151828536
RWA,Rwanda,2024,1,2024.0,2024-Q1,4799.424943382441,8.476251386256983
RWA,Rwanda,2024,2,2024.25,2024-Q2,5422.729628531785,8.598354589159277
RWA,Rwanda,2024,3,2024.5,2024-Q3,4497.687602103168,8.411318677484632
RWA,Rwanda,2024,4,2024.75,2024-Q4,5390.930201920768,8.592473228219044
RWA,Rwanda,2025,1,2025.0,2025-Q1,3881.37477069705,8.263944692204582
RWA,Rwanda,2025,2,2025.25,2025-Q2,4393.388084408829,8.38785598161927
RWA,Rwanda,2025,3,2025.5,2025-Q3,3769.5608491870903,8.234713788030312
RWA,Rwanda,2025,4,2025.75,2025-Q4,4588.21134437,8.431245541785094
SAU,Saudi Arabia,2012,1,2012.0,2012-Q1,61106.45895843595,11.020372850840008
SAU,Saudi Arabia,2012,3,2012.5,2012-Q3,59696.875726127306,10.99703496511559
SAU,Saudi Arabia,2013,1,2013.0,2013-Q1,58291.67916394514,10.973214637691846
SAU,Saudi Arabia,2013,3,2013.5,2013-Q3,60334.00090540294,11.007651086249075
SAU,Saudi Arabia,2014,1,2014.0,2014-Q1,60696.34456943424,11.013638753972836
SAU,Saudi Arabia,2014,3,2014.5,2014-Q3,59972.91209795921,11.001648274229202
SAU,Saudi Arabia,2015,3,2015.5,2015-Q3,60616.3480166338,11.012319904927606
SAU,Saudi Arabia,2016,1,2016.0,2016-Q1,61396.66086147164,11.02511072929275
SEN,Senegal,2016,2,2016.25,2016-Q2,5207.700128080078,8.557893603136979
SEN,Senegal,2016,3,2016.5,2016-Q3,4630.637756407973,8.440449881958969
SEN,Senegal,2016,4,2016.75,2016-Q4,5603.423456918649,8.63113302152882
SEN,Senegal,2017,1,2017.0,2017-Q1,5460.647863042005,8.605322717934657
SEN,Senegal,2017,3,2017.5,2017-Q3,4881.753370819167,8.493259731614385
SEN,Senegal,2017,4,2017.75,2017-Q4,5590.402026648896,8.628806482462728
SEN,Senegal,2019,1,2019.0,2019-Q1,5066.482602180154,8.530402088989286
SEN,Senegal,2019,2,2019.25,2019-Q2,4782.805823882481,8.472782645716858
SEN,Senegal,2019,3,2019.5,2019-Q3,4663.483966012615,8.447518079973513
SEN,Senegal,2019,4,2019.75,2019-Q4,5043.409460848237,8.525837612682768
SEN,Senegal,2022,1,2022.0,2022-Q1,5797.923506934157,8.66525511638563
SEN,Senegal,2022,2,2022.25,2022-Q2,5280.870518953006,8.571846234124402
SEN,Senegal,2022,3,2022.5,2022-Q3,5564.1922924561695,8.624107112556889
SEN,Senegal,2022,4,2022.75,2022-Q4,5646.767902057667,8.638838607722738
SEN,Senegal,2023,1,2023.0,2023-Q1,5355.317154836121,8.58584520705451
SEN,Senegal,2023,2,2023.25,2023-Q2,5058.922392579032,8.528908773707583
SEN,Senegal,2023,3,2023.5,2023-Q3,5071.26480941185,8.531345534784936
SEN,Senegal,2023,4,2023.75,2023-Q4,5492.959834952643,8.611222521273769
SEN,Senegal,2024,1,2024.0,2024-Q1,5437.954960715487,8.601158342832903
SEN,Senegal,2024,2,2024.25,2024-Q2,5580.084635691257,8.626959222946933
SEN,Senegal,2024,3,2024.5,2024-Q3,7014.192352494205,8.855690854403674
SEN,Senegal,2024,4,2024.75,2024-Q4,6270.950849407235,8.743683272752337
SEN,Senegal,2025,1,2025.0,2025-Q1,6011.353141803429,8.701405150573754
SGP,Singapore,2000,1,2000.0,2000-Q1,65529.087198874375,11.090249402421408
SGP,Singapore,2000,2,2000.25,2000-Q2,65851.21970716502,11.095153229508089
SGP,Singapore,2000,3,2000.5,2000-Q3,67073.16034979188,11.113539248153513
SGP,Singapore,2000,4,2000.75,2000-Q4,66399.5303607519,11.10344526255927
SGP,Singapore,2001,1,2001.0,2001-Q1,65227.06263090501,11.085629732822746
SGP,Singapore,2001,2,2001.25,2001-Q2,63455.14233002526,11.058088515249002
SGP,Singapore,2001,3,2001.5,2001-Q3,62419.13408871889,11.041627143391459
SGP,Singapore,2001,4,2001.75,2001-Q4,63229.78856075339,11.054530807076697
SGP,Singapore,2002,1,2002.0,2002-Q1,65427.934473812136,11.088704578877215
SGP,Singapore,2002,2,2002.25,2002-Q2,67445.43567511837,11.119074189592581
SGP,Singapore,2002,3,2002.5,2002-Q3,67767.26137244061,11.123834486695959
SGP,Singapore,2002,4,2002.75,2002-Q4,67676.09113406397,11.122488237500866
SGP,Singapore,2003,1,2003.0,2003-Q1,68664.9670503069,11.136994407102721
SGP,Singapore,2003,2,2003.25,2003-Q2,68573.09263166838,11.135655501079473
SGP,Singapore,2003,3,2003.5,2003-Q3,72439.40532583292,11.190505702767531
SGP,Singapore,2003,4,2003.75,2003-Q4,73949.80485850453,11.211141829305234
SGP,Singapore,2004,1,2004.0,2004-Q1,75651.54242294442,11.233893107943805
SGP,Singapore,2004,2,2004.25,2004-Q2,76439.70116143735,11.24425748889389
SGP,Singapore,2004,3,2004.5,2004-Q3,76496.65304098057,11.245002267759228
SGP,Singapore,2004,4,2004.75,2004-Q4,77101.11746809684,11.252873053196023
SGP,Singapore,2005,1,2005.0,2005-Q1,77050.10324947834,11.252211180779529
SGP,Singapore,2005,2,2005.25,2005-Q2,77880.60607442088,11.262932241613289
SGP,Singapore,2005,3,2005.5,2005-Q3,78793.47155225706,11.274585424092248
SGP,Singapore,2005,4,2005.75,2005-Q4,80093.77102285578,11.290953365024553
SGP,Singapore,2006,1,2006.0,2006-Q1,79948.54928490033,11.289138572817928
SGP,Singapore,2006,2,2006.25,2006-Q2,79617.27136752225,11.284986325275296
SGP,Singapore,2006,3,2006.5,2006-Q3,79701.43076748024,11.286042816530351
SGP,Singapore,2006,4,2006.75,2006-Q4,81083.03163348313,11.303228990511757
SGP,Singapore,2007,1,2007.0,2007-Q1,80663.04869656324,11.298035864595834
SGP,Singapore,2007,2,2007.25,2007-Q2,80503.90074239374,11.296060918659931
SGP,Singapore,2007,3,2007.5,2007-Q3,80830.96672978491,11.300115422693297
SGP,Singapore,2007,4,2007.75,2007-Q4,79319.25533082016,11.28123619442552
SGP,Singapore,2008,1,2008.0,2008-Q1,79213.71292152266,11.279904705763526
SGP,Singapore,2008,2,2008.25,2008-Q2,75306.92180478101,11.229327332601581
SGP,Singapore,2008,3,2008.5,2008-Q3,73400.66782616319,11.203688313010305
SGP,Singapore,2008,4,2008.75,2008-Q4,71196.75462236228,11.173202515214617
SGP,Singapore,2009,1,2009.0,2009-Q1,69353.49528631661,11.146971825140774
SGP,Singapore,2009,2,2009.25,2009-Q2,72601.38362102772,11.19273925877216
SGP,Singapore,2009,3,2009.5,2009-Q3,75026.45405302939,11.22559605103418
SGP,Singapore,2009,4,2009.75,2009-Q4,75209.08559538773,11.228027321727495
SGP,Singapore,2010,1,2010.0,2010-Q1,78686.20508411028,11.273223134214252
SGP,Singapore,2010,2,2010.25,2010-Q2,82661.63153674499,11.322510825794295
SGP,Singapore,2010,3,2010.5,2010-Q3,79821.6174482813,11.287549642094254
SGP,Singapore,2010,4,2010.75,2010-Q4,82014.78773890554,11.314654848266732
SGP,Singapore,2011,1,2011.0,2011-Q1,82806.48519617194,11.324261660931482
SGP,Singapore,2011,2,2011.25,2011-Q2,81955.73389916915,11.31393454998751
SGP,Singapore,2011,3,2011.5,2011-Q3,83230.90342312398,11.329373993218345
SGP,Singapore,2011,4,2011.75,2011-Q4,82790.00950522936,11.324062674944168
SGP,Singapore,2012,1,2012.0,2012-Q1,83613.69875956497,11.333962646409432
SGP,Singapore,2012,2,2012.25,2012-Q2,83537.66365244951,11.333052870847178
SGP,Singapore,2012,3,2012.5,2012-Q3,82071.3734138131,11.315344555146986
SGP,Singapore,2012,4,2012.75,2012-Q4,83111.75402439614,11.32794141517813
SGP,Singapore,2013,1,2013.0,2013-Q1,83177.59964881133,11.328733355568804
SGP,Singapore,2013,2,2013.25,2013-Q2,84016.49809201706,11.338768464397692
SGP,Singapore,2013,3,2013.5,2013-Q3,83783.09704911128,11.335986560266951
SGP,Singapore,2013,4,2013.75,2013-Q4,83581.8469486107,11.333581633731077
SGP,Singapore,2020,3,2020.5,2020-Q3,147966.68741874644,11.90474244240235
SGP,Singapore,2020,4,2020.75,2020-Q4,153055.87666338167,11.938558340652953
SGP,Singapore,2021,1,2021.0,2021-Q1,163229.95933773703,12.002915279037818
SGP,Singapore,2021,2,2021.25,2021-Q2,160098.23286500134,11.983542861228708
SGP,Singapore,2021,3,2021.5,2021-Q3,159126.47539117868,11.977454607717297
SGP,Singapore,2021,4,2021.75,2021-Q4,160974.86037736776,11.989003485050008
SGP,Singapore,2022,1,2022.0,2022-Q1,162875.12827766882,12.000739102010375
SGP,Singapore,2022,2,2022.25,2022-Q2,163684.9437124328,12.005698784251042
SGP,Singapore,2022,3,2022.5,2022-Q3,164654.4217654947,12.01160414298897
SGP,Singapore,2022,4,2022.75,2022-Q4,163944.0021623223,12.007280198269191
SGP,Singapore,2023,1,2023.0,2023-Q1,163719.03364826893,12.005907028122934
SGP,Singapore,2023,2,2023.25,2023-Q2,164658.33450679734,12.01162790606057
SGP,Singapore,2023,3,2023.5,2023-Q3,166545.6295360165,12.023024602124813
SGP,Singapore,2023,4,2023.75,2023-Q4,167799.59703797946,12.030525671570043
SGP,Singapore,2024,1,2024.0,2024-Q1,170610.3242053331,12.047137429238722
SGP,Singapore,2024,2,2024.25,2024-Q2,171712.55274906062,12.053577152827478
SGP,Singapore,2024,3,2024.5,2024-Q3,177615.09868746292,12.087374121058737
SGP,Singapore,2024,4,2024.75,2024-Q4,176349.52765709528,12.08022325722055
SGP,Singapore,2025,1,2025.0,2025-Q1,177864.4318723736,12.088776920400827
SGP,Singapore,2025,2,2025.25,2025-Q2,180203.0856177848,12.101839747304917
SGP,Singapore,2025,3,2025.5,2025-Q3,187557.5491641484,12.14184100617503
SGP,Singapore,2025,4,2025.75,2025-Q4,185352.2904846137,12.130013566121157
SLV,El Salvador,2005,1,2005.0,2005-Q1,7466.086379406735,8.918126229111154
SLV,El Salvador,2005,2,2005.25,2005-Q2,8402.201892061581,9.036249080488668
SLV,El Salvador,2005,3,2005.5,2005-Q3,8282.344047481962,9.02188130483674
SLV,El Salvador,2005,4,2005.75,2005-Q4,8824.66631321874,9.085306069553337
SLV,El Salvador,2006,1,2006.0,2006-Q1,8276.233350951146,9.021143234571259
SLV,El Salvador,2006,2,2006.25,2006-Q2,8676.382415978982,9.068359948428009
SLV,El Salvador,2006,3,2006.5,2006-Q3,8641.493139326445,9.064330663918627
SLV,El Salvador,2006,4,2006.75,2006-Q4,9273.373307562735,9.134902487464599
SLV,El Salvador,2007,1,2007.0,2007-Q1,8117.243540547412,9.001745910074458
SLV,El Salvador,2007,2,2007.25,2007-Q2,8594.346980726,9.058859938284389
SRB,"Serbia, Republic of",2008,2,2008.25,2008-Q2,14985.731193683125,9.614853773600906
SRB,"Serbia, Republic of",2008,4,2008.75,2008-Q4,14893.830415500208,9.60870234011071
SRB,"Serbia, Republic of",2009,2,2009.25,2009-Q2,15372.455735170752,9.640332598341987
SRB,"Serbia, Republic of",2009,4,2009.75,2009-Q4,15790.60228201012,9.667170249778119
SRB,"Serbia, Republic of",2010,2,2010.25,2010-Q2,17096.003049937437,9.746599975399613
SRB,"Serbia, Republic of",2010,4,2010.75,2010-Q4,17445.58033506502,9.766841619623303
SRB,"Serbia, Republic of",2011,2,2011.25,2011-Q2,18137.626594029975,9.805743876852715
SRB,"Serbia, Republic of",2011,4,2011.75,2011-Q4,18533.23395099405,9.827320829199751
SRB,"Serbia, Republic of",2012,2,2012.25,2012-Q2,19297.605447073267,9.867736297095815
SRB,"Serbia, Republic of",2012,4,2012.75,2012-Q4,17988.984673251827,9.797514886955643
SRB,"Serbia, Republic of",2013,2,2013.25,2013-Q2,18489.82568571509,9.824975896847013
SRB,"Serbia, Republic of",2013,4,2013.75,2013-Q4,17367.862171567856,9.762376775757861
SRB,"Serbia, Republic of",2014,1,2014.0,2014-Q1,16800.64821790389,9.729172749046032
SRB,"Serbia, Republic of",2014,2,2014.25,2014-Q2,16009.827193607778,9.680958012279028
SRB,"Serbia, Republic of",2014,3,2014.5,2014-Q3,15290.491593626795,9.634986449722602
SRB,"Serbia, Republic of",2014,4,2014.75,2014-Q4,15619.65868719474,9.65628557214308
SRB,"Serbia, Republic of",2015,1,2015.0,2015-Q1,16441.45994089482,9.707561468857994
SRB,"Serbia, Republic of",2015,2,2015.25,2015-Q2,15929.56416036562,9.67593204285408
SRB,"Serbia, Republic of",2015,3,2015.5,2015-Q3,15668.846207698172,9.659429701988156
SRB,"Serbia, Republic of",2015,4,2015.75,2015-Q4,16080.886171121863,9.685386651358844
SRB,"Serbia, Republic of",2016,1,2016.0,2016-Q1,16370.824658907604,9.703256045327716
SRB,"Serbia, Republic of",2016,2,2016.25,2016-Q2,15354.07553217081,9.639136224756413
SRB,"Serbia, Republic of",2016,3,2016.5,2016-Q3,15162.76627483932,9.62659811450548
SRB,"Serbia, Republic of",2016,4,2016.75,2016-Q4,15641.104331471652,9.657657621035707
SRB,"Serbia, Republic of",2017,1,2017.0,2017-Q1,16217.140808723365,9.69382403646662
SRB,"Serbia, Republic of",2017,2,2017.25,2017-Q2,15011.007731119587,9.616539059690327
SRB,"Serbia, Republic of",2017,3,2017.5,2017-Q3,15153.226452746154,9.625968755441189
SRB,"Serbia, Republic of",2017,4,2017.75,2017-Q4,15893.364169858074,9.67365695328682
SRB,"Serbia, Republic of",2018,1,2018.0,2018-Q1,16777.153471606096,9.727773327466899
SRB,"Serbia, Republic of",2018,2,2018.25,2018-Q2,15748.62489758684,9.664508332352481
SRB,"Serbia, Republic of",2018,3,2018.5,2018-Q3,15577.664012931338,9.653593373198214
SRB,"Serbia, Republic of",2018,4,2018.75,2018-Q4,16188.776564833852,9.692073476480553
SRB,"Serbia, Republic of",2019,1,2019.0,2019-Q1,16509.813088182415,9.711710215722434
SRB,"Serbia, Republic of",2019,2,2019.25,2019-Q2,16163.158538824127,9.690489767111572
SRB,"Serbia, Republic of",2019,3,2019.5,2019-Q3,16394.803583835135,9.704719708959052
SRB,"Serbia, Republic of",2019,4,2019.75,2019-Q4,16631.347099066184,9.719044573059422
SRB,"Serbia, Republic of",2020,1,2020.0,2020-Q1,17019.55467003945,9.742118236687489
SRB,"Serbia, Republic of",2020,2,2020.25,2020-Q2,15420.176700036573,9.643432106198006
SRB,"Serbia, Republic of",2020,3,2020.5,2020-Q3,16197.26947810829,9.692597956280148
SRB,"Serbia, Republic of",2020,4,2020.75,2020-Q4,16558.620621167243,9.714662128646728
SRB,"Serbia, Republic of",2021,1,2021.0,2021-Q1,17974.200043969206,9.796692677786362
SRB,"Serbia, Republic of",2021,2,2021.25,2021-Q2,17319.865638122035,9.759609424472135
SRB,"Serbia, Republic of",2021,3,2021.5,2021-Q3,17006.724017268618,9.741364075264379
SRB,"Serbia, Republic of",2021,4,2021.75,2021-Q4,17421.47722100494,9.765459047098462
SRB,"Serbia, Republic of",2022,1,2022.0,2022-Q1,17819.047352296693,9.788023240128716
SRB,"Serbia, Republic of",2022,2,2022.25,2022-Q2,17246.392379047364,9.75535826314069
SRB,"Serbia, Republic of",2022,3,2022.5,2022-Q3,17161.45378845139,9.750421089060174
SRB,"Serbia, Republic of",2022,4,2022.75,2022-Q4,17827.538415859737,9.788499642765359
SRB,"Serbia, Republic of",2023,1,2023.0,2023-Q1,17900.09346450056,9.792561213295693
SRB,"Serbia, Republic of",2023,2,2023.25,2023-Q2,17677.703459237815,9.78005943291508
SRB,"Serbia, Republic of",2023,3,2023.5,2023-Q3,17832.65373096324,9.788786534945721
SRB,"Serbia, Republic of",2023,4,2023.75,2023-Q4,18294.480194630647,9.814354664621716
SRB,"Serbia, Republic of",2024,1,2024.0,2024-Q1,18192.024530333907,9.808738564402661
SRB,"Serbia, Republic of",2024,2,2024.25,2024-Q2,17965.169651273587,9.796190142936016
SRB,"Serbia, Republic of",2024,3,2024.5,2024-Q3,18090.835197727574,9.803160746352194
SRB,"Serbia, Republic of",2024,4,2024.75,2024-Q4,18519.401804473106,9.826574207704061
SRB,"Serbia, Republic of",2025,1,2025.0,2025-Q1,18448.67501410504,9.8227478319362
SRB,"Serbia, Republic of",2025,2,2025.25,2025-Q2,18526.238755428847,9.826943317317502
SRB,"Serbia, Republic of",2025,3,2025.5,2025-Q3,18746.585658483174,9.838766916602433
SRB,"Serbia, Republic of",2025,4,2025.75,2025-Q4,19374.99151877137,9.87173841648062
SVK,Slovak Republic,1995,1,1995.0,1995-Q1,19281.61336876996,9.86690724561628
SVK,Slovak Republic,1995,2,1995.25,1995-Q2,19393.894391104037,9.872713573407983
SVK,Slovak Republic,1995,3,1995.5,1995-Q3,19297.227202342317,9.867716696299283
SVK,Slovak Republic,1995,4,1995.75,1995-Q4,19509.70398627707,9.878667261091858
SVK,Slovak Republic,1996,1,1996.0,1996-Q1,19551.55061123485,9.880809877420909
SVK,Slovak Republic,1996,2,1996.25,1996-Q2,19622.04335206627,9.884408874081117
SVK,Slovak Republic,1996,3,1996.5,1996-Q3,19886.739052899586,9.897808409331967
SVK,Slovak Republic,1996,4,1996.75,1996-Q4,20273.19042342525,9.917054623381475
SVK,Slovak Republic,1997,1,1997.0,1997-Q1,20659.46045701941,9.935928626989899
SVK,Slovak Republic,1997,2,1997.25,1997-Q2,21029.410500577946,9.953677236947604
SVK,Slovak Republic,1997,3,1997.5,1997-Q3,21430.913720051096,9.97258972498523
SVK,Slovak Republic,1997,4,1997.75,1997-Q4,21297.09020749827,9.966325732388917
SVK,Slovak Republic,1998,1,1998.0,1998-Q1,21715.19858131389,9.985767689818376
SVK,Slovak Republic,1998,2,1998.25,1998-Q2,21634.783898094705,9.982057664076384
SVK,Slovak Republic,1998,3,1998.5,1998-Q3,21478.570166047783,9.974810980580745
SVK,Slovak Republic,1998,4,1998.75,1998-Q4,23097.6070124745,10.047484298610236
SVK,Slovak Republic,1999,1,1999.0,1999-Q1,22712.440381860863,10.030668087796672
SVK,Slovak Republic,1999,2,1999.25,1999-Q2,22608.422896748478,10.026077810373408
SVK,Slovak Republic,1999,3,1999.5,1999-Q3,22487.64770691686,10.02072144663819
SVK,Slovak Republic,1999,4,1999.75,1999-Q4,22438.217749624084,10.018520933560188
SVK,Slovak Republic,2000,1,2000.0,2000-Q1,22706.03643695317,10.030386090451156
SVK,Slovak Republic,2000,2,2000.25,2000-Q2,22992.873764287724,10.042939610566776
SVK,Slovak Republic,2000,3,2000.5,2000-Q3,23121.15867830703,10.048503437374286
SVK,Slovak Republic,2000,4,2000.75,2000-Q4,23170.10964514984,10.050618349618498
SVK,Slovak Republic,2001,1,2001.0,2001-Q1,23249.12469640778,10.054022762840487
SVK,Slovak Republic,2001,2,2001.25,2001-Q2,23420.85030275214,10.061381943185726
SVK,Slovak Republic,2001,3,2001.5,2001-Q3,23459.59049838238,10.063034666743201
SVK,Slovak Republic,2001,4,2001.75,2001-Q4,23964.27894116643,10.084319623144685
SVK,Slovak Republic,2002,1,2002.0,2002-Q1,24286.84675216541,10.097690196861413
SVK,Slovak Republic,2002,2,2002.25,2002-Q2,24405.807152994705,10.102576381037798
SVK,Slovak Republic,2002,3,2002.5,2002-Q3,24656.11687587953,10.112780297809836
SVK,Slovak Republic,2002,4,2002.75,2002-Q4,24637.74321279517,10.112034823062993
SVK,Slovak Republic,2003,1,2003.0,2003-Q1,25221.049803760987,10.1354342344956
SVK,Slovak Republic,2003,2,2003.25,2003-Q2,25117.49529552263,10.13131990603766
SVK,Slovak Republic,2003,3,2003.5,2003-Q3,25001.06600945498,10.126673743319461
SVK,Slovak Republic,2003,4,2003.75,2003-Q4,25611.53739636189,10.150798208487517
SVK,Slovak Republic,2004,1,2004.0,2004-Q1,26488.74658056162,10.184475264444554
SVK,Slovak Republic,2004,2,2004.25,2004-Q2,26380.351415246707,10.18037474745804
SVK,Slovak Republic,2004,3,2004.5,2004-Q3,26404.147881853263,10.181276393529732
SVK,Slovak Republic,2004,4,2004.75,2004-Q4,26812.17008765538,10.196611171171563
SVK,Slovak Republic,2005,1,2005.0,2005-Q1,27377.54856491513,10.217478561047168
SVK,Slovak Republic,2005,2,2005.25,2005-Q2,27716.65508489315,10.22978877808973
SVK,Slovak Republic,2005,3,2005.5,2005-Q3,27684.785666665182,10.228638287369241
SVK,Slovak Republic,2005,4,2005.75,2005-Q4,27862.240301652106,10.235027656938335
SVK,Slovak Republic,2006,1,2006.0,2006-Q1,28534.54413699709,10.258870707269239
SVK,Slovak Republic,2006,2,2006.25,2006-Q2,28775.65227864531,10.267284901574529
SVK,Slovak Republic,2006,3,2006.5,2006-Q3,29004.699969580102,10.27521316375358
SVK,Slovak Republic,2006,4,2006.75,2006-Q4,29681.406493534934,10.298276084754702
SVK,Slovak Republic,2007,1,2007.0,2007-Q1,30362.277192092766,10.320956235023898
SVK,Slovak Republic,2007,2,2007.25,2007-Q2,30974.762753313586,10.340928047172243
SVK,Slovak Republic,2007,3,2007.5,2007-Q3,31315.433233959397,10.351866329574317
SVK,Slovak Republic,2007,4,2007.75,2007-Q4,32863.565956571256,10.40011990537997
SVK,Slovak Republic,2008,1,2008.0,2008-Q1,31982.83180994703,10.372954531871901
SVK,Slovak Republic,2008,2,2008.25,2008-Q2,32193.29594354697,10.3795135093448
SVK,Slovak Republic,2008,3,2008.5,2008-Q3,31751.665667402216,10.365700464910182
SVK,Slovak Republic,2008,4,2008.75,2008-Q4,32229.150718752964,10.38062662381858
SVK,Slovak Republic,2009,1,2009.0,2009-Q1,30004.65323509737,10.309107756452894
SVK,Slovak Republic,2009,2,2009.25,2009-Q2,30660.59780003967,10.330733649953917
SVK,Slovak Republic,2009,3,2009.5,2009-Q3,31373.070024849138,10.353705161389854
SVK,Slovak Republic,2009,4,2009.75,2009-Q4,32525.6389765466,10.38978394889247
SVK,Slovak Republic,2010,1,2010.0,2010-Q1,33872.45430384676,10.430357405656181
SVK,Slovak Republic,2010,2,2010.25,2010-Q2,33868.081775053644,10.430228309281919
SVK,Slovak Republic,2010,3,2010.5,2010-Q3,33925.64429599111,10.431926476298443
SVK,Slovak Republic,2010,4,2010.75,2010-Q4,34093.215082177485,10.436853672277072
SVK,Slovak Republic,2011,1,2011.0,2011-Q1,34807.289668962505,10.457582117072157
SVK,Slovak Republic,2011,2,2011.25,2011-Q2,34707.69102351737,10.454716584704727
SVK,Slovak Republic,2011,3,2011.5,2011-Q3,34697.641991234705,10.45442700948287
SVK,Slovak Republic,2011,4,2011.75,2011-Q4,35206.11544362961,10.468975080690175
SVK,Slovak Republic,2012,1,2012.0,2012-Q1,35190.20005597801,10.468522915323001
SVK,Slovak Republic,2012,2,2012.25,2012-Q2,35115.29513828996,10.466392073464249
SVK,Slovak Republic,2012,3,2012.5,2012-Q3,35040.83930514787,10.46426949753595
SVK,Slovak Republic,2012,4,2012.75,2012-Q4,35446.0023133831,10.47576575588008
SVK,Slovak Republic,2013,1,2013.0,2013-Q1,35238.91303033488,10.469906234805249
SVK,Slovak Republic,2013,2,2013.25,2013-Q2,35356.0547143844,10.4732249357072
SVK,Slovak Republic,2013,3,2013.5,2013-Q3,35419.2376701325,10.475010388522842
SVK,Slovak Republic,2013,4,2013.75,2013-Q4,35735.691818447915,10.483905239154605
SVK,Slovak Republic,2014,1,2014.0,2014-Q1,35885.23842906753,10.488081304096454
SVK,Slovak Republic,2014,2,2014.25,2014-Q2,35823.829156904394,10.486368569870722
SVK,Slovak Republic,2014,3,2014.5,2014-Q3,35816.95070108876,10.486176543601594
SVK,Slovak Republic,2014,4,2014.75,2014-Q4,35978.824227652,10.49068582847285
SVK,Slovak Republic,2015,1,2015.0,2015-Q1,36629.92023055386,10.508620678062432
SVK,Slovak Republic,2015,2,2015.25,2015-Q2,36711.34029453328,10.510840986163084
SVK,Slovak Republic,2015,3,2015.5,2015-Q3,36860.92729290618,10.51490738806707
SVK,Slovak Republic,2015,4,2015.75,2015-Q4,36899.330039410255,10.515948673750252
SVK,Slovak Republic,2016,1,2016.0,2016-Q1,36735.08436783798,10.511487554712636
SVK,Slovak Republic,2016,2,2016.25,2016-Q2,36393.94066027836,10.502157574390965
SVK,Slovak Republic,2016,3,2016.5,2016-Q3,36336.78045879367,10.500585743055492
SVK,Slovak Republic,2016,4,2016.75,2016-Q4,36420.26619414768,10.502880662264984
SVK,Slovak Republic,2017,1,2017.0,2017-Q1,36696.83479011242,10.51044578482228
SVK,Slovak Republic,2017,2,2017.25,2017-Q2,36824.115108343896,10.513908211397686
SVK,Slovak Republic,2017,3,2017.5,2017-Q3,36892.09882599489,10.515752683144033
SVK,Slovak Republic,2017,4,2017.75,2017-Q4,37380.83369176378,10.528913383911291
SVK,Slovak Republic,2018,1,2018.0,2018-Q1,37699.79543139405,10.53740994719841
SVK,Slovak Republic,2018,2,2018.25,2018-Q2,37939.19975091734,10.543740150776237
SVK,Slovak Republic,2018,3,2018.5,2018-Q3,37963.24146139481,10.54437364057966
SVK,Slovak Republic,2018,4,2018.75,2018-Q4,38013.31222624931,10.54569169910359
SVK,Slovak Republic,2019,1,2019.0,2019-Q1,38276.92545305838,10.552602525023058
SVK,Slovak Republic,2019,2,2019.25,2019-Q2,38631.62405141151,10.56182649597288
SVK,Slovak Republic,2019,3,2019.5,2019-Q3,38537.62838348946,10.559390403580085
SVK,Slovak Republic,2019,4,2019.75,2019-Q4,38676.60638370717,10.562990210033307
SVK,Slovak Republic,2020,1,2020.0,2020-Q1,38377.44320334808,10.555225149399629
SVK,Slovak Republic,2020,2,2020.25,2020-Q2,36096.14006023451,10.493941215065034
SVK,Slovak Republic,2020,3,2020.5,2020-Q3,39314.92945154431,10.57935960998281
SVK,Slovak Republic,2020,4,2020.75,2020-Q4,39501.79369391683,10.58410135983079
SVK,Slovak Republic,2021,1,2021.0,2021-Q1,40475.64823261306,10.60845579404731
SVK,Slovak Republic,2021,2,2021.25,2021-Q2,40356.25119544285,10.605501585997025
SVK,Slovak Republic,2021,3,2021.5,2021-Q3,39732.26194472148,10.589918780103243
SVK,Slovak Republic,2021,4,2021.75,2021-Q4,39862.51257004303,10.593191626653303
SVK,Slovak Republic,2022,1,2022.0,2022-Q1,40052.498618015576,10.597946338016545
SVK,Slovak Republic,2022,2,2022.25,2022-Q2,39453.8137024096,10.582885993399058
SVK,Slovak Republic,2022,3,2022.5,2022-Q3,39351.02286349465,10.58027724749741
SVK,Slovak Republic,2022,4,2022.75,2022-Q4,39413.68133076177,10.581868276909017
SVK,Slovak Republic,2023,1,2023.0,2023-Q1,40298.68027136332,10.604073999789708
SVK,Slovak Republic,2023,2,2023.25,2023-Q2,40223.814172069295,10.602214491552067
SVK,Slovak Republic,2023,3,2023.5,2023-Q3,40498.3885711341,10.609017463935993
SVK,Slovak Republic,2023,4,2023.75,2023-Q4,40240.41601400802,10.60262714304046
SVK,Slovak Republic,2024,1,2024.0,2024-Q1,41090.71180160646,10.623537384716133
SVK,Slovak Republic,2024,2,2024.25,2024-Q2,40938.24137824181,10.619819902216477
SVK,Slovak Republic,2024,3,2024.5,2024-Q3,40990.06170469999,10.621084918857093
SVK,Slovak Republic,2024,4,2024.75,2024-Q4,40644.80519531341,10.61262631333645
SVK,Slovak Republic,2025,1,2025.0,2025-Q1,41368.04353065067,10.630263966353851
SVK,Slovak Republic,2025,2,2025.25,2025-Q2,41403.857828715314,10.631129339740507
SVK,Slovak Republic,2025,3,2025.5,2025-Q3,41538.88693172089,10.634385301975318
SVK,Slovak Republic,2025,4,2025.75,2025-Q4,41309.35106567718,10.628844171375562
SVK,Slovak Republic,2026,1,2026.0,2026-Q1,42037.89409981994,10.646326730963128
SVN,"Slovenia, Republic of",1996,2,1996.25,1996-Q2,31021.39240370049,10.342432323011987
SVN,"Slovenia, Republic of",1997,2,1997.25,1997-Q2,31979.4211425758,10.372847885616741
SVN,"Slovenia, Republic of",1997,3,1997.5,1997-Q3,31502.117096936203,10.357810031981819
SVN,"Slovenia, Republic of",1997,4,1997.75,1997-Q4,31946.355406622788,10.371813381518805
SVN,"Slovenia, Republic of",1998,2,1998.25,1998-Q2,32368.26985031732,10.384933896320295
SVN,"Slovenia, Republic of",1999,1,1999.0,1999-Q1,34560.317470026814,10.450461408929817
SVN,"Slovenia, Republic of",1999,2,1999.25,1999-Q2,35427.60938185445,10.475246721178683
SVN,"Slovenia, Republic of",1999,3,1999.5,1999-Q3,34607.98972564066,10.451839851314636
SVN,"Slovenia, Republic of",1999,4,1999.75,1999-Q4,35510.299756270404,10.47757806736223
SVN,"Slovenia, Republic of",2000,1,2000.0,2000-Q1,35919.957570696766,10.489048341198755
SVN,"Slovenia, Republic of",2000,2,2000.25,2000-Q2,35817.76404289982,10.48619925163677
SVN,"Slovenia, Republic of",2000,3,2000.5,2000-Q3,35077.59859344497,10.465317988996008
SVN,"Slovenia, Republic of",2000,4,2000.75,2000-Q4,35977.59347088173,10.490651620078108
SVN,"Slovenia, Republic of",2001,1,2001.0,2001-Q1,36129.070025417896,10.494853084131973
SVN,"Slovenia, Republic of",2001,2,2001.25,2001-Q2,36130.199530735474,10.494884346704225
SVN,"Slovenia, Republic of",2001,3,2001.5,2001-Q3,35515.26725855074,10.4777179466338
SVN,"Slovenia, Republic of",2001,4,2001.75,2001-Q4,36705.33124530133,10.510677289032191
SVN,"Slovenia, Republic of",2002,1,2002.0,2002-Q1,36763.55238074812,10.512262208926458
SVN,"Slovenia, Republic of",2002,2,2002.25,2002-Q2,36748.449206872974,10.511851305298167
SVN,"Slovenia, Republic of",2002,3,2002.5,2002-Q3,37580.46529551534,10.534239654357421
SVN,"Slovenia, Republic of",2002,4,2002.75,2002-Q4,39128.03551547306,10.574594509892904
SVN,"Slovenia, Republic of",2003,1,2003.0,2003-Q1,39201.90263874309,10.576480561303317
SVN,"Slovenia, Republic of",2003,2,2003.25,2003-Q2,39096.96896071159,10.573800222782207
SVN,"Slovenia, Republic of",2003,3,2003.5,2003-Q3,39564.12916662316,10.585678157605772
SVN,"Slovenia, Republic of",2003,4,2003.75,2003-Q4,39121.92607574339,10.574438358001762
SVN,"Slovenia, Republic of",2004,1,2004.0,2004-Q1,39245.86888307177,10.577601466284532
SVN,"Slovenia, Republic of",2004,2,2004.25,2004-Q2,38539.92283744411,10.559449939824269
SVN,"Slovenia, Republic of",2004,3,2004.5,2004-Q3,38042.43951340678,10.546457644818814
SVN,"Slovenia, Republic of",2004,4,2004.75,2004-Q4,39520.08935530281,10.584564412873995
SVN,"Slovenia, Republic of",2005,1,2005.0,2005-Q1,40029.983149242296,10.597384031033304
SVN,"Slovenia, Republic of",2005,2,2005.25,2005-Q2,40067.95450719106,10.59833215434095
SVN,"Slovenia, Republic of",2005,3,2005.5,2005-Q3,39844.71048582951,10.5927449397954
SVN,"Slovenia, Republic of",2005,4,2005.75,2005-Q4,40863.90396950155,10.618002408827095
SVN,"Slovenia, Republic of",2006,1,2006.0,2006-Q1,41670.59098471681,10.637550906814532
SVN,"Slovenia, Republic of",2006,2,2006.25,2006-Q2,41475.142547542346,10.63284955200373
SVN,"Slovenia, Republic of",2006,3,2006.5,2006-Q3,42015.39620674112,10.64579140644379
SVN,"Slovenia, Republic of",2006,4,2006.75,2006-Q4,43730.48728330158,10.685800787342862
SVN,"Slovenia, Republic of",2007,1,2007.0,2007-Q1,44434.65937541809,10.701775060461143
SVN,"Slovenia, Republic of",2007,2,2007.25,2007-Q2,43456.6309748493,10.679518730668656
SVN,"Slovenia, Republic of",2007,3,2007.5,2007-Q3,43779.93691178281,10.686930930047556
SVN,"Slovenia, Republic of",2007,4,2007.75,2007-Q4,45104.37259431446,10.716734474101843
SVN,"Slovenia, Republic of",2008,1,2008.0,2008-Q1,46322.40003865694,10.743380925210626
SVN,"Slovenia, Republic of",2008,2,2008.25,2008-Q2,45840.03661682364,10.732913150184629
SVN,"Slovenia, Republic of",2008,3,2008.5,2008-Q3,44313.40716408051,10.699042555032902
SVN,"Slovenia, Republic of",2008,4,2008.75,2008-Q4,43708.91506025433,10.685307366232774
SVN,"Slovenia, Republic of",2009,1,2009.0,2009-Q1,43167.28120903919,10.67283810785512
SVN,"Slovenia, Republic of",2009,2,2009.25,2009-Q2,41986.69099054267,10.645107965870501
SVN,"Slovenia, Republic of",2009,3,2009.5,2009-Q3,41340.77208365964,10.629604509492408
SVN,"Slovenia, Republic of",2009,4,2009.75,2009-Q4,41982.50086984729,10.645008164488445
SVN,"Slovenia, Republic of",2010,1,2010.0,2010-Q1,42718.18233761805,10.662379924452141
SVN,"Slovenia, Republic of",2010,2,2010.25,2010-Q2,43165.54546419701,10.67279789731391
SVN,"Slovenia, Republic of",2010,3,2010.5,2010-Q3,43251.75536321532,10.674793097969143
SVN,"Slovenia, Republic of",2010,4,2010.75,2010-Q4,43668.35636822815,10.684379008222136
SVN,"Slovenia, Republic of",2011,1,2011.0,2011-Q1,45569.23965960883,10.7269881990103
SVN,"Slovenia, Republic of",2011,2,2011.25,2011-Q2,44903.06996851898,10.712261444856662
SVN,"Slovenia, Republic of",2011,3,2011.5,2011-Q3,44544.27810651949,10.704238987086049
SVN,"Slovenia, Republic of",2011,4,2011.75,2011-Q4,45094.085694655725,10.716506379300702
SVN,"Slovenia, Republic of",2012,1,2012.0,2012-Q1,45244.47904007328,10.7198359315201
SVN,"Slovenia, Republic of",2012,2,2012.25,2012-Q2,44449.22459402628,10.702102796336042
SVN,"Slovenia, Republic of",2012,3,2012.5,2012-Q3,44311.26037952942,10.698994108373276
SVN,"Slovenia, Republic of",2012,4,2012.75,2012-Q4,43660.23547661555,10.684193023507062
SVN,"Slovenia, Republic of",2013,1,2013.0,2013-Q1,45395.45766958827,10.723167327693316
SVN,"Slovenia, Republic of",2013,2,2013.25,2013-Q2,44790.52267269101,10.709751848539176
SVN,"Slovenia, Republic of",2013,3,2013.5,2013-Q3,43916.56938946541,10.69004696269241
SVN,"Slovenia, Republic of",2013,4,2013.75,2013-Q4,45402.689834026605,10.7233266297199
SVN,"Slovenia, Republic of",2014,1,2014.0,2014-Q1,45996.56525007872,10.736322004206853
SVN,"Slovenia, Republic of",2014,2,2014.25,2014-Q2,44821.67470084172,10.710447111691261
SVN,"Slovenia, Republic of",2014,3,2014.5,2014-Q3,45314.71737618205,10.721387145598243
SVN,"Slovenia, Republic of",2014,4,2014.75,2014-Q4,45916.05337670872,10.734570081670745
SVN,"Slovenia, Republic of",2015,1,2015.0,2015-Q1,47008.347784396734,10.758080477354948
SVN,"Slovenia, Republic of",2015,2,2015.25,2015-Q2,46075.23921798588,10.738030974450448
SVN,"Slovenia, Republic of",2015,3,2015.5,2015-Q3,45847.84808352439,10.733083542745112
SVN,"Slovenia, Republic of",2015,4,2015.75,2015-Q4,46949.76467450346,10.7568334723662
SVN,"Slovenia, Republic of",2016,1,2016.0,2016-Q1,48598.6258369923,10.791350534529835
SVN,"Slovenia, Republic of",2016,2,2016.25,2016-Q2,47694.84095265048,10.772578514898216
SVN,"Slovenia, Republic of",2016,3,2016.5,2016-Q3,47936.78245812105,10.777638389718495
SVN,"Slovenia, Republic of",2016,4,2016.75,2016-Q4,48199.76959519304,10.78310951984455
SVN,"Slovenia, Republic of",2017,1,2017.0,2017-Q1,48611.03013437133,10.791605741634982
SVN,"Slovenia, Republic of",2017,2,2017.25,2017-Q2,48227.817246717146,10.783691254869424
SVN,"Slovenia, Republic of",2017,3,2017.5,2017-Q3,47697.68923524929,10.772638231997533
SVN,"Slovenia, Republic of",2017,4,2017.75,2017-Q4,48690.73141403451,10.793243970917166
SVN,"Slovenia, Republic of",2018,1,2018.0,2018-Q1,49279.225968717794,10.805257891280432
SVN,"Slovenia, Republic of",2018,2,2018.25,2018-Q2,48969.07674443095,10.79894429102529
SVN,"Slovenia, Republic of",2018,3,2018.5,2018-Q3,49254.81759500318,10.804762461004133
SVN,"Slovenia, Republic of",2018,4,2018.75,2018-Q4,49889.6257364244,10.817568359051526
SVN,"Slovenia, Republic of",2019,1,2019.0,2019-Q1,50906.22069360809,10.837740409090895
SVN,"Slovenia, Republic of",2019,2,2019.25,2019-Q2,50214.8655711955,10.824066388759144
SVN,"Slovenia, Republic of",2019,3,2019.5,2019-Q3,51247.513038164834,10.844422369738638
SVN,"Slovenia, Republic of",2019,4,2019.75,2019-Q4,51435.7157903942,10.8480880698753
SVN,"Slovenia, Republic of",2020,1,2020.0,2020-Q1,50123.04345710616,10.822236130572362
SVN,"Slovenia, Republic of",2020,2,2020.25,2020-Q2,45813.56635885833,10.732335534949835
SVN,"Slovenia, Republic of",2020,3,2020.5,2020-Q3,50531.3330897415,10.830348880082054
SVN,"Slovenia, Republic of",2020,4,2020.75,2020-Q4,49170.17718631087,10.803042563944558
SVN,"Slovenia, Republic of",2021,1,2021.0,2021-Q1,54385.26885207716,10.9038486030126
SVN,"Slovenia, Republic of",2021,2,2021.25,2021-Q2,52231.29042850616,10.863437027778522
SVN,"Slovenia, Republic of",2021,3,2021.5,2021-Q3,52578.98163684712,10.870071730215885
SVN,"Slovenia, Republic of",2021,4,2021.75,2021-Q4,54185.70366248299,10.900172382569407
SVN,"Slovenia, Republic of",2022,1,2022.0,2022-Q1,54138.62112094655,10.899303094076808
SVN,"Slovenia, Republic of",2022,2,2022.25,2022-Q2,54151.99922762922,10.899550171925428
SVN,"Slovenia, Republic of",2022,3,2022.5,2022-Q3,53548.74013239625,10.888347548659754
SVN,"Slovenia, Republic of",2022,4,2022.75,2022-Q4,54616.67106971422,10.908094446076136
SVN,"Slovenia, Republic of",2023,1,2023.0,2023-Q1,55627.83773695788,10.926439033663167
SVN,"Slovenia, Republic of",2023,2,2023.25,2023-Q2,54999.01153447837,10.915070491952715
SVN,"Slovenia, Republic of",2023,3,2023.5,2023-Q3,55256.95109049334,10.919749423059024
SVN,"Slovenia, Republic of",2023,4,2023.75,2023-Q4,55382.32691190257,10.922015813030818
SVN,"Slovenia, Republic of",2024,1,2024.0,2024-Q1,55641.3303568436,10.9266815558314
SVN,"Slovenia, Republic of",2024,2,2024.25,2024-Q2,55514.96206787265,10.924407850211049
SVN,"Slovenia, Republic of",2024,3,2024.5,2024-Q3,55935.41618857009,10.931953021828484
SVN,"Slovenia, Republic of",2024,4,2024.75,2024-Q4,55868.13163596631,10.930749400619032
SVN,"Slovenia, Republic of",2025,1,2025.0,2025-Q1,55795.52350125697,10.929448921159475
SVN,"Slovenia, Republic of",2025,2,2025.25,2025-Q2,56308.572751387794,10.938602071654804
SVN,"Slovenia, Republic of",2025,3,2025.5,2025-Q3,56270.42423010816,10.937924351586895
SVN,"Slovenia, Republic of",2025,4,2025.75,2025-Q4,57092.84876866826,10.952434147322194
SVN,"Slovenia, Republic of",2026,1,2026.0,2026-Q1,58226.36702511567,10.97209357279579
SWE,Sweden,1993,1,1993.0,1993-Q1,71013.6055945652,11.170626765757602
SWE,Sweden,1993,2,1993.25,1993-Q2,71498.84570960556,11.177436584630184
SWE,Sweden,1993,3,1993.5,1993-Q3,71780.49340346409,11.18136803850723
SWE,Sweden,1993,4,1993.75,1993-Q4,73758.87657851075,11.208556627345923
SWE,Sweden,1994,1,1994.0,1994-Q1,75874.81078908958,11.236840034639936
SWE,Sweden,1994,2,1994.25,1994-Q2,74886.15344920143,11.2237242852484
SWE,Sweden,1994,3,1994.5,1994-Q3,74062.27861447653,11.212661621135496
SWE,Sweden,1994,4,1994.75,1994-Q4,77128.32541080512,11.253225877436098
SWE,Sweden,1995,1,1995.0,1995-Q1,78779.23158697315,11.274404682567365
SWE,Sweden,1995,2,1995.25,1995-Q2,76192.99835368589,11.241024852330808
SWE,Sweden,1995,3,1995.5,1995-Q3,75710.5696908255,11.234673055713415
SWE,Sweden,1995,4,1995.75,1995-Q4,78970.49831276282,11.27682962262447
SWE,Sweden,1996,1,1996.0,1996-Q1,80297.40520355615,11.293492585633874
SWE,Sweden,1996,2,1996.25,1996-Q2,78202.51618551025,11.267057102301054
SWE,Sweden,1996,3,1996.5,1996-Q3,77879.01566660777,11.262911820302612
SWE,Sweden,1996,4,1996.75,1996-Q4,80810.1831282523,11.299858265383227
SWE,Sweden,1997,1,1997.0,1997-Q1,82485.25279664641,11.320374802364332
SWE,Sweden,1997,2,1997.25,1997-Q2,82686.01669712567,11.322805782037312
SWE,Sweden,1997,3,1997.5,1997-Q3,81488.00216595143,11.30821107570439
SWE,Sweden,1997,4,1997.75,1997-Q4,84892.13896505084,11.34913677631705
SWE,Sweden,1998,1,1998.0,1998-Q1,85729.33670259452,11.3589503645916
SWE,Sweden,1998,2,1998.25,1998-Q2,85175.03488232603,11.352463652066225
SWE,Sweden,1998,3,1998.5,1998-Q3,83643.48843700581,11.33431886043234
SWE,Sweden,1998,4,1998.75,1998-Q4,86166.74479422,11.364039590964847
SWE,Sweden,1999,1,1999.0,1999-Q1,86942.7022675631,11.3730045860423
SWE,Sweden,1999,2,1999.25,1999-Q2,85961.27097121003,11.36165213625917
SWE,Sweden,1999,3,1999.5,1999-Q3,85576.38030889716,11.357164593083052
SWE,Sweden,1999,4,1999.75,1999-Q4,88138.70304117267,11.386667023529066
SWE,Sweden,2000,1,2000.0,2000-Q1,88630.86313003008,11.392235418261466
SWE,Sweden,2000,2,2000.25,2000-Q2,89519.42835823435,11.40221095733354
SWE,Sweden,2000,3,2000.5,2000-Q3,88383.7427794554,11.389443326503317
SWE,Sweden,2000,4,2000.75,2000-Q4,89163.83857122649,11.398230839188887
SWE,Sweden,2001,1,2001.0,2001-Q1,88007.80154637252,11.385180743466867
SWE,Sweden,2001,2,2001.25,2001-Q2,85701.21213596298,11.358622248429405
SWE,Sweden,2001,3,2001.5,2001-Q3,85459.16166699739,11.35579389949623
SWE,Sweden,2001,4,2001.75,2001-Q4,87552.90257045967,11.379998490453527
SWE,Sweden,2002,1,2002.0,2002-Q1,89081.22461871264,11.397303868680408
SWE,Sweden,2002,2,2002.25,2002-Q2,88353.31246937627,11.389098969624257
SWE,Sweden,2002,3,2002.5,2002-Q3,87381.97846663167,11.37804434434834
SWE,Sweden,2002,4,2002.75,2002-Q4,89265.11869162614,11.39936608240087
SWE,Sweden,2003,1,2003.0,2003-Q1,91440.5316803464,11.42344411297876
SWE,Sweden,2003,2,2003.25,2003-Q2,89150.99953860253,11.39808683510283
SWE,Sweden,2003,3,2003.5,2003-Q3,89342.85221482512,11.400236519791907
SWE,Sweden,2003,4,2003.75,2003-Q4,92053.63874898512,11.430126716015563
SWE,Sweden,2004,1,2004.0,2004-Q1,94732.98267078544,11.458817504395077
SWE,Sweden,2004,2,2004.25,2004-Q2,93537.45415006204,11.446117214211421
SWE,Sweden,2004,3,2004.5,2004-Q3,93154.60306684022,11.442015790448545
SWE,Sweden,2004,4,2004.75,2004-Q4,95903.14943325172,11.471094101137826
SWE,Sweden,2005,1,2005.0,2005-Q1,97153.50116042244,11.484047492863592
SWE,Sweden,2005,2,2005.25,2005-Q2,94922.30798089404,11.46081402526562
SWE,Sweden,2005,3,2005.5,2005-Q3,95018.279782184,11.461824570832395
SWE,Sweden,2005,4,2005.75,2005-Q4,96597.9093756835,11.478312377892747
SWE,Sweden,2006,1,2006.0,2006-Q1,99362.88145455752,11.506533896893323
SWE,Sweden,2006,2,2006.25,2006-Q2,98323.03520092132,11.496013614399324
SWE,Sweden,2006,3,2006.5,2006-Q3,96868.64821252364,11.481111197667584
SWE,Sweden,2006,4,2006.75,2006-Q4,99563.58460431936,11.508551760296212
SWE,Sweden,2007,1,2007.0,2007-Q1,100499.6034574424,11.517909060776393
SWE,Sweden,2007,2,2007.25,2007-Q2,99127.18952417064,11.504159047209425
SWE,Sweden,2007,3,2007.5,2007-Q3,97333.07665911505,11.485894155514945
SWE,Sweden,2007,4,2007.75,2007-Q4,100427.36162463365,11.517189975253032
SWE,Sweden,2008,1,2008.0,2008-Q1,100564.70493927517,11.518556629553037
SWE,Sweden,2008,2,2008.25,2008-Q2,97757.51336342434,11.490245337946734
SWE,Sweden,2008,3,2008.5,2008-Q3,95752.20380361202,11.469518923003736
SWE,Sweden,2008,4,2008.75,2008-Q4,94516.08074250603,11.456525265592509
SWE,Sweden,2009,1,2009.0,2009-Q1,95348.88095156556,11.465297874741191
SWE,Sweden,2009,2,2009.25,2009-Q2,94527.83215382347,11.45664959026557
SWE,Sweden,2009,3,2009.5,2009-Q3,93943.56812522734,11.450449541883147
SWE,Sweden,2009,4,2009.75,2009-Q4,96218.5761572662,11.4743777173604
SWE,Sweden,2010,1,2010.0,2010-Q1,98660.64740694693,11.499441436766473
SWE,Sweden,2010,2,2010.25,2010-Q2,99173.05137967264,11.504621596887738
SWE,Sweden,2010,3,2010.5,2010-Q3,99041.39395806604,11.503293162517135
SWE,Sweden,2010,4,2010.75,2010-Q4,101722.40178164696,11.530002830952615
SWE,Sweden,2011,1,2011.0,2011-Q1,102393.26358243776,11.536576204095839
SWE,Sweden,2011,2,2011.25,2011-Q2,100605.30629870028,11.518960281764683
SWE,Sweden,2011,3,2011.5,2011-Q3,100075.55285233042,11.513680708225534
SWE,Sweden,2011,4,2011.75,2011-Q4,99412.25491155146,11.507030673893826
SWE,Sweden,2012,1,2012.0,2012-Q1,101398.24403367189,11.526811052767105
SWE,Sweden,2012,2,2012.25,2012-Q2,99467.32012646926,11.507584428258138
SWE,Sweden,2012,3,2012.5,2012-Q3,98828.03704707597,11.501136619259348
SWE,Sweden,2012,4,2012.75,2012-Q4,99757.11160779907,11.510493626524566
SWE,Sweden,2013,1,2013.0,2013-Q1,101189.5138700363,11.524750412581781
SWE,Sweden,2013,2,2013.25,2013-Q2,99153.5179626269,11.50442461453511
SWE,Sweden,2013,3,2013.5,2013-Q3,98471.22062101393,11.497519608031922
SWE,Sweden,2013,4,2013.75,2013-Q4,100987.28097786172,11.522749856981173
SWE,Sweden,2014,1,2014.0,2014-Q1,102447.5645687908,11.53710638148396
SWE,Sweden,2014,2,2014.25,2014-Q2,100420.7637571826,11.517124275187962
SWE,Sweden,2014,3,2014.5,2014-Q3,99129.03766165471,11.504177691138146
SWE,Sweden,2014,4,2014.75,2014-Q4,101727.60173608868,11.530053948714746
SWE,Sweden,2015,1,2015.0,2015-Q1,103648.64824239342,11.548762076219727
SWE,Sweden,2015,2,2015.25,2015-Q2,104013.17324501742,11.552272835919547
SWE,Sweden,2015,3,2015.5,2015-Q3,102057.26312339424,11.533289337909135
SWE,Sweden,2015,4,2015.75,2015-Q4,104831.85752301532,11.560112988673541
SWE,Sweden,2016,1,2016.0,2016-Q1,105044.66464480812,11.562140916261871
SWE,Sweden,2016,2,2016.25,2016-Q2,103486.00006839308,11.54719161749874
SWE,Sweden,2016,3,2016.5,2016-Q3,102928.14582765062,11.54178641044259
SWE,Sweden,2016,4,2016.75,2016-Q4,104681.65304687223,11.558679147949206
SWE,Sweden,2017,1,2017.0,2017-Q1,105484.05470062718,11.566315080197
SWE,Sweden,2017,2,2017.25,2017-Q2,103354.68297765507,11.545921875913603
SWE,Sweden,2017,3,2017.5,2017-Q3,102272.92972024676,11.535400300307185
SWE,Sweden,2017,4,2017.75,2017-Q4,104540.31025461946,11.557328020070234
SWE,Sweden,2018,1,2018.0,2018-Q1,105247.64687842377,11.56407139384504
SWE,Sweden,2018,2,2018.25,2018-Q2,103688.87202611905,11.549150079164667
SWE,Sweden,2018,3,2018.5,2018-Q3,102674.5258146123,11.539319320500116
SWE,Sweden,2018,4,2018.75,2018-Q4,105490.65349356097,11.566377635495618
SWE,Sweden,2019,1,2019.0,2019-Q1,106636.92777598288,11.577185145135108
SWE,Sweden,2019,2,2019.25,2019-Q2,106026.18522943222,11.571441373053544
SWE,Sweden,2019,3,2019.5,2019-Q3,104647.49838660588,11.558352823017055
SWE,Sweden,2019,4,2019.75,2019-Q4,107859.71653891704,11.58858674084138
SWE,Sweden,2020,1,2020.0,2020-Q1,109526.42930395376,11.603921162621635
SWE,Sweden,2020,2,2020.25,2020-Q2,100026.95934025006,11.513195022038957
SWE,Sweden,2020,3,2020.5,2020-Q3,104959.35958607272,11.561328502654659
SWE,Sweden,2020,4,2020.75,2020-Q4,107227.4037464233,11.58270712691346
SWE,Sweden,2021,1,2021.0,2021-Q1,111857.30256279436,11.624979253681053
SWE,Sweden,2021,2,2021.25,2021-Q2,109044.23685024846,11.599508921542252
SWE,Sweden,2021,3,2021.5,2021-Q3,107279.2350842255,11.583190387842757
SWE,Sweden,2021,4,2021.75,2021-Q4,111247.41381905612,11.619511953187999
SWE,Sweden,2022,1,2022.0,2022-Q1,110436.3203078237,11.612194347015853
SWE,Sweden,2022,2,2022.25,2022-Q2,108287.90386902331,11.592548735791102
SWE,Sweden,2022,3,2022.5,2022-Q3,106322.22686224018,11.574229638072227
SWE,Sweden,2022,4,2022.75,2022-Q4,107276.95477053591,11.583169131744844
SWE,Sweden,2023,1,2023.0,2023-Q1,108696.40849958207,11.596314032081226
SWE,Sweden,2023,2,2023.25,2023-Q2,104955.67125370186,11.56129336146104
SWE,Sweden,2023,3,2023.5,2023-Q3,105827.9683162484,11.569570114287018
SWE,Sweden,2023,4,2023.75,2023-Q4,106618.16883469444,11.577009215540599
SWE,Sweden,2024,1,2024.0,2024-Q1,111228.7145758343,11.61934385206721
SWE,Sweden,2024,2,2024.25,2024-Q2,107097.5901284702,11.581495755047953
SWE,Sweden,2024,3,2024.5,2024-Q3,107478.7603825777,11.585048529192296
SWE,Sweden,2024,4,2024.75,2024-Q4,111194.48664253748,11.619036079016743
SWE,Sweden,2025,1,2025.0,2025-Q1,111146.0979735963,11.618600812825564
SWE,Sweden,2025,2,2025.25,2025-Q2,109060.96094497244,11.599662279599977
SWE,Sweden,2025,3,2025.5,2025-Q3,109305.49826881208,11.601901977280122
SWE,Sweden,2025,4,2025.75,2025-Q4,112395.61061163874,11.629780164181323
SWE,Sweden,2026,1,2026.0,2026-Q1,112638.4745698652,11.631938628774114
SYC,Seychelles,2016,1,2016.0,2016-Q1,34726.05847126794,10.455245648691985
SYC,Seychelles,2016,2,2016.25,2016-Q2,34887.95950532372,10.459897048816922
SYC,Seychelles,2016,3,2016.5,2016-Q3,37078.459928750686,10.520791485072653
SYC,Seychelles,2016,4,2016.75,2016-Q4,37241.75126920378,10.525185756848227
SYC,Seychelles,2017,1,2017.0,2017-Q1,43053.47017156103,10.670198114541286
SYC,Seychelles,2017,2,2017.25,2017-Q2,33605.23875274306,10.422437249057985
SYC,Seychelles,2017,3,2017.5,2017-Q3,37016.55088997606,10.519120412958696
SYC,Seychelles,2017,4,2017.75,2017-Q4,34266.80130494112,10.441932272459896
SYC,Seychelles,2018,1,2018.0,2018-Q1,39391.8719181397,10.58131477751006
SYC,Seychelles,2018,2,2018.25,2018-Q2,36740.794032771024,10.511642970750357
SYC,Seychelles,2018,3,2018.5,2018-Q3,35737.05828367055,10.483943476530973
SYC,Seychelles,2018,4,2018.75,2018-Q4,38214.69629294048,10.550975440319498
SYC,Seychelles,2019,1,2019.0,2019-Q1,39717.46033322779,10.589546176870895
SYC,Seychelles,2019,2,2019.25,2019-Q2,37573.109064594966,10.534043889059323
SYC,Seychelles,2019,3,2019.5,2019-Q3,39282.83973203583,10.578543054459036
SYC,Seychelles,2019,4,2019.75,2019-Q4,40355.21678767868,10.605475953759374
SYC,Seychelles,2020,1,2020.0,2020-Q1,40990.22439467921,10.62108888785957
SYC,Seychelles,2020,2,2020.25,2020-Q2,28957.94269618949,10.273599804480009
SYC,Seychelles,2020,3,2020.5,2020-Q3,30978.24899281514,10.341040591805893
SYC,Seychelles,2020,4,2020.75,2020-Q4,37597.89272902803,10.534703283366694
SYC,Seychelles,2023,2,2023.25,2023-Q2,36147.94854488004,10.495375477563934
SYC,Seychelles,2023,4,2023.75,2023-Q4,38433.373801166425,10.5566814705243
SYC,Seychelles,2024,2,2024.25,2024-Q2,33963.46002123936,10.433040520430845
THA,Thailand,2010,1,2010.0,2010-Q1,9555.007710571545,9.164820663641242
THA,Thailand,2010,2,2010.25,2010-Q2,9505.792188453206,9.15965659584234
THA,Thailand,2010,3,2010.5,2010-Q3,9266.28248139759,9.134137551309191
THA,Thailand,2010,4,2010.75,2010-Q4,9348.90462522048,9.14301446303702
THA,Thailand,2013,1,2013.0,2013-Q1,10330.021251998376,9.24280961942022
THA,Thailand,2013,2,2013.25,2013-Q2,10165.553492934296,9.226760175434386
THA,Thailand,2013,3,2013.5,2013-Q3,10184.656523161926,9.228637604298621
THA,Thailand,2013,4,2013.75,2013-Q4,10185.608384726223,9.228731060281573
THA,Thailand,2014,1,2014.0,2014-Q1,10490.003607749908,9.258178045313059
THA,Thailand,2014,2,2014.25,2014-Q2,10554.390357632908,9.264297199981726
THA,Thailand,2014,3,2014.5,2014-Q3,10484.0772228257,9.257612930195043
THA,Thailand,2014,4,2014.75,2014-Q4,10641.132045252518,9.272482152466564
THA,Thailand,2015,1,2015.0,2015-Q1,10877.381962050316,9.294440862966232
THA,Thailand,2015,2,2015.25,2015-Q2,10883.374246879945,9.294991605313928
THA,Thailand,2015,3,2015.5,2015-Q3,10875.35084175458,9.294254116747267
THA,Thailand,2015,4,2015.75,2015-Q4,10930.94928162715,9.299353428417291
THA,Thailand,2016,1,2016.0,2016-Q1,11218.152162768003,9.325288474138173
THA,Thailand,2016,2,2016.25,2016-Q2,11412.618024123867,9.342474866503538
THA,Thailand,2016,3,2016.5,2016-Q3,11248.401249645574,9.327981286391205
THA,Thailand,2016,4,2016.75,2016-Q4,11575.542011412794,9.356649703898112
THA,Thailand,2017,1,2017.0,2017-Q1,11722.21398705675,9.369240952035828
THA,Thailand,2017,2,2017.25,2017-Q2,11869.136391957732,9.381696729435228
THA,Thailand,2017,3,2017.5,2017-Q3,11962.641308898696,9.389543848347548
THA,Thailand,2017,4,2017.75,2017-Q4,12095.519442911533,9.400590369034836
THA,Thailand,2018,1,2018.0,2018-Q1,12339.418172029396,9.420554146593288
THA,Thailand,2018,2,2018.25,2018-Q2,12319.915992169856,9.41897241824688
THA,Thailand,2018,3,2018.5,2018-Q3,12164.73647354444,9.406296592306818
THA,Thailand,2018,4,2018.75,2018-Q4,12296.420413634152,9.41706347572324
THA,Thailand,2019,1,2019.0,2019-Q1,12551.063838019672,9.437560708937024
THA,Thailand,2019,2,2019.25,2019-Q2,12645.232594563537,9.445035553127346
THA,Thailand,2019,3,2019.5,2019-Q3,12758.742899036615,9.453972033161198
THA,Thailand,2019,4,2019.75,2019-Q4,12548.804462623402,9.437380678079865
THA,Thailand,2020,1,2020.0,2020-Q1,12372.248710104388,9.423211236262489
THA,Thailand,2020,2,2020.25,2020-Q2,11331.663087086568,9.335356129400642
THA,Thailand,2020,3,2020.5,2020-Q3,11836.21578456033,9.37891924456043
THA,Thailand,2020,4,2020.75,2020-Q4,11771.611791607516,9.373446131542146
THA,Thailand,2021,1,2021.0,2021-Q1,12003.231273757943,9.392931165335883
THA,Thailand,2021,2,2021.25,2021-Q2,11980.947968212393,9.391072997771976
THA,Thailand,2021,3,2021.5,2021-Q3,11891.000643240624,9.383537144532323
THA,Thailand,2021,4,2021.75,2021-Q4,12123.797432030631,9.402925530023484
THA,Thailand,2022,1,2022.0,2022-Q1,11897.557212010406,9.38408838172591
THA,Thailand,2022,2,2022.25,2022-Q2,11903.185750709104,9.384561353415277
THA,Thailand,2022,3,2022.5,2022-Q3,11839.778034276507,9.379220161157242
THA,Thailand,2022,4,2022.75,2022-Q4,11776.465239087102,9.373858347583566
THA,Thailand,2023,1,2023.0,2023-Q1,11926.45811357076,9.386514581956423
THA,Thailand,2023,2,2023.25,2023-Q2,11947.580366494656,9.388284057066613
THA,Thailand,2023,3,2023.5,2023-Q3,11906.856478708049,9.38486968785607
THA,Thailand,2023,4,2023.75,2023-Q4,11850.807554924835,9.380151292336224
THA,Thailand,2024,1,2024.0,2024-Q1,12190.481810819483,9.408410746781955
THA,Thailand,2024,2,2024.25,2024-Q2,12325.324915193383,9.419411360850907
THA,Thailand,2024,3,2024.5,2024-Q3,12318.664730304505,9.418870848933249
THA,Thailand,2024,4,2024.75,2024-Q4,12349.4987818757,9.421370756769045
THA,Thailand,2025,1,2025.0,2025-Q1,12623.843294479002,9.443342629706883
THA,Thailand,2025,2,2025.25,2025-Q2,12672.488559488856,9.447188667563603
THA,Thailand,2025,3,2025.5,2025-Q3,12520.438396710862,9.435117659752784
THA,Thailand,2025,4,2025.75,2025-Q4,12783.597631097737,9.45591819309722
THA,Thailand,2026,1,2026.0,2026-Q1,12490.287306138898,9.432706605748487
TTO,Trinidad and Tobago,2012,1,2012.0,2012-Q1,39325.72681812599,10.579634210098364
TTO,Trinidad and Tobago,2012,2,2012.25,2012-Q2,39150.78834831398,10.57517583782704
TTO,Trinidad and Tobago,2012,3,2012.5,2012-Q3,39894.87287198594,10.59400309517222
TTO,Trinidad and Tobago,2012,4,2012.75,2012-Q4,39022.133664844565,10.571884293995424
TTO,Trinidad and Tobago,2013,1,2013.0,2013-Q1,38857.702604392376,10.567661601379164
TTO,Trinidad and Tobago,2013,2,2013.25,2013-Q2,39979.4702344351,10.596121357202094
TTO,Trinidad and Tobago,2013,3,2013.5,2013-Q3,40432.411905238856,10.60738701718092
TTO,Trinidad and Tobago,2013,4,2013.75,2013-Q4,42062.19013938496,10.646904519688567
TTO,Trinidad and Tobago,2014,1,2014.0,2014-Q1,39498.48403582433,10.584017571312836
TTO,Trinidad and Tobago,2014,2,2014.25,2014-Q2,40763.66590887947,10.615546422175608
TTO,Trinidad and Tobago,2014,3,2014.5,2014-Q3,42148.074275828025,10.648944274980085
TTO,Trinidad and Tobago,2014,4,2014.75,2014-Q4,43173.28720752376,10.672977231296265
TTO,Trinidad and Tobago,2015,1,2015.0,2015-Q1,41286.80561159841,10.62829825118882
TTO,Trinidad and Tobago,2015,2,2015.25,2015-Q2,40593.429834539325,10.61136150575898
TTO,Trinidad and Tobago,2015,3,2015.5,2015-Q3,42031.77266282608,10.64618110324173
TTO,Trinidad and Tobago,2015,4,2015.75,2015-Q4,41999.81237598967,10.645420430017186
TTO,Trinidad and Tobago,2016,1,2016.0,2016-Q1,40030.93970296551,10.597407926678999
TTO,Trinidad and Tobago,2016,2,2016.25,2016-Q2,38517.25883417463,10.558861701234918
TTO,Trinidad and Tobago,2016,3,2016.5,2016-Q3,38016.14279484413,10.54576615889277
TTO,Trinidad and Tobago,2016,4,2016.75,2016-Q4,40584.60122490774,10.61114399347022
TTO,Trinidad and Tobago,2017,1,2017.0,2017-Q1,37097.75489969136,10.521311731931313
TTO,Trinidad and Tobago,2017,2,2017.25,2017-Q2,37599.54233537029,10.534747157372266
TTO,Trinidad and Tobago,2019,1,2019.0,2019-Q1,37393.369339844,10.529248677306324
TTO,Trinidad and Tobago,2019,2,2019.25,2019-Q2,38134.62812443896,10.5488780229955
TTO,Trinidad and Tobago,2019,3,2019.5,2019-Q3,38752.0177488323,10.564938104363456
TTO,Trinidad and Tobago,2019,4,2019.75,2019-Q4,39780.53819932215,10.591133081711167
TTO,Trinidad and Tobago,2020,1,2020.0,2020-Q1,36863.41171200524,10.514974785595037
TTO,Trinidad and Tobago,2020,2,2020.25,2020-Q2,33200.781356910134,10.41032868947433
TTO,Trinidad and Tobago,2020,3,2020.5,2020-Q3,37072.61348917735,10.520633795121155
TTO,Trinidad and Tobago,2020,4,2020.75,2020-Q4,37368.93078750759,10.52859491055048
TTO,Trinidad and Tobago,2021,1,2021.0,2021-Q1,35264.87538858511,10.470642716064084
TTO,Trinidad and Tobago,2021,2,2021.25,2021-Q2,33731.14161625402,10.426176773206453
TTO,Trinidad and Tobago,2021,3,2021.5,2021-Q3,37803.96943404159,10.540169387576942
TTO,Trinidad and Tobago,2021,4,2021.75,2021-Q4,37802.53983082768,10.540131570642183
TTO,Trinidad and Tobago,2022,1,2022.0,2022-Q1,35160.79154775755,10.467686864280562
TTO,Trinidad and Tobago,2022,2,2022.25,2022-Q2,36473.05117160855,10.504328942809618
TTO,Trinidad and Tobago,2022,3,2022.5,2022-Q3,38042.04030683155,10.546447151047253
TTO,Trinidad and Tobago,2022,4,2022.75,2022-Q4,38282.756886839285,10.55275486196109
TTO,Trinidad and Tobago,2023,1,2023.0,2023-Q1,36467.84201078356,10.504186110425572
TTO,Trinidad and Tobago,2023,2,2023.25,2023-Q2,35358.055814659434,10.473281532622883
TTO,Trinidad and Tobago,2023,3,2023.5,2023-Q3,35610.30644794949,10.48039038190594
TTO,Trinidad and Tobago,2023,4,2023.75,2023-Q4,37118.865477168685,10.521880622779198
TTO,Trinidad and Tobago,2024,1,2024.0,2024-Q1,37113.37924181199,10.521732810049368
TTO,Trinidad and Tobago,2024,2,2024.25,2024-Q2,36406.28491041975,10.50249670109457
TTO,Trinidad and Tobago,2024,3,2024.5,2024-Q3,37483.166620295975,10.531647221051728
TTO,Trinidad and Tobago,2024,4,2024.75,2024-Q4,38567.64699520452,10.560169043253811
TUR,"Türkiye, Republic of",2006,1,2006.0,2006-Q1,28913.67373447385,10.272069901806447
TUR,"Türkiye, Republic of",2006,2,2006.25,2006-Q2,27313.850105847094,10.215149182409263
TUR,"Türkiye, Republic of",2006,3,2006.5,2006-Q3,26684.514434581062,10.191838692409165
TUR,"Türkiye, Republic of",2006,4,2006.75,2006-Q4,27996.85243403368,10.239847369768292
TUR,"Türkiye, Republic of",2007,1,2007.0,2007-Q1,29758.356630282586,10.300865266665673
TUR,"Türkiye, Republic of",2007,2,2007.25,2007-Q2,27436.19623673687,10.219618451120855
TUR,"Türkiye, Republic of",2007,3,2007.5,2007-Q3,27458.82915847324,10.220443040338397
TUR,"Türkiye, Republic of",2007,4,2007.75,2007-Q4,30141.95630566099,10.313673377362122
TUR,"Türkiye, Republic of",2008,1,2008.0,2008-Q1,31404.58157947109,10.35470907142673
TUR,"Türkiye, Republic of",2008,2,2008.25,2008-Q2,27547.053124515096,10.223650844232536
TUR,"Türkiye, Republic of",2008,3,2008.5,2008-Q3,26892.0632143486,10.199586474261034
TUR,"Türkiye, Republic of",2008,4,2008.75,2008-Q4,27797.452892451303,10.23269967290743
TUR,"Türkiye, Republic of",2009,1,2009.0,2009-Q1,27483.46040709461,10.221339662975215
TUR,"Türkiye, Republic of",2009,2,2009.25,2009-Q2,26488.28947560408,10.184458007723848
TUR,"Türkiye, Republic of",2009,3,2009.5,2009-Q3,26260.99701589098,10.175840114230152
TUR,"Türkiye, Republic of",2009,4,2009.75,2009-Q4,27109.83877014336,10.207651995228378
TUR,"Türkiye, Republic of",2010,1,2010.0,2010-Q1,27828.092807769888,10.233801322087917
TUR,"Türkiye, Republic of",2010,2,2010.25,2010-Q2,26503.836437361133,10.185044772717147
TUR,"Türkiye, Republic of",2010,3,2010.5,2010-Q3,27095.04666373221,10.207106210225422
TUR,"Türkiye, Republic of",2010,4,2010.75,2010-Q4,28333.098811662912,10.25178596953466
TUR,"Türkiye, Republic of",2011,1,2011.0,2011-Q1,29150.011935866914,10.280210601242256
TUR,"Türkiye, Republic of",2011,2,2011.25,2011-Q2,27716.508352070952,10.229783484045043
TUR,"Türkiye, Republic of",2011,3,2011.5,2011-Q3,27974.629260249974,10.239053280554328
TUR,"Türkiye, Republic of",2011,4,2011.75,2011-Q4,29154.556857000734,10.28036650398666
TUR,"Türkiye, Republic of",2012,1,2012.0,2012-Q1,30172.916277224944,10.314699988974061
TUR,"Türkiye, Republic of",2012,2,2012.25,2012-Q2,28159.843087133293,10.245652238066585
TUR,"Türkiye, Republic of",2012,3,2012.5,2012-Q3,28563.05230706084,10.259869284239484
TUR,"Türkiye, Republic of",2012,4,2012.75,2012-Q4,29148.37256066223,10.280154360397187
TUR,"Türkiye, Republic of",2013,1,2013.0,2013-Q1,30984.68244071906,10.341248246536816
TUR,"Türkiye, Republic of",2013,2,2013.25,2013-Q2,29950.99978617406,10.30731798482864
TUR,"Türkiye, Republic of",2013,3,2013.5,2013-Q3,30467.546090956395,10.324417333487402
TUR,"Türkiye, Republic of",2013,4,2013.75,2013-Q4,31194.98225701389,10.348012535768122
TUR,"Türkiye, Republic of",2014,1,2014.0,2014-Q1,32550.08344498644,10.390535211227483
TUR,"Türkiye, Republic of",2014,2,2014.25,2014-Q2,30400.96394075716,10.322229595469144
TUR,"Türkiye, Republic of",2014,3,2014.5,2014-Q3,31194.710996308124,10.348003840078446
TUR,"Türkiye, Republic of",2014,4,2014.75,2014-Q4,32035.32155431537,10.374594371616483
TUR,"Türkiye, Republic of",2015,1,2015.0,2015-Q1,32945.73250296044,10.402617017217013
TUR,"Türkiye, Republic of",2015,2,2015.25,2015-Q2,31839.97414835772,10.368477828034552
TUR,"Türkiye, Republic of",2015,3,2015.5,2015-Q3,32021.1974013094,10.374153381270297
TUR,"Türkiye, Republic of",2015,4,2015.75,2015-Q4,33149.32995647531,10.408777782935385
TUR,"Türkiye, Republic of",2016,1,2016.0,2016-Q1,33348.6252415826,10.414771828352663
TUR,"Türkiye, Republic of",2016,2,2016.25,2016-Q2,32147.933847036376,10.378103461567532
TUR,"Türkiye, Republic of",2016,3,2016.5,2016-Q3,31715.94674603477,10.364574885302558
TUR,"Türkiye, Republic of",2016,4,2016.75,2016-Q4,34046.11243772812,10.435471132892946
TUR,"Türkiye, Republic of",2017,1,2017.0,2017-Q1,34452.917529991726,10.447348961680051
TUR,"Türkiye, Republic of",2017,2,2017.25,2017-Q2,33392.57409802415,10.416088821850794
TUR,"Türkiye, Republic of",2017,3,2017.5,2017-Q3,33852.46144871319,10.429766992054564
TUR,"Türkiye, Republic of",2017,4,2017.75,2017-Q4,34775.34079193519,10.456663816655492
TUR,"Türkiye, Republic of",2018,1,2018.0,2018-Q1,35721.847434377625,10.483517753540399
TUR,"Türkiye, Republic of",2018,2,2018.25,2018-Q2,34592.65792697376,10.451396739886121
TUR,"Türkiye, Republic of",2018,3,2018.5,2018-Q3,34139.17809886426,10.438200921625839
TUR,"Türkiye, Republic of",2018,4,2018.75,2018-Q4,34274.74445826303,10.442164048772176
TUR,"Türkiye, Republic of",2019,1,2019.0,2019-Q1,36200.133252866704,10.496818078825505
TUR,"Türkiye, Republic of",2019,2,2019.25,2019-Q2,35791.80426519703,10.48547421504031
TUR,"Türkiye, Republic of",2019,3,2019.5,2019-Q3,35476.10709221129,10.476614709214621
TUR,"Türkiye, Republic of",2019,4,2019.75,2019-Q4,36491.33620931666,10.504830147266949
TUR,"Türkiye, Republic of",2020,1,2020.0,2020-Q1,38562.80774323776,10.560043560991597
TUR,"Türkiye, Republic of",2020,2,2020.25,2020-Q2,35756.1737165503,10.484478224584752
TUR,"Türkiye, Republic of",2020,3,2020.5,2020-Q3,38810.04876179119,10.566434480785539
TUR,"Türkiye, Republic of",2020,4,2020.75,2020-Q4,40011.96377316787,10.596933782705477
TUR,"Türkiye, Republic of",2021,1,2021.0,2021-Q1,40594.93736554484,10.611398642384772
TUR,"Türkiye, Republic of",2021,2,2021.25,2021-Q2,39712.52126697177,10.589421814100996
TUR,"Türkiye, Republic of",2021,3,2021.5,2021-Q3,39439.1796246551,10.582515007908327
TUR,"Türkiye, Republic of",2021,4,2021.75,2021-Q4,39940.77482599388,10.595153006531104
TUR,"Türkiye, Republic of",2022,1,2022.0,2022-Q1,40361.31109824307,10.60562695903018
TUR,"Türkiye, Republic of",2022,2,2022.25,2022-Q2,39242.59958515912,10.577518159832557
TUR,"Türkiye, Republic of",2022,3,2022.5,2022-Q3,39094.777021909926,10.57374415704855
TUR,"Türkiye, Republic of",2022,4,2022.75,2022-Q4,38980.18512878263,10.570808722377688
TUR,"Türkiye, Republic of",2023,1,2023.0,2023-Q1,39553.7548281436,10.585415907454093
TUR,"Türkiye, Republic of",2023,2,2023.25,2023-Q2,40575.32088254221,10.610915300732104
TUR,"Türkiye, Republic of",2023,3,2023.5,2023-Q3,40208.78561086339,10.601840798262995
TUR,"Türkiye, Republic of",2023,4,2023.75,2023-Q4,40505.68735687363,10.609197671800244
TUR,"Türkiye, Republic of",2024,1,2024.0,2024-Q1,40859.23394003072,10.617888119787409
TUR,"Türkiye, Republic of",2024,2,2024.25,2024-Q2,39955.82543287487,10.595529758658486
TUR,"Türkiye, Republic of",2024,3,2024.5,2024-Q3,39847.97768699559,10.592826934800032
TUR,"Türkiye, Republic of",2024,4,2024.75,2024-Q4,40785.55663974495,10.61608329379025
TUR,"Türkiye, Republic of",2025,1,2025.0,2025-Q1,42024.581422887706,10.64600999803418
TUR,"Türkiye, Republic of",2025,2,2025.25,2025-Q2,41661.1674899998,10.637324738666166
TUR,"Türkiye, Republic of",2025,3,2025.5,2025-Q3,41510.54879526162,10.633702861756165
TUR,"Türkiye, Republic of",2025,4,2025.75,2025-Q4,42193.71561693429,10.65002656990457
TUR,"Türkiye, Republic of",2026,1,2026.0,2026-Q1,43828.76244030292,10.688045557565971
UGA,Uganda,2016,3,2016.5,2016-Q3,1890.8167456921497,7.544764155285697
UGA,Uganda,2016,4,2016.75,2016-Q4,2048.5708110404853,7.62489766365358
UGA,Uganda,2017,1,2017.0,2017-Q1,2049.953221471069,7.6255722530775
UGA,Uganda,2017,2,2017.25,2017-Q2,1969.909820211469,7.5857430441418545
UGA,Uganda,2017,3,2017.5,2017-Q3,2191.7797348935333,7.692469157112624
UGA,Uganda,2017,4,2017.75,2017-Q4,2128.7872011520176,7.6633077074094125
UGA,Uganda,2018,1,2018.0,2018-Q1,1961.897917188989,7.581667608796671
UGA,Uganda,2018,2,2018.25,2018-Q2,2259.6565191961527,7.722968098059227
UGA,Uganda,2018,3,2018.5,2018-Q3,2108.576268754555,7.653768244576318
UGA,Uganda,2018,4,2018.75,2018-Q4,2145.4595252624104,7.671109039309523
UGA,Uganda,2019,1,2019.0,2019-Q1,2352.817347281731,7.7633687602497226
UGA,Uganda,2019,2,2019.25,2019-Q2,2328.5865622647075,7.753016736850504
UKR,Ukraine,2010,1,2010.0,2010-Q1,4986.455215326442,8.514480558617683
UKR,Ukraine,2010,2,2010.25,2010-Q2,4999.698817850591,8.51713295317207
UKR,Ukraine,2010,3,2010.5,2010-Q3,4936.728513223688,8.504458146514656
UKR,Ukraine,2010,4,2010.75,2010-Q4,5246.27171844403,8.565272954442715
UKR,Ukraine,2011,1,2011.0,2011-Q1,5277.037665095526,8.571120170976467
UKR,Ukraine,2011,2,2011.25,2011-Q2,5228.86797205507,8.561950084692672
UKR,Ukraine,2011,3,2011.5,2011-Q3,5236.967776418219,8.563497941199305
UKR,Ukraine,2011,4,2011.75,2011-Q4,5464.752075825048,8.606074033767316
UKR,Ukraine,2012,1,2012.0,2012-Q1,5405.18993669935,8.59511487038083
UKR,Ukraine,2012,2,2012.25,2012-Q2,5294.317586372897,8.574389370857936
UKR,Ukraine,2012,3,2012.5,2012-Q3,5156.064673182297,8.54792890726635
UKR,Ukraine,2012,4,2012.75,2012-Q4,5373.940439399038,8.589316706010006
UKR,Ukraine,2013,1,2013.0,2013-Q1,5359.207124828683,8.586571318650684
UKR,Ukraine,2013,2,2013.25,2013-Q2,5248.396969588443,8.565677969834177
UKR,Ukraine,2013,3,2013.5,2013-Q3,5143.4783414398,8.545484849701872
UKR,Ukraine,2013,4,2013.75,2013-Q4,5469.995087904923,8.607032997409211
UKR,Ukraine,2014,1,2014.0,2014-Q1,5534.18086615872,8.618698842530316
UKR,Ukraine,2014,2,2014.25,2014-Q2,5573.166386557854,8.625718642956958
UKR,Ukraine,2014,3,2014.5,2014-Q3,5364.811147543349,8.587616453614546
UKR,Ukraine,2014,4,2014.75,2014-Q4,5243.957165096487,8.564831676485715
UKR,Ukraine,2015,1,2015.0,2015-Q1,5658.648337080189,8.640940332974504
UKR,Ukraine,2015,2,2015.25,2015-Q2,5508.487404033807,8.614045346135734
UKR,Ukraine,2015,3,2015.5,2015-Q3,5505.168126006671,8.613442589291093
UKR,Ukraine,2015,4,2015.75,2015-Q4,5524.462689824544,8.616941270946306
UKR,Ukraine,2016,1,2016.0,2016-Q1,5741.280178538272,8.655437492066557
UKR,Ukraine,2016,2,2016.25,2016-Q2,5650.097501657831,8.639428080922178
UKR,Ukraine,2016,3,2016.5,2016-Q3,5653.484144332821,8.640027296795939
UKR,Ukraine,2016,4,2016.75,2016-Q4,5875.369203840699,8.678524180244736
UKR,Ukraine,2017,1,2017.0,2017-Q1,5936.505778667037,8.688875986518502
UKR,Ukraine,2017,2,2017.25,2017-Q2,5811.847191408875,8.667653732432779
UKR,Ukraine,2017,3,2017.5,2017-Q3,5843.82034052725,8.673140029846223
UKR,Ukraine,2017,4,2017.75,2017-Q4,6044.710466070296,8.706938865470109
UKR,Ukraine,2018,1,2018.0,2018-Q1,6087.365196924592,8.713970622903291
UKR,Ukraine,2018,2,2018.25,2018-Q2,5939.862459826746,8.68944125717729
UKR,Ukraine,2018,3,2018.5,2018-Q3,5943.274717530587,8.690015559694663
UKR,Ukraine,2018,4,2018.75,2018-Q4,6185.644107856845,8.729986419720747
UKR,Ukraine,2019,1,2019.0,2019-Q1,6202.923272128938,8.732775955418772
UKR,Ukraine,2019,2,2019.25,2019-Q2,6106.07894774852,8.717040102747516
UKR,Ukraine,2019,3,2019.5,2019-Q3,6024.390695435616,8.703571623856655
UKR,Ukraine,2019,4,2019.75,2019-Q4,6134.971357361597,8.721760688407397
UKR,Ukraine,2020,1,2020.0,2020-Q1,6100.67392585234,8.7161545237069
UKR,Ukraine,2020,2,2020.25,2020-Q2,5907.951325157591,8.6840544048153
USA,United States,1970,1,1970.0,1970-Q1,66485.91934407958,11.104745465037265
USA,United States,1970,2,1970.25,1970-Q2,65610.18769385619,11.091486263085573
USA,United States,1970,3,1970.5,1970-Q3,65536.37077482246,11.090360546517926
USA,United States,1970,4,1970.75,1970-Q4,65413.83309275454,11.088489030258842
USA,United States,1971,1,1971.0,1971-Q1,68357.56658676456,11.132507539562067
USA,United States,1971,2,1971.25,1971-Q2,67403.4869469475,11.118452030680098
USA,United States,1971,3,1971.5,1971-Q3,66726.6516008195,11.108359726320373
USA,United States,1971,4,1971.75,1971-Q4,66884.20000872244,11.11071804496028
USA,United States,1972,1,1972.0,1972-Q1,68585.15252316651,11.135831354766074
USA,United States,1972,2,1972.25,1972-Q2,68434.15823421166,11.13362736834632
USA,United States,1972,3,1972.5,1972-Q3,67785.20595325179,11.124099248839652
USA,United States,1972,4,1972.75,1972-Q4,69077.44372414381,11.142983527003604
USA,United States,1973,1,1973.0,1973-Q1,71495.2327563447,11.177386051722802
USA,United States,1973,2,1973.25,1973-Q2,70256.23417747246,11.15990432599841
USA,United States,1973,3,1973.5,1973-Q3,68617.72141322817,11.136306109991516
USA,United States,1973,4,1973.75,1973-Q4,69146.61907921896,11.143984443333906
USA,United States,1974,1,1974.0,1974-Q1,69652.19379473667,11.151269476123787
USA,United States,1974,2,1974.25,1974-Q2,68462.00243323931,11.134034161338553
USA,United States,1974,3,1974.5,1974-Q3,66812.00296054079,11.10963802842135
USA,United States,1974,4,1974.75,1974-Q4,67504.82611655316,11.119954372327769
USA,United States,1975,1,1975.0,1975-Q1,69145.29669432524,11.1439653187902
USA,United States,1975,2,1975.25,1975-Q2,68359.36915270766,11.132533908876642
USA,United States,1975,3,1975.5,1975-Q3,68033.00194021486,11.127748189077515
USA,United States,1975,4,1975.75,1975-Q4,69298.78592197545,11.146182665861119
USA,United States,1976,1,1976.0,1976-Q1,71459.93639734955,11.176892241531519
USA,United States,1976,2,1976.25,1976-Q2,69908.27704544233,11.154939333878948
USA,United States,1976,3,1976.5,1976-Q3,69030.60712022331,11.14230526667874
USA,United States,1976,4,1976.75,1976-Q4,69812.4072611013,11.15356702741105
USA,United States,1977,1,1977.0,1977-Q1,71533.0477321526,11.17791482794188
USA,United States,1977,2,1977.25,1977-Q2,70571.50101588877,11.164381673655154
USA,United States,1977,3,1977.5,1977-Q3,70506.32217818256,11.16345766106596
USA,United States,1977,4,1977.75,1977-Q4,70138.66899405465,11.158229547096303
USA,United States,1978,1,1978.0,1978-Q1,71137.98495539877,11.172376720043633
USA,United States,1978,2,1978.25,1978-Q2,71606.75312392488,11.178944665874386
USA,United States,1978,3,1978.5,1978-Q3,71149.92059490563,11.172544487493562
USA,United States,1978,4,1978.75,1978-Q4,71922.62110269838,11.183346113179663
USA,United States,1979,1,1979.0,1979-Q1,72868.6563978067,11.196413872149433
USA,United States,1979,2,1979.25,1979-Q2,71629.04413304267,11.179255915013561
USA,United States,1979,3,1979.5,1979-Q3,70919.93372881379,11.169306825737818
USA,United States,1979,4,1979.75,1979-Q4,71211.71731133334,11.17341265283948
USA,United States,1980,1,1980.0,1980-Q1,72687.24040943317,11.193921137931282
USA,United States,1980,2,1980.25,1980-Q2,70648.33559173165,11.165469829331723
USA,United States,1980,3,1980.5,1980-Q3,69842.97655170913,11.15400480918876
USA,United States,1980,4,1980.75,1980-Q4,71329.40111005033,11.175063879190999
USA,United States,1981,1,1981.0,1981-Q1,73592.67460565752,11.206300769949111
USA,United States,1981,2,1981.25,1981-Q2,71426.64886754144,11.176426312132358
USA,United States,1981,3,1981.5,1981-Q3,71682.22241210546,11.179998051801347
USA,United States,1981,4,1981.75,1981-Q4,71856.9870806701,11.182433132160774
USA,United States,1982,1,1982.0,1982-Q1,72385.71671523547,11.189764275972232
USA,United States,1982,2,1982.25,1982-Q2,71441.26449645626,11.176630915512105
USA,United States,1982,3,1982.5,1982-Q3,70458.17332011103,11.162774526496879
USA,United States,1982,4,1982.75,1982-Q4,71542.05323683663,11.178040712944021
USA,United States,1983,1,1983.0,1983-Q1,73855.61964865922,11.209867380510037
USA,United States,1983,2,1983.25,1983-Q2,73605.25786318276,11.206471740523831
USA,United States,1983,3,1983.5,1983-Q3,72982.62351665855,11.19797665777756
USA,United States,1983,4,1983.75,1983-Q4,74584.87760728317,11.219693052603688
USA,United States,1984,1,1984.0,1984-Q1,76658.65552629292,11.247117800642124
USA,United States,1984,2,1984.25,1984-Q2,75626.11836568295,11.233556983530349
USA,United States,1984,3,1984.5,1984-Q3,75297.07147011976,11.229196521532618
USA,United States,1984,4,1984.75,1984-Q4,76251.81940220388,11.241796555197498
USA,United States,1985,1,1985.0,1985-Q1,77909.28147301552,11.263300370756584
USA,United States,1985,2,1985.25,1985-Q2,77107.97115918645,11.252961941486006
USA,United States,1985,3,1985.5,1985-Q3,77208.60357130734,11.254266175027498
USA,United States,1985,4,1985.75,1985-Q4,77920.56092148456,11.263445136974857
USA,United States,1986,1,1986.0,1986-Q1,79502.22498782327,11.283540287519005
USA,United States,1986,2,1986.25,1986-Q2,78198.3353050263,11.267003638647306
USA,United States,1986,3,1986.5,1986-Q3,77653.52367103133,11.260012206440113
USA,United States,1986,4,1986.75,1986-Q4,78394.36821531788,11.269507369770022
USA,United States,1987,1,1987.0,1987-Q1,79797.45781286136,11.287246925948768
USA,United States,1987,2,1987.25,1987-Q2,78709.32899030409,11.27351696601191
USA,United States,1987,3,1987.5,1987-Q3,78164.13723745354,11.266566218241222
USA,United States,1987,4,1987.75,1987-Q4,79697.6198152952,11.285995000032425
USA,United States,1988,1,1988.0,1988-Q1,81039.63685249808,11.302693657822916
USA,United States,1988,2,1988.25,1988-Q2,80467.12594895106,11.295604006694612
USA,United States,1988,3,1988.5,1988-Q3,79792.95942089568,11.287190551737273
USA,United States,1988,4,1988.75,1988-Q4,81026.67496352702,11.302533699977841
USA,United States,1989,1,1989.0,1989-Q1,82534.335820347,11.320969677500786
USA,United States,1989,2,1989.25,1989-Q2,81640.71651179047,11.310083393364819
USA,United States,1989,3,1989.5,1989-Q3,81330.07071833029,11.306271100683746
USA,United States,1989,4,1989.75,1989-Q4,81952.20733250736,11.313891518922196
USA,United States,1990,1,1990.0,1990-Q1,82871.72087042357,11.325049159530986
USA,United States,1990,2,1990.25,1990-Q2,82259.19715891404,11.317630481937542
USA,United States,1990,3,1990.5,1990-Q3,81885.64854034364,11.313079022988692
USA,United States,1990,4,1990.75,1990-Q4,82055.68752639141,11.315153411926854
USA,United States,1991,1,1991.0,1991-Q1,83437.82635606307,11.331857038952585
USA,United States,1991,2,1991.25,1991-Q2,82702.54853592651,11.323005697174523
USA,United States,1991,3,1991.5,1991-Q3,82530.97276448362,11.320928929315807
USA,United States,1991,4,1991.75,1991-Q4,83475.9878117122,11.332314298365224
USA,United States,1992,1,1992.0,1992-Q1,85659.43011204549,11.358134598240921
USA,United States,1992,2,1992.25,1992-Q2,84858.15161712308,11.348736336962684
USA,United States,1992,3,1992.5,1992-Q3,84815.3615380028,11.348231955586574
USA,United States,1992,4,1992.75,1992-Q4,86266.10482221052,11.365192040039469
USA,United States,1993,1,1993.0,1993-Q1,87464.59381859798,11.378989348382845
USA,United States,1993,2,1993.25,1993-Q2,86147.25319021635,11.363813357410814
USA,United States,1993,3,1993.5,1993-Q3,85483.45092975564,11.35607807981327
USA,United States,1993,4,1993.75,1993-Q4,86766.6633554966,11.370977764152771
USA,United States,1994,1,1994.0,1994-Q1,88417.72735982151,11.389827764265718
USA,United States,1994,2,1994.25,1994-Q2,87862.9260364294,11.383533220371872
USA,United States,1994,3,1994.5,1994-Q3,87191.5550177016,11.375862759079906
USA,United States,1994,4,1994.75,1994-Q4,87827.49651989214,11.383129902803367
USA,United States,1995,1,1995.0,1995-Q1,89302.48463978623,11.399784589991366
USA,United States,1995,2,1995.25,1995-Q2,88383.19284651114,11.389437104378775
USA,United States,1995,3,1995.5,1995-Q3,88409.91109572587,11.38973935880864
USA,United States,1995,4,1995.75,1995-Q4,89313.62831038875,11.399909367878791
USA,United States,1996,1,1996.0,1996-Q1,91058.4460157226,11.419256843244831
USA,United States,1996,2,1996.25,1996-Q2,90692.85459049077,11.415233852299654
USA,United States,1996,3,1996.5,1996-Q3,90422.28370423982,11.412246017156946
USA,United States,1996,4,1996.75,1996-Q4,91364.13393423836,11.422608272708503
USA,United States,1997,1,1997.0,1997-Q1,92687.9959066923,11.436994249174186
USA,United States,1997,2,1997.25,1997-Q2,92432.44931074574,11.434233378996183
USA,United States,1997,3,1997.5,1997-Q3,92717.16587629051,11.437308911069879
USA,United States,1997,4,1997.75,1997-Q4,93454.60552341527,11.44523109495895
USA,United States,1998,1,1998.0,1998-Q1,95461.85574241444,11.466482030371084
USA,United States,1998,2,1998.25,1998-Q2,94889.53360454916,11.460468689838738
USA,United States,1998,3,1998.5,1998-Q3,95512.02140005535,11.467007397081394
USA,United States,1998,4,1998.75,1998-Q4,96830.6767690209,11.480719131830568
USA,United States,1999,1,1999.0,1999-Q1,98347.77344120602,11.49626518442729
USA,United States,1999,2,1999.25,1999-Q2,97909.87845979068,11.491802727001117
USA,United States,1999,3,1999.5,1999-Q3,98650.87640036434,11.499342395348089
USA,United States,1999,4,1999.75,1999-Q4,100025.7464595991,11.513182896427898
USA,United States,2000,1,2000.0,2000-Q1,99683.3351561342,11.509753792090507
USA,United States,2000,2,2000.25,2000-Q2,100248.4910244916,11.515407292930758
USA,United States,2000,3,2000.5,2000-Q3,100267.71164051948,11.515599004282075
USA,United States,2000,4,2000.75,2000-Q4,100628.73124061058,11.519193094685425
USA,United States,2001,1,2001.0,2001-Q1,101014.91367803371,11.523023445101257
USA,United States,2001,2,2001.25,2001-Q2,101160.20148927072,11.524460692569885
USA,United States,2001,3,2001.5,2001-Q3,100753.96445864474,11.520436828500216
USA,United States,2001,4,2001.75,2001-Q4,101612.95283669556,11.528926294550697
USA,United States,2002,1,2002.0,2002-Q1,103561.90122861545,11.547924792412823
USA,United States,2002,2,2002.25,2002-Q2,103060.8147114938,11.543074527066318
USA,United States,2002,3,2002.5,2002-Q3,102846.00746164756,11.540988075286766
USA,United States,2002,4,2002.75,2002-Q4,103307.27575133403,11.5454630858446
USA,United States,2003,1,2003.0,2003-Q1,104285.51806867038,11.554887782534193
USA,United States,2003,2,2003.25,2003-Q2,104105.68385777216,11.553161853091135
USA,United States,2003,3,2003.5,2003-Q3,105604.33265952984,11.567454678385454
USA,United States,2003,4,2003.75,2003-Q4,106443.68581110195,11.575371352555804
USA,United States,2004,1,2004.0,2004-Q1,108053.99981916865,11.59038637947448
USA,United States,2004,2,2004.25,2004-Q2,107546.41750780592,11.585677824125334
USA,United States,2004,3,2004.5,2004-Q3,107685.03271565854,11.58696588148752
USA,United States,2004,4,2004.75,2004-Q4,108592.66175892515,11.595359112918315
USA,United States,2005,1,2005.0,2005-Q1,110787.7409566982,11.615371405989098
USA,United States,2005,2,2005.25,2005-Q2,109382.91902568606,11.602610023559539
USA,United States,2005,3,2005.5,2005-Q3,109207.77174178568,11.601007509557064
USA,United States,2005,4,2005.75,2005-Q4,109757.59366382712,11.60602951910265
USA,United States,2006,1,2006.0,2006-Q1,112011.45888826175,11.626356456546104
USA,United States,2006,2,2006.25,2006-Q2,110636.51207392848,11.614005440841071
USA,United States,2006,3,2006.5,2006-Q3,109955.1614614868,11.60782793859629
USA,United States,2006,4,2006.75,2006-Q4,110337.26892211626,11.6112970350439
USA,United States,2007,1,2007.0,2007-Q1,111725.35964239678,11.623798992793086
USA,United States,2007,2,2007.25,2007-Q2,111372.01141068563,11.620631330838993
USA,United States,2007,3,2007.5,2007-Q3,111491.95941543524,11.621707754416
USA,United States,2007,4,2007.75,2007-Q4,112185.65204593746,11.627910385515142
USA,United States,2008,1,2008.0,2008-Q1,113232.19293877132,11.637195794238547
USA,United States,2008,2,2008.25,2008-Q2,112807.09166295917,11.633434485422375
USA,United States,2008,3,2008.5,2008-Q3,112319.7845772452,11.629105301320166
USA,United States,2008,4,2008.75,2008-Q4,111022.9952101568,11.617492622894428
USA,United States,2009,1,2009.0,2009-Q1,113190.46035347915,11.636827168704325
USA,United States,2009,2,2009.25,2009-Q2,112613.20040152504,11.631714220512116
USA,United States,2009,3,2009.5,2009-Q3,113430.11165428588,11.638942169897891
USA,United States,2009,4,2009.75,2009-Q4,115767.81294966578,11.659341851682173
USA,United States,2010,1,2010.0,2010-Q1,117508.28446165317,11.674264116137538
USA,United States,2010,2,2010.25,2010-Q2,116750.38834539118,11.667793501824466
USA,United States,2010,3,2010.5,2010-Q3,117346.44086717126,11.67288587160893
USA,United States,2010,4,2010.75,2010-Q4,118369.7480558604,11.681568462499788
USA,United States,2011,1,2011.0,2011-Q1,119134.12579143708,11.688005244875965
USA,United States,2011,2,2011.25,2011-Q2,118464.48902713992,11.682368523990052
USA,United States,2011,3,2011.5,2011-Q3,118043.81270625853,11.678811128656031
USA,United States,2011,4,2011.75,2011-Q4,118941.32154807835,11.686385554247103
USA,United States,2012,1,2012.0,2012-Q1,120136.8204704113,11.696386542850108
USA,United States,2012,2,2012.25,2012-Q2,119014.0816419325,11.686997098218338
USA,United States,2012,3,2012.5,2012-Q3,118881.30450831122,11.685880833211629
USA,United States,2012,4,2012.75,2012-Q4,118568.45316521448,11.683245736615266
USA,United States,2013,1,2013.0,2013-Q1,120891.50938639452,11.702648805736379
USA,United States,2013,2,2013.25,2013-Q2,119407.09170597645,11.69029387269927
USA,United States,2013,3,2013.5,2013-Q3,120070.08429192804,11.695830887047737
USA,United States,2013,4,2013.75,2013-Q4,121376.74234949086,11.706654560584235
USA,United States,2014,1,2014.0,2014-Q1,121123.50607995452,11.70456601541178
USA,United States,2014,2,2014.25,2014-Q2,120867.70074936912,11.702451844163837
USA,United States,2014,3,2014.5,2014-Q3,121896.84785151726,11.710930456656907
USA,United States,2014,4,2014.75,2014-Q4,121976.8390841773,11.711586462120504
USA,United States,2015,1,2015.0,2015-Q1,123489.91368582076,11.723914761154791
USA,United States,2015,2,2015.25,2015-Q2,122512.40158724556,11.715967541289658
USA,United States,2015,3,2015.5,2015-Q3,122907.21223070109,11.719184977564614
USA,United States,2015,4,2015.75,2015-Q4,122789.71378434272,11.718228527215631
USA,United States,2016,1,2016.0,2016-Q1,123322.79918079068,11.722560580256838
USA,United States,2016,2,2016.25,2016-Q2,122406.3660106867,11.715101657599126
USA,United States,2016,3,2016.5,2016-Q3,122853.33168662417,11.718746497537827
USA,United States,2016,4,2016.75,2016-Q4,123453.12143780754,11.723616779490582
USA,United States,2017,1,2017.0,2017-Q1,124536.82300586037,11.732356718271772
USA,United States,2017,2,2017.25,2017-Q2,123601.52987672416,11.724818201572525
USA,United States,2017,3,2017.5,2017-Q3,124095.53313481213,11.728806976466025
USA,United States,2017,4,2017.75,2017-Q4,125639.5572325404,11.741172429550069
USA,United States,2018,1,2018.0,2018-Q1,126627.7104237847,11.749006646445569
USA,United States,2018,2,2018.25,2018-Q2,125750.37405521028,11.742054062551679
USA,United States,2018,3,2018.5,2018-Q3,126288.51822192284,11.746324395432755
USA,United States,2018,4,2018.75,2018-Q4,126006.7468468764,11.744090730903839
USA,United States,2019,1,2019.0,2019-Q1,127573.18177769693,11.756445453647164
USA,United States,2019,2,2019.25,2019-Q2,127515.6696923954,11.755994535577287
USA,United States,2019,3,2019.5,2019-Q3,128195.15757728492,11.761309050347238
USA,United States,2019,4,2019.75,2019-Q4,128572.04510202968,11.764244688477646
USA,United States,2020,1,2020.0,2020-Q1,128589.63612714635,11.764381497547022
USA,United States,2020,2,2020.25,2020-Q2,134666.4195868037,11.810556033522037
USA,United States,2020,3,2020.5,2020-Q3,136563.148884523,11.824542415817906
USA,United States,2020,4,2020.75,2020-Q4,134817.40056181076,11.811676553416113
USA,United States,2021,1,2021.0,2021-Q1,137263.8149150718,11.82966000942531
USA,United States,2021,2,2021.25,2021-Q2,137507.40940635718,11.83143308122862
USA,United States,2021,3,2021.5,2021-Q3,136947.4490779831,11.827352547850955
USA,United States,2021,4,2021.75,2021-Q4,137612.55249886226,11.832197424876359
USA,United States,2022,1,2022.0,2022-Q1,136045.46767916222,11.82074443001563
USA,United States,2022,2,2022.25,2022-Q2,134936.27777944875,11.812557929537208
USA,United States,2022,3,2022.5,2022-Q3,135481.12306653062,11.816587596434777
USA,United States,2022,4,2022.75,2022-Q4,136421.7681744392,11.823506602379949
USA,United States,2023,1,2023.0,2023-Q1,136726.76117794315,11.825739769301828
USA,United States,2023,2,2023.25,2023-Q2,136307.4767114589,11.822668470996433
USA,United States,2023,3,2023.5,2023-Q3,137470.225800048,11.831162633004656
USA,United States,2023,4,2023.75,2023-Q4,138773.036357844,11.840595045631872
USA,United States,2024,1,2024.0,2024-Q1,140005.6496867069,11.849438055682253
USA,United States,2024,2,2024.25,2024-Q2,140259.4874164434,11.851249467560079
USA,United States,2024,3,2024.5,2024-Q3,141204.4623335719,11.857964206470896
USA,United States,2024,4,2024.75,2024-Q4,142071.32743003083,11.864084516315334
USA,United States,2025,1,2025.0,2025-Q1,140790.68442203628,11.855029558741982
USA,United States,2025,2,2025.25,2025-Q2,141240.38675696118,11.858218588334815
USA,United States,2025,3,2025.5,2025-Q3,142868.91574260002,11.869682815711627
USA,United States,2025,4,2025.75,2025-Q4,142837.28396969527,11.869461387033734
USA,United States,2026,1,2026.0,2026-Q1,145079.9970963253,11.885040573382538
USA,United States,2026,2,2026.25,2026-Q2,145074.89447392046,11.885005401668716
ZAF,South Africa,2000,1,2000.0,2000-Q1,21467.24764651457,9.974283687336733
ZAF,South Africa,2000,3,2000.5,2000-Q3,21135.33721853226,9.95870166832817
ZAF,South Africa,2001,1,2001.0,2001-Q1,20567.407898542268,9.931462961023689
ZAF,South Africa,2001,3,2001.5,2001-Q3,22583.553507880508,10.024977199452755
ZAF,South Africa,2002,1,2002.0,2002-Q1,23163.77186370964,10.050344779553857
ZAF,South Africa,2002,3,2002.5,2002-Q3,23636.748861267155,10.07055793504317
ZAF,South Africa,2003,1,2003.0,2003-Q1,23906.912108852957,10.081922905682012
ZAF,South Africa,2003,3,2003.5,2003-Q3,23837.348756333333,10.079008905109662
ZAF,South Africa,2004,1,2004.0,2004-Q1,24183.45291633205,10.093423914483772
ZAF,South Africa,2004,3,2004.5,2004-Q3,24591.23399361182,10.11014531669256
ZAF,South Africa,2005,1,2005.0,2005-Q1,24655.3390512701,10.112748750389674
ZAF,South Africa,2005,3,2005.5,2005-Q3,24219.177385893145,10.094900052281448
ZAF,South Africa,2006,1,2006.0,2006-Q1,25144.568764549756,10.132397198510693
ZAF,South Africa,2006,3,2006.5,2006-Q3,24824.098456817963,10.11957017231508
ZAF,South Africa,2007,1,2007.0,2007-Q1,25643.887274431683,10.152060509310234
ZAF,South Africa,2007,3,2007.5,2007-Q3,24874.838943540097,10.12161208737428
ZAF,South Africa,2008,1,2008.0,2008-Q1,20820.866173646107,9.943710944264488
ZAF,South Africa,2008,2,2008.25,2008-Q2,20872.500512261784,9.946187806610581
ZAF,South Africa,2008,3,2008.5,2008-Q3,21001.273208729224,9.952338343854803
ZAF,South Africa,2008,4,2008.75,2008-Q4,20574.74840702053,9.931819797379159
ZAF,South Africa,2009,1,2009.0,2009-Q1,20475.261414694305,9.926972676146203
ZAF,South Africa,2009,2,2009.25,2009-Q2,20776.94498639536,9.941599236828573
ZAF,South Africa,2009,3,2009.5,2009-Q3,21612.583693984623,9.981031002464539
ZAF,South Africa,2009,4,2009.75,2009-Q4,21519.52876370577,9.976716116438649
ZAF,South Africa,2010,1,2010.0,2010-Q1,22045.03965068269,10.000842896415174
ZAF,South Africa,2010,2,2010.25,2010-Q2,22186.52886216258,10.007240575667183
ZAF,South Africa,2010,3,2010.5,2010-Q3,22638.056918293096,10.027387703470197
ZAF,South Africa,2010,4,2010.75,2010-Q4,22486.264537029107,10.020659936761945
ZAF,South Africa,2011,1,2011.0,2011-Q1,22726.252559229088,10.031276035644623
ZAF,South Africa,2011,2,2011.25,2011-Q2,22824.02320441889,10.035568909560313
ZAF,South Africa,2011,3,2011.5,2011-Q3,22588.293249873,10.025187053259943
ZAF,South Africa,2011,4,2011.75,2011-Q4,22397.831784695176,10.016719437832053
ZAF,South Africa,2012,1,2012.0,2012-Q1,22640.50406489788,10.027495796419885
ZAF,South Africa,2012,2,2012.25,2012-Q2,22733.61198655828,10.03159981256156
ZAF,South Africa,2012,3,2012.5,2012-Q3,22452.569542599344,10.01916034286129
ZAF,South Africa,2012,4,2012.75,2012-Q4,22624.71326057264,10.026798094921967
ZAF,South Africa,2013,1,2013.0,2013-Q1,22725.284082979677,10.03123341986874
ZAF,South Africa,2013,2,2013.25,2013-Q2,22680.531689710777,10.029262200675843
ZAF,South Africa,2013,3,2013.5,2013-Q3,22231.45713282985,10.009263552845594
ZAF,South Africa,2013,4,2013.75,2013-Q4,22141.461751527717,10.005207227187432
ZAF,South Africa,2014,1,2014.0,2014-Q1,22301.32172694985,10.012401225958607
ZAF,South Africa,2014,2,2014.25,2014-Q2,22350.386087753493,10.014598874512354
ZAF,South Africa,2014,3,2014.5,2014-Q3,22403.133068892435,10.016956097209338
ZAF,South Africa,2014,4,2014.75,2014-Q4,22250.694285787504,10.010128490963174
ZAF,South Africa,2015,1,2015.0,2015-Q1,22207.469723765083,10.008183985309147
ZAF,South Africa,2015,2,2015.25,2015-Q2,21756.552725347185,9.98767026587132
ZAF,South Africa,2015,3,2015.5,2015-Q3,21586.770303327365,9.979835920069041
ZAF,South Africa,2015,4,2015.75,2015-Q4,21474.04807735672,9.974600418855164
ZAF,South Africa,2016,1,2016.0,2016-Q1,21987.49520793186,9.998229171100679
ZAF,South Africa,2016,2,2016.25,2016-Q2,22175.364355829908,10.006737237970862
ZAF,South Africa,2016,3,2016.5,2016-Q3,21763.66746140672,9.98799722819331
ZAF,South Africa,2016,4,2016.75,2016-Q4,21461.13996862833,9.973999135399577
ZAF,South Africa,2017,1,2017.0,2017-Q1,21360.509466019616,9.969299144195103
ZAF,South Africa,2017,2,2017.25,2017-Q2,21663.169583568277,9.983368843347353
ZAF,South Africa,2017,3,2017.5,2017-Q3,21558.842783056243,9.978541349327143
ZAF,South Africa,2017,4,2017.75,2017-Q4,21654.084354938503,9.982949369445526
ZAF,South Africa,2018,1,2018.0,2018-Q1,21505.1519008321,9.976047808705195
ZAF,South Africa,2018,2,2018.25,2018-Q2,21549.923539583368,9.978127547478424
ZAF,South Africa,2018,3,2018.5,2018-Q3,21681.23646681876,9.984202486529627
ZAF,South Africa,2018,4,2018.75,2018-Q4,21555.073738384963,9.978366508116462
ZAF,South Africa,2019,1,2019.0,2019-Q1,21672.662367530083,9.983806946583694
ZAF,South Africa,2019,2,2019.25,2019-Q2,21741.216021187967,9.986965093848168
ZAF,South Africa,2019,3,2019.5,2019-Q3,21687.462839706,9.984489623244796
ZAF,South Africa,2019,4,2019.75,2019-Q4,21617.29417428173,9.981248929534798
ZAF,South Africa,2020,1,2020.0,2020-Q1,21666.03867353453,9.983501275491205
ZAF,South Africa,2020,2,2020.25,2020-Q2,20858.080364838934,9.945496699624112
ZAF,South Africa,2020,3,2020.5,2020-Q3,22860.317505338506,10.037157826374768
ZAF,South Africa,2020,4,2020.75,2020-Q4,22995.401273457792,10.043049530287425
ZAF,South Africa,2021,1,2021.0,2021-Q1,23162.3957087762,10.050285367994215
ZAF,South Africa,2021,2,2021.25,2021-Q2,23539.52765000848,10.066436314767937
ZAF,South Africa,2021,3,2021.5,2021-Q3,24186.05792102517,10.093531627158576
ZAF,South Africa,2021,4,2021.75,2021-Q4,24138.220285040064,10.091551767204644
ZAF,South Africa,2022,1,2022.0,2022-Q1,23946.07992946757,10.083559912175986
ZAF,South Africa,2022,2,2022.25,2022-Q2,22674.999262950656,10.029018242478404
ZAF,South Africa,2022,3,2022.5,2022-Q3,22853.58942279734,10.036863470322448
ZAF,South Africa,2022,4,2022.75,2022-Q4,22283.469434192422,10.011600401585694
ZAF,South Africa,2023,1,2023.0,2023-Q1,22045.30417188926,10.0008548954691
ZAF,South Africa,2023,2,2023.25,2023-Q2,22013.828079295043,9.999426083945094
ZAF,South Africa,2023,3,2023.5,2023-Q3,21392.41015770948,9.970791472573655
ZAF,South Africa,2023,4,2023.75,2023-Q4,21473.31183673124,9.974566133132967
ZAF,South Africa,2024,1,2024.0,2024-Q1,21470.38609147575,9.974429873546525
ZAF,South Africa,2024,2,2024.25,2024-Q2,21647.511004092663,9.982645761652703
ZAF,South Africa,2024,3,2024.5,2024-Q3,21181.92802368421,9.960903645403516
ZAF,South Africa,2024,4,2024.75,2024-Q4,21090.97621664785,9.956600560530902
ZAF,South Africa,2025,1,2025.0,2025-Q1,21491.67911212209,9.97542112116411
ZAF,South Africa,2025,2,2025.25,2025-Q2,21663.3186093336,9.98337572254627
ZMB,Zambia,2017,1,2017.0,2017-Q1,3921.066569712416,8.27411897988665
ZMB,Zambia,2017,2,2017.25,2017-Q2,4168.35844287235,8.335277578505279
ZMB,Zambia,2017,3,2017.5,2017-Q3,4714.028287843909,8.458298084293496
ZMB,Zambia,2017,4,2017.75,2017-Q4,4046.9921280974754,8.305729199753507
ZMB,Zambia,2021,1,2021.0,2021-Q1,3850.082439819235,8.255849839992637
ZMB,Zambia,2021,2,2021.25,2021-Q2,4121.129158018918,8.32388247227426
ZMB,Zambia,2021,3,2021.5,2021-Q3,4918.494010605204,8.500757667224146
ZMB,Zambia,2021,4,2021.75,2021-Q4,4463.845353400602,8.403765860405642
ZMB,Zambia,2022,1,2022.0,2022-Q1,4175.466386862219,8.336981340473999
ZMB,Zambia,2022,2,2022.25,2022-Q2,5067.974825575123,8.530696574099396
ZMB,Zambia,2022,3,2022.5,2022-Q3,4814.493712095655,8.479386170644727
ZMB,Zambia,2022,4,2022.75,2022-Q4,4090.360149651609,8.31638830130967
ZMB,Zambia,2023,1,2023.0,2023-Q1,3646.095591248968,8.20141217301038
ZMB,Zambia,2023,2,2023.25,2023-Q2,4560.429107124966,8.42517200052076
ZMB,Zambia,2023,3,2023.5,2023-Q3,4561.216547848021,8.425344653735936
ZMB,Zambia,2023,4,2023.75,2023-Q4,3704.605650962376,8.217332095078156
ZMB,Zambia,2024,1,2024.0,2024-Q1,3744.848692389191,8.22813649256881
ZMB,Zambia,2024,2,2024.25,2024-Q2,4327.282829516541,8.372695101970558
ZMB,Zambia,2024,3,2024.5,2024-Q3,4298.051164701385,8.36591698143625
ZMB,Zambia,2024,4,2024.75,2024-Q4,3921.994282807994,8.274355549031617
